phase_id,model_id,source_experiment_id,trade_id,internal_game_id,ticker,slice,state_sequence_number,timestamp,period,game_clock,core_state,negative_streak_length,CI_state,support_state,EV,CI_lower,CI_upper,EV_entry,EV_change_from_entry,previous_EV,EV_change_from_previous,EV_velocity,EV_acceleration,current_price,price_travel,score,score_diff,score_travel,score_diff_travel,time_since_entry,game_time_remaining,ESS,effective_neighbors,mean_distance,median_distance,feature_coverage,availability_status
AUSTIN_DRE_PHASE_3,AUSTIN_DOWNFALL_STATE_MODEL_V1,NCAAB_H1_2_AUSTIN_TRANSFER_V1,c88c2bee495dd825,NCAAB_20251109_TXAM_OKST,KXNCAAMBGAME-25NOV09TXAMOKST-OKST,H1_2,0,2025-11-09T19:05:04+00:00,1,240,UNRESOLVED,0,CI_UNAVAILABLE,SUPPORT_UNAVAILABLE,UNAVAILABLE,UNAVAILABLE,UNAVAILABLE,UNAVAILABLE,UNAVAILABLE,UNAVAILABLE,UNAVAILABLE,UNAVAILABLE,UNAVAILABLE,41,UNAVAILABLE,0-0,0,UNAVAILABLE,UNAVAILABLE,UNAVAILABLE,1440,UNAVAILABLE,UNAVAILABLE,UNAVAILABLE,UNAVAILABLE,0.30434782608695654,NOT_APPLICABLE
AUSTIN_DRE_PHASE_3,AUSTIN_DOWNFALL_STATE_MODEL_V1,NCAAB_H1_2_AUSTIN_TRANSFER_V1,c88c2bee495dd825,NCAAB_20251109_TXAM_OKST,KXNCAAMBGAME-25NOV09TXAMOKST-OKST,H1_2,1,2025-11-09T19:05:04+00:00,1,120,UNRESOLVED,0,CI_UNAVAILABLE,SUPPORT_UNAVAILABLE,UNAVAILABLE,UNAVAILABLE,UNAVAILABLE,UNAVAILABLE,UNAVAILABLE,UNAVAILABLE,UNAVAILABLE,UNAVAILABLE,UNAVAILABLE,41,UNAVAILABLE,0-0,0,UNAVAILABLE,UNAVAILABLE,UNAVAILABLE,1320,UNAVAILABLE,UNAVAILABLE,UNAVAILABLE,UNAVAILABLE,0.30434782608695654,NOT_APPLICABLE
AUSTIN_DRE_PHASE_3,AUSTIN_DOWNFALL_STATE_MODEL_V1,NCAAB_H1_2_AUSTIN_TRANSFER_V1,c88c2bee495dd825,NCAAB_20251109_TXAM_OKST,KXNCAAMBGAME-25NOV09TXAMOKST-OKST,H1_2,2,2025-11-09T20:02:59+00:00,1,0,HEALTHY,0,CI_POSITIVE,NORMAL_SUPPORT,20.0,20.0,20.0,20.0,0.0,UNAVAILABLE,UNAVAILABLE,UNAVAILABLE,UNAVAILABLE,89,9.0,43-29,14,UNAVAILABLE,UNAVAILABLE,287.0,1200,24.989972829414757,25.0,0.6093807879496868,0.6039046751198378,0.9710144927536232,VALUE
AUSTIN_DRE_PHASE_3,AUSTIN_DOWNFALL_STATE_MODEL_V1,NCAAB_H1_2_AUSTIN_TRANSFER_V1,c88c2bee495dd825,NCAAB_20251109_TXAM_OKST,KXNCAAMBGAME-25NOV09TXAMOKST-OKST,H1_2,3,2025-11-09T20:19:10+00:00,2,1200,HEALTHY,0,CI_CROSSES_ZERO,NORMAL_SUPPORT,12.095169096279546,0.0,20.0,20.0,-7.904830903720454,20.0,-7.904830903720454,UNAVAILABLE,UNAVAILABLE,83,3.0,43-29,14,UNAVAILABLE,UNAVAILABLE,287.0,1200,24.973968148024433,25.0,1.229134795821796,1.2276770592110504,0.9710144927536232,VALUE
AUSTIN_DRE_PHASE_3,AUSTIN_DOWNFALL_STATE_MODEL_V1,NCAAB_H1_2_AUSTIN_TRANSFER_V1,c88c2bee495dd825,NCAAB_20251109_TXAM_OKST,KXNCAAMBGAME-25NOV09TXAMOKST-OKST,H1_2,4,2025-11-09T20:19:10+00:00,2,1080,HEALTHY,0,CI_CROSSES_ZERO,NORMAL_SUPPORT,12.095169096279546,0.0,20.0,20.0,-7.904830903720454,12.095169096279546,0.0,0.0,UNAVAILABLE,83,3.0,43-29,14,UNAVAILABLE,UNAVAILABLE,287.0,1080,24.973968148024433,25.0,1.229134795821796,1.2276770592110504,0.9710144927536232,VALUE
AUSTIN_DRE_PHASE_3,AUSTIN_DOWNFALL_STATE_MODEL_V1,NCAAB_H1_2_AUSTIN_TRANSFER_V1,c88c2bee495dd825,NCAAB_20251109_TXAM_OKST,KXNCAAMBGAME-25NOV09TXAMOKST-OKST,H1_2,5,2025-11-09T20:19:10+00:00,2,960,HEALTHY,0,CI_CROSSES_ZERO,NORMAL_SUPPORT,12.095169096279546,0.0,20.0,20.0,-7.904830903720454,12.095169096279546,0.0,0.0,0.0,83,3.0,43-29,14,UNAVAILABLE,UNAVAILABLE,287.0,960,24.973968148024433,25.0,1.229134795821796,1.2276770592110504,0.9710144927536232,VALUE
AUSTIN_DRE_PHASE_3,AUSTIN_DOWNFALL_STATE_MODEL_V1,NCAAB_H1_2_AUSTIN_TRANSFER_V1,c88c2bee495dd825,NCAAB_20251109_TXAM_OKST,KXNCAAMBGAME-25NOV09TXAMOKST-OKST,H1_2,6,2025-11-09T20:19:10+00:00,2,840,HEALTHY,0,CI_CROSSES_ZERO,NORMAL_SUPPORT,12.095169096279546,0.0,20.0,20.0,-7.904830903720454,12.095169096279546,0.0,0.0,0.0,83,3.0,43-29,14,UNAVAILABLE,UNAVAILABLE,287.0,840,24.973968148024433,25.0,1.229134795821796,1.2276770592110504,0.9710144927536232,VALUE
AUSTIN_DRE_PHASE_3,AUSTIN_DOWNFALL_STATE_MODEL_V1,NCAAB_H1_2_AUSTIN_TRANSFER_V1,c88c2bee495dd825,NCAAB_20251109_TXAM_OKST,KXNCAAMBGAME-25NOV09TXAMOKST-OKST,H1_2,7,2025-11-09T20:19:10+00:00,2,720,HEALTHY,0,CI_CROSSES_ZERO,NORMAL_SUPPORT,12.095169096279546,0.0,20.0,20.0,-7.904830903720454,12.095169096279546,0.0,0.0,0.0,83,3.0,43-29,14,UNAVAILABLE,UNAVAILABLE,287.0,720,24.973968148024433,25.0,1.229134795821796,1.2276770592110504,0.9710144927536232,VALUE
AUSTIN_DRE_PHASE_3,AUSTIN_DOWNFALL_STATE_MODEL_V1,NCAAB_H1_2_AUSTIN_TRANSFER_V1,c88c2bee495dd825,NCAAB_20251109_TXAM_OKST,KXNCAAMBGAME-25NOV09TXAMOKST-OKST,H1_2,8,2025-11-09T20:19:10+00:00,2,600,HEALTHY,0,CI_CROSSES_ZERO,NORMAL_SUPPORT,12.095169096279546,0.0,20.0,20.0,-7.904830903720454,12.095169096279546,0.0,0.0,0.0,83,3.0,43-29,14,UNAVAILABLE,UNAVAILABLE,287.0,600,24.973968148024433,25.0,1.229134795821796,1.2276770592110504,0.9710144927536232,VALUE
AUSTIN_DRE_PHASE_3,AUSTIN_DOWNFALL_STATE_MODEL_V1,NCAAB_H1_2_AUSTIN_TRANSFER_V1,c88c2bee495dd825,NCAAB_20251109_TXAM_OKST,KXNCAAMBGAME-25NOV09TXAMOKST-OKST,H1_2,9,2025-11-09T20:19:10+00:00,2,480,HEALTHY,0,CI_CROSSES_ZERO,NORMAL_SUPPORT,12.095169096279546,0.0,20.0,20.0,-7.904830903720454,12.095169096279546,0.0,0.0,0.0,83,3.0,43-29,14,UNAVAILABLE,UNAVAILABLE,287.0,480,24.973968148024433,25.0,1.229134795821796,1.2276770592110504,0.9710144927536232,VALUE
AUSTIN_DRE_PHASE_3,AUSTIN_DOWNFALL_STATE_MODEL_V1,NCAAB_H1_2_AUSTIN_TRANSFER_V1,c88c2bee495dd825,NCAAB_20251109_TXAM_OKST,KXNCAAMBGAME-25NOV09TXAMOKST-OKST,H1_2,10,2025-11-09T20:19:10+00:00,2,360,HEALTHY,0,CI_CROSSES_ZERO,NORMAL_SUPPORT,12.095169096279546,0.0,20.0,20.0,-7.904830903720454,12.095169096279546,0.0,0.0,0.0,83,3.0,43-29,14,UNAVAILABLE,UNAVAILABLE,287.0,360,24.973968148024433,25.0,1.229134795821796,1.2276770592110504,0.9710144927536232,VALUE
AUSTIN_DRE_PHASE_3,AUSTIN_DOWNFALL_STATE_MODEL_V1,NCAAB_H1_2_AUSTIN_TRANSFER_V1,c88c2bee495dd825,NCAAB_20251109_TXAM_OKST,KXNCAAMBGAME-25NOV09TXAMOKST-OKST,H1_2,11,2025-11-09T20:19:10+00:00,2,240,HEALTHY,0,CI_CROSSES_ZERO,NORMAL_SUPPORT,12.095169096279546,0.0,20.0,20.0,-7.904830903720454,12.095169096279546,0.0,0.0,0.0,83,3.0,43-29,14,UNAVAILABLE,UNAVAILABLE,287.0,240,24.973968148024433,25.0,1.229134795821796,1.2276770592110504,0.9710144927536232,VALUE
AUSTIN_DRE_PHASE_3,AUSTIN_DOWNFALL_STATE_MODEL_V1,NCAAB_H1_2_AUSTIN_TRANSFER_V1,c88c2bee495dd825,NCAAB_20251109_TXAM_OKST,KXNCAAMBGAME-25NOV09TXAMOKST-OKST,H1_2,12,2025-11-09T21:20:23+00:00,2,120,HEALTHY,0,CI_POSITIVE,NORMAL_SUPPORT,20.0,20.0,20.0,20.0,0.0,12.095169096279546,7.904830903720454,3.952415451860227,1.9762077259301134,99,19.0,82-59,23,UNAVAILABLE,UNAVAILABLE,1367.0,120,21.897143347768107,25.0,0.4179862005366868,0.4939258732580408,1.0,VALUE
AUSTIN_DRE_PHASE_3,AUSTIN_DOWNFALL_STATE_MODEL_V1,NCAAB_H1_2_AUSTIN_TRANSFER_V1,c88c2bee495dd825,NCAAB_20251109_TXAM_OKST,KXNCAAMBGAME-25NOV09TXAMOKST-OKST,H1_2,13,2025-11-09T21:24:01+00:00,2,0,HEALTHY,0,CI_POSITIVE,NORMAL_SUPPORT,20.0,20.0,20.0,20.0,0.0,20.0,0.0,0.0,-1.9762077259301134,99,19.0,87-63,24,UNAVAILABLE,UNAVAILABLE,1487.0,0,24.363916346239463,25.0,0.7098910691265721,0.7193386874836143,1.0,VALUE
AUSTIN_DRE_PHASE_3,AUSTIN_DOWNFALL_STATE_MODEL_V1,NCAAB_H1_2_AUSTIN_TRANSFER_V1,7b152b354b3fa7c6,NCAAB_20251109_WASH_BAY,KXNCAAMBGAME-25NOV09WASHBAY-BAY,H1_2,0,2025-11-10T01:32:06+00:00,1,360,UNRESOLVED,0,CI_UNAVAILABLE,SUPPORT_UNAVAILABLE,UNAVAILABLE,UNAVAILABLE,UNAVAILABLE,UNAVAILABLE,UNAVAILABLE,UNAVAILABLE,UNAVAILABLE,UNAVAILABLE,UNAVAILABLE,70,UNAVAILABLE,0-0,0,UNAVAILABLE,UNAVAILABLE,UNAVAILABLE,1560,UNAVAILABLE,UNAVAILABLE,UNAVAILABLE,UNAVAILABLE,0.30434782608695654,NOT_APPLICABLE
AUSTIN_DRE_PHASE_3,AUSTIN_DOWNFALL_STATE_MODEL_V1,NCAAB_H1_2_AUSTIN_TRANSFER_V1,7b152b354b3fa7c6,NCAAB_20251109_WASH_BAY,KXNCAAMBGAME-25NOV09WASHBAY-BAY,H1_2,1,2025-11-10T01:32:06+00:00,1,240,UNRESOLVED,0,CI_UNAVAILABLE,SUPPORT_UNAVAILABLE,UNAVAILABLE,UNAVAILABLE,UNAVAILABLE,UNAVAILABLE,UNAVAILABLE,UNAVAILABLE,UNAVAILABLE,UNAVAILABLE,UNAVAILABLE,70,UNAVAILABLE,0-0,0,UNAVAILABLE,UNAVAILABLE,UNAVAILABLE,1440,UNAVAILABLE,UNAVAILABLE,UNAVAILABLE,UNAVAILABLE,0.30434782608695654,NOT_APPLICABLE
AUSTIN_DRE_PHASE_3,AUSTIN_DOWNFALL_STATE_MODEL_V1,NCAAB_H1_2_AUSTIN_TRANSFER_V1,7b152b354b3fa7c6,NCAAB_20251109_WASH_BAY,KXNCAAMBGAME-25NOV09WASHBAY-BAY,H1_2,2,2025-11-10T01:32:06+00:00,1,120,UNRESOLVED,0,CI_UNAVAILABLE,SUPPORT_UNAVAILABLE,UNAVAILABLE,UNAVAILABLE,UNAVAILABLE,UNAVAILABLE,UNAVAILABLE,UNAVAILABLE,UNAVAILABLE,UNAVAILABLE,UNAVAILABLE,70,UNAVAILABLE,0-0,0,UNAVAILABLE,UNAVAILABLE,UNAVAILABLE,1320,UNAVAILABLE,UNAVAILABLE,UNAVAILABLE,UNAVAILABLE,0.30434782608695654,NOT_APPLICABLE
AUSTIN_DRE_PHASE_3,AUSTIN_DOWNFALL_STATE_MODEL_V1,NCAAB_H1_2_AUSTIN_TRANSFER_V1,7b152b354b3fa7c6,NCAAB_20251109_WASH_BAY,KXNCAAMBGAME-25NOV09WASHBAY-BAY,H1_2,3,2025-11-10T02:31:46+00:00,1,0,HEALTHY,0,CI_POSITIVE,NORMAL_SUPPORT,20.0,20.0,20.0,20.0,0.0,UNAVAILABLE,UNAVAILABLE,UNAVAILABLE,UNAVAILABLE,82,1.0,38-32,6,UNAVAILABLE,UNAVAILABLE,427.0,1200,24.97390665811689,25.0,0.5955267038347174,0.5850690784041165,0.9855072463768116,VALUE
AUSTIN_DRE_PHASE_3,AUSTIN_DOWNFALL_STATE_MODEL_V1,NCAAB_H1_2_AUSTIN_TRANSFER_V1,7b152b354b3fa7c6,NCAAB_20251109_WASH_BAY,KXNCAAMBGAME-25NOV09WASHBAY-BAY,H1_2,4,2025-11-10T02:39:50+00:00,2,1200,HEALTHY,0,CI_CROSSES_ZERO,NORMAL_SUPPORT,0.22433318212777087,-16.0,12.0,20.0,-19.775666817872228,20.0,-19.775666817872228,UNAVAILABLE,UNAVAILABLE,83,2.0,38-32,6,UNAVAILABLE,UNAVAILABLE,427.0,1200,24.94204147451011,25.0,1.258749540127413,1.2616115847859464,0.9855072463768116,VALUE
AUSTIN_DRE_PHASE_3,AUSTIN_DOWNFALL_STATE_MODEL_V1,NCAAB_H1_2_AUSTIN_TRANSFER_V1,7b152b354b3fa7c6,NCAAB_20251109_WASH_BAY,KXNCAAMBGAME-25NOV09WASHBAY-BAY,H1_2,5,2025-11-10T02:39:50+00:00,2,1080,HEALTHY,0,CI_CROSSES_ZERO,NORMAL_SUPPORT,0.22433318212777087,-16.0,12.0,20.0,-19.775666817872228,0.22433318212777087,0.0,0.0,UNAVAILABLE,83,2.0,38-32,6,UNAVAILABLE,UNAVAILABLE,427.0,1080,24.94204147451011,25.0,1.258749540127413,1.2616115847859464,0.9855072463768116,VALUE
AUSTIN_DRE_PHASE_3,AUSTIN_DOWNFALL_STATE_MODEL_V1,NCAAB_H1_2_AUSTIN_TRANSFER_V1,7b152b354b3fa7c6,NCAAB_20251109_WASH_BAY,KXNCAAMBGAME-25NOV09WASHBAY-BAY,H1_2,6,2025-11-10T02:39:50+00:00,2,960,HEALTHY,0,CI_CROSSES_ZERO,NORMAL_SUPPORT,0.22433318212777087,-16.0,12.0,20.0,-19.775666817872228,0.22433318212777087,0.0,0.0,0.0,83,2.0,38-32,6,UNAVAILABLE,UNAVAILABLE,427.0,960,24.94204147451011,25.0,1.258749540127413,1.2616115847859464,0.9855072463768116,VALUE
AUSTIN_DRE_PHASE_3,AUSTIN_DOWNFALL_STATE_MODEL_V1,NCAAB_H1_2_AUSTIN_TRANSFER_V1,7b152b354b3fa7c6,NCAAB_20251109_WASH_BAY,KXNCAAMBGAME-25NOV09WASHBAY-BAY,H1_2,7,2025-11-10T02:39:50+00:00,2,840,HEALTHY,0,CI_CROSSES_ZERO,NORMAL_SUPPORT,0.22433318212777087,-16.0,12.0,20.0,-19.775666817872228,0.22433318212777087,0.0,0.0,0.0,83,2.0,38-32,6,UNAVAILABLE,UNAVAILABLE,427.0,840,24.94204147451011,25.0,1.258749540127413,1.2616115847859464,0.9855072463768116,VALUE
AUSTIN_DRE_PHASE_3,AUSTIN_DOWNFALL_STATE_MODEL_V1,NCAAB_H1_2_AUSTIN_TRANSFER_V1,7b152b354b3fa7c6,NCAAB_20251109_WASH_BAY,KXNCAAMBGAME-25NOV09WASHBAY-BAY,H1_2,8,2025-11-10T02:39:50+00:00,2,720,HEALTHY,0,CI_CROSSES_ZERO,NORMAL_SUPPORT,0.22433318212777087,-16.0,12.0,20.0,-19.775666817872228,0.22433318212777087,0.0,0.0,0.0,83,2.0,38-32,6,UNAVAILABLE,UNAVAILABLE,427.0,720,24.94204147451011,25.0,1.258749540127413,1.2616115847859464,0.9855072463768116,VALUE
AUSTIN_DRE_PHASE_3,AUSTIN_DOWNFALL_STATE_MODEL_V1,NCAAB_H1_2_AUSTIN_TRANSFER_V1,7b152b354b3fa7c6,NCAAB_20251109_WASH_BAY,KXNCAAMBGAME-25NOV09WASHBAY-BAY,H1_2,9,2025-11-10T02:39:50+00:00,2,600,HEALTHY,0,CI_CROSSES_ZERO,NORMAL_SUPPORT,0.22433318212777087,-16.0,12.0,20.0,-19.775666817872228,0.22433318212777087,0.0,0.0,0.0,83,2.0,38-32,6,UNAVAILABLE,UNAVAILABLE,427.0,600,24.94204147451011,25.0,1.258749540127413,1.2616115847859464,0.9855072463768116,VALUE
AUSTIN_DRE_PHASE_3,AUSTIN_DOWNFALL_STATE_MODEL_V1,NCAAB_H1_2_AUSTIN_TRANSFER_V1,7b152b354b3fa7c6,NCAAB_20251109_WASH_BAY,KXNCAAMBGAME-25NOV09WASHBAY-BAY,H1_2,10,2025-11-10T02:39:50+00:00,2,480,HEALTHY,0,CI_CROSSES_ZERO,NORMAL_SUPPORT,0.22433318212777087,-16.0,12.0,20.0,-19.775666817872228,0.22433318212777087,0.0,0.0,0.0,83,2.0,38-32,6,UNAVAILABLE,UNAVAILABLE,427.0,480,24.94204147451011,25.0,1.258749540127413,1.2616115847859464,0.9855072463768116,VALUE
AUSTIN_DRE_PHASE_3,AUSTIN_DOWNFALL_STATE_MODEL_V1,NCAAB_H1_2_AUSTIN_TRANSFER_V1,7b152b354b3fa7c6,NCAAB_20251109_WASH_BAY,KXNCAAMBGAME-25NOV09WASHBAY-BAY,H1_2,11,2025-11-10T02:39:50+00:00,2,360,HEALTHY,0,CI_CROSSES_ZERO,NORMAL_SUPPORT,0.22433318212777087,-16.0,12.0,20.0,-19.775666817872228,0.22433318212777087,0.0,0.0,0.0,83,2.0,38-32,6,UNAVAILABLE,UNAVAILABLE,427.0,360,24.94204147451011,25.0,1.258749540127413,1.2616115847859464,0.9855072463768116,VALUE
AUSTIN_DRE_PHASE_3,AUSTIN_DOWNFALL_STATE_MODEL_V1,NCAAB_H1_2_AUSTIN_TRANSFER_V1,7b152b354b3fa7c6,NCAAB_20251109_WASH_BAY,KXNCAAMBGAME-25NOV09WASHBAY-BAY,H1_2,12,2025-11-10T03:29:20+00:00,2,240,HEALTHY,0,CI_POSITIVE,NORMAL_SUPPORT,16.169433535935127,8.0,20.0,20.0,-3.830566464064873,0.22433318212777087,15.945100353807357,7.972550176903678,3.986275088451839,97,16.0,71-62,9,UNAVAILABLE,UNAVAILABLE,1387.0,240,24.784612816968938,25.0,0.6233275245492572,0.6248366928541705,1.0,VALUE
AUSTIN_DRE_PHASE_3,AUSTIN_DOWNFALL_STATE_MODEL_V1,NCAAB_H1_2_AUSTIN_TRANSFER_V1,7b152b354b3fa7c6,NCAAB_20251109_WASH_BAY,KXNCAAMBGAME-25NOV09WASHBAY-BAY,H1_2,13,2025-11-10T02:39:50+00:00,2,120,HEALTHY,0,CI_CROSSES_ZERO,NORMAL_SUPPORT,0.22433318212777087,-16.0,12.0,20.0,-19.775666817872228,16.169433535935127,-15.945100353807357,-7.972550176903678,-7.972550176903678,83,2.0,38-32,6,UNAVAILABLE,UNAVAILABLE,427.0,120,24.94204147451011,25.0,1.258749540127413,1.2616115847859464,0.9855072463768116,VALUE
AUSTIN_DRE_PHASE_3,AUSTIN_DOWNFALL_STATE_MODEL_V1,NCAAB_H1_2_AUSTIN_TRANSFER_V1,7b152b354b3fa7c6,NCAAB_20251109_WASH_BAY,KXNCAAMBGAME-25NOV09WASHBAY-BAY,H1_2,14,2025-11-10T03:48:30+00:00,2,0,HEALTHY,0,CI_POSITIVE,NORMAL_SUPPORT,19.999999999999996,20.0,20.0,20.0,-3.552713678800501e-15,0.22433318212777087,19.775666817872224,9.887833408936112,8.930191792919896,99,18.0,78-69,9,UNAVAILABLE,UNAVAILABLE,1627.0,0,24.7520152136252,25.0,0.8664948951937054,0.9046536074481317,1.0,VALUE
AUSTIN_DRE_PHASE_3,AUSTIN_DOWNFALL_STATE_MODEL_V1,NCAAB_H1_2_AUSTIN_TRANSFER_V1,545a64ea11865a86,NCAAB_20251110_MSST_ISU,KXNCAAMBGAME-25NOV10MSSTISU-ISU,H1_2,0,2025-11-11T01:02:48+00:00,1,480,UNRESOLVED,0,CI_UNAVAILABLE,SUPPORT_UNAVAILABLE,UNAVAILABLE,UNAVAILABLE,UNAVAILABLE,UNAVAILABLE,UNAVAILABLE,UNAVAILABLE,UNAVAILABLE,UNAVAILABLE,UNAVAILABLE,71,UNAVAILABLE,0-0,0,UNAVAILABLE,UNAVAILABLE,UNAVAILABLE,1680,UNAVAILABLE,UNAVAILABLE,UNAVAILABLE,UNAVAILABLE,0.30434782608695654,NOT_APPLICABLE
AUSTIN_DRE_PHASE_3,AUSTIN_DOWNFALL_STATE_MODEL_V1,NCAAB_H1_2_AUSTIN_TRANSFER_V1,545a64ea11865a86,NCAAB_20251110_MSST_ISU,KXNCAAMBGAME-25NOV10MSSTISU-ISU,H1_2,1,2025-11-11T01:02:48+00:00,1,360,UNRESOLVED,0,CI_UNAVAILABLE,SUPPORT_UNAVAILABLE,UNAVAILABLE,UNAVAILABLE,UNAVAILABLE,UNAVAILABLE,UNAVAILABLE,UNAVAILABLE,UNAVAILABLE,UNAVAILABLE,UNAVAILABLE,71,UNAVAILABLE,0-0,0,UNAVAILABLE,UNAVAILABLE,UNAVAILABLE,1560,UNAVAILABLE,UNAVAILABLE,UNAVAILABLE,UNAVAILABLE,0.30434782608695654,NOT_APPLICABLE
AUSTIN_DRE_PHASE_3,AUSTIN_DOWNFALL_STATE_MODEL_V1,NCAAB_H1_2_AUSTIN_TRANSFER_V1,545a64ea11865a86,NCAAB_20251110_MSST_ISU,KXNCAAMBGAME-25NOV10MSSTISU-ISU,H1_2,2,2025-11-11T01:02:48+00:00,1,240,UNRESOLVED,0,CI_UNAVAILABLE,SUPPORT_UNAVAILABLE,UNAVAILABLE,UNAVAILABLE,UNAVAILABLE,UNAVAILABLE,UNAVAILABLE,UNAVAILABLE,UNAVAILABLE,UNAVAILABLE,UNAVAILABLE,71,UNAVAILABLE,0-0,0,UNAVAILABLE,UNAVAILABLE,UNAVAILABLE,1440,UNAVAILABLE,UNAVAILABLE,UNAVAILABLE,UNAVAILABLE,0.30434782608695654,NOT_APPLICABLE
AUSTIN_DRE_PHASE_3,AUSTIN_DOWNFALL_STATE_MODEL_V1,NCAAB_H1_2_AUSTIN_TRANSFER_V1,545a64ea11865a86,NCAAB_20251110_MSST_ISU,KXNCAAMBGAME-25NOV10MSSTISU-ISU,H1_2,3,2025-11-11T01:02:48+00:00,1,120,UNRESOLVED,0,CI_UNAVAILABLE,SUPPORT_UNAVAILABLE,UNAVAILABLE,UNAVAILABLE,UNAVAILABLE,UNAVAILABLE,UNAVAILABLE,UNAVAILABLE,UNAVAILABLE,UNAVAILABLE,UNAVAILABLE,71,UNAVAILABLE,0-0,0,UNAVAILABLE,UNAVAILABLE,UNAVAILABLE,1320,UNAVAILABLE,UNAVAILABLE,UNAVAILABLE,UNAVAILABLE,0.30434782608695654,NOT_APPLICABLE
AUSTIN_DRE_PHASE_3,AUSTIN_DOWNFALL_STATE_MODEL_V1,NCAAB_H1_2_AUSTIN_TRANSFER_V1,545a64ea11865a86,NCAAB_20251110_MSST_ISU,KXNCAAMBGAME-25NOV10MSSTISU-ISU,H1_2,4,2025-11-11T01:54:27+00:00,1,0,HEALTHY,0,CI_POSITIVE,NORMAL_SUPPORT,20.0,20.0,20.0,20.0,0.0,UNAVAILABLE,UNAVAILABLE,UNAVAILABLE,UNAVAILABLE,93,11.0,53-35,18,UNAVAILABLE,UNAVAILABLE,517.0,1200,24.947773092817442,25.0,0.8136994872935946,0.7903282260219564,0.9855072463768116,VALUE
AUSTIN_DRE_PHASE_3,AUSTIN_DOWNFALL_STATE_MODEL_V1,NCAAB_H1_2_AUSTIN_TRANSFER_V1,545a64ea11865a86,NCAAB_20251110_MSST_ISU,KXNCAAMBGAME-25NOV10MSSTISU-ISU,H1_2,5,2025-11-11T02:07:24+00:00,2,1200,HEALTHY,0,CI_POSITIVE,NORMAL_SUPPORT,20.0,20.0,20.0,20.0,0.0,20.0,0.0,UNAVAILABLE,UNAVAILABLE,97,15.0,53-35,18,UNAVAILABLE,UNAVAILABLE,517.0,1200,24.982568385187843,25.0,1.471478267657517,1.473491228452843,0.9855072463768116,VALUE
AUSTIN_DRE_PHASE_3,AUSTIN_DOWNFALL_STATE_MODEL_V1,NCAAB_H1_2_AUSTIN_TRANSFER_V1,545a64ea11865a86,NCAAB_20251110_MSST_ISU,KXNCAAMBGAME-25NOV10MSSTISU-ISU,H1_2,6,2025-11-11T02:07:24+00:00,2,1080,HEALTHY,0,CI_POSITIVE,NORMAL_SUPPORT,20.0,20.0,20.0,20.0,0.0,20.0,0.0,0.0,UNAVAILABLE,97,15.0,53-35,18,UNAVAILABLE,UNAVAILABLE,517.0,1080,24.982568385187843,25.0,1.471478267657517,1.473491228452843,0.9855072463768116,VALUE
AUSTIN_DRE_PHASE_3,AUSTIN_DOWNFALL_STATE_MODEL_V1,NCAAB_H1_2_AUSTIN_TRANSFER_V1,545a64ea11865a86,NCAAB_20251110_MSST_ISU,KXNCAAMBGAME-25NOV10MSSTISU-ISU,H1_2,7,2025-11-11T02:07:24+00:00,2,960,HEALTHY,0,CI_POSITIVE,NORMAL_SUPPORT,20.0,20.0,20.0,20.0,0.0,20.0,0.0,0.0,0.0,97,15.0,53-35,18,UNAVAILABLE,UNAVAILABLE,517.0,960,24.982568385187843,25.0,1.471478267657517,1.473491228452843,0.9855072463768116,VALUE
AUSTIN_DRE_PHASE_3,AUSTIN_DOWNFALL_STATE_MODEL_V1,NCAAB_H1_2_AUSTIN_TRANSFER_V1,545a64ea11865a86,NCAAB_20251110_MSST_ISU,KXNCAAMBGAME-25NOV10MSSTISU-ISU,H1_2,8,2025-11-11T02:07:24+00:00,2,840,HEALTHY,0,CI_POSITIVE,NORMAL_SUPPORT,20.0,20.0,20.0,20.0,0.0,20.0,0.0,0.0,0.0,97,15.0,53-35,18,UNAVAILABLE,UNAVAILABLE,517.0,840,24.982568385187843,25.0,1.471478267657517,1.473491228452843,0.9855072463768116,VALUE
AUSTIN_DRE_PHASE_3,AUSTIN_DOWNFALL_STATE_MODEL_V1,NCAAB_H1_2_AUSTIN_TRANSFER_V1,545a64ea11865a86,NCAAB_20251110_MSST_ISU,KXNCAAMBGAME-25NOV10MSSTISU-ISU,H1_2,9,2025-11-11T02:07:24+00:00,2,720,HEALTHY,0,CI_POSITIVE,NORMAL_SUPPORT,20.0,20.0,20.0,20.0,0.0,20.0,0.0,0.0,0.0,97,15.0,53-35,18,UNAVAILABLE,UNAVAILABLE,517.0,720,24.982568385187843,25.0,1.471478267657517,1.473491228452843,0.9855072463768116,VALUE
AUSTIN_DRE_PHASE_3,AUSTIN_DOWNFALL_STATE_MODEL_V1,NCAAB_H1_2_AUSTIN_TRANSFER_V1,545a64ea11865a86,NCAAB_20251110_MSST_ISU,KXNCAAMBGAME-25NOV10MSSTISU-ISU,H1_2,10,2025-11-11T02:07:24+00:00,2,600,HEALTHY,0,CI_POSITIVE,NORMAL_SUPPORT,20.0,20.0,20.0,20.0,0.0,20.0,0.0,0.0,0.0,97,15.0,53-35,18,UNAVAILABLE,UNAVAILABLE,517.0,600,24.982568385187843,25.0,1.471478267657517,1.473491228452843,0.9855072463768116,VALUE
AUSTIN_DRE_PHASE_3,AUSTIN_DOWNFALL_STATE_MODEL_V1,NCAAB_H1_2_AUSTIN_TRANSFER_V1,545a64ea11865a86,NCAAB_20251110_MSST_ISU,KXNCAAMBGAME-25NOV10MSSTISU-ISU,H1_2,11,2025-11-11T02:07:24+00:00,2,480,HEALTHY,0,CI_POSITIVE,NORMAL_SUPPORT,20.0,20.0,20.0,20.0,0.0,20.0,0.0,0.0,0.0,97,15.0,53-35,18,UNAVAILABLE,UNAVAILABLE,517.0,480,24.982568385187843,25.0,1.471478267657517,1.473491228452843,0.9855072463768116,VALUE
AUSTIN_DRE_PHASE_3,AUSTIN_DOWNFALL_STATE_MODEL_V1,NCAAB_H1_2_AUSTIN_TRANSFER_V1,545a64ea11865a86,NCAAB_20251110_MSST_ISU,KXNCAAMBGAME-25NOV10MSSTISU-ISU,H1_2,12,2025-11-11T02:48:09+00:00,2,360,HEALTHY,0,CI_POSITIVE,NORMAL_SUPPORT,20.0,20.0,20.0,20.0,0.0,20.0,0.0,0.0,0.0,99,17.0,85-60,25,UNAVAILABLE,UNAVAILABLE,1357.0,360,23.08279152553222,25.0,0.4809181384704718,0.4521066389892581,1.0,VALUE
AUSTIN_DRE_PHASE_3,AUSTIN_DOWNFALL_STATE_MODEL_V1,NCAAB_H1_2_AUSTIN_TRANSFER_V1,545a64ea11865a86,NCAAB_20251110_MSST_ISU,KXNCAAMBGAME-25NOV10MSSTISU-ISU,H1_2,13,2025-11-11T02:07:24+00:00,2,240,HEALTHY,0,CI_POSITIVE,NORMAL_SUPPORT,20.0,20.0,20.0,20.0,0.0,20.0,0.0,0.0,0.0,97,15.0,53-35,18,UNAVAILABLE,UNAVAILABLE,517.0,240,24.982568385187843,25.0,1.471478267657517,1.473491228452843,0.9855072463768116,VALUE
AUSTIN_DRE_PHASE_3,AUSTIN_DOWNFALL_STATE_MODEL_V1,NCAAB_H1_2_AUSTIN_TRANSFER_V1,545a64ea11865a86,NCAAB_20251110_MSST_ISU,KXNCAAMBGAME-25NOV10MSSTISU-ISU,H1_2,14,2025-11-11T02:07:24+00:00,2,120,HEALTHY,0,CI_POSITIVE,NORMAL_SUPPORT,20.0,20.0,20.0,20.0,0.0,20.0,0.0,0.0,0.0,97,15.0,53-35,18,UNAVAILABLE,UNAVAILABLE,517.0,120,24.982568385187843,25.0,1.471478267657517,1.473491228452843,0.9855072463768116,VALUE
AUSTIN_DRE_PHASE_3,AUSTIN_DOWNFALL_STATE_MODEL_V1,NCAAB_H1_2_AUSTIN_TRANSFER_V1,00befb799c90c40d,NCAAB_20251111_FSU_FLA,KXNCAAMBGAME-25NOV11FSUFLA-FLA,H1_2,0,2025-11-12T00:01:45+00:00,1,360,UNRESOLVED,0,CI_UNAVAILABLE,SUPPORT_UNAVAILABLE,UNAVAILABLE,UNAVAILABLE,UNAVAILABLE,UNAVAILABLE,UNAVAILABLE,UNAVAILABLE,UNAVAILABLE,UNAVAILABLE,UNAVAILABLE,93,UNAVAILABLE,0-0,0,UNAVAILABLE,UNAVAILABLE,UNAVAILABLE,1560,UNAVAILABLE,UNAVAILABLE,UNAVAILABLE,UNAVAILABLE,0.30434782608695654,NOT_APPLICABLE
AUSTIN_DRE_PHASE_3,AUSTIN_DOWNFALL_STATE_MODEL_V1,NCAAB_H1_2_AUSTIN_TRANSFER_V1,00befb799c90c40d,NCAAB_20251111_FSU_FLA,KXNCAAMBGAME-25NOV11FSUFLA-FLA,H1_2,1,2025-11-12T00:01:45+00:00,1,240,UNRESOLVED,0,CI_UNAVAILABLE,SUPPORT_UNAVAILABLE,UNAVAILABLE,UNAVAILABLE,UNAVAILABLE,UNAVAILABLE,UNAVAILABLE,UNAVAILABLE,UNAVAILABLE,UNAVAILABLE,UNAVAILABLE,93,UNAVAILABLE,0-0,0,UNAVAILABLE,UNAVAILABLE,UNAVAILABLE,1440,UNAVAILABLE,UNAVAILABLE,UNAVAILABLE,UNAVAILABLE,0.30434782608695654,NOT_APPLICABLE
AUSTIN_DRE_PHASE_3,AUSTIN_DOWNFALL_STATE_MODEL_V1,NCAAB_H1_2_AUSTIN_TRANSFER_V1,00befb799c90c40d,NCAAB_20251111_FSU_FLA,KXNCAAMBGAME-25NOV11FSUFLA-FLA,H1_2,2,2025-11-12T00:01:45+00:00,1,120,UNRESOLVED,0,CI_UNAVAILABLE,SUPPORT_UNAVAILABLE,UNAVAILABLE,UNAVAILABLE,UNAVAILABLE,UNAVAILABLE,UNAVAILABLE,UNAVAILABLE,UNAVAILABLE,UNAVAILABLE,UNAVAILABLE,93,UNAVAILABLE,0-0,0,UNAVAILABLE,UNAVAILABLE,UNAVAILABLE,1320,UNAVAILABLE,UNAVAILABLE,UNAVAILABLE,UNAVAILABLE,0.30434782608695654,NOT_APPLICABLE
AUSTIN_DRE_PHASE_3,AUSTIN_DOWNFALL_STATE_MODEL_V1,NCAAB_H1_2_AUSTIN_TRANSFER_V1,00befb799c90c40d,NCAAB_20251111_FSU_FLA,KXNCAAMBGAME-25NOV11FSUFLA-FLA,H1_2,3,2025-11-12T00:55:46+00:00,1,0,HEALTHY,0,CI_CROSSES_ZERO,NORMAL_SUPPORT,11.724320266221156,0.0,20.0,11.724320266221156,0.0,UNAVAILABLE,UNAVAILABLE,UNAVAILABLE,UNAVAILABLE,75,-5.0,37-40,-3,UNAVAILABLE,UNAVAILABLE,370.0,1200,24.93533615654497,25.0,0.7909923560444797,0.7625983512322078,0.9855072463768116,VALUE
AUSTIN_DRE_PHASE_3,AUSTIN_DOWNFALL_STATE_MODEL_V1,NCAAB_H1_2_AUSTIN_TRANSFER_V1,00befb799c90c40d,NCAAB_20251111_FSU_FLA,KXNCAAMBGAME-25NOV11FSUFLA-FLA,H1_2,4,2025-11-12T01:11:49+00:00,2,1200,WATCH_NEGATIVE,1,CI_NEGATIVE,NORMAL_SUPPORT,-55.443780837326095,-72.0,-36.0,11.724320266221156,-67.16810110354726,11.724320266221156,-67.16810110354726,UNAVAILABLE,UNAVAILABLE,78,-2.0,37-40,-3,UNAVAILABLE,UNAVAILABLE,370.0,1200,24.978067689524977,25.0,1.42763119939832,1.449195804881797,0.9855072463768116,VALUE
AUSTIN_DRE_PHASE_3,AUSTIN_DOWNFALL_STATE_MODEL_V1,NCAAB_H1_2_AUSTIN_TRANSFER_V1,00befb799c90c40d,NCAAB_20251111_FSU_FLA,KXNCAAMBGAME-25NOV11FSUFLA-FLA,H1_2,5,2025-11-12T01:11:49+00:00,2,1080,PERSISTENCE_2,2,CI_NEGATIVE,NORMAL_SUPPORT,-55.443780837326095,-72.0,-36.0,11.724320266221156,-67.16810110354726,-55.443780837326095,0.0,0.0,UNAVAILABLE,78,-2.0,37-40,-3,UNAVAILABLE,UNAVAILABLE,370.0,1080,24.978067689524977,25.0,1.42763119939832,1.449195804881797,0.9855072463768116,VALUE
AUSTIN_DRE_PHASE_3,AUSTIN_DOWNFALL_STATE_MODEL_V1,NCAAB_H1_2_AUSTIN_TRANSFER_V1,00befb799c90c40d,NCAAB_20251111_FSU_FLA,KXNCAAMBGAME-25NOV11FSUFLA-FLA,H1_2,6,2025-11-12T01:11:49+00:00,2,960,PERSISTENCE_3PLUS,3,CI_NEGATIVE,NORMAL_SUPPORT,-55.443780837326095,-72.0,-36.0,11.724320266221156,-67.16810110354726,-55.443780837326095,0.0,0.0,0.0,78,-2.0,37-40,-3,UNAVAILABLE,UNAVAILABLE,370.0,960,24.978067689524977,25.0,1.42763119939832,1.449195804881797,0.9855072463768116,VALUE
AUSTIN_DRE_PHASE_3,AUSTIN_DOWNFALL_STATE_MODEL_V1,NCAAB_H1_2_AUSTIN_TRANSFER_V1,00befb799c90c40d,NCAAB_20251111_FSU_FLA,KXNCAAMBGAME-25NOV11FSUFLA-FLA,H1_2,7,2025-11-12T01:11:49+00:00,2,840,PERSISTENCE_3PLUS,4,CI_NEGATIVE,NORMAL_SUPPORT,-55.443780837326095,-72.0,-36.0,11.724320266221156,-67.16810110354726,-55.443780837326095,0.0,0.0,0.0,78,-2.0,37-40,-3,UNAVAILABLE,UNAVAILABLE,370.0,840,24.978067689524977,25.0,1.42763119939832,1.449195804881797,0.9855072463768116,VALUE
AUSTIN_DRE_PHASE_3,AUSTIN_DOWNFALL_STATE_MODEL_V1,NCAAB_H1_2_AUSTIN_TRANSFER_V1,00befb799c90c40d,NCAAB_20251111_FSU_FLA,KXNCAAMBGAME-25NOV11FSUFLA-FLA,H1_2,8,2025-11-12T01:11:49+00:00,2,720,PERSISTENCE_3PLUS,5,CI_NEGATIVE,NORMAL_SUPPORT,-55.443780837326095,-72.0,-36.0,11.724320266221156,-67.16810110354726,-55.443780837326095,0.0,0.0,0.0,78,-2.0,37-40,-3,UNAVAILABLE,UNAVAILABLE,370.0,720,24.978067689524977,25.0,1.42763119939832,1.449195804881797,0.9855072463768116,VALUE
AUSTIN_DRE_PHASE_3,AUSTIN_DOWNFALL_STATE_MODEL_V1,NCAAB_H1_2_AUSTIN_TRANSFER_V1,00befb799c90c40d,NCAAB_20251111_FSU_FLA,KXNCAAMBGAME-25NOV11FSUFLA-FLA,H1_2,9,2025-11-12T01:11:49+00:00,2,600,PERSISTENCE_3PLUS,6,CI_NEGATIVE,NORMAL_SUPPORT,-55.443780837326095,-72.0,-36.0,11.724320266221156,-67.16810110354726,-55.443780837326095,0.0,0.0,0.0,78,-2.0,37-40,-3,UNAVAILABLE,UNAVAILABLE,370.0,600,24.978067689524977,25.0,1.42763119939832,1.449195804881797,0.9855072463768116,VALUE
AUSTIN_DRE_PHASE_3,AUSTIN_DOWNFALL_STATE_MODEL_V1,NCAAB_H1_2_AUSTIN_TRANSFER_V1,00befb799c90c40d,NCAAB_20251111_FSU_FLA,KXNCAAMBGAME-25NOV11FSUFLA-FLA,H1_2,10,2025-11-12T01:11:49+00:00,2,480,PERSISTENCE_3PLUS,7,CI_NEGATIVE,NORMAL_SUPPORT,-55.443780837326095,-72.0,-36.0,11.724320266221156,-67.16810110354726,-55.443780837326095,0.0,0.0,0.0,78,-2.0,37-40,-3,UNAVAILABLE,UNAVAILABLE,370.0,480,24.978067689524977,25.0,1.42763119939832,1.449195804881797,0.9855072463768116,VALUE
AUSTIN_DRE_PHASE_3,AUSTIN_DOWNFALL_STATE_MODEL_V1,NCAAB_H1_2_AUSTIN_TRANSFER_V1,00befb799c90c40d,NCAAB_20251111_FSU_FLA,KXNCAAMBGAME-25NOV11FSUFLA-FLA,H1_2,11,2025-11-12T01:11:49+00:00,2,360,PERSISTENCE_3PLUS,8,CI_NEGATIVE,NORMAL_SUPPORT,-55.443780837326095,-72.0,-36.0,11.724320266221156,-67.16810110354726,-55.443780837326095,0.0,0.0,0.0,78,-2.0,37-40,-3,UNAVAILABLE,UNAVAILABLE,370.0,360,24.978067689524977,25.0,1.42763119939832,1.449195804881797,0.9855072463768116,VALUE
AUSTIN_DRE_PHASE_3,AUSTIN_DOWNFALL_STATE_MODEL_V1,NCAAB_H1_2_AUSTIN_TRANSFER_V1,00befb799c90c40d,NCAAB_20251111_FSU_FLA,KXNCAAMBGAME-25NOV11FSUFLA-FLA,H1_2,12,2025-11-12T01:11:49+00:00,2,240,PERSISTENCE_3PLUS,9,CI_NEGATIVE,NORMAL_SUPPORT,-55.443780837326095,-72.0,-36.0,11.724320266221156,-67.16810110354726,-55.443780837326095,0.0,0.0,0.0,78,-2.0,37-40,-3,UNAVAILABLE,UNAVAILABLE,370.0,240,24.978067689524977,25.0,1.42763119939832,1.449195804881797,0.9855072463768116,VALUE
AUSTIN_DRE_PHASE_3,AUSTIN_DOWNFALL_STATE_MODEL_V1,NCAAB_H1_2_AUSTIN_TRANSFER_V1,00befb799c90c40d,NCAAB_20251111_FSU_FLA,KXNCAAMBGAME-25NOV11FSUFLA-FLA,H1_2,13,2025-11-12T01:11:49+00:00,2,120,PERSISTENCE_3PLUS,10,CI_NEGATIVE,NORMAL_SUPPORT,-55.443780837326095,-72.0,-36.0,11.724320266221156,-67.16810110354726,-55.443780837326095,0.0,0.0,0.0,78,-2.0,37-40,-3,UNAVAILABLE,UNAVAILABLE,370.0,120,24.978067689524977,25.0,1.42763119939832,1.449195804881797,0.9855072463768116,VALUE
AUSTIN_DRE_PHASE_3,AUSTIN_DOWNFALL_STATE_MODEL_V1,NCAAB_H1_2_AUSTIN_TRANSFER_V1,1b95993f4b64a1d7,NCAAB_20251111_UK_LOU,KXNCAAMBGAME-25NOV11UKLOU-LOU,H1_2,0,2025-11-12T01:02:00+00:00,1,360,UNRESOLVED,0,CI_UNAVAILABLE,SUPPORT_UNAVAILABLE,UNAVAILABLE,UNAVAILABLE,UNAVAILABLE,UNAVAILABLE,UNAVAILABLE,UNAVAILABLE,UNAVAILABLE,UNAVAILABLE,UNAVAILABLE,66,UNAVAILABLE,0-0,0,UNAVAILABLE,UNAVAILABLE,UNAVAILABLE,1560,UNAVAILABLE,UNAVAILABLE,UNAVAILABLE,UNAVAILABLE,0.30434782608695654,NOT_APPLICABLE
AUSTIN_DRE_PHASE_3,AUSTIN_DOWNFALL_STATE_MODEL_V1,NCAAB_H1_2_AUSTIN_TRANSFER_V1,1b95993f4b64a1d7,NCAAB_20251111_UK_LOU,KXNCAAMBGAME-25NOV11UKLOU-LOU,H1_2,1,2025-11-12T01:02:00+00:00,1,240,UNRESOLVED,0,CI_UNAVAILABLE,SUPPORT_UNAVAILABLE,UNAVAILABLE,UNAVAILABLE,UNAVAILABLE,UNAVAILABLE,UNAVAILABLE,UNAVAILABLE,UNAVAILABLE,UNAVAILABLE,UNAVAILABLE,66,UNAVAILABLE,0-0,0,UNAVAILABLE,UNAVAILABLE,UNAVAILABLE,1440,UNAVAILABLE,UNAVAILABLE,UNAVAILABLE,UNAVAILABLE,0.30434782608695654,NOT_APPLICABLE
AUSTIN_DRE_PHASE_3,AUSTIN_DOWNFALL_STATE_MODEL_V1,NCAAB_H1_2_AUSTIN_TRANSFER_V1,1b95993f4b64a1d7,NCAAB_20251111_UK_LOU,KXNCAAMBGAME-25NOV11UKLOU-LOU,H1_2,2,2025-11-12T01:02:00+00:00,1,120,UNRESOLVED,0,CI_UNAVAILABLE,SUPPORT_UNAVAILABLE,UNAVAILABLE,UNAVAILABLE,UNAVAILABLE,UNAVAILABLE,UNAVAILABLE,UNAVAILABLE,UNAVAILABLE,UNAVAILABLE,UNAVAILABLE,66,UNAVAILABLE,0-0,0,UNAVAILABLE,UNAVAILABLE,UNAVAILABLE,1320,UNAVAILABLE,UNAVAILABLE,UNAVAILABLE,UNAVAILABLE,0.30434782608695654,NOT_APPLICABLE
AUSTIN_DRE_PHASE_3,AUSTIN_DOWNFALL_STATE_MODEL_V1,NCAAB_H1_2_AUSTIN_TRANSFER_V1,1b95993f4b64a1d7,NCAAB_20251111_UK_LOU,KXNCAAMBGAME-25NOV11UKLOU-LOU,H1_2,3,2025-11-12T01:52:33+00:00,1,0,HEALTHY,0,CI_POSITIVE,NORMAL_SUPPORT,20.0,20.0,20.0,20.0,0.0,UNAVAILABLE,UNAVAILABLE,UNAVAILABLE,UNAVAILABLE,81,-2.0,53-46,7,UNAVAILABLE,UNAVAILABLE,473.0,1200,24.732192085202822,25.0,0.7010286766066015,0.6512676297387644,0.9855072463768116,VALUE
AUSTIN_DRE_PHASE_3,AUSTIN_DOWNFALL_STATE_MODEL_V1,NCAAB_H1_2_AUSTIN_TRANSFER_V1,1b95993f4b64a1d7,NCAAB_20251111_UK_LOU,KXNCAAMBGAME-25NOV11UKLOU-LOU,H1_2,4,2025-11-12T02:06:27+00:00,2,1200,WATCH_NEGATIVE,1,CI_CROSSES_ZERO,NORMAL_SUPPORT,-7.365559320579838,-28.0,8.0,20.0,-27.365559320579838,20.0,-27.365559320579838,UNAVAILABLE,UNAVAILABLE,81,-2.0,53-46,7,UNAVAILABLE,UNAVAILABLE,473.0,1200,24.896461628928808,25.0,1.1928173840679128,1.1645839867854662,0.9855072463768116,VALUE
AUSTIN_DRE_PHASE_3,AUSTIN_DOWNFALL_STATE_MODEL_V1,NCAAB_H1_2_AUSTIN_TRANSFER_V1,1b95993f4b64a1d7,NCAAB_20251111_UK_LOU,KXNCAAMBGAME-25NOV11UKLOU-LOU,H1_2,5,2025-11-12T02:06:27+00:00,2,1080,PERSISTENCE_2,2,CI_CROSSES_ZERO,NORMAL_SUPPORT,-7.365559320579838,-28.0,8.0,20.0,-27.365559320579838,-7.365559320579838,0.0,0.0,UNAVAILABLE,81,-2.0,53-46,7,UNAVAILABLE,UNAVAILABLE,473.0,1080,24.896461628928808,25.0,1.1928173840679128,1.1645839867854662,0.9855072463768116,VALUE
AUSTIN_DRE_PHASE_3,AUSTIN_DOWNFALL_STATE_MODEL_V1,NCAAB_H1_2_AUSTIN_TRANSFER_V1,1b95993f4b64a1d7,NCAAB_20251111_UK_LOU,KXNCAAMBGAME-25NOV11UKLOU-LOU,H1_2,6,2025-11-12T02:06:27+00:00,2,960,PERSISTENCE_3PLUS,3,CI_CROSSES_ZERO,NORMAL_SUPPORT,-7.365559320579838,-28.0,8.0,20.0,-27.365559320579838,-7.365559320579838,0.0,0.0,0.0,81,-2.0,53-46,7,UNAVAILABLE,UNAVAILABLE,473.0,960,24.896461628928808,25.0,1.1928173840679128,1.1645839867854662,0.9855072463768116,VALUE
AUSTIN_DRE_PHASE_3,AUSTIN_DOWNFALL_STATE_MODEL_V1,NCAAB_H1_2_AUSTIN_TRANSFER_V1,1b95993f4b64a1d7,NCAAB_20251111_UK_LOU,KXNCAAMBGAME-25NOV11UKLOU-LOU,H1_2,7,2025-11-12T02:06:27+00:00,2,840,PERSISTENCE_3PLUS,4,CI_CROSSES_ZERO,NORMAL_SUPPORT,-7.365559320579838,-28.0,8.0,20.0,-27.365559320579838,-7.365559320579838,0.0,0.0,0.0,81,-2.0,53-46,7,UNAVAILABLE,UNAVAILABLE,473.0,840,24.896461628928808,25.0,1.1928173840679128,1.1645839867854662,0.9855072463768116,VALUE
AUSTIN_DRE_PHASE_3,AUSTIN_DOWNFALL_STATE_MODEL_V1,NCAAB_H1_2_AUSTIN_TRANSFER_V1,1b95993f4b64a1d7,NCAAB_20251111_UK_LOU,KXNCAAMBGAME-25NOV11UKLOU-LOU,H1_2,8,2025-11-12T02:06:27+00:00,2,720,PERSISTENCE_3PLUS,5,CI_CROSSES_ZERO,NORMAL_SUPPORT,-7.365559320579838,-28.0,8.0,20.0,-27.365559320579838,-7.365559320579838,0.0,0.0,0.0,81,-2.0,53-46,7,UNAVAILABLE,UNAVAILABLE,473.0,720,24.896461628928808,25.0,1.1928173840679128,1.1645839867854662,0.9855072463768116,VALUE
AUSTIN_DRE_PHASE_3,AUSTIN_DOWNFALL_STATE_MODEL_V1,NCAAB_H1_2_AUSTIN_TRANSFER_V1,1b95993f4b64a1d7,NCAAB_20251111_UK_LOU,KXNCAAMBGAME-25NOV11UKLOU-LOU,H1_2,9,2025-11-12T02:06:27+00:00,2,600,PERSISTENCE_3PLUS,6,CI_CROSSES_ZERO,NORMAL_SUPPORT,-7.365559320579838,-28.0,8.0,20.0,-27.365559320579838,-7.365559320579838,0.0,0.0,0.0,81,-2.0,53-46,7,UNAVAILABLE,UNAVAILABLE,473.0,600,24.896461628928808,25.0,1.1928173840679128,1.1645839867854662,0.9855072463768116,VALUE
AUSTIN_DRE_PHASE_3,AUSTIN_DOWNFALL_STATE_MODEL_V1,NCAAB_H1_2_AUSTIN_TRANSFER_V1,1b95993f4b64a1d7,NCAAB_20251111_UK_LOU,KXNCAAMBGAME-25NOV11UKLOU-LOU,H1_2,10,2025-11-12T02:06:27+00:00,2,480,PERSISTENCE_3PLUS,7,CI_CROSSES_ZERO,NORMAL_SUPPORT,-7.365559320579838,-28.0,8.0,20.0,-27.365559320579838,-7.365559320579838,0.0,0.0,0.0,81,-2.0,53-46,7,UNAVAILABLE,UNAVAILABLE,473.0,480,24.896461628928808,25.0,1.1928173840679128,1.1645839867854662,0.9855072463768116,VALUE
AUSTIN_DRE_PHASE_3,AUSTIN_DOWNFALL_STATE_MODEL_V1,NCAAB_H1_2_AUSTIN_TRANSFER_V1,1b95993f4b64a1d7,NCAAB_20251111_UK_LOU,KXNCAAMBGAME-25NOV11UKLOU-LOU,H1_2,11,2025-11-12T02:06:27+00:00,2,360,PERSISTENCE_3PLUS,8,CI_CROSSES_ZERO,NORMAL_SUPPORT,-7.365559320579838,-28.0,8.0,20.0,-27.365559320579838,-7.365559320579838,0.0,0.0,0.0,81,-2.0,53-46,7,UNAVAILABLE,UNAVAILABLE,473.0,360,24.896461628928808,25.0,1.1928173840679128,1.1645839867854662,0.9855072463768116,VALUE
AUSTIN_DRE_PHASE_3,AUSTIN_DOWNFALL_STATE_MODEL_V1,NCAAB_H1_2_AUSTIN_TRANSFER_V1,1b95993f4b64a1d7,NCAAB_20251111_UK_LOU,KXNCAAMBGAME-25NOV11UKLOU-LOU,H1_2,12,2025-11-12T02:06:27+00:00,2,240,PERSISTENCE_3PLUS,9,CI_CROSSES_ZERO,NORMAL_SUPPORT,-7.365559320579838,-28.0,8.0,20.0,-27.365559320579838,-7.365559320579838,0.0,0.0,0.0,81,-2.0,53-46,7,UNAVAILABLE,UNAVAILABLE,473.0,240,24.896461628928808,25.0,1.1928173840679128,1.1645839867854662,0.9855072463768116,VALUE
AUSTIN_DRE_PHASE_3,AUSTIN_DOWNFALL_STATE_MODEL_V1,NCAAB_H1_2_AUSTIN_TRANSFER_V1,1b95993f4b64a1d7,NCAAB_20251111_UK_LOU,KXNCAAMBGAME-25NOV11UKLOU-LOU,H1_2,13,2025-11-12T02:06:27+00:00,2,120,PERSISTENCE_3PLUS,10,CI_CROSSES_ZERO,NORMAL_SUPPORT,-7.365559320579838,-28.0,8.0,20.0,-27.365559320579838,-7.365559320579838,0.0,0.0,0.0,81,-2.0,53-46,7,UNAVAILABLE,UNAVAILABLE,473.0,120,24.896461628928808,25.0,1.1928173840679128,1.1645839867854662,0.9855072463768116,VALUE
AUSTIN_DRE_PHASE_3,AUSTIN_DOWNFALL_STATE_MODEL_V1,NCAAB_H1_2_AUSTIN_TRANSFER_V1,1b95993f4b64a1d7,NCAAB_20251111_UK_LOU,KXNCAAMBGAME-25NOV11UKLOU-LOU,H1_2,14,2025-11-12T03:24:20+00:00,2,0,RECOVERING,0,CI_CROSSES_ZERO,NORMAL_SUPPORT,11.609049092126694,0.0,20.0,20.0,-8.390950907873306,-7.365559320579838,18.974608412706534,9.487304206353267,4.743652103176633,99,16.0,96-88,8,UNAVAILABLE,UNAVAILABLE,1673.0,0,24.952162961850522,25.0,0.93262942606789,0.9354355105489797,1.0,VALUE
AUSTIN_DRE_PHASE_3,AUSTIN_DOWNFALL_STATE_MODEL_V1,NCAAB_H1_2_AUSTIN_TRANSFER_V1,b8c80caa49242cc1,NCAAB_20251111_TTU_ILL,KXNCAAMBGAME-25NOV11TTUILL-ILL,H1_2,0,2025-11-12T02:36:09+00:00,1,0,HEALTHY,0,CI_POSITIVE,NORMAL_SUPPORT,20.000000000000004,20.0,20.0,20.000000000000004,0.0,UNAVAILABLE,UNAVAILABLE,UNAVAILABLE,UNAVAILABLE,86,3.0,45-32,13,UNAVAILABLE,UNAVAILABLE,36.0,1200,24.76897565668203,25.0,0.8360889862318056,0.776843729572089,0.8405797101449275,VALUE
AUSTIN_DRE_PHASE_3,AUSTIN_DOWNFALL_STATE_MODEL_V1,NCAAB_H1_2_AUSTIN_TRANSFER_V1,b8c80caa49242cc1,NCAAB_20251111_TTU_ILL,KXNCAAMBGAME-25NOV11TTUILL-ILL,H1_2,1,2025-11-12T02:51:52+00:00,2,1200,WATCH_NEGATIVE,1,CI_CROSSES_ZERO,NORMAL_SUPPORT,-13.145671754460116,-32.0,4.0,20.000000000000004,-33.14567175446012,20.000000000000004,-33.14567175446012,UNAVAILABLE,UNAVAILABLE,88,5.0,45-32,13,UNAVAILABLE,UNAVAILABLE,36.0,1200,24.882923763398313,25.0,1.6537092564674882,1.631973742466585,0.855072463768116,VALUE
AUSTIN_DRE_PHASE_3,AUSTIN_DOWNFALL_STATE_MODEL_V1,NCAAB_H1_2_AUSTIN_TRANSFER_V1,b8c80caa49242cc1,NCAAB_20251111_TTU_ILL,KXNCAAMBGAME-25NOV11TTUILL-ILL,H1_2,2,2025-11-12T02:51:52+00:00,2,1080,PERSISTENCE_2,2,CI_CROSSES_ZERO,NORMAL_SUPPORT,-13.145671754460116,-32.0,4.0,20.000000000000004,-33.14567175446012,-13.145671754460116,0.0,0.0,UNAVAILABLE,88,5.0,45-32,13,UNAVAILABLE,UNAVAILABLE,36.0,1080,24.882923763398313,25.0,1.6537092564674882,1.631973742466585,0.855072463768116,VALUE
AUSTIN_DRE_PHASE_3,AUSTIN_DOWNFALL_STATE_MODEL_V1,NCAAB_H1_2_AUSTIN_TRANSFER_V1,b8c80caa49242cc1,NCAAB_20251111_TTU_ILL,KXNCAAMBGAME-25NOV11TTUILL-ILL,H1_2,3,2025-11-12T02:51:52+00:00,2,960,PERSISTENCE_3PLUS,3,CI_CROSSES_ZERO,NORMAL_SUPPORT,-13.145671754460116,-32.0,4.0,20.000000000000004,-33.14567175446012,-13.145671754460116,0.0,0.0,0.0,88,5.0,45-32,13,UNAVAILABLE,UNAVAILABLE,36.0,960,24.882923763398313,25.0,1.6537092564674882,1.631973742466585,0.855072463768116,VALUE
AUSTIN_DRE_PHASE_3,AUSTIN_DOWNFALL_STATE_MODEL_V1,NCAAB_H1_2_AUSTIN_TRANSFER_V1,b8c80caa49242cc1,NCAAB_20251111_TTU_ILL,KXNCAAMBGAME-25NOV11TTUILL-ILL,H1_2,4,2025-11-12T02:51:52+00:00,2,840,PERSISTENCE_3PLUS,4,CI_CROSSES_ZERO,NORMAL_SUPPORT,-13.145671754460116,-32.0,4.0,20.000000000000004,-33.14567175446012,-13.145671754460116,0.0,0.0,0.0,88,5.0,45-32,13,UNAVAILABLE,UNAVAILABLE,36.0,840,24.882923763398313,25.0,1.6537092564674882,1.631973742466585,0.855072463768116,VALUE
AUSTIN_DRE_PHASE_3,AUSTIN_DOWNFALL_STATE_MODEL_V1,NCAAB_H1_2_AUSTIN_TRANSFER_V1,b8c80caa49242cc1,NCAAB_20251111_TTU_ILL,KXNCAAMBGAME-25NOV11TTUILL-ILL,H1_2,5,2025-11-12T02:51:52+00:00,2,720,PERSISTENCE_3PLUS,5,CI_CROSSES_ZERO,NORMAL_SUPPORT,-13.145671754460116,-32.0,4.0,20.000000000000004,-33.14567175446012,-13.145671754460116,0.0,0.0,0.0,88,5.0,45-32,13,UNAVAILABLE,UNAVAILABLE,36.0,720,24.882923763398313,25.0,1.6537092564674882,1.631973742466585,0.855072463768116,VALUE
AUSTIN_DRE_PHASE_3,AUSTIN_DOWNFALL_STATE_MODEL_V1,NCAAB_H1_2_AUSTIN_TRANSFER_V1,b8c80caa49242cc1,NCAAB_20251111_TTU_ILL,KXNCAAMBGAME-25NOV11TTUILL-ILL,H1_2,6,2025-11-12T02:51:52+00:00,2,600,PERSISTENCE_3PLUS,6,CI_CROSSES_ZERO,NORMAL_SUPPORT,-13.145671754460116,-32.0,4.0,20.000000000000004,-33.14567175446012,-13.145671754460116,0.0,0.0,0.0,88,5.0,45-32,13,UNAVAILABLE,UNAVAILABLE,36.0,600,24.882923763398313,25.0,1.6537092564674882,1.631973742466585,0.855072463768116,VALUE
AUSTIN_DRE_PHASE_3,AUSTIN_DOWNFALL_STATE_MODEL_V1,NCAAB_H1_2_AUSTIN_TRANSFER_V1,b8c80caa49242cc1,NCAAB_20251111_TTU_ILL,KXNCAAMBGAME-25NOV11TTUILL-ILL,H1_2,7,2025-11-12T02:51:52+00:00,2,480,PERSISTENCE_3PLUS,7,CI_CROSSES_ZERO,NORMAL_SUPPORT,-13.145671754460116,-32.0,4.0,20.000000000000004,-33.14567175446012,-13.145671754460116,0.0,0.0,0.0,88,5.0,45-32,13,UNAVAILABLE,UNAVAILABLE,36.0,480,24.882923763398313,25.0,1.6537092564674882,1.631973742466585,0.855072463768116,VALUE
AUSTIN_DRE_PHASE_3,AUSTIN_DOWNFALL_STATE_MODEL_V1,NCAAB_H1_2_AUSTIN_TRANSFER_V1,b8c80caa49242cc1,NCAAB_20251111_TTU_ILL,KXNCAAMBGAME-25NOV11TTUILL-ILL,H1_2,8,2025-11-12T03:30:14+00:00,2,360,PERSISTENCE_3PLUS,8,CI_CROSSES_ZERO,NORMAL_SUPPORT,-12.214891209773596,-32.0,4.0,20.000000000000004,-32.2148912097736,-13.145671754460116,0.9307805446865203,0.46539027234326014,0.23269513617163007,77,-6.0,70-65,5,UNAVAILABLE,UNAVAILABLE,876.0,360,23.332763001548187,25.0,0.6308511785354791,0.6928557601533635,1.0,VALUE
AUSTIN_DRE_PHASE_3,AUSTIN_DOWNFALL_STATE_MODEL_V1,NCAAB_H1_2_AUSTIN_TRANSFER_V1,b8c80caa49242cc1,NCAAB_20251111_TTU_ILL,KXNCAAMBGAME-25NOV11TTUILL-ILL,H1_2,9,2025-11-12T02:51:52+00:00,2,240,PERSISTENCE_3PLUS,9,CI_CROSSES_ZERO,NORMAL_SUPPORT,-13.145671754460116,-32.0,4.0,20.000000000000004,-33.14567175446012,-12.214891209773596,-0.9307805446865203,-0.46539027234326014,-0.46539027234326014,88,5.0,45-32,13,UNAVAILABLE,UNAVAILABLE,36.0,240,24.882923763398313,25.0,1.6537092564674882,1.631973742466585,0.855072463768116,VALUE
AUSTIN_DRE_PHASE_3,AUSTIN_DOWNFALL_STATE_MODEL_V1,NCAAB_H1_2_AUSTIN_TRANSFER_V1,b8c80caa49242cc1,NCAAB_20251111_TTU_ILL,KXNCAAMBGAME-25NOV11TTUILL-ILL,H1_2,10,2025-11-12T02:51:52+00:00,2,120,PERSISTENCE_3PLUS,10,CI_CROSSES_ZERO,NORMAL_SUPPORT,-13.145671754460116,-32.0,4.0,20.000000000000004,-33.14567175446012,-13.145671754460116,0.0,0.0,0.23269513617163007,88,5.0,45-32,13,UNAVAILABLE,UNAVAILABLE,36.0,120,24.882923763398313,25.0,1.6537092564674882,1.631973742466585,0.855072463768116,VALUE
AUSTIN_DRE_PHASE_3,AUSTIN_DOWNFALL_STATE_MODEL_V1,NCAAB_H1_2_AUSTIN_TRANSFER_V1,b8c80caa49242cc1,NCAAB_20251111_TTU_ILL,KXNCAAMBGAME-25NOV11TTUILL-ILL,H1_2,11,2025-11-12T03:54:42+00:00,2,0,RECOVERING,0,CI_POSITIVE,NORMAL_SUPPORT,20.0,20.0,20.0,20.000000000000004,-3.552713678800501e-15,-13.145671754460116,33.14567175446012,16.57283587723006,8.28641793861503,99,16.0,81-77,4,UNAVAILABLE,UNAVAILABLE,1236.0,0,24.939017583948065,25.0,1.0261618619935766,1.0189455895700106,1.0,VALUE
AUSTIN_DRE_PHASE_3,AUSTIN_DOWNFALL_STATE_MODEL_V1,NCAAB_H1_2_AUSTIN_TRANSFER_V1,6418fcd22fce92f3,NCAAB_20251113_PITT_WVU,KXNCAAMBGAME-25NOV13PITTWVU-WVU,H1_2,0,2025-11-13T23:02:21+00:00,1,120,UNRESOLVED,0,CI_UNAVAILABLE,SUPPORT_UNAVAILABLE,UNAVAILABLE,UNAVAILABLE,UNAVAILABLE,UNAVAILABLE,UNAVAILABLE,UNAVAILABLE,UNAVAILABLE,UNAVAILABLE,UNAVAILABLE,66,UNAVAILABLE,0-0,0,UNAVAILABLE,UNAVAILABLE,UNAVAILABLE,1320,UNAVAILABLE,UNAVAILABLE,UNAVAILABLE,UNAVAILABLE,0.30434782608695654,NOT_APPLICABLE
AUSTIN_DRE_PHASE_3,AUSTIN_DOWNFALL_STATE_MODEL_V1,NCAAB_H1_2_AUSTIN_TRANSFER_V1,6418fcd22fce92f3,NCAAB_20251113_PITT_WVU,KXNCAAMBGAME-25NOV13PITTWVU-WVU,H1_2,1,2025-11-13T23:47:28+00:00,1,0,HEALTHY,0,CI_POSITIVE,NORMAL_SUPPORT,19.999999999999996,20.0,20.0,19.999999999999996,0.0,UNAVAILABLE,UNAVAILABLE,UNAVAILABLE,UNAVAILABLE,90,6.0,34-25,9,UNAVAILABLE,UNAVAILABLE,174.0,1200,24.539454821662446,25.0,0.8904391718341054,0.7887855653501051,0.9565217391304348,VALUE
AUSTIN_DRE_PHASE_3,AUSTIN_DOWNFALL_STATE_MODEL_V1,NCAAB_H1_2_AUSTIN_TRANSFER_V1,6418fcd22fce92f3,NCAAB_20251113_PITT_WVU,KXNCAAMBGAME-25NOV13PITTWVU-WVU,H1_2,2,2025-11-14T00:03:48+00:00,2,1200,WATCH_NEGATIVE,1,CI_CROSSES_ZERO,NORMAL_SUPPORT,-8.906133689703779,-28.0,8.0,19.999999999999996,-28.906133689703776,19.999999999999996,-28.906133689703776,UNAVAILABLE,UNAVAILABLE,89,5.0,34-25,9,UNAVAILABLE,UNAVAILABLE,174.0,1200,24.89460654829038,25.0,1.5893256086890277,1.5961234262968407,0.9565217391304348,VALUE
AUSTIN_DRE_PHASE_3,AUSTIN_DOWNFALL_STATE_MODEL_V1,NCAAB_H1_2_AUSTIN_TRANSFER_V1,6418fcd22fce92f3,NCAAB_20251113_PITT_WVU,KXNCAAMBGAME-25NOV13PITTWVU-WVU,H1_2,3,2025-11-14T00:03:48+00:00,2,1080,PERSISTENCE_2,2,CI_CROSSES_ZERO,NORMAL_SUPPORT,-8.906133689703779,-28.0,8.0,19.999999999999996,-28.906133689703776,-8.906133689703779,0.0,0.0,UNAVAILABLE,89,5.0,34-25,9,UNAVAILABLE,UNAVAILABLE,174.0,1080,24.89460654829038,25.0,1.5893256086890277,1.5961234262968407,0.9565217391304348,VALUE
AUSTIN_DRE_PHASE_3,AUSTIN_DOWNFALL_STATE_MODEL_V1,NCAAB_H1_2_AUSTIN_TRANSFER_V1,6418fcd22fce92f3,NCAAB_20251113_PITT_WVU,KXNCAAMBGAME-25NOV13PITTWVU-WVU,H1_2,4,2025-11-14T00:03:48+00:00,2,960,PERSISTENCE_3PLUS,3,CI_CROSSES_ZERO,NORMAL_SUPPORT,-8.906133689703779,-28.0,8.0,19.999999999999996,-28.906133689703776,-8.906133689703779,0.0,0.0,0.0,89,5.0,34-25,9,UNAVAILABLE,UNAVAILABLE,174.0,960,24.89460654829038,25.0,1.5893256086890277,1.5961234262968407,0.9565217391304348,VALUE
AUSTIN_DRE_PHASE_3,AUSTIN_DOWNFALL_STATE_MODEL_V1,NCAAB_H1_2_AUSTIN_TRANSFER_V1,6418fcd22fce92f3,NCAAB_20251113_PITT_WVU,KXNCAAMBGAME-25NOV13PITTWVU-WVU,H1_2,5,2025-11-14T00:03:48+00:00,2,840,PERSISTENCE_3PLUS,4,CI_CROSSES_ZERO,NORMAL_SUPPORT,-8.906133689703779,-28.0,8.0,19.999999999999996,-28.906133689703776,-8.906133689703779,0.0,0.0,0.0,89,5.0,34-25,9,UNAVAILABLE,UNAVAILABLE,174.0,840,24.89460654829038,25.0,1.5893256086890277,1.5961234262968407,0.9565217391304348,VALUE
AUSTIN_DRE_PHASE_3,AUSTIN_DOWNFALL_STATE_MODEL_V1,NCAAB_H1_2_AUSTIN_TRANSFER_V1,6418fcd22fce92f3,NCAAB_20251113_PITT_WVU,KXNCAAMBGAME-25NOV13PITTWVU-WVU,H1_2,6,2025-11-14T00:03:48+00:00,2,720,PERSISTENCE_3PLUS,5,CI_CROSSES_ZERO,NORMAL_SUPPORT,-8.906133689703779,-28.0,8.0,19.999999999999996,-28.906133689703776,-8.906133689703779,0.0,0.0,0.0,89,5.0,34-25,9,UNAVAILABLE,UNAVAILABLE,174.0,720,24.89460654829038,25.0,1.5893256086890277,1.5961234262968407,0.9565217391304348,VALUE
AUSTIN_DRE_PHASE_3,AUSTIN_DOWNFALL_STATE_MODEL_V1,NCAAB_H1_2_AUSTIN_TRANSFER_V1,6418fcd22fce92f3,NCAAB_20251113_PITT_WVU,KXNCAAMBGAME-25NOV13PITTWVU-WVU,H1_2,7,2025-11-14T00:03:48+00:00,2,600,PERSISTENCE_3PLUS,6,CI_CROSSES_ZERO,NORMAL_SUPPORT,-8.906133689703779,-28.0,8.0,19.999999999999996,-28.906133689703776,-8.906133689703779,0.0,0.0,0.0,89,5.0,34-25,9,UNAVAILABLE,UNAVAILABLE,174.0,600,24.89460654829038,25.0,1.5893256086890277,1.5961234262968407,0.9565217391304348,VALUE
AUSTIN_DRE_PHASE_3,AUSTIN_DOWNFALL_STATE_MODEL_V1,NCAAB_H1_2_AUSTIN_TRANSFER_V1,6418fcd22fce92f3,NCAAB_20251113_PITT_WVU,KXNCAAMBGAME-25NOV13PITTWVU-WVU,H1_2,8,2025-11-14T00:03:48+00:00,2,480,PERSISTENCE_3PLUS,7,CI_CROSSES_ZERO,NORMAL_SUPPORT,-8.906133689703779,-28.0,8.0,19.999999999999996,-28.906133689703776,-8.906133689703779,0.0,0.0,0.0,89,5.0,34-25,9,UNAVAILABLE,UNAVAILABLE,174.0,480,24.89460654829038,25.0,1.5893256086890277,1.5961234262968407,0.9565217391304348,VALUE
AUSTIN_DRE_PHASE_3,AUSTIN_DOWNFALL_STATE_MODEL_V1,NCAAB_H1_2_AUSTIN_TRANSFER_V1,6418fcd22fce92f3,NCAAB_20251113_PITT_WVU,KXNCAAMBGAME-25NOV13PITTWVU-WVU,H1_2,9,2025-11-14T00:03:48+00:00,2,360,PERSISTENCE_3PLUS,8,CI_CROSSES_ZERO,NORMAL_SUPPORT,-8.906133689703779,-28.0,8.0,19.999999999999996,-28.906133689703776,-8.906133689703779,0.0,0.0,0.0,89,5.0,34-25,9,UNAVAILABLE,UNAVAILABLE,174.0,360,24.89460654829038,25.0,1.5893256086890277,1.5961234262968407,0.9565217391304348,VALUE
AUSTIN_DRE_PHASE_3,AUSTIN_DOWNFALL_STATE_MODEL_V1,NCAAB_H1_2_AUSTIN_TRANSFER_V1,6418fcd22fce92f3,NCAAB_20251113_PITT_WVU,KXNCAAMBGAME-25NOV13PITTWVU-WVU,H1_2,10,2025-11-14T00:03:48+00:00,2,240,PERSISTENCE_3PLUS,9,CI_CROSSES_ZERO,NORMAL_SUPPORT,-8.906133689703779,-28.0,8.0,19.999999999999996,-28.906133689703776,-8.906133689703779,0.0,0.0,0.0,89,5.0,34-25,9,UNAVAILABLE,UNAVAILABLE,174.0,240,24.89460654829038,25.0,1.5893256086890277,1.5961234262968407,0.9565217391304348,VALUE
AUSTIN_DRE_PHASE_3,AUSTIN_DOWNFALL_STATE_MODEL_V1,NCAAB_H1_2_AUSTIN_TRANSFER_V1,6418fcd22fce92f3,NCAAB_20251113_PITT_WVU,KXNCAAMBGAME-25NOV13PITTWVU-WVU,H1_2,11,2025-11-14T00:03:48+00:00,2,120,PERSISTENCE_3PLUS,10,CI_CROSSES_ZERO,NORMAL_SUPPORT,-8.906133689703779,-28.0,8.0,19.999999999999996,-28.906133689703776,-8.906133689703779,0.0,0.0,0.0,89,5.0,34-25,9,UNAVAILABLE,UNAVAILABLE,174.0,120,24.89460654829038,25.0,1.5893256086890277,1.5961234262968407,0.9565217391304348,VALUE
AUSTIN_DRE_PHASE_3,AUSTIN_DOWNFALL_STATE_MODEL_V1,NCAAB_H1_2_AUSTIN_TRANSFER_V1,6418fcd22fce92f3,NCAAB_20251113_PITT_WVU,KXNCAAMBGAME-25NOV13PITTWVU-WVU,H1_2,12,2025-11-14T01:01:29+00:00,2,0,RECOVERING,0,CI_POSITIVE,NORMAL_SUPPORT,20.000000000000004,20.0,20.0,19.999999999999996,7.105427357601002e-15,-8.906133689703779,28.906133689703783,14.453066844851891,7.226533422425946,99,15.0,71-49,22,UNAVAILABLE,UNAVAILABLE,1374.0,0,23.45159673306943,25.0,0.9375234337747592,1.01598421550471,1.0,VALUE
AUSTIN_DRE_PHASE_3,AUSTIN_DOWNFALL_STATE_MODEL_V1,NCAAB_H1_2_AUSTIN_TRANSFER_V1,d834607c08cd9710,NCAAB_20251114_GT_UGA,KXNCAAMBGAME-25NOV14GTUGA-UGA,H1_2,0,2025-11-15T03:10:04+00:00,1,0,HEALTHY,0,CI_POSITIVE,NORMAL_SUPPORT,20.0,20.0,20.0,20.0,0.0,UNAVAILABLE,UNAVAILABLE,UNAVAILABLE,UNAVAILABLE,87,2.0,46-45,1,UNAVAILABLE,UNAVAILABLE,23.0,1200,24.645181701854245,25.0,1.4577435512859287,1.3204334651631373,0.8260869565217391,VALUE
AUSTIN_DRE_PHASE_3,AUSTIN_DOWNFALL_STATE_MODEL_V1,NCAAB_H1_2_AUSTIN_TRANSFER_V1,d834607c08cd9710,NCAAB_20251114_GT_UGA,KXNCAAMBGAME-25NOV14GTUGA-UGA,H1_2,1,2025-11-15T03:17:55+00:00,2,1200,WATCH_NEGATIVE,1,CI_CROSSES_ZERO,NORMAL_SUPPORT,-3.441459911359874,-20.0,12.0,20.0,-23.441459911359875,20.0,-23.441459911359875,UNAVAILABLE,UNAVAILABLE,87,2.0,46-45,1,UNAVAILABLE,UNAVAILABLE,23.0,1200,24.89546175886726,25.0,2.164984112721829,2.187957746481936,0.8260869565217391,VALUE
AUSTIN_DRE_PHASE_3,AUSTIN_DOWNFALL_STATE_MODEL_V1,NCAAB_H1_2_AUSTIN_TRANSFER_V1,d834607c08cd9710,NCAAB_20251114_GT_UGA,KXNCAAMBGAME-25NOV14GTUGA-UGA,H1_2,2,2025-11-15T03:17:55+00:00,2,1080,PERSISTENCE_2,2,CI_CROSSES_ZERO,NORMAL_SUPPORT,-3.441459911359874,-20.0,12.0,20.0,-23.441459911359875,-3.441459911359874,0.0,0.0,UNAVAILABLE,87,2.0,46-45,1,UNAVAILABLE,UNAVAILABLE,23.0,1080,24.89546175886726,25.0,2.164984112721829,2.187957746481936,0.8260869565217391,VALUE
AUSTIN_DRE_PHASE_3,AUSTIN_DOWNFALL_STATE_MODEL_V1,NCAAB_H1_2_AUSTIN_TRANSFER_V1,d834607c08cd9710,NCAAB_20251114_GT_UGA,KXNCAAMBGAME-25NOV14GTUGA-UGA,H1_2,3,2025-11-15T03:17:55+00:00,2,960,PERSISTENCE_3PLUS,3,CI_CROSSES_ZERO,NORMAL_SUPPORT,-3.441459911359874,-20.0,12.0,20.0,-23.441459911359875,-3.441459911359874,0.0,0.0,0.0,87,2.0,46-45,1,UNAVAILABLE,UNAVAILABLE,23.0,960,24.89546175886726,25.0,2.164984112721829,2.187957746481936,0.8260869565217391,VALUE
AUSTIN_DRE_PHASE_3,AUSTIN_DOWNFALL_STATE_MODEL_V1,NCAAB_H1_2_AUSTIN_TRANSFER_V1,d834607c08cd9710,NCAAB_20251114_GT_UGA,KXNCAAMBGAME-25NOV14GTUGA-UGA,H1_2,4,2025-11-15T03:17:55+00:00,2,840,PERSISTENCE_3PLUS,4,CI_CROSSES_ZERO,NORMAL_SUPPORT,-3.441459911359874,-20.0,12.0,20.0,-23.441459911359875,-3.441459911359874,0.0,0.0,0.0,87,2.0,46-45,1,UNAVAILABLE,UNAVAILABLE,23.0,840,24.89546175886726,25.0,2.164984112721829,2.187957746481936,0.8260869565217391,VALUE
AUSTIN_DRE_PHASE_3,AUSTIN_DOWNFALL_STATE_MODEL_V1,NCAAB_H1_2_AUSTIN_TRANSFER_V1,d834607c08cd9710,NCAAB_20251114_GT_UGA,KXNCAAMBGAME-25NOV14GTUGA-UGA,H1_2,5,2025-11-15T03:17:55+00:00,2,720,PERSISTENCE_3PLUS,5,CI_CROSSES_ZERO,NORMAL_SUPPORT,-3.441459911359874,-20.0,12.0,20.0,-23.441459911359875,-3.441459911359874,0.0,0.0,0.0,87,2.0,46-45,1,UNAVAILABLE,UNAVAILABLE,23.0,720,24.89546175886726,25.0,2.164984112721829,2.187957746481936,0.8260869565217391,VALUE
AUSTIN_DRE_PHASE_3,AUSTIN_DOWNFALL_STATE_MODEL_V1,NCAAB_H1_2_AUSTIN_TRANSFER_V1,d834607c08cd9710,NCAAB_20251114_GT_UGA,KXNCAAMBGAME-25NOV14GTUGA-UGA,H1_2,6,2025-11-15T03:17:55+00:00,2,600,PERSISTENCE_3PLUS,6,CI_CROSSES_ZERO,NORMAL_SUPPORT,-3.441459911359874,-20.0,12.0,20.0,-23.441459911359875,-3.441459911359874,0.0,0.0,0.0,87,2.0,46-45,1,UNAVAILABLE,UNAVAILABLE,23.0,600,24.89546175886726,25.0,2.164984112721829,2.187957746481936,0.8260869565217391,VALUE
AUSTIN_DRE_PHASE_3,AUSTIN_DOWNFALL_STATE_MODEL_V1,NCAAB_H1_2_AUSTIN_TRANSFER_V1,d834607c08cd9710,NCAAB_20251114_GT_UGA,KXNCAAMBGAME-25NOV14GTUGA-UGA,H1_2,7,2025-11-15T03:17:55+00:00,2,480,PERSISTENCE_3PLUS,7,CI_CROSSES_ZERO,NORMAL_SUPPORT,-3.441459911359874,-20.0,12.0,20.0,-23.441459911359875,-3.441459911359874,0.0,0.0,0.0,87,2.0,46-45,1,UNAVAILABLE,UNAVAILABLE,23.0,480,24.89546175886726,25.0,2.164984112721829,2.187957746481936,0.8260869565217391,VALUE
AUSTIN_DRE_PHASE_3,AUSTIN_DOWNFALL_STATE_MODEL_V1,NCAAB_H1_2_AUSTIN_TRANSFER_V1,d834607c08cd9710,NCAAB_20251114_GT_UGA,KXNCAAMBGAME-25NOV14GTUGA-UGA,H1_2,8,2025-11-15T03:17:55+00:00,2,360,PERSISTENCE_3PLUS,8,CI_CROSSES_ZERO,NORMAL_SUPPORT,-3.441459911359874,-20.0,12.0,20.0,-23.441459911359875,-3.441459911359874,0.0,0.0,0.0,87,2.0,46-45,1,UNAVAILABLE,UNAVAILABLE,23.0,360,24.89546175886726,25.0,2.164984112721829,2.187957746481936,0.8260869565217391,VALUE
AUSTIN_DRE_PHASE_3,AUSTIN_DOWNFALL_STATE_MODEL_V1,NCAAB_H1_2_AUSTIN_TRANSFER_V1,d834607c08cd9710,NCAAB_20251114_GT_UGA,KXNCAAMBGAME-25NOV14GTUGA-UGA,H1_2,9,2025-11-15T03:17:55+00:00,2,240,PERSISTENCE_3PLUS,9,CI_CROSSES_ZERO,NORMAL_SUPPORT,-3.441459911359874,-20.0,12.0,20.0,-23.441459911359875,-3.441459911359874,0.0,0.0,0.0,87,2.0,46-45,1,UNAVAILABLE,UNAVAILABLE,23.0,240,24.89546175886726,25.0,2.164984112721829,2.187957746481936,0.8260869565217391,VALUE
AUSTIN_DRE_PHASE_3,AUSTIN_DOWNFALL_STATE_MODEL_V1,NCAAB_H1_2_AUSTIN_TRANSFER_V1,d834607c08cd9710,NCAAB_20251114_GT_UGA,KXNCAAMBGAME-25NOV14GTUGA-UGA,H1_2,10,2025-11-15T04:16:53+00:00,2,120,RECOVERING,0,CI_POSITIVE,NORMAL_SUPPORT,20.0,20.0,20.0,20.0,0.0,-3.441459911359874,23.441459911359875,11.720729955679937,5.860364977839969,98,13.0,86-76,10,UNAVAILABLE,UNAVAILABLE,1103.0,120,23.013775926491583,25.0,0.6397417665578833,0.6655019674640634,1.0,VALUE
AUSTIN_DRE_PHASE_3,AUSTIN_DOWNFALL_STATE_MODEL_V1,NCAAB_H1_2_AUSTIN_TRANSFER_V1,d834607c08cd9710,NCAAB_20251114_GT_UGA,KXNCAAMBGAME-25NOV14GTUGA-UGA,H1_2,11,2025-11-15T04:33:53+00:00,2,0,HEALTHY_AFTER_RECOVERY,0,CI_POSITIVE,NORMAL_SUPPORT,19.999999999999996,20.0,20.0,20.0,-3.552713678800501e-15,20.0,-3.552713678800501e-15,-1.7763568394002505e-15,-5.86036497783997,99,14.0,92-87,5,UNAVAILABLE,UNAVAILABLE,1223.0,0,24.743107440090167,25.0,1.230608751100249,1.2707528653198912,1.0,VALUE
AUSTIN_DRE_PHASE_3,AUSTIN_DOWNFALL_STATE_MODEL_V1,NCAAB_H1_2_AUSTIN_TRANSFER_V1,69040d9f3369ada7,NCAAB_20251115_OKLA_NEB,KXNCAAMBGAME-25NOV15OKLANEB-OKLA,H1_2,0,2025-11-16T00:08:53+00:00,1,360,UNRESOLVED,0,CI_UNAVAILABLE,SUPPORT_UNAVAILABLE,UNAVAILABLE,UNAVAILABLE,UNAVAILABLE,UNAVAILABLE,UNAVAILABLE,UNAVAILABLE,UNAVAILABLE,UNAVAILABLE,UNAVAILABLE,46,UNAVAILABLE,0-0,0,UNAVAILABLE,UNAVAILABLE,UNAVAILABLE,1560,UNAVAILABLE,UNAVAILABLE,UNAVAILABLE,UNAVAILABLE,0.30434782608695654,NOT_APPLICABLE
AUSTIN_DRE_PHASE_3,AUSTIN_DOWNFALL_STATE_MODEL_V1,NCAAB_H1_2_AUSTIN_TRANSFER_V1,69040d9f3369ada7,NCAAB_20251115_OKLA_NEB,KXNCAAMBGAME-25NOV15OKLANEB-OKLA,H1_2,1,2025-11-16T00:08:53+00:00,1,240,UNRESOLVED,0,CI_UNAVAILABLE,SUPPORT_UNAVAILABLE,UNAVAILABLE,UNAVAILABLE,UNAVAILABLE,UNAVAILABLE,UNAVAILABLE,UNAVAILABLE,UNAVAILABLE,UNAVAILABLE,UNAVAILABLE,46,UNAVAILABLE,0-0,0,UNAVAILABLE,UNAVAILABLE,UNAVAILABLE,1440,UNAVAILABLE,UNAVAILABLE,UNAVAILABLE,UNAVAILABLE,0.30434782608695654,NOT_APPLICABLE
AUSTIN_DRE_PHASE_3,AUSTIN_DOWNFALL_STATE_MODEL_V1,NCAAB_H1_2_AUSTIN_TRANSFER_V1,69040d9f3369ada7,NCAAB_20251115_OKLA_NEB,KXNCAAMBGAME-25NOV15OKLANEB-OKLA,H1_2,2,2025-11-16T00:08:53+00:00,1,120,UNRESOLVED,0,CI_UNAVAILABLE,SUPPORT_UNAVAILABLE,UNAVAILABLE,UNAVAILABLE,UNAVAILABLE,UNAVAILABLE,UNAVAILABLE,UNAVAILABLE,UNAVAILABLE,UNAVAILABLE,UNAVAILABLE,46,UNAVAILABLE,0-0,0,UNAVAILABLE,UNAVAILABLE,UNAVAILABLE,1320,UNAVAILABLE,UNAVAILABLE,UNAVAILABLE,UNAVAILABLE,0.30434782608695654,NOT_APPLICABLE
AUSTIN_DRE_PHASE_3,AUSTIN_DOWNFALL_STATE_MODEL_V1,NCAAB_H1_2_AUSTIN_TRANSFER_V1,69040d9f3369ada7,NCAAB_20251115_OKLA_NEB,KXNCAAMBGAME-25NOV15OKLANEB-OKLA,H1_2,3,2025-11-16T00:59:05+00:00,1,0,HEALTHY,0,CI_POSITIVE,NORMAL_SUPPORT,20.000000000000004,20.0,20.0,20.000000000000004,0.0,UNAVAILABLE,UNAVAILABLE,UNAVAILABLE,UNAVAILABLE,64,-19.0,44-51,-7,UNAVAILABLE,UNAVAILABLE,403.0,1200,24.972803435215045,25.0,0.868479537316724,0.8657765270022685,0.9855072463768116,VALUE
AUSTIN_DRE_PHASE_3,AUSTIN_DOWNFALL_STATE_MODEL_V1,NCAAB_H1_2_AUSTIN_TRANSFER_V1,69040d9f3369ada7,NCAAB_20251115_OKLA_NEB,KXNCAAMBGAME-25NOV15OKLANEB-OKLA,H1_2,4,2025-11-16T01:13:54+00:00,2,1200,HEALTHY,0,CI_POSITIVE,NORMAL_SUPPORT,19.999999999999996,20.0,20.0,20.000000000000004,-7.105427357601002e-15,20.000000000000004,-7.105427357601002e-15,UNAVAILABLE,UNAVAILABLE,68,-15.0,44-51,-7,UNAVAILABLE,UNAVAILABLE,403.0,1200,24.93305536809362,25.0,1.6044610394837044,1.6268750041271778,0.9855072463768116,VALUE
AUSTIN_DRE_PHASE_3,AUSTIN_DOWNFALL_STATE_MODEL_V1,NCAAB_H1_2_AUSTIN_TRANSFER_V1,69040d9f3369ada7,NCAAB_20251115_OKLA_NEB,KXNCAAMBGAME-25NOV15OKLANEB-OKLA,H1_2,5,2025-11-16T01:13:54+00:00,2,1080,HEALTHY,0,CI_POSITIVE,NORMAL_SUPPORT,19.999999999999996,20.0,20.0,20.000000000000004,-7.105427357601002e-15,19.999999999999996,0.0,0.0,UNAVAILABLE,68,-15.0,44-51,-7,UNAVAILABLE,UNAVAILABLE,403.0,1080,24.93305536809362,25.0,1.6044610394837044,1.6268750041271778,0.9855072463768116,VALUE
AUSTIN_DRE_PHASE_3,AUSTIN_DOWNFALL_STATE_MODEL_V1,NCAAB_H1_2_AUSTIN_TRANSFER_V1,69040d9f3369ada7,NCAAB_20251115_OKLA_NEB,KXNCAAMBGAME-25NOV15OKLANEB-OKLA,H1_2,6,2025-11-16T01:13:54+00:00,2,960,HEALTHY,0,CI_POSITIVE,NORMAL_SUPPORT,19.999999999999996,20.0,20.0,20.000000000000004,-7.105427357601002e-15,19.999999999999996,0.0,0.0,0.0,68,-15.0,44-51,-7,UNAVAILABLE,UNAVAILABLE,403.0,960,24.93305536809362,25.0,1.6044610394837044,1.6268750041271778,0.9855072463768116,VALUE
AUSTIN_DRE_PHASE_3,AUSTIN_DOWNFALL_STATE_MODEL_V1,NCAAB_H1_2_AUSTIN_TRANSFER_V1,69040d9f3369ada7,NCAAB_20251115_OKLA_NEB,KXNCAAMBGAME-25NOV15OKLANEB-OKLA,H1_2,7,2025-11-16T01:13:54+00:00,2,840,HEALTHY,0,CI_POSITIVE,NORMAL_SUPPORT,19.999999999999996,20.0,20.0,20.000000000000004,-7.105427357601002e-15,19.999999999999996,0.0,0.0,0.0,68,-15.0,44-51,-7,UNAVAILABLE,UNAVAILABLE,403.0,840,24.93305536809362,25.0,1.6044610394837044,1.6268750041271778,0.9855072463768116,VALUE
AUSTIN_DRE_PHASE_3,AUSTIN_DOWNFALL_STATE_MODEL_V1,NCAAB_H1_2_AUSTIN_TRANSFER_V1,69040d9f3369ada7,NCAAB_20251115_OKLA_NEB,KXNCAAMBGAME-25NOV15OKLANEB-OKLA,H1_2,8,2025-11-16T01:13:54+00:00,2,720,HEALTHY,0,CI_POSITIVE,NORMAL_SUPPORT,19.999999999999996,20.0,20.0,20.000000000000004,-7.105427357601002e-15,19.999999999999996,0.0,0.0,0.0,68,-15.0,44-51,-7,UNAVAILABLE,UNAVAILABLE,403.0,720,24.93305536809362,25.0,1.6044610394837044,1.6268750041271778,0.9855072463768116,VALUE
AUSTIN_DRE_PHASE_3,AUSTIN_DOWNFALL_STATE_MODEL_V1,NCAAB_H1_2_AUSTIN_TRANSFER_V1,69040d9f3369ada7,NCAAB_20251115_OKLA_NEB,KXNCAAMBGAME-25NOV15OKLANEB-OKLA,H1_2,9,2025-11-16T01:13:54+00:00,2,600,HEALTHY,0,CI_POSITIVE,NORMAL_SUPPORT,19.999999999999996,20.0,20.0,20.000000000000004,-7.105427357601002e-15,19.999999999999996,0.0,0.0,0.0,68,-15.0,44-51,-7,UNAVAILABLE,UNAVAILABLE,403.0,600,24.93305536809362,25.0,1.6044610394837044,1.6268750041271778,0.9855072463768116,VALUE
AUSTIN_DRE_PHASE_3,AUSTIN_DOWNFALL_STATE_MODEL_V1,NCAAB_H1_2_AUSTIN_TRANSFER_V1,69040d9f3369ada7,NCAAB_20251115_OKLA_NEB,KXNCAAMBGAME-25NOV15OKLANEB-OKLA,H1_2,10,2025-11-16T01:47:48+00:00,2,480,WATCH_NEGATIVE,1,CI_NEGATIVE,NORMAL_SUPPORT,-72.79525667177968,-80.0,-63.90000000000009,20.000000000000004,-92.79525667177968,19.999999999999996,-92.79525667177968,-46.39762833588984,-23.19881416794492,17,-66.0,78-75,3,UNAVAILABLE,UNAVAILABLE,1123.0,480,24.75602589171727,25.0,1.2920094810442624,1.3046374210773324,1.0,VALUE
AUSTIN_DRE_PHASE_3,AUSTIN_DOWNFALL_STATE_MODEL_V1,NCAAB_H1_2_AUSTIN_TRANSFER_V1,69040d9f3369ada7,NCAAB_20251115_OKLA_NEB,KXNCAAMBGAME-25NOV15OKLANEB-OKLA,H1_2,11,2025-11-16T01:13:54+00:00,2,360,RECOVERING,0,CI_POSITIVE,NORMAL_SUPPORT,19.999999999999996,20.0,20.0,20.000000000000004,-7.105427357601002e-15,-72.79525667177968,92.79525667177968,46.39762833588984,46.39762833588984,68,-15.0,44-51,-7,UNAVAILABLE,UNAVAILABLE,403.0,360,24.93305536809362,25.0,1.6044610394837044,1.6268750041271778,0.9855072463768116,VALUE
AUSTIN_DRE_PHASE_3,AUSTIN_DOWNFALL_STATE_MODEL_V1,NCAAB_H1_2_AUSTIN_TRANSFER_V1,69040d9f3369ada7,NCAAB_20251115_OKLA_NEB,KXNCAAMBGAME-25NOV15OKLANEB-OKLA,H1_2,12,2025-11-16T01:13:54+00:00,2,240,HEALTHY_AFTER_RECOVERY,0,CI_POSITIVE,NORMAL_SUPPORT,19.999999999999996,20.0,20.0,20.000000000000004,-7.105427357601002e-15,19.999999999999996,0.0,0.0,-23.19881416794492,68,-15.0,44-51,-7,UNAVAILABLE,UNAVAILABLE,403.0,240,24.93305536809362,25.0,1.6044610394837044,1.6268750041271778,0.9855072463768116,VALUE
AUSTIN_DRE_PHASE_3,AUSTIN_DOWNFALL_STATE_MODEL_V1,NCAAB_H1_2_AUSTIN_TRANSFER_V1,69040d9f3369ada7,NCAAB_20251115_OKLA_NEB,KXNCAAMBGAME-25NOV15OKLANEB-OKLA,H1_2,13,2025-11-16T01:13:54+00:00,2,120,HEALTHY_AFTER_RECOVERY,0,CI_POSITIVE,NORMAL_SUPPORT,19.999999999999996,20.0,20.0,20.000000000000004,-7.105427357601002e-15,19.999999999999996,0.0,0.0,0.0,68,-15.0,44-51,-7,UNAVAILABLE,UNAVAILABLE,403.0,120,24.93305536809362,25.0,1.6044610394837044,1.6268750041271778,0.9855072463768116,VALUE
AUSTIN_DRE_PHASE_3,AUSTIN_DOWNFALL_STATE_MODEL_V1,NCAAB_H1_2_AUSTIN_TRANSFER_V1,61ea9069a5d7cec5,NCAAB_20251116_HOU_AUB,KXNCAAMBGAME-25NOV16HOUAUB-HOU,H1_2,0,2025-11-16T20:47:49+00:00,1,240,HEALTHY,0,CI_CROSSES_ZERO,NORMAL_SUPPORT,3.4556551197104923,-12.0,16.0,3.4556551197104923,0.0,UNAVAILABLE,UNAVAILABLE,UNAVAILABLE,UNAVAILABLE,84,4.0,25-30,-5,UNAVAILABLE,UNAVAILABLE,92.0,1440,24.847811605392284,25.0,0.8052575794146364,0.812544434137683,0.8985507246376812,VALUE
AUSTIN_DRE_PHASE_3,AUSTIN_DOWNFALL_STATE_MODEL_V1,NCAAB_H1_2_AUSTIN_TRANSFER_V1,61ea9069a5d7cec5,NCAAB_20251116_HOU_AUB,KXNCAAMBGAME-25NOV16HOUAUB-HOU,H1_2,1,2025-11-16T20:05:43+00:00,1,120,UNRESOLVED,0,CI_UNAVAILABLE,SUPPORT_UNAVAILABLE,UNAVAILABLE,UNAVAILABLE,UNAVAILABLE,3.4556551197104923,UNAVAILABLE,UNAVAILABLE,UNAVAILABLE,UNAVAILABLE,UNAVAILABLE,75,UNAVAILABLE,0-0,0,UNAVAILABLE,UNAVAILABLE,UNAVAILABLE,1320,UNAVAILABLE,UNAVAILABLE,UNAVAILABLE,UNAVAILABLE,0.30434782608695654,NOT_APPLICABLE
AUSTIN_DRE_PHASE_3,AUSTIN_DOWNFALL_STATE_MODEL_V1,NCAAB_H1_2_AUSTIN_TRANSFER_V1,61ea9069a5d7cec5,NCAAB_20251116_HOU_AUB,KXNCAAMBGAME-25NOV16HOUAUB-HOU,H1_2,2,2025-11-16T21:01:22+00:00,1,0,WATCH_NEGATIVE,1,CI_NEGATIVE,NORMAL_SUPPORT,-42.48248384412481,-60.0,-24.0,3.4556551197104923,-45.9381389638353,3.4556551197104923,-45.9381389638353,-11.484534740958825,UNAVAILABLE,75,-5.0,35-39,-4,UNAVAILABLE,UNAVAILABLE,332.0,1200,24.903992645730757,25.0,0.5756139218164483,0.5518672938098741,0.9855072463768116,VALUE
AUSTIN_DRE_PHASE_3,AUSTIN_DOWNFALL_STATE_MODEL_V1,NCAAB_H1_2_AUSTIN_TRANSFER_V1,61ea9069a5d7cec5,NCAAB_20251116_HOU_AUB,KXNCAAMBGAME-25NOV16HOUAUB-HOU,H1_2,3,2025-11-16T21:17:27+00:00,2,1200,RECOVERING,0,CI_CROSSES_ZERO,NORMAL_SUPPORT,0.9934223438513055,-16.0,12.099999999999909,3.4556551197104923,-2.462232775859187,-42.48248384412481,43.475906187976115,UNAVAILABLE,UNAVAILABLE,80,0.0,35-39,-4,UNAVAILABLE,UNAVAILABLE,332.0,1200,24.951457202289884,25.0,1.1412652217344879,1.1035724015270234,0.9855072463768116,VALUE
AUSTIN_DRE_PHASE_3,AUSTIN_DOWNFALL_STATE_MODEL_V1,NCAAB_H1_2_AUSTIN_TRANSFER_V1,61ea9069a5d7cec5,NCAAB_20251116_HOU_AUB,KXNCAAMBGAME-25NOV16HOUAUB-HOU,H1_2,4,2025-11-16T21:17:27+00:00,2,1080,HEALTHY_AFTER_RECOVERY,0,CI_CROSSES_ZERO,NORMAL_SUPPORT,0.9934223438513055,-16.0,12.099999999999909,3.4556551197104923,-2.462232775859187,0.9934223438513055,0.0,0.0,UNAVAILABLE,80,0.0,35-39,-4,UNAVAILABLE,UNAVAILABLE,332.0,1080,24.951457202289884,25.0,1.1412652217344879,1.1035724015270234,0.9855072463768116,VALUE
AUSTIN_DRE_PHASE_3,AUSTIN_DOWNFALL_STATE_MODEL_V1,NCAAB_H1_2_AUSTIN_TRANSFER_V1,61ea9069a5d7cec5,NCAAB_20251116_HOU_AUB,KXNCAAMBGAME-25NOV16HOUAUB-HOU,H1_2,5,2025-11-16T21:17:27+00:00,2,960,HEALTHY_AFTER_RECOVERY,0,CI_CROSSES_ZERO,NORMAL_SUPPORT,0.9934223438513055,-16.0,12.099999999999909,3.4556551197104923,-2.462232775859187,0.9934223438513055,0.0,0.0,0.0,80,0.0,35-39,-4,UNAVAILABLE,UNAVAILABLE,332.0,960,24.951457202289884,25.0,1.1412652217344879,1.1035724015270234,0.9855072463768116,VALUE
AUSTIN_DRE_PHASE_3,AUSTIN_DOWNFALL_STATE_MODEL_V1,NCAAB_H1_2_AUSTIN_TRANSFER_V1,61ea9069a5d7cec5,NCAAB_20251116_HOU_AUB,KXNCAAMBGAME-25NOV16HOUAUB-HOU,H1_2,6,2025-11-16T21:17:27+00:00,2,840,HEALTHY_AFTER_RECOVERY,0,CI_CROSSES_ZERO,NORMAL_SUPPORT,0.9934223438513055,-16.0,12.099999999999909,3.4556551197104923,-2.462232775859187,0.9934223438513055,0.0,0.0,0.0,80,0.0,35-39,-4,UNAVAILABLE,UNAVAILABLE,332.0,840,24.951457202289884,25.0,1.1412652217344879,1.1035724015270234,0.9855072463768116,VALUE
AUSTIN_DRE_PHASE_3,AUSTIN_DOWNFALL_STATE_MODEL_V1,NCAAB_H1_2_AUSTIN_TRANSFER_V1,61ea9069a5d7cec5,NCAAB_20251116_HOU_AUB,KXNCAAMBGAME-25NOV16HOUAUB-HOU,H1_2,7,2025-11-16T21:35:34+00:00,2,720,HEALTHY_AFTER_RECOVERY,0,CI_CROSSES_ZERO,NORMAL_SUPPORT,13.142974910470189,0.0,20.0,3.4556551197104923,9.687319790759696,0.9934223438513055,12.149552566618883,6.074776283309442,3.037388141654721,79,-1.0,49-55,-6,UNAVAILABLE,UNAVAILABLE,812.0,720,24.085121393458426,25.0,0.3852331725026956,0.4064270211458485,1.0,VALUE
AUSTIN_DRE_PHASE_3,AUSTIN_DOWNFALL_STATE_MODEL_V1,NCAAB_H1_2_AUSTIN_TRANSFER_V1,61ea9069a5d7cec5,NCAAB_20251116_HOU_AUB,KXNCAAMBGAME-25NOV16HOUAUB-HOU,H1_2,8,2025-11-16T21:17:27+00:00,2,600,HEALTHY_AFTER_RECOVERY,0,CI_CROSSES_ZERO,NORMAL_SUPPORT,0.9934223438513055,-16.0,12.099999999999909,3.4556551197104923,-2.462232775859187,13.142974910470189,-12.149552566618883,-6.074776283309442,-6.074776283309442,80,0.0,35-39,-4,UNAVAILABLE,UNAVAILABLE,332.0,600,24.951457202289884,25.0,1.1412652217344879,1.1035724015270234,0.9855072463768116,VALUE
AUSTIN_DRE_PHASE_3,AUSTIN_DOWNFALL_STATE_MODEL_V1,NCAAB_H1_2_AUSTIN_TRANSFER_V1,61ea9069a5d7cec5,NCAAB_20251116_HOU_AUB,KXNCAAMBGAME-25NOV16HOUAUB-HOU,H1_2,9,2025-11-16T21:17:27+00:00,2,480,HEALTHY_AFTER_RECOVERY,0,CI_CROSSES_ZERO,NORMAL_SUPPORT,0.9934223438513055,-16.0,12.099999999999909,3.4556551197104923,-2.462232775859187,0.9934223438513055,0.0,0.0,3.037388141654721,80,0.0,35-39,-4,UNAVAILABLE,UNAVAILABLE,332.0,480,24.951457202289884,25.0,1.1412652217344879,1.1035724015270234,0.9855072463768116,VALUE
AUSTIN_DRE_PHASE_3,AUSTIN_DOWNFALL_STATE_MODEL_V1,NCAAB_H1_2_AUSTIN_TRANSFER_V1,61ea9069a5d7cec5,NCAAB_20251116_HOU_AUB,KXNCAAMBGAME-25NOV16HOUAUB-HOU,H1_2,10,2025-11-16T21:17:27+00:00,2,360,HEALTHY_AFTER_RECOVERY,0,CI_CROSSES_ZERO,NORMAL_SUPPORT,0.9934223438513055,-16.0,12.099999999999909,3.4556551197104923,-2.462232775859187,0.9934223438513055,0.0,0.0,0.0,80,0.0,35-39,-4,UNAVAILABLE,UNAVAILABLE,332.0,360,24.951457202289884,25.0,1.1412652217344879,1.1035724015270234,0.9855072463768116,VALUE
AUSTIN_DRE_PHASE_3,AUSTIN_DOWNFALL_STATE_MODEL_V1,NCAAB_H1_2_AUSTIN_TRANSFER_V1,61ea9069a5d7cec5,NCAAB_20251116_HOU_AUB,KXNCAAMBGAME-25NOV16HOUAUB-HOU,H1_2,11,2025-11-16T21:17:27+00:00,2,240,HEALTHY_AFTER_RECOVERY,0,CI_CROSSES_ZERO,NORMAL_SUPPORT,0.9934223438513055,-16.0,12.099999999999909,3.4556551197104923,-2.462232775859187,0.9934223438513055,0.0,0.0,0.0,80,0.0,35-39,-4,UNAVAILABLE,UNAVAILABLE,332.0,240,24.951457202289884,25.0,1.1412652217344879,1.1035724015270234,0.9855072463768116,VALUE
AUSTIN_DRE_PHASE_3,AUSTIN_DOWNFALL_STATE_MODEL_V1,NCAAB_H1_2_AUSTIN_TRANSFER_V1,61ea9069a5d7cec5,NCAAB_20251116_HOU_AUB,KXNCAAMBGAME-25NOV16HOUAUB-HOU,H1_2,12,2025-11-16T21:17:27+00:00,2,120,HEALTHY_AFTER_RECOVERY,0,CI_CROSSES_ZERO,NORMAL_SUPPORT,0.9934223438513055,-16.0,12.099999999999909,3.4556551197104923,-2.462232775859187,0.9934223438513055,0.0,0.0,0.0,80,0.0,35-39,-4,UNAVAILABLE,UNAVAILABLE,332.0,120,24.951457202289884,25.0,1.1412652217344879,1.1035724015270234,0.9855072463768116,VALUE
AUSTIN_DRE_PHASE_3,AUSTIN_DOWNFALL_STATE_MODEL_V1,NCAAB_H1_2_AUSTIN_TRANSFER_V1,63a57a9affd5d10f,NCAAB_20251118_MSU_UK,KXNCAAMBGAME-25NOV18MSUUK-MSU,H1_2,0,2025-11-19T00:25:39+00:00,1,0,WATCH_NEGATIVE,1,CI_NEGATIVE,NORMAL_SUPPORT,-40.803434756865514,-60.0,-20.0,-40.803434756865514,0.0,UNAVAILABLE,UNAVAILABLE,UNAVAILABLE,UNAVAILABLE,86,4.0,27-44,-17,UNAVAILABLE,UNAVAILABLE,65.0,1200,24.992114749153302,25.0,0.7209640452908119,0.7136465218552389,0.8985507246376812,VALUE
AUSTIN_DRE_PHASE_3,AUSTIN_DOWNFALL_STATE_MODEL_V1,NCAAB_H1_2_AUSTIN_TRANSFER_V1,63a57a9affd5d10f,NCAAB_20251118_MSU_UK,KXNCAAMBGAME-25NOV18MSUUK-MSU,H1_2,1,2025-11-19T00:42:34+00:00,2,1200,PERSISTENCE_2,2,CI_CROSSES_ZERO,NORMAL_SUPPORT,-9.99887060305865,-28.0,8.0,-40.803434756865514,30.804564153806865,-40.803434756865514,30.804564153806865,UNAVAILABLE,UNAVAILABLE,88,6.0,27-44,-17,UNAVAILABLE,UNAVAILABLE,65.0,1200,24.89610452825514,25.0,1.50276228591521,1.5473579401960302,0.8985507246376812,VALUE
AUSTIN_DRE_PHASE_3,AUSTIN_DOWNFALL_STATE_MODEL_V1,NCAAB_H1_2_AUSTIN_TRANSFER_V1,63a57a9affd5d10f,NCAAB_20251118_MSU_UK,KXNCAAMBGAME-25NOV18MSUUK-MSU,H1_2,2,2025-11-19T00:42:34+00:00,2,1080,PERSISTENCE_3PLUS,3,CI_CROSSES_ZERO,NORMAL_SUPPORT,-9.99887060305865,-28.0,8.0,-40.803434756865514,30.804564153806865,-9.99887060305865,0.0,0.0,UNAVAILABLE,88,6.0,27-44,-17,UNAVAILABLE,UNAVAILABLE,65.0,1080,24.89610452825514,25.0,1.50276228591521,1.5473579401960302,0.8985507246376812,VALUE
AUSTIN_DRE_PHASE_3,AUSTIN_DOWNFALL_STATE_MODEL_V1,NCAAB_H1_2_AUSTIN_TRANSFER_V1,63a57a9affd5d10f,NCAAB_20251118_MSU_UK,KXNCAAMBGAME-25NOV18MSUUK-MSU,H1_2,3,2025-11-19T00:42:34+00:00,2,960,PERSISTENCE_3PLUS,4,CI_CROSSES_ZERO,NORMAL_SUPPORT,-9.99887060305865,-28.0,8.0,-40.803434756865514,30.804564153806865,-9.99887060305865,0.0,0.0,0.0,88,6.0,27-44,-17,UNAVAILABLE,UNAVAILABLE,65.0,960,24.89610452825514,25.0,1.50276228591521,1.5473579401960302,0.8985507246376812,VALUE
AUSTIN_DRE_PHASE_3,AUSTIN_DOWNFALL_STATE_MODEL_V1,NCAAB_H1_2_AUSTIN_TRANSFER_V1,63a57a9affd5d10f,NCAAB_20251118_MSU_UK,KXNCAAMBGAME-25NOV18MSUUK-MSU,H1_2,4,2025-11-19T00:42:34+00:00,2,840,PERSISTENCE_3PLUS,5,CI_CROSSES_ZERO,NORMAL_SUPPORT,-9.99887060305865,-28.0,8.0,-40.803434756865514,30.804564153806865,-9.99887060305865,0.0,0.0,0.0,88,6.0,27-44,-17,UNAVAILABLE,UNAVAILABLE,65.0,840,24.89610452825514,25.0,1.50276228591521,1.5473579401960302,0.8985507246376812,VALUE
AUSTIN_DRE_PHASE_3,AUSTIN_DOWNFALL_STATE_MODEL_V1,NCAAB_H1_2_AUSTIN_TRANSFER_V1,63a57a9affd5d10f,NCAAB_20251118_MSU_UK,KXNCAAMBGAME-25NOV18MSUUK-MSU,H1_2,5,2025-11-19T00:42:34+00:00,2,720,PERSISTENCE_3PLUS,6,CI_CROSSES_ZERO,NORMAL_SUPPORT,-9.99887060305865,-28.0,8.0,-40.803434756865514,30.804564153806865,-9.99887060305865,0.0,0.0,0.0,88,6.0,27-44,-17,UNAVAILABLE,UNAVAILABLE,65.0,720,24.89610452825514,25.0,1.50276228591521,1.5473579401960302,0.8985507246376812,VALUE
AUSTIN_DRE_PHASE_3,AUSTIN_DOWNFALL_STATE_MODEL_V1,NCAAB_H1_2_AUSTIN_TRANSFER_V1,63a57a9affd5d10f,NCAAB_20251118_MSU_UK,KXNCAAMBGAME-25NOV18MSUUK-MSU,H1_2,6,2025-11-19T00:42:34+00:00,2,600,PERSISTENCE_3PLUS,7,CI_CROSSES_ZERO,NORMAL_SUPPORT,-9.99887060305865,-28.0,8.0,-40.803434756865514,30.804564153806865,-9.99887060305865,0.0,0.0,0.0,88,6.0,27-44,-17,UNAVAILABLE,UNAVAILABLE,65.0,600,24.89610452825514,25.0,1.50276228591521,1.5473579401960302,0.8985507246376812,VALUE
AUSTIN_DRE_PHASE_3,AUSTIN_DOWNFALL_STATE_MODEL_V1,NCAAB_H1_2_AUSTIN_TRANSFER_V1,63a57a9affd5d10f,NCAAB_20251118_MSU_UK,KXNCAAMBGAME-25NOV18MSUUK-MSU,H1_2,7,2025-11-19T00:42:34+00:00,2,480,PERSISTENCE_3PLUS,8,CI_CROSSES_ZERO,NORMAL_SUPPORT,-9.99887060305865,-28.0,8.0,-40.803434756865514,30.804564153806865,-9.99887060305865,0.0,0.0,0.0,88,6.0,27-44,-17,UNAVAILABLE,UNAVAILABLE,65.0,480,24.89610452825514,25.0,1.50276228591521,1.5473579401960302,0.8985507246376812,VALUE
AUSTIN_DRE_PHASE_3,AUSTIN_DOWNFALL_STATE_MODEL_V1,NCAAB_H1_2_AUSTIN_TRANSFER_V1,63a57a9affd5d10f,NCAAB_20251118_MSU_UK,KXNCAAMBGAME-25NOV18MSUUK-MSU,H1_2,8,2025-11-19T01:19:53+00:00,2,360,RECOVERING,0,CI_CROSSES_ZERO,NORMAL_SUPPORT,7.375762345031187,-8.0,20.0,-40.803434756865514,48.1791971018967,-9.99887060305865,17.374632948089836,8.687316474044918,4.343658237022459,97,15.0,55-71,-16,UNAVAILABLE,UNAVAILABLE,905.0,360,23.42527373750347,25.0,0.4460954270328489,0.49436705569194,1.0,VALUE
AUSTIN_DRE_PHASE_3,AUSTIN_DOWNFALL_STATE_MODEL_V1,NCAAB_H1_2_AUSTIN_TRANSFER_V1,63a57a9affd5d10f,NCAAB_20251118_MSU_UK,KXNCAAMBGAME-25NOV18MSUUK-MSU,H1_2,9,2025-11-19T00:42:34+00:00,2,240,WATCH_NEGATIVE,1,CI_CROSSES_ZERO,NORMAL_SUPPORT,-9.99887060305865,-28.0,8.0,-40.803434756865514,30.804564153806865,7.375762345031187,-17.374632948089836,-8.687316474044918,-8.687316474044918,88,6.0,27-44,-17,UNAVAILABLE,UNAVAILABLE,65.0,240,24.89610452825514,25.0,1.50276228591521,1.5473579401960302,0.8985507246376812,VALUE
AUSTIN_DRE_PHASE_3,AUSTIN_DOWNFALL_STATE_MODEL_V1,NCAAB_H1_2_AUSTIN_TRANSFER_V1,63a57a9affd5d10f,NCAAB_20251118_MSU_UK,KXNCAAMBGAME-25NOV18MSUUK-MSU,H1_2,10,2025-11-19T00:42:34+00:00,2,120,PERSISTENCE_2,2,CI_CROSSES_ZERO,NORMAL_SUPPORT,-9.99887060305865,-28.0,8.0,-40.803434756865514,30.804564153806865,-9.99887060305865,0.0,0.0,4.343658237022459,88,6.0,27-44,-17,UNAVAILABLE,UNAVAILABLE,65.0,120,24.89610452825514,25.0,1.50276228591521,1.5473579401960302,0.8985507246376812,VALUE
AUSTIN_DRE_PHASE_3,AUSTIN_DOWNFALL_STATE_MODEL_V1,NCAAB_H1_2_AUSTIN_TRANSFER_V1,63a57a9affd5d10f,NCAAB_20251118_MSU_UK,KXNCAAMBGAME-25NOV18MSUUK-MSU,H1_2,11,2025-11-19T01:36:48+00:00,2,0,RECOVERING,0,CI_POSITIVE,NORMAL_SUPPORT,20.0,20.0,20.0,-40.803434756865514,60.803434756865514,-9.99887060305865,29.99887060305865,14.999435301529324,7.499717650764662,99,17.0,66-83,-17,UNAVAILABLE,UNAVAILABLE,1265.0,0,24.340709637887038,25.0,0.7187579539766208,0.7417448452620516,1.0,VALUE
AUSTIN_DRE_PHASE_3,AUSTIN_DOWNFALL_STATE_MODEL_V1,NCAAB_H1_2_AUSTIN_TRANSFER_V1,7e044171c955b155,NCAAB_20251118_KU_DUKE,KXNCAAMBGAME-25NOV18KUDUKE-DUKE,H1_2,0,2025-11-19T02:10:06+00:00,1,240,UNRESOLVED,0,CI_UNAVAILABLE,SUPPORT_UNAVAILABLE,UNAVAILABLE,UNAVAILABLE,UNAVAILABLE,UNAVAILABLE,UNAVAILABLE,UNAVAILABLE,UNAVAILABLE,UNAVAILABLE,UNAVAILABLE,86,UNAVAILABLE,0-0,0,UNAVAILABLE,UNAVAILABLE,UNAVAILABLE,1440,UNAVAILABLE,UNAVAILABLE,UNAVAILABLE,UNAVAILABLE,0.30434782608695654,NOT_APPLICABLE
AUSTIN_DRE_PHASE_3,AUSTIN_DOWNFALL_STATE_MODEL_V1,NCAAB_H1_2_AUSTIN_TRANSFER_V1,7e044171c955b155,NCAAB_20251118_KU_DUKE,KXNCAAMBGAME-25NOV18KUDUKE-DUKE,H1_2,1,2025-11-19T02:10:06+00:00,1,120,UNRESOLVED,0,CI_UNAVAILABLE,SUPPORT_UNAVAILABLE,UNAVAILABLE,UNAVAILABLE,UNAVAILABLE,UNAVAILABLE,UNAVAILABLE,UNAVAILABLE,UNAVAILABLE,UNAVAILABLE,UNAVAILABLE,86,UNAVAILABLE,0-0,0,UNAVAILABLE,UNAVAILABLE,UNAVAILABLE,1320,UNAVAILABLE,UNAVAILABLE,UNAVAILABLE,UNAVAILABLE,0.30434782608695654,NOT_APPLICABLE
AUSTIN_DRE_PHASE_3,AUSTIN_DOWNFALL_STATE_MODEL_V1,NCAAB_H1_2_AUSTIN_TRANSFER_V1,7e044171c955b155,NCAAB_20251118_KU_DUKE,KXNCAAMBGAME-25NOV18KUDUKE-DUKE,H1_2,2,2025-11-19T02:59:57+00:00,1,0,HEALTHY,0,CI_POSITIVE,NORMAL_SUPPORT,20.000000000000007,20.0,20.0,20.000000000000007,0.0,UNAVAILABLE,UNAVAILABLE,UNAVAILABLE,UNAVAILABLE,89,6.0,41-33,8,UNAVAILABLE,UNAVAILABLE,256.0,1200,24.98293680979113,25.0,0.6740079030141017,0.6653257904257897,0.9710144927536232,VALUE
AUSTIN_DRE_PHASE_3,AUSTIN_DOWNFALL_STATE_MODEL_V1,NCAAB_H1_2_AUSTIN_TRANSFER_V1,7e044171c955b155,NCAAB_20251118_KU_DUKE,KXNCAAMBGAME-25NOV18KUDUKE-DUKE,H1_2,3,2025-11-19T03:17:21+00:00,2,1200,WATCH_NEGATIVE,1,CI_CROSSES_ZERO,NORMAL_SUPPORT,-7.216926441351909,-24.0,8.0,20.000000000000007,-27.216926441351916,20.000000000000007,-27.216926441351916,UNAVAILABLE,UNAVAILABLE,90,7.0,41-33,8,UNAVAILABLE,UNAVAILABLE,256.0,1200,24.89986071028192,25.0,1.4385653952174993,1.4809524427325789,0.9710144927536232,VALUE
AUSTIN_DRE_PHASE_3,AUSTIN_DOWNFALL_STATE_MODEL_V1,NCAAB_H1_2_AUSTIN_TRANSFER_V1,7e044171c955b155,NCAAB_20251118_KU_DUKE,KXNCAAMBGAME-25NOV18KUDUKE-DUKE,H1_2,4,2025-11-19T03:17:21+00:00,2,1080,PERSISTENCE_2,2,CI_CROSSES_ZERO,NORMAL_SUPPORT,-7.216926441351909,-24.0,8.0,20.000000000000007,-27.216926441351916,-7.216926441351909,0.0,0.0,UNAVAILABLE,90,7.0,41-33,8,UNAVAILABLE,UNAVAILABLE,256.0,1080,24.89986071028192,25.0,1.4385653952174993,1.4809524427325789,0.9710144927536232,VALUE
AUSTIN_DRE_PHASE_3,AUSTIN_DOWNFALL_STATE_MODEL_V1,NCAAB_H1_2_AUSTIN_TRANSFER_V1,7e044171c955b155,NCAAB_20251118_KU_DUKE,KXNCAAMBGAME-25NOV18KUDUKE-DUKE,H1_2,5,2025-11-19T03:17:21+00:00,2,960,PERSISTENCE_3PLUS,3,CI_CROSSES_ZERO,NORMAL_SUPPORT,-7.216926441351909,-24.0,8.0,20.000000000000007,-27.216926441351916,-7.216926441351909,0.0,0.0,0.0,90,7.0,41-33,8,UNAVAILABLE,UNAVAILABLE,256.0,960,24.89986071028192,25.0,1.4385653952174993,1.4809524427325789,0.9710144927536232,VALUE
AUSTIN_DRE_PHASE_3,AUSTIN_DOWNFALL_STATE_MODEL_V1,NCAAB_H1_2_AUSTIN_TRANSFER_V1,7e044171c955b155,NCAAB_20251118_KU_DUKE,KXNCAAMBGAME-25NOV18KUDUKE-DUKE,H1_2,6,2025-11-19T03:17:21+00:00,2,840,PERSISTENCE_3PLUS,4,CI_CROSSES_ZERO,NORMAL_SUPPORT,-7.216926441351909,-24.0,8.0,20.000000000000007,-27.216926441351916,-7.216926441351909,0.0,0.0,0.0,90,7.0,41-33,8,UNAVAILABLE,UNAVAILABLE,256.0,840,24.89986071028192,25.0,1.4385653952174993,1.4809524427325789,0.9710144927536232,VALUE
AUSTIN_DRE_PHASE_3,AUSTIN_DOWNFALL_STATE_MODEL_V1,NCAAB_H1_2_AUSTIN_TRANSFER_V1,7e044171c955b155,NCAAB_20251118_KU_DUKE,KXNCAAMBGAME-25NOV18KUDUKE-DUKE,H1_2,7,2025-11-19T03:17:21+00:00,2,720,PERSISTENCE_3PLUS,5,CI_CROSSES_ZERO,NORMAL_SUPPORT,-7.216926441351909,-24.0,8.0,20.000000000000007,-27.216926441351916,-7.216926441351909,0.0,0.0,0.0,90,7.0,41-33,8,UNAVAILABLE,UNAVAILABLE,256.0,720,24.89986071028192,25.0,1.4385653952174993,1.4809524427325789,0.9710144927536232,VALUE
AUSTIN_DRE_PHASE_3,AUSTIN_DOWNFALL_STATE_MODEL_V1,NCAAB_H1_2_AUSTIN_TRANSFER_V1,7e044171c955b155,NCAAB_20251118_KU_DUKE,KXNCAAMBGAME-25NOV18KUDUKE-DUKE,H1_2,8,2025-11-19T03:17:21+00:00,2,600,PERSISTENCE_3PLUS,6,CI_CROSSES_ZERO,NORMAL_SUPPORT,-7.216926441351909,-24.0,8.0,20.000000000000007,-27.216926441351916,-7.216926441351909,0.0,0.0,0.0,90,7.0,41-33,8,UNAVAILABLE,UNAVAILABLE,256.0,600,24.89986071028192,25.0,1.4385653952174993,1.4809524427325789,0.9710144927536232,VALUE
AUSTIN_DRE_PHASE_3,AUSTIN_DOWNFALL_STATE_MODEL_V1,NCAAB_H1_2_AUSTIN_TRANSFER_V1,7e044171c955b155,NCAAB_20251118_KU_DUKE,KXNCAAMBGAME-25NOV18KUDUKE-DUKE,H1_2,9,2025-11-19T03:17:21+00:00,2,480,PERSISTENCE_3PLUS,7,CI_CROSSES_ZERO,NORMAL_SUPPORT,-7.216926441351909,-24.0,8.0,20.000000000000007,-27.216926441351916,-7.216926441351909,0.0,0.0,0.0,90,7.0,41-33,8,UNAVAILABLE,UNAVAILABLE,256.0,480,24.89986071028192,25.0,1.4385653952174993,1.4809524427325789,0.9710144927536232,VALUE
AUSTIN_DRE_PHASE_3,AUSTIN_DOWNFALL_STATE_MODEL_V1,NCAAB_H1_2_AUSTIN_TRANSFER_V1,7e044171c955b155,NCAAB_20251118_KU_DUKE,KXNCAAMBGAME-25NOV18KUDUKE-DUKE,H1_2,10,2025-11-19T03:17:21+00:00,2,360,PERSISTENCE_3PLUS,8,CI_CROSSES_ZERO,NORMAL_SUPPORT,-7.216926441351909,-24.0,8.0,20.000000000000007,-27.216926441351916,-7.216926441351909,0.0,0.0,0.0,90,7.0,41-33,8,UNAVAILABLE,UNAVAILABLE,256.0,360,24.89986071028192,25.0,1.4385653952174993,1.4809524427325789,0.9710144927536232,VALUE
AUSTIN_DRE_PHASE_3,AUSTIN_DOWNFALL_STATE_MODEL_V1,NCAAB_H1_2_AUSTIN_TRANSFER_V1,7e044171c955b155,NCAAB_20251118_KU_DUKE,KXNCAAMBGAME-25NOV18KUDUKE-DUKE,H1_2,11,2025-11-19T03:17:21+00:00,2,240,PERSISTENCE_3PLUS,9,CI_CROSSES_ZERO,NORMAL_SUPPORT,-7.216926441351909,-24.0,8.0,20.000000000000007,-27.216926441351916,-7.216926441351909,0.0,0.0,0.0,90,7.0,41-33,8,UNAVAILABLE,UNAVAILABLE,256.0,240,24.89986071028192,25.0,1.4385653952174993,1.4809524427325789,0.9710144927536232,VALUE
AUSTIN_DRE_PHASE_3,AUSTIN_DOWNFALL_STATE_MODEL_V1,NCAAB_H1_2_AUSTIN_TRANSFER_V1,7e044171c955b155,NCAAB_20251118_KU_DUKE,KXNCAAMBGAME-25NOV18KUDUKE-DUKE,H1_2,12,2025-11-19T03:17:21+00:00,2,120,PERSISTENCE_3PLUS,10,CI_CROSSES_ZERO,NORMAL_SUPPORT,-7.216926441351909,-24.0,8.0,20.000000000000007,-27.216926441351916,-7.216926441351909,0.0,0.0,0.0,90,7.0,41-33,8,UNAVAILABLE,UNAVAILABLE,256.0,120,24.89986071028192,25.0,1.4385653952174993,1.4809524427325789,0.9710144927536232,VALUE
AUSTIN_DRE_PHASE_3,AUSTIN_DOWNFALL_STATE_MODEL_V1,NCAAB_H1_2_AUSTIN_TRANSFER_V1,7e044171c955b155,NCAAB_20251118_KU_DUKE,KXNCAAMBGAME-25NOV18KUDUKE-DUKE,H1_2,13,2025-11-19T04:11:12+00:00,2,0,RECOVERING,0,CI_POSITIVE,NORMAL_SUPPORT,20.0,20.0,20.0,20.000000000000007,-7.105427357601002e-15,-7.216926441351909,27.21692644135191,13.608463220675954,6.804231610337977,99,16.0,78-66,12,UNAVAILABLE,UNAVAILABLE,1456.0,0,23.819027484226037,25.0,0.6815954492246324,0.7305681338132134,1.0,VALUE
AUSTIN_DRE_PHASE_3,AUSTIN_DOWNFALL_STATE_MODEL_V1,NCAAB_H1_2_AUSTIN_TRANSFER_V1,45afbde2ad4d407a,NCAAB_20251121_NW_UVA,KXNCAAMBGAME-25NOV21NWUVA-UVA,H1_2,0,2025-11-21T22:05:24+00:00,1,120,UNRESOLVED,0,CI_UNAVAILABLE,SUPPORT_UNAVAILABLE,UNAVAILABLE,UNAVAILABLE,UNAVAILABLE,UNAVAILABLE,UNAVAILABLE,UNAVAILABLE,UNAVAILABLE,UNAVAILABLE,UNAVAILABLE,67,UNAVAILABLE,0-0,0,UNAVAILABLE,UNAVAILABLE,UNAVAILABLE,1320,UNAVAILABLE,UNAVAILABLE,UNAVAILABLE,UNAVAILABLE,0.30434782608695654,NOT_APPLICABLE
AUSTIN_DRE_PHASE_3,AUSTIN_DOWNFALL_STATE_MODEL_V1,NCAAB_H1_2_AUSTIN_TRANSFER_V1,45afbde2ad4d407a,NCAAB_20251121_NW_UVA,KXNCAAMBGAME-25NOV21NWUVA-UVA,H1_2,1,2025-11-21T22:58:54+00:00,1,0,WATCH_NEGATIVE,1,CI_CROSSES_ZERO,NORMAL_SUPPORT,-17.233861705482276,-36.0,0.0,-17.233861705482276,0.0,UNAVAILABLE,UNAVAILABLE,UNAVAILABLE,UNAVAILABLE,82,2.0,40-36,4,UNAVAILABLE,UNAVAILABLE,176.0,1200,24.91259207246522,25.0,0.6047890479411905,0.5841160827975522,0.9565217391304348,VALUE
AUSTIN_DRE_PHASE_3,AUSTIN_DOWNFALL_STATE_MODEL_V1,NCAAB_H1_2_AUSTIN_TRANSFER_V1,45afbde2ad4d407a,NCAAB_20251121_NW_UVA,KXNCAAMBGAME-25NOV21NWUVA-UVA,H1_2,2,2025-11-21T23:14:36+00:00,2,1200,RECOVERING,0,CI_CROSSES_ZERO,NORMAL_SUPPORT,4.616211422765095,-12.0,16.0,-17.233861705482276,21.85007312824737,-17.233861705482276,21.85007312824737,UNAVAILABLE,UNAVAILABLE,77,-3.0,40-36,4,UNAVAILABLE,UNAVAILABLE,176.0,1200,24.959479091069188,25.0,1.2609885826259093,1.2300627897610217,0.9565217391304348,VALUE
AUSTIN_DRE_PHASE_3,AUSTIN_DOWNFALL_STATE_MODEL_V1,NCAAB_H1_2_AUSTIN_TRANSFER_V1,45afbde2ad4d407a,NCAAB_20251121_NW_UVA,KXNCAAMBGAME-25NOV21NWUVA-UVA,H1_2,3,2025-11-21T23:14:36+00:00,2,1080,HEALTHY_AFTER_RECOVERY,0,CI_CROSSES_ZERO,NORMAL_SUPPORT,4.616211422765095,-12.0,16.0,-17.233861705482276,21.85007312824737,4.616211422765095,0.0,0.0,UNAVAILABLE,77,-3.0,40-36,4,UNAVAILABLE,UNAVAILABLE,176.0,1080,24.959479091069188,25.0,1.2609885826259093,1.2300627897610217,0.9565217391304348,VALUE
AUSTIN_DRE_PHASE_3,AUSTIN_DOWNFALL_STATE_MODEL_V1,NCAAB_H1_2_AUSTIN_TRANSFER_V1,45afbde2ad4d407a,NCAAB_20251121_NW_UVA,KXNCAAMBGAME-25NOV21NWUVA-UVA,H1_2,4,2025-11-21T23:14:36+00:00,2,960,HEALTHY_AFTER_RECOVERY,0,CI_CROSSES_ZERO,NORMAL_SUPPORT,4.616211422765095,-12.0,16.0,-17.233861705482276,21.85007312824737,4.616211422765095,0.0,0.0,0.0,77,-3.0,40-36,4,UNAVAILABLE,UNAVAILABLE,176.0,960,24.959479091069188,25.0,1.2609885826259093,1.2300627897610217,0.9565217391304348,VALUE
AUSTIN_DRE_PHASE_3,AUSTIN_DOWNFALL_STATE_MODEL_V1,NCAAB_H1_2_AUSTIN_TRANSFER_V1,45afbde2ad4d407a,NCAAB_20251121_NW_UVA,KXNCAAMBGAME-25NOV21NWUVA-UVA,H1_2,5,2025-11-21T23:31:50+00:00,2,840,WATCH_NEGATIVE,1,CI_NEGATIVE,NORMAL_SUPPORT,-36.113003838722484,-56.0,-16.0,-17.233861705482276,-18.879142133240208,4.616211422765095,-40.72921526148758,-20.36460763074379,-10.182303815371895,38,-42.0,48-55,-7,UNAVAILABLE,UNAVAILABLE,536.0,840,24.61949428955369,25.0,1.217919760239936,1.2080284761236932,0.9855072463768116,VALUE
AUSTIN_DRE_PHASE_3,AUSTIN_DOWNFALL_STATE_MODEL_V1,NCAAB_H1_2_AUSTIN_TRANSFER_V1,45afbde2ad4d407a,NCAAB_20251121_NW_UVA,KXNCAAMBGAME-25NOV21NWUVA-UVA,H1_2,6,2025-11-21T23:14:36+00:00,2,720,RECOVERING,0,CI_CROSSES_ZERO,NORMAL_SUPPORT,4.616211422765095,-12.0,16.0,-17.233861705482276,21.85007312824737,-36.113003838722484,40.72921526148758,20.36460763074379,20.36460763074379,77,-3.0,40-36,4,UNAVAILABLE,UNAVAILABLE,176.0,720,24.959479091069188,25.0,1.2609885826259093,1.2300627897610217,0.9565217391304348,VALUE
AUSTIN_DRE_PHASE_3,AUSTIN_DOWNFALL_STATE_MODEL_V1,NCAAB_H1_2_AUSTIN_TRANSFER_V1,45afbde2ad4d407a,NCAAB_20251121_NW_UVA,KXNCAAMBGAME-25NOV21NWUVA-UVA,H1_2,7,2025-11-21T23:14:36+00:00,2,600,HEALTHY_AFTER_RECOVERY,0,CI_CROSSES_ZERO,NORMAL_SUPPORT,4.616211422765095,-12.0,16.0,-17.233861705482276,21.85007312824737,4.616211422765095,0.0,0.0,-10.182303815371895,77,-3.0,40-36,4,UNAVAILABLE,UNAVAILABLE,176.0,600,24.959479091069188,25.0,1.2609885826259093,1.2300627897610217,0.9565217391304348,VALUE
AUSTIN_DRE_PHASE_3,AUSTIN_DOWNFALL_STATE_MODEL_V1,NCAAB_H1_2_AUSTIN_TRANSFER_V1,45afbde2ad4d407a,NCAAB_20251121_NW_UVA,KXNCAAMBGAME-25NOV21NWUVA-UVA,H1_2,8,2025-11-21T23:49:36+00:00,2,480,WATCH_NEGATIVE,1,CI_NEGATIVE,NORMAL_SUPPORT,-44.61845032863811,-64.0,-24.0,-17.233861705482276,-27.384588623155835,4.616211422765095,-49.23466175140321,-24.617330875701604,-12.308665437850802,52,-28.0,63-66,-3,UNAVAILABLE,UNAVAILABLE,896.0,480,24.1627282383695,25.0,0.6063922841205036,0.630244998530883,1.0,VALUE
AUSTIN_DRE_PHASE_3,AUSTIN_DOWNFALL_STATE_MODEL_V1,NCAAB_H1_2_AUSTIN_TRANSFER_V1,45afbde2ad4d407a,NCAAB_20251121_NW_UVA,KXNCAAMBGAME-25NOV21NWUVA-UVA,H1_2,9,2025-11-21T23:14:36+00:00,2,360,RECOVERING,0,CI_CROSSES_ZERO,NORMAL_SUPPORT,4.616211422765095,-12.0,16.0,-17.233861705482276,21.85007312824737,-44.61845032863811,49.23466175140321,24.617330875701604,24.617330875701604,77,-3.0,40-36,4,UNAVAILABLE,UNAVAILABLE,176.0,360,24.959479091069188,25.0,1.2609885826259093,1.2300627897610217,0.9565217391304348,VALUE
AUSTIN_DRE_PHASE_3,AUSTIN_DOWNFALL_STATE_MODEL_V1,NCAAB_H1_2_AUSTIN_TRANSFER_V1,45afbde2ad4d407a,NCAAB_20251121_NW_UVA,KXNCAAMBGAME-25NOV21NWUVA-UVA,H1_2,10,2025-11-21T23:14:36+00:00,2,240,HEALTHY_AFTER_RECOVERY,0,CI_CROSSES_ZERO,NORMAL_SUPPORT,4.616211422765095,-12.0,16.0,-17.233861705482276,21.85007312824737,4.616211422765095,0.0,0.0,-12.308665437850802,77,-3.0,40-36,4,UNAVAILABLE,UNAVAILABLE,176.0,240,24.959479091069188,25.0,1.2609885826259093,1.2300627897610217,0.9565217391304348,VALUE
AUSTIN_DRE_PHASE_3,AUSTIN_DOWNFALL_STATE_MODEL_V1,NCAAB_H1_2_AUSTIN_TRANSFER_V1,45afbde2ad4d407a,NCAAB_20251121_NW_UVA,KXNCAAMBGAME-25NOV21NWUVA-UVA,H1_2,11,2025-11-21T23:14:36+00:00,2,120,HEALTHY_AFTER_RECOVERY,0,CI_CROSSES_ZERO,NORMAL_SUPPORT,4.616211422765095,-12.0,16.0,-17.233861705482276,21.85007312824737,4.616211422765095,0.0,0.0,0.0,77,-3.0,40-36,4,UNAVAILABLE,UNAVAILABLE,176.0,120,24.959479091069188,25.0,1.2609885826259093,1.2300627897610217,0.9565217391304348,VALUE
AUSTIN_DRE_PHASE_3,AUSTIN_DOWNFALL_STATE_MODEL_V1,NCAAB_H1_2_AUSTIN_TRANSFER_V1,45afbde2ad4d407a,NCAAB_20251121_NW_UVA,KXNCAAMBGAME-25NOV21NWUVA-UVA,H1_2,12,2025-11-22T00:31:58+00:00,2,0,HEALTHY_AFTER_RECOVERY,0,CI_POSITIVE,NORMAL_SUPPORT,16.156931280947767,8.0,20.0,-17.233861705482276,33.39079298643004,4.616211422765095,11.540719858182673,5.770359929091336,2.885179964545668,99,19.0,83-78,5,UNAVAILABLE,UNAVAILABLE,1376.0,0,24.93059914012686,25.0,0.9624809027842781,0.974665106384803,1.0,VALUE
AUSTIN_DRE_PHASE_3,AUSTIN_DOWNFALL_STATE_MODEL_V1,NCAAB_H1_2_AUSTIN_TRANSFER_V1,b0913dbf7abd5848,NCAAB_20251121_KSU_NEB,KXNCAAMBGAME-25NOV21KSUNEB-NEB,H1_2,0,2025-11-22T02:39:17+00:00,1,480,UNRESOLVED,0,CI_UNAVAILABLE,SUPPORT_UNAVAILABLE,UNAVAILABLE,UNAVAILABLE,UNAVAILABLE,UNAVAILABLE,UNAVAILABLE,UNAVAILABLE,UNAVAILABLE,UNAVAILABLE,UNAVAILABLE,55,UNAVAILABLE,0-0,0,UNAVAILABLE,UNAVAILABLE,UNAVAILABLE,1680,UNAVAILABLE,UNAVAILABLE,UNAVAILABLE,UNAVAILABLE,0.30434782608695654,NOT_APPLICABLE
AUSTIN_DRE_PHASE_3,AUSTIN_DOWNFALL_STATE_MODEL_V1,NCAAB_H1_2_AUSTIN_TRANSFER_V1,b0913dbf7abd5848,NCAAB_20251121_KSU_NEB,KXNCAAMBGAME-25NOV21KSUNEB-NEB,H1_2,1,2025-11-22T02:39:17+00:00,1,360,UNRESOLVED,0,CI_UNAVAILABLE,SUPPORT_UNAVAILABLE,UNAVAILABLE,UNAVAILABLE,UNAVAILABLE,UNAVAILABLE,UNAVAILABLE,UNAVAILABLE,UNAVAILABLE,UNAVAILABLE,UNAVAILABLE,55,UNAVAILABLE,0-0,0,UNAVAILABLE,UNAVAILABLE,UNAVAILABLE,1560,UNAVAILABLE,UNAVAILABLE,UNAVAILABLE,UNAVAILABLE,0.30434782608695654,NOT_APPLICABLE
AUSTIN_DRE_PHASE_3,AUSTIN_DOWNFALL_STATE_MODEL_V1,NCAAB_H1_2_AUSTIN_TRANSFER_V1,b0913dbf7abd5848,NCAAB_20251121_KSU_NEB,KXNCAAMBGAME-25NOV21KSUNEB-NEB,H1_2,2,2025-11-22T02:39:17+00:00,1,240,UNRESOLVED,0,CI_UNAVAILABLE,SUPPORT_UNAVAILABLE,UNAVAILABLE,UNAVAILABLE,UNAVAILABLE,UNAVAILABLE,UNAVAILABLE,UNAVAILABLE,UNAVAILABLE,UNAVAILABLE,UNAVAILABLE,55,UNAVAILABLE,0-0,0,UNAVAILABLE,UNAVAILABLE,UNAVAILABLE,1440,UNAVAILABLE,UNAVAILABLE,UNAVAILABLE,UNAVAILABLE,0.30434782608695654,NOT_APPLICABLE
AUSTIN_DRE_PHASE_3,AUSTIN_DOWNFALL_STATE_MODEL_V1,NCAAB_H1_2_AUSTIN_TRANSFER_V1,b0913dbf7abd5848,NCAAB_20251121_KSU_NEB,KXNCAAMBGAME-25NOV21KSUNEB-NEB,H1_2,3,2025-11-22T03:17:07+00:00,1,120,HEALTHY,0,CI_POSITIVE,NORMAL_SUPPORT,20.000000000000004,20.0,20.0,20.000000000000004,0.0,UNAVAILABLE,UNAVAILABLE,UNAVAILABLE,UNAVAILABLE,68,-15.0,37-31,6,UNAVAILABLE,UNAVAILABLE,448.0,1320,24.632441210259284,25.0,0.7666975170177366,0.8173063870501576,0.9855072463768116,VALUE
AUSTIN_DRE_PHASE_3,AUSTIN_DOWNFALL_STATE_MODEL_V1,NCAAB_H1_2_AUSTIN_TRANSFER_V1,b0913dbf7abd5848,NCAAB_20251121_KSU_NEB,KXNCAAMBGAME-25NOV21KSUNEB-NEB,H1_2,4,2025-11-22T03:20:59+00:00,1,0,HEALTHY,0,CI_POSITIVE,NORMAL_SUPPORT,20.000000000000004,20.0,20.0,20.000000000000004,0.0,20.000000000000004,0.0,0.0,UNAVAILABLE,69,-14.0,45-35,10,UNAVAILABLE,UNAVAILABLE,568.0,1200,24.24008943256341,25.0,0.6708106124927117,0.5679621042057339,0.9855072463768116,VALUE
AUSTIN_DRE_PHASE_3,AUSTIN_DOWNFALL_STATE_MODEL_V1,NCAAB_H1_2_AUSTIN_TRANSFER_V1,b0913dbf7abd5848,NCAAB_20251121_KSU_NEB,KXNCAAMBGAME-25NOV21KSUNEB-NEB,H1_2,5,2025-11-22T03:36:21+00:00,2,1200,WATCH_NEGATIVE,1,CI_CROSSES_ZERO,NORMAL_SUPPORT,-3.6531566854114494,-20.0,12.0,20.000000000000004,-23.653156685411453,20.000000000000004,-23.653156685411453,UNAVAILABLE,UNAVAILABLE,81,-2.0,45-35,10,UNAVAILABLE,UNAVAILABLE,568.0,1200,24.9124726801177,25.0,1.1340397655014052,1.1216791299630826,0.9855072463768116,VALUE
AUSTIN_DRE_PHASE_3,AUSTIN_DOWNFALL_STATE_MODEL_V1,NCAAB_H1_2_AUSTIN_TRANSFER_V1,b0913dbf7abd5848,NCAAB_20251121_KSU_NEB,KXNCAAMBGAME-25NOV21KSUNEB-NEB,H1_2,6,2025-11-22T03:36:21+00:00,2,1080,PERSISTENCE_2,2,CI_CROSSES_ZERO,NORMAL_SUPPORT,-3.6531566854114494,-20.0,12.0,20.000000000000004,-23.653156685411453,-3.6531566854114494,0.0,0.0,UNAVAILABLE,81,-2.0,45-35,10,UNAVAILABLE,UNAVAILABLE,568.0,1080,24.9124726801177,25.0,1.1340397655014052,1.1216791299630826,0.9855072463768116,VALUE
AUSTIN_DRE_PHASE_3,AUSTIN_DOWNFALL_STATE_MODEL_V1,NCAAB_H1_2_AUSTIN_TRANSFER_V1,b0913dbf7abd5848,NCAAB_20251121_KSU_NEB,KXNCAAMBGAME-25NOV21KSUNEB-NEB,H1_2,7,2025-11-22T03:36:21+00:00,2,960,PERSISTENCE_3PLUS,3,CI_CROSSES_ZERO,NORMAL_SUPPORT,-3.6531566854114494,-20.0,12.0,20.000000000000004,-23.653156685411453,-3.6531566854114494,0.0,0.0,0.0,81,-2.0,45-35,10,UNAVAILABLE,UNAVAILABLE,568.0,960,24.9124726801177,25.0,1.1340397655014052,1.1216791299630826,0.9855072463768116,VALUE
AUSTIN_DRE_PHASE_3,AUSTIN_DOWNFALL_STATE_MODEL_V1,NCAAB_H1_2_AUSTIN_TRANSFER_V1,b0913dbf7abd5848,NCAAB_20251121_KSU_NEB,KXNCAAMBGAME-25NOV21KSUNEB-NEB,H1_2,8,2025-11-22T03:36:21+00:00,2,840,PERSISTENCE_3PLUS,4,CI_CROSSES_ZERO,NORMAL_SUPPORT,-3.6531566854114494,-20.0,12.0,20.000000000000004,-23.653156685411453,-3.6531566854114494,0.0,0.0,0.0,81,-2.0,45-35,10,UNAVAILABLE,UNAVAILABLE,568.0,840,24.9124726801177,25.0,1.1340397655014052,1.1216791299630826,0.9855072463768116,VALUE
AUSTIN_DRE_PHASE_3,AUSTIN_DOWNFALL_STATE_MODEL_V1,NCAAB_H1_2_AUSTIN_TRANSFER_V1,b0913dbf7abd5848,NCAAB_20251121_KSU_NEB,KXNCAAMBGAME-25NOV21KSUNEB-NEB,H1_2,9,2025-11-22T03:36:21+00:00,2,720,PERSISTENCE_3PLUS,5,CI_CROSSES_ZERO,NORMAL_SUPPORT,-3.6531566854114494,-20.0,12.0,20.000000000000004,-23.653156685411453,-3.6531566854114494,0.0,0.0,0.0,81,-2.0,45-35,10,UNAVAILABLE,UNAVAILABLE,568.0,720,24.9124726801177,25.0,1.1340397655014052,1.1216791299630826,0.9855072463768116,VALUE
AUSTIN_DRE_PHASE_3,AUSTIN_DOWNFALL_STATE_MODEL_V1,NCAAB_H1_2_AUSTIN_TRANSFER_V1,b0913dbf7abd5848,NCAAB_20251121_KSU_NEB,KXNCAAMBGAME-25NOV21KSUNEB-NEB,H1_2,10,2025-11-22T03:36:21+00:00,2,600,PERSISTENCE_3PLUS,6,CI_CROSSES_ZERO,NORMAL_SUPPORT,-3.6531566854114494,-20.0,12.0,20.000000000000004,-23.653156685411453,-3.6531566854114494,0.0,0.0,0.0,81,-2.0,45-35,10,UNAVAILABLE,UNAVAILABLE,568.0,600,24.9124726801177,25.0,1.1340397655014052,1.1216791299630826,0.9855072463768116,VALUE
AUSTIN_DRE_PHASE_3,AUSTIN_DOWNFALL_STATE_MODEL_V1,NCAAB_H1_2_AUSTIN_TRANSFER_V1,b0913dbf7abd5848,NCAAB_20251121_KSU_NEB,KXNCAAMBGAME-25NOV21KSUNEB-NEB,H1_2,11,2025-11-22T03:36:21+00:00,2,480,PERSISTENCE_3PLUS,7,CI_CROSSES_ZERO,NORMAL_SUPPORT,-3.6531566854114494,-20.0,12.0,20.000000000000004,-23.653156685411453,-3.6531566854114494,0.0,0.0,0.0,81,-2.0,45-35,10,UNAVAILABLE,UNAVAILABLE,568.0,480,24.9124726801177,25.0,1.1340397655014052,1.1216791299630826,0.9855072463768116,VALUE
AUSTIN_DRE_PHASE_3,AUSTIN_DOWNFALL_STATE_MODEL_V1,NCAAB_H1_2_AUSTIN_TRANSFER_V1,b0913dbf7abd5848,NCAAB_20251121_KSU_NEB,KXNCAAMBGAME-25NOV21KSUNEB-NEB,H1_2,12,2025-11-22T04:13:56+00:00,2,360,PERSISTENCE_3PLUS,8,CI_NEGATIVE,NORMAL_SUPPORT,-63.69829338771502,-76.0,-48.0,20.000000000000004,-83.69829338771503,-3.6531566854114494,-60.045136702303566,-30.022568351151783,-15.011284175575891,31,-52.0,72-72,0,UNAVAILABLE,UNAVAILABLE,1408.0,360,24.800418929729613,25.0,1.0212899431272993,1.031118635853578,1.0,VALUE
AUSTIN_DRE_PHASE_3,AUSTIN_DOWNFALL_STATE_MODEL_V1,NCAAB_H1_2_AUSTIN_TRANSFER_V1,b0913dbf7abd5848,NCAAB_20251121_KSU_NEB,KXNCAAMBGAME-25NOV21KSUNEB-NEB,H1_2,13,2025-11-22T03:36:21+00:00,2,240,PERSISTENCE_3PLUS,9,CI_CROSSES_ZERO,NORMAL_SUPPORT,-3.6531566854114494,-20.0,12.0,20.000000000000004,-23.653156685411453,-63.69829338771502,60.045136702303566,30.022568351151783,30.022568351151783,81,-2.0,45-35,10,UNAVAILABLE,UNAVAILABLE,568.0,240,24.9124726801177,25.0,1.1340397655014052,1.1216791299630826,0.9855072463768116,VALUE
AUSTIN_DRE_PHASE_3,AUSTIN_DOWNFALL_STATE_MODEL_V1,NCAAB_H1_2_AUSTIN_TRANSFER_V1,b0913dbf7abd5848,NCAAB_20251121_KSU_NEB,KXNCAAMBGAME-25NOV21KSUNEB-NEB,H1_2,14,2025-11-22T03:36:21+00:00,2,120,PERSISTENCE_3PLUS,10,CI_CROSSES_ZERO,NORMAL_SUPPORT,-3.6531566854114494,-20.0,12.0,20.000000000000004,-23.653156685411453,-3.6531566854114494,0.0,0.0,-15.011284175575891,81,-2.0,45-35,10,UNAVAILABLE,UNAVAILABLE,568.0,120,24.9124726801177,25.0,1.1340397655014052,1.1216791299630826,0.9855072463768116,VALUE
AUSTIN_DRE_PHASE_3,AUSTIN_DOWNFALL_STATE_MODEL_V1,NCAAB_H1_2_AUSTIN_TRANSFER_V1,59fd43c9c6903edc,NCAAB_20251121_PUR_TTU,KXNCAAMBGAME-25NOV21PURTTU-PUR,H1_2,0,2025-11-22T02:52:56+00:00,1,240,UNRESOLVED,0,CI_UNAVAILABLE,SUPPORT_UNAVAILABLE,UNAVAILABLE,UNAVAILABLE,UNAVAILABLE,UNAVAILABLE,UNAVAILABLE,UNAVAILABLE,UNAVAILABLE,UNAVAILABLE,UNAVAILABLE,59,UNAVAILABLE,0-0,0,UNAVAILABLE,UNAVAILABLE,UNAVAILABLE,1440,UNAVAILABLE,UNAVAILABLE,UNAVAILABLE,UNAVAILABLE,0.30434782608695654,NOT_APPLICABLE
AUSTIN_DRE_PHASE_3,AUSTIN_DOWNFALL_STATE_MODEL_V1,NCAAB_H1_2_AUSTIN_TRANSFER_V1,59fd43c9c6903edc,NCAAB_20251121_PUR_TTU,KXNCAAMBGAME-25NOV21PURTTU-PUR,H1_2,1,2025-11-22T03:34:20+00:00,1,120,HEALTHY,0,CI_POSITIVE,LOW_HISTORICAL_SUPPORT,16.133365864257577,8.0,20.0,16.133365864257577,0.0,UNAVAILABLE,UNAVAILABLE,UNAVAILABLE,UNAVAILABLE,93,13.0,44-23,21,UNAVAILABLE,UNAVAILABLE,204.0,1320,24.90360640542387,25.0,3.0173612118795683,3.111474946791572,0.9710144927536232,VALUE
AUSTIN_DRE_PHASE_3,AUSTIN_DOWNFALL_STATE_MODEL_V1,NCAAB_H1_2_AUSTIN_TRANSFER_V1,59fd43c9c6903edc,NCAAB_20251121_PUR_TTU,KXNCAAMBGAME-25NOV21PURTTU-PUR,H1_2,2,2025-11-22T03:37:00+00:00,1,0,HEALTHY,0,CI_POSITIVE,LOW_HISTORICAL_SUPPORT,19.999999999999996,20.0,20.0,16.133365864257577,3.8666341357424194,16.133365864257577,3.8666341357424194,1.9333170678712097,UNAVAILABLE,94,14.0,49-26,23,UNAVAILABLE,UNAVAILABLE,324.0,1200,24.956308315358417,25.0,3.4174901917877953,3.479493783059827,0.9855072463768116,VALUE
AUSTIN_DRE_PHASE_3,AUSTIN_DOWNFALL_STATE_MODEL_V1,NCAAB_H1_2_AUSTIN_TRANSFER_V1,59fd43c9c6903edc,NCAAB_20251121_PUR_TTU,KXNCAAMBGAME-25NOV21PURTTU-PUR,H1_2,3,2025-11-22T03:52:12+00:00,2,1200,HEALTHY,0,CI_CROSSES_ZERO,LOW_HISTORICAL_SUPPORT,4.175999378990032,-12.0,16.0,16.133365864257577,-11.957366485267546,19.999999999999996,-15.824000621009965,UNAVAILABLE,UNAVAILABLE,98,18.0,49-26,23,UNAVAILABLE,UNAVAILABLE,324.0,1200,24.993260215116354,25.0,3.9159297079735236,3.926061475899559,0.9855072463768116,VALUE
AUSTIN_DRE_PHASE_3,AUSTIN_DOWNFALL_STATE_MODEL_V1,NCAAB_H1_2_AUSTIN_TRANSFER_V1,59fd43c9c6903edc,NCAAB_20251121_PUR_TTU,KXNCAAMBGAME-25NOV21PURTTU-PUR,H1_2,4,2025-11-22T03:52:12+00:00,2,1080,HEALTHY,0,CI_CROSSES_ZERO,LOW_HISTORICAL_SUPPORT,4.175999378990032,-12.0,16.0,16.133365864257577,-11.957366485267546,4.175999378990032,0.0,0.0,UNAVAILABLE,98,18.0,49-26,23,UNAVAILABLE,UNAVAILABLE,324.0,1080,24.993260215116354,25.0,3.9159297079735236,3.926061475899559,0.9855072463768116,VALUE
AUSTIN_DRE_PHASE_3,AUSTIN_DOWNFALL_STATE_MODEL_V1,NCAAB_H1_2_AUSTIN_TRANSFER_V1,59fd43c9c6903edc,NCAAB_20251121_PUR_TTU,KXNCAAMBGAME-25NOV21PURTTU-PUR,H1_2,5,2025-11-22T03:52:12+00:00,2,960,HEALTHY,0,CI_CROSSES_ZERO,LOW_HISTORICAL_SUPPORT,4.175999378990032,-12.0,16.0,16.133365864257577,-11.957366485267546,4.175999378990032,0.0,0.0,0.0,98,18.0,49-26,23,UNAVAILABLE,UNAVAILABLE,324.0,960,24.993260215116354,25.0,3.9159297079735236,3.926061475899559,0.9855072463768116,VALUE
AUSTIN_DRE_PHASE_3,AUSTIN_DOWNFALL_STATE_MODEL_V1,NCAAB_H1_2_AUSTIN_TRANSFER_V1,59fd43c9c6903edc,NCAAB_20251121_PUR_TTU,KXNCAAMBGAME-25NOV21PURTTU-PUR,H1_2,6,2025-11-22T03:52:12+00:00,2,840,HEALTHY,0,CI_CROSSES_ZERO,LOW_HISTORICAL_SUPPORT,4.175999378990032,-12.0,16.0,16.133365864257577,-11.957366485267546,4.175999378990032,0.0,0.0,0.0,98,18.0,49-26,23,UNAVAILABLE,UNAVAILABLE,324.0,840,24.993260215116354,25.0,3.9159297079735236,3.926061475899559,0.9855072463768116,VALUE
AUSTIN_DRE_PHASE_3,AUSTIN_DOWNFALL_STATE_MODEL_V1,NCAAB_H1_2_AUSTIN_TRANSFER_V1,59fd43c9c6903edc,NCAAB_20251121_PUR_TTU,KXNCAAMBGAME-25NOV21PURTTU-PUR,H1_2,7,2025-11-22T03:52:12+00:00,2,720,HEALTHY,0,CI_CROSSES_ZERO,LOW_HISTORICAL_SUPPORT,4.175999378990032,-12.0,16.0,16.133365864257577,-11.957366485267546,4.175999378990032,0.0,0.0,0.0,98,18.0,49-26,23,UNAVAILABLE,UNAVAILABLE,324.0,720,24.993260215116354,25.0,3.9159297079735236,3.926061475899559,0.9855072463768116,VALUE
AUSTIN_DRE_PHASE_3,AUSTIN_DOWNFALL_STATE_MODEL_V1,NCAAB_H1_2_AUSTIN_TRANSFER_V1,59fd43c9c6903edc,NCAAB_20251121_PUR_TTU,KXNCAAMBGAME-25NOV21PURTTU-PUR,H1_2,8,2025-11-22T04:20:47+00:00,2,600,HEALTHY,0,CI_POSITIVE,LOW_HISTORICAL_SUPPORT,16.130070909139402,8.0,20.0,16.133365864257577,-0.0032949551181751247,4.175999378990032,11.95407153014937,5.977035765074685,2.9885178825373426,99,19.0,65-40,25,UNAVAILABLE,UNAVAILABLE,924.0,600,24.960736461169173,25.0,4.141679952769993,4.195520016559842,1.0,VALUE
AUSTIN_DRE_PHASE_3,AUSTIN_DOWNFALL_STATE_MODEL_V1,NCAAB_H1_2_AUSTIN_TRANSFER_V1,59fd43c9c6903edc,NCAAB_20251121_PUR_TTU,KXNCAAMBGAME-25NOV21PURTTU-PUR,H1_2,9,2025-11-22T03:52:12+00:00,2,480,HEALTHY,0,CI_CROSSES_ZERO,LOW_HISTORICAL_SUPPORT,4.175999378990032,-12.0,16.0,16.133365864257577,-11.957366485267546,16.130070909139402,-11.95407153014937,-5.977035765074685,-5.977035765074685,98,18.0,49-26,23,UNAVAILABLE,UNAVAILABLE,324.0,480,24.993260215116354,25.0,3.9159297079735236,3.926061475899559,0.9855072463768116,VALUE
AUSTIN_DRE_PHASE_3,AUSTIN_DOWNFALL_STATE_MODEL_V1,NCAAB_H1_2_AUSTIN_TRANSFER_V1,59fd43c9c6903edc,NCAAB_20251121_PUR_TTU,KXNCAAMBGAME-25NOV21PURTTU-PUR,H1_2,10,2025-11-22T03:52:12+00:00,2,360,HEALTHY,0,CI_CROSSES_ZERO,LOW_HISTORICAL_SUPPORT,4.175999378990032,-12.0,16.0,16.133365864257577,-11.957366485267546,4.175999378990032,0.0,0.0,2.9885178825373426,98,18.0,49-26,23,UNAVAILABLE,UNAVAILABLE,324.0,360,24.993260215116354,25.0,3.9159297079735236,3.926061475899559,0.9855072463768116,VALUE
AUSTIN_DRE_PHASE_3,AUSTIN_DOWNFALL_STATE_MODEL_V1,NCAAB_H1_2_AUSTIN_TRANSFER_V1,59fd43c9c6903edc,NCAAB_20251121_PUR_TTU,KXNCAAMBGAME-25NOV21PURTTU-PUR,H1_2,11,2025-11-22T03:52:12+00:00,2,240,HEALTHY,0,CI_CROSSES_ZERO,LOW_HISTORICAL_SUPPORT,4.175999378990032,-12.0,16.0,16.133365864257577,-11.957366485267546,4.175999378990032,0.0,0.0,0.0,98,18.0,49-26,23,UNAVAILABLE,UNAVAILABLE,324.0,240,24.993260215116354,25.0,3.9159297079735236,3.926061475899559,0.9855072463768116,VALUE
AUSTIN_DRE_PHASE_3,AUSTIN_DOWNFALL_STATE_MODEL_V1,NCAAB_H1_2_AUSTIN_TRANSFER_V1,59fd43c9c6903edc,NCAAB_20251121_PUR_TTU,KXNCAAMBGAME-25NOV21PURTTU-PUR,H1_2,12,2025-11-22T03:52:12+00:00,2,120,HEALTHY,0,CI_CROSSES_ZERO,LOW_HISTORICAL_SUPPORT,4.175999378990032,-12.0,16.0,16.133365864257577,-11.957366485267546,4.175999378990032,0.0,0.0,0.0,98,18.0,49-26,23,UNAVAILABLE,UNAVAILABLE,324.0,120,24.993260215116354,25.0,3.9159297079735236,3.926061475899559,0.9855072463768116,VALUE
AUSTIN_DRE_PHASE_3,AUSTIN_DOWNFALL_STATE_MODEL_V1,NCAAB_H1_2_AUSTIN_TRANSFER_V1,bbbd545585b72d40,NCAAB_20251123_NW_SCAR,KXNCAAMBGAME-25NOV23NWSCAR-NW,H1_2,0,2025-11-23T22:05:50+00:00,1,240,UNRESOLVED,0,CI_UNAVAILABLE,SUPPORT_UNAVAILABLE,UNAVAILABLE,UNAVAILABLE,UNAVAILABLE,UNAVAILABLE,UNAVAILABLE,UNAVAILABLE,UNAVAILABLE,UNAVAILABLE,UNAVAILABLE,66,UNAVAILABLE,0-0,0,UNAVAILABLE,UNAVAILABLE,UNAVAILABLE,1440,UNAVAILABLE,UNAVAILABLE,UNAVAILABLE,UNAVAILABLE,0.30434782608695654,NOT_APPLICABLE
AUSTIN_DRE_PHASE_3,AUSTIN_DOWNFALL_STATE_MODEL_V1,NCAAB_H1_2_AUSTIN_TRANSFER_V1,bbbd545585b72d40,NCAAB_20251123_NW_SCAR,KXNCAAMBGAME-25NOV23NWSCAR-NW,H1_2,1,2025-11-23T22:05:50+00:00,1,120,UNRESOLVED,0,CI_UNAVAILABLE,SUPPORT_UNAVAILABLE,UNAVAILABLE,UNAVAILABLE,UNAVAILABLE,UNAVAILABLE,UNAVAILABLE,UNAVAILABLE,UNAVAILABLE,UNAVAILABLE,UNAVAILABLE,66,UNAVAILABLE,0-0,0,UNAVAILABLE,UNAVAILABLE,UNAVAILABLE,1320,UNAVAILABLE,UNAVAILABLE,UNAVAILABLE,UNAVAILABLE,0.30434782608695654,NOT_APPLICABLE
AUSTIN_DRE_PHASE_3,AUSTIN_DOWNFALL_STATE_MODEL_V1,NCAAB_H1_2_AUSTIN_TRANSFER_V1,bbbd545585b72d40,NCAAB_20251123_NW_SCAR,KXNCAAMBGAME-25NOV23NWSCAR-NW,H1_2,2,2025-11-23T22:48:35+00:00,1,0,WATCH_NEGATIVE,1,CI_NEGATIVE,NORMAL_SUPPORT,-80.00000000000001,-80.0,-80.0,-80.00000000000001,0.0,UNAVAILABLE,UNAVAILABLE,UNAVAILABLE,UNAVAILABLE,66,-15.0,36-34,2,UNAVAILABLE,UNAVAILABLE,290.0,1200,24.817841954549937,25.0,0.9450817458412202,0.8788519738446173,0.9710144927536232,VALUE
AUSTIN_DRE_PHASE_3,AUSTIN_DOWNFALL_STATE_MODEL_V1,NCAAB_H1_2_AUSTIN_TRANSFER_V1,bbbd545585b72d40,NCAAB_20251123_NW_SCAR,KXNCAAMBGAME-25NOV23NWSCAR-NW,H1_2,3,2025-11-23T23:03:45+00:00,2,1200,PERSISTENCE_2,2,CI_CROSSES_ZERO,NORMAL_SUPPORT,-18.353426122785397,-36.09999999999991,0.0,-80.00000000000001,61.64657387721462,-80.00000000000001,61.64657387721462,UNAVAILABLE,UNAVAILABLE,66,-15.0,36-34,2,UNAVAILABLE,UNAVAILABLE,290.0,1200,24.898155550973247,25.0,1.5951006357433188,1.6558713017939262,0.9710144927536232,VALUE
AUSTIN_DRE_PHASE_3,AUSTIN_DOWNFALL_STATE_MODEL_V1,NCAAB_H1_2_AUSTIN_TRANSFER_V1,bbbd545585b72d40,NCAAB_20251123_NW_SCAR,KXNCAAMBGAME-25NOV23NWSCAR-NW,H1_2,4,2025-11-23T23:03:45+00:00,2,1080,PERSISTENCE_3PLUS,3,CI_CROSSES_ZERO,NORMAL_SUPPORT,-18.353426122785397,-36.09999999999991,0.0,-80.00000000000001,61.64657387721462,-18.353426122785397,0.0,0.0,UNAVAILABLE,66,-15.0,36-34,2,UNAVAILABLE,UNAVAILABLE,290.0,1080,24.898155550973247,25.0,1.5951006357433188,1.6558713017939262,0.9710144927536232,VALUE
AUSTIN_DRE_PHASE_3,AUSTIN_DOWNFALL_STATE_MODEL_V1,NCAAB_H1_2_AUSTIN_TRANSFER_V1,bbbd545585b72d40,NCAAB_20251123_NW_SCAR,KXNCAAMBGAME-25NOV23NWSCAR-NW,H1_2,5,2025-11-23T23:03:45+00:00,2,960,PERSISTENCE_3PLUS,4,CI_CROSSES_ZERO,NORMAL_SUPPORT,-18.353426122785397,-36.09999999999991,0.0,-80.00000000000001,61.64657387721462,-18.353426122785397,0.0,0.0,0.0,66,-15.0,36-34,2,UNAVAILABLE,UNAVAILABLE,290.0,960,24.898155550973247,25.0,1.5951006357433188,1.6558713017939262,0.9710144927536232,VALUE
AUSTIN_DRE_PHASE_3,AUSTIN_DOWNFALL_STATE_MODEL_V1,NCAAB_H1_2_AUSTIN_TRANSFER_V1,bbbd545585b72d40,NCAAB_20251123_NW_SCAR,KXNCAAMBGAME-25NOV23NWSCAR-NW,H1_2,6,2025-11-23T23:15:17+00:00,2,840,PERSISTENCE_3PLUS,5,CI_NEGATIVE,NORMAL_SUPPORT,-42.495501880963985,-60.0,-24.0,-80.00000000000001,37.50449811903603,-18.353426122785397,-24.14207575817859,-12.071037879089294,-6.035518939544647,66,-15.0,46-45,1,UNAVAILABLE,UNAVAILABLE,650.0,840,23.91236402405128,25.0,0.7795244939220205,0.8450680057201906,1.0,VALUE
AUSTIN_DRE_PHASE_3,AUSTIN_DOWNFALL_STATE_MODEL_V1,NCAAB_H1_2_AUSTIN_TRANSFER_V1,bbbd545585b72d40,NCAAB_20251123_NW_SCAR,KXNCAAMBGAME-25NOV23NWSCAR-NW,H1_2,7,2025-11-23T23:03:45+00:00,2,720,PERSISTENCE_3PLUS,6,CI_CROSSES_ZERO,NORMAL_SUPPORT,-18.353426122785397,-36.09999999999991,0.0,-80.00000000000001,61.64657387721462,-42.495501880963985,24.14207575817859,12.071037879089294,12.071037879089294,66,-15.0,36-34,2,UNAVAILABLE,UNAVAILABLE,290.0,720,24.898155550973247,25.0,1.5951006357433188,1.6558713017939262,0.9710144927536232,VALUE
AUSTIN_DRE_PHASE_3,AUSTIN_DOWNFALL_STATE_MODEL_V1,NCAAB_H1_2_AUSTIN_TRANSFER_V1,bbbd545585b72d40,NCAAB_20251123_NW_SCAR,KXNCAAMBGAME-25NOV23NWSCAR-NW,H1_2,8,2025-11-23T23:03:45+00:00,2,600,PERSISTENCE_3PLUS,7,CI_CROSSES_ZERO,NORMAL_SUPPORT,-18.353426122785397,-36.09999999999991,0.0,-80.00000000000001,61.64657387721462,-18.353426122785397,0.0,0.0,-6.035518939544647,66,-15.0,36-34,2,UNAVAILABLE,UNAVAILABLE,290.0,600,24.898155550973247,25.0,1.5951006357433188,1.6558713017939262,0.9710144927536232,VALUE
AUSTIN_DRE_PHASE_3,AUSTIN_DOWNFALL_STATE_MODEL_V1,NCAAB_H1_2_AUSTIN_TRANSFER_V1,bbbd545585b72d40,NCAAB_20251123_NW_SCAR,KXNCAAMBGAME-25NOV23NWSCAR-NW,H1_2,9,2025-11-23T23:03:45+00:00,2,480,PERSISTENCE_3PLUS,8,CI_CROSSES_ZERO,NORMAL_SUPPORT,-18.353426122785397,-36.09999999999991,0.0,-80.00000000000001,61.64657387721462,-18.353426122785397,0.0,0.0,0.0,66,-15.0,36-34,2,UNAVAILABLE,UNAVAILABLE,290.0,480,24.898155550973247,25.0,1.5951006357433188,1.6558713017939262,0.9710144927536232,VALUE
AUSTIN_DRE_PHASE_3,AUSTIN_DOWNFALL_STATE_MODEL_V1,NCAAB_H1_2_AUSTIN_TRANSFER_V1,bbbd545585b72d40,NCAAB_20251123_NW_SCAR,KXNCAAMBGAME-25NOV23NWSCAR-NW,H1_2,10,2025-11-23T23:03:45+00:00,2,360,PERSISTENCE_3PLUS,9,CI_CROSSES_ZERO,NORMAL_SUPPORT,-18.353426122785397,-36.09999999999991,0.0,-80.00000000000001,61.64657387721462,-18.353426122785397,0.0,0.0,0.0,66,-15.0,36-34,2,UNAVAILABLE,UNAVAILABLE,290.0,360,24.898155550973247,25.0,1.5951006357433188,1.6558713017939262,0.9710144927536232,VALUE
AUSTIN_DRE_PHASE_3,AUSTIN_DOWNFALL_STATE_MODEL_V1,NCAAB_H1_2_AUSTIN_TRANSFER_V1,bbbd545585b72d40,NCAAB_20251123_NW_SCAR,KXNCAAMBGAME-25NOV23NWSCAR-NW,H1_2,11,2025-11-23T23:03:45+00:00,2,240,PERSISTENCE_3PLUS,10,CI_CROSSES_ZERO,NORMAL_SUPPORT,-18.353426122785397,-36.09999999999991,0.0,-80.00000000000001,61.64657387721462,-18.353426122785397,0.0,0.0,0.0,66,-15.0,36-34,2,UNAVAILABLE,UNAVAILABLE,290.0,240,24.898155550973247,25.0,1.5951006357433188,1.6558713017939262,0.9710144927536232,VALUE
AUSTIN_DRE_PHASE_3,AUSTIN_DOWNFALL_STATE_MODEL_V1,NCAAB_H1_2_AUSTIN_TRANSFER_V1,bbbd545585b72d40,NCAAB_20251123_NW_SCAR,KXNCAAMBGAME-25NOV23NWSCAR-NW,H1_2,12,2025-11-23T23:03:45+00:00,2,120,PERSISTENCE_3PLUS,11,CI_CROSSES_ZERO,NORMAL_SUPPORT,-18.353426122785397,-36.09999999999991,0.0,-80.00000000000001,61.64657387721462,-18.353426122785397,0.0,0.0,0.0,66,-15.0,36-34,2,UNAVAILABLE,UNAVAILABLE,290.0,120,24.898155550973247,25.0,1.5951006357433188,1.6558713017939262,0.9710144927536232,VALUE
AUSTIN_DRE_PHASE_3,AUSTIN_DOWNFALL_STATE_MODEL_V1,NCAAB_H1_2_AUSTIN_TRANSFER_V1,bbbd545585b72d40,NCAAB_20251123_NW_SCAR,KXNCAAMBGAME-25NOV23NWSCAR-NW,H1_2,13,2025-11-23T23:59:49+00:00,2,0,RECOVERING,0,CI_POSITIVE,NORMAL_SUPPORT,20.0,20.0,20.0,-80.00000000000001,100.00000000000001,-18.353426122785397,38.35342612278539,19.176713061392697,9.588356530696348,99,18.0,79-77,2,UNAVAILABLE,UNAVAILABLE,1490.0,0,24.875739957771355,25.0,1.0367953953082278,1.0228852913253639,1.0,VALUE
AUSTIN_DRE_PHASE_3,AUSTIN_DOWNFALL_STATE_MODEL_V1,NCAAB_H1_2_AUSTIN_TRANSFER_V1,ad36cf233dd1eff6,NCAAB_20251124_KU_ND,KXNCAAMBGAME-25NOV24KUND-KU,H1_2,0,2025-11-24T20:38:27+00:00,1,480,UNRESOLVED,0,CI_UNAVAILABLE,SUPPORT_UNAVAILABLE,UNAVAILABLE,UNAVAILABLE,UNAVAILABLE,UNAVAILABLE,UNAVAILABLE,UNAVAILABLE,UNAVAILABLE,UNAVAILABLE,UNAVAILABLE,68,UNAVAILABLE,0-0,0,UNAVAILABLE,UNAVAILABLE,UNAVAILABLE,1680,UNAVAILABLE,UNAVAILABLE,UNAVAILABLE,UNAVAILABLE,0.30434782608695654,NOT_APPLICABLE
AUSTIN_DRE_PHASE_3,AUSTIN_DOWNFALL_STATE_MODEL_V1,NCAAB_H1_2_AUSTIN_TRANSFER_V1,ad36cf233dd1eff6,NCAAB_20251124_KU_ND,KXNCAAMBGAME-25NOV24KUND-KU,H1_2,1,2025-11-24T20:38:27+00:00,1,360,UNRESOLVED,0,CI_UNAVAILABLE,SUPPORT_UNAVAILABLE,UNAVAILABLE,UNAVAILABLE,UNAVAILABLE,UNAVAILABLE,UNAVAILABLE,UNAVAILABLE,UNAVAILABLE,UNAVAILABLE,UNAVAILABLE,68,UNAVAILABLE,0-0,0,UNAVAILABLE,UNAVAILABLE,UNAVAILABLE,1560,UNAVAILABLE,UNAVAILABLE,UNAVAILABLE,UNAVAILABLE,0.30434782608695654,NOT_APPLICABLE
AUSTIN_DRE_PHASE_3,AUSTIN_DOWNFALL_STATE_MODEL_V1,NCAAB_H1_2_AUSTIN_TRANSFER_V1,ad36cf233dd1eff6,NCAAB_20251124_KU_ND,KXNCAAMBGAME-25NOV24KUND-KU,H1_2,2,2025-11-24T20:38:27+00:00,1,240,UNRESOLVED,0,CI_UNAVAILABLE,SUPPORT_UNAVAILABLE,UNAVAILABLE,UNAVAILABLE,UNAVAILABLE,UNAVAILABLE,UNAVAILABLE,UNAVAILABLE,UNAVAILABLE,UNAVAILABLE,UNAVAILABLE,68,UNAVAILABLE,0-0,0,UNAVAILABLE,UNAVAILABLE,UNAVAILABLE,1440,UNAVAILABLE,UNAVAILABLE,UNAVAILABLE,UNAVAILABLE,0.30434782608695654,NOT_APPLICABLE
AUSTIN_DRE_PHASE_3,AUSTIN_DOWNFALL_STATE_MODEL_V1,NCAAB_H1_2_AUSTIN_TRANSFER_V1,ad36cf233dd1eff6,NCAAB_20251124_KU_ND,KXNCAAMBGAME-25NOV24KUND-KU,H1_2,3,2025-11-24T21:21:45+00:00,1,120,WATCH_NEGATIVE,1,CI_NEGATIVE,NORMAL_SUPPORT,-51.967456457141104,-68.0,-32.0,-51.967456457141104,0.0,UNAVAILABLE,UNAVAILABLE,UNAVAILABLE,UNAVAILABLE,86,5.0,34-24,10,UNAVAILABLE,UNAVAILABLE,461.0,1320,24.733971617267656,25.0,1.2779600741122024,1.2132589123103668,0.9855072463768116,VALUE
AUSTIN_DRE_PHASE_3,AUSTIN_DOWNFALL_STATE_MODEL_V1,NCAAB_H1_2_AUSTIN_TRANSFER_V1,ad36cf233dd1eff6,NCAAB_20251124_KU_ND,KXNCAAMBGAME-25NOV24KUND-KU,H1_2,4,2025-11-24T21:28:33+00:00,1,0,PERSISTENCE_2,2,CI_NEGATIVE,NORMAL_SUPPORT,-49.52191897609601,-68.0,-28.0,-51.967456457141104,2.4455374810450934,-51.967456457141104,2.4455374810450934,1.2227687405225467,UNAVAILABLE,88,7.0,39-32,7,UNAVAILABLE,UNAVAILABLE,581.0,1200,24.58861214448406,25.0,1.00645405345029,0.9131777225478954,0.9855072463768116,VALUE
AUSTIN_DRE_PHASE_3,AUSTIN_DOWNFALL_STATE_MODEL_V1,NCAAB_H1_2_AUSTIN_TRANSFER_V1,ad36cf233dd1eff6,NCAAB_20251124_KU_ND,KXNCAAMBGAME-25NOV24KUND-KU,H1_2,5,2025-11-24T21:43:49+00:00,2,1200,RECOVERING,0,CI_CROSSES_ZERO,NORMAL_SUPPORT,2.860820464000402,-12.0,16.0,-51.967456457141104,54.82827692114151,-49.52191897609601,52.382739440096415,UNAVAILABLE,UNAVAILABLE,84,3.0,39-32,7,UNAVAILABLE,UNAVAILABLE,581.0,1200,24.797523323395577,25.0,1.6150115307778277,1.6706518487385782,0.9855072463768116,VALUE
AUSTIN_DRE_PHASE_3,AUSTIN_DOWNFALL_STATE_MODEL_V1,NCAAB_H1_2_AUSTIN_TRANSFER_V1,ad36cf233dd1eff6,NCAAB_20251124_KU_ND,KXNCAAMBGAME-25NOV24KUND-KU,H1_2,6,2025-11-24T21:43:49+00:00,2,1080,HEALTHY_AFTER_RECOVERY,0,CI_CROSSES_ZERO,NORMAL_SUPPORT,2.860820464000402,-12.0,16.0,-51.967456457141104,54.82827692114151,2.860820464000402,0.0,0.0,UNAVAILABLE,84,3.0,39-32,7,UNAVAILABLE,UNAVAILABLE,581.0,1080,24.797523323395577,25.0,1.6150115307778277,1.6706518487385782,0.9855072463768116,VALUE
AUSTIN_DRE_PHASE_3,AUSTIN_DOWNFALL_STATE_MODEL_V1,NCAAB_H1_2_AUSTIN_TRANSFER_V1,ad36cf233dd1eff6,NCAAB_20251124_KU_ND,KXNCAAMBGAME-25NOV24KUND-KU,H1_2,7,2025-11-24T21:43:49+00:00,2,960,HEALTHY_AFTER_RECOVERY,0,CI_CROSSES_ZERO,NORMAL_SUPPORT,2.860820464000402,-12.0,16.0,-51.967456457141104,54.82827692114151,2.860820464000402,0.0,0.0,0.0,84,3.0,39-32,7,UNAVAILABLE,UNAVAILABLE,581.0,960,24.797523323395577,25.0,1.6150115307778277,1.6706518487385782,0.9855072463768116,VALUE
AUSTIN_DRE_PHASE_3,AUSTIN_DOWNFALL_STATE_MODEL_V1,NCAAB_H1_2_AUSTIN_TRANSFER_V1,ad36cf233dd1eff6,NCAAB_20251124_KU_ND,KXNCAAMBGAME-25NOV24KUND-KU,H1_2,8,2025-11-24T21:43:49+00:00,2,840,HEALTHY_AFTER_RECOVERY,0,CI_CROSSES_ZERO,NORMAL_SUPPORT,2.860820464000402,-12.0,16.0,-51.967456457141104,54.82827692114151,2.860820464000402,0.0,0.0,0.0,84,3.0,39-32,7,UNAVAILABLE,UNAVAILABLE,581.0,840,24.797523323395577,25.0,1.6150115307778277,1.6706518487385782,0.9855072463768116,VALUE
AUSTIN_DRE_PHASE_3,AUSTIN_DOWNFALL_STATE_MODEL_V1,NCAAB_H1_2_AUSTIN_TRANSFER_V1,ad36cf233dd1eff6,NCAAB_20251124_KU_ND,KXNCAAMBGAME-25NOV24KUND-KU,H1_2,9,2025-11-24T21:43:49+00:00,2,720,HEALTHY_AFTER_RECOVERY,0,CI_CROSSES_ZERO,NORMAL_SUPPORT,2.860820464000402,-12.0,16.0,-51.967456457141104,54.82827692114151,2.860820464000402,0.0,0.0,0.0,84,3.0,39-32,7,UNAVAILABLE,UNAVAILABLE,581.0,720,24.797523323395577,25.0,1.6150115307778277,1.6706518487385782,0.9855072463768116,VALUE
AUSTIN_DRE_PHASE_3,AUSTIN_DOWNFALL_STATE_MODEL_V1,NCAAB_H1_2_AUSTIN_TRANSFER_V1,ad36cf233dd1eff6,NCAAB_20251124_KU_ND,KXNCAAMBGAME-25NOV24KUND-KU,H1_2,10,2025-11-24T22:04:10+00:00,2,600,WATCH_NEGATIVE,1,CI_CROSSES_ZERO,NORMAL_SUPPORT,-5.181670477653608,-24.0,12.0,-51.967456457141104,46.7857859794875,2.860820464000402,-8.042490941654009,-4.0212454708270045,-2.0106227354135022,83,2.0,53-47,6,UNAVAILABLE,UNAVAILABLE,1181.0,600,24.90409221281759,25.0,1.0461405640787618,1.0815533099908352,1.0,VALUE
AUSTIN_DRE_PHASE_3,AUSTIN_DOWNFALL_STATE_MODEL_V1,NCAAB_H1_2_AUSTIN_TRANSFER_V1,ad36cf233dd1eff6,NCAAB_20251124_KU_ND,KXNCAAMBGAME-25NOV24KUND-KU,H1_2,11,2025-11-24T21:43:49+00:00,2,480,RECOVERING,0,CI_CROSSES_ZERO,NORMAL_SUPPORT,2.860820464000402,-12.0,16.0,-51.967456457141104,54.82827692114151,-5.181670477653608,8.042490941654009,4.0212454708270045,4.0212454708270045,84,3.0,39-32,7,UNAVAILABLE,UNAVAILABLE,581.0,480,24.797523323395577,25.0,1.6150115307778277,1.6706518487385782,0.9855072463768116,VALUE
AUSTIN_DRE_PHASE_3,AUSTIN_DOWNFALL_STATE_MODEL_V1,NCAAB_H1_2_AUSTIN_TRANSFER_V1,ad36cf233dd1eff6,NCAAB_20251124_KU_ND,KXNCAAMBGAME-25NOV24KUND-KU,H1_2,12,2025-11-24T21:43:49+00:00,2,360,HEALTHY_AFTER_RECOVERY,0,CI_CROSSES_ZERO,NORMAL_SUPPORT,2.860820464000402,-12.0,16.0,-51.967456457141104,54.82827692114151,2.860820464000402,0.0,0.0,-2.0106227354135022,84,3.0,39-32,7,UNAVAILABLE,UNAVAILABLE,581.0,360,24.797523323395577,25.0,1.6150115307778277,1.6706518487385782,0.9855072463768116,VALUE
AUSTIN_DRE_PHASE_3,AUSTIN_DOWNFALL_STATE_MODEL_V1,NCAAB_H1_2_AUSTIN_TRANSFER_V1,ad36cf233dd1eff6,NCAAB_20251124_KU_ND,KXNCAAMBGAME-25NOV24KUND-KU,H1_2,13,2025-11-24T21:43:49+00:00,2,240,HEALTHY_AFTER_RECOVERY,0,CI_CROSSES_ZERO,NORMAL_SUPPORT,2.860820464000402,-12.0,16.0,-51.967456457141104,54.82827692114151,2.860820464000402,0.0,0.0,0.0,84,3.0,39-32,7,UNAVAILABLE,UNAVAILABLE,581.0,240,24.797523323395577,25.0,1.6150115307778277,1.6706518487385782,0.9855072463768116,VALUE
AUSTIN_DRE_PHASE_3,AUSTIN_DOWNFALL_STATE_MODEL_V1,NCAAB_H1_2_AUSTIN_TRANSFER_V1,ad36cf233dd1eff6,NCAAB_20251124_KU_ND,KXNCAAMBGAME-25NOV24KUND-KU,H1_2,14,2025-11-24T21:43:49+00:00,2,120,HEALTHY_AFTER_RECOVERY,0,CI_CROSSES_ZERO,NORMAL_SUPPORT,2.860820464000402,-12.0,16.0,-51.967456457141104,54.82827692114151,2.860820464000402,0.0,0.0,0.0,84,3.0,39-32,7,UNAVAILABLE,UNAVAILABLE,581.0,120,24.797523323395577,25.0,1.6150115307778277,1.6706518487385782,0.9855072463768116,VALUE
AUSTIN_DRE_PHASE_3,AUSTIN_DOWNFALL_STATE_MODEL_V1,NCAAB_H1_2_AUSTIN_TRANSFER_V1,ad36cf233dd1eff6,NCAAB_20251124_KU_ND,KXNCAAMBGAME-25NOV24KUND-KU,H1_2,15,2025-11-24T22:31:04+00:00,2,0,HEALTHY_AFTER_RECOVERY,0,CI_POSITIVE,NORMAL_SUPPORT,20.000000000000004,20.0,20.0,-51.967456457141104,71.96745645714111,2.860820464000402,17.139179535999602,8.569589767999801,4.284794883999901,99,18.0,71-61,10,UNAVAILABLE,UNAVAILABLE,1781.0,0,24.98669255637571,25.0,2.2095331028775274,2.211968462348351,1.0,VALUE
AUSTIN_DRE_PHASE_3,AUSTIN_DOWNFALL_STATE_MODEL_V1,NCAAB_H1_2_AUSTIN_TRANSFER_V1,86e0d0af9d033fc6,NCAAB_20251124_HOU_SYR,KXNCAAMBGAME-25NOV24HOUSYR-HOU,H1_2,0,2025-11-24T23:06:26+00:00,1,480,UNRESOLVED,0,CI_UNAVAILABLE,SUPPORT_UNAVAILABLE,UNAVAILABLE,UNAVAILABLE,UNAVAILABLE,UNAVAILABLE,UNAVAILABLE,UNAVAILABLE,UNAVAILABLE,UNAVAILABLE,UNAVAILABLE,91,UNAVAILABLE,0-0,0,UNAVAILABLE,UNAVAILABLE,UNAVAILABLE,1680,UNAVAILABLE,UNAVAILABLE,UNAVAILABLE,UNAVAILABLE,0.30434782608695654,NOT_APPLICABLE
AUSTIN_DRE_PHASE_3,AUSTIN_DOWNFALL_STATE_MODEL_V1,NCAAB_H1_2_AUSTIN_TRANSFER_V1,86e0d0af9d033fc6,NCAAB_20251124_HOU_SYR,KXNCAAMBGAME-25NOV24HOUSYR-HOU,H1_2,1,2025-11-24T23:06:26+00:00,1,360,UNRESOLVED,0,CI_UNAVAILABLE,SUPPORT_UNAVAILABLE,UNAVAILABLE,UNAVAILABLE,UNAVAILABLE,UNAVAILABLE,UNAVAILABLE,UNAVAILABLE,UNAVAILABLE,UNAVAILABLE,UNAVAILABLE,91,UNAVAILABLE,0-0,0,UNAVAILABLE,UNAVAILABLE,UNAVAILABLE,1560,UNAVAILABLE,UNAVAILABLE,UNAVAILABLE,UNAVAILABLE,0.30434782608695654,NOT_APPLICABLE
AUSTIN_DRE_PHASE_3,AUSTIN_DOWNFALL_STATE_MODEL_V1,NCAAB_H1_2_AUSTIN_TRANSFER_V1,86e0d0af9d033fc6,NCAAB_20251124_HOU_SYR,KXNCAAMBGAME-25NOV24HOUSYR-HOU,H1_2,2,2025-11-24T23:06:26+00:00,1,240,UNRESOLVED,0,CI_UNAVAILABLE,SUPPORT_UNAVAILABLE,UNAVAILABLE,UNAVAILABLE,UNAVAILABLE,UNAVAILABLE,UNAVAILABLE,UNAVAILABLE,UNAVAILABLE,UNAVAILABLE,UNAVAILABLE,91,UNAVAILABLE,0-0,0,UNAVAILABLE,UNAVAILABLE,UNAVAILABLE,1440,UNAVAILABLE,UNAVAILABLE,UNAVAILABLE,UNAVAILABLE,0.30434782608695654,NOT_APPLICABLE
AUSTIN_DRE_PHASE_3,AUSTIN_DOWNFALL_STATE_MODEL_V1,NCAAB_H1_2_AUSTIN_TRANSFER_V1,86e0d0af9d033fc6,NCAAB_20251124_HOU_SYR,KXNCAAMBGAME-25NOV24HOUSYR-HOU,H1_2,3,2025-11-24T23:06:26+00:00,1,120,UNRESOLVED,0,CI_UNAVAILABLE,SUPPORT_UNAVAILABLE,UNAVAILABLE,UNAVAILABLE,UNAVAILABLE,UNAVAILABLE,UNAVAILABLE,UNAVAILABLE,UNAVAILABLE,UNAVAILABLE,UNAVAILABLE,91,UNAVAILABLE,0-0,0,UNAVAILABLE,UNAVAILABLE,UNAVAILABLE,1320,UNAVAILABLE,UNAVAILABLE,UNAVAILABLE,UNAVAILABLE,0.30434782608695654,NOT_APPLICABLE
AUSTIN_DRE_PHASE_3,AUSTIN_DOWNFALL_STATE_MODEL_V1,NCAAB_H1_2_AUSTIN_TRANSFER_V1,86e0d0af9d033fc6,NCAAB_20251124_HOU_SYR,KXNCAAMBGAME-25NOV24HOUSYR-HOU,H1_2,4,2025-11-25T00:04:57+00:00,1,0,HEALTHY,0,CI_CROSSES_ZERO,NORMAL_SUPPORT,12.130053591868434,0.0,20.0,12.130053591868434,0.0,UNAVAILABLE,UNAVAILABLE,UNAVAILABLE,UNAVAILABLE,84,1.0,37-34,3,UNAVAILABLE,UNAVAILABLE,500.0,1200,24.97257137641738,25.0,1.2896215189894336,1.2972325258278048,0.9855072463768116,VALUE
AUSTIN_DRE_PHASE_3,AUSTIN_DOWNFALL_STATE_MODEL_V1,NCAAB_H1_2_AUSTIN_TRANSFER_V1,86e0d0af9d033fc6,NCAAB_20251124_HOU_SYR,KXNCAAMBGAME-25NOV24HOUSYR-HOU,H1_2,5,2025-11-25T00:18:21+00:00,2,1200,HEALTHY,0,CI_POSITIVE,NORMAL_SUPPORT,16.217144752327147,8.0,20.0,12.130053591868434,4.087091160458714,12.130053591868434,4.087091160458714,UNAVAILABLE,UNAVAILABLE,86,3.0,37-34,3,UNAVAILABLE,UNAVAILABLE,500.0,1200,24.929505750705523,25.0,1.6794582189004934,1.692014174124893,0.9855072463768116,VALUE
AUSTIN_DRE_PHASE_3,AUSTIN_DOWNFALL_STATE_MODEL_V1,NCAAB_H1_2_AUSTIN_TRANSFER_V1,86e0d0af9d033fc6,NCAAB_20251124_HOU_SYR,KXNCAAMBGAME-25NOV24HOUSYR-HOU,H1_2,6,2025-11-25T00:18:21+00:00,2,1080,HEALTHY,0,CI_POSITIVE,NORMAL_SUPPORT,16.217144752327147,8.0,20.0,12.130053591868434,4.087091160458714,16.217144752327147,0.0,0.0,UNAVAILABLE,86,3.0,37-34,3,UNAVAILABLE,UNAVAILABLE,500.0,1080,24.929505750705523,25.0,1.6794582189004934,1.692014174124893,0.9855072463768116,VALUE
AUSTIN_DRE_PHASE_3,AUSTIN_DOWNFALL_STATE_MODEL_V1,NCAAB_H1_2_AUSTIN_TRANSFER_V1,86e0d0af9d033fc6,NCAAB_20251124_HOU_SYR,KXNCAAMBGAME-25NOV24HOUSYR-HOU,H1_2,7,2025-11-25T00:18:21+00:00,2,960,HEALTHY,0,CI_POSITIVE,NORMAL_SUPPORT,16.217144752327147,8.0,20.0,12.130053591868434,4.087091160458714,16.217144752327147,0.0,0.0,0.0,86,3.0,37-34,3,UNAVAILABLE,UNAVAILABLE,500.0,960,24.929505750705523,25.0,1.6794582189004934,1.692014174124893,0.9855072463768116,VALUE
AUSTIN_DRE_PHASE_3,AUSTIN_DOWNFALL_STATE_MODEL_V1,NCAAB_H1_2_AUSTIN_TRANSFER_V1,86e0d0af9d033fc6,NCAAB_20251124_HOU_SYR,KXNCAAMBGAME-25NOV24HOUSYR-HOU,H1_2,8,2025-11-25T00:18:21+00:00,2,840,HEALTHY,0,CI_POSITIVE,NORMAL_SUPPORT,16.217144752327147,8.0,20.0,12.130053591868434,4.087091160458714,16.217144752327147,0.0,0.0,0.0,86,3.0,37-34,3,UNAVAILABLE,UNAVAILABLE,500.0,840,24.929505750705523,25.0,1.6794582189004934,1.692014174124893,0.9855072463768116,VALUE
AUSTIN_DRE_PHASE_3,AUSTIN_DOWNFALL_STATE_MODEL_V1,NCAAB_H1_2_AUSTIN_TRANSFER_V1,86e0d0af9d033fc6,NCAAB_20251124_HOU_SYR,KXNCAAMBGAME-25NOV24HOUSYR-HOU,H1_2,9,2025-11-25T00:39:07+00:00,2,720,HEALTHY,0,CI_CROSSES_ZERO,NORMAL_SUPPORT,2.3755132396827343,-16.0,16.0,12.130053591868434,-9.7545403521857,16.217144752327147,-13.841631512644414,-6.920815756322207,-3.4604078781611034,86,3.0,52-47,5,UNAVAILABLE,UNAVAILABLE,980.0,720,24.614559651550294,25.0,1.0661341887400213,1.1121798082208947,1.0,VALUE
AUSTIN_DRE_PHASE_3,AUSTIN_DOWNFALL_STATE_MODEL_V1,NCAAB_H1_2_AUSTIN_TRANSFER_V1,86e0d0af9d033fc6,NCAAB_20251124_HOU_SYR,KXNCAAMBGAME-25NOV24HOUSYR-HOU,H1_2,10,2025-11-25T00:18:21+00:00,2,600,HEALTHY,0,CI_POSITIVE,NORMAL_SUPPORT,16.217144752327147,8.0,20.0,12.130053591868434,4.087091160458714,2.3755132396827343,13.841631512644414,6.920815756322207,6.920815756322207,86,3.0,37-34,3,UNAVAILABLE,UNAVAILABLE,500.0,600,24.929505750705523,25.0,1.6794582189004934,1.692014174124893,0.9855072463768116,VALUE
AUSTIN_DRE_PHASE_3,AUSTIN_DOWNFALL_STATE_MODEL_V1,NCAAB_H1_2_AUSTIN_TRANSFER_V1,86e0d0af9d033fc6,NCAAB_20251124_HOU_SYR,KXNCAAMBGAME-25NOV24HOUSYR-HOU,H1_2,11,2025-11-25T00:18:21+00:00,2,480,HEALTHY,0,CI_POSITIVE,NORMAL_SUPPORT,16.217144752327147,8.0,20.0,12.130053591868434,4.087091160458714,16.217144752327147,0.0,0.0,-3.4604078781611034,86,3.0,37-34,3,UNAVAILABLE,UNAVAILABLE,500.0,480,24.929505750705523,25.0,1.6794582189004934,1.692014174124893,0.9855072463768116,VALUE
AUSTIN_DRE_PHASE_3,AUSTIN_DOWNFALL_STATE_MODEL_V1,NCAAB_H1_2_AUSTIN_TRANSFER_V1,86e0d0af9d033fc6,NCAAB_20251124_HOU_SYR,KXNCAAMBGAME-25NOV24HOUSYR-HOU,H1_2,12,2025-11-25T00:18:21+00:00,2,360,HEALTHY,0,CI_POSITIVE,NORMAL_SUPPORT,16.217144752327147,8.0,20.0,12.130053591868434,4.087091160458714,16.217144752327147,0.0,0.0,0.0,86,3.0,37-34,3,UNAVAILABLE,UNAVAILABLE,500.0,360,24.929505750705523,25.0,1.6794582189004934,1.692014174124893,0.9855072463768116,VALUE
AUSTIN_DRE_PHASE_3,AUSTIN_DOWNFALL_STATE_MODEL_V1,NCAAB_H1_2_AUSTIN_TRANSFER_V1,86e0d0af9d033fc6,NCAAB_20251124_HOU_SYR,KXNCAAMBGAME-25NOV24HOUSYR-HOU,H1_2,13,2025-11-25T00:18:21+00:00,2,240,HEALTHY,0,CI_POSITIVE,NORMAL_SUPPORT,16.217144752327147,8.0,20.0,12.130053591868434,4.087091160458714,16.217144752327147,0.0,0.0,0.0,86,3.0,37-34,3,UNAVAILABLE,UNAVAILABLE,500.0,240,24.929505750705523,25.0,1.6794582189004934,1.692014174124893,0.9855072463768116,VALUE
AUSTIN_DRE_PHASE_3,AUSTIN_DOWNFALL_STATE_MODEL_V1,NCAAB_H1_2_AUSTIN_TRANSFER_V1,86e0d0af9d033fc6,NCAAB_20251124_HOU_SYR,KXNCAAMBGAME-25NOV24HOUSYR-HOU,H1_2,14,2025-11-25T00:18:21+00:00,2,120,HEALTHY,0,CI_POSITIVE,NORMAL_SUPPORT,16.217144752327147,8.0,20.0,12.130053591868434,4.087091160458714,16.217144752327147,0.0,0.0,0.0,86,3.0,37-34,3,UNAVAILABLE,UNAVAILABLE,500.0,120,24.929505750705523,25.0,1.6794582189004934,1.692014174124893,0.9855072463768116,VALUE
AUSTIN_DRE_PHASE_3,AUSTIN_DOWNFALL_STATE_MODEL_V1,NCAAB_H1_2_AUSTIN_TRANSFER_V1,86e0d0af9d033fc6,NCAAB_20251124_HOU_SYR,KXNCAAMBGAME-25NOV24HOUSYR-HOU,H1_2,15,2025-11-25T01:15:03+00:00,2,0,HEALTHY,0,CI_POSITIVE,NORMAL_SUPPORT,13.557383643677703,4.0,20.0,12.130053591868434,1.4273300518092693,16.217144752327147,-2.6597611086494446,-1.3298805543247223,-0.6649402771623611,72,-11.0,67-67,0,UNAVAILABLE,UNAVAILABLE,1700.0,0,24.37942649034288,25.0,0.8002341766483155,0.8123498922506527,1.0,VALUE
AUSTIN_DRE_PHASE_3,AUSTIN_DOWNFALL_STATE_MODEL_V1,NCAAB_H1_2_AUSTIN_TRANSFER_V1,86e0d0af9d033fc6,NCAAB_20251124_HOU_SYR,KXNCAAMBGAME-25NOV24HOUSYR-HOU,H1_2,16,2025-11-25T01:18:06+00:00,3,180,WATCH_NEGATIVE,1,CI_NEGATIVE,NORMAL_SUPPORT,-23.316433142086463,-44.0,-4.0,12.130053591868434,-35.4464867339549,13.557383643677703,-36.87381678576416,-18.43690839288208,-8.553513919278679,67,-16.0,69-67,2,UNAVAILABLE,UNAVAILABLE,1713.0,180,24.823188972463228,25.0,0.731136915658844,0.7493034937302226,1.0,VALUE
AUSTIN_DRE_PHASE_3,AUSTIN_DOWNFALL_STATE_MODEL_V1,NCAAB_H1_2_AUSTIN_TRANSFER_V1,86e0d0af9d033fc6,NCAAB_20251124_HOU_SYR,KXNCAAMBGAME-25NOV24HOUSYR-HOU,H1_2,17,2025-11-25T01:18:06+00:00,3,60,PERSISTENCE_2,2,CI_NEGATIVE,NORMAL_SUPPORT,-23.316433142086463,-44.0,-4.0,12.130053591868434,-35.4464867339549,-23.316433142086463,0.0,0.0,9.21845419644104,67,-16.0,69-67,2,UNAVAILABLE,UNAVAILABLE,1713.0,60,24.823188972463228,25.0,0.731136915658844,0.7493034937302226,1.0,VALUE
AUSTIN_DRE_PHASE_3,AUSTIN_DOWNFALL_STATE_MODEL_V1,NCAAB_H1_2_AUSTIN_TRANSFER_V1,18aa32a2a18ab92a,NCAAB_20251125_TENN_HOU,KXNCAAMBGAME-25NOV25TENNHOU-HOU,H1_2,0,2025-11-25T23:13:04+00:00,1,480,UNRESOLVED,0,CI_UNAVAILABLE,SUPPORT_UNAVAILABLE,UNAVAILABLE,UNAVAILABLE,UNAVAILABLE,UNAVAILABLE,UNAVAILABLE,UNAVAILABLE,UNAVAILABLE,UNAVAILABLE,UNAVAILABLE,62,UNAVAILABLE,0-0,0,UNAVAILABLE,UNAVAILABLE,UNAVAILABLE,1680,UNAVAILABLE,UNAVAILABLE,UNAVAILABLE,UNAVAILABLE,0.30434782608695654,NOT_APPLICABLE
AUSTIN_DRE_PHASE_3,AUSTIN_DOWNFALL_STATE_MODEL_V1,NCAAB_H1_2_AUSTIN_TRANSFER_V1,18aa32a2a18ab92a,NCAAB_20251125_TENN_HOU,KXNCAAMBGAME-25NOV25TENNHOU-HOU,H1_2,1,2025-11-25T23:13:04+00:00,1,360,UNRESOLVED,0,CI_UNAVAILABLE,SUPPORT_UNAVAILABLE,UNAVAILABLE,UNAVAILABLE,UNAVAILABLE,UNAVAILABLE,UNAVAILABLE,UNAVAILABLE,UNAVAILABLE,UNAVAILABLE,UNAVAILABLE,62,UNAVAILABLE,0-0,0,UNAVAILABLE,UNAVAILABLE,UNAVAILABLE,1560,UNAVAILABLE,UNAVAILABLE,UNAVAILABLE,UNAVAILABLE,0.30434782608695654,NOT_APPLICABLE
AUSTIN_DRE_PHASE_3,AUSTIN_DOWNFALL_STATE_MODEL_V1,NCAAB_H1_2_AUSTIN_TRANSFER_V1,18aa32a2a18ab92a,NCAAB_20251125_TENN_HOU,KXNCAAMBGAME-25NOV25TENNHOU-HOU,H1_2,2,2025-11-25T23:13:04+00:00,1,240,UNRESOLVED,0,CI_UNAVAILABLE,SUPPORT_UNAVAILABLE,UNAVAILABLE,UNAVAILABLE,UNAVAILABLE,UNAVAILABLE,UNAVAILABLE,UNAVAILABLE,UNAVAILABLE,UNAVAILABLE,UNAVAILABLE,62,UNAVAILABLE,0-0,0,UNAVAILABLE,UNAVAILABLE,UNAVAILABLE,1440,UNAVAILABLE,UNAVAILABLE,UNAVAILABLE,UNAVAILABLE,0.30434782608695654,NOT_APPLICABLE
AUSTIN_DRE_PHASE_3,AUSTIN_DOWNFALL_STATE_MODEL_V1,NCAAB_H1_2_AUSTIN_TRANSFER_V1,18aa32a2a18ab92a,NCAAB_20251125_TENN_HOU,KXNCAAMBGAME-25NOV25TENNHOU-HOU,H1_2,3,2025-11-25T23:13:04+00:00,1,120,UNRESOLVED,0,CI_UNAVAILABLE,SUPPORT_UNAVAILABLE,UNAVAILABLE,UNAVAILABLE,UNAVAILABLE,UNAVAILABLE,UNAVAILABLE,UNAVAILABLE,UNAVAILABLE,UNAVAILABLE,UNAVAILABLE,62,UNAVAILABLE,0-0,0,UNAVAILABLE,UNAVAILABLE,UNAVAILABLE,1320,UNAVAILABLE,UNAVAILABLE,UNAVAILABLE,UNAVAILABLE,0.30434782608695654,NOT_APPLICABLE
AUSTIN_DRE_PHASE_3,AUSTIN_DOWNFALL_STATE_MODEL_V1,NCAAB_H1_2_AUSTIN_TRANSFER_V1,18aa32a2a18ab92a,NCAAB_20251125_TENN_HOU,KXNCAAMBGAME-25NOV25TENNHOU-HOU,H1_2,4,2025-11-26T00:02:22+00:00,1,0,WATCH_NEGATIVE,1,CI_NEGATIVE,NORMAL_SUPPORT,-43.94267571351401,-64.0,-24.0,-43.94267571351401,0.0,UNAVAILABLE,UNAVAILABLE,UNAVAILABLE,UNAVAILABLE,66,-14.0,39-35,4,UNAVAILABLE,UNAVAILABLE,582.0,1200,24.987362685142024,25.0,0.777127603545561,0.7774521427257467,0.9855072463768116,VALUE
AUSTIN_DRE_PHASE_3,AUSTIN_DOWNFALL_STATE_MODEL_V1,NCAAB_H1_2_AUSTIN_TRANSFER_V1,18aa32a2a18ab92a,NCAAB_20251125_TENN_HOU,KXNCAAMBGAME-25NOV25TENNHOU-HOU,H1_2,5,2025-11-26T00:18:51+00:00,2,1200,RECOVERING,0,CI_CROSSES_ZERO,NORMAL_SUPPORT,7.705991572305388,-4.0,20.0,-43.94267571351401,51.64866728581939,-43.94267571351401,51.64866728581939,UNAVAILABLE,UNAVAILABLE,70,-10.0,39-35,4,UNAVAILABLE,UNAVAILABLE,582.0,1200,24.984677615881044,25.0,1.2453945876865387,1.2428521985586625,0.9855072463768116,VALUE
AUSTIN_DRE_PHASE_3,AUSTIN_DOWNFALL_STATE_MODEL_V1,NCAAB_H1_2_AUSTIN_TRANSFER_V1,18aa32a2a18ab92a,NCAAB_20251125_TENN_HOU,KXNCAAMBGAME-25NOV25TENNHOU-HOU,H1_2,6,2025-11-26T00:18:51+00:00,2,1080,HEALTHY_AFTER_RECOVERY,0,CI_CROSSES_ZERO,NORMAL_SUPPORT,7.705991572305388,-4.0,20.0,-43.94267571351401,51.64866728581939,7.705991572305388,0.0,0.0,UNAVAILABLE,70,-10.0,39-35,4,UNAVAILABLE,UNAVAILABLE,582.0,1080,24.984677615881044,25.0,1.2453945876865387,1.2428521985586625,0.9855072463768116,VALUE
AUSTIN_DRE_PHASE_3,AUSTIN_DOWNFALL_STATE_MODEL_V1,NCAAB_H1_2_AUSTIN_TRANSFER_V1,18aa32a2a18ab92a,NCAAB_20251125_TENN_HOU,KXNCAAMBGAME-25NOV25TENNHOU-HOU,H1_2,7,2025-11-26T00:18:51+00:00,2,960,HEALTHY_AFTER_RECOVERY,0,CI_CROSSES_ZERO,NORMAL_SUPPORT,7.705991572305388,-4.0,20.0,-43.94267571351401,51.64866728581939,7.705991572305388,0.0,0.0,0.0,70,-10.0,39-35,4,UNAVAILABLE,UNAVAILABLE,582.0,960,24.984677615881044,25.0,1.2453945876865387,1.2428521985586625,0.9855072463768116,VALUE
AUSTIN_DRE_PHASE_3,AUSTIN_DOWNFALL_STATE_MODEL_V1,NCAAB_H1_2_AUSTIN_TRANSFER_V1,18aa32a2a18ab92a,NCAAB_20251125_TENN_HOU,KXNCAAMBGAME-25NOV25TENNHOU-HOU,H1_2,8,2025-11-26T00:33:32+00:00,2,840,WATCH_NEGATIVE,1,CI_NEGATIVE,NORMAL_SUPPORT,-33.56688133856983,-52.0,-16.0,-43.94267571351401,10.375794374944178,7.705991572305388,-41.272872910875215,-20.636436455437607,-10.318218227718804,69,-11.0,46-43,3,UNAVAILABLE,UNAVAILABLE,942.0,840,24.54317363093141,25.0,0.5276206460599651,0.5453226459898958,1.0,VALUE
AUSTIN_DRE_PHASE_3,AUSTIN_DOWNFALL_STATE_MODEL_V1,NCAAB_H1_2_AUSTIN_TRANSFER_V1,18aa32a2a18ab92a,NCAAB_20251125_TENN_HOU,KXNCAAMBGAME-25NOV25TENNHOU-HOU,H1_2,9,2025-11-26T00:18:51+00:00,2,720,RECOVERING,0,CI_CROSSES_ZERO,NORMAL_SUPPORT,7.705991572305388,-4.0,20.0,-43.94267571351401,51.64866728581939,-33.56688133856983,41.272872910875215,20.636436455437607,20.636436455437607,70,-10.0,39-35,4,UNAVAILABLE,UNAVAILABLE,582.0,720,24.984677615881044,25.0,1.2453945876865387,1.2428521985586625,0.9855072463768116,VALUE
AUSTIN_DRE_PHASE_3,AUSTIN_DOWNFALL_STATE_MODEL_V1,NCAAB_H1_2_AUSTIN_TRANSFER_V1,18aa32a2a18ab92a,NCAAB_20251125_TENN_HOU,KXNCAAMBGAME-25NOV25TENNHOU-HOU,H1_2,10,2025-11-26T00:18:51+00:00,2,600,HEALTHY_AFTER_RECOVERY,0,CI_CROSSES_ZERO,NORMAL_SUPPORT,7.705991572305388,-4.0,20.0,-43.94267571351401,51.64866728581939,7.705991572305388,0.0,0.0,-10.318218227718804,70,-10.0,39-35,4,UNAVAILABLE,UNAVAILABLE,582.0,600,24.984677615881044,25.0,1.2453945876865387,1.2428521985586625,0.9855072463768116,VALUE
AUSTIN_DRE_PHASE_3,AUSTIN_DOWNFALL_STATE_MODEL_V1,NCAAB_H1_2_AUSTIN_TRANSFER_V1,18aa32a2a18ab92a,NCAAB_20251125_TENN_HOU,KXNCAAMBGAME-25NOV25TENNHOU-HOU,H1_2,11,2025-11-26T00:18:51+00:00,2,480,HEALTHY_AFTER_RECOVERY,0,CI_CROSSES_ZERO,NORMAL_SUPPORT,7.705991572305388,-4.0,20.0,-43.94267571351401,51.64866728581939,7.705991572305388,0.0,0.0,0.0,70,-10.0,39-35,4,UNAVAILABLE,UNAVAILABLE,582.0,480,24.984677615881044,25.0,1.2453945876865387,1.2428521985586625,0.9855072463768116,VALUE
AUSTIN_DRE_PHASE_3,AUSTIN_DOWNFALL_STATE_MODEL_V1,NCAAB_H1_2_AUSTIN_TRANSFER_V1,18aa32a2a18ab92a,NCAAB_20251125_TENN_HOU,KXNCAAMBGAME-25NOV25TENNHOU-HOU,H1_2,12,2025-11-26T00:18:51+00:00,2,360,HEALTHY_AFTER_RECOVERY,0,CI_CROSSES_ZERO,NORMAL_SUPPORT,7.705991572305388,-4.0,20.0,-43.94267571351401,51.64866728581939,7.705991572305388,0.0,0.0,0.0,70,-10.0,39-35,4,UNAVAILABLE,UNAVAILABLE,582.0,360,24.984677615881044,25.0,1.2453945876865387,1.2428521985586625,0.9855072463768116,VALUE
AUSTIN_DRE_PHASE_3,AUSTIN_DOWNFALL_STATE_MODEL_V1,NCAAB_H1_2_AUSTIN_TRANSFER_V1,18aa32a2a18ab92a,NCAAB_20251125_TENN_HOU,KXNCAAMBGAME-25NOV25TENNHOU-HOU,H1_2,13,2025-11-26T00:18:51+00:00,2,240,HEALTHY_AFTER_RECOVERY,0,CI_CROSSES_ZERO,NORMAL_SUPPORT,7.705991572305388,-4.0,20.0,-43.94267571351401,51.64866728581939,7.705991572305388,0.0,0.0,0.0,70,-10.0,39-35,4,UNAVAILABLE,UNAVAILABLE,582.0,240,24.984677615881044,25.0,1.2453945876865387,1.2428521985586625,0.9855072463768116,VALUE
AUSTIN_DRE_PHASE_3,AUSTIN_DOWNFALL_STATE_MODEL_V1,NCAAB_H1_2_AUSTIN_TRANSFER_V1,18aa32a2a18ab92a,NCAAB_20251125_TENN_HOU,KXNCAAMBGAME-25NOV25TENNHOU-HOU,H1_2,14,2025-11-26T00:18:51+00:00,2,120,HEALTHY_AFTER_RECOVERY,0,CI_CROSSES_ZERO,NORMAL_SUPPORT,7.705991572305388,-4.0,20.0,-43.94267571351401,51.64866728581939,7.705991572305388,0.0,0.0,0.0,70,-10.0,39-35,4,UNAVAILABLE,UNAVAILABLE,582.0,120,24.984677615881044,25.0,1.2453945876865387,1.2428521985586625,0.9855072463768116,VALUE
AUSTIN_DRE_PHASE_3,AUSTIN_DOWNFALL_STATE_MODEL_V1,NCAAB_H1_2_AUSTIN_TRANSFER_V1,18aa32a2a18ab92a,NCAAB_20251125_TENN_HOU,KXNCAAMBGAME-25NOV25TENNHOU-HOU,H1_2,15,2025-11-26T01:19:13+00:00,2,0,WATCH_NEGATIVE,1,CI_NEGATIVE,NORMAL_SUPPORT,-69.87606895182537,-80.0,-56.0,-43.94267571351401,-25.933393238311368,7.705991572305388,-77.58206052413077,-38.791030262065384,-19.395515131032692,6,-74.0,73-76,-3,UNAVAILABLE,UNAVAILABLE,1782.0,0,24.70680973928924,25.0,1.0111560900366505,0.9970212905766038,1.0,VALUE
AUSTIN_DRE_PHASE_3,AUSTIN_DOWNFALL_STATE_MODEL_V1,NCAAB_H1_2_AUSTIN_TRANSFER_V1,cfe9d49d84a74cbd,NCAAB_20251126_NCST_TEX,KXNCAAMBGAME-25NOV26NCSTTEX-TEX,H1_2,0,2025-11-27T03:24:45+00:00,1,0,HEALTHY,0,CI_POSITIVE,NORMAL_SUPPORT,19.999999999999996,20.0,20.0,19.999999999999996,0.0,UNAVAILABLE,UNAVAILABLE,UNAVAILABLE,UNAVAILABLE,82,1.0,47-37,10,UNAVAILABLE,UNAVAILABLE,119.0,1200,24.497367207301604,25.0,0.7096673708387036,0.6237137708521693,0.8985507246376812,VALUE
AUSTIN_DRE_PHASE_3,AUSTIN_DOWNFALL_STATE_MODEL_V1,NCAAB_H1_2_AUSTIN_TRANSFER_V1,cfe9d49d84a74cbd,NCAAB_20251126_NCST_TEX,KXNCAAMBGAME-25NOV26NCSTTEX-TEX,H1_2,1,2025-11-27T03:40:50+00:00,2,1200,HEALTHY,0,CI_CROSSES_ZERO,NORMAL_SUPPORT,12.20194863209706,0.0,20.0,19.999999999999996,-7.798051367902936,19.999999999999996,-7.798051367902936,UNAVAILABLE,UNAVAILABLE,77,-4.0,47-37,10,UNAVAILABLE,UNAVAILABLE,119.0,1200,24.976280786522537,25.0,1.4811693598436033,1.4819350714758508,0.8985507246376812,VALUE
AUSTIN_DRE_PHASE_3,AUSTIN_DOWNFALL_STATE_MODEL_V1,NCAAB_H1_2_AUSTIN_TRANSFER_V1,cfe9d49d84a74cbd,NCAAB_20251126_NCST_TEX,KXNCAAMBGAME-25NOV26NCSTTEX-TEX,H1_2,2,2025-11-27T03:40:50+00:00,2,1080,HEALTHY,0,CI_CROSSES_ZERO,NORMAL_SUPPORT,12.20194863209706,0.0,20.0,19.999999999999996,-7.798051367902936,12.20194863209706,0.0,0.0,UNAVAILABLE,77,-4.0,47-37,10,UNAVAILABLE,UNAVAILABLE,119.0,1080,24.976280786522537,25.0,1.4811693598436033,1.4819350714758508,0.8985507246376812,VALUE
AUSTIN_DRE_PHASE_3,AUSTIN_DOWNFALL_STATE_MODEL_V1,NCAAB_H1_2_AUSTIN_TRANSFER_V1,cfe9d49d84a74cbd,NCAAB_20251126_NCST_TEX,KXNCAAMBGAME-25NOV26NCSTTEX-TEX,H1_2,3,2025-11-27T03:40:50+00:00,2,960,HEALTHY,0,CI_CROSSES_ZERO,NORMAL_SUPPORT,12.20194863209706,0.0,20.0,19.999999999999996,-7.798051367902936,12.20194863209706,0.0,0.0,0.0,77,-4.0,47-37,10,UNAVAILABLE,UNAVAILABLE,119.0,960,24.976280786522537,25.0,1.4811693598436033,1.4819350714758508,0.8985507246376812,VALUE
AUSTIN_DRE_PHASE_3,AUSTIN_DOWNFALL_STATE_MODEL_V1,NCAAB_H1_2_AUSTIN_TRANSFER_V1,cfe9d49d84a74cbd,NCAAB_20251126_NCST_TEX,KXNCAAMBGAME-25NOV26NCSTTEX-TEX,H1_2,4,2025-11-27T03:40:50+00:00,2,840,HEALTHY,0,CI_CROSSES_ZERO,NORMAL_SUPPORT,12.20194863209706,0.0,20.0,19.999999999999996,-7.798051367902936,12.20194863209706,0.0,0.0,0.0,77,-4.0,47-37,10,UNAVAILABLE,UNAVAILABLE,119.0,840,24.976280786522537,25.0,1.4811693598436033,1.4819350714758508,0.8985507246376812,VALUE
AUSTIN_DRE_PHASE_3,AUSTIN_DOWNFALL_STATE_MODEL_V1,NCAAB_H1_2_AUSTIN_TRANSFER_V1,cfe9d49d84a74cbd,NCAAB_20251126_NCST_TEX,KXNCAAMBGAME-25NOV26NCSTTEX-TEX,H1_2,5,2025-11-27T03:40:50+00:00,2,720,HEALTHY,0,CI_CROSSES_ZERO,NORMAL_SUPPORT,12.20194863209706,0.0,20.0,19.999999999999996,-7.798051367902936,12.20194863209706,0.0,0.0,0.0,77,-4.0,47-37,10,UNAVAILABLE,UNAVAILABLE,119.0,720,24.976280786522537,25.0,1.4811693598436033,1.4819350714758508,0.8985507246376812,VALUE
AUSTIN_DRE_PHASE_3,AUSTIN_DOWNFALL_STATE_MODEL_V1,NCAAB_H1_2_AUSTIN_TRANSFER_V1,cfe9d49d84a74cbd,NCAAB_20251126_NCST_TEX,KXNCAAMBGAME-25NOV26NCSTTEX-TEX,H1_2,6,2025-11-27T03:40:50+00:00,2,600,HEALTHY,0,CI_CROSSES_ZERO,NORMAL_SUPPORT,12.20194863209706,0.0,20.0,19.999999999999996,-7.798051367902936,12.20194863209706,0.0,0.0,0.0,77,-4.0,47-37,10,UNAVAILABLE,UNAVAILABLE,119.0,600,24.976280786522537,25.0,1.4811693598436033,1.4819350714758508,0.8985507246376812,VALUE
AUSTIN_DRE_PHASE_3,AUSTIN_DOWNFALL_STATE_MODEL_V1,NCAAB_H1_2_AUSTIN_TRANSFER_V1,cfe9d49d84a74cbd,NCAAB_20251126_NCST_TEX,KXNCAAMBGAME-25NOV26NCSTTEX-TEX,H1_2,7,2025-11-27T03:40:50+00:00,2,480,HEALTHY,0,CI_CROSSES_ZERO,NORMAL_SUPPORT,12.20194863209706,0.0,20.0,19.999999999999996,-7.798051367902936,12.20194863209706,0.0,0.0,0.0,77,-4.0,47-37,10,UNAVAILABLE,UNAVAILABLE,119.0,480,24.976280786522537,25.0,1.4811693598436033,1.4819350714758508,0.8985507246376812,VALUE
AUSTIN_DRE_PHASE_3,AUSTIN_DOWNFALL_STATE_MODEL_V1,NCAAB_H1_2_AUSTIN_TRANSFER_V1,cfe9d49d84a74cbd,NCAAB_20251126_NCST_TEX,KXNCAAMBGAME-25NOV26NCSTTEX-TEX,H1_2,8,2025-11-27T03:40:50+00:00,2,360,HEALTHY,0,CI_CROSSES_ZERO,NORMAL_SUPPORT,12.20194863209706,0.0,20.0,19.999999999999996,-7.798051367902936,12.20194863209706,0.0,0.0,0.0,77,-4.0,47-37,10,UNAVAILABLE,UNAVAILABLE,119.0,360,24.976280786522537,25.0,1.4811693598436033,1.4819350714758508,0.8985507246376812,VALUE
AUSTIN_DRE_PHASE_3,AUSTIN_DOWNFALL_STATE_MODEL_V1,NCAAB_H1_2_AUSTIN_TRANSFER_V1,cfe9d49d84a74cbd,NCAAB_20251126_NCST_TEX,KXNCAAMBGAME-25NOV26NCSTTEX-TEX,H1_2,9,2025-11-27T03:40:50+00:00,2,240,HEALTHY,0,CI_CROSSES_ZERO,NORMAL_SUPPORT,12.20194863209706,0.0,20.0,19.999999999999996,-7.798051367902936,12.20194863209706,0.0,0.0,0.0,77,-4.0,47-37,10,UNAVAILABLE,UNAVAILABLE,119.0,240,24.976280786522537,25.0,1.4811693598436033,1.4819350714758508,0.8985507246376812,VALUE
AUSTIN_DRE_PHASE_3,AUSTIN_DOWNFALL_STATE_MODEL_V1,NCAAB_H1_2_AUSTIN_TRANSFER_V1,cfe9d49d84a74cbd,NCAAB_20251126_NCST_TEX,KXNCAAMBGAME-25NOV26NCSTTEX-TEX,H1_2,10,2025-11-27T03:40:50+00:00,2,120,HEALTHY,0,CI_CROSSES_ZERO,NORMAL_SUPPORT,12.20194863209706,0.0,20.0,19.999999999999996,-7.798051367902936,12.20194863209706,0.0,0.0,0.0,77,-4.0,47-37,10,UNAVAILABLE,UNAVAILABLE,119.0,120,24.976280786522537,25.0,1.4811693598436033,1.4819350714758508,0.8985507246376812,VALUE
AUSTIN_DRE_PHASE_3,AUSTIN_DOWNFALL_STATE_MODEL_V1,NCAAB_H1_2_AUSTIN_TRANSFER_V1,cfe9d49d84a74cbd,NCAAB_20251126_NCST_TEX,KXNCAAMBGAME-25NOV26NCSTTEX-TEX,H1_2,11,2025-11-27T04:46:35+00:00,2,0,HEALTHY,0,CI_POSITIVE,NORMAL_SUPPORT,20.0,20.0,20.0,19.999999999999996,3.552713678800501e-15,12.20194863209706,7.798051367902939,3.8990256839514696,1.9495128419757348,99,18.0,102-97,5,UNAVAILABLE,UNAVAILABLE,1319.0,0,24.97369269529891,25.0,1.054232003861024,1.0684359514979724,1.0,VALUE
AUSTIN_DRE_PHASE_3,AUSTIN_DOWNFALL_STATE_MODEL_V1,NCAAB_H1_2_AUSTIN_TRANSFER_V1,8b94b3a8edd2c980,NCAAB_20251128_WASH_COLO,KXNCAAMBGAME-25NOV28WASHCOLO-COLO,H1_2,0,2025-11-28T21:32:56+00:00,1,360,UNRESOLVED,0,CI_UNAVAILABLE,SUPPORT_UNAVAILABLE,UNAVAILABLE,UNAVAILABLE,UNAVAILABLE,UNAVAILABLE,UNAVAILABLE,UNAVAILABLE,UNAVAILABLE,UNAVAILABLE,UNAVAILABLE,42,UNAVAILABLE,0-0,0,UNAVAILABLE,UNAVAILABLE,UNAVAILABLE,1560,UNAVAILABLE,UNAVAILABLE,UNAVAILABLE,UNAVAILABLE,0.30434782608695654,NOT_APPLICABLE
AUSTIN_DRE_PHASE_3,AUSTIN_DOWNFALL_STATE_MODEL_V1,NCAAB_H1_2_AUSTIN_TRANSFER_V1,8b94b3a8edd2c980,NCAAB_20251128_WASH_COLO,KXNCAAMBGAME-25NOV28WASHCOLO-COLO,H1_2,1,2025-11-28T21:32:56+00:00,1,240,UNRESOLVED,0,CI_UNAVAILABLE,SUPPORT_UNAVAILABLE,UNAVAILABLE,UNAVAILABLE,UNAVAILABLE,UNAVAILABLE,UNAVAILABLE,UNAVAILABLE,UNAVAILABLE,UNAVAILABLE,UNAVAILABLE,42,UNAVAILABLE,0-0,0,UNAVAILABLE,UNAVAILABLE,UNAVAILABLE,1440,UNAVAILABLE,UNAVAILABLE,UNAVAILABLE,UNAVAILABLE,0.30434782608695654,NOT_APPLICABLE
AUSTIN_DRE_PHASE_3,AUSTIN_DOWNFALL_STATE_MODEL_V1,NCAAB_H1_2_AUSTIN_TRANSFER_V1,8b94b3a8edd2c980,NCAAB_20251128_WASH_COLO,KXNCAAMBGAME-25NOV28WASHCOLO-COLO,H1_2,2,2025-11-28T22:22:21+00:00,1,120,HEALTHY,0,CI_POSITIVE,NORMAL_SUPPORT,20.000000000000004,20.0,20.0,20.000000000000004,0.0,UNAVAILABLE,UNAVAILABLE,UNAVAILABLE,UNAVAILABLE,80,0.0,42-30,12,UNAVAILABLE,UNAVAILABLE,338.0,1320,24.353221317793324,25.0,0.3329684193949084,0.35045723599226714,0.9855072463768116,VALUE
AUSTIN_DRE_PHASE_3,AUSTIN_DOWNFALL_STATE_MODEL_V1,NCAAB_H1_2_AUSTIN_TRANSFER_V1,8b94b3a8edd2c980,NCAAB_20251128_WASH_COLO,KXNCAAMBGAME-25NOV28WASHCOLO-COLO,H1_2,3,2025-11-28T22:26:51+00:00,1,0,HEALTHY,0,CI_POSITIVE,NORMAL_SUPPORT,20.000000000000004,20.0,20.0,20.000000000000004,0.0,20.000000000000004,0.0,0.0,UNAVAILABLE,88,8.0,47-30,17,UNAVAILABLE,UNAVAILABLE,458.0,1200,24.99290744763856,25.0,0.4590918298289253,0.4532339094225495,0.9855072463768116,VALUE
AUSTIN_DRE_PHASE_3,AUSTIN_DOWNFALL_STATE_MODEL_V1,NCAAB_H1_2_AUSTIN_TRANSFER_V1,8b94b3a8edd2c980,NCAAB_20251128_WASH_COLO,KXNCAAMBGAME-25NOV28WASHCOLO-COLO,H1_2,4,2025-11-28T22:41:41+00:00,2,1200,HEALTHY,0,CI_POSITIVE,NORMAL_SUPPORT,15.987925118396943,8.0,20.0,20.000000000000004,-4.012074881603061,20.000000000000004,-4.012074881603061,UNAVAILABLE,UNAVAILABLE,92,12.0,47-30,17,UNAVAILABLE,UNAVAILABLE,458.0,1200,24.850603218106333,25.0,1.4268585770966251,1.4580320618751557,0.9855072463768116,VALUE
AUSTIN_DRE_PHASE_3,AUSTIN_DOWNFALL_STATE_MODEL_V1,NCAAB_H1_2_AUSTIN_TRANSFER_V1,8b94b3a8edd2c980,NCAAB_20251128_WASH_COLO,KXNCAAMBGAME-25NOV28WASHCOLO-COLO,H1_2,5,2025-11-28T22:39:23+00:00,2,1080,HEALTHY,0,CI_CROSSES_ZERO,NORMAL_SUPPORT,12.273271792264497,0.0,20.0,20.000000000000004,-7.726728207735507,15.987925118396943,-3.7146533261324457,-1.8573266630662228,UNAVAILABLE,91,11.0,47-30,17,UNAVAILABLE,UNAVAILABLE,458.0,1080,24.842421136517416,25.0,1.415327702672747,1.4423726011329203,0.9855072463768116,VALUE
AUSTIN_DRE_PHASE_3,AUSTIN_DOWNFALL_STATE_MODEL_V1,NCAAB_H1_2_AUSTIN_TRANSFER_V1,8b94b3a8edd2c980,NCAAB_20251128_WASH_COLO,KXNCAAMBGAME-25NOV28WASHCOLO-COLO,H1_2,6,2025-11-28T22:39:23+00:00,2,960,HEALTHY,0,CI_CROSSES_ZERO,NORMAL_SUPPORT,12.273271792264497,0.0,20.0,20.000000000000004,-7.726728207735507,12.273271792264497,0.0,0.0,0.9286633315331114,91,11.0,47-30,17,UNAVAILABLE,UNAVAILABLE,458.0,960,24.842421136517416,25.0,1.415327702672747,1.4423726011329203,0.9855072463768116,VALUE
AUSTIN_DRE_PHASE_3,AUSTIN_DOWNFALL_STATE_MODEL_V1,NCAAB_H1_2_AUSTIN_TRANSFER_V1,8b94b3a8edd2c980,NCAAB_20251128_WASH_COLO,KXNCAAMBGAME-25NOV28WASHCOLO-COLO,H1_2,7,2025-11-28T22:58:29+00:00,2,840,WATCH_NEGATIVE,1,CI_CROSSES_ZERO,NORMAL_SUPPORT,-2.5117172989312437,-20.0,12.0,20.000000000000004,-22.51171729893125,12.273271792264497,-14.78498909119574,-7.39249454559787,-3.696247272798935,81,1.0,51-44,7,UNAVAILABLE,UNAVAILABLE,818.0,840,23.794859293314115,25.0,0.406064039502725,0.4142544350174444,1.0,VALUE
AUSTIN_DRE_PHASE_3,AUSTIN_DOWNFALL_STATE_MODEL_V1,NCAAB_H1_2_AUSTIN_TRANSFER_V1,8b94b3a8edd2c980,NCAAB_20251128_WASH_COLO,KXNCAAMBGAME-25NOV28WASHCOLO-COLO,H1_2,8,2025-11-28T22:39:23+00:00,2,720,RECOVERING,0,CI_CROSSES_ZERO,NORMAL_SUPPORT,12.273271792264497,0.0,20.0,20.000000000000004,-7.726728207735507,-2.5117172989312437,14.78498909119574,7.39249454559787,7.39249454559787,91,11.0,47-30,17,UNAVAILABLE,UNAVAILABLE,458.0,720,24.842421136517416,25.0,1.415327702672747,1.4423726011329203,0.9855072463768116,VALUE
AUSTIN_DRE_PHASE_3,AUSTIN_DOWNFALL_STATE_MODEL_V1,NCAAB_H1_2_AUSTIN_TRANSFER_V1,8b94b3a8edd2c980,NCAAB_20251128_WASH_COLO,KXNCAAMBGAME-25NOV28WASHCOLO-COLO,H1_2,9,2025-11-28T22:39:23+00:00,2,600,HEALTHY_AFTER_RECOVERY,0,CI_CROSSES_ZERO,NORMAL_SUPPORT,12.273271792264497,0.0,20.0,20.000000000000004,-7.726728207735507,12.273271792264497,0.0,0.0,-3.696247272798935,91,11.0,47-30,17,UNAVAILABLE,UNAVAILABLE,458.0,600,24.842421136517416,25.0,1.415327702672747,1.4423726011329203,0.9855072463768116,VALUE
AUSTIN_DRE_PHASE_3,AUSTIN_DOWNFALL_STATE_MODEL_V1,NCAAB_H1_2_AUSTIN_TRANSFER_V1,8b94b3a8edd2c980,NCAAB_20251128_WASH_COLO,KXNCAAMBGAME-25NOV28WASHCOLO-COLO,H1_2,10,2025-11-28T22:39:23+00:00,2,480,HEALTHY_AFTER_RECOVERY,0,CI_CROSSES_ZERO,NORMAL_SUPPORT,12.273271792264497,0.0,20.0,20.000000000000004,-7.726728207735507,12.273271792264497,0.0,0.0,0.0,91,11.0,47-30,17,UNAVAILABLE,UNAVAILABLE,458.0,480,24.842421136517416,25.0,1.415327702672747,1.4423726011329203,0.9855072463768116,VALUE
AUSTIN_DRE_PHASE_3,AUSTIN_DOWNFALL_STATE_MODEL_V1,NCAAB_H1_2_AUSTIN_TRANSFER_V1,8b94b3a8edd2c980,NCAAB_20251128_WASH_COLO,KXNCAAMBGAME-25NOV28WASHCOLO-COLO,H1_2,11,2025-11-28T22:39:23+00:00,2,360,HEALTHY_AFTER_RECOVERY,0,CI_CROSSES_ZERO,NORMAL_SUPPORT,12.273271792264497,0.0,20.0,20.000000000000004,-7.726728207735507,12.273271792264497,0.0,0.0,0.0,91,11.0,47-30,17,UNAVAILABLE,UNAVAILABLE,458.0,360,24.842421136517416,25.0,1.415327702672747,1.4423726011329203,0.9855072463768116,VALUE
AUSTIN_DRE_PHASE_3,AUSTIN_DOWNFALL_STATE_MODEL_V1,NCAAB_H1_2_AUSTIN_TRANSFER_V1,8b94b3a8edd2c980,NCAAB_20251128_WASH_COLO,KXNCAAMBGAME-25NOV28WASHCOLO-COLO,H1_2,12,2025-11-28T22:39:23+00:00,2,240,HEALTHY_AFTER_RECOVERY,0,CI_CROSSES_ZERO,NORMAL_SUPPORT,12.273271792264497,0.0,20.0,20.000000000000004,-7.726728207735507,12.273271792264497,0.0,0.0,0.0,91,11.0,47-30,17,UNAVAILABLE,UNAVAILABLE,458.0,240,24.842421136517416,25.0,1.415327702672747,1.4423726011329203,0.9855072463768116,VALUE
AUSTIN_DRE_PHASE_3,AUSTIN_DOWNFALL_STATE_MODEL_V1,NCAAB_H1_2_AUSTIN_TRANSFER_V1,8b94b3a8edd2c980,NCAAB_20251128_WASH_COLO,KXNCAAMBGAME-25NOV28WASHCOLO-COLO,H1_2,13,2025-11-28T22:39:23+00:00,2,120,HEALTHY_AFTER_RECOVERY,0,CI_CROSSES_ZERO,NORMAL_SUPPORT,12.273271792264497,0.0,20.0,20.000000000000004,-7.726728207735507,12.273271792264497,0.0,0.0,0.0,91,11.0,47-30,17,UNAVAILABLE,UNAVAILABLE,458.0,120,24.842421136517416,25.0,1.415327702672747,1.4423726011329203,0.9855072463768116,VALUE
AUSTIN_DRE_PHASE_3,AUSTIN_DOWNFALL_STATE_MODEL_V1,NCAAB_H1_2_AUSTIN_TRANSFER_V1,8b94b3a8edd2c980,NCAAB_20251128_WASH_COLO,KXNCAAMBGAME-25NOV28WASHCOLO-COLO,H1_2,14,2025-11-28T23:35:36+00:00,2,0,HEALTHY_AFTER_RECOVERY,0,CI_POSITIVE,NORMAL_SUPPORT,20.000000000000004,20.0,20.0,20.000000000000004,0.0,12.273271792264497,7.726728207735507,3.8633641038677533,1.9316820519338767,99,19.0,81-68,13,UNAVAILABLE,UNAVAILABLE,1658.0,0,24.76296949448958,25.0,0.6380566468605235,0.6355570431812549,1.0,VALUE
AUSTIN_DRE_PHASE_3,AUSTIN_DOWNFALL_STATE_MODEL_V1,NCAAB_H1_2_AUSTIN_TRANSFER_V1,9c1b4fdb45dc0e9a,NCAAB_20251202_IOWA_MSU,KXNCAAMBGAME-25DEC02IOWAMSU-MSU,H1_2,0,2025-12-03T00:02:48+00:00,1,360,UNRESOLVED,0,CI_UNAVAILABLE,SUPPORT_UNAVAILABLE,UNAVAILABLE,UNAVAILABLE,UNAVAILABLE,UNAVAILABLE,UNAVAILABLE,UNAVAILABLE,UNAVAILABLE,UNAVAILABLE,UNAVAILABLE,70,UNAVAILABLE,0-0,0,UNAVAILABLE,UNAVAILABLE,UNAVAILABLE,1560,UNAVAILABLE,UNAVAILABLE,UNAVAILABLE,UNAVAILABLE,0.30434782608695654,NOT_APPLICABLE
AUSTIN_DRE_PHASE_3,AUSTIN_DOWNFALL_STATE_MODEL_V1,NCAAB_H1_2_AUSTIN_TRANSFER_V1,9c1b4fdb45dc0e9a,NCAAB_20251202_IOWA_MSU,KXNCAAMBGAME-25DEC02IOWAMSU-MSU,H1_2,1,2025-12-03T00:02:48+00:00,1,240,UNRESOLVED,0,CI_UNAVAILABLE,SUPPORT_UNAVAILABLE,UNAVAILABLE,UNAVAILABLE,UNAVAILABLE,UNAVAILABLE,UNAVAILABLE,UNAVAILABLE,UNAVAILABLE,UNAVAILABLE,UNAVAILABLE,70,UNAVAILABLE,0-0,0,UNAVAILABLE,UNAVAILABLE,UNAVAILABLE,1440,UNAVAILABLE,UNAVAILABLE,UNAVAILABLE,UNAVAILABLE,0.30434782608695654,NOT_APPLICABLE
AUSTIN_DRE_PHASE_3,AUSTIN_DOWNFALL_STATE_MODEL_V1,NCAAB_H1_2_AUSTIN_TRANSFER_V1,9c1b4fdb45dc0e9a,NCAAB_20251202_IOWA_MSU,KXNCAAMBGAME-25DEC02IOWAMSU-MSU,H1_2,2,2025-12-03T00:02:48+00:00,1,120,UNRESOLVED,0,CI_UNAVAILABLE,SUPPORT_UNAVAILABLE,UNAVAILABLE,UNAVAILABLE,UNAVAILABLE,UNAVAILABLE,UNAVAILABLE,UNAVAILABLE,UNAVAILABLE,UNAVAILABLE,UNAVAILABLE,70,UNAVAILABLE,0-0,0,UNAVAILABLE,UNAVAILABLE,UNAVAILABLE,1320,UNAVAILABLE,UNAVAILABLE,UNAVAILABLE,UNAVAILABLE,0.30434782608695654,NOT_APPLICABLE
AUSTIN_DRE_PHASE_3,AUSTIN_DOWNFALL_STATE_MODEL_V1,NCAAB_H1_2_AUSTIN_TRANSFER_V1,9c1b4fdb45dc0e9a,NCAAB_20251202_IOWA_MSU,KXNCAAMBGAME-25DEC02IOWAMSU-MSU,H1_2,3,2025-12-03T00:52:32+00:00,1,0,WATCH_NEGATIVE,1,CI_NEGATIVE,NORMAL_SUPPORT,-41.43882575877494,-60.0,-24.0,-41.43882575877494,0.0,UNAVAILABLE,UNAVAILABLE,UNAVAILABLE,UNAVAILABLE,94,14.0,35-21,14,UNAVAILABLE,UNAVAILABLE,478.0,1200,24.977328000396625,25.0,0.6125035306729593,0.6006795783823539,0.9855072463768116,VALUE
AUSTIN_DRE_PHASE_3,AUSTIN_DOWNFALL_STATE_MODEL_V1,NCAAB_H1_2_AUSTIN_TRANSFER_V1,9c1b4fdb45dc0e9a,NCAAB_20251202_IOWA_MSU,KXNCAAMBGAME-25DEC02IOWAMSU-MSU,H1_2,4,2025-12-03T01:08:32+00:00,2,1200,RECOVERING,0,CI_CROSSES_ZERO,NORMAL_SUPPORT,12.15029178892964,0.0,20.0,-41.43882575877494,53.589117547704575,-41.43882575877494,53.589117547704575,UNAVAILABLE,UNAVAILABLE,94,14.0,35-21,14,UNAVAILABLE,UNAVAILABLE,478.0,1200,24.935711861756086,25.0,1.3908592344477821,1.413195821172799,0.9855072463768116,VALUE
AUSTIN_DRE_PHASE_3,AUSTIN_DOWNFALL_STATE_MODEL_V1,NCAAB_H1_2_AUSTIN_TRANSFER_V1,9c1b4fdb45dc0e9a,NCAAB_20251202_IOWA_MSU,KXNCAAMBGAME-25DEC02IOWAMSU-MSU,H1_2,5,2025-12-03T01:08:32+00:00,2,1080,HEALTHY_AFTER_RECOVERY,0,CI_CROSSES_ZERO,NORMAL_SUPPORT,12.15029178892964,0.0,20.0,-41.43882575877494,53.589117547704575,12.15029178892964,0.0,0.0,UNAVAILABLE,94,14.0,35-21,14,UNAVAILABLE,UNAVAILABLE,478.0,1080,24.935711861756086,25.0,1.3908592344477821,1.413195821172799,0.9855072463768116,VALUE
AUSTIN_DRE_PHASE_3,AUSTIN_DOWNFALL_STATE_MODEL_V1,NCAAB_H1_2_AUSTIN_TRANSFER_V1,9c1b4fdb45dc0e9a,NCAAB_20251202_IOWA_MSU,KXNCAAMBGAME-25DEC02IOWAMSU-MSU,H1_2,6,2025-12-03T01:08:32+00:00,2,960,HEALTHY_AFTER_RECOVERY,0,CI_CROSSES_ZERO,NORMAL_SUPPORT,12.15029178892964,0.0,20.0,-41.43882575877494,53.589117547704575,12.15029178892964,0.0,0.0,0.0,94,14.0,35-21,14,UNAVAILABLE,UNAVAILABLE,478.0,960,24.935711861756086,25.0,1.3908592344477821,1.413195821172799,0.9855072463768116,VALUE
AUSTIN_DRE_PHASE_3,AUSTIN_DOWNFALL_STATE_MODEL_V1,NCAAB_H1_2_AUSTIN_TRANSFER_V1,9c1b4fdb45dc0e9a,NCAAB_20251202_IOWA_MSU,KXNCAAMBGAME-25DEC02IOWAMSU-MSU,H1_2,7,2025-12-03T01:08:32+00:00,2,840,HEALTHY_AFTER_RECOVERY,0,CI_CROSSES_ZERO,NORMAL_SUPPORT,12.15029178892964,0.0,20.0,-41.43882575877494,53.589117547704575,12.15029178892964,0.0,0.0,0.0,94,14.0,35-21,14,UNAVAILABLE,UNAVAILABLE,478.0,840,24.935711861756086,25.0,1.3908592344477821,1.413195821172799,0.9855072463768116,VALUE
AUSTIN_DRE_PHASE_3,AUSTIN_DOWNFALL_STATE_MODEL_V1,NCAAB_H1_2_AUSTIN_TRANSFER_V1,9c1b4fdb45dc0e9a,NCAAB_20251202_IOWA_MSU,KXNCAAMBGAME-25DEC02IOWAMSU-MSU,H1_2,8,2025-12-03T01:08:32+00:00,2,720,HEALTHY_AFTER_RECOVERY,0,CI_CROSSES_ZERO,NORMAL_SUPPORT,12.15029178892964,0.0,20.0,-41.43882575877494,53.589117547704575,12.15029178892964,0.0,0.0,0.0,94,14.0,35-21,14,UNAVAILABLE,UNAVAILABLE,478.0,720,24.935711861756086,25.0,1.3908592344477821,1.413195821172799,0.9855072463768116,VALUE
AUSTIN_DRE_PHASE_3,AUSTIN_DOWNFALL_STATE_MODEL_V1,NCAAB_H1_2_AUSTIN_TRANSFER_V1,9c1b4fdb45dc0e9a,NCAAB_20251202_IOWA_MSU,KXNCAAMBGAME-25DEC02IOWAMSU-MSU,H1_2,9,2025-12-03T01:08:32+00:00,2,600,HEALTHY_AFTER_RECOVERY,0,CI_CROSSES_ZERO,NORMAL_SUPPORT,12.15029178892964,0.0,20.0,-41.43882575877494,53.589117547704575,12.15029178892964,0.0,0.0,0.0,94,14.0,35-21,14,UNAVAILABLE,UNAVAILABLE,478.0,600,24.935711861756086,25.0,1.3908592344477821,1.413195821172799,0.9855072463768116,VALUE
AUSTIN_DRE_PHASE_3,AUSTIN_DOWNFALL_STATE_MODEL_V1,NCAAB_H1_2_AUSTIN_TRANSFER_V1,9c1b4fdb45dc0e9a,NCAAB_20251202_IOWA_MSU,KXNCAAMBGAME-25DEC02IOWAMSU-MSU,H1_2,10,2025-12-03T01:08:32+00:00,2,480,HEALTHY_AFTER_RECOVERY,0,CI_CROSSES_ZERO,NORMAL_SUPPORT,12.15029178892964,0.0,20.0,-41.43882575877494,53.589117547704575,12.15029178892964,0.0,0.0,0.0,94,14.0,35-21,14,UNAVAILABLE,UNAVAILABLE,478.0,480,24.935711861756086,25.0,1.3908592344477821,1.413195821172799,0.9855072463768116,VALUE
AUSTIN_DRE_PHASE_3,AUSTIN_DOWNFALL_STATE_MODEL_V1,NCAAB_H1_2_AUSTIN_TRANSFER_V1,9c1b4fdb45dc0e9a,NCAAB_20251202_IOWA_MSU,KXNCAAMBGAME-25DEC02IOWAMSU-MSU,H1_2,11,2025-12-03T01:08:32+00:00,2,360,HEALTHY_AFTER_RECOVERY,0,CI_CROSSES_ZERO,NORMAL_SUPPORT,12.15029178892964,0.0,20.0,-41.43882575877494,53.589117547704575,12.15029178892964,0.0,0.0,0.0,94,14.0,35-21,14,UNAVAILABLE,UNAVAILABLE,478.0,360,24.935711861756086,25.0,1.3908592344477821,1.413195821172799,0.9855072463768116,VALUE
AUSTIN_DRE_PHASE_3,AUSTIN_DOWNFALL_STATE_MODEL_V1,NCAAB_H1_2_AUSTIN_TRANSFER_V1,9c1b4fdb45dc0e9a,NCAAB_20251202_IOWA_MSU,KXNCAAMBGAME-25DEC02IOWAMSU-MSU,H1_2,12,2025-12-03T01:08:32+00:00,2,240,HEALTHY_AFTER_RECOVERY,0,CI_CROSSES_ZERO,NORMAL_SUPPORT,12.15029178892964,0.0,20.0,-41.43882575877494,53.589117547704575,12.15029178892964,0.0,0.0,0.0,94,14.0,35-21,14,UNAVAILABLE,UNAVAILABLE,478.0,240,24.935711861756086,25.0,1.3908592344477821,1.413195821172799,0.9855072463768116,VALUE
AUSTIN_DRE_PHASE_3,AUSTIN_DOWNFALL_STATE_MODEL_V1,NCAAB_H1_2_AUSTIN_TRANSFER_V1,9c1b4fdb45dc0e9a,NCAAB_20251202_IOWA_MSU,KXNCAAMBGAME-25DEC02IOWAMSU-MSU,H1_2,13,2025-12-03T01:08:32+00:00,2,120,HEALTHY_AFTER_RECOVERY,0,CI_CROSSES_ZERO,NORMAL_SUPPORT,12.15029178892964,0.0,20.0,-41.43882575877494,53.589117547704575,12.15029178892964,0.0,0.0,0.0,94,14.0,35-21,14,UNAVAILABLE,UNAVAILABLE,478.0,120,24.935711861756086,25.0,1.3908592344477821,1.413195821172799,0.9855072463768116,VALUE
AUSTIN_DRE_PHASE_3,AUSTIN_DOWNFALL_STATE_MODEL_V1,NCAAB_H1_2_AUSTIN_TRANSFER_V1,9c1b4fdb45dc0e9a,NCAAB_20251202_IOWA_MSU,KXNCAAMBGAME-25DEC02IOWAMSU-MSU,H1_2,14,2025-12-03T01:56:50+00:00,2,0,HEALTHY_AFTER_RECOVERY,0,CI_POSITIVE,NORMAL_SUPPORT,20.000000000000004,20.0,20.0,-41.43882575877494,61.43882575877494,12.15029178892964,7.849708211070364,3.924854105535182,1.962427052767591,99,19.0,71-52,19,UNAVAILABLE,UNAVAILABLE,1678.0,0,24.442947514507374,25.0,0.6612250944191396,0.6651425381699455,1.0,VALUE
AUSTIN_DRE_PHASE_3,AUSTIN_DOWNFALL_STATE_MODEL_V1,NCAAB_H1_2_AUSTIN_TRANSFER_V1,02ea30e7abae33bd,NCAAB_20251202_UGA_FSU,KXNCAAMBGAME-25DEC02UGAFSU-UGA,H1_2,0,2025-12-03T02:10:10+00:00,1,360,UNRESOLVED,0,CI_UNAVAILABLE,SUPPORT_UNAVAILABLE,UNAVAILABLE,UNAVAILABLE,UNAVAILABLE,UNAVAILABLE,UNAVAILABLE,UNAVAILABLE,UNAVAILABLE,UNAVAILABLE,UNAVAILABLE,49,UNAVAILABLE,0-0,0,UNAVAILABLE,UNAVAILABLE,UNAVAILABLE,1560,UNAVAILABLE,UNAVAILABLE,UNAVAILABLE,UNAVAILABLE,0.30434782608695654,NOT_APPLICABLE
AUSTIN_DRE_PHASE_3,AUSTIN_DOWNFALL_STATE_MODEL_V1,NCAAB_H1_2_AUSTIN_TRANSFER_V1,02ea30e7abae33bd,NCAAB_20251202_UGA_FSU,KXNCAAMBGAME-25DEC02UGAFSU-UGA,H1_2,1,2025-12-03T02:58:43+00:00,1,240,HEALTHY,0,CI_POSITIVE,NORMAL_SUPPORT,15.619663864984865,8.0,20.0,15.619663864984865,0.0,UNAVAILABLE,UNAVAILABLE,UNAVAILABLE,UNAVAILABLE,84,4.0,24-39,-15,UNAVAILABLE,UNAVAILABLE,122.0,1440,24.354310466661257,25.0,0.7407172065073272,0.7582433275709212,0.9565217391304348,VALUE
AUSTIN_DRE_PHASE_3,AUSTIN_DOWNFALL_STATE_MODEL_V1,NCAAB_H1_2_AUSTIN_TRANSFER_V1,02ea30e7abae33bd,NCAAB_20251202_UGA_FSU,KXNCAAMBGAME-25DEC02UGAFSU-UGA,H1_2,2,2025-12-03T02:10:10+00:00,1,120,UNRESOLVED,0,CI_UNAVAILABLE,SUPPORT_UNAVAILABLE,UNAVAILABLE,UNAVAILABLE,UNAVAILABLE,15.619663864984865,UNAVAILABLE,UNAVAILABLE,UNAVAILABLE,UNAVAILABLE,UNAVAILABLE,49,UNAVAILABLE,0-0,0,UNAVAILABLE,UNAVAILABLE,UNAVAILABLE,1320,UNAVAILABLE,UNAVAILABLE,UNAVAILABLE,UNAVAILABLE,0.30434782608695654,NOT_APPLICABLE
AUSTIN_DRE_PHASE_3,AUSTIN_DOWNFALL_STATE_MODEL_V1,NCAAB_H1_2_AUSTIN_TRANSFER_V1,02ea30e7abae33bd,NCAAB_20251202_UGA_FSU,KXNCAAMBGAME-25DEC02UGAFSU-UGA,H1_2,3,2025-12-03T03:08:13+00:00,1,0,HEALTHY,0,CI_POSITIVE,NORMAL_SUPPORT,20.000000000000007,20.0,20.0,15.619663864984865,4.380336135015142,15.619663864984865,4.380336135015142,1.0950840337537855,UNAVAILABLE,91,11.0,30-49,-19,UNAVAILABLE,UNAVAILABLE,362.0,1200,24.970831999906803,25.0,0.6346380085545256,0.6159306993484022,0.9855072463768116,VALUE
AUSTIN_DRE_PHASE_3,AUSTIN_DOWNFALL_STATE_MODEL_V1,NCAAB_H1_2_AUSTIN_TRANSFER_V1,02ea30e7abae33bd,NCAAB_20251202_UGA_FSU,KXNCAAMBGAME-25DEC02UGAFSU-UGA,H1_2,4,2025-12-03T03:23:27+00:00,2,1200,HEALTHY,0,CI_CROSSES_ZERO,NORMAL_SUPPORT,12.66015342667828,0.0,20.0,15.619663864984865,-2.9595104383065856,20.000000000000007,-7.3398465733217275,UNAVAILABLE,UNAVAILABLE,96,16.0,30-49,-19,UNAVAILABLE,UNAVAILABLE,362.0,1200,24.730511497027766,25.0,1.6177827166748195,1.674718279272955,0.9855072463768116,VALUE
AUSTIN_DRE_PHASE_3,AUSTIN_DOWNFALL_STATE_MODEL_V1,NCAAB_H1_2_AUSTIN_TRANSFER_V1,02ea30e7abae33bd,NCAAB_20251202_UGA_FSU,KXNCAAMBGAME-25DEC02UGAFSU-UGA,H1_2,5,2025-12-03T03:28:43+00:00,2,1080,HEALTHY,0,CI_CROSSES_ZERO,NORMAL_SUPPORT,12.979037663013324,0.0,20.0,15.619663864984865,-2.640626201971541,12.66015342667828,0.3188842363350446,0.1594421181675223,UNAVAILABLE,98,18.0,34-57,-23,UNAVAILABLE,UNAVAILABLE,482.0,1080,24.016017711620865,25.0,1.1720679783854382,1.2380955331836139,0.9855072463768116,VALUE
AUSTIN_DRE_PHASE_3,AUSTIN_DOWNFALL_STATE_MODEL_V1,NCAAB_H1_2_AUSTIN_TRANSFER_V1,02ea30e7abae33bd,NCAAB_20251202_UGA_FSU,KXNCAAMBGAME-25DEC02UGAFSU-UGA,H1_2,6,2025-12-03T03:23:27+00:00,2,960,HEALTHY,0,CI_CROSSES_ZERO,NORMAL_SUPPORT,12.66015342667828,0.0,20.0,15.619663864984865,-2.9595104383065856,12.979037663013324,-0.3188842363350446,-0.1594421181675223,-0.1594421181675223,96,16.0,30-49,-19,UNAVAILABLE,UNAVAILABLE,362.0,960,24.730511497027766,25.0,1.6177827166748195,1.674718279272955,0.9855072463768116,VALUE
AUSTIN_DRE_PHASE_3,AUSTIN_DOWNFALL_STATE_MODEL_V1,NCAAB_H1_2_AUSTIN_TRANSFER_V1,02ea30e7abae33bd,NCAAB_20251202_UGA_FSU,KXNCAAMBGAME-25DEC02UGAFSU-UGA,H1_2,7,2025-12-03T03:42:43+00:00,2,840,HEALTHY,0,CI_POSITIVE,NORMAL_SUPPORT,13.5441439150575,4.0,20.0,15.619663864984865,-2.075519949927365,12.66015342667828,0.8839904883792205,0.4419952441896102,0.30071868117856626,99,19.0,44-70,-26,UNAVAILABLE,UNAVAILABLE,722.0,840,24.21478296144613,25.0,0.7009005043883672,0.7077720147650547,1.0,VALUE
AUSTIN_DRE_PHASE_3,AUSTIN_DOWNFALL_STATE_MODEL_V1,NCAAB_H1_2_AUSTIN_TRANSFER_V1,02ea30e7abae33bd,NCAAB_20251202_UGA_FSU,KXNCAAMBGAME-25DEC02UGAFSU-UGA,H1_2,8,2025-12-03T03:23:27+00:00,2,720,HEALTHY,0,CI_CROSSES_ZERO,NORMAL_SUPPORT,12.66015342667828,0.0,20.0,15.619663864984865,-2.9595104383065856,13.5441439150575,-0.8839904883792205,-0.4419952441896102,-0.4419952441896102,96,16.0,30-49,-19,UNAVAILABLE,UNAVAILABLE,362.0,720,24.730511497027766,25.0,1.6177827166748195,1.674718279272955,0.9855072463768116,VALUE
AUSTIN_DRE_PHASE_3,AUSTIN_DOWNFALL_STATE_MODEL_V1,NCAAB_H1_2_AUSTIN_TRANSFER_V1,02ea30e7abae33bd,NCAAB_20251202_UGA_FSU,KXNCAAMBGAME-25DEC02UGAFSU-UGA,H1_2,9,2025-12-03T03:23:27+00:00,2,600,HEALTHY,0,CI_CROSSES_ZERO,NORMAL_SUPPORT,12.66015342667828,0.0,20.0,15.619663864984865,-2.9595104383065856,12.66015342667828,0.0,0.0,0.2209976220948051,96,16.0,30-49,-19,UNAVAILABLE,UNAVAILABLE,362.0,600,24.730511497027766,25.0,1.6177827166748195,1.674718279272955,0.9855072463768116,VALUE
AUSTIN_DRE_PHASE_3,AUSTIN_DOWNFALL_STATE_MODEL_V1,NCAAB_H1_2_AUSTIN_TRANSFER_V1,02ea30e7abae33bd,NCAAB_20251202_UGA_FSU,KXNCAAMBGAME-25DEC02UGAFSU-UGA,H1_2,10,2025-12-03T03:23:27+00:00,2,480,HEALTHY,0,CI_CROSSES_ZERO,NORMAL_SUPPORT,12.66015342667828,0.0,20.0,15.619663864984865,-2.9595104383065856,12.66015342667828,0.0,0.0,0.0,96,16.0,30-49,-19,UNAVAILABLE,UNAVAILABLE,362.0,480,24.730511497027766,25.0,1.6177827166748195,1.674718279272955,0.9855072463768116,VALUE
AUSTIN_DRE_PHASE_3,AUSTIN_DOWNFALL_STATE_MODEL_V1,NCAAB_H1_2_AUSTIN_TRANSFER_V1,02ea30e7abae33bd,NCAAB_20251202_UGA_FSU,KXNCAAMBGAME-25DEC02UGAFSU-UGA,H1_2,11,2025-12-03T03:23:27+00:00,2,360,HEALTHY,0,CI_CROSSES_ZERO,NORMAL_SUPPORT,12.66015342667828,0.0,20.0,15.619663864984865,-2.9595104383065856,12.66015342667828,0.0,0.0,0.0,96,16.0,30-49,-19,UNAVAILABLE,UNAVAILABLE,362.0,360,24.730511497027766,25.0,1.6177827166748195,1.674718279272955,0.9855072463768116,VALUE
AUSTIN_DRE_PHASE_3,AUSTIN_DOWNFALL_STATE_MODEL_V1,NCAAB_H1_2_AUSTIN_TRANSFER_V1,02ea30e7abae33bd,NCAAB_20251202_UGA_FSU,KXNCAAMBGAME-25DEC02UGAFSU-UGA,H1_2,12,2025-12-03T03:23:27+00:00,2,240,HEALTHY,0,CI_CROSSES_ZERO,NORMAL_SUPPORT,12.66015342667828,0.0,20.0,15.619663864984865,-2.9595104383065856,12.66015342667828,0.0,0.0,0.0,96,16.0,30-49,-19,UNAVAILABLE,UNAVAILABLE,362.0,240,24.730511497027766,25.0,1.6177827166748195,1.674718279272955,0.9855072463768116,VALUE
AUSTIN_DRE_PHASE_3,AUSTIN_DOWNFALL_STATE_MODEL_V1,NCAAB_H1_2_AUSTIN_TRANSFER_V1,02ea30e7abae33bd,NCAAB_20251202_UGA_FSU,KXNCAAMBGAME-25DEC02UGAFSU-UGA,H1_2,13,2025-12-03T03:23:27+00:00,2,120,HEALTHY,0,CI_CROSSES_ZERO,NORMAL_SUPPORT,12.66015342667828,0.0,20.0,15.619663864984865,-2.9595104383065856,12.66015342667828,0.0,0.0,0.0,96,16.0,30-49,-19,UNAVAILABLE,UNAVAILABLE,362.0,120,24.730511497027766,25.0,1.6177827166748195,1.674718279272955,0.9855072463768116,VALUE
AUSTIN_DRE_PHASE_3,AUSTIN_DOWNFALL_STATE_MODEL_V1,NCAAB_H1_2_AUSTIN_TRANSFER_V1,02ea30e7abae33bd,NCAAB_20251202_UGA_FSU,KXNCAAMBGAME-25DEC02UGAFSU-UGA,H1_2,14,2025-12-03T04:19:17+00:00,2,0,HEALTHY,0,CI_POSITIVE,NORMAL_SUPPORT,20.000000000000004,20.0,20.0,15.619663864984865,4.380336135015138,12.66015342667828,7.339846573321724,3.669923286660862,1.834961643330431,99,19.0,73-107,-34,UNAVAILABLE,UNAVAILABLE,1562.0,0,23.259892833481494,25.0,0.8445527960906665,0.8072286913802481,1.0,VALUE
AUSTIN_DRE_PHASE_3,AUSTIN_DOWNFALL_STATE_MODEL_V1,NCAAB_H1_2_AUSTIN_TRANSFER_V1,0d652c71820f3bcf,NCAAB_20251202_MIA_MISS,KXNCAAMBGAME-25DEC02MIAMISS-MIA,H1_2,0,2025-12-03T02:58:36+00:00,1,0,HEALTHY,0,CI_POSITIVE,NORMAL_SUPPORT,19.999999999999996,20.0,20.0,19.999999999999996,0.0,UNAVAILABLE,UNAVAILABLE,UNAVAILABLE,UNAVAILABLE,87,4.0,26-42,-16,UNAVAILABLE,UNAVAILABLE,104.0,1200,24.984791334558995,25.0,0.9232510324081759,0.9332565923569925,0.8985507246376812,VALUE
AUSTIN_DRE_PHASE_3,AUSTIN_DOWNFALL_STATE_MODEL_V1,NCAAB_H1_2_AUSTIN_TRANSFER_V1,0d652c71820f3bcf,NCAAB_20251202_MIA_MISS,KXNCAAMBGAME-25DEC02MIAMISS-MIA,H1_2,1,2025-12-03T03:14:04+00:00,2,1200,WATCH_NEGATIVE,1,CI_CROSSES_ZERO,NORMAL_SUPPORT,-8.756320370067426,-28.0,8.0,19.999999999999996,-28.75632037006742,19.999999999999996,-28.75632037006742,UNAVAILABLE,UNAVAILABLE,93,10.0,26-42,-16,UNAVAILABLE,UNAVAILABLE,104.0,1200,24.97280424817305,25.0,1.6142254976153043,1.6221825344015595,0.8985507246376812,VALUE
AUSTIN_DRE_PHASE_3,AUSTIN_DOWNFALL_STATE_MODEL_V1,NCAAB_H1_2_AUSTIN_TRANSFER_V1,0d652c71820f3bcf,NCAAB_20251202_MIA_MISS,KXNCAAMBGAME-25DEC02MIAMISS-MIA,H1_2,2,2025-12-03T03:14:04+00:00,2,1080,PERSISTENCE_2,2,CI_CROSSES_ZERO,NORMAL_SUPPORT,-8.756320370067426,-28.0,8.0,19.999999999999996,-28.75632037006742,-8.756320370067426,0.0,0.0,UNAVAILABLE,93,10.0,26-42,-16,UNAVAILABLE,UNAVAILABLE,104.0,1080,24.97280424817305,25.0,1.6142254976153043,1.6221825344015595,0.8985507246376812,VALUE
AUSTIN_DRE_PHASE_3,AUSTIN_DOWNFALL_STATE_MODEL_V1,NCAAB_H1_2_AUSTIN_TRANSFER_V1,0d652c71820f3bcf,NCAAB_20251202_MIA_MISS,KXNCAAMBGAME-25DEC02MIAMISS-MIA,H1_2,3,2025-12-03T03:14:04+00:00,2,960,PERSISTENCE_3PLUS,3,CI_CROSSES_ZERO,NORMAL_SUPPORT,-8.756320370067426,-28.0,8.0,19.999999999999996,-28.75632037006742,-8.756320370067426,0.0,0.0,0.0,93,10.0,26-42,-16,UNAVAILABLE,UNAVAILABLE,104.0,960,24.97280424817305,25.0,1.6142254976153043,1.6221825344015595,0.8985507246376812,VALUE
AUSTIN_DRE_PHASE_3,AUSTIN_DOWNFALL_STATE_MODEL_V1,NCAAB_H1_2_AUSTIN_TRANSFER_V1,0d652c71820f3bcf,NCAAB_20251202_MIA_MISS,KXNCAAMBGAME-25DEC02MIAMISS-MIA,H1_2,4,2025-12-03T03:31:43+00:00,2,840,RECOVERING,0,CI_CROSSES_ZERO,NORMAL_SUPPORT,0.7402882668456816,-16.0,16.0,19.999999999999996,-19.259711733154315,-8.756320370067426,9.496608636913107,4.748304318456554,2.374152159228277,91,8.0,40-52,-12,UNAVAILABLE,UNAVAILABLE,464.0,840,23.93281787394208,25.0,0.6951174207497505,0.7465696316602297,0.9855072463768116,VALUE
AUSTIN_DRE_PHASE_3,AUSTIN_DOWNFALL_STATE_MODEL_V1,NCAAB_H1_2_AUSTIN_TRANSFER_V1,0d652c71820f3bcf,NCAAB_20251202_MIA_MISS,KXNCAAMBGAME-25DEC02MIAMISS-MIA,H1_2,5,2025-12-03T03:14:04+00:00,2,720,WATCH_NEGATIVE,1,CI_CROSSES_ZERO,NORMAL_SUPPORT,-8.756320370067426,-28.0,8.0,19.999999999999996,-28.75632037006742,0.7402882668456816,-9.496608636913107,-4.748304318456554,-4.748304318456554,93,10.0,26-42,-16,UNAVAILABLE,UNAVAILABLE,104.0,720,24.97280424817305,25.0,1.6142254976153043,1.6221825344015595,0.8985507246376812,VALUE
AUSTIN_DRE_PHASE_3,AUSTIN_DOWNFALL_STATE_MODEL_V1,NCAAB_H1_2_AUSTIN_TRANSFER_V1,0d652c71820f3bcf,NCAAB_20251202_MIA_MISS,KXNCAAMBGAME-25DEC02MIAMISS-MIA,H1_2,6,2025-12-03T03:14:04+00:00,2,600,PERSISTENCE_2,2,CI_CROSSES_ZERO,NORMAL_SUPPORT,-8.756320370067426,-28.0,8.0,19.999999999999996,-28.75632037006742,-8.756320370067426,0.0,0.0,2.374152159228277,93,10.0,26-42,-16,UNAVAILABLE,UNAVAILABLE,104.0,600,24.97280424817305,25.0,1.6142254976153043,1.6221825344015595,0.8985507246376812,VALUE
AUSTIN_DRE_PHASE_3,AUSTIN_DOWNFALL_STATE_MODEL_V1,NCAAB_H1_2_AUSTIN_TRANSFER_V1,0d652c71820f3bcf,NCAAB_20251202_MIA_MISS,KXNCAAMBGAME-25DEC02MIAMISS-MIA,H1_2,7,2025-12-03T03:14:04+00:00,2,480,PERSISTENCE_3PLUS,3,CI_CROSSES_ZERO,NORMAL_SUPPORT,-8.756320370067426,-28.0,8.0,19.999999999999996,-28.75632037006742,-8.756320370067426,0.0,0.0,0.0,93,10.0,26-42,-16,UNAVAILABLE,UNAVAILABLE,104.0,480,24.97280424817305,25.0,1.6142254976153043,1.6221825344015595,0.8985507246376812,VALUE
AUSTIN_DRE_PHASE_3,AUSTIN_DOWNFALL_STATE_MODEL_V1,NCAAB_H1_2_AUSTIN_TRANSFER_V1,0d652c71820f3bcf,NCAAB_20251202_MIA_MISS,KXNCAAMBGAME-25DEC02MIAMISS-MIA,H1_2,8,2025-12-03T03:14:04+00:00,2,360,PERSISTENCE_3PLUS,4,CI_CROSSES_ZERO,NORMAL_SUPPORT,-8.756320370067426,-28.0,8.0,19.999999999999996,-28.75632037006742,-8.756320370067426,0.0,0.0,0.0,93,10.0,26-42,-16,UNAVAILABLE,UNAVAILABLE,104.0,360,24.97280424817305,25.0,1.6142254976153043,1.6221825344015595,0.8985507246376812,VALUE
AUSTIN_DRE_PHASE_3,AUSTIN_DOWNFALL_STATE_MODEL_V1,NCAAB_H1_2_AUSTIN_TRANSFER_V1,0d652c71820f3bcf,NCAAB_20251202_MIA_MISS,KXNCAAMBGAME-25DEC02MIAMISS-MIA,H1_2,9,2025-12-03T03:14:04+00:00,2,240,PERSISTENCE_3PLUS,5,CI_CROSSES_ZERO,NORMAL_SUPPORT,-8.756320370067426,-28.0,8.0,19.999999999999996,-28.75632037006742,-8.756320370067426,0.0,0.0,0.0,93,10.0,26-42,-16,UNAVAILABLE,UNAVAILABLE,104.0,240,24.97280424817305,25.0,1.6142254976153043,1.6221825344015595,0.8985507246376812,VALUE
AUSTIN_DRE_PHASE_3,AUSTIN_DOWNFALL_STATE_MODEL_V1,NCAAB_H1_2_AUSTIN_TRANSFER_V1,0d652c71820f3bcf,NCAAB_20251202_MIA_MISS,KXNCAAMBGAME-25DEC02MIAMISS-MIA,H1_2,10,2025-12-03T03:14:04+00:00,2,120,PERSISTENCE_3PLUS,6,CI_CROSSES_ZERO,NORMAL_SUPPORT,-8.756320370067426,-28.0,8.0,19.999999999999996,-28.75632037006742,-8.756320370067426,0.0,0.0,0.0,93,10.0,26-42,-16,UNAVAILABLE,UNAVAILABLE,104.0,120,24.97280424817305,25.0,1.6142254976153043,1.6221825344015595,0.8985507246376812,VALUE
AUSTIN_DRE_PHASE_3,AUSTIN_DOWNFALL_STATE_MODEL_V1,NCAAB_H1_2_AUSTIN_TRANSFER_V1,0d652c71820f3bcf,NCAAB_20251202_MIA_MISS,KXNCAAMBGAME-25DEC02MIAMISS-MIA,H1_2,11,2025-12-03T04:07:13+00:00,2,0,RECOVERING,0,CI_CROSSES_ZERO,NORMAL_SUPPORT,7.902444906020378,-8.0,20.0,19.999999999999996,-12.097555093979619,-8.756320370067426,16.658765276087806,8.329382638043903,4.164691319021951,99,16.0,66-75,-9,UNAVAILABLE,UNAVAILABLE,1304.0,0,24.855327535932744,25.0,1.0150811871247203,1.031891716726165,1.0,VALUE
AUSTIN_DRE_PHASE_3,AUSTIN_DOWNFALL_STATE_MODEL_V1,NCAAB_H1_2_AUSTIN_TRANSFER_V1,6fb8c068ee4c641f,NCAAB_20251202_MIZZ_ND,KXNCAAMBGAME-25DEC02MIZZND-MIZZ,H1_2,0,2025-12-03T02:59:44+00:00,1,0,HEALTHY,0,CI_POSITIVE,NORMAL_SUPPORT,20.0,20.0,20.0,20.0,0.0,UNAVAILABLE,UNAVAILABLE,UNAVAILABLE,UNAVAILABLE,76,-5.0,33-40,-7,UNAVAILABLE,UNAVAILABLE,45.0,1200,24.870974275370294,25.0,0.9854824254926862,0.9501259320699226,0.8405797101449275,VALUE
AUSTIN_DRE_PHASE_3,AUSTIN_DOWNFALL_STATE_MODEL_V1,NCAAB_H1_2_AUSTIN_TRANSFER_V1,6fb8c068ee4c641f,NCAAB_20251202_MIZZ_ND,KXNCAAMBGAME-25DEC02MIZZND-MIZZ,H1_2,1,2025-12-03T03:12:47+00:00,2,1200,HEALTHY,0,CI_CROSSES_ZERO,NORMAL_SUPPORT,11.930680171298404,0.0,20.0,20.0,-8.069319828701596,20.0,-8.069319828701596,UNAVAILABLE,UNAVAILABLE,71,-10.0,33-40,-7,UNAVAILABLE,UNAVAILABLE,45.0,1200,24.991965282781123,25.0,1.6692549719298415,1.6708569926757881,0.855072463768116,VALUE
AUSTIN_DRE_PHASE_3,AUSTIN_DOWNFALL_STATE_MODEL_V1,NCAAB_H1_2_AUSTIN_TRANSFER_V1,6fb8c068ee4c641f,NCAAB_20251202_MIZZ_ND,KXNCAAMBGAME-25DEC02MIZZND-MIZZ,H1_2,2,2025-12-03T03:19:22+00:00,2,1080,WATCH_NEGATIVE,1,CI_NEGATIVE,NORMAL_SUPPORT,-41.69071886199853,-60.0,-24.0,20.0,-61.69071886199853,11.930680171298404,-53.62139903329694,-26.81069951664847,UNAVAILABLE,58,-23.0,38-42,-4,UNAVAILABLE,UNAVAILABLE,165.0,1080,24.890560818952753,25.0,1.6021853206696646,1.644404154213284,0.9565217391304348,VALUE
AUSTIN_DRE_PHASE_3,AUSTIN_DOWNFALL_STATE_MODEL_V1,NCAAB_H1_2_AUSTIN_TRANSFER_V1,6fb8c068ee4c641f,NCAAB_20251202_MIZZ_ND,KXNCAAMBGAME-25DEC02MIZZND-MIZZ,H1_2,3,2025-12-03T03:12:47+00:00,2,960,RECOVERING,0,CI_CROSSES_ZERO,NORMAL_SUPPORT,11.930680171298404,0.0,20.0,20.0,-8.069319828701596,-41.69071886199853,53.62139903329694,26.81069951664847,26.81069951664847,71,-10.0,33-40,-7,UNAVAILABLE,UNAVAILABLE,45.0,960,24.991965282781123,25.0,1.6692549719298415,1.6708569926757881,0.855072463768116,VALUE
AUSTIN_DRE_PHASE_3,AUSTIN_DOWNFALL_STATE_MODEL_V1,NCAAB_H1_2_AUSTIN_TRANSFER_V1,6fb8c068ee4c641f,NCAAB_20251202_MIZZ_ND,KXNCAAMBGAME-25DEC02MIZZND-MIZZ,H1_2,4,2025-12-03T03:12:47+00:00,2,840,HEALTHY_AFTER_RECOVERY,0,CI_CROSSES_ZERO,NORMAL_SUPPORT,11.930680171298404,0.0,20.0,20.0,-8.069319828701596,11.930680171298404,0.0,0.0,-13.405349758324235,71,-10.0,33-40,-7,UNAVAILABLE,UNAVAILABLE,45.0,840,24.991965282781123,25.0,1.6692549719298415,1.6708569926757881,0.855072463768116,VALUE
AUSTIN_DRE_PHASE_3,AUSTIN_DOWNFALL_STATE_MODEL_V1,NCAAB_H1_2_AUSTIN_TRANSFER_V1,6fb8c068ee4c641f,NCAAB_20251202_MIZZ_ND,KXNCAAMBGAME-25DEC02MIZZND-MIZZ,H1_2,5,2025-12-03T03:12:47+00:00,2,720,HEALTHY_AFTER_RECOVERY,0,CI_CROSSES_ZERO,NORMAL_SUPPORT,11.930680171298404,0.0,20.0,20.0,-8.069319828701596,11.930680171298404,0.0,0.0,0.0,71,-10.0,33-40,-7,UNAVAILABLE,UNAVAILABLE,45.0,720,24.991965282781123,25.0,1.6692549719298415,1.6708569926757881,0.855072463768116,VALUE
AUSTIN_DRE_PHASE_3,AUSTIN_DOWNFALL_STATE_MODEL_V1,NCAAB_H1_2_AUSTIN_TRANSFER_V1,6fb8c068ee4c641f,NCAAB_20251202_MIZZ_ND,KXNCAAMBGAME-25DEC02MIZZND-MIZZ,H1_2,6,2025-12-03T03:12:47+00:00,2,600,HEALTHY_AFTER_RECOVERY,0,CI_CROSSES_ZERO,NORMAL_SUPPORT,11.930680171298404,0.0,20.0,20.0,-8.069319828701596,11.930680171298404,0.0,0.0,0.0,71,-10.0,33-40,-7,UNAVAILABLE,UNAVAILABLE,45.0,600,24.991965282781123,25.0,1.6692549719298415,1.6708569926757881,0.855072463768116,VALUE
AUSTIN_DRE_PHASE_3,AUSTIN_DOWNFALL_STATE_MODEL_V1,NCAAB_H1_2_AUSTIN_TRANSFER_V1,6fb8c068ee4c641f,NCAAB_20251202_MIZZ_ND,KXNCAAMBGAME-25DEC02MIZZND-MIZZ,H1_2,7,2025-12-03T03:12:47+00:00,2,480,HEALTHY_AFTER_RECOVERY,0,CI_CROSSES_ZERO,NORMAL_SUPPORT,11.930680171298404,0.0,20.0,20.0,-8.069319828701596,11.930680171298404,0.0,0.0,0.0,71,-10.0,33-40,-7,UNAVAILABLE,UNAVAILABLE,45.0,480,24.991965282781123,25.0,1.6692549719298415,1.6708569926757881,0.855072463768116,VALUE
AUSTIN_DRE_PHASE_3,AUSTIN_DOWNFALL_STATE_MODEL_V1,NCAAB_H1_2_AUSTIN_TRANSFER_V1,6fb8c068ee4c641f,NCAAB_20251202_MIZZ_ND,KXNCAAMBGAME-25DEC02MIZZND-MIZZ,H1_2,8,2025-12-03T03:12:47+00:00,2,360,HEALTHY_AFTER_RECOVERY,0,CI_CROSSES_ZERO,NORMAL_SUPPORT,11.930680171298404,0.0,20.0,20.0,-8.069319828701596,11.930680171298404,0.0,0.0,0.0,71,-10.0,33-40,-7,UNAVAILABLE,UNAVAILABLE,45.0,360,24.991965282781123,25.0,1.6692549719298415,1.6708569926757881,0.855072463768116,VALUE
AUSTIN_DRE_PHASE_3,AUSTIN_DOWNFALL_STATE_MODEL_V1,NCAAB_H1_2_AUSTIN_TRANSFER_V1,6fb8c068ee4c641f,NCAAB_20251202_MIZZ_ND,KXNCAAMBGAME-25DEC02MIZZND-MIZZ,H1_2,9,2025-12-03T03:12:47+00:00,2,240,HEALTHY_AFTER_RECOVERY,0,CI_CROSSES_ZERO,NORMAL_SUPPORT,11.930680171298404,0.0,20.0,20.0,-8.069319828701596,11.930680171298404,0.0,0.0,0.0,71,-10.0,33-40,-7,UNAVAILABLE,UNAVAILABLE,45.0,240,24.991965282781123,25.0,1.6692549719298415,1.6708569926757881,0.855072463768116,VALUE
AUSTIN_DRE_PHASE_3,AUSTIN_DOWNFALL_STATE_MODEL_V1,NCAAB_H1_2_AUSTIN_TRANSFER_V1,6fb8c068ee4c641f,NCAAB_20251202_MIZZ_ND,KXNCAAMBGAME-25DEC02MIZZND-MIZZ,H1_2,10,2025-12-03T04:08:05+00:00,2,120,WATCH_NEGATIVE,1,CI_CROSSES_ZERO,NORMAL_SUPPORT,-13.698151520271477,-32.0,4.0,20.0,-33.69815152027148,11.930680171298404,-25.62883169156988,-12.81441584578494,-6.40720792289247,54,-27.0,64-65,-1,UNAVAILABLE,UNAVAILABLE,1125.0,120,23.88169503815638,25.0,0.5970766093704796,0.6561219246362353,1.0,VALUE
AUSTIN_DRE_PHASE_3,AUSTIN_DOWNFALL_STATE_MODEL_V1,NCAAB_H1_2_AUSTIN_TRANSFER_V1,6fb8c068ee4c641f,NCAAB_20251202_MIZZ_ND,KXNCAAMBGAME-25DEC02MIZZND-MIZZ,H1_2,11,2025-12-03T04:22:26+00:00,2,0,PERSISTENCE_2,2,CI_NEGATIVE,NORMAL_SUPPORT,-66.78203087232032,-80.0,-52.0,20.0,-86.78203087232032,-13.698151520271477,-53.08387935204884,-26.54193967602442,-6.86376191511974,39,-42.0,76-71,5,UNAVAILABLE,UNAVAILABLE,1245.0,0,24.184332026539,25.0,0.8268659301770093,0.8929676181983781,1.0,VALUE
AUSTIN_DRE_PHASE_3,AUSTIN_DOWNFALL_STATE_MODEL_V1,NCAAB_H1_2_AUSTIN_TRANSFER_V1,6b487333bf807bcd,NCAAB_20251203_LOU_ARK,KXNCAAMBGAME-25DEC03LOUARK-ARK,H1_2,0,2025-12-04T00:17:52+00:00,1,240,UNRESOLVED,0,CI_UNAVAILABLE,SUPPORT_UNAVAILABLE,UNAVAILABLE,UNAVAILABLE,UNAVAILABLE,UNAVAILABLE,UNAVAILABLE,UNAVAILABLE,UNAVAILABLE,UNAVAILABLE,UNAVAILABLE,42,UNAVAILABLE,0-0,0,UNAVAILABLE,UNAVAILABLE,UNAVAILABLE,1440,UNAVAILABLE,UNAVAILABLE,UNAVAILABLE,UNAVAILABLE,0.30434782608695654,NOT_APPLICABLE
AUSTIN_DRE_PHASE_3,AUSTIN_DOWNFALL_STATE_MODEL_V1,NCAAB_H1_2_AUSTIN_TRANSFER_V1,6b487333bf807bcd,NCAAB_20251203_LOU_ARK,KXNCAAMBGAME-25DEC03LOUARK-ARK,H1_2,1,2025-12-04T00:17:52+00:00,1,120,UNRESOLVED,0,CI_UNAVAILABLE,SUPPORT_UNAVAILABLE,UNAVAILABLE,UNAVAILABLE,UNAVAILABLE,UNAVAILABLE,UNAVAILABLE,UNAVAILABLE,UNAVAILABLE,UNAVAILABLE,UNAVAILABLE,42,UNAVAILABLE,0-0,0,UNAVAILABLE,UNAVAILABLE,UNAVAILABLE,1320,UNAVAILABLE,UNAVAILABLE,UNAVAILABLE,UNAVAILABLE,0.30434782608695654,NOT_APPLICABLE
AUSTIN_DRE_PHASE_3,AUSTIN_DOWNFALL_STATE_MODEL_V1,NCAAB_H1_2_AUSTIN_TRANSFER_V1,6b487333bf807bcd,NCAAB_20251203_LOU_ARK,KXNCAAMBGAME-25DEC03LOUARK-ARK,H1_2,2,2025-12-04T01:18:38+00:00,1,0,HEALTHY,0,CI_POSITIVE,NORMAL_SUPPORT,20.0,20.0,20.0,20.0,0.0,UNAVAILABLE,UNAVAILABLE,UNAVAILABLE,UNAVAILABLE,89,8.0,47-29,18,UNAVAILABLE,UNAVAILABLE,313.0,1200,24.609682340396905,25.0,0.6937846743418112,0.6217296634716795,0.9855072463768116,VALUE
AUSTIN_DRE_PHASE_3,AUSTIN_DOWNFALL_STATE_MODEL_V1,NCAAB_H1_2_AUSTIN_TRANSFER_V1,6b487333bf807bcd,NCAAB_20251203_LOU_ARK,KXNCAAMBGAME-25DEC03LOUARK-ARK,H1_2,3,2025-12-04T01:35:19+00:00,2,1200,WATCH_NEGATIVE,1,CI_CROSSES_ZERO,NORMAL_SUPPORT,-3.3343386681231713,-20.0,12.0,20.0,-23.33433866812317,20.0,-23.33433866812317,UNAVAILABLE,UNAVAILABLE,90,9.0,47-29,18,UNAVAILABLE,UNAVAILABLE,313.0,1200,24.790348386815662,25.0,1.5424182538331674,1.5610073911394218,0.9855072463768116,VALUE
AUSTIN_DRE_PHASE_3,AUSTIN_DOWNFALL_STATE_MODEL_V1,NCAAB_H1_2_AUSTIN_TRANSFER_V1,6b487333bf807bcd,NCAAB_20251203_LOU_ARK,KXNCAAMBGAME-25DEC03LOUARK-ARK,H1_2,4,2025-12-04T01:35:19+00:00,2,1080,PERSISTENCE_2,2,CI_CROSSES_ZERO,NORMAL_SUPPORT,-3.3343386681231713,-20.0,12.0,20.0,-23.33433866812317,-3.3343386681231713,0.0,0.0,UNAVAILABLE,90,9.0,47-29,18,UNAVAILABLE,UNAVAILABLE,313.0,1080,24.790348386815662,25.0,1.5424182538331674,1.5610073911394218,0.9855072463768116,VALUE
AUSTIN_DRE_PHASE_3,AUSTIN_DOWNFALL_STATE_MODEL_V1,NCAAB_H1_2_AUSTIN_TRANSFER_V1,6b487333bf807bcd,NCAAB_20251203_LOU_ARK,KXNCAAMBGAME-25DEC03LOUARK-ARK,H1_2,5,2025-12-04T01:35:19+00:00,2,960,PERSISTENCE_3PLUS,3,CI_CROSSES_ZERO,NORMAL_SUPPORT,-3.3343386681231713,-20.0,12.0,20.0,-23.33433866812317,-3.3343386681231713,0.0,0.0,0.0,90,9.0,47-29,18,UNAVAILABLE,UNAVAILABLE,313.0,960,24.790348386815662,25.0,1.5424182538331674,1.5610073911394218,0.9855072463768116,VALUE
AUSTIN_DRE_PHASE_3,AUSTIN_DOWNFALL_STATE_MODEL_V1,NCAAB_H1_2_AUSTIN_TRANSFER_V1,6b487333bf807bcd,NCAAB_20251203_LOU_ARK,KXNCAAMBGAME-25DEC03LOUARK-ARK,H1_2,6,2025-12-04T01:35:19+00:00,2,840,PERSISTENCE_3PLUS,4,CI_CROSSES_ZERO,NORMAL_SUPPORT,-3.3343386681231713,-20.0,12.0,20.0,-23.33433866812317,-3.3343386681231713,0.0,0.0,0.0,90,9.0,47-29,18,UNAVAILABLE,UNAVAILABLE,313.0,840,24.790348386815662,25.0,1.5424182538331674,1.5610073911394218,0.9855072463768116,VALUE
AUSTIN_DRE_PHASE_3,AUSTIN_DOWNFALL_STATE_MODEL_V1,NCAAB_H1_2_AUSTIN_TRANSFER_V1,6b487333bf807bcd,NCAAB_20251203_LOU_ARK,KXNCAAMBGAME-25DEC03LOUARK-ARK,H1_2,7,2025-12-04T01:35:19+00:00,2,720,PERSISTENCE_3PLUS,5,CI_CROSSES_ZERO,NORMAL_SUPPORT,-3.3343386681231713,-20.0,12.0,20.0,-23.33433866812317,-3.3343386681231713,0.0,0.0,0.0,90,9.0,47-29,18,UNAVAILABLE,UNAVAILABLE,313.0,720,24.790348386815662,25.0,1.5424182538331674,1.5610073911394218,0.9855072463768116,VALUE
AUSTIN_DRE_PHASE_3,AUSTIN_DOWNFALL_STATE_MODEL_V1,NCAAB_H1_2_AUSTIN_TRANSFER_V1,6b487333bf807bcd,NCAAB_20251203_LOU_ARK,KXNCAAMBGAME-25DEC03LOUARK-ARK,H1_2,8,2025-12-04T02:01:59+00:00,2,600,PERSISTENCE_3PLUS,6,CI_CROSSES_ZERO,NORMAL_SUPPORT,-6.233889300905311,-24.0,8.0,20.0,-26.23388930090531,-3.3343386681231713,-2.8995506327821396,-1.4497753163910698,-0.7248876581955349,76,-5.0,64-56,8,UNAVAILABLE,UNAVAILABLE,913.0,600,24.486122111435947,25.0,0.6120999773956018,0.6213215937206453,1.0,VALUE
AUSTIN_DRE_PHASE_3,AUSTIN_DOWNFALL_STATE_MODEL_V1,NCAAB_H1_2_AUSTIN_TRANSFER_V1,6b487333bf807bcd,NCAAB_20251203_LOU_ARK,KXNCAAMBGAME-25DEC03LOUARK-ARK,H1_2,9,2025-12-04T01:35:19+00:00,2,480,PERSISTENCE_3PLUS,7,CI_CROSSES_ZERO,NORMAL_SUPPORT,-3.3343386681231713,-20.0,12.0,20.0,-23.33433866812317,-6.233889300905311,2.8995506327821396,1.4497753163910698,1.4497753163910698,90,9.0,47-29,18,UNAVAILABLE,UNAVAILABLE,313.0,480,24.790348386815662,25.0,1.5424182538331674,1.5610073911394218,0.9855072463768116,VALUE
AUSTIN_DRE_PHASE_3,AUSTIN_DOWNFALL_STATE_MODEL_V1,NCAAB_H1_2_AUSTIN_TRANSFER_V1,6b487333bf807bcd,NCAAB_20251203_LOU_ARK,KXNCAAMBGAME-25DEC03LOUARK-ARK,H1_2,10,2025-12-04T01:35:19+00:00,2,360,PERSISTENCE_3PLUS,8,CI_CROSSES_ZERO,NORMAL_SUPPORT,-3.3343386681231713,-20.0,12.0,20.0,-23.33433866812317,-3.3343386681231713,0.0,0.0,-0.7248876581955349,90,9.0,47-29,18,UNAVAILABLE,UNAVAILABLE,313.0,360,24.790348386815662,25.0,1.5424182538331674,1.5610073911394218,0.9855072463768116,VALUE
AUSTIN_DRE_PHASE_3,AUSTIN_DOWNFALL_STATE_MODEL_V1,NCAAB_H1_2_AUSTIN_TRANSFER_V1,6b487333bf807bcd,NCAAB_20251203_LOU_ARK,KXNCAAMBGAME-25DEC03LOUARK-ARK,H1_2,11,2025-12-04T02:18:09+00:00,2,240,RECOVERING,0,CI_CROSSES_ZERO,NORMAL_SUPPORT,0.5014511071389504,-16.0,16.0,20.0,-19.49854889286105,-3.3343386681231713,3.8357897752621217,1.9178948876310609,0.9589474438155304,93,12.0,79-71,8,UNAVAILABLE,UNAVAILABLE,1273.0,240,23.90166495867016,25.0,0.6157783960029304,0.6519458171029118,1.0,VALUE
AUSTIN_DRE_PHASE_3,AUSTIN_DOWNFALL_STATE_MODEL_V1,NCAAB_H1_2_AUSTIN_TRANSFER_V1,6b487333bf807bcd,NCAAB_20251203_LOU_ARK,KXNCAAMBGAME-25DEC03LOUARK-ARK,H1_2,12,2025-12-04T01:35:19+00:00,2,120,WATCH_NEGATIVE,1,CI_CROSSES_ZERO,NORMAL_SUPPORT,-3.3343386681231713,-20.0,12.0,20.0,-23.33433866812317,0.5014511071389504,-3.8357897752621217,-1.9178948876310609,-1.9178948876310609,90,9.0,47-29,18,UNAVAILABLE,UNAVAILABLE,313.0,120,24.790348386815662,25.0,1.5424182538331674,1.5610073911394218,0.9855072463768116,VALUE
AUSTIN_DRE_PHASE_3,AUSTIN_DOWNFALL_STATE_MODEL_V1,NCAAB_H1_2_AUSTIN_TRANSFER_V1,6b487333bf807bcd,NCAAB_20251203_LOU_ARK,KXNCAAMBGAME-25DEC03LOUARK-ARK,H1_2,13,2025-12-04T02:36:14+00:00,2,0,RECOVERING,0,CI_POSITIVE,NORMAL_SUPPORT,20.0,20.0,20.0,20.0,0.0,-3.3343386681231713,23.33433866812317,11.667169334061585,6.792532110846323,99,18.0,89-80,9,UNAVAILABLE,UNAVAILABLE,1513.0,0,24.862180788738375,25.0,0.9197870356644134,0.921395221347009,1.0,VALUE
AUSTIN_DRE_PHASE_3,AUSTIN_DOWNFALL_STATE_MODEL_V1,NCAAB_H1_2_AUSTIN_TRANSFER_V1,48a9d4d204dbc4d1,NCAAB_20251203_SMU_VAN,KXNCAAMBGAME-25DEC03SMUVAN-VAN,H1_2,0,2025-12-04T02:18:18+00:00,1,240,UNRESOLVED,0,CI_UNAVAILABLE,SUPPORT_UNAVAILABLE,UNAVAILABLE,UNAVAILABLE,UNAVAILABLE,UNAVAILABLE,UNAVAILABLE,UNAVAILABLE,UNAVAILABLE,UNAVAILABLE,UNAVAILABLE,84,UNAVAILABLE,0-0,0,UNAVAILABLE,UNAVAILABLE,UNAVAILABLE,1440,UNAVAILABLE,UNAVAILABLE,UNAVAILABLE,UNAVAILABLE,0.30434782608695654,NOT_APPLICABLE
AUSTIN_DRE_PHASE_3,AUSTIN_DOWNFALL_STATE_MODEL_V1,NCAAB_H1_2_AUSTIN_TRANSFER_V1,48a9d4d204dbc4d1,NCAAB_20251203_SMU_VAN,KXNCAAMBGAME-25DEC03SMUVAN-VAN,H1_2,1,2025-12-04T02:18:18+00:00,1,120,UNRESOLVED,0,CI_UNAVAILABLE,SUPPORT_UNAVAILABLE,UNAVAILABLE,UNAVAILABLE,UNAVAILABLE,UNAVAILABLE,UNAVAILABLE,UNAVAILABLE,UNAVAILABLE,UNAVAILABLE,UNAVAILABLE,84,UNAVAILABLE,0-0,0,UNAVAILABLE,UNAVAILABLE,UNAVAILABLE,1320,UNAVAILABLE,UNAVAILABLE,UNAVAILABLE,UNAVAILABLE,0.30434782608695654,NOT_APPLICABLE
AUSTIN_DRE_PHASE_3,AUSTIN_DOWNFALL_STATE_MODEL_V1,NCAAB_H1_2_AUSTIN_TRANSFER_V1,48a9d4d204dbc4d1,NCAAB_20251203_SMU_VAN,KXNCAAMBGAME-25DEC03SMUVAN-VAN,H1_2,2,2025-12-04T03:01:19+00:00,1,0,WATCH_NEGATIVE,1,CI_CROSSES_ZERO,NORMAL_SUPPORT,-1.1921583915937504,-20.0,12.099999999999909,-1.1921583915937504,0.0,UNAVAILABLE,UNAVAILABLE,UNAVAILABLE,UNAVAILABLE,90,4.0,48-38,10,UNAVAILABLE,UNAVAILABLE,358.0,1200,24.836745304706,25.0,1.1792192730039381,1.1334642766265448,0.9855072463768116,VALUE
AUSTIN_DRE_PHASE_3,AUSTIN_DOWNFALL_STATE_MODEL_V1,NCAAB_H1_2_AUSTIN_TRANSFER_V1,48a9d4d204dbc4d1,NCAAB_20251203_SMU_VAN,KXNCAAMBGAME-25DEC03SMUVAN-VAN,H1_2,3,2025-12-04T03:17:06+00:00,2,1200,RECOVERING,0,CI_CROSSES_ZERO,NORMAL_SUPPORT,1.91404405322458,-16.0,16.0,-1.1921583915937504,3.1062024448183303,-1.1921583915937504,3.1062024448183303,UNAVAILABLE,UNAVAILABLE,93,7.0,48-38,10,UNAVAILABLE,UNAVAILABLE,358.0,1200,24.349466263988177,25.0,1.6974949804360406,1.7666770633953865,0.9855072463768116,VALUE
AUSTIN_DRE_PHASE_3,AUSTIN_DOWNFALL_STATE_MODEL_V1,NCAAB_H1_2_AUSTIN_TRANSFER_V1,48a9d4d204dbc4d1,NCAAB_20251203_SMU_VAN,KXNCAAMBGAME-25DEC03SMUVAN-VAN,H1_2,4,2025-12-04T03:17:06+00:00,2,1080,HEALTHY_AFTER_RECOVERY,0,CI_CROSSES_ZERO,NORMAL_SUPPORT,1.91404405322458,-16.0,16.0,-1.1921583915937504,3.1062024448183303,1.91404405322458,0.0,0.0,UNAVAILABLE,93,7.0,48-38,10,UNAVAILABLE,UNAVAILABLE,358.0,1080,24.349466263988177,25.0,1.6974949804360406,1.7666770633953865,0.9855072463768116,VALUE
AUSTIN_DRE_PHASE_3,AUSTIN_DOWNFALL_STATE_MODEL_V1,NCAAB_H1_2_AUSTIN_TRANSFER_V1,48a9d4d204dbc4d1,NCAAB_20251203_SMU_VAN,KXNCAAMBGAME-25DEC03SMUVAN-VAN,H1_2,5,2025-12-04T03:17:06+00:00,2,960,HEALTHY_AFTER_RECOVERY,0,CI_CROSSES_ZERO,NORMAL_SUPPORT,1.91404405322458,-16.0,16.0,-1.1921583915937504,3.1062024448183303,1.91404405322458,0.0,0.0,0.0,93,7.0,48-38,10,UNAVAILABLE,UNAVAILABLE,358.0,960,24.349466263988177,25.0,1.6974949804360406,1.7666770633953865,0.9855072463768116,VALUE
AUSTIN_DRE_PHASE_3,AUSTIN_DOWNFALL_STATE_MODEL_V1,NCAAB_H1_2_AUSTIN_TRANSFER_V1,48a9d4d204dbc4d1,NCAAB_20251203_SMU_VAN,KXNCAAMBGAME-25DEC03SMUVAN-VAN,H1_2,6,2025-12-04T03:17:06+00:00,2,840,HEALTHY_AFTER_RECOVERY,0,CI_CROSSES_ZERO,NORMAL_SUPPORT,1.91404405322458,-16.0,16.0,-1.1921583915937504,3.1062024448183303,1.91404405322458,0.0,0.0,0.0,93,7.0,48-38,10,UNAVAILABLE,UNAVAILABLE,358.0,840,24.349466263988177,25.0,1.6974949804360406,1.7666770633953865,0.9855072463768116,VALUE
AUSTIN_DRE_PHASE_3,AUSTIN_DOWNFALL_STATE_MODEL_V1,NCAAB_H1_2_AUSTIN_TRANSFER_V1,48a9d4d204dbc4d1,NCAAB_20251203_SMU_VAN,KXNCAAMBGAME-25DEC03SMUVAN-VAN,H1_2,7,2025-12-04T03:17:06+00:00,2,720,HEALTHY_AFTER_RECOVERY,0,CI_CROSSES_ZERO,NORMAL_SUPPORT,1.91404405322458,-16.0,16.0,-1.1921583915937504,3.1062024448183303,1.91404405322458,0.0,0.0,0.0,93,7.0,48-38,10,UNAVAILABLE,UNAVAILABLE,358.0,720,24.349466263988177,25.0,1.6974949804360406,1.7666770633953865,0.9855072463768116,VALUE
AUSTIN_DRE_PHASE_3,AUSTIN_DOWNFALL_STATE_MODEL_V1,NCAAB_H1_2_AUSTIN_TRANSFER_V1,48a9d4d204dbc4d1,NCAAB_20251203_SMU_VAN,KXNCAAMBGAME-25DEC03SMUVAN-VAN,H1_2,8,2025-12-04T03:17:06+00:00,2,600,HEALTHY_AFTER_RECOVERY,0,CI_CROSSES_ZERO,NORMAL_SUPPORT,1.91404405322458,-16.0,16.0,-1.1921583915937504,3.1062024448183303,1.91404405322458,0.0,0.0,0.0,93,7.0,48-38,10,UNAVAILABLE,UNAVAILABLE,358.0,600,24.349466263988177,25.0,1.6974949804360406,1.7666770633953865,0.9855072463768116,VALUE
AUSTIN_DRE_PHASE_3,AUSTIN_DOWNFALL_STATE_MODEL_V1,NCAAB_H1_2_AUSTIN_TRANSFER_V1,48a9d4d204dbc4d1,NCAAB_20251203_SMU_VAN,KXNCAAMBGAME-25DEC03SMUVAN-VAN,H1_2,9,2025-12-04T03:17:06+00:00,2,480,HEALTHY_AFTER_RECOVERY,0,CI_CROSSES_ZERO,NORMAL_SUPPORT,1.91404405322458,-16.0,16.0,-1.1921583915937504,3.1062024448183303,1.91404405322458,0.0,0.0,0.0,93,7.0,48-38,10,UNAVAILABLE,UNAVAILABLE,358.0,480,24.349466263988177,25.0,1.6974949804360406,1.7666770633953865,0.9855072463768116,VALUE
AUSTIN_DRE_PHASE_3,AUSTIN_DOWNFALL_STATE_MODEL_V1,NCAAB_H1_2_AUSTIN_TRANSFER_V1,48a9d4d204dbc4d1,NCAAB_20251203_SMU_VAN,KXNCAAMBGAME-25DEC03SMUVAN-VAN,H1_2,10,2025-12-04T03:17:06+00:00,2,360,HEALTHY_AFTER_RECOVERY,0,CI_CROSSES_ZERO,NORMAL_SUPPORT,1.91404405322458,-16.0,16.0,-1.1921583915937504,3.1062024448183303,1.91404405322458,0.0,0.0,0.0,93,7.0,48-38,10,UNAVAILABLE,UNAVAILABLE,358.0,360,24.349466263988177,25.0,1.6974949804360406,1.7666770633953865,0.9855072463768116,VALUE
AUSTIN_DRE_PHASE_3,AUSTIN_DOWNFALL_STATE_MODEL_V1,NCAAB_H1_2_AUSTIN_TRANSFER_V1,48a9d4d204dbc4d1,NCAAB_20251203_SMU_VAN,KXNCAAMBGAME-25DEC03SMUVAN-VAN,H1_2,11,2025-12-04T03:17:06+00:00,2,240,HEALTHY_AFTER_RECOVERY,0,CI_CROSSES_ZERO,NORMAL_SUPPORT,1.91404405322458,-16.0,16.0,-1.1921583915937504,3.1062024448183303,1.91404405322458,0.0,0.0,0.0,93,7.0,48-38,10,UNAVAILABLE,UNAVAILABLE,358.0,240,24.349466263988177,25.0,1.6974949804360406,1.7666770633953865,0.9855072463768116,VALUE
AUSTIN_DRE_PHASE_3,AUSTIN_DOWNFALL_STATE_MODEL_V1,NCAAB_H1_2_AUSTIN_TRANSFER_V1,48a9d4d204dbc4d1,NCAAB_20251203_SMU_VAN,KXNCAAMBGAME-25DEC03SMUVAN-VAN,H1_2,12,2025-12-04T03:17:06+00:00,2,120,HEALTHY_AFTER_RECOVERY,0,CI_CROSSES_ZERO,NORMAL_SUPPORT,1.91404405322458,-16.0,16.0,-1.1921583915937504,3.1062024448183303,1.91404405322458,0.0,0.0,0.0,93,7.0,48-38,10,UNAVAILABLE,UNAVAILABLE,358.0,120,24.349466263988177,25.0,1.6974949804360406,1.7666770633953865,0.9855072463768116,VALUE
AUSTIN_DRE_PHASE_3,AUSTIN_DOWNFALL_STATE_MODEL_V1,NCAAB_H1_2_AUSTIN_TRANSFER_V1,7cbe5ddb11652b03,NCAAB_20251203_MSST_GT,KXNCAAMBGAME-25DEC03MSSTGT-MSST,H1_2,0,2025-12-04T02:21:36+00:00,1,360,UNRESOLVED,0,CI_UNAVAILABLE,SUPPORT_UNAVAILABLE,UNAVAILABLE,UNAVAILABLE,UNAVAILABLE,UNAVAILABLE,UNAVAILABLE,UNAVAILABLE,UNAVAILABLE,UNAVAILABLE,UNAVAILABLE,55,UNAVAILABLE,0-0,0,UNAVAILABLE,UNAVAILABLE,UNAVAILABLE,1560,UNAVAILABLE,UNAVAILABLE,UNAVAILABLE,UNAVAILABLE,0.30434782608695654,NOT_APPLICABLE
AUSTIN_DRE_PHASE_3,AUSTIN_DOWNFALL_STATE_MODEL_V1,NCAAB_H1_2_AUSTIN_TRANSFER_V1,7cbe5ddb11652b03,NCAAB_20251203_MSST_GT,KXNCAAMBGAME-25DEC03MSSTGT-MSST,H1_2,1,2025-12-04T02:21:36+00:00,1,240,UNRESOLVED,0,CI_UNAVAILABLE,SUPPORT_UNAVAILABLE,UNAVAILABLE,UNAVAILABLE,UNAVAILABLE,UNAVAILABLE,UNAVAILABLE,UNAVAILABLE,UNAVAILABLE,UNAVAILABLE,UNAVAILABLE,55,UNAVAILABLE,0-0,0,UNAVAILABLE,UNAVAILABLE,UNAVAILABLE,1440,UNAVAILABLE,UNAVAILABLE,UNAVAILABLE,UNAVAILABLE,0.30434782608695654,NOT_APPLICABLE
AUSTIN_DRE_PHASE_3,AUSTIN_DOWNFALL_STATE_MODEL_V1,NCAAB_H1_2_AUSTIN_TRANSFER_V1,7cbe5ddb11652b03,NCAAB_20251203_MSST_GT,KXNCAAMBGAME-25DEC03MSSTGT-MSST,H1_2,2,2025-12-04T02:21:36+00:00,1,120,UNRESOLVED,0,CI_UNAVAILABLE,SUPPORT_UNAVAILABLE,UNAVAILABLE,UNAVAILABLE,UNAVAILABLE,UNAVAILABLE,UNAVAILABLE,UNAVAILABLE,UNAVAILABLE,UNAVAILABLE,UNAVAILABLE,55,UNAVAILABLE,0-0,0,UNAVAILABLE,UNAVAILABLE,UNAVAILABLE,1320,UNAVAILABLE,UNAVAILABLE,UNAVAILABLE,UNAVAILABLE,0.30434782608695654,NOT_APPLICABLE
AUSTIN_DRE_PHASE_3,AUSTIN_DOWNFALL_STATE_MODEL_V1,NCAAB_H1_2_AUSTIN_TRANSFER_V1,7cbe5ddb11652b03,NCAAB_20251203_MSST_GT,KXNCAAMBGAME-25DEC03MSSTGT-MSST,H1_2,3,2025-12-04T03:11:37+00:00,1,0,HEALTHY,0,CI_POSITIVE,NORMAL_SUPPORT,19.999999999999996,20.0,20.0,19.999999999999996,0.0,UNAVAILABLE,UNAVAILABLE,UNAVAILABLE,UNAVAILABLE,85,5.0,28-37,-9,UNAVAILABLE,UNAVAILABLE,435.0,1200,24.976247975777998,25.0,0.4621463647249795,0.45622425553603546,0.9855072463768116,VALUE
AUSTIN_DRE_PHASE_3,AUSTIN_DOWNFALL_STATE_MODEL_V1,NCAAB_H1_2_AUSTIN_TRANSFER_V1,7cbe5ddb11652b03,NCAAB_20251203_MSST_GT,KXNCAAMBGAME-25DEC03MSSTGT-MSST,H1_2,4,2025-12-04T03:27:47+00:00,2,1200,HEALTHY,0,CI_POSITIVE,NORMAL_SUPPORT,15.994914748894878,8.0,20.0,19.999999999999996,-4.005085251105118,19.999999999999996,-4.005085251105118,UNAVAILABLE,UNAVAILABLE,81,1.0,28-37,-9,UNAVAILABLE,UNAVAILABLE,435.0,1200,24.996306213329966,25.0,1.1078212913121117,1.1079960831812126,0.9855072463768116,VALUE
AUSTIN_DRE_PHASE_3,AUSTIN_DOWNFALL_STATE_MODEL_V1,NCAAB_H1_2_AUSTIN_TRANSFER_V1,7cbe5ddb11652b03,NCAAB_20251203_MSST_GT,KXNCAAMBGAME-25DEC03MSSTGT-MSST,H1_2,5,2025-12-04T03:27:47+00:00,2,1080,HEALTHY,0,CI_POSITIVE,NORMAL_SUPPORT,15.994914748894878,8.0,20.0,19.999999999999996,-4.005085251105118,15.994914748894878,0.0,0.0,UNAVAILABLE,81,1.0,28-37,-9,UNAVAILABLE,UNAVAILABLE,435.0,1080,24.996306213329966,25.0,1.1078212913121117,1.1079960831812126,0.9855072463768116,VALUE
AUSTIN_DRE_PHASE_3,AUSTIN_DOWNFALL_STATE_MODEL_V1,NCAAB_H1_2_AUSTIN_TRANSFER_V1,7cbe5ddb11652b03,NCAAB_20251203_MSST_GT,KXNCAAMBGAME-25DEC03MSSTGT-MSST,H1_2,6,2025-12-04T03:27:47+00:00,2,960,HEALTHY,0,CI_POSITIVE,NORMAL_SUPPORT,15.994914748894878,8.0,20.0,19.999999999999996,-4.005085251105118,15.994914748894878,0.0,0.0,0.0,81,1.0,28-37,-9,UNAVAILABLE,UNAVAILABLE,435.0,960,24.996306213329966,25.0,1.1078212913121117,1.1079960831812126,0.9855072463768116,VALUE
AUSTIN_DRE_PHASE_3,AUSTIN_DOWNFALL_STATE_MODEL_V1,NCAAB_H1_2_AUSTIN_TRANSFER_V1,7cbe5ddb11652b03,NCAAB_20251203_MSST_GT,KXNCAAMBGAME-25DEC03MSSTGT-MSST,H1_2,7,2025-12-04T03:27:47+00:00,2,840,HEALTHY,0,CI_POSITIVE,NORMAL_SUPPORT,15.994914748894878,8.0,20.0,19.999999999999996,-4.005085251105118,15.994914748894878,0.0,0.0,0.0,81,1.0,28-37,-9,UNAVAILABLE,UNAVAILABLE,435.0,840,24.996306213329966,25.0,1.1078212913121117,1.1079960831812126,0.9855072463768116,VALUE
AUSTIN_DRE_PHASE_3,AUSTIN_DOWNFALL_STATE_MODEL_V1,NCAAB_H1_2_AUSTIN_TRANSFER_V1,7cbe5ddb11652b03,NCAAB_20251203_MSST_GT,KXNCAAMBGAME-25DEC03MSSTGT-MSST,H1_2,8,2025-12-04T03:27:47+00:00,2,720,HEALTHY,0,CI_POSITIVE,NORMAL_SUPPORT,15.994914748894878,8.0,20.0,19.999999999999996,-4.005085251105118,15.994914748894878,0.0,0.0,0.0,81,1.0,28-37,-9,UNAVAILABLE,UNAVAILABLE,435.0,720,24.996306213329966,25.0,1.1078212913121117,1.1079960831812126,0.9855072463768116,VALUE
AUSTIN_DRE_PHASE_3,AUSTIN_DOWNFALL_STATE_MODEL_V1,NCAAB_H1_2_AUSTIN_TRANSFER_V1,7cbe5ddb11652b03,NCAAB_20251203_MSST_GT,KXNCAAMBGAME-25DEC03MSSTGT-MSST,H1_2,9,2025-12-04T03:27:47+00:00,2,600,HEALTHY,0,CI_POSITIVE,NORMAL_SUPPORT,15.994914748894878,8.0,20.0,19.999999999999996,-4.005085251105118,15.994914748894878,0.0,0.0,0.0,81,1.0,28-37,-9,UNAVAILABLE,UNAVAILABLE,435.0,600,24.996306213329966,25.0,1.1078212913121117,1.1079960831812126,0.9855072463768116,VALUE
AUSTIN_DRE_PHASE_3,AUSTIN_DOWNFALL_STATE_MODEL_V1,NCAAB_H1_2_AUSTIN_TRANSFER_V1,7cbe5ddb11652b03,NCAAB_20251203_MSST_GT,KXNCAAMBGAME-25DEC03MSSTGT-MSST,H1_2,10,2025-12-04T03:27:47+00:00,2,480,HEALTHY,0,CI_POSITIVE,NORMAL_SUPPORT,15.994914748894878,8.0,20.0,19.999999999999996,-4.005085251105118,15.994914748894878,0.0,0.0,0.0,81,1.0,28-37,-9,UNAVAILABLE,UNAVAILABLE,435.0,480,24.996306213329966,25.0,1.1078212913121117,1.1079960831812126,0.9855072463768116,VALUE
AUSTIN_DRE_PHASE_3,AUSTIN_DOWNFALL_STATE_MODEL_V1,NCAAB_H1_2_AUSTIN_TRANSFER_V1,7cbe5ddb11652b03,NCAAB_20251203_MSST_GT,KXNCAAMBGAME-25DEC03MSSTGT-MSST,H1_2,11,2025-12-04T04:08:46+00:00,2,360,HEALTHY,0,CI_POSITIVE,NORMAL_SUPPORT,16.688508332795212,8.0,20.0,19.999999999999996,-3.311491667204784,15.994914748894878,0.6935935839003342,0.3467967919501671,0.17339839597508355,99,19.0,56-70,-14,UNAVAILABLE,UNAVAILABLE,1275.0,360,23.685194378053517,25.0,0.4512920785290478,0.4822415619200771,1.0,VALUE
AUSTIN_DRE_PHASE_3,AUSTIN_DOWNFALL_STATE_MODEL_V1,NCAAB_H1_2_AUSTIN_TRANSFER_V1,7cbe5ddb11652b03,NCAAB_20251203_MSST_GT,KXNCAAMBGAME-25DEC03MSSTGT-MSST,H1_2,12,2025-12-04T03:27:47+00:00,2,240,HEALTHY,0,CI_POSITIVE,NORMAL_SUPPORT,15.994914748894878,8.0,20.0,19.999999999999996,-4.005085251105118,16.688508332795212,-0.6935935839003342,-0.3467967919501671,-0.3467967919501671,81,1.0,28-37,-9,UNAVAILABLE,UNAVAILABLE,435.0,240,24.996306213329966,25.0,1.1078212913121117,1.1079960831812126,0.9855072463768116,VALUE
AUSTIN_DRE_PHASE_3,AUSTIN_DOWNFALL_STATE_MODEL_V1,NCAAB_H1_2_AUSTIN_TRANSFER_V1,7cbe5ddb11652b03,NCAAB_20251203_MSST_GT,KXNCAAMBGAME-25DEC03MSSTGT-MSST,H1_2,13,2025-12-04T03:27:47+00:00,2,120,HEALTHY,0,CI_POSITIVE,NORMAL_SUPPORT,15.994914748894878,8.0,20.0,19.999999999999996,-4.005085251105118,15.994914748894878,0.0,0.0,0.17339839597508355,81,1.0,28-37,-9,UNAVAILABLE,UNAVAILABLE,435.0,120,24.996306213329966,25.0,1.1078212913121117,1.1079960831812126,0.9855072463768116,VALUE
AUSTIN_DRE_PHASE_3,AUSTIN_DOWNFALL_STATE_MODEL_V1,NCAAB_H1_2_AUSTIN_TRANSFER_V1,7cbe5ddb11652b03,NCAAB_20251203_MSST_GT,KXNCAAMBGAME-25DEC03MSSTGT-MSST,H1_2,14,2025-12-04T04:26:28+00:00,2,0,HEALTHY,0,CI_POSITIVE,NORMAL_SUPPORT,20.000000000000004,20.0,20.0,19.999999999999996,7.105427357601002e-15,15.994914748894878,4.005085251105125,2.0025426255525627,1.0012713127762813,99,19.0,73-85,-12,UNAVAILABLE,UNAVAILABLE,1635.0,0,24.679588594291804,25.0,0.6491259829765232,0.6466352696835594,1.0,VALUE
AUSTIN_DRE_PHASE_3,AUSTIN_DOWNFALL_STATE_MODEL_V1,NCAAB_H1_2_AUSTIN_TRANSFER_V1,4fa2728f8fa8aadb,NCAAB_20251203_UVA_TEX,KXNCAAMBGAME-25DEC03UVATEX-UVA,H1_2,0,2025-12-04T02:25:16+00:00,1,360,UNRESOLVED,0,CI_UNAVAILABLE,SUPPORT_UNAVAILABLE,UNAVAILABLE,UNAVAILABLE,UNAVAILABLE,UNAVAILABLE,UNAVAILABLE,UNAVAILABLE,UNAVAILABLE,UNAVAILABLE,UNAVAILABLE,40,UNAVAILABLE,0-0,0,UNAVAILABLE,UNAVAILABLE,UNAVAILABLE,1560,UNAVAILABLE,UNAVAILABLE,UNAVAILABLE,UNAVAILABLE,0.30434782608695654,NOT_APPLICABLE
AUSTIN_DRE_PHASE_3,AUSTIN_DOWNFALL_STATE_MODEL_V1,NCAAB_H1_2_AUSTIN_TRANSFER_V1,4fa2728f8fa8aadb,NCAAB_20251203_UVA_TEX,KXNCAAMBGAME-25DEC03UVATEX-UVA,H1_2,1,2025-12-04T03:06:07+00:00,1,240,HEALTHY,0,CI_POSITIVE,NORMAL_SUPPORT,19.999999999999996,20.0,20.0,19.999999999999996,0.0,UNAVAILABLE,UNAVAILABLE,UNAVAILABLE,UNAVAILABLE,81,-1.0,21-34,-13,UNAVAILABLE,UNAVAILABLE,140.0,1440,24.6767824707141,25.0,0.7729656870954106,0.7803155918894475,0.9565217391304348,VALUE
AUSTIN_DRE_PHASE_3,AUSTIN_DOWNFALL_STATE_MODEL_V1,NCAAB_H1_2_AUSTIN_TRANSFER_V1,4fa2728f8fa8aadb,NCAAB_20251203_UVA_TEX,KXNCAAMBGAME-25DEC03UVATEX-UVA,H1_2,2,2025-12-04T02:25:16+00:00,1,120,UNRESOLVED,0,CI_UNAVAILABLE,SUPPORT_UNAVAILABLE,UNAVAILABLE,UNAVAILABLE,UNAVAILABLE,19.999999999999996,UNAVAILABLE,UNAVAILABLE,UNAVAILABLE,UNAVAILABLE,UNAVAILABLE,40,UNAVAILABLE,0-0,0,UNAVAILABLE,UNAVAILABLE,UNAVAILABLE,1320,UNAVAILABLE,UNAVAILABLE,UNAVAILABLE,UNAVAILABLE,0.30434782608695654,NOT_APPLICABLE
AUSTIN_DRE_PHASE_3,AUSTIN_DOWNFALL_STATE_MODEL_V1,NCAAB_H1_2_AUSTIN_TRANSFER_V1,4fa2728f8fa8aadb,NCAAB_20251203_UVA_TEX,KXNCAAMBGAME-25DEC03UVATEX-UVA,H1_2,3,2025-12-04T03:12:18+00:00,1,0,HEALTHY,0,CI_POSITIVE,NORMAL_SUPPORT,16.15483602060588,8.0,20.0,19.999999999999996,-3.8451639793941155,19.999999999999996,-3.8451639793941155,-0.9612909948485289,UNAVAILABLE,93,11.0,27-46,-19,UNAVAILABLE,UNAVAILABLE,380.0,1200,24.964203171503762,25.0,0.9018142955076374,0.9220599396208294,0.9855072463768116,VALUE
AUSTIN_DRE_PHASE_3,AUSTIN_DOWNFALL_STATE_MODEL_V1,NCAAB_H1_2_AUSTIN_TRANSFER_V1,4fa2728f8fa8aadb,NCAAB_20251203_UVA_TEX,KXNCAAMBGAME-25DEC03UVATEX-UVA,H1_2,4,2025-12-04T03:28:09+00:00,2,1200,HEALTHY,0,CI_CROSSES_ZERO,NORMAL_SUPPORT,12.073657479105503,0.0,20.0,19.999999999999996,-7.926342520894494,16.15483602060588,-4.081178541500378,UNAVAILABLE,UNAVAILABLE,95,13.0,27-46,-19,UNAVAILABLE,UNAVAILABLE,380.0,1200,24.9985730792888,25.0,1.434786412802561,1.4290673323781287,0.9855072463768116,VALUE
AUSTIN_DRE_PHASE_3,AUSTIN_DOWNFALL_STATE_MODEL_V1,NCAAB_H1_2_AUSTIN_TRANSFER_V1,4fa2728f8fa8aadb,NCAAB_20251203_UVA_TEX,KXNCAAMBGAME-25DEC03UVATEX-UVA,H1_2,5,2025-12-04T03:28:09+00:00,2,1080,HEALTHY,0,CI_CROSSES_ZERO,NORMAL_SUPPORT,12.073657479105503,0.0,20.0,19.999999999999996,-7.926342520894494,12.073657479105503,0.0,0.0,UNAVAILABLE,95,13.0,27-46,-19,UNAVAILABLE,UNAVAILABLE,380.0,1080,24.9985730792888,25.0,1.434786412802561,1.4290673323781287,0.9855072463768116,VALUE
AUSTIN_DRE_PHASE_3,AUSTIN_DOWNFALL_STATE_MODEL_V1,NCAAB_H1_2_AUSTIN_TRANSFER_V1,4fa2728f8fa8aadb,NCAAB_20251203_UVA_TEX,KXNCAAMBGAME-25DEC03UVATEX-UVA,H1_2,6,2025-12-04T03:28:09+00:00,2,960,HEALTHY,0,CI_CROSSES_ZERO,NORMAL_SUPPORT,12.073657479105503,0.0,20.0,19.999999999999996,-7.926342520894494,12.073657479105503,0.0,0.0,0.0,95,13.0,27-46,-19,UNAVAILABLE,UNAVAILABLE,380.0,960,24.9985730792888,25.0,1.434786412802561,1.4290673323781287,0.9855072463768116,VALUE
AUSTIN_DRE_PHASE_3,AUSTIN_DOWNFALL_STATE_MODEL_V1,NCAAB_H1_2_AUSTIN_TRANSFER_V1,4fa2728f8fa8aadb,NCAAB_20251203_UVA_TEX,KXNCAAMBGAME-25DEC03UVATEX-UVA,H1_2,7,2025-12-04T03:28:09+00:00,2,840,HEALTHY,0,CI_CROSSES_ZERO,NORMAL_SUPPORT,12.073657479105503,0.0,20.0,19.999999999999996,-7.926342520894494,12.073657479105503,0.0,0.0,0.0,95,13.0,27-46,-19,UNAVAILABLE,UNAVAILABLE,380.0,840,24.9985730792888,25.0,1.434786412802561,1.4290673323781287,0.9855072463768116,VALUE
AUSTIN_DRE_PHASE_3,AUSTIN_DOWNFALL_STATE_MODEL_V1,NCAAB_H1_2_AUSTIN_TRANSFER_V1,4fa2728f8fa8aadb,NCAAB_20251203_UVA_TEX,KXNCAAMBGAME-25DEC03UVATEX-UVA,H1_2,8,2025-12-04T03:28:09+00:00,2,720,HEALTHY,0,CI_CROSSES_ZERO,NORMAL_SUPPORT,12.073657479105503,0.0,20.0,19.999999999999996,-7.926342520894494,12.073657479105503,0.0,0.0,0.0,95,13.0,27-46,-19,UNAVAILABLE,UNAVAILABLE,380.0,720,24.9985730792888,25.0,1.434786412802561,1.4290673323781287,0.9855072463768116,VALUE
AUSTIN_DRE_PHASE_3,AUSTIN_DOWNFALL_STATE_MODEL_V1,NCAAB_H1_2_AUSTIN_TRANSFER_V1,4fa2728f8fa8aadb,NCAAB_20251203_UVA_TEX,KXNCAAMBGAME-25DEC03UVATEX-UVA,H1_2,9,2025-12-04T03:28:09+00:00,2,600,HEALTHY,0,CI_CROSSES_ZERO,NORMAL_SUPPORT,12.073657479105503,0.0,20.0,19.999999999999996,-7.926342520894494,12.073657479105503,0.0,0.0,0.0,95,13.0,27-46,-19,UNAVAILABLE,UNAVAILABLE,380.0,600,24.9985730792888,25.0,1.434786412802561,1.4290673323781287,0.9855072463768116,VALUE
AUSTIN_DRE_PHASE_3,AUSTIN_DOWNFALL_STATE_MODEL_V1,NCAAB_H1_2_AUSTIN_TRANSFER_V1,4fa2728f8fa8aadb,NCAAB_20251203_UVA_TEX,KXNCAAMBGAME-25DEC03UVATEX-UVA,H1_2,10,2025-12-04T03:28:09+00:00,2,480,HEALTHY,0,CI_CROSSES_ZERO,NORMAL_SUPPORT,12.073657479105503,0.0,20.0,19.999999999999996,-7.926342520894494,12.073657479105503,0.0,0.0,0.0,95,13.0,27-46,-19,UNAVAILABLE,UNAVAILABLE,380.0,480,24.9985730792888,25.0,1.434786412802561,1.4290673323781287,0.9855072463768116,VALUE
AUSTIN_DRE_PHASE_3,AUSTIN_DOWNFALL_STATE_MODEL_V1,NCAAB_H1_2_AUSTIN_TRANSFER_V1,4fa2728f8fa8aadb,NCAAB_20251203_UVA_TEX,KXNCAAMBGAME-25DEC03UVATEX-UVA,H1_2,11,2025-12-04T03:28:09+00:00,2,360,HEALTHY,0,CI_CROSSES_ZERO,NORMAL_SUPPORT,12.073657479105503,0.0,20.0,19.999999999999996,-7.926342520894494,12.073657479105503,0.0,0.0,0.0,95,13.0,27-46,-19,UNAVAILABLE,UNAVAILABLE,380.0,360,24.9985730792888,25.0,1.434786412802561,1.4290673323781287,0.9855072463768116,VALUE
AUSTIN_DRE_PHASE_3,AUSTIN_DOWNFALL_STATE_MODEL_V1,NCAAB_H1_2_AUSTIN_TRANSFER_V1,4fa2728f8fa8aadb,NCAAB_20251203_UVA_TEX,KXNCAAMBGAME-25DEC03UVATEX-UVA,H1_2,12,2025-12-04T03:28:09+00:00,2,240,HEALTHY,0,CI_CROSSES_ZERO,NORMAL_SUPPORT,12.073657479105503,0.0,20.0,19.999999999999996,-7.926342520894494,12.073657479105503,0.0,0.0,0.0,95,13.0,27-46,-19,UNAVAILABLE,UNAVAILABLE,380.0,240,24.9985730792888,25.0,1.434786412802561,1.4290673323781287,0.9855072463768116,VALUE
AUSTIN_DRE_PHASE_3,AUSTIN_DOWNFALL_STATE_MODEL_V1,NCAAB_H1_2_AUSTIN_TRANSFER_V1,4fa2728f8fa8aadb,NCAAB_20251203_UVA_TEX,KXNCAAMBGAME-25DEC03UVATEX-UVA,H1_2,13,2025-12-04T03:28:09+00:00,2,120,HEALTHY,0,CI_CROSSES_ZERO,NORMAL_SUPPORT,12.073657479105503,0.0,20.0,19.999999999999996,-7.926342520894494,12.073657479105503,0.0,0.0,0.0,95,13.0,27-46,-19,UNAVAILABLE,UNAVAILABLE,380.0,120,24.9985730792888,25.0,1.434786412802561,1.4290673323781287,0.9855072463768116,VALUE
AUSTIN_DRE_PHASE_3,AUSTIN_DOWNFALL_STATE_MODEL_V1,NCAAB_H1_2_AUSTIN_TRANSFER_V1,b8c2e88f06df43e3,NCAAB_20251206_OKLA_ASU,KXNCAAMBGAME-25DEC06OKLAASU-ASU,H1_2,0,2025-12-07T04:06:13+00:00,1,0,WATCH_NEGATIVE,1,CI_NEGATIVE,NORMAL_SUPPORT,-27.397860571987792,-48.0,-8.0,-27.397860571987792,0.0,UNAVAILABLE,UNAVAILABLE,UNAVAILABLE,UNAVAILABLE,93,11.0,47-28,19,UNAVAILABLE,UNAVAILABLE,0.0,1200,24.991833304967894,25.0,1.0330622104785092,1.045671558324484,0.7681159420289855,VALUE
AUSTIN_DRE_PHASE_3,AUSTIN_DOWNFALL_STATE_MODEL_V1,NCAAB_H1_2_AUSTIN_TRANSFER_V1,b8c2e88f06df43e3,NCAAB_20251206_OKLA_ASU,KXNCAAMBGAME-25DEC06OKLAASU-ASU,H1_2,1,2025-12-07T04:24:08+00:00,2,1200,PERSISTENCE_2,2,CI_CROSSES_ZERO,NORMAL_SUPPORT,-9.348187642080289,-28.0,8.0,-27.397860571987792,18.0496729299075,-27.397860571987792,18.0496729299075,UNAVAILABLE,UNAVAILABLE,91,9.0,47-28,19,UNAVAILABLE,UNAVAILABLE,0.0,1200,24.942134011421086,25.0,1.6520976442612152,1.6851529275254116,0.7681159420289855,VALUE
AUSTIN_DRE_PHASE_3,AUSTIN_DOWNFALL_STATE_MODEL_V1,NCAAB_H1_2_AUSTIN_TRANSFER_V1,b8c2e88f06df43e3,NCAAB_20251206_OKLA_ASU,KXNCAAMBGAME-25DEC06OKLAASU-ASU,H1_2,2,2025-12-07T04:24:08+00:00,2,1080,PERSISTENCE_3PLUS,3,CI_CROSSES_ZERO,NORMAL_SUPPORT,-9.348187642080289,-28.0,8.0,-27.397860571987792,18.0496729299075,-9.348187642080289,0.0,0.0,UNAVAILABLE,91,9.0,47-28,19,UNAVAILABLE,UNAVAILABLE,0.0,1080,24.942134011421086,25.0,1.6520976442612152,1.6851529275254116,0.7681159420289855,VALUE
AUSTIN_DRE_PHASE_3,AUSTIN_DOWNFALL_STATE_MODEL_V1,NCAAB_H1_2_AUSTIN_TRANSFER_V1,b8c2e88f06df43e3,NCAAB_20251206_OKLA_ASU,KXNCAAMBGAME-25DEC06OKLAASU-ASU,H1_2,3,2025-12-07T04:24:08+00:00,2,960,PERSISTENCE_3PLUS,4,CI_CROSSES_ZERO,NORMAL_SUPPORT,-9.348187642080289,-28.0,8.0,-27.397860571987792,18.0496729299075,-9.348187642080289,0.0,0.0,0.0,91,9.0,47-28,19,UNAVAILABLE,UNAVAILABLE,0.0,960,24.942134011421086,25.0,1.6520976442612152,1.6851529275254116,0.7681159420289855,VALUE
AUSTIN_DRE_PHASE_3,AUSTIN_DOWNFALL_STATE_MODEL_V1,NCAAB_H1_2_AUSTIN_TRANSFER_V1,b8c2e88f06df43e3,NCAAB_20251206_OKLA_ASU,KXNCAAMBGAME-25DEC06OKLAASU-ASU,H1_2,4,2025-12-07T04:24:08+00:00,2,840,PERSISTENCE_3PLUS,5,CI_CROSSES_ZERO,NORMAL_SUPPORT,-9.348187642080289,-28.0,8.0,-27.397860571987792,18.0496729299075,-9.348187642080289,0.0,0.0,0.0,91,9.0,47-28,19,UNAVAILABLE,UNAVAILABLE,0.0,840,24.942134011421086,25.0,1.6520976442612152,1.6851529275254116,0.7681159420289855,VALUE
AUSTIN_DRE_PHASE_3,AUSTIN_DOWNFALL_STATE_MODEL_V1,NCAAB_H1_2_AUSTIN_TRANSFER_V1,b8c2e88f06df43e3,NCAAB_20251206_OKLA_ASU,KXNCAAMBGAME-25DEC06OKLAASU-ASU,H1_2,5,2025-12-07T04:24:08+00:00,2,720,PERSISTENCE_3PLUS,6,CI_CROSSES_ZERO,NORMAL_SUPPORT,-9.348187642080289,-28.0,8.0,-27.397860571987792,18.0496729299075,-9.348187642080289,0.0,0.0,0.0,91,9.0,47-28,19,UNAVAILABLE,UNAVAILABLE,0.0,720,24.942134011421086,25.0,1.6520976442612152,1.6851529275254116,0.7681159420289855,VALUE
AUSTIN_DRE_PHASE_3,AUSTIN_DOWNFALL_STATE_MODEL_V1,NCAAB_H1_2_AUSTIN_TRANSFER_V1,b8c2e88f06df43e3,NCAAB_20251206_OKLA_ASU,KXNCAAMBGAME-25DEC06OKLAASU-ASU,H1_2,6,2025-12-07T04:24:08+00:00,2,600,PERSISTENCE_3PLUS,7,CI_CROSSES_ZERO,NORMAL_SUPPORT,-9.348187642080289,-28.0,8.0,-27.397860571987792,18.0496729299075,-9.348187642080289,0.0,0.0,0.0,91,9.0,47-28,19,UNAVAILABLE,UNAVAILABLE,0.0,600,24.942134011421086,25.0,1.6520976442612152,1.6851529275254116,0.7681159420289855,VALUE
AUSTIN_DRE_PHASE_3,AUSTIN_DOWNFALL_STATE_MODEL_V1,NCAAB_H1_2_AUSTIN_TRANSFER_V1,b8c2e88f06df43e3,NCAAB_20251206_OKLA_ASU,KXNCAAMBGAME-25DEC06OKLAASU-ASU,H1_2,7,2025-12-07T04:59:30+00:00,2,480,PERSISTENCE_3PLUS,8,CI_CROSSES_ZERO,NORMAL_SUPPORT,-6.295896277559841,-24.0,12.0,-27.397860571987792,21.10196429442795,-9.348187642080289,3.052291364520448,1.526145682260224,0.763072841130112,99,17.0,70-55,15,UNAVAILABLE,UNAVAILABLE,720.0,480,24.03014685262997,25.0,0.6557758660685598,0.7245911051410799,1.0,VALUE
AUSTIN_DRE_PHASE_3,AUSTIN_DOWNFALL_STATE_MODEL_V1,NCAAB_H1_2_AUSTIN_TRANSFER_V1,b8c2e88f06df43e3,NCAAB_20251206_OKLA_ASU,KXNCAAMBGAME-25DEC06OKLAASU-ASU,H1_2,8,2025-12-07T04:24:08+00:00,2,360,PERSISTENCE_3PLUS,9,CI_CROSSES_ZERO,NORMAL_SUPPORT,-9.348187642080289,-28.0,8.0,-27.397860571987792,18.0496729299075,-6.295896277559841,-3.052291364520448,-1.526145682260224,-1.526145682260224,91,9.0,47-28,19,UNAVAILABLE,UNAVAILABLE,0.0,360,24.942134011421086,25.0,1.6520976442612152,1.6851529275254116,0.7681159420289855,VALUE
AUSTIN_DRE_PHASE_3,AUSTIN_DOWNFALL_STATE_MODEL_V1,NCAAB_H1_2_AUSTIN_TRANSFER_V1,b8c2e88f06df43e3,NCAAB_20251206_OKLA_ASU,KXNCAAMBGAME-25DEC06OKLAASU-ASU,H1_2,9,2025-12-07T04:24:08+00:00,2,240,PERSISTENCE_3PLUS,10,CI_CROSSES_ZERO,NORMAL_SUPPORT,-9.348187642080289,-28.0,8.0,-27.397860571987792,18.0496729299075,-9.348187642080289,0.0,0.0,0.763072841130112,91,9.0,47-28,19,UNAVAILABLE,UNAVAILABLE,0.0,240,24.942134011421086,25.0,1.6520976442612152,1.6851529275254116,0.7681159420289855,VALUE
AUSTIN_DRE_PHASE_3,AUSTIN_DOWNFALL_STATE_MODEL_V1,NCAAB_H1_2_AUSTIN_TRANSFER_V1,b8c2e88f06df43e3,NCAAB_20251206_OKLA_ASU,KXNCAAMBGAME-25DEC06OKLAASU-ASU,H1_2,10,2025-12-07T04:24:08+00:00,2,120,PERSISTENCE_3PLUS,11,CI_CROSSES_ZERO,NORMAL_SUPPORT,-9.348187642080289,-28.0,8.0,-27.397860571987792,18.0496729299075,-9.348187642080289,0.0,0.0,0.0,91,9.0,47-28,19,UNAVAILABLE,UNAVAILABLE,0.0,120,24.942134011421086,25.0,1.6520976442612152,1.6851529275254116,0.7681159420289855,VALUE
AUSTIN_DRE_PHASE_3,AUSTIN_DOWNFALL_STATE_MODEL_V1,NCAAB_H1_2_AUSTIN_TRANSFER_V1,11eaf91f973232d2,NCAAB_20251207_SMU_TXAM,KXNCAAMBGAME-25DEC07SMUTXAM-SMU,H1_2,0,2025-12-07T22:10:15+00:00,1,120,UNRESOLVED,0,CI_UNAVAILABLE,SUPPORT_UNAVAILABLE,UNAVAILABLE,UNAVAILABLE,UNAVAILABLE,UNAVAILABLE,UNAVAILABLE,UNAVAILABLE,UNAVAILABLE,UNAVAILABLE,UNAVAILABLE,47,UNAVAILABLE,0-0,0,UNAVAILABLE,UNAVAILABLE,UNAVAILABLE,1320,UNAVAILABLE,UNAVAILABLE,UNAVAILABLE,UNAVAILABLE,0.30434782608695654,NOT_APPLICABLE
AUSTIN_DRE_PHASE_3,AUSTIN_DOWNFALL_STATE_MODEL_V1,NCAAB_H1_2_AUSTIN_TRANSFER_V1,11eaf91f973232d2,NCAAB_20251207_SMU_TXAM,KXNCAAMBGAME-25DEC07SMUTXAM-SMU,H1_2,1,2025-12-07T23:00:51+00:00,1,0,HEALTHY,0,CI_CROSSES_ZERO,NORMAL_SUPPORT,12.30560398100444,0.0,20.0,12.30560398100444,0.0,UNAVAILABLE,UNAVAILABLE,UNAVAILABLE,UNAVAILABLE,86,6.0,41-27,14,UNAVAILABLE,UNAVAILABLE,136.0,1200,24.979875130593463,25.0,1.9043202890356752,1.9068308475490028,0.9565217391304348,VALUE
AUSTIN_DRE_PHASE_3,AUSTIN_DOWNFALL_STATE_MODEL_V1,NCAAB_H1_2_AUSTIN_TRANSFER_V1,11eaf91f973232d2,NCAAB_20251207_SMU_TXAM,KXNCAAMBGAME-25DEC07SMUTXAM-SMU,H1_2,2,2025-12-07T23:16:46+00:00,2,1200,HEALTHY,0,CI_CROSSES_ZERO,NORMAL_SUPPORT,11.913419254903149,0.0,20.0,12.30560398100444,-0.3921847261012914,12.30560398100444,-0.3921847261012914,UNAVAILABLE,UNAVAILABLE,87,7.0,41-27,14,UNAVAILABLE,UNAVAILABLE,136.0,1200,24.98214293170256,25.0,2.416437846321516,2.449526231275193,0.9565217391304348,VALUE
AUSTIN_DRE_PHASE_3,AUSTIN_DOWNFALL_STATE_MODEL_V1,NCAAB_H1_2_AUSTIN_TRANSFER_V1,11eaf91f973232d2,NCAAB_20251207_SMU_TXAM,KXNCAAMBGAME-25DEC07SMUTXAM-SMU,H1_2,3,2025-12-07T23:16:46+00:00,2,1080,HEALTHY,0,CI_CROSSES_ZERO,NORMAL_SUPPORT,11.913419254903149,0.0,20.0,12.30560398100444,-0.3921847261012914,11.913419254903149,0.0,0.0,UNAVAILABLE,87,7.0,41-27,14,UNAVAILABLE,UNAVAILABLE,136.0,1080,24.98214293170256,25.0,2.416437846321516,2.449526231275193,0.9565217391304348,VALUE
AUSTIN_DRE_PHASE_3,AUSTIN_DOWNFALL_STATE_MODEL_V1,NCAAB_H1_2_AUSTIN_TRANSFER_V1,11eaf91f973232d2,NCAAB_20251207_SMU_TXAM,KXNCAAMBGAME-25DEC07SMUTXAM-SMU,H1_2,4,2025-12-07T23:24:09+00:00,2,960,HEALTHY,0,CI_POSITIVE,NORMAL_SUPPORT,20.0,20.0,20.0,12.30560398100444,7.69439601899556,11.913419254903149,8.086580745096851,4.043290372548426,2.021645186274213,90,10.0,49-34,15,UNAVAILABLE,UNAVAILABLE,376.0,960,24.96099011224212,25.0,2.182357247836526,2.214861832827914,0.9855072463768116,VALUE
AUSTIN_DRE_PHASE_3,AUSTIN_DOWNFALL_STATE_MODEL_V1,NCAAB_H1_2_AUSTIN_TRANSFER_V1,11eaf91f973232d2,NCAAB_20251207_SMU_TXAM,KXNCAAMBGAME-25DEC07SMUTXAM-SMU,H1_2,5,2025-12-07T23:16:46+00:00,2,840,HEALTHY,0,CI_CROSSES_ZERO,NORMAL_SUPPORT,11.913419254903149,0.0,20.0,12.30560398100444,-0.3921847261012914,20.0,-8.086580745096851,-4.043290372548426,-4.043290372548426,87,7.0,41-27,14,UNAVAILABLE,UNAVAILABLE,136.0,840,24.98214293170256,25.0,2.416437846321516,2.449526231275193,0.9565217391304348,VALUE
AUSTIN_DRE_PHASE_3,AUSTIN_DOWNFALL_STATE_MODEL_V1,NCAAB_H1_2_AUSTIN_TRANSFER_V1,11eaf91f973232d2,NCAAB_20251207_SMU_TXAM,KXNCAAMBGAME-25DEC07SMUTXAM-SMU,H1_2,6,2025-12-07T23:16:46+00:00,2,720,HEALTHY,0,CI_CROSSES_ZERO,NORMAL_SUPPORT,11.913419254903149,0.0,20.0,12.30560398100444,-0.3921847261012914,11.913419254903149,0.0,0.0,2.021645186274213,87,7.0,41-27,14,UNAVAILABLE,UNAVAILABLE,136.0,720,24.98214293170256,25.0,2.416437846321516,2.449526231275193,0.9565217391304348,VALUE
AUSTIN_DRE_PHASE_3,AUSTIN_DOWNFALL_STATE_MODEL_V1,NCAAB_H1_2_AUSTIN_TRANSFER_V1,11eaf91f973232d2,NCAAB_20251207_SMU_TXAM,KXNCAAMBGAME-25DEC07SMUTXAM-SMU,H1_2,7,2025-12-07T23:16:46+00:00,2,600,HEALTHY,0,CI_CROSSES_ZERO,NORMAL_SUPPORT,11.913419254903149,0.0,20.0,12.30560398100444,-0.3921847261012914,11.913419254903149,0.0,0.0,0.0,87,7.0,41-27,14,UNAVAILABLE,UNAVAILABLE,136.0,600,24.98214293170256,25.0,2.416437846321516,2.449526231275193,0.9565217391304348,VALUE
AUSTIN_DRE_PHASE_3,AUSTIN_DOWNFALL_STATE_MODEL_V1,NCAAB_H1_2_AUSTIN_TRANSFER_V1,11eaf91f973232d2,NCAAB_20251207_SMU_TXAM,KXNCAAMBGAME-25DEC07SMUTXAM-SMU,H1_2,8,2025-12-07T23:53:03+00:00,2,480,WATCH_NEGATIVE,1,CI_NEGATIVE,NORMAL_SUPPORT,-33.499834051833766,-52.0,-12.0,12.30560398100444,-45.805438032838204,11.913419254903149,-45.41325330673691,-22.706626653368456,-11.353313326684228,69,-11.0,62-57,5,UNAVAILABLE,UNAVAILABLE,856.0,480,24.020254155635932,25.0,0.5216610171060752,0.5389551902645253,1.0,VALUE
AUSTIN_DRE_PHASE_3,AUSTIN_DOWNFALL_STATE_MODEL_V1,NCAAB_H1_2_AUSTIN_TRANSFER_V1,11eaf91f973232d2,NCAAB_20251207_SMU_TXAM,KXNCAAMBGAME-25DEC07SMUTXAM-SMU,H1_2,9,2025-12-07T23:16:46+00:00,2,360,RECOVERING,0,CI_CROSSES_ZERO,NORMAL_SUPPORT,11.913419254903149,0.0,20.0,12.30560398100444,-0.3921847261012914,-33.499834051833766,45.41325330673691,22.706626653368456,22.706626653368456,87,7.0,41-27,14,UNAVAILABLE,UNAVAILABLE,136.0,360,24.98214293170256,25.0,2.416437846321516,2.449526231275193,0.9565217391304348,VALUE
AUSTIN_DRE_PHASE_3,AUSTIN_DOWNFALL_STATE_MODEL_V1,NCAAB_H1_2_AUSTIN_TRANSFER_V1,11eaf91f973232d2,NCAAB_20251207_SMU_TXAM,KXNCAAMBGAME-25DEC07SMUTXAM-SMU,H1_2,10,2025-12-08T00:03:23+00:00,2,240,HEALTHY_AFTER_RECOVERY,0,CI_CROSSES_ZERO,NORMAL_SUPPORT,5.079560879886763,-12.0,16.0,12.30560398100444,-7.226043101117677,11.913419254903149,-6.833858375016385,-3.4169291875081926,-13.061777920438324,86,6.0,71-64,7,UNAVAILABLE,UNAVAILABLE,1096.0,240,24.833322924056148,25.0,1.0470623406199733,1.0758638948599935,1.0,VALUE
AUSTIN_DRE_PHASE_3,AUSTIN_DOWNFALL_STATE_MODEL_V1,NCAAB_H1_2_AUSTIN_TRANSFER_V1,11eaf91f973232d2,NCAAB_20251207_SMU_TXAM,KXNCAAMBGAME-25DEC07SMUTXAM-SMU,H1_2,11,2025-12-07T23:16:46+00:00,2,120,HEALTHY_AFTER_RECOVERY,0,CI_CROSSES_ZERO,NORMAL_SUPPORT,11.913419254903149,0.0,20.0,12.30560398100444,-0.3921847261012914,5.079560879886763,6.833858375016385,3.4169291875081926,3.4169291875081926,87,7.0,41-27,14,UNAVAILABLE,UNAVAILABLE,136.0,120,24.98214293170256,25.0,2.416437846321516,2.449526231275193,0.9565217391304348,VALUE
AUSTIN_DRE_PHASE_3,AUSTIN_DOWNFALL_STATE_MODEL_V1,NCAAB_H1_2_AUSTIN_TRANSFER_V1,11eaf91f973232d2,NCAAB_20251207_SMU_TXAM,KXNCAAMBGAME-25DEC07SMUTXAM-SMU,H1_2,12,2025-12-08T00:18:12+00:00,2,0,WATCH_NEGATIVE,1,CI_NEGATIVE,NORMAL_SUPPORT,-76.2790366506119,-80.0,-68.0,12.30560398100444,-88.58464063161634,11.913419254903149,-88.19245590551505,-44.09622795275752,-23.75657857013286,40,-40.0,77-77,0,UNAVAILABLE,UNAVAILABLE,1336.0,0,24.77161174629693,25.0,0.9925487467897187,1.0126273555756446,1.0,VALUE
AUSTIN_DRE_PHASE_3,AUSTIN_DOWNFALL_STATE_MODEL_V1,NCAAB_H1_2_AUSTIN_TRANSFER_V1,11eaf91f973232d2,NCAAB_20251207_SMU_TXAM,KXNCAAMBGAME-25DEC07SMUTXAM-SMU,H1_2,13,2025-12-08T00:21:07+00:00,3,300,PERSISTENCE_2,2,CI_CROSSES_ZERO,NORMAL_SUPPORT,-4.94244038852087,-24.0,12.0,12.30560398100444,-17.24804436952531,-76.2790366506119,71.33659626209104,UNAVAILABLE,UNAVAILABLE,46,-34.0,77-77,0,UNAVAILABLE,UNAVAILABLE,1336.0,0,24.669633363718283,25.0,0.8769137456809791,0.8923291853844615,1.0,VALUE
AUSTIN_DRE_PHASE_3,AUSTIN_DOWNFALL_STATE_MODEL_V1,NCAAB_H1_2_AUSTIN_TRANSFER_V1,11eaf91f973232d2,NCAAB_20251207_SMU_TXAM,KXNCAAMBGAME-25DEC07SMUTXAM-SMU,H1_2,14,2025-12-08T00:21:07+00:00,3,180,PERSISTENCE_3PLUS,3,CI_CROSSES_ZERO,NORMAL_SUPPORT,-4.94244038852087,-24.0,12.0,12.30560398100444,-17.24804436952531,-4.94244038852087,0.0,0.0,UNAVAILABLE,46,-34.0,77-77,0,UNAVAILABLE,UNAVAILABLE,1336.0,180,24.669633363718283,25.0,0.8769137456809791,0.8923291853844615,1.0,VALUE
AUSTIN_DRE_PHASE_3,AUSTIN_DOWNFALL_STATE_MODEL_V1,NCAAB_H1_2_AUSTIN_TRANSFER_V1,11eaf91f973232d2,NCAAB_20251207_SMU_TXAM,KXNCAAMBGAME-25DEC07SMUTXAM-SMU,H1_2,15,2025-12-08T00:21:07+00:00,3,60,PERSISTENCE_3PLUS,4,CI_CROSSES_ZERO,NORMAL_SUPPORT,-4.94244038852087,-24.0,12.0,12.30560398100444,-17.24804436952531,-4.94244038852087,0.0,0.0,0.0,46,-34.0,77-77,0,UNAVAILABLE,UNAVAILABLE,1336.0,60,24.669633363718283,25.0,0.8769137456809791,0.8923291853844615,1.0,VALUE
AUSTIN_DRE_PHASE_3,AUSTIN_DOWNFALL_STATE_MODEL_V1,NCAAB_H1_2_AUSTIN_TRANSFER_V1,cba7e831ab3ba84e,NCAAB_20251209_CLEM_BYU,KXNCAAMBGAME-25DEC09CLEMBYU-CLEM,H1_2,0,2025-12-10T00:26:23+00:00,1,0,HEALTHY,0,CI_POSITIVE,NORMAL_SUPPORT,20.0,20.0,20.0,20.0,0.0,UNAVAILABLE,UNAVAILABLE,UNAVAILABLE,UNAVAILABLE,90,4.0,22-43,-21,UNAVAILABLE,UNAVAILABLE,103.0,1200,24.90497404217921,25.0,1.5206226298281464,1.452818917432709,0.8985507246376812,VALUE
AUSTIN_DRE_PHASE_3,AUSTIN_DOWNFALL_STATE_MODEL_V1,NCAAB_H1_2_AUSTIN_TRANSFER_V1,cba7e831ab3ba84e,NCAAB_20251209_CLEM_BYU,KXNCAAMBGAME-25DEC09CLEMBYU-CLEM,H1_2,1,2025-12-10T00:46:47+00:00,2,1200,HEALTHY,0,CI_CROSSES_ZERO,NORMAL_SUPPORT,4.659713925629523,-12.0,16.0,20.0,-15.340286074370477,20.0,-15.340286074370477,UNAVAILABLE,UNAVAILABLE,92,6.0,22-43,-21,UNAVAILABLE,UNAVAILABLE,103.0,1200,24.899953574860298,25.0,2.295134377652167,2.311210337318469,0.8985507246376812,VALUE
AUSTIN_DRE_PHASE_3,AUSTIN_DOWNFALL_STATE_MODEL_V1,NCAAB_H1_2_AUSTIN_TRANSFER_V1,cba7e831ab3ba84e,NCAAB_20251209_CLEM_BYU,KXNCAAMBGAME-25DEC09CLEMBYU-CLEM,H1_2,2,2025-12-10T00:46:14+00:00,2,1080,HEALTHY,0,CI_CROSSES_ZERO,NORMAL_SUPPORT,4.663324683341718,-12.0,16.0,20.0,-15.336675316658283,4.659713925629523,0.0036107577121944345,0.0018053788560972173,UNAVAILABLE,92,6.0,22-43,-21,UNAVAILABLE,UNAVAILABLE,107.0,1080,24.898268648435504,25.0,2.2800971194161046,2.2952270948090754,0.8985507246376812,VALUE
AUSTIN_DRE_PHASE_3,AUSTIN_DOWNFALL_STATE_MODEL_V1,NCAAB_H1_2_AUSTIN_TRANSFER_V1,cba7e831ab3ba84e,NCAAB_20251209_CLEM_BYU,KXNCAAMBGAME-25DEC09CLEMBYU-CLEM,H1_2,3,2025-12-10T00:46:14+00:00,2,960,HEALTHY,0,CI_CROSSES_ZERO,NORMAL_SUPPORT,4.663324683341718,-12.0,16.0,20.0,-15.336675316658283,4.663324683341718,0.0,0.0,-0.0009026894280486086,92,6.0,22-43,-21,UNAVAILABLE,UNAVAILABLE,107.0,960,24.898268648435504,25.0,2.2800971194161046,2.2952270948090754,0.8985507246376812,VALUE
AUSTIN_DRE_PHASE_3,AUSTIN_DOWNFALL_STATE_MODEL_V1,NCAAB_H1_2_AUSTIN_TRANSFER_V1,cba7e831ab3ba84e,NCAAB_20251209_CLEM_BYU,KXNCAAMBGAME-25DEC09CLEMBYU-CLEM,H1_2,4,2025-12-10T00:46:14+00:00,2,840,HEALTHY,0,CI_CROSSES_ZERO,NORMAL_SUPPORT,4.663324683341718,-12.0,16.0,20.0,-15.336675316658283,4.663324683341718,0.0,0.0,0.0,92,6.0,22-43,-21,UNAVAILABLE,UNAVAILABLE,107.0,840,24.898268648435504,25.0,2.2800971194161046,2.2952270948090754,0.8985507246376812,VALUE
AUSTIN_DRE_PHASE_3,AUSTIN_DOWNFALL_STATE_MODEL_V1,NCAAB_H1_2_AUSTIN_TRANSFER_V1,cba7e831ab3ba84e,NCAAB_20251209_CLEM_BYU,KXNCAAMBGAME-25DEC09CLEMBYU-CLEM,H1_2,5,2025-12-10T00:46:14+00:00,2,720,HEALTHY,0,CI_CROSSES_ZERO,NORMAL_SUPPORT,4.663324683341718,-12.0,16.0,20.0,-15.336675316658283,4.663324683341718,0.0,0.0,0.0,92,6.0,22-43,-21,UNAVAILABLE,UNAVAILABLE,107.0,720,24.898268648435504,25.0,2.2800971194161046,2.2952270948090754,0.8985507246376812,VALUE
AUSTIN_DRE_PHASE_3,AUSTIN_DOWNFALL_STATE_MODEL_V1,NCAAB_H1_2_AUSTIN_TRANSFER_V1,cba7e831ab3ba84e,NCAAB_20251209_CLEM_BYU,KXNCAAMBGAME-25DEC09CLEMBYU-CLEM,H1_2,6,2025-12-10T00:46:14+00:00,2,600,HEALTHY,0,CI_CROSSES_ZERO,NORMAL_SUPPORT,4.663324683341718,-12.0,16.0,20.0,-15.336675316658283,4.663324683341718,0.0,0.0,0.0,92,6.0,22-43,-21,UNAVAILABLE,UNAVAILABLE,107.0,600,24.898268648435504,25.0,2.2800971194161046,2.2952270948090754,0.8985507246376812,VALUE
AUSTIN_DRE_PHASE_3,AUSTIN_DOWNFALL_STATE_MODEL_V1,NCAAB_H1_2_AUSTIN_TRANSFER_V1,cba7e831ab3ba84e,NCAAB_20251209_CLEM_BYU,KXNCAAMBGAME-25DEC09CLEMBYU-CLEM,H1_2,7,2025-12-10T00:46:14+00:00,2,480,HEALTHY,0,CI_CROSSES_ZERO,NORMAL_SUPPORT,4.663324683341718,-12.0,16.0,20.0,-15.336675316658283,4.663324683341718,0.0,0.0,0.0,92,6.0,22-43,-21,UNAVAILABLE,UNAVAILABLE,107.0,480,24.898268648435504,25.0,2.2800971194161046,2.2952270948090754,0.8985507246376812,VALUE
AUSTIN_DRE_PHASE_3,AUSTIN_DOWNFALL_STATE_MODEL_V1,NCAAB_H1_2_AUSTIN_TRANSFER_V1,cba7e831ab3ba84e,NCAAB_20251209_CLEM_BYU,KXNCAAMBGAME-25DEC09CLEMBYU-CLEM,H1_2,8,2025-12-10T00:46:14+00:00,2,360,HEALTHY,0,CI_CROSSES_ZERO,NORMAL_SUPPORT,4.663324683341718,-12.0,16.0,20.0,-15.336675316658283,4.663324683341718,0.0,0.0,0.0,92,6.0,22-43,-21,UNAVAILABLE,UNAVAILABLE,107.0,360,24.898268648435504,25.0,2.2800971194161046,2.2952270948090754,0.8985507246376812,VALUE
AUSTIN_DRE_PHASE_3,AUSTIN_DOWNFALL_STATE_MODEL_V1,NCAAB_H1_2_AUSTIN_TRANSFER_V1,cba7e831ab3ba84e,NCAAB_20251209_CLEM_BYU,KXNCAAMBGAME-25DEC09CLEMBYU-CLEM,H1_2,9,2025-12-10T00:46:14+00:00,2,240,HEALTHY,0,CI_CROSSES_ZERO,NORMAL_SUPPORT,4.663324683341718,-12.0,16.0,20.0,-15.336675316658283,4.663324683341718,0.0,0.0,0.0,92,6.0,22-43,-21,UNAVAILABLE,UNAVAILABLE,107.0,240,24.898268648435504,25.0,2.2800971194161046,2.2952270948090754,0.8985507246376812,VALUE
AUSTIN_DRE_PHASE_3,AUSTIN_DOWNFALL_STATE_MODEL_V1,NCAAB_H1_2_AUSTIN_TRANSFER_V1,cba7e831ab3ba84e,NCAAB_20251209_CLEM_BYU,KXNCAAMBGAME-25DEC09CLEMBYU-CLEM,H1_2,10,2025-12-10T00:46:14+00:00,2,120,HEALTHY,0,CI_CROSSES_ZERO,NORMAL_SUPPORT,4.663324683341718,-12.0,16.0,20.0,-15.336675316658283,4.663324683341718,0.0,0.0,0.0,92,6.0,22-43,-21,UNAVAILABLE,UNAVAILABLE,107.0,120,24.898268648435504,25.0,2.2800971194161046,2.2952270948090754,0.8985507246376812,VALUE
AUSTIN_DRE_PHASE_3,AUSTIN_DOWNFALL_STATE_MODEL_V1,NCAAB_H1_2_AUSTIN_TRANSFER_V1,cba7e831ab3ba84e,NCAAB_20251209_CLEM_BYU,KXNCAAMBGAME-25DEC09CLEMBYU-CLEM,H1_2,11,2025-12-10T02:02:12+00:00,2,0,WATCH_NEGATIVE,1,CI_CROSSES_ZERO,NORMAL_SUPPORT,-20.468821905666644,-40.0,0.0,20.0,-40.468821905666644,4.663324683341718,-25.13214658900836,-12.56607329450418,-6.28303664725209,32,-54.0,67-64,3,UNAVAILABLE,UNAVAILABLE,1303.0,0,24.948338331782036,25.0,1.891342718191688,1.851767345886045,1.0,VALUE
AUSTIN_DRE_PHASE_3,AUSTIN_DOWNFALL_STATE_MODEL_V1,NCAAB_H1_2_AUSTIN_TRANSFER_V1,6ccda2ea9da1df79,NCAAB_20251209_ILL_OSU,KXNCAAMBGAME-25DEC09ILLOSU-ILL,H1_2,0,2025-12-10T01:21:49+00:00,1,0,WATCH_NEGATIVE,1,CI_NEGATIVE,NORMAL_SUPPORT,-23.094155936022073,-44.0,-4.0,-23.094155936022073,0.0,UNAVAILABLE,UNAVAILABLE,UNAVAILABLE,UNAVAILABLE,78,-2.0,42-48,-6,UNAVAILABLE,UNAVAILABLE,91.0,1200,24.990357014973938,25.0,0.6619333206558347,0.6558191593099458,0.8985507246376812,VALUE
AUSTIN_DRE_PHASE_3,AUSTIN_DOWNFALL_STATE_MODEL_V1,NCAAB_H1_2_AUSTIN_TRANSFER_V1,6ccda2ea9da1df79,NCAAB_20251209_ILL_OSU,KXNCAAMBGAME-25DEC09ILLOSU-ILL,H1_2,1,2025-12-10T01:38:05+00:00,2,1200,RECOVERING,0,CI_CROSSES_ZERO,NORMAL_SUPPORT,11.832687915314358,0.0,20.0,-23.094155936022073,34.92684385133643,-23.094155936022073,34.92684385133643,UNAVAILABLE,UNAVAILABLE,77,-3.0,42-48,-6,UNAVAILABLE,UNAVAILABLE,91.0,1200,24.989028051275582,25.0,1.3450100268537295,1.3436447318044211,0.8985507246376812,VALUE
AUSTIN_DRE_PHASE_3,AUSTIN_DOWNFALL_STATE_MODEL_V1,NCAAB_H1_2_AUSTIN_TRANSFER_V1,6ccda2ea9da1df79,NCAAB_20251209_ILL_OSU,KXNCAAMBGAME-25DEC09ILLOSU-ILL,H1_2,2,2025-12-10T01:38:05+00:00,2,1080,HEALTHY_AFTER_RECOVERY,0,CI_CROSSES_ZERO,NORMAL_SUPPORT,11.832687915314358,0.0,20.0,-23.094155936022073,34.92684385133643,11.832687915314358,0.0,0.0,UNAVAILABLE,77,-3.0,42-48,-6,UNAVAILABLE,UNAVAILABLE,91.0,1080,24.989028051275582,25.0,1.3450100268537295,1.3436447318044211,0.8985507246376812,VALUE
AUSTIN_DRE_PHASE_3,AUSTIN_DOWNFALL_STATE_MODEL_V1,NCAAB_H1_2_AUSTIN_TRANSFER_V1,6ccda2ea9da1df79,NCAAB_20251209_ILL_OSU,KXNCAAMBGAME-25DEC09ILLOSU-ILL,H1_2,3,2025-12-10T01:38:05+00:00,2,960,HEALTHY_AFTER_RECOVERY,0,CI_CROSSES_ZERO,NORMAL_SUPPORT,11.832687915314358,0.0,20.0,-23.094155936022073,34.92684385133643,11.832687915314358,0.0,0.0,0.0,77,-3.0,42-48,-6,UNAVAILABLE,UNAVAILABLE,91.0,960,24.989028051275582,25.0,1.3450100268537295,1.3436447318044211,0.8985507246376812,VALUE
AUSTIN_DRE_PHASE_3,AUSTIN_DOWNFALL_STATE_MODEL_V1,NCAAB_H1_2_AUSTIN_TRANSFER_V1,6ccda2ea9da1df79,NCAAB_20251209_ILL_OSU,KXNCAAMBGAME-25DEC09ILLOSU-ILL,H1_2,4,2025-12-10T01:38:05+00:00,2,840,HEALTHY_AFTER_RECOVERY,0,CI_CROSSES_ZERO,NORMAL_SUPPORT,11.832687915314358,0.0,20.0,-23.094155936022073,34.92684385133643,11.832687915314358,0.0,0.0,0.0,77,-3.0,42-48,-6,UNAVAILABLE,UNAVAILABLE,91.0,840,24.989028051275582,25.0,1.3450100268537295,1.3436447318044211,0.8985507246376812,VALUE
AUSTIN_DRE_PHASE_3,AUSTIN_DOWNFALL_STATE_MODEL_V1,NCAAB_H1_2_AUSTIN_TRANSFER_V1,6ccda2ea9da1df79,NCAAB_20251209_ILL_OSU,KXNCAAMBGAME-25DEC09ILLOSU-ILL,H1_2,5,2025-12-10T01:58:58+00:00,2,720,HEALTHY_AFTER_RECOVERY,0,CI_CROSSES_ZERO,NORMAL_SUPPORT,1.1603216453791925,-16.0,16.0,-23.094155936022073,24.254477581401265,11.832687915314358,-10.672366269935164,-5.336183134967582,-2.668091567483791,75,-5.0,55-61,-6,UNAVAILABLE,UNAVAILABLE,571.0,720,24.43617654955385,25.0,0.4353887896538221,0.4533918422779858,0.9855072463768116,VALUE
AUSTIN_DRE_PHASE_3,AUSTIN_DOWNFALL_STATE_MODEL_V1,NCAAB_H1_2_AUSTIN_TRANSFER_V1,6ccda2ea9da1df79,NCAAB_20251209_ILL_OSU,KXNCAAMBGAME-25DEC09ILLOSU-ILL,H1_2,6,2025-12-10T01:38:05+00:00,2,600,HEALTHY_AFTER_RECOVERY,0,CI_CROSSES_ZERO,NORMAL_SUPPORT,11.832687915314358,0.0,20.0,-23.094155936022073,34.92684385133643,1.1603216453791925,10.672366269935164,5.336183134967582,5.336183134967582,77,-3.0,42-48,-6,UNAVAILABLE,UNAVAILABLE,91.0,600,24.989028051275582,25.0,1.3450100268537295,1.3436447318044211,0.8985507246376812,VALUE
AUSTIN_DRE_PHASE_3,AUSTIN_DOWNFALL_STATE_MODEL_V1,NCAAB_H1_2_AUSTIN_TRANSFER_V1,6ccda2ea9da1df79,NCAAB_20251209_ILL_OSU,KXNCAAMBGAME-25DEC09ILLOSU-ILL,H1_2,7,2025-12-10T01:38:05+00:00,2,480,HEALTHY_AFTER_RECOVERY,0,CI_CROSSES_ZERO,NORMAL_SUPPORT,11.832687915314358,0.0,20.0,-23.094155936022073,34.92684385133643,11.832687915314358,0.0,0.0,-2.668091567483791,77,-3.0,42-48,-6,UNAVAILABLE,UNAVAILABLE,91.0,480,24.989028051275582,25.0,1.3450100268537295,1.3436447318044211,0.8985507246376812,VALUE
AUSTIN_DRE_PHASE_3,AUSTIN_DOWNFALL_STATE_MODEL_V1,NCAAB_H1_2_AUSTIN_TRANSFER_V1,6ccda2ea9da1df79,NCAAB_20251209_ILL_OSU,KXNCAAMBGAME-25DEC09ILLOSU-ILL,H1_2,8,2025-12-10T01:38:05+00:00,2,360,HEALTHY_AFTER_RECOVERY,0,CI_CROSSES_ZERO,NORMAL_SUPPORT,11.832687915314358,0.0,20.0,-23.094155936022073,34.92684385133643,11.832687915314358,0.0,0.0,0.0,77,-3.0,42-48,-6,UNAVAILABLE,UNAVAILABLE,91.0,360,24.989028051275582,25.0,1.3450100268537295,1.3436447318044211,0.8985507246376812,VALUE
AUSTIN_DRE_PHASE_3,AUSTIN_DOWNFALL_STATE_MODEL_V1,NCAAB_H1_2_AUSTIN_TRANSFER_V1,6ccda2ea9da1df79,NCAAB_20251209_ILL_OSU,KXNCAAMBGAME-25DEC09ILLOSU-ILL,H1_2,9,2025-12-10T01:38:05+00:00,2,240,HEALTHY_AFTER_RECOVERY,0,CI_CROSSES_ZERO,NORMAL_SUPPORT,11.832687915314358,0.0,20.0,-23.094155936022073,34.92684385133643,11.832687915314358,0.0,0.0,0.0,77,-3.0,42-48,-6,UNAVAILABLE,UNAVAILABLE,91.0,240,24.989028051275582,25.0,1.3450100268537295,1.3436447318044211,0.8985507246376812,VALUE
AUSTIN_DRE_PHASE_3,AUSTIN_DOWNFALL_STATE_MODEL_V1,NCAAB_H1_2_AUSTIN_TRANSFER_V1,6ccda2ea9da1df79,NCAAB_20251209_ILL_OSU,KXNCAAMBGAME-25DEC09ILLOSU-ILL,H1_2,10,2025-12-10T02:33:44+00:00,2,120,HEALTHY_AFTER_RECOVERY,0,CI_POSITIVE,NORMAL_SUPPORT,16.336556983830924,8.0,20.0,-23.094155936022073,39.43071291985299,11.832687915314358,4.5038690685165665,2.2519345342582833,1.1259672671291416,90,10.0,74-79,-5,UNAVAILABLE,UNAVAILABLE,1171.0,120,24.78310586556916,25.0,0.5907499434446525,0.6073947349461049,1.0,VALUE
AUSTIN_DRE_PHASE_3,AUSTIN_DOWNFALL_STATE_MODEL_V1,NCAAB_H1_2_AUSTIN_TRANSFER_V1,6ccda2ea9da1df79,NCAAB_20251209_ILL_OSU,KXNCAAMBGAME-25DEC09ILLOSU-ILL,H1_2,11,2025-12-10T02:45:10+00:00,2,0,HEALTHY_AFTER_RECOVERY,0,CI_POSITIVE,NORMAL_SUPPORT,20.0,20.0,20.0,-23.094155936022073,43.09415593602208,16.336556983830924,3.663443016169076,1.831721508084538,-0.21010651308687267,99,19.0,80-88,-8,UNAVAILABLE,UNAVAILABLE,1291.0,0,24.937159632061242,25.0,0.8232718134838656,0.8331684521213967,1.0,VALUE
AUSTIN_DRE_PHASE_3,AUSTIN_DOWNFALL_STATE_MODEL_V1,NCAAB_H1_2_AUSTIN_TRANSFER_V1,ccef1b8251c252ac,NCAAB_20251210_WIS_NEB,KXNCAAMBGAME-25DEC10WISNEB-NEB,H1_2,0,2025-12-11T02:53:33+00:00,1,0,HEALTHY,0,CI_POSITIVE,NORMAL_SUPPORT,20.0,20.0,20.0,20.0,0.0,UNAVAILABLE,UNAVAILABLE,UNAVAILABLE,UNAVAILABLE,91,6.0,47-31,16,UNAVAILABLE,UNAVAILABLE,102.0,1200,24.768168519084288,25.0,1.345577184084732,1.242456151021474,0.8985507246376812,VALUE
AUSTIN_DRE_PHASE_3,AUSTIN_DOWNFALL_STATE_MODEL_V1,NCAAB_H1_2_AUSTIN_TRANSFER_V1,ccef1b8251c252ac,NCAAB_20251210_WIS_NEB,KXNCAAMBGAME-25DEC10WISNEB-NEB,H1_2,1,2025-12-11T03:09:48+00:00,2,1200,WATCH_NEGATIVE,1,CI_CROSSES_ZERO,NORMAL_SUPPORT,-0.05961946966435927,-16.0,12.0,20.0,-20.05961946966436,20.0,-20.05961946966436,UNAVAILABLE,UNAVAILABLE,91,6.0,47-31,16,UNAVAILABLE,UNAVAILABLE,102.0,1200,24.91034358411713,25.0,2.016241030942743,2.017347863498557,0.8985507246376812,VALUE
AUSTIN_DRE_PHASE_3,AUSTIN_DOWNFALL_STATE_MODEL_V1,NCAAB_H1_2_AUSTIN_TRANSFER_V1,ccef1b8251c252ac,NCAAB_20251210_WIS_NEB,KXNCAAMBGAME-25DEC10WISNEB-NEB,H1_2,2,2025-12-11T03:09:48+00:00,2,1080,PERSISTENCE_2,2,CI_CROSSES_ZERO,NORMAL_SUPPORT,-0.05961946966435927,-16.0,12.0,20.0,-20.05961946966436,-0.05961946966435927,0.0,0.0,UNAVAILABLE,91,6.0,47-31,16,UNAVAILABLE,UNAVAILABLE,102.0,1080,24.91034358411713,25.0,2.016241030942743,2.017347863498557,0.8985507246376812,VALUE
AUSTIN_DRE_PHASE_3,AUSTIN_DOWNFALL_STATE_MODEL_V1,NCAAB_H1_2_AUSTIN_TRANSFER_V1,ccef1b8251c252ac,NCAAB_20251210_WIS_NEB,KXNCAAMBGAME-25DEC10WISNEB-NEB,H1_2,3,2025-12-11T03:18:05+00:00,2,960,RECOVERING,0,CI_CROSSES_ZERO,NORMAL_SUPPORT,12.046941128953085,0.0,20.0,20.0,-7.953058871046915,-0.05961946966435927,12.106560598617444,6.053280299308722,3.026640149654361,94,9.0,56-39,17,UNAVAILABLE,UNAVAILABLE,342.0,960,24.733346328862616,25.0,1.195355396636277,1.210707912110316,0.9855072463768116,VALUE
AUSTIN_DRE_PHASE_3,AUSTIN_DOWNFALL_STATE_MODEL_V1,NCAAB_H1_2_AUSTIN_TRANSFER_V1,ccef1b8251c252ac,NCAAB_20251210_WIS_NEB,KXNCAAMBGAME-25DEC10WISNEB-NEB,H1_2,4,2025-12-11T03:23:45+00:00,2,840,HEALTHY_AFTER_RECOVERY,0,CI_POSITIVE,NORMAL_SUPPORT,15.995434148668535,8.0,20.0,20.0,-4.004565851331465,12.046941128953085,3.9484930197154497,1.9742465098577249,-2.0395168947254985,97,12.0,64-43,21,UNAVAILABLE,UNAVAILABLE,462.0,840,24.877003310371244,25.0,1.2377747314096714,1.2655348899219137,0.9855072463768116,VALUE
AUSTIN_DRE_PHASE_3,AUSTIN_DOWNFALL_STATE_MODEL_V1,NCAAB_H1_2_AUSTIN_TRANSFER_V1,ccef1b8251c252ac,NCAAB_20251210_WIS_NEB,KXNCAAMBGAME-25DEC10WISNEB-NEB,H1_2,5,2025-12-11T03:09:48+00:00,2,720,WATCH_NEGATIVE,1,CI_CROSSES_ZERO,NORMAL_SUPPORT,-0.05961946966435927,-16.0,12.0,20.0,-20.05961946966436,15.995434148668535,-16.055053618332895,-8.027526809166448,-5.000886659512086,91,6.0,47-31,16,UNAVAILABLE,UNAVAILABLE,102.0,720,24.91034358411713,25.0,2.016241030942743,2.017347863498557,0.8985507246376812,VALUE
AUSTIN_DRE_PHASE_3,AUSTIN_DOWNFALL_STATE_MODEL_V1,NCAAB_H1_2_AUSTIN_TRANSFER_V1,ccef1b8251c252ac,NCAAB_20251210_WIS_NEB,KXNCAAMBGAME-25DEC10WISNEB-NEB,H1_2,6,2025-12-11T03:09:48+00:00,2,600,PERSISTENCE_2,2,CI_CROSSES_ZERO,NORMAL_SUPPORT,-0.05961946966435927,-16.0,12.0,20.0,-20.05961946966436,-0.05961946966435927,0.0,0.0,4.013763404583224,91,6.0,47-31,16,UNAVAILABLE,UNAVAILABLE,102.0,600,24.91034358411713,25.0,2.016241030942743,2.017347863498557,0.8985507246376812,VALUE
AUSTIN_DRE_PHASE_3,AUSTIN_DOWNFALL_STATE_MODEL_V1,NCAAB_H1_2_AUSTIN_TRANSFER_V1,ccef1b8251c252ac,NCAAB_20251210_WIS_NEB,KXNCAAMBGAME-25DEC10WISNEB-NEB,H1_2,7,2025-12-11T03:09:48+00:00,2,480,PERSISTENCE_3PLUS,3,CI_CROSSES_ZERO,NORMAL_SUPPORT,-0.05961946966435927,-16.0,12.0,20.0,-20.05961946966436,-0.05961946966435927,0.0,0.0,0.0,91,6.0,47-31,16,UNAVAILABLE,UNAVAILABLE,102.0,480,24.91034358411713,25.0,2.016241030942743,2.017347863498557,0.8985507246376812,VALUE
AUSTIN_DRE_PHASE_3,AUSTIN_DOWNFALL_STATE_MODEL_V1,NCAAB_H1_2_AUSTIN_TRANSFER_V1,ccef1b8251c252ac,NCAAB_20251210_WIS_NEB,KXNCAAMBGAME-25DEC10WISNEB-NEB,H1_2,8,2025-12-11T03:09:48+00:00,2,360,PERSISTENCE_3PLUS,4,CI_CROSSES_ZERO,NORMAL_SUPPORT,-0.05961946966435927,-16.0,12.0,20.0,-20.05961946966436,-0.05961946966435927,0.0,0.0,0.0,91,6.0,47-31,16,UNAVAILABLE,UNAVAILABLE,102.0,360,24.91034358411713,25.0,2.016241030942743,2.017347863498557,0.8985507246376812,VALUE
AUSTIN_DRE_PHASE_3,AUSTIN_DOWNFALL_STATE_MODEL_V1,NCAAB_H1_2_AUSTIN_TRANSFER_V1,ccef1b8251c252ac,NCAAB_20251210_WIS_NEB,KXNCAAMBGAME-25DEC10WISNEB-NEB,H1_2,9,2025-12-11T03:09:48+00:00,2,240,PERSISTENCE_3PLUS,5,CI_CROSSES_ZERO,NORMAL_SUPPORT,-0.05961946966435927,-16.0,12.0,20.0,-20.05961946966436,-0.05961946966435927,0.0,0.0,0.0,91,6.0,47-31,16,UNAVAILABLE,UNAVAILABLE,102.0,240,24.91034358411713,25.0,2.016241030942743,2.017347863498557,0.8985507246376812,VALUE
AUSTIN_DRE_PHASE_3,AUSTIN_DOWNFALL_STATE_MODEL_V1,NCAAB_H1_2_AUSTIN_TRANSFER_V1,ccef1b8251c252ac,NCAAB_20251210_WIS_NEB,KXNCAAMBGAME-25DEC10WISNEB-NEB,H1_2,10,2025-12-11T03:09:48+00:00,2,120,PERSISTENCE_3PLUS,6,CI_CROSSES_ZERO,NORMAL_SUPPORT,-0.05961946966435927,-16.0,12.0,20.0,-20.05961946966436,-0.05961946966435927,0.0,0.0,0.0,91,6.0,47-31,16,UNAVAILABLE,UNAVAILABLE,102.0,120,24.91034358411713,25.0,2.016241030942743,2.017347863498557,0.8985507246376812,VALUE
AUSTIN_DRE_PHASE_3,AUSTIN_DOWNFALL_STATE_MODEL_V1,NCAAB_H1_2_AUSTIN_TRANSFER_V1,ccef1b8251c252ac,NCAAB_20251210_WIS_NEB,KXNCAAMBGAME-25DEC10WISNEB-NEB,H1_2,11,2025-12-11T04:00:21+00:00,2,0,RECOVERING,0,CI_POSITIVE,NORMAL_SUPPORT,20.0,20.0,20.0,20.0,0.0,-0.05961946966435927,20.05961946966436,10.02980973483218,5.01490486741609,99,14.0,90-60,30,UNAVAILABLE,UNAVAILABLE,1302.0,0,24.793707291871982,25.0,2.0487717589183525,2.062169347167836,1.0,VALUE
AUSTIN_DRE_PHASE_3,AUSTIN_DOWNFALL_STATE_MODEL_V1,NCAAB_H1_2_AUSTIN_TRANSFER_V1,339cb9486ec36c54,NCAAB_20251213_MICH_MD,KXNCAAMBGAME-25DEC13MICHMD-MICH,H1_2,0,2025-12-14T02:12:09+00:00,1,0,WATCH_NEGATIVE,1,CI_NEGATIVE,NORMAL_SUPPORT,-56.825327652648845,-72.0,-40.0,-56.825327652648845,0.0,UNAVAILABLE,UNAVAILABLE,UNAVAILABLE,UNAVAILABLE,80,0.0,50-45,5,UNAVAILABLE,UNAVAILABLE,2.0,1200,24.904178996045157,25.0,1.2470988932261795,1.2716864070873142,0.8260869565217391,VALUE
AUSTIN_DRE_PHASE_3,AUSTIN_DOWNFALL_STATE_MODEL_V1,NCAAB_H1_2_AUSTIN_TRANSFER_V1,339cb9486ec36c54,NCAAB_20251213_MICH_MD,KXNCAAMBGAME-25DEC13MICHMD-MICH,H1_2,1,2025-12-14T02:15:12+00:00,2,1200,PERSISTENCE_2,2,CI_NEGATIVE,NORMAL_SUPPORT,-47.26003051855834,-64.0,-28.0,-56.825327652648845,9.565297134090507,-56.825327652648845,9.565297134090507,UNAVAILABLE,UNAVAILABLE,80,0.0,50-45,5,UNAVAILABLE,UNAVAILABLE,2.0,1200,24.971769916613184,25.0,1.7557321236972916,1.7936265294558513,0.8260869565217391,VALUE
AUSTIN_DRE_PHASE_3,AUSTIN_DOWNFALL_STATE_MODEL_V1,NCAAB_H1_2_AUSTIN_TRANSFER_V1,339cb9486ec36c54,NCAAB_20251213_MICH_MD,KXNCAAMBGAME-25DEC13MICHMD-MICH,H1_2,2,2025-12-14T02:15:12+00:00,2,1080,PERSISTENCE_3PLUS,3,CI_NEGATIVE,NORMAL_SUPPORT,-47.26003051855834,-64.0,-28.0,-56.825327652648845,9.565297134090507,-47.26003051855834,0.0,0.0,UNAVAILABLE,80,0.0,50-45,5,UNAVAILABLE,UNAVAILABLE,2.0,1080,24.971769916613184,25.0,1.7557321236972916,1.7936265294558513,0.8260869565217391,VALUE
AUSTIN_DRE_PHASE_3,AUSTIN_DOWNFALL_STATE_MODEL_V1,NCAAB_H1_2_AUSTIN_TRANSFER_V1,339cb9486ec36c54,NCAAB_20251213_MICH_MD,KXNCAAMBGAME-25DEC13MICHMD-MICH,H1_2,3,2025-12-14T02:15:12+00:00,2,960,PERSISTENCE_3PLUS,4,CI_NEGATIVE,NORMAL_SUPPORT,-47.26003051855834,-64.0,-28.0,-56.825327652648845,9.565297134090507,-47.26003051855834,0.0,0.0,0.0,80,0.0,50-45,5,UNAVAILABLE,UNAVAILABLE,2.0,960,24.971769916613184,25.0,1.7557321236972916,1.7936265294558513,0.8260869565217391,VALUE
AUSTIN_DRE_PHASE_3,AUSTIN_DOWNFALL_STATE_MODEL_V1,NCAAB_H1_2_AUSTIN_TRANSFER_V1,339cb9486ec36c54,NCAAB_20251213_MICH_MD,KXNCAAMBGAME-25DEC13MICHMD-MICH,H1_2,4,2025-12-14T02:15:12+00:00,2,840,PERSISTENCE_3PLUS,5,CI_NEGATIVE,NORMAL_SUPPORT,-47.26003051855834,-64.0,-28.0,-56.825327652648845,9.565297134090507,-47.26003051855834,0.0,0.0,0.0,80,0.0,50-45,5,UNAVAILABLE,UNAVAILABLE,2.0,840,24.971769916613184,25.0,1.7557321236972916,1.7936265294558513,0.8260869565217391,VALUE
AUSTIN_DRE_PHASE_3,AUSTIN_DOWNFALL_STATE_MODEL_V1,NCAAB_H1_2_AUSTIN_TRANSFER_V1,339cb9486ec36c54,NCAAB_20251213_MICH_MD,KXNCAAMBGAME-25DEC13MICHMD-MICH,H1_2,5,2025-12-14T02:15:12+00:00,2,720,PERSISTENCE_3PLUS,6,CI_NEGATIVE,NORMAL_SUPPORT,-47.26003051855834,-64.0,-28.0,-56.825327652648845,9.565297134090507,-47.26003051855834,0.0,0.0,0.0,80,0.0,50-45,5,UNAVAILABLE,UNAVAILABLE,2.0,720,24.971769916613184,25.0,1.7557321236972916,1.7936265294558513,0.8260869565217391,VALUE
AUSTIN_DRE_PHASE_3,AUSTIN_DOWNFALL_STATE_MODEL_V1,NCAAB_H1_2_AUSTIN_TRANSFER_V1,339cb9486ec36c54,NCAAB_20251213_MICH_MD,KXNCAAMBGAME-25DEC13MICHMD-MICH,H1_2,6,2025-12-14T02:15:12+00:00,2,600,PERSISTENCE_3PLUS,7,CI_NEGATIVE,NORMAL_SUPPORT,-47.26003051855834,-64.0,-28.0,-56.825327652648845,9.565297134090507,-47.26003051855834,0.0,0.0,0.0,80,0.0,50-45,5,UNAVAILABLE,UNAVAILABLE,2.0,600,24.971769916613184,25.0,1.7557321236972916,1.7936265294558513,0.8260869565217391,VALUE
AUSTIN_DRE_PHASE_3,AUSTIN_DOWNFALL_STATE_MODEL_V1,NCAAB_H1_2_AUSTIN_TRANSFER_V1,339cb9486ec36c54,NCAAB_20251213_MICH_MD,KXNCAAMBGAME-25DEC13MICHMD-MICH,H1_2,7,2025-12-14T02:15:12+00:00,2,480,PERSISTENCE_3PLUS,8,CI_NEGATIVE,NORMAL_SUPPORT,-47.26003051855834,-64.0,-28.0,-56.825327652648845,9.565297134090507,-47.26003051855834,0.0,0.0,0.0,80,0.0,50-45,5,UNAVAILABLE,UNAVAILABLE,2.0,480,24.971769916613184,25.0,1.7557321236972916,1.7936265294558513,0.8260869565217391,VALUE
AUSTIN_DRE_PHASE_3,AUSTIN_DOWNFALL_STATE_MODEL_V1,NCAAB_H1_2_AUSTIN_TRANSFER_V1,339cb9486ec36c54,NCAAB_20251213_MICH_MD,KXNCAAMBGAME-25DEC13MICHMD-MICH,H1_2,8,2025-12-14T02:15:12+00:00,2,360,PERSISTENCE_3PLUS,9,CI_NEGATIVE,NORMAL_SUPPORT,-47.26003051855834,-64.0,-28.0,-56.825327652648845,9.565297134090507,-47.26003051855834,0.0,0.0,0.0,80,0.0,50-45,5,UNAVAILABLE,UNAVAILABLE,2.0,360,24.971769916613184,25.0,1.7557321236972916,1.7936265294558513,0.8260869565217391,VALUE
AUSTIN_DRE_PHASE_3,AUSTIN_DOWNFALL_STATE_MODEL_V1,NCAAB_H1_2_AUSTIN_TRANSFER_V1,339cb9486ec36c54,NCAAB_20251213_MICH_MD,KXNCAAMBGAME-25DEC13MICHMD-MICH,H1_2,9,2025-12-14T02:15:12+00:00,2,240,PERSISTENCE_3PLUS,10,CI_NEGATIVE,NORMAL_SUPPORT,-47.26003051855834,-64.0,-28.0,-56.825327652648845,9.565297134090507,-47.26003051855834,0.0,0.0,0.0,80,0.0,50-45,5,UNAVAILABLE,UNAVAILABLE,2.0,240,24.971769916613184,25.0,1.7557321236972916,1.7936265294558513,0.8260869565217391,VALUE
AUSTIN_DRE_PHASE_3,AUSTIN_DOWNFALL_STATE_MODEL_V1,NCAAB_H1_2_AUSTIN_TRANSFER_V1,339cb9486ec36c54,NCAAB_20251213_MICH_MD,KXNCAAMBGAME-25DEC13MICHMD-MICH,H1_2,10,2025-12-14T02:15:12+00:00,2,120,PERSISTENCE_3PLUS,11,CI_NEGATIVE,NORMAL_SUPPORT,-47.26003051855834,-64.0,-28.0,-56.825327652648845,9.565297134090507,-47.26003051855834,0.0,0.0,0.0,80,0.0,50-45,5,UNAVAILABLE,UNAVAILABLE,2.0,120,24.971769916613184,25.0,1.7557321236972916,1.7936265294558513,0.8260869565217391,VALUE
AUSTIN_DRE_PHASE_3,AUSTIN_DOWNFALL_STATE_MODEL_V1,NCAAB_H1_2_AUSTIN_TRANSFER_V1,792ec93ba0bf5eb1,NCAAB_20251213_SMU_LSU,KXNCAAMBGAME-25DEC13SMULSU-LSU,H1_2,0,2025-12-14T02:11:39+00:00,1,360,HEALTHY,0,CI_POSITIVE,NORMAL_SUPPORT,16.251103788689477,8.0,20.0,16.251103788689477,0.0,UNAVAILABLE,UNAVAILABLE,UNAVAILABLE,UNAVAILABLE,79,-2.0,39-28,11,UNAVAILABLE,UNAVAILABLE,47.0,1560,24.8751707158582,25.0,0.9613668229931916,0.9506454702229369,0.8260869565217391,VALUE
AUSTIN_DRE_PHASE_3,AUSTIN_DOWNFALL_STATE_MODEL_V1,NCAAB_H1_2_AUSTIN_TRANSFER_V1,792ec93ba0bf5eb1,NCAAB_20251213_SMU_LSU,KXNCAAMBGAME-25DEC13SMULSU-LSU,H1_2,1,2025-12-14T02:16:58+00:00,1,240,WATCH_NEGATIVE,1,CI_CROSSES_ZERO,NORMAL_SUPPORT,-3.8681800404907696,-20.0,12.0,16.251103788689477,-20.119283829180247,16.251103788689477,-20.119283829180247,-10.059641914590124,UNAVAILABLE,79,-2.0,41-34,7,UNAVAILABLE,UNAVAILABLE,167.0,1440,24.33053876003238,25.0,0.938910448584906,0.9900282136785112,0.9565217391304348,VALUE
AUSTIN_DRE_PHASE_3,AUSTIN_DOWNFALL_STATE_MODEL_V1,NCAAB_H1_2_AUSTIN_TRANSFER_V1,792ec93ba0bf5eb1,NCAAB_20251213_SMU_LSU,KXNCAAMBGAME-25DEC13SMULSU-LSU,H1_2,2,2025-12-14T01:35:03+00:00,1,120,UNRESOLVED,0,CI_UNAVAILABLE,SUPPORT_UNAVAILABLE,UNAVAILABLE,UNAVAILABLE,UNAVAILABLE,16.251103788689477,UNAVAILABLE,16.251103788689477,UNAVAILABLE,UNAVAILABLE,UNAVAILABLE,50,UNAVAILABLE,0-0,0,UNAVAILABLE,UNAVAILABLE,UNAVAILABLE,1320,UNAVAILABLE,UNAVAILABLE,UNAVAILABLE,UNAVAILABLE,0.30434782608695654,NOT_APPLICABLE
AUSTIN_DRE_PHASE_3,AUSTIN_DOWNFALL_STATE_MODEL_V1,NCAAB_H1_2_AUSTIN_TRANSFER_V1,792ec93ba0bf5eb1,NCAAB_20251213_SMU_LSU,KXNCAAMBGAME-25DEC13SMULSU-LSU,H1_2,3,2025-12-14T02:25:02+00:00,1,0,WATCH_NEGATIVE,1,CI_NEGATIVE,NORMAL_SUPPORT,-33.79005534053954,-52.0,-16.0,16.251103788689477,-50.041159129229015,-3.8681800404907696,-29.921875300048768,-7.480468825012192,0.6447932723944829,59,-22.0,47-44,3,UNAVAILABLE,UNAVAILABLE,407.0,1200,24.96426481215796,25.0,1.1055180287355078,1.103692640833176,0.9855072463768116,VALUE
AUSTIN_DRE_PHASE_3,AUSTIN_DOWNFALL_STATE_MODEL_V1,NCAAB_H1_2_AUSTIN_TRANSFER_V1,792ec93ba0bf5eb1,NCAAB_20251213_SMU_LSU,KXNCAAMBGAME-25DEC13SMULSU-LSU,H1_2,4,2025-12-14T02:39:55+00:00,2,1200,PERSISTENCE_2,2,CI_NEGATIVE,NORMAL_SUPPORT,-45.074915281832006,-64.0,-28.0,16.251103788689477,-61.32601907052148,-33.79005534053954,-11.284859941292467,UNAVAILABLE,UNAVAILABLE,61,-20.0,47-44,3,UNAVAILABLE,UNAVAILABLE,407.0,1200,24.919165919728506,25.0,1.65084465283024,1.6700908562944758,0.9855072463768116,VALUE
AUSTIN_DRE_PHASE_3,AUSTIN_DOWNFALL_STATE_MODEL_V1,NCAAB_H1_2_AUSTIN_TRANSFER_V1,792ec93ba0bf5eb1,NCAAB_20251213_SMU_LSU,KXNCAAMBGAME-25DEC13SMULSU-LSU,H1_2,5,2025-12-14T02:39:55+00:00,2,1080,PERSISTENCE_3PLUS,3,CI_NEGATIVE,NORMAL_SUPPORT,-45.074915281832006,-64.0,-28.0,16.251103788689477,-61.32601907052148,-45.074915281832006,0.0,0.0,UNAVAILABLE,61,-20.0,47-44,3,UNAVAILABLE,UNAVAILABLE,407.0,1080,24.919165919728506,25.0,1.65084465283024,1.6700908562944758,0.9855072463768116,VALUE
AUSTIN_DRE_PHASE_3,AUSTIN_DOWNFALL_STATE_MODEL_V1,NCAAB_H1_2_AUSTIN_TRANSFER_V1,792ec93ba0bf5eb1,NCAAB_20251213_SMU_LSU,KXNCAAMBGAME-25DEC13SMULSU-LSU,H1_2,6,2025-12-14T02:39:55+00:00,2,960,PERSISTENCE_3PLUS,4,CI_NEGATIVE,NORMAL_SUPPORT,-45.074915281832006,-64.0,-28.0,16.251103788689477,-61.32601907052148,-45.074915281832006,0.0,0.0,0.0,61,-20.0,47-44,3,UNAVAILABLE,UNAVAILABLE,407.0,960,24.919165919728506,25.0,1.65084465283024,1.6700908562944758,0.9855072463768116,VALUE
AUSTIN_DRE_PHASE_3,AUSTIN_DOWNFALL_STATE_MODEL_V1,NCAAB_H1_2_AUSTIN_TRANSFER_V1,792ec93ba0bf5eb1,NCAAB_20251213_SMU_LSU,KXNCAAMBGAME-25DEC13SMULSU-LSU,H1_2,7,2025-12-14T02:39:55+00:00,2,840,PERSISTENCE_3PLUS,5,CI_NEGATIVE,NORMAL_SUPPORT,-45.074915281832006,-64.0,-28.0,16.251103788689477,-61.32601907052148,-45.074915281832006,0.0,0.0,0.0,61,-20.0,47-44,3,UNAVAILABLE,UNAVAILABLE,407.0,840,24.919165919728506,25.0,1.65084465283024,1.6700908562944758,0.9855072463768116,VALUE
AUSTIN_DRE_PHASE_3,AUSTIN_DOWNFALL_STATE_MODEL_V1,NCAAB_H1_2_AUSTIN_TRANSFER_V1,792ec93ba0bf5eb1,NCAAB_20251213_SMU_LSU,KXNCAAMBGAME-25DEC13SMULSU-LSU,H1_2,8,2025-12-14T02:39:55+00:00,2,720,PERSISTENCE_3PLUS,6,CI_NEGATIVE,NORMAL_SUPPORT,-45.074915281832006,-64.0,-28.0,16.251103788689477,-61.32601907052148,-45.074915281832006,0.0,0.0,0.0,61,-20.0,47-44,3,UNAVAILABLE,UNAVAILABLE,407.0,720,24.919165919728506,25.0,1.65084465283024,1.6700908562944758,0.9855072463768116,VALUE
AUSTIN_DRE_PHASE_3,AUSTIN_DOWNFALL_STATE_MODEL_V1,NCAAB_H1_2_AUSTIN_TRANSFER_V1,792ec93ba0bf5eb1,NCAAB_20251213_SMU_LSU,KXNCAAMBGAME-25DEC13SMULSU-LSU,H1_2,9,2025-12-14T02:39:55+00:00,2,600,PERSISTENCE_3PLUS,7,CI_NEGATIVE,NORMAL_SUPPORT,-45.074915281832006,-64.0,-28.0,16.251103788689477,-61.32601907052148,-45.074915281832006,0.0,0.0,0.0,61,-20.0,47-44,3,UNAVAILABLE,UNAVAILABLE,407.0,600,24.919165919728506,25.0,1.65084465283024,1.6700908562944758,0.9855072463768116,VALUE
AUSTIN_DRE_PHASE_3,AUSTIN_DOWNFALL_STATE_MODEL_V1,NCAAB_H1_2_AUSTIN_TRANSFER_V1,792ec93ba0bf5eb1,NCAAB_20251213_SMU_LSU,KXNCAAMBGAME-25DEC13SMULSU-LSU,H1_2,10,2025-12-14T02:39:55+00:00,2,480,PERSISTENCE_3PLUS,8,CI_NEGATIVE,NORMAL_SUPPORT,-45.074915281832006,-64.0,-28.0,16.251103788689477,-61.32601907052148,-45.074915281832006,0.0,0.0,0.0,61,-20.0,47-44,3,UNAVAILABLE,UNAVAILABLE,407.0,480,24.919165919728506,25.0,1.65084465283024,1.6700908562944758,0.9855072463768116,VALUE
AUSTIN_DRE_PHASE_3,AUSTIN_DOWNFALL_STATE_MODEL_V1,NCAAB_H1_2_AUSTIN_TRANSFER_V1,792ec93ba0bf5eb1,NCAAB_20251213_SMU_LSU,KXNCAAMBGAME-25DEC13SMULSU-LSU,H1_2,11,2025-12-14T02:39:55+00:00,2,360,PERSISTENCE_3PLUS,9,CI_NEGATIVE,NORMAL_SUPPORT,-45.074915281832006,-64.0,-28.0,16.251103788689477,-61.32601907052148,-45.074915281832006,0.0,0.0,0.0,61,-20.0,47-44,3,UNAVAILABLE,UNAVAILABLE,407.0,360,24.919165919728506,25.0,1.65084465283024,1.6700908562944758,0.9855072463768116,VALUE
AUSTIN_DRE_PHASE_3,AUSTIN_DOWNFALL_STATE_MODEL_V1,NCAAB_H1_2_AUSTIN_TRANSFER_V1,792ec93ba0bf5eb1,NCAAB_20251213_SMU_LSU,KXNCAAMBGAME-25DEC13SMULSU-LSU,H1_2,12,2025-12-14T02:39:55+00:00,2,240,PERSISTENCE_3PLUS,10,CI_NEGATIVE,NORMAL_SUPPORT,-45.074915281832006,-64.0,-28.0,16.251103788689477,-61.32601907052148,-45.074915281832006,0.0,0.0,0.0,61,-20.0,47-44,3,UNAVAILABLE,UNAVAILABLE,407.0,240,24.919165919728506,25.0,1.65084465283024,1.6700908562944758,0.9855072463768116,VALUE
AUSTIN_DRE_PHASE_3,AUSTIN_DOWNFALL_STATE_MODEL_V1,NCAAB_H1_2_AUSTIN_TRANSFER_V1,792ec93ba0bf5eb1,NCAAB_20251213_SMU_LSU,KXNCAAMBGAME-25DEC13SMULSU-LSU,H1_2,13,2025-12-14T02:39:55+00:00,2,120,PERSISTENCE_3PLUS,11,CI_NEGATIVE,NORMAL_SUPPORT,-45.074915281832006,-64.0,-28.0,16.251103788689477,-61.32601907052148,-45.074915281832006,0.0,0.0,0.0,61,-20.0,47-44,3,UNAVAILABLE,UNAVAILABLE,407.0,120,24.919165919728506,25.0,1.65084465283024,1.6700908562944758,0.9855072463768116,VALUE
AUSTIN_DRE_PHASE_3,AUSTIN_DOWNFALL_STATE_MODEL_V1,NCAAB_H1_2_AUSTIN_TRANSFER_V1,792ec93ba0bf5eb1,NCAAB_20251213_SMU_LSU,KXNCAAMBGAME-25DEC13SMULSU-LSU,H1_2,14,2025-12-14T03:32:45+00:00,2,0,RECOVERING,0,CI_POSITIVE,NORMAL_SUPPORT,20.0,20.0,20.0,16.251103788689477,3.748896211310523,-45.074915281832006,65.074915281832,32.537457640916,16.268728820458,99,18.0,89-77,12,UNAVAILABLE,UNAVAILABLE,1607.0,0,23.921064816680936,25.0,0.7630519553957853,0.8222920048616585,1.0,VALUE
AUSTIN_DRE_PHASE_3,AUSTIN_DOWNFALL_STATE_MODEL_V1,NCAAB_H1_2_AUSTIN_TRANSFER_V1,f9654c885fdb0841,NCAAB_20251220_MD_UVA,KXNCAAMBGAME-25DEC20MDUVA-UVA,H1_2,0,2025-12-20T23:02:08+00:00,1,120,UNRESOLVED,0,CI_UNAVAILABLE,SUPPORT_UNAVAILABLE,UNAVAILABLE,UNAVAILABLE,UNAVAILABLE,UNAVAILABLE,UNAVAILABLE,UNAVAILABLE,UNAVAILABLE,UNAVAILABLE,UNAVAILABLE,92,UNAVAILABLE,0-0,0,UNAVAILABLE,UNAVAILABLE,UNAVAILABLE,1320,UNAVAILABLE,UNAVAILABLE,UNAVAILABLE,UNAVAILABLE,0.30434782608695654,NOT_APPLICABLE
AUSTIN_DRE_PHASE_3,AUSTIN_DOWNFALL_STATE_MODEL_V1,NCAAB_H1_2_AUSTIN_TRANSFER_V1,f9654c885fdb0841,NCAAB_20251220_MD_UVA,KXNCAAMBGAME-25DEC20MDUVA-UVA,H1_2,1,2025-12-20T23:52:32+00:00,1,0,HEALTHY,0,CI_POSITIVE,NORMAL_SUPPORT,19.999999999999996,20.0,20.0,19.999999999999996,0.0,UNAVAILABLE,UNAVAILABLE,UNAVAILABLE,UNAVAILABLE,90,9.0,24-19,5,UNAVAILABLE,UNAVAILABLE,166.0,1200,24.700319672017823,25.0,0.8259757442911279,0.7682956278053155,0.9565217391304348,VALUE
AUSTIN_DRE_PHASE_3,AUSTIN_DOWNFALL_STATE_MODEL_V1,NCAAB_H1_2_AUSTIN_TRANSFER_V1,f9654c885fdb0841,NCAAB_20251220_MD_UVA,KXNCAAMBGAME-25DEC20MDUVA-UVA,H1_2,2,2025-12-21T00:05:58+00:00,2,1200,WATCH_NEGATIVE,1,CI_CROSSES_ZERO,NORMAL_SUPPORT,-3.822134039305106,-24.0,12.0,19.999999999999996,-23.8221340393051,19.999999999999996,-23.8221340393051,UNAVAILABLE,UNAVAILABLE,92,11.0,24-19,5,UNAVAILABLE,UNAVAILABLE,166.0,1200,24.95921996304488,25.0,1.541386484405847,1.5725839737708902,0.9565217391304348,VALUE
AUSTIN_DRE_PHASE_3,AUSTIN_DOWNFALL_STATE_MODEL_V1,NCAAB_H1_2_AUSTIN_TRANSFER_V1,f9654c885fdb0841,NCAAB_20251220_MD_UVA,KXNCAAMBGAME-25DEC20MDUVA-UVA,H1_2,3,2025-12-21T00:05:58+00:00,2,1080,PERSISTENCE_2,2,CI_CROSSES_ZERO,NORMAL_SUPPORT,-3.822134039305106,-24.0,12.0,19.999999999999996,-23.8221340393051,-3.822134039305106,0.0,0.0,UNAVAILABLE,92,11.0,24-19,5,UNAVAILABLE,UNAVAILABLE,166.0,1080,24.95921996304488,25.0,1.541386484405847,1.5725839737708902,0.9565217391304348,VALUE
AUSTIN_DRE_PHASE_3,AUSTIN_DOWNFALL_STATE_MODEL_V1,NCAAB_H1_2_AUSTIN_TRANSFER_V1,f9654c885fdb0841,NCAAB_20251220_MD_UVA,KXNCAAMBGAME-25DEC20MDUVA-UVA,H1_2,4,2025-12-21T00:05:58+00:00,2,960,PERSISTENCE_3PLUS,3,CI_CROSSES_ZERO,NORMAL_SUPPORT,-3.822134039305106,-24.0,12.0,19.999999999999996,-23.8221340393051,-3.822134039305106,0.0,0.0,0.0,92,11.0,24-19,5,UNAVAILABLE,UNAVAILABLE,166.0,960,24.95921996304488,25.0,1.541386484405847,1.5725839737708902,0.9565217391304348,VALUE
AUSTIN_DRE_PHASE_3,AUSTIN_DOWNFALL_STATE_MODEL_V1,NCAAB_H1_2_AUSTIN_TRANSFER_V1,f9654c885fdb0841,NCAAB_20251220_MD_UVA,KXNCAAMBGAME-25DEC20MDUVA-UVA,H1_2,5,2025-12-21T00:05:58+00:00,2,840,PERSISTENCE_3PLUS,4,CI_CROSSES_ZERO,NORMAL_SUPPORT,-3.822134039305106,-24.0,12.0,19.999999999999996,-23.8221340393051,-3.822134039305106,0.0,0.0,0.0,92,11.0,24-19,5,UNAVAILABLE,UNAVAILABLE,166.0,840,24.95921996304488,25.0,1.541386484405847,1.5725839737708902,0.9565217391304348,VALUE
AUSTIN_DRE_PHASE_3,AUSTIN_DOWNFALL_STATE_MODEL_V1,NCAAB_H1_2_AUSTIN_TRANSFER_V1,f9654c885fdb0841,NCAAB_20251220_MD_UVA,KXNCAAMBGAME-25DEC20MDUVA-UVA,H1_2,6,2025-12-21T00:05:58+00:00,2,720,PERSISTENCE_3PLUS,5,CI_CROSSES_ZERO,NORMAL_SUPPORT,-3.822134039305106,-24.0,12.0,19.999999999999996,-23.8221340393051,-3.822134039305106,0.0,0.0,0.0,92,11.0,24-19,5,UNAVAILABLE,UNAVAILABLE,166.0,720,24.95921996304488,25.0,1.541386484405847,1.5725839737708902,0.9565217391304348,VALUE
AUSTIN_DRE_PHASE_3,AUSTIN_DOWNFALL_STATE_MODEL_V1,NCAAB_H1_2_AUSTIN_TRANSFER_V1,f9654c885fdb0841,NCAAB_20251220_MD_UVA,KXNCAAMBGAME-25DEC20MDUVA-UVA,H1_2,7,2025-12-21T00:05:58+00:00,2,600,PERSISTENCE_3PLUS,6,CI_CROSSES_ZERO,NORMAL_SUPPORT,-3.822134039305106,-24.0,12.0,19.999999999999996,-23.8221340393051,-3.822134039305106,0.0,0.0,0.0,92,11.0,24-19,5,UNAVAILABLE,UNAVAILABLE,166.0,600,24.95921996304488,25.0,1.541386484405847,1.5725839737708902,0.9565217391304348,VALUE
AUSTIN_DRE_PHASE_3,AUSTIN_DOWNFALL_STATE_MODEL_V1,NCAAB_H1_2_AUSTIN_TRANSFER_V1,f9654c885fdb0841,NCAAB_20251220_MD_UVA,KXNCAAMBGAME-25DEC20MDUVA-UVA,H1_2,8,2025-12-21T00:40:53+00:00,2,480,PERSISTENCE_3PLUS,7,CI_CROSSES_ZERO,NORMAL_SUPPORT,-11.120701179445316,-32.0,4.0,19.999999999999996,-31.120701179445312,-3.822134039305106,-7.29856714014021,-3.649283570070105,-1.8246417850350525,94,13.0,53-47,6,UNAVAILABLE,UNAVAILABLE,886.0,480,22.92620376600307,25.0,0.5746172213701791,0.5804515350405977,1.0,VALUE
AUSTIN_DRE_PHASE_3,AUSTIN_DOWNFALL_STATE_MODEL_V1,NCAAB_H1_2_AUSTIN_TRANSFER_V1,f9654c885fdb0841,NCAAB_20251220_MD_UVA,KXNCAAMBGAME-25DEC20MDUVA-UVA,H1_2,9,2025-12-21T00:05:58+00:00,2,360,PERSISTENCE_3PLUS,8,CI_CROSSES_ZERO,NORMAL_SUPPORT,-3.822134039305106,-24.0,12.0,19.999999999999996,-23.8221340393051,-11.120701179445316,7.29856714014021,3.649283570070105,3.649283570070105,92,11.0,24-19,5,UNAVAILABLE,UNAVAILABLE,166.0,360,24.95921996304488,25.0,1.541386484405847,1.5725839737708902,0.9565217391304348,VALUE
AUSTIN_DRE_PHASE_3,AUSTIN_DOWNFALL_STATE_MODEL_V1,NCAAB_H1_2_AUSTIN_TRANSFER_V1,f9654c885fdb0841,NCAAB_20251220_MD_UVA,KXNCAAMBGAME-25DEC20MDUVA-UVA,H1_2,10,2025-12-21T00:05:58+00:00,2,240,PERSISTENCE_3PLUS,9,CI_CROSSES_ZERO,NORMAL_SUPPORT,-3.822134039305106,-24.0,12.0,19.999999999999996,-23.8221340393051,-3.822134039305106,0.0,0.0,-1.8246417850350525,92,11.0,24-19,5,UNAVAILABLE,UNAVAILABLE,166.0,240,24.95921996304488,25.0,1.541386484405847,1.5725839737708902,0.9565217391304348,VALUE
AUSTIN_DRE_PHASE_3,AUSTIN_DOWNFALL_STATE_MODEL_V1,NCAAB_H1_2_AUSTIN_TRANSFER_V1,f9654c885fdb0841,NCAAB_20251220_MD_UVA,KXNCAAMBGAME-25DEC20MDUVA-UVA,H1_2,11,2025-12-21T00:05:58+00:00,2,120,PERSISTENCE_3PLUS,10,CI_CROSSES_ZERO,NORMAL_SUPPORT,-3.822134039305106,-24.0,12.0,19.999999999999996,-23.8221340393051,-3.822134039305106,0.0,0.0,0.0,92,11.0,24-19,5,UNAVAILABLE,UNAVAILABLE,166.0,120,24.95921996304488,25.0,1.541386484405847,1.5725839737708902,0.9565217391304348,VALUE
AUSTIN_DRE_PHASE_3,AUSTIN_DOWNFALL_STATE_MODEL_V1,NCAAB_H1_2_AUSTIN_TRANSFER_V1,f9654c885fdb0841,NCAAB_20251220_MD_UVA,KXNCAAMBGAME-25DEC20MDUVA-UVA,H1_2,12,2025-12-21T01:11:08+00:00,2,0,RECOVERING,0,CI_POSITIVE,NORMAL_SUPPORT,20.000000000000004,20.0,20.0,19.999999999999996,7.105427357601002e-15,-3.822134039305106,23.82213403930511,11.911067019652554,5.955533509826277,99,18.0,80-72,8,UNAVAILABLE,UNAVAILABLE,1366.0,0,24.88353202902786,25.0,0.8777448390814055,0.8986300149015811,1.0,VALUE
AUSTIN_DRE_PHASE_3,AUSTIN_DOWNFALL_STATE_MODEL_V1,NCAAB_H1_2_AUSTIN_TRANSFER_V1,2e58cabf0ad0ffa0,NCAAB_20251221_PSU_PITT,KXNCAAMBGAME-25DEC21PSUPITT-PITT,H1_2,0,2025-12-21T17:01:17+00:00,1,480,UNRESOLVED,0,CI_UNAVAILABLE,SUPPORT_UNAVAILABLE,UNAVAILABLE,UNAVAILABLE,UNAVAILABLE,UNAVAILABLE,UNAVAILABLE,UNAVAILABLE,UNAVAILABLE,UNAVAILABLE,UNAVAILABLE,47,UNAVAILABLE,0-0,0,UNAVAILABLE,UNAVAILABLE,UNAVAILABLE,1680,UNAVAILABLE,UNAVAILABLE,UNAVAILABLE,UNAVAILABLE,0.30434782608695654,NOT_APPLICABLE
AUSTIN_DRE_PHASE_3,AUSTIN_DOWNFALL_STATE_MODEL_V1,NCAAB_H1_2_AUSTIN_TRANSFER_V1,2e58cabf0ad0ffa0,NCAAB_20251221_PSU_PITT,KXNCAAMBGAME-25DEC21PSUPITT-PITT,H1_2,1,2025-12-21T17:01:17+00:00,1,360,UNRESOLVED,0,CI_UNAVAILABLE,SUPPORT_UNAVAILABLE,UNAVAILABLE,UNAVAILABLE,UNAVAILABLE,UNAVAILABLE,UNAVAILABLE,UNAVAILABLE,UNAVAILABLE,UNAVAILABLE,UNAVAILABLE,47,UNAVAILABLE,0-0,0,UNAVAILABLE,UNAVAILABLE,UNAVAILABLE,1560,UNAVAILABLE,UNAVAILABLE,UNAVAILABLE,UNAVAILABLE,0.30434782608695654,NOT_APPLICABLE
AUSTIN_DRE_PHASE_3,AUSTIN_DOWNFALL_STATE_MODEL_V1,NCAAB_H1_2_AUSTIN_TRANSFER_V1,2e58cabf0ad0ffa0,NCAAB_20251221_PSU_PITT,KXNCAAMBGAME-25DEC21PSUPITT-PITT,H1_2,2,2025-12-21T17:01:17+00:00,1,240,UNRESOLVED,0,CI_UNAVAILABLE,SUPPORT_UNAVAILABLE,UNAVAILABLE,UNAVAILABLE,UNAVAILABLE,UNAVAILABLE,UNAVAILABLE,UNAVAILABLE,UNAVAILABLE,UNAVAILABLE,UNAVAILABLE,47,UNAVAILABLE,0-0,0,UNAVAILABLE,UNAVAILABLE,UNAVAILABLE,1440,UNAVAILABLE,UNAVAILABLE,UNAVAILABLE,UNAVAILABLE,0.30434782608695654,NOT_APPLICABLE
AUSTIN_DRE_PHASE_3,AUSTIN_DOWNFALL_STATE_MODEL_V1,NCAAB_H1_2_AUSTIN_TRANSFER_V1,2e58cabf0ad0ffa0,NCAAB_20251221_PSU_PITT,KXNCAAMBGAME-25DEC21PSUPITT-PITT,H1_2,3,2025-12-21T17:39:14+00:00,1,120,HEALTHY,0,CI_POSITIVE,NORMAL_SUPPORT,16.194406689499026,8.0,20.0,16.194406689499026,0.0,UNAVAILABLE,UNAVAILABLE,UNAVAILABLE,UNAVAILABLE,87,7.0,20-35,-15,UNAVAILABLE,UNAVAILABLE,403.0,1320,24.814758507695146,25.0,1.8760800995459816,1.9584465470659953,0.9855072463768116,VALUE
AUSTIN_DRE_PHASE_3,AUSTIN_DOWNFALL_STATE_MODEL_V1,NCAAB_H1_2_AUSTIN_TRANSFER_V1,2e58cabf0ad0ffa0,NCAAB_20251221_PSU_PITT,KXNCAAMBGAME-25DEC21PSUPITT-PITT,H1_2,4,2025-12-21T17:43:27+00:00,1,0,HEALTHY,0,CI_POSITIVE,LOW_HISTORICAL_SUPPORT,20.0,20.0,20.0,16.194406689499026,3.8055933105009743,16.194406689499026,3.8055933105009743,1.9027966552504871,UNAVAILABLE,94,14.0,20-40,-20,UNAVAILABLE,UNAVAILABLE,523.0,1200,24.943048404158638,25.0,2.8807524749722777,2.9320747108902463,0.9855072463768116,VALUE
AUSTIN_DRE_PHASE_3,AUSTIN_DOWNFALL_STATE_MODEL_V1,NCAAB_H1_2_AUSTIN_TRANSFER_V1,2e58cabf0ad0ffa0,NCAAB_20251221_PSU_PITT,KXNCAAMBGAME-25DEC21PSUPITT-PITT,H1_2,5,2025-12-21T17:59:23+00:00,2,1200,HEALTHY,0,CI_POSITIVE,LOW_HISTORICAL_SUPPORT,19.999999999999996,20.0,20.0,16.194406689499026,3.8055933105009707,20.0,-3.552713678800501e-15,UNAVAILABLE,UNAVAILABLE,95,15.0,20-40,-20,UNAVAILABLE,UNAVAILABLE,523.0,1200,24.993670322590585,25.0,3.3477739938103275,3.3672342698082343,0.9855072463768116,VALUE
AUSTIN_DRE_PHASE_3,AUSTIN_DOWNFALL_STATE_MODEL_V1,NCAAB_H1_2_AUSTIN_TRANSFER_V1,2e58cabf0ad0ffa0,NCAAB_20251221_PSU_PITT,KXNCAAMBGAME-25DEC21PSUPITT-PITT,H1_2,6,2025-12-21T17:59:23+00:00,2,1080,HEALTHY,0,CI_POSITIVE,LOW_HISTORICAL_SUPPORT,19.999999999999996,20.0,20.0,16.194406689499026,3.8055933105009707,19.999999999999996,0.0,0.0,UNAVAILABLE,95,15.0,20-40,-20,UNAVAILABLE,UNAVAILABLE,523.0,1080,24.993670322590585,25.0,3.3477739938103275,3.3672342698082343,0.9855072463768116,VALUE
AUSTIN_DRE_PHASE_3,AUSTIN_DOWNFALL_STATE_MODEL_V1,NCAAB_H1_2_AUSTIN_TRANSFER_V1,2e58cabf0ad0ffa0,NCAAB_20251221_PSU_PITT,KXNCAAMBGAME-25DEC21PSUPITT-PITT,H1_2,7,2025-12-21T17:59:23+00:00,2,960,HEALTHY,0,CI_POSITIVE,LOW_HISTORICAL_SUPPORT,19.999999999999996,20.0,20.0,16.194406689499026,3.8055933105009707,19.999999999999996,0.0,0.0,0.0,95,15.0,20-40,-20,UNAVAILABLE,UNAVAILABLE,523.0,960,24.993670322590585,25.0,3.3477739938103275,3.3672342698082343,0.9855072463768116,VALUE
AUSTIN_DRE_PHASE_3,AUSTIN_DOWNFALL_STATE_MODEL_V1,NCAAB_H1_2_AUSTIN_TRANSFER_V1,2e58cabf0ad0ffa0,NCAAB_20251221_PSU_PITT,KXNCAAMBGAME-25DEC21PSUPITT-PITT,H1_2,8,2025-12-21T17:59:23+00:00,2,840,HEALTHY,0,CI_POSITIVE,LOW_HISTORICAL_SUPPORT,19.999999999999996,20.0,20.0,16.194406689499026,3.8055933105009707,19.999999999999996,0.0,0.0,0.0,95,15.0,20-40,-20,UNAVAILABLE,UNAVAILABLE,523.0,840,24.993670322590585,25.0,3.3477739938103275,3.3672342698082343,0.9855072463768116,VALUE
AUSTIN_DRE_PHASE_3,AUSTIN_DOWNFALL_STATE_MODEL_V1,NCAAB_H1_2_AUSTIN_TRANSFER_V1,2e58cabf0ad0ffa0,NCAAB_20251221_PSU_PITT,KXNCAAMBGAME-25DEC21PSUPITT-PITT,H1_2,9,2025-12-21T17:59:23+00:00,2,720,HEALTHY,0,CI_POSITIVE,LOW_HISTORICAL_SUPPORT,19.999999999999996,20.0,20.0,16.194406689499026,3.8055933105009707,19.999999999999996,0.0,0.0,0.0,95,15.0,20-40,-20,UNAVAILABLE,UNAVAILABLE,523.0,720,24.993670322590585,25.0,3.3477739938103275,3.3672342698082343,0.9855072463768116,VALUE
AUSTIN_DRE_PHASE_3,AUSTIN_DOWNFALL_STATE_MODEL_V1,NCAAB_H1_2_AUSTIN_TRANSFER_V1,2e58cabf0ad0ffa0,NCAAB_20251221_PSU_PITT,KXNCAAMBGAME-25DEC21PSUPITT-PITT,H1_2,10,2025-12-21T17:59:23+00:00,2,600,HEALTHY,0,CI_POSITIVE,LOW_HISTORICAL_SUPPORT,19.999999999999996,20.0,20.0,16.194406689499026,3.8055933105009707,19.999999999999996,0.0,0.0,0.0,95,15.0,20-40,-20,UNAVAILABLE,UNAVAILABLE,523.0,600,24.993670322590585,25.0,3.3477739938103275,3.3672342698082343,0.9855072463768116,VALUE
AUSTIN_DRE_PHASE_3,AUSTIN_DOWNFALL_STATE_MODEL_V1,NCAAB_H1_2_AUSTIN_TRANSFER_V1,2e58cabf0ad0ffa0,NCAAB_20251221_PSU_PITT,KXNCAAMBGAME-25DEC21PSUPITT-PITT,H1_2,11,2025-12-21T17:59:23+00:00,2,480,HEALTHY,0,CI_POSITIVE,LOW_HISTORICAL_SUPPORT,19.999999999999996,20.0,20.0,16.194406689499026,3.8055933105009707,19.999999999999996,0.0,0.0,0.0,95,15.0,20-40,-20,UNAVAILABLE,UNAVAILABLE,523.0,480,24.993670322590585,25.0,3.3477739938103275,3.3672342698082343,0.9855072463768116,VALUE
AUSTIN_DRE_PHASE_3,AUSTIN_DOWNFALL_STATE_MODEL_V1,NCAAB_H1_2_AUSTIN_TRANSFER_V1,2e58cabf0ad0ffa0,NCAAB_20251221_PSU_PITT,KXNCAAMBGAME-25DEC21PSUPITT-PITT,H1_2,12,2025-12-21T17:59:23+00:00,2,360,HEALTHY,0,CI_POSITIVE,LOW_HISTORICAL_SUPPORT,19.999999999999996,20.0,20.0,16.194406689499026,3.8055933105009707,19.999999999999996,0.0,0.0,0.0,95,15.0,20-40,-20,UNAVAILABLE,UNAVAILABLE,523.0,360,24.993670322590585,25.0,3.3477739938103275,3.3672342698082343,0.9855072463768116,VALUE
AUSTIN_DRE_PHASE_3,AUSTIN_DOWNFALL_STATE_MODEL_V1,NCAAB_H1_2_AUSTIN_TRANSFER_V1,2e58cabf0ad0ffa0,NCAAB_20251221_PSU_PITT,KXNCAAMBGAME-25DEC21PSUPITT-PITT,H1_2,13,2025-12-21T17:59:23+00:00,2,240,HEALTHY,0,CI_POSITIVE,LOW_HISTORICAL_SUPPORT,19.999999999999996,20.0,20.0,16.194406689499026,3.8055933105009707,19.999999999999996,0.0,0.0,0.0,95,15.0,20-40,-20,UNAVAILABLE,UNAVAILABLE,523.0,240,24.993670322590585,25.0,3.3477739938103275,3.3672342698082343,0.9855072463768116,VALUE
AUSTIN_DRE_PHASE_3,AUSTIN_DOWNFALL_STATE_MODEL_V1,NCAAB_H1_2_AUSTIN_TRANSFER_V1,2e58cabf0ad0ffa0,NCAAB_20251221_PSU_PITT,KXNCAAMBGAME-25DEC21PSUPITT-PITT,H1_2,14,2025-12-21T18:45:07+00:00,2,120,HEALTHY,0,CI_CROSSES_ZERO,LOW_HISTORICAL_SUPPORT,0.013109843037142355,-16.0,16.0,16.194406689499026,-16.181296846461883,19.999999999999996,-19.986890156962854,-9.993445078481427,-4.9967225392407135,99,19.0,43-74,-31,UNAVAILABLE,UNAVAILABLE,1603.0,120,24.9947474713591,25.0,5.725058384753251,5.76330315988931,1.0,VALUE
AUSTIN_DRE_PHASE_3,AUSTIN_DOWNFALL_STATE_MODEL_V1,NCAAB_H1_2_AUSTIN_TRANSFER_V1,e89a44c4339ee6af,NCAAB_20251221_ORST_ASU,KXNCAAMBGAME-25DEC21ORSTASU-ASU,H1_2,0,2025-12-21T20:05:27+00:00,1,120,UNRESOLVED,0,CI_UNAVAILABLE,SUPPORT_UNAVAILABLE,UNAVAILABLE,UNAVAILABLE,UNAVAILABLE,UNAVAILABLE,UNAVAILABLE,UNAVAILABLE,UNAVAILABLE,UNAVAILABLE,UNAVAILABLE,89,UNAVAILABLE,0-0,0,UNAVAILABLE,UNAVAILABLE,UNAVAILABLE,1320,UNAVAILABLE,UNAVAILABLE,UNAVAILABLE,UNAVAILABLE,0.30434782608695654,NOT_APPLICABLE
AUSTIN_DRE_PHASE_3,AUSTIN_DOWNFALL_STATE_MODEL_V1,NCAAB_H1_2_AUSTIN_TRANSFER_V1,e89a44c4339ee6af,NCAAB_20251221_ORST_ASU,KXNCAAMBGAME-25DEC21ORSTASU-ASU,H1_2,1,2025-12-21T21:02:08+00:00,1,0,WATCH_NEGATIVE,1,CI_CROSSES_ZERO,NORMAL_SUPPORT,-18.667400320938263,-40.0,0.0,-18.667400320938263,0.0,UNAVAILABLE,UNAVAILABLE,UNAVAILABLE,UNAVAILABLE,84,4.0,40-38,2,UNAVAILABLE,UNAVAILABLE,228.0,1200,24.91763257524189,25.0,0.6725554970844893,0.6772210845246197,0.9710144927536232,VALUE
AUSTIN_DRE_PHASE_3,AUSTIN_DOWNFALL_STATE_MODEL_V1,NCAAB_H1_2_AUSTIN_TRANSFER_V1,e89a44c4339ee6af,NCAAB_20251221_ORST_ASU,KXNCAAMBGAME-25DEC21ORSTASU-ASU,H1_2,2,2025-12-21T21:17:00+00:00,2,1200,PERSISTENCE_2,2,CI_CROSSES_ZERO,NORMAL_SUPPORT,-2.3955330820402914,-20.0,12.0,-18.667400320938263,16.271867238897972,-18.667400320938263,16.271867238897972,UNAVAILABLE,UNAVAILABLE,84,4.0,40-38,2,UNAVAILABLE,UNAVAILABLE,228.0,1200,24.92937342622833,25.0,1.2338130669236431,1.1863301826901391,0.9710144927536232,VALUE
AUSTIN_DRE_PHASE_3,AUSTIN_DOWNFALL_STATE_MODEL_V1,NCAAB_H1_2_AUSTIN_TRANSFER_V1,e89a44c4339ee6af,NCAAB_20251221_ORST_ASU,KXNCAAMBGAME-25DEC21ORSTASU-ASU,H1_2,3,2025-12-21T21:17:00+00:00,2,1080,PERSISTENCE_3PLUS,3,CI_CROSSES_ZERO,NORMAL_SUPPORT,-2.3955330820402914,-20.0,12.0,-18.667400320938263,16.271867238897972,-2.3955330820402914,0.0,0.0,UNAVAILABLE,84,4.0,40-38,2,UNAVAILABLE,UNAVAILABLE,228.0,1080,24.92937342622833,25.0,1.2338130669236431,1.1863301826901391,0.9710144927536232,VALUE
AUSTIN_DRE_PHASE_3,AUSTIN_DOWNFALL_STATE_MODEL_V1,NCAAB_H1_2_AUSTIN_TRANSFER_V1,e89a44c4339ee6af,NCAAB_20251221_ORST_ASU,KXNCAAMBGAME-25DEC21ORSTASU-ASU,H1_2,4,2025-12-21T21:28:13+00:00,2,960,RECOVERING,0,CI_CROSSES_ZERO,NORMAL_SUPPORT,1.1428267867431239,-16.0,16.0,-18.667400320938263,19.81022710768139,-2.3955330820402914,3.5383598687834152,1.7691799343917076,0.8845899671958538,94,14.0,51-44,7,UNAVAILABLE,UNAVAILABLE,468.0,960,24.60221315056265,25.0,0.6688860815869552,0.6834305623597471,0.9855072463768116,VALUE
AUSTIN_DRE_PHASE_3,AUSTIN_DOWNFALL_STATE_MODEL_V1,NCAAB_H1_2_AUSTIN_TRANSFER_V1,e89a44c4339ee6af,NCAAB_20251221_ORST_ASU,KXNCAAMBGAME-25DEC21ORSTASU-ASU,H1_2,5,2025-12-21T21:17:00+00:00,2,840,WATCH_NEGATIVE,1,CI_CROSSES_ZERO,NORMAL_SUPPORT,-2.3955330820402914,-20.0,12.0,-18.667400320938263,16.271867238897972,1.1428267867431239,-3.5383598687834152,-1.7691799343917076,-1.7691799343917076,84,4.0,40-38,2,UNAVAILABLE,UNAVAILABLE,228.0,840,24.92937342622833,25.0,1.2338130669236431,1.1863301826901391,0.9710144927536232,VALUE
AUSTIN_DRE_PHASE_3,AUSTIN_DOWNFALL_STATE_MODEL_V1,NCAAB_H1_2_AUSTIN_TRANSFER_V1,e89a44c4339ee6af,NCAAB_20251221_ORST_ASU,KXNCAAMBGAME-25DEC21ORSTASU-ASU,H1_2,6,2025-12-21T21:17:00+00:00,2,720,PERSISTENCE_2,2,CI_CROSSES_ZERO,NORMAL_SUPPORT,-2.3955330820402914,-20.0,12.0,-18.667400320938263,16.271867238897972,-2.3955330820402914,0.0,0.0,0.8845899671958538,84,4.0,40-38,2,UNAVAILABLE,UNAVAILABLE,228.0,720,24.92937342622833,25.0,1.2338130669236431,1.1863301826901391,0.9710144927536232,VALUE
AUSTIN_DRE_PHASE_3,AUSTIN_DOWNFALL_STATE_MODEL_V1,NCAAB_H1_2_AUSTIN_TRANSFER_V1,e89a44c4339ee6af,NCAAB_20251221_ORST_ASU,KXNCAAMBGAME-25DEC21ORSTASU-ASU,H1_2,7,2025-12-21T21:17:00+00:00,2,600,PERSISTENCE_3PLUS,3,CI_CROSSES_ZERO,NORMAL_SUPPORT,-2.3955330820402914,-20.0,12.0,-18.667400320938263,16.271867238897972,-2.3955330820402914,0.0,0.0,0.0,84,4.0,40-38,2,UNAVAILABLE,UNAVAILABLE,228.0,600,24.92937342622833,25.0,1.2338130669236431,1.1863301826901391,0.9710144927536232,VALUE
AUSTIN_DRE_PHASE_3,AUSTIN_DOWNFALL_STATE_MODEL_V1,NCAAB_H1_2_AUSTIN_TRANSFER_V1,e89a44c4339ee6af,NCAAB_20251221_ORST_ASU,KXNCAAMBGAME-25DEC21ORSTASU-ASU,H1_2,8,2025-12-21T21:52:50+00:00,2,480,RECOVERING,0,CI_POSITIVE,NORMAL_SUPPORT,16.590301766377117,8.0,20.0,-18.667400320938263,35.25770208731538,-2.3955330820402914,18.985834848417408,9.492917424208704,4.746458712104352,96,16.0,68-59,9,UNAVAILABLE,UNAVAILABLE,948.0,480,24.319130150109192,25.0,0.4994257174085498,0.519482355271951,1.0,VALUE
AUSTIN_DRE_PHASE_3,AUSTIN_DOWNFALL_STATE_MODEL_V1,NCAAB_H1_2_AUSTIN_TRANSFER_V1,e89a44c4339ee6af,NCAAB_20251221_ORST_ASU,KXNCAAMBGAME-25DEC21ORSTASU-ASU,H1_2,9,2025-12-21T21:17:00+00:00,2,360,WATCH_NEGATIVE,1,CI_CROSSES_ZERO,NORMAL_SUPPORT,-2.3955330820402914,-20.0,12.0,-18.667400320938263,16.271867238897972,16.590301766377117,-18.985834848417408,-9.492917424208704,-9.492917424208704,84,4.0,40-38,2,UNAVAILABLE,UNAVAILABLE,228.0,360,24.92937342622833,25.0,1.2338130669236431,1.1863301826901391,0.9710144927536232,VALUE
AUSTIN_DRE_PHASE_3,AUSTIN_DOWNFALL_STATE_MODEL_V1,NCAAB_H1_2_AUSTIN_TRANSFER_V1,e89a44c4339ee6af,NCAAB_20251221_ORST_ASU,KXNCAAMBGAME-25DEC21ORSTASU-ASU,H1_2,10,2025-12-21T21:17:00+00:00,2,240,PERSISTENCE_2,2,CI_CROSSES_ZERO,NORMAL_SUPPORT,-2.3955330820402914,-20.0,12.0,-18.667400320938263,16.271867238897972,-2.3955330820402914,0.0,0.0,4.746458712104352,84,4.0,40-38,2,UNAVAILABLE,UNAVAILABLE,228.0,240,24.92937342622833,25.0,1.2338130669236431,1.1863301826901391,0.9710144927536232,VALUE
AUSTIN_DRE_PHASE_3,AUSTIN_DOWNFALL_STATE_MODEL_V1,NCAAB_H1_2_AUSTIN_TRANSFER_V1,e89a44c4339ee6af,NCAAB_20251221_ORST_ASU,KXNCAAMBGAME-25DEC21ORSTASU-ASU,H1_2,11,2025-12-21T21:17:00+00:00,2,120,PERSISTENCE_3PLUS,3,CI_CROSSES_ZERO,NORMAL_SUPPORT,-2.3955330820402914,-20.0,12.0,-18.667400320938263,16.271867238897972,-2.3955330820402914,0.0,0.0,0.0,84,4.0,40-38,2,UNAVAILABLE,UNAVAILABLE,228.0,120,24.92937342622833,25.0,1.2338130669236431,1.1863301826901391,0.9710144927536232,VALUE
AUSTIN_DRE_PHASE_3,AUSTIN_DOWNFALL_STATE_MODEL_V1,NCAAB_H1_2_AUSTIN_TRANSFER_V1,e89a44c4339ee6af,NCAAB_20251221_ORST_ASU,KXNCAAMBGAME-25DEC21ORSTASU-ASU,H1_2,12,2025-12-21T22:17:59+00:00,2,0,PERSISTENCE_3PLUS,4,CI_NEGATIVE,NORMAL_SUPPORT,-68.57320432839374,-80.0,-56.0,-18.667400320938263,-49.90580400745548,-2.3955330820402914,-66.17767124635346,-33.08883562317673,-16.544417811588364,16,-64.0,75-78,-3,UNAVAILABLE,UNAVAILABLE,1428.0,0,24.83780259590938,25.0,1.25724662904113,1.2768680416599,1.0,VALUE
AUSTIN_DRE_PHASE_3,AUSTIN_DOWNFALL_STATE_MODEL_V1,NCAAB_H1_2_AUSTIN_TRANSFER_V1,6f289b0bf7626471,NCAAB_20260103_UVA_NCST,KXNCAAMBGAME-26JAN03UVANCST-UVA,H1_2,0,2026-01-03T16:01:39+00:00,1,240,UNRESOLVED,0,CI_UNAVAILABLE,SUPPORT_UNAVAILABLE,UNAVAILABLE,UNAVAILABLE,UNAVAILABLE,UNAVAILABLE,UNAVAILABLE,UNAVAILABLE,UNAVAILABLE,UNAVAILABLE,UNAVAILABLE,35,UNAVAILABLE,0-0,0,UNAVAILABLE,UNAVAILABLE,UNAVAILABLE,1440,UNAVAILABLE,UNAVAILABLE,UNAVAILABLE,UNAVAILABLE,0.30434782608695654,NOT_APPLICABLE
AUSTIN_DRE_PHASE_3,AUSTIN_DOWNFALL_STATE_MODEL_V1,NCAAB_H1_2_AUSTIN_TRANSFER_V1,6f289b0bf7626471,NCAAB_20260103_UVA_NCST,KXNCAAMBGAME-26JAN03UVANCST-UVA,H1_2,1,2026-01-03T16:01:39+00:00,1,120,UNRESOLVED,0,CI_UNAVAILABLE,SUPPORT_UNAVAILABLE,UNAVAILABLE,UNAVAILABLE,UNAVAILABLE,UNAVAILABLE,UNAVAILABLE,UNAVAILABLE,UNAVAILABLE,UNAVAILABLE,UNAVAILABLE,35,UNAVAILABLE,0-0,0,UNAVAILABLE,UNAVAILABLE,UNAVAILABLE,1320,UNAVAILABLE,UNAVAILABLE,UNAVAILABLE,UNAVAILABLE,0.30434782608695654,NOT_APPLICABLE
AUSTIN_DRE_PHASE_3,AUSTIN_DOWNFALL_STATE_MODEL_V1,NCAAB_H1_2_AUSTIN_TRANSFER_V1,6f289b0bf7626471,NCAAB_20260103_UVA_NCST,KXNCAAMBGAME-26JAN03UVANCST-UVA,H1_2,2,2026-01-03T16:54:54+00:00,1,0,HEALTHY,0,CI_POSITIVE,NORMAL_SUPPORT,20.0,20.0,20.0,20.0,0.0,UNAVAILABLE,UNAVAILABLE,UNAVAILABLE,UNAVAILABLE,90,10.0,20-40,-20,UNAVAILABLE,UNAVAILABLE,330.0,1200,24.652896164947595,25.0,0.6656695799697729,0.5971457161363364,0.9855072463768116,VALUE
AUSTIN_DRE_PHASE_3,AUSTIN_DOWNFALL_STATE_MODEL_V1,NCAAB_H1_2_AUSTIN_TRANSFER_V1,6f289b0bf7626471,NCAAB_20260103_UVA_NCST,KXNCAAMBGAME-26JAN03UVANCST-UVA,H1_2,3,2026-01-03T17:07:47+00:00,2,1200,HEALTHY,0,CI_CROSSES_ZERO,NORMAL_SUPPORT,12.662296240296868,0.0,20.0,20.0,-7.337703759703132,20.0,-7.337703759703132,UNAVAILABLE,UNAVAILABLE,93,13.0,20-40,-20,UNAVAILABLE,UNAVAILABLE,330.0,1200,24.744581094115087,25.0,1.6658852451507071,1.7227817498574245,0.9855072463768116,VALUE
AUSTIN_DRE_PHASE_3,AUSTIN_DOWNFALL_STATE_MODEL_V1,NCAAB_H1_2_AUSTIN_TRANSFER_V1,6f289b0bf7626471,NCAAB_20260103_UVA_NCST,KXNCAAMBGAME-26JAN03UVANCST-UVA,H1_2,4,2026-01-03T17:07:47+00:00,2,1080,HEALTHY,0,CI_CROSSES_ZERO,NORMAL_SUPPORT,12.662296240296868,0.0,20.0,20.0,-7.337703759703132,12.662296240296868,0.0,0.0,UNAVAILABLE,93,13.0,20-40,-20,UNAVAILABLE,UNAVAILABLE,330.0,1080,24.744581094115087,25.0,1.6658852451507071,1.7227817498574245,0.9855072463768116,VALUE
AUSTIN_DRE_PHASE_3,AUSTIN_DOWNFALL_STATE_MODEL_V1,NCAAB_H1_2_AUSTIN_TRANSFER_V1,6f289b0bf7626471,NCAAB_20260103_UVA_NCST,KXNCAAMBGAME-26JAN03UVANCST-UVA,H1_2,5,2026-01-03T17:07:47+00:00,2,960,HEALTHY,0,CI_CROSSES_ZERO,NORMAL_SUPPORT,12.662296240296868,0.0,20.0,20.0,-7.337703759703132,12.662296240296868,0.0,0.0,0.0,93,13.0,20-40,-20,UNAVAILABLE,UNAVAILABLE,330.0,960,24.744581094115087,25.0,1.6658852451507071,1.7227817498574245,0.9855072463768116,VALUE
AUSTIN_DRE_PHASE_3,AUSTIN_DOWNFALL_STATE_MODEL_V1,NCAAB_H1_2_AUSTIN_TRANSFER_V1,6f289b0bf7626471,NCAAB_20260103_UVA_NCST,KXNCAAMBGAME-26JAN03UVANCST-UVA,H1_2,6,2026-01-03T17:07:47+00:00,2,840,HEALTHY,0,CI_CROSSES_ZERO,NORMAL_SUPPORT,12.662296240296868,0.0,20.0,20.0,-7.337703759703132,12.662296240296868,0.0,0.0,0.0,93,13.0,20-40,-20,UNAVAILABLE,UNAVAILABLE,330.0,840,24.744581094115087,25.0,1.6658852451507071,1.7227817498574245,0.9855072463768116,VALUE
AUSTIN_DRE_PHASE_3,AUSTIN_DOWNFALL_STATE_MODEL_V1,NCAAB_H1_2_AUSTIN_TRANSFER_V1,6f289b0bf7626471,NCAAB_20260103_UVA_NCST,KXNCAAMBGAME-26JAN03UVANCST-UVA,H1_2,7,2026-01-03T17:07:47+00:00,2,720,HEALTHY,0,CI_CROSSES_ZERO,NORMAL_SUPPORT,12.662296240296868,0.0,20.0,20.0,-7.337703759703132,12.662296240296868,0.0,0.0,0.0,93,13.0,20-40,-20,UNAVAILABLE,UNAVAILABLE,330.0,720,24.744581094115087,25.0,1.6658852451507071,1.7227817498574245,0.9855072463768116,VALUE
AUSTIN_DRE_PHASE_3,AUSTIN_DOWNFALL_STATE_MODEL_V1,NCAAB_H1_2_AUSTIN_TRANSFER_V1,6f289b0bf7626471,NCAAB_20260103_UVA_NCST,KXNCAAMBGAME-26JAN03UVANCST-UVA,H1_2,8,2026-01-03T17:07:47+00:00,2,600,HEALTHY,0,CI_CROSSES_ZERO,NORMAL_SUPPORT,12.662296240296868,0.0,20.0,20.0,-7.337703759703132,12.662296240296868,0.0,0.0,0.0,93,13.0,20-40,-20,UNAVAILABLE,UNAVAILABLE,330.0,600,24.744581094115087,25.0,1.6658852451507071,1.7227817498574245,0.9855072463768116,VALUE
AUSTIN_DRE_PHASE_3,AUSTIN_DOWNFALL_STATE_MODEL_V1,NCAAB_H1_2_AUSTIN_TRANSFER_V1,6f289b0bf7626471,NCAAB_20260103_UVA_NCST,KXNCAAMBGAME-26JAN03UVANCST-UVA,H1_2,9,2026-01-03T17:07:47+00:00,2,480,HEALTHY,0,CI_CROSSES_ZERO,NORMAL_SUPPORT,12.662296240296868,0.0,20.0,20.0,-7.337703759703132,12.662296240296868,0.0,0.0,0.0,93,13.0,20-40,-20,UNAVAILABLE,UNAVAILABLE,330.0,480,24.744581094115087,25.0,1.6658852451507071,1.7227817498574245,0.9855072463768116,VALUE
AUSTIN_DRE_PHASE_3,AUSTIN_DOWNFALL_STATE_MODEL_V1,NCAAB_H1_2_AUSTIN_TRANSFER_V1,6f289b0bf7626471,NCAAB_20260103_UVA_NCST,KXNCAAMBGAME-26JAN03UVANCST-UVA,H1_2,10,2026-01-03T17:07:47+00:00,2,360,HEALTHY,0,CI_CROSSES_ZERO,NORMAL_SUPPORT,12.662296240296868,0.0,20.0,20.0,-7.337703759703132,12.662296240296868,0.0,0.0,0.0,93,13.0,20-40,-20,UNAVAILABLE,UNAVAILABLE,330.0,360,24.744581094115087,25.0,1.6658852451507071,1.7227817498574245,0.9855072463768116,VALUE
AUSTIN_DRE_PHASE_3,AUSTIN_DOWNFALL_STATE_MODEL_V1,NCAAB_H1_2_AUSTIN_TRANSFER_V1,6f289b0bf7626471,NCAAB_20260103_UVA_NCST,KXNCAAMBGAME-26JAN03UVANCST-UVA,H1_2,11,2026-01-03T17:07:47+00:00,2,240,HEALTHY,0,CI_CROSSES_ZERO,NORMAL_SUPPORT,12.662296240296868,0.0,20.0,20.0,-7.337703759703132,12.662296240296868,0.0,0.0,0.0,93,13.0,20-40,-20,UNAVAILABLE,UNAVAILABLE,330.0,240,24.744581094115087,25.0,1.6658852451507071,1.7227817498574245,0.9855072463768116,VALUE
AUSTIN_DRE_PHASE_3,AUSTIN_DOWNFALL_STATE_MODEL_V1,NCAAB_H1_2_AUSTIN_TRANSFER_V1,6f289b0bf7626471,NCAAB_20260103_UVA_NCST,KXNCAAMBGAME-26JAN03UVANCST-UVA,H1_2,12,2026-01-03T17:07:47+00:00,2,120,HEALTHY,0,CI_CROSSES_ZERO,NORMAL_SUPPORT,12.662296240296868,0.0,20.0,20.0,-7.337703759703132,12.662296240296868,0.0,0.0,0.0,93,13.0,20-40,-20,UNAVAILABLE,UNAVAILABLE,330.0,120,24.744581094115087,25.0,1.6658852451507071,1.7227817498574245,0.9855072463768116,VALUE
AUSTIN_DRE_PHASE_3,AUSTIN_DOWNFALL_STATE_MODEL_V1,NCAAB_H1_2_AUSTIN_TRANSFER_V1,6f289b0bf7626471,NCAAB_20260103_UVA_NCST,KXNCAAMBGAME-26JAN03UVANCST-UVA,H1_2,13,2026-01-03T18:06:41+00:00,2,0,HEALTHY,0,CI_POSITIVE,NORMAL_SUPPORT,19.999999999999996,20.0,20.0,20.0,-3.552713678800501e-15,12.662296240296868,7.337703759703128,3.668851879851564,1.834425939925782,99,19.0,61-76,-15,UNAVAILABLE,UNAVAILABLE,1530.0,0,24.34719194191194,25.0,0.6069779524777881,0.6234670961960981,1.0,VALUE
AUSTIN_DRE_PHASE_3,AUSTIN_DOWNFALL_STATE_MODEL_V1,NCAAB_H1_2_AUSTIN_TRANSFER_V1,8c3bf1de758e3f25,NCAAB_20260103_AUB_UGA,KXNCAAMBGAME-26JAN03AUBUGA-UGA,H1_2,0,2026-01-03T18:53:30+00:00,1,0,UNRESOLVED,0,CI_UNAVAILABLE,SUPPORT_UNAVAILABLE,UNAVAILABLE,UNAVAILABLE,UNAVAILABLE,UNAVAILABLE,UNAVAILABLE,UNAVAILABLE,UNAVAILABLE,UNAVAILABLE,UNAVAILABLE,78,UNAVAILABLE,47-42,5,UNAVAILABLE,UNAVAILABLE,UNAVAILABLE,1200,UNAVAILABLE,UNAVAILABLE,UNAVAILABLE,UNAVAILABLE,0.30434782608695654,NOT_APPLICABLE
AUSTIN_DRE_PHASE_3,AUSTIN_DOWNFALL_STATE_MODEL_V1,NCAAB_H1_2_AUSTIN_TRANSFER_V1,8c3bf1de758e3f25,NCAAB_20260103_AUB_UGA,KXNCAAMBGAME-26JAN03AUBUGA-UGA,H1_2,1,2026-01-03T19:06:41+00:00,2,1200,HEALTHY,0,CI_CROSSES_ZERO,NORMAL_SUPPORT,8.239052490924706,-4.0,20.0,8.239052490924706,0.0,UNAVAILABLE,UNAVAILABLE,UNAVAILABLE,UNAVAILABLE,80,0.0,47-42,5,UNAVAILABLE,UNAVAILABLE,0.0,1200,24.984613249242017,25.0,1.4225569195122356,1.4042376606138303,0.7246376811594203,VALUE
AUSTIN_DRE_PHASE_3,AUSTIN_DOWNFALL_STATE_MODEL_V1,NCAAB_H1_2_AUSTIN_TRANSFER_V1,8c3bf1de758e3f25,NCAAB_20260103_AUB_UGA,KXNCAAMBGAME-26JAN03AUBUGA-UGA,H1_2,2,2026-01-03T19:06:41+00:00,2,1080,HEALTHY,0,CI_CROSSES_ZERO,NORMAL_SUPPORT,8.239052490924706,-4.0,20.0,8.239052490924706,0.0,8.239052490924706,0.0,0.0,UNAVAILABLE,80,0.0,47-42,5,UNAVAILABLE,UNAVAILABLE,0.0,1080,24.984613249242017,25.0,1.4225569195122356,1.4042376606138303,0.7246376811594203,VALUE
AUSTIN_DRE_PHASE_3,AUSTIN_DOWNFALL_STATE_MODEL_V1,NCAAB_H1_2_AUSTIN_TRANSFER_V1,8c3bf1de758e3f25,NCAAB_20260103_AUB_UGA,KXNCAAMBGAME-26JAN03AUBUGA-UGA,H1_2,3,2026-01-03T19:06:41+00:00,2,960,HEALTHY,0,CI_CROSSES_ZERO,NORMAL_SUPPORT,8.239052490924706,-4.0,20.0,8.239052490924706,0.0,8.239052490924706,0.0,0.0,0.0,80,0.0,47-42,5,UNAVAILABLE,UNAVAILABLE,0.0,960,24.984613249242017,25.0,1.4225569195122356,1.4042376606138303,0.7246376811594203,VALUE
AUSTIN_DRE_PHASE_3,AUSTIN_DOWNFALL_STATE_MODEL_V1,NCAAB_H1_2_AUSTIN_TRANSFER_V1,8c3bf1de758e3f25,NCAAB_20260103_AUB_UGA,KXNCAAMBGAME-26JAN03AUBUGA-UGA,H1_2,4,2026-01-03T19:06:41+00:00,2,840,HEALTHY,0,CI_CROSSES_ZERO,NORMAL_SUPPORT,8.239052490924706,-4.0,20.0,8.239052490924706,0.0,8.239052490924706,0.0,0.0,0.0,80,0.0,47-42,5,UNAVAILABLE,UNAVAILABLE,0.0,840,24.984613249242017,25.0,1.4225569195122356,1.4042376606138303,0.7246376811594203,VALUE
AUSTIN_DRE_PHASE_3,AUSTIN_DOWNFALL_STATE_MODEL_V1,NCAAB_H1_2_AUSTIN_TRANSFER_V1,8c3bf1de758e3f25,NCAAB_20260103_AUB_UGA,KXNCAAMBGAME-26JAN03AUBUGA-UGA,H1_2,5,2026-01-03T19:06:41+00:00,2,720,HEALTHY,0,CI_CROSSES_ZERO,NORMAL_SUPPORT,8.239052490924706,-4.0,20.0,8.239052490924706,0.0,8.239052490924706,0.0,0.0,0.0,80,0.0,47-42,5,UNAVAILABLE,UNAVAILABLE,0.0,720,24.984613249242017,25.0,1.4225569195122356,1.4042376606138303,0.7246376811594203,VALUE
AUSTIN_DRE_PHASE_3,AUSTIN_DOWNFALL_STATE_MODEL_V1,NCAAB_H1_2_AUSTIN_TRANSFER_V1,8c3bf1de758e3f25,NCAAB_20260103_AUB_UGA,KXNCAAMBGAME-26JAN03AUBUGA-UGA,H1_2,6,2026-01-03T19:06:41+00:00,2,600,HEALTHY,0,CI_CROSSES_ZERO,NORMAL_SUPPORT,8.239052490924706,-4.0,20.0,8.239052490924706,0.0,8.239052490924706,0.0,0.0,0.0,80,0.0,47-42,5,UNAVAILABLE,UNAVAILABLE,0.0,600,24.984613249242017,25.0,1.4225569195122356,1.4042376606138303,0.7246376811594203,VALUE
AUSTIN_DRE_PHASE_3,AUSTIN_DOWNFALL_STATE_MODEL_V1,NCAAB_H1_2_AUSTIN_TRANSFER_V1,8c3bf1de758e3f25,NCAAB_20260103_AUB_UGA,KXNCAAMBGAME-26JAN03AUBUGA-UGA,H1_2,7,2026-01-03T19:06:41+00:00,2,480,HEALTHY,0,CI_CROSSES_ZERO,NORMAL_SUPPORT,8.239052490924706,-4.0,20.0,8.239052490924706,0.0,8.239052490924706,0.0,0.0,0.0,80,0.0,47-42,5,UNAVAILABLE,UNAVAILABLE,0.0,480,24.984613249242017,25.0,1.4225569195122356,1.4042376606138303,0.7246376811594203,VALUE
AUSTIN_DRE_PHASE_3,AUSTIN_DOWNFALL_STATE_MODEL_V1,NCAAB_H1_2_AUSTIN_TRANSFER_V1,8c3bf1de758e3f25,NCAAB_20260103_AUB_UGA,KXNCAAMBGAME-26JAN03AUBUGA-UGA,H1_2,8,2026-01-03T19:06:41+00:00,2,360,HEALTHY,0,CI_CROSSES_ZERO,NORMAL_SUPPORT,8.239052490924706,-4.0,20.0,8.239052490924706,0.0,8.239052490924706,0.0,0.0,0.0,80,0.0,47-42,5,UNAVAILABLE,UNAVAILABLE,0.0,360,24.984613249242017,25.0,1.4225569195122356,1.4042376606138303,0.7246376811594203,VALUE
AUSTIN_DRE_PHASE_3,AUSTIN_DOWNFALL_STATE_MODEL_V1,NCAAB_H1_2_AUSTIN_TRANSFER_V1,8c3bf1de758e3f25,NCAAB_20260103_AUB_UGA,KXNCAAMBGAME-26JAN03AUBUGA-UGA,H1_2,9,2026-01-03T19:06:41+00:00,2,240,HEALTHY,0,CI_CROSSES_ZERO,NORMAL_SUPPORT,8.239052490924706,-4.0,20.0,8.239052490924706,0.0,8.239052490924706,0.0,0.0,0.0,80,0.0,47-42,5,UNAVAILABLE,UNAVAILABLE,0.0,240,24.984613249242017,25.0,1.4225569195122356,1.4042376606138303,0.7246376811594203,VALUE
AUSTIN_DRE_PHASE_3,AUSTIN_DOWNFALL_STATE_MODEL_V1,NCAAB_H1_2_AUSTIN_TRANSFER_V1,8c3bf1de758e3f25,NCAAB_20260103_AUB_UGA,KXNCAAMBGAME-26JAN03AUBUGA-UGA,H1_2,10,2026-01-03T19:06:41+00:00,2,120,HEALTHY,0,CI_CROSSES_ZERO,NORMAL_SUPPORT,8.239052490924706,-4.0,20.0,8.239052490924706,0.0,8.239052490924706,0.0,0.0,0.0,80,0.0,47-42,5,UNAVAILABLE,UNAVAILABLE,0.0,120,24.984613249242017,25.0,1.4225569195122356,1.4042376606138303,0.7246376811594203,VALUE
AUSTIN_DRE_PHASE_3,AUSTIN_DOWNFALL_STATE_MODEL_V1,NCAAB_H1_2_AUSTIN_TRANSFER_V1,8c3bf1de758e3f25,NCAAB_20260103_AUB_UGA,KXNCAAMBGAME-26JAN03AUBUGA-UGA,H1_2,11,2026-01-03T20:18:54+00:00,2,0,HEALTHY,0,CI_POSITIVE,NORMAL_SUPPORT,20.0,20.0,20.0,8.239052490924706,11.760947509075294,8.239052490924706,11.760947509075294,5.880473754537647,2.9402368772688234,72,-8.0,92-92,0,UNAVAILABLE,UNAVAILABLE,1200.0,0,24.847924373161767,25.0,0.4994048665572203,0.49061619830686093,1.0,VALUE
AUSTIN_DRE_PHASE_3,AUSTIN_DOWNFALL_STATE_MODEL_V1,NCAAB_H1_2_AUSTIN_TRANSFER_V1,8c3bf1de758e3f25,NCAAB_20260103_AUB_UGA,KXNCAAMBGAME-26JAN03AUBUGA-UGA,H1_2,12,2026-01-03T20:21:06+00:00,3,300,HEALTHY,0,CI_CROSSES_ZERO,NORMAL_SUPPORT,8.072741680439101,-8.0,20.0,8.239052490924706,-0.16631081048560503,20.0,-11.927258319560899,UNAVAILABLE,UNAVAILABLE,62,-18.0,92-92,0,UNAVAILABLE,UNAVAILABLE,1200.0,0,24.388695616929784,25.0,0.4234547266317516,0.422982330029518,1.0,VALUE
AUSTIN_DRE_PHASE_3,AUSTIN_DOWNFALL_STATE_MODEL_V1,NCAAB_H1_2_AUSTIN_TRANSFER_V1,8c3bf1de758e3f25,NCAAB_20260103_AUB_UGA,KXNCAAMBGAME-26JAN03AUBUGA-UGA,H1_2,13,2026-01-03T20:21:06+00:00,3,180,HEALTHY,0,CI_CROSSES_ZERO,NORMAL_SUPPORT,8.072741680439101,-8.0,20.0,8.239052490924706,-0.16631081048560503,8.072741680439101,0.0,0.0,UNAVAILABLE,62,-18.0,92-92,0,UNAVAILABLE,UNAVAILABLE,1200.0,180,24.388695616929784,25.0,0.4234547266317516,0.422982330029518,1.0,VALUE
AUSTIN_DRE_PHASE_3,AUSTIN_DOWNFALL_STATE_MODEL_V1,NCAAB_H1_2_AUSTIN_TRANSFER_V1,8c3bf1de758e3f25,NCAAB_20260103_AUB_UGA,KXNCAAMBGAME-26JAN03AUBUGA-UGA,H1_2,14,2026-01-03T20:31:37+00:00,3,60,HEALTHY,0,CI_CROSSES_ZERO,NORMAL_SUPPORT,5.726118037894603,-12.0,16.0,8.239052490924706,-2.5129344530301037,8.072741680439101,-2.3466236425444986,-1.1733118212722493,-0.5866559106361247,68,-12.0,102-98,4,UNAVAILABLE,UNAVAILABLE,1440.0,60,23.26202823637547,25.0,0.41623856802478754,0.41650002233031425,1.0,VALUE
AUSTIN_DRE_PHASE_3,AUSTIN_DOWNFALL_STATE_MODEL_V1,NCAAB_H1_2_AUSTIN_TRANSFER_V1,0fddb47f73afb527,NCAAB_20260103_BC_GT,KXNCAAMBGAME-26JAN03BCGT-GT,H1_2,0,2026-01-03T19:10:47+00:00,1,360,UNRESOLVED,0,CI_UNAVAILABLE,SUPPORT_UNAVAILABLE,UNAVAILABLE,UNAVAILABLE,UNAVAILABLE,UNAVAILABLE,UNAVAILABLE,UNAVAILABLE,UNAVAILABLE,UNAVAILABLE,UNAVAILABLE,71,UNAVAILABLE,0-0,0,UNAVAILABLE,UNAVAILABLE,UNAVAILABLE,1560,UNAVAILABLE,UNAVAILABLE,UNAVAILABLE,UNAVAILABLE,0.30434782608695654,NOT_APPLICABLE
AUSTIN_DRE_PHASE_3,AUSTIN_DOWNFALL_STATE_MODEL_V1,NCAAB_H1_2_AUSTIN_TRANSFER_V1,0fddb47f73afb527,NCAAB_20260103_BC_GT,KXNCAAMBGAME-26JAN03BCGT-GT,H1_2,1,2026-01-03T19:51:12+00:00,1,240,HEALTHY,0,CI_POSITIVE,NORMAL_SUPPORT,20.0,20.0,20.0,20.0,0.0,UNAVAILABLE,UNAVAILABLE,UNAVAILABLE,UNAVAILABLE,91,9.0,27-17,10,UNAVAILABLE,UNAVAILABLE,194.0,1440,24.817448920447262,25.0,0.7559123820333024,0.7636920853501374,0.9710144927536232,VALUE
AUSTIN_DRE_PHASE_3,AUSTIN_DOWNFALL_STATE_MODEL_V1,NCAAB_H1_2_AUSTIN_TRANSFER_V1,0fddb47f73afb527,NCAAB_20260103_BC_GT,KXNCAAMBGAME-26JAN03BCGT-GT,H1_2,2,2026-01-03T19:10:47+00:00,1,120,UNRESOLVED,0,CI_UNAVAILABLE,SUPPORT_UNAVAILABLE,UNAVAILABLE,UNAVAILABLE,UNAVAILABLE,20.0,UNAVAILABLE,UNAVAILABLE,UNAVAILABLE,UNAVAILABLE,UNAVAILABLE,71,UNAVAILABLE,0-0,0,UNAVAILABLE,UNAVAILABLE,UNAVAILABLE,1320,UNAVAILABLE,UNAVAILABLE,UNAVAILABLE,UNAVAILABLE,0.30434782608695654,NOT_APPLICABLE
AUSTIN_DRE_PHASE_3,AUSTIN_DOWNFALL_STATE_MODEL_V1,NCAAB_H1_2_AUSTIN_TRANSFER_V1,0fddb47f73afb527,NCAAB_20260103_BC_GT,KXNCAAMBGAME-26JAN03BCGT-GT,H1_2,3,2026-01-03T20:01:10+00:00,1,0,WATCH_NEGATIVE,1,CI_CROSSES_ZERO,NORMAL_SUPPORT,-15.02498227664725,-32.0,0.09999999999990905,20.0,-35.02498227664725,20.0,-35.02498227664725,-8.756245569161813,UNAVAILABLE,73,-9.0,27-24,3,UNAVAILABLE,UNAVAILABLE,434.0,1200,24.73743149818885,25.0,0.8766425733322754,0.8067147766315551,0.9855072463768116,VALUE
AUSTIN_DRE_PHASE_3,AUSTIN_DOWNFALL_STATE_MODEL_V1,NCAAB_H1_2_AUSTIN_TRANSFER_V1,0fddb47f73afb527,NCAAB_20260103_BC_GT,KXNCAAMBGAME-26JAN03BCGT-GT,H1_2,4,2026-01-03T20:14:12+00:00,2,1200,PERSISTENCE_2,2,CI_NEGATIVE,NORMAL_SUPPORT,-24.841722722975486,-44.0,-4.0,20.0,-44.84172272297549,-15.02498227664725,-9.816740446328236,UNAVAILABLE,UNAVAILABLE,75,-7.0,27-24,3,UNAVAILABLE,UNAVAILABLE,434.0,1200,24.958647802565878,25.0,1.530278616895074,1.5228071855290626,0.9855072463768116,VALUE
AUSTIN_DRE_PHASE_3,AUSTIN_DOWNFALL_STATE_MODEL_V1,NCAAB_H1_2_AUSTIN_TRANSFER_V1,0fddb47f73afb527,NCAAB_20260103_BC_GT,KXNCAAMBGAME-26JAN03BCGT-GT,H1_2,5,2026-01-03T20:14:12+00:00,2,1080,PERSISTENCE_3PLUS,3,CI_NEGATIVE,NORMAL_SUPPORT,-24.841722722975486,-44.0,-4.0,20.0,-44.84172272297549,-24.841722722975486,0.0,0.0,UNAVAILABLE,75,-7.0,27-24,3,UNAVAILABLE,UNAVAILABLE,434.0,1080,24.958647802565878,25.0,1.530278616895074,1.5228071855290626,0.9855072463768116,VALUE
AUSTIN_DRE_PHASE_3,AUSTIN_DOWNFALL_STATE_MODEL_V1,NCAAB_H1_2_AUSTIN_TRANSFER_V1,0fddb47f73afb527,NCAAB_20260103_BC_GT,KXNCAAMBGAME-26JAN03BCGT-GT,H1_2,6,2026-01-03T20:14:12+00:00,2,960,PERSISTENCE_3PLUS,4,CI_NEGATIVE,NORMAL_SUPPORT,-24.841722722975486,-44.0,-4.0,20.0,-44.84172272297549,-24.841722722975486,0.0,0.0,0.0,75,-7.0,27-24,3,UNAVAILABLE,UNAVAILABLE,434.0,960,24.958647802565878,25.0,1.530278616895074,1.5228071855290626,0.9855072463768116,VALUE
AUSTIN_DRE_PHASE_3,AUSTIN_DOWNFALL_STATE_MODEL_V1,NCAAB_H1_2_AUSTIN_TRANSFER_V1,0fddb47f73afb527,NCAAB_20260103_BC_GT,KXNCAAMBGAME-26JAN03BCGT-GT,H1_2,7,2026-01-03T20:14:12+00:00,2,840,PERSISTENCE_3PLUS,5,CI_NEGATIVE,NORMAL_SUPPORT,-24.841722722975486,-44.0,-4.0,20.0,-44.84172272297549,-24.841722722975486,0.0,0.0,0.0,75,-7.0,27-24,3,UNAVAILABLE,UNAVAILABLE,434.0,840,24.958647802565878,25.0,1.530278616895074,1.5228071855290626,0.9855072463768116,VALUE
AUSTIN_DRE_PHASE_3,AUSTIN_DOWNFALL_STATE_MODEL_V1,NCAAB_H1_2_AUSTIN_TRANSFER_V1,0fddb47f73afb527,NCAAB_20260103_BC_GT,KXNCAAMBGAME-26JAN03BCGT-GT,H1_2,8,2026-01-03T20:14:12+00:00,2,720,PERSISTENCE_3PLUS,6,CI_NEGATIVE,NORMAL_SUPPORT,-24.841722722975486,-44.0,-4.0,20.0,-44.84172272297549,-24.841722722975486,0.0,0.0,0.0,75,-7.0,27-24,3,UNAVAILABLE,UNAVAILABLE,434.0,720,24.958647802565878,25.0,1.530278616895074,1.5228071855290626,0.9855072463768116,VALUE
AUSTIN_DRE_PHASE_3,AUSTIN_DOWNFALL_STATE_MODEL_V1,NCAAB_H1_2_AUSTIN_TRANSFER_V1,0fddb47f73afb527,NCAAB_20260103_BC_GT,KXNCAAMBGAME-26JAN03BCGT-GT,H1_2,9,2026-01-03T20:14:12+00:00,2,600,PERSISTENCE_3PLUS,7,CI_NEGATIVE,NORMAL_SUPPORT,-24.841722722975486,-44.0,-4.0,20.0,-44.84172272297549,-24.841722722975486,0.0,0.0,0.0,75,-7.0,27-24,3,UNAVAILABLE,UNAVAILABLE,434.0,600,24.958647802565878,25.0,1.530278616895074,1.5228071855290626,0.9855072463768116,VALUE
AUSTIN_DRE_PHASE_3,AUSTIN_DOWNFALL_STATE_MODEL_V1,NCAAB_H1_2_AUSTIN_TRANSFER_V1,0fddb47f73afb527,NCAAB_20260103_BC_GT,KXNCAAMBGAME-26JAN03BCGT-GT,H1_2,10,2026-01-03T20:14:12+00:00,2,480,PERSISTENCE_3PLUS,8,CI_NEGATIVE,NORMAL_SUPPORT,-24.841722722975486,-44.0,-4.0,20.0,-44.84172272297549,-24.841722722975486,0.0,0.0,0.0,75,-7.0,27-24,3,UNAVAILABLE,UNAVAILABLE,434.0,480,24.958647802565878,25.0,1.530278616895074,1.5228071855290626,0.9855072463768116,VALUE
AUSTIN_DRE_PHASE_3,AUSTIN_DOWNFALL_STATE_MODEL_V1,NCAAB_H1_2_AUSTIN_TRANSFER_V1,0fddb47f73afb527,NCAAB_20260103_BC_GT,KXNCAAMBGAME-26JAN03BCGT-GT,H1_2,11,2026-01-03T20:14:12+00:00,2,360,PERSISTENCE_3PLUS,9,CI_NEGATIVE,NORMAL_SUPPORT,-24.841722722975486,-44.0,-4.0,20.0,-44.84172272297549,-24.841722722975486,0.0,0.0,0.0,75,-7.0,27-24,3,UNAVAILABLE,UNAVAILABLE,434.0,360,24.958647802565878,25.0,1.530278616895074,1.5228071855290626,0.9855072463768116,VALUE
AUSTIN_DRE_PHASE_3,AUSTIN_DOWNFALL_STATE_MODEL_V1,NCAAB_H1_2_AUSTIN_TRANSFER_V1,0fddb47f73afb527,NCAAB_20260103_BC_GT,KXNCAAMBGAME-26JAN03BCGT-GT,H1_2,12,2026-01-03T20:14:12+00:00,2,240,PERSISTENCE_3PLUS,10,CI_NEGATIVE,NORMAL_SUPPORT,-24.841722722975486,-44.0,-4.0,20.0,-44.84172272297549,-24.841722722975486,0.0,0.0,0.0,75,-7.0,27-24,3,UNAVAILABLE,UNAVAILABLE,434.0,240,24.958647802565878,25.0,1.530278616895074,1.5228071855290626,0.9855072463768116,VALUE
AUSTIN_DRE_PHASE_3,AUSTIN_DOWNFALL_STATE_MODEL_V1,NCAAB_H1_2_AUSTIN_TRANSFER_V1,0fddb47f73afb527,NCAAB_20260103_BC_GT,KXNCAAMBGAME-26JAN03BCGT-GT,H1_2,13,2026-01-03T20:14:12+00:00,2,120,PERSISTENCE_3PLUS,11,CI_NEGATIVE,NORMAL_SUPPORT,-24.841722722975486,-44.0,-4.0,20.0,-44.84172272297549,-24.841722722975486,0.0,0.0,0.0,75,-7.0,27-24,3,UNAVAILABLE,UNAVAILABLE,434.0,120,24.958647802565878,25.0,1.530278616895074,1.5228071855290626,0.9855072463768116,VALUE
AUSTIN_DRE_PHASE_3,AUSTIN_DOWNFALL_STATE_MODEL_V1,NCAAB_H1_2_AUSTIN_TRANSFER_V1,0fddb47f73afb527,NCAAB_20260103_BC_GT,KXNCAAMBGAME-26JAN03BCGT-GT,H1_2,14,2026-01-03T21:21:05+00:00,2,0,RECOVERING,0,CI_POSITIVE,NORMAL_SUPPORT,20.000000000000007,20.0,20.0,20.0,7.105427357601002e-15,-24.841722722975486,44.84172272297549,22.420861361487745,11.210430680743873,99,17.0,65-53,12,UNAVAILABLE,UNAVAILABLE,1634.0,0,24.722918621209462,25.0,0.7523301927794841,0.7683906654210289,1.0,VALUE
AUSTIN_DRE_PHASE_3,AUSTIN_DOWNFALL_STATE_MODEL_V1,NCAAB_H1_2_AUSTIN_TRANSFER_V1,9f47ec88cb960c2b,NCAAB_20260103_MISS_OKLA,KXNCAAMBGAME-26JAN03MISSOKLA-OKLA,H1_2,0,2026-01-03T20:31:03+00:00,1,480,UNRESOLVED,0,CI_UNAVAILABLE,SUPPORT_UNAVAILABLE,UNAVAILABLE,UNAVAILABLE,UNAVAILABLE,UNAVAILABLE,UNAVAILABLE,UNAVAILABLE,UNAVAILABLE,UNAVAILABLE,UNAVAILABLE,73,UNAVAILABLE,0-0,0,UNAVAILABLE,UNAVAILABLE,UNAVAILABLE,1680,UNAVAILABLE,UNAVAILABLE,UNAVAILABLE,UNAVAILABLE,0.30434782608695654,NOT_APPLICABLE
AUSTIN_DRE_PHASE_3,AUSTIN_DOWNFALL_STATE_MODEL_V1,NCAAB_H1_2_AUSTIN_TRANSFER_V1,9f47ec88cb960c2b,NCAAB_20260103_MISS_OKLA,KXNCAAMBGAME-26JAN03MISSOKLA-OKLA,H1_2,1,2026-01-03T20:31:03+00:00,1,360,UNRESOLVED,0,CI_UNAVAILABLE,SUPPORT_UNAVAILABLE,UNAVAILABLE,UNAVAILABLE,UNAVAILABLE,UNAVAILABLE,UNAVAILABLE,UNAVAILABLE,UNAVAILABLE,UNAVAILABLE,UNAVAILABLE,73,UNAVAILABLE,0-0,0,UNAVAILABLE,UNAVAILABLE,UNAVAILABLE,1560,UNAVAILABLE,UNAVAILABLE,UNAVAILABLE,UNAVAILABLE,0.30434782608695654,NOT_APPLICABLE
AUSTIN_DRE_PHASE_3,AUSTIN_DOWNFALL_STATE_MODEL_V1,NCAAB_H1_2_AUSTIN_TRANSFER_V1,9f47ec88cb960c2b,NCAAB_20260103_MISS_OKLA,KXNCAAMBGAME-26JAN03MISSOKLA-OKLA,H1_2,2,2026-01-03T20:31:03+00:00,1,240,UNRESOLVED,0,CI_UNAVAILABLE,SUPPORT_UNAVAILABLE,UNAVAILABLE,UNAVAILABLE,UNAVAILABLE,UNAVAILABLE,UNAVAILABLE,UNAVAILABLE,UNAVAILABLE,UNAVAILABLE,UNAVAILABLE,73,UNAVAILABLE,0-0,0,UNAVAILABLE,UNAVAILABLE,UNAVAILABLE,1440,UNAVAILABLE,UNAVAILABLE,UNAVAILABLE,UNAVAILABLE,0.30434782608695654,NOT_APPLICABLE
AUSTIN_DRE_PHASE_3,AUSTIN_DOWNFALL_STATE_MODEL_V1,NCAAB_H1_2_AUSTIN_TRANSFER_V1,9f47ec88cb960c2b,NCAAB_20260103_MISS_OKLA,KXNCAAMBGAME-26JAN03MISSOKLA-OKLA,H1_2,3,2026-01-03T20:31:03+00:00,1,120,UNRESOLVED,0,CI_UNAVAILABLE,SUPPORT_UNAVAILABLE,UNAVAILABLE,UNAVAILABLE,UNAVAILABLE,UNAVAILABLE,UNAVAILABLE,UNAVAILABLE,UNAVAILABLE,UNAVAILABLE,UNAVAILABLE,73,UNAVAILABLE,0-0,0,UNAVAILABLE,UNAVAILABLE,UNAVAILABLE,1320,UNAVAILABLE,UNAVAILABLE,UNAVAILABLE,UNAVAILABLE,0.30434782608695654,NOT_APPLICABLE
AUSTIN_DRE_PHASE_3,AUSTIN_DOWNFALL_STATE_MODEL_V1,NCAAB_H1_2_AUSTIN_TRANSFER_V1,9f47ec88cb960c2b,NCAAB_20260103_MISS_OKLA,KXNCAAMBGAME-26JAN03MISSOKLA-OKLA,H1_2,4,2026-01-03T21:18:06+00:00,1,0,WATCH_NEGATIVE,1,CI_NEGATIVE,NORMAL_SUPPORT,-67.4751909685269,-80.0,-52.0,-67.4751909685269,0.0,UNAVAILABLE,UNAVAILABLE,UNAVAILABLE,UNAVAILABLE,72,-8.0,43-41,2,UNAVAILABLE,UNAVAILABLE,488.0,1200,24.96794730156985,25.0,0.719863744378711,0.7272769837380736,0.9855072463768116,VALUE
AUSTIN_DRE_PHASE_3,AUSTIN_DOWNFALL_STATE_MODEL_V1,NCAAB_H1_2_AUSTIN_TRANSFER_V1,9f47ec88cb960c2b,NCAAB_20260103_MISS_OKLA,KXNCAAMBGAME-26JAN03MISSOKLA-OKLA,H1_2,5,2026-01-03T21:33:27+00:00,2,1200,PERSISTENCE_2,2,CI_NEGATIVE,NORMAL_SUPPORT,-31.685843413053917,-52.0,-12.0,-67.4751909685269,35.789347555472986,-67.4751909685269,35.789347555472986,UNAVAILABLE,UNAVAILABLE,72,-8.0,43-41,2,UNAVAILABLE,UNAVAILABLE,488.0,1200,24.99818907159129,25.0,1.2538958337602681,1.2533417122624262,0.9855072463768116,VALUE
AUSTIN_DRE_PHASE_3,AUSTIN_DOWNFALL_STATE_MODEL_V1,NCAAB_H1_2_AUSTIN_TRANSFER_V1,9f47ec88cb960c2b,NCAAB_20260103_MISS_OKLA,KXNCAAMBGAME-26JAN03MISSOKLA-OKLA,H1_2,6,2026-01-03T21:33:27+00:00,2,1080,PERSISTENCE_3PLUS,3,CI_NEGATIVE,NORMAL_SUPPORT,-31.685843413053917,-52.0,-12.0,-67.4751909685269,35.789347555472986,-31.685843413053917,0.0,0.0,UNAVAILABLE,72,-8.0,43-41,2,UNAVAILABLE,UNAVAILABLE,488.0,1080,24.99818907159129,25.0,1.2538958337602681,1.2533417122624262,0.9855072463768116,VALUE
AUSTIN_DRE_PHASE_3,AUSTIN_DOWNFALL_STATE_MODEL_V1,NCAAB_H1_2_AUSTIN_TRANSFER_V1,9f47ec88cb960c2b,NCAAB_20260103_MISS_OKLA,KXNCAAMBGAME-26JAN03MISSOKLA-OKLA,H1_2,7,2026-01-03T21:33:27+00:00,2,960,PERSISTENCE_3PLUS,4,CI_NEGATIVE,NORMAL_SUPPORT,-31.685843413053917,-52.0,-12.0,-67.4751909685269,35.789347555472986,-31.685843413053917,0.0,0.0,0.0,72,-8.0,43-41,2,UNAVAILABLE,UNAVAILABLE,488.0,960,24.99818907159129,25.0,1.2538958337602681,1.2533417122624262,0.9855072463768116,VALUE
AUSTIN_DRE_PHASE_3,AUSTIN_DOWNFALL_STATE_MODEL_V1,NCAAB_H1_2_AUSTIN_TRANSFER_V1,9f47ec88cb960c2b,NCAAB_20260103_MISS_OKLA,KXNCAAMBGAME-26JAN03MISSOKLA-OKLA,H1_2,8,2026-01-03T21:33:27+00:00,2,840,PERSISTENCE_3PLUS,5,CI_NEGATIVE,NORMAL_SUPPORT,-31.685843413053917,-52.0,-12.0,-67.4751909685269,35.789347555472986,-31.685843413053917,0.0,0.0,0.0,72,-8.0,43-41,2,UNAVAILABLE,UNAVAILABLE,488.0,840,24.99818907159129,25.0,1.2538958337602681,1.2533417122624262,0.9855072463768116,VALUE
AUSTIN_DRE_PHASE_3,AUSTIN_DOWNFALL_STATE_MODEL_V1,NCAAB_H1_2_AUSTIN_TRANSFER_V1,9f47ec88cb960c2b,NCAAB_20260103_MISS_OKLA,KXNCAAMBGAME-26JAN03MISSOKLA-OKLA,H1_2,9,2026-01-03T21:33:27+00:00,2,720,PERSISTENCE_3PLUS,6,CI_NEGATIVE,NORMAL_SUPPORT,-31.685843413053917,-52.0,-12.0,-67.4751909685269,35.789347555472986,-31.685843413053917,0.0,0.0,0.0,72,-8.0,43-41,2,UNAVAILABLE,UNAVAILABLE,488.0,720,24.99818907159129,25.0,1.2538958337602681,1.2533417122624262,0.9855072463768116,VALUE
AUSTIN_DRE_PHASE_3,AUSTIN_DOWNFALL_STATE_MODEL_V1,NCAAB_H1_2_AUSTIN_TRANSFER_V1,9f47ec88cb960c2b,NCAAB_20260103_MISS_OKLA,KXNCAAMBGAME-26JAN03MISSOKLA-OKLA,H1_2,10,2026-01-03T21:33:27+00:00,2,600,PERSISTENCE_3PLUS,7,CI_NEGATIVE,NORMAL_SUPPORT,-31.685843413053917,-52.0,-12.0,-67.4751909685269,35.789347555472986,-31.685843413053917,0.0,0.0,0.0,72,-8.0,43-41,2,UNAVAILABLE,UNAVAILABLE,488.0,600,24.99818907159129,25.0,1.2538958337602681,1.2533417122624262,0.9855072463768116,VALUE
AUSTIN_DRE_PHASE_3,AUSTIN_DOWNFALL_STATE_MODEL_V1,NCAAB_H1_2_AUSTIN_TRANSFER_V1,9f47ec88cb960c2b,NCAAB_20260103_MISS_OKLA,KXNCAAMBGAME-26JAN03MISSOKLA-OKLA,H1_2,11,2026-01-03T21:33:27+00:00,2,480,PERSISTENCE_3PLUS,8,CI_NEGATIVE,NORMAL_SUPPORT,-31.685843413053917,-52.0,-12.0,-67.4751909685269,35.789347555472986,-31.685843413053917,0.0,0.0,0.0,72,-8.0,43-41,2,UNAVAILABLE,UNAVAILABLE,488.0,480,24.99818907159129,25.0,1.2538958337602681,1.2533417122624262,0.9855072463768116,VALUE
AUSTIN_DRE_PHASE_3,AUSTIN_DOWNFALL_STATE_MODEL_V1,NCAAB_H1_2_AUSTIN_TRANSFER_V1,9f47ec88cb960c2b,NCAAB_20260103_MISS_OKLA,KXNCAAMBGAME-26JAN03MISSOKLA-OKLA,H1_2,12,2026-01-03T21:33:27+00:00,2,360,PERSISTENCE_3PLUS,9,CI_NEGATIVE,NORMAL_SUPPORT,-31.685843413053917,-52.0,-12.0,-67.4751909685269,35.789347555472986,-31.685843413053917,0.0,0.0,0.0,72,-8.0,43-41,2,UNAVAILABLE,UNAVAILABLE,488.0,360,24.99818907159129,25.0,1.2538958337602681,1.2533417122624262,0.9855072463768116,VALUE
AUSTIN_DRE_PHASE_3,AUSTIN_DOWNFALL_STATE_MODEL_V1,NCAAB_H1_2_AUSTIN_TRANSFER_V1,9f47ec88cb960c2b,NCAAB_20260103_MISS_OKLA,KXNCAAMBGAME-26JAN03MISSOKLA-OKLA,H1_2,13,2026-01-03T21:33:27+00:00,2,240,PERSISTENCE_3PLUS,10,CI_NEGATIVE,NORMAL_SUPPORT,-31.685843413053917,-52.0,-12.0,-67.4751909685269,35.789347555472986,-31.685843413053917,0.0,0.0,0.0,72,-8.0,43-41,2,UNAVAILABLE,UNAVAILABLE,488.0,240,24.99818907159129,25.0,1.2538958337602681,1.2533417122624262,0.9855072463768116,VALUE
AUSTIN_DRE_PHASE_3,AUSTIN_DOWNFALL_STATE_MODEL_V1,NCAAB_H1_2_AUSTIN_TRANSFER_V1,9f47ec88cb960c2b,NCAAB_20260103_MISS_OKLA,KXNCAAMBGAME-26JAN03MISSOKLA-OKLA,H1_2,14,2026-01-03T21:33:27+00:00,2,120,PERSISTENCE_3PLUS,11,CI_NEGATIVE,NORMAL_SUPPORT,-31.685843413053917,-52.0,-12.0,-67.4751909685269,35.789347555472986,-31.685843413053917,0.0,0.0,0.0,72,-8.0,43-41,2,UNAVAILABLE,UNAVAILABLE,488.0,120,24.99818907159129,25.0,1.2538958337602681,1.2533417122624262,0.9855072463768116,VALUE
AUSTIN_DRE_PHASE_3,AUSTIN_DOWNFALL_STATE_MODEL_V1,NCAAB_H1_2_AUSTIN_TRANSFER_V1,9f47ec88cb960c2b,NCAAB_20260103_MISS_OKLA,KXNCAAMBGAME-26JAN03MISSOKLA-OKLA,H1_2,15,2026-01-03T22:29:06+00:00,2,0,RECOVERING,0,CI_POSITIVE,NORMAL_SUPPORT,20.0,20.0,20.0,-67.4751909685269,87.4751909685269,-31.685843413053917,51.68584341305392,25.84292170652696,12.92146085326348,99,19.0,86-70,16,UNAVAILABLE,UNAVAILABLE,1688.0,0,24.70158497252415,25.0,0.5740325992876272,0.6128041891111943,1.0,VALUE
AUSTIN_DRE_PHASE_3,AUSTIN_DOWNFALL_STATE_MODEL_V1,NCAAB_H1_2_AUSTIN_TRANSFER_V1,f5099282fcad5ae9,NCAAB_20260103_DUKE_FSU,KXNCAAMBGAME-26JAN03DUKEFSU-DUKE,H1_2,0,2026-01-03T21:44:29+00:00,1,0,HEALTHY,0,CI_POSITIVE,NORMAL_SUPPORT,20.0,20.0,20.0,20.0,0.0,UNAVAILABLE,UNAVAILABLE,UNAVAILABLE,UNAVAILABLE,84,1.0,42-42,0,UNAVAILABLE,UNAVAILABLE,46.0,1200,24.944000820072542,25.0,1.2489862261326754,1.2120313238752634,0.8405797101449275,VALUE
AUSTIN_DRE_PHASE_3,AUSTIN_DOWNFALL_STATE_MODEL_V1,NCAAB_H1_2_AUSTIN_TRANSFER_V1,f5099282fcad5ae9,NCAAB_20260103_DUKE_FSU,KXNCAAMBGAME-26JAN03DUKEFSU-DUKE,H1_2,1,2026-01-03T21:57:40+00:00,2,1200,WATCH_NEGATIVE,1,CI_CROSSES_ZERO,NORMAL_SUPPORT,-3.4134705788949997,-20.09999999999991,12.0,20.0,-23.413470578895,20.0,-23.413470578895,UNAVAILABLE,UNAVAILABLE,85,2.0,42-42,0,UNAVAILABLE,UNAVAILABLE,46.0,1200,24.929829394208948,25.0,1.9539916001927669,1.9765159562019792,0.855072463768116,VALUE
AUSTIN_DRE_PHASE_3,AUSTIN_DOWNFALL_STATE_MODEL_V1,NCAAB_H1_2_AUSTIN_TRANSFER_V1,f5099282fcad5ae9,NCAAB_20260103_DUKE_FSU,KXNCAAMBGAME-26JAN03DUKEFSU-DUKE,H1_2,2,2026-01-03T21:57:40+00:00,2,1080,PERSISTENCE_2,2,CI_CROSSES_ZERO,NORMAL_SUPPORT,-3.4134705788949997,-20.09999999999991,12.0,20.0,-23.413470578895,-3.4134705788949997,0.0,0.0,UNAVAILABLE,85,2.0,42-42,0,UNAVAILABLE,UNAVAILABLE,46.0,1080,24.929829394208948,25.0,1.9539916001927669,1.9765159562019792,0.855072463768116,VALUE
AUSTIN_DRE_PHASE_3,AUSTIN_DOWNFALL_STATE_MODEL_V1,NCAAB_H1_2_AUSTIN_TRANSFER_V1,f5099282fcad5ae9,NCAAB_20260103_DUKE_FSU,KXNCAAMBGAME-26JAN03DUKEFSU-DUKE,H1_2,3,2026-01-03T21:57:40+00:00,2,960,PERSISTENCE_3PLUS,3,CI_CROSSES_ZERO,NORMAL_SUPPORT,-3.4134705788949997,-20.09999999999991,12.0,20.0,-23.413470578895,-3.4134705788949997,0.0,0.0,0.0,85,2.0,42-42,0,UNAVAILABLE,UNAVAILABLE,46.0,960,24.929829394208948,25.0,1.9539916001927669,1.9765159562019792,0.855072463768116,VALUE
AUSTIN_DRE_PHASE_3,AUSTIN_DOWNFALL_STATE_MODEL_V1,NCAAB_H1_2_AUSTIN_TRANSFER_V1,f5099282fcad5ae9,NCAAB_20260103_DUKE_FSU,KXNCAAMBGAME-26JAN03DUKEFSU-DUKE,H1_2,4,2026-01-03T21:57:40+00:00,2,840,PERSISTENCE_3PLUS,4,CI_CROSSES_ZERO,NORMAL_SUPPORT,-3.4134705788949997,-20.09999999999991,12.0,20.0,-23.413470578895,-3.4134705788949997,0.0,0.0,0.0,85,2.0,42-42,0,UNAVAILABLE,UNAVAILABLE,46.0,840,24.929829394208948,25.0,1.9539916001927669,1.9765159562019792,0.855072463768116,VALUE
AUSTIN_DRE_PHASE_3,AUSTIN_DOWNFALL_STATE_MODEL_V1,NCAAB_H1_2_AUSTIN_TRANSFER_V1,f5099282fcad5ae9,NCAAB_20260103_DUKE_FSU,KXNCAAMBGAME-26JAN03DUKEFSU-DUKE,H1_2,5,2026-01-03T21:57:40+00:00,2,720,PERSISTENCE_3PLUS,5,CI_CROSSES_ZERO,NORMAL_SUPPORT,-3.4134705788949997,-20.09999999999991,12.0,20.0,-23.413470578895,-3.4134705788949997,0.0,0.0,0.0,85,2.0,42-42,0,UNAVAILABLE,UNAVAILABLE,46.0,720,24.929829394208948,25.0,1.9539916001927669,1.9765159562019792,0.855072463768116,VALUE
AUSTIN_DRE_PHASE_3,AUSTIN_DOWNFALL_STATE_MODEL_V1,NCAAB_H1_2_AUSTIN_TRANSFER_V1,f5099282fcad5ae9,NCAAB_20260103_DUKE_FSU,KXNCAAMBGAME-26JAN03DUKEFSU-DUKE,H1_2,6,2026-01-03T21:57:40+00:00,2,600,PERSISTENCE_3PLUS,6,CI_CROSSES_ZERO,NORMAL_SUPPORT,-3.4134705788949997,-20.09999999999991,12.0,20.0,-23.413470578895,-3.4134705788949997,0.0,0.0,0.0,85,2.0,42-42,0,UNAVAILABLE,UNAVAILABLE,46.0,600,24.929829394208948,25.0,1.9539916001927669,1.9765159562019792,0.855072463768116,VALUE
AUSTIN_DRE_PHASE_3,AUSTIN_DOWNFALL_STATE_MODEL_V1,NCAAB_H1_2_AUSTIN_TRANSFER_V1,f5099282fcad5ae9,NCAAB_20260103_DUKE_FSU,KXNCAAMBGAME-26JAN03DUKEFSU-DUKE,H1_2,7,2026-01-03T21:57:40+00:00,2,480,PERSISTENCE_3PLUS,7,CI_CROSSES_ZERO,NORMAL_SUPPORT,-3.4134705788949997,-20.09999999999991,12.0,20.0,-23.413470578895,-3.4134705788949997,0.0,0.0,0.0,85,2.0,42-42,0,UNAVAILABLE,UNAVAILABLE,46.0,480,24.929829394208948,25.0,1.9539916001927669,1.9765159562019792,0.855072463768116,VALUE
AUSTIN_DRE_PHASE_3,AUSTIN_DOWNFALL_STATE_MODEL_V1,NCAAB_H1_2_AUSTIN_TRANSFER_V1,f5099282fcad5ae9,NCAAB_20260103_DUKE_FSU,KXNCAAMBGAME-26JAN03DUKEFSU-DUKE,H1_2,8,2026-01-03T21:57:40+00:00,2,360,PERSISTENCE_3PLUS,8,CI_CROSSES_ZERO,NORMAL_SUPPORT,-3.4134705788949997,-20.09999999999991,12.0,20.0,-23.413470578895,-3.4134705788949997,0.0,0.0,0.0,85,2.0,42-42,0,UNAVAILABLE,UNAVAILABLE,46.0,360,24.929829394208948,25.0,1.9539916001927669,1.9765159562019792,0.855072463768116,VALUE
AUSTIN_DRE_PHASE_3,AUSTIN_DOWNFALL_STATE_MODEL_V1,NCAAB_H1_2_AUSTIN_TRANSFER_V1,f5099282fcad5ae9,NCAAB_20260103_DUKE_FSU,KXNCAAMBGAME-26JAN03DUKEFSU-DUKE,H1_2,9,2026-01-03T21:57:40+00:00,2,240,PERSISTENCE_3PLUS,9,CI_CROSSES_ZERO,NORMAL_SUPPORT,-3.4134705788949997,-20.09999999999991,12.0,20.0,-23.413470578895,-3.4134705788949997,0.0,0.0,0.0,85,2.0,42-42,0,UNAVAILABLE,UNAVAILABLE,46.0,240,24.929829394208948,25.0,1.9539916001927669,1.9765159562019792,0.855072463768116,VALUE
AUSTIN_DRE_PHASE_3,AUSTIN_DOWNFALL_STATE_MODEL_V1,NCAAB_H1_2_AUSTIN_TRANSFER_V1,f5099282fcad5ae9,NCAAB_20260103_DUKE_FSU,KXNCAAMBGAME-26JAN03DUKEFSU-DUKE,H1_2,10,2026-01-03T21:57:40+00:00,2,120,PERSISTENCE_3PLUS,10,CI_CROSSES_ZERO,NORMAL_SUPPORT,-3.4134705788949997,-20.09999999999991,12.0,20.0,-23.413470578895,-3.4134705788949997,0.0,0.0,0.0,85,2.0,42-42,0,UNAVAILABLE,UNAVAILABLE,46.0,120,24.929829394208948,25.0,1.9539916001927669,1.9765159562019792,0.855072463768116,VALUE
AUSTIN_DRE_PHASE_3,AUSTIN_DOWNFALL_STATE_MODEL_V1,NCAAB_H1_2_AUSTIN_TRANSFER_V1,f5099282fcad5ae9,NCAAB_20260103_DUKE_FSU,KXNCAAMBGAME-26JAN03DUKEFSU-DUKE,H1_2,11,2026-01-03T22:59:21+00:00,2,0,RECOVERING,0,CI_POSITIVE,NORMAL_SUPPORT,16.21410879838117,8.0,20.0,20.0,-3.7858912016188313,-3.4134705788949997,19.62757937727617,9.813789688638085,4.9068948443190425,99,16.0,87-91,-4,UNAVAILABLE,UNAVAILABLE,1246.0,0,24.874936258037746,25.0,1.0588998453941496,1.0601252396543757,1.0,VALUE
AUSTIN_DRE_PHASE_3,AUSTIN_DOWNFALL_STATE_MODEL_V1,NCAAB_H1_2_AUSTIN_TRANSFER_V1,a4a396d73b1d8101,NCAAB_20260103_COLO_ASU,KXNCAAMBGAME-26JAN03COLOASU-COLO,H1_2,0,2026-01-03T22:10:44+00:00,1,240,UNRESOLVED,0,CI_UNAVAILABLE,SUPPORT_UNAVAILABLE,UNAVAILABLE,UNAVAILABLE,UNAVAILABLE,UNAVAILABLE,UNAVAILABLE,UNAVAILABLE,UNAVAILABLE,UNAVAILABLE,UNAVAILABLE,45,UNAVAILABLE,0-0,0,UNAVAILABLE,UNAVAILABLE,UNAVAILABLE,1440,UNAVAILABLE,UNAVAILABLE,UNAVAILABLE,UNAVAILABLE,0.30434782608695654,NOT_APPLICABLE
AUSTIN_DRE_PHASE_3,AUSTIN_DOWNFALL_STATE_MODEL_V1,NCAAB_H1_2_AUSTIN_TRANSFER_V1,a4a396d73b1d8101,NCAAB_20260103_COLO_ASU,KXNCAAMBGAME-26JAN03COLOASU-COLO,H1_2,1,2026-01-03T22:10:44+00:00,1,120,UNRESOLVED,0,CI_UNAVAILABLE,SUPPORT_UNAVAILABLE,UNAVAILABLE,UNAVAILABLE,UNAVAILABLE,UNAVAILABLE,UNAVAILABLE,UNAVAILABLE,UNAVAILABLE,UNAVAILABLE,UNAVAILABLE,45,UNAVAILABLE,0-0,0,UNAVAILABLE,UNAVAILABLE,UNAVAILABLE,1320,UNAVAILABLE,UNAVAILABLE,UNAVAILABLE,UNAVAILABLE,0.30434782608695654,NOT_APPLICABLE
AUSTIN_DRE_PHASE_3,AUSTIN_DOWNFALL_STATE_MODEL_V1,NCAAB_H1_2_AUSTIN_TRANSFER_V1,a4a396d73b1d8101,NCAAB_20260103_COLO_ASU,KXNCAAMBGAME-26JAN03COLOASU-COLO,H1_2,2,2026-01-03T23:02:59+00:00,1,0,HEALTHY,0,CI_POSITIVE,NORMAL_SUPPORT,20.0,20.0,20.0,20.0,0.0,UNAVAILABLE,UNAVAILABLE,UNAVAILABLE,UNAVAILABLE,72,-10.0,38-48,-10,UNAVAILABLE,UNAVAILABLE,290.0,1200,24.988041121694817,25.0,0.8532516148930847,0.8563010113808406,0.9710144927536232,VALUE
AUSTIN_DRE_PHASE_3,AUSTIN_DOWNFALL_STATE_MODEL_V1,NCAAB_H1_2_AUSTIN_TRANSFER_V1,a4a396d73b1d8101,NCAAB_20260103_COLO_ASU,KXNCAAMBGAME-26JAN03COLOASU-COLO,H1_2,3,2026-01-03T23:17:17+00:00,2,1200,WATCH_NEGATIVE,1,CI_CROSSES_ZERO,NORMAL_SUPPORT,-18.73595034389679,-36.0,0.0,20.0,-38.73595034389679,20.0,-38.73595034389679,UNAVAILABLE,UNAVAILABLE,77,-5.0,38-48,-10,UNAVAILABLE,UNAVAILABLE,290.0,1200,24.918250983277453,25.0,1.4361461474772697,1.4764146895607344,0.9710144927536232,VALUE
AUSTIN_DRE_PHASE_3,AUSTIN_DOWNFALL_STATE_MODEL_V1,NCAAB_H1_2_AUSTIN_TRANSFER_V1,a4a396d73b1d8101,NCAAB_20260103_COLO_ASU,KXNCAAMBGAME-26JAN03COLOASU-COLO,H1_2,4,2026-01-03T23:17:17+00:00,2,1080,PERSISTENCE_2,2,CI_CROSSES_ZERO,NORMAL_SUPPORT,-18.73595034389679,-36.0,0.0,20.0,-38.73595034389679,-18.73595034389679,0.0,0.0,UNAVAILABLE,77,-5.0,38-48,-10,UNAVAILABLE,UNAVAILABLE,290.0,1080,24.918250983277453,25.0,1.4361461474772697,1.4764146895607344,0.9710144927536232,VALUE
AUSTIN_DRE_PHASE_3,AUSTIN_DOWNFALL_STATE_MODEL_V1,NCAAB_H1_2_AUSTIN_TRANSFER_V1,a4a396d73b1d8101,NCAAB_20260103_COLO_ASU,KXNCAAMBGAME-26JAN03COLOASU-COLO,H1_2,5,2026-01-03T23:17:17+00:00,2,960,PERSISTENCE_3PLUS,3,CI_CROSSES_ZERO,NORMAL_SUPPORT,-18.73595034389679,-36.0,0.0,20.0,-38.73595034389679,-18.73595034389679,0.0,0.0,0.0,77,-5.0,38-48,-10,UNAVAILABLE,UNAVAILABLE,290.0,960,24.918250983277453,25.0,1.4361461474772697,1.4764146895607344,0.9710144927536232,VALUE
AUSTIN_DRE_PHASE_3,AUSTIN_DOWNFALL_STATE_MODEL_V1,NCAAB_H1_2_AUSTIN_TRANSFER_V1,a4a396d73b1d8101,NCAAB_20260103_COLO_ASU,KXNCAAMBGAME-26JAN03COLOASU-COLO,H1_2,6,2026-01-03T23:17:17+00:00,2,840,PERSISTENCE_3PLUS,4,CI_CROSSES_ZERO,NORMAL_SUPPORT,-18.73595034389679,-36.0,0.0,20.0,-38.73595034389679,-18.73595034389679,0.0,0.0,0.0,77,-5.0,38-48,-10,UNAVAILABLE,UNAVAILABLE,290.0,840,24.918250983277453,25.0,1.4361461474772697,1.4764146895607344,0.9710144927536232,VALUE
AUSTIN_DRE_PHASE_3,AUSTIN_DOWNFALL_STATE_MODEL_V1,NCAAB_H1_2_AUSTIN_TRANSFER_V1,a4a396d73b1d8101,NCAAB_20260103_COLO_ASU,KXNCAAMBGAME-26JAN03COLOASU-COLO,H1_2,7,2026-01-03T23:17:17+00:00,2,720,PERSISTENCE_3PLUS,5,CI_CROSSES_ZERO,NORMAL_SUPPORT,-18.73595034389679,-36.0,0.0,20.0,-38.73595034389679,-18.73595034389679,0.0,0.0,0.0,77,-5.0,38-48,-10,UNAVAILABLE,UNAVAILABLE,290.0,720,24.918250983277453,25.0,1.4361461474772697,1.4764146895607344,0.9710144927536232,VALUE
AUSTIN_DRE_PHASE_3,AUSTIN_DOWNFALL_STATE_MODEL_V1,NCAAB_H1_2_AUSTIN_TRANSFER_V1,a4a396d73b1d8101,NCAAB_20260103_COLO_ASU,KXNCAAMBGAME-26JAN03COLOASU-COLO,H1_2,8,2026-01-03T23:17:17+00:00,2,600,PERSISTENCE_3PLUS,6,CI_CROSSES_ZERO,NORMAL_SUPPORT,-18.73595034389679,-36.0,0.0,20.0,-38.73595034389679,-18.73595034389679,0.0,0.0,0.0,77,-5.0,38-48,-10,UNAVAILABLE,UNAVAILABLE,290.0,600,24.918250983277453,25.0,1.4361461474772697,1.4764146895607344,0.9710144927536232,VALUE
AUSTIN_DRE_PHASE_3,AUSTIN_DOWNFALL_STATE_MODEL_V1,NCAAB_H1_2_AUSTIN_TRANSFER_V1,a4a396d73b1d8101,NCAAB_20260103_COLO_ASU,KXNCAAMBGAME-26JAN03COLOASU-COLO,H1_2,9,2026-01-03T23:17:17+00:00,2,480,PERSISTENCE_3PLUS,7,CI_CROSSES_ZERO,NORMAL_SUPPORT,-18.73595034389679,-36.0,0.0,20.0,-38.73595034389679,-18.73595034389679,0.0,0.0,0.0,77,-5.0,38-48,-10,UNAVAILABLE,UNAVAILABLE,290.0,480,24.918250983277453,25.0,1.4361461474772697,1.4764146895607344,0.9710144927536232,VALUE
AUSTIN_DRE_PHASE_3,AUSTIN_DOWNFALL_STATE_MODEL_V1,NCAAB_H1_2_AUSTIN_TRANSFER_V1,a4a396d73b1d8101,NCAAB_20260103_COLO_ASU,KXNCAAMBGAME-26JAN03COLOASU-COLO,H1_2,10,2026-01-03T23:17:17+00:00,2,360,PERSISTENCE_3PLUS,8,CI_CROSSES_ZERO,NORMAL_SUPPORT,-18.73595034389679,-36.0,0.0,20.0,-38.73595034389679,-18.73595034389679,0.0,0.0,0.0,77,-5.0,38-48,-10,UNAVAILABLE,UNAVAILABLE,290.0,360,24.918250983277453,25.0,1.4361461474772697,1.4764146895607344,0.9710144927536232,VALUE
AUSTIN_DRE_PHASE_3,AUSTIN_DOWNFALL_STATE_MODEL_V1,NCAAB_H1_2_AUSTIN_TRANSFER_V1,a4a396d73b1d8101,NCAAB_20260103_COLO_ASU,KXNCAAMBGAME-26JAN03COLOASU-COLO,H1_2,11,2026-01-03T23:17:17+00:00,2,240,PERSISTENCE_3PLUS,9,CI_CROSSES_ZERO,NORMAL_SUPPORT,-18.73595034389679,-36.0,0.0,20.0,-38.73595034389679,-18.73595034389679,0.0,0.0,0.0,77,-5.0,38-48,-10,UNAVAILABLE,UNAVAILABLE,290.0,240,24.918250983277453,25.0,1.4361461474772697,1.4764146895607344,0.9710144927536232,VALUE
AUSTIN_DRE_PHASE_3,AUSTIN_DOWNFALL_STATE_MODEL_V1,NCAAB_H1_2_AUSTIN_TRANSFER_V1,a4a396d73b1d8101,NCAAB_20260103_COLO_ASU,KXNCAAMBGAME-26JAN03COLOASU-COLO,H1_2,12,2026-01-03T23:17:17+00:00,2,120,PERSISTENCE_3PLUS,10,CI_CROSSES_ZERO,NORMAL_SUPPORT,-18.73595034389679,-36.0,0.0,20.0,-38.73595034389679,-18.73595034389679,0.0,0.0,0.0,77,-5.0,38-48,-10,UNAVAILABLE,UNAVAILABLE,290.0,120,24.918250983277453,25.0,1.4361461474772697,1.4764146895607344,0.9710144927536232,VALUE
AUSTIN_DRE_PHASE_3,AUSTIN_DOWNFALL_STATE_MODEL_V1,NCAAB_H1_2_AUSTIN_TRANSFER_V1,a4a396d73b1d8101,NCAAB_20260103_COLO_ASU,KXNCAAMBGAME-26JAN03COLOASU-COLO,H1_2,13,2026-01-04T00:27:31+00:00,2,0,RECOVERING,0,CI_POSITIVE,NORMAL_SUPPORT,20.0,20.0,20.0,20.0,0.0,-18.73595034389679,38.73595034389679,19.367975171948395,9.683987585974197,99,17.0,89-95,-6,UNAVAILABLE,UNAVAILABLE,1490.0,0,24.795444019819023,25.0,0.9757499095425167,1.0256967530327332,1.0,VALUE
AUSTIN_DRE_PHASE_3,AUSTIN_DOWNFALL_STATE_MODEL_V1,NCAAB_H1_2_AUSTIN_TRANSFER_V1,6ced26aec728aeca,NCAAB_20260103_PUR_WIS,KXNCAAMBGAME-26JAN03PURWIS-PUR,H1_2,0,2026-01-04T01:55:25+00:00,1,0,HEALTHY,0,CI_CROSSES_ZERO,NORMAL_SUPPORT,10.37931926218144,-4.0,20.0,10.37931926218144,0.0,UNAVAILABLE,UNAVAILABLE,UNAVAILABLE,UNAVAILABLE,82,1.0,38-45,-7,UNAVAILABLE,UNAVAILABLE,58.0,1200,24.45893903176385,25.0,0.8153963860169147,0.7168541274645632,0.8405797101449275,VALUE
AUSTIN_DRE_PHASE_3,AUSTIN_DOWNFALL_STATE_MODEL_V1,NCAAB_H1_2_AUSTIN_TRANSFER_V1,6ced26aec728aeca,NCAAB_20260103_PUR_WIS,KXNCAAMBGAME-26JAN03PURWIS-PUR,H1_2,1,2026-01-04T02:09:11+00:00,2,1200,HEALTHY,0,CI_CROSSES_ZERO,NORMAL_SUPPORT,11.795366598737056,0.0,20.0,10.37931926218144,1.416047336555616,10.37931926218144,1.416047336555616,UNAVAILABLE,UNAVAILABLE,84,3.0,38-45,-7,UNAVAILABLE,UNAVAILABLE,58.0,1200,24.96462233213055,25.0,1.5280541820793991,1.556425420181073,0.855072463768116,VALUE
AUSTIN_DRE_PHASE_3,AUSTIN_DOWNFALL_STATE_MODEL_V1,NCAAB_H1_2_AUSTIN_TRANSFER_V1,6ced26aec728aeca,NCAAB_20260103_PUR_WIS,KXNCAAMBGAME-26JAN03PURWIS-PUR,H1_2,2,2026-01-04T02:09:11+00:00,2,1080,HEALTHY,0,CI_CROSSES_ZERO,NORMAL_SUPPORT,11.795366598737056,0.0,20.0,10.37931926218144,1.416047336555616,11.795366598737056,0.0,0.0,UNAVAILABLE,84,3.0,38-45,-7,UNAVAILABLE,UNAVAILABLE,58.0,1080,24.96462233213055,25.0,1.5280541820793991,1.556425420181073,0.855072463768116,VALUE
AUSTIN_DRE_PHASE_3,AUSTIN_DOWNFALL_STATE_MODEL_V1,NCAAB_H1_2_AUSTIN_TRANSFER_V1,6ced26aec728aeca,NCAAB_20260103_PUR_WIS,KXNCAAMBGAME-26JAN03PURWIS-PUR,H1_2,3,2026-01-04T02:23:44+00:00,2,960,HEALTHY,0,CI_CROSSES_ZERO,NORMAL_SUPPORT,12.795600814249898,0.0,20.0,10.37931926218144,2.416281552068458,11.795366598737056,1.000234215512842,0.500117107756421,0.2500585538782105,89,8.0,44-56,-12,UNAVAILABLE,UNAVAILABLE,298.0,960,24.361564566404663,25.0,0.6285429457591722,0.6244505403339841,0.9710144927536232,VALUE
AUSTIN_DRE_PHASE_3,AUSTIN_DOWNFALL_STATE_MODEL_V1,NCAAB_H1_2_AUSTIN_TRANSFER_V1,6ced26aec728aeca,NCAAB_20260103_PUR_WIS,KXNCAAMBGAME-26JAN03PURWIS-PUR,H1_2,4,2026-01-04T02:09:11+00:00,2,840,HEALTHY,0,CI_CROSSES_ZERO,NORMAL_SUPPORT,11.795366598737056,0.0,20.0,10.37931926218144,1.416047336555616,12.795600814249898,-1.000234215512842,-0.500117107756421,-0.500117107756421,84,3.0,38-45,-7,UNAVAILABLE,UNAVAILABLE,58.0,840,24.96462233213055,25.0,1.5280541820793991,1.556425420181073,0.855072463768116,VALUE
AUSTIN_DRE_PHASE_3,AUSTIN_DOWNFALL_STATE_MODEL_V1,NCAAB_H1_2_AUSTIN_TRANSFER_V1,6ced26aec728aeca,NCAAB_20260103_PUR_WIS,KXNCAAMBGAME-26JAN03PURWIS-PUR,H1_2,5,2026-01-04T02:09:11+00:00,2,720,HEALTHY,0,CI_CROSSES_ZERO,NORMAL_SUPPORT,11.795366598737056,0.0,20.0,10.37931926218144,1.416047336555616,11.795366598737056,0.0,0.0,0.2500585538782105,84,3.0,38-45,-7,UNAVAILABLE,UNAVAILABLE,58.0,720,24.96462233213055,25.0,1.5280541820793991,1.556425420181073,0.855072463768116,VALUE
AUSTIN_DRE_PHASE_3,AUSTIN_DOWNFALL_STATE_MODEL_V1,NCAAB_H1_2_AUSTIN_TRANSFER_V1,6ced26aec728aeca,NCAAB_20260103_PUR_WIS,KXNCAAMBGAME-26JAN03PURWIS-PUR,H1_2,6,2026-01-04T02:09:11+00:00,2,600,HEALTHY,0,CI_CROSSES_ZERO,NORMAL_SUPPORT,11.795366598737056,0.0,20.0,10.37931926218144,1.416047336555616,11.795366598737056,0.0,0.0,0.0,84,3.0,38-45,-7,UNAVAILABLE,UNAVAILABLE,58.0,600,24.96462233213055,25.0,1.5280541820793991,1.556425420181073,0.855072463768116,VALUE
AUSTIN_DRE_PHASE_3,AUSTIN_DOWNFALL_STATE_MODEL_V1,NCAAB_H1_2_AUSTIN_TRANSFER_V1,6ced26aec728aeca,NCAAB_20260103_PUR_WIS,KXNCAAMBGAME-26JAN03PURWIS-PUR,H1_2,7,2026-01-04T02:09:11+00:00,2,480,HEALTHY,0,CI_CROSSES_ZERO,NORMAL_SUPPORT,11.795366598737056,0.0,20.0,10.37931926218144,1.416047336555616,11.795366598737056,0.0,0.0,0.0,84,3.0,38-45,-7,UNAVAILABLE,UNAVAILABLE,58.0,480,24.96462233213055,25.0,1.5280541820793991,1.556425420181073,0.855072463768116,VALUE
AUSTIN_DRE_PHASE_3,AUSTIN_DOWNFALL_STATE_MODEL_V1,NCAAB_H1_2_AUSTIN_TRANSFER_V1,6ced26aec728aeca,NCAAB_20260103_PUR_WIS,KXNCAAMBGAME-26JAN03PURWIS-PUR,H1_2,8,2026-01-04T02:09:11+00:00,2,360,HEALTHY,0,CI_CROSSES_ZERO,NORMAL_SUPPORT,11.795366598737056,0.0,20.0,10.37931926218144,1.416047336555616,11.795366598737056,0.0,0.0,0.0,84,3.0,38-45,-7,UNAVAILABLE,UNAVAILABLE,58.0,360,24.96462233213055,25.0,1.5280541820793991,1.556425420181073,0.855072463768116,VALUE
AUSTIN_DRE_PHASE_3,AUSTIN_DOWNFALL_STATE_MODEL_V1,NCAAB_H1_2_AUSTIN_TRANSFER_V1,6ced26aec728aeca,NCAAB_20260103_PUR_WIS,KXNCAAMBGAME-26JAN03PURWIS-PUR,H1_2,9,2026-01-04T02:09:11+00:00,2,240,HEALTHY,0,CI_CROSSES_ZERO,NORMAL_SUPPORT,11.795366598737056,0.0,20.0,10.37931926218144,1.416047336555616,11.795366598737056,0.0,0.0,0.0,84,3.0,38-45,-7,UNAVAILABLE,UNAVAILABLE,58.0,240,24.96462233213055,25.0,1.5280541820793991,1.556425420181073,0.855072463768116,VALUE
AUSTIN_DRE_PHASE_3,AUSTIN_DOWNFALL_STATE_MODEL_V1,NCAAB_H1_2_AUSTIN_TRANSFER_V1,6ced26aec728aeca,NCAAB_20260103_PUR_WIS,KXNCAAMBGAME-26JAN03PURWIS-PUR,H1_2,10,2026-01-04T02:09:11+00:00,2,120,HEALTHY,0,CI_CROSSES_ZERO,NORMAL_SUPPORT,11.795366598737056,0.0,20.0,10.37931926218144,1.416047336555616,11.795366598737056,0.0,0.0,0.0,84,3.0,38-45,-7,UNAVAILABLE,UNAVAILABLE,58.0,120,24.96462233213055,25.0,1.5280541820793991,1.556425420181073,0.855072463768116,VALUE
AUSTIN_DRE_PHASE_3,AUSTIN_DOWNFALL_STATE_MODEL_V1,NCAAB_H1_2_AUSTIN_TRANSFER_V1,6ced26aec728aeca,NCAAB_20260103_PUR_WIS,KXNCAAMBGAME-26JAN03PURWIS-PUR,H1_2,11,2026-01-04T03:08:24+00:00,2,0,HEALTHY,0,CI_POSITIVE,NORMAL_SUPPORT,20.000000000000007,20.0,20.0,10.37931926218144,9.620680737818567,11.795366598737056,8.204633401262951,4.102316700631476,2.051158350315738,99,18.0,73-89,-16,UNAVAILABLE,UNAVAILABLE,1258.0,0,24.57521351104585,25.0,0.641249922009605,0.6454818399694692,1.0,VALUE
AUSTIN_DRE_PHASE_3,AUSTIN_DOWNFALL_STATE_MODEL_V1,NCAAB_H1_2_AUSTIN_TRANSFER_V1,e531376d4e082828,NCAAB_20260105_ORE_RUTG,KXNCAAMBGAME-26JAN05ORERUTG-ORE,H1_2,0,2026-01-06T00:53:03+00:00,1,0,HEALTHY,0,CI_POSITIVE,NORMAL_SUPPORT,20.0,20.0,20.0,20.0,0.0,UNAVAILABLE,UNAVAILABLE,UNAVAILABLE,UNAVAILABLE,75,-6.0,37-45,-8,UNAVAILABLE,UNAVAILABLE,52.0,1200,24.807874298544085,25.0,0.9073091295433268,0.8629556817767428,0.855072463768116,VALUE
AUSTIN_DRE_PHASE_3,AUSTIN_DOWNFALL_STATE_MODEL_V1,NCAAB_H1_2_AUSTIN_TRANSFER_V1,e531376d4e082828,NCAAB_20260105_ORE_RUTG,KXNCAAMBGAME-26JAN05ORERUTG-ORE,H1_2,1,2026-01-06T01:08:27+00:00,2,1200,HEALTHY,0,CI_CROSSES_ZERO,NORMAL_SUPPORT,11.847104750047645,0.0,20.0,20.0,-8.152895249952355,20.0,-8.152895249952355,UNAVAILABLE,UNAVAILABLE,82,1.0,37-45,-8,UNAVAILABLE,UNAVAILABLE,52.0,1200,24.968197210432134,25.0,1.5353220315838467,1.5632059195982513,0.855072463768116,VALUE
AUSTIN_DRE_PHASE_3,AUSTIN_DOWNFALL_STATE_MODEL_V1,NCAAB_H1_2_AUSTIN_TRANSFER_V1,e531376d4e082828,NCAAB_20260105_ORE_RUTG,KXNCAAMBGAME-26JAN05ORERUTG-ORE,H1_2,2,2026-01-06T01:08:27+00:00,2,1080,HEALTHY,0,CI_CROSSES_ZERO,NORMAL_SUPPORT,11.847104750047645,0.0,20.0,20.0,-8.152895249952355,11.847104750047645,0.0,0.0,UNAVAILABLE,82,1.0,37-45,-8,UNAVAILABLE,UNAVAILABLE,52.0,1080,24.968197210432134,25.0,1.5353220315838467,1.5632059195982513,0.855072463768116,VALUE
AUSTIN_DRE_PHASE_3,AUSTIN_DOWNFALL_STATE_MODEL_V1,NCAAB_H1_2_AUSTIN_TRANSFER_V1,e531376d4e082828,NCAAB_20260105_ORE_RUTG,KXNCAAMBGAME-26JAN05ORERUTG-ORE,H1_2,3,2026-01-06T01:08:27+00:00,2,960,HEALTHY,0,CI_CROSSES_ZERO,NORMAL_SUPPORT,11.847104750047645,0.0,20.0,20.0,-8.152895249952355,11.847104750047645,0.0,0.0,0.0,82,1.0,37-45,-8,UNAVAILABLE,UNAVAILABLE,52.0,960,24.968197210432134,25.0,1.5353220315838467,1.5632059195982513,0.855072463768116,VALUE
AUSTIN_DRE_PHASE_3,AUSTIN_DOWNFALL_STATE_MODEL_V1,NCAAB_H1_2_AUSTIN_TRANSFER_V1,e531376d4e082828,NCAAB_20260105_ORE_RUTG,KXNCAAMBGAME-26JAN05ORERUTG-ORE,H1_2,4,2026-01-06T01:08:27+00:00,2,840,HEALTHY,0,CI_CROSSES_ZERO,NORMAL_SUPPORT,11.847104750047645,0.0,20.0,20.0,-8.152895249952355,11.847104750047645,0.0,0.0,0.0,82,1.0,37-45,-8,UNAVAILABLE,UNAVAILABLE,52.0,840,24.968197210432134,25.0,1.5353220315838467,1.5632059195982513,0.855072463768116,VALUE
AUSTIN_DRE_PHASE_3,AUSTIN_DOWNFALL_STATE_MODEL_V1,NCAAB_H1_2_AUSTIN_TRANSFER_V1,e531376d4e082828,NCAAB_20260105_ORE_RUTG,KXNCAAMBGAME-26JAN05ORERUTG-ORE,H1_2,5,2026-01-06T01:08:27+00:00,2,720,HEALTHY,0,CI_CROSSES_ZERO,NORMAL_SUPPORT,11.847104750047645,0.0,20.0,20.0,-8.152895249952355,11.847104750047645,0.0,0.0,0.0,82,1.0,37-45,-8,UNAVAILABLE,UNAVAILABLE,52.0,720,24.968197210432134,25.0,1.5353220315838467,1.5632059195982513,0.855072463768116,VALUE
AUSTIN_DRE_PHASE_3,AUSTIN_DOWNFALL_STATE_MODEL_V1,NCAAB_H1_2_AUSTIN_TRANSFER_V1,e531376d4e082828,NCAAB_20260105_ORE_RUTG,KXNCAAMBGAME-26JAN05ORERUTG-ORE,H1_2,6,2026-01-06T01:08:27+00:00,2,600,HEALTHY,0,CI_CROSSES_ZERO,NORMAL_SUPPORT,11.847104750047645,0.0,20.0,20.0,-8.152895249952355,11.847104750047645,0.0,0.0,0.0,82,1.0,37-45,-8,UNAVAILABLE,UNAVAILABLE,52.0,600,24.968197210432134,25.0,1.5353220315838467,1.5632059195982513,0.855072463768116,VALUE
AUSTIN_DRE_PHASE_3,AUSTIN_DOWNFALL_STATE_MODEL_V1,NCAAB_H1_2_AUSTIN_TRANSFER_V1,e531376d4e082828,NCAAB_20260105_ORE_RUTG,KXNCAAMBGAME-26JAN05ORERUTG-ORE,H1_2,7,2026-01-06T01:08:27+00:00,2,480,HEALTHY,0,CI_CROSSES_ZERO,NORMAL_SUPPORT,11.847104750047645,0.0,20.0,20.0,-8.152895249952355,11.847104750047645,0.0,0.0,0.0,82,1.0,37-45,-8,UNAVAILABLE,UNAVAILABLE,52.0,480,24.968197210432134,25.0,1.5353220315838467,1.5632059195982513,0.855072463768116,VALUE
AUSTIN_DRE_PHASE_3,AUSTIN_DOWNFALL_STATE_MODEL_V1,NCAAB_H1_2_AUSTIN_TRANSFER_V1,e531376d4e082828,NCAAB_20260105_ORE_RUTG,KXNCAAMBGAME-26JAN05ORERUTG-ORE,H1_2,8,2026-01-06T01:08:27+00:00,2,360,HEALTHY,0,CI_CROSSES_ZERO,NORMAL_SUPPORT,11.847104750047645,0.0,20.0,20.0,-8.152895249952355,11.847104750047645,0.0,0.0,0.0,82,1.0,37-45,-8,UNAVAILABLE,UNAVAILABLE,52.0,360,24.968197210432134,25.0,1.5353220315838467,1.5632059195982513,0.855072463768116,VALUE
AUSTIN_DRE_PHASE_3,AUSTIN_DOWNFALL_STATE_MODEL_V1,NCAAB_H1_2_AUSTIN_TRANSFER_V1,e531376d4e082828,NCAAB_20260105_ORE_RUTG,KXNCAAMBGAME-26JAN05ORERUTG-ORE,H1_2,9,2026-01-06T01:08:27+00:00,2,240,HEALTHY,0,CI_CROSSES_ZERO,NORMAL_SUPPORT,11.847104750047645,0.0,20.0,20.0,-8.152895249952355,11.847104750047645,0.0,0.0,0.0,82,1.0,37-45,-8,UNAVAILABLE,UNAVAILABLE,52.0,240,24.968197210432134,25.0,1.5353220315838467,1.5632059195982513,0.855072463768116,VALUE
AUSTIN_DRE_PHASE_3,AUSTIN_DOWNFALL_STATE_MODEL_V1,NCAAB_H1_2_AUSTIN_TRANSFER_V1,e531376d4e082828,NCAAB_20260105_ORE_RUTG,KXNCAAMBGAME-26JAN05ORERUTG-ORE,H1_2,10,2026-01-06T01:08:27+00:00,2,120,HEALTHY,0,CI_CROSSES_ZERO,NORMAL_SUPPORT,11.847104750047645,0.0,20.0,20.0,-8.152895249952355,11.847104750047645,0.0,0.0,0.0,82,1.0,37-45,-8,UNAVAILABLE,UNAVAILABLE,52.0,120,24.968197210432134,25.0,1.5353220315838467,1.5632059195982513,0.855072463768116,VALUE
AUSTIN_DRE_PHASE_3,AUSTIN_DOWNFALL_STATE_MODEL_V1,NCAAB_H1_2_AUSTIN_TRANSFER_V1,e531376d4e082828,NCAAB_20260105_ORE_RUTG,KXNCAAMBGAME-26JAN05ORERUTG-ORE,H1_2,11,2026-01-06T02:05:03+00:00,2,0,WATCH_NEGATIVE,1,CI_NEGATIVE,NORMAL_SUPPORT,-58.174775921566166,-72.0,-40.0,20.0,-78.17477592156617,11.847104750047645,-70.02188067161381,-35.01094033580691,-17.505470167903454,35,-46.0,76-76,0,UNAVAILABLE,UNAVAILABLE,1252.0,0,24.59997364189069,25.0,0.9205763472859324,0.9458727250982212,1.0,VALUE
AUSTIN_DRE_PHASE_3,AUSTIN_DOWNFALL_STATE_MODEL_V1,NCAAB_H1_2_AUSTIN_TRANSFER_V1,e531376d4e082828,NCAAB_20260105_ORE_RUTG,KXNCAAMBGAME-26JAN05ORERUTG-ORE,H1_2,12,2026-01-06T02:07:46+00:00,3,300,PERSISTENCE_2,2,CI_NEGATIVE,NORMAL_SUPPORT,-29.594006940488242,-52.0,-12.0,20.0,-49.59400694048824,-58.174775921566166,28.580768981077924,UNAVAILABLE,UNAVAILABLE,51,-30.0,76-76,0,UNAVAILABLE,UNAVAILABLE,1252.0,0,23.765569586211893,25.0,0.6617779156042114,0.6840677864089606,1.0,VALUE
AUSTIN_DRE_PHASE_3,AUSTIN_DOWNFALL_STATE_MODEL_V1,NCAAB_H1_2_AUSTIN_TRANSFER_V1,e531376d4e082828,NCAAB_20260105_ORE_RUTG,KXNCAAMBGAME-26JAN05ORERUTG-ORE,H1_2,13,2026-01-06T02:07:35+00:00,3,180,PERSISTENCE_3PLUS,3,CI_NEGATIVE,NORMAL_SUPPORT,-26.083276844345196,-48.0,-4.0,20.0,-46.08327684434519,-29.594006940488242,3.510730096143046,1.755365048071523,UNAVAILABLE,51,-30.0,76-76,0,UNAVAILABLE,UNAVAILABLE,1276.0,180,24.14599760064382,25.0,0.6419213908921201,0.6723634154280874,1.0,VALUE
AUSTIN_DRE_PHASE_3,AUSTIN_DOWNFALL_STATE_MODEL_V1,NCAAB_H1_2_AUSTIN_TRANSFER_V1,e531376d4e082828,NCAAB_20260105_ORE_RUTG,KXNCAAMBGAME-26JAN05ORERUTG-ORE,H1_2,14,2026-01-06T02:07:35+00:00,3,60,PERSISTENCE_3PLUS,4,CI_NEGATIVE,NORMAL_SUPPORT,-26.083276844345196,-48.0,-4.0,20.0,-46.08327684434519,-26.083276844345196,0.0,0.0,-0.8776825240357615,51,-30.0,76-76,0,UNAVAILABLE,UNAVAILABLE,1276.0,60,24.14599760064382,25.0,0.6419213908921201,0.6723634154280874,1.0,VALUE
AUSTIN_DRE_PHASE_3,AUSTIN_DOWNFALL_STATE_MODEL_V1,NCAAB_H1_2_AUSTIN_TRANSFER_V1,3ce7e101debc0081,NCAAB_20260106_CIN_WVU,KXNCAAMBGAME-26JAN06CINWVU-WVU,H1_2,0,2026-01-07T00:01:28+00:00,1,480,UNRESOLVED,0,CI_UNAVAILABLE,SUPPORT_UNAVAILABLE,UNAVAILABLE,UNAVAILABLE,UNAVAILABLE,UNAVAILABLE,UNAVAILABLE,UNAVAILABLE,UNAVAILABLE,UNAVAILABLE,UNAVAILABLE,51,UNAVAILABLE,0-0,0,UNAVAILABLE,UNAVAILABLE,UNAVAILABLE,1680,UNAVAILABLE,UNAVAILABLE,UNAVAILABLE,UNAVAILABLE,0.30434782608695654,NOT_APPLICABLE
AUSTIN_DRE_PHASE_3,AUSTIN_DOWNFALL_STATE_MODEL_V1,NCAAB_H1_2_AUSTIN_TRANSFER_V1,3ce7e101debc0081,NCAAB_20260106_CIN_WVU,KXNCAAMBGAME-26JAN06CINWVU-WVU,H1_2,1,2026-01-07T00:01:28+00:00,1,360,UNRESOLVED,0,CI_UNAVAILABLE,SUPPORT_UNAVAILABLE,UNAVAILABLE,UNAVAILABLE,UNAVAILABLE,UNAVAILABLE,UNAVAILABLE,UNAVAILABLE,UNAVAILABLE,UNAVAILABLE,UNAVAILABLE,51,UNAVAILABLE,0-0,0,UNAVAILABLE,UNAVAILABLE,UNAVAILABLE,1560,UNAVAILABLE,UNAVAILABLE,UNAVAILABLE,UNAVAILABLE,0.30434782608695654,NOT_APPLICABLE
AUSTIN_DRE_PHASE_3,AUSTIN_DOWNFALL_STATE_MODEL_V1,NCAAB_H1_2_AUSTIN_TRANSFER_V1,3ce7e101debc0081,NCAAB_20260106_CIN_WVU,KXNCAAMBGAME-26JAN06CINWVU-WVU,H1_2,2,2026-01-07T00:01:28+00:00,1,240,UNRESOLVED,0,CI_UNAVAILABLE,SUPPORT_UNAVAILABLE,UNAVAILABLE,UNAVAILABLE,UNAVAILABLE,UNAVAILABLE,UNAVAILABLE,UNAVAILABLE,UNAVAILABLE,UNAVAILABLE,UNAVAILABLE,51,UNAVAILABLE,0-0,0,UNAVAILABLE,UNAVAILABLE,UNAVAILABLE,1440,UNAVAILABLE,UNAVAILABLE,UNAVAILABLE,UNAVAILABLE,0.30434782608695654,NOT_APPLICABLE
AUSTIN_DRE_PHASE_3,AUSTIN_DOWNFALL_STATE_MODEL_V1,NCAAB_H1_2_AUSTIN_TRANSFER_V1,3ce7e101debc0081,NCAAB_20260106_CIN_WVU,KXNCAAMBGAME-26JAN06CINWVU-WVU,H1_2,3,2026-01-07T00:01:28+00:00,1,120,UNRESOLVED,0,CI_UNAVAILABLE,SUPPORT_UNAVAILABLE,UNAVAILABLE,UNAVAILABLE,UNAVAILABLE,UNAVAILABLE,UNAVAILABLE,UNAVAILABLE,UNAVAILABLE,UNAVAILABLE,UNAVAILABLE,51,UNAVAILABLE,0-0,0,UNAVAILABLE,UNAVAILABLE,UNAVAILABLE,1320,UNAVAILABLE,UNAVAILABLE,UNAVAILABLE,UNAVAILABLE,0.30434782608695654,NOT_APPLICABLE
AUSTIN_DRE_PHASE_3,AUSTIN_DOWNFALL_STATE_MODEL_V1,NCAAB_H1_2_AUSTIN_TRANSFER_V1,3ce7e101debc0081,NCAAB_20260106_CIN_WVU,KXNCAAMBGAME-26JAN06CINWVU-WVU,H1_2,4,2026-01-07T00:52:06+00:00,1,0,WATCH_NEGATIVE,1,CI_CROSSES_ZERO,NORMAL_SUPPORT,-8.13657226672472,-28.0,8.0,-8.13657226672472,0.0,UNAVAILABLE,UNAVAILABLE,UNAVAILABLE,UNAVAILABLE,58,-22.0,31-28,3,UNAVAILABLE,UNAVAILABLE,560.0,1200,24.794533837220882,25.0,0.8223920439744884,0.7699540697859709,0.9855072463768116,VALUE
AUSTIN_DRE_PHASE_3,AUSTIN_DOWNFALL_STATE_MODEL_V1,NCAAB_H1_2_AUSTIN_TRANSFER_V1,3ce7e101debc0081,NCAAB_20260106_CIN_WVU,KXNCAAMBGAME-26JAN06CINWVU-WVU,H1_2,5,2026-01-07T01:08:06+00:00,2,1200,PERSISTENCE_2,2,CI_NEGATIVE,NORMAL_SUPPORT,-32.800920488079434,-52.0,-12.0,-8.13657226672472,-24.664348221354714,-8.13657226672472,-24.664348221354714,UNAVAILABLE,UNAVAILABLE,57,-23.0,31-28,3,UNAVAILABLE,UNAVAILABLE,560.0,1200,24.953433102160485,25.0,1.56502962187392,1.5409504690535654,0.9855072463768116,VALUE
AUSTIN_DRE_PHASE_3,AUSTIN_DOWNFALL_STATE_MODEL_V1,NCAAB_H1_2_AUSTIN_TRANSFER_V1,3ce7e101debc0081,NCAAB_20260106_CIN_WVU,KXNCAAMBGAME-26JAN06CINWVU-WVU,H1_2,6,2026-01-07T01:08:06+00:00,2,1080,PERSISTENCE_3PLUS,3,CI_NEGATIVE,NORMAL_SUPPORT,-32.800920488079434,-52.0,-12.0,-8.13657226672472,-24.664348221354714,-32.800920488079434,0.0,0.0,UNAVAILABLE,57,-23.0,31-28,3,UNAVAILABLE,UNAVAILABLE,560.0,1080,24.953433102160485,25.0,1.56502962187392,1.5409504690535654,0.9855072463768116,VALUE
AUSTIN_DRE_PHASE_3,AUSTIN_DOWNFALL_STATE_MODEL_V1,NCAAB_H1_2_AUSTIN_TRANSFER_V1,3ce7e101debc0081,NCAAB_20260106_CIN_WVU,KXNCAAMBGAME-26JAN06CINWVU-WVU,H1_2,7,2026-01-07T01:08:06+00:00,2,960,PERSISTENCE_3PLUS,4,CI_NEGATIVE,NORMAL_SUPPORT,-32.800920488079434,-52.0,-12.0,-8.13657226672472,-24.664348221354714,-32.800920488079434,0.0,0.0,0.0,57,-23.0,31-28,3,UNAVAILABLE,UNAVAILABLE,560.0,960,24.953433102160485,25.0,1.56502962187392,1.5409504690535654,0.9855072463768116,VALUE
AUSTIN_DRE_PHASE_3,AUSTIN_DOWNFALL_STATE_MODEL_V1,NCAAB_H1_2_AUSTIN_TRANSFER_V1,3ce7e101debc0081,NCAAB_20260106_CIN_WVU,KXNCAAMBGAME-26JAN06CINWVU-WVU,H1_2,8,2026-01-07T01:08:06+00:00,2,840,PERSISTENCE_3PLUS,5,CI_NEGATIVE,NORMAL_SUPPORT,-32.800920488079434,-52.0,-12.0,-8.13657226672472,-24.664348221354714,-32.800920488079434,0.0,0.0,0.0,57,-23.0,31-28,3,UNAVAILABLE,UNAVAILABLE,560.0,840,24.953433102160485,25.0,1.56502962187392,1.5409504690535654,0.9855072463768116,VALUE
AUSTIN_DRE_PHASE_3,AUSTIN_DOWNFALL_STATE_MODEL_V1,NCAAB_H1_2_AUSTIN_TRANSFER_V1,3ce7e101debc0081,NCAAB_20260106_CIN_WVU,KXNCAAMBGAME-26JAN06CINWVU-WVU,H1_2,9,2026-01-07T01:08:06+00:00,2,720,PERSISTENCE_3PLUS,6,CI_NEGATIVE,NORMAL_SUPPORT,-32.800920488079434,-52.0,-12.0,-8.13657226672472,-24.664348221354714,-32.800920488079434,0.0,0.0,0.0,57,-23.0,31-28,3,UNAVAILABLE,UNAVAILABLE,560.0,720,24.953433102160485,25.0,1.56502962187392,1.5409504690535654,0.9855072463768116,VALUE
AUSTIN_DRE_PHASE_3,AUSTIN_DOWNFALL_STATE_MODEL_V1,NCAAB_H1_2_AUSTIN_TRANSFER_V1,3ce7e101debc0081,NCAAB_20260106_CIN_WVU,KXNCAAMBGAME-26JAN06CINWVU-WVU,H1_2,10,2026-01-07T01:08:06+00:00,2,600,PERSISTENCE_3PLUS,7,CI_NEGATIVE,NORMAL_SUPPORT,-32.800920488079434,-52.0,-12.0,-8.13657226672472,-24.664348221354714,-32.800920488079434,0.0,0.0,0.0,57,-23.0,31-28,3,UNAVAILABLE,UNAVAILABLE,560.0,600,24.953433102160485,25.0,1.56502962187392,1.5409504690535654,0.9855072463768116,VALUE
AUSTIN_DRE_PHASE_3,AUSTIN_DOWNFALL_STATE_MODEL_V1,NCAAB_H1_2_AUSTIN_TRANSFER_V1,3ce7e101debc0081,NCAAB_20260106_CIN_WVU,KXNCAAMBGAME-26JAN06CINWVU-WVU,H1_2,11,2026-01-07T01:08:06+00:00,2,480,PERSISTENCE_3PLUS,8,CI_NEGATIVE,NORMAL_SUPPORT,-32.800920488079434,-52.0,-12.0,-8.13657226672472,-24.664348221354714,-32.800920488079434,0.0,0.0,0.0,57,-23.0,31-28,3,UNAVAILABLE,UNAVAILABLE,560.0,480,24.953433102160485,25.0,1.56502962187392,1.5409504690535654,0.9855072463768116,VALUE
AUSTIN_DRE_PHASE_3,AUSTIN_DOWNFALL_STATE_MODEL_V1,NCAAB_H1_2_AUSTIN_TRANSFER_V1,3ce7e101debc0081,NCAAB_20260106_CIN_WVU,KXNCAAMBGAME-26JAN06CINWVU-WVU,H1_2,12,2026-01-07T01:08:06+00:00,2,360,PERSISTENCE_3PLUS,9,CI_NEGATIVE,NORMAL_SUPPORT,-32.800920488079434,-52.0,-12.0,-8.13657226672472,-24.664348221354714,-32.800920488079434,0.0,0.0,0.0,57,-23.0,31-28,3,UNAVAILABLE,UNAVAILABLE,560.0,360,24.953433102160485,25.0,1.56502962187392,1.5409504690535654,0.9855072463768116,VALUE
AUSTIN_DRE_PHASE_3,AUSTIN_DOWNFALL_STATE_MODEL_V1,NCAAB_H1_2_AUSTIN_TRANSFER_V1,3ce7e101debc0081,NCAAB_20260106_CIN_WVU,KXNCAAMBGAME-26JAN06CINWVU-WVU,H1_2,13,2026-01-07T01:08:06+00:00,2,240,PERSISTENCE_3PLUS,10,CI_NEGATIVE,NORMAL_SUPPORT,-32.800920488079434,-52.0,-12.0,-8.13657226672472,-24.664348221354714,-32.800920488079434,0.0,0.0,0.0,57,-23.0,31-28,3,UNAVAILABLE,UNAVAILABLE,560.0,240,24.953433102160485,25.0,1.56502962187392,1.5409504690535654,0.9855072463768116,VALUE
AUSTIN_DRE_PHASE_3,AUSTIN_DOWNFALL_STATE_MODEL_V1,NCAAB_H1_2_AUSTIN_TRANSFER_V1,3ce7e101debc0081,NCAAB_20260106_CIN_WVU,KXNCAAMBGAME-26JAN06CINWVU-WVU,H1_2,14,2026-01-07T01:08:06+00:00,2,120,PERSISTENCE_3PLUS,11,CI_NEGATIVE,NORMAL_SUPPORT,-32.800920488079434,-52.0,-12.0,-8.13657226672472,-24.664348221354714,-32.800920488079434,0.0,0.0,0.0,57,-23.0,31-28,3,UNAVAILABLE,UNAVAILABLE,560.0,120,24.953433102160485,25.0,1.56502962187392,1.5409504690535654,0.9855072463768116,VALUE
AUSTIN_DRE_PHASE_3,AUSTIN_DOWNFALL_STATE_MODEL_V1,NCAAB_H1_2_AUSTIN_TRANSFER_V1,3ce7e101debc0081,NCAAB_20260106_CIN_WVU,KXNCAAMBGAME-26JAN06CINWVU-WVU,H1_2,15,2026-01-07T02:12:22+00:00,2,0,RECOVERING,0,CI_POSITIVE,NORMAL_SUPPORT,19.999999999999996,20.0,20.0,-8.13657226672472,28.136572266724716,-32.800920488079434,52.80092048807943,26.400460244039714,13.200230122019857,99,19.0,62-60,2,UNAVAILABLE,UNAVAILABLE,1760.0,0,24.88657256919602,25.0,0.8867071756720287,0.8769734261213391,1.0,VALUE
AUSTIN_DRE_PHASE_3,AUSTIN_DOWNFALL_STATE_MODEL_V1,NCAAB_H1_2_AUSTIN_TRANSFER_V1,2d6652334abc6dcc,NCAAB_20260106_SCAR_LSU,KXNCAAMBGAME-26JAN06SCARLSU-SCAR,H1_2,0,2026-01-07T00:01:38+00:00,1,480,UNRESOLVED,0,CI_UNAVAILABLE,SUPPORT_UNAVAILABLE,UNAVAILABLE,UNAVAILABLE,UNAVAILABLE,UNAVAILABLE,UNAVAILABLE,UNAVAILABLE,UNAVAILABLE,UNAVAILABLE,UNAVAILABLE,23,UNAVAILABLE,0-0,0,UNAVAILABLE,UNAVAILABLE,UNAVAILABLE,1680,UNAVAILABLE,UNAVAILABLE,UNAVAILABLE,UNAVAILABLE,0.30434782608695654,NOT_APPLICABLE
AUSTIN_DRE_PHASE_3,AUSTIN_DOWNFALL_STATE_MODEL_V1,NCAAB_H1_2_AUSTIN_TRANSFER_V1,2d6652334abc6dcc,NCAAB_20260106_SCAR_LSU,KXNCAAMBGAME-26JAN06SCARLSU-SCAR,H1_2,1,2026-01-07T00:01:38+00:00,1,360,UNRESOLVED,0,CI_UNAVAILABLE,SUPPORT_UNAVAILABLE,UNAVAILABLE,UNAVAILABLE,UNAVAILABLE,UNAVAILABLE,UNAVAILABLE,UNAVAILABLE,UNAVAILABLE,UNAVAILABLE,UNAVAILABLE,23,UNAVAILABLE,0-0,0,UNAVAILABLE,UNAVAILABLE,UNAVAILABLE,1560,UNAVAILABLE,UNAVAILABLE,UNAVAILABLE,UNAVAILABLE,0.30434782608695654,NOT_APPLICABLE
AUSTIN_DRE_PHASE_3,AUSTIN_DOWNFALL_STATE_MODEL_V1,NCAAB_H1_2_AUSTIN_TRANSFER_V1,2d6652334abc6dcc,NCAAB_20260106_SCAR_LSU,KXNCAAMBGAME-26JAN06SCARLSU-SCAR,H1_2,2,2026-01-07T00:01:38+00:00,1,240,UNRESOLVED,0,CI_UNAVAILABLE,SUPPORT_UNAVAILABLE,UNAVAILABLE,UNAVAILABLE,UNAVAILABLE,UNAVAILABLE,UNAVAILABLE,UNAVAILABLE,UNAVAILABLE,UNAVAILABLE,UNAVAILABLE,23,UNAVAILABLE,0-0,0,UNAVAILABLE,UNAVAILABLE,UNAVAILABLE,1440,UNAVAILABLE,UNAVAILABLE,UNAVAILABLE,UNAVAILABLE,0.30434782608695654,NOT_APPLICABLE
AUSTIN_DRE_PHASE_3,AUSTIN_DOWNFALL_STATE_MODEL_V1,NCAAB_H1_2_AUSTIN_TRANSFER_V1,2d6652334abc6dcc,NCAAB_20260106_SCAR_LSU,KXNCAAMBGAME-26JAN06SCARLSU-SCAR,H1_2,3,2026-01-07T00:01:38+00:00,1,120,UNRESOLVED,0,CI_UNAVAILABLE,SUPPORT_UNAVAILABLE,UNAVAILABLE,UNAVAILABLE,UNAVAILABLE,UNAVAILABLE,UNAVAILABLE,UNAVAILABLE,UNAVAILABLE,UNAVAILABLE,UNAVAILABLE,23,UNAVAILABLE,0-0,0,UNAVAILABLE,UNAVAILABLE,UNAVAILABLE,1320,UNAVAILABLE,UNAVAILABLE,UNAVAILABLE,UNAVAILABLE,0.30434782608695654,NOT_APPLICABLE
AUSTIN_DRE_PHASE_3,AUSTIN_DOWNFALL_STATE_MODEL_V1,NCAAB_H1_2_AUSTIN_TRANSFER_V1,2d6652334abc6dcc,NCAAB_20260106_SCAR_LSU,KXNCAAMBGAME-26JAN06SCARLSU-SCAR,H1_2,4,2026-01-07T00:49:51+00:00,1,0,HEALTHY,0,CI_POSITIVE,NORMAL_SUPPORT,20.0,20.0,20.0,20.0,0.0,UNAVAILABLE,UNAVAILABLE,UNAVAILABLE,UNAVAILABLE,95,10.0,25-50,-25,UNAVAILABLE,UNAVAILABLE,531.0,1200,24.997847578254937,25.0,1.1442320669774844,1.140703833925588,0.9855072463768116,VALUE
AUSTIN_DRE_PHASE_3,AUSTIN_DOWNFALL_STATE_MODEL_V1,NCAAB_H1_2_AUSTIN_TRANSFER_V1,2d6652334abc6dcc,NCAAB_20260106_SCAR_LSU,KXNCAAMBGAME-26JAN06SCARLSU-SCAR,H1_2,5,2026-01-07T01:03:15+00:00,2,1200,HEALTHY,0,CI_POSITIVE,NORMAL_SUPPORT,20.0,20.0,20.0,20.0,0.0,20.0,0.0,UNAVAILABLE,UNAVAILABLE,96,11.0,25-50,-25,UNAVAILABLE,UNAVAILABLE,531.0,1200,24.8377769903268,25.0,1.8587299385210616,1.8560479060087007,0.9855072463768116,VALUE
AUSTIN_DRE_PHASE_3,AUSTIN_DOWNFALL_STATE_MODEL_V1,NCAAB_H1_2_AUSTIN_TRANSFER_V1,2d6652334abc6dcc,NCAAB_20260106_SCAR_LSU,KXNCAAMBGAME-26JAN06SCARLSU-SCAR,H1_2,6,2026-01-07T01:03:15+00:00,2,1080,HEALTHY,0,CI_POSITIVE,NORMAL_SUPPORT,20.0,20.0,20.0,20.0,0.0,20.0,0.0,0.0,UNAVAILABLE,96,11.0,25-50,-25,UNAVAILABLE,UNAVAILABLE,531.0,1080,24.8377769903268,25.0,1.8587299385210616,1.8560479060087007,0.9855072463768116,VALUE
AUSTIN_DRE_PHASE_3,AUSTIN_DOWNFALL_STATE_MODEL_V1,NCAAB_H1_2_AUSTIN_TRANSFER_V1,2d6652334abc6dcc,NCAAB_20260106_SCAR_LSU,KXNCAAMBGAME-26JAN06SCARLSU-SCAR,H1_2,7,2026-01-07T01:03:15+00:00,2,960,HEALTHY,0,CI_POSITIVE,NORMAL_SUPPORT,20.0,20.0,20.0,20.0,0.0,20.0,0.0,0.0,0.0,96,11.0,25-50,-25,UNAVAILABLE,UNAVAILABLE,531.0,960,24.8377769903268,25.0,1.8587299385210616,1.8560479060087007,0.9855072463768116,VALUE
AUSTIN_DRE_PHASE_3,AUSTIN_DOWNFALL_STATE_MODEL_V1,NCAAB_H1_2_AUSTIN_TRANSFER_V1,2d6652334abc6dcc,NCAAB_20260106_SCAR_LSU,KXNCAAMBGAME-26JAN06SCARLSU-SCAR,H1_2,8,2026-01-07T01:21:07+00:00,2,840,HEALTHY,0,CI_CROSSES_ZERO,NORMAL_SUPPORT,0.8953368585768807,-16.0,16.0,20.0,-19.10466314142312,20.0,-19.10466314142312,-9.55233157071156,-4.77616578535578,95,10.0,39-57,-18,UNAVAILABLE,UNAVAILABLE,891.0,840,24.487518356905206,25.0,0.7978503301788017,0.8330205631160795,1.0,VALUE
AUSTIN_DRE_PHASE_3,AUSTIN_DOWNFALL_STATE_MODEL_V1,NCAAB_H1_2_AUSTIN_TRANSFER_V1,2d6652334abc6dcc,NCAAB_20260106_SCAR_LSU,KXNCAAMBGAME-26JAN06SCARLSU-SCAR,H1_2,9,2026-01-07T01:03:15+00:00,2,720,HEALTHY,0,CI_POSITIVE,NORMAL_SUPPORT,20.0,20.0,20.0,20.0,0.0,0.8953368585768807,19.10466314142312,9.55233157071156,9.55233157071156,96,11.0,25-50,-25,UNAVAILABLE,UNAVAILABLE,531.0,720,24.8377769903268,25.0,1.8587299385210616,1.8560479060087007,0.9855072463768116,VALUE
AUSTIN_DRE_PHASE_3,AUSTIN_DOWNFALL_STATE_MODEL_V1,NCAAB_H1_2_AUSTIN_TRANSFER_V1,2d6652334abc6dcc,NCAAB_20260106_SCAR_LSU,KXNCAAMBGAME-26JAN06SCARLSU-SCAR,H1_2,10,2026-01-07T01:33:16+00:00,2,600,HEALTHY,0,CI_POSITIVE,NORMAL_SUPPORT,19.999999999999996,20.0,20.0,20.0,-3.552713678800501e-15,20.0,-3.552713678800501e-15,-1.7763568394002505e-15,-4.776165785355781,88,3.0,48-61,-13,UNAVAILABLE,UNAVAILABLE,1131.0,600,20.32859253583496,25.0,0.6977013036300868,0.736399940809484,1.0,VALUE
AUSTIN_DRE_PHASE_3,AUSTIN_DOWNFALL_STATE_MODEL_V1,NCAAB_H1_2_AUSTIN_TRANSFER_V1,2d6652334abc6dcc,NCAAB_20260106_SCAR_LSU,KXNCAAMBGAME-26JAN06SCARLSU-SCAR,H1_2,11,2026-01-07T01:03:15+00:00,2,480,HEALTHY,0,CI_POSITIVE,NORMAL_SUPPORT,20.0,20.0,20.0,20.0,0.0,19.999999999999996,3.552713678800501e-15,1.7763568394002505e-15,1.7763568394002505e-15,96,11.0,25-50,-25,UNAVAILABLE,UNAVAILABLE,531.0,480,24.8377769903268,25.0,1.8587299385210616,1.8560479060087007,0.9855072463768116,VALUE
AUSTIN_DRE_PHASE_3,AUSTIN_DOWNFALL_STATE_MODEL_V1,NCAAB_H1_2_AUSTIN_TRANSFER_V1,2d6652334abc6dcc,NCAAB_20260106_SCAR_LSU,KXNCAAMBGAME-26JAN06SCARLSU-SCAR,H1_2,12,2026-01-07T01:03:15+00:00,2,360,HEALTHY,0,CI_POSITIVE,NORMAL_SUPPORT,20.0,20.0,20.0,20.0,0.0,20.0,0.0,0.0,-8.881784197001252e-16,96,11.0,25-50,-25,UNAVAILABLE,UNAVAILABLE,531.0,360,24.8377769903268,25.0,1.8587299385210616,1.8560479060087007,0.9855072463768116,VALUE
AUSTIN_DRE_PHASE_3,AUSTIN_DOWNFALL_STATE_MODEL_V1,NCAAB_H1_2_AUSTIN_TRANSFER_V1,2d6652334abc6dcc,NCAAB_20260106_SCAR_LSU,KXNCAAMBGAME-26JAN06SCARLSU-SCAR,H1_2,13,2026-01-07T01:03:15+00:00,2,240,HEALTHY,0,CI_POSITIVE,NORMAL_SUPPORT,20.0,20.0,20.0,20.0,0.0,20.0,0.0,0.0,0.0,96,11.0,25-50,-25,UNAVAILABLE,UNAVAILABLE,531.0,240,24.8377769903268,25.0,1.8587299385210616,1.8560479060087007,0.9855072463768116,VALUE
AUSTIN_DRE_PHASE_3,AUSTIN_DOWNFALL_STATE_MODEL_V1,NCAAB_H1_2_AUSTIN_TRANSFER_V1,2d6652334abc6dcc,NCAAB_20260106_SCAR_LSU,KXNCAAMBGAME-26JAN06SCARLSU-SCAR,H1_2,14,2026-01-07T01:03:15+00:00,2,120,HEALTHY,0,CI_POSITIVE,NORMAL_SUPPORT,20.0,20.0,20.0,20.0,0.0,20.0,0.0,0.0,0.0,96,11.0,25-50,-25,UNAVAILABLE,UNAVAILABLE,531.0,120,24.8377769903268,25.0,1.8587299385210616,1.8560479060087007,0.9855072463768116,VALUE
AUSTIN_DRE_PHASE_3,AUSTIN_DOWNFALL_STATE_MODEL_V1,NCAAB_H1_2_AUSTIN_TRANSFER_V1,2d6652334abc6dcc,NCAAB_20260106_SCAR_LSU,KXNCAAMBGAME-26JAN06SCARLSU-SCAR,H1_2,15,2026-01-07T02:05:51+00:00,2,0,HEALTHY,0,CI_POSITIVE,NORMAL_SUPPORT,20.0,20.0,20.0,20.0,0.0,20.0,0.0,0.0,0.0,99,14.0,68-78,-10,UNAVAILABLE,UNAVAILABLE,1731.0,0,24.45297616543242,25.0,0.934807245481048,0.9241868995837146,1.0,VALUE
AUSTIN_DRE_PHASE_3,AUSTIN_DOWNFALL_STATE_MODEL_V1,NCAAB_H1_2_AUSTIN_TRANSFER_V1,2edcfb8754626492,NCAAB_20260106_SYR_GT,KXNCAAMBGAME-26JAN06SYRGT-SYR,H1_2,0,2026-01-07T00:01:11+00:00,1,120,UNRESOLVED,0,CI_UNAVAILABLE,SUPPORT_UNAVAILABLE,UNAVAILABLE,UNAVAILABLE,UNAVAILABLE,UNAVAILABLE,UNAVAILABLE,UNAVAILABLE,UNAVAILABLE,UNAVAILABLE,UNAVAILABLE,55,UNAVAILABLE,0-0,0,UNAVAILABLE,UNAVAILABLE,UNAVAILABLE,1320,UNAVAILABLE,UNAVAILABLE,UNAVAILABLE,UNAVAILABLE,0.30434782608695654,NOT_APPLICABLE
AUSTIN_DRE_PHASE_3,AUSTIN_DOWNFALL_STATE_MODEL_V1,NCAAB_H1_2_AUSTIN_TRANSFER_V1,2edcfb8754626492,NCAAB_20260106_SYR_GT,KXNCAAMBGAME-26JAN06SYRGT-SYR,H1_2,1,2026-01-07T00:56:09+00:00,1,0,HEALTHY,0,CI_POSITIVE,NORMAL_SUPPORT,20.0,20.0,20.0,20.0,0.0,UNAVAILABLE,UNAVAILABLE,UNAVAILABLE,UNAVAILABLE,88,7.0,30-44,-14,UNAVAILABLE,UNAVAILABLE,158.0,1200,24.997097225721916,25.0,0.653122833450032,0.647989910671892,0.9565217391304348,VALUE
AUSTIN_DRE_PHASE_3,AUSTIN_DOWNFALL_STATE_MODEL_V1,NCAAB_H1_2_AUSTIN_TRANSFER_V1,2edcfb8754626492,NCAAB_20260106_SYR_GT,KXNCAAMBGAME-26JAN06SYRGT-SYR,H1_2,2,2026-01-07T01:10:58+00:00,2,1200,HEALTHY,0,CI_CROSSES_ZERO,NORMAL_SUPPORT,8.294283432749628,-8.0,20.0,20.0,-11.705716567250372,20.0,-11.705716567250372,UNAVAILABLE,UNAVAILABLE,89,8.0,30-44,-14,UNAVAILABLE,UNAVAILABLE,158.0,1200,24.890363944328506,25.0,1.5223378601838493,1.5563153281230582,0.9565217391304348,VALUE
AUSTIN_DRE_PHASE_3,AUSTIN_DOWNFALL_STATE_MODEL_V1,NCAAB_H1_2_AUSTIN_TRANSFER_V1,2edcfb8754626492,NCAAB_20260106_SYR_GT,KXNCAAMBGAME-26JAN06SYRGT-SYR,H1_2,3,2026-01-07T01:09:26+00:00,2,1080,HEALTHY,0,CI_CROSSES_ZERO,NORMAL_SUPPORT,8.294283432749628,-8.0,20.0,20.0,-11.705716567250372,8.294283432749628,0.0,0.0,UNAVAILABLE,89,8.0,30-44,-14,UNAVAILABLE,UNAVAILABLE,158.0,1080,24.890363944328506,25.0,1.5223378601838493,1.5563153281230582,0.9565217391304348,VALUE
AUSTIN_DRE_PHASE_3,AUSTIN_DOWNFALL_STATE_MODEL_V1,NCAAB_H1_2_AUSTIN_TRANSFER_V1,2edcfb8754626492,NCAAB_20260106_SYR_GT,KXNCAAMBGAME-26JAN06SYRGT-SYR,H1_2,4,2026-01-07T01:09:26+00:00,2,960,HEALTHY,0,CI_CROSSES_ZERO,NORMAL_SUPPORT,8.294283432749628,-8.0,20.0,20.0,-11.705716567250372,8.294283432749628,0.0,0.0,0.0,89,8.0,30-44,-14,UNAVAILABLE,UNAVAILABLE,158.0,960,24.890363944328506,25.0,1.5223378601838493,1.5563153281230582,0.9565217391304348,VALUE
AUSTIN_DRE_PHASE_3,AUSTIN_DOWNFALL_STATE_MODEL_V1,NCAAB_H1_2_AUSTIN_TRANSFER_V1,2edcfb8754626492,NCAAB_20260106_SYR_GT,KXNCAAMBGAME-26JAN06SYRGT-SYR,H1_2,5,2026-01-07T01:09:26+00:00,2,840,HEALTHY,0,CI_CROSSES_ZERO,NORMAL_SUPPORT,8.294283432749628,-8.0,20.0,20.0,-11.705716567250372,8.294283432749628,0.0,0.0,0.0,89,8.0,30-44,-14,UNAVAILABLE,UNAVAILABLE,158.0,840,24.890363944328506,25.0,1.5223378601838493,1.5563153281230582,0.9565217391304348,VALUE
AUSTIN_DRE_PHASE_3,AUSTIN_DOWNFALL_STATE_MODEL_V1,NCAAB_H1_2_AUSTIN_TRANSFER_V1,2edcfb8754626492,NCAAB_20260106_SYR_GT,KXNCAAMBGAME-26JAN06SYRGT-SYR,H1_2,6,2026-01-07T01:09:26+00:00,2,720,HEALTHY,0,CI_CROSSES_ZERO,NORMAL_SUPPORT,8.294283432749628,-8.0,20.0,20.0,-11.705716567250372,8.294283432749628,0.0,0.0,0.0,89,8.0,30-44,-14,UNAVAILABLE,UNAVAILABLE,158.0,720,24.890363944328506,25.0,1.5223378601838493,1.5563153281230582,0.9565217391304348,VALUE
AUSTIN_DRE_PHASE_3,AUSTIN_DOWNFALL_STATE_MODEL_V1,NCAAB_H1_2_AUSTIN_TRANSFER_V1,2edcfb8754626492,NCAAB_20260106_SYR_GT,KXNCAAMBGAME-26JAN06SYRGT-SYR,H1_2,7,2026-01-07T01:09:26+00:00,2,600,HEALTHY,0,CI_CROSSES_ZERO,NORMAL_SUPPORT,8.294283432749628,-8.0,20.0,20.0,-11.705716567250372,8.294283432749628,0.0,0.0,0.0,89,8.0,30-44,-14,UNAVAILABLE,UNAVAILABLE,158.0,600,24.890363944328506,25.0,1.5223378601838493,1.5563153281230582,0.9565217391304348,VALUE
AUSTIN_DRE_PHASE_3,AUSTIN_DOWNFALL_STATE_MODEL_V1,NCAAB_H1_2_AUSTIN_TRANSFER_V1,2edcfb8754626492,NCAAB_20260106_SYR_GT,KXNCAAMBGAME-26JAN06SYRGT-SYR,H1_2,8,2026-01-07T01:09:26+00:00,2,480,HEALTHY,0,CI_CROSSES_ZERO,NORMAL_SUPPORT,8.294283432749628,-8.0,20.0,20.0,-11.705716567250372,8.294283432749628,0.0,0.0,0.0,89,8.0,30-44,-14,UNAVAILABLE,UNAVAILABLE,158.0,480,24.890363944328506,25.0,1.5223378601838493,1.5563153281230582,0.9565217391304348,VALUE
AUSTIN_DRE_PHASE_3,AUSTIN_DOWNFALL_STATE_MODEL_V1,NCAAB_H1_2_AUSTIN_TRANSFER_V1,2edcfb8754626492,NCAAB_20260106_SYR_GT,KXNCAAMBGAME-26JAN06SYRGT-SYR,H1_2,9,2026-01-07T01:09:26+00:00,2,360,HEALTHY,0,CI_CROSSES_ZERO,NORMAL_SUPPORT,8.294283432749628,-8.0,20.0,20.0,-11.705716567250372,8.294283432749628,0.0,0.0,0.0,89,8.0,30-44,-14,UNAVAILABLE,UNAVAILABLE,158.0,360,24.890363944328506,25.0,1.5223378601838493,1.5563153281230582,0.9565217391304348,VALUE
AUSTIN_DRE_PHASE_3,AUSTIN_DOWNFALL_STATE_MODEL_V1,NCAAB_H1_2_AUSTIN_TRANSFER_V1,2edcfb8754626492,NCAAB_20260106_SYR_GT,KXNCAAMBGAME-26JAN06SYRGT-SYR,H1_2,10,2026-01-07T01:09:26+00:00,2,240,HEALTHY,0,CI_CROSSES_ZERO,NORMAL_SUPPORT,8.294283432749628,-8.0,20.0,20.0,-11.705716567250372,8.294283432749628,0.0,0.0,0.0,89,8.0,30-44,-14,UNAVAILABLE,UNAVAILABLE,158.0,240,24.890363944328506,25.0,1.5223378601838493,1.5563153281230582,0.9565217391304348,VALUE
AUSTIN_DRE_PHASE_3,AUSTIN_DOWNFALL_STATE_MODEL_V1,NCAAB_H1_2_AUSTIN_TRANSFER_V1,2edcfb8754626492,NCAAB_20260106_SYR_GT,KXNCAAMBGAME-26JAN06SYRGT-SYR,H1_2,11,2026-01-07T01:09:26+00:00,2,120,HEALTHY,0,CI_CROSSES_ZERO,NORMAL_SUPPORT,8.294283432749628,-8.0,20.0,20.0,-11.705716567250372,8.294283432749628,0.0,0.0,0.0,89,8.0,30-44,-14,UNAVAILABLE,UNAVAILABLE,158.0,120,24.890363944328506,25.0,1.5223378601838493,1.5563153281230582,0.9565217391304348,VALUE
AUSTIN_DRE_PHASE_3,AUSTIN_DOWNFALL_STATE_MODEL_V1,NCAAB_H1_2_AUSTIN_TRANSFER_V1,2edcfb8754626492,NCAAB_20260106_SYR_GT,KXNCAAMBGAME-26JAN06SYRGT-SYR,H1_2,12,2026-01-07T02:25:05+00:00,2,0,HEALTHY,0,CI_POSITIVE,NORMAL_SUPPORT,15.860699779201218,8.0,20.0,20.0,-4.139300220798782,8.294283432749628,7.5664163464515894,3.7832081732257947,1.8916040866128974,99,18.0,72-82,-10,UNAVAILABLE,UNAVAILABLE,1358.0,0,24.814320738140136,25.0,0.8523285809784028,0.8675113090118306,1.0,VALUE
AUSTIN_DRE_PHASE_3,AUSTIN_DOWNFALL_STATE_MODEL_V1,NCAAB_H1_2_AUSTIN_TRANSFER_V1,4f3625f82edbccb6,NCAAB_20260106_UCF_OKST,KXNCAAMBGAME-26JAN06UCFOKST-OKST,H1_2,0,2026-01-07T01:01:18+00:00,1,120,UNRESOLVED,0,CI_UNAVAILABLE,SUPPORT_UNAVAILABLE,UNAVAILABLE,UNAVAILABLE,UNAVAILABLE,UNAVAILABLE,UNAVAILABLE,UNAVAILABLE,UNAVAILABLE,UNAVAILABLE,UNAVAILABLE,53,UNAVAILABLE,0-0,0,UNAVAILABLE,UNAVAILABLE,UNAVAILABLE,1320,UNAVAILABLE,UNAVAILABLE,UNAVAILABLE,UNAVAILABLE,0.30434782608695654,NOT_APPLICABLE
AUSTIN_DRE_PHASE_3,AUSTIN_DOWNFALL_STATE_MODEL_V1,NCAAB_H1_2_AUSTIN_TRANSFER_V1,4f3625f82edbccb6,NCAAB_20260106_UCF_OKST,KXNCAAMBGAME-26JAN06UCFOKST-OKST,H1_2,1,2026-01-07T01:56:32+00:00,1,0,HEALTHY,0,CI_POSITIVE,NORMAL_SUPPORT,20.0,20.0,20.0,20.0,0.0,UNAVAILABLE,UNAVAILABLE,UNAVAILABLE,UNAVAILABLE,69,-11.0,41-32,9,UNAVAILABLE,UNAVAILABLE,188.0,1200,24.822591814578548,25.0,0.7276264794691741,0.7046603911644391,0.9710144927536232,VALUE
AUSTIN_DRE_PHASE_3,AUSTIN_DOWNFALL_STATE_MODEL_V1,NCAAB_H1_2_AUSTIN_TRANSFER_V1,4f3625f82edbccb6,NCAAB_20260106_UCF_OKST,KXNCAAMBGAME-26JAN06UCFOKST-OKST,H1_2,2,2026-01-07T02:09:53+00:00,2,1200,HEALTHY,0,CI_CROSSES_ZERO,NORMAL_SUPPORT,11.909787988693632,0.0,20.0,20.0,-8.090212011306368,20.0,-8.090212011306368,UNAVAILABLE,UNAVAILABLE,74,-6.0,41-32,9,UNAVAILABLE,UNAVAILABLE,188.0,1200,24.991199165142685,25.0,1.299278696168962,1.2984609969788934,0.9710144927536232,VALUE
AUSTIN_DRE_PHASE_3,AUSTIN_DOWNFALL_STATE_MODEL_V1,NCAAB_H1_2_AUSTIN_TRANSFER_V1,4f3625f82edbccb6,NCAAB_20260106_UCF_OKST,KXNCAAMBGAME-26JAN06UCFOKST-OKST,H1_2,3,2026-01-07T02:09:53+00:00,2,1080,HEALTHY,0,CI_CROSSES_ZERO,NORMAL_SUPPORT,11.909787988693632,0.0,20.0,20.0,-8.090212011306368,11.909787988693632,0.0,0.0,UNAVAILABLE,74,-6.0,41-32,9,UNAVAILABLE,UNAVAILABLE,188.0,1080,24.991199165142685,25.0,1.299278696168962,1.2984609969788934,0.9710144927536232,VALUE
AUSTIN_DRE_PHASE_3,AUSTIN_DOWNFALL_STATE_MODEL_V1,NCAAB_H1_2_AUSTIN_TRANSFER_V1,4f3625f82edbccb6,NCAAB_20260106_UCF_OKST,KXNCAAMBGAME-26JAN06UCFOKST-OKST,H1_2,4,2026-01-07T02:09:53+00:00,2,960,HEALTHY,0,CI_CROSSES_ZERO,NORMAL_SUPPORT,11.909787988693632,0.0,20.0,20.0,-8.090212011306368,11.909787988693632,0.0,0.0,0.0,74,-6.0,41-32,9,UNAVAILABLE,UNAVAILABLE,188.0,960,24.991199165142685,25.0,1.299278696168962,1.2984609969788934,0.9710144927536232,VALUE
AUSTIN_DRE_PHASE_3,AUSTIN_DOWNFALL_STATE_MODEL_V1,NCAAB_H1_2_AUSTIN_TRANSFER_V1,4f3625f82edbccb6,NCAAB_20260106_UCF_OKST,KXNCAAMBGAME-26JAN06UCFOKST-OKST,H1_2,5,2026-01-07T02:09:53+00:00,2,840,HEALTHY,0,CI_CROSSES_ZERO,NORMAL_SUPPORT,11.909787988693632,0.0,20.0,20.0,-8.090212011306368,11.909787988693632,0.0,0.0,0.0,74,-6.0,41-32,9,UNAVAILABLE,UNAVAILABLE,188.0,840,24.991199165142685,25.0,1.299278696168962,1.2984609969788934,0.9710144927536232,VALUE
AUSTIN_DRE_PHASE_3,AUSTIN_DOWNFALL_STATE_MODEL_V1,NCAAB_H1_2_AUSTIN_TRANSFER_V1,4f3625f82edbccb6,NCAAB_20260106_UCF_OKST,KXNCAAMBGAME-26JAN06UCFOKST-OKST,H1_2,6,2026-01-07T02:09:53+00:00,2,720,HEALTHY,0,CI_CROSSES_ZERO,NORMAL_SUPPORT,11.909787988693632,0.0,20.0,20.0,-8.090212011306368,11.909787988693632,0.0,0.0,0.0,74,-6.0,41-32,9,UNAVAILABLE,UNAVAILABLE,188.0,720,24.991199165142685,25.0,1.299278696168962,1.2984609969788934,0.9710144927536232,VALUE
AUSTIN_DRE_PHASE_3,AUSTIN_DOWNFALL_STATE_MODEL_V1,NCAAB_H1_2_AUSTIN_TRANSFER_V1,4f3625f82edbccb6,NCAAB_20260106_UCF_OKST,KXNCAAMBGAME-26JAN06UCFOKST-OKST,H1_2,7,2026-01-07T02:09:53+00:00,2,600,HEALTHY,0,CI_CROSSES_ZERO,NORMAL_SUPPORT,11.909787988693632,0.0,20.0,20.0,-8.090212011306368,11.909787988693632,0.0,0.0,0.0,74,-6.0,41-32,9,UNAVAILABLE,UNAVAILABLE,188.0,600,24.991199165142685,25.0,1.299278696168962,1.2984609969788934,0.9710144927536232,VALUE
AUSTIN_DRE_PHASE_3,AUSTIN_DOWNFALL_STATE_MODEL_V1,NCAAB_H1_2_AUSTIN_TRANSFER_V1,4f3625f82edbccb6,NCAAB_20260106_UCF_OKST,KXNCAAMBGAME-26JAN06UCFOKST-OKST,H1_2,8,2026-01-07T02:09:53+00:00,2,480,HEALTHY,0,CI_CROSSES_ZERO,NORMAL_SUPPORT,11.909787988693632,0.0,20.0,20.0,-8.090212011306368,11.909787988693632,0.0,0.0,0.0,74,-6.0,41-32,9,UNAVAILABLE,UNAVAILABLE,188.0,480,24.991199165142685,25.0,1.299278696168962,1.2984609969788934,0.9710144927536232,VALUE
AUSTIN_DRE_PHASE_3,AUSTIN_DOWNFALL_STATE_MODEL_V1,NCAAB_H1_2_AUSTIN_TRANSFER_V1,4f3625f82edbccb6,NCAAB_20260106_UCF_OKST,KXNCAAMBGAME-26JAN06UCFOKST-OKST,H1_2,9,2026-01-07T02:47:39+00:00,2,360,HEALTHY,0,CI_CROSSES_ZERO,NORMAL_SUPPORT,12.577261201279633,0.0,20.0,20.0,-7.422738798720367,11.909787988693632,0.6674732125860015,0.3337366062930007,0.16686830314650036,87,7.0,74-64,10,UNAVAILABLE,UNAVAILABLE,1028.0,360,24.0275180658461,25.0,0.3788924280938579,0.3768917875772526,1.0,VALUE
AUSTIN_DRE_PHASE_3,AUSTIN_DOWNFALL_STATE_MODEL_V1,NCAAB_H1_2_AUSTIN_TRANSFER_V1,4f3625f82edbccb6,NCAAB_20260106_UCF_OKST,KXNCAAMBGAME-26JAN06UCFOKST-OKST,H1_2,10,2026-01-07T02:09:53+00:00,2,240,HEALTHY,0,CI_CROSSES_ZERO,NORMAL_SUPPORT,11.909787988693632,0.0,20.0,20.0,-8.090212011306368,12.577261201279633,-0.6674732125860015,-0.3337366062930007,-0.3337366062930007,74,-6.0,41-32,9,UNAVAILABLE,UNAVAILABLE,188.0,240,24.991199165142685,25.0,1.299278696168962,1.2984609969788934,0.9710144927536232,VALUE
AUSTIN_DRE_PHASE_3,AUSTIN_DOWNFALL_STATE_MODEL_V1,NCAAB_H1_2_AUSTIN_TRANSFER_V1,4f3625f82edbccb6,NCAAB_20260106_UCF_OKST,KXNCAAMBGAME-26JAN06UCFOKST-OKST,H1_2,11,2026-01-07T02:09:53+00:00,2,120,HEALTHY,0,CI_CROSSES_ZERO,NORMAL_SUPPORT,11.909787988693632,0.0,20.0,20.0,-8.090212011306368,11.909787988693632,0.0,0.0,0.16686830314650036,74,-6.0,41-32,9,UNAVAILABLE,UNAVAILABLE,188.0,120,24.991199165142685,25.0,1.299278696168962,1.2984609969788934,0.9710144927536232,VALUE
AUSTIN_DRE_PHASE_3,AUSTIN_DOWNFALL_STATE_MODEL_V1,NCAAB_H1_2_AUSTIN_TRANSFER_V1,4f3625f82edbccb6,NCAAB_20260106_UCF_OKST,KXNCAAMBGAME-26JAN06UCFOKST-OKST,H1_2,12,2026-01-07T03:13:32+00:00,2,0,HEALTHY,0,CI_CROSSES_ZERO,NORMAL_SUPPORT,4.68863075010887,-12.0,16.0,20.0,-15.31136924989113,11.909787988693632,-7.2211572385847616,-3.6105786192923808,-1.8052893096461904,99,19.0,87-76,11,UNAVAILABLE,UNAVAILABLE,1388.0,0,24.616950045582456,25.0,0.6606404189842201,0.6742965118718216,1.0,VALUE
AUSTIN_DRE_PHASE_3,AUSTIN_DOWNFALL_STATE_MODEL_V1,NCAAB_H1_2_AUSTIN_TRANSFER_V1,9463c12fa059c27e,NCAAB_20260106_TTU_HOU,KXNCAAMBGAME-26JAN06TTUHOU-HOU,H1_2,0,2026-01-07T02:16:21+00:00,1,240,UNRESOLVED,0,CI_UNAVAILABLE,SUPPORT_UNAVAILABLE,UNAVAILABLE,UNAVAILABLE,UNAVAILABLE,UNAVAILABLE,UNAVAILABLE,UNAVAILABLE,UNAVAILABLE,UNAVAILABLE,UNAVAILABLE,75,UNAVAILABLE,0-0,0,UNAVAILABLE,UNAVAILABLE,UNAVAILABLE,1440,UNAVAILABLE,UNAVAILABLE,UNAVAILABLE,UNAVAILABLE,0.30434782608695654,NOT_APPLICABLE
AUSTIN_DRE_PHASE_3,AUSTIN_DOWNFALL_STATE_MODEL_V1,NCAAB_H1_2_AUSTIN_TRANSFER_V1,9463c12fa059c27e,NCAAB_20260106_TTU_HOU,KXNCAAMBGAME-26JAN06TTUHOU-HOU,H1_2,1,2026-01-07T03:03:39+00:00,1,120,HEALTHY,0,CI_POSITIVE,NORMAL_SUPPORT,20.000000000000004,20.0,20.0,20.000000000000004,0.0,UNAVAILABLE,UNAVAILABLE,UNAVAILABLE,UNAVAILABLE,76,-8.0,31-26,5,UNAVAILABLE,UNAVAILABLE,178.0,1320,24.961103486862083,25.0,1.2917859924445858,1.3229414808589253,0.9565217391304348,VALUE
AUSTIN_DRE_PHASE_3,AUSTIN_DOWNFALL_STATE_MODEL_V1,NCAAB_H1_2_AUSTIN_TRANSFER_V1,9463c12fa059c27e,NCAAB_20260106_TTU_HOU,KXNCAAMBGAME-26JAN06TTUHOU-HOU,H1_2,2,2026-01-07T03:08:45+00:00,1,0,HEALTHY,0,CI_POSITIVE,NORMAL_SUPPORT,20.0,20.0,20.0,20.000000000000004,-3.552713678800501e-15,20.000000000000004,-3.552713678800501e-15,-1.7763568394002505e-15,UNAVAILABLE,71,-13.0,31-31,0,UNAVAILABLE,UNAVAILABLE,298.0,1200,24.98850086859398,25.0,1.2926308881218511,1.2827920103205832,0.9710144927536232,VALUE
AUSTIN_DRE_PHASE_3,AUSTIN_DOWNFALL_STATE_MODEL_V1,NCAAB_H1_2_AUSTIN_TRANSFER_V1,9463c12fa059c27e,NCAAB_20260106_TTU_HOU,KXNCAAMBGAME-26JAN06TTUHOU-HOU,H1_2,3,2026-01-07T03:24:37+00:00,2,1200,WATCH_NEGATIVE,1,CI_CROSSES_ZERO,NORMAL_SUPPORT,-10.29700656893217,-32.0,8.0,20.000000000000004,-30.297006568932176,20.0,-30.29700656893217,UNAVAILABLE,UNAVAILABLE,68,-16.0,31-31,0,UNAVAILABLE,UNAVAILABLE,298.0,1200,24.886178602175914,25.0,1.8927953564774305,1.9537239789757188,0.9710144927536232,VALUE
AUSTIN_DRE_PHASE_3,AUSTIN_DOWNFALL_STATE_MODEL_V1,NCAAB_H1_2_AUSTIN_TRANSFER_V1,9463c12fa059c27e,NCAAB_20260106_TTU_HOU,KXNCAAMBGAME-26JAN06TTUHOU-HOU,H1_2,4,2026-01-07T03:24:37+00:00,2,1080,PERSISTENCE_2,2,CI_CROSSES_ZERO,NORMAL_SUPPORT,-10.29700656893217,-32.0,8.0,20.000000000000004,-30.297006568932176,-10.29700656893217,0.0,0.0,UNAVAILABLE,68,-16.0,31-31,0,UNAVAILABLE,UNAVAILABLE,298.0,1080,24.886178602175914,25.0,1.8927953564774305,1.9537239789757188,0.9710144927536232,VALUE
AUSTIN_DRE_PHASE_3,AUSTIN_DOWNFALL_STATE_MODEL_V1,NCAAB_H1_2_AUSTIN_TRANSFER_V1,9463c12fa059c27e,NCAAB_20260106_TTU_HOU,KXNCAAMBGAME-26JAN06TTUHOU-HOU,H1_2,5,2026-01-07T03:24:37+00:00,2,960,PERSISTENCE_3PLUS,3,CI_CROSSES_ZERO,NORMAL_SUPPORT,-10.29700656893217,-32.0,8.0,20.000000000000004,-30.297006568932176,-10.29700656893217,0.0,0.0,0.0,68,-16.0,31-31,0,UNAVAILABLE,UNAVAILABLE,298.0,960,24.886178602175914,25.0,1.8927953564774305,1.9537239789757188,0.9710144927536232,VALUE
AUSTIN_DRE_PHASE_3,AUSTIN_DOWNFALL_STATE_MODEL_V1,NCAAB_H1_2_AUSTIN_TRANSFER_V1,9463c12fa059c27e,NCAAB_20260106_TTU_HOU,KXNCAAMBGAME-26JAN06TTUHOU-HOU,H1_2,6,2026-01-07T03:24:37+00:00,2,840,PERSISTENCE_3PLUS,4,CI_CROSSES_ZERO,NORMAL_SUPPORT,-10.29700656893217,-32.0,8.0,20.000000000000004,-30.297006568932176,-10.29700656893217,0.0,0.0,0.0,68,-16.0,31-31,0,UNAVAILABLE,UNAVAILABLE,298.0,840,24.886178602175914,25.0,1.8927953564774305,1.9537239789757188,0.9710144927536232,VALUE
AUSTIN_DRE_PHASE_3,AUSTIN_DOWNFALL_STATE_MODEL_V1,NCAAB_H1_2_AUSTIN_TRANSFER_V1,9463c12fa059c27e,NCAAB_20260106_TTU_HOU,KXNCAAMBGAME-26JAN06TTUHOU-HOU,H1_2,7,2026-01-07T03:52:34+00:00,2,720,PERSISTENCE_3PLUS,5,CI_CROSSES_ZERO,NORMAL_SUPPORT,-19.54108906161296,-40.0,0.0,20.000000000000004,-39.541089061612965,-10.29700656893217,-9.244082492680791,-4.6220412463403955,-2.3110206231701977,58,-26.0,43-44,-1,UNAVAILABLE,UNAVAILABLE,778.0,720,24.567625042006092,25.0,1.0842348548754699,1.1450420735956317,1.0,VALUE
AUSTIN_DRE_PHASE_3,AUSTIN_DOWNFALL_STATE_MODEL_V1,NCAAB_H1_2_AUSTIN_TRANSFER_V1,9463c12fa059c27e,NCAAB_20260106_TTU_HOU,KXNCAAMBGAME-26JAN06TTUHOU-HOU,H1_2,8,2026-01-07T03:24:37+00:00,2,600,PERSISTENCE_3PLUS,6,CI_CROSSES_ZERO,NORMAL_SUPPORT,-10.29700656893217,-32.0,8.0,20.000000000000004,-30.297006568932176,-19.54108906161296,9.244082492680791,4.6220412463403955,4.6220412463403955,68,-16.0,31-31,0,UNAVAILABLE,UNAVAILABLE,298.0,600,24.886178602175914,25.0,1.8927953564774305,1.9537239789757188,0.9710144927536232,VALUE
AUSTIN_DRE_PHASE_3,AUSTIN_DOWNFALL_STATE_MODEL_V1,NCAAB_H1_2_AUSTIN_TRANSFER_V1,9463c12fa059c27e,NCAAB_20260106_TTU_HOU,KXNCAAMBGAME-26JAN06TTUHOU-HOU,H1_2,9,2026-01-07T03:24:37+00:00,2,480,PERSISTENCE_3PLUS,7,CI_CROSSES_ZERO,NORMAL_SUPPORT,-10.29700656893217,-32.0,8.0,20.000000000000004,-30.297006568932176,-10.29700656893217,0.0,0.0,-2.3110206231701977,68,-16.0,31-31,0,UNAVAILABLE,UNAVAILABLE,298.0,480,24.886178602175914,25.0,1.8927953564774305,1.9537239789757188,0.9710144927536232,VALUE
AUSTIN_DRE_PHASE_3,AUSTIN_DOWNFALL_STATE_MODEL_V1,NCAAB_H1_2_AUSTIN_TRANSFER_V1,9463c12fa059c27e,NCAAB_20260106_TTU_HOU,KXNCAAMBGAME-26JAN06TTUHOU-HOU,H1_2,10,2026-01-07T03:24:37+00:00,2,360,PERSISTENCE_3PLUS,8,CI_CROSSES_ZERO,NORMAL_SUPPORT,-10.29700656893217,-32.0,8.0,20.000000000000004,-30.297006568932176,-10.29700656893217,0.0,0.0,0.0,68,-16.0,31-31,0,UNAVAILABLE,UNAVAILABLE,298.0,360,24.886178602175914,25.0,1.8927953564774305,1.9537239789757188,0.9710144927536232,VALUE
AUSTIN_DRE_PHASE_3,AUSTIN_DOWNFALL_STATE_MODEL_V1,NCAAB_H1_2_AUSTIN_TRANSFER_V1,9463c12fa059c27e,NCAAB_20260106_TTU_HOU,KXNCAAMBGAME-26JAN06TTUHOU-HOU,H1_2,11,2026-01-07T03:24:37+00:00,2,240,PERSISTENCE_3PLUS,9,CI_CROSSES_ZERO,NORMAL_SUPPORT,-10.29700656893217,-32.0,8.0,20.000000000000004,-30.297006568932176,-10.29700656893217,0.0,0.0,0.0,68,-16.0,31-31,0,UNAVAILABLE,UNAVAILABLE,298.0,240,24.886178602175914,25.0,1.8927953564774305,1.9537239789757188,0.9710144927536232,VALUE
AUSTIN_DRE_PHASE_3,AUSTIN_DOWNFALL_STATE_MODEL_V1,NCAAB_H1_2_AUSTIN_TRANSFER_V1,9463c12fa059c27e,NCAAB_20260106_TTU_HOU,KXNCAAMBGAME-26JAN06TTUHOU-HOU,H1_2,12,2026-01-07T03:24:37+00:00,2,120,PERSISTENCE_3PLUS,10,CI_CROSSES_ZERO,NORMAL_SUPPORT,-10.29700656893217,-32.0,8.0,20.000000000000004,-30.297006568932176,-10.29700656893217,0.0,0.0,0.0,68,-16.0,31-31,0,UNAVAILABLE,UNAVAILABLE,298.0,120,24.886178602175914,25.0,1.8927953564774305,1.9537239789757188,0.9710144927536232,VALUE
AUSTIN_DRE_PHASE_3,AUSTIN_DOWNFALL_STATE_MODEL_V1,NCAAB_H1_2_AUSTIN_TRANSFER_V1,9463c12fa059c27e,NCAAB_20260106_TTU_HOU,KXNCAAMBGAME-26JAN06TTUHOU-HOU,H1_2,13,2026-01-07T04:29:59+00:00,2,0,RECOVERING,0,CI_POSITIVE,NORMAL_SUPPORT,20.0,20.0,20.0,20.000000000000004,-3.552713678800501e-15,-10.29700656893217,30.29700656893217,15.148503284466084,7.574251642233042,99,15.0,69-65,4,UNAVAILABLE,UNAVAILABLE,1498.0,0,24.981097087527722,25.0,1.1224999862470313,1.1080315098282345,1.0,VALUE
AUSTIN_DRE_PHASE_3,AUSTIN_DOWNFALL_STATE_MODEL_V1,NCAAB_H1_2_AUSTIN_TRANSFER_V1,cb8b7d9f42b3c43b,NCAAB_20260106_TXAM_AUB,KXNCAAMBGAME-26JAN06TXAMAUB-AUB,H1_2,0,2026-01-07T03:02:14+00:00,1,0,HEALTHY,0,CI_POSITIVE,NORMAL_SUPPORT,20.000000000000004,20.0,20.0,20.000000000000004,0.0,UNAVAILABLE,UNAVAILABLE,UNAVAILABLE,UNAVAILABLE,90,9.0,47-37,10,UNAVAILABLE,UNAVAILABLE,85.0,1200,24.990168151222026,25.0,0.8868269323403412,0.8981765853277609,0.8985507246376812,VALUE
AUSTIN_DRE_PHASE_3,AUSTIN_DOWNFALL_STATE_MODEL_V1,NCAAB_H1_2_AUSTIN_TRANSFER_V1,cb8b7d9f42b3c43b,NCAAB_20260106_TXAM_AUB,KXNCAAMBGAME-26JAN06TXAMAUB-AUB,H1_2,1,2026-01-07T03:17:09+00:00,2,1200,HEALTHY,0,CI_CROSSES_ZERO,NORMAL_SUPPORT,12.161592783314253,0.0,20.0,20.000000000000004,-7.83840721668575,20.000000000000004,-7.83840721668575,UNAVAILABLE,UNAVAILABLE,89,8.0,47-37,10,UNAVAILABLE,UNAVAILABLE,85.0,1200,24.985982164839577,25.0,1.5123538443945646,1.5244909862029528,0.8985507246376812,VALUE
AUSTIN_DRE_PHASE_3,AUSTIN_DOWNFALL_STATE_MODEL_V1,NCAAB_H1_2_AUSTIN_TRANSFER_V1,cb8b7d9f42b3c43b,NCAAB_20260106_TXAM_AUB,KXNCAAMBGAME-26JAN06TXAMAUB-AUB,H1_2,2,2026-01-07T03:20:53+00:00,2,1080,HEALTHY,0,CI_CROSSES_ZERO,NORMAL_SUPPORT,12.234499781274568,0.0,20.0,20.000000000000004,-7.765500218725435,12.161592783314253,0.07290699796031497,0.036453498980157484,UNAVAILABLE,90,9.0,51-41,10,UNAVAILABLE,UNAVAILABLE,205.0,1080,24.89692976370319,25.0,1.0353735519988385,1.0625280005703608,0.9710144927536232,VALUE
AUSTIN_DRE_PHASE_3,AUSTIN_DOWNFALL_STATE_MODEL_V1,NCAAB_H1_2_AUSTIN_TRANSFER_V1,cb8b7d9f42b3c43b,NCAAB_20260106_TXAM_AUB,KXNCAAMBGAME-26JAN06TXAMAUB-AUB,H1_2,3,2026-01-07T03:24:17+00:00,2,960,HEALTHY,0,CI_POSITIVE,NORMAL_SUPPORT,13.282197286967552,4.0,20.0,20.000000000000004,-6.717802713032452,12.234499781274568,1.0476975056929838,0.5238487528464919,0.2436976269331672,89,8.0,54-43,11,UNAVAILABLE,UNAVAILABLE,325.0,960,24.374420157631437,25.0,0.6472968353917562,0.6776597916292351,0.9855072463768116,VALUE
AUSTIN_DRE_PHASE_3,AUSTIN_DOWNFALL_STATE_MODEL_V1,NCAAB_H1_2_AUSTIN_TRANSFER_V1,cb8b7d9f42b3c43b,NCAAB_20260106_TXAM_AUB,KXNCAAMBGAME-26JAN06TXAMAUB-AUB,H1_2,4,2026-01-07T03:17:09+00:00,2,840,HEALTHY,0,CI_CROSSES_ZERO,NORMAL_SUPPORT,12.161592783314253,0.0,20.0,20.000000000000004,-7.83840721668575,13.282197286967552,-1.1206045036532988,-0.5603022518266494,-0.5420755023365706,89,8.0,47-37,10,UNAVAILABLE,UNAVAILABLE,85.0,840,24.985982164839577,25.0,1.5123538443945646,1.5244909862029528,0.8985507246376812,VALUE
AUSTIN_DRE_PHASE_3,AUSTIN_DOWNFALL_STATE_MODEL_V1,NCAAB_H1_2_AUSTIN_TRANSFER_V1,cb8b7d9f42b3c43b,NCAAB_20260106_TXAM_AUB,KXNCAAMBGAME-26JAN06TXAMAUB-AUB,H1_2,5,2026-01-07T03:17:09+00:00,2,720,HEALTHY,0,CI_CROSSES_ZERO,NORMAL_SUPPORT,12.161592783314253,0.0,20.0,20.000000000000004,-7.83840721668575,12.161592783314253,0.0,0.0,0.2801511259133247,89,8.0,47-37,10,UNAVAILABLE,UNAVAILABLE,85.0,720,24.985982164839577,25.0,1.5123538443945646,1.5244909862029528,0.8985507246376812,VALUE
AUSTIN_DRE_PHASE_3,AUSTIN_DOWNFALL_STATE_MODEL_V1,NCAAB_H1_2_AUSTIN_TRANSFER_V1,cb8b7d9f42b3c43b,NCAAB_20260106_TXAM_AUB,KXNCAAMBGAME-26JAN06TXAMAUB-AUB,H1_2,6,2026-01-07T03:17:09+00:00,2,600,HEALTHY,0,CI_CROSSES_ZERO,NORMAL_SUPPORT,12.161592783314253,0.0,20.0,20.000000000000004,-7.83840721668575,12.161592783314253,0.0,0.0,0.0,89,8.0,47-37,10,UNAVAILABLE,UNAVAILABLE,85.0,600,24.985982164839577,25.0,1.5123538443945646,1.5244909862029528,0.8985507246376812,VALUE
AUSTIN_DRE_PHASE_3,AUSTIN_DOWNFALL_STATE_MODEL_V1,NCAAB_H1_2_AUSTIN_TRANSFER_V1,cb8b7d9f42b3c43b,NCAAB_20260106_TXAM_AUB,KXNCAAMBGAME-26JAN06TXAMAUB-AUB,H1_2,7,2026-01-07T03:17:09+00:00,2,480,HEALTHY,0,CI_CROSSES_ZERO,NORMAL_SUPPORT,12.161592783314253,0.0,20.0,20.000000000000004,-7.83840721668575,12.161592783314253,0.0,0.0,0.0,89,8.0,47-37,10,UNAVAILABLE,UNAVAILABLE,85.0,480,24.985982164839577,25.0,1.5123538443945646,1.5244909862029528,0.8985507246376812,VALUE
AUSTIN_DRE_PHASE_3,AUSTIN_DOWNFALL_STATE_MODEL_V1,NCAAB_H1_2_AUSTIN_TRANSFER_V1,cb8b7d9f42b3c43b,NCAAB_20260106_TXAM_AUB,KXNCAAMBGAME-26JAN06TXAMAUB-AUB,H1_2,8,2026-01-07T03:17:09+00:00,2,360,HEALTHY,0,CI_CROSSES_ZERO,NORMAL_SUPPORT,12.161592783314253,0.0,20.0,20.000000000000004,-7.83840721668575,12.161592783314253,0.0,0.0,0.0,89,8.0,47-37,10,UNAVAILABLE,UNAVAILABLE,85.0,360,24.985982164839577,25.0,1.5123538443945646,1.5244909862029528,0.8985507246376812,VALUE
AUSTIN_DRE_PHASE_3,AUSTIN_DOWNFALL_STATE_MODEL_V1,NCAAB_H1_2_AUSTIN_TRANSFER_V1,cb8b7d9f42b3c43b,NCAAB_20260106_TXAM_AUB,KXNCAAMBGAME-26JAN06TXAMAUB-AUB,H1_2,9,2026-01-07T03:17:09+00:00,2,240,HEALTHY,0,CI_CROSSES_ZERO,NORMAL_SUPPORT,12.161592783314253,0.0,20.0,20.000000000000004,-7.83840721668575,12.161592783314253,0.0,0.0,0.0,89,8.0,47-37,10,UNAVAILABLE,UNAVAILABLE,85.0,240,24.985982164839577,25.0,1.5123538443945646,1.5244909862029528,0.8985507246376812,VALUE
AUSTIN_DRE_PHASE_3,AUSTIN_DOWNFALL_STATE_MODEL_V1,NCAAB_H1_2_AUSTIN_TRANSFER_V1,cb8b7d9f42b3c43b,NCAAB_20260106_TXAM_AUB,KXNCAAMBGAME-26JAN06TXAMAUB-AUB,H1_2,10,2026-01-07T03:17:09+00:00,2,120,HEALTHY,0,CI_CROSSES_ZERO,NORMAL_SUPPORT,12.161592783314253,0.0,20.0,20.000000000000004,-7.83840721668575,12.161592783314253,0.0,0.0,0.0,89,8.0,47-37,10,UNAVAILABLE,UNAVAILABLE,85.0,120,24.985982164839577,25.0,1.5123538443945646,1.5244909862029528,0.8985507246376812,VALUE
AUSTIN_DRE_PHASE_3,AUSTIN_DOWNFALL_STATE_MODEL_V1,NCAAB_H1_2_AUSTIN_TRANSFER_V1,cb8b7d9f42b3c43b,NCAAB_20260106_TXAM_AUB,KXNCAAMBGAME-26JAN06TXAMAUB-AUB,H1_2,11,2026-01-07T04:30:01+00:00,2,0,HEALTHY,0,CI_CROSSES_ZERO,NORMAL_SUPPORT,7.608523279194225,-8.0,20.0,20.000000000000004,-12.391476720805779,12.161592783314253,-4.553069504120028,-2.276534752060014,-1.138267376030007,85,4.0,88-90,-2,UNAVAILABLE,UNAVAILABLE,1285.0,0,24.974028893323368,25.0,1.1135243987136834,1.1247620096108162,1.0,VALUE
AUSTIN_DRE_PHASE_3,AUSTIN_DOWNFALL_STATE_MODEL_V1,NCAAB_H1_2_AUSTIN_TRANSFER_V1,6e0f373eef010edf,NCAAB_20260106_TCU_KU,KXNCAAMBGAME-26JAN06TCUKU-KU,H1_2,0,2026-01-07T03:05:32+00:00,1,0,UNRESOLVED,0,CI_UNAVAILABLE,SUPPORT_UNAVAILABLE,UNAVAILABLE,UNAVAILABLE,UNAVAILABLE,UNAVAILABLE,UNAVAILABLE,UNAVAILABLE,UNAVAILABLE,UNAVAILABLE,UNAVAILABLE,78,UNAVAILABLE,41-36,5,UNAVAILABLE,UNAVAILABLE,UNAVAILABLE,1200,UNAVAILABLE,UNAVAILABLE,UNAVAILABLE,UNAVAILABLE,0.30434782608695654,NOT_APPLICABLE
AUSTIN_DRE_PHASE_3,AUSTIN_DOWNFALL_STATE_MODEL_V1,NCAAB_H1_2_AUSTIN_TRANSFER_V1,6e0f373eef010edf,NCAAB_20260106_TCU_KU,KXNCAAMBGAME-26JAN06TCUKU-KU,H1_2,1,2026-01-07T03:21:46+00:00,2,1200,HEALTHY,0,CI_CROSSES_ZERO,NORMAL_SUPPORT,11.974402211574931,0.0,20.0,11.974402211574931,0.0,UNAVAILABLE,UNAVAILABLE,UNAVAILABLE,UNAVAILABLE,77,-4.0,41-36,5,UNAVAILABLE,UNAVAILABLE,0.0,1200,24.992584669419497,25.0,1.601780035366206,1.6008044603949079,0.7681159420289855,VALUE
AUSTIN_DRE_PHASE_3,AUSTIN_DOWNFALL_STATE_MODEL_V1,NCAAB_H1_2_AUSTIN_TRANSFER_V1,6e0f373eef010edf,NCAAB_20260106_TCU_KU,KXNCAAMBGAME-26JAN06TCUKU-KU,H1_2,2,2026-01-07T03:21:46+00:00,2,1080,HEALTHY,0,CI_CROSSES_ZERO,NORMAL_SUPPORT,11.974402211574931,0.0,20.0,11.974402211574931,0.0,11.974402211574931,0.0,0.0,UNAVAILABLE,77,-4.0,41-36,5,UNAVAILABLE,UNAVAILABLE,0.0,1080,24.992584669419497,25.0,1.601780035366206,1.6008044603949079,0.7681159420289855,VALUE
AUSTIN_DRE_PHASE_3,AUSTIN_DOWNFALL_STATE_MODEL_V1,NCAAB_H1_2_AUSTIN_TRANSFER_V1,6e0f373eef010edf,NCAAB_20260106_TCU_KU,KXNCAAMBGAME-26JAN06TCUKU-KU,H1_2,3,2026-01-07T03:21:46+00:00,2,960,HEALTHY,0,CI_CROSSES_ZERO,NORMAL_SUPPORT,11.974402211574931,0.0,20.0,11.974402211574931,0.0,11.974402211574931,0.0,0.0,0.0,77,-4.0,41-36,5,UNAVAILABLE,UNAVAILABLE,0.0,960,24.992584669419497,25.0,1.601780035366206,1.6008044603949079,0.7681159420289855,VALUE
AUSTIN_DRE_PHASE_3,AUSTIN_DOWNFALL_STATE_MODEL_V1,NCAAB_H1_2_AUSTIN_TRANSFER_V1,6e0f373eef010edf,NCAAB_20260106_TCU_KU,KXNCAAMBGAME-26JAN06TCUKU-KU,H1_2,4,2026-01-07T03:21:46+00:00,2,840,HEALTHY,0,CI_CROSSES_ZERO,NORMAL_SUPPORT,11.974402211574931,0.0,20.0,11.974402211574931,0.0,11.974402211574931,0.0,0.0,0.0,77,-4.0,41-36,5,UNAVAILABLE,UNAVAILABLE,0.0,840,24.992584669419497,25.0,1.601780035366206,1.6008044603949079,0.7681159420289855,VALUE
AUSTIN_DRE_PHASE_3,AUSTIN_DOWNFALL_STATE_MODEL_V1,NCAAB_H1_2_AUSTIN_TRANSFER_V1,6e0f373eef010edf,NCAAB_20260106_TCU_KU,KXNCAAMBGAME-26JAN06TCUKU-KU,H1_2,5,2026-01-07T03:21:46+00:00,2,720,HEALTHY,0,CI_CROSSES_ZERO,NORMAL_SUPPORT,11.974402211574931,0.0,20.0,11.974402211574931,0.0,11.974402211574931,0.0,0.0,0.0,77,-4.0,41-36,5,UNAVAILABLE,UNAVAILABLE,0.0,720,24.992584669419497,25.0,1.601780035366206,1.6008044603949079,0.7681159420289855,VALUE
AUSTIN_DRE_PHASE_3,AUSTIN_DOWNFALL_STATE_MODEL_V1,NCAAB_H1_2_AUSTIN_TRANSFER_V1,6e0f373eef010edf,NCAAB_20260106_TCU_KU,KXNCAAMBGAME-26JAN06TCUKU-KU,H1_2,6,2026-01-07T03:21:46+00:00,2,600,HEALTHY,0,CI_CROSSES_ZERO,NORMAL_SUPPORT,11.974402211574931,0.0,20.0,11.974402211574931,0.0,11.974402211574931,0.0,0.0,0.0,77,-4.0,41-36,5,UNAVAILABLE,UNAVAILABLE,0.0,600,24.992584669419497,25.0,1.601780035366206,1.6008044603949079,0.7681159420289855,VALUE
AUSTIN_DRE_PHASE_3,AUSTIN_DOWNFALL_STATE_MODEL_V1,NCAAB_H1_2_AUSTIN_TRANSFER_V1,6e0f373eef010edf,NCAAB_20260106_TCU_KU,KXNCAAMBGAME-26JAN06TCUKU-KU,H1_2,7,2026-01-07T03:21:46+00:00,2,480,HEALTHY,0,CI_CROSSES_ZERO,NORMAL_SUPPORT,11.974402211574931,0.0,20.0,11.974402211574931,0.0,11.974402211574931,0.0,0.0,0.0,77,-4.0,41-36,5,UNAVAILABLE,UNAVAILABLE,0.0,480,24.992584669419497,25.0,1.601780035366206,1.6008044603949079,0.7681159420289855,VALUE
AUSTIN_DRE_PHASE_3,AUSTIN_DOWNFALL_STATE_MODEL_V1,NCAAB_H1_2_AUSTIN_TRANSFER_V1,6e0f373eef010edf,NCAAB_20260106_TCU_KU,KXNCAAMBGAME-26JAN06TCUKU-KU,H1_2,8,2026-01-07T04:00:14+00:00,2,360,WATCH_NEGATIVE,1,CI_NEGATIVE,NORMAL_SUPPORT,-80.0,-80.0,-80.0,11.974402211574931,-91.97440221157493,11.974402211574931,-91.97440221157493,-45.98720110578746,-22.99360055289373,6,-75.0,65-78,-13,UNAVAILABLE,UNAVAILABLE,840.0,360,23.91426506003609,25.0,1.405517669171502,1.4976265195820109,1.0,VALUE
AUSTIN_DRE_PHASE_3,AUSTIN_DOWNFALL_STATE_MODEL_V1,NCAAB_H1_2_AUSTIN_TRANSFER_V1,6e0f373eef010edf,NCAAB_20260106_TCU_KU,KXNCAAMBGAME-26JAN06TCUKU-KU,H1_2,9,2026-01-07T03:21:46+00:00,2,240,RECOVERING,0,CI_CROSSES_ZERO,NORMAL_SUPPORT,11.974402211574931,0.0,20.0,11.974402211574931,0.0,-80.0,91.97440221157493,45.98720110578746,45.98720110578746,77,-4.0,41-36,5,UNAVAILABLE,UNAVAILABLE,0.0,240,24.992584669419497,25.0,1.601780035366206,1.6008044603949079,0.7681159420289855,VALUE
AUSTIN_DRE_PHASE_3,AUSTIN_DOWNFALL_STATE_MODEL_V1,NCAAB_H1_2_AUSTIN_TRANSFER_V1,6e0f373eef010edf,NCAAB_20260106_TCU_KU,KXNCAAMBGAME-26JAN06TCUKU-KU,H1_2,10,2026-01-07T03:21:46+00:00,2,120,HEALTHY_AFTER_RECOVERY,0,CI_CROSSES_ZERO,NORMAL_SUPPORT,11.974402211574931,0.0,20.0,11.974402211574931,0.0,11.974402211574931,0.0,0.0,-22.99360055289373,77,-4.0,41-36,5,UNAVAILABLE,UNAVAILABLE,0.0,120,24.992584669419497,25.0,1.601780035366206,1.6008044603949079,0.7681159420289855,VALUE
AUSTIN_DRE_PHASE_3,AUSTIN_DOWNFALL_STATE_MODEL_V1,NCAAB_H1_2_AUSTIN_TRANSFER_V1,6e0f373eef010edf,NCAAB_20260106_TCU_KU,KXNCAAMBGAME-26JAN06TCUKU-KU,H1_2,11,2026-01-07T04:28:55+00:00,2,0,WATCH_NEGATIVE,1,CI_NEGATIVE,NORMAL_SUPPORT,-59.71632351493692,-76.0,-44.0,11.974402211574931,-71.69072572651184,11.974402211574931,-71.69072572651184,-35.84536286325592,-17.92268143162796,28,-53.0,87-87,0,UNAVAILABLE,UNAVAILABLE,1200.0,0,24.886462274592894,25.0,1.1703293787135145,1.1677416176616564,1.0,VALUE
AUSTIN_DRE_PHASE_3,AUSTIN_DOWNFALL_STATE_MODEL_V1,NCAAB_H1_2_AUSTIN_TRANSFER_V1,6e0f373eef010edf,NCAAB_20260106_TCU_KU,KXNCAAMBGAME-26JAN06TCUKU-KU,H1_2,12,2026-01-07T04:30:34+00:00,3,300,PERSISTENCE_2,2,CI_CROSSES_ZERO,NORMAL_SUPPORT,-15.482429174977542,-36.0,4.0,11.974402211574931,-27.456831386552473,-59.71632351493692,44.23389433995938,UNAVAILABLE,UNAVAILABLE,55,-26.0,87-87,0,UNAVAILABLE,UNAVAILABLE,1200.0,0,24.429570946069454,25.0,0.6090897235083664,0.618171813808877,1.0,VALUE
AUSTIN_DRE_PHASE_3,AUSTIN_DOWNFALL_STATE_MODEL_V1,NCAAB_H1_2_AUSTIN_TRANSFER_V1,6e0f373eef010edf,NCAAB_20260106_TCU_KU,KXNCAAMBGAME-26JAN06TCUKU-KU,H1_2,13,2026-01-07T04:30:34+00:00,3,180,PERSISTENCE_3PLUS,3,CI_CROSSES_ZERO,NORMAL_SUPPORT,-15.482429174977542,-36.0,4.0,11.974402211574931,-27.456831386552473,-15.482429174977542,0.0,0.0,UNAVAILABLE,55,-26.0,87-87,0,UNAVAILABLE,UNAVAILABLE,1200.0,180,24.429570946069454,25.0,0.6090897235083664,0.618171813808877,1.0,VALUE
AUSTIN_DRE_PHASE_3,AUSTIN_DOWNFALL_STATE_MODEL_V1,NCAAB_H1_2_AUSTIN_TRANSFER_V1,6e0f373eef010edf,NCAAB_20260106_TCU_KU,KXNCAAMBGAME-26JAN06TCUKU-KU,H1_2,14,2026-01-07T04:30:34+00:00,3,60,PERSISTENCE_3PLUS,4,CI_CROSSES_ZERO,NORMAL_SUPPORT,-15.482429174977542,-36.0,4.0,11.974402211574931,-27.456831386552473,-15.482429174977542,0.0,0.0,0.0,55,-26.0,87-87,0,UNAVAILABLE,UNAVAILABLE,1200.0,60,24.429570946069454,25.0,0.6090897235083664,0.618171813808877,1.0,VALUE
AUSTIN_DRE_PHASE_3,AUSTIN_DOWNFALL_STATE_MODEL_V1,NCAAB_H1_2_AUSTIN_TRANSFER_V1,1844ab6448912e77,NCAAB_20260107_IND_MD,KXNCAAMBGAME-26JAN07INDMD-IND,H1_2,0,2026-01-07T23:31:17+00:00,1,360,UNRESOLVED,0,CI_UNAVAILABLE,SUPPORT_UNAVAILABLE,UNAVAILABLE,UNAVAILABLE,UNAVAILABLE,UNAVAILABLE,UNAVAILABLE,UNAVAILABLE,UNAVAILABLE,UNAVAILABLE,UNAVAILABLE,76,UNAVAILABLE,0-0,0,UNAVAILABLE,UNAVAILABLE,UNAVAILABLE,1560,UNAVAILABLE,UNAVAILABLE,UNAVAILABLE,UNAVAILABLE,0.30434782608695654,NOT_APPLICABLE
AUSTIN_DRE_PHASE_3,AUSTIN_DOWNFALL_STATE_MODEL_V1,NCAAB_H1_2_AUSTIN_TRANSFER_V1,1844ab6448912e77,NCAAB_20260107_IND_MD,KXNCAAMBGAME-26JAN07INDMD-IND,H1_2,1,2026-01-07T23:31:17+00:00,1,240,UNRESOLVED,0,CI_UNAVAILABLE,SUPPORT_UNAVAILABLE,UNAVAILABLE,UNAVAILABLE,UNAVAILABLE,UNAVAILABLE,UNAVAILABLE,UNAVAILABLE,UNAVAILABLE,UNAVAILABLE,UNAVAILABLE,76,UNAVAILABLE,0-0,0,UNAVAILABLE,UNAVAILABLE,UNAVAILABLE,1440,UNAVAILABLE,UNAVAILABLE,UNAVAILABLE,UNAVAILABLE,0.30434782608695654,NOT_APPLICABLE
AUSTIN_DRE_PHASE_3,AUSTIN_DOWNFALL_STATE_MODEL_V1,NCAAB_H1_2_AUSTIN_TRANSFER_V1,1844ab6448912e77,NCAAB_20260107_IND_MD,KXNCAAMBGAME-26JAN07INDMD-IND,H1_2,2,2026-01-07T23:31:17+00:00,1,120,UNRESOLVED,0,CI_UNAVAILABLE,SUPPORT_UNAVAILABLE,UNAVAILABLE,UNAVAILABLE,UNAVAILABLE,UNAVAILABLE,UNAVAILABLE,UNAVAILABLE,UNAVAILABLE,UNAVAILABLE,UNAVAILABLE,76,UNAVAILABLE,0-0,0,UNAVAILABLE,UNAVAILABLE,UNAVAILABLE,1320,UNAVAILABLE,UNAVAILABLE,UNAVAILABLE,UNAVAILABLE,0.30434782608695654,NOT_APPLICABLE
AUSTIN_DRE_PHASE_3,AUSTIN_DOWNFALL_STATE_MODEL_V1,NCAAB_H1_2_AUSTIN_TRANSFER_V1,1844ab6448912e77,NCAAB_20260107_IND_MD,KXNCAAMBGAME-26JAN07INDMD-IND,H1_2,3,2026-01-08T00:24:58+00:00,1,0,WATCH_NEGATIVE,1,CI_CROSSES_ZERO,NORMAL_SUPPORT,-17.836052604549728,-36.0,0.0,-17.836052604549728,0.0,UNAVAILABLE,UNAVAILABLE,UNAVAILABLE,UNAVAILABLE,84,4.0,31-36,-5,UNAVAILABLE,UNAVAILABLE,439.0,1200,24.942644766674643,25.0,0.49149881793794065,0.48750869685664555,0.9855072463768116,VALUE
AUSTIN_DRE_PHASE_3,AUSTIN_DOWNFALL_STATE_MODEL_V1,NCAAB_H1_2_AUSTIN_TRANSFER_V1,1844ab6448912e77,NCAAB_20260107_IND_MD,KXNCAAMBGAME-26JAN07INDMD-IND,H1_2,4,2026-01-08T00:40:42+00:00,2,1200,RECOVERING,0,CI_CROSSES_ZERO,NORMAL_SUPPORT,8.057936836034102,-8.0,20.0,-17.836052604549728,25.89398944058383,-17.836052604549728,25.89398944058383,UNAVAILABLE,UNAVAILABLE,83,3.0,31-36,-5,UNAVAILABLE,UNAVAILABLE,439.0,1200,24.996402332873732,25.0,1.1021856753980703,1.1008313051137566,0.9855072463768116,VALUE
AUSTIN_DRE_PHASE_3,AUSTIN_DOWNFALL_STATE_MODEL_V1,NCAAB_H1_2_AUSTIN_TRANSFER_V1,1844ab6448912e77,NCAAB_20260107_IND_MD,KXNCAAMBGAME-26JAN07INDMD-IND,H1_2,5,2026-01-08T00:45:37+00:00,2,1080,WATCH_NEGATIVE,1,CI_NEGATIVE,NORMAL_SUPPORT,-61.43061761602371,-76.0,-44.0,-17.836052604549728,-43.59456501147398,8.057936836034102,-69.48855445205781,-34.744277226028906,UNAVAILABLE,74,-6.0,38-40,-2,UNAVAILABLE,UNAVAILABLE,559.0,1080,24.95768324630165,25.0,0.7005551678117857,0.6790085421974307,0.9855072463768116,VALUE
AUSTIN_DRE_PHASE_3,AUSTIN_DOWNFALL_STATE_MODEL_V1,NCAAB_H1_2_AUSTIN_TRANSFER_V1,1844ab6448912e77,NCAAB_20260107_IND_MD,KXNCAAMBGAME-26JAN07INDMD-IND,H1_2,6,2026-01-08T00:47:56+00:00,2,960,RECOVERING,0,CI_CROSSES_ZERO,NORMAL_SUPPORT,1.3749000797392097,-16.0,16.0,-17.836052604549728,19.210952684288937,-61.43061761602371,62.80551769576292,31.40275884788146,33.073518036955186,77,-3.0,40-45,-5,UNAVAILABLE,UNAVAILABLE,679.0,960,24.402349749491428,25.0,0.3968988859155823,0.40806762297132687,1.0,VALUE
AUSTIN_DRE_PHASE_3,AUSTIN_DOWNFALL_STATE_MODEL_V1,NCAAB_H1_2_AUSTIN_TRANSFER_V1,1844ab6448912e77,NCAAB_20260107_IND_MD,KXNCAAMBGAME-26JAN07INDMD-IND,H1_2,7,2026-01-08T00:40:42+00:00,2,840,HEALTHY_AFTER_RECOVERY,0,CI_CROSSES_ZERO,NORMAL_SUPPORT,8.057936836034102,-8.0,20.0,-17.836052604549728,25.89398944058383,1.3749000797392097,6.683036756294893,3.3415183781474465,-14.030620234867008,83,3.0,31-36,-5,UNAVAILABLE,UNAVAILABLE,439.0,840,24.996402332873732,25.0,1.1021856753980703,1.1008313051137566,0.9855072463768116,VALUE
AUSTIN_DRE_PHASE_3,AUSTIN_DOWNFALL_STATE_MODEL_V1,NCAAB_H1_2_AUSTIN_TRANSFER_V1,1844ab6448912e77,NCAAB_20260107_IND_MD,KXNCAAMBGAME-26JAN07INDMD-IND,H1_2,8,2026-01-08T00:40:42+00:00,2,720,HEALTHY_AFTER_RECOVERY,0,CI_CROSSES_ZERO,NORMAL_SUPPORT,8.057936836034102,-8.0,20.0,-17.836052604549728,25.89398944058383,8.057936836034102,0.0,0.0,-1.6707591890737232,83,3.0,31-36,-5,UNAVAILABLE,UNAVAILABLE,439.0,720,24.996402332873732,25.0,1.1021856753980703,1.1008313051137566,0.9855072463768116,VALUE
AUSTIN_DRE_PHASE_3,AUSTIN_DOWNFALL_STATE_MODEL_V1,NCAAB_H1_2_AUSTIN_TRANSFER_V1,1844ab6448912e77,NCAAB_20260107_IND_MD,KXNCAAMBGAME-26JAN07INDMD-IND,H1_2,9,2026-01-08T00:40:42+00:00,2,600,HEALTHY_AFTER_RECOVERY,0,CI_CROSSES_ZERO,NORMAL_SUPPORT,8.057936836034102,-8.0,20.0,-17.836052604549728,25.89398944058383,8.057936836034102,0.0,0.0,0.0,83,3.0,31-36,-5,UNAVAILABLE,UNAVAILABLE,439.0,600,24.996402332873732,25.0,1.1021856753980703,1.1008313051137566,0.9855072463768116,VALUE
AUSTIN_DRE_PHASE_3,AUSTIN_DOWNFALL_STATE_MODEL_V1,NCAAB_H1_2_AUSTIN_TRANSFER_V1,1844ab6448912e77,NCAAB_20260107_IND_MD,KXNCAAMBGAME-26JAN07INDMD-IND,H1_2,10,2026-01-08T01:14:22+00:00,2,480,HEALTHY_AFTER_RECOVERY,0,CI_POSITIVE,NORMAL_SUPPORT,20.000000000000004,20.0,20.0,-17.836052604549728,37.836052604549735,8.057936836034102,11.942063163965901,5.971031581982951,2.9855157909914753,97,17.0,52-67,-15,UNAVAILABLE,UNAVAILABLE,1159.0,480,23.246969623387812,25.0,0.3965508948412469,0.4259548127465624,1.0,VALUE
AUSTIN_DRE_PHASE_3,AUSTIN_DOWNFALL_STATE_MODEL_V1,NCAAB_H1_2_AUSTIN_TRANSFER_V1,1844ab6448912e77,NCAAB_20260107_IND_MD,KXNCAAMBGAME-26JAN07INDMD-IND,H1_2,11,2026-01-08T00:40:42+00:00,2,360,HEALTHY_AFTER_RECOVERY,0,CI_CROSSES_ZERO,NORMAL_SUPPORT,8.057936836034102,-8.0,20.0,-17.836052604549728,25.89398944058383,20.000000000000004,-11.942063163965901,-5.971031581982951,-5.971031581982951,83,3.0,31-36,-5,UNAVAILABLE,UNAVAILABLE,439.0,360,24.996402332873732,25.0,1.1021856753980703,1.1008313051137566,0.9855072463768116,VALUE
AUSTIN_DRE_PHASE_3,AUSTIN_DOWNFALL_STATE_MODEL_V1,NCAAB_H1_2_AUSTIN_TRANSFER_V1,1844ab6448912e77,NCAAB_20260107_IND_MD,KXNCAAMBGAME-26JAN07INDMD-IND,H1_2,12,2026-01-08T00:40:42+00:00,2,240,HEALTHY_AFTER_RECOVERY,0,CI_CROSSES_ZERO,NORMAL_SUPPORT,8.057936836034102,-8.0,20.0,-17.836052604549728,25.89398944058383,8.057936836034102,0.0,0.0,2.9855157909914753,83,3.0,31-36,-5,UNAVAILABLE,UNAVAILABLE,439.0,240,24.996402332873732,25.0,1.1021856753980703,1.1008313051137566,0.9855072463768116,VALUE
AUSTIN_DRE_PHASE_3,AUSTIN_DOWNFALL_STATE_MODEL_V1,NCAAB_H1_2_AUSTIN_TRANSFER_V1,1844ab6448912e77,NCAAB_20260107_IND_MD,KXNCAAMBGAME-26JAN07INDMD-IND,H1_2,13,2026-01-08T00:40:42+00:00,2,120,HEALTHY_AFTER_RECOVERY,0,CI_CROSSES_ZERO,NORMAL_SUPPORT,8.057936836034102,-8.0,20.0,-17.836052604549728,25.89398944058383,8.057936836034102,0.0,0.0,0.0,83,3.0,31-36,-5,UNAVAILABLE,UNAVAILABLE,439.0,120,24.996402332873732,25.0,1.1021856753980703,1.1008313051137566,0.9855072463768116,VALUE
AUSTIN_DRE_PHASE_3,AUSTIN_DOWNFALL_STATE_MODEL_V1,NCAAB_H1_2_AUSTIN_TRANSFER_V1,1844ab6448912e77,NCAAB_20260107_IND_MD,KXNCAAMBGAME-26JAN07INDMD-IND,H1_2,14,2026-01-08T01:36:21+00:00,2,0,HEALTHY_AFTER_RECOVERY,0,CI_POSITIVE,NORMAL_SUPPORT,20.0,20.0,20.0,-17.836052604549728,37.83605260454973,8.057936836034102,11.942063163965898,5.971031581982949,2.9855157909914745,99,19.0,66-84,-18,UNAVAILABLE,UNAVAILABLE,1639.0,0,24.41413011999353,25.0,0.6009307403463642,0.6191164515328369,1.0,VALUE
AUSTIN_DRE_PHASE_3,AUSTIN_DOWNFALL_STATE_MODEL_V1,NCAAB_H1_2_AUSTIN_TRANSFER_V1,258ac10ef11c9361,NCAAB_20260107_ALA_VAN,KXNCAAMBGAME-26JAN07ALAVAN-VAN,H1_2,0,2026-01-08T02:10:48+00:00,1,480,UNRESOLVED,0,CI_UNAVAILABLE,SUPPORT_UNAVAILABLE,UNAVAILABLE,UNAVAILABLE,UNAVAILABLE,UNAVAILABLE,UNAVAILABLE,UNAVAILABLE,UNAVAILABLE,UNAVAILABLE,UNAVAILABLE,60,UNAVAILABLE,0-0,0,UNAVAILABLE,UNAVAILABLE,UNAVAILABLE,1680,UNAVAILABLE,UNAVAILABLE,UNAVAILABLE,UNAVAILABLE,0.30434782608695654,NOT_APPLICABLE
AUSTIN_DRE_PHASE_3,AUSTIN_DOWNFALL_STATE_MODEL_V1,NCAAB_H1_2_AUSTIN_TRANSFER_V1,258ac10ef11c9361,NCAAB_20260107_ALA_VAN,KXNCAAMBGAME-26JAN07ALAVAN-VAN,H1_2,1,2026-01-08T02:10:48+00:00,1,360,UNRESOLVED,0,CI_UNAVAILABLE,SUPPORT_UNAVAILABLE,UNAVAILABLE,UNAVAILABLE,UNAVAILABLE,UNAVAILABLE,UNAVAILABLE,UNAVAILABLE,UNAVAILABLE,UNAVAILABLE,UNAVAILABLE,60,UNAVAILABLE,0-0,0,UNAVAILABLE,UNAVAILABLE,UNAVAILABLE,1560,UNAVAILABLE,UNAVAILABLE,UNAVAILABLE,UNAVAILABLE,0.30434782608695654,NOT_APPLICABLE
AUSTIN_DRE_PHASE_3,AUSTIN_DOWNFALL_STATE_MODEL_V1,NCAAB_H1_2_AUSTIN_TRANSFER_V1,258ac10ef11c9361,NCAAB_20260107_ALA_VAN,KXNCAAMBGAME-26JAN07ALAVAN-VAN,H1_2,2,2026-01-08T02:10:48+00:00,1,240,UNRESOLVED,0,CI_UNAVAILABLE,SUPPORT_UNAVAILABLE,UNAVAILABLE,UNAVAILABLE,UNAVAILABLE,UNAVAILABLE,UNAVAILABLE,UNAVAILABLE,UNAVAILABLE,UNAVAILABLE,UNAVAILABLE,60,UNAVAILABLE,0-0,0,UNAVAILABLE,UNAVAILABLE,UNAVAILABLE,1440,UNAVAILABLE,UNAVAILABLE,UNAVAILABLE,UNAVAILABLE,0.30434782608695654,NOT_APPLICABLE
AUSTIN_DRE_PHASE_3,AUSTIN_DOWNFALL_STATE_MODEL_V1,NCAAB_H1_2_AUSTIN_TRANSFER_V1,258ac10ef11c9361,NCAAB_20260107_ALA_VAN,KXNCAAMBGAME-26JAN07ALAVAN-VAN,H1_2,3,2026-01-08T02:10:48+00:00,1,120,UNRESOLVED,0,CI_UNAVAILABLE,SUPPORT_UNAVAILABLE,UNAVAILABLE,UNAVAILABLE,UNAVAILABLE,UNAVAILABLE,UNAVAILABLE,UNAVAILABLE,UNAVAILABLE,UNAVAILABLE,UNAVAILABLE,60,UNAVAILABLE,0-0,0,UNAVAILABLE,UNAVAILABLE,UNAVAILABLE,1320,UNAVAILABLE,UNAVAILABLE,UNAVAILABLE,UNAVAILABLE,0.30434782608695654,NOT_APPLICABLE
AUSTIN_DRE_PHASE_3,AUSTIN_DOWNFALL_STATE_MODEL_V1,NCAAB_H1_2_AUSTIN_TRANSFER_V1,258ac10ef11c9361,NCAAB_20260107_ALA_VAN,KXNCAAMBGAME-26JAN07ALAVAN-VAN,H1_2,4,2026-01-08T03:06:05+00:00,1,0,WATCH_NEGATIVE,1,CI_CROSSES_ZERO,NORMAL_SUPPORT,-2.039452579156045,-20.0,12.0,-2.039452579156045,0.0,UNAVAILABLE,UNAVAILABLE,UNAVAILABLE,UNAVAILABLE,52,-28.0,43-43,0,UNAVAILABLE,UNAVAILABLE,499.0,1200,24.9175863453711,25.0,0.9507693529989315,0.9220059666249517,0.9855072463768116,VALUE
AUSTIN_DRE_PHASE_3,AUSTIN_DOWNFALL_STATE_MODEL_V1,NCAAB_H1_2_AUSTIN_TRANSFER_V1,258ac10ef11c9361,NCAAB_20260107_ALA_VAN,KXNCAAMBGAME-26JAN07ALAVAN-VAN,H1_2,5,2026-01-08T03:22:22+00:00,2,1200,PERSISTENCE_2,2,CI_CROSSES_ZERO,NORMAL_SUPPORT,-20.110091036809546,-40.0,0.0,-2.039452579156045,-18.0706384576535,-2.039452579156045,-18.0706384576535,UNAVAILABLE,UNAVAILABLE,56,-24.0,43-43,0,UNAVAILABLE,UNAVAILABLE,499.0,1200,24.76926798797628,25.0,1.6367770670104727,1.66458819576472,0.9855072463768116,VALUE
AUSTIN_DRE_PHASE_3,AUSTIN_DOWNFALL_STATE_MODEL_V1,NCAAB_H1_2_AUSTIN_TRANSFER_V1,258ac10ef11c9361,NCAAB_20260107_ALA_VAN,KXNCAAMBGAME-26JAN07ALAVAN-VAN,H1_2,6,2026-01-08T03:22:22+00:00,2,1080,PERSISTENCE_3PLUS,3,CI_CROSSES_ZERO,NORMAL_SUPPORT,-20.110091036809546,-40.0,0.0,-2.039452579156045,-18.0706384576535,-20.110091036809546,0.0,0.0,UNAVAILABLE,56,-24.0,43-43,0,UNAVAILABLE,UNAVAILABLE,499.0,1080,24.76926798797628,25.0,1.6367770670104727,1.66458819576472,0.9855072463768116,VALUE
AUSTIN_DRE_PHASE_3,AUSTIN_DOWNFALL_STATE_MODEL_V1,NCAAB_H1_2_AUSTIN_TRANSFER_V1,258ac10ef11c9361,NCAAB_20260107_ALA_VAN,KXNCAAMBGAME-26JAN07ALAVAN-VAN,H1_2,7,2026-01-08T03:22:22+00:00,2,960,PERSISTENCE_3PLUS,4,CI_CROSSES_ZERO,NORMAL_SUPPORT,-20.110091036809546,-40.0,0.0,-2.039452579156045,-18.0706384576535,-20.110091036809546,0.0,0.0,0.0,56,-24.0,43-43,0,UNAVAILABLE,UNAVAILABLE,499.0,960,24.76926798797628,25.0,1.6367770670104727,1.66458819576472,0.9855072463768116,VALUE
AUSTIN_DRE_PHASE_3,AUSTIN_DOWNFALL_STATE_MODEL_V1,NCAAB_H1_2_AUSTIN_TRANSFER_V1,258ac10ef11c9361,NCAAB_20260107_ALA_VAN,KXNCAAMBGAME-26JAN07ALAVAN-VAN,H1_2,8,2026-01-08T03:43:46+00:00,2,840,PERSISTENCE_3PLUS,5,CI_NEGATIVE,NORMAL_SUPPORT,-29.196524375175162,-48.0,-8.0,-2.039452579156045,-27.157071796019117,-20.110091036809546,-9.086433338365616,-4.543216669182808,-2.271608334591404,48,-32.0,50-54,-4,UNAVAILABLE,UNAVAILABLE,859.0,840,24.27602700738307,25.0,0.8337237329093224,0.8905899989452607,1.0,VALUE
AUSTIN_DRE_PHASE_3,AUSTIN_DOWNFALL_STATE_MODEL_V1,NCAAB_H1_2_AUSTIN_TRANSFER_V1,258ac10ef11c9361,NCAAB_20260107_ALA_VAN,KXNCAAMBGAME-26JAN07ALAVAN-VAN,H1_2,9,2026-01-08T03:22:22+00:00,2,720,PERSISTENCE_3PLUS,6,CI_CROSSES_ZERO,NORMAL_SUPPORT,-20.110091036809546,-40.0,0.0,-2.039452579156045,-18.0706384576535,-29.196524375175162,9.086433338365616,4.543216669182808,4.543216669182808,56,-24.0,43-43,0,UNAVAILABLE,UNAVAILABLE,499.0,720,24.76926798797628,25.0,1.6367770670104727,1.66458819576472,0.9855072463768116,VALUE
AUSTIN_DRE_PHASE_3,AUSTIN_DOWNFALL_STATE_MODEL_V1,NCAAB_H1_2_AUSTIN_TRANSFER_V1,258ac10ef11c9361,NCAAB_20260107_ALA_VAN,KXNCAAMBGAME-26JAN07ALAVAN-VAN,H1_2,10,2026-01-08T03:22:22+00:00,2,600,PERSISTENCE_3PLUS,7,CI_CROSSES_ZERO,NORMAL_SUPPORT,-20.110091036809546,-40.0,0.0,-2.039452579156045,-18.0706384576535,-20.110091036809546,0.0,0.0,-2.271608334591404,56,-24.0,43-43,0,UNAVAILABLE,UNAVAILABLE,499.0,600,24.76926798797628,25.0,1.6367770670104727,1.66458819576472,0.9855072463768116,VALUE
AUSTIN_DRE_PHASE_3,AUSTIN_DOWNFALL_STATE_MODEL_V1,NCAAB_H1_2_AUSTIN_TRANSFER_V1,258ac10ef11c9361,NCAAB_20260107_ALA_VAN,KXNCAAMBGAME-26JAN07ALAVAN-VAN,H1_2,11,2026-01-08T03:22:22+00:00,2,480,PERSISTENCE_3PLUS,8,CI_CROSSES_ZERO,NORMAL_SUPPORT,-20.110091036809546,-40.0,0.0,-2.039452579156045,-18.0706384576535,-20.110091036809546,0.0,0.0,0.0,56,-24.0,43-43,0,UNAVAILABLE,UNAVAILABLE,499.0,480,24.76926798797628,25.0,1.6367770670104727,1.66458819576472,0.9855072463768116,VALUE
AUSTIN_DRE_PHASE_3,AUSTIN_DOWNFALL_STATE_MODEL_V1,NCAAB_H1_2_AUSTIN_TRANSFER_V1,258ac10ef11c9361,NCAAB_20260107_ALA_VAN,KXNCAAMBGAME-26JAN07ALAVAN-VAN,H1_2,12,2026-01-08T03:22:22+00:00,2,360,PERSISTENCE_3PLUS,9,CI_CROSSES_ZERO,NORMAL_SUPPORT,-20.110091036809546,-40.0,0.0,-2.039452579156045,-18.0706384576535,-20.110091036809546,0.0,0.0,0.0,56,-24.0,43-43,0,UNAVAILABLE,UNAVAILABLE,499.0,360,24.76926798797628,25.0,1.6367770670104727,1.66458819576472,0.9855072463768116,VALUE
AUSTIN_DRE_PHASE_3,AUSTIN_DOWNFALL_STATE_MODEL_V1,NCAAB_H1_2_AUSTIN_TRANSFER_V1,258ac10ef11c9361,NCAAB_20260107_ALA_VAN,KXNCAAMBGAME-26JAN07ALAVAN-VAN,H1_2,13,2026-01-08T03:22:22+00:00,2,240,PERSISTENCE_3PLUS,10,CI_CROSSES_ZERO,NORMAL_SUPPORT,-20.110091036809546,-40.0,0.0,-2.039452579156045,-18.0706384576535,-20.110091036809546,0.0,0.0,0.0,56,-24.0,43-43,0,UNAVAILABLE,UNAVAILABLE,499.0,240,24.76926798797628,25.0,1.6367770670104727,1.66458819576472,0.9855072463768116,VALUE
AUSTIN_DRE_PHASE_3,AUSTIN_DOWNFALL_STATE_MODEL_V1,NCAAB_H1_2_AUSTIN_TRANSFER_V1,258ac10ef11c9361,NCAAB_20260107_ALA_VAN,KXNCAAMBGAME-26JAN07ALAVAN-VAN,H1_2,14,2026-01-08T03:22:22+00:00,2,120,PERSISTENCE_3PLUS,11,CI_CROSSES_ZERO,NORMAL_SUPPORT,-20.110091036809546,-40.0,0.0,-2.039452579156045,-18.0706384576535,-20.110091036809546,0.0,0.0,0.0,56,-24.0,43-43,0,UNAVAILABLE,UNAVAILABLE,499.0,120,24.76926798797628,25.0,1.6367770670104727,1.66458819576472,0.9855072463768116,VALUE
AUSTIN_DRE_PHASE_3,AUSTIN_DOWNFALL_STATE_MODEL_V1,NCAAB_H1_2_AUSTIN_TRANSFER_V1,2cc5c41b0ac4171f,NCAAB_20260107_SMU_CLEM,KXNCAAMBGAME-26JAN07SMUCLEM-CLEM,H1_2,0,2026-01-08T02:05:44+00:00,1,240,UNRESOLVED,0,CI_UNAVAILABLE,SUPPORT_UNAVAILABLE,UNAVAILABLE,UNAVAILABLE,UNAVAILABLE,UNAVAILABLE,UNAVAILABLE,UNAVAILABLE,UNAVAILABLE,UNAVAILABLE,UNAVAILABLE,63,UNAVAILABLE,0-0,0,UNAVAILABLE,UNAVAILABLE,UNAVAILABLE,1440,UNAVAILABLE,UNAVAILABLE,UNAVAILABLE,UNAVAILABLE,0.30434782608695654,NOT_APPLICABLE
AUSTIN_DRE_PHASE_3,AUSTIN_DOWNFALL_STATE_MODEL_V1,NCAAB_H1_2_AUSTIN_TRANSFER_V1,2cc5c41b0ac4171f,NCAAB_20260107_SMU_CLEM,KXNCAAMBGAME-26JAN07SMUCLEM-CLEM,H1_2,1,2026-01-08T02:05:44+00:00,1,120,UNRESOLVED,0,CI_UNAVAILABLE,SUPPORT_UNAVAILABLE,UNAVAILABLE,UNAVAILABLE,UNAVAILABLE,UNAVAILABLE,UNAVAILABLE,UNAVAILABLE,UNAVAILABLE,UNAVAILABLE,UNAVAILABLE,63,UNAVAILABLE,0-0,0,UNAVAILABLE,UNAVAILABLE,UNAVAILABLE,1320,UNAVAILABLE,UNAVAILABLE,UNAVAILABLE,UNAVAILABLE,0.30434782608695654,NOT_APPLICABLE
AUSTIN_DRE_PHASE_3,AUSTIN_DOWNFALL_STATE_MODEL_V1,NCAAB_H1_2_AUSTIN_TRANSFER_V1,2cc5c41b0ac4171f,NCAAB_20260107_SMU_CLEM,KXNCAAMBGAME-26JAN07SMUCLEM-CLEM,H1_2,2,2026-01-08T02:57:22+00:00,1,0,HEALTHY,0,CI_POSITIVE,NORMAL_SUPPORT,19.999999999999996,20.0,20.0,19.999999999999996,0.0,UNAVAILABLE,UNAVAILABLE,UNAVAILABLE,UNAVAILABLE,82,-3.0,34-25,9,UNAVAILABLE,UNAVAILABLE,314.0,1200,24.919327659351826,25.0,1.161533598649463,1.1242163673112149,0.9855072463768116,VALUE
AUSTIN_DRE_PHASE_3,AUSTIN_DOWNFALL_STATE_MODEL_V1,NCAAB_H1_2_AUSTIN_TRANSFER_V1,2cc5c41b0ac4171f,NCAAB_20260107_SMU_CLEM,KXNCAAMBGAME-26JAN07SMUCLEM-CLEM,H1_2,3,2026-01-08T03:11:27+00:00,2,1200,WATCH_NEGATIVE,1,CI_CROSSES_ZERO,NORMAL_SUPPORT,-9.842022696356349,-28.0,8.0,19.999999999999996,-29.842022696356345,19.999999999999996,-29.842022696356345,UNAVAILABLE,UNAVAILABLE,82,-3.0,34-25,9,UNAVAILABLE,UNAVAILABLE,314.0,1200,24.750002307691272,25.0,1.6373789925836522,1.6706911926941483,0.9855072463768116,VALUE
AUSTIN_DRE_PHASE_3,AUSTIN_DOWNFALL_STATE_MODEL_V1,NCAAB_H1_2_AUSTIN_TRANSFER_V1,2cc5c41b0ac4171f,NCAAB_20260107_SMU_CLEM,KXNCAAMBGAME-26JAN07SMUCLEM-CLEM,H1_2,4,2026-01-08T03:11:27+00:00,2,1080,PERSISTENCE_2,2,CI_CROSSES_ZERO,NORMAL_SUPPORT,-9.842022696356349,-28.0,8.0,19.999999999999996,-29.842022696356345,-9.842022696356349,0.0,0.0,UNAVAILABLE,82,-3.0,34-25,9,UNAVAILABLE,UNAVAILABLE,314.0,1080,24.750002307691272,25.0,1.6373789925836522,1.6706911926941483,0.9855072463768116,VALUE
AUSTIN_DRE_PHASE_3,AUSTIN_DOWNFALL_STATE_MODEL_V1,NCAAB_H1_2_AUSTIN_TRANSFER_V1,2cc5c41b0ac4171f,NCAAB_20260107_SMU_CLEM,KXNCAAMBGAME-26JAN07SMUCLEM-CLEM,H1_2,5,2026-01-08T03:11:27+00:00,2,960,PERSISTENCE_3PLUS,3,CI_CROSSES_ZERO,NORMAL_SUPPORT,-9.842022696356349,-28.0,8.0,19.999999999999996,-29.842022696356345,-9.842022696356349,0.0,0.0,0.0,82,-3.0,34-25,9,UNAVAILABLE,UNAVAILABLE,314.0,960,24.750002307691272,25.0,1.6373789925836522,1.6706911926941483,0.9855072463768116,VALUE
AUSTIN_DRE_PHASE_3,AUSTIN_DOWNFALL_STATE_MODEL_V1,NCAAB_H1_2_AUSTIN_TRANSFER_V1,2cc5c41b0ac4171f,NCAAB_20260107_SMU_CLEM,KXNCAAMBGAME-26JAN07SMUCLEM-CLEM,H1_2,6,2026-01-08T03:11:27+00:00,2,840,PERSISTENCE_3PLUS,4,CI_CROSSES_ZERO,NORMAL_SUPPORT,-9.842022696356349,-28.0,8.0,19.999999999999996,-29.842022696356345,-9.842022696356349,0.0,0.0,0.0,82,-3.0,34-25,9,UNAVAILABLE,UNAVAILABLE,314.0,840,24.750002307691272,25.0,1.6373789925836522,1.6706911926941483,0.9855072463768116,VALUE
AUSTIN_DRE_PHASE_3,AUSTIN_DOWNFALL_STATE_MODEL_V1,NCAAB_H1_2_AUSTIN_TRANSFER_V1,2cc5c41b0ac4171f,NCAAB_20260107_SMU_CLEM,KXNCAAMBGAME-26JAN07SMUCLEM-CLEM,H1_2,7,2026-01-08T03:11:27+00:00,2,720,PERSISTENCE_3PLUS,5,CI_CROSSES_ZERO,NORMAL_SUPPORT,-9.842022696356349,-28.0,8.0,19.999999999999996,-29.842022696356345,-9.842022696356349,0.0,0.0,0.0,82,-3.0,34-25,9,UNAVAILABLE,UNAVAILABLE,314.0,720,24.750002307691272,25.0,1.6373789925836522,1.6706911926941483,0.9855072463768116,VALUE
AUSTIN_DRE_PHASE_3,AUSTIN_DOWNFALL_STATE_MODEL_V1,NCAAB_H1_2_AUSTIN_TRANSFER_V1,2cc5c41b0ac4171f,NCAAB_20260107_SMU_CLEM,KXNCAAMBGAME-26JAN07SMUCLEM-CLEM,H1_2,8,2026-01-08T03:11:27+00:00,2,600,PERSISTENCE_3PLUS,6,CI_CROSSES_ZERO,NORMAL_SUPPORT,-9.842022696356349,-28.0,8.0,19.999999999999996,-29.842022696356345,-9.842022696356349,0.0,0.0,0.0,82,-3.0,34-25,9,UNAVAILABLE,UNAVAILABLE,314.0,600,24.750002307691272,25.0,1.6373789925836522,1.6706911926941483,0.9855072463768116,VALUE
AUSTIN_DRE_PHASE_3,AUSTIN_DOWNFALL_STATE_MODEL_V1,NCAAB_H1_2_AUSTIN_TRANSFER_V1,2cc5c41b0ac4171f,NCAAB_20260107_SMU_CLEM,KXNCAAMBGAME-26JAN07SMUCLEM-CLEM,H1_2,9,2026-01-08T03:11:27+00:00,2,480,PERSISTENCE_3PLUS,7,CI_CROSSES_ZERO,NORMAL_SUPPORT,-9.842022696356349,-28.0,8.0,19.999999999999996,-29.842022696356345,-9.842022696356349,0.0,0.0,0.0,82,-3.0,34-25,9,UNAVAILABLE,UNAVAILABLE,314.0,480,24.750002307691272,25.0,1.6373789925836522,1.6706911926941483,0.9855072463768116,VALUE
AUSTIN_DRE_PHASE_3,AUSTIN_DOWNFALL_STATE_MODEL_V1,NCAAB_H1_2_AUSTIN_TRANSFER_V1,2cc5c41b0ac4171f,NCAAB_20260107_SMU_CLEM,KXNCAAMBGAME-26JAN07SMUCLEM-CLEM,H1_2,10,2026-01-08T03:11:27+00:00,2,360,PERSISTENCE_3PLUS,8,CI_CROSSES_ZERO,NORMAL_SUPPORT,-9.842022696356349,-28.0,8.0,19.999999999999996,-29.842022696356345,-9.842022696356349,0.0,0.0,0.0,82,-3.0,34-25,9,UNAVAILABLE,UNAVAILABLE,314.0,360,24.750002307691272,25.0,1.6373789925836522,1.6706911926941483,0.9855072463768116,VALUE
AUSTIN_DRE_PHASE_3,AUSTIN_DOWNFALL_STATE_MODEL_V1,NCAAB_H1_2_AUSTIN_TRANSFER_V1,2cc5c41b0ac4171f,NCAAB_20260107_SMU_CLEM,KXNCAAMBGAME-26JAN07SMUCLEM-CLEM,H1_2,11,2026-01-08T03:11:27+00:00,2,240,PERSISTENCE_3PLUS,9,CI_CROSSES_ZERO,NORMAL_SUPPORT,-9.842022696356349,-28.0,8.0,19.999999999999996,-29.842022696356345,-9.842022696356349,0.0,0.0,0.0,82,-3.0,34-25,9,UNAVAILABLE,UNAVAILABLE,314.0,240,24.750002307691272,25.0,1.6373789925836522,1.6706911926941483,0.9855072463768116,VALUE
AUSTIN_DRE_PHASE_3,AUSTIN_DOWNFALL_STATE_MODEL_V1,NCAAB_H1_2_AUSTIN_TRANSFER_V1,2cc5c41b0ac4171f,NCAAB_20260107_SMU_CLEM,KXNCAAMBGAME-26JAN07SMUCLEM-CLEM,H1_2,12,2026-01-08T03:11:27+00:00,2,120,PERSISTENCE_3PLUS,10,CI_CROSSES_ZERO,NORMAL_SUPPORT,-9.842022696356349,-28.0,8.0,19.999999999999996,-29.842022696356345,-9.842022696356349,0.0,0.0,0.0,82,-3.0,34-25,9,UNAVAILABLE,UNAVAILABLE,314.0,120,24.750002307691272,25.0,1.6373789925836522,1.6706911926941483,0.9855072463768116,VALUE
AUSTIN_DRE_PHASE_3,AUSTIN_DOWNFALL_STATE_MODEL_V1,NCAAB_H1_2_AUSTIN_TRANSFER_V1,2cc5c41b0ac4171f,NCAAB_20260107_SMU_CLEM,KXNCAAMBGAME-26JAN07SMUCLEM-CLEM,H1_2,13,2026-01-08T04:21:29+00:00,2,0,RECOVERING,0,CI_POSITIVE,NORMAL_SUPPORT,20.0,20.0,20.0,19.999999999999996,3.552713678800501e-15,-9.842022696356349,29.84202269635635,14.921011348178174,7.460505674089087,99,14.0,74-70,4,UNAVAILABLE,UNAVAILABLE,1514.0,0,24.984901063506637,25.0,1.1667470592077804,1.1478332031870957,1.0,VALUE
AUSTIN_DRE_PHASE_3,AUSTIN_DOWNFALL_STATE_MODEL_V1,NCAAB_H1_2_AUSTIN_TRANSFER_V1,2552258eb6255e8e,NCAAB_20260108_NW_MSU,KXNCAAMBGAME-26JAN08NWMSU-MSU,H1_2,0,2026-01-08T23:31:49+00:00,1,480,UNRESOLVED,0,CI_UNAVAILABLE,SUPPORT_UNAVAILABLE,UNAVAILABLE,UNAVAILABLE,UNAVAILABLE,UNAVAILABLE,UNAVAILABLE,UNAVAILABLE,UNAVAILABLE,UNAVAILABLE,UNAVAILABLE,89,UNAVAILABLE,0-0,0,UNAVAILABLE,UNAVAILABLE,UNAVAILABLE,1680,UNAVAILABLE,UNAVAILABLE,UNAVAILABLE,UNAVAILABLE,0.30434782608695654,NOT_APPLICABLE
AUSTIN_DRE_PHASE_3,AUSTIN_DOWNFALL_STATE_MODEL_V1,NCAAB_H1_2_AUSTIN_TRANSFER_V1,2552258eb6255e8e,NCAAB_20260108_NW_MSU,KXNCAAMBGAME-26JAN08NWMSU-MSU,H1_2,1,2026-01-08T23:31:49+00:00,1,360,UNRESOLVED,0,CI_UNAVAILABLE,SUPPORT_UNAVAILABLE,UNAVAILABLE,UNAVAILABLE,UNAVAILABLE,UNAVAILABLE,UNAVAILABLE,UNAVAILABLE,UNAVAILABLE,UNAVAILABLE,UNAVAILABLE,89,UNAVAILABLE,0-0,0,UNAVAILABLE,UNAVAILABLE,UNAVAILABLE,1560,UNAVAILABLE,UNAVAILABLE,UNAVAILABLE,UNAVAILABLE,0.30434782608695654,NOT_APPLICABLE
AUSTIN_DRE_PHASE_3,AUSTIN_DOWNFALL_STATE_MODEL_V1,NCAAB_H1_2_AUSTIN_TRANSFER_V1,2552258eb6255e8e,NCAAB_20260108_NW_MSU,KXNCAAMBGAME-26JAN08NWMSU-MSU,H1_2,2,2026-01-08T23:31:49+00:00,1,240,UNRESOLVED,0,CI_UNAVAILABLE,SUPPORT_UNAVAILABLE,UNAVAILABLE,UNAVAILABLE,UNAVAILABLE,UNAVAILABLE,UNAVAILABLE,UNAVAILABLE,UNAVAILABLE,UNAVAILABLE,UNAVAILABLE,89,UNAVAILABLE,0-0,0,UNAVAILABLE,UNAVAILABLE,UNAVAILABLE,1440,UNAVAILABLE,UNAVAILABLE,UNAVAILABLE,UNAVAILABLE,0.30434782608695654,NOT_APPLICABLE
AUSTIN_DRE_PHASE_3,AUSTIN_DOWNFALL_STATE_MODEL_V1,NCAAB_H1_2_AUSTIN_TRANSFER_V1,2552258eb6255e8e,NCAAB_20260108_NW_MSU,KXNCAAMBGAME-26JAN08NWMSU-MSU,H1_2,3,2026-01-08T23:31:49+00:00,1,120,UNRESOLVED,0,CI_UNAVAILABLE,SUPPORT_UNAVAILABLE,UNAVAILABLE,UNAVAILABLE,UNAVAILABLE,UNAVAILABLE,UNAVAILABLE,UNAVAILABLE,UNAVAILABLE,UNAVAILABLE,UNAVAILABLE,89,UNAVAILABLE,0-0,0,UNAVAILABLE,UNAVAILABLE,UNAVAILABLE,1320,UNAVAILABLE,UNAVAILABLE,UNAVAILABLE,UNAVAILABLE,0.30434782608695654,NOT_APPLICABLE
AUSTIN_DRE_PHASE_3,AUSTIN_DOWNFALL_STATE_MODEL_V1,NCAAB_H1_2_AUSTIN_TRANSFER_V1,2552258eb6255e8e,NCAAB_20260108_NW_MSU,KXNCAAMBGAME-26JAN08NWMSU-MSU,H1_2,4,2026-01-09T00:17:53+00:00,1,0,HEALTHY,0,CI_POSITIVE,NORMAL_SUPPORT,20.0,20.0,20.0,20.0,0.0,UNAVAILABLE,UNAVAILABLE,UNAVAILABLE,UNAVAILABLE,71,-9.0,28-35,-7,UNAVAILABLE,UNAVAILABLE,515.0,1200,24.990559947521046,25.0,1.0483623816247403,1.040544118053111,0.9855072463768116,VALUE
AUSTIN_DRE_PHASE_3,AUSTIN_DOWNFALL_STATE_MODEL_V1,NCAAB_H1_2_AUSTIN_TRANSFER_V1,2552258eb6255e8e,NCAAB_20260108_NW_MSU,KXNCAAMBGAME-26JAN08NWMSU-MSU,H1_2,5,2026-01-09T00:33:46+00:00,2,1200,HEALTHY,0,CI_CROSSES_ZERO,NORMAL_SUPPORT,0.6485491808150625,-16.0,16.0,20.0,-19.351450819184937,20.0,-19.351450819184937,UNAVAILABLE,UNAVAILABLE,63,-17.0,28-35,-7,UNAVAILABLE,UNAVAILABLE,515.0,1200,24.853018294606123,25.0,1.764168128694039,1.8159568130224442,0.9855072463768116,VALUE
AUSTIN_DRE_PHASE_3,AUSTIN_DOWNFALL_STATE_MODEL_V1,NCAAB_H1_2_AUSTIN_TRANSFER_V1,2552258eb6255e8e,NCAAB_20260108_NW_MSU,KXNCAAMBGAME-26JAN08NWMSU-MSU,H1_2,6,2026-01-09T00:33:46+00:00,2,1080,HEALTHY,0,CI_CROSSES_ZERO,NORMAL_SUPPORT,0.6485491808150625,-16.0,16.0,20.0,-19.351450819184937,0.6485491808150625,0.0,0.0,UNAVAILABLE,63,-17.0,28-35,-7,UNAVAILABLE,UNAVAILABLE,515.0,1080,24.853018294606123,25.0,1.764168128694039,1.8159568130224442,0.9855072463768116,VALUE
AUSTIN_DRE_PHASE_3,AUSTIN_DOWNFALL_STATE_MODEL_V1,NCAAB_H1_2_AUSTIN_TRANSFER_V1,2552258eb6255e8e,NCAAB_20260108_NW_MSU,KXNCAAMBGAME-26JAN08NWMSU-MSU,H1_2,7,2026-01-09T00:33:46+00:00,2,960,HEALTHY,0,CI_CROSSES_ZERO,NORMAL_SUPPORT,0.6485491808150625,-16.0,16.0,20.0,-19.351450819184937,0.6485491808150625,0.0,0.0,0.0,63,-17.0,28-35,-7,UNAVAILABLE,UNAVAILABLE,515.0,960,24.853018294606123,25.0,1.764168128694039,1.8159568130224442,0.9855072463768116,VALUE
AUSTIN_DRE_PHASE_3,AUSTIN_DOWNFALL_STATE_MODEL_V1,NCAAB_H1_2_AUSTIN_TRANSFER_V1,2552258eb6255e8e,NCAAB_20260108_NW_MSU,KXNCAAMBGAME-26JAN08NWMSU-MSU,H1_2,8,2026-01-09T00:47:34+00:00,2,840,WATCH_NEGATIVE,1,CI_NEGATIVE,NORMAL_SUPPORT,-23.853784964119665,-44.0,-4.0,20.0,-43.85378496411967,0.6485491808150625,-24.50233414493473,-12.251167072467364,-6.125583536233682,65,-15.0,38-41,-3,UNAVAILABLE,UNAVAILABLE,875.0,840,24.175742350725,25.0,0.6431054395771383,0.653739949377617,1.0,VALUE
AUSTIN_DRE_PHASE_3,AUSTIN_DOWNFALL_STATE_MODEL_V1,NCAAB_H1_2_AUSTIN_TRANSFER_V1,2552258eb6255e8e,NCAAB_20260108_NW_MSU,KXNCAAMBGAME-26JAN08NWMSU-MSU,H1_2,9,2026-01-09T00:33:46+00:00,2,720,RECOVERING,0,CI_CROSSES_ZERO,NORMAL_SUPPORT,0.6485491808150625,-16.0,16.0,20.0,-19.351450819184937,-23.853784964119665,24.50233414493473,12.251167072467364,12.251167072467364,63,-17.0,28-35,-7,UNAVAILABLE,UNAVAILABLE,515.0,720,24.853018294606123,25.0,1.764168128694039,1.8159568130224442,0.9855072463768116,VALUE
AUSTIN_DRE_PHASE_3,AUSTIN_DOWNFALL_STATE_MODEL_V1,NCAAB_H1_2_AUSTIN_TRANSFER_V1,2552258eb6255e8e,NCAAB_20260108_NW_MSU,KXNCAAMBGAME-26JAN08NWMSU-MSU,H1_2,10,2026-01-09T00:33:46+00:00,2,600,HEALTHY_AFTER_RECOVERY,0,CI_CROSSES_ZERO,NORMAL_SUPPORT,0.6485491808150625,-16.0,16.0,20.0,-19.351450819184937,0.6485491808150625,0.0,0.0,-6.125583536233682,63,-17.0,28-35,-7,UNAVAILABLE,UNAVAILABLE,515.0,600,24.853018294606123,25.0,1.764168128694039,1.8159568130224442,0.9855072463768116,VALUE
AUSTIN_DRE_PHASE_3,AUSTIN_DOWNFALL_STATE_MODEL_V1,NCAAB_H1_2_AUSTIN_TRANSFER_V1,2552258eb6255e8e,NCAAB_20260108_NW_MSU,KXNCAAMBGAME-26JAN08NWMSU-MSU,H1_2,11,2026-01-09T00:33:46+00:00,2,480,HEALTHY_AFTER_RECOVERY,0,CI_CROSSES_ZERO,NORMAL_SUPPORT,0.6485491808150625,-16.0,16.0,20.0,-19.351450819184937,0.6485491808150625,0.0,0.0,0.0,63,-17.0,28-35,-7,UNAVAILABLE,UNAVAILABLE,515.0,480,24.853018294606123,25.0,1.764168128694039,1.8159568130224442,0.9855072463768116,VALUE
AUSTIN_DRE_PHASE_3,AUSTIN_DOWNFALL_STATE_MODEL_V1,NCAAB_H1_2_AUSTIN_TRANSFER_V1,2552258eb6255e8e,NCAAB_20260108_NW_MSU,KXNCAAMBGAME-26JAN08NWMSU-MSU,H1_2,12,2026-01-09T01:13:25+00:00,2,360,HEALTHY_AFTER_RECOVERY,0,CI_POSITIVE,NORMAL_SUPPORT,16.11136955461751,8.0,20.0,20.0,-3.888630445382489,0.6485491808150625,15.462820373802447,7.731410186901224,3.865705093450612,96,16.0,58-50,8,UNAVAILABLE,UNAVAILABLE,1355.0,360,24.67185269971716,25.0,0.5209910181470455,0.5346742676168434,1.0,VALUE
AUSTIN_DRE_PHASE_3,AUSTIN_DOWNFALL_STATE_MODEL_V1,NCAAB_H1_2_AUSTIN_TRANSFER_V1,2552258eb6255e8e,NCAAB_20260108_NW_MSU,KXNCAAMBGAME-26JAN08NWMSU-MSU,H1_2,13,2026-01-09T00:33:46+00:00,2,240,HEALTHY_AFTER_RECOVERY,0,CI_CROSSES_ZERO,NORMAL_SUPPORT,0.6485491808150625,-16.0,16.0,20.0,-19.351450819184937,16.11136955461751,-15.462820373802447,-7.731410186901224,-7.731410186901224,63,-17.0,28-35,-7,UNAVAILABLE,UNAVAILABLE,515.0,240,24.853018294606123,25.0,1.764168128694039,1.8159568130224442,0.9855072463768116,VALUE
AUSTIN_DRE_PHASE_3,AUSTIN_DOWNFALL_STATE_MODEL_V1,NCAAB_H1_2_AUSTIN_TRANSFER_V1,2552258eb6255e8e,NCAAB_20260108_NW_MSU,KXNCAAMBGAME-26JAN08NWMSU-MSU,H1_2,14,2026-01-09T00:33:46+00:00,2,120,HEALTHY_AFTER_RECOVERY,0,CI_CROSSES_ZERO,NORMAL_SUPPORT,0.6485491808150625,-16.0,16.0,20.0,-19.351450819184937,0.6485491808150625,0.0,0.0,3.865705093450612,63,-17.0,28-35,-7,UNAVAILABLE,UNAVAILABLE,515.0,120,24.853018294606123,25.0,1.764168128694039,1.8159568130224442,0.9855072463768116,VALUE
AUSTIN_DRE_PHASE_3,AUSTIN_DOWNFALL_STATE_MODEL_V1,NCAAB_H1_2_AUSTIN_TRANSFER_V1,2552258eb6255e8e,NCAAB_20260108_NW_MSU,KXNCAAMBGAME-26JAN08NWMSU-MSU,H1_2,15,2026-01-09T01:33:33+00:00,2,0,HEALTHY_AFTER_RECOVERY,0,CI_POSITIVE,NORMAL_SUPPORT,20.0,20.0,20.0,20.0,0.0,0.6485491808150625,19.351450819184937,9.675725409592468,4.837862704796234,99,19.0,76-66,10,UNAVAILABLE,UNAVAILABLE,1715.0,0,24.474260237624247,25.0,0.6633694224735766,0.6905766033002386,1.0,VALUE
AUSTIN_DRE_PHASE_3,AUSTIN_DOWNFALL_STATE_MODEL_V1,NCAAB_H1_2_AUSTIN_TRANSFER_V1,30b1ac78fc209527,NCAAB_20260110_BC_LOU,KXNCAAMBGAME-26JAN10BCLOU-LOU,H1_2,0,2026-01-10T17:06:21+00:00,1,240,UNRESOLVED,0,CI_UNAVAILABLE,SUPPORT_UNAVAILABLE,UNAVAILABLE,UNAVAILABLE,UNAVAILABLE,UNAVAILABLE,UNAVAILABLE,UNAVAILABLE,UNAVAILABLE,UNAVAILABLE,UNAVAILABLE,95,UNAVAILABLE,0-0,0,UNAVAILABLE,UNAVAILABLE,UNAVAILABLE,1440,UNAVAILABLE,UNAVAILABLE,UNAVAILABLE,UNAVAILABLE,0.30434782608695654,NOT_APPLICABLE
AUSTIN_DRE_PHASE_3,AUSTIN_DOWNFALL_STATE_MODEL_V1,NCAAB_H1_2_AUSTIN_TRANSFER_V1,30b1ac78fc209527,NCAAB_20260110_BC_LOU,KXNCAAMBGAME-26JAN10BCLOU-LOU,H1_2,1,2026-01-10T17:06:21+00:00,1,120,UNRESOLVED,0,CI_UNAVAILABLE,SUPPORT_UNAVAILABLE,UNAVAILABLE,UNAVAILABLE,UNAVAILABLE,UNAVAILABLE,UNAVAILABLE,UNAVAILABLE,UNAVAILABLE,UNAVAILABLE,UNAVAILABLE,95,UNAVAILABLE,0-0,0,UNAVAILABLE,UNAVAILABLE,UNAVAILABLE,1320,UNAVAILABLE,UNAVAILABLE,UNAVAILABLE,UNAVAILABLE,0.30434782608695654,NOT_APPLICABLE
AUSTIN_DRE_PHASE_3,AUSTIN_DOWNFALL_STATE_MODEL_V1,NCAAB_H1_2_AUSTIN_TRANSFER_V1,30b1ac78fc209527,NCAAB_20260110_BC_LOU,KXNCAAMBGAME-26JAN10BCLOU-LOU,H1_2,2,2026-01-10T17:50:25+00:00,1,0,WATCH_NEGATIVE,1,CI_NEGATIVE,NORMAL_SUPPORT,-80.0,-80.0,-80.0,-80.0,0.0,UNAVAILABLE,UNAVAILABLE,UNAVAILABLE,UNAVAILABLE,79,-3.0,30-34,-4,UNAVAILABLE,UNAVAILABLE,292.0,1200,24.852104821201287,25.0,1.0621536356956505,0.9942612398686721,0.9710144927536232,VALUE
AUSTIN_DRE_PHASE_3,AUSTIN_DOWNFALL_STATE_MODEL_V1,NCAAB_H1_2_AUSTIN_TRANSFER_V1,30b1ac78fc209527,NCAAB_20260110_BC_LOU,KXNCAAMBGAME-26JAN10BCLOU-LOU,H1_2,3,2026-01-10T18:03:10+00:00,2,1200,PERSISTENCE_2,2,CI_NEGATIVE,NORMAL_SUPPORT,-40.11737728347226,-60.0,-20.0,-80.0,39.88262271652774,-80.0,39.88262271652774,UNAVAILABLE,UNAVAILABLE,80,-2.0,30-34,-4,UNAVAILABLE,UNAVAILABLE,292.0,1200,24.85698269878725,25.0,1.7246788080322832,1.734390333360268,0.9710144927536232,VALUE
AUSTIN_DRE_PHASE_3,AUSTIN_DOWNFALL_STATE_MODEL_V1,NCAAB_H1_2_AUSTIN_TRANSFER_V1,30b1ac78fc209527,NCAAB_20260110_BC_LOU,KXNCAAMBGAME-26JAN10BCLOU-LOU,H1_2,4,2026-01-10T18:03:10+00:00,2,1080,PERSISTENCE_3PLUS,3,CI_NEGATIVE,NORMAL_SUPPORT,-40.11737728347226,-60.0,-20.0,-80.0,39.88262271652774,-40.11737728347226,0.0,0.0,UNAVAILABLE,80,-2.0,30-34,-4,UNAVAILABLE,UNAVAILABLE,292.0,1080,24.85698269878725,25.0,1.7246788080322832,1.734390333360268,0.9710144927536232,VALUE
AUSTIN_DRE_PHASE_3,AUSTIN_DOWNFALL_STATE_MODEL_V1,NCAAB_H1_2_AUSTIN_TRANSFER_V1,30b1ac78fc209527,NCAAB_20260110_BC_LOU,KXNCAAMBGAME-26JAN10BCLOU-LOU,H1_2,5,2026-01-10T18:03:10+00:00,2,960,PERSISTENCE_3PLUS,4,CI_NEGATIVE,NORMAL_SUPPORT,-40.11737728347226,-60.0,-20.0,-80.0,39.88262271652774,-40.11737728347226,0.0,0.0,0.0,80,-2.0,30-34,-4,UNAVAILABLE,UNAVAILABLE,292.0,960,24.85698269878725,25.0,1.7246788080322832,1.734390333360268,0.9710144927536232,VALUE
AUSTIN_DRE_PHASE_3,AUSTIN_DOWNFALL_STATE_MODEL_V1,NCAAB_H1_2_AUSTIN_TRANSFER_V1,30b1ac78fc209527,NCAAB_20260110_BC_LOU,KXNCAAMBGAME-26JAN10BCLOU-LOU,H1_2,6,2026-01-10T18:20:21+00:00,2,840,RECOVERING,0,CI_POSITIVE,NORMAL_SUPPORT,16.97008308629588,8.0,20.0,-80.0,96.97008308629589,-40.11737728347226,57.08746036976814,28.54373018488407,14.271865092442034,81,-1.0,44-43,1,UNAVAILABLE,UNAVAILABLE,652.0,840,23.42739980721903,25.0,0.705401002941854,0.7740048857350439,1.0,VALUE
AUSTIN_DRE_PHASE_3,AUSTIN_DOWNFALL_STATE_MODEL_V1,NCAAB_H1_2_AUSTIN_TRANSFER_V1,30b1ac78fc209527,NCAAB_20260110_BC_LOU,KXNCAAMBGAME-26JAN10BCLOU-LOU,H1_2,7,2026-01-10T18:03:10+00:00,2,720,WATCH_NEGATIVE,1,CI_NEGATIVE,NORMAL_SUPPORT,-40.11737728347226,-60.0,-20.0,-80.0,39.88262271652774,16.97008308629588,-57.08746036976814,-28.54373018488407,-28.54373018488407,80,-2.0,30-34,-4,UNAVAILABLE,UNAVAILABLE,292.0,720,24.85698269878725,25.0,1.7246788080322832,1.734390333360268,0.9710144927536232,VALUE
AUSTIN_DRE_PHASE_3,AUSTIN_DOWNFALL_STATE_MODEL_V1,NCAAB_H1_2_AUSTIN_TRANSFER_V1,30b1ac78fc209527,NCAAB_20260110_BC_LOU,KXNCAAMBGAME-26JAN10BCLOU-LOU,H1_2,8,2026-01-10T18:03:10+00:00,2,600,PERSISTENCE_2,2,CI_NEGATIVE,NORMAL_SUPPORT,-40.11737728347226,-60.0,-20.0,-80.0,39.88262271652774,-40.11737728347226,0.0,0.0,14.271865092442034,80,-2.0,30-34,-4,UNAVAILABLE,UNAVAILABLE,292.0,600,24.85698269878725,25.0,1.7246788080322832,1.734390333360268,0.9710144927536232,VALUE
AUSTIN_DRE_PHASE_3,AUSTIN_DOWNFALL_STATE_MODEL_V1,NCAAB_H1_2_AUSTIN_TRANSFER_V1,30b1ac78fc209527,NCAAB_20260110_BC_LOU,KXNCAAMBGAME-26JAN10BCLOU-LOU,H1_2,9,2026-01-10T18:03:10+00:00,2,480,PERSISTENCE_3PLUS,3,CI_NEGATIVE,NORMAL_SUPPORT,-40.11737728347226,-60.0,-20.0,-80.0,39.88262271652774,-40.11737728347226,0.0,0.0,0.0,80,-2.0,30-34,-4,UNAVAILABLE,UNAVAILABLE,292.0,480,24.85698269878725,25.0,1.7246788080322832,1.734390333360268,0.9710144927536232,VALUE
AUSTIN_DRE_PHASE_3,AUSTIN_DOWNFALL_STATE_MODEL_V1,NCAAB_H1_2_AUSTIN_TRANSFER_V1,30b1ac78fc209527,NCAAB_20260110_BC_LOU,KXNCAAMBGAME-26JAN10BCLOU-LOU,H1_2,10,2026-01-10T18:03:10+00:00,2,360,PERSISTENCE_3PLUS,4,CI_NEGATIVE,NORMAL_SUPPORT,-40.11737728347226,-60.0,-20.0,-80.0,39.88262271652774,-40.11737728347226,0.0,0.0,0.0,80,-2.0,30-34,-4,UNAVAILABLE,UNAVAILABLE,292.0,360,24.85698269878725,25.0,1.7246788080322832,1.734390333360268,0.9710144927536232,VALUE
AUSTIN_DRE_PHASE_3,AUSTIN_DOWNFALL_STATE_MODEL_V1,NCAAB_H1_2_AUSTIN_TRANSFER_V1,30b1ac78fc209527,NCAAB_20260110_BC_LOU,KXNCAAMBGAME-26JAN10BCLOU-LOU,H1_2,11,2026-01-10T18:03:10+00:00,2,240,PERSISTENCE_3PLUS,5,CI_NEGATIVE,NORMAL_SUPPORT,-40.11737728347226,-60.0,-20.0,-80.0,39.88262271652774,-40.11737728347226,0.0,0.0,0.0,80,-2.0,30-34,-4,UNAVAILABLE,UNAVAILABLE,292.0,240,24.85698269878725,25.0,1.7246788080322832,1.734390333360268,0.9710144927536232,VALUE
AUSTIN_DRE_PHASE_3,AUSTIN_DOWNFALL_STATE_MODEL_V1,NCAAB_H1_2_AUSTIN_TRANSFER_V1,30b1ac78fc209527,NCAAB_20260110_BC_LOU,KXNCAAMBGAME-26JAN10BCLOU-LOU,H1_2,12,2026-01-10T18:03:10+00:00,2,120,PERSISTENCE_3PLUS,6,CI_NEGATIVE,NORMAL_SUPPORT,-40.11737728347226,-60.0,-20.0,-80.0,39.88262271652774,-40.11737728347226,0.0,0.0,0.0,80,-2.0,30-34,-4,UNAVAILABLE,UNAVAILABLE,292.0,120,24.85698269878725,25.0,1.7246788080322832,1.734390333360268,0.9710144927536232,VALUE
AUSTIN_DRE_PHASE_3,AUSTIN_DOWNFALL_STATE_MODEL_V1,NCAAB_H1_2_AUSTIN_TRANSFER_V1,30b1ac78fc209527,NCAAB_20260110_BC_LOU,KXNCAAMBGAME-26JAN10BCLOU-LOU,H1_2,13,2026-01-10T19:04:19+00:00,2,0,RECOVERING,0,CI_POSITIVE,NORMAL_SUPPORT,19.999999999999996,20.0,20.0,-80.0,100.0,-40.11737728347226,60.11737728347225,30.058688641736126,15.029344320868063,99,17.0,75-62,13,UNAVAILABLE,UNAVAILABLE,1492.0,0,24.77395165275939,25.0,0.7779091884381312,0.7933313128350761,1.0,VALUE
AUSTIN_DRE_PHASE_3,AUSTIN_DOWNFALL_STATE_MODEL_V1,NCAAB_H1_2_AUSTIN_TRANSFER_V1,e917fde8d089fff6,NCAAB_20260110_NEB_IND,KXNCAAMBGAME-26JAN10NEBIND-IND,H1_2,0,2026-01-10T17:40:56+00:00,1,0,UNRESOLVED,0,CI_UNAVAILABLE,SUPPORT_UNAVAILABLE,UNAVAILABLE,UNAVAILABLE,UNAVAILABLE,UNAVAILABLE,UNAVAILABLE,UNAVAILABLE,UNAVAILABLE,UNAVAILABLE,UNAVAILABLE,78,UNAVAILABLE,39-30,9,UNAVAILABLE,UNAVAILABLE,UNAVAILABLE,1200,UNAVAILABLE,UNAVAILABLE,UNAVAILABLE,UNAVAILABLE,0.30434782608695654,NOT_APPLICABLE
AUSTIN_DRE_PHASE_3,AUSTIN_DOWNFALL_STATE_MODEL_V1,NCAAB_H1_2_AUSTIN_TRANSFER_V1,e917fde8d089fff6,NCAAB_20260110_NEB_IND,KXNCAAMBGAME-26JAN10NEBIND-IND,H1_2,1,2026-01-10T17:56:33+00:00,2,1200,HEALTHY,0,CI_CROSSES_ZERO,NORMAL_SUPPORT,11.95900423429052,0.0,20.0,11.95900423429052,0.0,UNAVAILABLE,UNAVAILABLE,UNAVAILABLE,UNAVAILABLE,80,0.0,39-30,9,UNAVAILABLE,UNAVAILABLE,0.0,1200,24.991439239034367,25.0,1.4273693206370992,1.4234699668034771,0.7681159420289855,VALUE
AUSTIN_DRE_PHASE_3,AUSTIN_DOWNFALL_STATE_MODEL_V1,NCAAB_H1_2_AUSTIN_TRANSFER_V1,e917fde8d089fff6,NCAAB_20260110_NEB_IND,KXNCAAMBGAME-26JAN10NEBIND-IND,H1_2,2,2026-01-10T17:56:33+00:00,2,1080,HEALTHY,0,CI_CROSSES_ZERO,NORMAL_SUPPORT,11.95900423429052,0.0,20.0,11.95900423429052,0.0,11.95900423429052,0.0,0.0,UNAVAILABLE,80,0.0,39-30,9,UNAVAILABLE,UNAVAILABLE,0.0,1080,24.991439239034367,25.0,1.4273693206370992,1.4234699668034771,0.7681159420289855,VALUE
AUSTIN_DRE_PHASE_3,AUSTIN_DOWNFALL_STATE_MODEL_V1,NCAAB_H1_2_AUSTIN_TRANSFER_V1,e917fde8d089fff6,NCAAB_20260110_NEB_IND,KXNCAAMBGAME-26JAN10NEBIND-IND,H1_2,3,2026-01-10T17:56:33+00:00,2,960,HEALTHY,0,CI_CROSSES_ZERO,NORMAL_SUPPORT,11.95900423429052,0.0,20.0,11.95900423429052,0.0,11.95900423429052,0.0,0.0,0.0,80,0.0,39-30,9,UNAVAILABLE,UNAVAILABLE,0.0,960,24.991439239034367,25.0,1.4273693206370992,1.4234699668034771,0.7681159420289855,VALUE
AUSTIN_DRE_PHASE_3,AUSTIN_DOWNFALL_STATE_MODEL_V1,NCAAB_H1_2_AUSTIN_TRANSFER_V1,e917fde8d089fff6,NCAAB_20260110_NEB_IND,KXNCAAMBGAME-26JAN10NEBIND-IND,H1_2,4,2026-01-10T17:56:33+00:00,2,840,HEALTHY,0,CI_CROSSES_ZERO,NORMAL_SUPPORT,11.95900423429052,0.0,20.0,11.95900423429052,0.0,11.95900423429052,0.0,0.0,0.0,80,0.0,39-30,9,UNAVAILABLE,UNAVAILABLE,0.0,840,24.991439239034367,25.0,1.4273693206370992,1.4234699668034771,0.7681159420289855,VALUE
AUSTIN_DRE_PHASE_3,AUSTIN_DOWNFALL_STATE_MODEL_V1,NCAAB_H1_2_AUSTIN_TRANSFER_V1,e917fde8d089fff6,NCAAB_20260110_NEB_IND,KXNCAAMBGAME-26JAN10NEBIND-IND,H1_2,5,2026-01-10T17:56:33+00:00,2,720,HEALTHY,0,CI_CROSSES_ZERO,NORMAL_SUPPORT,11.95900423429052,0.0,20.0,11.95900423429052,0.0,11.95900423429052,0.0,0.0,0.0,80,0.0,39-30,9,UNAVAILABLE,UNAVAILABLE,0.0,720,24.991439239034367,25.0,1.4273693206370992,1.4234699668034771,0.7681159420289855,VALUE
AUSTIN_DRE_PHASE_3,AUSTIN_DOWNFALL_STATE_MODEL_V1,NCAAB_H1_2_AUSTIN_TRANSFER_V1,e917fde8d089fff6,NCAAB_20260110_NEB_IND,KXNCAAMBGAME-26JAN10NEBIND-IND,H1_2,6,2026-01-10T18:21:13+00:00,2,600,WATCH_NEGATIVE,1,CI_NEGATIVE,NORMAL_SUPPORT,-37.53710918840712,-56.0,-16.0,11.95900423429052,-49.49611342269764,11.95900423429052,-49.49611342269764,-24.74805671134882,-12.37402835567441,58,-22.0,57-57,0,UNAVAILABLE,UNAVAILABLE,600.0,600,24.25557533728972,25.0,0.6495264606295917,0.6529589091839442,1.0,VALUE
AUSTIN_DRE_PHASE_3,AUSTIN_DOWNFALL_STATE_MODEL_V1,NCAAB_H1_2_AUSTIN_TRANSFER_V1,e917fde8d089fff6,NCAAB_20260110_NEB_IND,KXNCAAMBGAME-26JAN10NEBIND-IND,H1_2,7,2026-01-10T17:56:33+00:00,2,480,RECOVERING,0,CI_CROSSES_ZERO,NORMAL_SUPPORT,11.95900423429052,0.0,20.0,11.95900423429052,0.0,-37.53710918840712,49.49611342269764,24.74805671134882,24.74805671134882,80,0.0,39-30,9,UNAVAILABLE,UNAVAILABLE,0.0,480,24.991439239034367,25.0,1.4273693206370992,1.4234699668034771,0.7681159420289855,VALUE
AUSTIN_DRE_PHASE_3,AUSTIN_DOWNFALL_STATE_MODEL_V1,NCAAB_H1_2_AUSTIN_TRANSFER_V1,e917fde8d089fff6,NCAAB_20260110_NEB_IND,KXNCAAMBGAME-26JAN10NEBIND-IND,H1_2,8,2026-01-10T18:33:01+00:00,2,360,WATCH_NEGATIVE,1,CI_NEGATIVE,NORMAL_SUPPORT,-50.56735302086933,-68.0,-32.0,11.95900423429052,-62.526357255159844,11.95900423429052,-62.526357255159844,-31.263178627579922,-28.00561766946437,55,-25.0,65-65,0,UNAVAILABLE,UNAVAILABLE,840.0,360,23.772888891306973,25.0,0.4690800405417491,0.48184254469169674,1.0,VALUE
AUSTIN_DRE_PHASE_3,AUSTIN_DOWNFALL_STATE_MODEL_V1,NCAAB_H1_2_AUSTIN_TRANSFER_V1,e917fde8d089fff6,NCAAB_20260110_NEB_IND,KXNCAAMBGAME-26JAN10NEBIND-IND,H1_2,9,2026-01-10T17:56:33+00:00,2,240,RECOVERING,0,CI_CROSSES_ZERO,NORMAL_SUPPORT,11.95900423429052,0.0,20.0,11.95900423429052,0.0,-50.56735302086933,62.526357255159844,31.263178627579922,31.263178627579922,80,0.0,39-30,9,UNAVAILABLE,UNAVAILABLE,0.0,240,24.991439239034367,25.0,1.4273693206370992,1.4234699668034771,0.7681159420289855,VALUE
AUSTIN_DRE_PHASE_3,AUSTIN_DOWNFALL_STATE_MODEL_V1,NCAAB_H1_2_AUSTIN_TRANSFER_V1,e917fde8d089fff6,NCAAB_20260110_NEB_IND,KXNCAAMBGAME-26JAN10NEBIND-IND,H1_2,10,2026-01-10T17:56:33+00:00,2,120,HEALTHY_AFTER_RECOVERY,0,CI_CROSSES_ZERO,NORMAL_SUPPORT,11.95900423429052,0.0,20.0,11.95900423429052,0.0,11.95900423429052,0.0,0.0,-15.631589313789961,80,0.0,39-30,9,UNAVAILABLE,UNAVAILABLE,0.0,120,24.991439239034367,25.0,1.4273693206370992,1.4234699668034771,0.7681159420289855,VALUE
AUSTIN_DRE_PHASE_3,AUSTIN_DOWNFALL_STATE_MODEL_V1,NCAAB_H1_2_AUSTIN_TRANSFER_V1,e917fde8d089fff6,NCAAB_20260110_NEB_IND,KXNCAAMBGAME-26JAN10NEBIND-IND,H1_2,11,2026-01-10T18:50:17+00:00,2,0,WATCH_NEGATIVE,1,CI_NEGATIVE,NORMAL_SUPPORT,-79.99999999999999,-80.0,-80.0,11.95900423429052,-91.9590042342905,11.95900423429052,-91.9590042342905,-45.97950211714525,-22.989751058572626,3,-77.0,77-83,-6,UNAVAILABLE,UNAVAILABLE,1200.0,0,24.844599059596757,25.0,1.2028271382492262,1.2045567075464778,1.0,VALUE
AUSTIN_DRE_PHASE_3,AUSTIN_DOWNFALL_STATE_MODEL_V1,NCAAB_H1_2_AUSTIN_TRANSFER_V1,b7c8409c2540bbbc,NCAAB_20260110_TENN_FLA,KXNCAAMBGAME-26JAN10TENNFLA-FLA,H1_2,0,2026-01-10T17:54:17+00:00,1,0,WATCH_NEGATIVE,1,CI_CROSSES_ZERO,NORMAL_SUPPORT,-0.2692327456439063,-16.0,16.0,-0.2692327456439063,0.0,UNAVAILABLE,UNAVAILABLE,UNAVAILABLE,UNAVAILABLE,88,0.0,41-28,13,UNAVAILABLE,UNAVAILABLE,19.0,1200,24.696225460166712,25.0,2.052816904738705,2.1736271398085494,0.782608695652174,VALUE
AUSTIN_DRE_PHASE_3,AUSTIN_DOWNFALL_STATE_MODEL_V1,NCAAB_H1_2_AUSTIN_TRANSFER_V1,b7c8409c2540bbbc,NCAAB_20260110_TENN_FLA,KXNCAAMBGAME-26JAN10TENNFLA-FLA,H1_2,1,2026-01-10T18:10:11+00:00,2,1200,RECOVERING,0,CI_CROSSES_ZERO,LOW_HISTORICAL_SUPPORT,7.874215097166231,-4.0,20.0,-0.2692327456439063,8.143447842810136,-0.2692327456439063,8.143447842810136,UNAVAILABLE,UNAVAILABLE,90,2.0,41-28,13,UNAVAILABLE,UNAVAILABLE,19.0,1200,24.670827900551465,25.0,2.5823428253207563,2.6166371304854197,0.8260869565217391,VALUE
AUSTIN_DRE_PHASE_3,AUSTIN_DOWNFALL_STATE_MODEL_V1,NCAAB_H1_2_AUSTIN_TRANSFER_V1,b7c8409c2540bbbc,NCAAB_20260110_TENN_FLA,KXNCAAMBGAME-26JAN10TENNFLA-FLA,H1_2,2,2026-01-10T18:13:34+00:00,2,1080,HEALTHY_AFTER_RECOVERY,0,CI_CROSSES_ZERO,NORMAL_SUPPORT,3.276179027666927,-12.0,16.0,-0.2692327456439063,3.5454117733108332,7.874215097166231,-4.5980360694993045,-2.2990180347496523,UNAVAILABLE,92,4.0,46-30,16,UNAVAILABLE,UNAVAILABLE,139.0,1080,24.43483375669564,25.0,2.1293816674567942,2.1635088665261146,0.9565217391304348,VALUE
AUSTIN_DRE_PHASE_3,AUSTIN_DOWNFALL_STATE_MODEL_V1,NCAAB_H1_2_AUSTIN_TRANSFER_V1,b7c8409c2540bbbc,NCAAB_20260110_TENN_FLA,KXNCAAMBGAME-26JAN10TENNFLA-FLA,H1_2,3,2026-01-10T18:10:11+00:00,2,960,HEALTHY_AFTER_RECOVERY,0,CI_CROSSES_ZERO,LOW_HISTORICAL_SUPPORT,7.874215097166231,-4.0,20.0,-0.2692327456439063,8.143447842810136,3.276179027666927,4.5980360694993045,2.2990180347496523,2.2990180347496523,90,2.0,41-28,13,UNAVAILABLE,UNAVAILABLE,19.0,960,24.670827900551465,25.0,2.5823428253207563,2.6166371304854197,0.8260869565217391,VALUE
AUSTIN_DRE_PHASE_3,AUSTIN_DOWNFALL_STATE_MODEL_V1,NCAAB_H1_2_AUSTIN_TRANSFER_V1,b7c8409c2540bbbc,NCAAB_20260110_TENN_FLA,KXNCAAMBGAME-26JAN10TENNFLA-FLA,H1_2,4,2026-01-10T18:10:11+00:00,2,840,HEALTHY_AFTER_RECOVERY,0,CI_CROSSES_ZERO,LOW_HISTORICAL_SUPPORT,7.874215097166231,-4.0,20.0,-0.2692327456439063,8.143447842810136,7.874215097166231,0.0,0.0,-1.1495090173748261,90,2.0,41-28,13,UNAVAILABLE,UNAVAILABLE,19.0,840,24.670827900551465,25.0,2.5823428253207563,2.6166371304854197,0.8260869565217391,VALUE
AUSTIN_DRE_PHASE_3,AUSTIN_DOWNFALL_STATE_MODEL_V1,NCAAB_H1_2_AUSTIN_TRANSFER_V1,b7c8409c2540bbbc,NCAAB_20260110_TENN_FLA,KXNCAAMBGAME-26JAN10TENNFLA-FLA,H1_2,5,2026-01-10T18:10:11+00:00,2,720,HEALTHY_AFTER_RECOVERY,0,CI_CROSSES_ZERO,LOW_HISTORICAL_SUPPORT,7.874215097166231,-4.0,20.0,-0.2692327456439063,8.143447842810136,7.874215097166231,0.0,0.0,0.0,90,2.0,41-28,13,UNAVAILABLE,UNAVAILABLE,19.0,720,24.670827900551465,25.0,2.5823428253207563,2.6166371304854197,0.8260869565217391,VALUE
AUSTIN_DRE_PHASE_3,AUSTIN_DOWNFALL_STATE_MODEL_V1,NCAAB_H1_2_AUSTIN_TRANSFER_V1,b7c8409c2540bbbc,NCAAB_20260110_TENN_FLA,KXNCAAMBGAME-26JAN10TENNFLA-FLA,H1_2,6,2026-01-10T18:10:11+00:00,2,600,HEALTHY_AFTER_RECOVERY,0,CI_CROSSES_ZERO,LOW_HISTORICAL_SUPPORT,7.874215097166231,-4.0,20.0,-0.2692327456439063,8.143447842810136,7.874215097166231,0.0,0.0,0.0,90,2.0,41-28,13,UNAVAILABLE,UNAVAILABLE,19.0,600,24.670827900551465,25.0,2.5823428253207563,2.6166371304854197,0.8260869565217391,VALUE
AUSTIN_DRE_PHASE_3,AUSTIN_DOWNFALL_STATE_MODEL_V1,NCAAB_H1_2_AUSTIN_TRANSFER_V1,b7c8409c2540bbbc,NCAAB_20260110_TENN_FLA,KXNCAAMBGAME-26JAN10TENNFLA-FLA,H1_2,7,2026-01-10T18:10:11+00:00,2,480,HEALTHY_AFTER_RECOVERY,0,CI_CROSSES_ZERO,LOW_HISTORICAL_SUPPORT,7.874215097166231,-4.0,20.0,-0.2692327456439063,8.143447842810136,7.874215097166231,0.0,0.0,0.0,90,2.0,41-28,13,UNAVAILABLE,UNAVAILABLE,19.0,480,24.670827900551465,25.0,2.5823428253207563,2.6166371304854197,0.8260869565217391,VALUE
AUSTIN_DRE_PHASE_3,AUSTIN_DOWNFALL_STATE_MODEL_V1,NCAAB_H1_2_AUSTIN_TRANSFER_V1,b7c8409c2540bbbc,NCAAB_20260110_TENN_FLA,KXNCAAMBGAME-26JAN10TENNFLA-FLA,H1_2,8,2026-01-10T18:54:12+00:00,2,360,HEALTHY_AFTER_RECOVERY,0,CI_POSITIVE,NORMAL_SUPPORT,20.0,20.0,20.0,-0.2692327456439063,20.269232745643905,7.874215097166231,12.125784902833768,6.062892451416884,3.031446225708442,99,11.0,77-56,21,UNAVAILABLE,UNAVAILABLE,859.0,360,24.025858001457138,25.0,1.3197147565113159,1.3133948717432973,1.0,VALUE
AUSTIN_DRE_PHASE_3,AUSTIN_DOWNFALL_STATE_MODEL_V1,NCAAB_H1_2_AUSTIN_TRANSFER_V1,b7c8409c2540bbbc,NCAAB_20260110_TENN_FLA,KXNCAAMBGAME-26JAN10TENNFLA-FLA,H1_2,9,2026-01-10T18:10:11+00:00,2,240,HEALTHY_AFTER_RECOVERY,0,CI_CROSSES_ZERO,LOW_HISTORICAL_SUPPORT,7.874215097166231,-4.0,20.0,-0.2692327456439063,8.143447842810136,20.0,-12.125784902833768,-6.062892451416884,-6.062892451416884,90,2.0,41-28,13,UNAVAILABLE,UNAVAILABLE,19.0,240,24.670827900551465,25.0,2.5823428253207563,2.6166371304854197,0.8260869565217391,VALUE
AUSTIN_DRE_PHASE_3,AUSTIN_DOWNFALL_STATE_MODEL_V1,NCAAB_H1_2_AUSTIN_TRANSFER_V1,b7c8409c2540bbbc,NCAAB_20260110_TENN_FLA,KXNCAAMBGAME-26JAN10TENNFLA-FLA,H1_2,10,2026-01-10T19:06:49+00:00,2,120,HEALTHY_AFTER_RECOVERY,0,CI_POSITIVE,NORMAL_SUPPORT,20.0,20.0,20.0,-0.2692327456439063,20.269232745643905,7.874215097166231,12.125784902833768,6.062892451416884,6.062892451416884,99,11.0,85-64,21,UNAVAILABLE,UNAVAILABLE,1099.0,120,24.001886214786698,25.0,1.4372044810627493,1.4858986635239986,1.0,VALUE
AUSTIN_DRE_PHASE_3,AUSTIN_DOWNFALL_STATE_MODEL_V1,NCAAB_H1_2_AUSTIN_TRANSFER_V1,b7c8409c2540bbbc,NCAAB_20260110_TENN_FLA,KXNCAAMBGAME-26JAN10TENNFLA-FLA,H1_2,11,2026-01-10T19:15:38+00:00,2,0,HEALTHY_AFTER_RECOVERY,0,CI_POSITIVE,NORMAL_SUPPORT,19.999999999999996,20.0,20.0,-0.2692327456439063,20.269232745643905,20.0,-3.552713678800501e-15,-1.7763568394002505e-15,-3.031446225708443,99,11.0,91-67,24,UNAVAILABLE,UNAVAILABLE,1219.0,0,22.62203558879357,25.0,1.7030563692207061,1.7664018489876356,1.0,VALUE
AUSTIN_DRE_PHASE_3,AUSTIN_DOWNFALL_STATE_MODEL_V1,NCAAB_H1_2_AUSTIN_TRANSFER_V1,144dc576920915c3,NCAAB_20260110_HOU_BAY,KXNCAAMBGAME-26JAN10HOUBAY-HOU,H1_2,0,2026-01-10T18:02:47+00:00,1,360,UNRESOLVED,0,CI_UNAVAILABLE,SUPPORT_UNAVAILABLE,UNAVAILABLE,UNAVAILABLE,UNAVAILABLE,UNAVAILABLE,UNAVAILABLE,UNAVAILABLE,UNAVAILABLE,UNAVAILABLE,UNAVAILABLE,57,UNAVAILABLE,0-0,0,UNAVAILABLE,UNAVAILABLE,UNAVAILABLE,1560,UNAVAILABLE,UNAVAILABLE,UNAVAILABLE,UNAVAILABLE,0.30434782608695654,NOT_APPLICABLE
AUSTIN_DRE_PHASE_3,AUSTIN_DOWNFALL_STATE_MODEL_V1,NCAAB_H1_2_AUSTIN_TRANSFER_V1,144dc576920915c3,NCAAB_20260110_HOU_BAY,KXNCAAMBGAME-26JAN10HOUBAY-HOU,H1_2,1,2026-01-10T18:02:47+00:00,1,240,UNRESOLVED,0,CI_UNAVAILABLE,SUPPORT_UNAVAILABLE,UNAVAILABLE,UNAVAILABLE,UNAVAILABLE,UNAVAILABLE,UNAVAILABLE,UNAVAILABLE,UNAVAILABLE,UNAVAILABLE,UNAVAILABLE,57,UNAVAILABLE,0-0,0,UNAVAILABLE,UNAVAILABLE,UNAVAILABLE,1440,UNAVAILABLE,UNAVAILABLE,UNAVAILABLE,UNAVAILABLE,0.30434782608695654,NOT_APPLICABLE
AUSTIN_DRE_PHASE_3,AUSTIN_DOWNFALL_STATE_MODEL_V1,NCAAB_H1_2_AUSTIN_TRANSFER_V1,144dc576920915c3,NCAAB_20260110_HOU_BAY,KXNCAAMBGAME-26JAN10HOUBAY-HOU,H1_2,2,2026-01-10T18:02:47+00:00,1,120,UNRESOLVED,0,CI_UNAVAILABLE,SUPPORT_UNAVAILABLE,UNAVAILABLE,UNAVAILABLE,UNAVAILABLE,UNAVAILABLE,UNAVAILABLE,UNAVAILABLE,UNAVAILABLE,UNAVAILABLE,UNAVAILABLE,57,UNAVAILABLE,0-0,0,UNAVAILABLE,UNAVAILABLE,UNAVAILABLE,1320,UNAVAILABLE,UNAVAILABLE,UNAVAILABLE,UNAVAILABLE,0.30434782608695654,NOT_APPLICABLE
AUSTIN_DRE_PHASE_3,AUSTIN_DOWNFALL_STATE_MODEL_V1,NCAAB_H1_2_AUSTIN_TRANSFER_V1,144dc576920915c3,NCAAB_20260110_HOU_BAY,KXNCAAMBGAME-26JAN10HOUBAY-HOU,H1_2,3,2026-01-10T19:01:57+00:00,1,0,HEALTHY,0,CI_POSITIVE,NORMAL_SUPPORT,20.0,20.0,20.0,20.0,0.0,UNAVAILABLE,UNAVAILABLE,UNAVAILABLE,UNAVAILABLE,83,0.0,26-33,-7,UNAVAILABLE,UNAVAILABLE,392.0,1200,24.93920027441997,25.0,0.8312472413421759,0.8003421600468403,0.9855072463768116,VALUE
AUSTIN_DRE_PHASE_3,AUSTIN_DOWNFALL_STATE_MODEL_V1,NCAAB_H1_2_AUSTIN_TRANSFER_V1,144dc576920915c3,NCAAB_20260110_HOU_BAY,KXNCAAMBGAME-26JAN10HOUBAY-HOU,H1_2,4,2026-01-10T19:15:28+00:00,2,1200,HEALTHY,0,CI_CROSSES_ZERO,NORMAL_SUPPORT,4.201141084729655,-12.0,16.0,20.0,-15.798858915270344,20.0,-15.798858915270344,UNAVAILABLE,UNAVAILABLE,80,-3.0,26-33,-7,UNAVAILABLE,UNAVAILABLE,392.0,1200,24.943091567658193,25.0,1.4505487366804377,1.452282781787585,0.9855072463768116,VALUE
AUSTIN_DRE_PHASE_3,AUSTIN_DOWNFALL_STATE_MODEL_V1,NCAAB_H1_2_AUSTIN_TRANSFER_V1,144dc576920915c3,NCAAB_20260110_HOU_BAY,KXNCAAMBGAME-26JAN10HOUBAY-HOU,H1_2,5,2026-01-10T19:15:28+00:00,2,1080,HEALTHY,0,CI_CROSSES_ZERO,NORMAL_SUPPORT,4.201141084729655,-12.0,16.0,20.0,-15.798858915270344,4.201141084729655,0.0,0.0,UNAVAILABLE,80,-3.0,26-33,-7,UNAVAILABLE,UNAVAILABLE,392.0,1080,24.943091567658193,25.0,1.4505487366804377,1.452282781787585,0.9855072463768116,VALUE
AUSTIN_DRE_PHASE_3,AUSTIN_DOWNFALL_STATE_MODEL_V1,NCAAB_H1_2_AUSTIN_TRANSFER_V1,144dc576920915c3,NCAAB_20260110_HOU_BAY,KXNCAAMBGAME-26JAN10HOUBAY-HOU,H1_2,6,2026-01-10T19:15:28+00:00,2,960,HEALTHY,0,CI_CROSSES_ZERO,NORMAL_SUPPORT,4.201141084729655,-12.0,16.0,20.0,-15.798858915270344,4.201141084729655,0.0,0.0,0.0,80,-3.0,26-33,-7,UNAVAILABLE,UNAVAILABLE,392.0,960,24.943091567658193,25.0,1.4505487366804377,1.452282781787585,0.9855072463768116,VALUE
AUSTIN_DRE_PHASE_3,AUSTIN_DOWNFALL_STATE_MODEL_V1,NCAAB_H1_2_AUSTIN_TRANSFER_V1,144dc576920915c3,NCAAB_20260110_HOU_BAY,KXNCAAMBGAME-26JAN10HOUBAY-HOU,H1_2,7,2026-01-10T19:15:28+00:00,2,840,HEALTHY,0,CI_CROSSES_ZERO,NORMAL_SUPPORT,4.201141084729655,-12.0,16.0,20.0,-15.798858915270344,4.201141084729655,0.0,0.0,0.0,80,-3.0,26-33,-7,UNAVAILABLE,UNAVAILABLE,392.0,840,24.943091567658193,25.0,1.4505487366804377,1.452282781787585,0.9855072463768116,VALUE
AUSTIN_DRE_PHASE_3,AUSTIN_DOWNFALL_STATE_MODEL_V1,NCAAB_H1_2_AUSTIN_TRANSFER_V1,144dc576920915c3,NCAAB_20260110_HOU_BAY,KXNCAAMBGAME-26JAN10HOUBAY-HOU,H1_2,8,2026-01-10T19:15:28+00:00,2,720,HEALTHY,0,CI_CROSSES_ZERO,NORMAL_SUPPORT,4.201141084729655,-12.0,16.0,20.0,-15.798858915270344,4.201141084729655,0.0,0.0,0.0,80,-3.0,26-33,-7,UNAVAILABLE,UNAVAILABLE,392.0,720,24.943091567658193,25.0,1.4505487366804377,1.452282781787585,0.9855072463768116,VALUE
AUSTIN_DRE_PHASE_3,AUSTIN_DOWNFALL_STATE_MODEL_V1,NCAAB_H1_2_AUSTIN_TRANSFER_V1,144dc576920915c3,NCAAB_20260110_HOU_BAY,KXNCAAMBGAME-26JAN10HOUBAY-HOU,H1_2,9,2026-01-10T19:47:46+00:00,2,600,HEALTHY,0,CI_POSITIVE,NORMAL_SUPPORT,20.000000000000004,20.0,20.0,20.0,3.552713678800501e-15,4.201141084729655,15.798858915270348,7.899429457635174,3.949714728817587,99,16.0,35-58,-23,UNAVAILABLE,UNAVAILABLE,992.0,600,24.010526146139572,25.0,0.832775516061863,0.8689469837570403,1.0,VALUE
AUSTIN_DRE_PHASE_3,AUSTIN_DOWNFALL_STATE_MODEL_V1,NCAAB_H1_2_AUSTIN_TRANSFER_V1,144dc576920915c3,NCAAB_20260110_HOU_BAY,KXNCAAMBGAME-26JAN10HOUBAY-HOU,H1_2,10,2026-01-10T19:15:28+00:00,2,480,HEALTHY,0,CI_CROSSES_ZERO,NORMAL_SUPPORT,4.201141084729655,-12.0,16.0,20.0,-15.798858915270344,20.000000000000004,-15.798858915270348,-7.899429457635174,-7.899429457635174,80,-3.0,26-33,-7,UNAVAILABLE,UNAVAILABLE,392.0,480,24.943091567658193,25.0,1.4505487366804377,1.452282781787585,0.9855072463768116,VALUE
AUSTIN_DRE_PHASE_3,AUSTIN_DOWNFALL_STATE_MODEL_V1,NCAAB_H1_2_AUSTIN_TRANSFER_V1,144dc576920915c3,NCAAB_20260110_HOU_BAY,KXNCAAMBGAME-26JAN10HOUBAY-HOU,H1_2,11,2026-01-10T19:15:28+00:00,2,360,HEALTHY,0,CI_CROSSES_ZERO,NORMAL_SUPPORT,4.201141084729655,-12.0,16.0,20.0,-15.798858915270344,4.201141084729655,0.0,0.0,3.949714728817587,80,-3.0,26-33,-7,UNAVAILABLE,UNAVAILABLE,392.0,360,24.943091567658193,25.0,1.4505487366804377,1.452282781787585,0.9855072463768116,VALUE
AUSTIN_DRE_PHASE_3,AUSTIN_DOWNFALL_STATE_MODEL_V1,NCAAB_H1_2_AUSTIN_TRANSFER_V1,144dc576920915c3,NCAAB_20260110_HOU_BAY,KXNCAAMBGAME-26JAN10HOUBAY-HOU,H1_2,12,2026-01-10T19:15:28+00:00,2,240,HEALTHY,0,CI_CROSSES_ZERO,NORMAL_SUPPORT,4.201141084729655,-12.0,16.0,20.0,-15.798858915270344,4.201141084729655,0.0,0.0,0.0,80,-3.0,26-33,-7,UNAVAILABLE,UNAVAILABLE,392.0,240,24.943091567658193,25.0,1.4505487366804377,1.452282781787585,0.9855072463768116,VALUE
AUSTIN_DRE_PHASE_3,AUSTIN_DOWNFALL_STATE_MODEL_V1,NCAAB_H1_2_AUSTIN_TRANSFER_V1,144dc576920915c3,NCAAB_20260110_HOU_BAY,KXNCAAMBGAME-26JAN10HOUBAY-HOU,H1_2,13,2026-01-10T19:15:28+00:00,2,120,HEALTHY,0,CI_CROSSES_ZERO,NORMAL_SUPPORT,4.201141084729655,-12.0,16.0,20.0,-15.798858915270344,4.201141084729655,0.0,0.0,0.0,80,-3.0,26-33,-7,UNAVAILABLE,UNAVAILABLE,392.0,120,24.943091567658193,25.0,1.4505487366804377,1.452282781787585,0.9855072463768116,VALUE
AUSTIN_DRE_PHASE_3,AUSTIN_DOWNFALL_STATE_MODEL_V1,NCAAB_H1_2_AUSTIN_TRANSFER_V1,144dc576920915c3,NCAAB_20260110_HOU_BAY,KXNCAAMBGAME-26JAN10HOUBAY-HOU,H1_2,14,2026-01-10T20:14:25+00:00,2,0,HEALTHY,0,CI_POSITIVE,NORMAL_SUPPORT,20.0,20.0,20.0,20.0,0.0,4.201141084729655,15.798858915270344,7.899429457635172,3.949714728817586,99,16.0,55-77,-22,UNAVAILABLE,UNAVAILABLE,1592.0,0,24.440650723364147,25.0,0.8435126409605556,0.8757570132960358,1.0,VALUE
AUSTIN_DRE_PHASE_3,AUSTIN_DOWNFALL_STATE_MODEL_V1,NCAAB_H1_2_AUSTIN_TRANSFER_V1,57d5aee55815cd68,NCAAB_20260110_OKLA_TXAM,KXNCAAMBGAME-26JAN10OKLATXAM-TXAM,H1_2,0,2026-01-10T20:31:49+00:00,1,360,UNRESOLVED,0,CI_UNAVAILABLE,SUPPORT_UNAVAILABLE,UNAVAILABLE,UNAVAILABLE,UNAVAILABLE,UNAVAILABLE,UNAVAILABLE,UNAVAILABLE,UNAVAILABLE,UNAVAILABLE,UNAVAILABLE,64,UNAVAILABLE,0-0,0,UNAVAILABLE,UNAVAILABLE,UNAVAILABLE,1560,UNAVAILABLE,UNAVAILABLE,UNAVAILABLE,UNAVAILABLE,0.30434782608695654,NOT_APPLICABLE
AUSTIN_DRE_PHASE_3,AUSTIN_DOWNFALL_STATE_MODEL_V1,NCAAB_H1_2_AUSTIN_TRANSFER_V1,57d5aee55815cd68,NCAAB_20260110_OKLA_TXAM,KXNCAAMBGAME-26JAN10OKLATXAM-TXAM,H1_2,1,2026-01-10T20:31:49+00:00,1,240,UNRESOLVED,0,CI_UNAVAILABLE,SUPPORT_UNAVAILABLE,UNAVAILABLE,UNAVAILABLE,UNAVAILABLE,UNAVAILABLE,UNAVAILABLE,UNAVAILABLE,UNAVAILABLE,UNAVAILABLE,UNAVAILABLE,64,UNAVAILABLE,0-0,0,UNAVAILABLE,UNAVAILABLE,UNAVAILABLE,1440,UNAVAILABLE,UNAVAILABLE,UNAVAILABLE,UNAVAILABLE,0.30434782608695654,NOT_APPLICABLE
AUSTIN_DRE_PHASE_3,AUSTIN_DOWNFALL_STATE_MODEL_V1,NCAAB_H1_2_AUSTIN_TRANSFER_V1,57d5aee55815cd68,NCAAB_20260110_OKLA_TXAM,KXNCAAMBGAME-26JAN10OKLATXAM-TXAM,H1_2,2,2026-01-10T20:31:49+00:00,1,120,UNRESOLVED,0,CI_UNAVAILABLE,SUPPORT_UNAVAILABLE,UNAVAILABLE,UNAVAILABLE,UNAVAILABLE,UNAVAILABLE,UNAVAILABLE,UNAVAILABLE,UNAVAILABLE,UNAVAILABLE,UNAVAILABLE,64,UNAVAILABLE,0-0,0,UNAVAILABLE,UNAVAILABLE,UNAVAILABLE,1320,UNAVAILABLE,UNAVAILABLE,UNAVAILABLE,UNAVAILABLE,0.30434782608695654,NOT_APPLICABLE
AUSTIN_DRE_PHASE_3,AUSTIN_DOWNFALL_STATE_MODEL_V1,NCAAB_H1_2_AUSTIN_TRANSFER_V1,57d5aee55815cd68,NCAAB_20260110_OKLA_TXAM,KXNCAAMBGAME-26JAN10OKLATXAM-TXAM,H1_2,3,2026-01-10T21:31:49+00:00,1,0,WATCH_NEGATIVE,1,CI_NEGATIVE,NORMAL_SUPPORT,-24.589940212073618,-44.0,-4.0,-24.589940212073618,0.0,UNAVAILABLE,UNAVAILABLE,UNAVAILABLE,UNAVAILABLE,69,-13.0,48-45,3,UNAVAILABLE,UNAVAILABLE,465.0,1200,24.990825810204658,25.0,0.9750669269232876,0.961809491592242,0.9855072463768116,VALUE
AUSTIN_DRE_PHASE_3,AUSTIN_DOWNFALL_STATE_MODEL_V1,NCAAB_H1_2_AUSTIN_TRANSFER_V1,57d5aee55815cd68,NCAAB_20260110_OKLA_TXAM,KXNCAAMBGAME-26JAN10OKLATXAM-TXAM,H1_2,4,2026-01-10T21:43:47+00:00,2,1200,PERSISTENCE_2,2,CI_NEGATIVE,NORMAL_SUPPORT,-37.44514701085004,-56.0,-16.0,-24.589940212073618,-12.855206798776425,-24.589940212073618,-12.855206798776425,UNAVAILABLE,UNAVAILABLE,70,-12.0,48-45,3,UNAVAILABLE,UNAVAILABLE,465.0,1200,24.90654973157676,25.0,1.5278062634762355,1.5755353945964328,0.9855072463768116,VALUE
AUSTIN_DRE_PHASE_3,AUSTIN_DOWNFALL_STATE_MODEL_V1,NCAAB_H1_2_AUSTIN_TRANSFER_V1,57d5aee55815cd68,NCAAB_20260110_OKLA_TXAM,KXNCAAMBGAME-26JAN10OKLATXAM-TXAM,H1_2,5,2026-01-10T21:43:47+00:00,2,1080,PERSISTENCE_3PLUS,3,CI_NEGATIVE,NORMAL_SUPPORT,-37.44514701085004,-56.0,-16.0,-24.589940212073618,-12.855206798776425,-37.44514701085004,0.0,0.0,UNAVAILABLE,70,-12.0,48-45,3,UNAVAILABLE,UNAVAILABLE,465.0,1080,24.90654973157676,25.0,1.5278062634762355,1.5755353945964328,0.9855072463768116,VALUE
AUSTIN_DRE_PHASE_3,AUSTIN_DOWNFALL_STATE_MODEL_V1,NCAAB_H1_2_AUSTIN_TRANSFER_V1,57d5aee55815cd68,NCAAB_20260110_OKLA_TXAM,KXNCAAMBGAME-26JAN10OKLATXAM-TXAM,H1_2,6,2026-01-10T21:43:47+00:00,2,960,PERSISTENCE_3PLUS,4,CI_NEGATIVE,NORMAL_SUPPORT,-37.44514701085004,-56.0,-16.0,-24.589940212073618,-12.855206798776425,-37.44514701085004,0.0,0.0,0.0,70,-12.0,48-45,3,UNAVAILABLE,UNAVAILABLE,465.0,960,24.90654973157676,25.0,1.5278062634762355,1.5755353945964328,0.9855072463768116,VALUE
AUSTIN_DRE_PHASE_3,AUSTIN_DOWNFALL_STATE_MODEL_V1,NCAAB_H1_2_AUSTIN_TRANSFER_V1,57d5aee55815cd68,NCAAB_20260110_OKLA_TXAM,KXNCAAMBGAME-26JAN10OKLATXAM-TXAM,H1_2,7,2026-01-10T21:43:47+00:00,2,840,PERSISTENCE_3PLUS,5,CI_NEGATIVE,NORMAL_SUPPORT,-37.44514701085004,-56.0,-16.0,-24.589940212073618,-12.855206798776425,-37.44514701085004,0.0,0.0,0.0,70,-12.0,48-45,3,UNAVAILABLE,UNAVAILABLE,465.0,840,24.90654973157676,25.0,1.5278062634762355,1.5755353945964328,0.9855072463768116,VALUE
AUSTIN_DRE_PHASE_3,AUSTIN_DOWNFALL_STATE_MODEL_V1,NCAAB_H1_2_AUSTIN_TRANSFER_V1,57d5aee55815cd68,NCAAB_20260110_OKLA_TXAM,KXNCAAMBGAME-26JAN10OKLATXAM-TXAM,H1_2,8,2026-01-10T21:43:47+00:00,2,720,PERSISTENCE_3PLUS,6,CI_NEGATIVE,NORMAL_SUPPORT,-37.44514701085004,-56.0,-16.0,-24.589940212073618,-12.855206798776425,-37.44514701085004,0.0,0.0,0.0,70,-12.0,48-45,3,UNAVAILABLE,UNAVAILABLE,465.0,720,24.90654973157676,25.0,1.5278062634762355,1.5755353945964328,0.9855072463768116,VALUE
AUSTIN_DRE_PHASE_3,AUSTIN_DOWNFALL_STATE_MODEL_V1,NCAAB_H1_2_AUSTIN_TRANSFER_V1,57d5aee55815cd68,NCAAB_20260110_OKLA_TXAM,KXNCAAMBGAME-26JAN10OKLATXAM-TXAM,H1_2,9,2026-01-10T21:43:47+00:00,2,600,PERSISTENCE_3PLUS,7,CI_NEGATIVE,NORMAL_SUPPORT,-37.44514701085004,-56.0,-16.0,-24.589940212073618,-12.855206798776425,-37.44514701085004,0.0,0.0,0.0,70,-12.0,48-45,3,UNAVAILABLE,UNAVAILABLE,465.0,600,24.90654973157676,25.0,1.5278062634762355,1.5755353945964328,0.9855072463768116,VALUE
AUSTIN_DRE_PHASE_3,AUSTIN_DOWNFALL_STATE_MODEL_V1,NCAAB_H1_2_AUSTIN_TRANSFER_V1,57d5aee55815cd68,NCAAB_20260110_OKLA_TXAM,KXNCAAMBGAME-26JAN10OKLATXAM-TXAM,H1_2,10,2026-01-10T21:43:47+00:00,2,480,PERSISTENCE_3PLUS,8,CI_NEGATIVE,NORMAL_SUPPORT,-37.44514701085004,-56.0,-16.0,-24.589940212073618,-12.855206798776425,-37.44514701085004,0.0,0.0,0.0,70,-12.0,48-45,3,UNAVAILABLE,UNAVAILABLE,465.0,480,24.90654973157676,25.0,1.5278062634762355,1.5755353945964328,0.9855072463768116,VALUE
AUSTIN_DRE_PHASE_3,AUSTIN_DOWNFALL_STATE_MODEL_V1,NCAAB_H1_2_AUSTIN_TRANSFER_V1,57d5aee55815cd68,NCAAB_20260110_OKLA_TXAM,KXNCAAMBGAME-26JAN10OKLATXAM-TXAM,H1_2,11,2026-01-10T22:22:35+00:00,2,360,PERSISTENCE_3PLUS,9,CI_CROSSES_ZERO,NORMAL_SUPPORT,-16.21299836616339,-36.0,0.0,-24.589940212073618,8.376941845910228,-37.44514701085004,21.232148644686653,10.616074322343326,5.308037161171663,56,-26.0,71-70,1,UNAVAILABLE,UNAVAILABLE,1305.0,360,24.495693841932546,25.0,0.8038806072358226,0.8147136972578598,1.0,VALUE
AUSTIN_DRE_PHASE_3,AUSTIN_DOWNFALL_STATE_MODEL_V1,NCAAB_H1_2_AUSTIN_TRANSFER_V1,57d5aee55815cd68,NCAAB_20260110_OKLA_TXAM,KXNCAAMBGAME-26JAN10OKLATXAM-TXAM,H1_2,12,2026-01-10T21:43:47+00:00,2,240,PERSISTENCE_3PLUS,10,CI_NEGATIVE,NORMAL_SUPPORT,-37.44514701085004,-56.0,-16.0,-24.589940212073618,-12.855206798776425,-16.21299836616339,-21.232148644686653,-10.616074322343326,-10.616074322343326,70,-12.0,48-45,3,UNAVAILABLE,UNAVAILABLE,465.0,240,24.90654973157676,25.0,1.5278062634762355,1.5755353945964328,0.9855072463768116,VALUE
AUSTIN_DRE_PHASE_3,AUSTIN_DOWNFALL_STATE_MODEL_V1,NCAAB_H1_2_AUSTIN_TRANSFER_V1,57d5aee55815cd68,NCAAB_20260110_OKLA_TXAM,KXNCAAMBGAME-26JAN10OKLATXAM-TXAM,H1_2,13,2026-01-10T21:43:47+00:00,2,120,PERSISTENCE_3PLUS,11,CI_NEGATIVE,NORMAL_SUPPORT,-37.44514701085004,-56.0,-16.0,-24.589940212073618,-12.855206798776425,-37.44514701085004,0.0,0.0,5.308037161171663,70,-12.0,48-45,3,UNAVAILABLE,UNAVAILABLE,465.0,120,24.90654973157676,25.0,1.5278062634762355,1.5755353945964328,0.9855072463768116,VALUE
AUSTIN_DRE_PHASE_3,AUSTIN_DOWNFALL_STATE_MODEL_V1,NCAAB_H1_2_AUSTIN_TRANSFER_V1,4fa5feba84ffea5d,NCAAB_20260110_OKST_ISU,KXNCAAMBGAME-26JAN10OKSTISU-ISU,H1_2,0,2026-01-10T21:10:52+00:00,1,480,UNRESOLVED,0,CI_UNAVAILABLE,SUPPORT_UNAVAILABLE,UNAVAILABLE,UNAVAILABLE,UNAVAILABLE,UNAVAILABLE,UNAVAILABLE,UNAVAILABLE,UNAVAILABLE,UNAVAILABLE,UNAVAILABLE,95,UNAVAILABLE,0-0,0,UNAVAILABLE,UNAVAILABLE,UNAVAILABLE,1680,UNAVAILABLE,UNAVAILABLE,UNAVAILABLE,UNAVAILABLE,0.30434782608695654,NOT_APPLICABLE
AUSTIN_DRE_PHASE_3,AUSTIN_DOWNFALL_STATE_MODEL_V1,NCAAB_H1_2_AUSTIN_TRANSFER_V1,4fa5feba84ffea5d,NCAAB_20260110_OKST_ISU,KXNCAAMBGAME-26JAN10OKSTISU-ISU,H1_2,1,2026-01-10T21:50:07+00:00,1,360,HEALTHY,0,CI_CROSSES_ZERO,NORMAL_SUPPORT,12.837746206153865,0.0,20.0,12.837746206153865,0.0,UNAVAILABLE,UNAVAILABLE,UNAVAILABLE,UNAVAILABLE,89,5.0,27-29,-2,UNAVAILABLE,UNAVAILABLE,210.0,1560,24.42009642006704,25.0,1.2777791329420334,1.3501022782501162,0.9710144927536232,VALUE
AUSTIN_DRE_PHASE_3,AUSTIN_DOWNFALL_STATE_MODEL_V1,NCAAB_H1_2_AUSTIN_TRANSFER_V1,4fa5feba84ffea5d,NCAAB_20260110_OKST_ISU,KXNCAAMBGAME-26JAN10OKSTISU-ISU,H1_2,2,2026-01-10T21:10:52+00:00,1,240,UNRESOLVED,0,CI_UNAVAILABLE,SUPPORT_UNAVAILABLE,UNAVAILABLE,UNAVAILABLE,UNAVAILABLE,12.837746206153865,UNAVAILABLE,UNAVAILABLE,UNAVAILABLE,UNAVAILABLE,UNAVAILABLE,95,UNAVAILABLE,0-0,0,UNAVAILABLE,UNAVAILABLE,UNAVAILABLE,1440,UNAVAILABLE,UNAVAILABLE,UNAVAILABLE,UNAVAILABLE,0.30434782608695654,NOT_APPLICABLE
AUSTIN_DRE_PHASE_3,AUSTIN_DOWNFALL_STATE_MODEL_V1,NCAAB_H1_2_AUSTIN_TRANSFER_V1,4fa5feba84ffea5d,NCAAB_20260110_OKST_ISU,KXNCAAMBGAME-26JAN10OKSTISU-ISU,H1_2,3,2026-01-10T21:10:52+00:00,1,120,UNRESOLVED,0,CI_UNAVAILABLE,SUPPORT_UNAVAILABLE,UNAVAILABLE,UNAVAILABLE,UNAVAILABLE,12.837746206153865,UNAVAILABLE,UNAVAILABLE,UNAVAILABLE,UNAVAILABLE,UNAVAILABLE,95,UNAVAILABLE,0-0,0,UNAVAILABLE,UNAVAILABLE,UNAVAILABLE,1320,UNAVAILABLE,UNAVAILABLE,UNAVAILABLE,UNAVAILABLE,0.30434782608695654,NOT_APPLICABLE
AUSTIN_DRE_PHASE_3,AUSTIN_DOWNFALL_STATE_MODEL_V1,NCAAB_H1_2_AUSTIN_TRANSFER_V1,4fa5feba84ffea5d,NCAAB_20260110_OKST_ISU,KXNCAAMBGAME-26JAN10OKSTISU-ISU,H1_2,4,2026-01-10T22:06:10+00:00,1,0,HEALTHY,0,CI_POSITIVE,NORMAL_SUPPORT,16.816759447629394,8.0,20.0,12.837746206153865,3.9790132414755295,12.837746206153865,3.9790132414755295,0.6631688735792549,UNAVAILABLE,87,3.0,42-40,2,UNAVAILABLE,UNAVAILABLE,570.0,1200,24.596324342969172,25.0,0.9283086414603884,0.8288167199689311,0.9855072463768116,VALUE
AUSTIN_DRE_PHASE_3,AUSTIN_DOWNFALL_STATE_MODEL_V1,NCAAB_H1_2_AUSTIN_TRANSFER_V1,4fa5feba84ffea5d,NCAAB_20260110_OKST_ISU,KXNCAAMBGAME-26JAN10OKSTISU-ISU,H1_2,5,2026-01-10T22:20:43+00:00,2,1200,WATCH_NEGATIVE,1,CI_CROSSES_ZERO,NORMAL_SUPPORT,-19.23267993379089,-40.0,0.0,12.837746206153865,-32.07042613994476,16.816759447629394,-36.049439381420285,UNAVAILABLE,UNAVAILABLE,88,4.0,42-40,2,UNAVAILABLE,UNAVAILABLE,570.0,1200,24.928143351679353,25.0,1.325077022462024,1.3097284117527441,0.9855072463768116,VALUE
AUSTIN_DRE_PHASE_3,AUSTIN_DOWNFALL_STATE_MODEL_V1,NCAAB_H1_2_AUSTIN_TRANSFER_V1,4fa5feba84ffea5d,NCAAB_20260110_OKST_ISU,KXNCAAMBGAME-26JAN10OKSTISU-ISU,H1_2,6,2026-01-10T22:20:43+00:00,2,1080,PERSISTENCE_2,2,CI_CROSSES_ZERO,NORMAL_SUPPORT,-19.23267993379089,-40.0,0.0,12.837746206153865,-32.07042613994476,-19.23267993379089,0.0,0.0,UNAVAILABLE,88,4.0,42-40,2,UNAVAILABLE,UNAVAILABLE,570.0,1080,24.928143351679353,25.0,1.325077022462024,1.3097284117527441,0.9855072463768116,VALUE
AUSTIN_DRE_PHASE_3,AUSTIN_DOWNFALL_STATE_MODEL_V1,NCAAB_H1_2_AUSTIN_TRANSFER_V1,4fa5feba84ffea5d,NCAAB_20260110_OKST_ISU,KXNCAAMBGAME-26JAN10OKSTISU-ISU,H1_2,7,2026-01-10T22:20:43+00:00,2,960,PERSISTENCE_3PLUS,3,CI_CROSSES_ZERO,NORMAL_SUPPORT,-19.23267993379089,-40.0,0.0,12.837746206153865,-32.07042613994476,-19.23267993379089,0.0,0.0,0.0,88,4.0,42-40,2,UNAVAILABLE,UNAVAILABLE,570.0,960,24.928143351679353,25.0,1.325077022462024,1.3097284117527441,0.9855072463768116,VALUE
AUSTIN_DRE_PHASE_3,AUSTIN_DOWNFALL_STATE_MODEL_V1,NCAAB_H1_2_AUSTIN_TRANSFER_V1,4fa5feba84ffea5d,NCAAB_20260110_OKST_ISU,KXNCAAMBGAME-26JAN10OKSTISU-ISU,H1_2,8,2026-01-10T22:20:43+00:00,2,840,PERSISTENCE_3PLUS,4,CI_CROSSES_ZERO,NORMAL_SUPPORT,-19.23267993379089,-40.0,0.0,12.837746206153865,-32.07042613994476,-19.23267993379089,0.0,0.0,0.0,88,4.0,42-40,2,UNAVAILABLE,UNAVAILABLE,570.0,840,24.928143351679353,25.0,1.325077022462024,1.3097284117527441,0.9855072463768116,VALUE
AUSTIN_DRE_PHASE_3,AUSTIN_DOWNFALL_STATE_MODEL_V1,NCAAB_H1_2_AUSTIN_TRANSFER_V1,4fa5feba84ffea5d,NCAAB_20260110_OKST_ISU,KXNCAAMBGAME-26JAN10OKSTISU-ISU,H1_2,9,2026-01-10T22:41:58+00:00,2,720,RECOVERING,0,CI_POSITIVE,NORMAL_SUPPORT,20.0,20.0,20.0,12.837746206153865,7.162253793846135,-19.23267993379089,39.23267993379089,19.616339966895445,9.808169983447723,94,10.0,60-51,9,UNAVAILABLE,UNAVAILABLE,1050.0,720,24.602308097205917,25.0,0.5695909137425813,0.5691558235409095,1.0,VALUE
AUSTIN_DRE_PHASE_3,AUSTIN_DOWNFALL_STATE_MODEL_V1,NCAAB_H1_2_AUSTIN_TRANSFER_V1,4fa5feba84ffea5d,NCAAB_20260110_OKST_ISU,KXNCAAMBGAME-26JAN10OKSTISU-ISU,H1_2,10,2026-01-10T22:49:32+00:00,2,600,HEALTHY_AFTER_RECOVERY,0,CI_POSITIVE,NORMAL_SUPPORT,20.000000000000004,20.0,20.0,12.837746206153865,7.162253793846139,20.0,3.552713678800501e-15,1.7763568394002505e-15,-9.808169983447723,95,11.0,61-54,7,UNAVAILABLE,UNAVAILABLE,1170.0,600,24.715351397589224,25.0,0.7003813253708843,0.729149277764525,1.0,VALUE
AUSTIN_DRE_PHASE_3,AUSTIN_DOWNFALL_STATE_MODEL_V1,NCAAB_H1_2_AUSTIN_TRANSFER_V1,4fa5feba84ffea5d,NCAAB_20260110_OKST_ISU,KXNCAAMBGAME-26JAN10OKSTISU-ISU,H1_2,11,2026-01-10T22:20:43+00:00,2,480,WATCH_NEGATIVE,1,CI_CROSSES_ZERO,NORMAL_SUPPORT,-19.23267993379089,-40.0,0.0,12.837746206153865,-32.07042613994476,20.000000000000004,-39.23267993379089,-19.616339966895445,-9.808169983447723,88,4.0,42-40,2,UNAVAILABLE,UNAVAILABLE,570.0,480,24.928143351679353,25.0,1.325077022462024,1.3097284117527441,0.9855072463768116,VALUE
AUSTIN_DRE_PHASE_3,AUSTIN_DOWNFALL_STATE_MODEL_V1,NCAAB_H1_2_AUSTIN_TRANSFER_V1,4fa5feba84ffea5d,NCAAB_20260110_OKST_ISU,KXNCAAMBGAME-26JAN10OKSTISU-ISU,H1_2,12,2026-01-10T22:20:43+00:00,2,360,PERSISTENCE_2,2,CI_CROSSES_ZERO,NORMAL_SUPPORT,-19.23267993379089,-40.0,0.0,12.837746206153865,-32.07042613994476,-19.23267993379089,0.0,0.0,9.808169983447723,88,4.0,42-40,2,UNAVAILABLE,UNAVAILABLE,570.0,360,24.928143351679353,25.0,1.325077022462024,1.3097284117527441,0.9855072463768116,VALUE
AUSTIN_DRE_PHASE_3,AUSTIN_DOWNFALL_STATE_MODEL_V1,NCAAB_H1_2_AUSTIN_TRANSFER_V1,4fa5feba84ffea5d,NCAAB_20260110_OKST_ISU,KXNCAAMBGAME-26JAN10OKSTISU-ISU,H1_2,13,2026-01-10T22:20:43+00:00,2,240,PERSISTENCE_3PLUS,3,CI_CROSSES_ZERO,NORMAL_SUPPORT,-19.23267993379089,-40.0,0.0,12.837746206153865,-32.07042613994476,-19.23267993379089,0.0,0.0,0.0,88,4.0,42-40,2,UNAVAILABLE,UNAVAILABLE,570.0,240,24.928143351679353,25.0,1.325077022462024,1.3097284117527441,0.9855072463768116,VALUE
AUSTIN_DRE_PHASE_3,AUSTIN_DOWNFALL_STATE_MODEL_V1,NCAAB_H1_2_AUSTIN_TRANSFER_V1,4fa5feba84ffea5d,NCAAB_20260110_OKST_ISU,KXNCAAMBGAME-26JAN10OKSTISU-ISU,H1_2,14,2026-01-10T22:20:43+00:00,2,120,PERSISTENCE_3PLUS,4,CI_CROSSES_ZERO,NORMAL_SUPPORT,-19.23267993379089,-40.0,0.0,12.837746206153865,-32.07042613994476,-19.23267993379089,0.0,0.0,0.0,88,4.0,42-40,2,UNAVAILABLE,UNAVAILABLE,570.0,120,24.928143351679353,25.0,1.325077022462024,1.3097284117527441,0.9855072463768116,VALUE
AUSTIN_DRE_PHASE_3,AUSTIN_DOWNFALL_STATE_MODEL_V1,NCAAB_H1_2_AUSTIN_TRANSFER_V1,4fa5feba84ffea5d,NCAAB_20260110_OKST_ISU,KXNCAAMBGAME-26JAN10OKSTISU-ISU,H1_2,15,2026-01-10T23:20:49+00:00,2,0,RECOVERING,0,CI_POSITIVE,NORMAL_SUPPORT,19.999999999999996,20.0,20.0,12.837746206153865,7.162253793846132,-19.23267993379089,39.23267993379089,19.616339966895445,9.808169983447723,99,15.0,83-71,12,UNAVAILABLE,UNAVAILABLE,1770.0,0,24.524758253703077,25.0,0.8469260436436313,0.8862314286051897,1.0,VALUE
AUSTIN_DRE_PHASE_3,AUSTIN_DOWNFALL_STATE_MODEL_V1,NCAAB_H1_2_AUSTIN_TRANSFER_V1,ee5e88f2a29da5d0,NCAAB_20260110_ARK_AUB,KXNCAAMBGAME-26JAN10ARKAUB-AUB,H1_2,0,2026-01-10T23:10:36+00:00,1,480,UNRESOLVED,0,CI_UNAVAILABLE,SUPPORT_UNAVAILABLE,UNAVAILABLE,UNAVAILABLE,UNAVAILABLE,UNAVAILABLE,UNAVAILABLE,UNAVAILABLE,UNAVAILABLE,UNAVAILABLE,UNAVAILABLE,56,UNAVAILABLE,0-0,0,UNAVAILABLE,UNAVAILABLE,UNAVAILABLE,1680,UNAVAILABLE,UNAVAILABLE,UNAVAILABLE,UNAVAILABLE,0.30434782608695654,NOT_APPLICABLE
AUSTIN_DRE_PHASE_3,AUSTIN_DOWNFALL_STATE_MODEL_V1,NCAAB_H1_2_AUSTIN_TRANSFER_V1,ee5e88f2a29da5d0,NCAAB_20260110_ARK_AUB,KXNCAAMBGAME-26JAN10ARKAUB-AUB,H1_2,1,2026-01-10T23:10:36+00:00,1,360,UNRESOLVED,0,CI_UNAVAILABLE,SUPPORT_UNAVAILABLE,UNAVAILABLE,UNAVAILABLE,UNAVAILABLE,UNAVAILABLE,UNAVAILABLE,UNAVAILABLE,UNAVAILABLE,UNAVAILABLE,UNAVAILABLE,56,UNAVAILABLE,0-0,0,UNAVAILABLE,UNAVAILABLE,UNAVAILABLE,1560,UNAVAILABLE,UNAVAILABLE,UNAVAILABLE,UNAVAILABLE,0.30434782608695654,NOT_APPLICABLE
AUSTIN_DRE_PHASE_3,AUSTIN_DOWNFALL_STATE_MODEL_V1,NCAAB_H1_2_AUSTIN_TRANSFER_V1,ee5e88f2a29da5d0,NCAAB_20260110_ARK_AUB,KXNCAAMBGAME-26JAN10ARKAUB-AUB,H1_2,2,2026-01-10T23:10:36+00:00,1,240,UNRESOLVED,0,CI_UNAVAILABLE,SUPPORT_UNAVAILABLE,UNAVAILABLE,UNAVAILABLE,UNAVAILABLE,UNAVAILABLE,UNAVAILABLE,UNAVAILABLE,UNAVAILABLE,UNAVAILABLE,UNAVAILABLE,56,UNAVAILABLE,0-0,0,UNAVAILABLE,UNAVAILABLE,UNAVAILABLE,1440,UNAVAILABLE,UNAVAILABLE,UNAVAILABLE,UNAVAILABLE,0.30434782608695654,NOT_APPLICABLE
AUSTIN_DRE_PHASE_3,AUSTIN_DOWNFALL_STATE_MODEL_V1,NCAAB_H1_2_AUSTIN_TRANSFER_V1,ee5e88f2a29da5d0,NCAAB_20260110_ARK_AUB,KXNCAAMBGAME-26JAN10ARKAUB-AUB,H1_2,3,2026-01-10T23:10:36+00:00,1,120,UNRESOLVED,0,CI_UNAVAILABLE,SUPPORT_UNAVAILABLE,UNAVAILABLE,UNAVAILABLE,UNAVAILABLE,UNAVAILABLE,UNAVAILABLE,UNAVAILABLE,UNAVAILABLE,UNAVAILABLE,UNAVAILABLE,56,UNAVAILABLE,0-0,0,UNAVAILABLE,UNAVAILABLE,UNAVAILABLE,1320,UNAVAILABLE,UNAVAILABLE,UNAVAILABLE,UNAVAILABLE,0.30434782608695654,NOT_APPLICABLE
AUSTIN_DRE_PHASE_3,AUSTIN_DOWNFALL_STATE_MODEL_V1,NCAAB_H1_2_AUSTIN_TRANSFER_V1,ee5e88f2a29da5d0,NCAAB_20260110_ARK_AUB,KXNCAAMBGAME-26JAN10ARKAUB-AUB,H1_2,4,2026-01-11T00:00:17+00:00,1,0,WATCH_NEGATIVE,1,CI_NEGATIVE,NORMAL_SUPPORT,-80.0,-80.0,-80.0,-80.0,0.0,UNAVAILABLE,UNAVAILABLE,UNAVAILABLE,UNAVAILABLE,91,10.0,49-34,15,UNAVAILABLE,UNAVAILABLE,569.0,1200,24.414246103576026,25.0,0.520168238965755,0.4541502420662331,0.9855072463768116,VALUE
AUSTIN_DRE_PHASE_3,AUSTIN_DOWNFALL_STATE_MODEL_V1,NCAAB_H1_2_AUSTIN_TRANSFER_V1,ee5e88f2a29da5d0,NCAAB_20260110_ARK_AUB,KXNCAAMBGAME-26JAN10ARKAUB-AUB,H1_2,5,2026-01-11T00:15:42+00:00,2,1200,PERSISTENCE_2,2,CI_CROSSES_ZERO,NORMAL_SUPPORT,-0.3900262896697999,-16.0,12.0,-80.0,79.6099737103302,-80.0,79.6099737103302,UNAVAILABLE,UNAVAILABLE,91,10.0,49-34,15,UNAVAILABLE,UNAVAILABLE,569.0,1200,24.85084654854658,25.0,1.2898711420972235,1.3345805625387404,0.9855072463768116,VALUE
AUSTIN_DRE_PHASE_3,AUSTIN_DOWNFALL_STATE_MODEL_V1,NCAAB_H1_2_AUSTIN_TRANSFER_V1,ee5e88f2a29da5d0,NCAAB_20260110_ARK_AUB,KXNCAAMBGAME-26JAN10ARKAUB-AUB,H1_2,6,2026-01-11T00:15:42+00:00,2,1080,PERSISTENCE_3PLUS,3,CI_CROSSES_ZERO,NORMAL_SUPPORT,-0.3900262896697999,-16.0,12.0,-80.0,79.6099737103302,-0.3900262896697999,0.0,0.0,UNAVAILABLE,91,10.0,49-34,15,UNAVAILABLE,UNAVAILABLE,569.0,1080,24.85084654854658,25.0,1.2898711420972235,1.3345805625387404,0.9855072463768116,VALUE
AUSTIN_DRE_PHASE_3,AUSTIN_DOWNFALL_STATE_MODEL_V1,NCAAB_H1_2_AUSTIN_TRANSFER_V1,ee5e88f2a29da5d0,NCAAB_20260110_ARK_AUB,KXNCAAMBGAME-26JAN10ARKAUB-AUB,H1_2,7,2026-01-11T00:15:42+00:00,2,960,PERSISTENCE_3PLUS,4,CI_CROSSES_ZERO,NORMAL_SUPPORT,-0.3900262896697999,-16.0,12.0,-80.0,79.6099737103302,-0.3900262896697999,0.0,0.0,0.0,91,10.0,49-34,15,UNAVAILABLE,UNAVAILABLE,569.0,960,24.85084654854658,25.0,1.2898711420972235,1.3345805625387404,0.9855072463768116,VALUE
AUSTIN_DRE_PHASE_3,AUSTIN_DOWNFALL_STATE_MODEL_V1,NCAAB_H1_2_AUSTIN_TRANSFER_V1,ee5e88f2a29da5d0,NCAAB_20260110_ARK_AUB,KXNCAAMBGAME-26JAN10ARKAUB-AUB,H1_2,8,2026-01-11T00:15:42+00:00,2,840,PERSISTENCE_3PLUS,5,CI_CROSSES_ZERO,NORMAL_SUPPORT,-0.3900262896697999,-16.0,12.0,-80.0,79.6099737103302,-0.3900262896697999,0.0,0.0,0.0,91,10.0,49-34,15,UNAVAILABLE,UNAVAILABLE,569.0,840,24.85084654854658,25.0,1.2898711420972235,1.3345805625387404,0.9855072463768116,VALUE
AUSTIN_DRE_PHASE_3,AUSTIN_DOWNFALL_STATE_MODEL_V1,NCAAB_H1_2_AUSTIN_TRANSFER_V1,ee5e88f2a29da5d0,NCAAB_20260110_ARK_AUB,KXNCAAMBGAME-26JAN10ARKAUB-AUB,H1_2,9,2026-01-11T00:15:42+00:00,2,720,PERSISTENCE_3PLUS,6,CI_CROSSES_ZERO,NORMAL_SUPPORT,-0.3900262896697999,-16.0,12.0,-80.0,79.6099737103302,-0.3900262896697999,0.0,0.0,0.0,91,10.0,49-34,15,UNAVAILABLE,UNAVAILABLE,569.0,720,24.85084654854658,25.0,1.2898711420972235,1.3345805625387404,0.9855072463768116,VALUE
AUSTIN_DRE_PHASE_3,AUSTIN_DOWNFALL_STATE_MODEL_V1,NCAAB_H1_2_AUSTIN_TRANSFER_V1,ee5e88f2a29da5d0,NCAAB_20260110_ARK_AUB,KXNCAAMBGAME-26JAN10ARKAUB-AUB,H1_2,10,2026-01-11T00:15:42+00:00,2,600,PERSISTENCE_3PLUS,7,CI_CROSSES_ZERO,NORMAL_SUPPORT,-0.3900262896697999,-16.0,12.0,-80.0,79.6099737103302,-0.3900262896697999,0.0,0.0,0.0,91,10.0,49-34,15,UNAVAILABLE,UNAVAILABLE,569.0,600,24.85084654854658,25.0,1.2898711420972235,1.3345805625387404,0.9855072463768116,VALUE
AUSTIN_DRE_PHASE_3,AUSTIN_DOWNFALL_STATE_MODEL_V1,NCAAB_H1_2_AUSTIN_TRANSFER_V1,ee5e88f2a29da5d0,NCAAB_20260110_ARK_AUB,KXNCAAMBGAME-26JAN10ARKAUB-AUB,H1_2,11,2026-01-11T00:15:42+00:00,2,480,PERSISTENCE_3PLUS,8,CI_CROSSES_ZERO,NORMAL_SUPPORT,-0.3900262896697999,-16.0,12.0,-80.0,79.6099737103302,-0.3900262896697999,0.0,0.0,0.0,91,10.0,49-34,15,UNAVAILABLE,UNAVAILABLE,569.0,480,24.85084654854658,25.0,1.2898711420972235,1.3345805625387404,0.9855072463768116,VALUE
AUSTIN_DRE_PHASE_3,AUSTIN_DOWNFALL_STATE_MODEL_V1,NCAAB_H1_2_AUSTIN_TRANSFER_V1,ee5e88f2a29da5d0,NCAAB_20260110_ARK_AUB,KXNCAAMBGAME-26JAN10ARKAUB-AUB,H1_2,12,2026-01-11T00:15:42+00:00,2,360,PERSISTENCE_3PLUS,9,CI_CROSSES_ZERO,NORMAL_SUPPORT,-0.3900262896697999,-16.0,12.0,-80.0,79.6099737103302,-0.3900262896697999,0.0,0.0,0.0,91,10.0,49-34,15,UNAVAILABLE,UNAVAILABLE,569.0,360,24.85084654854658,25.0,1.2898711420972235,1.3345805625387404,0.9855072463768116,VALUE
AUSTIN_DRE_PHASE_3,AUSTIN_DOWNFALL_STATE_MODEL_V1,NCAAB_H1_2_AUSTIN_TRANSFER_V1,ee5e88f2a29da5d0,NCAAB_20260110_ARK_AUB,KXNCAAMBGAME-26JAN10ARKAUB-AUB,H1_2,13,2026-01-11T00:15:42+00:00,2,240,PERSISTENCE_3PLUS,10,CI_CROSSES_ZERO,NORMAL_SUPPORT,-0.3900262896697999,-16.0,12.0,-80.0,79.6099737103302,-0.3900262896697999,0.0,0.0,0.0,91,10.0,49-34,15,UNAVAILABLE,UNAVAILABLE,569.0,240,24.85084654854658,25.0,1.2898711420972235,1.3345805625387404,0.9855072463768116,VALUE
AUSTIN_DRE_PHASE_3,AUSTIN_DOWNFALL_STATE_MODEL_V1,NCAAB_H1_2_AUSTIN_TRANSFER_V1,ee5e88f2a29da5d0,NCAAB_20260110_ARK_AUB,KXNCAAMBGAME-26JAN10ARKAUB-AUB,H1_2,14,2026-01-11T00:15:42+00:00,2,120,PERSISTENCE_3PLUS,11,CI_CROSSES_ZERO,NORMAL_SUPPORT,-0.3900262896697999,-16.0,12.0,-80.0,79.6099737103302,-0.3900262896697999,0.0,0.0,0.0,91,10.0,49-34,15,UNAVAILABLE,UNAVAILABLE,569.0,120,24.85084654854658,25.0,1.2898711420972235,1.3345805625387404,0.9855072463768116,VALUE
AUSTIN_DRE_PHASE_3,AUSTIN_DOWNFALL_STATE_MODEL_V1,NCAAB_H1_2_AUSTIN_TRANSFER_V1,ee5e88f2a29da5d0,NCAAB_20260110_ARK_AUB,KXNCAAMBGAME-26JAN10ARKAUB-AUB,H1_2,15,2026-01-11T01:15:03+00:00,2,0,RECOVERING,0,CI_POSITIVE,NORMAL_SUPPORT,20.0,20.0,20.0,-80.0,100.0,-0.3900262896697999,20.390026289669798,10.195013144834899,5.0975065724174495,99,18.0,95-73,22,UNAVAILABLE,UNAVAILABLE,1769.0,0,23.925832492382078,25.0,0.7805298895254137,0.8794832714107799,1.0,VALUE
AUSTIN_DRE_PHASE_3,AUSTIN_DOWNFALL_STATE_MODEL_V1,NCAAB_H1_2_AUSTIN_TRANSFER_V1,8fdca818ca2f16bf,NCAAB_20260110_TTU_COLO,KXNCAAMBGAME-26JAN10TTUCOLO-TTU,H1_2,0,2026-01-11T00:06:17+00:00,1,360,UNRESOLVED,0,CI_UNAVAILABLE,SUPPORT_UNAVAILABLE,UNAVAILABLE,UNAVAILABLE,UNAVAILABLE,UNAVAILABLE,UNAVAILABLE,UNAVAILABLE,UNAVAILABLE,UNAVAILABLE,UNAVAILABLE,66,UNAVAILABLE,0-0,0,UNAVAILABLE,UNAVAILABLE,UNAVAILABLE,1560,UNAVAILABLE,UNAVAILABLE,UNAVAILABLE,UNAVAILABLE,0.30434782608695654,NOT_APPLICABLE
AUSTIN_DRE_PHASE_3,AUSTIN_DOWNFALL_STATE_MODEL_V1,NCAAB_H1_2_AUSTIN_TRANSFER_V1,8fdca818ca2f16bf,NCAAB_20260110_TTU_COLO,KXNCAAMBGAME-26JAN10TTUCOLO-TTU,H1_2,1,2026-01-11T00:41:00+00:00,1,240,HEALTHY,0,CI_POSITIVE,NORMAL_SUPPORT,19.999999999999996,20.0,20.0,19.999999999999996,0.0,UNAVAILABLE,UNAVAILABLE,UNAVAILABLE,UNAVAILABLE,94,12.0,24-36,-12,UNAVAILABLE,UNAVAILABLE,236.0,1440,24.160357856419296,25.0,0.7761512422906097,0.8039510571808439,0.9710144927536232,VALUE
AUSTIN_DRE_PHASE_3,AUSTIN_DOWNFALL_STATE_MODEL_V1,NCAAB_H1_2_AUSTIN_TRANSFER_V1,8fdca818ca2f16bf,NCAAB_20260110_TTU_COLO,KXNCAAMBGAME-26JAN10TTUCOLO-TTU,H1_2,2,2026-01-11T00:06:17+00:00,1,120,UNRESOLVED,0,CI_UNAVAILABLE,SUPPORT_UNAVAILABLE,UNAVAILABLE,UNAVAILABLE,UNAVAILABLE,19.999999999999996,UNAVAILABLE,UNAVAILABLE,UNAVAILABLE,UNAVAILABLE,UNAVAILABLE,66,UNAVAILABLE,0-0,0,UNAVAILABLE,UNAVAILABLE,UNAVAILABLE,1320,UNAVAILABLE,UNAVAILABLE,UNAVAILABLE,UNAVAILABLE,0.30434782608695654,NOT_APPLICABLE
AUSTIN_DRE_PHASE_3,AUSTIN_DOWNFALL_STATE_MODEL_V1,NCAAB_H1_2_AUSTIN_TRANSFER_V1,8fdca818ca2f16bf,NCAAB_20260110_TTU_COLO,KXNCAAMBGAME-26JAN10TTUCOLO-TTU,H1_2,3,2026-01-11T00:47:38+00:00,1,0,HEALTHY,0,CI_POSITIVE,NORMAL_SUPPORT,19.999999999999996,20.0,20.0,19.999999999999996,0.0,19.999999999999996,0.0,0.0,UNAVAILABLE,95,13.0,27-43,-16,UNAVAILABLE,UNAVAILABLE,476.0,1200,24.984794067700438,25.0,0.7550565545736325,0.759272308612303,0.9855072463768116,VALUE
AUSTIN_DRE_PHASE_3,AUSTIN_DOWNFALL_STATE_MODEL_V1,NCAAB_H1_2_AUSTIN_TRANSFER_V1,8fdca818ca2f16bf,NCAAB_20260110_TTU_COLO,KXNCAAMBGAME-26JAN10TTUCOLO-TTU,H1_2,4,2026-01-11T01:01:08+00:00,2,1200,HEALTHY,0,CI_CROSSES_ZERO,NORMAL_SUPPORT,12.5072116108396,0.0,20.0,19.999999999999996,-7.492788389160397,19.999999999999996,-7.492788389160397,UNAVAILABLE,UNAVAILABLE,95,13.0,27-43,-16,UNAVAILABLE,UNAVAILABLE,476.0,1200,24.985898227997993,25.0,1.2751279482453008,1.255429713454039,0.9855072463768116,VALUE
AUSTIN_DRE_PHASE_3,AUSTIN_DOWNFALL_STATE_MODEL_V1,NCAAB_H1_2_AUSTIN_TRANSFER_V1,8fdca818ca2f16bf,NCAAB_20260110_TTU_COLO,KXNCAAMBGAME-26JAN10TTUCOLO-TTU,H1_2,5,2026-01-11T01:01:08+00:00,2,1080,HEALTHY,0,CI_CROSSES_ZERO,NORMAL_SUPPORT,12.5072116108396,0.0,20.0,19.999999999999996,-7.492788389160397,12.5072116108396,0.0,0.0,UNAVAILABLE,95,13.0,27-43,-16,UNAVAILABLE,UNAVAILABLE,476.0,1080,24.985898227997993,25.0,1.2751279482453008,1.255429713454039,0.9855072463768116,VALUE
AUSTIN_DRE_PHASE_3,AUSTIN_DOWNFALL_STATE_MODEL_V1,NCAAB_H1_2_AUSTIN_TRANSFER_V1,8fdca818ca2f16bf,NCAAB_20260110_TTU_COLO,KXNCAAMBGAME-26JAN10TTUCOLO-TTU,H1_2,6,2026-01-11T01:09:15+00:00,2,960,HEALTHY,0,CI_CROSSES_ZERO,NORMAL_SUPPORT,12.29067534595076,0.0,20.0,19.999999999999996,-7.709324654049237,12.5072116108396,-0.21653626488883937,-0.10826813244441968,-0.05413406622220984,98,16.0,29-50,-21,UNAVAILABLE,UNAVAILABLE,716.0,960,24.696497020718173,25.0,0.9668443399241023,0.9402329084376104,1.0,VALUE
AUSTIN_DRE_PHASE_3,AUSTIN_DOWNFALL_STATE_MODEL_V1,NCAAB_H1_2_AUSTIN_TRANSFER_V1,8fdca818ca2f16bf,NCAAB_20260110_TTU_COLO,KXNCAAMBGAME-26JAN10TTUCOLO-TTU,H1_2,7,2026-01-11T01:01:08+00:00,2,840,HEALTHY,0,CI_CROSSES_ZERO,NORMAL_SUPPORT,12.5072116108396,0.0,20.0,19.999999999999996,-7.492788389160397,12.29067534595076,0.21653626488883937,0.10826813244441968,0.10826813244441968,95,13.0,27-43,-16,UNAVAILABLE,UNAVAILABLE,476.0,840,24.985898227997993,25.0,1.2751279482453008,1.255429713454039,0.9855072463768116,VALUE
AUSTIN_DRE_PHASE_3,AUSTIN_DOWNFALL_STATE_MODEL_V1,NCAAB_H1_2_AUSTIN_TRANSFER_V1,8fdca818ca2f16bf,NCAAB_20260110_TTU_COLO,KXNCAAMBGAME-26JAN10TTUCOLO-TTU,H1_2,8,2026-01-11T01:24:21+00:00,2,720,HEALTHY,0,CI_POSITIVE,NORMAL_SUPPORT,20.0,20.0,20.0,19.999999999999996,3.552713678800501e-15,12.5072116108396,7.492788389160401,3.7463941945802004,1.8190630310678904,99,17.0,37-58,-21,UNAVAILABLE,UNAVAILABLE,956.0,720,23.824989340478197,25.0,0.6680698386772127,0.6899494967924373,1.0,VALUE
AUSTIN_DRE_PHASE_3,AUSTIN_DOWNFALL_STATE_MODEL_V1,NCAAB_H1_2_AUSTIN_TRANSFER_V1,8fdca818ca2f16bf,NCAAB_20260110_TTU_COLO,KXNCAAMBGAME-26JAN10TTUCOLO-TTU,H1_2,9,2026-01-11T01:01:08+00:00,2,600,HEALTHY,0,CI_CROSSES_ZERO,NORMAL_SUPPORT,12.5072116108396,0.0,20.0,19.999999999999996,-7.492788389160397,20.0,-7.492788389160401,-3.7463941945802004,-3.7463941945802004,95,13.0,27-43,-16,UNAVAILABLE,UNAVAILABLE,476.0,600,24.985898227997993,25.0,1.2751279482453008,1.255429713454039,0.9855072463768116,VALUE
AUSTIN_DRE_PHASE_3,AUSTIN_DOWNFALL_STATE_MODEL_V1,NCAAB_H1_2_AUSTIN_TRANSFER_V1,8fdca818ca2f16bf,NCAAB_20260110_TTU_COLO,KXNCAAMBGAME-26JAN10TTUCOLO-TTU,H1_2,10,2026-01-11T01:01:08+00:00,2,480,HEALTHY,0,CI_CROSSES_ZERO,NORMAL_SUPPORT,12.5072116108396,0.0,20.0,19.999999999999996,-7.492788389160397,12.5072116108396,0.0,0.0,1.8731970972901002,95,13.0,27-43,-16,UNAVAILABLE,UNAVAILABLE,476.0,480,24.985898227997993,25.0,1.2751279482453008,1.255429713454039,0.9855072463768116,VALUE
AUSTIN_DRE_PHASE_3,AUSTIN_DOWNFALL_STATE_MODEL_V1,NCAAB_H1_2_AUSTIN_TRANSFER_V1,8fdca818ca2f16bf,NCAAB_20260110_TTU_COLO,KXNCAAMBGAME-26JAN10TTUCOLO-TTU,H1_2,11,2026-01-11T01:01:08+00:00,2,360,HEALTHY,0,CI_CROSSES_ZERO,NORMAL_SUPPORT,12.5072116108396,0.0,20.0,19.999999999999996,-7.492788389160397,12.5072116108396,0.0,0.0,0.0,95,13.0,27-43,-16,UNAVAILABLE,UNAVAILABLE,476.0,360,24.985898227997993,25.0,1.2751279482453008,1.255429713454039,0.9855072463768116,VALUE
AUSTIN_DRE_PHASE_3,AUSTIN_DOWNFALL_STATE_MODEL_V1,NCAAB_H1_2_AUSTIN_TRANSFER_V1,8fdca818ca2f16bf,NCAAB_20260110_TTU_COLO,KXNCAAMBGAME-26JAN10TTUCOLO-TTU,H1_2,12,2026-01-11T01:01:08+00:00,2,240,HEALTHY,0,CI_CROSSES_ZERO,NORMAL_SUPPORT,12.5072116108396,0.0,20.0,19.999999999999996,-7.492788389160397,12.5072116108396,0.0,0.0,0.0,95,13.0,27-43,-16,UNAVAILABLE,UNAVAILABLE,476.0,240,24.985898227997993,25.0,1.2751279482453008,1.255429713454039,0.9855072463768116,VALUE
AUSTIN_DRE_PHASE_3,AUSTIN_DOWNFALL_STATE_MODEL_V1,NCAAB_H1_2_AUSTIN_TRANSFER_V1,8fdca818ca2f16bf,NCAAB_20260110_TTU_COLO,KXNCAAMBGAME-26JAN10TTUCOLO-TTU,H1_2,13,2026-01-11T01:01:08+00:00,2,120,HEALTHY,0,CI_CROSSES_ZERO,NORMAL_SUPPORT,12.5072116108396,0.0,20.0,19.999999999999996,-7.492788389160397,12.5072116108396,0.0,0.0,0.0,95,13.0,27-43,-16,UNAVAILABLE,UNAVAILABLE,476.0,120,24.985898227997993,25.0,1.2751279482453008,1.255429713454039,0.9855072463768116,VALUE
AUSTIN_DRE_PHASE_3,AUSTIN_DOWNFALL_STATE_MODEL_V1,NCAAB_H1_2_AUSTIN_TRANSFER_V1,ccb4b57da2a28d48,NCAAB_20260113_MIA_ND,KXNCAAMBGAME-26JAN13MIAND-MIA,H1_2,0,2026-01-14T00:01:35+00:00,1,360,UNRESOLVED,0,CI_UNAVAILABLE,SUPPORT_UNAVAILABLE,UNAVAILABLE,UNAVAILABLE,UNAVAILABLE,UNAVAILABLE,UNAVAILABLE,UNAVAILABLE,UNAVAILABLE,UNAVAILABLE,UNAVAILABLE,67,UNAVAILABLE,0-0,0,UNAVAILABLE,UNAVAILABLE,UNAVAILABLE,1560,UNAVAILABLE,UNAVAILABLE,UNAVAILABLE,UNAVAILABLE,0.30434782608695654,NOT_APPLICABLE
AUSTIN_DRE_PHASE_3,AUSTIN_DOWNFALL_STATE_MODEL_V1,NCAAB_H1_2_AUSTIN_TRANSFER_V1,ccb4b57da2a28d48,NCAAB_20260113_MIA_ND,KXNCAAMBGAME-26JAN13MIAND-MIA,H1_2,1,2026-01-14T00:01:35+00:00,1,240,UNRESOLVED,0,CI_UNAVAILABLE,SUPPORT_UNAVAILABLE,UNAVAILABLE,UNAVAILABLE,UNAVAILABLE,UNAVAILABLE,UNAVAILABLE,UNAVAILABLE,UNAVAILABLE,UNAVAILABLE,UNAVAILABLE,67,UNAVAILABLE,0-0,0,UNAVAILABLE,UNAVAILABLE,UNAVAILABLE,1440,UNAVAILABLE,UNAVAILABLE,UNAVAILABLE,UNAVAILABLE,0.30434782608695654,NOT_APPLICABLE
AUSTIN_DRE_PHASE_3,AUSTIN_DOWNFALL_STATE_MODEL_V1,NCAAB_H1_2_AUSTIN_TRANSFER_V1,ccb4b57da2a28d48,NCAAB_20260113_MIA_ND,KXNCAAMBGAME-26JAN13MIAND-MIA,H1_2,2,2026-01-14T00:01:35+00:00,1,120,UNRESOLVED,0,CI_UNAVAILABLE,SUPPORT_UNAVAILABLE,UNAVAILABLE,UNAVAILABLE,UNAVAILABLE,UNAVAILABLE,UNAVAILABLE,UNAVAILABLE,UNAVAILABLE,UNAVAILABLE,UNAVAILABLE,67,UNAVAILABLE,0-0,0,UNAVAILABLE,UNAVAILABLE,UNAVAILABLE,1320,UNAVAILABLE,UNAVAILABLE,UNAVAILABLE,UNAVAILABLE,0.30434782608695654,NOT_APPLICABLE
AUSTIN_DRE_PHASE_3,AUSTIN_DOWNFALL_STATE_MODEL_V1,NCAAB_H1_2_AUSTIN_TRANSFER_V1,ccb4b57da2a28d48,NCAAB_20260113_MIA_ND,KXNCAAMBGAME-26JAN13MIAND-MIA,H1_2,3,2026-01-14T00:53:18+00:00,1,0,HEALTHY,0,CI_POSITIVE,NORMAL_SUPPORT,20.0,20.0,20.0,20.0,0.0,UNAVAILABLE,UNAVAILABLE,UNAVAILABLE,UNAVAILABLE,63,-17.0,39-39,0,UNAVAILABLE,UNAVAILABLE,449.0,1200,24.98089332873309,25.0,0.68736246056267,0.6737009612379062,0.9855072463768116,VALUE
AUSTIN_DRE_PHASE_3,AUSTIN_DOWNFALL_STATE_MODEL_V1,NCAAB_H1_2_AUSTIN_TRANSFER_V1,ccb4b57da2a28d48,NCAAB_20260113_MIA_ND,KXNCAAMBGAME-26JAN13MIAND-MIA,H1_2,4,2026-01-14T01:08:48+00:00,2,1200,WATCH_NEGATIVE,1,CI_CROSSES_ZERO,NORMAL_SUPPORT,-15.528463484872738,-36.0,4.0,20.0,-35.52846348487274,20.0,-35.52846348487274,UNAVAILABLE,UNAVAILABLE,62,-18.0,39-39,0,UNAVAILABLE,UNAVAILABLE,449.0,1200,24.908898233480528,25.0,1.564470791429614,1.5979832105059717,0.9855072463768116,VALUE
AUSTIN_DRE_PHASE_3,AUSTIN_DOWNFALL_STATE_MODEL_V1,NCAAB_H1_2_AUSTIN_TRANSFER_V1,ccb4b57da2a28d48,NCAAB_20260113_MIA_ND,KXNCAAMBGAME-26JAN13MIAND-MIA,H1_2,5,2026-01-14T01:08:48+00:00,2,1080,PERSISTENCE_2,2,CI_CROSSES_ZERO,NORMAL_SUPPORT,-15.528463484872738,-36.0,4.0,20.0,-35.52846348487274,-15.528463484872738,0.0,0.0,UNAVAILABLE,62,-18.0,39-39,0,UNAVAILABLE,UNAVAILABLE,449.0,1080,24.908898233480528,25.0,1.564470791429614,1.5979832105059717,0.9855072463768116,VALUE
AUSTIN_DRE_PHASE_3,AUSTIN_DOWNFALL_STATE_MODEL_V1,NCAAB_H1_2_AUSTIN_TRANSFER_V1,ccb4b57da2a28d48,NCAAB_20260113_MIA_ND,KXNCAAMBGAME-26JAN13MIAND-MIA,H1_2,6,2026-01-14T01:23:20+00:00,2,960,RECOVERING,0,CI_POSITIVE,NORMAL_SUPPORT,16.005950727308576,8.0,20.0,20.0,-3.9940492726914236,-15.528463484872738,31.534414212181314,15.767207106090657,7.883603553045329,88,8.0,40-49,-9,UNAVAILABLE,UNAVAILABLE,689.0,960,23.72572149104964,25.0,0.3865402706159231,0.4174215301854198,1.0,VALUE
AUSTIN_DRE_PHASE_3,AUSTIN_DOWNFALL_STATE_MODEL_V1,NCAAB_H1_2_AUSTIN_TRANSFER_V1,ccb4b57da2a28d48,NCAAB_20260113_MIA_ND,KXNCAAMBGAME-26JAN13MIAND-MIA,H1_2,7,2026-01-14T01:08:48+00:00,2,840,WATCH_NEGATIVE,1,CI_CROSSES_ZERO,NORMAL_SUPPORT,-15.528463484872738,-36.0,4.0,20.0,-35.52846348487274,16.005950727308576,-31.534414212181314,-15.767207106090657,-15.767207106090657,62,-18.0,39-39,0,UNAVAILABLE,UNAVAILABLE,449.0,840,24.908898233480528,25.0,1.564470791429614,1.5979832105059717,0.9855072463768116,VALUE
AUSTIN_DRE_PHASE_3,AUSTIN_DOWNFALL_STATE_MODEL_V1,NCAAB_H1_2_AUSTIN_TRANSFER_V1,ccb4b57da2a28d48,NCAAB_20260113_MIA_ND,KXNCAAMBGAME-26JAN13MIAND-MIA,H1_2,8,2026-01-14T01:08:48+00:00,2,720,PERSISTENCE_2,2,CI_CROSSES_ZERO,NORMAL_SUPPORT,-15.528463484872738,-36.0,4.0,20.0,-35.52846348487274,-15.528463484872738,0.0,0.0,7.883603553045329,62,-18.0,39-39,0,UNAVAILABLE,UNAVAILABLE,449.0,720,24.908898233480528,25.0,1.564470791429614,1.5979832105059717,0.9855072463768116,VALUE
AUSTIN_DRE_PHASE_3,AUSTIN_DOWNFALL_STATE_MODEL_V1,NCAAB_H1_2_AUSTIN_TRANSFER_V1,ccb4b57da2a28d48,NCAAB_20260113_MIA_ND,KXNCAAMBGAME-26JAN13MIAND-MIA,H1_2,9,2026-01-14T01:08:48+00:00,2,600,PERSISTENCE_3PLUS,3,CI_CROSSES_ZERO,NORMAL_SUPPORT,-15.528463484872738,-36.0,4.0,20.0,-35.52846348487274,-15.528463484872738,0.0,0.0,0.0,62,-18.0,39-39,0,UNAVAILABLE,UNAVAILABLE,449.0,600,24.908898233480528,25.0,1.564470791429614,1.5979832105059717,0.9855072463768116,VALUE
AUSTIN_DRE_PHASE_3,AUSTIN_DOWNFALL_STATE_MODEL_V1,NCAAB_H1_2_AUSTIN_TRANSFER_V1,ccb4b57da2a28d48,NCAAB_20260113_MIA_ND,KXNCAAMBGAME-26JAN13MIAND-MIA,H1_2,10,2026-01-14T01:08:48+00:00,2,480,PERSISTENCE_3PLUS,4,CI_CROSSES_ZERO,NORMAL_SUPPORT,-15.528463484872738,-36.0,4.0,20.0,-35.52846348487274,-15.528463484872738,0.0,0.0,0.0,62,-18.0,39-39,0,UNAVAILABLE,UNAVAILABLE,449.0,480,24.908898233480528,25.0,1.564470791429614,1.5979832105059717,0.9855072463768116,VALUE
AUSTIN_DRE_PHASE_3,AUSTIN_DOWNFALL_STATE_MODEL_V1,NCAAB_H1_2_AUSTIN_TRANSFER_V1,ccb4b57da2a28d48,NCAAB_20260113_MIA_ND,KXNCAAMBGAME-26JAN13MIAND-MIA,H1_2,11,2026-01-14T01:08:48+00:00,2,360,PERSISTENCE_3PLUS,5,CI_CROSSES_ZERO,NORMAL_SUPPORT,-15.528463484872738,-36.0,4.0,20.0,-35.52846348487274,-15.528463484872738,0.0,0.0,0.0,62,-18.0,39-39,0,UNAVAILABLE,UNAVAILABLE,449.0,360,24.908898233480528,25.0,1.564470791429614,1.5979832105059717,0.9855072463768116,VALUE
AUSTIN_DRE_PHASE_3,AUSTIN_DOWNFALL_STATE_MODEL_V1,NCAAB_H1_2_AUSTIN_TRANSFER_V1,ccb4b57da2a28d48,NCAAB_20260113_MIA_ND,KXNCAAMBGAME-26JAN13MIAND-MIA,H1_2,12,2026-01-14T01:08:48+00:00,2,240,PERSISTENCE_3PLUS,6,CI_CROSSES_ZERO,NORMAL_SUPPORT,-15.528463484872738,-36.0,4.0,20.0,-35.52846348487274,-15.528463484872738,0.0,0.0,0.0,62,-18.0,39-39,0,UNAVAILABLE,UNAVAILABLE,449.0,240,24.908898233480528,25.0,1.564470791429614,1.5979832105059717,0.9855072463768116,VALUE
AUSTIN_DRE_PHASE_3,AUSTIN_DOWNFALL_STATE_MODEL_V1,NCAAB_H1_2_AUSTIN_TRANSFER_V1,ccb4b57da2a28d48,NCAAB_20260113_MIA_ND,KXNCAAMBGAME-26JAN13MIAND-MIA,H1_2,13,2026-01-14T01:08:48+00:00,2,120,PERSISTENCE_3PLUS,7,CI_CROSSES_ZERO,NORMAL_SUPPORT,-15.528463484872738,-36.0,4.0,20.0,-35.52846348487274,-15.528463484872738,0.0,0.0,0.0,62,-18.0,39-39,0,UNAVAILABLE,UNAVAILABLE,449.0,120,24.908898233480528,25.0,1.564470791429614,1.5979832105059717,0.9855072463768116,VALUE
AUSTIN_DRE_PHASE_3,AUSTIN_DOWNFALL_STATE_MODEL_V1,NCAAB_H1_2_AUSTIN_TRANSFER_V1,ccb4b57da2a28d48,NCAAB_20260113_MIA_ND,KXNCAAMBGAME-26JAN13MIAND-MIA,H1_2,14,2026-01-14T02:06:36+00:00,2,0,RECOVERING,0,CI_POSITIVE,NORMAL_SUPPORT,20.000000000000004,20.0,20.0,20.0,3.552713678800501e-15,-15.528463484872738,35.528463484872745,17.764231742436372,8.882115871218186,99,19.0,69-81,-12,UNAVAILABLE,UNAVAILABLE,1649.0,0,24.754176944714914,25.0,0.632113821823844,0.6340592624363707,1.0,VALUE
AUSTIN_DRE_PHASE_3,AUSTIN_DOWNFALL_STATE_MODEL_V1,NCAAB_H1_2_AUSTIN_TRANSFER_V1,e21597d99cf2793c,NCAAB_20260113_IND_MSU,KXNCAAMBGAME-26JAN13INDMSU-MSU,H1_2,0,2026-01-14T00:02:32+00:00,1,120,UNRESOLVED,0,CI_UNAVAILABLE,SUPPORT_UNAVAILABLE,UNAVAILABLE,UNAVAILABLE,UNAVAILABLE,UNAVAILABLE,UNAVAILABLE,UNAVAILABLE,UNAVAILABLE,UNAVAILABLE,UNAVAILABLE,71,UNAVAILABLE,0-0,0,UNAVAILABLE,UNAVAILABLE,UNAVAILABLE,1320,UNAVAILABLE,UNAVAILABLE,UNAVAILABLE,UNAVAILABLE,0.30434782608695654,NOT_APPLICABLE
AUSTIN_DRE_PHASE_3,AUSTIN_DOWNFALL_STATE_MODEL_V1,NCAAB_H1_2_AUSTIN_TRANSFER_V1,e21597d99cf2793c,NCAAB_20260113_IND_MSU,KXNCAAMBGAME-26JAN13INDMSU-MSU,H1_2,1,2026-01-14T00:56:16+00:00,1,0,HEALTHY,0,CI_CROSSES_ZERO,LOW_HISTORICAL_SUPPORT,9.118101045017621,-4.0,20.0,9.118101045017621,0.0,UNAVAILABLE,UNAVAILABLE,UNAVAILABLE,UNAVAILABLE,85,-6.0,39-32,7,UNAVAILABLE,UNAVAILABLE,148.0,1200,24.771418129812456,25.0,3.479388731854367,3.3666110128648477,0.9565217391304348,VALUE
AUSTIN_DRE_PHASE_3,AUSTIN_DOWNFALL_STATE_MODEL_V1,NCAAB_H1_2_AUSTIN_TRANSFER_V1,e21597d99cf2793c,NCAAB_20260113_IND_MSU,KXNCAAMBGAME-26JAN13INDMSU-MSU,H1_2,2,2026-01-14T01:12:40+00:00,2,1200,HEALTHY,0,CI_POSITIVE,LOW_HISTORICAL_SUPPORT,20.0,20.0,20.0,9.118101045017621,10.881898954982379,9.118101045017621,10.881898954982379,UNAVAILABLE,UNAVAILABLE,86,-5.0,39-32,7,UNAVAILABLE,UNAVAILABLE,148.0,1200,24.86210788682166,25.0,3.586324858786108,3.541033230645442,0.9565217391304348,VALUE
AUSTIN_DRE_PHASE_3,AUSTIN_DOWNFALL_STATE_MODEL_V1,NCAAB_H1_2_AUSTIN_TRANSFER_V1,e21597d99cf2793c,NCAAB_20260113_IND_MSU,KXNCAAMBGAME-26JAN13INDMSU-MSU,H1_2,3,2026-01-14T01:12:40+00:00,2,1080,HEALTHY,0,CI_POSITIVE,LOW_HISTORICAL_SUPPORT,20.0,20.0,20.0,9.118101045017621,10.881898954982379,20.0,0.0,0.0,UNAVAILABLE,86,-5.0,39-32,7,UNAVAILABLE,UNAVAILABLE,148.0,1080,24.86210788682166,25.0,3.586324858786108,3.541033230645442,0.9565217391304348,VALUE
AUSTIN_DRE_PHASE_3,AUSTIN_DOWNFALL_STATE_MODEL_V1,NCAAB_H1_2_AUSTIN_TRANSFER_V1,e21597d99cf2793c,NCAAB_20260113_IND_MSU,KXNCAAMBGAME-26JAN13INDMSU-MSU,H1_2,4,2026-01-14T01:12:40+00:00,2,960,HEALTHY,0,CI_POSITIVE,LOW_HISTORICAL_SUPPORT,20.0,20.0,20.0,9.118101045017621,10.881898954982379,20.0,0.0,0.0,0.0,86,-5.0,39-32,7,UNAVAILABLE,UNAVAILABLE,148.0,960,24.86210788682166,25.0,3.586324858786108,3.541033230645442,0.9565217391304348,VALUE
AUSTIN_DRE_PHASE_3,AUSTIN_DOWNFALL_STATE_MODEL_V1,NCAAB_H1_2_AUSTIN_TRANSFER_V1,e21597d99cf2793c,NCAAB_20260113_IND_MSU,KXNCAAMBGAME-26JAN13INDMSU-MSU,H1_2,5,2026-01-14T01:12:40+00:00,2,840,HEALTHY,0,CI_POSITIVE,LOW_HISTORICAL_SUPPORT,20.0,20.0,20.0,9.118101045017621,10.881898954982379,20.0,0.0,0.0,0.0,86,-5.0,39-32,7,UNAVAILABLE,UNAVAILABLE,148.0,840,24.86210788682166,25.0,3.586324858786108,3.541033230645442,0.9565217391304348,VALUE
AUSTIN_DRE_PHASE_3,AUSTIN_DOWNFALL_STATE_MODEL_V1,NCAAB_H1_2_AUSTIN_TRANSFER_V1,e21597d99cf2793c,NCAAB_20260113_IND_MSU,KXNCAAMBGAME-26JAN13INDMSU-MSU,H1_2,6,2026-01-14T01:12:40+00:00,2,720,HEALTHY,0,CI_POSITIVE,LOW_HISTORICAL_SUPPORT,20.0,20.0,20.0,9.118101045017621,10.881898954982379,20.0,0.0,0.0,0.0,86,-5.0,39-32,7,UNAVAILABLE,UNAVAILABLE,148.0,720,24.86210788682166,25.0,3.586324858786108,3.541033230645442,0.9565217391304348,VALUE
AUSTIN_DRE_PHASE_3,AUSTIN_DOWNFALL_STATE_MODEL_V1,NCAAB_H1_2_AUSTIN_TRANSFER_V1,e21597d99cf2793c,NCAAB_20260113_IND_MSU,KXNCAAMBGAME-26JAN13INDMSU-MSU,H1_2,7,2026-01-14T01:12:40+00:00,2,600,HEALTHY,0,CI_POSITIVE,LOW_HISTORICAL_SUPPORT,20.0,20.0,20.0,9.118101045017621,10.881898954982379,20.0,0.0,0.0,0.0,86,-5.0,39-32,7,UNAVAILABLE,UNAVAILABLE,148.0,600,24.86210788682166,25.0,3.586324858786108,3.541033230645442,0.9565217391304348,VALUE
AUSTIN_DRE_PHASE_3,AUSTIN_DOWNFALL_STATE_MODEL_V1,NCAAB_H1_2_AUSTIN_TRANSFER_V1,e21597d99cf2793c,NCAAB_20260113_IND_MSU,KXNCAAMBGAME-26JAN13INDMSU-MSU,H1_2,8,2026-01-14T01:12:40+00:00,2,480,HEALTHY,0,CI_POSITIVE,LOW_HISTORICAL_SUPPORT,20.0,20.0,20.0,9.118101045017621,10.881898954982379,20.0,0.0,0.0,0.0,86,-5.0,39-32,7,UNAVAILABLE,UNAVAILABLE,148.0,480,24.86210788682166,25.0,3.586324858786108,3.541033230645442,0.9565217391304348,VALUE
AUSTIN_DRE_PHASE_3,AUSTIN_DOWNFALL_STATE_MODEL_V1,NCAAB_H1_2_AUSTIN_TRANSFER_V1,e21597d99cf2793c,NCAAB_20260113_IND_MSU,KXNCAAMBGAME-26JAN13INDMSU-MSU,H1_2,9,2026-01-14T01:12:40+00:00,2,360,HEALTHY,0,CI_POSITIVE,LOW_HISTORICAL_SUPPORT,20.0,20.0,20.0,9.118101045017621,10.881898954982379,20.0,0.0,0.0,0.0,86,-5.0,39-32,7,UNAVAILABLE,UNAVAILABLE,148.0,360,24.86210788682166,25.0,3.586324858786108,3.541033230645442,0.9565217391304348,VALUE
AUSTIN_DRE_PHASE_3,AUSTIN_DOWNFALL_STATE_MODEL_V1,NCAAB_H1_2_AUSTIN_TRANSFER_V1,e21597d99cf2793c,NCAAB_20260113_IND_MSU,KXNCAAMBGAME-26JAN13INDMSU-MSU,H1_2,10,2026-01-14T01:58:57+00:00,2,240,HEALTHY,0,CI_POSITIVE,LOW_HISTORICAL_SUPPORT,19.999999999999996,20.0,20.0,9.118101045017621,10.881898954982375,20.0,-3.552713678800501e-15,-1.7763568394002505e-15,-8.881784197001252e-16,99,8.0,74-55,19,UNAVAILABLE,UNAVAILABLE,1108.0,240,21.82482821493596,25.0,2.482777654125776,2.6842758580150554,1.0,VALUE
AUSTIN_DRE_PHASE_3,AUSTIN_DOWNFALL_STATE_MODEL_V1,NCAAB_H1_2_AUSTIN_TRANSFER_V1,e21597d99cf2793c,NCAAB_20260113_IND_MSU,KXNCAAMBGAME-26JAN13INDMSU-MSU,H1_2,11,2026-01-14T01:12:40+00:00,2,120,HEALTHY,0,CI_POSITIVE,LOW_HISTORICAL_SUPPORT,20.0,20.0,20.0,9.118101045017621,10.881898954982379,19.999999999999996,3.552713678800501e-15,1.7763568394002505e-15,1.7763568394002505e-15,86,-5.0,39-32,7,UNAVAILABLE,UNAVAILABLE,148.0,120,24.86210788682166,25.0,3.586324858786108,3.541033230645442,0.9565217391304348,VALUE
AUSTIN_DRE_PHASE_3,AUSTIN_DOWNFALL_STATE_MODEL_V1,NCAAB_H1_2_AUSTIN_TRANSFER_V1,e21597d99cf2793c,NCAAB_20260113_IND_MSU,KXNCAAMBGAME-26JAN13INDMSU-MSU,H1_2,12,2026-01-14T02:07:34+00:00,2,0,HEALTHY,0,CI_POSITIVE,LOW_HISTORICAL_SUPPORT,20.0,20.0,20.0,9.118101045017621,10.881898954982379,20.0,0.0,0.0,-8.881784197001252e-16,99,8.0,81-60,21,UNAVAILABLE,UNAVAILABLE,1348.0,0,22.68460056169676,25.0,3.101268299739143,3.3966262564758543,1.0,VALUE
AUSTIN_DRE_PHASE_3,AUSTIN_DOWNFALL_STATE_MODEL_V1,NCAAB_H1_2_AUSTIN_TRANSFER_V1,35299933df22cd97,NCAAB_20260113_BAY_OKST,KXNCAAMBGAME-26JAN13BAYOKST-BAY,H1_2,0,2026-01-14T02:10:29+00:00,1,360,UNRESOLVED,0,CI_UNAVAILABLE,SUPPORT_UNAVAILABLE,UNAVAILABLE,UNAVAILABLE,UNAVAILABLE,UNAVAILABLE,UNAVAILABLE,UNAVAILABLE,UNAVAILABLE,UNAVAILABLE,UNAVAILABLE,53,UNAVAILABLE,0-0,0,UNAVAILABLE,UNAVAILABLE,UNAVAILABLE,1560,UNAVAILABLE,UNAVAILABLE,UNAVAILABLE,UNAVAILABLE,0.30434782608695654,NOT_APPLICABLE
AUSTIN_DRE_PHASE_3,AUSTIN_DOWNFALL_STATE_MODEL_V1,NCAAB_H1_2_AUSTIN_TRANSFER_V1,35299933df22cd97,NCAAB_20260113_BAY_OKST,KXNCAAMBGAME-26JAN13BAYOKST-BAY,H1_2,1,2026-01-14T02:48:20+00:00,1,240,HEALTHY,0,CI_POSITIVE,NORMAL_SUPPORT,20.000000000000004,20.0,20.0,20.000000000000004,0.0,UNAVAILABLE,UNAVAILABLE,UNAVAILABLE,UNAVAILABLE,96,16.0,27-50,-23,UNAVAILABLE,UNAVAILABLE,196.0,1440,24.75511793725405,25.0,1.0116692775020315,1.0167666720307316,0.9710144927536232,VALUE
AUSTIN_DRE_PHASE_3,AUSTIN_DOWNFALL_STATE_MODEL_V1,NCAAB_H1_2_AUSTIN_TRANSFER_V1,35299933df22cd97,NCAAB_20260113_BAY_OKST,KXNCAAMBGAME-26JAN13BAYOKST-BAY,H1_2,2,2026-01-14T02:10:29+00:00,1,120,UNRESOLVED,0,CI_UNAVAILABLE,SUPPORT_UNAVAILABLE,UNAVAILABLE,UNAVAILABLE,UNAVAILABLE,20.000000000000004,UNAVAILABLE,UNAVAILABLE,UNAVAILABLE,UNAVAILABLE,UNAVAILABLE,53,UNAVAILABLE,0-0,0,UNAVAILABLE,UNAVAILABLE,UNAVAILABLE,1320,UNAVAILABLE,UNAVAILABLE,UNAVAILABLE,UNAVAILABLE,0.30434782608695654,NOT_APPLICABLE
AUSTIN_DRE_PHASE_3,AUSTIN_DOWNFALL_STATE_MODEL_V1,NCAAB_H1_2_AUSTIN_TRANSFER_V1,35299933df22cd97,NCAAB_20260113_BAY_OKST,KXNCAAMBGAME-26JAN13BAYOKST-BAY,H1_2,3,2026-01-14T02:58:23+00:00,1,0,HEALTHY,0,CI_POSITIVE,NORMAL_SUPPORT,20.0,20.0,20.0,20.000000000000004,-3.552713678800501e-15,20.000000000000004,-3.552713678800501e-15,-8.881784197001252e-16,UNAVAILABLE,96,16.0,39-57,-18,UNAVAILABLE,UNAVAILABLE,436.0,1200,24.988559916888626,25.0,0.741121895466574,0.7457719469609384,0.9855072463768116,VALUE
AUSTIN_DRE_PHASE_3,AUSTIN_DOWNFALL_STATE_MODEL_V1,NCAAB_H1_2_AUSTIN_TRANSFER_V1,35299933df22cd97,NCAAB_20260113_BAY_OKST,KXNCAAMBGAME-26JAN13BAYOKST-BAY,H1_2,4,2026-01-14T03:12:21+00:00,2,1200,HEALTHY,0,CI_POSITIVE,NORMAL_SUPPORT,16.12975646233496,8.0,20.0,20.000000000000004,-3.8702435376650435,20.0,-3.87024353766504,UNAVAILABLE,UNAVAILABLE,96,16.0,39-57,-18,UNAVAILABLE,UNAVAILABLE,436.0,1200,24.793705218832947,25.0,1.53267907606217,1.567057080113174,0.9855072463768116,VALUE
AUSTIN_DRE_PHASE_3,AUSTIN_DOWNFALL_STATE_MODEL_V1,NCAAB_H1_2_AUSTIN_TRANSFER_V1,35299933df22cd97,NCAAB_20260113_BAY_OKST,KXNCAAMBGAME-26JAN13BAYOKST-BAY,H1_2,5,2026-01-14T03:12:21+00:00,2,1080,HEALTHY,0,CI_POSITIVE,NORMAL_SUPPORT,16.12975646233496,8.0,20.0,20.000000000000004,-3.8702435376650435,16.12975646233496,0.0,0.0,UNAVAILABLE,96,16.0,39-57,-18,UNAVAILABLE,UNAVAILABLE,436.0,1080,24.793705218832947,25.0,1.53267907606217,1.567057080113174,0.9855072463768116,VALUE
AUSTIN_DRE_PHASE_3,AUSTIN_DOWNFALL_STATE_MODEL_V1,NCAAB_H1_2_AUSTIN_TRANSFER_V1,35299933df22cd97,NCAAB_20260113_BAY_OKST,KXNCAAMBGAME-26JAN13BAYOKST-BAY,H1_2,6,2026-01-14T03:12:21+00:00,2,960,HEALTHY,0,CI_POSITIVE,NORMAL_SUPPORT,16.12975646233496,8.0,20.0,20.000000000000004,-3.8702435376650435,16.12975646233496,0.0,0.0,0.0,96,16.0,39-57,-18,UNAVAILABLE,UNAVAILABLE,436.0,960,24.793705218832947,25.0,1.53267907606217,1.567057080113174,0.9855072463768116,VALUE
AUSTIN_DRE_PHASE_3,AUSTIN_DOWNFALL_STATE_MODEL_V1,NCAAB_H1_2_AUSTIN_TRANSFER_V1,35299933df22cd97,NCAAB_20260113_BAY_OKST,KXNCAAMBGAME-26JAN13BAYOKST-BAY,H1_2,7,2026-01-14T03:26:31+00:00,2,840,HEALTHY,0,CI_POSITIVE,NORMAL_SUPPORT,15.744817058217393,4.0,20.0,20.000000000000004,-4.255182941782611,16.12975646233496,-0.3849394041175671,-0.19246970205878355,-0.09623485102939178,97,17.0,51-70,-19,UNAVAILABLE,UNAVAILABLE,796.0,840,23.763744418072307,25.0,0.5399886203986507,0.5402153946584777,1.0,VALUE
AUSTIN_DRE_PHASE_3,AUSTIN_DOWNFALL_STATE_MODEL_V1,NCAAB_H1_2_AUSTIN_TRANSFER_V1,35299933df22cd97,NCAAB_20260113_BAY_OKST,KXNCAAMBGAME-26JAN13BAYOKST-BAY,H1_2,8,2026-01-14T03:12:21+00:00,2,720,HEALTHY,0,CI_POSITIVE,NORMAL_SUPPORT,16.12975646233496,8.0,20.0,20.000000000000004,-3.8702435376650435,15.744817058217393,0.3849394041175671,0.19246970205878355,0.19246970205878355,96,16.0,39-57,-18,UNAVAILABLE,UNAVAILABLE,436.0,720,24.793705218832947,25.0,1.53267907606217,1.567057080113174,0.9855072463768116,VALUE
AUSTIN_DRE_PHASE_3,AUSTIN_DOWNFALL_STATE_MODEL_V1,NCAAB_H1_2_AUSTIN_TRANSFER_V1,35299933df22cd97,NCAAB_20260113_BAY_OKST,KXNCAAMBGAME-26JAN13BAYOKST-BAY,H1_2,9,2026-01-14T03:12:21+00:00,2,600,HEALTHY,0,CI_POSITIVE,NORMAL_SUPPORT,16.12975646233496,8.0,20.0,20.000000000000004,-3.8702435376650435,16.12975646233496,0.0,0.0,-0.09623485102939178,96,16.0,39-57,-18,UNAVAILABLE,UNAVAILABLE,436.0,600,24.793705218832947,25.0,1.53267907606217,1.567057080113174,0.9855072463768116,VALUE
AUSTIN_DRE_PHASE_3,AUSTIN_DOWNFALL_STATE_MODEL_V1,NCAAB_H1_2_AUSTIN_TRANSFER_V1,35299933df22cd97,NCAAB_20260113_BAY_OKST,KXNCAAMBGAME-26JAN13BAYOKST-BAY,H1_2,10,2026-01-14T03:12:21+00:00,2,480,HEALTHY,0,CI_POSITIVE,NORMAL_SUPPORT,16.12975646233496,8.0,20.0,20.000000000000004,-3.8702435376650435,16.12975646233496,0.0,0.0,0.0,96,16.0,39-57,-18,UNAVAILABLE,UNAVAILABLE,436.0,480,24.793705218832947,25.0,1.53267907606217,1.567057080113174,0.9855072463768116,VALUE
AUSTIN_DRE_PHASE_3,AUSTIN_DOWNFALL_STATE_MODEL_V1,NCAAB_H1_2_AUSTIN_TRANSFER_V1,35299933df22cd97,NCAAB_20260113_BAY_OKST,KXNCAAMBGAME-26JAN13BAYOKST-BAY,H1_2,11,2026-01-14T03:12:21+00:00,2,360,HEALTHY,0,CI_POSITIVE,NORMAL_SUPPORT,16.12975646233496,8.0,20.0,20.000000000000004,-3.8702435376650435,16.12975646233496,0.0,0.0,0.0,96,16.0,39-57,-18,UNAVAILABLE,UNAVAILABLE,436.0,360,24.793705218832947,25.0,1.53267907606217,1.567057080113174,0.9855072463768116,VALUE
AUSTIN_DRE_PHASE_3,AUSTIN_DOWNFALL_STATE_MODEL_V1,NCAAB_H1_2_AUSTIN_TRANSFER_V1,35299933df22cd97,NCAAB_20260113_BAY_OKST,KXNCAAMBGAME-26JAN13BAYOKST-BAY,H1_2,12,2026-01-14T03:55:30+00:00,2,240,HEALTHY,0,CI_POSITIVE,NORMAL_SUPPORT,16.629761483571073,8.0,20.0,20.000000000000004,-3.3702385164289304,16.12975646233496,0.5000050212361131,0.25000251061805656,0.12500125530902828,98,18.0,70-83,-13,UNAVAILABLE,UNAVAILABLE,1396.0,240,24.454619281280902,25.0,0.42186600220122217,0.44613845597498325,1.0,VALUE
AUSTIN_DRE_PHASE_3,AUSTIN_DOWNFALL_STATE_MODEL_V1,NCAAB_H1_2_AUSTIN_TRANSFER_V1,35299933df22cd97,NCAAB_20260113_BAY_OKST,KXNCAAMBGAME-26JAN13BAYOKST-BAY,H1_2,13,2026-01-14T03:12:21+00:00,2,120,HEALTHY,0,CI_POSITIVE,NORMAL_SUPPORT,16.12975646233496,8.0,20.0,20.000000000000004,-3.8702435376650435,16.629761483571073,-0.5000050212361131,-0.25000251061805656,-0.25000251061805656,96,16.0,39-57,-18,UNAVAILABLE,UNAVAILABLE,436.0,120,24.793705218832947,25.0,1.53267907606217,1.567057080113174,0.9855072463768116,VALUE
AUSTIN_DRE_PHASE_3,AUSTIN_DOWNFALL_STATE_MODEL_V1,NCAAB_H1_2_AUSTIN_TRANSFER_V1,35299933df22cd97,NCAAB_20260113_BAY_OKST,KXNCAAMBGAME-26JAN13BAYOKST-BAY,H1_2,14,2026-01-14T04:05:16+00:00,2,0,HEALTHY,0,CI_POSITIVE,NORMAL_SUPPORT,20.0,20.0,20.0,20.000000000000004,-3.552713678800501e-15,16.12975646233496,3.87024353766504,1.93512176883252,1.0925621397252883,99,19.0,79-94,-15,UNAVAILABLE,UNAVAILABLE,1636.0,0,24.71857765196952,25.0,0.5588784435641236,0.567400922527955,1.0,VALUE
AUSTIN_DRE_PHASE_3,AUSTIN_DOWNFALL_STATE_MODEL_V1,NCAAB_H1_2_AUSTIN_TRANSFER_V1,4cdea7faa47cd8a0,NCAAB_20260113_ORE_NEB,KXNCAAMBGAME-26JAN13ORENEB-NEB,H1_2,0,2026-01-14T02:10:47+00:00,1,360,UNRESOLVED,0,CI_UNAVAILABLE,SUPPORT_UNAVAILABLE,UNAVAILABLE,UNAVAILABLE,UNAVAILABLE,UNAVAILABLE,UNAVAILABLE,UNAVAILABLE,UNAVAILABLE,UNAVAILABLE,UNAVAILABLE,87,UNAVAILABLE,0-0,0,UNAVAILABLE,UNAVAILABLE,UNAVAILABLE,1560,UNAVAILABLE,UNAVAILABLE,UNAVAILABLE,UNAVAILABLE,0.30434782608695654,NOT_APPLICABLE
AUSTIN_DRE_PHASE_3,AUSTIN_DOWNFALL_STATE_MODEL_V1,NCAAB_H1_2_AUSTIN_TRANSFER_V1,4cdea7faa47cd8a0,NCAAB_20260113_ORE_NEB,KXNCAAMBGAME-26JAN13ORENEB-NEB,H1_2,1,2026-01-14T02:10:47+00:00,1,240,UNRESOLVED,0,CI_UNAVAILABLE,SUPPORT_UNAVAILABLE,UNAVAILABLE,UNAVAILABLE,UNAVAILABLE,UNAVAILABLE,UNAVAILABLE,UNAVAILABLE,UNAVAILABLE,UNAVAILABLE,UNAVAILABLE,87,UNAVAILABLE,0-0,0,UNAVAILABLE,UNAVAILABLE,UNAVAILABLE,1440,UNAVAILABLE,UNAVAILABLE,UNAVAILABLE,UNAVAILABLE,0.30434782608695654,NOT_APPLICABLE
AUSTIN_DRE_PHASE_3,AUSTIN_DOWNFALL_STATE_MODEL_V1,NCAAB_H1_2_AUSTIN_TRANSFER_V1,4cdea7faa47cd8a0,NCAAB_20260113_ORE_NEB,KXNCAAMBGAME-26JAN13ORENEB-NEB,H1_2,2,2026-01-14T02:10:47+00:00,1,120,UNRESOLVED,0,CI_UNAVAILABLE,SUPPORT_UNAVAILABLE,UNAVAILABLE,UNAVAILABLE,UNAVAILABLE,UNAVAILABLE,UNAVAILABLE,UNAVAILABLE,UNAVAILABLE,UNAVAILABLE,UNAVAILABLE,87,UNAVAILABLE,0-0,0,UNAVAILABLE,UNAVAILABLE,UNAVAILABLE,1320,UNAVAILABLE,UNAVAILABLE,UNAVAILABLE,UNAVAILABLE,0.30434782608695654,NOT_APPLICABLE
AUSTIN_DRE_PHASE_3,AUSTIN_DOWNFALL_STATE_MODEL_V1,NCAAB_H1_2_AUSTIN_TRANSFER_V1,4cdea7faa47cd8a0,NCAAB_20260113_ORE_NEB,KXNCAAMBGAME-26JAN13ORENEB-NEB,H1_2,3,2026-01-14T02:56:06+00:00,1,0,HEALTHY,0,CI_POSITIVE,NORMAL_SUPPORT,19.999999999999996,20.0,20.0,19.999999999999996,0.0,UNAVAILABLE,UNAVAILABLE,UNAVAILABLE,UNAVAILABLE,94,9.0,42-30,12,UNAVAILABLE,UNAVAILABLE,437.0,1200,24.763300671299767,25.0,1.072825716576631,0.9909563763486464,0.9855072463768116,VALUE
AUSTIN_DRE_PHASE_3,AUSTIN_DOWNFALL_STATE_MODEL_V1,NCAAB_H1_2_AUSTIN_TRANSFER_V1,4cdea7faa47cd8a0,NCAAB_20260113_ORE_NEB,KXNCAAMBGAME-26JAN13ORENEB-NEB,H1_2,4,2026-01-14T03:12:33+00:00,2,1200,WATCH_NEGATIVE,1,CI_CROSSES_ZERO,NORMAL_SUPPORT,-1.5927867032423717,-20.0,12.0,19.999999999999996,-21.592786703242368,19.999999999999996,-21.592786703242368,UNAVAILABLE,UNAVAILABLE,95,10.0,42-30,12,UNAVAILABLE,UNAVAILABLE,437.0,1200,24.85283610610183,25.0,1.5881617697162442,1.6112681626103167,0.9855072463768116,VALUE
AUSTIN_DRE_PHASE_3,AUSTIN_DOWNFALL_STATE_MODEL_V1,NCAAB_H1_2_AUSTIN_TRANSFER_V1,4cdea7faa47cd8a0,NCAAB_20260113_ORE_NEB,KXNCAAMBGAME-26JAN13ORENEB-NEB,H1_2,5,2026-01-14T03:12:33+00:00,2,1080,PERSISTENCE_2,2,CI_CROSSES_ZERO,NORMAL_SUPPORT,-1.5927867032423717,-20.0,12.0,19.999999999999996,-21.592786703242368,-1.5927867032423717,0.0,0.0,UNAVAILABLE,95,10.0,42-30,12,UNAVAILABLE,UNAVAILABLE,437.0,1080,24.85283610610183,25.0,1.5881617697162442,1.6112681626103167,0.9855072463768116,VALUE
AUSTIN_DRE_PHASE_3,AUSTIN_DOWNFALL_STATE_MODEL_V1,NCAAB_H1_2_AUSTIN_TRANSFER_V1,4cdea7faa47cd8a0,NCAAB_20260113_ORE_NEB,KXNCAAMBGAME-26JAN13ORENEB-NEB,H1_2,6,2026-01-14T03:12:33+00:00,2,960,PERSISTENCE_3PLUS,3,CI_CROSSES_ZERO,NORMAL_SUPPORT,-1.5927867032423717,-20.0,12.0,19.999999999999996,-21.592786703242368,-1.5927867032423717,0.0,0.0,0.0,95,10.0,42-30,12,UNAVAILABLE,UNAVAILABLE,437.0,960,24.85283610610183,25.0,1.5881617697162442,1.6112681626103167,0.9855072463768116,VALUE
AUSTIN_DRE_PHASE_3,AUSTIN_DOWNFALL_STATE_MODEL_V1,NCAAB_H1_2_AUSTIN_TRANSFER_V1,4cdea7faa47cd8a0,NCAAB_20260113_ORE_NEB,KXNCAAMBGAME-26JAN13ORENEB-NEB,H1_2,7,2026-01-14T03:12:33+00:00,2,840,PERSISTENCE_3PLUS,4,CI_CROSSES_ZERO,NORMAL_SUPPORT,-1.5927867032423717,-20.0,12.0,19.999999999999996,-21.592786703242368,-1.5927867032423717,0.0,0.0,0.0,95,10.0,42-30,12,UNAVAILABLE,UNAVAILABLE,437.0,840,24.85283610610183,25.0,1.5881617697162442,1.6112681626103167,0.9855072463768116,VALUE
AUSTIN_DRE_PHASE_3,AUSTIN_DOWNFALL_STATE_MODEL_V1,NCAAB_H1_2_AUSTIN_TRANSFER_V1,4cdea7faa47cd8a0,NCAAB_20260113_ORE_NEB,KXNCAAMBGAME-26JAN13ORENEB-NEB,H1_2,8,2026-01-14T03:12:33+00:00,2,720,PERSISTENCE_3PLUS,5,CI_CROSSES_ZERO,NORMAL_SUPPORT,-1.5927867032423717,-20.0,12.0,19.999999999999996,-21.592786703242368,-1.5927867032423717,0.0,0.0,0.0,95,10.0,42-30,12,UNAVAILABLE,UNAVAILABLE,437.0,720,24.85283610610183,25.0,1.5881617697162442,1.6112681626103167,0.9855072463768116,VALUE
AUSTIN_DRE_PHASE_3,AUSTIN_DOWNFALL_STATE_MODEL_V1,NCAAB_H1_2_AUSTIN_TRANSFER_V1,4cdea7faa47cd8a0,NCAAB_20260113_ORE_NEB,KXNCAAMBGAME-26JAN13ORENEB-NEB,H1_2,9,2026-01-14T03:12:33+00:00,2,600,PERSISTENCE_3PLUS,6,CI_CROSSES_ZERO,NORMAL_SUPPORT,-1.5927867032423717,-20.0,12.0,19.999999999999996,-21.592786703242368,-1.5927867032423717,0.0,0.0,0.0,95,10.0,42-30,12,UNAVAILABLE,UNAVAILABLE,437.0,600,24.85283610610183,25.0,1.5881617697162442,1.6112681626103167,0.9855072463768116,VALUE
AUSTIN_DRE_PHASE_3,AUSTIN_DOWNFALL_STATE_MODEL_V1,NCAAB_H1_2_AUSTIN_TRANSFER_V1,4cdea7faa47cd8a0,NCAAB_20260113_ORE_NEB,KXNCAAMBGAME-26JAN13ORENEB-NEB,H1_2,10,2026-01-14T03:12:33+00:00,2,480,PERSISTENCE_3PLUS,7,CI_CROSSES_ZERO,NORMAL_SUPPORT,-1.5927867032423717,-20.0,12.0,19.999999999999996,-21.592786703242368,-1.5927867032423717,0.0,0.0,0.0,95,10.0,42-30,12,UNAVAILABLE,UNAVAILABLE,437.0,480,24.85283610610183,25.0,1.5881617697162442,1.6112681626103167,0.9855072463768116,VALUE
AUSTIN_DRE_PHASE_3,AUSTIN_DOWNFALL_STATE_MODEL_V1,NCAAB_H1_2_AUSTIN_TRANSFER_V1,4cdea7faa47cd8a0,NCAAB_20260113_ORE_NEB,KXNCAAMBGAME-26JAN13ORENEB-NEB,H1_2,11,2026-01-14T03:12:33+00:00,2,360,PERSISTENCE_3PLUS,8,CI_CROSSES_ZERO,NORMAL_SUPPORT,-1.5927867032423717,-20.0,12.0,19.999999999999996,-21.592786703242368,-1.5927867032423717,0.0,0.0,0.0,95,10.0,42-30,12,UNAVAILABLE,UNAVAILABLE,437.0,360,24.85283610610183,25.0,1.5881617697162442,1.6112681626103167,0.9855072463768116,VALUE
AUSTIN_DRE_PHASE_3,AUSTIN_DOWNFALL_STATE_MODEL_V1,NCAAB_H1_2_AUSTIN_TRANSFER_V1,4cdea7faa47cd8a0,NCAAB_20260113_ORE_NEB,KXNCAAMBGAME-26JAN13ORENEB-NEB,H1_2,12,2026-01-14T03:12:33+00:00,2,240,PERSISTENCE_3PLUS,9,CI_CROSSES_ZERO,NORMAL_SUPPORT,-1.5927867032423717,-20.0,12.0,19.999999999999996,-21.592786703242368,-1.5927867032423717,0.0,0.0,0.0,95,10.0,42-30,12,UNAVAILABLE,UNAVAILABLE,437.0,240,24.85283610610183,25.0,1.5881617697162442,1.6112681626103167,0.9855072463768116,VALUE
AUSTIN_DRE_PHASE_3,AUSTIN_DOWNFALL_STATE_MODEL_V1,NCAAB_H1_2_AUSTIN_TRANSFER_V1,4cdea7faa47cd8a0,NCAAB_20260113_ORE_NEB,KXNCAAMBGAME-26JAN13ORENEB-NEB,H1_2,13,2026-01-14T03:12:33+00:00,2,120,PERSISTENCE_3PLUS,10,CI_CROSSES_ZERO,NORMAL_SUPPORT,-1.5927867032423717,-20.0,12.0,19.999999999999996,-21.592786703242368,-1.5927867032423717,0.0,0.0,0.0,95,10.0,42-30,12,UNAVAILABLE,UNAVAILABLE,437.0,120,24.85283610610183,25.0,1.5881617697162442,1.6112681626103167,0.9855072463768116,VALUE
AUSTIN_DRE_PHASE_3,AUSTIN_DOWNFALL_STATE_MODEL_V1,NCAAB_H1_2_AUSTIN_TRANSFER_V1,2b4078f4332b5259,NCAAB_20260113_ISU_KU,KXNCAAMBGAME-26JAN13ISUKU-KU,H1_2,0,2026-01-14T02:11:09+00:00,1,360,UNRESOLVED,0,CI_UNAVAILABLE,SUPPORT_UNAVAILABLE,UNAVAILABLE,UNAVAILABLE,UNAVAILABLE,UNAVAILABLE,UNAVAILABLE,UNAVAILABLE,UNAVAILABLE,UNAVAILABLE,UNAVAILABLE,37,UNAVAILABLE,0-0,0,UNAVAILABLE,UNAVAILABLE,UNAVAILABLE,1560,UNAVAILABLE,UNAVAILABLE,UNAVAILABLE,UNAVAILABLE,0.30434782608695654,NOT_APPLICABLE
AUSTIN_DRE_PHASE_3,AUSTIN_DOWNFALL_STATE_MODEL_V1,NCAAB_H1_2_AUSTIN_TRANSFER_V1,2b4078f4332b5259,NCAAB_20260113_ISU_KU,KXNCAAMBGAME-26JAN13ISUKU-KU,H1_2,1,2026-01-14T02:11:09+00:00,1,240,UNRESOLVED,0,CI_UNAVAILABLE,SUPPORT_UNAVAILABLE,UNAVAILABLE,UNAVAILABLE,UNAVAILABLE,UNAVAILABLE,UNAVAILABLE,UNAVAILABLE,UNAVAILABLE,UNAVAILABLE,UNAVAILABLE,37,UNAVAILABLE,0-0,0,UNAVAILABLE,UNAVAILABLE,UNAVAILABLE,1440,UNAVAILABLE,UNAVAILABLE,UNAVAILABLE,UNAVAILABLE,0.30434782608695654,NOT_APPLICABLE
AUSTIN_DRE_PHASE_3,AUSTIN_DOWNFALL_STATE_MODEL_V1,NCAAB_H1_2_AUSTIN_TRANSFER_V1,2b4078f4332b5259,NCAAB_20260113_ISU_KU,KXNCAAMBGAME-26JAN13ISUKU-KU,H1_2,2,2026-01-14T02:11:09+00:00,1,120,UNRESOLVED,0,CI_UNAVAILABLE,SUPPORT_UNAVAILABLE,UNAVAILABLE,UNAVAILABLE,UNAVAILABLE,UNAVAILABLE,UNAVAILABLE,UNAVAILABLE,UNAVAILABLE,UNAVAILABLE,UNAVAILABLE,37,UNAVAILABLE,0-0,0,UNAVAILABLE,UNAVAILABLE,UNAVAILABLE,1320,UNAVAILABLE,UNAVAILABLE,UNAVAILABLE,UNAVAILABLE,0.30434782608695654,NOT_APPLICABLE
AUSTIN_DRE_PHASE_3,AUSTIN_DOWNFALL_STATE_MODEL_V1,NCAAB_H1_2_AUSTIN_TRANSFER_V1,2b4078f4332b5259,NCAAB_20260113_ISU_KU,KXNCAAMBGAME-26JAN13ISUKU-KU,H1_2,3,2026-01-14T02:57:16+00:00,1,0,HEALTHY,0,CI_POSITIVE,NORMAL_SUPPORT,20.0,20.0,20.0,20.0,0.0,UNAVAILABLE,UNAVAILABLE,UNAVAILABLE,UNAVAILABLE,92,9.0,44-23,21,UNAVAILABLE,UNAVAILABLE,370.0,1200,24.782813318475604,25.0,0.7373530908083694,0.6838362320696403,0.9855072463768116,VALUE
AUSTIN_DRE_PHASE_3,AUSTIN_DOWNFALL_STATE_MODEL_V1,NCAAB_H1_2_AUSTIN_TRANSFER_V1,2b4078f4332b5259,NCAAB_20260113_ISU_KU,KXNCAAMBGAME-26JAN13ISUKU-KU,H1_2,4,2026-01-14T03:10:18+00:00,2,1200,HEALTHY,0,CI_CROSSES_ZERO,NORMAL_SUPPORT,12.240818048946538,0.0,20.0,20.0,-7.759181951053462,20.0,-7.759181951053462,UNAVAILABLE,UNAVAILABLE,94,11.0,44-23,21,UNAVAILABLE,UNAVAILABLE,370.0,1200,24.812792816201107,25.0,1.6528122178919957,1.7222703269654662,0.9855072463768116,VALUE
AUSTIN_DRE_PHASE_3,AUSTIN_DOWNFALL_STATE_MODEL_V1,NCAAB_H1_2_AUSTIN_TRANSFER_V1,2b4078f4332b5259,NCAAB_20260113_ISU_KU,KXNCAAMBGAME-26JAN13ISUKU-KU,H1_2,5,2026-01-14T03:10:18+00:00,2,1080,HEALTHY,0,CI_CROSSES_ZERO,NORMAL_SUPPORT,12.240818048946538,0.0,20.0,20.0,-7.759181951053462,12.240818048946538,0.0,0.0,UNAVAILABLE,94,11.0,44-23,21,UNAVAILABLE,UNAVAILABLE,370.0,1080,24.812792816201107,25.0,1.6528122178919957,1.7222703269654662,0.9855072463768116,VALUE
AUSTIN_DRE_PHASE_3,AUSTIN_DOWNFALL_STATE_MODEL_V1,NCAAB_H1_2_AUSTIN_TRANSFER_V1,2b4078f4332b5259,NCAAB_20260113_ISU_KU,KXNCAAMBGAME-26JAN13ISUKU-KU,H1_2,6,2026-01-14T03:10:18+00:00,2,960,HEALTHY,0,CI_CROSSES_ZERO,NORMAL_SUPPORT,12.240818048946538,0.0,20.0,20.0,-7.759181951053462,12.240818048946538,0.0,0.0,0.0,94,11.0,44-23,21,UNAVAILABLE,UNAVAILABLE,370.0,960,24.812792816201107,25.0,1.6528122178919957,1.7222703269654662,0.9855072463768116,VALUE
AUSTIN_DRE_PHASE_3,AUSTIN_DOWNFALL_STATE_MODEL_V1,NCAAB_H1_2_AUSTIN_TRANSFER_V1,2b4078f4332b5259,NCAAB_20260113_ISU_KU,KXNCAAMBGAME-26JAN13ISUKU-KU,H1_2,7,2026-01-14T03:10:18+00:00,2,840,HEALTHY,0,CI_CROSSES_ZERO,NORMAL_SUPPORT,12.240818048946538,0.0,20.0,20.0,-7.759181951053462,12.240818048946538,0.0,0.0,0.0,94,11.0,44-23,21,UNAVAILABLE,UNAVAILABLE,370.0,840,24.812792816201107,25.0,1.6528122178919957,1.7222703269654662,0.9855072463768116,VALUE
AUSTIN_DRE_PHASE_3,AUSTIN_DOWNFALL_STATE_MODEL_V1,NCAAB_H1_2_AUSTIN_TRANSFER_V1,2b4078f4332b5259,NCAAB_20260113_ISU_KU,KXNCAAMBGAME-26JAN13ISUKU-KU,H1_2,8,2026-01-14T03:10:18+00:00,2,720,HEALTHY,0,CI_CROSSES_ZERO,NORMAL_SUPPORT,12.240818048946538,0.0,20.0,20.0,-7.759181951053462,12.240818048946538,0.0,0.0,0.0,94,11.0,44-23,21,UNAVAILABLE,UNAVAILABLE,370.0,720,24.812792816201107,25.0,1.6528122178919957,1.7222703269654662,0.9855072463768116,VALUE
AUSTIN_DRE_PHASE_3,AUSTIN_DOWNFALL_STATE_MODEL_V1,NCAAB_H1_2_AUSTIN_TRANSFER_V1,2b4078f4332b5259,NCAAB_20260113_ISU_KU,KXNCAAMBGAME-26JAN13ISUKU-KU,H1_2,9,2026-01-14T03:10:18+00:00,2,600,HEALTHY,0,CI_CROSSES_ZERO,NORMAL_SUPPORT,12.240818048946538,0.0,20.0,20.0,-7.759181951053462,12.240818048946538,0.0,0.0,0.0,94,11.0,44-23,21,UNAVAILABLE,UNAVAILABLE,370.0,600,24.812792816201107,25.0,1.6528122178919957,1.7222703269654662,0.9855072463768116,VALUE
AUSTIN_DRE_PHASE_3,AUSTIN_DOWNFALL_STATE_MODEL_V1,NCAAB_H1_2_AUSTIN_TRANSFER_V1,2b4078f4332b5259,NCAAB_20260113_ISU_KU,KXNCAAMBGAME-26JAN13ISUKU-KU,H1_2,10,2026-01-14T03:10:18+00:00,2,480,HEALTHY,0,CI_CROSSES_ZERO,NORMAL_SUPPORT,12.240818048946538,0.0,20.0,20.0,-7.759181951053462,12.240818048946538,0.0,0.0,0.0,94,11.0,44-23,21,UNAVAILABLE,UNAVAILABLE,370.0,480,24.812792816201107,25.0,1.6528122178919957,1.7222703269654662,0.9855072463768116,VALUE
AUSTIN_DRE_PHASE_3,AUSTIN_DOWNFALL_STATE_MODEL_V1,NCAAB_H1_2_AUSTIN_TRANSFER_V1,2b4078f4332b5259,NCAAB_20260113_ISU_KU,KXNCAAMBGAME-26JAN13ISUKU-KU,H1_2,11,2026-01-14T03:10:18+00:00,2,360,HEALTHY,0,CI_CROSSES_ZERO,NORMAL_SUPPORT,12.240818048946538,0.0,20.0,20.0,-7.759181951053462,12.240818048946538,0.0,0.0,0.0,94,11.0,44-23,21,UNAVAILABLE,UNAVAILABLE,370.0,360,24.812792816201107,25.0,1.6528122178919957,1.7222703269654662,0.9855072463768116,VALUE
AUSTIN_DRE_PHASE_3,AUSTIN_DOWNFALL_STATE_MODEL_V1,NCAAB_H1_2_AUSTIN_TRANSFER_V1,2b4078f4332b5259,NCAAB_20260113_ISU_KU,KXNCAAMBGAME-26JAN13ISUKU-KU,H1_2,12,2026-01-14T03:50:34+00:00,2,240,HEALTHY,0,CI_POSITIVE,NORMAL_SUPPORT,20.000000000000004,20.0,20.0,20.0,3.552713678800501e-15,12.240818048946538,7.759181951053465,3.8795909755267326,1.9397954877633663,99,16.0,75-55,20,UNAVAILABLE,UNAVAILABLE,1330.0,240,21.63785316677303,25.0,0.529061930069904,0.6196837517735426,1.0,VALUE
AUSTIN_DRE_PHASE_3,AUSTIN_DOWNFALL_STATE_MODEL_V1,NCAAB_H1_2_AUSTIN_TRANSFER_V1,2b4078f4332b5259,NCAAB_20260113_ISU_KU,KXNCAAMBGAME-26JAN13ISUKU-KU,H1_2,13,2026-01-14T03:10:18+00:00,2,120,HEALTHY,0,CI_CROSSES_ZERO,NORMAL_SUPPORT,12.240818048946538,0.0,20.0,20.0,-7.759181951053462,20.000000000000004,-7.759181951053465,-3.8795909755267326,-3.8795909755267326,94,11.0,44-23,21,UNAVAILABLE,UNAVAILABLE,370.0,120,24.812792816201107,25.0,1.6528122178919957,1.7222703269654662,0.9855072463768116,VALUE
AUSTIN_DRE_PHASE_3,AUSTIN_DOWNFALL_STATE_MODEL_V1,NCAAB_H1_2_AUSTIN_TRANSFER_V1,2b4078f4332b5259,NCAAB_20260113_ISU_KU,KXNCAAMBGAME-26JAN13ISUKU-KU,H1_2,14,2026-01-14T04:02:33+00:00,2,0,HEALTHY,0,CI_POSITIVE,NORMAL_SUPPORT,20.000000000000004,20.0,20.0,20.0,3.552713678800501e-15,12.240818048946538,7.759181951053465,3.8795909755267326,3.8795909755267326,99,16.0,84-63,21,UNAVAILABLE,UNAVAILABLE,1570.0,0,24.640922999507136,25.0,0.823979230910376,0.8543631792508549,1.0,VALUE
AUSTIN_DRE_PHASE_3,AUSTIN_DOWNFALL_STATE_MODEL_V1,NCAAB_H1_2_AUSTIN_TRANSFER_V1,f23c26565c2538fa,NCAAB_20260114_PITT_GT,KXNCAAMBGAME-26JAN14PITTGT-PITT,H1_2,0,2026-01-15T00:01:52+00:00,1,360,UNRESOLVED,0,CI_UNAVAILABLE,SUPPORT_UNAVAILABLE,UNAVAILABLE,UNAVAILABLE,UNAVAILABLE,UNAVAILABLE,UNAVAILABLE,UNAVAILABLE,UNAVAILABLE,UNAVAILABLE,UNAVAILABLE,52,UNAVAILABLE,0-0,0,UNAVAILABLE,UNAVAILABLE,UNAVAILABLE,1560,UNAVAILABLE,UNAVAILABLE,UNAVAILABLE,UNAVAILABLE,0.30434782608695654,NOT_APPLICABLE
AUSTIN_DRE_PHASE_3,AUSTIN_DOWNFALL_STATE_MODEL_V1,NCAAB_H1_2_AUSTIN_TRANSFER_V1,f23c26565c2538fa,NCAAB_20260114_PITT_GT,KXNCAAMBGAME-26JAN14PITTGT-PITT,H1_2,1,2026-01-15T00:01:52+00:00,1,240,UNRESOLVED,0,CI_UNAVAILABLE,SUPPORT_UNAVAILABLE,UNAVAILABLE,UNAVAILABLE,UNAVAILABLE,UNAVAILABLE,UNAVAILABLE,UNAVAILABLE,UNAVAILABLE,UNAVAILABLE,UNAVAILABLE,52,UNAVAILABLE,0-0,0,UNAVAILABLE,UNAVAILABLE,UNAVAILABLE,1440,UNAVAILABLE,UNAVAILABLE,UNAVAILABLE,UNAVAILABLE,0.30434782608695654,NOT_APPLICABLE
AUSTIN_DRE_PHASE_3,AUSTIN_DOWNFALL_STATE_MODEL_V1,NCAAB_H1_2_AUSTIN_TRANSFER_V1,f23c26565c2538fa,NCAAB_20260114_PITT_GT,KXNCAAMBGAME-26JAN14PITTGT-PITT,H1_2,2,2026-01-15T00:01:52+00:00,1,120,UNRESOLVED,0,CI_UNAVAILABLE,SUPPORT_UNAVAILABLE,UNAVAILABLE,UNAVAILABLE,UNAVAILABLE,UNAVAILABLE,UNAVAILABLE,UNAVAILABLE,UNAVAILABLE,UNAVAILABLE,UNAVAILABLE,52,UNAVAILABLE,0-0,0,UNAVAILABLE,UNAVAILABLE,UNAVAILABLE,1320,UNAVAILABLE,UNAVAILABLE,UNAVAILABLE,UNAVAILABLE,0.30434782608695654,NOT_APPLICABLE
AUSTIN_DRE_PHASE_3,AUSTIN_DOWNFALL_STATE_MODEL_V1,NCAAB_H1_2_AUSTIN_TRANSFER_V1,f23c26565c2538fa,NCAAB_20260114_PITT_GT,KXNCAAMBGAME-26JAN14PITTGT-PITT,H1_2,3,2026-01-15T00:50:08+00:00,1,0,HEALTHY,0,CI_POSITIVE,NORMAL_SUPPORT,19.999999999999996,20.0,20.0,19.999999999999996,0.0,UNAVAILABLE,UNAVAILABLE,UNAVAILABLE,UNAVAILABLE,93,13.0,26-45,-19,UNAVAILABLE,UNAVAILABLE,473.0,1200,24.729416889311835,25.0,0.6172328030436935,0.5585291948330481,0.9855072463768116,VALUE
AUSTIN_DRE_PHASE_3,AUSTIN_DOWNFALL_STATE_MODEL_V1,NCAAB_H1_2_AUSTIN_TRANSFER_V1,f23c26565c2538fa,NCAAB_20260114_PITT_GT,KXNCAAMBGAME-26JAN14PITTGT-PITT,H1_2,4,2026-01-15T01:06:30+00:00,2,1200,HEALTHY,0,CI_CROSSES_ZERO,NORMAL_SUPPORT,9.067199126404507,-4.0,20.0,19.999999999999996,-10.93280087359549,19.999999999999996,-10.93280087359549,UNAVAILABLE,UNAVAILABLE,96,16.0,26-45,-19,UNAVAILABLE,UNAVAILABLE,473.0,1200,24.71013876479188,25.0,1.5487191060188192,1.6096328658001118,0.9855072463768116,VALUE
AUSTIN_DRE_PHASE_3,AUSTIN_DOWNFALL_STATE_MODEL_V1,NCAAB_H1_2_AUSTIN_TRANSFER_V1,f23c26565c2538fa,NCAAB_20260114_PITT_GT,KXNCAAMBGAME-26JAN14PITTGT-PITT,H1_2,5,2026-01-15T01:06:30+00:00,2,1080,HEALTHY,0,CI_CROSSES_ZERO,NORMAL_SUPPORT,9.067199126404507,-4.0,20.0,19.999999999999996,-10.93280087359549,9.067199126404507,0.0,0.0,UNAVAILABLE,96,16.0,26-45,-19,UNAVAILABLE,UNAVAILABLE,473.0,1080,24.71013876479188,25.0,1.5487191060188192,1.6096328658001118,0.9855072463768116,VALUE
AUSTIN_DRE_PHASE_3,AUSTIN_DOWNFALL_STATE_MODEL_V1,NCAAB_H1_2_AUSTIN_TRANSFER_V1,f23c26565c2538fa,NCAAB_20260114_PITT_GT,KXNCAAMBGAME-26JAN14PITTGT-PITT,H1_2,6,2026-01-15T01:06:30+00:00,2,960,HEALTHY,0,CI_CROSSES_ZERO,NORMAL_SUPPORT,9.067199126404507,-4.0,20.0,19.999999999999996,-10.93280087359549,9.067199126404507,0.0,0.0,0.0,96,16.0,26-45,-19,UNAVAILABLE,UNAVAILABLE,473.0,960,24.71013876479188,25.0,1.5487191060188192,1.6096328658001118,0.9855072463768116,VALUE
AUSTIN_DRE_PHASE_3,AUSTIN_DOWNFALL_STATE_MODEL_V1,NCAAB_H1_2_AUSTIN_TRANSFER_V1,f23c26565c2538fa,NCAAB_20260114_PITT_GT,KXNCAAMBGAME-26JAN14PITTGT-PITT,H1_2,7,2026-01-15T01:06:30+00:00,2,840,HEALTHY,0,CI_CROSSES_ZERO,NORMAL_SUPPORT,9.067199126404507,-4.0,20.0,19.999999999999996,-10.93280087359549,9.067199126404507,0.0,0.0,0.0,96,16.0,26-45,-19,UNAVAILABLE,UNAVAILABLE,473.0,840,24.71013876479188,25.0,1.5487191060188192,1.6096328658001118,0.9855072463768116,VALUE
AUSTIN_DRE_PHASE_3,AUSTIN_DOWNFALL_STATE_MODEL_V1,NCAAB_H1_2_AUSTIN_TRANSFER_V1,f23c26565c2538fa,NCAAB_20260114_PITT_GT,KXNCAAMBGAME-26JAN14PITTGT-PITT,H1_2,8,2026-01-15T01:06:30+00:00,2,720,HEALTHY,0,CI_CROSSES_ZERO,NORMAL_SUPPORT,9.067199126404507,-4.0,20.0,19.999999999999996,-10.93280087359549,9.067199126404507,0.0,0.0,0.0,96,16.0,26-45,-19,UNAVAILABLE,UNAVAILABLE,473.0,720,24.71013876479188,25.0,1.5487191060188192,1.6096328658001118,0.9855072463768116,VALUE
AUSTIN_DRE_PHASE_3,AUSTIN_DOWNFALL_STATE_MODEL_V1,NCAAB_H1_2_AUSTIN_TRANSFER_V1,f23c26565c2538fa,NCAAB_20260114_PITT_GT,KXNCAAMBGAME-26JAN14PITTGT-PITT,H1_2,9,2026-01-15T01:06:30+00:00,2,600,HEALTHY,0,CI_CROSSES_ZERO,NORMAL_SUPPORT,9.067199126404507,-4.0,20.0,19.999999999999996,-10.93280087359549,9.067199126404507,0.0,0.0,0.0,96,16.0,26-45,-19,UNAVAILABLE,UNAVAILABLE,473.0,600,24.71013876479188,25.0,1.5487191060188192,1.6096328658001118,0.9855072463768116,VALUE
AUSTIN_DRE_PHASE_3,AUSTIN_DOWNFALL_STATE_MODEL_V1,NCAAB_H1_2_AUSTIN_TRANSFER_V1,f23c26565c2538fa,NCAAB_20260114_PITT_GT,KXNCAAMBGAME-26JAN14PITTGT-PITT,H1_2,10,2026-01-15T01:06:30+00:00,2,480,HEALTHY,0,CI_CROSSES_ZERO,NORMAL_SUPPORT,9.067199126404507,-4.0,20.0,19.999999999999996,-10.93280087359549,9.067199126404507,0.0,0.0,0.0,96,16.0,26-45,-19,UNAVAILABLE,UNAVAILABLE,473.0,480,24.71013876479188,25.0,1.5487191060188192,1.6096328658001118,0.9855072463768116,VALUE
AUSTIN_DRE_PHASE_3,AUSTIN_DOWNFALL_STATE_MODEL_V1,NCAAB_H1_2_AUSTIN_TRANSFER_V1,f23c26565c2538fa,NCAAB_20260114_PITT_GT,KXNCAAMBGAME-26JAN14PITTGT-PITT,H1_2,11,2026-01-15T01:06:30+00:00,2,360,HEALTHY,0,CI_CROSSES_ZERO,NORMAL_SUPPORT,9.067199126404507,-4.0,20.0,19.999999999999996,-10.93280087359549,9.067199126404507,0.0,0.0,0.0,96,16.0,26-45,-19,UNAVAILABLE,UNAVAILABLE,473.0,360,24.71013876479188,25.0,1.5487191060188192,1.6096328658001118,0.9855072463768116,VALUE
AUSTIN_DRE_PHASE_3,AUSTIN_DOWNFALL_STATE_MODEL_V1,NCAAB_H1_2_AUSTIN_TRANSFER_V1,f23c26565c2538fa,NCAAB_20260114_PITT_GT,KXNCAAMBGAME-26JAN14PITTGT-PITT,H1_2,12,2026-01-15T01:06:30+00:00,2,240,HEALTHY,0,CI_CROSSES_ZERO,NORMAL_SUPPORT,9.067199126404507,-4.0,20.0,19.999999999999996,-10.93280087359549,9.067199126404507,0.0,0.0,0.0,96,16.0,26-45,-19,UNAVAILABLE,UNAVAILABLE,473.0,240,24.71013876479188,25.0,1.5487191060188192,1.6096328658001118,0.9855072463768116,VALUE
AUSTIN_DRE_PHASE_3,AUSTIN_DOWNFALL_STATE_MODEL_V1,NCAAB_H1_2_AUSTIN_TRANSFER_V1,f23c26565c2538fa,NCAAB_20260114_PITT_GT,KXNCAAMBGAME-26JAN14PITTGT-PITT,H1_2,13,2026-01-15T01:06:30+00:00,2,120,HEALTHY,0,CI_CROSSES_ZERO,NORMAL_SUPPORT,9.067199126404507,-4.0,20.0,19.999999999999996,-10.93280087359549,9.067199126404507,0.0,0.0,0.0,96,16.0,26-45,-19,UNAVAILABLE,UNAVAILABLE,473.0,120,24.71013876479188,25.0,1.5487191060188192,1.6096328658001118,0.9855072463768116,VALUE
AUSTIN_DRE_PHASE_3,AUSTIN_DOWNFALL_STATE_MODEL_V1,NCAAB_H1_2_AUSTIN_TRANSFER_V1,f23c26565c2538fa,NCAAB_20260114_PITT_GT,KXNCAAMBGAME-26JAN14PITTGT-PITT,H1_2,14,2026-01-15T01:59:24+00:00,2,0,HEALTHY,0,CI_POSITIVE,NORMAL_SUPPORT,19.999999999999996,20.0,20.0,19.999999999999996,0.0,9.067199126404507,10.93280087359549,5.466400436797745,2.7332002183988724,99,19.0,66-89,-23,UNAVAILABLE,UNAVAILABLE,1673.0,0,24.442746837405785,25.0,0.7376002931353506,0.7215206412483232,1.0,VALUE
AUSTIN_DRE_PHASE_3,AUSTIN_DOWNFALL_STATE_MODEL_V1,NCAAB_H1_2_AUSTIN_TRANSFER_V1,2edff8739df98091,NCAAB_20260114_MISS_UGA,KXNCAAMBGAME-26JAN14MISSUGA-UGA,H1_2,0,2026-01-15T00:01:24+00:00,1,240,UNRESOLVED,0,CI_UNAVAILABLE,SUPPORT_UNAVAILABLE,UNAVAILABLE,UNAVAILABLE,UNAVAILABLE,UNAVAILABLE,UNAVAILABLE,UNAVAILABLE,UNAVAILABLE,UNAVAILABLE,UNAVAILABLE,85,UNAVAILABLE,0-0,0,UNAVAILABLE,UNAVAILABLE,UNAVAILABLE,1440,UNAVAILABLE,UNAVAILABLE,UNAVAILABLE,UNAVAILABLE,0.30434782608695654,NOT_APPLICABLE
AUSTIN_DRE_PHASE_3,AUSTIN_DOWNFALL_STATE_MODEL_V1,NCAAB_H1_2_AUSTIN_TRANSFER_V1,2edff8739df98091,NCAAB_20260114_MISS_UGA,KXNCAAMBGAME-26JAN14MISSUGA-UGA,H1_2,1,2026-01-15T00:01:24+00:00,1,120,UNRESOLVED,0,CI_UNAVAILABLE,SUPPORT_UNAVAILABLE,UNAVAILABLE,UNAVAILABLE,UNAVAILABLE,UNAVAILABLE,UNAVAILABLE,UNAVAILABLE,UNAVAILABLE,UNAVAILABLE,UNAVAILABLE,85,UNAVAILABLE,0-0,0,UNAVAILABLE,UNAVAILABLE,UNAVAILABLE,1320,UNAVAILABLE,UNAVAILABLE,UNAVAILABLE,UNAVAILABLE,0.30434782608695654,NOT_APPLICABLE
AUSTIN_DRE_PHASE_3,AUSTIN_DOWNFALL_STATE_MODEL_V1,NCAAB_H1_2_AUSTIN_TRANSFER_V1,2edff8739df98091,NCAAB_20260114_MISS_UGA,KXNCAAMBGAME-26JAN14MISSUGA-UGA,H1_2,2,2026-01-15T00:52:36+00:00,1,0,HEALTHY,0,CI_POSITIVE,NORMAL_SUPPORT,20.000000000000004,20.0,20.0,20.000000000000004,0.0,UNAVAILABLE,UNAVAILABLE,UNAVAILABLE,UNAVAILABLE,89,7.0,40-35,5,UNAVAILABLE,UNAVAILABLE,268.0,1200,24.975778341397845,25.0,0.832674642310582,0.853938049406162,0.9710144927536232,VALUE
AUSTIN_DRE_PHASE_3,AUSTIN_DOWNFALL_STATE_MODEL_V1,NCAAB_H1_2_AUSTIN_TRANSFER_V1,2edff8739df98091,NCAAB_20260114_MISS_UGA,KXNCAAMBGAME-26JAN14MISSUGA-UGA,H1_2,3,2026-01-15T01:06:37+00:00,2,1200,HEALTHY,0,CI_CROSSES_ZERO,NORMAL_SUPPORT,3.7581172809295444,-12.0,16.0,20.000000000000004,-16.24188271907046,20.000000000000004,-16.24188271907046,UNAVAILABLE,UNAVAILABLE,88,6.0,40-35,5,UNAVAILABLE,UNAVAILABLE,268.0,1200,24.89026771511852,25.0,1.4549023505819847,1.4815084417773146,0.9710144927536232,VALUE
AUSTIN_DRE_PHASE_3,AUSTIN_DOWNFALL_STATE_MODEL_V1,NCAAB_H1_2_AUSTIN_TRANSFER_V1,2edff8739df98091,NCAAB_20260114_MISS_UGA,KXNCAAMBGAME-26JAN14MISSUGA-UGA,H1_2,4,2026-01-15T01:06:37+00:00,2,1080,HEALTHY,0,CI_CROSSES_ZERO,NORMAL_SUPPORT,3.7581172809295444,-12.0,16.0,20.000000000000004,-16.24188271907046,3.7581172809295444,0.0,0.0,UNAVAILABLE,88,6.0,40-35,5,UNAVAILABLE,UNAVAILABLE,268.0,1080,24.89026771511852,25.0,1.4549023505819847,1.4815084417773146,0.9710144927536232,VALUE
AUSTIN_DRE_PHASE_3,AUSTIN_DOWNFALL_STATE_MODEL_V1,NCAAB_H1_2_AUSTIN_TRANSFER_V1,2edff8739df98091,NCAAB_20260114_MISS_UGA,KXNCAAMBGAME-26JAN14MISSUGA-UGA,H1_2,5,2026-01-15T01:06:37+00:00,2,960,HEALTHY,0,CI_CROSSES_ZERO,NORMAL_SUPPORT,3.7581172809295444,-12.0,16.0,20.000000000000004,-16.24188271907046,3.7581172809295444,0.0,0.0,0.0,88,6.0,40-35,5,UNAVAILABLE,UNAVAILABLE,268.0,960,24.89026771511852,25.0,1.4549023505819847,1.4815084417773146,0.9710144927536232,VALUE
AUSTIN_DRE_PHASE_3,AUSTIN_DOWNFALL_STATE_MODEL_V1,NCAAB_H1_2_AUSTIN_TRANSFER_V1,2edff8739df98091,NCAAB_20260114_MISS_UGA,KXNCAAMBGAME-26JAN14MISSUGA-UGA,H1_2,6,2026-01-15T01:06:37+00:00,2,840,HEALTHY,0,CI_CROSSES_ZERO,NORMAL_SUPPORT,3.7581172809295444,-12.0,16.0,20.000000000000004,-16.24188271907046,3.7581172809295444,0.0,0.0,0.0,88,6.0,40-35,5,UNAVAILABLE,UNAVAILABLE,268.0,840,24.89026771511852,25.0,1.4549023505819847,1.4815084417773146,0.9710144927536232,VALUE
AUSTIN_DRE_PHASE_3,AUSTIN_DOWNFALL_STATE_MODEL_V1,NCAAB_H1_2_AUSTIN_TRANSFER_V1,2edff8739df98091,NCAAB_20260114_MISS_UGA,KXNCAAMBGAME-26JAN14MISSUGA-UGA,H1_2,7,2026-01-15T01:06:37+00:00,2,720,HEALTHY,0,CI_CROSSES_ZERO,NORMAL_SUPPORT,3.7581172809295444,-12.0,16.0,20.000000000000004,-16.24188271907046,3.7581172809295444,0.0,0.0,0.0,88,6.0,40-35,5,UNAVAILABLE,UNAVAILABLE,268.0,720,24.89026771511852,25.0,1.4549023505819847,1.4815084417773146,0.9710144927536232,VALUE
AUSTIN_DRE_PHASE_3,AUSTIN_DOWNFALL_STATE_MODEL_V1,NCAAB_H1_2_AUSTIN_TRANSFER_V1,2edff8739df98091,NCAAB_20260114_MISS_UGA,KXNCAAMBGAME-26JAN14MISSUGA-UGA,H1_2,8,2026-01-15T01:30:01+00:00,2,600,HEALTHY,0,CI_CROSSES_ZERO,NORMAL_SUPPORT,9.39846891630717,-4.0,20.0,20.000000000000004,-10.601531083692834,3.7581172809295444,5.640351635377625,2.8201758176888125,1.4100879088444063,85,3.0,66-61,5,UNAVAILABLE,UNAVAILABLE,868.0,600,24.09751705911196,25.0,0.5808514238731064,0.6120846569394511,1.0,VALUE
AUSTIN_DRE_PHASE_3,AUSTIN_DOWNFALL_STATE_MODEL_V1,NCAAB_H1_2_AUSTIN_TRANSFER_V1,2edff8739df98091,NCAAB_20260114_MISS_UGA,KXNCAAMBGAME-26JAN14MISSUGA-UGA,H1_2,9,2026-01-15T01:06:37+00:00,2,480,HEALTHY,0,CI_CROSSES_ZERO,NORMAL_SUPPORT,3.7581172809295444,-12.0,16.0,20.000000000000004,-16.24188271907046,9.39846891630717,-5.640351635377625,-2.8201758176888125,-2.8201758176888125,88,6.0,40-35,5,UNAVAILABLE,UNAVAILABLE,268.0,480,24.89026771511852,25.0,1.4549023505819847,1.4815084417773146,0.9710144927536232,VALUE
AUSTIN_DRE_PHASE_3,AUSTIN_DOWNFALL_STATE_MODEL_V1,NCAAB_H1_2_AUSTIN_TRANSFER_V1,2edff8739df98091,NCAAB_20260114_MISS_UGA,KXNCAAMBGAME-26JAN14MISSUGA-UGA,H1_2,10,2026-01-15T01:44:10+00:00,2,360,HEALTHY,0,CI_POSITIVE,NORMAL_SUPPORT,20.0,20.0,20.0,20.000000000000004,-3.552713678800501e-15,3.7581172809295444,16.241882719070457,8.120941359535228,5.47055858861202,65,-17.0,73-73,0,UNAVAILABLE,UNAVAILABLE,1108.0,360,22.38890215168461,25.0,0.6090234660651008,0.6372428501647707,1.0,VALUE
AUSTIN_DRE_PHASE_3,AUSTIN_DOWNFALL_STATE_MODEL_V1,NCAAB_H1_2_AUSTIN_TRANSFER_V1,2edff8739df98091,NCAAB_20260114_MISS_UGA,KXNCAAMBGAME-26JAN14MISSUGA-UGA,H1_2,11,2026-01-15T01:06:37+00:00,2,240,HEALTHY,0,CI_CROSSES_ZERO,NORMAL_SUPPORT,3.7581172809295444,-12.0,16.0,20.000000000000004,-16.24188271907046,20.0,-16.241882719070457,-8.120941359535228,-8.120941359535228,88,6.0,40-35,5,UNAVAILABLE,UNAVAILABLE,268.0,240,24.89026771511852,25.0,1.4549023505819847,1.4815084417773146,0.9710144927536232,VALUE
AUSTIN_DRE_PHASE_3,AUSTIN_DOWNFALL_STATE_MODEL_V1,NCAAB_H1_2_AUSTIN_TRANSFER_V1,2edff8739df98091,NCAAB_20260114_MISS_UGA,KXNCAAMBGAME-26JAN14MISSUGA-UGA,H1_2,12,2026-01-15T01:06:37+00:00,2,120,HEALTHY,0,CI_CROSSES_ZERO,NORMAL_SUPPORT,3.7581172809295444,-12.0,16.0,20.000000000000004,-16.24188271907046,3.7581172809295444,0.0,0.0,4.060470679767614,88,6.0,40-35,5,UNAVAILABLE,UNAVAILABLE,268.0,120,24.89026771511852,25.0,1.4549023505819847,1.4815084417773146,0.9710144927536232,VALUE
AUSTIN_DRE_PHASE_3,AUSTIN_DOWNFALL_STATE_MODEL_V1,NCAAB_H1_2_AUSTIN_TRANSFER_V1,2edff8739df98091,NCAAB_20260114_MISS_UGA,KXNCAAMBGAME-26JAN14MISSUGA-UGA,H1_2,13,2026-01-15T02:06:58+00:00,2,0,WATCH_NEGATIVE,1,CI_CROSSES_ZERO,NORMAL_SUPPORT,-9.557816951451493,-28.0,8.0,20.000000000000004,-29.557816951451496,3.7581172809295444,-13.315934232381037,-6.657967116190519,-3.3289835580952594,67,-15.0,87-87,0,UNAVAILABLE,UNAVAILABLE,1468.0,0,24.085083558237244,25.0,0.7579760747835259,0.7872233950015244,1.0,VALUE
AUSTIN_DRE_PHASE_3,AUSTIN_DOWNFALL_STATE_MODEL_V1,NCAAB_H1_2_AUSTIN_TRANSFER_V1,2edff8739df98091,NCAAB_20260114_MISS_UGA,KXNCAAMBGAME-26JAN14MISSUGA-UGA,H1_2,14,2026-01-15T02:09:18+00:00,3,180,PERSISTENCE_2,2,CI_NEGATIVE,NORMAL_SUPPORT,-41.56148151307666,-60.0,-24.0,20.000000000000004,-61.56148151307666,-9.557816951451493,-32.003664561625165,-16.001832280812582,-4.671932582311031,62,-20.0,87-87,0,UNAVAILABLE,UNAVAILABLE,1486.0,180,22.72468552656131,25.0,0.6737725170900591,0.7363728188198991,1.0,VALUE
AUSTIN_DRE_PHASE_3,AUSTIN_DOWNFALL_STATE_MODEL_V1,NCAAB_H1_2_AUSTIN_TRANSFER_V1,2edff8739df98091,NCAAB_20260114_MISS_UGA,KXNCAAMBGAME-26JAN14MISSUGA-UGA,H1_2,15,2026-01-15T02:09:18+00:00,3,60,PERSISTENCE_3PLUS,3,CI_NEGATIVE,NORMAL_SUPPORT,-41.56148151307666,-60.0,-24.0,20.000000000000004,-61.56148151307666,-41.56148151307666,0.0,0.0,8.000916140406291,62,-20.0,87-87,0,UNAVAILABLE,UNAVAILABLE,1486.0,60,22.72468552656131,25.0,0.6737725170900591,0.7363728188198991,1.0,VALUE
AUSTIN_DRE_PHASE_3,AUSTIN_DOWNFALL_STATE_MODEL_V1,NCAAB_H1_2_AUSTIN_TRANSFER_V1,50abd8cf8a02fdd8,NCAAB_20260114_UK_LSU,KXNCAAMBGAME-26JAN14UKLSU-LSU,H1_2,0,2026-01-15T00:49:40+00:00,1,0,HEALTHY,0,CI_POSITIVE,NORMAL_SUPPORT,20.0,20.0,20.0,20.0,0.0,UNAVAILABLE,UNAVAILABLE,UNAVAILABLE,UNAVAILABLE,87,3.0,38-22,16,UNAVAILABLE,UNAVAILABLE,81.0,1200,24.53775448939717,25.0,0.985499682906951,0.8726879319049128,0.8985507246376812,VALUE
AUSTIN_DRE_PHASE_3,AUSTIN_DOWNFALL_STATE_MODEL_V1,NCAAB_H1_2_AUSTIN_TRANSFER_V1,50abd8cf8a02fdd8,NCAAB_20260114_UK_LSU,KXNCAAMBGAME-26JAN14UKLSU-LSU,H1_2,1,2026-01-15T01:04:56+00:00,2,1200,WATCH_NEGATIVE,1,CI_CROSSES_ZERO,NORMAL_SUPPORT,-3.484134045764077,-20.0,12.0,20.0,-23.484134045764076,20.0,-23.484134045764076,UNAVAILABLE,UNAVAILABLE,87,3.0,38-22,16,UNAVAILABLE,UNAVAILABLE,81.0,1200,24.865538970985508,25.0,1.8262489761121359,1.8439610632796604,0.8985507246376812,VALUE
AUSTIN_DRE_PHASE_3,AUSTIN_DOWNFALL_STATE_MODEL_V1,NCAAB_H1_2_AUSTIN_TRANSFER_V1,50abd8cf8a02fdd8,NCAAB_20260114_UK_LSU,KXNCAAMBGAME-26JAN14UKLSU-LSU,H1_2,2,2026-01-15T01:04:56+00:00,2,1080,PERSISTENCE_2,2,CI_CROSSES_ZERO,NORMAL_SUPPORT,-3.484134045764077,-20.0,12.0,20.0,-23.484134045764076,-3.484134045764077,0.0,0.0,UNAVAILABLE,87,3.0,38-22,16,UNAVAILABLE,UNAVAILABLE,81.0,1080,24.865538970985508,25.0,1.8262489761121359,1.8439610632796604,0.8985507246376812,VALUE
AUSTIN_DRE_PHASE_3,AUSTIN_DOWNFALL_STATE_MODEL_V1,NCAAB_H1_2_AUSTIN_TRANSFER_V1,50abd8cf8a02fdd8,NCAAB_20260114_UK_LSU,KXNCAAMBGAME-26JAN14UKLSU-LSU,H1_2,3,2026-01-15T01:04:56+00:00,2,960,PERSISTENCE_3PLUS,3,CI_CROSSES_ZERO,NORMAL_SUPPORT,-3.484134045764077,-20.0,12.0,20.0,-23.484134045764076,-3.484134045764077,0.0,0.0,0.0,87,3.0,38-22,16,UNAVAILABLE,UNAVAILABLE,81.0,960,24.865538970985508,25.0,1.8262489761121359,1.8439610632796604,0.8985507246376812,VALUE
AUSTIN_DRE_PHASE_3,AUSTIN_DOWNFALL_STATE_MODEL_V1,NCAAB_H1_2_AUSTIN_TRANSFER_V1,50abd8cf8a02fdd8,NCAAB_20260114_UK_LSU,KXNCAAMBGAME-26JAN14UKLSU-LSU,H1_2,4,2026-01-15T01:04:56+00:00,2,840,PERSISTENCE_3PLUS,4,CI_CROSSES_ZERO,NORMAL_SUPPORT,-3.484134045764077,-20.0,12.0,20.0,-23.484134045764076,-3.484134045764077,0.0,0.0,0.0,87,3.0,38-22,16,UNAVAILABLE,UNAVAILABLE,81.0,840,24.865538970985508,25.0,1.8262489761121359,1.8439610632796604,0.8985507246376812,VALUE
AUSTIN_DRE_PHASE_3,AUSTIN_DOWNFALL_STATE_MODEL_V1,NCAAB_H1_2_AUSTIN_TRANSFER_V1,50abd8cf8a02fdd8,NCAAB_20260114_UK_LSU,KXNCAAMBGAME-26JAN14UKLSU-LSU,H1_2,5,2026-01-15T01:04:56+00:00,2,720,PERSISTENCE_3PLUS,5,CI_CROSSES_ZERO,NORMAL_SUPPORT,-3.484134045764077,-20.0,12.0,20.0,-23.484134045764076,-3.484134045764077,0.0,0.0,0.0,87,3.0,38-22,16,UNAVAILABLE,UNAVAILABLE,81.0,720,24.865538970985508,25.0,1.8262489761121359,1.8439610632796604,0.8985507246376812,VALUE
AUSTIN_DRE_PHASE_3,AUSTIN_DOWNFALL_STATE_MODEL_V1,NCAAB_H1_2_AUSTIN_TRANSFER_V1,50abd8cf8a02fdd8,NCAAB_20260114_UK_LSU,KXNCAAMBGAME-26JAN14UKLSU-LSU,H1_2,6,2026-01-15T01:04:56+00:00,2,600,PERSISTENCE_3PLUS,6,CI_CROSSES_ZERO,NORMAL_SUPPORT,-3.484134045764077,-20.0,12.0,20.0,-23.484134045764076,-3.484134045764077,0.0,0.0,0.0,87,3.0,38-22,16,UNAVAILABLE,UNAVAILABLE,81.0,600,24.865538970985508,25.0,1.8262489761121359,1.8439610632796604,0.8985507246376812,VALUE
AUSTIN_DRE_PHASE_3,AUSTIN_DOWNFALL_STATE_MODEL_V1,NCAAB_H1_2_AUSTIN_TRANSFER_V1,50abd8cf8a02fdd8,NCAAB_20260114_UK_LSU,KXNCAAMBGAME-26JAN14UKLSU-LSU,H1_2,7,2026-01-15T01:04:56+00:00,2,480,PERSISTENCE_3PLUS,7,CI_CROSSES_ZERO,NORMAL_SUPPORT,-3.484134045764077,-20.0,12.0,20.0,-23.484134045764076,-3.484134045764077,0.0,0.0,0.0,87,3.0,38-22,16,UNAVAILABLE,UNAVAILABLE,81.0,480,24.865538970985508,25.0,1.8262489761121359,1.8439610632796604,0.8985507246376812,VALUE
AUSTIN_DRE_PHASE_3,AUSTIN_DOWNFALL_STATE_MODEL_V1,NCAAB_H1_2_AUSTIN_TRANSFER_V1,50abd8cf8a02fdd8,NCAAB_20260114_UK_LSU,KXNCAAMBGAME-26JAN14UKLSU-LSU,H1_2,8,2026-01-15T01:04:56+00:00,2,360,PERSISTENCE_3PLUS,8,CI_CROSSES_ZERO,NORMAL_SUPPORT,-3.484134045764077,-20.0,12.0,20.0,-23.484134045764076,-3.484134045764077,0.0,0.0,0.0,87,3.0,38-22,16,UNAVAILABLE,UNAVAILABLE,81.0,360,24.865538970985508,25.0,1.8262489761121359,1.8439610632796604,0.8985507246376812,VALUE
AUSTIN_DRE_PHASE_3,AUSTIN_DOWNFALL_STATE_MODEL_V1,NCAAB_H1_2_AUSTIN_TRANSFER_V1,50abd8cf8a02fdd8,NCAAB_20260114_UK_LSU,KXNCAAMBGAME-26JAN14UKLSU-LSU,H1_2,9,2026-01-15T01:04:56+00:00,2,240,PERSISTENCE_3PLUS,9,CI_CROSSES_ZERO,NORMAL_SUPPORT,-3.484134045764077,-20.0,12.0,20.0,-23.484134045764076,-3.484134045764077,0.0,0.0,0.0,87,3.0,38-22,16,UNAVAILABLE,UNAVAILABLE,81.0,240,24.865538970985508,25.0,1.8262489761121359,1.8439610632796604,0.8985507246376812,VALUE
AUSTIN_DRE_PHASE_3,AUSTIN_DOWNFALL_STATE_MODEL_V1,NCAAB_H1_2_AUSTIN_TRANSFER_V1,50abd8cf8a02fdd8,NCAAB_20260114_UK_LSU,KXNCAAMBGAME-26JAN14UKLSU-LSU,H1_2,10,2026-01-15T01:04:56+00:00,2,120,PERSISTENCE_3PLUS,10,CI_CROSSES_ZERO,NORMAL_SUPPORT,-3.484134045764077,-20.0,12.0,20.0,-23.484134045764076,-3.484134045764077,0.0,0.0,0.0,87,3.0,38-22,16,UNAVAILABLE,UNAVAILABLE,81.0,120,24.865538970985508,25.0,1.8262489761121359,1.8439610632796604,0.8985507246376812,VALUE
AUSTIN_DRE_PHASE_3,AUSTIN_DOWNFALL_STATE_MODEL_V1,NCAAB_H1_2_AUSTIN_TRANSFER_V1,50abd8cf8a02fdd8,NCAAB_20260114_UK_LSU,KXNCAAMBGAME-26JAN14UKLSU-LSU,H1_2,11,2026-01-15T02:10:09+00:00,2,0,PERSISTENCE_3PLUS,11,CI_CROSSES_ZERO,NORMAL_SUPPORT,-8.787133926926657,-28.0,8.0,20.0,-28.787133926926657,-3.484134045764077,-5.30299988116258,-2.65149994058129,-1.325749970290645,22,-62.0,74-75,-1,UNAVAILABLE,UNAVAILABLE,1281.0,0,24.174478901779487,25.0,1.472433978857262,1.555967169661183,1.0,VALUE
AUSTIN_DRE_PHASE_3,AUSTIN_DOWNFALL_STATE_MODEL_V1,NCAAB_H1_2_AUSTIN_TRANSFER_V1,0ad9c8c08f12fdc7,NCAAB_20260114_UCF_KSU,KXNCAAMBGAME-26JAN14UCFKSU-UCF,H1_2,0,2026-01-15T01:02:28+00:00,1,360,UNRESOLVED,0,CI_UNAVAILABLE,SUPPORT_UNAVAILABLE,UNAVAILABLE,UNAVAILABLE,UNAVAILABLE,UNAVAILABLE,UNAVAILABLE,UNAVAILABLE,UNAVAILABLE,UNAVAILABLE,UNAVAILABLE,41,UNAVAILABLE,0-0,0,UNAVAILABLE,UNAVAILABLE,UNAVAILABLE,1560,UNAVAILABLE,UNAVAILABLE,UNAVAILABLE,UNAVAILABLE,0.30434782608695654,NOT_APPLICABLE
AUSTIN_DRE_PHASE_3,AUSTIN_DOWNFALL_STATE_MODEL_V1,NCAAB_H1_2_AUSTIN_TRANSFER_V1,0ad9c8c08f12fdc7,NCAAB_20260114_UCF_KSU,KXNCAAMBGAME-26JAN14UCFKSU-UCF,H1_2,1,2026-01-15T01:02:28+00:00,1,240,UNRESOLVED,0,CI_UNAVAILABLE,SUPPORT_UNAVAILABLE,UNAVAILABLE,UNAVAILABLE,UNAVAILABLE,UNAVAILABLE,UNAVAILABLE,UNAVAILABLE,UNAVAILABLE,UNAVAILABLE,UNAVAILABLE,41,UNAVAILABLE,0-0,0,UNAVAILABLE,UNAVAILABLE,UNAVAILABLE,1440,UNAVAILABLE,UNAVAILABLE,UNAVAILABLE,UNAVAILABLE,0.30434782608695654,NOT_APPLICABLE
AUSTIN_DRE_PHASE_3,AUSTIN_DOWNFALL_STATE_MODEL_V1,NCAAB_H1_2_AUSTIN_TRANSFER_V1,0ad9c8c08f12fdc7,NCAAB_20260114_UCF_KSU,KXNCAAMBGAME-26JAN14UCFKSU-UCF,H1_2,2,2026-01-15T01:02:28+00:00,1,120,UNRESOLVED,0,CI_UNAVAILABLE,SUPPORT_UNAVAILABLE,UNAVAILABLE,UNAVAILABLE,UNAVAILABLE,UNAVAILABLE,UNAVAILABLE,UNAVAILABLE,UNAVAILABLE,UNAVAILABLE,UNAVAILABLE,41,UNAVAILABLE,0-0,0,UNAVAILABLE,UNAVAILABLE,UNAVAILABLE,1320,UNAVAILABLE,UNAVAILABLE,UNAVAILABLE,UNAVAILABLE,0.30434782608695654,NOT_APPLICABLE
AUSTIN_DRE_PHASE_3,AUSTIN_DOWNFALL_STATE_MODEL_V1,NCAAB_H1_2_AUSTIN_TRANSFER_V1,0ad9c8c08f12fdc7,NCAAB_20260114_UCF_KSU,KXNCAAMBGAME-26JAN14UCFKSU-UCF,H1_2,3,2026-01-15T01:47:58+00:00,1,0,HEALTHY,0,CI_POSITIVE,NORMAL_SUPPORT,20.000000000000004,20.0,20.0,20.000000000000004,0.0,UNAVAILABLE,UNAVAILABLE,UNAVAILABLE,UNAVAILABLE,84,3.0,28-42,-14,UNAVAILABLE,UNAVAILABLE,369.0,1200,24.987306323841047,25.0,0.47162849023910397,0.4683690427711406,0.9855072463768116,VALUE
AUSTIN_DRE_PHASE_3,AUSTIN_DOWNFALL_STATE_MODEL_V1,NCAAB_H1_2_AUSTIN_TRANSFER_V1,0ad9c8c08f12fdc7,NCAAB_20260114_UCF_KSU,KXNCAAMBGAME-26JAN14UCFKSU-UCF,H1_2,4,2026-01-15T02:04:05+00:00,2,1200,HEALTHY,0,CI_POSITIVE,NORMAL_SUPPORT,16.060649813288286,8.0,20.0,20.000000000000004,-3.9393501867117173,20.000000000000004,-3.9393501867117173,UNAVAILABLE,UNAVAILABLE,85,4.0,28-42,-14,UNAVAILABLE,UNAVAILABLE,369.0,1200,24.87925179322663,25.0,1.3189876954958724,1.3672174143282574,0.9855072463768116,VALUE
AUSTIN_DRE_PHASE_3,AUSTIN_DOWNFALL_STATE_MODEL_V1,NCAAB_H1_2_AUSTIN_TRANSFER_V1,0ad9c8c08f12fdc7,NCAAB_20260114_UCF_KSU,KXNCAAMBGAME-26JAN14UCFKSU-UCF,H1_2,5,2026-01-15T02:04:05+00:00,2,1080,HEALTHY,0,CI_POSITIVE,NORMAL_SUPPORT,16.060649813288286,8.0,20.0,20.000000000000004,-3.9393501867117173,16.060649813288286,0.0,0.0,UNAVAILABLE,85,4.0,28-42,-14,UNAVAILABLE,UNAVAILABLE,369.0,1080,24.87925179322663,25.0,1.3189876954958724,1.3672174143282574,0.9855072463768116,VALUE
AUSTIN_DRE_PHASE_3,AUSTIN_DOWNFALL_STATE_MODEL_V1,NCAAB_H1_2_AUSTIN_TRANSFER_V1,0ad9c8c08f12fdc7,NCAAB_20260114_UCF_KSU,KXNCAAMBGAME-26JAN14UCFKSU-UCF,H1_2,6,2026-01-15T02:04:05+00:00,2,960,HEALTHY,0,CI_POSITIVE,NORMAL_SUPPORT,16.060649813288286,8.0,20.0,20.000000000000004,-3.9393501867117173,16.060649813288286,0.0,0.0,0.0,85,4.0,28-42,-14,UNAVAILABLE,UNAVAILABLE,369.0,960,24.87925179322663,25.0,1.3189876954958724,1.3672174143282574,0.9855072463768116,VALUE
AUSTIN_DRE_PHASE_3,AUSTIN_DOWNFALL_STATE_MODEL_V1,NCAAB_H1_2_AUSTIN_TRANSFER_V1,0ad9c8c08f12fdc7,NCAAB_20260114_UCF_KSU,KXNCAAMBGAME-26JAN14UCFKSU-UCF,H1_2,7,2026-01-15T02:04:05+00:00,2,840,HEALTHY,0,CI_POSITIVE,NORMAL_SUPPORT,16.060649813288286,8.0,20.0,20.000000000000004,-3.9393501867117173,16.060649813288286,0.0,0.0,0.0,85,4.0,28-42,-14,UNAVAILABLE,UNAVAILABLE,369.0,840,24.87925179322663,25.0,1.3189876954958724,1.3672174143282574,0.9855072463768116,VALUE
AUSTIN_DRE_PHASE_3,AUSTIN_DOWNFALL_STATE_MODEL_V1,NCAAB_H1_2_AUSTIN_TRANSFER_V1,0ad9c8c08f12fdc7,NCAAB_20260114_UCF_KSU,KXNCAAMBGAME-26JAN14UCFKSU-UCF,H1_2,8,2026-01-15T02:04:05+00:00,2,720,HEALTHY,0,CI_POSITIVE,NORMAL_SUPPORT,16.060649813288286,8.0,20.0,20.000000000000004,-3.9393501867117173,16.060649813288286,0.0,0.0,0.0,85,4.0,28-42,-14,UNAVAILABLE,UNAVAILABLE,369.0,720,24.87925179322663,25.0,1.3189876954958724,1.3672174143282574,0.9855072463768116,VALUE
AUSTIN_DRE_PHASE_3,AUSTIN_DOWNFALL_STATE_MODEL_V1,NCAAB_H1_2_AUSTIN_TRANSFER_V1,0ad9c8c08f12fdc7,NCAAB_20260114_UCF_KSU,KXNCAAMBGAME-26JAN14UCFKSU-UCF,H1_2,9,2026-01-15T02:04:05+00:00,2,600,HEALTHY,0,CI_POSITIVE,NORMAL_SUPPORT,16.060649813288286,8.0,20.0,20.000000000000004,-3.9393501867117173,16.060649813288286,0.0,0.0,0.0,85,4.0,28-42,-14,UNAVAILABLE,UNAVAILABLE,369.0,600,24.87925179322663,25.0,1.3189876954958724,1.3672174143282574,0.9855072463768116,VALUE
AUSTIN_DRE_PHASE_3,AUSTIN_DOWNFALL_STATE_MODEL_V1,NCAAB_H1_2_AUSTIN_TRANSFER_V1,0ad9c8c08f12fdc7,NCAAB_20260114_UCF_KSU,KXNCAAMBGAME-26JAN14UCFKSU-UCF,H1_2,10,2026-01-15T02:04:05+00:00,2,480,HEALTHY,0,CI_POSITIVE,NORMAL_SUPPORT,16.060649813288286,8.0,20.0,20.000000000000004,-3.9393501867117173,16.060649813288286,0.0,0.0,0.0,85,4.0,28-42,-14,UNAVAILABLE,UNAVAILABLE,369.0,480,24.87925179322663,25.0,1.3189876954958724,1.3672174143282574,0.9855072463768116,VALUE
AUSTIN_DRE_PHASE_3,AUSTIN_DOWNFALL_STATE_MODEL_V1,NCAAB_H1_2_AUSTIN_TRANSFER_V1,0ad9c8c08f12fdc7,NCAAB_20260114_UCF_KSU,KXNCAAMBGAME-26JAN14UCFKSU-UCF,H1_2,11,2026-01-15T02:04:05+00:00,2,360,HEALTHY,0,CI_POSITIVE,NORMAL_SUPPORT,16.060649813288286,8.0,20.0,20.000000000000004,-3.9393501867117173,16.060649813288286,0.0,0.0,0.0,85,4.0,28-42,-14,UNAVAILABLE,UNAVAILABLE,369.0,360,24.87925179322663,25.0,1.3189876954958724,1.3672174143282574,0.9855072463768116,VALUE
AUSTIN_DRE_PHASE_3,AUSTIN_DOWNFALL_STATE_MODEL_V1,NCAAB_H1_2_AUSTIN_TRANSFER_V1,0ad9c8c08f12fdc7,NCAAB_20260114_UCF_KSU,KXNCAAMBGAME-26JAN14UCFKSU-UCF,H1_2,12,2026-01-15T02:04:05+00:00,2,240,HEALTHY,0,CI_POSITIVE,NORMAL_SUPPORT,16.060649813288286,8.0,20.0,20.000000000000004,-3.9393501867117173,16.060649813288286,0.0,0.0,0.0,85,4.0,28-42,-14,UNAVAILABLE,UNAVAILABLE,369.0,240,24.87925179322663,25.0,1.3189876954958724,1.3672174143282574,0.9855072463768116,VALUE
AUSTIN_DRE_PHASE_3,AUSTIN_DOWNFALL_STATE_MODEL_V1,NCAAB_H1_2_AUSTIN_TRANSFER_V1,0ad9c8c08f12fdc7,NCAAB_20260114_UCF_KSU,KXNCAAMBGAME-26JAN14UCFKSU-UCF,H1_2,13,2026-01-15T02:04:05+00:00,2,120,HEALTHY,0,CI_POSITIVE,NORMAL_SUPPORT,16.060649813288286,8.0,20.0,20.000000000000004,-3.9393501867117173,16.060649813288286,0.0,0.0,0.0,85,4.0,28-42,-14,UNAVAILABLE,UNAVAILABLE,369.0,120,24.87925179322663,25.0,1.3189876954958724,1.3672174143282574,0.9855072463768116,VALUE
AUSTIN_DRE_PHASE_3,AUSTIN_DOWNFALL_STATE_MODEL_V1,NCAAB_H1_2_AUSTIN_TRANSFER_V1,0ad9c8c08f12fdc7,NCAAB_20260114_UCF_KSU,KXNCAAMBGAME-26JAN14UCFKSU-UCF,H1_2,14,2026-01-15T03:03:41+00:00,2,0,HEALTHY,0,CI_POSITIVE,NORMAL_SUPPORT,19.999999999999996,20.0,20.0,20.000000000000004,-7.105427357601002e-15,16.060649813288286,3.9393501867117102,1.9696750933558551,0.9848375466779276,99,18.0,73-82,-9,UNAVAILABLE,UNAVAILABLE,1569.0,0,24.85507603955772,25.0,0.9120102325241524,0.8892324152190508,1.0,VALUE
AUSTIN_DRE_PHASE_3,AUSTIN_DOWNFALL_STATE_MODEL_V1,NCAAB_H1_2_AUSTIN_TRANSFER_V1,16619015f386a4b2,NCAAB_20260114_UCLA_PSU,KXNCAAMBGAME-26JAN14UCLAPSU-UCLA,H1_2,0,2026-01-15T02:35:33+00:00,1,0,HEALTHY,0,CI_POSITIVE,NORMAL_SUPPORT,20.0,20.0,20.0,20.0,0.0,UNAVAILABLE,UNAVAILABLE,UNAVAILABLE,UNAVAILABLE,82,-2.0,23-29,-6,UNAVAILABLE,UNAVAILABLE,113.0,1200,24.993124912449066,25.0,1.311630097282999,1.2997736956444608,0.8985507246376812,VALUE
AUSTIN_DRE_PHASE_3,AUSTIN_DOWNFALL_STATE_MODEL_V1,NCAAB_H1_2_AUSTIN_TRANSFER_V1,16619015f386a4b2,NCAAB_20260114_UCLA_PSU,KXNCAAMBGAME-26JAN14UCLAPSU-UCLA,H1_2,1,2026-01-15T02:51:39+00:00,2,1200,WATCH_NEGATIVE,1,CI_CROSSES_ZERO,NORMAL_SUPPORT,-7.5520498649499626,-28.0,8.099999999999909,20.0,-27.552049864949964,20.0,-27.552049864949964,UNAVAILABLE,UNAVAILABLE,79,-5.0,23-29,-6,UNAVAILABLE,UNAVAILABLE,113.0,1200,24.954366846360337,25.0,1.8165326178021277,1.838773872456251,0.8985507246376812,VALUE
AUSTIN_DRE_PHASE_3,AUSTIN_DOWNFALL_STATE_MODEL_V1,NCAAB_H1_2_AUSTIN_TRANSFER_V1,16619015f386a4b2,NCAAB_20260114_UCLA_PSU,KXNCAAMBGAME-26JAN14UCLAPSU-UCLA,H1_2,2,2026-01-15T02:51:39+00:00,2,1080,PERSISTENCE_2,2,CI_CROSSES_ZERO,NORMAL_SUPPORT,-7.5520498649499626,-28.0,8.099999999999909,20.0,-27.552049864949964,-7.5520498649499626,0.0,0.0,UNAVAILABLE,79,-5.0,23-29,-6,UNAVAILABLE,UNAVAILABLE,113.0,1080,24.954366846360337,25.0,1.8165326178021277,1.838773872456251,0.8985507246376812,VALUE
AUSTIN_DRE_PHASE_3,AUSTIN_DOWNFALL_STATE_MODEL_V1,NCAAB_H1_2_AUSTIN_TRANSFER_V1,16619015f386a4b2,NCAAB_20260114_UCLA_PSU,KXNCAAMBGAME-26JAN14UCLAPSU-UCLA,H1_2,3,2026-01-15T02:51:39+00:00,2,960,PERSISTENCE_3PLUS,3,CI_CROSSES_ZERO,NORMAL_SUPPORT,-7.5520498649499626,-28.0,8.099999999999909,20.0,-27.552049864949964,-7.5520498649499626,0.0,0.0,0.0,79,-5.0,23-29,-6,UNAVAILABLE,UNAVAILABLE,113.0,960,24.954366846360337,25.0,1.8165326178021277,1.838773872456251,0.8985507246376812,VALUE
AUSTIN_DRE_PHASE_3,AUSTIN_DOWNFALL_STATE_MODEL_V1,NCAAB_H1_2_AUSTIN_TRANSFER_V1,16619015f386a4b2,NCAAB_20260114_UCLA_PSU,KXNCAAMBGAME-26JAN14UCLAPSU-UCLA,H1_2,4,2026-01-15T02:51:39+00:00,2,840,PERSISTENCE_3PLUS,4,CI_CROSSES_ZERO,NORMAL_SUPPORT,-7.5520498649499626,-28.0,8.099999999999909,20.0,-27.552049864949964,-7.5520498649499626,0.0,0.0,0.0,79,-5.0,23-29,-6,UNAVAILABLE,UNAVAILABLE,113.0,840,24.954366846360337,25.0,1.8165326178021277,1.838773872456251,0.8985507246376812,VALUE
AUSTIN_DRE_PHASE_3,AUSTIN_DOWNFALL_STATE_MODEL_V1,NCAAB_H1_2_AUSTIN_TRANSFER_V1,16619015f386a4b2,NCAAB_20260114_UCLA_PSU,KXNCAAMBGAME-26JAN14UCLAPSU-UCLA,H1_2,5,2026-01-15T02:51:39+00:00,2,720,PERSISTENCE_3PLUS,5,CI_CROSSES_ZERO,NORMAL_SUPPORT,-7.5520498649499626,-28.0,8.099999999999909,20.0,-27.552049864949964,-7.5520498649499626,0.0,0.0,0.0,79,-5.0,23-29,-6,UNAVAILABLE,UNAVAILABLE,113.0,720,24.954366846360337,25.0,1.8165326178021277,1.838773872456251,0.8985507246376812,VALUE
AUSTIN_DRE_PHASE_3,AUSTIN_DOWNFALL_STATE_MODEL_V1,NCAAB_H1_2_AUSTIN_TRANSFER_V1,16619015f386a4b2,NCAAB_20260114_UCLA_PSU,KXNCAAMBGAME-26JAN14UCLAPSU-UCLA,H1_2,6,2026-01-15T02:51:39+00:00,2,600,PERSISTENCE_3PLUS,6,CI_CROSSES_ZERO,NORMAL_SUPPORT,-7.5520498649499626,-28.0,8.099999999999909,20.0,-27.552049864949964,-7.5520498649499626,0.0,0.0,0.0,79,-5.0,23-29,-6,UNAVAILABLE,UNAVAILABLE,113.0,600,24.954366846360337,25.0,1.8165326178021277,1.838773872456251,0.8985507246376812,VALUE
AUSTIN_DRE_PHASE_3,AUSTIN_DOWNFALL_STATE_MODEL_V1,NCAAB_H1_2_AUSTIN_TRANSFER_V1,16619015f386a4b2,NCAAB_20260114_UCLA_PSU,KXNCAAMBGAME-26JAN14UCLAPSU-UCLA,H1_2,7,2026-01-15T02:51:39+00:00,2,480,PERSISTENCE_3PLUS,7,CI_CROSSES_ZERO,NORMAL_SUPPORT,-7.5520498649499626,-28.0,8.099999999999909,20.0,-27.552049864949964,-7.5520498649499626,0.0,0.0,0.0,79,-5.0,23-29,-6,UNAVAILABLE,UNAVAILABLE,113.0,480,24.954366846360337,25.0,1.8165326178021277,1.838773872456251,0.8985507246376812,VALUE
AUSTIN_DRE_PHASE_3,AUSTIN_DOWNFALL_STATE_MODEL_V1,NCAAB_H1_2_AUSTIN_TRANSFER_V1,16619015f386a4b2,NCAAB_20260114_UCLA_PSU,KXNCAAMBGAME-26JAN14UCLAPSU-UCLA,H1_2,8,2026-01-15T02:51:39+00:00,2,360,PERSISTENCE_3PLUS,8,CI_CROSSES_ZERO,NORMAL_SUPPORT,-7.5520498649499626,-28.0,8.099999999999909,20.0,-27.552049864949964,-7.5520498649499626,0.0,0.0,0.0,79,-5.0,23-29,-6,UNAVAILABLE,UNAVAILABLE,113.0,360,24.954366846360337,25.0,1.8165326178021277,1.838773872456251,0.8985507246376812,VALUE
AUSTIN_DRE_PHASE_3,AUSTIN_DOWNFALL_STATE_MODEL_V1,NCAAB_H1_2_AUSTIN_TRANSFER_V1,16619015f386a4b2,NCAAB_20260114_UCLA_PSU,KXNCAAMBGAME-26JAN14UCLAPSU-UCLA,H1_2,9,2026-01-15T02:51:39+00:00,2,240,PERSISTENCE_3PLUS,9,CI_CROSSES_ZERO,NORMAL_SUPPORT,-7.5520498649499626,-28.0,8.099999999999909,20.0,-27.552049864949964,-7.5520498649499626,0.0,0.0,0.0,79,-5.0,23-29,-6,UNAVAILABLE,UNAVAILABLE,113.0,240,24.954366846360337,25.0,1.8165326178021277,1.838773872456251,0.8985507246376812,VALUE
AUSTIN_DRE_PHASE_3,AUSTIN_DOWNFALL_STATE_MODEL_V1,NCAAB_H1_2_AUSTIN_TRANSFER_V1,16619015f386a4b2,NCAAB_20260114_UCLA_PSU,KXNCAAMBGAME-26JAN14UCLAPSU-UCLA,H1_2,10,2026-01-15T02:51:39+00:00,2,120,PERSISTENCE_3PLUS,10,CI_CROSSES_ZERO,NORMAL_SUPPORT,-7.5520498649499626,-28.0,8.099999999999909,20.0,-27.552049864949964,-7.5520498649499626,0.0,0.0,0.0,79,-5.0,23-29,-6,UNAVAILABLE,UNAVAILABLE,113.0,120,24.954366846360337,25.0,1.8165326178021277,1.838773872456251,0.8985507246376812,VALUE
AUSTIN_DRE_PHASE_3,AUSTIN_DOWNFALL_STATE_MODEL_V1,NCAAB_H1_2_AUSTIN_TRANSFER_V1,16619015f386a4b2,NCAAB_20260114_UCLA_PSU,KXNCAAMBGAME-26JAN14UCLAPSU-UCLA,H1_2,11,2026-01-15T03:45:03+00:00,2,0,RECOVERING,0,CI_POSITIVE,NORMAL_SUPPORT,20.0,20.0,20.0,20.0,0.0,-7.5520498649499626,27.552049864949964,13.776024932474982,6.888012466237491,99,15.0,60-71,-11,UNAVAILABLE,UNAVAILABLE,1313.0,0,24.79187786398375,25.0,0.9690484545580108,0.9906068845216837,1.0,VALUE
AUSTIN_DRE_PHASE_3,AUSTIN_DOWNFALL_STATE_MODEL_V1,NCAAB_H1_2_AUSTIN_TRANSFER_V1,4f1cfeef318f10c9,NCAAB_20260114_TCU_BYU,KXNCAAMBGAME-26JAN14TCUBYU-BYU,H1_2,0,2026-01-15T04:10:44+00:00,1,240,UNRESOLVED,0,CI_UNAVAILABLE,SUPPORT_UNAVAILABLE,UNAVAILABLE,UNAVAILABLE,UNAVAILABLE,UNAVAILABLE,UNAVAILABLE,UNAVAILABLE,UNAVAILABLE,UNAVAILABLE,UNAVAILABLE,89,UNAVAILABLE,0-0,0,UNAVAILABLE,UNAVAILABLE,UNAVAILABLE,1440,UNAVAILABLE,UNAVAILABLE,UNAVAILABLE,UNAVAILABLE,0.30434782608695654,NOT_APPLICABLE
AUSTIN_DRE_PHASE_3,AUSTIN_DOWNFALL_STATE_MODEL_V1,NCAAB_H1_2_AUSTIN_TRANSFER_V1,4f1cfeef318f10c9,NCAAB_20260114_TCU_BYU,KXNCAAMBGAME-26JAN14TCUBYU-BYU,H1_2,1,2026-01-15T04:10:44+00:00,1,120,UNRESOLVED,0,CI_UNAVAILABLE,SUPPORT_UNAVAILABLE,UNAVAILABLE,UNAVAILABLE,UNAVAILABLE,UNAVAILABLE,UNAVAILABLE,UNAVAILABLE,UNAVAILABLE,UNAVAILABLE,UNAVAILABLE,89,UNAVAILABLE,0-0,0,UNAVAILABLE,UNAVAILABLE,UNAVAILABLE,1320,UNAVAILABLE,UNAVAILABLE,UNAVAILABLE,UNAVAILABLE,0.30434782608695654,NOT_APPLICABLE
AUSTIN_DRE_PHASE_3,AUSTIN_DOWNFALL_STATE_MODEL_V1,NCAAB_H1_2_AUSTIN_TRANSFER_V1,4f1cfeef318f10c9,NCAAB_20260114_TCU_BYU,KXNCAAMBGAME-26JAN14TCUBYU-BYU,H1_2,2,2026-01-15T05:08:25+00:00,1,0,WATCH_NEGATIVE,1,CI_NEGATIVE,NORMAL_SUPPORT,-47.490354737075,-64.0,-28.0,-47.490354737075,0.0,UNAVAILABLE,UNAVAILABLE,UNAVAILABLE,UNAVAILABLE,63,-18.0,30-36,-6,UNAVAILABLE,UNAVAILABLE,336.0,1200,24.845741202859102,25.0,1.048491808894711,0.9752973409991732,0.9855072463768116,VALUE
AUSTIN_DRE_PHASE_3,AUSTIN_DOWNFALL_STATE_MODEL_V1,NCAAB_H1_2_AUSTIN_TRANSFER_V1,4f1cfeef318f10c9,NCAAB_20260114_TCU_BYU,KXNCAAMBGAME-26JAN14TCUBYU-BYU,H1_2,3,2026-01-15T05:24:52+00:00,2,1200,PERSISTENCE_2,2,CI_CROSSES_ZERO,NORMAL_SUPPORT,-11.956679732085876,-32.0,4.0,-47.490354737075,35.53367500498913,-47.490354737075,35.53367500498913,UNAVAILABLE,UNAVAILABLE,67,-14.0,30-36,-6,UNAVAILABLE,UNAVAILABLE,336.0,1200,24.84169690536123,25.0,1.7347470999795336,1.7716511299504039,0.9855072463768116,VALUE
AUSTIN_DRE_PHASE_3,AUSTIN_DOWNFALL_STATE_MODEL_V1,NCAAB_H1_2_AUSTIN_TRANSFER_V1,4f1cfeef318f10c9,NCAAB_20260114_TCU_BYU,KXNCAAMBGAME-26JAN14TCUBYU-BYU,H1_2,4,2026-01-15T05:24:52+00:00,2,1080,PERSISTENCE_3PLUS,3,CI_CROSSES_ZERO,NORMAL_SUPPORT,-11.956679732085876,-32.0,4.0,-47.490354737075,35.53367500498913,-11.956679732085876,0.0,0.0,UNAVAILABLE,67,-14.0,30-36,-6,UNAVAILABLE,UNAVAILABLE,336.0,1080,24.84169690536123,25.0,1.7347470999795336,1.7716511299504039,0.9855072463768116,VALUE
AUSTIN_DRE_PHASE_3,AUSTIN_DOWNFALL_STATE_MODEL_V1,NCAAB_H1_2_AUSTIN_TRANSFER_V1,4f1cfeef318f10c9,NCAAB_20260114_TCU_BYU,KXNCAAMBGAME-26JAN14TCUBYU-BYU,H1_2,5,2026-01-15T05:24:52+00:00,2,960,PERSISTENCE_3PLUS,4,CI_CROSSES_ZERO,NORMAL_SUPPORT,-11.956679732085876,-32.0,4.0,-47.490354737075,35.53367500498913,-11.956679732085876,0.0,0.0,0.0,67,-14.0,30-36,-6,UNAVAILABLE,UNAVAILABLE,336.0,960,24.84169690536123,25.0,1.7347470999795336,1.7716511299504039,0.9855072463768116,VALUE
AUSTIN_DRE_PHASE_3,AUSTIN_DOWNFALL_STATE_MODEL_V1,NCAAB_H1_2_AUSTIN_TRANSFER_V1,4f1cfeef318f10c9,NCAAB_20260114_TCU_BYU,KXNCAAMBGAME-26JAN14TCUBYU-BYU,H1_2,6,2026-01-15T05:24:52+00:00,2,840,PERSISTENCE_3PLUS,5,CI_CROSSES_ZERO,NORMAL_SUPPORT,-11.956679732085876,-32.0,4.0,-47.490354737075,35.53367500498913,-11.956679732085876,0.0,0.0,0.0,67,-14.0,30-36,-6,UNAVAILABLE,UNAVAILABLE,336.0,840,24.84169690536123,25.0,1.7347470999795336,1.7716511299504039,0.9855072463768116,VALUE
AUSTIN_DRE_PHASE_3,AUSTIN_DOWNFALL_STATE_MODEL_V1,NCAAB_H1_2_AUSTIN_TRANSFER_V1,4f1cfeef318f10c9,NCAAB_20260114_TCU_BYU,KXNCAAMBGAME-26JAN14TCUBYU-BYU,H1_2,7,2026-01-15T05:24:52+00:00,2,720,PERSISTENCE_3PLUS,6,CI_CROSSES_ZERO,NORMAL_SUPPORT,-11.956679732085876,-32.0,4.0,-47.490354737075,35.53367500498913,-11.956679732085876,0.0,0.0,0.0,67,-14.0,30-36,-6,UNAVAILABLE,UNAVAILABLE,336.0,720,24.84169690536123,25.0,1.7347470999795336,1.7716511299504039,0.9855072463768116,VALUE
AUSTIN_DRE_PHASE_3,AUSTIN_DOWNFALL_STATE_MODEL_V1,NCAAB_H1_2_AUSTIN_TRANSFER_V1,4f1cfeef318f10c9,NCAAB_20260114_TCU_BYU,KXNCAAMBGAME-26JAN14TCUBYU-BYU,H1_2,8,2026-01-15T05:24:52+00:00,2,600,PERSISTENCE_3PLUS,7,CI_CROSSES_ZERO,NORMAL_SUPPORT,-11.956679732085876,-32.0,4.0,-47.490354737075,35.53367500498913,-11.956679732085876,0.0,0.0,0.0,67,-14.0,30-36,-6,UNAVAILABLE,UNAVAILABLE,336.0,600,24.84169690536123,25.0,1.7347470999795336,1.7716511299504039,0.9855072463768116,VALUE
AUSTIN_DRE_PHASE_3,AUSTIN_DOWNFALL_STATE_MODEL_V1,NCAAB_H1_2_AUSTIN_TRANSFER_V1,4f1cfeef318f10c9,NCAAB_20260114_TCU_BYU,KXNCAAMBGAME-26JAN14TCUBYU-BYU,H1_2,9,2026-01-15T05:24:52+00:00,2,480,PERSISTENCE_3PLUS,8,CI_CROSSES_ZERO,NORMAL_SUPPORT,-11.956679732085876,-32.0,4.0,-47.490354737075,35.53367500498913,-11.956679732085876,0.0,0.0,0.0,67,-14.0,30-36,-6,UNAVAILABLE,UNAVAILABLE,336.0,480,24.84169690536123,25.0,1.7347470999795336,1.7716511299504039,0.9855072463768116,VALUE
AUSTIN_DRE_PHASE_3,AUSTIN_DOWNFALL_STATE_MODEL_V1,NCAAB_H1_2_AUSTIN_TRANSFER_V1,4f1cfeef318f10c9,NCAAB_20260114_TCU_BYU,KXNCAAMBGAME-26JAN14TCUBYU-BYU,H1_2,10,2026-01-15T05:24:52+00:00,2,360,PERSISTENCE_3PLUS,9,CI_CROSSES_ZERO,NORMAL_SUPPORT,-11.956679732085876,-32.0,4.0,-47.490354737075,35.53367500498913,-11.956679732085876,0.0,0.0,0.0,67,-14.0,30-36,-6,UNAVAILABLE,UNAVAILABLE,336.0,360,24.84169690536123,25.0,1.7347470999795336,1.7716511299504039,0.9855072463768116,VALUE
AUSTIN_DRE_PHASE_3,AUSTIN_DOWNFALL_STATE_MODEL_V1,NCAAB_H1_2_AUSTIN_TRANSFER_V1,4f1cfeef318f10c9,NCAAB_20260114_TCU_BYU,KXNCAAMBGAME-26JAN14TCUBYU-BYU,H1_2,11,2026-01-15T05:24:52+00:00,2,240,PERSISTENCE_3PLUS,10,CI_CROSSES_ZERO,NORMAL_SUPPORT,-11.956679732085876,-32.0,4.0,-47.490354737075,35.53367500498913,-11.956679732085876,0.0,0.0,0.0,67,-14.0,30-36,-6,UNAVAILABLE,UNAVAILABLE,336.0,240,24.84169690536123,25.0,1.7347470999795336,1.7716511299504039,0.9855072463768116,VALUE
AUSTIN_DRE_PHASE_3,AUSTIN_DOWNFALL_STATE_MODEL_V1,NCAAB_H1_2_AUSTIN_TRANSFER_V1,4f1cfeef318f10c9,NCAAB_20260114_TCU_BYU,KXNCAAMBGAME-26JAN14TCUBYU-BYU,H1_2,12,2026-01-15T05:24:52+00:00,2,120,PERSISTENCE_3PLUS,11,CI_CROSSES_ZERO,NORMAL_SUPPORT,-11.956679732085876,-32.0,4.0,-47.490354737075,35.53367500498913,-11.956679732085876,0.0,0.0,0.0,67,-14.0,30-36,-6,UNAVAILABLE,UNAVAILABLE,336.0,120,24.84169690536123,25.0,1.7347470999795336,1.7716511299504039,0.9855072463768116,VALUE
AUSTIN_DRE_PHASE_3,AUSTIN_DOWNFALL_STATE_MODEL_V1,NCAAB_H1_2_AUSTIN_TRANSFER_V1,4f1cfeef318f10c9,NCAAB_20260114_TCU_BYU,KXNCAAMBGAME-26JAN14TCUBYU-BYU,H1_2,13,2026-01-15T06:30:28+00:00,2,0,RECOVERING,0,CI_POSITIVE,NORMAL_SUPPORT,20.000000000000004,20.0,20.0,-47.490354737075,67.49035473707501,-11.956679732085876,31.95667973208588,15.97833986604294,7.98916993302147,99,18.0,76-70,6,UNAVAILABLE,UNAVAILABLE,1536.0,0,24.927008968196255,25.0,0.9382302986467258,0.9312890041054155,1.0,VALUE
AUSTIN_DRE_PHASE_3,AUSTIN_DOWNFALL_STATE_MODEL_V1,NCAAB_H1_2_AUSTIN_TRANSFER_V1,4a6c310a9266f6ee,NCAAB_20260114_DUKE_CAL,KXNCAAMBGAME-26JAN14DUKECAL-DUKE,H1_2,0,2026-01-15T04:58:08+00:00,1,0,HEALTHY,0,CI_POSITIVE,NORMAL_SUPPORT,16.63535331386911,8.0,20.0,16.63535331386911,0.0,UNAVAILABLE,UNAVAILABLE,UNAVAILABLE,UNAVAILABLE,91,6.0,30-37,-7,UNAVAILABLE,UNAVAILABLE,66.0,1200,24.57462895120315,25.0,1.3136722851770914,1.171394761038561,0.8985507246376812,VALUE
AUSTIN_DRE_PHASE_3,AUSTIN_DOWNFALL_STATE_MODEL_V1,NCAAB_H1_2_AUSTIN_TRANSFER_V1,4a6c310a9266f6ee,NCAAB_20260114_DUKE_CAL,KXNCAAMBGAME-26JAN14DUKECAL-DUKE,H1_2,1,2026-01-15T05:12:13+00:00,2,1200,WATCH_NEGATIVE,1,CI_CROSSES_ZERO,NORMAL_SUPPORT,-6.002382599310989,-24.0,12.0,16.63535331386911,-22.6377359131801,16.63535331386911,-22.6377359131801,UNAVAILABLE,UNAVAILABLE,91,6.0,30-37,-7,UNAVAILABLE,UNAVAILABLE,66.0,1200,24.841244670572433,25.0,1.8584442323597061,1.8762735148896343,0.8985507246376812,VALUE
AUSTIN_DRE_PHASE_3,AUSTIN_DOWNFALL_STATE_MODEL_V1,NCAAB_H1_2_AUSTIN_TRANSFER_V1,4a6c310a9266f6ee,NCAAB_20260114_DUKE_CAL,KXNCAAMBGAME-26JAN14DUKECAL-DUKE,H1_2,2,2026-01-15T05:12:13+00:00,2,1080,PERSISTENCE_2,2,CI_CROSSES_ZERO,NORMAL_SUPPORT,-6.002382599310989,-24.0,12.0,16.63535331386911,-22.6377359131801,-6.002382599310989,0.0,0.0,UNAVAILABLE,91,6.0,30-37,-7,UNAVAILABLE,UNAVAILABLE,66.0,1080,24.841244670572433,25.0,1.8584442323597061,1.8762735148896343,0.8985507246376812,VALUE
AUSTIN_DRE_PHASE_3,AUSTIN_DOWNFALL_STATE_MODEL_V1,NCAAB_H1_2_AUSTIN_TRANSFER_V1,4a6c310a9266f6ee,NCAAB_20260114_DUKE_CAL,KXNCAAMBGAME-26JAN14DUKECAL-DUKE,H1_2,3,2026-01-15T05:12:13+00:00,2,960,PERSISTENCE_3PLUS,3,CI_CROSSES_ZERO,NORMAL_SUPPORT,-6.002382599310989,-24.0,12.0,16.63535331386911,-22.6377359131801,-6.002382599310989,0.0,0.0,0.0,91,6.0,30-37,-7,UNAVAILABLE,UNAVAILABLE,66.0,960,24.841244670572433,25.0,1.8584442323597061,1.8762735148896343,0.8985507246376812,VALUE
AUSTIN_DRE_PHASE_3,AUSTIN_DOWNFALL_STATE_MODEL_V1,NCAAB_H1_2_AUSTIN_TRANSFER_V1,4a6c310a9266f6ee,NCAAB_20260114_DUKE_CAL,KXNCAAMBGAME-26JAN14DUKECAL-DUKE,H1_2,4,2026-01-15T05:12:13+00:00,2,840,PERSISTENCE_3PLUS,4,CI_CROSSES_ZERO,NORMAL_SUPPORT,-6.002382599310989,-24.0,12.0,16.63535331386911,-22.6377359131801,-6.002382599310989,0.0,0.0,0.0,91,6.0,30-37,-7,UNAVAILABLE,UNAVAILABLE,66.0,840,24.841244670572433,25.0,1.8584442323597061,1.8762735148896343,0.8985507246376812,VALUE
AUSTIN_DRE_PHASE_3,AUSTIN_DOWNFALL_STATE_MODEL_V1,NCAAB_H1_2_AUSTIN_TRANSFER_V1,4a6c310a9266f6ee,NCAAB_20260114_DUKE_CAL,KXNCAAMBGAME-26JAN14DUKECAL-DUKE,H1_2,5,2026-01-15T05:12:13+00:00,2,720,PERSISTENCE_3PLUS,5,CI_CROSSES_ZERO,NORMAL_SUPPORT,-6.002382599310989,-24.0,12.0,16.63535331386911,-22.6377359131801,-6.002382599310989,0.0,0.0,0.0,91,6.0,30-37,-7,UNAVAILABLE,UNAVAILABLE,66.0,720,24.841244670572433,25.0,1.8584442323597061,1.8762735148896343,0.8985507246376812,VALUE
AUSTIN_DRE_PHASE_3,AUSTIN_DOWNFALL_STATE_MODEL_V1,NCAAB_H1_2_AUSTIN_TRANSFER_V1,4a6c310a9266f6ee,NCAAB_20260114_DUKE_CAL,KXNCAAMBGAME-26JAN14DUKECAL-DUKE,H1_2,6,2026-01-15T05:12:13+00:00,2,600,PERSISTENCE_3PLUS,6,CI_CROSSES_ZERO,NORMAL_SUPPORT,-6.002382599310989,-24.0,12.0,16.63535331386911,-22.6377359131801,-6.002382599310989,0.0,0.0,0.0,91,6.0,30-37,-7,UNAVAILABLE,UNAVAILABLE,66.0,600,24.841244670572433,25.0,1.8584442323597061,1.8762735148896343,0.8985507246376812,VALUE
AUSTIN_DRE_PHASE_3,AUSTIN_DOWNFALL_STATE_MODEL_V1,NCAAB_H1_2_AUSTIN_TRANSFER_V1,4a6c310a9266f6ee,NCAAB_20260114_DUKE_CAL,KXNCAAMBGAME-26JAN14DUKECAL-DUKE,H1_2,7,2026-01-15T05:12:13+00:00,2,480,PERSISTENCE_3PLUS,7,CI_CROSSES_ZERO,NORMAL_SUPPORT,-6.002382599310989,-24.0,12.0,16.63535331386911,-22.6377359131801,-6.002382599310989,0.0,0.0,0.0,91,6.0,30-37,-7,UNAVAILABLE,UNAVAILABLE,66.0,480,24.841244670572433,25.0,1.8584442323597061,1.8762735148896343,0.8985507246376812,VALUE
AUSTIN_DRE_PHASE_3,AUSTIN_DOWNFALL_STATE_MODEL_V1,NCAAB_H1_2_AUSTIN_TRANSFER_V1,4a6c310a9266f6ee,NCAAB_20260114_DUKE_CAL,KXNCAAMBGAME-26JAN14DUKECAL-DUKE,H1_2,8,2026-01-15T05:12:13+00:00,2,360,PERSISTENCE_3PLUS,8,CI_CROSSES_ZERO,NORMAL_SUPPORT,-6.002382599310989,-24.0,12.0,16.63535331386911,-22.6377359131801,-6.002382599310989,0.0,0.0,0.0,91,6.0,30-37,-7,UNAVAILABLE,UNAVAILABLE,66.0,360,24.841244670572433,25.0,1.8584442323597061,1.8762735148896343,0.8985507246376812,VALUE
AUSTIN_DRE_PHASE_3,AUSTIN_DOWNFALL_STATE_MODEL_V1,NCAAB_H1_2_AUSTIN_TRANSFER_V1,4a6c310a9266f6ee,NCAAB_20260114_DUKE_CAL,KXNCAAMBGAME-26JAN14DUKECAL-DUKE,H1_2,9,2026-01-15T05:12:13+00:00,2,240,PERSISTENCE_3PLUS,9,CI_CROSSES_ZERO,NORMAL_SUPPORT,-6.002382599310989,-24.0,12.0,16.63535331386911,-22.6377359131801,-6.002382599310989,0.0,0.0,0.0,91,6.0,30-37,-7,UNAVAILABLE,UNAVAILABLE,66.0,240,24.841244670572433,25.0,1.8584442323597061,1.8762735148896343,0.8985507246376812,VALUE
AUSTIN_DRE_PHASE_3,AUSTIN_DOWNFALL_STATE_MODEL_V1,NCAAB_H1_2_AUSTIN_TRANSFER_V1,4a6c310a9266f6ee,NCAAB_20260114_DUKE_CAL,KXNCAAMBGAME-26JAN14DUKECAL-DUKE,H1_2,10,2026-01-15T05:12:13+00:00,2,120,PERSISTENCE_3PLUS,10,CI_CROSSES_ZERO,NORMAL_SUPPORT,-6.002382599310989,-24.0,12.0,16.63535331386911,-22.6377359131801,-6.002382599310989,0.0,0.0,0.0,91,6.0,30-37,-7,UNAVAILABLE,UNAVAILABLE,66.0,120,24.841244670572433,25.0,1.8584442323597061,1.8762735148896343,0.8985507246376812,VALUE
AUSTIN_DRE_PHASE_3,AUSTIN_DOWNFALL_STATE_MODEL_V1,NCAAB_H1_2_AUSTIN_TRANSFER_V1,4a6c310a9266f6ee,NCAAB_20260114_DUKE_CAL,KXNCAAMBGAME-26JAN14DUKECAL-DUKE,H1_2,11,2026-01-15T06:11:01+00:00,2,0,RECOVERING,0,CI_POSITIVE,NORMAL_SUPPORT,20.0,20.0,20.0,16.63535331386911,3.3646466861308895,-6.002382599310989,26.00238259931099,13.001191299655495,6.500595649827748,99,14.0,56-71,-15,UNAVAILABLE,UNAVAILABLE,1266.0,0,24.44881958395978,25.0,0.8093173248420255,0.8316148482675231,1.0,VALUE
AUSTIN_DRE_PHASE_3,AUSTIN_DOWNFALL_STATE_MODEL_V1,NCAAB_H1_2_AUSTIN_TRANSFER_V1,53a941af54c99419,NCAAB_20260117_GT_NCST,KXNCAAMBGAME-26JAN17GTNCST-NCST,H1_2,0,2026-01-17T17:06:33+00:00,1,480,UNRESOLVED,0,CI_UNAVAILABLE,SUPPORT_UNAVAILABLE,UNAVAILABLE,UNAVAILABLE,UNAVAILABLE,UNAVAILABLE,UNAVAILABLE,UNAVAILABLE,UNAVAILABLE,UNAVAILABLE,UNAVAILABLE,92,UNAVAILABLE,0-0,0,UNAVAILABLE,UNAVAILABLE,UNAVAILABLE,1680,UNAVAILABLE,UNAVAILABLE,UNAVAILABLE,UNAVAILABLE,0.30434782608695654,NOT_APPLICABLE
AUSTIN_DRE_PHASE_3,AUSTIN_DOWNFALL_STATE_MODEL_V1,NCAAB_H1_2_AUSTIN_TRANSFER_V1,53a941af54c99419,NCAAB_20260117_GT_NCST,KXNCAAMBGAME-26JAN17GTNCST-NCST,H1_2,1,2026-01-17T17:06:33+00:00,1,360,UNRESOLVED,0,CI_UNAVAILABLE,SUPPORT_UNAVAILABLE,UNAVAILABLE,UNAVAILABLE,UNAVAILABLE,UNAVAILABLE,UNAVAILABLE,UNAVAILABLE,UNAVAILABLE,UNAVAILABLE,UNAVAILABLE,92,UNAVAILABLE,0-0,0,UNAVAILABLE,UNAVAILABLE,UNAVAILABLE,1560,UNAVAILABLE,UNAVAILABLE,UNAVAILABLE,UNAVAILABLE,0.30434782608695654,NOT_APPLICABLE
AUSTIN_DRE_PHASE_3,AUSTIN_DOWNFALL_STATE_MODEL_V1,NCAAB_H1_2_AUSTIN_TRANSFER_V1,53a941af54c99419,NCAAB_20260117_GT_NCST,KXNCAAMBGAME-26JAN17GTNCST-NCST,H1_2,2,2026-01-17T17:06:33+00:00,1,240,UNRESOLVED,0,CI_UNAVAILABLE,SUPPORT_UNAVAILABLE,UNAVAILABLE,UNAVAILABLE,UNAVAILABLE,UNAVAILABLE,UNAVAILABLE,UNAVAILABLE,UNAVAILABLE,UNAVAILABLE,UNAVAILABLE,92,UNAVAILABLE,0-0,0,UNAVAILABLE,UNAVAILABLE,UNAVAILABLE,1440,UNAVAILABLE,UNAVAILABLE,UNAVAILABLE,UNAVAILABLE,0.30434782608695654,NOT_APPLICABLE
AUSTIN_DRE_PHASE_3,AUSTIN_DOWNFALL_STATE_MODEL_V1,NCAAB_H1_2_AUSTIN_TRANSFER_V1,53a941af54c99419,NCAAB_20260117_GT_NCST,KXNCAAMBGAME-26JAN17GTNCST-NCST,H1_2,3,2026-01-17T17:06:33+00:00,1,120,UNRESOLVED,0,CI_UNAVAILABLE,SUPPORT_UNAVAILABLE,UNAVAILABLE,UNAVAILABLE,UNAVAILABLE,UNAVAILABLE,UNAVAILABLE,UNAVAILABLE,UNAVAILABLE,UNAVAILABLE,UNAVAILABLE,92,UNAVAILABLE,0-0,0,UNAVAILABLE,UNAVAILABLE,UNAVAILABLE,1320,UNAVAILABLE,UNAVAILABLE,UNAVAILABLE,UNAVAILABLE,0.30434782608695654,NOT_APPLICABLE
AUSTIN_DRE_PHASE_3,AUSTIN_DOWNFALL_STATE_MODEL_V1,NCAAB_H1_2_AUSTIN_TRANSFER_V1,53a941af54c99419,NCAAB_20260117_GT_NCST,KXNCAAMBGAME-26JAN17GTNCST-NCST,H1_2,4,2026-01-17T17:50:05+00:00,1,0,HEALTHY,0,CI_POSITIVE,NORMAL_SUPPORT,20.000000000000004,20.0,20.0,20.000000000000004,0.0,UNAVAILABLE,UNAVAILABLE,UNAVAILABLE,UNAVAILABLE,85,2.0,35-34,1,UNAVAILABLE,UNAVAILABLE,513.0,1200,23.926911380449052,25.0,0.6602236365732034,0.5368218430520705,0.9855072463768116,VALUE
AUSTIN_DRE_PHASE_3,AUSTIN_DOWNFALL_STATE_MODEL_V1,NCAAB_H1_2_AUSTIN_TRANSFER_V1,53a941af54c99419,NCAAB_20260117_GT_NCST,KXNCAAMBGAME-26JAN17GTNCST-NCST,H1_2,5,2026-01-17T18:04:21+00:00,2,1200,WATCH_NEGATIVE,1,CI_CROSSES_ZERO,NORMAL_SUPPORT,-11.67839238695732,-32.0,4.0,20.000000000000004,-31.678392386957324,20.000000000000004,-31.678392386957324,UNAVAILABLE,UNAVAILABLE,85,2.0,35-34,1,UNAVAILABLE,UNAVAILABLE,513.0,1200,24.919970807602642,25.0,1.3658190518549,1.3966208593351122,0.9855072463768116,VALUE
AUSTIN_DRE_PHASE_3,AUSTIN_DOWNFALL_STATE_MODEL_V1,NCAAB_H1_2_AUSTIN_TRANSFER_V1,53a941af54c99419,NCAAB_20260117_GT_NCST,KXNCAAMBGAME-26JAN17GTNCST-NCST,H1_2,6,2026-01-17T18:04:21+00:00,2,1080,PERSISTENCE_2,2,CI_CROSSES_ZERO,NORMAL_SUPPORT,-11.67839238695732,-32.0,4.0,20.000000000000004,-31.678392386957324,-11.67839238695732,0.0,0.0,UNAVAILABLE,85,2.0,35-34,1,UNAVAILABLE,UNAVAILABLE,513.0,1080,24.919970807602642,25.0,1.3658190518549,1.3966208593351122,0.9855072463768116,VALUE
AUSTIN_DRE_PHASE_3,AUSTIN_DOWNFALL_STATE_MODEL_V1,NCAAB_H1_2_AUSTIN_TRANSFER_V1,53a941af54c99419,NCAAB_20260117_GT_NCST,KXNCAAMBGAME-26JAN17GTNCST-NCST,H1_2,7,2026-01-17T18:04:21+00:00,2,960,PERSISTENCE_3PLUS,3,CI_CROSSES_ZERO,NORMAL_SUPPORT,-11.67839238695732,-32.0,4.0,20.000000000000004,-31.678392386957324,-11.67839238695732,0.0,0.0,0.0,85,2.0,35-34,1,UNAVAILABLE,UNAVAILABLE,513.0,960,24.919970807602642,25.0,1.3658190518549,1.3966208593351122,0.9855072463768116,VALUE
AUSTIN_DRE_PHASE_3,AUSTIN_DOWNFALL_STATE_MODEL_V1,NCAAB_H1_2_AUSTIN_TRANSFER_V1,53a941af54c99419,NCAAB_20260117_GT_NCST,KXNCAAMBGAME-26JAN17GTNCST-NCST,H1_2,8,2026-01-17T18:04:21+00:00,2,840,PERSISTENCE_3PLUS,4,CI_CROSSES_ZERO,NORMAL_SUPPORT,-11.67839238695732,-32.0,4.0,20.000000000000004,-31.678392386957324,-11.67839238695732,0.0,0.0,0.0,85,2.0,35-34,1,UNAVAILABLE,UNAVAILABLE,513.0,840,24.919970807602642,25.0,1.3658190518549,1.3966208593351122,0.9855072463768116,VALUE
AUSTIN_DRE_PHASE_3,AUSTIN_DOWNFALL_STATE_MODEL_V1,NCAAB_H1_2_AUSTIN_TRANSFER_V1,53a941af54c99419,NCAAB_20260117_GT_NCST,KXNCAAMBGAME-26JAN17GTNCST-NCST,H1_2,9,2026-01-17T18:33:11+00:00,2,720,RECOVERING,0,CI_POSITIVE,NORMAL_SUPPORT,16.149494644841987,8.0,20.0,20.000000000000004,-3.850505355158017,-11.67839238695732,27.827887031799307,13.913943515899653,6.956971757949827,92,9.0,55-50,5,UNAVAILABLE,UNAVAILABLE,993.0,720,24.851130962814437,25.0,0.6791027729447446,0.690819538400874,1.0,VALUE
AUSTIN_DRE_PHASE_3,AUSTIN_DOWNFALL_STATE_MODEL_V1,NCAAB_H1_2_AUSTIN_TRANSFER_V1,53a941af54c99419,NCAAB_20260117_GT_NCST,KXNCAAMBGAME-26JAN17GTNCST-NCST,H1_2,10,2026-01-17T18:04:21+00:00,2,600,WATCH_NEGATIVE,1,CI_CROSSES_ZERO,NORMAL_SUPPORT,-11.67839238695732,-32.0,4.0,20.000000000000004,-31.678392386957324,16.149494644841987,-27.827887031799307,-13.913943515899653,-13.913943515899653,85,2.0,35-34,1,UNAVAILABLE,UNAVAILABLE,513.0,600,24.919970807602642,25.0,1.3658190518549,1.3966208593351122,0.9855072463768116,VALUE
AUSTIN_DRE_PHASE_3,AUSTIN_DOWNFALL_STATE_MODEL_V1,NCAAB_H1_2_AUSTIN_TRANSFER_V1,53a941af54c99419,NCAAB_20260117_GT_NCST,KXNCAAMBGAME-26JAN17GTNCST-NCST,H1_2,11,2026-01-17T18:04:21+00:00,2,480,PERSISTENCE_2,2,CI_CROSSES_ZERO,NORMAL_SUPPORT,-11.67839238695732,-32.0,4.0,20.000000000000004,-31.678392386957324,-11.67839238695732,0.0,0.0,6.956971757949827,85,2.0,35-34,1,UNAVAILABLE,UNAVAILABLE,513.0,480,24.919970807602642,25.0,1.3658190518549,1.3966208593351122,0.9855072463768116,VALUE
AUSTIN_DRE_PHASE_3,AUSTIN_DOWNFALL_STATE_MODEL_V1,NCAAB_H1_2_AUSTIN_TRANSFER_V1,53a941af54c99419,NCAAB_20260117_GT_NCST,KXNCAAMBGAME-26JAN17GTNCST-NCST,H1_2,12,2026-01-17T18:04:21+00:00,2,360,PERSISTENCE_3PLUS,3,CI_CROSSES_ZERO,NORMAL_SUPPORT,-11.67839238695732,-32.0,4.0,20.000000000000004,-31.678392386957324,-11.67839238695732,0.0,0.0,0.0,85,2.0,35-34,1,UNAVAILABLE,UNAVAILABLE,513.0,360,24.919970807602642,25.0,1.3658190518549,1.3966208593351122,0.9855072463768116,VALUE
AUSTIN_DRE_PHASE_3,AUSTIN_DOWNFALL_STATE_MODEL_V1,NCAAB_H1_2_AUSTIN_TRANSFER_V1,53a941af54c99419,NCAAB_20260117_GT_NCST,KXNCAAMBGAME-26JAN17GTNCST-NCST,H1_2,13,2026-01-17T18:04:21+00:00,2,240,PERSISTENCE_3PLUS,4,CI_CROSSES_ZERO,NORMAL_SUPPORT,-11.67839238695732,-32.0,4.0,20.000000000000004,-31.678392386957324,-11.67839238695732,0.0,0.0,0.0,85,2.0,35-34,1,UNAVAILABLE,UNAVAILABLE,513.0,240,24.919970807602642,25.0,1.3658190518549,1.3966208593351122,0.9855072463768116,VALUE
AUSTIN_DRE_PHASE_3,AUSTIN_DOWNFALL_STATE_MODEL_V1,NCAAB_H1_2_AUSTIN_TRANSFER_V1,53a941af54c99419,NCAAB_20260117_GT_NCST,KXNCAAMBGAME-26JAN17GTNCST-NCST,H1_2,14,2026-01-17T18:04:21+00:00,2,120,PERSISTENCE_3PLUS,5,CI_CROSSES_ZERO,NORMAL_SUPPORT,-11.67839238695732,-32.0,4.0,20.000000000000004,-31.678392386957324,-11.67839238695732,0.0,0.0,0.0,85,2.0,35-34,1,UNAVAILABLE,UNAVAILABLE,513.0,120,24.919970807602642,25.0,1.3658190518549,1.3966208593351122,0.9855072463768116,VALUE
AUSTIN_DRE_PHASE_3,AUSTIN_DOWNFALL_STATE_MODEL_V1,NCAAB_H1_2_AUSTIN_TRANSFER_V1,53a941af54c99419,NCAAB_20260117_GT_NCST,KXNCAAMBGAME-26JAN17GTNCST-NCST,H1_2,15,2026-01-17T19:19:06+00:00,2,0,PERSISTENCE_3PLUS,6,CI_NEGATIVE,NORMAL_SUPPORT,-55.25402192763879,-72.0,-36.0,20.000000000000004,-75.25402192763879,-11.67839238695732,-43.57562954068147,-21.787814770340734,-10.893907385170367,1,-82.0,74-78,-4,UNAVAILABLE,UNAVAILABLE,1713.0,0,24.98720335443689,25.0,1.0222442224150685,1.0266062404615202,1.0,VALUE
AUSTIN_DRE_PHASE_3,AUSTIN_DOWNFALL_STATE_MODEL_V1,NCAAB_H1_2_AUSTIN_TRANSFER_V1,a4307c0519ec522b,NCAAB_20260117_MINN_ILL,KXNCAAMBGAME-26JAN17MINNILL-ILL,H1_2,0,2026-01-17T17:01:36+00:00,1,120,UNRESOLVED,0,CI_UNAVAILABLE,SUPPORT_UNAVAILABLE,UNAVAILABLE,UNAVAILABLE,UNAVAILABLE,UNAVAILABLE,UNAVAILABLE,UNAVAILABLE,UNAVAILABLE,UNAVAILABLE,UNAVAILABLE,92,UNAVAILABLE,0-0,0,UNAVAILABLE,UNAVAILABLE,UNAVAILABLE,1320,UNAVAILABLE,UNAVAILABLE,UNAVAILABLE,UNAVAILABLE,0.30434782608695654,NOT_APPLICABLE
AUSTIN_DRE_PHASE_3,AUSTIN_DOWNFALL_STATE_MODEL_V1,NCAAB_H1_2_AUSTIN_TRANSFER_V1,a4307c0519ec522b,NCAAB_20260117_MINN_ILL,KXNCAAMBGAME-26JAN17MINNILL-ILL,H1_2,1,2026-01-17T17:49:57+00:00,1,0,WATCH_NEGATIVE,1,CI_NEGATIVE,NORMAL_SUPPORT,-75.76093560580811,-80.0,-68.0,-75.76093560580811,0.0,UNAVAILABLE,UNAVAILABLE,UNAVAILABLE,UNAVAILABLE,84,4.0,34-34,0,UNAVAILABLE,UNAVAILABLE,146.0,1200,24.892891971066636,25.0,0.8507475949426707,0.8090954679855298,0.9565217391304348,VALUE
AUSTIN_DRE_PHASE_3,AUSTIN_DOWNFALL_STATE_MODEL_V1,NCAAB_H1_2_AUSTIN_TRANSFER_V1,a4307c0519ec522b,NCAAB_20260117_MINN_ILL,KXNCAAMBGAME-26JAN17MINNILL-ILL,H1_2,2,2026-01-17T18:04:56+00:00,2,1200,PERSISTENCE_2,2,CI_CROSSES_ZERO,NORMAL_SUPPORT,-14.657455757848002,-32.0,4.0,-75.76093560580811,61.103479847960116,-75.76093560580811,61.103479847960116,UNAVAILABLE,UNAVAILABLE,84,4.0,34-34,0,UNAVAILABLE,UNAVAILABLE,146.0,1200,24.974694704338006,25.0,1.3742732496870989,1.3435195190028595,0.9565217391304348,VALUE
AUSTIN_DRE_PHASE_3,AUSTIN_DOWNFALL_STATE_MODEL_V1,NCAAB_H1_2_AUSTIN_TRANSFER_V1,a4307c0519ec522b,NCAAB_20260117_MINN_ILL,KXNCAAMBGAME-26JAN17MINNILL-ILL,H1_2,3,2026-01-17T18:03:39+00:00,2,1080,PERSISTENCE_3PLUS,3,CI_CROSSES_ZERO,NORMAL_SUPPORT,-14.657455757848002,-32.0,4.0,-75.76093560580811,61.103479847960116,-14.657455757848002,0.0,0.0,UNAVAILABLE,84,4.0,34-34,0,UNAVAILABLE,UNAVAILABLE,146.0,1080,24.974694704338006,25.0,1.3742732496870989,1.3435195190028595,0.9565217391304348,VALUE
AUSTIN_DRE_PHASE_3,AUSTIN_DOWNFALL_STATE_MODEL_V1,NCAAB_H1_2_AUSTIN_TRANSFER_V1,a4307c0519ec522b,NCAAB_20260117_MINN_ILL,KXNCAAMBGAME-26JAN17MINNILL-ILL,H1_2,4,2026-01-17T18:03:39+00:00,2,960,PERSISTENCE_3PLUS,4,CI_CROSSES_ZERO,NORMAL_SUPPORT,-14.657455757848002,-32.0,4.0,-75.76093560580811,61.103479847960116,-14.657455757848002,0.0,0.0,0.0,84,4.0,34-34,0,UNAVAILABLE,UNAVAILABLE,146.0,960,24.974694704338006,25.0,1.3742732496870989,1.3435195190028595,0.9565217391304348,VALUE
AUSTIN_DRE_PHASE_3,AUSTIN_DOWNFALL_STATE_MODEL_V1,NCAAB_H1_2_AUSTIN_TRANSFER_V1,a4307c0519ec522b,NCAAB_20260117_MINN_ILL,KXNCAAMBGAME-26JAN17MINNILL-ILL,H1_2,5,2026-01-17T18:13:29+00:00,2,840,PERSISTENCE_3PLUS,5,CI_NEGATIVE,NORMAL_SUPPORT,-26.444993567277148,-44.0,-8.0,-75.76093560580811,49.31594203853096,-14.657455757848002,-11.787537809429146,-5.893768904714573,-2.9468844523572866,86,6.0,49-46,3,UNAVAILABLE,UNAVAILABLE,506.0,840,24.13238586269525,25.0,0.3951855795620817,0.4167665103811184,0.9855072463768116,VALUE
AUSTIN_DRE_PHASE_3,AUSTIN_DOWNFALL_STATE_MODEL_V1,NCAAB_H1_2_AUSTIN_TRANSFER_V1,a4307c0519ec522b,NCAAB_20260117_MINN_ILL,KXNCAAMBGAME-26JAN17MINNILL-ILL,H1_2,6,2026-01-17T18:03:39+00:00,2,720,PERSISTENCE_3PLUS,6,CI_CROSSES_ZERO,NORMAL_SUPPORT,-14.657455757848002,-32.0,4.0,-75.76093560580811,61.103479847960116,-26.444993567277148,11.787537809429146,5.893768904714573,5.893768904714573,84,4.0,34-34,0,UNAVAILABLE,UNAVAILABLE,146.0,720,24.974694704338006,25.0,1.3742732496870989,1.3435195190028595,0.9565217391304348,VALUE
AUSTIN_DRE_PHASE_3,AUSTIN_DOWNFALL_STATE_MODEL_V1,NCAAB_H1_2_AUSTIN_TRANSFER_V1,a4307c0519ec522b,NCAAB_20260117_MINN_ILL,KXNCAAMBGAME-26JAN17MINNILL-ILL,H1_2,7,2026-01-17T18:03:39+00:00,2,600,PERSISTENCE_3PLUS,7,CI_CROSSES_ZERO,NORMAL_SUPPORT,-14.657455757848002,-32.0,4.0,-75.76093560580811,61.103479847960116,-14.657455757848002,0.0,0.0,-2.9468844523572866,84,4.0,34-34,0,UNAVAILABLE,UNAVAILABLE,146.0,600,24.974694704338006,25.0,1.3742732496870989,1.3435195190028595,0.9565217391304348,VALUE
AUSTIN_DRE_PHASE_3,AUSTIN_DOWNFALL_STATE_MODEL_V1,NCAAB_H1_2_AUSTIN_TRANSFER_V1,a4307c0519ec522b,NCAAB_20260117_MINN_ILL,KXNCAAMBGAME-26JAN17MINNILL-ILL,H1_2,8,2026-01-17T18:03:39+00:00,2,480,PERSISTENCE_3PLUS,8,CI_CROSSES_ZERO,NORMAL_SUPPORT,-14.657455757848002,-32.0,4.0,-75.76093560580811,61.103479847960116,-14.657455757848002,0.0,0.0,0.0,84,4.0,34-34,0,UNAVAILABLE,UNAVAILABLE,146.0,480,24.974694704338006,25.0,1.3742732496870989,1.3435195190028595,0.9565217391304348,VALUE
AUSTIN_DRE_PHASE_3,AUSTIN_DOWNFALL_STATE_MODEL_V1,NCAAB_H1_2_AUSTIN_TRANSFER_V1,a4307c0519ec522b,NCAAB_20260117_MINN_ILL,KXNCAAMBGAME-26JAN17MINNILL-ILL,H1_2,9,2026-01-17T18:03:39+00:00,2,360,PERSISTENCE_3PLUS,9,CI_CROSSES_ZERO,NORMAL_SUPPORT,-14.657455757848002,-32.0,4.0,-75.76093560580811,61.103479847960116,-14.657455757848002,0.0,0.0,0.0,84,4.0,34-34,0,UNAVAILABLE,UNAVAILABLE,146.0,360,24.974694704338006,25.0,1.3742732496870989,1.3435195190028595,0.9565217391304348,VALUE
AUSTIN_DRE_PHASE_3,AUSTIN_DOWNFALL_STATE_MODEL_V1,NCAAB_H1_2_AUSTIN_TRANSFER_V1,a4307c0519ec522b,NCAAB_20260117_MINN_ILL,KXNCAAMBGAME-26JAN17MINNILL-ILL,H1_2,10,2026-01-17T18:03:39+00:00,2,240,PERSISTENCE_3PLUS,10,CI_CROSSES_ZERO,NORMAL_SUPPORT,-14.657455757848002,-32.0,4.0,-75.76093560580811,61.103479847960116,-14.657455757848002,0.0,0.0,0.0,84,4.0,34-34,0,UNAVAILABLE,UNAVAILABLE,146.0,240,24.974694704338006,25.0,1.3742732496870989,1.3435195190028595,0.9565217391304348,VALUE
AUSTIN_DRE_PHASE_3,AUSTIN_DOWNFALL_STATE_MODEL_V1,NCAAB_H1_2_AUSTIN_TRANSFER_V1,a4307c0519ec522b,NCAAB_20260117_MINN_ILL,KXNCAAMBGAME-26JAN17MINNILL-ILL,H1_2,11,2026-01-17T18:03:39+00:00,2,120,PERSISTENCE_3PLUS,11,CI_CROSSES_ZERO,NORMAL_SUPPORT,-14.657455757848002,-32.0,4.0,-75.76093560580811,61.103479847960116,-14.657455757848002,0.0,0.0,0.0,84,4.0,34-34,0,UNAVAILABLE,UNAVAILABLE,146.0,120,24.974694704338006,25.0,1.3742732496870989,1.3435195190028595,0.9565217391304348,VALUE
AUSTIN_DRE_PHASE_3,AUSTIN_DOWNFALL_STATE_MODEL_V1,NCAAB_H1_2_AUSTIN_TRANSFER_V1,a4307c0519ec522b,NCAAB_20260117_MINN_ILL,KXNCAAMBGAME-26JAN17MINNILL-ILL,H1_2,12,2026-01-17T18:57:25+00:00,2,0,PERSISTENCE_3PLUS,12,CI_CROSSES_ZERO,NORMAL_SUPPORT,-4.034524276629924,-24.0,12.0,-75.76093560580811,71.72641132917819,-14.657455757848002,10.622931481218078,5.311465740609039,2.6557328703045195,99,19.0,77-67,10,UNAVAILABLE,UNAVAILABLE,1346.0,0,24.480077575838628,25.0,0.6735523691247249,0.6954709553105647,1.0,VALUE
AUSTIN_DRE_PHASE_3,AUSTIN_DOWNFALL_STATE_MODEL_V1,NCAAB_H1_2_AUSTIN_TRANSFER_V1,65dfaa7dbfb7b380,NCAAB_20260117_MIZZ_LSU,KXNCAAMBGAME-26JAN17MIZZLSU-LSU,H1_2,0,2026-01-17T21:20:24+00:00,1,0,HEALTHY,0,CI_CROSSES_ZERO,NORMAL_SUPPORT,4.291197609165723,-12.0,16.0,4.291197609165723,0.0,UNAVAILABLE,UNAVAILABLE,UNAVAILABLE,UNAVAILABLE,75,-5.0,37-27,10,UNAVAILABLE,UNAVAILABLE,48.0,1200,24.986289847551678,25.0,0.7900655712394239,0.7998702183416546,0.8260869565217391,VALUE
AUSTIN_DRE_PHASE_3,AUSTIN_DOWNFALL_STATE_MODEL_V1,NCAAB_H1_2_AUSTIN_TRANSFER_V1,65dfaa7dbfb7b380,NCAAB_20260117_MIZZ_LSU,KXNCAAMBGAME-26JAN17MIZZLSU-LSU,H1_2,1,2026-01-17T21:36:24+00:00,2,1200,HEALTHY,0,CI_CROSSES_ZERO,NORMAL_SUPPORT,12.084104216799592,0.0,20.0,4.291197609165723,7.792906607633869,4.291197609165723,7.792906607633869,UNAVAILABLE,UNAVAILABLE,79,-1.0,37-27,10,UNAVAILABLE,UNAVAILABLE,48.0,1200,24.988669456885454,25.0,1.3865484477988352,1.3712106756275428,0.855072463768116,VALUE
AUSTIN_DRE_PHASE_3,AUSTIN_DOWNFALL_STATE_MODEL_V1,NCAAB_H1_2_AUSTIN_TRANSFER_V1,65dfaa7dbfb7b380,NCAAB_20260117_MIZZ_LSU,KXNCAAMBGAME-26JAN17MIZZLSU-LSU,H1_2,2,2026-01-17T21:36:24+00:00,2,1080,HEALTHY,0,CI_CROSSES_ZERO,NORMAL_SUPPORT,12.084104216799592,0.0,20.0,4.291197609165723,7.792906607633869,12.084104216799592,0.0,0.0,UNAVAILABLE,79,-1.0,37-27,10,UNAVAILABLE,UNAVAILABLE,48.0,1080,24.988669456885454,25.0,1.3865484477988352,1.3712106756275428,0.855072463768116,VALUE
AUSTIN_DRE_PHASE_3,AUSTIN_DOWNFALL_STATE_MODEL_V1,NCAAB_H1_2_AUSTIN_TRANSFER_V1,65dfaa7dbfb7b380,NCAAB_20260117_MIZZ_LSU,KXNCAAMBGAME-26JAN17MIZZLSU-LSU,H1_2,3,2026-01-17T21:36:24+00:00,2,960,HEALTHY,0,CI_CROSSES_ZERO,NORMAL_SUPPORT,12.084104216799592,0.0,20.0,4.291197609165723,7.792906607633869,12.084104216799592,0.0,0.0,0.0,79,-1.0,37-27,10,UNAVAILABLE,UNAVAILABLE,48.0,960,24.988669456885454,25.0,1.3865484477988352,1.3712106756275428,0.855072463768116,VALUE
AUSTIN_DRE_PHASE_3,AUSTIN_DOWNFALL_STATE_MODEL_V1,NCAAB_H1_2_AUSTIN_TRANSFER_V1,65dfaa7dbfb7b380,NCAAB_20260117_MIZZ_LSU,KXNCAAMBGAME-26JAN17MIZZLSU-LSU,H1_2,4,2026-01-17T21:36:24+00:00,2,840,HEALTHY,0,CI_CROSSES_ZERO,NORMAL_SUPPORT,12.084104216799592,0.0,20.0,4.291197609165723,7.792906607633869,12.084104216799592,0.0,0.0,0.0,79,-1.0,37-27,10,UNAVAILABLE,UNAVAILABLE,48.0,840,24.988669456885454,25.0,1.3865484477988352,1.3712106756275428,0.855072463768116,VALUE
AUSTIN_DRE_PHASE_3,AUSTIN_DOWNFALL_STATE_MODEL_V1,NCAAB_H1_2_AUSTIN_TRANSFER_V1,65dfaa7dbfb7b380,NCAAB_20260117_MIZZ_LSU,KXNCAAMBGAME-26JAN17MIZZLSU-LSU,H1_2,5,2026-01-17T21:36:24+00:00,2,720,HEALTHY,0,CI_CROSSES_ZERO,NORMAL_SUPPORT,12.084104216799592,0.0,20.0,4.291197609165723,7.792906607633869,12.084104216799592,0.0,0.0,0.0,79,-1.0,37-27,10,UNAVAILABLE,UNAVAILABLE,48.0,720,24.988669456885454,25.0,1.3865484477988352,1.3712106756275428,0.855072463768116,VALUE
AUSTIN_DRE_PHASE_3,AUSTIN_DOWNFALL_STATE_MODEL_V1,NCAAB_H1_2_AUSTIN_TRANSFER_V1,65dfaa7dbfb7b380,NCAAB_20260117_MIZZ_LSU,KXNCAAMBGAME-26JAN17MIZZLSU-LSU,H1_2,6,2026-01-17T21:36:24+00:00,2,600,HEALTHY,0,CI_CROSSES_ZERO,NORMAL_SUPPORT,12.084104216799592,0.0,20.0,4.291197609165723,7.792906607633869,12.084104216799592,0.0,0.0,0.0,79,-1.0,37-27,10,UNAVAILABLE,UNAVAILABLE,48.0,600,24.988669456885454,25.0,1.3865484477988352,1.3712106756275428,0.855072463768116,VALUE
AUSTIN_DRE_PHASE_3,AUSTIN_DOWNFALL_STATE_MODEL_V1,NCAAB_H1_2_AUSTIN_TRANSFER_V1,65dfaa7dbfb7b380,NCAAB_20260117_MIZZ_LSU,KXNCAAMBGAME-26JAN17MIZZLSU-LSU,H1_2,7,2026-01-17T21:36:24+00:00,2,480,HEALTHY,0,CI_CROSSES_ZERO,NORMAL_SUPPORT,12.084104216799592,0.0,20.0,4.291197609165723,7.792906607633869,12.084104216799592,0.0,0.0,0.0,79,-1.0,37-27,10,UNAVAILABLE,UNAVAILABLE,48.0,480,24.988669456885454,25.0,1.3865484477988352,1.3712106756275428,0.855072463768116,VALUE
AUSTIN_DRE_PHASE_3,AUSTIN_DOWNFALL_STATE_MODEL_V1,NCAAB_H1_2_AUSTIN_TRANSFER_V1,65dfaa7dbfb7b380,NCAAB_20260117_MIZZ_LSU,KXNCAAMBGAME-26JAN17MIZZLSU-LSU,H1_2,8,2026-01-17T21:36:24+00:00,2,360,HEALTHY,0,CI_CROSSES_ZERO,NORMAL_SUPPORT,12.084104216799592,0.0,20.0,4.291197609165723,7.792906607633869,12.084104216799592,0.0,0.0,0.0,79,-1.0,37-27,10,UNAVAILABLE,UNAVAILABLE,48.0,360,24.988669456885454,25.0,1.3865484477988352,1.3712106756275428,0.855072463768116,VALUE
AUSTIN_DRE_PHASE_3,AUSTIN_DOWNFALL_STATE_MODEL_V1,NCAAB_H1_2_AUSTIN_TRANSFER_V1,65dfaa7dbfb7b380,NCAAB_20260117_MIZZ_LSU,KXNCAAMBGAME-26JAN17MIZZLSU-LSU,H1_2,9,2026-01-17T21:36:24+00:00,2,240,HEALTHY,0,CI_CROSSES_ZERO,NORMAL_SUPPORT,12.084104216799592,0.0,20.0,4.291197609165723,7.792906607633869,12.084104216799592,0.0,0.0,0.0,79,-1.0,37-27,10,UNAVAILABLE,UNAVAILABLE,48.0,240,24.988669456885454,25.0,1.3865484477988352,1.3712106756275428,0.855072463768116,VALUE
AUSTIN_DRE_PHASE_3,AUSTIN_DOWNFALL_STATE_MODEL_V1,NCAAB_H1_2_AUSTIN_TRANSFER_V1,65dfaa7dbfb7b380,NCAAB_20260117_MIZZ_LSU,KXNCAAMBGAME-26JAN17MIZZLSU-LSU,H1_2,10,2026-01-17T21:36:24+00:00,2,120,HEALTHY,0,CI_CROSSES_ZERO,NORMAL_SUPPORT,12.084104216799592,0.0,20.0,4.291197609165723,7.792906607633869,12.084104216799592,0.0,0.0,0.0,79,-1.0,37-27,10,UNAVAILABLE,UNAVAILABLE,48.0,120,24.988669456885454,25.0,1.3865484477988352,1.3712106756275428,0.855072463768116,VALUE
AUSTIN_DRE_PHASE_3,AUSTIN_DOWNFALL_STATE_MODEL_V1,NCAAB_H1_2_AUSTIN_TRANSFER_V1,d2c9f936d8887f23,NCAAB_20260117_UNC_CAL,KXNCAAMBGAME-26JAN17UNCCAL-CAL,H1_2,0,2026-01-17T21:51:05+00:00,1,0,HEALTHY,0,CI_POSITIVE,NORMAL_SUPPORT,20.000000000000004,20.0,20.0,20.000000000000004,0.0,UNAVAILABLE,UNAVAILABLE,UNAVAILABLE,UNAVAILABLE,83,0.0,54-37,17,UNAVAILABLE,UNAVAILABLE,14.0,1200,24.991090505910236,25.0,0.9690182026202507,0.9561020631173047,0.782608695652174,VALUE
AUSTIN_DRE_PHASE_3,AUSTIN_DOWNFALL_STATE_MODEL_V1,NCAAB_H1_2_AUSTIN_TRANSFER_V1,d2c9f936d8887f23,NCAAB_20260117_UNC_CAL,KXNCAAMBGAME-26JAN17UNCCAL-CAL,H1_2,1,2026-01-17T22:07:08+00:00,2,1200,WATCH_NEGATIVE,1,CI_CROSSES_ZERO,NORMAL_SUPPORT,-13.741949998560546,-32.0,4.0,20.000000000000004,-33.74194999856055,20.000000000000004,-33.74194999856055,UNAVAILABLE,UNAVAILABLE,83,0.0,54-37,17,UNAVAILABLE,UNAVAILABLE,14.0,1200,24.863070214968623,25.0,1.7019397486903152,1.7100822158931488,0.8260869565217391,VALUE
AUSTIN_DRE_PHASE_3,AUSTIN_DOWNFALL_STATE_MODEL_V1,NCAAB_H1_2_AUSTIN_TRANSFER_V1,d2c9f936d8887f23,NCAAB_20260117_UNC_CAL,KXNCAAMBGAME-26JAN17UNCCAL-CAL,H1_2,2,2026-01-17T22:07:08+00:00,2,1080,PERSISTENCE_2,2,CI_CROSSES_ZERO,NORMAL_SUPPORT,-13.741949998560546,-32.0,4.0,20.000000000000004,-33.74194999856055,-13.741949998560546,0.0,0.0,UNAVAILABLE,83,0.0,54-37,17,UNAVAILABLE,UNAVAILABLE,14.0,1080,24.863070214968623,25.0,1.7019397486903152,1.7100822158931488,0.8260869565217391,VALUE
AUSTIN_DRE_PHASE_3,AUSTIN_DOWNFALL_STATE_MODEL_V1,NCAAB_H1_2_AUSTIN_TRANSFER_V1,d2c9f936d8887f23,NCAAB_20260117_UNC_CAL,KXNCAAMBGAME-26JAN17UNCCAL-CAL,H1_2,3,2026-01-17T22:07:08+00:00,2,960,PERSISTENCE_3PLUS,3,CI_CROSSES_ZERO,NORMAL_SUPPORT,-13.741949998560546,-32.0,4.0,20.000000000000004,-33.74194999856055,-13.741949998560546,0.0,0.0,0.0,83,0.0,54-37,17,UNAVAILABLE,UNAVAILABLE,14.0,960,24.863070214968623,25.0,1.7019397486903152,1.7100822158931488,0.8260869565217391,VALUE
AUSTIN_DRE_PHASE_3,AUSTIN_DOWNFALL_STATE_MODEL_V1,NCAAB_H1_2_AUSTIN_TRANSFER_V1,d2c9f936d8887f23,NCAAB_20260117_UNC_CAL,KXNCAAMBGAME-26JAN17UNCCAL-CAL,H1_2,4,2026-01-17T22:07:08+00:00,2,840,PERSISTENCE_3PLUS,4,CI_CROSSES_ZERO,NORMAL_SUPPORT,-13.741949998560546,-32.0,4.0,20.000000000000004,-33.74194999856055,-13.741949998560546,0.0,0.0,0.0,83,0.0,54-37,17,UNAVAILABLE,UNAVAILABLE,14.0,840,24.863070214968623,25.0,1.7019397486903152,1.7100822158931488,0.8260869565217391,VALUE
AUSTIN_DRE_PHASE_3,AUSTIN_DOWNFALL_STATE_MODEL_V1,NCAAB_H1_2_AUSTIN_TRANSFER_V1,d2c9f936d8887f23,NCAAB_20260117_UNC_CAL,KXNCAAMBGAME-26JAN17UNCCAL-CAL,H1_2,5,2026-01-17T22:07:08+00:00,2,720,PERSISTENCE_3PLUS,5,CI_CROSSES_ZERO,NORMAL_SUPPORT,-13.741949998560546,-32.0,4.0,20.000000000000004,-33.74194999856055,-13.741949998560546,0.0,0.0,0.0,83,0.0,54-37,17,UNAVAILABLE,UNAVAILABLE,14.0,720,24.863070214968623,25.0,1.7019397486903152,1.7100822158931488,0.8260869565217391,VALUE
AUSTIN_DRE_PHASE_3,AUSTIN_DOWNFALL_STATE_MODEL_V1,NCAAB_H1_2_AUSTIN_TRANSFER_V1,d2c9f936d8887f23,NCAAB_20260117_UNC_CAL,KXNCAAMBGAME-26JAN17UNCCAL-CAL,H1_2,6,2026-01-17T22:07:08+00:00,2,600,PERSISTENCE_3PLUS,6,CI_CROSSES_ZERO,NORMAL_SUPPORT,-13.741949998560546,-32.0,4.0,20.000000000000004,-33.74194999856055,-13.741949998560546,0.0,0.0,0.0,83,0.0,54-37,17,UNAVAILABLE,UNAVAILABLE,14.0,600,24.863070214968623,25.0,1.7019397486903152,1.7100822158931488,0.8260869565217391,VALUE
AUSTIN_DRE_PHASE_3,AUSTIN_DOWNFALL_STATE_MODEL_V1,NCAAB_H1_2_AUSTIN_TRANSFER_V1,d2c9f936d8887f23,NCAAB_20260117_UNC_CAL,KXNCAAMBGAME-26JAN17UNCCAL-CAL,H1_2,7,2026-01-17T22:07:08+00:00,2,480,PERSISTENCE_3PLUS,7,CI_CROSSES_ZERO,NORMAL_SUPPORT,-13.741949998560546,-32.0,4.0,20.000000000000004,-33.74194999856055,-13.741949998560546,0.0,0.0,0.0,83,0.0,54-37,17,UNAVAILABLE,UNAVAILABLE,14.0,480,24.863070214968623,25.0,1.7019397486903152,1.7100822158931488,0.8260869565217391,VALUE
AUSTIN_DRE_PHASE_3,AUSTIN_DOWNFALL_STATE_MODEL_V1,NCAAB_H1_2_AUSTIN_TRANSFER_V1,d2c9f936d8887f23,NCAAB_20260117_UNC_CAL,KXNCAAMBGAME-26JAN17UNCCAL-CAL,H1_2,8,2026-01-17T22:07:08+00:00,2,360,PERSISTENCE_3PLUS,8,CI_CROSSES_ZERO,NORMAL_SUPPORT,-13.741949998560546,-32.0,4.0,20.000000000000004,-33.74194999856055,-13.741949998560546,0.0,0.0,0.0,83,0.0,54-37,17,UNAVAILABLE,UNAVAILABLE,14.0,360,24.863070214968623,25.0,1.7019397486903152,1.7100822158931488,0.8260869565217391,VALUE
AUSTIN_DRE_PHASE_3,AUSTIN_DOWNFALL_STATE_MODEL_V1,NCAAB_H1_2_AUSTIN_TRANSFER_V1,d2c9f936d8887f23,NCAAB_20260117_UNC_CAL,KXNCAAMBGAME-26JAN17UNCCAL-CAL,H1_2,9,2026-01-17T22:07:08+00:00,2,240,PERSISTENCE_3PLUS,9,CI_CROSSES_ZERO,NORMAL_SUPPORT,-13.741949998560546,-32.0,4.0,20.000000000000004,-33.74194999856055,-13.741949998560546,0.0,0.0,0.0,83,0.0,54-37,17,UNAVAILABLE,UNAVAILABLE,14.0,240,24.863070214968623,25.0,1.7019397486903152,1.7100822158931488,0.8260869565217391,VALUE
AUSTIN_DRE_PHASE_3,AUSTIN_DOWNFALL_STATE_MODEL_V1,NCAAB_H1_2_AUSTIN_TRANSFER_V1,d2c9f936d8887f23,NCAAB_20260117_UNC_CAL,KXNCAAMBGAME-26JAN17UNCCAL-CAL,H1_2,10,2026-01-17T22:07:08+00:00,2,120,PERSISTENCE_3PLUS,10,CI_CROSSES_ZERO,NORMAL_SUPPORT,-13.741949998560546,-32.0,4.0,20.000000000000004,-33.74194999856055,-13.741949998560546,0.0,0.0,0.0,83,0.0,54-37,17,UNAVAILABLE,UNAVAILABLE,14.0,120,24.863070214968623,25.0,1.7019397486903152,1.7100822158931488,0.8260869565217391,VALUE
AUSTIN_DRE_PHASE_3,AUSTIN_DOWNFALL_STATE_MODEL_V1,NCAAB_H1_2_AUSTIN_TRANSFER_V1,d2c9f936d8887f23,NCAAB_20260117_UNC_CAL,KXNCAAMBGAME-26JAN17UNCCAL-CAL,H1_2,11,2026-01-17T23:13:45+00:00,2,0,RECOVERING,0,CI_POSITIVE,NORMAL_SUPPORT,20.000000000000004,20.0,20.0,20.000000000000004,0.0,-13.741949998560546,33.74194999856055,16.870974999280275,8.435487499640137,99,16.0,84-78,6,UNAVAILABLE,UNAVAILABLE,1214.0,0,24.8852135097139,25.0,0.9852968907032374,0.9684281911168752,1.0,VALUE
AUSTIN_DRE_PHASE_3,AUSTIN_DOWNFALL_STATE_MODEL_V1,NCAAB_H1_2_AUSTIN_TRANSFER_V1,d1d5e91212f8c11d,NCAAB_20260117_MISS_MSST,KXNCAAMBGAME-26JAN17MISSMSST-MSST,H1_2,0,2026-01-18T01:31:44+00:00,1,480,UNRESOLVED,0,CI_UNAVAILABLE,SUPPORT_UNAVAILABLE,UNAVAILABLE,UNAVAILABLE,UNAVAILABLE,UNAVAILABLE,UNAVAILABLE,UNAVAILABLE,UNAVAILABLE,UNAVAILABLE,UNAVAILABLE,61,UNAVAILABLE,0-0,0,UNAVAILABLE,UNAVAILABLE,UNAVAILABLE,1680,UNAVAILABLE,UNAVAILABLE,UNAVAILABLE,UNAVAILABLE,0.30434782608695654,NOT_APPLICABLE
AUSTIN_DRE_PHASE_3,AUSTIN_DOWNFALL_STATE_MODEL_V1,NCAAB_H1_2_AUSTIN_TRANSFER_V1,d1d5e91212f8c11d,NCAAB_20260117_MISS_MSST,KXNCAAMBGAME-26JAN17MISSMSST-MSST,H1_2,1,2026-01-18T01:31:44+00:00,1,360,UNRESOLVED,0,CI_UNAVAILABLE,SUPPORT_UNAVAILABLE,UNAVAILABLE,UNAVAILABLE,UNAVAILABLE,UNAVAILABLE,UNAVAILABLE,UNAVAILABLE,UNAVAILABLE,UNAVAILABLE,UNAVAILABLE,61,UNAVAILABLE,0-0,0,UNAVAILABLE,UNAVAILABLE,UNAVAILABLE,1560,UNAVAILABLE,UNAVAILABLE,UNAVAILABLE,UNAVAILABLE,0.30434782608695654,NOT_APPLICABLE
AUSTIN_DRE_PHASE_3,AUSTIN_DOWNFALL_STATE_MODEL_V1,NCAAB_H1_2_AUSTIN_TRANSFER_V1,d1d5e91212f8c11d,NCAAB_20260117_MISS_MSST,KXNCAAMBGAME-26JAN17MISSMSST-MSST,H1_2,2,2026-01-18T01:31:44+00:00,1,240,UNRESOLVED,0,CI_UNAVAILABLE,SUPPORT_UNAVAILABLE,UNAVAILABLE,UNAVAILABLE,UNAVAILABLE,UNAVAILABLE,UNAVAILABLE,UNAVAILABLE,UNAVAILABLE,UNAVAILABLE,UNAVAILABLE,61,UNAVAILABLE,0-0,0,UNAVAILABLE,UNAVAILABLE,UNAVAILABLE,1440,UNAVAILABLE,UNAVAILABLE,UNAVAILABLE,UNAVAILABLE,0.30434782608695654,NOT_APPLICABLE
AUSTIN_DRE_PHASE_3,AUSTIN_DOWNFALL_STATE_MODEL_V1,NCAAB_H1_2_AUSTIN_TRANSFER_V1,d1d5e91212f8c11d,NCAAB_20260117_MISS_MSST,KXNCAAMBGAME-26JAN17MISSMSST-MSST,H1_2,3,2026-01-18T01:31:44+00:00,1,120,UNRESOLVED,0,CI_UNAVAILABLE,SUPPORT_UNAVAILABLE,UNAVAILABLE,UNAVAILABLE,UNAVAILABLE,UNAVAILABLE,UNAVAILABLE,UNAVAILABLE,UNAVAILABLE,UNAVAILABLE,UNAVAILABLE,61,UNAVAILABLE,0-0,0,UNAVAILABLE,UNAVAILABLE,UNAVAILABLE,1320,UNAVAILABLE,UNAVAILABLE,UNAVAILABLE,UNAVAILABLE,0.30434782608695654,NOT_APPLICABLE
AUSTIN_DRE_PHASE_3,AUSTIN_DOWNFALL_STATE_MODEL_V1,NCAAB_H1_2_AUSTIN_TRANSFER_V1,d1d5e91212f8c11d,NCAAB_20260117_MISS_MSST,KXNCAAMBGAME-26JAN17MISSMSST-MSST,H1_2,4,2026-01-18T02:15:29+00:00,1,0,WATCH_NEGATIVE,1,CI_NEGATIVE,NORMAL_SUPPORT,-69.17463620035466,-80.0,-56.0,-69.17463620035466,0.0,UNAVAILABLE,UNAVAILABLE,UNAVAILABLE,UNAVAILABLE,70,-11.0,30-27,3,UNAVAILABLE,UNAVAILABLE,595.0,1200,22.663642042982833,25.0,0.7787647481609374,0.8338243924997971,0.9855072463768116,VALUE
AUSTIN_DRE_PHASE_3,AUSTIN_DOWNFALL_STATE_MODEL_V1,NCAAB_H1_2_AUSTIN_TRANSFER_V1,d1d5e91212f8c11d,NCAAB_20260117_MISS_MSST,KXNCAAMBGAME-26JAN17MISSMSST-MSST,H1_2,5,2026-01-18T02:30:59+00:00,2,1200,PERSISTENCE_2,2,CI_NEGATIVE,NORMAL_SUPPORT,-41.1544301826742,-60.0,-20.0,-69.17463620035466,28.020206017680458,-69.17463620035466,28.020206017680458,UNAVAILABLE,UNAVAILABLE,68,-13.0,30-27,3,UNAVAILABLE,UNAVAILABLE,595.0,1200,24.868616548666406,25.0,1.378886562013671,1.4138149015753017,0.9855072463768116,VALUE
AUSTIN_DRE_PHASE_3,AUSTIN_DOWNFALL_STATE_MODEL_V1,NCAAB_H1_2_AUSTIN_TRANSFER_V1,d1d5e91212f8c11d,NCAAB_20260117_MISS_MSST,KXNCAAMBGAME-26JAN17MISSMSST-MSST,H1_2,6,2026-01-18T02:30:59+00:00,2,1080,PERSISTENCE_3PLUS,3,CI_NEGATIVE,NORMAL_SUPPORT,-41.1544301826742,-60.0,-20.0,-69.17463620035466,28.020206017680458,-41.1544301826742,0.0,0.0,UNAVAILABLE,68,-13.0,30-27,3,UNAVAILABLE,UNAVAILABLE,595.0,1080,24.868616548666406,25.0,1.378886562013671,1.4138149015753017,0.9855072463768116,VALUE
AUSTIN_DRE_PHASE_3,AUSTIN_DOWNFALL_STATE_MODEL_V1,NCAAB_H1_2_AUSTIN_TRANSFER_V1,d1d5e91212f8c11d,NCAAB_20260117_MISS_MSST,KXNCAAMBGAME-26JAN17MISSMSST-MSST,H1_2,7,2026-01-18T02:30:59+00:00,2,960,PERSISTENCE_3PLUS,4,CI_NEGATIVE,NORMAL_SUPPORT,-41.1544301826742,-60.0,-20.0,-69.17463620035466,28.020206017680458,-41.1544301826742,0.0,0.0,0.0,68,-13.0,30-27,3,UNAVAILABLE,UNAVAILABLE,595.0,960,24.868616548666406,25.0,1.378886562013671,1.4138149015753017,0.9855072463768116,VALUE
AUSTIN_DRE_PHASE_3,AUSTIN_DOWNFALL_STATE_MODEL_V1,NCAAB_H1_2_AUSTIN_TRANSFER_V1,d1d5e91212f8c11d,NCAAB_20260117_MISS_MSST,KXNCAAMBGAME-26JAN17MISSMSST-MSST,H1_2,8,2026-01-18T02:30:59+00:00,2,840,PERSISTENCE_3PLUS,5,CI_NEGATIVE,NORMAL_SUPPORT,-41.1544301826742,-60.0,-20.0,-69.17463620035466,28.020206017680458,-41.1544301826742,0.0,0.0,0.0,68,-13.0,30-27,3,UNAVAILABLE,UNAVAILABLE,595.0,840,24.868616548666406,25.0,1.378886562013671,1.4138149015753017,0.9855072463768116,VALUE
AUSTIN_DRE_PHASE_3,AUSTIN_DOWNFALL_STATE_MODEL_V1,NCAAB_H1_2_AUSTIN_TRANSFER_V1,d1d5e91212f8c11d,NCAAB_20260117_MISS_MSST,KXNCAAMBGAME-26JAN17MISSMSST-MSST,H1_2,9,2026-01-18T02:30:59+00:00,2,720,PERSISTENCE_3PLUS,6,CI_NEGATIVE,NORMAL_SUPPORT,-41.1544301826742,-60.0,-20.0,-69.17463620035466,28.020206017680458,-41.1544301826742,0.0,0.0,0.0,68,-13.0,30-27,3,UNAVAILABLE,UNAVAILABLE,595.0,720,24.868616548666406,25.0,1.378886562013671,1.4138149015753017,0.9855072463768116,VALUE
AUSTIN_DRE_PHASE_3,AUSTIN_DOWNFALL_STATE_MODEL_V1,NCAAB_H1_2_AUSTIN_TRANSFER_V1,d1d5e91212f8c11d,NCAAB_20260117_MISS_MSST,KXNCAAMBGAME-26JAN17MISSMSST-MSST,H1_2,10,2026-01-18T02:30:59+00:00,2,600,PERSISTENCE_3PLUS,7,CI_NEGATIVE,NORMAL_SUPPORT,-41.1544301826742,-60.0,-20.0,-69.17463620035466,28.020206017680458,-41.1544301826742,0.0,0.0,0.0,68,-13.0,30-27,3,UNAVAILABLE,UNAVAILABLE,595.0,600,24.868616548666406,25.0,1.378886562013671,1.4138149015753017,0.9855072463768116,VALUE
AUSTIN_DRE_PHASE_3,AUSTIN_DOWNFALL_STATE_MODEL_V1,NCAAB_H1_2_AUSTIN_TRANSFER_V1,d1d5e91212f8c11d,NCAAB_20260117_MISS_MSST,KXNCAAMBGAME-26JAN17MISSMSST-MSST,H1_2,11,2026-01-18T02:30:59+00:00,2,480,PERSISTENCE_3PLUS,8,CI_NEGATIVE,NORMAL_SUPPORT,-41.1544301826742,-60.0,-20.0,-69.17463620035466,28.020206017680458,-41.1544301826742,0.0,0.0,0.0,68,-13.0,30-27,3,UNAVAILABLE,UNAVAILABLE,595.0,480,24.868616548666406,25.0,1.378886562013671,1.4138149015753017,0.9855072463768116,VALUE
AUSTIN_DRE_PHASE_3,AUSTIN_DOWNFALL_STATE_MODEL_V1,NCAAB_H1_2_AUSTIN_TRANSFER_V1,d1d5e91212f8c11d,NCAAB_20260117_MISS_MSST,KXNCAAMBGAME-26JAN17MISSMSST-MSST,H1_2,12,2026-01-18T02:30:59+00:00,2,360,PERSISTENCE_3PLUS,9,CI_NEGATIVE,NORMAL_SUPPORT,-41.1544301826742,-60.0,-20.0,-69.17463620035466,28.020206017680458,-41.1544301826742,0.0,0.0,0.0,68,-13.0,30-27,3,UNAVAILABLE,UNAVAILABLE,595.0,360,24.868616548666406,25.0,1.378886562013671,1.4138149015753017,0.9855072463768116,VALUE
AUSTIN_DRE_PHASE_3,AUSTIN_DOWNFALL_STATE_MODEL_V1,NCAAB_H1_2_AUSTIN_TRANSFER_V1,d1d5e91212f8c11d,NCAAB_20260117_MISS_MSST,KXNCAAMBGAME-26JAN17MISSMSST-MSST,H1_2,13,2026-01-18T03:08:59+00:00,2,240,PERSISTENCE_3PLUS,10,CI_NEGATIVE,NORMAL_SUPPORT,-30.006993780210852,-48.0,-11.900000000000091,-69.17463620035466,39.16764242014381,-41.1544301826742,11.147436402463345,5.573718201231673,2.7868591006158363,49,-32.0,58-59,-1,UNAVAILABLE,UNAVAILABLE,1555.0,240,24.550136715707282,25.0,0.6410688928836313,0.664916823038626,1.0,VALUE
AUSTIN_DRE_PHASE_3,AUSTIN_DOWNFALL_STATE_MODEL_V1,NCAAB_H1_2_AUSTIN_TRANSFER_V1,d1d5e91212f8c11d,NCAAB_20260117_MISS_MSST,KXNCAAMBGAME-26JAN17MISSMSST-MSST,H1_2,14,2026-01-18T03:15:38+00:00,2,120,PERSISTENCE_3PLUS,11,CI_NEGATIVE,NORMAL_SUPPORT,-47.7342773102381,-64.0,-28.0,-69.17463620035466,21.440358890116556,-30.006993780210852,-17.727283530027247,-8.863641765013623,-7.218679983122648,21,-60.0,61-64,-3,UNAVAILABLE,UNAVAILABLE,1675.0,120,24.87414455222335,25.0,0.8995185903770269,0.9057270369793134,1.0,VALUE
AUSTIN_DRE_PHASE_3,AUSTIN_DOWNFALL_STATE_MODEL_V1,NCAAB_H1_2_AUSTIN_TRANSFER_V1,d1d5e91212f8c11d,NCAAB_20260117_MISS_MSST,KXNCAAMBGAME-26JAN17MISSMSST-MSST,H1_2,15,2026-01-18T03:24:24+00:00,2,0,PERSISTENCE_3PLUS,12,CI_NEGATIVE,NORMAL_SUPPORT,-35.39279842151478,-52.0,-16.0,-69.17463620035466,33.78183777883987,-47.7342773102381,12.341478888723316,6.170739444361658,7.517190604687641,22,-59.0,67-68,-1,UNAVAILABLE,UNAVAILABLE,1795.0,0,24.803048096466927,25.0,1.197989964961812,1.2415989224833448,1.0,VALUE
AUSTIN_DRE_PHASE_3,AUSTIN_DOWNFALL_STATE_MODEL_V1,NCAAB_H1_2_AUSTIN_TRANSFER_V1,1486b0beba90eeea,NCAAB_20260118_PSU_MD,KXNCAAMBGAME-26JAN18PSUMD-MD,H1_2,0,2026-01-18T17:01:27+00:00,1,480,UNRESOLVED,0,CI_UNAVAILABLE,SUPPORT_UNAVAILABLE,UNAVAILABLE,UNAVAILABLE,UNAVAILABLE,UNAVAILABLE,UNAVAILABLE,UNAVAILABLE,UNAVAILABLE,UNAVAILABLE,UNAVAILABLE,51,UNAVAILABLE,0-0,0,UNAVAILABLE,UNAVAILABLE,UNAVAILABLE,1680,UNAVAILABLE,UNAVAILABLE,UNAVAILABLE,UNAVAILABLE,0.30434782608695654,NOT_APPLICABLE
AUSTIN_DRE_PHASE_3,AUSTIN_DOWNFALL_STATE_MODEL_V1,NCAAB_H1_2_AUSTIN_TRANSFER_V1,1486b0beba90eeea,NCAAB_20260118_PSU_MD,KXNCAAMBGAME-26JAN18PSUMD-MD,H1_2,1,2026-01-18T17:01:27+00:00,1,360,UNRESOLVED,0,CI_UNAVAILABLE,SUPPORT_UNAVAILABLE,UNAVAILABLE,UNAVAILABLE,UNAVAILABLE,UNAVAILABLE,UNAVAILABLE,UNAVAILABLE,UNAVAILABLE,UNAVAILABLE,UNAVAILABLE,51,UNAVAILABLE,0-0,0,UNAVAILABLE,UNAVAILABLE,UNAVAILABLE,1560,UNAVAILABLE,UNAVAILABLE,UNAVAILABLE,UNAVAILABLE,0.30434782608695654,NOT_APPLICABLE
AUSTIN_DRE_PHASE_3,AUSTIN_DOWNFALL_STATE_MODEL_V1,NCAAB_H1_2_AUSTIN_TRANSFER_V1,1486b0beba90eeea,NCAAB_20260118_PSU_MD,KXNCAAMBGAME-26JAN18PSUMD-MD,H1_2,2,2026-01-18T17:01:27+00:00,1,240,UNRESOLVED,0,CI_UNAVAILABLE,SUPPORT_UNAVAILABLE,UNAVAILABLE,UNAVAILABLE,UNAVAILABLE,UNAVAILABLE,UNAVAILABLE,UNAVAILABLE,UNAVAILABLE,UNAVAILABLE,UNAVAILABLE,51,UNAVAILABLE,0-0,0,UNAVAILABLE,UNAVAILABLE,UNAVAILABLE,1440,UNAVAILABLE,UNAVAILABLE,UNAVAILABLE,UNAVAILABLE,0.30434782608695654,NOT_APPLICABLE
AUSTIN_DRE_PHASE_3,AUSTIN_DOWNFALL_STATE_MODEL_V1,NCAAB_H1_2_AUSTIN_TRANSFER_V1,1486b0beba90eeea,NCAAB_20260118_PSU_MD,KXNCAAMBGAME-26JAN18PSUMD-MD,H1_2,3,2026-01-18T17:01:27+00:00,1,120,UNRESOLVED,0,CI_UNAVAILABLE,SUPPORT_UNAVAILABLE,UNAVAILABLE,UNAVAILABLE,UNAVAILABLE,UNAVAILABLE,UNAVAILABLE,UNAVAILABLE,UNAVAILABLE,UNAVAILABLE,UNAVAILABLE,51,UNAVAILABLE,0-0,0,UNAVAILABLE,UNAVAILABLE,UNAVAILABLE,1320,UNAVAILABLE,UNAVAILABLE,UNAVAILABLE,UNAVAILABLE,0.30434782608695654,NOT_APPLICABLE
AUSTIN_DRE_PHASE_3,AUSTIN_DOWNFALL_STATE_MODEL_V1,NCAAB_H1_2_AUSTIN_TRANSFER_V1,1486b0beba90eeea,NCAAB_20260118_PSU_MD,KXNCAAMBGAME-26JAN18PSUMD-MD,H1_2,4,2026-01-18T17:53:50+00:00,1,0,HEALTHY,0,CI_POSITIVE,NORMAL_SUPPORT,20.0,20.0,20.0,20.0,0.0,UNAVAILABLE,UNAVAILABLE,UNAVAILABLE,UNAVAILABLE,98,16.0,56-26,30,UNAVAILABLE,UNAVAILABLE,515.0,1200,24.626158283041303,25.0,1.5808563805315075,1.5824852621034566,0.9855072463768116,VALUE
AUSTIN_DRE_PHASE_3,AUSTIN_DOWNFALL_STATE_MODEL_V1,NCAAB_H1_2_AUSTIN_TRANSFER_V1,1486b0beba90eeea,NCAAB_20260118_PSU_MD,KXNCAAMBGAME-26JAN18PSUMD-MD,H1_2,5,2026-01-18T18:08:00+00:00,2,1200,HEALTHY,0,CI_POSITIVE,NORMAL_SUPPORT,20.000000000000004,20.0,20.0,20.0,3.552713678800501e-15,20.0,3.552713678800501e-15,UNAVAILABLE,UNAVAILABLE,99,17.0,56-26,30,UNAVAILABLE,UNAVAILABLE,515.0,1200,24.81111327823575,25.0,1.9651823556000805,1.800513730541525,0.9855072463768116,VALUE
AUSTIN_DRE_PHASE_3,AUSTIN_DOWNFALL_STATE_MODEL_V1,NCAAB_H1_2_AUSTIN_TRANSFER_V1,1486b0beba90eeea,NCAAB_20260118_PSU_MD,KXNCAAMBGAME-26JAN18PSUMD-MD,H1_2,6,2026-01-18T18:08:00+00:00,2,1080,HEALTHY,0,CI_POSITIVE,NORMAL_SUPPORT,20.000000000000004,20.0,20.0,20.0,3.552713678800501e-15,20.000000000000004,0.0,0.0,UNAVAILABLE,99,17.0,56-26,30,UNAVAILABLE,UNAVAILABLE,515.0,1080,24.81111327823575,25.0,1.9651823556000805,1.800513730541525,0.9855072463768116,VALUE
AUSTIN_DRE_PHASE_3,AUSTIN_DOWNFALL_STATE_MODEL_V1,NCAAB_H1_2_AUSTIN_TRANSFER_V1,1486b0beba90eeea,NCAAB_20260118_PSU_MD,KXNCAAMBGAME-26JAN18PSUMD-MD,H1_2,7,2026-01-18T18:08:00+00:00,2,960,HEALTHY,0,CI_POSITIVE,NORMAL_SUPPORT,20.000000000000004,20.0,20.0,20.0,3.552713678800501e-15,20.000000000000004,0.0,0.0,0.0,99,17.0,56-26,30,UNAVAILABLE,UNAVAILABLE,515.0,960,24.81111327823575,25.0,1.9651823556000805,1.800513730541525,0.9855072463768116,VALUE
AUSTIN_DRE_PHASE_3,AUSTIN_DOWNFALL_STATE_MODEL_V1,NCAAB_H1_2_AUSTIN_TRANSFER_V1,1486b0beba90eeea,NCAAB_20260118_PSU_MD,KXNCAAMBGAME-26JAN18PSUMD-MD,H1_2,8,2026-01-18T18:08:00+00:00,2,840,HEALTHY,0,CI_POSITIVE,NORMAL_SUPPORT,20.000000000000004,20.0,20.0,20.0,3.552713678800501e-15,20.000000000000004,0.0,0.0,0.0,99,17.0,56-26,30,UNAVAILABLE,UNAVAILABLE,515.0,840,24.81111327823575,25.0,1.9651823556000805,1.800513730541525,0.9855072463768116,VALUE
AUSTIN_DRE_PHASE_3,AUSTIN_DOWNFALL_STATE_MODEL_V1,NCAAB_H1_2_AUSTIN_TRANSFER_V1,1486b0beba90eeea,NCAAB_20260118_PSU_MD,KXNCAAMBGAME-26JAN18PSUMD-MD,H1_2,9,2026-01-18T18:08:00+00:00,2,720,HEALTHY,0,CI_POSITIVE,NORMAL_SUPPORT,20.000000000000004,20.0,20.0,20.0,3.552713678800501e-15,20.000000000000004,0.0,0.0,0.0,99,17.0,56-26,30,UNAVAILABLE,UNAVAILABLE,515.0,720,24.81111327823575,25.0,1.9651823556000805,1.800513730541525,0.9855072463768116,VALUE
AUSTIN_DRE_PHASE_3,AUSTIN_DOWNFALL_STATE_MODEL_V1,NCAAB_H1_2_AUSTIN_TRANSFER_V1,1486b0beba90eeea,NCAAB_20260118_PSU_MD,KXNCAAMBGAME-26JAN18PSUMD-MD,H1_2,10,2026-01-18T18:08:00+00:00,2,600,HEALTHY,0,CI_POSITIVE,NORMAL_SUPPORT,20.000000000000004,20.0,20.0,20.0,3.552713678800501e-15,20.000000000000004,0.0,0.0,0.0,99,17.0,56-26,30,UNAVAILABLE,UNAVAILABLE,515.0,600,24.81111327823575,25.0,1.9651823556000805,1.800513730541525,0.9855072463768116,VALUE
AUSTIN_DRE_PHASE_3,AUSTIN_DOWNFALL_STATE_MODEL_V1,NCAAB_H1_2_AUSTIN_TRANSFER_V1,1486b0beba90eeea,NCAAB_20260118_PSU_MD,KXNCAAMBGAME-26JAN18PSUMD-MD,H1_2,11,2026-01-18T18:08:00+00:00,2,480,HEALTHY,0,CI_POSITIVE,NORMAL_SUPPORT,20.000000000000004,20.0,20.0,20.0,3.552713678800501e-15,20.000000000000004,0.0,0.0,0.0,99,17.0,56-26,30,UNAVAILABLE,UNAVAILABLE,515.0,480,24.81111327823575,25.0,1.9651823556000805,1.800513730541525,0.9855072463768116,VALUE
AUSTIN_DRE_PHASE_3,AUSTIN_DOWNFALL_STATE_MODEL_V1,NCAAB_H1_2_AUSTIN_TRANSFER_V1,1486b0beba90eeea,NCAAB_20260118_PSU_MD,KXNCAAMBGAME-26JAN18PSUMD-MD,H1_2,12,2026-01-18T18:08:00+00:00,2,360,HEALTHY,0,CI_POSITIVE,NORMAL_SUPPORT,20.000000000000004,20.0,20.0,20.0,3.552713678800501e-15,20.000000000000004,0.0,0.0,0.0,99,17.0,56-26,30,UNAVAILABLE,UNAVAILABLE,515.0,360,24.81111327823575,25.0,1.9651823556000805,1.800513730541525,0.9855072463768116,VALUE
AUSTIN_DRE_PHASE_3,AUSTIN_DOWNFALL_STATE_MODEL_V1,NCAAB_H1_2_AUSTIN_TRANSFER_V1,1486b0beba90eeea,NCAAB_20260118_PSU_MD,KXNCAAMBGAME-26JAN18PSUMD-MD,H1_2,13,2026-01-18T18:08:00+00:00,2,240,HEALTHY,0,CI_POSITIVE,NORMAL_SUPPORT,20.000000000000004,20.0,20.0,20.0,3.552713678800501e-15,20.000000000000004,0.0,0.0,0.0,99,17.0,56-26,30,UNAVAILABLE,UNAVAILABLE,515.0,240,24.81111327823575,25.0,1.9651823556000805,1.800513730541525,0.9855072463768116,VALUE
AUSTIN_DRE_PHASE_3,AUSTIN_DOWNFALL_STATE_MODEL_V1,NCAAB_H1_2_AUSTIN_TRANSFER_V1,1486b0beba90eeea,NCAAB_20260118_PSU_MD,KXNCAAMBGAME-26JAN18PSUMD-MD,H1_2,14,2026-01-18T18:08:00+00:00,2,120,HEALTHY,0,CI_POSITIVE,NORMAL_SUPPORT,20.000000000000004,20.0,20.0,20.0,3.552713678800501e-15,20.000000000000004,0.0,0.0,0.0,99,17.0,56-26,30,UNAVAILABLE,UNAVAILABLE,515.0,120,24.81111327823575,25.0,1.9651823556000805,1.800513730541525,0.9855072463768116,VALUE
AUSTIN_DRE_PHASE_3,AUSTIN_DOWNFALL_STATE_MODEL_V1,NCAAB_H1_2_AUSTIN_TRANSFER_V1,1486b0beba90eeea,NCAAB_20260118_PSU_MD,KXNCAAMBGAME-26JAN18PSUMD-MD,H1_2,15,2026-01-18T19:07:37+00:00,2,0,HEALTHY,0,CI_POSITIVE,NORMAL_SUPPORT,19.999999999999996,20.0,20.0,20.0,-3.552713678800501e-15,20.000000000000004,-7.105427357601002e-15,-3.552713678800501e-15,-1.7763568394002505e-15,99,17.0,96-73,23,UNAVAILABLE,UNAVAILABLE,1715.0,0,24.78926106728311,25.0,0.8184657647246033,0.8288086444651148,1.0,VALUE
AUSTIN_DRE_PHASE_3,AUSTIN_DOWNFALL_STATE_MODEL_V1,NCAAB_H1_2_AUSTIN_TRANSFER_V1,b05c00e26d4dbf83,NCAAB_20260120_VAN_ARK,KXNCAAMBGAME-26JAN20VANARK-ARK,H1_2,0,2026-01-21T02:10:42+00:00,1,480,UNRESOLVED,0,CI_UNAVAILABLE,SUPPORT_UNAVAILABLE,UNAVAILABLE,UNAVAILABLE,UNAVAILABLE,UNAVAILABLE,UNAVAILABLE,UNAVAILABLE,UNAVAILABLE,UNAVAILABLE,UNAVAILABLE,50,UNAVAILABLE,0-0,0,UNAVAILABLE,UNAVAILABLE,UNAVAILABLE,1680,UNAVAILABLE,UNAVAILABLE,UNAVAILABLE,UNAVAILABLE,0.30434782608695654,NOT_APPLICABLE
AUSTIN_DRE_PHASE_3,AUSTIN_DOWNFALL_STATE_MODEL_V1,NCAAB_H1_2_AUSTIN_TRANSFER_V1,b05c00e26d4dbf83,NCAAB_20260120_VAN_ARK,KXNCAAMBGAME-26JAN20VANARK-ARK,H1_2,1,2026-01-21T02:10:42+00:00,1,360,UNRESOLVED,0,CI_UNAVAILABLE,SUPPORT_UNAVAILABLE,UNAVAILABLE,UNAVAILABLE,UNAVAILABLE,UNAVAILABLE,UNAVAILABLE,UNAVAILABLE,UNAVAILABLE,UNAVAILABLE,UNAVAILABLE,50,UNAVAILABLE,0-0,0,UNAVAILABLE,UNAVAILABLE,UNAVAILABLE,1560,UNAVAILABLE,UNAVAILABLE,UNAVAILABLE,UNAVAILABLE,0.30434782608695654,NOT_APPLICABLE
AUSTIN_DRE_PHASE_3,AUSTIN_DOWNFALL_STATE_MODEL_V1,NCAAB_H1_2_AUSTIN_TRANSFER_V1,b05c00e26d4dbf83,NCAAB_20260120_VAN_ARK,KXNCAAMBGAME-26JAN20VANARK-ARK,H1_2,2,2026-01-21T02:10:42+00:00,1,240,UNRESOLVED,0,CI_UNAVAILABLE,SUPPORT_UNAVAILABLE,UNAVAILABLE,UNAVAILABLE,UNAVAILABLE,UNAVAILABLE,UNAVAILABLE,UNAVAILABLE,UNAVAILABLE,UNAVAILABLE,UNAVAILABLE,50,UNAVAILABLE,0-0,0,UNAVAILABLE,UNAVAILABLE,UNAVAILABLE,1440,UNAVAILABLE,UNAVAILABLE,UNAVAILABLE,UNAVAILABLE,0.30434782608695654,NOT_APPLICABLE
AUSTIN_DRE_PHASE_3,AUSTIN_DOWNFALL_STATE_MODEL_V1,NCAAB_H1_2_AUSTIN_TRANSFER_V1,b05c00e26d4dbf83,NCAAB_20260120_VAN_ARK,KXNCAAMBGAME-26JAN20VANARK-ARK,H1_2,3,2026-01-21T02:51:27+00:00,1,120,WATCH_NEGATIVE,1,CI_NEGATIVE,NORMAL_SUPPORT,-24.567859935082208,-44.0,-4.0,-24.567859935082208,0.0,UNAVAILABLE,UNAVAILABLE,UNAVAILABLE,UNAVAILABLE,84,2.0,43-30,13,UNAVAILABLE,UNAVAILABLE,412.0,1320,24.568339146336097,25.0,0.434591791730444,0.46084790395271225,0.9855072463768116,VALUE
AUSTIN_DRE_PHASE_3,AUSTIN_DOWNFALL_STATE_MODEL_V1,NCAAB_H1_2_AUSTIN_TRANSFER_V1,b05c00e26d4dbf83,NCAAB_20260120_VAN_ARK,KXNCAAMBGAME-26JAN20VANARK-ARK,H1_2,4,2026-01-21T02:54:37+00:00,1,0,RECOVERING,0,CI_POSITIVE,NORMAL_SUPPORT,20.000000000000004,20.0,20.0,-24.567859935082208,44.56785993508221,-24.567859935082208,44.56785993508221,22.283929967541106,UNAVAILABLE,80,-2.0,46-35,11,UNAVAILABLE,UNAVAILABLE,532.0,1200,24.994545426023727,25.0,0.4527053489830118,0.45404487554220574,0.9855072463768116,VALUE
AUSTIN_DRE_PHASE_3,AUSTIN_DOWNFALL_STATE_MODEL_V1,NCAAB_H1_2_AUSTIN_TRANSFER_V1,b05c00e26d4dbf83,NCAAB_20260120_VAN_ARK,KXNCAAMBGAME-26JAN20VANARK-ARK,H1_2,5,2026-01-21T03:09:18+00:00,2,1200,WATCH_NEGATIVE,1,CI_CROSSES_ZERO,NORMAL_SUPPORT,-0.21476485584539395,-16.0,16.0,-24.567859935082208,24.353095079236812,20.000000000000004,-20.2147648558454,UNAVAILABLE,UNAVAILABLE,78,-4.0,46-35,11,UNAVAILABLE,UNAVAILABLE,532.0,1200,24.81634033555937,25.0,1.198239574168612,1.2135891062880053,0.9855072463768116,VALUE
AUSTIN_DRE_PHASE_3,AUSTIN_DOWNFALL_STATE_MODEL_V1,NCAAB_H1_2_AUSTIN_TRANSFER_V1,b05c00e26d4dbf83,NCAAB_20260120_VAN_ARK,KXNCAAMBGAME-26JAN20VANARK-ARK,H1_2,6,2026-01-21T03:14:01+00:00,2,1080,PERSISTENCE_2,2,CI_CROSSES_ZERO,NORMAL_SUPPORT,-12.381480872451572,-28.0,4.0,-24.567859935082208,12.186379062630635,-0.21476485584539395,-12.166716016606179,-6.083358008303089,UNAVAILABLE,83,1.0,50-37,13,UNAVAILABLE,UNAVAILABLE,652.0,1080,24.628448075378845,25.0,0.7119375999960894,0.749126875918261,1.0,VALUE
AUSTIN_DRE_PHASE_3,AUSTIN_DOWNFALL_STATE_MODEL_V1,NCAAB_H1_2_AUSTIN_TRANSFER_V1,b05c00e26d4dbf83,NCAAB_20260120_VAN_ARK,KXNCAAMBGAME-26JAN20VANARK-ARK,H1_2,7,2026-01-21T03:09:18+00:00,2,960,PERSISTENCE_3PLUS,3,CI_CROSSES_ZERO,NORMAL_SUPPORT,-0.21476485584539395,-16.0,16.0,-24.567859935082208,24.353095079236812,-12.381480872451572,12.166716016606179,6.083358008303089,6.083358008303089,78,-4.0,46-35,11,UNAVAILABLE,UNAVAILABLE,532.0,960,24.81634033555937,25.0,1.198239574168612,1.2135891062880053,0.9855072463768116,VALUE
AUSTIN_DRE_PHASE_3,AUSTIN_DOWNFALL_STATE_MODEL_V1,NCAAB_H1_2_AUSTIN_TRANSFER_V1,b05c00e26d4dbf83,NCAAB_20260120_VAN_ARK,KXNCAAMBGAME-26JAN20VANARK-ARK,H1_2,8,2026-01-21T03:09:18+00:00,2,840,PERSISTENCE_3PLUS,4,CI_CROSSES_ZERO,NORMAL_SUPPORT,-0.21476485584539395,-16.0,16.0,-24.567859935082208,24.353095079236812,-0.21476485584539395,0.0,0.0,-3.0416790041515447,78,-4.0,46-35,11,UNAVAILABLE,UNAVAILABLE,532.0,840,24.81634033555937,25.0,1.198239574168612,1.2135891062880053,0.9855072463768116,VALUE
AUSTIN_DRE_PHASE_3,AUSTIN_DOWNFALL_STATE_MODEL_V1,NCAAB_H1_2_AUSTIN_TRANSFER_V1,b05c00e26d4dbf83,NCAAB_20260120_VAN_ARK,KXNCAAMBGAME-26JAN20VANARK-ARK,H1_2,9,2026-01-21T03:09:18+00:00,2,720,PERSISTENCE_3PLUS,5,CI_CROSSES_ZERO,NORMAL_SUPPORT,-0.21476485584539395,-16.0,16.0,-24.567859935082208,24.353095079236812,-0.21476485584539395,0.0,0.0,0.0,78,-4.0,46-35,11,UNAVAILABLE,UNAVAILABLE,532.0,720,24.81634033555937,25.0,1.198239574168612,1.2135891062880053,0.9855072463768116,VALUE
AUSTIN_DRE_PHASE_3,AUSTIN_DOWNFALL_STATE_MODEL_V1,NCAAB_H1_2_AUSTIN_TRANSFER_V1,b05c00e26d4dbf83,NCAAB_20260120_VAN_ARK,KXNCAAMBGAME-26JAN20VANARK-ARK,H1_2,10,2026-01-21T03:09:18+00:00,2,600,PERSISTENCE_3PLUS,6,CI_CROSSES_ZERO,NORMAL_SUPPORT,-0.21476485584539395,-16.0,16.0,-24.567859935082208,24.353095079236812,-0.21476485584539395,0.0,0.0,0.0,78,-4.0,46-35,11,UNAVAILABLE,UNAVAILABLE,532.0,600,24.81634033555937,25.0,1.198239574168612,1.2135891062880053,0.9855072463768116,VALUE
AUSTIN_DRE_PHASE_3,AUSTIN_DOWNFALL_STATE_MODEL_V1,NCAAB_H1_2_AUSTIN_TRANSFER_V1,b05c00e26d4dbf83,NCAAB_20260120_VAN_ARK,KXNCAAMBGAME-26JAN20VANARK-ARK,H1_2,11,2026-01-21T03:09:18+00:00,2,480,PERSISTENCE_3PLUS,7,CI_CROSSES_ZERO,NORMAL_SUPPORT,-0.21476485584539395,-16.0,16.0,-24.567859935082208,24.353095079236812,-0.21476485584539395,0.0,0.0,0.0,78,-4.0,46-35,11,UNAVAILABLE,UNAVAILABLE,532.0,480,24.81634033555937,25.0,1.198239574168612,1.2135891062880053,0.9855072463768116,VALUE
AUSTIN_DRE_PHASE_3,AUSTIN_DOWNFALL_STATE_MODEL_V1,NCAAB_H1_2_AUSTIN_TRANSFER_V1,b05c00e26d4dbf83,NCAAB_20260120_VAN_ARK,KXNCAAMBGAME-26JAN20VANARK-ARK,H1_2,12,2026-01-21T03:09:18+00:00,2,360,PERSISTENCE_3PLUS,8,CI_CROSSES_ZERO,NORMAL_SUPPORT,-0.21476485584539395,-16.0,16.0,-24.567859935082208,24.353095079236812,-0.21476485584539395,0.0,0.0,0.0,78,-4.0,46-35,11,UNAVAILABLE,UNAVAILABLE,532.0,360,24.81634033555937,25.0,1.198239574168612,1.2135891062880053,0.9855072463768116,VALUE
AUSTIN_DRE_PHASE_3,AUSTIN_DOWNFALL_STATE_MODEL_V1,NCAAB_H1_2_AUSTIN_TRANSFER_V1,b05c00e26d4dbf83,NCAAB_20260120_VAN_ARK,KXNCAAMBGAME-26JAN20VANARK-ARK,H1_2,13,2026-01-21T03:09:18+00:00,2,240,PERSISTENCE_3PLUS,9,CI_CROSSES_ZERO,NORMAL_SUPPORT,-0.21476485584539395,-16.0,16.0,-24.567859935082208,24.353095079236812,-0.21476485584539395,0.0,0.0,0.0,78,-4.0,46-35,11,UNAVAILABLE,UNAVAILABLE,532.0,240,24.81634033555937,25.0,1.198239574168612,1.2135891062880053,0.9855072463768116,VALUE
AUSTIN_DRE_PHASE_3,AUSTIN_DOWNFALL_STATE_MODEL_V1,NCAAB_H1_2_AUSTIN_TRANSFER_V1,b05c00e26d4dbf83,NCAAB_20260120_VAN_ARK,KXNCAAMBGAME-26JAN20VANARK-ARK,H1_2,14,2026-01-21T03:09:18+00:00,2,120,PERSISTENCE_3PLUS,10,CI_CROSSES_ZERO,NORMAL_SUPPORT,-0.21476485584539395,-16.0,16.0,-24.567859935082208,24.353095079236812,-0.21476485584539395,0.0,0.0,0.0,78,-4.0,46-35,11,UNAVAILABLE,UNAVAILABLE,532.0,120,24.81634033555937,25.0,1.198239574168612,1.2135891062880053,0.9855072463768116,VALUE
AUSTIN_DRE_PHASE_3,AUSTIN_DOWNFALL_STATE_MODEL_V1,NCAAB_H1_2_AUSTIN_TRANSFER_V1,b05c00e26d4dbf83,NCAAB_20260120_VAN_ARK,KXNCAAMBGAME-26JAN20VANARK-ARK,H1_2,15,2026-01-21T04:06:19+00:00,2,0,RECOVERING,0,CI_POSITIVE,NORMAL_SUPPORT,20.000000000000004,20.0,20.0,-24.567859935082208,44.56785993508221,-0.21476485584539395,20.2147648558454,10.1073824279227,5.05369121396135,99,17.0,93-68,25,UNAVAILABLE,UNAVAILABLE,1732.0,0,24.35660753662902,25.0,0.8047480957187407,0.8469789383836688,1.0,VALUE
AUSTIN_DRE_PHASE_3,AUSTIN_DOWNFALL_STATE_MODEL_V1,NCAAB_H1_2_AUSTIN_TRANSFER_V1,3dcbc8ce3f690f82,NCAAB_20260120_AUB_MISS,KXNCAAMBGAME-26JAN20AUBMISS-AUB,H1_2,0,2026-01-21T02:05:24+00:00,1,120,UNRESOLVED,0,CI_UNAVAILABLE,SUPPORT_UNAVAILABLE,UNAVAILABLE,UNAVAILABLE,UNAVAILABLE,UNAVAILABLE,UNAVAILABLE,UNAVAILABLE,UNAVAILABLE,UNAVAILABLE,UNAVAILABLE,61,UNAVAILABLE,0-0,0,UNAVAILABLE,UNAVAILABLE,UNAVAILABLE,1320,UNAVAILABLE,UNAVAILABLE,UNAVAILABLE,UNAVAILABLE,0.30434782608695654,NOT_APPLICABLE
AUSTIN_DRE_PHASE_3,AUSTIN_DOWNFALL_STATE_MODEL_V1,NCAAB_H1_2_AUSTIN_TRANSFER_V1,3dcbc8ce3f690f82,NCAAB_20260120_AUB_MISS,KXNCAAMBGAME-26JAN20AUBMISS-AUB,H1_2,1,2026-01-21T02:53:36+00:00,1,0,HEALTHY,0,CI_POSITIVE,NORMAL_SUPPORT,20.000000000000004,20.0,20.0,20.000000000000004,0.0,UNAVAILABLE,UNAVAILABLE,UNAVAILABLE,UNAVAILABLE,61,-19.0,27-28,-1,UNAVAILABLE,UNAVAILABLE,239.0,1200,24.993138142941618,25.0,1.0121091428627487,1.0051342722996026,0.9710144927536232,VALUE
AUSTIN_DRE_PHASE_3,AUSTIN_DOWNFALL_STATE_MODEL_V1,NCAAB_H1_2_AUSTIN_TRANSFER_V1,3dcbc8ce3f690f82,NCAAB_20260120_AUB_MISS,KXNCAAMBGAME-26JAN20AUBMISS-AUB,H1_2,2,2026-01-21T03:09:12+00:00,2,1200,HEALTHY,0,CI_CROSSES_ZERO,NORMAL_SUPPORT,8.137622015059407,-8.0,20.0,20.000000000000004,-11.862377984940597,20.000000000000004,-11.862377984940597,UNAVAILABLE,UNAVAILABLE,63,-17.0,27-28,-1,UNAVAILABLE,UNAVAILABLE,239.0,1200,24.982890106737308,25.0,1.6832283374898693,1.7078276703040305,0.9710144927536232,VALUE
AUSTIN_DRE_PHASE_3,AUSTIN_DOWNFALL_STATE_MODEL_V1,NCAAB_H1_2_AUSTIN_TRANSFER_V1,3dcbc8ce3f690f82,NCAAB_20260120_AUB_MISS,KXNCAAMBGAME-26JAN20AUBMISS-AUB,H1_2,3,2026-01-21T03:09:12+00:00,2,1080,HEALTHY,0,CI_CROSSES_ZERO,NORMAL_SUPPORT,8.137622015059407,-8.0,20.0,20.000000000000004,-11.862377984940597,8.137622015059407,0.0,0.0,UNAVAILABLE,63,-17.0,27-28,-1,UNAVAILABLE,UNAVAILABLE,239.0,1080,24.982890106737308,25.0,1.6832283374898693,1.7078276703040305,0.9710144927536232,VALUE
AUSTIN_DRE_PHASE_3,AUSTIN_DOWNFALL_STATE_MODEL_V1,NCAAB_H1_2_AUSTIN_TRANSFER_V1,3dcbc8ce3f690f82,NCAAB_20260120_AUB_MISS,KXNCAAMBGAME-26JAN20AUBMISS-AUB,H1_2,4,2026-01-21T03:09:12+00:00,2,960,HEALTHY,0,CI_CROSSES_ZERO,NORMAL_SUPPORT,8.137622015059407,-8.0,20.0,20.000000000000004,-11.862377984940597,8.137622015059407,0.0,0.0,0.0,63,-17.0,27-28,-1,UNAVAILABLE,UNAVAILABLE,239.0,960,24.982890106737308,25.0,1.6832283374898693,1.7078276703040305,0.9710144927536232,VALUE
AUSTIN_DRE_PHASE_3,AUSTIN_DOWNFALL_STATE_MODEL_V1,NCAAB_H1_2_AUSTIN_TRANSFER_V1,3dcbc8ce3f690f82,NCAAB_20260120_AUB_MISS,KXNCAAMBGAME-26JAN20AUBMISS-AUB,H1_2,5,2026-01-21T03:09:12+00:00,2,840,HEALTHY,0,CI_CROSSES_ZERO,NORMAL_SUPPORT,8.137622015059407,-8.0,20.0,20.000000000000004,-11.862377984940597,8.137622015059407,0.0,0.0,0.0,63,-17.0,27-28,-1,UNAVAILABLE,UNAVAILABLE,239.0,840,24.982890106737308,25.0,1.6832283374898693,1.7078276703040305,0.9710144927536232,VALUE
AUSTIN_DRE_PHASE_3,AUSTIN_DOWNFALL_STATE_MODEL_V1,NCAAB_H1_2_AUSTIN_TRANSFER_V1,3dcbc8ce3f690f82,NCAAB_20260120_AUB_MISS,KXNCAAMBGAME-26JAN20AUBMISS-AUB,H1_2,6,2026-01-21T03:09:12+00:00,2,720,HEALTHY,0,CI_CROSSES_ZERO,NORMAL_SUPPORT,8.137622015059407,-8.0,20.0,20.000000000000004,-11.862377984940597,8.137622015059407,0.0,0.0,0.0,63,-17.0,27-28,-1,UNAVAILABLE,UNAVAILABLE,239.0,720,24.982890106737308,25.0,1.6832283374898693,1.7078276703040305,0.9710144927536232,VALUE
AUSTIN_DRE_PHASE_3,AUSTIN_DOWNFALL_STATE_MODEL_V1,NCAAB_H1_2_AUSTIN_TRANSFER_V1,3dcbc8ce3f690f82,NCAAB_20260120_AUB_MISS,KXNCAAMBGAME-26JAN20AUBMISS-AUB,H1_2,7,2026-01-21T03:09:12+00:00,2,600,HEALTHY,0,CI_CROSSES_ZERO,NORMAL_SUPPORT,8.137622015059407,-8.0,20.0,20.000000000000004,-11.862377984940597,8.137622015059407,0.0,0.0,0.0,63,-17.0,27-28,-1,UNAVAILABLE,UNAVAILABLE,239.0,600,24.982890106737308,25.0,1.6832283374898693,1.7078276703040305,0.9710144927536232,VALUE
AUSTIN_DRE_PHASE_3,AUSTIN_DOWNFALL_STATE_MODEL_V1,NCAAB_H1_2_AUSTIN_TRANSFER_V1,3dcbc8ce3f690f82,NCAAB_20260120_AUB_MISS,KXNCAAMBGAME-26JAN20AUBMISS-AUB,H1_2,8,2026-01-21T03:09:12+00:00,2,480,HEALTHY,0,CI_CROSSES_ZERO,NORMAL_SUPPORT,8.137622015059407,-8.0,20.0,20.000000000000004,-11.862377984940597,8.137622015059407,0.0,0.0,0.0,63,-17.0,27-28,-1,UNAVAILABLE,UNAVAILABLE,239.0,480,24.982890106737308,25.0,1.6832283374898693,1.7078276703040305,0.9710144927536232,VALUE
AUSTIN_DRE_PHASE_3,AUSTIN_DOWNFALL_STATE_MODEL_V1,NCAAB_H1_2_AUSTIN_TRANSFER_V1,3dcbc8ce3f690f82,NCAAB_20260120_AUB_MISS,KXNCAAMBGAME-26JAN20AUBMISS-AUB,H1_2,9,2026-01-21T03:09:12+00:00,2,360,HEALTHY,0,CI_CROSSES_ZERO,NORMAL_SUPPORT,8.137622015059407,-8.0,20.0,20.000000000000004,-11.862377984940597,8.137622015059407,0.0,0.0,0.0,63,-17.0,27-28,-1,UNAVAILABLE,UNAVAILABLE,239.0,360,24.982890106737308,25.0,1.6832283374898693,1.7078276703040305,0.9710144927536232,VALUE
AUSTIN_DRE_PHASE_3,AUSTIN_DOWNFALL_STATE_MODEL_V1,NCAAB_H1_2_AUSTIN_TRANSFER_V1,3dcbc8ce3f690f82,NCAAB_20260120_AUB_MISS,KXNCAAMBGAME-26JAN20AUBMISS-AUB,H1_2,10,2026-01-21T03:09:12+00:00,2,240,HEALTHY,0,CI_CROSSES_ZERO,NORMAL_SUPPORT,8.137622015059407,-8.0,20.0,20.000000000000004,-11.862377984940597,8.137622015059407,0.0,0.0,0.0,63,-17.0,27-28,-1,UNAVAILABLE,UNAVAILABLE,239.0,240,24.982890106737308,25.0,1.6832283374898693,1.7078276703040305,0.9710144927536232,VALUE
AUSTIN_DRE_PHASE_3,AUSTIN_DOWNFALL_STATE_MODEL_V1,NCAAB_H1_2_AUSTIN_TRANSFER_V1,3dcbc8ce3f690f82,NCAAB_20260120_AUB_MISS,KXNCAAMBGAME-26JAN20AUBMISS-AUB,H1_2,11,2026-01-21T03:09:12+00:00,2,120,HEALTHY,0,CI_CROSSES_ZERO,NORMAL_SUPPORT,8.137622015059407,-8.0,20.0,20.000000000000004,-11.862377984940597,8.137622015059407,0.0,0.0,0.0,63,-17.0,27-28,-1,UNAVAILABLE,UNAVAILABLE,239.0,120,24.982890106737308,25.0,1.6832283374898693,1.7078276703040305,0.9710144927536232,VALUE
AUSTIN_DRE_PHASE_3,AUSTIN_DOWNFALL_STATE_MODEL_V1,NCAAB_H1_2_AUSTIN_TRANSFER_V1,3dcbc8ce3f690f82,NCAAB_20260120_AUB_MISS,KXNCAAMBGAME-26JAN20AUBMISS-AUB,H1_2,12,2026-01-21T04:19:04+00:00,2,0,HEALTHY,0,CI_CROSSES_ZERO,NORMAL_SUPPORT,4.52603378194664,-8.0,16.0,20.000000000000004,-15.473966218053363,8.137622015059407,-3.6115882331127667,-1.8057941165563833,-0.9028970582781917,99,19.0,66-78,-12,UNAVAILABLE,UNAVAILABLE,1439.0,0,24.875263084159634,25.0,0.6274107911441802,0.631804949165212,1.0,VALUE
AUSTIN_DRE_PHASE_3,AUSTIN_DOWNFALL_STATE_MODEL_V1,NCAAB_H1_2_AUSTIN_TRANSFER_V1,4e9f2aaf642a4465,NCAAB_20260120_MSU_ORE,KXNCAAMBGAME-26JAN20MSUORE-MSU,H1_2,0,2026-01-21T02:16:02+00:00,1,120,UNRESOLVED,0,CI_UNAVAILABLE,SUPPORT_UNAVAILABLE,UNAVAILABLE,UNAVAILABLE,UNAVAILABLE,UNAVAILABLE,UNAVAILABLE,UNAVAILABLE,UNAVAILABLE,UNAVAILABLE,UNAVAILABLE,84,UNAVAILABLE,0-0,0,UNAVAILABLE,UNAVAILABLE,UNAVAILABLE,1320,UNAVAILABLE,UNAVAILABLE,UNAVAILABLE,UNAVAILABLE,0.30434782608695654,NOT_APPLICABLE
AUSTIN_DRE_PHASE_3,AUSTIN_DOWNFALL_STATE_MODEL_V1,NCAAB_H1_2_AUSTIN_TRANSFER_V1,4e9f2aaf642a4465,NCAAB_20260120_MSU_ORE,KXNCAAMBGAME-26JAN20MSUORE-MSU,H1_2,1,2026-01-21T03:01:10+00:00,1,0,HEALTHY,0,CI_POSITIVE,NORMAL_SUPPORT,20.000000000000004,20.0,20.0,20.000000000000004,0.0,UNAVAILABLE,UNAVAILABLE,UNAVAILABLE,UNAVAILABLE,81,-4.0,26-28,-2,UNAVAILABLE,UNAVAILABLE,200.0,1200,24.70440428736769,25.0,1.3440627572006587,1.2266903998910603,0.9710144927536232,VALUE
AUSTIN_DRE_PHASE_3,AUSTIN_DOWNFALL_STATE_MODEL_V1,NCAAB_H1_2_AUSTIN_TRANSFER_V1,4e9f2aaf642a4465,NCAAB_20260120_MSU_ORE,KXNCAAMBGAME-26JAN20MSUORE-MSU,H1_2,2,2026-01-21T03:14:06+00:00,2,1200,WATCH_NEGATIVE,1,CI_CROSSES_ZERO,NORMAL_SUPPORT,-3.2212695272144076,-20.0,12.0,20.000000000000004,-23.22126952721441,20.000000000000004,-23.22126952721441,UNAVAILABLE,UNAVAILABLE,82,-3.0,26-28,-2,UNAVAILABLE,UNAVAILABLE,200.0,1200,24.91228544771568,25.0,1.961171575186708,1.9683736073957154,0.9710144927536232,VALUE
AUSTIN_DRE_PHASE_3,AUSTIN_DOWNFALL_STATE_MODEL_V1,NCAAB_H1_2_AUSTIN_TRANSFER_V1,4e9f2aaf642a4465,NCAAB_20260120_MSU_ORE,KXNCAAMBGAME-26JAN20MSUORE-MSU,H1_2,3,2026-01-21T03:14:06+00:00,2,1080,PERSISTENCE_2,2,CI_CROSSES_ZERO,NORMAL_SUPPORT,-3.2212695272144076,-20.0,12.0,20.000000000000004,-23.22126952721441,-3.2212695272144076,0.0,0.0,UNAVAILABLE,82,-3.0,26-28,-2,UNAVAILABLE,UNAVAILABLE,200.0,1080,24.91228544771568,25.0,1.961171575186708,1.9683736073957154,0.9710144927536232,VALUE
AUSTIN_DRE_PHASE_3,AUSTIN_DOWNFALL_STATE_MODEL_V1,NCAAB_H1_2_AUSTIN_TRANSFER_V1,4e9f2aaf642a4465,NCAAB_20260120_MSU_ORE,KXNCAAMBGAME-26JAN20MSUORE-MSU,H1_2,4,2026-01-21T03:22:41+00:00,2,960,PERSISTENCE_3PLUS,3,CI_CROSSES_ZERO,NORMAL_SUPPORT,-10.480118907745354,-28.0,4.099999999999909,20.000000000000004,-30.480118907745357,-3.2212695272144076,-7.258849380530946,-3.629424690265473,-1.8147123451327365,72,-13.0,33-33,0,UNAVAILABLE,UNAVAILABLE,440.0,960,24.846021511665537,25.0,1.5600753380461456,1.5965832434641958,0.9855072463768116,VALUE
AUSTIN_DRE_PHASE_3,AUSTIN_DOWNFALL_STATE_MODEL_V1,NCAAB_H1_2_AUSTIN_TRANSFER_V1,4e9f2aaf642a4465,NCAAB_20260120_MSU_ORE,KXNCAAMBGAME-26JAN20MSUORE-MSU,H1_2,5,2026-01-21T03:14:06+00:00,2,840,PERSISTENCE_3PLUS,4,CI_CROSSES_ZERO,NORMAL_SUPPORT,-3.2212695272144076,-20.0,12.0,20.000000000000004,-23.22126952721441,-10.480118907745354,7.258849380530946,3.629424690265473,3.629424690265473,82,-3.0,26-28,-2,UNAVAILABLE,UNAVAILABLE,200.0,840,24.91228544771568,25.0,1.961171575186708,1.9683736073957154,0.9710144927536232,VALUE
AUSTIN_DRE_PHASE_3,AUSTIN_DOWNFALL_STATE_MODEL_V1,NCAAB_H1_2_AUSTIN_TRANSFER_V1,4e9f2aaf642a4465,NCAAB_20260120_MSU_ORE,KXNCAAMBGAME-26JAN20MSUORE-MSU,H1_2,6,2026-01-21T03:14:06+00:00,2,720,PERSISTENCE_3PLUS,5,CI_CROSSES_ZERO,NORMAL_SUPPORT,-3.2212695272144076,-20.0,12.0,20.000000000000004,-23.22126952721441,-3.2212695272144076,0.0,0.0,-1.8147123451327365,82,-3.0,26-28,-2,UNAVAILABLE,UNAVAILABLE,200.0,720,24.91228544771568,25.0,1.961171575186708,1.9683736073957154,0.9710144927536232,VALUE
AUSTIN_DRE_PHASE_3,AUSTIN_DOWNFALL_STATE_MODEL_V1,NCAAB_H1_2_AUSTIN_TRANSFER_V1,4e9f2aaf642a4465,NCAAB_20260120_MSU_ORE,KXNCAAMBGAME-26JAN20MSUORE-MSU,H1_2,7,2026-01-21T03:14:06+00:00,2,600,PERSISTENCE_3PLUS,6,CI_CROSSES_ZERO,NORMAL_SUPPORT,-3.2212695272144076,-20.0,12.0,20.000000000000004,-23.22126952721441,-3.2212695272144076,0.0,0.0,0.0,82,-3.0,26-28,-2,UNAVAILABLE,UNAVAILABLE,200.0,600,24.91228544771568,25.0,1.961171575186708,1.9683736073957154,0.9710144927536232,VALUE
AUSTIN_DRE_PHASE_3,AUSTIN_DOWNFALL_STATE_MODEL_V1,NCAAB_H1_2_AUSTIN_TRANSFER_V1,4e9f2aaf642a4465,NCAAB_20260120_MSU_ORE,KXNCAAMBGAME-26JAN20MSUORE-MSU,H1_2,8,2026-01-21T03:45:15+00:00,2,480,RECOVERING,0,CI_POSITIVE,NORMAL_SUPPORT,20.0,20.0,20.0,20.000000000000004,-3.552713678800501e-15,-3.2212695272144076,23.221269527214407,11.610634763607203,5.805317381803602,95,10.0,42-51,-9,UNAVAILABLE,UNAVAILABLE,920.0,480,24.47867474569804,25.0,0.8015690290714772,0.8478959016958283,1.0,VALUE
AUSTIN_DRE_PHASE_3,AUSTIN_DOWNFALL_STATE_MODEL_V1,NCAAB_H1_2_AUSTIN_TRANSFER_V1,4e9f2aaf642a4465,NCAAB_20260120_MSU_ORE,KXNCAAMBGAME-26JAN20MSUORE-MSU,H1_2,9,2026-01-21T03:14:06+00:00,2,360,WATCH_NEGATIVE,1,CI_CROSSES_ZERO,NORMAL_SUPPORT,-3.2212695272144076,-20.0,12.0,20.000000000000004,-23.22126952721441,20.0,-23.221269527214407,-11.610634763607203,-11.610634763607203,82,-3.0,26-28,-2,UNAVAILABLE,UNAVAILABLE,200.0,360,24.91228544771568,25.0,1.961171575186708,1.9683736073957154,0.9710144927536232,VALUE
AUSTIN_DRE_PHASE_3,AUSTIN_DOWNFALL_STATE_MODEL_V1,NCAAB_H1_2_AUSTIN_TRANSFER_V1,4e9f2aaf642a4465,NCAAB_20260120_MSU_ORE,KXNCAAMBGAME-26JAN20MSUORE-MSU,H1_2,10,2026-01-21T03:14:06+00:00,2,240,PERSISTENCE_2,2,CI_CROSSES_ZERO,NORMAL_SUPPORT,-3.2212695272144076,-20.0,12.0,20.000000000000004,-23.22126952721441,-3.2212695272144076,0.0,0.0,5.805317381803602,82,-3.0,26-28,-2,UNAVAILABLE,UNAVAILABLE,200.0,240,24.91228544771568,25.0,1.961171575186708,1.9683736073957154,0.9710144927536232,VALUE
AUSTIN_DRE_PHASE_3,AUSTIN_DOWNFALL_STATE_MODEL_V1,NCAAB_H1_2_AUSTIN_TRANSFER_V1,4e9f2aaf642a4465,NCAAB_20260120_MSU_ORE,KXNCAAMBGAME-26JAN20MSUORE-MSU,H1_2,11,2026-01-21T03:14:06+00:00,2,120,PERSISTENCE_3PLUS,3,CI_CROSSES_ZERO,NORMAL_SUPPORT,-3.2212695272144076,-20.0,12.0,20.000000000000004,-23.22126952721441,-3.2212695272144076,0.0,0.0,0.0,82,-3.0,26-28,-2,UNAVAILABLE,UNAVAILABLE,200.0,120,24.91228544771568,25.0,1.961171575186708,1.9683736073957154,0.9710144927536232,VALUE
AUSTIN_DRE_PHASE_3,AUSTIN_DOWNFALL_STATE_MODEL_V1,NCAAB_H1_2_AUSTIN_TRANSFER_V1,eb84767c95d5f96c,NCAAB_20260121_WVU_ASU,KXNCAAMBGAME-26JAN21WVUASU-ASU,H1_2,0,2026-01-22T02:03:05+00:00,1,480,UNRESOLVED,0,CI_UNAVAILABLE,SUPPORT_UNAVAILABLE,UNAVAILABLE,UNAVAILABLE,UNAVAILABLE,UNAVAILABLE,UNAVAILABLE,UNAVAILABLE,UNAVAILABLE,UNAVAILABLE,UNAVAILABLE,54,UNAVAILABLE,0-0,0,UNAVAILABLE,UNAVAILABLE,UNAVAILABLE,1680,UNAVAILABLE,UNAVAILABLE,UNAVAILABLE,UNAVAILABLE,0.30434782608695654,NOT_APPLICABLE
AUSTIN_DRE_PHASE_3,AUSTIN_DOWNFALL_STATE_MODEL_V1,NCAAB_H1_2_AUSTIN_TRANSFER_V1,eb84767c95d5f96c,NCAAB_20260121_WVU_ASU,KXNCAAMBGAME-26JAN21WVUASU-ASU,H1_2,1,2026-01-22T02:03:05+00:00,1,360,UNRESOLVED,0,CI_UNAVAILABLE,SUPPORT_UNAVAILABLE,UNAVAILABLE,UNAVAILABLE,UNAVAILABLE,UNAVAILABLE,UNAVAILABLE,UNAVAILABLE,UNAVAILABLE,UNAVAILABLE,UNAVAILABLE,54,UNAVAILABLE,0-0,0,UNAVAILABLE,UNAVAILABLE,UNAVAILABLE,1560,UNAVAILABLE,UNAVAILABLE,UNAVAILABLE,UNAVAILABLE,0.30434782608695654,NOT_APPLICABLE
AUSTIN_DRE_PHASE_3,AUSTIN_DOWNFALL_STATE_MODEL_V1,NCAAB_H1_2_AUSTIN_TRANSFER_V1,eb84767c95d5f96c,NCAAB_20260121_WVU_ASU,KXNCAAMBGAME-26JAN21WVUASU-ASU,H1_2,2,2026-01-22T02:03:05+00:00,1,240,UNRESOLVED,0,CI_UNAVAILABLE,SUPPORT_UNAVAILABLE,UNAVAILABLE,UNAVAILABLE,UNAVAILABLE,UNAVAILABLE,UNAVAILABLE,UNAVAILABLE,UNAVAILABLE,UNAVAILABLE,UNAVAILABLE,54,UNAVAILABLE,0-0,0,UNAVAILABLE,UNAVAILABLE,UNAVAILABLE,1440,UNAVAILABLE,UNAVAILABLE,UNAVAILABLE,UNAVAILABLE,0.30434782608695654,NOT_APPLICABLE
AUSTIN_DRE_PHASE_3,AUSTIN_DOWNFALL_STATE_MODEL_V1,NCAAB_H1_2_AUSTIN_TRANSFER_V1,eb84767c95d5f96c,NCAAB_20260121_WVU_ASU,KXNCAAMBGAME-26JAN21WVUASU-ASU,H1_2,3,2026-01-22T02:03:05+00:00,1,120,UNRESOLVED,0,CI_UNAVAILABLE,SUPPORT_UNAVAILABLE,UNAVAILABLE,UNAVAILABLE,UNAVAILABLE,UNAVAILABLE,UNAVAILABLE,UNAVAILABLE,UNAVAILABLE,UNAVAILABLE,UNAVAILABLE,54,UNAVAILABLE,0-0,0,UNAVAILABLE,UNAVAILABLE,UNAVAILABLE,1320,UNAVAILABLE,UNAVAILABLE,UNAVAILABLE,UNAVAILABLE,0.30434782608695654,NOT_APPLICABLE
AUSTIN_DRE_PHASE_3,AUSTIN_DOWNFALL_STATE_MODEL_V1,NCAAB_H1_2_AUSTIN_TRANSFER_V1,eb84767c95d5f96c,NCAAB_20260121_WVU_ASU,KXNCAAMBGAME-26JAN21WVUASU-ASU,H1_2,4,2026-01-22T02:47:19+00:00,1,0,WATCH_NEGATIVE,1,CI_NEGATIVE,NORMAL_SUPPORT,-42.650194236274004,-60.0,-24.0,-42.650194236274004,0.0,UNAVAILABLE,UNAVAILABLE,UNAVAILABLE,UNAVAILABLE,66,-15.0,37-35,2,UNAVAILABLE,UNAVAILABLE,589.0,1200,24.489781247481307,25.0,0.7949580252037635,0.7381949704443439,0.9855072463768116,VALUE
AUSTIN_DRE_PHASE_3,AUSTIN_DOWNFALL_STATE_MODEL_V1,NCAAB_H1_2_AUSTIN_TRANSFER_V1,eb84767c95d5f96c,NCAAB_20260121_WVU_ASU,KXNCAAMBGAME-26JAN21WVUASU-ASU,H1_2,5,2026-01-22T03:01:31+00:00,2,1200,PERSISTENCE_2,2,CI_NEGATIVE,NORMAL_SUPPORT,-48.11732257913231,-64.0,-28.0,-42.650194236274004,-5.4671283428583095,-42.650194236274004,-5.4671283428583095,UNAVAILABLE,UNAVAILABLE,57,-24.0,37-35,2,UNAVAILABLE,UNAVAILABLE,589.0,1200,24.96108435872875,25.0,1.5726096189755248,1.5663466404308242,0.9855072463768116,VALUE
AUSTIN_DRE_PHASE_3,AUSTIN_DOWNFALL_STATE_MODEL_V1,NCAAB_H1_2_AUSTIN_TRANSFER_V1,eb84767c95d5f96c,NCAAB_20260121_WVU_ASU,KXNCAAMBGAME-26JAN21WVUASU-ASU,H1_2,6,2026-01-22T03:01:31+00:00,2,1080,PERSISTENCE_3PLUS,3,CI_NEGATIVE,NORMAL_SUPPORT,-48.11732257913231,-64.0,-28.0,-42.650194236274004,-5.4671283428583095,-48.11732257913231,0.0,0.0,UNAVAILABLE,57,-24.0,37-35,2,UNAVAILABLE,UNAVAILABLE,589.0,1080,24.96108435872875,25.0,1.5726096189755248,1.5663466404308242,0.9855072463768116,VALUE
AUSTIN_DRE_PHASE_3,AUSTIN_DOWNFALL_STATE_MODEL_V1,NCAAB_H1_2_AUSTIN_TRANSFER_V1,eb84767c95d5f96c,NCAAB_20260121_WVU_ASU,KXNCAAMBGAME-26JAN21WVUASU-ASU,H1_2,7,2026-01-22T03:01:31+00:00,2,960,PERSISTENCE_3PLUS,4,CI_NEGATIVE,NORMAL_SUPPORT,-48.11732257913231,-64.0,-28.0,-42.650194236274004,-5.4671283428583095,-48.11732257913231,0.0,0.0,0.0,57,-24.0,37-35,2,UNAVAILABLE,UNAVAILABLE,589.0,960,24.96108435872875,25.0,1.5726096189755248,1.5663466404308242,0.9855072463768116,VALUE
AUSTIN_DRE_PHASE_3,AUSTIN_DOWNFALL_STATE_MODEL_V1,NCAAB_H1_2_AUSTIN_TRANSFER_V1,eb84767c95d5f96c,NCAAB_20260121_WVU_ASU,KXNCAAMBGAME-26JAN21WVUASU-ASU,H1_2,8,2026-01-22T03:01:31+00:00,2,840,PERSISTENCE_3PLUS,5,CI_NEGATIVE,NORMAL_SUPPORT,-48.11732257913231,-64.0,-28.0,-42.650194236274004,-5.4671283428583095,-48.11732257913231,0.0,0.0,0.0,57,-24.0,37-35,2,UNAVAILABLE,UNAVAILABLE,589.0,840,24.96108435872875,25.0,1.5726096189755248,1.5663466404308242,0.9855072463768116,VALUE
AUSTIN_DRE_PHASE_3,AUSTIN_DOWNFALL_STATE_MODEL_V1,NCAAB_H1_2_AUSTIN_TRANSFER_V1,eb84767c95d5f96c,NCAAB_20260121_WVU_ASU,KXNCAAMBGAME-26JAN21WVUASU-ASU,H1_2,9,2026-01-22T03:01:31+00:00,2,720,PERSISTENCE_3PLUS,6,CI_NEGATIVE,NORMAL_SUPPORT,-48.11732257913231,-64.0,-28.0,-42.650194236274004,-5.4671283428583095,-48.11732257913231,0.0,0.0,0.0,57,-24.0,37-35,2,UNAVAILABLE,UNAVAILABLE,589.0,720,24.96108435872875,25.0,1.5726096189755248,1.5663466404308242,0.9855072463768116,VALUE
AUSTIN_DRE_PHASE_3,AUSTIN_DOWNFALL_STATE_MODEL_V1,NCAAB_H1_2_AUSTIN_TRANSFER_V1,eb84767c95d5f96c,NCAAB_20260121_WVU_ASU,KXNCAAMBGAME-26JAN21WVUASU-ASU,H1_2,10,2026-01-22T03:01:31+00:00,2,600,PERSISTENCE_3PLUS,7,CI_NEGATIVE,NORMAL_SUPPORT,-48.11732257913231,-64.0,-28.0,-42.650194236274004,-5.4671283428583095,-48.11732257913231,0.0,0.0,0.0,57,-24.0,37-35,2,UNAVAILABLE,UNAVAILABLE,589.0,600,24.96108435872875,25.0,1.5726096189755248,1.5663466404308242,0.9855072463768116,VALUE
AUSTIN_DRE_PHASE_3,AUSTIN_DOWNFALL_STATE_MODEL_V1,NCAAB_H1_2_AUSTIN_TRANSFER_V1,eb84767c95d5f96c,NCAAB_20260121_WVU_ASU,KXNCAAMBGAME-26JAN21WVUASU-ASU,H1_2,11,2026-01-22T03:01:31+00:00,2,480,PERSISTENCE_3PLUS,8,CI_NEGATIVE,NORMAL_SUPPORT,-48.11732257913231,-64.0,-28.0,-42.650194236274004,-5.4671283428583095,-48.11732257913231,0.0,0.0,0.0,57,-24.0,37-35,2,UNAVAILABLE,UNAVAILABLE,589.0,480,24.96108435872875,25.0,1.5726096189755248,1.5663466404308242,0.9855072463768116,VALUE
AUSTIN_DRE_PHASE_3,AUSTIN_DOWNFALL_STATE_MODEL_V1,NCAAB_H1_2_AUSTIN_TRANSFER_V1,eb84767c95d5f96c,NCAAB_20260121_WVU_ASU,KXNCAAMBGAME-26JAN21WVUASU-ASU,H1_2,12,2026-01-22T03:01:31+00:00,2,360,PERSISTENCE_3PLUS,9,CI_NEGATIVE,NORMAL_SUPPORT,-48.11732257913231,-64.0,-28.0,-42.650194236274004,-5.4671283428583095,-48.11732257913231,0.0,0.0,0.0,57,-24.0,37-35,2,UNAVAILABLE,UNAVAILABLE,589.0,360,24.96108435872875,25.0,1.5726096189755248,1.5663466404308242,0.9855072463768116,VALUE
AUSTIN_DRE_PHASE_3,AUSTIN_DOWNFALL_STATE_MODEL_V1,NCAAB_H1_2_AUSTIN_TRANSFER_V1,eb84767c95d5f96c,NCAAB_20260121_WVU_ASU,KXNCAAMBGAME-26JAN21WVUASU-ASU,H1_2,13,2026-01-22T03:01:31+00:00,2,240,PERSISTENCE_3PLUS,10,CI_NEGATIVE,NORMAL_SUPPORT,-48.11732257913231,-64.0,-28.0,-42.650194236274004,-5.4671283428583095,-48.11732257913231,0.0,0.0,0.0,57,-24.0,37-35,2,UNAVAILABLE,UNAVAILABLE,589.0,240,24.96108435872875,25.0,1.5726096189755248,1.5663466404308242,0.9855072463768116,VALUE
AUSTIN_DRE_PHASE_3,AUSTIN_DOWNFALL_STATE_MODEL_V1,NCAAB_H1_2_AUSTIN_TRANSFER_V1,eb84767c95d5f96c,NCAAB_20260121_WVU_ASU,KXNCAAMBGAME-26JAN21WVUASU-ASU,H1_2,14,2026-01-22T03:53:38+00:00,2,120,PERSISTENCE_3PLUS,11,CI_NEGATIVE,NORMAL_SUPPORT,-61.50134956670941,-76.0,-44.0,-42.650194236274004,-18.851155330435404,-48.11732257913231,-13.384026987577094,-6.692013493788547,-3.3460067468942736,2,-79.0,59-70,-11,UNAVAILABLE,UNAVAILABLE,1669.0,120,24.918152914302727,25.0,1.0390234752679433,1.012707358054201,1.0,VALUE
AUSTIN_DRE_PHASE_3,AUSTIN_DOWNFALL_STATE_MODEL_V1,NCAAB_H1_2_AUSTIN_TRANSFER_V1,eb84767c95d5f96c,NCAAB_20260121_WVU_ASU,KXNCAAMBGAME-26JAN21WVUASU-ASU,H1_2,15,2026-01-22T03:57:30+00:00,2,0,PERSISTENCE_3PLUS,12,CI_NEGATIVE,NORMAL_SUPPORT,-22.062888970397246,-40.0,-4.0,-42.650194236274004,20.587305265876758,-61.50134956670941,39.43846059631216,19.71923029815608,13.205621895972314,2,-79.0,63-75,-12,UNAVAILABLE,UNAVAILABLE,1789.0,0,24.880645000764584,25.0,1.1744364681452897,1.1976050442449726,1.0,VALUE
AUSTIN_DRE_PHASE_3,AUSTIN_DOWNFALL_STATE_MODEL_V1,NCAAB_H1_2_AUSTIN_TRANSFER_V1,605cd9a880ceb9ec,NCAAB_20260121_VT_SYR,KXNCAAMBGAME-26JAN21VTSYR-SYR,H1_2,0,2026-01-22T02:05:47+00:00,1,120,UNRESOLVED,0,CI_UNAVAILABLE,SUPPORT_UNAVAILABLE,UNAVAILABLE,UNAVAILABLE,UNAVAILABLE,UNAVAILABLE,UNAVAILABLE,UNAVAILABLE,UNAVAILABLE,UNAVAILABLE,UNAVAILABLE,63,UNAVAILABLE,0-0,0,UNAVAILABLE,UNAVAILABLE,UNAVAILABLE,1320,UNAVAILABLE,UNAVAILABLE,UNAVAILABLE,UNAVAILABLE,0.30434782608695654,NOT_APPLICABLE
AUSTIN_DRE_PHASE_3,AUSTIN_DOWNFALL_STATE_MODEL_V1,NCAAB_H1_2_AUSTIN_TRANSFER_V1,605cd9a880ceb9ec,NCAAB_20260121_VT_SYR,KXNCAAMBGAME-26JAN21VTSYR-SYR,H1_2,1,2026-01-22T02:51:30+00:00,1,0,WATCH_NEGATIVE,1,CI_NEGATIVE,NORMAL_SUPPORT,-35.6181400914486,-56.0,-16.0,-35.6181400914486,0.0,UNAVAILABLE,UNAVAILABLE,UNAVAILABLE,UNAVAILABLE,75,-5.0,37-30,7,UNAVAILABLE,UNAVAILABLE,209.0,1200,24.997574856533674,25.0,0.6427285457724828,0.6402497128735914,0.9710144927536232,VALUE
AUSTIN_DRE_PHASE_3,AUSTIN_DOWNFALL_STATE_MODEL_V1,NCAAB_H1_2_AUSTIN_TRANSFER_V1,605cd9a880ceb9ec,NCAAB_20260121_VT_SYR,KXNCAAMBGAME-26JAN21VTSYR-SYR,H1_2,2,2026-01-22T03:03:05+00:00,2,1200,RECOVERING,0,CI_CROSSES_ZERO,NORMAL_SUPPORT,11.66813889748943,0.0,20.0,-35.6181400914486,47.28627898893803,-35.6181400914486,47.28627898893803,UNAVAILABLE,UNAVAILABLE,74,-6.0,37-30,7,UNAVAILABLE,UNAVAILABLE,209.0,1200,24.985856215182704,25.0,1.343318214372615,1.3543483791957713,0.9710144927536232,VALUE
AUSTIN_DRE_PHASE_3,AUSTIN_DOWNFALL_STATE_MODEL_V1,NCAAB_H1_2_AUSTIN_TRANSFER_V1,605cd9a880ceb9ec,NCAAB_20260121_VT_SYR,KXNCAAMBGAME-26JAN21VTSYR-SYR,H1_2,3,2026-01-22T03:03:05+00:00,2,1080,HEALTHY_AFTER_RECOVERY,0,CI_CROSSES_ZERO,NORMAL_SUPPORT,11.66813889748943,0.0,20.0,-35.6181400914486,47.28627898893803,11.66813889748943,0.0,0.0,UNAVAILABLE,74,-6.0,37-30,7,UNAVAILABLE,UNAVAILABLE,209.0,1080,24.985856215182704,25.0,1.343318214372615,1.3543483791957713,0.9710144927536232,VALUE
AUSTIN_DRE_PHASE_3,AUSTIN_DOWNFALL_STATE_MODEL_V1,NCAAB_H1_2_AUSTIN_TRANSFER_V1,605cd9a880ceb9ec,NCAAB_20260121_VT_SYR,KXNCAAMBGAME-26JAN21VTSYR-SYR,H1_2,4,2026-01-22T03:03:05+00:00,2,960,HEALTHY_AFTER_RECOVERY,0,CI_CROSSES_ZERO,NORMAL_SUPPORT,11.66813889748943,0.0,20.0,-35.6181400914486,47.28627898893803,11.66813889748943,0.0,0.0,0.0,74,-6.0,37-30,7,UNAVAILABLE,UNAVAILABLE,209.0,960,24.985856215182704,25.0,1.343318214372615,1.3543483791957713,0.9710144927536232,VALUE
AUSTIN_DRE_PHASE_3,AUSTIN_DOWNFALL_STATE_MODEL_V1,NCAAB_H1_2_AUSTIN_TRANSFER_V1,605cd9a880ceb9ec,NCAAB_20260121_VT_SYR,KXNCAAMBGAME-26JAN21VTSYR-SYR,H1_2,5,2026-01-22T03:20:28+00:00,2,840,WATCH_NEGATIVE,1,CI_CROSSES_ZERO,NORMAL_SUPPORT,-10.289804579790538,-28.0,8.0,-35.6181400914486,25.328335511658064,11.66813889748943,-21.95794347727997,-10.978971738639984,-5.489485869319992,77,-3.0,45-40,5,UNAVAILABLE,UNAVAILABLE,569.0,840,23.672071433528327,25.0,0.40889332728321326,0.42557789171863925,0.9855072463768116,VALUE
AUSTIN_DRE_PHASE_3,AUSTIN_DOWNFALL_STATE_MODEL_V1,NCAAB_H1_2_AUSTIN_TRANSFER_V1,605cd9a880ceb9ec,NCAAB_20260121_VT_SYR,KXNCAAMBGAME-26JAN21VTSYR-SYR,H1_2,6,2026-01-22T03:03:05+00:00,2,720,RECOVERING,0,CI_CROSSES_ZERO,NORMAL_SUPPORT,11.66813889748943,0.0,20.0,-35.6181400914486,47.28627898893803,-10.289804579790538,21.95794347727997,10.978971738639984,10.978971738639984,74,-6.0,37-30,7,UNAVAILABLE,UNAVAILABLE,209.0,720,24.985856215182704,25.0,1.343318214372615,1.3543483791957713,0.9710144927536232,VALUE
AUSTIN_DRE_PHASE_3,AUSTIN_DOWNFALL_STATE_MODEL_V1,NCAAB_H1_2_AUSTIN_TRANSFER_V1,605cd9a880ceb9ec,NCAAB_20260121_VT_SYR,KXNCAAMBGAME-26JAN21VTSYR-SYR,H1_2,7,2026-01-22T03:03:05+00:00,2,600,HEALTHY_AFTER_RECOVERY,0,CI_CROSSES_ZERO,NORMAL_SUPPORT,11.66813889748943,0.0,20.0,-35.6181400914486,47.28627898893803,11.66813889748943,0.0,0.0,-5.489485869319992,74,-6.0,37-30,7,UNAVAILABLE,UNAVAILABLE,209.0,600,24.985856215182704,25.0,1.343318214372615,1.3543483791957713,0.9710144927536232,VALUE
AUSTIN_DRE_PHASE_3,AUSTIN_DOWNFALL_STATE_MODEL_V1,NCAAB_H1_2_AUSTIN_TRANSFER_V1,605cd9a880ceb9ec,NCAAB_20260121_VT_SYR,KXNCAAMBGAME-26JAN21VTSYR-SYR,H1_2,8,2026-01-22T03:36:03+00:00,2,480,WATCH_NEGATIVE,1,CI_NEGATIVE,NORMAL_SUPPORT,-42.49527204177287,-60.0,-24.0,-35.6181400914486,-6.877131950324269,11.66813889748943,-54.1634109392623,-27.08170546963115,-13.540852734815575,58,-22.0,49-49,0,UNAVAILABLE,UNAVAILABLE,929.0,480,24.545629272491983,25.0,0.5427008205876894,0.5380043038645528,1.0,VALUE
AUSTIN_DRE_PHASE_3,AUSTIN_DOWNFALL_STATE_MODEL_V1,NCAAB_H1_2_AUSTIN_TRANSFER_V1,605cd9a880ceb9ec,NCAAB_20260121_VT_SYR,KXNCAAMBGAME-26JAN21VTSYR-SYR,H1_2,9,2026-01-22T03:03:05+00:00,2,360,RECOVERING,0,CI_CROSSES_ZERO,NORMAL_SUPPORT,11.66813889748943,0.0,20.0,-35.6181400914486,47.28627898893803,-42.49527204177287,54.1634109392623,27.08170546963115,27.08170546963115,74,-6.0,37-30,7,UNAVAILABLE,UNAVAILABLE,209.0,360,24.985856215182704,25.0,1.343318214372615,1.3543483791957713,0.9710144927536232,VALUE
AUSTIN_DRE_PHASE_3,AUSTIN_DOWNFALL_STATE_MODEL_V1,NCAAB_H1_2_AUSTIN_TRANSFER_V1,605cd9a880ceb9ec,NCAAB_20260121_VT_SYR,KXNCAAMBGAME-26JAN21VTSYR-SYR,H1_2,10,2026-01-22T03:03:05+00:00,2,240,HEALTHY_AFTER_RECOVERY,0,CI_CROSSES_ZERO,NORMAL_SUPPORT,11.66813889748943,0.0,20.0,-35.6181400914486,47.28627898893803,11.66813889748943,0.0,0.0,-13.540852734815575,74,-6.0,37-30,7,UNAVAILABLE,UNAVAILABLE,209.0,240,24.985856215182704,25.0,1.343318214372615,1.3543483791957713,0.9710144927536232,VALUE
AUSTIN_DRE_PHASE_3,AUSTIN_DOWNFALL_STATE_MODEL_V1,NCAAB_H1_2_AUSTIN_TRANSFER_V1,605cd9a880ceb9ec,NCAAB_20260121_VT_SYR,KXNCAAMBGAME-26JAN21VTSYR-SYR,H1_2,11,2026-01-22T03:03:05+00:00,2,120,HEALTHY_AFTER_RECOVERY,0,CI_CROSSES_ZERO,NORMAL_SUPPORT,11.66813889748943,0.0,20.0,-35.6181400914486,47.28627898893803,11.66813889748943,0.0,0.0,0.0,74,-6.0,37-30,7,UNAVAILABLE,UNAVAILABLE,209.0,120,24.985856215182704,25.0,1.343318214372615,1.3543483791957713,0.9710144927536232,VALUE
AUSTIN_DRE_PHASE_3,AUSTIN_DOWNFALL_STATE_MODEL_V1,NCAAB_H1_2_AUSTIN_TRANSFER_V1,605cd9a880ceb9ec,NCAAB_20260121_VT_SYR,KXNCAAMBGAME-26JAN21VTSYR-SYR,H1_2,12,2026-01-22T04:22:00+00:00,2,0,WATCH_NEGATIVE,1,CI_NEGATIVE,NORMAL_SUPPORT,-66.10257044517454,-76.09999999999991,-52.0,-35.6181400914486,-30.484430353725934,11.66813889748943,-77.77070934266396,-38.88535467133198,-19.44267733566599,5,-75.0,74-76,-2,UNAVAILABLE,UNAVAILABLE,1409.0,0,24.421373951270162,25.0,1.1689198107916132,1.2550144273510775,1.0,VALUE
AUSTIN_DRE_PHASE_3,AUSTIN_DOWNFALL_STATE_MODEL_V1,NCAAB_H1_2_AUSTIN_TRANSFER_V1,48764f045240f533,NCAAB_20260122_WIS_PSU,KXNCAAMBGAME-26JAN22WISPSU-WIS,H1_2,0,2026-01-23T00:01:59+00:00,1,480,UNRESOLVED,0,CI_UNAVAILABLE,SUPPORT_UNAVAILABLE,UNAVAILABLE,UNAVAILABLE,UNAVAILABLE,UNAVAILABLE,UNAVAILABLE,UNAVAILABLE,UNAVAILABLE,UNAVAILABLE,UNAVAILABLE,72,UNAVAILABLE,0-0,0,UNAVAILABLE,UNAVAILABLE,UNAVAILABLE,1680,UNAVAILABLE,UNAVAILABLE,UNAVAILABLE,UNAVAILABLE,0.30434782608695654,NOT_APPLICABLE
AUSTIN_DRE_PHASE_3,AUSTIN_DOWNFALL_STATE_MODEL_V1,NCAAB_H1_2_AUSTIN_TRANSFER_V1,48764f045240f533,NCAAB_20260122_WIS_PSU,KXNCAAMBGAME-26JAN22WISPSU-WIS,H1_2,1,2026-01-23T00:01:59+00:00,1,360,UNRESOLVED,0,CI_UNAVAILABLE,SUPPORT_UNAVAILABLE,UNAVAILABLE,UNAVAILABLE,UNAVAILABLE,UNAVAILABLE,UNAVAILABLE,UNAVAILABLE,UNAVAILABLE,UNAVAILABLE,UNAVAILABLE,72,UNAVAILABLE,0-0,0,UNAVAILABLE,UNAVAILABLE,UNAVAILABLE,1560,UNAVAILABLE,UNAVAILABLE,UNAVAILABLE,UNAVAILABLE,0.30434782608695654,NOT_APPLICABLE
AUSTIN_DRE_PHASE_3,AUSTIN_DOWNFALL_STATE_MODEL_V1,NCAAB_H1_2_AUSTIN_TRANSFER_V1,48764f045240f533,NCAAB_20260122_WIS_PSU,KXNCAAMBGAME-26JAN22WISPSU-WIS,H1_2,2,2026-01-23T00:01:59+00:00,1,240,UNRESOLVED,0,CI_UNAVAILABLE,SUPPORT_UNAVAILABLE,UNAVAILABLE,UNAVAILABLE,UNAVAILABLE,UNAVAILABLE,UNAVAILABLE,UNAVAILABLE,UNAVAILABLE,UNAVAILABLE,UNAVAILABLE,72,UNAVAILABLE,0-0,0,UNAVAILABLE,UNAVAILABLE,UNAVAILABLE,1440,UNAVAILABLE,UNAVAILABLE,UNAVAILABLE,UNAVAILABLE,0.30434782608695654,NOT_APPLICABLE
AUSTIN_DRE_PHASE_3,AUSTIN_DOWNFALL_STATE_MODEL_V1,NCAAB_H1_2_AUSTIN_TRANSFER_V1,48764f045240f533,NCAAB_20260122_WIS_PSU,KXNCAAMBGAME-26JAN22WISPSU-WIS,H1_2,3,2026-01-23T00:01:59+00:00,1,120,UNRESOLVED,0,CI_UNAVAILABLE,SUPPORT_UNAVAILABLE,UNAVAILABLE,UNAVAILABLE,UNAVAILABLE,UNAVAILABLE,UNAVAILABLE,UNAVAILABLE,UNAVAILABLE,UNAVAILABLE,UNAVAILABLE,72,UNAVAILABLE,0-0,0,UNAVAILABLE,UNAVAILABLE,UNAVAILABLE,1320,UNAVAILABLE,UNAVAILABLE,UNAVAILABLE,UNAVAILABLE,0.30434782608695654,NOT_APPLICABLE
AUSTIN_DRE_PHASE_3,AUSTIN_DOWNFALL_STATE_MODEL_V1,NCAAB_H1_2_AUSTIN_TRANSFER_V1,48764f045240f533,NCAAB_20260122_WIS_PSU,KXNCAAMBGAME-26JAN22WISPSU-WIS,H1_2,4,2026-01-23T00:50:02+00:00,1,0,HEALTHY,0,CI_POSITIVE,NORMAL_SUPPORT,20.000000000000004,20.0,20.0,20.000000000000004,0.0,UNAVAILABLE,UNAVAILABLE,UNAVAILABLE,UNAVAILABLE,98,17.0,22-50,-28,UNAVAILABLE,UNAVAILABLE,554.0,1200,24.93041300574223,25.0,1.066499954025478,1.020594579192366,0.9855072463768116,VALUE
AUSTIN_DRE_PHASE_3,AUSTIN_DOWNFALL_STATE_MODEL_V1,NCAAB_H1_2_AUSTIN_TRANSFER_V1,48764f045240f533,NCAAB_20260122_WIS_PSU,KXNCAAMBGAME-26JAN22WISPSU-WIS,H1_2,5,2026-01-23T01:05:54+00:00,2,1200,HEALTHY,0,CI_POSITIVE,NORMAL_SUPPORT,20.000000000000004,20.0,20.0,20.000000000000004,0.0,20.000000000000004,0.0,UNAVAILABLE,UNAVAILABLE,99,18.0,22-50,-28,UNAVAILABLE,UNAVAILABLE,554.0,1200,24.834736358613142,25.0,1.780406463672772,1.7803634094080099,0.9855072463768116,VALUE
AUSTIN_DRE_PHASE_3,AUSTIN_DOWNFALL_STATE_MODEL_V1,NCAAB_H1_2_AUSTIN_TRANSFER_V1,48764f045240f533,NCAAB_20260122_WIS_PSU,KXNCAAMBGAME-26JAN22WISPSU-WIS,H1_2,6,2026-01-23T01:08:46+00:00,2,1080,HEALTHY,0,CI_POSITIVE,NORMAL_SUPPORT,19.999999999999996,20.0,20.0,20.000000000000004,-7.105427357601002e-15,20.000000000000004,-7.105427357601002e-15,-3.552713678800501e-15,UNAVAILABLE,99,18.0,22-52,-30,UNAVAILABLE,UNAVAILABLE,674.0,1080,24.71093208141383,25.0,1.3951493492211697,1.4313857873035793,1.0,VALUE
AUSTIN_DRE_PHASE_3,AUSTIN_DOWNFALL_STATE_MODEL_V1,NCAAB_H1_2_AUSTIN_TRANSFER_V1,48764f045240f533,NCAAB_20260122_WIS_PSU,KXNCAAMBGAME-26JAN22WISPSU-WIS,H1_2,7,2026-01-23T01:05:54+00:00,2,960,HEALTHY,0,CI_POSITIVE,NORMAL_SUPPORT,20.000000000000004,20.0,20.0,20.000000000000004,0.0,19.999999999999996,7.105427357601002e-15,3.552713678800501e-15,3.552713678800501e-15,99,18.0,22-50,-28,UNAVAILABLE,UNAVAILABLE,554.0,960,24.834736358613142,25.0,1.780406463672772,1.7803634094080099,0.9855072463768116,VALUE
AUSTIN_DRE_PHASE_3,AUSTIN_DOWNFALL_STATE_MODEL_V1,NCAAB_H1_2_AUSTIN_TRANSFER_V1,48764f045240f533,NCAAB_20260122_WIS_PSU,KXNCAAMBGAME-26JAN22WISPSU-WIS,H1_2,8,2026-01-23T01:05:54+00:00,2,840,HEALTHY,0,CI_POSITIVE,NORMAL_SUPPORT,20.000000000000004,20.0,20.0,20.000000000000004,0.0,20.000000000000004,0.0,0.0,-1.7763568394002505e-15,99,18.0,22-50,-28,UNAVAILABLE,UNAVAILABLE,554.0,840,24.834736358613142,25.0,1.780406463672772,1.7803634094080099,0.9855072463768116,VALUE
AUSTIN_DRE_PHASE_3,AUSTIN_DOWNFALL_STATE_MODEL_V1,NCAAB_H1_2_AUSTIN_TRANSFER_V1,48764f045240f533,NCAAB_20260122_WIS_PSU,KXNCAAMBGAME-26JAN22WISPSU-WIS,H1_2,9,2026-01-23T01:05:54+00:00,2,720,HEALTHY,0,CI_POSITIVE,NORMAL_SUPPORT,20.000000000000004,20.0,20.0,20.000000000000004,0.0,20.000000000000004,0.0,0.0,0.0,99,18.0,22-50,-28,UNAVAILABLE,UNAVAILABLE,554.0,720,24.834736358613142,25.0,1.780406463672772,1.7803634094080099,0.9855072463768116,VALUE
AUSTIN_DRE_PHASE_3,AUSTIN_DOWNFALL_STATE_MODEL_V1,NCAAB_H1_2_AUSTIN_TRANSFER_V1,48764f045240f533,NCAAB_20260122_WIS_PSU,KXNCAAMBGAME-26JAN22WISPSU-WIS,H1_2,10,2026-01-23T01:05:54+00:00,2,600,HEALTHY,0,CI_POSITIVE,NORMAL_SUPPORT,20.000000000000004,20.0,20.0,20.000000000000004,0.0,20.000000000000004,0.0,0.0,0.0,99,18.0,22-50,-28,UNAVAILABLE,UNAVAILABLE,554.0,600,24.834736358613142,25.0,1.780406463672772,1.7803634094080099,0.9855072463768116,VALUE
AUSTIN_DRE_PHASE_3,AUSTIN_DOWNFALL_STATE_MODEL_V1,NCAAB_H1_2_AUSTIN_TRANSFER_V1,48764f045240f533,NCAAB_20260122_WIS_PSU,KXNCAAMBGAME-26JAN22WISPSU-WIS,H1_2,11,2026-01-23T01:05:54+00:00,2,480,HEALTHY,0,CI_POSITIVE,NORMAL_SUPPORT,20.000000000000004,20.0,20.0,20.000000000000004,0.0,20.000000000000004,0.0,0.0,0.0,99,18.0,22-50,-28,UNAVAILABLE,UNAVAILABLE,554.0,480,24.834736358613142,25.0,1.780406463672772,1.7803634094080099,0.9855072463768116,VALUE
AUSTIN_DRE_PHASE_3,AUSTIN_DOWNFALL_STATE_MODEL_V1,NCAAB_H1_2_AUSTIN_TRANSFER_V1,48764f045240f533,NCAAB_20260122_WIS_PSU,KXNCAAMBGAME-26JAN22WISPSU-WIS,H1_2,12,2026-01-23T01:05:54+00:00,2,360,HEALTHY,0,CI_POSITIVE,NORMAL_SUPPORT,20.000000000000004,20.0,20.0,20.000000000000004,0.0,20.000000000000004,0.0,0.0,0.0,99,18.0,22-50,-28,UNAVAILABLE,UNAVAILABLE,554.0,360,24.834736358613142,25.0,1.780406463672772,1.7803634094080099,0.9855072463768116,VALUE
AUSTIN_DRE_PHASE_3,AUSTIN_DOWNFALL_STATE_MODEL_V1,NCAAB_H1_2_AUSTIN_TRANSFER_V1,48764f045240f533,NCAAB_20260122_WIS_PSU,KXNCAAMBGAME-26JAN22WISPSU-WIS,H1_2,13,2026-01-23T01:05:54+00:00,2,240,HEALTHY,0,CI_POSITIVE,NORMAL_SUPPORT,20.000000000000004,20.0,20.0,20.000000000000004,0.0,20.000000000000004,0.0,0.0,0.0,99,18.0,22-50,-28,UNAVAILABLE,UNAVAILABLE,554.0,240,24.834736358613142,25.0,1.780406463672772,1.7803634094080099,0.9855072463768116,VALUE
AUSTIN_DRE_PHASE_3,AUSTIN_DOWNFALL_STATE_MODEL_V1,NCAAB_H1_2_AUSTIN_TRANSFER_V1,48764f045240f533,NCAAB_20260122_WIS_PSU,KXNCAAMBGAME-26JAN22WISPSU-WIS,H1_2,14,2026-01-23T01:05:54+00:00,2,120,HEALTHY,0,CI_POSITIVE,NORMAL_SUPPORT,20.000000000000004,20.0,20.0,20.000000000000004,0.0,20.000000000000004,0.0,0.0,0.0,99,18.0,22-50,-28,UNAVAILABLE,UNAVAILABLE,554.0,120,24.834736358613142,25.0,1.780406463672772,1.7803634094080099,0.9855072463768116,VALUE
AUSTIN_DRE_PHASE_3,AUSTIN_DOWNFALL_STATE_MODEL_V1,NCAAB_H1_2_AUSTIN_TRANSFER_V1,48764f045240f533,NCAAB_20260122_WIS_PSU,KXNCAAMBGAME-26JAN22WISPSU-WIS,H1_2,15,2026-01-23T01:54:39+00:00,2,0,HEALTHY,0,CI_POSITIVE,NORMAL_SUPPORT,20.0,20.0,20.0,20.000000000000004,-3.552713678800501e-15,20.000000000000004,-3.552713678800501e-15,-1.7763568394002505e-15,-8.881784197001252e-16,99,18.0,71-98,-27,UNAVAILABLE,UNAVAILABLE,1754.0,0,23.603303189709997,25.0,0.7885470424634243,0.8079905772473286,1.0,VALUE
AUSTIN_DRE_PHASE_3,AUSTIN_DOWNFALL_STATE_MODEL_V1,NCAAB_H1_2_AUSTIN_TRANSFER_V1,7c81e3f934d907fb,NCAAB_20260124_NCST_PITT,KXNCAAMBGAME-26JAN24NCSTPITT-NCST,H1_2,0,2026-01-24T17:01:15+00:00,1,120,UNRESOLVED,0,CI_UNAVAILABLE,SUPPORT_UNAVAILABLE,UNAVAILABLE,UNAVAILABLE,UNAVAILABLE,UNAVAILABLE,UNAVAILABLE,UNAVAILABLE,UNAVAILABLE,UNAVAILABLE,UNAVAILABLE,72,UNAVAILABLE,0-0,0,UNAVAILABLE,UNAVAILABLE,UNAVAILABLE,1320,UNAVAILABLE,UNAVAILABLE,UNAVAILABLE,UNAVAILABLE,0.30434782608695654,NOT_APPLICABLE
AUSTIN_DRE_PHASE_3,AUSTIN_DOWNFALL_STATE_MODEL_V1,NCAAB_H1_2_AUSTIN_TRANSFER_V1,7c81e3f934d907fb,NCAAB_20260124_NCST_PITT,KXNCAAMBGAME-26JAN24NCSTPITT-NCST,H1_2,1,2026-01-24T17:53:35+00:00,1,0,WATCH_NEGATIVE,1,CI_NEGATIVE,NORMAL_SUPPORT,-76.43246593663807,-80.0,-68.0,-76.43246593663807,0.0,UNAVAILABLE,UNAVAILABLE,UNAVAILABLE,UNAVAILABLE,65,-16.0,33-34,-1,UNAVAILABLE,UNAVAILABLE,235.0,1200,24.772247340969578,25.0,1.032329466075247,0.9602993207508621,0.9710144927536232,VALUE
AUSTIN_DRE_PHASE_3,AUSTIN_DOWNFALL_STATE_MODEL_V1,NCAAB_H1_2_AUSTIN_TRANSFER_V1,7c81e3f934d907fb,NCAAB_20260124_NCST_PITT,KXNCAAMBGAME-26JAN24NCSTPITT-NCST,H1_2,2,2026-01-24T18:08:31+00:00,2,1200,PERSISTENCE_2,2,CI_CROSSES_ZERO,NORMAL_SUPPORT,-13.965135862121656,-32.0,4.0,-76.43246593663807,62.46733007451641,-76.43246593663807,62.46733007451641,UNAVAILABLE,UNAVAILABLE,70,-11.0,33-34,-1,UNAVAILABLE,UNAVAILABLE,235.0,1200,24.927666644070055,25.0,1.5489788459004818,1.5842692888699206,0.9710144927536232,VALUE
AUSTIN_DRE_PHASE_3,AUSTIN_DOWNFALL_STATE_MODEL_V1,NCAAB_H1_2_AUSTIN_TRANSFER_V1,7c81e3f934d907fb,NCAAB_20260124_NCST_PITT,KXNCAAMBGAME-26JAN24NCSTPITT-NCST,H1_2,3,2026-01-24T18:13:29+00:00,2,1080,PERSISTENCE_3PLUS,3,CI_CROSSES_ZERO,NORMAL_SUPPORT,-19.67789209205093,-40.0,0.0,-76.43246593663807,56.75457384458714,-13.965135862121656,-5.712756229929273,-2.8563781149646363,UNAVAILABLE,63,-18.0,36-36,0,UNAVAILABLE,UNAVAILABLE,355.0,1080,24.750372097604195,25.0,1.2785657394255039,1.2903669014574615,0.9855072463768116,VALUE
AUSTIN_DRE_PHASE_3,AUSTIN_DOWNFALL_STATE_MODEL_V1,NCAAB_H1_2_AUSTIN_TRANSFER_V1,7c81e3f934d907fb,NCAAB_20260124_NCST_PITT,KXNCAAMBGAME-26JAN24NCSTPITT-NCST,H1_2,4,2026-01-24T18:08:31+00:00,2,960,PERSISTENCE_3PLUS,4,CI_CROSSES_ZERO,NORMAL_SUPPORT,-13.965135862121656,-32.0,4.0,-76.43246593663807,62.46733007451641,-19.67789209205093,5.712756229929273,2.8563781149646363,2.8563781149646363,70,-11.0,33-34,-1,UNAVAILABLE,UNAVAILABLE,235.0,960,24.927666644070055,25.0,1.5489788459004818,1.5842692888699206,0.9710144927536232,VALUE
AUSTIN_DRE_PHASE_3,AUSTIN_DOWNFALL_STATE_MODEL_V1,NCAAB_H1_2_AUSTIN_TRANSFER_V1,7c81e3f934d907fb,NCAAB_20260124_NCST_PITT,KXNCAAMBGAME-26JAN24NCSTPITT-NCST,H1_2,5,2026-01-24T18:08:31+00:00,2,840,PERSISTENCE_3PLUS,5,CI_CROSSES_ZERO,NORMAL_SUPPORT,-13.965135862121656,-32.0,4.0,-76.43246593663807,62.46733007451641,-13.965135862121656,0.0,0.0,-1.4281890574823182,70,-11.0,33-34,-1,UNAVAILABLE,UNAVAILABLE,235.0,840,24.927666644070055,25.0,1.5489788459004818,1.5842692888699206,0.9710144927536232,VALUE
AUSTIN_DRE_PHASE_3,AUSTIN_DOWNFALL_STATE_MODEL_V1,NCAAB_H1_2_AUSTIN_TRANSFER_V1,7c81e3f934d907fb,NCAAB_20260124_NCST_PITT,KXNCAAMBGAME-26JAN24NCSTPITT-NCST,H1_2,6,2026-01-24T18:08:31+00:00,2,720,PERSISTENCE_3PLUS,6,CI_CROSSES_ZERO,NORMAL_SUPPORT,-13.965135862121656,-32.0,4.0,-76.43246593663807,62.46733007451641,-13.965135862121656,0.0,0.0,0.0,70,-11.0,33-34,-1,UNAVAILABLE,UNAVAILABLE,235.0,720,24.927666644070055,25.0,1.5489788459004818,1.5842692888699206,0.9710144927536232,VALUE
AUSTIN_DRE_PHASE_3,AUSTIN_DOWNFALL_STATE_MODEL_V1,NCAAB_H1_2_AUSTIN_TRANSFER_V1,7c81e3f934d907fb,NCAAB_20260124_NCST_PITT,KXNCAAMBGAME-26JAN24NCSTPITT-NCST,H1_2,7,2026-01-24T18:08:31+00:00,2,600,PERSISTENCE_3PLUS,7,CI_CROSSES_ZERO,NORMAL_SUPPORT,-13.965135862121656,-32.0,4.0,-76.43246593663807,62.46733007451641,-13.965135862121656,0.0,0.0,0.0,70,-11.0,33-34,-1,UNAVAILABLE,UNAVAILABLE,235.0,600,24.927666644070055,25.0,1.5489788459004818,1.5842692888699206,0.9710144927536232,VALUE
AUSTIN_DRE_PHASE_3,AUSTIN_DOWNFALL_STATE_MODEL_V1,NCAAB_H1_2_AUSTIN_TRANSFER_V1,7c81e3f934d907fb,NCAAB_20260124_NCST_PITT,KXNCAAMBGAME-26JAN24NCSTPITT-NCST,H1_2,8,2026-01-24T18:41:57+00:00,2,480,PERSISTENCE_3PLUS,8,CI_NEGATIVE,NORMAL_SUPPORT,-53.90277143560049,-68.0,-36.0,-76.43246593663807,22.529694501037575,-13.965135862121656,-39.937635573478836,-19.968817786739418,-9.984408893369709,49,-32.0,58-54,4,UNAVAILABLE,UNAVAILABLE,955.0,480,24.598661652912696,25.0,0.8999760024674166,0.9458170388602816,1.0,VALUE
AUSTIN_DRE_PHASE_3,AUSTIN_DOWNFALL_STATE_MODEL_V1,NCAAB_H1_2_AUSTIN_TRANSFER_V1,7c81e3f934d907fb,NCAAB_20260124_NCST_PITT,KXNCAAMBGAME-26JAN24NCSTPITT-NCST,H1_2,9,2026-01-24T18:49:12+00:00,2,360,PERSISTENCE_3PLUS,9,CI_NEGATIVE,NORMAL_SUPPORT,-45.9814897192557,-64.0,-24.0,-76.43246593663807,30.45097621738237,-53.90277143560049,7.921281716344794,3.960640858172397,11.964729322455907,69,-12.0,58-61,-3,UNAVAILABLE,UNAVAILABLE,1075.0,360,24.45558834835664,25.0,0.5145960462140979,0.5264995029804611,1.0,VALUE
AUSTIN_DRE_PHASE_3,AUSTIN_DOWNFALL_STATE_MODEL_V1,NCAAB_H1_2_AUSTIN_TRANSFER_V1,7c81e3f934d907fb,NCAAB_20260124_NCST_PITT,KXNCAAMBGAME-26JAN24NCSTPITT-NCST,H1_2,10,2026-01-24T18:08:31+00:00,2,240,PERSISTENCE_3PLUS,10,CI_CROSSES_ZERO,NORMAL_SUPPORT,-13.965135862121656,-32.0,4.0,-76.43246593663807,62.46733007451641,-45.9814897192557,32.01635385713404,16.00817692856702,6.023768035197312,70,-11.0,33-34,-1,UNAVAILABLE,UNAVAILABLE,235.0,240,24.927666644070055,25.0,1.5489788459004818,1.5842692888699206,0.9710144927536232,VALUE
AUSTIN_DRE_PHASE_3,AUSTIN_DOWNFALL_STATE_MODEL_V1,NCAAB_H1_2_AUSTIN_TRANSFER_V1,7c81e3f934d907fb,NCAAB_20260124_NCST_PITT,KXNCAAMBGAME-26JAN24NCSTPITT-NCST,H1_2,11,2026-01-24T18:08:31+00:00,2,120,PERSISTENCE_3PLUS,11,CI_CROSSES_ZERO,NORMAL_SUPPORT,-13.965135862121656,-32.0,4.0,-76.43246593663807,62.46733007451641,-13.965135862121656,0.0,0.0,-8.00408846428351,70,-11.0,33-34,-1,UNAVAILABLE,UNAVAILABLE,235.0,120,24.927666644070055,25.0,1.5489788459004818,1.5842692888699206,0.9710144927536232,VALUE
AUSTIN_DRE_PHASE_3,AUSTIN_DOWNFALL_STATE_MODEL_V1,NCAAB_H1_2_AUSTIN_TRANSFER_V1,7c81e3f934d907fb,NCAAB_20260124_NCST_PITT,KXNCAAMBGAME-26JAN24NCSTPITT-NCST,H1_2,12,2026-01-24T19:14:27+00:00,2,0,RECOVERING,0,CI_POSITIVE,NORMAL_SUPPORT,19.999999999999996,20.0,20.0,-76.43246593663807,96.43246593663807,-13.965135862121656,33.965135862121656,16.982567931060828,8.491283965530414,99,18.0,72-81,-9,UNAVAILABLE,UNAVAILABLE,1435.0,0,24.89984627068278,25.0,0.8903905036251331,0.9008301591439614,1.0,VALUE
AUSTIN_DRE_PHASE_3,AUSTIN_DOWNFALL_STATE_MODEL_V1,NCAAB_H1_2_AUSTIN_TRANSFER_V1,adb56bdef6b74eb5,NCAAB_20260124_FSU_SMU,KXNCAAMBGAME-26JAN24FSUSMU-SMU,H1_2,0,2026-01-24T21:10:19+00:00,1,480,UNRESOLVED,0,CI_UNAVAILABLE,SUPPORT_UNAVAILABLE,UNAVAILABLE,UNAVAILABLE,UNAVAILABLE,UNAVAILABLE,UNAVAILABLE,UNAVAILABLE,UNAVAILABLE,UNAVAILABLE,UNAVAILABLE,85,UNAVAILABLE,0-0,0,UNAVAILABLE,UNAVAILABLE,UNAVAILABLE,1680,UNAVAILABLE,UNAVAILABLE,UNAVAILABLE,UNAVAILABLE,0.30434782608695654,NOT_APPLICABLE
AUSTIN_DRE_PHASE_3,AUSTIN_DOWNFALL_STATE_MODEL_V1,NCAAB_H1_2_AUSTIN_TRANSFER_V1,adb56bdef6b74eb5,NCAAB_20260124_FSU_SMU,KXNCAAMBGAME-26JAN24FSUSMU-SMU,H1_2,1,2026-01-24T21:10:19+00:00,1,360,UNRESOLVED,0,CI_UNAVAILABLE,SUPPORT_UNAVAILABLE,UNAVAILABLE,UNAVAILABLE,UNAVAILABLE,UNAVAILABLE,UNAVAILABLE,UNAVAILABLE,UNAVAILABLE,UNAVAILABLE,UNAVAILABLE,85,UNAVAILABLE,0-0,0,UNAVAILABLE,UNAVAILABLE,UNAVAILABLE,1560,UNAVAILABLE,UNAVAILABLE,UNAVAILABLE,UNAVAILABLE,0.30434782608695654,NOT_APPLICABLE
AUSTIN_DRE_PHASE_3,AUSTIN_DOWNFALL_STATE_MODEL_V1,NCAAB_H1_2_AUSTIN_TRANSFER_V1,adb56bdef6b74eb5,NCAAB_20260124_FSU_SMU,KXNCAAMBGAME-26JAN24FSUSMU-SMU,H1_2,2,2026-01-24T21:10:19+00:00,1,240,UNRESOLVED,0,CI_UNAVAILABLE,SUPPORT_UNAVAILABLE,UNAVAILABLE,UNAVAILABLE,UNAVAILABLE,UNAVAILABLE,UNAVAILABLE,UNAVAILABLE,UNAVAILABLE,UNAVAILABLE,UNAVAILABLE,85,UNAVAILABLE,0-0,0,UNAVAILABLE,UNAVAILABLE,UNAVAILABLE,1440,UNAVAILABLE,UNAVAILABLE,UNAVAILABLE,UNAVAILABLE,0.30434782608695654,NOT_APPLICABLE
AUSTIN_DRE_PHASE_3,AUSTIN_DOWNFALL_STATE_MODEL_V1,NCAAB_H1_2_AUSTIN_TRANSFER_V1,adb56bdef6b74eb5,NCAAB_20260124_FSU_SMU,KXNCAAMBGAME-26JAN24FSUSMU-SMU,H1_2,3,2026-01-24T21:53:37+00:00,1,120,HEALTHY,0,CI_POSITIVE,NORMAL_SUPPORT,20.0,20.0,20.0,20.0,0.0,UNAVAILABLE,UNAVAILABLE,UNAVAILABLE,UNAVAILABLE,96,14.0,42-29,13,UNAVAILABLE,UNAVAILABLE,372.0,1320,24.94115927686762,25.0,0.5149183591433847,0.5155893724451249,0.9855072463768116,VALUE
AUSTIN_DRE_PHASE_3,AUSTIN_DOWNFALL_STATE_MODEL_V1,NCAAB_H1_2_AUSTIN_TRANSFER_V1,adb56bdef6b74eb5,NCAAB_20260124_FSU_SMU,KXNCAAMBGAME-26JAN24FSUSMU-SMU,H1_2,4,2026-01-24T21:59:44+00:00,1,0,HEALTHY,0,CI_POSITIVE,NORMAL_SUPPORT,20.0,20.0,20.0,20.0,0.0,20.0,0.0,0.0,UNAVAILABLE,97,15.0,46-34,12,UNAVAILABLE,UNAVAILABLE,492.0,1200,24.974519613235856,25.0,0.5649313576694328,0.5519931469639517,0.9855072463768116,VALUE
AUSTIN_DRE_PHASE_3,AUSTIN_DOWNFALL_STATE_MODEL_V1,NCAAB_H1_2_AUSTIN_TRANSFER_V1,adb56bdef6b74eb5,NCAAB_20260124_FSU_SMU,KXNCAAMBGAME-26JAN24FSUSMU-SMU,H1_2,5,2026-01-24T22:14:44+00:00,2,1200,HEALTHY,0,CI_POSITIVE,NORMAL_SUPPORT,19.999999999999996,20.0,20.0,20.0,-3.552713678800501e-15,20.0,-3.552713678800501e-15,UNAVAILABLE,UNAVAILABLE,96,14.0,46-34,12,UNAVAILABLE,UNAVAILABLE,492.0,1200,24.978967980409216,25.0,1.1397321402602067,1.1208053024295315,0.9855072463768116,VALUE
AUSTIN_DRE_PHASE_3,AUSTIN_DOWNFALL_STATE_MODEL_V1,NCAAB_H1_2_AUSTIN_TRANSFER_V1,adb56bdef6b74eb5,NCAAB_20260124_FSU_SMU,KXNCAAMBGAME-26JAN24FSUSMU-SMU,H1_2,6,2026-01-24T22:14:44+00:00,2,1080,HEALTHY,0,CI_POSITIVE,NORMAL_SUPPORT,19.999999999999996,20.0,20.0,20.0,-3.552713678800501e-15,19.999999999999996,0.0,0.0,UNAVAILABLE,96,14.0,46-34,12,UNAVAILABLE,UNAVAILABLE,492.0,1080,24.978967980409216,25.0,1.1397321402602067,1.1208053024295315,0.9855072463768116,VALUE
AUSTIN_DRE_PHASE_3,AUSTIN_DOWNFALL_STATE_MODEL_V1,NCAAB_H1_2_AUSTIN_TRANSFER_V1,adb56bdef6b74eb5,NCAAB_20260124_FSU_SMU,KXNCAAMBGAME-26JAN24FSUSMU-SMU,H1_2,7,2026-01-24T22:14:44+00:00,2,960,HEALTHY,0,CI_POSITIVE,NORMAL_SUPPORT,19.999999999999996,20.0,20.0,20.0,-3.552713678800501e-15,19.999999999999996,0.0,0.0,0.0,96,14.0,46-34,12,UNAVAILABLE,UNAVAILABLE,492.0,960,24.978967980409216,25.0,1.1397321402602067,1.1208053024295315,0.9855072463768116,VALUE
AUSTIN_DRE_PHASE_3,AUSTIN_DOWNFALL_STATE_MODEL_V1,NCAAB_H1_2_AUSTIN_TRANSFER_V1,adb56bdef6b74eb5,NCAAB_20260124_FSU_SMU,KXNCAAMBGAME-26JAN24FSUSMU-SMU,H1_2,8,2026-01-24T22:34:06+00:00,2,840,HEALTHY,0,CI_CROSSES_ZERO,NORMAL_SUPPORT,5.67424468484877,-8.0,16.0,20.0,-14.32575531515123,19.999999999999996,-14.325755315151227,-7.1628776575756135,-3.5814388287878067,78,-4.0,52-50,2,UNAVAILABLE,UNAVAILABLE,852.0,840,24.28631791627016,25.0,0.6491820424592573,0.6733172757156755,1.0,VALUE
AUSTIN_DRE_PHASE_3,AUSTIN_DOWNFALL_STATE_MODEL_V1,NCAAB_H1_2_AUSTIN_TRANSFER_V1,adb56bdef6b74eb5,NCAAB_20260124_FSU_SMU,KXNCAAMBGAME-26JAN24FSUSMU-SMU,H1_2,9,2026-01-24T22:14:44+00:00,2,720,HEALTHY,0,CI_POSITIVE,NORMAL_SUPPORT,19.999999999999996,20.0,20.0,20.0,-3.552713678800501e-15,5.67424468484877,14.325755315151227,7.1628776575756135,7.1628776575756135,96,14.0,46-34,12,UNAVAILABLE,UNAVAILABLE,492.0,720,24.978967980409216,25.0,1.1397321402602067,1.1208053024295315,0.9855072463768116,VALUE
AUSTIN_DRE_PHASE_3,AUSTIN_DOWNFALL_STATE_MODEL_V1,NCAAB_H1_2_AUSTIN_TRANSFER_V1,adb56bdef6b74eb5,NCAAB_20260124_FSU_SMU,KXNCAAMBGAME-26JAN24FSUSMU-SMU,H1_2,10,2026-01-24T22:14:44+00:00,2,600,HEALTHY,0,CI_POSITIVE,NORMAL_SUPPORT,19.999999999999996,20.0,20.0,20.0,-3.552713678800501e-15,19.999999999999996,0.0,0.0,-3.5814388287878067,96,14.0,46-34,12,UNAVAILABLE,UNAVAILABLE,492.0,600,24.978967980409216,25.0,1.1397321402602067,1.1208053024295315,0.9855072463768116,VALUE
AUSTIN_DRE_PHASE_3,AUSTIN_DOWNFALL_STATE_MODEL_V1,NCAAB_H1_2_AUSTIN_TRANSFER_V1,adb56bdef6b74eb5,NCAAB_20260124_FSU_SMU,KXNCAAMBGAME-26JAN24FSUSMU-SMU,H1_2,11,2026-01-24T22:14:44+00:00,2,480,HEALTHY,0,CI_POSITIVE,NORMAL_SUPPORT,19.999999999999996,20.0,20.0,20.0,-3.552713678800501e-15,19.999999999999996,0.0,0.0,0.0,96,14.0,46-34,12,UNAVAILABLE,UNAVAILABLE,492.0,480,24.978967980409216,25.0,1.1397321402602067,1.1208053024295315,0.9855072463768116,VALUE
AUSTIN_DRE_PHASE_3,AUSTIN_DOWNFALL_STATE_MODEL_V1,NCAAB_H1_2_AUSTIN_TRANSFER_V1,adb56bdef6b74eb5,NCAAB_20260124_FSU_SMU,KXNCAAMBGAME-26JAN24FSUSMU-SMU,H1_2,12,2026-01-24T22:14:44+00:00,2,360,HEALTHY,0,CI_POSITIVE,NORMAL_SUPPORT,19.999999999999996,20.0,20.0,20.0,-3.552713678800501e-15,19.999999999999996,0.0,0.0,0.0,96,14.0,46-34,12,UNAVAILABLE,UNAVAILABLE,492.0,360,24.978967980409216,25.0,1.1397321402602067,1.1208053024295315,0.9855072463768116,VALUE
AUSTIN_DRE_PHASE_3,AUSTIN_DOWNFALL_STATE_MODEL_V1,NCAAB_H1_2_AUSTIN_TRANSFER_V1,adb56bdef6b74eb5,NCAAB_20260124_FSU_SMU,KXNCAAMBGAME-26JAN24FSUSMU-SMU,H1_2,13,2026-01-24T22:14:44+00:00,2,240,HEALTHY,0,CI_POSITIVE,NORMAL_SUPPORT,19.999999999999996,20.0,20.0,20.0,-3.552713678800501e-15,19.999999999999996,0.0,0.0,0.0,96,14.0,46-34,12,UNAVAILABLE,UNAVAILABLE,492.0,240,24.978967980409216,25.0,1.1397321402602067,1.1208053024295315,0.9855072463768116,VALUE
AUSTIN_DRE_PHASE_3,AUSTIN_DOWNFALL_STATE_MODEL_V1,NCAAB_H1_2_AUSTIN_TRANSFER_V1,adb56bdef6b74eb5,NCAAB_20260124_FSU_SMU,KXNCAAMBGAME-26JAN24FSUSMU-SMU,H1_2,14,2026-01-24T22:14:44+00:00,2,120,HEALTHY,0,CI_POSITIVE,NORMAL_SUPPORT,19.999999999999996,20.0,20.0,20.0,-3.552713678800501e-15,19.999999999999996,0.0,0.0,0.0,96,14.0,46-34,12,UNAVAILABLE,UNAVAILABLE,492.0,120,24.978967980409216,25.0,1.1397321402602067,1.1208053024295315,0.9855072463768116,VALUE
AUSTIN_DRE_PHASE_3,AUSTIN_DOWNFALL_STATE_MODEL_V1,NCAAB_H1_2_AUSTIN_TRANSFER_V1,adb56bdef6b74eb5,NCAAB_20260124_FSU_SMU,KXNCAAMBGAME-26JAN24FSUSMU-SMU,H1_2,15,2026-01-24T23:23:48+00:00,2,0,HEALTHY,0,CI_POSITIVE,NORMAL_SUPPORT,20.000000000000004,20.0,20.0,20.0,3.552713678800501e-15,19.999999999999996,7.105427357601002e-15,3.552713678800501e-15,1.7763568394002505e-15,99,17.0,83-80,3,UNAVAILABLE,UNAVAILABLE,1692.0,0,24.906460598684824,25.0,1.0216023756742623,1.0329339690126458,1.0,VALUE
AUSTIN_DRE_PHASE_3,AUSTIN_DOWNFALL_STATE_MODEL_V1,NCAAB_H1_2_AUSTIN_TRANSFER_V1,c2d7d4ac59413768,NCAAB_20260124_TENN_ALA,KXNCAAMBGAME-26JAN24TENNALA-ALA,H1_2,0,2026-01-25T01:32:49+00:00,1,480,UNRESOLVED,0,CI_UNAVAILABLE,SUPPORT_UNAVAILABLE,UNAVAILABLE,UNAVAILABLE,UNAVAILABLE,UNAVAILABLE,UNAVAILABLE,UNAVAILABLE,UNAVAILABLE,UNAVAILABLE,UNAVAILABLE,64,UNAVAILABLE,0-0,0,UNAVAILABLE,UNAVAILABLE,UNAVAILABLE,1680,UNAVAILABLE,UNAVAILABLE,UNAVAILABLE,UNAVAILABLE,0.30434782608695654,NOT_APPLICABLE
AUSTIN_DRE_PHASE_3,AUSTIN_DOWNFALL_STATE_MODEL_V1,NCAAB_H1_2_AUSTIN_TRANSFER_V1,c2d7d4ac59413768,NCAAB_20260124_TENN_ALA,KXNCAAMBGAME-26JAN24TENNALA-ALA,H1_2,1,2026-01-25T01:32:49+00:00,1,360,UNRESOLVED,0,CI_UNAVAILABLE,SUPPORT_UNAVAILABLE,UNAVAILABLE,UNAVAILABLE,UNAVAILABLE,UNAVAILABLE,UNAVAILABLE,UNAVAILABLE,UNAVAILABLE,UNAVAILABLE,UNAVAILABLE,64,UNAVAILABLE,0-0,0,UNAVAILABLE,UNAVAILABLE,UNAVAILABLE,1560,UNAVAILABLE,UNAVAILABLE,UNAVAILABLE,UNAVAILABLE,0.30434782608695654,NOT_APPLICABLE
AUSTIN_DRE_PHASE_3,AUSTIN_DOWNFALL_STATE_MODEL_V1,NCAAB_H1_2_AUSTIN_TRANSFER_V1,c2d7d4ac59413768,NCAAB_20260124_TENN_ALA,KXNCAAMBGAME-26JAN24TENNALA-ALA,H1_2,2,2026-01-25T01:32:49+00:00,1,240,UNRESOLVED,0,CI_UNAVAILABLE,SUPPORT_UNAVAILABLE,UNAVAILABLE,UNAVAILABLE,UNAVAILABLE,UNAVAILABLE,UNAVAILABLE,UNAVAILABLE,UNAVAILABLE,UNAVAILABLE,UNAVAILABLE,64,UNAVAILABLE,0-0,0,UNAVAILABLE,UNAVAILABLE,UNAVAILABLE,1440,UNAVAILABLE,UNAVAILABLE,UNAVAILABLE,UNAVAILABLE,0.30434782608695654,NOT_APPLICABLE
AUSTIN_DRE_PHASE_3,AUSTIN_DOWNFALL_STATE_MODEL_V1,NCAAB_H1_2_AUSTIN_TRANSFER_V1,c2d7d4ac59413768,NCAAB_20260124_TENN_ALA,KXNCAAMBGAME-26JAN24TENNALA-ALA,H1_2,3,2026-01-25T01:32:49+00:00,1,120,UNRESOLVED,0,CI_UNAVAILABLE,SUPPORT_UNAVAILABLE,UNAVAILABLE,UNAVAILABLE,UNAVAILABLE,UNAVAILABLE,UNAVAILABLE,UNAVAILABLE,UNAVAILABLE,UNAVAILABLE,UNAVAILABLE,64,UNAVAILABLE,0-0,0,UNAVAILABLE,UNAVAILABLE,UNAVAILABLE,1320,UNAVAILABLE,UNAVAILABLE,UNAVAILABLE,UNAVAILABLE,0.30434782608695654,NOT_APPLICABLE
AUSTIN_DRE_PHASE_3,AUSTIN_DOWNFALL_STATE_MODEL_V1,NCAAB_H1_2_AUSTIN_TRANSFER_V1,c2d7d4ac59413768,NCAAB_20260124_TENN_ALA,KXNCAAMBGAME-26JAN24TENNALA-ALA,H1_2,4,2026-01-25T02:24:28+00:00,1,0,WATCH_NEGATIVE,1,CI_NEGATIVE,NORMAL_SUPPORT,-49.739541453622785,-68.0,-32.0,-49.739541453622785,0.0,UNAVAILABLE,UNAVAILABLE,UNAVAILABLE,UNAVAILABLE,67,-14.0,39-36,3,UNAVAILABLE,UNAVAILABLE,578.0,1200,23.605337190444715,25.0,0.7961040134553362,0.8372539976895068,0.9855072463768116,VALUE
AUSTIN_DRE_PHASE_3,AUSTIN_DOWNFALL_STATE_MODEL_V1,NCAAB_H1_2_AUSTIN_TRANSFER_V1,c2d7d4ac59413768,NCAAB_20260124_TENN_ALA,KXNCAAMBGAME-26JAN24TENNALA-ALA,H1_2,5,2026-01-25T02:39:07+00:00,2,1200,PERSISTENCE_2,2,CI_NEGATIVE,NORMAL_SUPPORT,-41.42774063566448,-60.0,-24.0,-49.739541453622785,8.311800817958307,-49.739541453622785,8.311800817958307,UNAVAILABLE,UNAVAILABLE,66,-15.0,39-36,3,UNAVAILABLE,UNAVAILABLE,578.0,1200,24.88001013657433,25.0,1.3764826984354632,1.4006127079566026,0.9855072463768116,VALUE
AUSTIN_DRE_PHASE_3,AUSTIN_DOWNFALL_STATE_MODEL_V1,NCAAB_H1_2_AUSTIN_TRANSFER_V1,c2d7d4ac59413768,NCAAB_20260124_TENN_ALA,KXNCAAMBGAME-26JAN24TENNALA-ALA,H1_2,6,2026-01-25T02:39:07+00:00,2,1080,PERSISTENCE_3PLUS,3,CI_NEGATIVE,NORMAL_SUPPORT,-41.42774063566448,-60.0,-24.0,-49.739541453622785,8.311800817958307,-41.42774063566448,0.0,0.0,UNAVAILABLE,66,-15.0,39-36,3,UNAVAILABLE,UNAVAILABLE,578.0,1080,24.88001013657433,25.0,1.3764826984354632,1.4006127079566026,0.9855072463768116,VALUE
AUSTIN_DRE_PHASE_3,AUSTIN_DOWNFALL_STATE_MODEL_V1,NCAAB_H1_2_AUSTIN_TRANSFER_V1,c2d7d4ac59413768,NCAAB_20260124_TENN_ALA,KXNCAAMBGAME-26JAN24TENNALA-ALA,H1_2,7,2026-01-25T02:39:07+00:00,2,960,PERSISTENCE_3PLUS,4,CI_NEGATIVE,NORMAL_SUPPORT,-41.42774063566448,-60.0,-24.0,-49.739541453622785,8.311800817958307,-41.42774063566448,0.0,0.0,0.0,66,-15.0,39-36,3,UNAVAILABLE,UNAVAILABLE,578.0,960,24.88001013657433,25.0,1.3764826984354632,1.4006127079566026,0.9855072463768116,VALUE
AUSTIN_DRE_PHASE_3,AUSTIN_DOWNFALL_STATE_MODEL_V1,NCAAB_H1_2_AUSTIN_TRANSFER_V1,c2d7d4ac59413768,NCAAB_20260124_TENN_ALA,KXNCAAMBGAME-26JAN24TENNALA-ALA,H1_2,8,2026-01-25T02:54:57+00:00,2,840,PERSISTENCE_3PLUS,5,CI_NEGATIVE,NORMAL_SUPPORT,-44.4478732037334,-64.0,-24.0,-49.739541453622785,5.2916682498893834,-41.42774063566448,-3.0201325680689237,-1.5100662840344619,-0.7550331420172309,41,-40.0,50-50,0,UNAVAILABLE,UNAVAILABLE,938.0,840,24.05626757917121,25.0,0.908827974648643,0.9201837762115713,1.0,VALUE
AUSTIN_DRE_PHASE_3,AUSTIN_DOWNFALL_STATE_MODEL_V1,NCAAB_H1_2_AUSTIN_TRANSFER_V1,c2d7d4ac59413768,NCAAB_20260124_TENN_ALA,KXNCAAMBGAME-26JAN24TENNALA-ALA,H1_2,9,2026-01-25T02:39:07+00:00,2,720,PERSISTENCE_3PLUS,6,CI_NEGATIVE,NORMAL_SUPPORT,-41.42774063566448,-60.0,-24.0,-49.739541453622785,8.311800817958307,-44.4478732037334,3.0201325680689237,1.5100662840344619,1.5100662840344619,66,-15.0,39-36,3,UNAVAILABLE,UNAVAILABLE,578.0,720,24.88001013657433,25.0,1.3764826984354632,1.4006127079566026,0.9855072463768116,VALUE
AUSTIN_DRE_PHASE_3,AUSTIN_DOWNFALL_STATE_MODEL_V1,NCAAB_H1_2_AUSTIN_TRANSFER_V1,c2d7d4ac59413768,NCAAB_20260124_TENN_ALA,KXNCAAMBGAME-26JAN24TENNALA-ALA,H1_2,10,2026-01-25T02:39:07+00:00,2,600,PERSISTENCE_3PLUS,7,CI_NEGATIVE,NORMAL_SUPPORT,-41.42774063566448,-60.0,-24.0,-49.739541453622785,8.311800817958307,-41.42774063566448,0.0,0.0,-0.7550331420172309,66,-15.0,39-36,3,UNAVAILABLE,UNAVAILABLE,578.0,600,24.88001013657433,25.0,1.3764826984354632,1.4006127079566026,0.9855072463768116,VALUE
AUSTIN_DRE_PHASE_3,AUSTIN_DOWNFALL_STATE_MODEL_V1,NCAAB_H1_2_AUSTIN_TRANSFER_V1,c2d7d4ac59413768,NCAAB_20260124_TENN_ALA,KXNCAAMBGAME-26JAN24TENNALA-ALA,H1_2,11,2026-01-25T02:39:07+00:00,2,480,PERSISTENCE_3PLUS,8,CI_NEGATIVE,NORMAL_SUPPORT,-41.42774063566448,-60.0,-24.0,-49.739541453622785,8.311800817958307,-41.42774063566448,0.0,0.0,0.0,66,-15.0,39-36,3,UNAVAILABLE,UNAVAILABLE,578.0,480,24.88001013657433,25.0,1.3764826984354632,1.4006127079566026,0.9855072463768116,VALUE
AUSTIN_DRE_PHASE_3,AUSTIN_DOWNFALL_STATE_MODEL_V1,NCAAB_H1_2_AUSTIN_TRANSFER_V1,c2d7d4ac59413768,NCAAB_20260124_TENN_ALA,KXNCAAMBGAME-26JAN24TENNALA-ALA,H1_2,12,2026-01-25T02:39:07+00:00,2,360,PERSISTENCE_3PLUS,9,CI_NEGATIVE,NORMAL_SUPPORT,-41.42774063566448,-60.0,-24.0,-49.739541453622785,8.311800817958307,-41.42774063566448,0.0,0.0,0.0,66,-15.0,39-36,3,UNAVAILABLE,UNAVAILABLE,578.0,360,24.88001013657433,25.0,1.3764826984354632,1.4006127079566026,0.9855072463768116,VALUE
AUSTIN_DRE_PHASE_3,AUSTIN_DOWNFALL_STATE_MODEL_V1,NCAAB_H1_2_AUSTIN_TRANSFER_V1,c2d7d4ac59413768,NCAAB_20260124_TENN_ALA,KXNCAAMBGAME-26JAN24TENNALA-ALA,H1_2,13,2026-01-25T02:39:07+00:00,2,240,PERSISTENCE_3PLUS,10,CI_NEGATIVE,NORMAL_SUPPORT,-41.42774063566448,-60.0,-24.0,-49.739541453622785,8.311800817958307,-41.42774063566448,0.0,0.0,0.0,66,-15.0,39-36,3,UNAVAILABLE,UNAVAILABLE,578.0,240,24.88001013657433,25.0,1.3764826984354632,1.4006127079566026,0.9855072463768116,VALUE
AUSTIN_DRE_PHASE_3,AUSTIN_DOWNFALL_STATE_MODEL_V1,NCAAB_H1_2_AUSTIN_TRANSFER_V1,c2d7d4ac59413768,NCAAB_20260124_TENN_ALA,KXNCAAMBGAME-26JAN24TENNALA-ALA,H1_2,14,2026-01-25T02:39:07+00:00,2,120,PERSISTENCE_3PLUS,11,CI_NEGATIVE,NORMAL_SUPPORT,-41.42774063566448,-60.0,-24.0,-49.739541453622785,8.311800817958307,-41.42774063566448,0.0,0.0,0.0,66,-15.0,39-36,3,UNAVAILABLE,UNAVAILABLE,578.0,120,24.88001013657433,25.0,1.3764826984354632,1.4006127079566026,0.9855072463768116,VALUE
AUSTIN_DRE_PHASE_3,AUSTIN_DOWNFALL_STATE_MODEL_V1,NCAAB_H1_2_AUSTIN_TRANSFER_V1,c2d7d4ac59413768,NCAAB_20260124_TENN_ALA,KXNCAAMBGAME-26JAN24TENNALA-ALA,H1_2,15,2026-01-25T03:45:50+00:00,2,0,PERSISTENCE_3PLUS,12,CI_NEGATIVE,NORMAL_SUPPORT,-79.99999999999999,-80.0,-80.0,-49.739541453622785,-30.2604585463772,-41.42774063566448,-38.57225936433551,-19.286129682167754,-9.643064841083877,2,-79.0,73-79,-6,UNAVAILABLE,UNAVAILABLE,1778.0,0,24.652137538841803,25.0,1.1353668091590585,1.1768375310309733,1.0,VALUE
AUSTIN_DRE_PHASE_3,AUSTIN_DOWNFALL_STATE_MODEL_V1,NCAAB_H1_2_AUSTIN_TRANSFER_V1,ddd4c0ab81acfe8c,NCAAB_20260126_ARIZ_BYU,KXNCAAMBGAME-26JAN26ARIZBYU-ARIZ,H1_2,0,2026-01-27T03:08:31+00:00,1,0,HEALTHY,0,CI_POSITIVE,NORMAL_SUPPORT,19.999999999999996,20.0,20.0,19.999999999999996,0.0,UNAVAILABLE,UNAVAILABLE,UNAVAILABLE,UNAVAILABLE,85,4.0,31-44,-13,UNAVAILABLE,UNAVAILABLE,106.0,1200,24.99733933450608,25.0,0.6915764190262861,0.6922694187213694,0.8985507246376812,VALUE
AUSTIN_DRE_PHASE_3,AUSTIN_DOWNFALL_STATE_MODEL_V1,NCAAB_H1_2_AUSTIN_TRANSFER_V1,ddd4c0ab81acfe8c,NCAAB_20260126_ARIZ_BYU,KXNCAAMBGAME-26JAN26ARIZBYU-ARIZ,H1_2,1,2026-01-27T03:19:51+00:00,2,1200,HEALTHY,0,CI_POSITIVE,NORMAL_SUPPORT,20.0,20.0,20.0,19.999999999999996,3.552713678800501e-15,19.999999999999996,3.552713678800501e-15,UNAVAILABLE,UNAVAILABLE,85,4.0,31-44,-13,UNAVAILABLE,UNAVAILABLE,106.0,1200,24.9453144333136,25.0,1.480432929610251,1.5097045742487845,0.8985507246376812,VALUE
AUSTIN_DRE_PHASE_3,AUSTIN_DOWNFALL_STATE_MODEL_V1,NCAAB_H1_2_AUSTIN_TRANSFER_V1,ddd4c0ab81acfe8c,NCAAB_20260126_ARIZ_BYU,KXNCAAMBGAME-26JAN26ARIZBYU-ARIZ,H1_2,2,2026-01-27T03:19:51+00:00,2,1080,HEALTHY,0,CI_POSITIVE,NORMAL_SUPPORT,20.0,20.0,20.0,19.999999999999996,3.552713678800501e-15,20.0,0.0,0.0,UNAVAILABLE,85,4.0,31-44,-13,UNAVAILABLE,UNAVAILABLE,106.0,1080,24.9453144333136,25.0,1.480432929610251,1.5097045742487845,0.8985507246376812,VALUE
AUSTIN_DRE_PHASE_3,AUSTIN_DOWNFALL_STATE_MODEL_V1,NCAAB_H1_2_AUSTIN_TRANSFER_V1,ddd4c0ab81acfe8c,NCAAB_20260126_ARIZ_BYU,KXNCAAMBGAME-26JAN26ARIZBYU-ARIZ,H1_2,3,2026-01-27T03:19:51+00:00,2,960,HEALTHY,0,CI_POSITIVE,NORMAL_SUPPORT,20.0,20.0,20.0,19.999999999999996,3.552713678800501e-15,20.0,0.0,0.0,0.0,85,4.0,31-44,-13,UNAVAILABLE,UNAVAILABLE,106.0,960,24.9453144333136,25.0,1.480432929610251,1.5097045742487845,0.8985507246376812,VALUE
AUSTIN_DRE_PHASE_3,AUSTIN_DOWNFALL_STATE_MODEL_V1,NCAAB_H1_2_AUSTIN_TRANSFER_V1,ddd4c0ab81acfe8c,NCAAB_20260126_ARIZ_BYU,KXNCAAMBGAME-26JAN26ARIZBYU-ARIZ,H1_2,4,2026-01-27T03:19:51+00:00,2,840,HEALTHY,0,CI_POSITIVE,NORMAL_SUPPORT,20.0,20.0,20.0,19.999999999999996,3.552713678800501e-15,20.0,0.0,0.0,0.0,85,4.0,31-44,-13,UNAVAILABLE,UNAVAILABLE,106.0,840,24.9453144333136,25.0,1.480432929610251,1.5097045742487845,0.8985507246376812,VALUE
AUSTIN_DRE_PHASE_3,AUSTIN_DOWNFALL_STATE_MODEL_V1,NCAAB_H1_2_AUSTIN_TRANSFER_V1,ddd4c0ab81acfe8c,NCAAB_20260126_ARIZ_BYU,KXNCAAMBGAME-26JAN26ARIZBYU-ARIZ,H1_2,5,2026-01-27T03:19:51+00:00,2,720,HEALTHY,0,CI_POSITIVE,NORMAL_SUPPORT,20.0,20.0,20.0,19.999999999999996,3.552713678800501e-15,20.0,0.0,0.0,0.0,85,4.0,31-44,-13,UNAVAILABLE,UNAVAILABLE,106.0,720,24.9453144333136,25.0,1.480432929610251,1.5097045742487845,0.8985507246376812,VALUE
AUSTIN_DRE_PHASE_3,AUSTIN_DOWNFALL_STATE_MODEL_V1,NCAAB_H1_2_AUSTIN_TRANSFER_V1,ddd4c0ab81acfe8c,NCAAB_20260126_ARIZ_BYU,KXNCAAMBGAME-26JAN26ARIZBYU-ARIZ,H1_2,6,2026-01-27T03:19:51+00:00,2,600,HEALTHY,0,CI_POSITIVE,NORMAL_SUPPORT,20.0,20.0,20.0,19.999999999999996,3.552713678800501e-15,20.0,0.0,0.0,0.0,85,4.0,31-44,-13,UNAVAILABLE,UNAVAILABLE,106.0,600,24.9453144333136,25.0,1.480432929610251,1.5097045742487845,0.8985507246376812,VALUE
AUSTIN_DRE_PHASE_3,AUSTIN_DOWNFALL_STATE_MODEL_V1,NCAAB_H1_2_AUSTIN_TRANSFER_V1,ddd4c0ab81acfe8c,NCAAB_20260126_ARIZ_BYU,KXNCAAMBGAME-26JAN26ARIZBYU-ARIZ,H1_2,7,2026-01-27T03:19:51+00:00,2,480,HEALTHY,0,CI_POSITIVE,NORMAL_SUPPORT,20.0,20.0,20.0,19.999999999999996,3.552713678800501e-15,20.0,0.0,0.0,0.0,85,4.0,31-44,-13,UNAVAILABLE,UNAVAILABLE,106.0,480,24.9453144333136,25.0,1.480432929610251,1.5097045742487845,0.8985507246376812,VALUE
AUSTIN_DRE_PHASE_3,AUSTIN_DOWNFALL_STATE_MODEL_V1,NCAAB_H1_2_AUSTIN_TRANSFER_V1,ddd4c0ab81acfe8c,NCAAB_20260126_ARIZ_BYU,KXNCAAMBGAME-26JAN26ARIZBYU-ARIZ,H1_2,8,2026-01-27T03:19:51+00:00,2,360,HEALTHY,0,CI_POSITIVE,NORMAL_SUPPORT,20.0,20.0,20.0,19.999999999999996,3.552713678800501e-15,20.0,0.0,0.0,0.0,85,4.0,31-44,-13,UNAVAILABLE,UNAVAILABLE,106.0,360,24.9453144333136,25.0,1.480432929610251,1.5097045742487845,0.8985507246376812,VALUE
AUSTIN_DRE_PHASE_3,AUSTIN_DOWNFALL_STATE_MODEL_V1,NCAAB_H1_2_AUSTIN_TRANSFER_V1,ddd4c0ab81acfe8c,NCAAB_20260126_ARIZ_BYU,KXNCAAMBGAME-26JAN26ARIZBYU-ARIZ,H1_2,9,2026-01-27T03:19:51+00:00,2,240,HEALTHY,0,CI_POSITIVE,NORMAL_SUPPORT,20.0,20.0,20.0,19.999999999999996,3.552713678800501e-15,20.0,0.0,0.0,0.0,85,4.0,31-44,-13,UNAVAILABLE,UNAVAILABLE,106.0,240,24.9453144333136,25.0,1.480432929610251,1.5097045742487845,0.8985507246376812,VALUE
AUSTIN_DRE_PHASE_3,AUSTIN_DOWNFALL_STATE_MODEL_V1,NCAAB_H1_2_AUSTIN_TRANSFER_V1,ddd4c0ab81acfe8c,NCAAB_20260126_ARIZ_BYU,KXNCAAMBGAME-26JAN26ARIZBYU-ARIZ,H1_2,10,2026-01-27T03:19:51+00:00,2,120,HEALTHY,0,CI_POSITIVE,NORMAL_SUPPORT,20.0,20.0,20.0,19.999999999999996,3.552713678800501e-15,20.0,0.0,0.0,0.0,85,4.0,31-44,-13,UNAVAILABLE,UNAVAILABLE,106.0,120,24.9453144333136,25.0,1.480432929610251,1.5097045742487845,0.8985507246376812,VALUE
AUSTIN_DRE_PHASE_3,AUSTIN_DOWNFALL_STATE_MODEL_V1,NCAAB_H1_2_AUSTIN_TRANSFER_V1,299557bc5c47afb8,NCAAB_20260127_MSU_RUTG,KXNCAAMBGAME-26JAN27MSURUTG-MSU,H1_2,0,2026-01-27T23:32:00+00:00,1,360,UNRESOLVED,0,CI_UNAVAILABLE,SUPPORT_UNAVAILABLE,UNAVAILABLE,UNAVAILABLE,UNAVAILABLE,UNAVAILABLE,UNAVAILABLE,UNAVAILABLE,UNAVAILABLE,UNAVAILABLE,UNAVAILABLE,92,UNAVAILABLE,0-0,0,UNAVAILABLE,UNAVAILABLE,UNAVAILABLE,1560,UNAVAILABLE,UNAVAILABLE,UNAVAILABLE,UNAVAILABLE,0.30434782608695654,NOT_APPLICABLE
AUSTIN_DRE_PHASE_3,AUSTIN_DOWNFALL_STATE_MODEL_V1,NCAAB_H1_2_AUSTIN_TRANSFER_V1,299557bc5c47afb8,NCAAB_20260127_MSU_RUTG,KXNCAAMBGAME-26JAN27MSURUTG-MSU,H1_2,1,2026-01-27T23:32:00+00:00,1,240,UNRESOLVED,0,CI_UNAVAILABLE,SUPPORT_UNAVAILABLE,UNAVAILABLE,UNAVAILABLE,UNAVAILABLE,UNAVAILABLE,UNAVAILABLE,UNAVAILABLE,UNAVAILABLE,UNAVAILABLE,UNAVAILABLE,92,UNAVAILABLE,0-0,0,UNAVAILABLE,UNAVAILABLE,UNAVAILABLE,1440,UNAVAILABLE,UNAVAILABLE,UNAVAILABLE,UNAVAILABLE,0.30434782608695654,NOT_APPLICABLE
AUSTIN_DRE_PHASE_3,AUSTIN_DOWNFALL_STATE_MODEL_V1,NCAAB_H1_2_AUSTIN_TRANSFER_V1,299557bc5c47afb8,NCAAB_20260127_MSU_RUTG,KXNCAAMBGAME-26JAN27MSURUTG-MSU,H1_2,2,2026-01-27T23:32:00+00:00,1,120,UNRESOLVED,0,CI_UNAVAILABLE,SUPPORT_UNAVAILABLE,UNAVAILABLE,UNAVAILABLE,UNAVAILABLE,UNAVAILABLE,UNAVAILABLE,UNAVAILABLE,UNAVAILABLE,UNAVAILABLE,UNAVAILABLE,92,UNAVAILABLE,0-0,0,UNAVAILABLE,UNAVAILABLE,UNAVAILABLE,1320,UNAVAILABLE,UNAVAILABLE,UNAVAILABLE,UNAVAILABLE,0.30434782608695654,NOT_APPLICABLE
AUSTIN_DRE_PHASE_3,AUSTIN_DOWNFALL_STATE_MODEL_V1,NCAAB_H1_2_AUSTIN_TRANSFER_V1,299557bc5c47afb8,NCAAB_20260127_MSU_RUTG,KXNCAAMBGAME-26JAN27MSURUTG-MSU,H1_2,3,2026-01-28T00:20:29+00:00,1,0,WATCH_NEGATIVE,1,CI_NEGATIVE,NORMAL_SUPPORT,-80.0,-80.0,-80.0,-80.0,0.0,UNAVAILABLE,UNAVAILABLE,UNAVAILABLE,UNAVAILABLE,58,-23.0,37-28,9,UNAVAILABLE,UNAVAILABLE,469.0,1200,24.905520860779845,25.0,1.2122380844494578,1.1733257608565122,0.9855072463768116,VALUE
AUSTIN_DRE_PHASE_3,AUSTIN_DOWNFALL_STATE_MODEL_V1,NCAAB_H1_2_AUSTIN_TRANSFER_V1,299557bc5c47afb8,NCAAB_20260127_MSU_RUTG,KXNCAAMBGAME-26JAN27MSURUTG-MSU,H1_2,4,2026-01-28T00:37:52+00:00,2,1200,PERSISTENCE_2,2,CI_CROSSES_ZERO,NORMAL_SUPPORT,-4.394743347188894,-20.0,12.0,-80.0,75.60525665281111,-80.0,75.60525665281111,UNAVAILABLE,UNAVAILABLE,60,-21.0,37-28,9,UNAVAILABLE,UNAVAILABLE,469.0,1200,24.950107994151203,25.0,1.8566854491394407,1.8998335283165817,0.9855072463768116,VALUE
AUSTIN_DRE_PHASE_3,AUSTIN_DOWNFALL_STATE_MODEL_V1,NCAAB_H1_2_AUSTIN_TRANSFER_V1,299557bc5c47afb8,NCAAB_20260127_MSU_RUTG,KXNCAAMBGAME-26JAN27MSURUTG-MSU,H1_2,5,2026-01-28T00:35:48+00:00,2,1080,PERSISTENCE_3PLUS,3,CI_CROSSES_ZERO,NORMAL_SUPPORT,-4.394743347188894,-20.0,12.0,-80.0,75.60525665281111,-4.394743347188894,0.0,0.0,UNAVAILABLE,60,-21.0,37-28,9,UNAVAILABLE,UNAVAILABLE,469.0,1080,24.950107994151203,25.0,1.8566854491394407,1.8998335283165817,0.9855072463768116,VALUE
AUSTIN_DRE_PHASE_3,AUSTIN_DOWNFALL_STATE_MODEL_V1,NCAAB_H1_2_AUSTIN_TRANSFER_V1,299557bc5c47afb8,NCAAB_20260127_MSU_RUTG,KXNCAAMBGAME-26JAN27MSURUTG-MSU,H1_2,6,2026-01-28T00:35:48+00:00,2,960,PERSISTENCE_3PLUS,4,CI_CROSSES_ZERO,NORMAL_SUPPORT,-4.394743347188894,-20.0,12.0,-80.0,75.60525665281111,-4.394743347188894,0.0,0.0,0.0,60,-21.0,37-28,9,UNAVAILABLE,UNAVAILABLE,469.0,960,24.950107994151203,25.0,1.8566854491394407,1.8998335283165817,0.9855072463768116,VALUE
AUSTIN_DRE_PHASE_3,AUSTIN_DOWNFALL_STATE_MODEL_V1,NCAAB_H1_2_AUSTIN_TRANSFER_V1,299557bc5c47afb8,NCAAB_20260127_MSU_RUTG,KXNCAAMBGAME-26JAN27MSURUTG-MSU,H1_2,7,2026-01-28T00:35:48+00:00,2,840,PERSISTENCE_3PLUS,5,CI_CROSSES_ZERO,NORMAL_SUPPORT,-4.394743347188894,-20.0,12.0,-80.0,75.60525665281111,-4.394743347188894,0.0,0.0,0.0,60,-21.0,37-28,9,UNAVAILABLE,UNAVAILABLE,469.0,840,24.950107994151203,25.0,1.8566854491394407,1.8998335283165817,0.9855072463768116,VALUE
AUSTIN_DRE_PHASE_3,AUSTIN_DOWNFALL_STATE_MODEL_V1,NCAAB_H1_2_AUSTIN_TRANSFER_V1,299557bc5c47afb8,NCAAB_20260127_MSU_RUTG,KXNCAAMBGAME-26JAN27MSURUTG-MSU,H1_2,8,2026-01-28T00:53:23+00:00,2,720,PERSISTENCE_3PLUS,6,CI_NEGATIVE,NORMAL_SUPPORT,-60.343517251839955,-76.0,-44.0,-80.0,19.656482748160045,-4.394743347188894,-55.94877390465106,-27.97438695232553,-13.987193476162766,42,-39.0,51-42,9,UNAVAILABLE,UNAVAILABLE,949.0,720,24.465638329180983,25.0,1.0537863206859217,1.1129596826306556,1.0,VALUE
AUSTIN_DRE_PHASE_3,AUSTIN_DOWNFALL_STATE_MODEL_V1,NCAAB_H1_2_AUSTIN_TRANSFER_V1,299557bc5c47afb8,NCAAB_20260127_MSU_RUTG,KXNCAAMBGAME-26JAN27MSURUTG-MSU,H1_2,9,2026-01-28T00:35:48+00:00,2,600,PERSISTENCE_3PLUS,7,CI_CROSSES_ZERO,NORMAL_SUPPORT,-4.394743347188894,-20.0,12.0,-80.0,75.60525665281111,-60.343517251839955,55.94877390465106,27.97438695232553,27.97438695232553,60,-21.0,37-28,9,UNAVAILABLE,UNAVAILABLE,469.0,600,24.950107994151203,25.0,1.8566854491394407,1.8998335283165817,0.9855072463768116,VALUE
AUSTIN_DRE_PHASE_3,AUSTIN_DOWNFALL_STATE_MODEL_V1,NCAAB_H1_2_AUSTIN_TRANSFER_V1,299557bc5c47afb8,NCAAB_20260127_MSU_RUTG,KXNCAAMBGAME-26JAN27MSURUTG-MSU,H1_2,10,2026-01-28T00:35:48+00:00,2,480,PERSISTENCE_3PLUS,8,CI_CROSSES_ZERO,NORMAL_SUPPORT,-4.394743347188894,-20.0,12.0,-80.0,75.60525665281111,-4.394743347188894,0.0,0.0,-13.987193476162766,60,-21.0,37-28,9,UNAVAILABLE,UNAVAILABLE,469.0,480,24.950107994151203,25.0,1.8566854491394407,1.8998335283165817,0.9855072463768116,VALUE
AUSTIN_DRE_PHASE_3,AUSTIN_DOWNFALL_STATE_MODEL_V1,NCAAB_H1_2_AUSTIN_TRANSFER_V1,299557bc5c47afb8,NCAAB_20260127_MSU_RUTG,KXNCAAMBGAME-26JAN27MSURUTG-MSU,H1_2,11,2026-01-28T00:35:48+00:00,2,360,PERSISTENCE_3PLUS,9,CI_CROSSES_ZERO,NORMAL_SUPPORT,-4.394743347188894,-20.0,12.0,-80.0,75.60525665281111,-4.394743347188894,0.0,0.0,0.0,60,-21.0,37-28,9,UNAVAILABLE,UNAVAILABLE,469.0,360,24.950107994151203,25.0,1.8566854491394407,1.8998335283165817,0.9855072463768116,VALUE
AUSTIN_DRE_PHASE_3,AUSTIN_DOWNFALL_STATE_MODEL_V1,NCAAB_H1_2_AUSTIN_TRANSFER_V1,299557bc5c47afb8,NCAAB_20260127_MSU_RUTG,KXNCAAMBGAME-26JAN27MSURUTG-MSU,H1_2,12,2026-01-28T00:35:48+00:00,2,240,PERSISTENCE_3PLUS,10,CI_CROSSES_ZERO,NORMAL_SUPPORT,-4.394743347188894,-20.0,12.0,-80.0,75.60525665281111,-4.394743347188894,0.0,0.0,0.0,60,-21.0,37-28,9,UNAVAILABLE,UNAVAILABLE,469.0,240,24.950107994151203,25.0,1.8566854491394407,1.8998335283165817,0.9855072463768116,VALUE
AUSTIN_DRE_PHASE_3,AUSTIN_DOWNFALL_STATE_MODEL_V1,NCAAB_H1_2_AUSTIN_TRANSFER_V1,299557bc5c47afb8,NCAAB_20260127_MSU_RUTG,KXNCAAMBGAME-26JAN27MSURUTG-MSU,H1_2,13,2026-01-28T00:35:48+00:00,2,120,PERSISTENCE_3PLUS,11,CI_CROSSES_ZERO,NORMAL_SUPPORT,-4.394743347188894,-20.0,12.0,-80.0,75.60525665281111,-4.394743347188894,0.0,0.0,0.0,60,-21.0,37-28,9,UNAVAILABLE,UNAVAILABLE,469.0,120,24.950107994151203,25.0,1.8566854491394407,1.8998335283165817,0.9855072463768116,VALUE
AUSTIN_DRE_PHASE_3,AUSTIN_DOWNFALL_STATE_MODEL_V1,NCAAB_H1_2_AUSTIN_TRANSFER_V1,299557bc5c47afb8,NCAAB_20260127_MSU_RUTG,KXNCAAMBGAME-26JAN27MSURUTG-MSU,H1_2,14,2026-01-28T01:36:28+00:00,2,0,RECOVERING,0,CI_CROSSES_ZERO,NORMAL_SUPPORT,5.548595674306008,-8.0,16.0,-80.0,85.54859567430601,-4.394743347188894,9.943339021494902,4.971669510747451,2.4858347553737254,14,-67.0,73-73,0,UNAVAILABLE,UNAVAILABLE,1669.0,0,24.82938320882286,25.0,1.3069143048296985,1.3226034829037119,1.0,VALUE
AUSTIN_DRE_PHASE_3,AUSTIN_DOWNFALL_STATE_MODEL_V1,NCAAB_H1_2_AUSTIN_TRANSFER_V1,299557bc5c47afb8,NCAAB_20260127_MSU_RUTG,KXNCAAMBGAME-26JAN27MSURUTG-MSU,H1_2,15,2026-01-28T01:38:46+00:00,3,300,WATCH_NEGATIVE,1,CI_NEGATIVE,NORMAL_SUPPORT,-30.72334473312205,-48.0,-12.0,-80.0,49.27665526687795,5.548595674306008,-36.27194040742806,UNAVAILABLE,UNAVAILABLE,64,-17.0,73-73,0,UNAVAILABLE,UNAVAILABLE,1669.0,0,24.73430929842124,25.0,0.5638369029726426,0.5786773280712073,1.0,VALUE
AUSTIN_DRE_PHASE_3,AUSTIN_DOWNFALL_STATE_MODEL_V1,NCAAB_H1_2_AUSTIN_TRANSFER_V1,299557bc5c47afb8,NCAAB_20260127_MSU_RUTG,KXNCAAMBGAME-26JAN27MSURUTG-MSU,H1_2,16,2026-01-28T01:38:46+00:00,3,180,PERSISTENCE_2,2,CI_NEGATIVE,NORMAL_SUPPORT,-30.72334473312205,-48.0,-12.0,-80.0,49.27665526687795,-30.72334473312205,0.0,0.0,UNAVAILABLE,64,-17.0,73-73,0,UNAVAILABLE,UNAVAILABLE,1669.0,180,24.73430929842124,25.0,0.5638369029726426,0.5786773280712073,1.0,VALUE
AUSTIN_DRE_PHASE_3,AUSTIN_DOWNFALL_STATE_MODEL_V1,NCAAB_H1_2_AUSTIN_TRANSFER_V1,299557bc5c47afb8,NCAAB_20260127_MSU_RUTG,KXNCAAMBGAME-26JAN27MSURUTG-MSU,H1_2,17,2026-01-28T01:47:51+00:00,3,60,RECOVERING,0,CI_POSITIVE,NORMAL_SUPPORT,19.999999999999996,20.0,20.0,-80.0,100.0,-30.72334473312205,50.72334473312205,25.361672366561024,12.680836183280512,92,11.0,75-80,-5,UNAVAILABLE,UNAVAILABLE,1909.0,60,24.656735366311704,25.0,0.5670468419432109,0.5881442973148729,1.0,VALUE
AUSTIN_DRE_PHASE_3,AUSTIN_DOWNFALL_STATE_MODEL_V1,NCAAB_H1_2_AUSTIN_TRANSFER_V1,a5aed87e1b755a26,NCAAB_20260127_KSU_WVU,KXNCAAMBGAME-26JAN27KSUWVU-WVU,H1_2,0,2026-01-28T01:43:07+00:00,1,120,UNRESOLVED,0,CI_UNAVAILABLE,SUPPORT_UNAVAILABLE,UNAVAILABLE,UNAVAILABLE,UNAVAILABLE,UNAVAILABLE,UNAVAILABLE,UNAVAILABLE,UNAVAILABLE,UNAVAILABLE,UNAVAILABLE,75,UNAVAILABLE,0-0,0,UNAVAILABLE,UNAVAILABLE,UNAVAILABLE,1320,UNAVAILABLE,UNAVAILABLE,UNAVAILABLE,UNAVAILABLE,0.30434782608695654,NOT_APPLICABLE
AUSTIN_DRE_PHASE_3,AUSTIN_DOWNFALL_STATE_MODEL_V1,NCAAB_H1_2_AUSTIN_TRANSFER_V1,a5aed87e1b755a26,NCAAB_20260127_KSU_WVU,KXNCAAMBGAME-26JAN27KSUWVU-WVU,H1_2,1,2026-01-28T02:29:57+00:00,1,0,HEALTHY,0,CI_POSITIVE,NORMAL_SUPPORT,20.0,20.0,20.0,20.0,0.0,UNAVAILABLE,UNAVAILABLE,UNAVAILABLE,UNAVAILABLE,88,6.0,28-22,6,UNAVAILABLE,UNAVAILABLE,130.0,1200,24.986307698029762,25.0,0.9810083891816316,0.9951790552652965,0.9565217391304348,VALUE
AUSTIN_DRE_PHASE_3,AUSTIN_DOWNFALL_STATE_MODEL_V1,NCAAB_H1_2_AUSTIN_TRANSFER_V1,a5aed87e1b755a26,NCAAB_20260127_KSU_WVU,KXNCAAMBGAME-26JAN27KSUWVU-WVU,H1_2,2,2026-01-28T02:44:04+00:00,2,1200,HEALTHY,0,CI_CROSSES_ZERO,NORMAL_SUPPORT,4.144675642077547,-8.0,16.0,20.0,-15.855324357922452,20.0,-15.855324357922452,UNAVAILABLE,UNAVAILABLE,86,4.0,28-22,6,UNAVAILABLE,UNAVAILABLE,130.0,1200,24.91003441636696,25.0,1.6574069818590178,1.70828062260875,0.9565217391304348,VALUE
AUSTIN_DRE_PHASE_3,AUSTIN_DOWNFALL_STATE_MODEL_V1,NCAAB_H1_2_AUSTIN_TRANSFER_V1,a5aed87e1b755a26,NCAAB_20260127_KSU_WVU,KXNCAAMBGAME-26JAN27KSUWVU-WVU,H1_2,3,2026-01-28T02:44:04+00:00,2,1080,HEALTHY,0,CI_CROSSES_ZERO,NORMAL_SUPPORT,4.144675642077547,-8.0,16.0,20.0,-15.855324357922452,4.144675642077547,0.0,0.0,UNAVAILABLE,86,4.0,28-22,6,UNAVAILABLE,UNAVAILABLE,130.0,1080,24.91003441636696,25.0,1.6574069818590178,1.70828062260875,0.9565217391304348,VALUE
AUSTIN_DRE_PHASE_3,AUSTIN_DOWNFALL_STATE_MODEL_V1,NCAAB_H1_2_AUSTIN_TRANSFER_V1,a5aed87e1b755a26,NCAAB_20260127_KSU_WVU,KXNCAAMBGAME-26JAN27KSUWVU-WVU,H1_2,4,2026-01-28T02:44:04+00:00,2,960,HEALTHY,0,CI_CROSSES_ZERO,NORMAL_SUPPORT,4.144675642077547,-8.0,16.0,20.0,-15.855324357922452,4.144675642077547,0.0,0.0,0.0,86,4.0,28-22,6,UNAVAILABLE,UNAVAILABLE,130.0,960,24.91003441636696,25.0,1.6574069818590178,1.70828062260875,0.9565217391304348,VALUE
AUSTIN_DRE_PHASE_3,AUSTIN_DOWNFALL_STATE_MODEL_V1,NCAAB_H1_2_AUSTIN_TRANSFER_V1,a5aed87e1b755a26,NCAAB_20260127_KSU_WVU,KXNCAAMBGAME-26JAN27KSUWVU-WVU,H1_2,5,2026-01-28T02:44:04+00:00,2,840,HEALTHY,0,CI_CROSSES_ZERO,NORMAL_SUPPORT,4.144675642077547,-8.0,16.0,20.0,-15.855324357922452,4.144675642077547,0.0,0.0,0.0,86,4.0,28-22,6,UNAVAILABLE,UNAVAILABLE,130.0,840,24.91003441636696,25.0,1.6574069818590178,1.70828062260875,0.9565217391304348,VALUE
AUSTIN_DRE_PHASE_3,AUSTIN_DOWNFALL_STATE_MODEL_V1,NCAAB_H1_2_AUSTIN_TRANSFER_V1,a5aed87e1b755a26,NCAAB_20260127_KSU_WVU,KXNCAAMBGAME-26JAN27KSUWVU-WVU,H1_2,6,2026-01-28T02:44:04+00:00,2,720,HEALTHY,0,CI_CROSSES_ZERO,NORMAL_SUPPORT,4.144675642077547,-8.0,16.0,20.0,-15.855324357922452,4.144675642077547,0.0,0.0,0.0,86,4.0,28-22,6,UNAVAILABLE,UNAVAILABLE,130.0,720,24.91003441636696,25.0,1.6574069818590178,1.70828062260875,0.9565217391304348,VALUE
AUSTIN_DRE_PHASE_3,AUSTIN_DOWNFALL_STATE_MODEL_V1,NCAAB_H1_2_AUSTIN_TRANSFER_V1,a5aed87e1b755a26,NCAAB_20260127_KSU_WVU,KXNCAAMBGAME-26JAN27KSUWVU-WVU,H1_2,7,2026-01-28T03:07:46+00:00,2,600,HEALTHY,0,CI_POSITIVE,NORMAL_SUPPORT,16.672526419137217,8.0,20.0,20.0,-3.327473580862783,4.144675642077547,12.527850777059669,6.2639253885298345,3.1319626942649172,77,-5.0,45-41,4,UNAVAILABLE,UNAVAILABLE,730.0,600,23.42021416332195,25.0,0.6584725120666678,0.6589730396936693,1.0,VALUE
AUSTIN_DRE_PHASE_3,AUSTIN_DOWNFALL_STATE_MODEL_V1,NCAAB_H1_2_AUSTIN_TRANSFER_V1,a5aed87e1b755a26,NCAAB_20260127_KSU_WVU,KXNCAAMBGAME-26JAN27KSUWVU-WVU,H1_2,8,2026-01-28T02:44:04+00:00,2,480,HEALTHY,0,CI_CROSSES_ZERO,NORMAL_SUPPORT,4.144675642077547,-8.0,16.0,20.0,-15.855324357922452,16.672526419137217,-12.527850777059669,-6.2639253885298345,-6.2639253885298345,86,4.0,28-22,6,UNAVAILABLE,UNAVAILABLE,130.0,480,24.91003441636696,25.0,1.6574069818590178,1.70828062260875,0.9565217391304348,VALUE
AUSTIN_DRE_PHASE_3,AUSTIN_DOWNFALL_STATE_MODEL_V1,NCAAB_H1_2_AUSTIN_TRANSFER_V1,a5aed87e1b755a26,NCAAB_20260127_KSU_WVU,KXNCAAMBGAME-26JAN27KSUWVU-WVU,H1_2,9,2026-01-28T02:44:04+00:00,2,360,HEALTHY,0,CI_CROSSES_ZERO,NORMAL_SUPPORT,4.144675642077547,-8.0,16.0,20.0,-15.855324357922452,4.144675642077547,0.0,0.0,3.1319626942649172,86,4.0,28-22,6,UNAVAILABLE,UNAVAILABLE,130.0,360,24.91003441636696,25.0,1.6574069818590178,1.70828062260875,0.9565217391304348,VALUE
AUSTIN_DRE_PHASE_3,AUSTIN_DOWNFALL_STATE_MODEL_V1,NCAAB_H1_2_AUSTIN_TRANSFER_V1,a5aed87e1b755a26,NCAAB_20260127_KSU_WVU,KXNCAAMBGAME-26JAN27KSUWVU-WVU,H1_2,10,2026-01-28T03:25:52+00:00,2,240,WATCH_NEGATIVE,1,CI_NEGATIVE,NORMAL_SUPPORT,-29.214895714544213,-48.0,-12.0,20.0,-49.21489571454421,4.144675642077547,-33.35957135662176,-16.67978567831088,-8.33989283915544,43,-39.0,45-49,-4,UNAVAILABLE,UNAVAILABLE,1090.0,240,23.955745600985086,25.0,0.9853200526098561,1.015222567602116,1.0,VALUE
AUSTIN_DRE_PHASE_3,AUSTIN_DOWNFALL_STATE_MODEL_V1,NCAAB_H1_2_AUSTIN_TRANSFER_V1,a5aed87e1b755a26,NCAAB_20260127_KSU_WVU,KXNCAAMBGAME-26JAN27KSUWVU-WVU,H1_2,11,2026-01-28T03:34:12+00:00,2,120,RECOVERING,0,CI_CROSSES_ZERO,NORMAL_SUPPORT,7.3584404137811745,-8.0,16.09999999999991,20.0,-12.641559586218825,-29.214895714544213,36.57333612832539,18.286668064162694,17.483226871236788,62,-20.0,50-49,1,UNAVAILABLE,UNAVAILABLE,1210.0,120,22.97360043782477,25.0,0.6530397348690263,0.7132182536473188,1.0,VALUE
AUSTIN_DRE_PHASE_3,AUSTIN_DOWNFALL_STATE_MODEL_V1,NCAAB_H1_2_AUSTIN_TRANSFER_V1,a5aed87e1b755a26,NCAAB_20260127_KSU_WVU,KXNCAAMBGAME-26JAN27KSUWVU-WVU,H1_2,12,2026-01-28T03:50:57+00:00,2,0,HEALTHY_AFTER_RECOVERY,0,CI_POSITIVE,NORMAL_SUPPORT,20.0,20.0,20.0,20.0,0.0,7.3584404137811745,12.641559586218825,6.320779793109413,-5.98294413552664,99,17.0,59-54,5,UNAVAILABLE,UNAVAILABLE,1330.0,0,24.704502456513186,25.0,0.9801482551870164,1.0099980206849164,1.0,VALUE
AUSTIN_DRE_PHASE_3,AUSTIN_DOWNFALL_STATE_MODEL_V1,NCAAB_H2_1_AUSTIN_TRANSFER_V1,972e7ad133034248,NCAAB_20251107_KU_UNC,KXNCAAMBGAME-25NOV07KUUNC-UNC,H2_1,0,2025-11-08T01:09:56+00:00,2,720,UNRESOLVED,0,CI_UNAVAILABLE,SUPPORT_UNAVAILABLE,UNAVAILABLE,UNAVAILABLE,UNAVAILABLE,UNAVAILABLE,UNAVAILABLE,UNAVAILABLE,UNAVAILABLE,UNAVAILABLE,UNAVAILABLE,36,UNAVAILABLE,29-37,-8,UNAVAILABLE,UNAVAILABLE,UNAVAILABLE,720,UNAVAILABLE,UNAVAILABLE,UNAVAILABLE,UNAVAILABLE,0.30434782608695654,NOT_APPLICABLE
AUSTIN_DRE_PHASE_3,AUSTIN_DOWNFALL_STATE_MODEL_V1,NCAAB_H2_1_AUSTIN_TRANSFER_V1,972e7ad133034248,NCAAB_20251107_KU_UNC,KXNCAAMBGAME-25NOV07KUUNC-UNC,H2_1,1,2025-11-08T01:09:56+00:00,2,600,UNRESOLVED,0,CI_UNAVAILABLE,SUPPORT_UNAVAILABLE,UNAVAILABLE,UNAVAILABLE,UNAVAILABLE,UNAVAILABLE,UNAVAILABLE,UNAVAILABLE,UNAVAILABLE,UNAVAILABLE,UNAVAILABLE,36,UNAVAILABLE,29-37,-8,UNAVAILABLE,UNAVAILABLE,UNAVAILABLE,600,UNAVAILABLE,UNAVAILABLE,UNAVAILABLE,UNAVAILABLE,0.30434782608695654,NOT_APPLICABLE
AUSTIN_DRE_PHASE_3,AUSTIN_DOWNFALL_STATE_MODEL_V1,NCAAB_H2_1_AUSTIN_TRANSFER_V1,972e7ad133034248,NCAAB_20251107_KU_UNC,KXNCAAMBGAME-25NOV07KUUNC-UNC,H2_1,2,2025-11-08T01:09:56+00:00,2,480,UNRESOLVED,0,CI_UNAVAILABLE,SUPPORT_UNAVAILABLE,UNAVAILABLE,UNAVAILABLE,UNAVAILABLE,UNAVAILABLE,UNAVAILABLE,UNAVAILABLE,UNAVAILABLE,UNAVAILABLE,UNAVAILABLE,36,UNAVAILABLE,29-37,-8,UNAVAILABLE,UNAVAILABLE,UNAVAILABLE,480,UNAVAILABLE,UNAVAILABLE,UNAVAILABLE,UNAVAILABLE,0.30434782608695654,NOT_APPLICABLE
AUSTIN_DRE_PHASE_3,AUSTIN_DOWNFALL_STATE_MODEL_V1,NCAAB_H2_1_AUSTIN_TRANSFER_V1,972e7ad133034248,NCAAB_20251107_KU_UNC,KXNCAAMBGAME-25NOV07KUUNC-UNC,H2_1,3,2025-11-08T01:09:56+00:00,2,360,UNRESOLVED,0,CI_UNAVAILABLE,SUPPORT_UNAVAILABLE,UNAVAILABLE,UNAVAILABLE,UNAVAILABLE,UNAVAILABLE,UNAVAILABLE,UNAVAILABLE,UNAVAILABLE,UNAVAILABLE,UNAVAILABLE,36,UNAVAILABLE,29-37,-8,UNAVAILABLE,UNAVAILABLE,UNAVAILABLE,360,UNAVAILABLE,UNAVAILABLE,UNAVAILABLE,UNAVAILABLE,0.30434782608695654,NOT_APPLICABLE
AUSTIN_DRE_PHASE_3,AUSTIN_DOWNFALL_STATE_MODEL_V1,NCAAB_H2_1_AUSTIN_TRANSFER_V1,972e7ad133034248,NCAAB_20251107_KU_UNC,KXNCAAMBGAME-25NOV07KUUNC-UNC,H2_1,4,2025-11-08T01:09:56+00:00,2,240,UNRESOLVED,0,CI_UNAVAILABLE,SUPPORT_UNAVAILABLE,UNAVAILABLE,UNAVAILABLE,UNAVAILABLE,UNAVAILABLE,UNAVAILABLE,UNAVAILABLE,UNAVAILABLE,UNAVAILABLE,UNAVAILABLE,36,UNAVAILABLE,29-37,-8,UNAVAILABLE,UNAVAILABLE,UNAVAILABLE,240,UNAVAILABLE,UNAVAILABLE,UNAVAILABLE,UNAVAILABLE,0.30434782608695654,NOT_APPLICABLE
AUSTIN_DRE_PHASE_3,AUSTIN_DOWNFALL_STATE_MODEL_V1,NCAAB_H2_1_AUSTIN_TRANSFER_V1,972e7ad133034248,NCAAB_20251107_KU_UNC,KXNCAAMBGAME-25NOV07KUUNC-UNC,H2_1,5,2025-11-08T01:09:56+00:00,2,120,UNRESOLVED,0,CI_UNAVAILABLE,SUPPORT_UNAVAILABLE,UNAVAILABLE,UNAVAILABLE,UNAVAILABLE,UNAVAILABLE,UNAVAILABLE,UNAVAILABLE,UNAVAILABLE,UNAVAILABLE,UNAVAILABLE,36,UNAVAILABLE,29-37,-8,UNAVAILABLE,UNAVAILABLE,UNAVAILABLE,120,UNAVAILABLE,UNAVAILABLE,UNAVAILABLE,UNAVAILABLE,0.30434782608695654,NOT_APPLICABLE
AUSTIN_DRE_PHASE_3,AUSTIN_DOWNFALL_STATE_MODEL_V1,NCAAB_H2_1_AUSTIN_TRANSFER_V1,972e7ad133034248,NCAAB_20251107_KU_UNC,KXNCAAMBGAME-25NOV07KUUNC-UNC,H2_1,6,2025-11-08T02:05:28+00:00,2,0,HEALTHY,0,CI_POSITIVE,NORMAL_SUPPORT,20.000000000000004,20.0,20.0,20.000000000000004,0.0,UNAVAILABLE,UNAVAILABLE,UNAVAILABLE,UNAVAILABLE,99,16.0,87-74,13,UNAVAILABLE,UNAVAILABLE,808.0,0,24.896569077925946,25.0,0.714209420321838,0.7064331862721009,1.0,VALUE
AUSTIN_DRE_PHASE_3,AUSTIN_DOWNFALL_STATE_MODEL_V1,NCAAB_H2_1_AUSTIN_TRANSFER_V1,37cf41dbdbe0a4cf,NCAAB_20251112_MINN_MIZZ,KXNCAAMBGAME-25NOV12MINNMIZZ-MIZZ,H2_1,0,2025-11-13T02:04:53+00:00,2,600,UNRESOLVED,0,CI_UNAVAILABLE,SUPPORT_UNAVAILABLE,UNAVAILABLE,UNAVAILABLE,UNAVAILABLE,UNAVAILABLE,UNAVAILABLE,UNAVAILABLE,UNAVAILABLE,UNAVAILABLE,UNAVAILABLE,73,UNAVAILABLE,32-30,2,UNAVAILABLE,UNAVAILABLE,UNAVAILABLE,600,UNAVAILABLE,UNAVAILABLE,UNAVAILABLE,UNAVAILABLE,0.30434782608695654,NOT_APPLICABLE
AUSTIN_DRE_PHASE_3,AUSTIN_DOWNFALL_STATE_MODEL_V1,NCAAB_H2_1_AUSTIN_TRANSFER_V1,37cf41dbdbe0a4cf,NCAAB_20251112_MINN_MIZZ,KXNCAAMBGAME-25NOV12MINNMIZZ-MIZZ,H2_1,1,2025-11-13T02:35:53+00:00,2,480,HEALTHY,0,CI_CROSSES_ZERO,NORMAL_SUPPORT,0.4236944707530361,-16.0,16.0,0.4236944707530361,0.0,UNAVAILABLE,UNAVAILABLE,UNAVAILABLE,UNAVAILABLE,96,13.0,63-47,16,UNAVAILABLE,UNAVAILABLE,207.0,480,24.54607299873832,25.0,0.6818440282683568,0.6961327832702255,0.9710144927536232,VALUE
AUSTIN_DRE_PHASE_3,AUSTIN_DOWNFALL_STATE_MODEL_V1,NCAAB_H2_1_AUSTIN_TRANSFER_V1,37cf41dbdbe0a4cf,NCAAB_20251112_MINN_MIZZ,KXNCAAMBGAME-25NOV12MINNMIZZ-MIZZ,H2_1,2,2025-11-13T02:43:20+00:00,2,360,WATCH_NEGATIVE,1,CI_CROSSES_ZERO,NORMAL_SUPPORT,-7.071908512621661,-24.09999999999991,8.0,0.4236944707530361,-7.495602983374697,0.4236944707530361,-7.495602983374697,-3.7478014916873486,UNAVAILABLE,84,1.0,67-48,19,UNAVAILABLE,UNAVAILABLE,327.0,360,21.830283622849485,25.0,0.4729175001267909,0.4760916669953716,0.9855072463768116,VALUE
AUSTIN_DRE_PHASE_3,AUSTIN_DOWNFALL_STATE_MODEL_V1,NCAAB_H2_1_AUSTIN_TRANSFER_V1,37cf41dbdbe0a4cf,NCAAB_20251112_MINN_MIZZ,KXNCAAMBGAME-25NOV12MINNMIZZ-MIZZ,H2_1,3,2025-11-13T02:04:53+00:00,2,240,UNRESOLVED,0,CI_UNAVAILABLE,SUPPORT_UNAVAILABLE,UNAVAILABLE,UNAVAILABLE,UNAVAILABLE,0.4236944707530361,UNAVAILABLE,0.4236944707530361,UNAVAILABLE,UNAVAILABLE,UNAVAILABLE,73,UNAVAILABLE,32-30,2,UNAVAILABLE,UNAVAILABLE,UNAVAILABLE,240,UNAVAILABLE,UNAVAILABLE,UNAVAILABLE,UNAVAILABLE,0.30434782608695654,NOT_APPLICABLE
AUSTIN_DRE_PHASE_3,AUSTIN_DOWNFALL_STATE_MODEL_V1,NCAAB_H2_1_AUSTIN_TRANSFER_V1,37cf41dbdbe0a4cf,NCAAB_20251112_MINN_MIZZ,KXNCAAMBGAME-25NOV12MINNMIZZ-MIZZ,H2_1,4,2025-11-13T02:04:53+00:00,2,120,UNRESOLVED,0,CI_UNAVAILABLE,SUPPORT_UNAVAILABLE,UNAVAILABLE,UNAVAILABLE,UNAVAILABLE,0.4236944707530361,UNAVAILABLE,0.4236944707530361,UNAVAILABLE,UNAVAILABLE,UNAVAILABLE,73,UNAVAILABLE,32-30,2,UNAVAILABLE,UNAVAILABLE,UNAVAILABLE,120,UNAVAILABLE,UNAVAILABLE,UNAVAILABLE,UNAVAILABLE,0.30434782608695654,NOT_APPLICABLE
AUSTIN_DRE_PHASE_3,AUSTIN_DOWNFALL_STATE_MODEL_V1,NCAAB_H2_1_AUSTIN_TRANSFER_V1,2078dbc38a4cf10a,NCAAB_20251120_PITT_UCF,KXNCAAMBGAME-25NOV20PITTUCF-UCF,H2_1,0,2025-11-21T01:07:22+00:00,2,840,UNRESOLVED,0,CI_UNAVAILABLE,SUPPORT_UNAVAILABLE,UNAVAILABLE,UNAVAILABLE,UNAVAILABLE,UNAVAILABLE,UNAVAILABLE,UNAVAILABLE,UNAVAILABLE,UNAVAILABLE,UNAVAILABLE,53,UNAVAILABLE,38-36,2,UNAVAILABLE,UNAVAILABLE,UNAVAILABLE,840,UNAVAILABLE,UNAVAILABLE,UNAVAILABLE,UNAVAILABLE,0.30434782608695654,NOT_APPLICABLE
AUSTIN_DRE_PHASE_3,AUSTIN_DOWNFALL_STATE_MODEL_V1,NCAAB_H2_1_AUSTIN_TRANSFER_V1,2078dbc38a4cf10a,NCAAB_20251120_PITT_UCF,KXNCAAMBGAME-25NOV20PITTUCF-UCF,H2_1,1,2025-11-21T01:26:54+00:00,2,720,HEALTHY,0,CI_POSITIVE,NORMAL_SUPPORT,20.000000000000004,20.0,20.0,20.000000000000004,0.0,UNAVAILABLE,UNAVAILABLE,UNAVAILABLE,UNAVAILABLE,86,1.0,53-42,11,UNAVAILABLE,UNAVAILABLE,178.0,720,24.24829890159867,25.0,0.9809886570332058,1.0021111301726329,0.9565217391304348,VALUE
AUSTIN_DRE_PHASE_3,AUSTIN_DOWNFALL_STATE_MODEL_V1,NCAAB_H2_1_AUSTIN_TRANSFER_V1,2078dbc38a4cf10a,NCAAB_20251120_PITT_UCF,KXNCAAMBGAME-25NOV20PITTUCF-UCF,H2_1,2,2025-11-21T01:07:22+00:00,2,600,UNRESOLVED,0,CI_UNAVAILABLE,SUPPORT_UNAVAILABLE,UNAVAILABLE,UNAVAILABLE,UNAVAILABLE,20.000000000000004,UNAVAILABLE,UNAVAILABLE,UNAVAILABLE,UNAVAILABLE,UNAVAILABLE,53,UNAVAILABLE,38-36,2,UNAVAILABLE,UNAVAILABLE,UNAVAILABLE,600,UNAVAILABLE,UNAVAILABLE,UNAVAILABLE,UNAVAILABLE,0.30434782608695654,NOT_APPLICABLE
AUSTIN_DRE_PHASE_3,AUSTIN_DOWNFALL_STATE_MODEL_V1,NCAAB_H2_1_AUSTIN_TRANSFER_V1,2078dbc38a4cf10a,NCAAB_20251120_PITT_UCF,KXNCAAMBGAME-25NOV20PITTUCF-UCF,H2_1,3,2025-11-21T01:07:22+00:00,2,480,UNRESOLVED,0,CI_UNAVAILABLE,SUPPORT_UNAVAILABLE,UNAVAILABLE,UNAVAILABLE,UNAVAILABLE,20.000000000000004,UNAVAILABLE,UNAVAILABLE,UNAVAILABLE,UNAVAILABLE,UNAVAILABLE,53,UNAVAILABLE,38-36,2,UNAVAILABLE,UNAVAILABLE,UNAVAILABLE,480,UNAVAILABLE,UNAVAILABLE,UNAVAILABLE,UNAVAILABLE,0.30434782608695654,NOT_APPLICABLE
AUSTIN_DRE_PHASE_3,AUSTIN_DOWNFALL_STATE_MODEL_V1,NCAAB_H2_1_AUSTIN_TRANSFER_V1,2078dbc38a4cf10a,NCAAB_20251120_PITT_UCF,KXNCAAMBGAME-25NOV20PITTUCF-UCF,H2_1,4,2025-11-21T01:07:22+00:00,2,360,UNRESOLVED,0,CI_UNAVAILABLE,SUPPORT_UNAVAILABLE,UNAVAILABLE,UNAVAILABLE,UNAVAILABLE,20.000000000000004,UNAVAILABLE,UNAVAILABLE,UNAVAILABLE,UNAVAILABLE,UNAVAILABLE,53,UNAVAILABLE,38-36,2,UNAVAILABLE,UNAVAILABLE,UNAVAILABLE,360,UNAVAILABLE,UNAVAILABLE,UNAVAILABLE,UNAVAILABLE,0.30434782608695654,NOT_APPLICABLE
AUSTIN_DRE_PHASE_3,AUSTIN_DOWNFALL_STATE_MODEL_V1,NCAAB_H2_1_AUSTIN_TRANSFER_V1,2078dbc38a4cf10a,NCAAB_20251120_PITT_UCF,KXNCAAMBGAME-25NOV20PITTUCF-UCF,H2_1,5,2025-11-21T01:07:22+00:00,2,240,UNRESOLVED,0,CI_UNAVAILABLE,SUPPORT_UNAVAILABLE,UNAVAILABLE,UNAVAILABLE,UNAVAILABLE,20.000000000000004,UNAVAILABLE,UNAVAILABLE,UNAVAILABLE,UNAVAILABLE,UNAVAILABLE,53,UNAVAILABLE,38-36,2,UNAVAILABLE,UNAVAILABLE,UNAVAILABLE,240,UNAVAILABLE,UNAVAILABLE,UNAVAILABLE,UNAVAILABLE,0.30434782608695654,NOT_APPLICABLE
AUSTIN_DRE_PHASE_3,AUSTIN_DOWNFALL_STATE_MODEL_V1,NCAAB_H2_1_AUSTIN_TRANSFER_V1,2078dbc38a4cf10a,NCAAB_20251120_PITT_UCF,KXNCAAMBGAME-25NOV20PITTUCF-UCF,H2_1,6,2025-11-21T01:07:22+00:00,2,120,UNRESOLVED,0,CI_UNAVAILABLE,SUPPORT_UNAVAILABLE,UNAVAILABLE,UNAVAILABLE,UNAVAILABLE,20.000000000000004,UNAVAILABLE,UNAVAILABLE,UNAVAILABLE,UNAVAILABLE,UNAVAILABLE,53,UNAVAILABLE,38-36,2,UNAVAILABLE,UNAVAILABLE,UNAVAILABLE,120,UNAVAILABLE,UNAVAILABLE,UNAVAILABLE,UNAVAILABLE,0.30434782608695654,NOT_APPLICABLE
AUSTIN_DRE_PHASE_3,AUSTIN_DOWNFALL_STATE_MODEL_V1,NCAAB_H2_1_AUSTIN_TRANSFER_V1,2078dbc38a4cf10a,NCAAB_20251120_PITT_UCF,KXNCAAMBGAME-25NOV20PITTUCF-UCF,H2_1,7,2025-11-21T02:03:12+00:00,2,0,HEALTHY,0,CI_POSITIVE,NORMAL_SUPPORT,20.0,20.0,20.0,20.000000000000004,-3.552713678800501e-15,20.000000000000004,-3.552713678800501e-15,-2.9605947323337506e-16,UNAVAILABLE,99,14.0,77-67,10,UNAVAILABLE,UNAVAILABLE,898.0,0,24.546508208663393,25.0,0.8814666801285902,0.895230738624062,1.0,VALUE
AUSTIN_DRE_PHASE_3,AUSTIN_DOWNFALL_STATE_MODEL_V1,NCAAB_H2_1_AUSTIN_TRANSFER_V1,99f408a1b4cc3808,NCAAB_20251120_MSST_KSU,KXNCAAMBGAME-25NOV20MSSTKSU-KSU,H2_1,0,2025-11-21T03:31:52+00:00,2,840,UNRESOLVED,0,CI_UNAVAILABLE,SUPPORT_UNAVAILABLE,UNAVAILABLE,UNAVAILABLE,UNAVAILABLE,UNAVAILABLE,UNAVAILABLE,UNAVAILABLE,UNAVAILABLE,UNAVAILABLE,UNAVAILABLE,70,UNAVAILABLE,44-36,8,UNAVAILABLE,UNAVAILABLE,UNAVAILABLE,840,UNAVAILABLE,UNAVAILABLE,UNAVAILABLE,UNAVAILABLE,0.30434782608695654,NOT_APPLICABLE
AUSTIN_DRE_PHASE_3,AUSTIN_DOWNFALL_STATE_MODEL_V1,NCAAB_H2_1_AUSTIN_TRANSFER_V1,99f408a1b4cc3808,NCAAB_20251120_MSST_KSU,KXNCAAMBGAME-25NOV20MSSTKSU-KSU,H2_1,1,2025-11-21T03:31:52+00:00,2,720,UNRESOLVED,0,CI_UNAVAILABLE,SUPPORT_UNAVAILABLE,UNAVAILABLE,UNAVAILABLE,UNAVAILABLE,UNAVAILABLE,UNAVAILABLE,UNAVAILABLE,UNAVAILABLE,UNAVAILABLE,UNAVAILABLE,70,UNAVAILABLE,44-36,8,UNAVAILABLE,UNAVAILABLE,UNAVAILABLE,720,UNAVAILABLE,UNAVAILABLE,UNAVAILABLE,UNAVAILABLE,0.30434782608695654,NOT_APPLICABLE
AUSTIN_DRE_PHASE_3,AUSTIN_DOWNFALL_STATE_MODEL_V1,NCAAB_H2_1_AUSTIN_TRANSFER_V1,99f408a1b4cc3808,NCAAB_20251120_MSST_KSU,KXNCAAMBGAME-25NOV20MSSTKSU-KSU,H2_1,2,2025-11-21T03:31:52+00:00,2,600,UNRESOLVED,0,CI_UNAVAILABLE,SUPPORT_UNAVAILABLE,UNAVAILABLE,UNAVAILABLE,UNAVAILABLE,UNAVAILABLE,UNAVAILABLE,UNAVAILABLE,UNAVAILABLE,UNAVAILABLE,UNAVAILABLE,70,UNAVAILABLE,44-36,8,UNAVAILABLE,UNAVAILABLE,UNAVAILABLE,600,UNAVAILABLE,UNAVAILABLE,UNAVAILABLE,UNAVAILABLE,0.30434782608695654,NOT_APPLICABLE
AUSTIN_DRE_PHASE_3,AUSTIN_DOWNFALL_STATE_MODEL_V1,NCAAB_H2_1_AUSTIN_TRANSFER_V1,99f408a1b4cc3808,NCAAB_20251120_MSST_KSU,KXNCAAMBGAME-25NOV20MSSTKSU-KSU,H2_1,3,2025-11-21T03:31:52+00:00,2,480,UNRESOLVED,0,CI_UNAVAILABLE,SUPPORT_UNAVAILABLE,UNAVAILABLE,UNAVAILABLE,UNAVAILABLE,UNAVAILABLE,UNAVAILABLE,UNAVAILABLE,UNAVAILABLE,UNAVAILABLE,UNAVAILABLE,70,UNAVAILABLE,44-36,8,UNAVAILABLE,UNAVAILABLE,UNAVAILABLE,480,UNAVAILABLE,UNAVAILABLE,UNAVAILABLE,UNAVAILABLE,0.30434782608695654,NOT_APPLICABLE
AUSTIN_DRE_PHASE_3,AUSTIN_DOWNFALL_STATE_MODEL_V1,NCAAB_H2_1_AUSTIN_TRANSFER_V1,99f408a1b4cc3808,NCAAB_20251120_MSST_KSU,KXNCAAMBGAME-25NOV20MSSTKSU-KSU,H2_1,4,2025-11-21T03:31:52+00:00,2,360,UNRESOLVED,0,CI_UNAVAILABLE,SUPPORT_UNAVAILABLE,UNAVAILABLE,UNAVAILABLE,UNAVAILABLE,UNAVAILABLE,UNAVAILABLE,UNAVAILABLE,UNAVAILABLE,UNAVAILABLE,UNAVAILABLE,70,UNAVAILABLE,44-36,8,UNAVAILABLE,UNAVAILABLE,UNAVAILABLE,360,UNAVAILABLE,UNAVAILABLE,UNAVAILABLE,UNAVAILABLE,0.30434782608695654,NOT_APPLICABLE
AUSTIN_DRE_PHASE_3,AUSTIN_DOWNFALL_STATE_MODEL_V1,NCAAB_H2_1_AUSTIN_TRANSFER_V1,99f408a1b4cc3808,NCAAB_20251120_MSST_KSU,KXNCAAMBGAME-25NOV20MSSTKSU-KSU,H2_1,5,2025-11-21T03:31:52+00:00,2,240,UNRESOLVED,0,CI_UNAVAILABLE,SUPPORT_UNAVAILABLE,UNAVAILABLE,UNAVAILABLE,UNAVAILABLE,UNAVAILABLE,UNAVAILABLE,UNAVAILABLE,UNAVAILABLE,UNAVAILABLE,UNAVAILABLE,70,UNAVAILABLE,44-36,8,UNAVAILABLE,UNAVAILABLE,UNAVAILABLE,240,UNAVAILABLE,UNAVAILABLE,UNAVAILABLE,UNAVAILABLE,0.30434782608695654,NOT_APPLICABLE
AUSTIN_DRE_PHASE_3,AUSTIN_DOWNFALL_STATE_MODEL_V1,NCAAB_H2_1_AUSTIN_TRANSFER_V1,99f408a1b4cc3808,NCAAB_20251120_MSST_KSU,KXNCAAMBGAME-25NOV20MSSTKSU-KSU,H2_1,6,2025-11-21T03:31:52+00:00,2,120,UNRESOLVED,0,CI_UNAVAILABLE,SUPPORT_UNAVAILABLE,UNAVAILABLE,UNAVAILABLE,UNAVAILABLE,UNAVAILABLE,UNAVAILABLE,UNAVAILABLE,UNAVAILABLE,UNAVAILABLE,UNAVAILABLE,70,UNAVAILABLE,44-36,8,UNAVAILABLE,UNAVAILABLE,UNAVAILABLE,120,UNAVAILABLE,UNAVAILABLE,UNAVAILABLE,UNAVAILABLE,0.30434782608695654,NOT_APPLICABLE
AUSTIN_DRE_PHASE_3,AUSTIN_DOWNFALL_STATE_MODEL_V1,NCAAB_H2_1_AUSTIN_TRANSFER_V1,99f408a1b4cc3808,NCAAB_20251120_MSST_KSU,KXNCAAMBGAME-25NOV20MSSTKSU-KSU,H2_1,7,2025-11-21T04:38:30+00:00,2,0,HEALTHY,0,CI_POSITIVE,NORMAL_SUPPORT,20.000000000000004,20.0,20.0,20.000000000000004,0.0,UNAVAILABLE,UNAVAILABLE,UNAVAILABLE,UNAVAILABLE,99,17.0,98-77,21,UNAVAILABLE,UNAVAILABLE,948.0,0,24.709057658620274,25.0,0.518050390571185,0.5214490450181963,1.0,VALUE
AUSTIN_DRE_PHASE_3,AUSTIN_DOWNFALL_STATE_MODEL_V1,NCAAB_H2_1_AUSTIN_TRANSFER_V1,6bc2f0f82dfeb942,NCAAB_20251121_WVU_CLEM,KXNCAAMBGAME-25NOV21WVUCLEM-WVU,H2_1,0,2025-11-22T00:32:03+00:00,2,600,UNRESOLVED,0,CI_UNAVAILABLE,SUPPORT_UNAVAILABLE,UNAVAILABLE,UNAVAILABLE,UNAVAILABLE,UNAVAILABLE,UNAVAILABLE,UNAVAILABLE,UNAVAILABLE,UNAVAILABLE,UNAVAILABLE,67,UNAVAILABLE,25-32,-7,UNAVAILABLE,UNAVAILABLE,UNAVAILABLE,600,UNAVAILABLE,UNAVAILABLE,UNAVAILABLE,UNAVAILABLE,0.30434782608695654,NOT_APPLICABLE
AUSTIN_DRE_PHASE_3,AUSTIN_DOWNFALL_STATE_MODEL_V1,NCAAB_H2_1_AUSTIN_TRANSFER_V1,6bc2f0f82dfeb942,NCAAB_20251121_WVU_CLEM,KXNCAAMBGAME-25NOV21WVUCLEM-WVU,H2_1,1,2025-11-22T00:32:03+00:00,2,480,UNRESOLVED,0,CI_UNAVAILABLE,SUPPORT_UNAVAILABLE,UNAVAILABLE,UNAVAILABLE,UNAVAILABLE,UNAVAILABLE,UNAVAILABLE,UNAVAILABLE,UNAVAILABLE,UNAVAILABLE,UNAVAILABLE,67,UNAVAILABLE,25-32,-7,UNAVAILABLE,UNAVAILABLE,UNAVAILABLE,480,UNAVAILABLE,UNAVAILABLE,UNAVAILABLE,UNAVAILABLE,0.30434782608695654,NOT_APPLICABLE
AUSTIN_DRE_PHASE_3,AUSTIN_DOWNFALL_STATE_MODEL_V1,NCAAB_H2_1_AUSTIN_TRANSFER_V1,6bc2f0f82dfeb942,NCAAB_20251121_WVU_CLEM,KXNCAAMBGAME-25NOV21WVUCLEM-WVU,H2_1,2,2025-11-22T00:32:03+00:00,2,360,UNRESOLVED,0,CI_UNAVAILABLE,SUPPORT_UNAVAILABLE,UNAVAILABLE,UNAVAILABLE,UNAVAILABLE,UNAVAILABLE,UNAVAILABLE,UNAVAILABLE,UNAVAILABLE,UNAVAILABLE,UNAVAILABLE,67,UNAVAILABLE,25-32,-7,UNAVAILABLE,UNAVAILABLE,UNAVAILABLE,360,UNAVAILABLE,UNAVAILABLE,UNAVAILABLE,UNAVAILABLE,0.30434782608695654,NOT_APPLICABLE
AUSTIN_DRE_PHASE_3,AUSTIN_DOWNFALL_STATE_MODEL_V1,NCAAB_H2_1_AUSTIN_TRANSFER_V1,6bc2f0f82dfeb942,NCAAB_20251121_WVU_CLEM,KXNCAAMBGAME-25NOV21WVUCLEM-WVU,H2_1,3,2025-11-22T00:32:03+00:00,2,240,UNRESOLVED,0,CI_UNAVAILABLE,SUPPORT_UNAVAILABLE,UNAVAILABLE,UNAVAILABLE,UNAVAILABLE,UNAVAILABLE,UNAVAILABLE,UNAVAILABLE,UNAVAILABLE,UNAVAILABLE,UNAVAILABLE,67,UNAVAILABLE,25-32,-7,UNAVAILABLE,UNAVAILABLE,UNAVAILABLE,240,UNAVAILABLE,UNAVAILABLE,UNAVAILABLE,UNAVAILABLE,0.30434782608695654,NOT_APPLICABLE
AUSTIN_DRE_PHASE_3,AUSTIN_DOWNFALL_STATE_MODEL_V1,NCAAB_H2_1_AUSTIN_TRANSFER_V1,6bc2f0f82dfeb942,NCAAB_20251121_WVU_CLEM,KXNCAAMBGAME-25NOV21WVUCLEM-WVU,H2_1,4,2025-11-22T00:32:03+00:00,2,120,UNRESOLVED,0,CI_UNAVAILABLE,SUPPORT_UNAVAILABLE,UNAVAILABLE,UNAVAILABLE,UNAVAILABLE,UNAVAILABLE,UNAVAILABLE,UNAVAILABLE,UNAVAILABLE,UNAVAILABLE,UNAVAILABLE,67,UNAVAILABLE,25-32,-7,UNAVAILABLE,UNAVAILABLE,UNAVAILABLE,120,UNAVAILABLE,UNAVAILABLE,UNAVAILABLE,UNAVAILABLE,0.30434782608695654,NOT_APPLICABLE
AUSTIN_DRE_PHASE_3,AUSTIN_DOWNFALL_STATE_MODEL_V1,NCAAB_H2_1_AUSTIN_TRANSFER_V1,6bc2f0f82dfeb942,NCAAB_20251121_WVU_CLEM,KXNCAAMBGAME-25NOV21WVUCLEM-WVU,H2_1,5,2025-11-22T01:40:27+00:00,2,0,WATCH_NEGATIVE,1,CI_NEGATIVE,NORMAL_SUPPORT,-64.62692087755335,-76.0,-48.0,-64.62692087755335,0.0,UNAVAILABLE,UNAVAILABLE,UNAVAILABLE,UNAVAILABLE,2,-79.0,70-67,3,UNAVAILABLE,UNAVAILABLE,719.0,0,24.9386725086639,25.0,1.7744183550110453,1.7936390754029585,1.0,VALUE
AUSTIN_DRE_PHASE_3,AUSTIN_DOWNFALL_STATE_MODEL_V1,NCAAB_H2_1_AUSTIN_TRANSFER_V1,23b638c1e5542f81,NCAAB_20251123_CLEM_UGA,KXNCAAMBGAME-25NOV23CLEMUGA-CLEM,H2_1,0,2025-11-23T19:15:46+00:00,2,840,UNRESOLVED,0,CI_UNAVAILABLE,SUPPORT_UNAVAILABLE,UNAVAILABLE,UNAVAILABLE,UNAVAILABLE,UNAVAILABLE,UNAVAILABLE,UNAVAILABLE,UNAVAILABLE,UNAVAILABLE,UNAVAILABLE,52,UNAVAILABLE,40-41,-1,UNAVAILABLE,UNAVAILABLE,UNAVAILABLE,840,UNAVAILABLE,UNAVAILABLE,UNAVAILABLE,UNAVAILABLE,0.30434782608695654,NOT_APPLICABLE
AUSTIN_DRE_PHASE_3,AUSTIN_DOWNFALL_STATE_MODEL_V1,NCAAB_H2_1_AUSTIN_TRANSFER_V1,23b638c1e5542f81,NCAAB_20251123_CLEM_UGA,KXNCAAMBGAME-25NOV23CLEMUGA-CLEM,H2_1,1,2025-11-23T19:15:46+00:00,2,720,UNRESOLVED,0,CI_UNAVAILABLE,SUPPORT_UNAVAILABLE,UNAVAILABLE,UNAVAILABLE,UNAVAILABLE,UNAVAILABLE,UNAVAILABLE,UNAVAILABLE,UNAVAILABLE,UNAVAILABLE,UNAVAILABLE,52,UNAVAILABLE,40-41,-1,UNAVAILABLE,UNAVAILABLE,UNAVAILABLE,720,UNAVAILABLE,UNAVAILABLE,UNAVAILABLE,UNAVAILABLE,0.30434782608695654,NOT_APPLICABLE
AUSTIN_DRE_PHASE_3,AUSTIN_DOWNFALL_STATE_MODEL_V1,NCAAB_H2_1_AUSTIN_TRANSFER_V1,23b638c1e5542f81,NCAAB_20251123_CLEM_UGA,KXNCAAMBGAME-25NOV23CLEMUGA-CLEM,H2_1,2,2025-11-23T19:15:46+00:00,2,600,UNRESOLVED,0,CI_UNAVAILABLE,SUPPORT_UNAVAILABLE,UNAVAILABLE,UNAVAILABLE,UNAVAILABLE,UNAVAILABLE,UNAVAILABLE,UNAVAILABLE,UNAVAILABLE,UNAVAILABLE,UNAVAILABLE,52,UNAVAILABLE,40-41,-1,UNAVAILABLE,UNAVAILABLE,UNAVAILABLE,600,UNAVAILABLE,UNAVAILABLE,UNAVAILABLE,UNAVAILABLE,0.30434782608695654,NOT_APPLICABLE
AUSTIN_DRE_PHASE_3,AUSTIN_DOWNFALL_STATE_MODEL_V1,NCAAB_H2_1_AUSTIN_TRANSFER_V1,23b638c1e5542f81,NCAAB_20251123_CLEM_UGA,KXNCAAMBGAME-25NOV23CLEMUGA-CLEM,H2_1,3,2025-11-23T19:15:46+00:00,2,480,UNRESOLVED,0,CI_UNAVAILABLE,SUPPORT_UNAVAILABLE,UNAVAILABLE,UNAVAILABLE,UNAVAILABLE,UNAVAILABLE,UNAVAILABLE,UNAVAILABLE,UNAVAILABLE,UNAVAILABLE,UNAVAILABLE,52,UNAVAILABLE,40-41,-1,UNAVAILABLE,UNAVAILABLE,UNAVAILABLE,480,UNAVAILABLE,UNAVAILABLE,UNAVAILABLE,UNAVAILABLE,0.30434782608695654,NOT_APPLICABLE
AUSTIN_DRE_PHASE_3,AUSTIN_DOWNFALL_STATE_MODEL_V1,NCAAB_H2_1_AUSTIN_TRANSFER_V1,23b638c1e5542f81,NCAAB_20251123_CLEM_UGA,KXNCAAMBGAME-25NOV23CLEMUGA-CLEM,H2_1,4,2025-11-23T19:15:46+00:00,2,360,UNRESOLVED,0,CI_UNAVAILABLE,SUPPORT_UNAVAILABLE,UNAVAILABLE,UNAVAILABLE,UNAVAILABLE,UNAVAILABLE,UNAVAILABLE,UNAVAILABLE,UNAVAILABLE,UNAVAILABLE,UNAVAILABLE,52,UNAVAILABLE,40-41,-1,UNAVAILABLE,UNAVAILABLE,UNAVAILABLE,360,UNAVAILABLE,UNAVAILABLE,UNAVAILABLE,UNAVAILABLE,0.30434782608695654,NOT_APPLICABLE
AUSTIN_DRE_PHASE_3,AUSTIN_DOWNFALL_STATE_MODEL_V1,NCAAB_H2_1_AUSTIN_TRANSFER_V1,23b638c1e5542f81,NCAAB_20251123_CLEM_UGA,KXNCAAMBGAME-25NOV23CLEMUGA-CLEM,H2_1,5,2025-11-23T19:15:46+00:00,2,240,UNRESOLVED,0,CI_UNAVAILABLE,SUPPORT_UNAVAILABLE,UNAVAILABLE,UNAVAILABLE,UNAVAILABLE,UNAVAILABLE,UNAVAILABLE,UNAVAILABLE,UNAVAILABLE,UNAVAILABLE,UNAVAILABLE,52,UNAVAILABLE,40-41,-1,UNAVAILABLE,UNAVAILABLE,UNAVAILABLE,240,UNAVAILABLE,UNAVAILABLE,UNAVAILABLE,UNAVAILABLE,0.30434782608695654,NOT_APPLICABLE
AUSTIN_DRE_PHASE_3,AUSTIN_DOWNFALL_STATE_MODEL_V1,NCAAB_H2_1_AUSTIN_TRANSFER_V1,23b638c1e5542f81,NCAAB_20251123_CLEM_UGA,KXNCAAMBGAME-25NOV23CLEMUGA-CLEM,H2_1,6,2025-11-23T19:15:46+00:00,2,120,UNRESOLVED,0,CI_UNAVAILABLE,SUPPORT_UNAVAILABLE,UNAVAILABLE,UNAVAILABLE,UNAVAILABLE,UNAVAILABLE,UNAVAILABLE,UNAVAILABLE,UNAVAILABLE,UNAVAILABLE,UNAVAILABLE,52,UNAVAILABLE,40-41,-1,UNAVAILABLE,UNAVAILABLE,UNAVAILABLE,120,UNAVAILABLE,UNAVAILABLE,UNAVAILABLE,UNAVAILABLE,0.30434782608695654,NOT_APPLICABLE
AUSTIN_DRE_PHASE_3,AUSTIN_DOWNFALL_STATE_MODEL_V1,NCAAB_H2_1_AUSTIN_TRANSFER_V1,23b638c1e5542f81,NCAAB_20251123_CLEM_UGA,KXNCAAMBGAME-25NOV23CLEMUGA-CLEM,H2_1,7,2025-11-23T20:24:45+00:00,2,0,HEALTHY,0,CI_POSITIVE,NORMAL_SUPPORT,19.999999999999996,20.0,20.0,19.999999999999996,0.0,UNAVAILABLE,UNAVAILABLE,UNAVAILABLE,UNAVAILABLE,65,-15.0,80-80,0,UNAVAILABLE,UNAVAILABLE,925.0,0,24.809177516305752,25.0,0.5705477748360188,0.59293292499312,1.0,VALUE
AUSTIN_DRE_PHASE_3,AUSTIN_DOWNFALL_STATE_MODEL_V1,NCAAB_H2_1_AUSTIN_TRANSFER_V1,23b638c1e5542f81,NCAAB_20251123_CLEM_UGA,KXNCAAMBGAME-25NOV23CLEMUGA-CLEM,H2_1,8,2025-11-23T20:27:04+00:00,3,300,WATCH_NEGATIVE,1,CI_NEGATIVE,NORMAL_SUPPORT,-60.28568603537464,-72.0,-44.0,19.999999999999996,-80.28568603537464,19.999999999999996,-80.28568603537464,UNAVAILABLE,UNAVAILABLE,45,-35.0,80-80,0,UNAVAILABLE,UNAVAILABLE,925.0,0,21.75417470153008,25.0,0.6475621184130328,0.7015336980396089,1.0,VALUE
AUSTIN_DRE_PHASE_3,AUSTIN_DOWNFALL_STATE_MODEL_V1,NCAAB_H2_1_AUSTIN_TRANSFER_V1,23b638c1e5542f81,NCAAB_20251123_CLEM_UGA,KXNCAAMBGAME-25NOV23CLEMUGA-CLEM,H2_1,9,2025-11-23T20:27:04+00:00,3,180,PERSISTENCE_2,2,CI_NEGATIVE,NORMAL_SUPPORT,-60.28568603537464,-72.0,-44.0,19.999999999999996,-80.28568603537464,-60.28568603537464,0.0,0.0,UNAVAILABLE,45,-35.0,80-80,0,UNAVAILABLE,UNAVAILABLE,925.0,180,21.75417470153008,25.0,0.6475621184130328,0.7015336980396089,1.0,VALUE
AUSTIN_DRE_PHASE_3,AUSTIN_DOWNFALL_STATE_MODEL_V1,NCAAB_H2_1_AUSTIN_TRANSFER_V1,23b638c1e5542f81,NCAAB_20251123_CLEM_UGA,KXNCAAMBGAME-25NOV23CLEMUGA-CLEM,H2_1,10,2025-11-23T20:27:04+00:00,3,60,PERSISTENCE_3PLUS,3,CI_NEGATIVE,NORMAL_SUPPORT,-60.28568603537464,-72.0,-44.0,19.999999999999996,-80.28568603537464,-60.28568603537464,0.0,0.0,0.0,45,-35.0,80-80,0,UNAVAILABLE,UNAVAILABLE,925.0,60,21.75417470153008,25.0,0.6475621184130328,0.7015336980396089,1.0,VALUE
AUSTIN_DRE_PHASE_3,AUSTIN_DOWNFALL_STATE_MODEL_V1,NCAAB_H2_1_AUSTIN_TRANSFER_V1,094f9225cc1f2e31,NCAAB_20251126_USC_ASU,KXNCAAMBGAME-25NOV26USCASU-USC,H2_1,0,2025-11-26T20:41:59+00:00,2,840,UNRESOLVED,0,CI_UNAVAILABLE,SUPPORT_UNAVAILABLE,UNAVAILABLE,UNAVAILABLE,UNAVAILABLE,UNAVAILABLE,UNAVAILABLE,UNAVAILABLE,UNAVAILABLE,UNAVAILABLE,UNAVAILABLE,65,UNAVAILABLE,43-43,0,UNAVAILABLE,UNAVAILABLE,UNAVAILABLE,840,UNAVAILABLE,UNAVAILABLE,UNAVAILABLE,UNAVAILABLE,0.30434782608695654,NOT_APPLICABLE
AUSTIN_DRE_PHASE_3,AUSTIN_DOWNFALL_STATE_MODEL_V1,NCAAB_H2_1_AUSTIN_TRANSFER_V1,094f9225cc1f2e31,NCAAB_20251126_USC_ASU,KXNCAAMBGAME-25NOV26USCASU-USC,H2_1,1,2025-11-26T20:41:59+00:00,2,720,UNRESOLVED,0,CI_UNAVAILABLE,SUPPORT_UNAVAILABLE,UNAVAILABLE,UNAVAILABLE,UNAVAILABLE,UNAVAILABLE,UNAVAILABLE,UNAVAILABLE,UNAVAILABLE,UNAVAILABLE,UNAVAILABLE,65,UNAVAILABLE,43-43,0,UNAVAILABLE,UNAVAILABLE,UNAVAILABLE,720,UNAVAILABLE,UNAVAILABLE,UNAVAILABLE,UNAVAILABLE,0.30434782608695654,NOT_APPLICABLE
AUSTIN_DRE_PHASE_3,AUSTIN_DOWNFALL_STATE_MODEL_V1,NCAAB_H2_1_AUSTIN_TRANSFER_V1,094f9225cc1f2e31,NCAAB_20251126_USC_ASU,KXNCAAMBGAME-25NOV26USCASU-USC,H2_1,2,2025-11-26T20:41:59+00:00,2,600,UNRESOLVED,0,CI_UNAVAILABLE,SUPPORT_UNAVAILABLE,UNAVAILABLE,UNAVAILABLE,UNAVAILABLE,UNAVAILABLE,UNAVAILABLE,UNAVAILABLE,UNAVAILABLE,UNAVAILABLE,UNAVAILABLE,65,UNAVAILABLE,43-43,0,UNAVAILABLE,UNAVAILABLE,UNAVAILABLE,600,UNAVAILABLE,UNAVAILABLE,UNAVAILABLE,UNAVAILABLE,0.30434782608695654,NOT_APPLICABLE
AUSTIN_DRE_PHASE_3,AUSTIN_DOWNFALL_STATE_MODEL_V1,NCAAB_H2_1_AUSTIN_TRANSFER_V1,094f9225cc1f2e31,NCAAB_20251126_USC_ASU,KXNCAAMBGAME-25NOV26USCASU-USC,H2_1,3,2025-11-26T20:41:59+00:00,2,480,UNRESOLVED,0,CI_UNAVAILABLE,SUPPORT_UNAVAILABLE,UNAVAILABLE,UNAVAILABLE,UNAVAILABLE,UNAVAILABLE,UNAVAILABLE,UNAVAILABLE,UNAVAILABLE,UNAVAILABLE,UNAVAILABLE,65,UNAVAILABLE,43-43,0,UNAVAILABLE,UNAVAILABLE,UNAVAILABLE,480,UNAVAILABLE,UNAVAILABLE,UNAVAILABLE,UNAVAILABLE,0.30434782608695654,NOT_APPLICABLE
AUSTIN_DRE_PHASE_3,AUSTIN_DOWNFALL_STATE_MODEL_V1,NCAAB_H2_1_AUSTIN_TRANSFER_V1,094f9225cc1f2e31,NCAAB_20251126_USC_ASU,KXNCAAMBGAME-25NOV26USCASU-USC,H2_1,4,2025-11-26T21:19:39+00:00,2,360,HEALTHY,0,CI_POSITIVE,NORMAL_SUPPORT,19.999999999999996,20.0,20.0,19.999999999999996,0.0,UNAVAILABLE,UNAVAILABLE,UNAVAILABLE,UNAVAILABLE,88,7.0,66-73,-7,UNAVAILABLE,UNAVAILABLE,532.0,360,24.844663933977746,25.0,0.5450420755452628,0.5548045414252558,0.9855072463768116,VALUE
AUSTIN_DRE_PHASE_3,AUSTIN_DOWNFALL_STATE_MODEL_V1,NCAAB_H2_1_AUSTIN_TRANSFER_V1,094f9225cc1f2e31,NCAAB_20251126_USC_ASU,KXNCAAMBGAME-25NOV26USCASU-USC,H2_1,5,2025-11-26T21:30:38+00:00,2,240,HEALTHY,0,CI_POSITIVE,NORMAL_SUPPORT,20.000000000000004,20.0,20.0,19.999999999999996,7.105427357601002e-15,19.999999999999996,7.105427357601002e-15,3.552713678800501e-15,UNAVAILABLE,94,13.0,69-77,-8,UNAVAILABLE,UNAVAILABLE,652.0,240,24.597703077045253,25.0,0.6345723461320273,0.678245339792959,1.0,VALUE
AUSTIN_DRE_PHASE_3,AUSTIN_DOWNFALL_STATE_MODEL_V1,NCAAB_H2_1_AUSTIN_TRANSFER_V1,094f9225cc1f2e31,NCAAB_20251126_USC_ASU,KXNCAAMBGAME-25NOV26USCASU-USC,H2_1,6,2025-11-26T20:41:59+00:00,2,120,UNRESOLVED,0,CI_UNAVAILABLE,SUPPORT_UNAVAILABLE,UNAVAILABLE,UNAVAILABLE,UNAVAILABLE,19.999999999999996,UNAVAILABLE,19.999999999999996,UNAVAILABLE,UNAVAILABLE,UNAVAILABLE,65,UNAVAILABLE,43-43,0,UNAVAILABLE,UNAVAILABLE,UNAVAILABLE,120,UNAVAILABLE,UNAVAILABLE,UNAVAILABLE,UNAVAILABLE,0.30434782608695654,NOT_APPLICABLE
AUSTIN_DRE_PHASE_3,AUSTIN_DOWNFALL_STATE_MODEL_V1,NCAAB_H2_1_AUSTIN_TRANSFER_V1,094f9225cc1f2e31,NCAAB_20251126_USC_ASU,KXNCAAMBGAME-25NOV26USCASU-USC,H2_1,7,2025-11-26T21:40:47+00:00,2,0,HEALTHY,0,CI_POSITIVE,NORMAL_SUPPORT,20.0,20.0,20.0,19.999999999999996,3.552713678800501e-15,20.000000000000004,-3.552713678800501e-15,-8.881784197001252e-16,-1.1102230246251565e-15,99,18.0,75-88,-13,UNAVAILABLE,UNAVAILABLE,892.0,0,24.709577910441563,25.0,0.6155332628615855,0.6246855211979241,1.0,VALUE
AUSTIN_DRE_PHASE_3,AUSTIN_DOWNFALL_STATE_MODEL_V1,NCAAB_H2_1_AUSTIN_TRANSFER_V1,8a1909462caa1be8,NCAAB_20251127_MINN_STAN,KXNCAAMBGAME-25NOV27MINNSTAN-STAN,H2_1,0,2025-11-28T03:45:37+00:00,2,720,UNRESOLVED,0,CI_UNAVAILABLE,SUPPORT_UNAVAILABLE,UNAVAILABLE,UNAVAILABLE,UNAVAILABLE,UNAVAILABLE,UNAVAILABLE,UNAVAILABLE,UNAVAILABLE,UNAVAILABLE,UNAVAILABLE,50,UNAVAILABLE,34-31,3,UNAVAILABLE,UNAVAILABLE,UNAVAILABLE,720,UNAVAILABLE,UNAVAILABLE,UNAVAILABLE,UNAVAILABLE,0.30434782608695654,NOT_APPLICABLE
AUSTIN_DRE_PHASE_3,AUSTIN_DOWNFALL_STATE_MODEL_V1,NCAAB_H2_1_AUSTIN_TRANSFER_V1,8a1909462caa1be8,NCAAB_20251127_MINN_STAN,KXNCAAMBGAME-25NOV27MINNSTAN-STAN,H2_1,1,2025-11-28T03:45:37+00:00,2,600,UNRESOLVED,0,CI_UNAVAILABLE,SUPPORT_UNAVAILABLE,UNAVAILABLE,UNAVAILABLE,UNAVAILABLE,UNAVAILABLE,UNAVAILABLE,UNAVAILABLE,UNAVAILABLE,UNAVAILABLE,UNAVAILABLE,50,UNAVAILABLE,34-31,3,UNAVAILABLE,UNAVAILABLE,UNAVAILABLE,600,UNAVAILABLE,UNAVAILABLE,UNAVAILABLE,UNAVAILABLE,0.30434782608695654,NOT_APPLICABLE
AUSTIN_DRE_PHASE_3,AUSTIN_DOWNFALL_STATE_MODEL_V1,NCAAB_H2_1_AUSTIN_TRANSFER_V1,8a1909462caa1be8,NCAAB_20251127_MINN_STAN,KXNCAAMBGAME-25NOV27MINNSTAN-STAN,H2_1,2,2025-11-28T03:45:37+00:00,2,480,UNRESOLVED,0,CI_UNAVAILABLE,SUPPORT_UNAVAILABLE,UNAVAILABLE,UNAVAILABLE,UNAVAILABLE,UNAVAILABLE,UNAVAILABLE,UNAVAILABLE,UNAVAILABLE,UNAVAILABLE,UNAVAILABLE,50,UNAVAILABLE,34-31,3,UNAVAILABLE,UNAVAILABLE,UNAVAILABLE,480,UNAVAILABLE,UNAVAILABLE,UNAVAILABLE,UNAVAILABLE,0.30434782608695654,NOT_APPLICABLE
AUSTIN_DRE_PHASE_3,AUSTIN_DOWNFALL_STATE_MODEL_V1,NCAAB_H2_1_AUSTIN_TRANSFER_V1,8a1909462caa1be8,NCAAB_20251127_MINN_STAN,KXNCAAMBGAME-25NOV27MINNSTAN-STAN,H2_1,3,2025-11-28T03:45:37+00:00,2,360,UNRESOLVED,0,CI_UNAVAILABLE,SUPPORT_UNAVAILABLE,UNAVAILABLE,UNAVAILABLE,UNAVAILABLE,UNAVAILABLE,UNAVAILABLE,UNAVAILABLE,UNAVAILABLE,UNAVAILABLE,UNAVAILABLE,50,UNAVAILABLE,34-31,3,UNAVAILABLE,UNAVAILABLE,UNAVAILABLE,360,UNAVAILABLE,UNAVAILABLE,UNAVAILABLE,UNAVAILABLE,0.30434782608695654,NOT_APPLICABLE
AUSTIN_DRE_PHASE_3,AUSTIN_DOWNFALL_STATE_MODEL_V1,NCAAB_H2_1_AUSTIN_TRANSFER_V1,8a1909462caa1be8,NCAAB_20251127_MINN_STAN,KXNCAAMBGAME-25NOV27MINNSTAN-STAN,H2_1,4,2025-11-28T03:45:37+00:00,2,240,UNRESOLVED,0,CI_UNAVAILABLE,SUPPORT_UNAVAILABLE,UNAVAILABLE,UNAVAILABLE,UNAVAILABLE,UNAVAILABLE,UNAVAILABLE,UNAVAILABLE,UNAVAILABLE,UNAVAILABLE,UNAVAILABLE,50,UNAVAILABLE,34-31,3,UNAVAILABLE,UNAVAILABLE,UNAVAILABLE,240,UNAVAILABLE,UNAVAILABLE,UNAVAILABLE,UNAVAILABLE,0.30434782608695654,NOT_APPLICABLE
AUSTIN_DRE_PHASE_3,AUSTIN_DOWNFALL_STATE_MODEL_V1,NCAAB_H2_1_AUSTIN_TRANSFER_V1,8a1909462caa1be8,NCAAB_20251127_MINN_STAN,KXNCAAMBGAME-25NOV27MINNSTAN-STAN,H2_1,5,2025-11-28T03:45:37+00:00,2,120,UNRESOLVED,0,CI_UNAVAILABLE,SUPPORT_UNAVAILABLE,UNAVAILABLE,UNAVAILABLE,UNAVAILABLE,UNAVAILABLE,UNAVAILABLE,UNAVAILABLE,UNAVAILABLE,UNAVAILABLE,UNAVAILABLE,50,UNAVAILABLE,34-31,3,UNAVAILABLE,UNAVAILABLE,UNAVAILABLE,120,UNAVAILABLE,UNAVAILABLE,UNAVAILABLE,UNAVAILABLE,0.30434782608695654,NOT_APPLICABLE
AUSTIN_DRE_PHASE_3,AUSTIN_DOWNFALL_STATE_MODEL_V1,NCAAB_H2_1_AUSTIN_TRANSFER_V1,8a1909462caa1be8,NCAAB_20251127_MINN_STAN,KXNCAAMBGAME-25NOV27MINNSTAN-STAN,H2_1,6,2025-11-28T04:48:00+00:00,2,0,HEALTHY,0,CI_POSITIVE,NORMAL_SUPPORT,20.0,20.0,20.0,20.0,0.0,UNAVAILABLE,UNAVAILABLE,UNAVAILABLE,UNAVAILABLE,94,14.0,68-72,-4,UNAVAILABLE,UNAVAILABLE,749.0,0,24.549114702130524,25.0,0.9458163927747353,0.9538191270474372,1.0,VALUE
AUSTIN_DRE_PHASE_3,AUSTIN_DOWNFALL_STATE_MODEL_V1,NCAAB_H2_1_AUSTIN_TRANSFER_V1,fcb24755885a9643,NCAAB_20251128_WIS_TCU,KXNCAAMBGAME-25NOV28WISTCU-TCU,H2_1,0,2025-11-28T23:54:15+00:00,2,840,UNRESOLVED,0,CI_UNAVAILABLE,SUPPORT_UNAVAILABLE,UNAVAILABLE,UNAVAILABLE,UNAVAILABLE,UNAVAILABLE,UNAVAILABLE,UNAVAILABLE,UNAVAILABLE,UNAVAILABLE,UNAVAILABLE,42,UNAVAILABLE,41-37,4,UNAVAILABLE,UNAVAILABLE,UNAVAILABLE,840,UNAVAILABLE,UNAVAILABLE,UNAVAILABLE,UNAVAILABLE,0.30434782608695654,NOT_APPLICABLE
AUSTIN_DRE_PHASE_3,AUSTIN_DOWNFALL_STATE_MODEL_V1,NCAAB_H2_1_AUSTIN_TRANSFER_V1,fcb24755885a9643,NCAAB_20251128_WIS_TCU,KXNCAAMBGAME-25NOV28WISTCU-TCU,H2_1,1,2025-11-28T23:54:15+00:00,2,720,UNRESOLVED,0,CI_UNAVAILABLE,SUPPORT_UNAVAILABLE,UNAVAILABLE,UNAVAILABLE,UNAVAILABLE,UNAVAILABLE,UNAVAILABLE,UNAVAILABLE,UNAVAILABLE,UNAVAILABLE,UNAVAILABLE,42,UNAVAILABLE,41-37,4,UNAVAILABLE,UNAVAILABLE,UNAVAILABLE,720,UNAVAILABLE,UNAVAILABLE,UNAVAILABLE,UNAVAILABLE,0.30434782608695654,NOT_APPLICABLE
AUSTIN_DRE_PHASE_3,AUSTIN_DOWNFALL_STATE_MODEL_V1,NCAAB_H2_1_AUSTIN_TRANSFER_V1,fcb24755885a9643,NCAAB_20251128_WIS_TCU,KXNCAAMBGAME-25NOV28WISTCU-TCU,H2_1,2,2025-11-28T23:54:15+00:00,2,600,UNRESOLVED,0,CI_UNAVAILABLE,SUPPORT_UNAVAILABLE,UNAVAILABLE,UNAVAILABLE,UNAVAILABLE,UNAVAILABLE,UNAVAILABLE,UNAVAILABLE,UNAVAILABLE,UNAVAILABLE,UNAVAILABLE,42,UNAVAILABLE,41-37,4,UNAVAILABLE,UNAVAILABLE,UNAVAILABLE,600,UNAVAILABLE,UNAVAILABLE,UNAVAILABLE,UNAVAILABLE,0.30434782608695654,NOT_APPLICABLE
AUSTIN_DRE_PHASE_3,AUSTIN_DOWNFALL_STATE_MODEL_V1,NCAAB_H2_1_AUSTIN_TRANSFER_V1,fcb24755885a9643,NCAAB_20251128_WIS_TCU,KXNCAAMBGAME-25NOV28WISTCU-TCU,H2_1,3,2025-11-29T00:28:43+00:00,2,480,WATCH_NEGATIVE,1,CI_CROSSES_ZERO,NORMAL_SUPPORT,-0.10077435837961513,-16.0,12.099999999999909,-0.10077435837961513,0.0,UNAVAILABLE,UNAVAILABLE,UNAVAILABLE,UNAVAILABLE,99,15.0,65-48,17,UNAVAILABLE,UNAVAILABLE,374.0,480,24.30398213567666,25.0,0.9243023757984825,0.9425400633413689,0.9855072463768116,VALUE
AUSTIN_DRE_PHASE_3,AUSTIN_DOWNFALL_STATE_MODEL_V1,NCAAB_H2_1_AUSTIN_TRANSFER_V1,fcb24755885a9643,NCAAB_20251128_WIS_TCU,KXNCAAMBGAME-25NOV28WISTCU-TCU,H2_1,4,2025-11-28T23:54:15+00:00,2,360,UNRESOLVED,0,CI_UNAVAILABLE,SUPPORT_UNAVAILABLE,UNAVAILABLE,UNAVAILABLE,UNAVAILABLE,-0.10077435837961513,UNAVAILABLE,UNAVAILABLE,UNAVAILABLE,UNAVAILABLE,UNAVAILABLE,42,UNAVAILABLE,41-37,4,UNAVAILABLE,UNAVAILABLE,UNAVAILABLE,360,UNAVAILABLE,UNAVAILABLE,UNAVAILABLE,UNAVAILABLE,0.30434782608695654,NOT_APPLICABLE
AUSTIN_DRE_PHASE_3,AUSTIN_DOWNFALL_STATE_MODEL_V1,NCAAB_H2_1_AUSTIN_TRANSFER_V1,fcb24755885a9643,NCAAB_20251128_WIS_TCU,KXNCAAMBGAME-25NOV28WISTCU-TCU,H2_1,5,2025-11-28T23:54:15+00:00,2,240,UNRESOLVED,0,CI_UNAVAILABLE,SUPPORT_UNAVAILABLE,UNAVAILABLE,UNAVAILABLE,UNAVAILABLE,-0.10077435837961513,UNAVAILABLE,UNAVAILABLE,UNAVAILABLE,UNAVAILABLE,UNAVAILABLE,42,UNAVAILABLE,41-37,4,UNAVAILABLE,UNAVAILABLE,UNAVAILABLE,240,UNAVAILABLE,UNAVAILABLE,UNAVAILABLE,UNAVAILABLE,0.30434782608695654,NOT_APPLICABLE
AUSTIN_DRE_PHASE_3,AUSTIN_DOWNFALL_STATE_MODEL_V1,NCAAB_H2_1_AUSTIN_TRANSFER_V1,fcb24755885a9643,NCAAB_20251128_WIS_TCU,KXNCAAMBGAME-25NOV28WISTCU-TCU,H2_1,6,2025-11-28T23:54:15+00:00,2,120,UNRESOLVED,0,CI_UNAVAILABLE,SUPPORT_UNAVAILABLE,UNAVAILABLE,UNAVAILABLE,UNAVAILABLE,-0.10077435837961513,UNAVAILABLE,UNAVAILABLE,UNAVAILABLE,UNAVAILABLE,UNAVAILABLE,42,UNAVAILABLE,41-37,4,UNAVAILABLE,UNAVAILABLE,UNAVAILABLE,120,UNAVAILABLE,UNAVAILABLE,UNAVAILABLE,UNAVAILABLE,0.30434782608695654,NOT_APPLICABLE
AUSTIN_DRE_PHASE_3,AUSTIN_DOWNFALL_STATE_MODEL_V1,NCAAB_H2_1_AUSTIN_TRANSFER_V1,fcb24755885a9643,NCAAB_20251128_WIS_TCU,KXNCAAMBGAME-25NOV28WISTCU-TCU,H2_1,7,2025-11-29T00:57:05+00:00,2,0,HEALTHY,0,CI_CROSSES_ZERO,NORMAL_SUPPORT,1.7967608588835629,-16.0,16.0,-0.10077435837961513,1.897535217263178,-0.10077435837961513,1.897535217263178,0.23719190215789726,UNAVAILABLE,99,15.0,74-63,11,UNAVAILABLE,UNAVAILABLE,854.0,0,24.61333725221925,25.0,0.9295526712323811,0.9433680817039575,1.0,VALUE
AUSTIN_DRE_PHASE_3,AUSTIN_DOWNFALL_STATE_MODEL_V1,NCAAB_H2_1_AUSTIN_TRANSFER_V1,3cd4429a5abc895c,NCAAB_20251128_SMU_MSST,KXNCAAMBGAME-25NOV28SMUMSST-MSST,H2_1,0,2025-11-29T01:02:13+00:00,2,600,UNRESOLVED,0,CI_UNAVAILABLE,SUPPORT_UNAVAILABLE,UNAVAILABLE,UNAVAILABLE,UNAVAILABLE,UNAVAILABLE,UNAVAILABLE,UNAVAILABLE,UNAVAILABLE,UNAVAILABLE,UNAVAILABLE,60,UNAVAILABLE,43-39,4,UNAVAILABLE,UNAVAILABLE,UNAVAILABLE,600,UNAVAILABLE,UNAVAILABLE,UNAVAILABLE,UNAVAILABLE,0.30434782608695654,NOT_APPLICABLE
AUSTIN_DRE_PHASE_3,AUSTIN_DOWNFALL_STATE_MODEL_V1,NCAAB_H2_1_AUSTIN_TRANSFER_V1,3cd4429a5abc895c,NCAAB_20251128_SMU_MSST,KXNCAAMBGAME-25NOV28SMUMSST-MSST,H2_1,1,2025-11-29T01:02:13+00:00,2,480,UNRESOLVED,0,CI_UNAVAILABLE,SUPPORT_UNAVAILABLE,UNAVAILABLE,UNAVAILABLE,UNAVAILABLE,UNAVAILABLE,UNAVAILABLE,UNAVAILABLE,UNAVAILABLE,UNAVAILABLE,UNAVAILABLE,60,UNAVAILABLE,43-39,4,UNAVAILABLE,UNAVAILABLE,UNAVAILABLE,480,UNAVAILABLE,UNAVAILABLE,UNAVAILABLE,UNAVAILABLE,0.30434782608695654,NOT_APPLICABLE
AUSTIN_DRE_PHASE_3,AUSTIN_DOWNFALL_STATE_MODEL_V1,NCAAB_H2_1_AUSTIN_TRANSFER_V1,3cd4429a5abc895c,NCAAB_20251128_SMU_MSST,KXNCAAMBGAME-25NOV28SMUMSST-MSST,H2_1,2,2025-11-29T01:02:13+00:00,2,360,UNRESOLVED,0,CI_UNAVAILABLE,SUPPORT_UNAVAILABLE,UNAVAILABLE,UNAVAILABLE,UNAVAILABLE,UNAVAILABLE,UNAVAILABLE,UNAVAILABLE,UNAVAILABLE,UNAVAILABLE,UNAVAILABLE,60,UNAVAILABLE,43-39,4,UNAVAILABLE,UNAVAILABLE,UNAVAILABLE,360,UNAVAILABLE,UNAVAILABLE,UNAVAILABLE,UNAVAILABLE,0.30434782608695654,NOT_APPLICABLE
AUSTIN_DRE_PHASE_3,AUSTIN_DOWNFALL_STATE_MODEL_V1,NCAAB_H2_1_AUSTIN_TRANSFER_V1,3cd4429a5abc895c,NCAAB_20251128_SMU_MSST,KXNCAAMBGAME-25NOV28SMUMSST-MSST,H2_1,3,2025-11-29T01:02:13+00:00,2,240,UNRESOLVED,0,CI_UNAVAILABLE,SUPPORT_UNAVAILABLE,UNAVAILABLE,UNAVAILABLE,UNAVAILABLE,UNAVAILABLE,UNAVAILABLE,UNAVAILABLE,UNAVAILABLE,UNAVAILABLE,UNAVAILABLE,60,UNAVAILABLE,43-39,4,UNAVAILABLE,UNAVAILABLE,UNAVAILABLE,240,UNAVAILABLE,UNAVAILABLE,UNAVAILABLE,UNAVAILABLE,0.30434782608695654,NOT_APPLICABLE
AUSTIN_DRE_PHASE_3,AUSTIN_DOWNFALL_STATE_MODEL_V1,NCAAB_H2_1_AUSTIN_TRANSFER_V1,3cd4429a5abc895c,NCAAB_20251128_SMU_MSST,KXNCAAMBGAME-25NOV28SMUMSST-MSST,H2_1,4,2025-11-29T01:02:13+00:00,2,120,UNRESOLVED,0,CI_UNAVAILABLE,SUPPORT_UNAVAILABLE,UNAVAILABLE,UNAVAILABLE,UNAVAILABLE,UNAVAILABLE,UNAVAILABLE,UNAVAILABLE,UNAVAILABLE,UNAVAILABLE,UNAVAILABLE,60,UNAVAILABLE,43-39,4,UNAVAILABLE,UNAVAILABLE,UNAVAILABLE,120,UNAVAILABLE,UNAVAILABLE,UNAVAILABLE,UNAVAILABLE,0.30434782608695654,NOT_APPLICABLE
AUSTIN_DRE_PHASE_3,AUSTIN_DOWNFALL_STATE_MODEL_V1,NCAAB_H2_1_AUSTIN_TRANSFER_V1,3cd4429a5abc895c,NCAAB_20251128_SMU_MSST,KXNCAAMBGAME-25NOV28SMUMSST-MSST,H2_1,5,2025-11-29T02:07:09+00:00,2,0,WATCH_NEGATIVE,1,CI_NEGATIVE,NORMAL_SUPPORT,-46.63204424299541,-64.0,-28.0,-46.63204424299541,0.0,UNAVAILABLE,UNAVAILABLE,UNAVAILABLE,UNAVAILABLE,70,-13.0,74-74,0,UNAVAILABLE,UNAVAILABLE,635.0,0,24.221933791849523,25.0,0.5496839071713752,0.5131806527257103,1.0,VALUE
AUSTIN_DRE_PHASE_3,AUSTIN_DOWNFALL_STATE_MODEL_V1,NCAAB_H2_1_AUSTIN_TRANSFER_V1,3cd4429a5abc895c,NCAAB_20251128_SMU_MSST,KXNCAAMBGAME-25NOV28SMUMSST-MSST,H2_1,6,2025-11-29T02:09:25+00:00,3,180,PERSISTENCE_2,2,CI_CROSSES_ZERO,NORMAL_SUPPORT,-0.043410517261417536,-16.0,12.0,-46.63204424299541,46.58863372573399,-46.63204424299541,46.58863372573399,23.294316862866996,UNAVAILABLE,54,-29.0,74-74,0,UNAVAILABLE,UNAVAILABLE,640.0,180,23.541737071599773,25.0,0.7257443102979403,0.7641767990012587,1.0,VALUE
AUSTIN_DRE_PHASE_3,AUSTIN_DOWNFALL_STATE_MODEL_V1,NCAAB_H2_1_AUSTIN_TRANSFER_V1,3cd4429a5abc895c,NCAAB_20251128_SMU_MSST,KXNCAAMBGAME-25NOV28SMUMSST-MSST,H2_1,7,2025-11-29T02:09:25+00:00,3,60,PERSISTENCE_3PLUS,3,CI_CROSSES_ZERO,NORMAL_SUPPORT,-0.043410517261417536,-16.0,12.0,-46.63204424299541,46.58863372573399,-0.043410517261417536,0.0,0.0,-11.647158431433498,54,-29.0,74-74,0,UNAVAILABLE,UNAVAILABLE,640.0,60,23.541737071599773,25.0,0.7257443102979403,0.7641767990012587,1.0,VALUE
AUSTIN_DRE_PHASE_3,AUSTIN_DOWNFALL_STATE_MODEL_V1,NCAAB_H2_1_AUSTIN_TRANSFER_V1,30e6f1ed74bc9f90,NCAAB_20251202_TXAM_PITT,KXNCAAMBGAME-25DEC02TXAMPITT-TXAM,H2_1,0,2025-12-03T01:00:59+00:00,2,720,UNRESOLVED,0,CI_UNAVAILABLE,SUPPORT_UNAVAILABLE,UNAVAILABLE,UNAVAILABLE,UNAVAILABLE,UNAVAILABLE,UNAVAILABLE,UNAVAILABLE,UNAVAILABLE,UNAVAILABLE,UNAVAILABLE,68,UNAVAILABLE,33-35,-2,UNAVAILABLE,UNAVAILABLE,UNAVAILABLE,720,UNAVAILABLE,UNAVAILABLE,UNAVAILABLE,UNAVAILABLE,0.30434782608695654,NOT_APPLICABLE
AUSTIN_DRE_PHASE_3,AUSTIN_DOWNFALL_STATE_MODEL_V1,NCAAB_H2_1_AUSTIN_TRANSFER_V1,30e6f1ed74bc9f90,NCAAB_20251202_TXAM_PITT,KXNCAAMBGAME-25DEC02TXAMPITT-TXAM,H2_1,1,2025-12-03T01:00:59+00:00,2,600,UNRESOLVED,0,CI_UNAVAILABLE,SUPPORT_UNAVAILABLE,UNAVAILABLE,UNAVAILABLE,UNAVAILABLE,UNAVAILABLE,UNAVAILABLE,UNAVAILABLE,UNAVAILABLE,UNAVAILABLE,UNAVAILABLE,68,UNAVAILABLE,33-35,-2,UNAVAILABLE,UNAVAILABLE,UNAVAILABLE,600,UNAVAILABLE,UNAVAILABLE,UNAVAILABLE,UNAVAILABLE,0.30434782608695654,NOT_APPLICABLE
AUSTIN_DRE_PHASE_3,AUSTIN_DOWNFALL_STATE_MODEL_V1,NCAAB_H2_1_AUSTIN_TRANSFER_V1,30e6f1ed74bc9f90,NCAAB_20251202_TXAM_PITT,KXNCAAMBGAME-25DEC02TXAMPITT-TXAM,H2_1,2,2025-12-03T01:00:59+00:00,2,480,UNRESOLVED,0,CI_UNAVAILABLE,SUPPORT_UNAVAILABLE,UNAVAILABLE,UNAVAILABLE,UNAVAILABLE,UNAVAILABLE,UNAVAILABLE,UNAVAILABLE,UNAVAILABLE,UNAVAILABLE,UNAVAILABLE,68,UNAVAILABLE,33-35,-2,UNAVAILABLE,UNAVAILABLE,UNAVAILABLE,480,UNAVAILABLE,UNAVAILABLE,UNAVAILABLE,UNAVAILABLE,0.30434782608695654,NOT_APPLICABLE
AUSTIN_DRE_PHASE_3,AUSTIN_DOWNFALL_STATE_MODEL_V1,NCAAB_H2_1_AUSTIN_TRANSFER_V1,30e6f1ed74bc9f90,NCAAB_20251202_TXAM_PITT,KXNCAAMBGAME-25DEC02TXAMPITT-TXAM,H2_1,3,2025-12-03T01:00:59+00:00,2,360,UNRESOLVED,0,CI_UNAVAILABLE,SUPPORT_UNAVAILABLE,UNAVAILABLE,UNAVAILABLE,UNAVAILABLE,UNAVAILABLE,UNAVAILABLE,UNAVAILABLE,UNAVAILABLE,UNAVAILABLE,UNAVAILABLE,68,UNAVAILABLE,33-35,-2,UNAVAILABLE,UNAVAILABLE,UNAVAILABLE,360,UNAVAILABLE,UNAVAILABLE,UNAVAILABLE,UNAVAILABLE,0.30434782608695654,NOT_APPLICABLE
AUSTIN_DRE_PHASE_3,AUSTIN_DOWNFALL_STATE_MODEL_V1,NCAAB_H2_1_AUSTIN_TRANSFER_V1,30e6f1ed74bc9f90,NCAAB_20251202_TXAM_PITT,KXNCAAMBGAME-25DEC02TXAMPITT-TXAM,H2_1,4,2025-12-03T01:00:59+00:00,2,240,UNRESOLVED,0,CI_UNAVAILABLE,SUPPORT_UNAVAILABLE,UNAVAILABLE,UNAVAILABLE,UNAVAILABLE,UNAVAILABLE,UNAVAILABLE,UNAVAILABLE,UNAVAILABLE,UNAVAILABLE,UNAVAILABLE,68,UNAVAILABLE,33-35,-2,UNAVAILABLE,UNAVAILABLE,UNAVAILABLE,240,UNAVAILABLE,UNAVAILABLE,UNAVAILABLE,UNAVAILABLE,0.30434782608695654,NOT_APPLICABLE
AUSTIN_DRE_PHASE_3,AUSTIN_DOWNFALL_STATE_MODEL_V1,NCAAB_H2_1_AUSTIN_TRANSFER_V1,30e6f1ed74bc9f90,NCAAB_20251202_TXAM_PITT,KXNCAAMBGAME-25DEC02TXAMPITT-TXAM,H2_1,5,2025-12-03T01:00:59+00:00,2,120,UNRESOLVED,0,CI_UNAVAILABLE,SUPPORT_UNAVAILABLE,UNAVAILABLE,UNAVAILABLE,UNAVAILABLE,UNAVAILABLE,UNAVAILABLE,UNAVAILABLE,UNAVAILABLE,UNAVAILABLE,UNAVAILABLE,68,UNAVAILABLE,33-35,-2,UNAVAILABLE,UNAVAILABLE,UNAVAILABLE,120,UNAVAILABLE,UNAVAILABLE,UNAVAILABLE,UNAVAILABLE,0.30434782608695654,NOT_APPLICABLE
AUSTIN_DRE_PHASE_3,AUSTIN_DOWNFALL_STATE_MODEL_V1,NCAAB_H2_1_AUSTIN_TRANSFER_V1,30e6f1ed74bc9f90,NCAAB_20251202_TXAM_PITT,KXNCAAMBGAME-25DEC02TXAMPITT-TXAM,H2_1,6,2025-12-03T02:05:12+00:00,2,0,HEALTHY,0,CI_POSITIVE,NORMAL_SUPPORT,17.096701489562328,8.0,20.0,17.096701489562328,0.0,UNAVAILABLE,UNAVAILABLE,UNAVAILABLE,UNAVAILABLE,99,18.0,73-81,-8,UNAVAILABLE,UNAVAILABLE,835.0,0,23.800284062018946,25.0,0.649931417030849,0.5186540341851613,1.0,VALUE
AUSTIN_DRE_PHASE_3,AUSTIN_DOWNFALL_STATE_MODEL_V1,NCAAB_H2_1_AUSTIN_TRANSFER_V1,59f194e8bb13e9eb,NCAAB_20251202_USC_ORE,KXNCAAMBGAME-25DEC02USCORE-USC,H2_1,0,2025-12-03T04:09:26+00:00,2,600,UNRESOLVED,0,CI_UNAVAILABLE,SUPPORT_UNAVAILABLE,UNAVAILABLE,UNAVAILABLE,UNAVAILABLE,UNAVAILABLE,UNAVAILABLE,UNAVAILABLE,UNAVAILABLE,UNAVAILABLE,UNAVAILABLE,58,UNAVAILABLE,39-39,0,UNAVAILABLE,UNAVAILABLE,UNAVAILABLE,600,UNAVAILABLE,UNAVAILABLE,UNAVAILABLE,UNAVAILABLE,0.30434782608695654,NOT_APPLICABLE
AUSTIN_DRE_PHASE_3,AUSTIN_DOWNFALL_STATE_MODEL_V1,NCAAB_H2_1_AUSTIN_TRANSFER_V1,59f194e8bb13e9eb,NCAAB_20251202_USC_ORE,KXNCAAMBGAME-25DEC02USCORE-USC,H2_1,1,2025-12-03T04:09:26+00:00,2,480,UNRESOLVED,0,CI_UNAVAILABLE,SUPPORT_UNAVAILABLE,UNAVAILABLE,UNAVAILABLE,UNAVAILABLE,UNAVAILABLE,UNAVAILABLE,UNAVAILABLE,UNAVAILABLE,UNAVAILABLE,UNAVAILABLE,58,UNAVAILABLE,39-39,0,UNAVAILABLE,UNAVAILABLE,UNAVAILABLE,480,UNAVAILABLE,UNAVAILABLE,UNAVAILABLE,UNAVAILABLE,0.30434782608695654,NOT_APPLICABLE
AUSTIN_DRE_PHASE_3,AUSTIN_DOWNFALL_STATE_MODEL_V1,NCAAB_H2_1_AUSTIN_TRANSFER_V1,59f194e8bb13e9eb,NCAAB_20251202_USC_ORE,KXNCAAMBGAME-25DEC02USCORE-USC,H2_1,2,2025-12-03T04:09:26+00:00,2,360,UNRESOLVED,0,CI_UNAVAILABLE,SUPPORT_UNAVAILABLE,UNAVAILABLE,UNAVAILABLE,UNAVAILABLE,UNAVAILABLE,UNAVAILABLE,UNAVAILABLE,UNAVAILABLE,UNAVAILABLE,UNAVAILABLE,58,UNAVAILABLE,39-39,0,UNAVAILABLE,UNAVAILABLE,UNAVAILABLE,360,UNAVAILABLE,UNAVAILABLE,UNAVAILABLE,UNAVAILABLE,0.30434782608695654,NOT_APPLICABLE
AUSTIN_DRE_PHASE_3,AUSTIN_DOWNFALL_STATE_MODEL_V1,NCAAB_H2_1_AUSTIN_TRANSFER_V1,59f194e8bb13e9eb,NCAAB_20251202_USC_ORE,KXNCAAMBGAME-25DEC02USCORE-USC,H2_1,3,2025-12-03T05:07:15+00:00,2,240,WATCH_NEGATIVE,1,CI_NEGATIVE,NORMAL_SUPPORT,-33.19674649050769,-52.0,-12.0,-33.19674649050769,0.0,UNAVAILABLE,UNAVAILABLE,UNAVAILABLE,UNAVAILABLE,79,-3.0,68-71,-3,UNAVAILABLE,UNAVAILABLE,380.0,240,24.051696691779295,25.0,0.5847014271930203,0.611822818101094,0.9855072463768116,VALUE
AUSTIN_DRE_PHASE_3,AUSTIN_DOWNFALL_STATE_MODEL_V1,NCAAB_H2_1_AUSTIN_TRANSFER_V1,59f194e8bb13e9eb,NCAAB_20251202_USC_ORE,KXNCAAMBGAME-25DEC02USCORE-USC,H2_1,4,2025-12-03T04:09:26+00:00,2,120,UNRESOLVED,0,CI_UNAVAILABLE,SUPPORT_UNAVAILABLE,UNAVAILABLE,UNAVAILABLE,UNAVAILABLE,-33.19674649050769,UNAVAILABLE,UNAVAILABLE,UNAVAILABLE,UNAVAILABLE,UNAVAILABLE,58,UNAVAILABLE,39-39,0,UNAVAILABLE,UNAVAILABLE,UNAVAILABLE,120,UNAVAILABLE,UNAVAILABLE,UNAVAILABLE,UNAVAILABLE,0.30434782608695654,NOT_APPLICABLE
AUSTIN_DRE_PHASE_3,AUSTIN_DOWNFALL_STATE_MODEL_V1,NCAAB_H2_1_AUSTIN_TRANSFER_V1,59f194e8bb13e9eb,NCAAB_20251202_USC_ORE,KXNCAAMBGAME-25DEC02USCORE-USC,H2_1,5,2025-12-03T05:20:06+00:00,2,0,HEALTHY,0,CI_CROSSES_ZERO,NORMAL_SUPPORT,6.3436598139294045,-8.0,16.0,-33.19674649050769,39.5404063044371,-33.19674649050769,39.5404063044371,9.885101576109275,UNAVAILABLE,99,17.0,77-82,-5,UNAVAILABLE,UNAVAILABLE,620.0,0,24.91395763251825,25.0,0.870404376852543,0.8828331099813924,1.0,VALUE
AUSTIN_DRE_PHASE_3,AUSTIN_DOWNFALL_STATE_MODEL_V1,NCAAB_H2_1_AUSTIN_TRANSFER_V1,51b904ef9ff253f9,NCAAB_20251203_UCLA_WASH,KXNCAAMBGAME-25DEC03UCLAWASH-UCLA,H2_1,0,2025-12-04T05:17:05+00:00,2,960,UNRESOLVED,0,CI_UNAVAILABLE,SUPPORT_UNAVAILABLE,UNAVAILABLE,UNAVAILABLE,UNAVAILABLE,UNAVAILABLE,UNAVAILABLE,UNAVAILABLE,UNAVAILABLE,UNAVAILABLE,UNAVAILABLE,72,UNAVAILABLE,32-36,-4,UNAVAILABLE,UNAVAILABLE,UNAVAILABLE,960,UNAVAILABLE,UNAVAILABLE,UNAVAILABLE,UNAVAILABLE,0.30434782608695654,NOT_APPLICABLE
AUSTIN_DRE_PHASE_3,AUSTIN_DOWNFALL_STATE_MODEL_V1,NCAAB_H2_1_AUSTIN_TRANSFER_V1,51b904ef9ff253f9,NCAAB_20251203_UCLA_WASH,KXNCAAMBGAME-25DEC03UCLAWASH-UCLA,H2_1,1,2025-12-04T05:17:05+00:00,2,840,UNRESOLVED,0,CI_UNAVAILABLE,SUPPORT_UNAVAILABLE,UNAVAILABLE,UNAVAILABLE,UNAVAILABLE,UNAVAILABLE,UNAVAILABLE,UNAVAILABLE,UNAVAILABLE,UNAVAILABLE,UNAVAILABLE,72,UNAVAILABLE,32-36,-4,UNAVAILABLE,UNAVAILABLE,UNAVAILABLE,840,UNAVAILABLE,UNAVAILABLE,UNAVAILABLE,UNAVAILABLE,0.30434782608695654,NOT_APPLICABLE
AUSTIN_DRE_PHASE_3,AUSTIN_DOWNFALL_STATE_MODEL_V1,NCAAB_H2_1_AUSTIN_TRANSFER_V1,51b904ef9ff253f9,NCAAB_20251203_UCLA_WASH,KXNCAAMBGAME-25DEC03UCLAWASH-UCLA,H2_1,2,2025-12-04T05:37:05+00:00,2,720,HEALTHY,0,CI_CROSSES_ZERO,NORMAL_SUPPORT,6.544652883547462,-8.0,16.0,6.544652883547462,0.0,UNAVAILABLE,UNAVAILABLE,UNAVAILABLE,UNAVAILABLE,89,6.0,49-59,-10,UNAVAILABLE,UNAVAILABLE,264.0,720,24.228086491342538,25.0,0.6052972109926228,0.6327525144668624,0.9710144927536232,VALUE
AUSTIN_DRE_PHASE_3,AUSTIN_DOWNFALL_STATE_MODEL_V1,NCAAB_H2_1_AUSTIN_TRANSFER_V1,51b904ef9ff253f9,NCAAB_20251203_UCLA_WASH,KXNCAAMBGAME-25DEC03UCLAWASH-UCLA,H2_1,3,2025-12-04T05:17:05+00:00,2,600,UNRESOLVED,0,CI_UNAVAILABLE,SUPPORT_UNAVAILABLE,UNAVAILABLE,UNAVAILABLE,UNAVAILABLE,6.544652883547462,UNAVAILABLE,UNAVAILABLE,UNAVAILABLE,UNAVAILABLE,UNAVAILABLE,72,UNAVAILABLE,32-36,-4,UNAVAILABLE,UNAVAILABLE,UNAVAILABLE,600,UNAVAILABLE,UNAVAILABLE,UNAVAILABLE,UNAVAILABLE,0.30434782608695654,NOT_APPLICABLE
AUSTIN_DRE_PHASE_3,AUSTIN_DOWNFALL_STATE_MODEL_V1,NCAAB_H2_1_AUSTIN_TRANSFER_V1,51b904ef9ff253f9,NCAAB_20251203_UCLA_WASH,KXNCAAMBGAME-25DEC03UCLAWASH-UCLA,H2_1,4,2025-12-04T05:17:05+00:00,2,480,UNRESOLVED,0,CI_UNAVAILABLE,SUPPORT_UNAVAILABLE,UNAVAILABLE,UNAVAILABLE,UNAVAILABLE,6.544652883547462,UNAVAILABLE,UNAVAILABLE,UNAVAILABLE,UNAVAILABLE,UNAVAILABLE,72,UNAVAILABLE,32-36,-4,UNAVAILABLE,UNAVAILABLE,UNAVAILABLE,480,UNAVAILABLE,UNAVAILABLE,UNAVAILABLE,UNAVAILABLE,0.30434782608695654,NOT_APPLICABLE
AUSTIN_DRE_PHASE_3,AUSTIN_DOWNFALL_STATE_MODEL_V1,NCAAB_H2_1_AUSTIN_TRANSFER_V1,51b904ef9ff253f9,NCAAB_20251203_UCLA_WASH,KXNCAAMBGAME-25DEC03UCLAWASH-UCLA,H2_1,5,2025-12-04T05:17:05+00:00,2,360,UNRESOLVED,0,CI_UNAVAILABLE,SUPPORT_UNAVAILABLE,UNAVAILABLE,UNAVAILABLE,UNAVAILABLE,6.544652883547462,UNAVAILABLE,UNAVAILABLE,UNAVAILABLE,UNAVAILABLE,UNAVAILABLE,72,UNAVAILABLE,32-36,-4,UNAVAILABLE,UNAVAILABLE,UNAVAILABLE,360,UNAVAILABLE,UNAVAILABLE,UNAVAILABLE,UNAVAILABLE,0.30434782608695654,NOT_APPLICABLE
AUSTIN_DRE_PHASE_3,AUSTIN_DOWNFALL_STATE_MODEL_V1,NCAAB_H2_1_AUSTIN_TRANSFER_V1,51b904ef9ff253f9,NCAAB_20251203_UCLA_WASH,KXNCAAMBGAME-25DEC03UCLAWASH-UCLA,H2_1,6,2025-12-04T05:17:05+00:00,2,240,UNRESOLVED,0,CI_UNAVAILABLE,SUPPORT_UNAVAILABLE,UNAVAILABLE,UNAVAILABLE,UNAVAILABLE,6.544652883547462,UNAVAILABLE,UNAVAILABLE,UNAVAILABLE,UNAVAILABLE,UNAVAILABLE,72,UNAVAILABLE,32-36,-4,UNAVAILABLE,UNAVAILABLE,UNAVAILABLE,240,UNAVAILABLE,UNAVAILABLE,UNAVAILABLE,UNAVAILABLE,0.30434782608695654,NOT_APPLICABLE
AUSTIN_DRE_PHASE_3,AUSTIN_DOWNFALL_STATE_MODEL_V1,NCAAB_H2_1_AUSTIN_TRANSFER_V1,51b904ef9ff253f9,NCAAB_20251203_UCLA_WASH,KXNCAAMBGAME-25DEC03UCLAWASH-UCLA,H2_1,7,2025-12-04T05:17:05+00:00,2,120,UNRESOLVED,0,CI_UNAVAILABLE,SUPPORT_UNAVAILABLE,UNAVAILABLE,UNAVAILABLE,UNAVAILABLE,6.544652883547462,UNAVAILABLE,UNAVAILABLE,UNAVAILABLE,UNAVAILABLE,UNAVAILABLE,72,UNAVAILABLE,32-36,-4,UNAVAILABLE,UNAVAILABLE,UNAVAILABLE,120,UNAVAILABLE,UNAVAILABLE,UNAVAILABLE,UNAVAILABLE,0.30434782608695654,NOT_APPLICABLE
AUSTIN_DRE_PHASE_3,AUSTIN_DOWNFALL_STATE_MODEL_V1,NCAAB_H2_1_AUSTIN_TRANSFER_V1,51b904ef9ff253f9,NCAAB_20251203_UCLA_WASH,KXNCAAMBGAME-25DEC03UCLAWASH-UCLA,H2_1,8,2025-12-04T06:22:13+00:00,2,0,HEALTHY,0,CI_POSITIVE,NORMAL_SUPPORT,20.0,20.0,20.0,6.544652883547462,13.455347116452538,6.544652883547462,13.455347116452538,1.1212789263710448,UNAVAILABLE,99,16.0,80-82,-2,UNAVAILABLE,UNAVAILABLE,984.0,0,24.448578825538668,25.0,0.7930750526301718,0.7444744793622508,1.0,VALUE
AUSTIN_DRE_PHASE_3,AUSTIN_DOWNFALL_STATE_MODEL_V1,NCAAB_H2_1_AUSTIN_TRANSFER_V1,53323bd1ba9cf5c2,NCAAB_20251206_ISU_PUR,KXNCAAMBGAME-25DEC06ISUPUR-ISU,H2_1,0,2025-12-06T18:04:27+00:00,2,960,UNRESOLVED,0,CI_UNAVAILABLE,SUPPORT_UNAVAILABLE,UNAVAILABLE,UNAVAILABLE,UNAVAILABLE,UNAVAILABLE,UNAVAILABLE,UNAVAILABLE,UNAVAILABLE,UNAVAILABLE,UNAVAILABLE,48,UNAVAILABLE,31-35,-4,UNAVAILABLE,UNAVAILABLE,UNAVAILABLE,960,UNAVAILABLE,UNAVAILABLE,UNAVAILABLE,UNAVAILABLE,0.30434782608695654,NOT_APPLICABLE
AUSTIN_DRE_PHASE_3,AUSTIN_DOWNFALL_STATE_MODEL_V1,NCAAB_H2_1_AUSTIN_TRANSFER_V1,53323bd1ba9cf5c2,NCAAB_20251206_ISU_PUR,KXNCAAMBGAME-25DEC06ISUPUR-ISU,H2_1,1,2025-12-06T18:04:27+00:00,2,840,UNRESOLVED,0,CI_UNAVAILABLE,SUPPORT_UNAVAILABLE,UNAVAILABLE,UNAVAILABLE,UNAVAILABLE,UNAVAILABLE,UNAVAILABLE,UNAVAILABLE,UNAVAILABLE,UNAVAILABLE,UNAVAILABLE,48,UNAVAILABLE,31-35,-4,UNAVAILABLE,UNAVAILABLE,UNAVAILABLE,840,UNAVAILABLE,UNAVAILABLE,UNAVAILABLE,UNAVAILABLE,0.30434782608695654,NOT_APPLICABLE
AUSTIN_DRE_PHASE_3,AUSTIN_DOWNFALL_STATE_MODEL_V1,NCAAB_H2_1_AUSTIN_TRANSFER_V1,53323bd1ba9cf5c2,NCAAB_20251206_ISU_PUR,KXNCAAMBGAME-25DEC06ISUPUR-ISU,H2_1,2,2025-12-06T18:04:27+00:00,2,720,UNRESOLVED,0,CI_UNAVAILABLE,SUPPORT_UNAVAILABLE,UNAVAILABLE,UNAVAILABLE,UNAVAILABLE,UNAVAILABLE,UNAVAILABLE,UNAVAILABLE,UNAVAILABLE,UNAVAILABLE,UNAVAILABLE,48,UNAVAILABLE,31-35,-4,UNAVAILABLE,UNAVAILABLE,UNAVAILABLE,720,UNAVAILABLE,UNAVAILABLE,UNAVAILABLE,UNAVAILABLE,0.30434782608695654,NOT_APPLICABLE
AUSTIN_DRE_PHASE_3,AUSTIN_DOWNFALL_STATE_MODEL_V1,NCAAB_H2_1_AUSTIN_TRANSFER_V1,53323bd1ba9cf5c2,NCAAB_20251206_ISU_PUR,KXNCAAMBGAME-25DEC06ISUPUR-ISU,H2_1,3,2025-12-06T18:04:27+00:00,2,600,UNRESOLVED,0,CI_UNAVAILABLE,SUPPORT_UNAVAILABLE,UNAVAILABLE,UNAVAILABLE,UNAVAILABLE,UNAVAILABLE,UNAVAILABLE,UNAVAILABLE,UNAVAILABLE,UNAVAILABLE,UNAVAILABLE,48,UNAVAILABLE,31-35,-4,UNAVAILABLE,UNAVAILABLE,UNAVAILABLE,600,UNAVAILABLE,UNAVAILABLE,UNAVAILABLE,UNAVAILABLE,0.30434782608695654,NOT_APPLICABLE
AUSTIN_DRE_PHASE_3,AUSTIN_DOWNFALL_STATE_MODEL_V1,NCAAB_H2_1_AUSTIN_TRANSFER_V1,53323bd1ba9cf5c2,NCAAB_20251206_ISU_PUR,KXNCAAMBGAME-25DEC06ISUPUR-ISU,H2_1,4,2025-12-06T18:04:27+00:00,2,480,UNRESOLVED,0,CI_UNAVAILABLE,SUPPORT_UNAVAILABLE,UNAVAILABLE,UNAVAILABLE,UNAVAILABLE,UNAVAILABLE,UNAVAILABLE,UNAVAILABLE,UNAVAILABLE,UNAVAILABLE,UNAVAILABLE,48,UNAVAILABLE,31-35,-4,UNAVAILABLE,UNAVAILABLE,UNAVAILABLE,480,UNAVAILABLE,UNAVAILABLE,UNAVAILABLE,UNAVAILABLE,0.30434782608695654,NOT_APPLICABLE
AUSTIN_DRE_PHASE_3,AUSTIN_DOWNFALL_STATE_MODEL_V1,NCAAB_H2_1_AUSTIN_TRANSFER_V1,53323bd1ba9cf5c2,NCAAB_20251206_ISU_PUR,KXNCAAMBGAME-25DEC06ISUPUR-ISU,H2_1,5,2025-12-06T18:04:27+00:00,2,360,UNRESOLVED,0,CI_UNAVAILABLE,SUPPORT_UNAVAILABLE,UNAVAILABLE,UNAVAILABLE,UNAVAILABLE,UNAVAILABLE,UNAVAILABLE,UNAVAILABLE,UNAVAILABLE,UNAVAILABLE,UNAVAILABLE,48,UNAVAILABLE,31-35,-4,UNAVAILABLE,UNAVAILABLE,UNAVAILABLE,360,UNAVAILABLE,UNAVAILABLE,UNAVAILABLE,UNAVAILABLE,0.30434782608695654,NOT_APPLICABLE
AUSTIN_DRE_PHASE_3,AUSTIN_DOWNFALL_STATE_MODEL_V1,NCAAB_H2_1_AUSTIN_TRANSFER_V1,53323bd1ba9cf5c2,NCAAB_20251206_ISU_PUR,KXNCAAMBGAME-25DEC06ISUPUR-ISU,H2_1,6,2025-12-06T18:04:27+00:00,2,240,UNRESOLVED,0,CI_UNAVAILABLE,SUPPORT_UNAVAILABLE,UNAVAILABLE,UNAVAILABLE,UNAVAILABLE,UNAVAILABLE,UNAVAILABLE,UNAVAILABLE,UNAVAILABLE,UNAVAILABLE,UNAVAILABLE,48,UNAVAILABLE,31-35,-4,UNAVAILABLE,UNAVAILABLE,UNAVAILABLE,240,UNAVAILABLE,UNAVAILABLE,UNAVAILABLE,UNAVAILABLE,0.30434782608695654,NOT_APPLICABLE
AUSTIN_DRE_PHASE_3,AUSTIN_DOWNFALL_STATE_MODEL_V1,NCAAB_H2_1_AUSTIN_TRANSFER_V1,53323bd1ba9cf5c2,NCAAB_20251206_ISU_PUR,KXNCAAMBGAME-25DEC06ISUPUR-ISU,H2_1,7,2025-12-06T18:04:27+00:00,2,120,UNRESOLVED,0,CI_UNAVAILABLE,SUPPORT_UNAVAILABLE,UNAVAILABLE,UNAVAILABLE,UNAVAILABLE,UNAVAILABLE,UNAVAILABLE,UNAVAILABLE,UNAVAILABLE,UNAVAILABLE,UNAVAILABLE,48,UNAVAILABLE,31-35,-4,UNAVAILABLE,UNAVAILABLE,UNAVAILABLE,120,UNAVAILABLE,UNAVAILABLE,UNAVAILABLE,UNAVAILABLE,0.30434782608695654,NOT_APPLICABLE
AUSTIN_DRE_PHASE_3,AUSTIN_DOWNFALL_STATE_MODEL_V1,NCAAB_H2_1_AUSTIN_TRANSFER_V1,31709a96bb95143a,NCAAB_20251213_MSU_PSU,KXNCAAMBGAME-25DEC13MSUPSU-MSU,H2_1,0,2025-12-13T17:59:49+00:00,2,960,UNRESOLVED,0,CI_UNAVAILABLE,SUPPORT_UNAVAILABLE,UNAVAILABLE,UNAVAILABLE,UNAVAILABLE,UNAVAILABLE,UNAVAILABLE,UNAVAILABLE,UNAVAILABLE,UNAVAILABLE,UNAVAILABLE,75,UNAVAILABLE,39-36,3,UNAVAILABLE,UNAVAILABLE,UNAVAILABLE,960,UNAVAILABLE,UNAVAILABLE,UNAVAILABLE,UNAVAILABLE,0.30434782608695654,NOT_APPLICABLE
AUSTIN_DRE_PHASE_3,AUSTIN_DOWNFALL_STATE_MODEL_V1,NCAAB_H2_1_AUSTIN_TRANSFER_V1,31709a96bb95143a,NCAAB_20251213_MSU_PSU,KXNCAAMBGAME-25DEC13MSUPSU-MSU,H2_1,1,2025-12-13T18:13:01+00:00,2,840,HEALTHY,0,CI_CROSSES_ZERO,NORMAL_SUPPORT,4.155906550725605,-12.0,16.0,4.155906550725605,0.0,UNAVAILABLE,UNAVAILABLE,UNAVAILABLE,UNAVAILABLE,95,11.0,41-51,-10,UNAVAILABLE,UNAVAILABLE,236.0,840,24.41588502261018,25.0,0.9062765572606792,0.946020300518103,0.9710144927536232,VALUE
AUSTIN_DRE_PHASE_3,AUSTIN_DOWNFALL_STATE_MODEL_V1,NCAAB_H2_1_AUSTIN_TRANSFER_V1,31709a96bb95143a,NCAAB_20251213_MSU_PSU,KXNCAAMBGAME-25DEC13MSUPSU-MSU,H2_1,2,2025-12-13T17:59:49+00:00,2,720,UNRESOLVED,0,CI_UNAVAILABLE,SUPPORT_UNAVAILABLE,UNAVAILABLE,UNAVAILABLE,UNAVAILABLE,4.155906550725605,UNAVAILABLE,UNAVAILABLE,UNAVAILABLE,UNAVAILABLE,UNAVAILABLE,75,UNAVAILABLE,39-36,3,UNAVAILABLE,UNAVAILABLE,UNAVAILABLE,720,UNAVAILABLE,UNAVAILABLE,UNAVAILABLE,UNAVAILABLE,0.30434782608695654,NOT_APPLICABLE
AUSTIN_DRE_PHASE_3,AUSTIN_DOWNFALL_STATE_MODEL_V1,NCAAB_H2_1_AUSTIN_TRANSFER_V1,31709a96bb95143a,NCAAB_20251213_MSU_PSU,KXNCAAMBGAME-25DEC13MSUPSU-MSU,H2_1,3,2025-12-13T17:59:49+00:00,2,600,UNRESOLVED,0,CI_UNAVAILABLE,SUPPORT_UNAVAILABLE,UNAVAILABLE,UNAVAILABLE,UNAVAILABLE,4.155906550725605,UNAVAILABLE,UNAVAILABLE,UNAVAILABLE,UNAVAILABLE,UNAVAILABLE,75,UNAVAILABLE,39-36,3,UNAVAILABLE,UNAVAILABLE,UNAVAILABLE,600,UNAVAILABLE,UNAVAILABLE,UNAVAILABLE,UNAVAILABLE,0.30434782608695654,NOT_APPLICABLE
AUSTIN_DRE_PHASE_3,AUSTIN_DOWNFALL_STATE_MODEL_V1,NCAAB_H2_1_AUSTIN_TRANSFER_V1,31709a96bb95143a,NCAAB_20251213_MSU_PSU,KXNCAAMBGAME-25DEC13MSUPSU-MSU,H2_1,4,2025-12-13T17:59:49+00:00,2,480,UNRESOLVED,0,CI_UNAVAILABLE,SUPPORT_UNAVAILABLE,UNAVAILABLE,UNAVAILABLE,UNAVAILABLE,4.155906550725605,UNAVAILABLE,UNAVAILABLE,UNAVAILABLE,UNAVAILABLE,UNAVAILABLE,75,UNAVAILABLE,39-36,3,UNAVAILABLE,UNAVAILABLE,UNAVAILABLE,480,UNAVAILABLE,UNAVAILABLE,UNAVAILABLE,UNAVAILABLE,0.30434782608695654,NOT_APPLICABLE
AUSTIN_DRE_PHASE_3,AUSTIN_DOWNFALL_STATE_MODEL_V1,NCAAB_H2_1_AUSTIN_TRANSFER_V1,31709a96bb95143a,NCAAB_20251213_MSU_PSU,KXNCAAMBGAME-25DEC13MSUPSU-MSU,H2_1,5,2025-12-13T17:59:49+00:00,2,360,UNRESOLVED,0,CI_UNAVAILABLE,SUPPORT_UNAVAILABLE,UNAVAILABLE,UNAVAILABLE,UNAVAILABLE,4.155906550725605,UNAVAILABLE,UNAVAILABLE,UNAVAILABLE,UNAVAILABLE,UNAVAILABLE,75,UNAVAILABLE,39-36,3,UNAVAILABLE,UNAVAILABLE,UNAVAILABLE,360,UNAVAILABLE,UNAVAILABLE,UNAVAILABLE,UNAVAILABLE,0.30434782608695654,NOT_APPLICABLE
AUSTIN_DRE_PHASE_3,AUSTIN_DOWNFALL_STATE_MODEL_V1,NCAAB_H2_1_AUSTIN_TRANSFER_V1,31709a96bb95143a,NCAAB_20251213_MSU_PSU,KXNCAAMBGAME-25DEC13MSUPSU-MSU,H2_1,6,2025-12-13T17:59:49+00:00,2,240,UNRESOLVED,0,CI_UNAVAILABLE,SUPPORT_UNAVAILABLE,UNAVAILABLE,UNAVAILABLE,UNAVAILABLE,4.155906550725605,UNAVAILABLE,UNAVAILABLE,UNAVAILABLE,UNAVAILABLE,UNAVAILABLE,75,UNAVAILABLE,39-36,3,UNAVAILABLE,UNAVAILABLE,UNAVAILABLE,240,UNAVAILABLE,UNAVAILABLE,UNAVAILABLE,UNAVAILABLE,0.30434782608695654,NOT_APPLICABLE
AUSTIN_DRE_PHASE_3,AUSTIN_DOWNFALL_STATE_MODEL_V1,NCAAB_H2_1_AUSTIN_TRANSFER_V1,31709a96bb95143a,NCAAB_20251213_MSU_PSU,KXNCAAMBGAME-25DEC13MSUPSU-MSU,H2_1,7,2025-12-13T17:59:49+00:00,2,120,UNRESOLVED,0,CI_UNAVAILABLE,SUPPORT_UNAVAILABLE,UNAVAILABLE,UNAVAILABLE,UNAVAILABLE,4.155906550725605,UNAVAILABLE,UNAVAILABLE,UNAVAILABLE,UNAVAILABLE,UNAVAILABLE,75,UNAVAILABLE,39-36,3,UNAVAILABLE,UNAVAILABLE,UNAVAILABLE,120,UNAVAILABLE,UNAVAILABLE,UNAVAILABLE,UNAVAILABLE,0.30434782608695654,NOT_APPLICABLE
AUSTIN_DRE_PHASE_3,AUSTIN_DOWNFALL_STATE_MODEL_V1,NCAAB_H2_1_AUSTIN_TRANSFER_V1,31709a96bb95143a,NCAAB_20251213_MSU_PSU,KXNCAAMBGAME-25DEC13MSUPSU-MSU,H2_1,8,2025-12-13T19:00:34+00:00,2,0,HEALTHY,0,CI_POSITIVE,NORMAL_SUPPORT,16.058031925435063,8.0,20.0,4.155906550725605,11.902125374709458,4.155906550725605,11.902125374709458,0.850151812479247,UNAVAILABLE,94,10.0,72-76,-4,UNAVAILABLE,UNAVAILABLE,1076.0,0,24.77422240747262,25.0,1.0946075146476308,1.115968768330938,1.0,VALUE
AUSTIN_DRE_PHASE_3,AUSTIN_DOWNFALL_STATE_MODEL_V1,NCAAB_H2_1_AUSTIN_TRANSFER_V1,b87441ae2c62d8c3,NCAAB_20251213_OKST_OKLA,KXNCAAMBGAME-25DEC13OKSTOKLA-OKLA,H2_1,0,2025-12-13T19:04:45+00:00,2,960,UNRESOLVED,0,CI_UNAVAILABLE,SUPPORT_UNAVAILABLE,UNAVAILABLE,UNAVAILABLE,UNAVAILABLE,UNAVAILABLE,UNAVAILABLE,UNAVAILABLE,UNAVAILABLE,UNAVAILABLE,UNAVAILABLE,71,UNAVAILABLE,35-41,-6,UNAVAILABLE,UNAVAILABLE,UNAVAILABLE,960,UNAVAILABLE,UNAVAILABLE,UNAVAILABLE,UNAVAILABLE,0.30434782608695654,NOT_APPLICABLE
AUSTIN_DRE_PHASE_3,AUSTIN_DOWNFALL_STATE_MODEL_V1,NCAAB_H2_1_AUSTIN_TRANSFER_V1,b87441ae2c62d8c3,NCAAB_20251213_OKST_OKLA,KXNCAAMBGAME-25DEC13OKSTOKLA-OKLA,H2_1,1,2025-12-13T19:04:45+00:00,2,840,UNRESOLVED,0,CI_UNAVAILABLE,SUPPORT_UNAVAILABLE,UNAVAILABLE,UNAVAILABLE,UNAVAILABLE,UNAVAILABLE,UNAVAILABLE,UNAVAILABLE,UNAVAILABLE,UNAVAILABLE,UNAVAILABLE,71,UNAVAILABLE,35-41,-6,UNAVAILABLE,UNAVAILABLE,UNAVAILABLE,840,UNAVAILABLE,UNAVAILABLE,UNAVAILABLE,UNAVAILABLE,0.30434782608695654,NOT_APPLICABLE
AUSTIN_DRE_PHASE_3,AUSTIN_DOWNFALL_STATE_MODEL_V1,NCAAB_H2_1_AUSTIN_TRANSFER_V1,b87441ae2c62d8c3,NCAAB_20251213_OKST_OKLA,KXNCAAMBGAME-25DEC13OKSTOKLA-OKLA,H2_1,2,2025-12-13T19:04:45+00:00,2,720,UNRESOLVED,0,CI_UNAVAILABLE,SUPPORT_UNAVAILABLE,UNAVAILABLE,UNAVAILABLE,UNAVAILABLE,UNAVAILABLE,UNAVAILABLE,UNAVAILABLE,UNAVAILABLE,UNAVAILABLE,UNAVAILABLE,71,UNAVAILABLE,35-41,-6,UNAVAILABLE,UNAVAILABLE,UNAVAILABLE,720,UNAVAILABLE,UNAVAILABLE,UNAVAILABLE,UNAVAILABLE,0.30434782608695654,NOT_APPLICABLE
AUSTIN_DRE_PHASE_3,AUSTIN_DOWNFALL_STATE_MODEL_V1,NCAAB_H2_1_AUSTIN_TRANSFER_V1,b87441ae2c62d8c3,NCAAB_20251213_OKST_OKLA,KXNCAAMBGAME-25DEC13OKSTOKLA-OKLA,H2_1,3,2025-12-13T19:04:45+00:00,2,600,UNRESOLVED,0,CI_UNAVAILABLE,SUPPORT_UNAVAILABLE,UNAVAILABLE,UNAVAILABLE,UNAVAILABLE,UNAVAILABLE,UNAVAILABLE,UNAVAILABLE,UNAVAILABLE,UNAVAILABLE,UNAVAILABLE,71,UNAVAILABLE,35-41,-6,UNAVAILABLE,UNAVAILABLE,UNAVAILABLE,600,UNAVAILABLE,UNAVAILABLE,UNAVAILABLE,UNAVAILABLE,0.30434782608695654,NOT_APPLICABLE
AUSTIN_DRE_PHASE_3,AUSTIN_DOWNFALL_STATE_MODEL_V1,NCAAB_H2_1_AUSTIN_TRANSFER_V1,b87441ae2c62d8c3,NCAAB_20251213_OKST_OKLA,KXNCAAMBGAME-25DEC13OKSTOKLA-OKLA,H2_1,4,2025-12-13T19:04:45+00:00,2,480,UNRESOLVED,0,CI_UNAVAILABLE,SUPPORT_UNAVAILABLE,UNAVAILABLE,UNAVAILABLE,UNAVAILABLE,UNAVAILABLE,UNAVAILABLE,UNAVAILABLE,UNAVAILABLE,UNAVAILABLE,UNAVAILABLE,71,UNAVAILABLE,35-41,-6,UNAVAILABLE,UNAVAILABLE,UNAVAILABLE,480,UNAVAILABLE,UNAVAILABLE,UNAVAILABLE,UNAVAILABLE,0.30434782608695654,NOT_APPLICABLE
AUSTIN_DRE_PHASE_3,AUSTIN_DOWNFALL_STATE_MODEL_V1,NCAAB_H2_1_AUSTIN_TRANSFER_V1,b87441ae2c62d8c3,NCAAB_20251213_OKST_OKLA,KXNCAAMBGAME-25DEC13OKSTOKLA-OKLA,H2_1,5,2025-12-13T19:04:45+00:00,2,360,UNRESOLVED,0,CI_UNAVAILABLE,SUPPORT_UNAVAILABLE,UNAVAILABLE,UNAVAILABLE,UNAVAILABLE,UNAVAILABLE,UNAVAILABLE,UNAVAILABLE,UNAVAILABLE,UNAVAILABLE,UNAVAILABLE,71,UNAVAILABLE,35-41,-6,UNAVAILABLE,UNAVAILABLE,UNAVAILABLE,360,UNAVAILABLE,UNAVAILABLE,UNAVAILABLE,UNAVAILABLE,0.30434782608695654,NOT_APPLICABLE
AUSTIN_DRE_PHASE_3,AUSTIN_DOWNFALL_STATE_MODEL_V1,NCAAB_H2_1_AUSTIN_TRANSFER_V1,b87441ae2c62d8c3,NCAAB_20251213_OKST_OKLA,KXNCAAMBGAME-25DEC13OKSTOKLA-OKLA,H2_1,6,2025-12-13T19:04:45+00:00,2,240,UNRESOLVED,0,CI_UNAVAILABLE,SUPPORT_UNAVAILABLE,UNAVAILABLE,UNAVAILABLE,UNAVAILABLE,UNAVAILABLE,UNAVAILABLE,UNAVAILABLE,UNAVAILABLE,UNAVAILABLE,UNAVAILABLE,71,UNAVAILABLE,35-41,-6,UNAVAILABLE,UNAVAILABLE,UNAVAILABLE,240,UNAVAILABLE,UNAVAILABLE,UNAVAILABLE,UNAVAILABLE,0.30434782608695654,NOT_APPLICABLE
AUSTIN_DRE_PHASE_3,AUSTIN_DOWNFALL_STATE_MODEL_V1,NCAAB_H2_1_AUSTIN_TRANSFER_V1,b87441ae2c62d8c3,NCAAB_20251213_OKST_OKLA,KXNCAAMBGAME-25DEC13OKSTOKLA-OKLA,H2_1,7,2025-12-13T19:04:45+00:00,2,120,UNRESOLVED,0,CI_UNAVAILABLE,SUPPORT_UNAVAILABLE,UNAVAILABLE,UNAVAILABLE,UNAVAILABLE,UNAVAILABLE,UNAVAILABLE,UNAVAILABLE,UNAVAILABLE,UNAVAILABLE,UNAVAILABLE,71,UNAVAILABLE,35-41,-6,UNAVAILABLE,UNAVAILABLE,UNAVAILABLE,120,UNAVAILABLE,UNAVAILABLE,UNAVAILABLE,UNAVAILABLE,0.30434782608695654,NOT_APPLICABLE
AUSTIN_DRE_PHASE_3,AUSTIN_DOWNFALL_STATE_MODEL_V1,NCAAB_H2_1_AUSTIN_TRANSFER_V1,b87441ae2c62d8c3,NCAAB_20251213_OKST_OKLA,KXNCAAMBGAME-25DEC13OKSTOKLA-OKLA,H2_1,8,2025-12-13T20:08:30+00:00,2,0,HEALTHY,0,CI_POSITIVE,NORMAL_SUPPORT,20.0,20.0,20.0,20.0,0.0,UNAVAILABLE,UNAVAILABLE,UNAVAILABLE,UNAVAILABLE,97,17.0,76-85,-9,UNAVAILABLE,UNAVAILABLE,992.0,0,24.844632844636322,25.0,1.4298787407715416,1.3868244660962372,1.0,VALUE
AUSTIN_DRE_PHASE_3,AUSTIN_DOWNFALL_STATE_MODEL_V1,NCAAB_H2_1_AUSTIN_TRANSFER_V1,d168882899a9b88b,NCAAB_20251213_CIN_UGA,KXNCAAMBGAME-25DEC13CINUGA-UGA,H2_1,0,2025-12-13T20:44:33+00:00,2,720,HEALTHY,0,CI_POSITIVE,NORMAL_SUPPORT,20.000000000000004,20.0,20.0,20.000000000000004,0.0,UNAVAILABLE,UNAVAILABLE,UNAVAILABLE,UNAVAILABLE,83,-1.0,56-49,7,UNAVAILABLE,UNAVAILABLE,36.0,720,23.630749422345392,25.0,0.896333121329451,0.9354872593515591,0.8405797101449275,VALUE
AUSTIN_DRE_PHASE_3,AUSTIN_DOWNFALL_STATE_MODEL_V1,NCAAB_H2_1_AUSTIN_TRANSFER_V1,d168882899a9b88b,NCAAB_20251213_CIN_UGA,KXNCAAMBGAME-25DEC13CINUGA-UGA,H2_1,1,2025-12-13T20:21:37+00:00,2,600,UNRESOLVED,0,CI_UNAVAILABLE,SUPPORT_UNAVAILABLE,UNAVAILABLE,UNAVAILABLE,UNAVAILABLE,20.000000000000004,UNAVAILABLE,UNAVAILABLE,UNAVAILABLE,UNAVAILABLE,UNAVAILABLE,67,UNAVAILABLE,37-37,0,UNAVAILABLE,UNAVAILABLE,UNAVAILABLE,600,UNAVAILABLE,UNAVAILABLE,UNAVAILABLE,UNAVAILABLE,0.30434782608695654,NOT_APPLICABLE
AUSTIN_DRE_PHASE_3,AUSTIN_DOWNFALL_STATE_MODEL_V1,NCAAB_H2_1_AUSTIN_TRANSFER_V1,d168882899a9b88b,NCAAB_20251213_CIN_UGA,KXNCAAMBGAME-25DEC13CINUGA-UGA,H2_1,2,2025-12-13T20:21:37+00:00,2,480,UNRESOLVED,0,CI_UNAVAILABLE,SUPPORT_UNAVAILABLE,UNAVAILABLE,UNAVAILABLE,UNAVAILABLE,20.000000000000004,UNAVAILABLE,UNAVAILABLE,UNAVAILABLE,UNAVAILABLE,UNAVAILABLE,67,UNAVAILABLE,37-37,0,UNAVAILABLE,UNAVAILABLE,UNAVAILABLE,480,UNAVAILABLE,UNAVAILABLE,UNAVAILABLE,UNAVAILABLE,0.30434782608695654,NOT_APPLICABLE
AUSTIN_DRE_PHASE_3,AUSTIN_DOWNFALL_STATE_MODEL_V1,NCAAB_H2_1_AUSTIN_TRANSFER_V1,d168882899a9b88b,NCAAB_20251213_CIN_UGA,KXNCAAMBGAME-25DEC13CINUGA-UGA,H2_1,3,2025-12-13T20:21:37+00:00,2,360,UNRESOLVED,0,CI_UNAVAILABLE,SUPPORT_UNAVAILABLE,UNAVAILABLE,UNAVAILABLE,UNAVAILABLE,20.000000000000004,UNAVAILABLE,UNAVAILABLE,UNAVAILABLE,UNAVAILABLE,UNAVAILABLE,67,UNAVAILABLE,37-37,0,UNAVAILABLE,UNAVAILABLE,UNAVAILABLE,360,UNAVAILABLE,UNAVAILABLE,UNAVAILABLE,UNAVAILABLE,0.30434782608695654,NOT_APPLICABLE
AUSTIN_DRE_PHASE_3,AUSTIN_DOWNFALL_STATE_MODEL_V1,NCAAB_H2_1_AUSTIN_TRANSFER_V1,d168882899a9b88b,NCAAB_20251213_CIN_UGA,KXNCAAMBGAME-25DEC13CINUGA-UGA,H2_1,4,2025-12-13T20:21:37+00:00,2,240,UNRESOLVED,0,CI_UNAVAILABLE,SUPPORT_UNAVAILABLE,UNAVAILABLE,UNAVAILABLE,UNAVAILABLE,20.000000000000004,UNAVAILABLE,UNAVAILABLE,UNAVAILABLE,UNAVAILABLE,UNAVAILABLE,67,UNAVAILABLE,37-37,0,UNAVAILABLE,UNAVAILABLE,UNAVAILABLE,240,UNAVAILABLE,UNAVAILABLE,UNAVAILABLE,UNAVAILABLE,0.30434782608695654,NOT_APPLICABLE
AUSTIN_DRE_PHASE_3,AUSTIN_DOWNFALL_STATE_MODEL_V1,NCAAB_H2_1_AUSTIN_TRANSFER_V1,d168882899a9b88b,NCAAB_20251213_CIN_UGA,KXNCAAMBGAME-25DEC13CINUGA-UGA,H2_1,5,2025-12-13T20:21:37+00:00,2,120,UNRESOLVED,0,CI_UNAVAILABLE,SUPPORT_UNAVAILABLE,UNAVAILABLE,UNAVAILABLE,UNAVAILABLE,20.000000000000004,UNAVAILABLE,UNAVAILABLE,UNAVAILABLE,UNAVAILABLE,UNAVAILABLE,67,UNAVAILABLE,37-37,0,UNAVAILABLE,UNAVAILABLE,UNAVAILABLE,120,UNAVAILABLE,UNAVAILABLE,UNAVAILABLE,UNAVAILABLE,0.30434782608695654,NOT_APPLICABLE
AUSTIN_DRE_PHASE_3,AUSTIN_DOWNFALL_STATE_MODEL_V1,NCAAB_H2_1_AUSTIN_TRANSFER_V1,d168882899a9b88b,NCAAB_20251213_CIN_UGA,KXNCAAMBGAME-25DEC13CINUGA-UGA,H2_1,6,2025-12-13T21:21:32+00:00,2,0,HEALTHY,0,CI_POSITIVE,NORMAL_SUPPORT,20.0,20.0,20.0,20.000000000000004,-3.552713678800501e-15,20.000000000000004,-3.552713678800501e-15,-2.9605947323337506e-16,UNAVAILABLE,99,15.0,84-65,19,UNAVAILABLE,UNAVAILABLE,756.0,0,24.884394192759014,25.0,0.6577052389112963,0.6405443630656591,1.0,VALUE
AUSTIN_DRE_PHASE_3,AUSTIN_DOWNFALL_STATE_MODEL_V1,NCAAB_H2_1_AUSTIN_TRANSFER_V1,4e4e64849bca13f1,NCAAB_20251213_WVU_OSU,KXNCAAMBGAME-25DEC13WVUOSU-WVU,H2_1,0,2025-12-14T02:36:12+00:00,2,840,HEALTHY,0,CI_CROSSES_ZERO,NORMAL_SUPPORT,9.20635678509963,-8.0,20.0,9.20635678509963,0.0,UNAVAILABLE,UNAVAILABLE,UNAVAILABLE,UNAVAILABLE,94,11.0,37-48,-11,UNAVAILABLE,UNAVAILABLE,113.0,840,22.89226624669466,25.0,0.9156066967802619,0.9332304395576763,0.8985507246376812,VALUE
AUSTIN_DRE_PHASE_3,AUSTIN_DOWNFALL_STATE_MODEL_V1,NCAAB_H2_1_AUSTIN_TRANSFER_V1,4e4e64849bca13f1,NCAAB_20251213_WVU_OSU,KXNCAAMBGAME-25DEC13WVUOSU-WVU,H2_1,1,2025-12-14T02:21:18+00:00,2,720,UNRESOLVED,0,CI_UNAVAILABLE,SUPPORT_UNAVAILABLE,UNAVAILABLE,UNAVAILABLE,UNAVAILABLE,9.20635678509963,UNAVAILABLE,UNAVAILABLE,UNAVAILABLE,UNAVAILABLE,UNAVAILABLE,74,UNAVAILABLE,29-39,-10,UNAVAILABLE,UNAVAILABLE,UNAVAILABLE,720,UNAVAILABLE,UNAVAILABLE,UNAVAILABLE,UNAVAILABLE,0.30434782608695654,NOT_APPLICABLE
AUSTIN_DRE_PHASE_3,AUSTIN_DOWNFALL_STATE_MODEL_V1,NCAAB_H2_1_AUSTIN_TRANSFER_V1,4e4e64849bca13f1,NCAAB_20251213_WVU_OSU,KXNCAAMBGAME-25DEC13WVUOSU-WVU,H2_1,2,2025-12-14T02:21:18+00:00,2,600,UNRESOLVED,0,CI_UNAVAILABLE,SUPPORT_UNAVAILABLE,UNAVAILABLE,UNAVAILABLE,UNAVAILABLE,9.20635678509963,UNAVAILABLE,UNAVAILABLE,UNAVAILABLE,UNAVAILABLE,UNAVAILABLE,74,UNAVAILABLE,29-39,-10,UNAVAILABLE,UNAVAILABLE,UNAVAILABLE,600,UNAVAILABLE,UNAVAILABLE,UNAVAILABLE,UNAVAILABLE,0.30434782608695654,NOT_APPLICABLE
AUSTIN_DRE_PHASE_3,AUSTIN_DOWNFALL_STATE_MODEL_V1,NCAAB_H2_1_AUSTIN_TRANSFER_V1,4e4e64849bca13f1,NCAAB_20251213_WVU_OSU,KXNCAAMBGAME-25DEC13WVUOSU-WVU,H2_1,3,2025-12-14T02:54:02+00:00,2,480,HEALTHY,0,CI_CROSSES_ZERO,NORMAL_SUPPORT,1.6232293909420397,-16.0,16.0,9.20635678509963,-7.583127394157589,9.20635678509963,-7.583127394157589,-1.2638545656929316,UNAVAILABLE,67,-16.0,50-55,-5,UNAVAILABLE,UNAVAILABLE,473.0,480,21.59712481800626,25.0,0.8091478013528933,0.923120417058511,0.9855072463768116,VALUE
AUSTIN_DRE_PHASE_3,AUSTIN_DOWNFALL_STATE_MODEL_V1,NCAAB_H2_1_AUSTIN_TRANSFER_V1,4e4e64849bca13f1,NCAAB_20251213_WVU_OSU,KXNCAAMBGAME-25DEC13WVUOSU-WVU,H2_1,4,2025-12-14T02:21:18+00:00,2,360,UNRESOLVED,0,CI_UNAVAILABLE,SUPPORT_UNAVAILABLE,UNAVAILABLE,UNAVAILABLE,UNAVAILABLE,9.20635678509963,UNAVAILABLE,9.20635678509963,UNAVAILABLE,UNAVAILABLE,UNAVAILABLE,74,UNAVAILABLE,29-39,-10,UNAVAILABLE,UNAVAILABLE,UNAVAILABLE,360,UNAVAILABLE,UNAVAILABLE,UNAVAILABLE,UNAVAILABLE,0.30434782608695654,NOT_APPLICABLE
AUSTIN_DRE_PHASE_3,AUSTIN_DOWNFALL_STATE_MODEL_V1,NCAAB_H2_1_AUSTIN_TRANSFER_V1,4e4e64849bca13f1,NCAAB_20251213_WVU_OSU,KXNCAAMBGAME-25DEC13WVUOSU-WVU,H2_1,5,2025-12-14T02:21:18+00:00,2,240,UNRESOLVED,0,CI_UNAVAILABLE,SUPPORT_UNAVAILABLE,UNAVAILABLE,UNAVAILABLE,UNAVAILABLE,9.20635678509963,UNAVAILABLE,9.20635678509963,UNAVAILABLE,UNAVAILABLE,UNAVAILABLE,74,UNAVAILABLE,29-39,-10,UNAVAILABLE,UNAVAILABLE,UNAVAILABLE,240,UNAVAILABLE,UNAVAILABLE,UNAVAILABLE,UNAVAILABLE,0.30434782608695654,NOT_APPLICABLE
AUSTIN_DRE_PHASE_3,AUSTIN_DOWNFALL_STATE_MODEL_V1,NCAAB_H2_1_AUSTIN_TRANSFER_V1,4e4e64849bca13f1,NCAAB_20251213_WVU_OSU,KXNCAAMBGAME-25DEC13WVUOSU-WVU,H2_1,6,2025-12-14T02:21:18+00:00,2,120,UNRESOLVED,0,CI_UNAVAILABLE,SUPPORT_UNAVAILABLE,UNAVAILABLE,UNAVAILABLE,UNAVAILABLE,9.20635678509963,UNAVAILABLE,9.20635678509963,UNAVAILABLE,UNAVAILABLE,UNAVAILABLE,74,UNAVAILABLE,29-39,-10,UNAVAILABLE,UNAVAILABLE,UNAVAILABLE,120,UNAVAILABLE,UNAVAILABLE,UNAVAILABLE,UNAVAILABLE,0.30434782608695654,NOT_APPLICABLE
AUSTIN_DRE_PHASE_3,AUSTIN_DOWNFALL_STATE_MODEL_V1,NCAAB_H2_1_AUSTIN_TRANSFER_V1,4e4e64849bca13f1,NCAAB_20251213_WVU_OSU,KXNCAAMBGAME-25DEC13WVUOSU-WVU,H2_1,7,2025-12-14T03:20:39+00:00,2,0,WATCH_NEGATIVE,1,CI_NEGATIVE,NORMAL_SUPPORT,-43.19637512452495,-60.0,-24.0,9.20635678509963,-52.40273190962458,1.6232293909420397,-44.819604515466985,-5.602450564433373,-0.5423244998425552,49,-34.0,68-68,0,UNAVAILABLE,UNAVAILABLE,953.0,0,22.943629200543626,25.0,0.9268715892109654,1.0495166288291178,1.0,VALUE
AUSTIN_DRE_PHASE_3,AUSTIN_DOWNFALL_STATE_MODEL_V1,NCAAB_H2_1_AUSTIN_TRANSFER_V1,4e4e64849bca13f1,NCAAB_20251213_WVU_OSU,KXNCAAMBGAME-25DEC13WVUOSU-WVU,H2_1,8,2025-12-14T03:22:14+00:00,3,300,PERSISTENCE_2,2,CI_NEGATIVE,NORMAL_SUPPORT,-72.38475421217011,-80.0,-60.0,9.20635678509963,-81.59111099726974,-43.19637512452495,-29.18837908764516,UNAVAILABLE,UNAVAILABLE,41,-42.0,68-68,0,UNAVAILABLE,UNAVAILABLE,953.0,0,24.804203464964672,25.0,0.8863168742011887,0.8984344345482738,1.0,VALUE
AUSTIN_DRE_PHASE_3,AUSTIN_DOWNFALL_STATE_MODEL_V1,NCAAB_H2_1_AUSTIN_TRANSFER_V1,4e4e64849bca13f1,NCAAB_20251213_WVU_OSU,KXNCAAMBGAME-25DEC13WVUOSU-WVU,H2_1,9,2025-12-14T03:22:14+00:00,3,180,PERSISTENCE_3PLUS,3,CI_NEGATIVE,NORMAL_SUPPORT,-72.38475421217011,-80.0,-60.0,9.20635678509963,-81.59111099726974,-72.38475421217011,0.0,0.0,UNAVAILABLE,41,-42.0,68-68,0,UNAVAILABLE,UNAVAILABLE,953.0,180,24.804203464964672,25.0,0.8863168742011887,0.8984344345482738,1.0,VALUE
AUSTIN_DRE_PHASE_3,AUSTIN_DOWNFALL_STATE_MODEL_V1,NCAAB_H2_1_AUSTIN_TRANSFER_V1,4e4e64849bca13f1,NCAAB_20251213_WVU_OSU,KXNCAAMBGAME-25DEC13WVUOSU-WVU,H2_1,10,2025-12-14T03:22:14+00:00,3,60,PERSISTENCE_3PLUS,4,CI_NEGATIVE,NORMAL_SUPPORT,-72.38475421217011,-80.0,-60.0,9.20635678509963,-81.59111099726974,-72.38475421217011,0.0,0.0,0.0,41,-42.0,68-68,0,UNAVAILABLE,UNAVAILABLE,953.0,60,24.804203464964672,25.0,0.8863168742011887,0.8984344345482738,1.0,VALUE
AUSTIN_DRE_PHASE_3,AUSTIN_DOWNFALL_STATE_MODEL_V1,NCAAB_H2_1_AUSTIN_TRANSFER_V1,4e4e64849bca13f1,NCAAB_20251213_WVU_OSU,KXNCAAMBGAME-25DEC13WVUOSU-WVU,H2_1,11,2025-12-14T03:38:32+00:00,4,180,PERSISTENCE_3PLUS,5,CI_CROSSES_ZERO,NORMAL_SUPPORT,-12.27720275605256,-28.0,4.0,9.20635678509963,-21.48355954115219,-72.38475421217011,60.10755145611755,20.035850485372517,6.678616828457506,48,-35.0,77-77,0,UNAVAILABLE,UNAVAILABLE,1278.0,180,23.87062872187092,25.0,0.622014820865438,0.5991945615296104,1.0,VALUE
AUSTIN_DRE_PHASE_3,AUSTIN_DOWNFALL_STATE_MODEL_V1,NCAAB_H2_1_AUSTIN_TRANSFER_V1,4e4e64849bca13f1,NCAAB_20251213_WVU_OSU,KXNCAAMBGAME-25DEC13WVUOSU-WVU,H2_1,12,2025-12-14T03:38:32+00:00,4,60,PERSISTENCE_3PLUS,6,CI_CROSSES_ZERO,NORMAL_SUPPORT,-12.27720275605256,-28.0,4.0,9.20635678509963,-21.48355954115219,-12.27720275605256,0.0,0.0,-10.017925242686259,48,-35.0,77-77,0,UNAVAILABLE,UNAVAILABLE,1278.0,60,23.87062872187092,25.0,0.622014820865438,0.5991945615296104,1.0,VALUE
AUSTIN_DRE_PHASE_3,AUSTIN_DOWNFALL_STATE_MODEL_V1,NCAAB_H2_1_AUSTIN_TRANSFER_V1,018d3f7c7ea6c1d9,NCAAB_20251213_ARIZ_ALA,KXNCAAMBGAME-25DEC13ARIZALA-ARIZ,H2_1,0,2025-12-14T03:47:47+00:00,2,840,UNRESOLVED,0,CI_UNAVAILABLE,SUPPORT_UNAVAILABLE,UNAVAILABLE,UNAVAILABLE,UNAVAILABLE,UNAVAILABLE,UNAVAILABLE,UNAVAILABLE,UNAVAILABLE,UNAVAILABLE,UNAVAILABLE,54,UNAVAILABLE,41-39,2,UNAVAILABLE,UNAVAILABLE,UNAVAILABLE,840,UNAVAILABLE,UNAVAILABLE,UNAVAILABLE,UNAVAILABLE,0.30434782608695654,NOT_APPLICABLE
AUSTIN_DRE_PHASE_3,AUSTIN_DOWNFALL_STATE_MODEL_V1,NCAAB_H2_1_AUSTIN_TRANSFER_V1,018d3f7c7ea6c1d9,NCAAB_20251213_ARIZ_ALA,KXNCAAMBGAME-25DEC13ARIZALA-ARIZ,H2_1,1,2025-12-14T03:47:47+00:00,2,720,UNRESOLVED,0,CI_UNAVAILABLE,SUPPORT_UNAVAILABLE,UNAVAILABLE,UNAVAILABLE,UNAVAILABLE,UNAVAILABLE,UNAVAILABLE,UNAVAILABLE,UNAVAILABLE,UNAVAILABLE,UNAVAILABLE,54,UNAVAILABLE,41-39,2,UNAVAILABLE,UNAVAILABLE,UNAVAILABLE,720,UNAVAILABLE,UNAVAILABLE,UNAVAILABLE,UNAVAILABLE,0.30434782608695654,NOT_APPLICABLE
AUSTIN_DRE_PHASE_3,AUSTIN_DOWNFALL_STATE_MODEL_V1,NCAAB_H2_1_AUSTIN_TRANSFER_V1,018d3f7c7ea6c1d9,NCAAB_20251213_ARIZ_ALA,KXNCAAMBGAME-25DEC13ARIZALA-ARIZ,H2_1,2,2025-12-14T03:47:47+00:00,2,600,UNRESOLVED,0,CI_UNAVAILABLE,SUPPORT_UNAVAILABLE,UNAVAILABLE,UNAVAILABLE,UNAVAILABLE,UNAVAILABLE,UNAVAILABLE,UNAVAILABLE,UNAVAILABLE,UNAVAILABLE,UNAVAILABLE,54,UNAVAILABLE,41-39,2,UNAVAILABLE,UNAVAILABLE,UNAVAILABLE,600,UNAVAILABLE,UNAVAILABLE,UNAVAILABLE,UNAVAILABLE,0.30434782608695654,NOT_APPLICABLE
AUSTIN_DRE_PHASE_3,AUSTIN_DOWNFALL_STATE_MODEL_V1,NCAAB_H2_1_AUSTIN_TRANSFER_V1,018d3f7c7ea6c1d9,NCAAB_20251213_ARIZ_ALA,KXNCAAMBGAME-25DEC13ARIZALA-ARIZ,H2_1,3,2025-12-14T03:47:47+00:00,2,480,UNRESOLVED,0,CI_UNAVAILABLE,SUPPORT_UNAVAILABLE,UNAVAILABLE,UNAVAILABLE,UNAVAILABLE,UNAVAILABLE,UNAVAILABLE,UNAVAILABLE,UNAVAILABLE,UNAVAILABLE,UNAVAILABLE,54,UNAVAILABLE,41-39,2,UNAVAILABLE,UNAVAILABLE,UNAVAILABLE,480,UNAVAILABLE,UNAVAILABLE,UNAVAILABLE,UNAVAILABLE,0.30434782608695654,NOT_APPLICABLE
AUSTIN_DRE_PHASE_3,AUSTIN_DOWNFALL_STATE_MODEL_V1,NCAAB_H2_1_AUSTIN_TRANSFER_V1,018d3f7c7ea6c1d9,NCAAB_20251213_ARIZ_ALA,KXNCAAMBGAME-25DEC13ARIZALA-ARIZ,H2_1,4,2025-12-14T03:47:47+00:00,2,360,UNRESOLVED,0,CI_UNAVAILABLE,SUPPORT_UNAVAILABLE,UNAVAILABLE,UNAVAILABLE,UNAVAILABLE,UNAVAILABLE,UNAVAILABLE,UNAVAILABLE,UNAVAILABLE,UNAVAILABLE,UNAVAILABLE,54,UNAVAILABLE,41-39,2,UNAVAILABLE,UNAVAILABLE,UNAVAILABLE,360,UNAVAILABLE,UNAVAILABLE,UNAVAILABLE,UNAVAILABLE,0.30434782608695654,NOT_APPLICABLE
AUSTIN_DRE_PHASE_3,AUSTIN_DOWNFALL_STATE_MODEL_V1,NCAAB_H2_1_AUSTIN_TRANSFER_V1,018d3f7c7ea6c1d9,NCAAB_20251213_ARIZ_ALA,KXNCAAMBGAME-25DEC13ARIZALA-ARIZ,H2_1,5,2025-12-14T03:47:47+00:00,2,240,UNRESOLVED,0,CI_UNAVAILABLE,SUPPORT_UNAVAILABLE,UNAVAILABLE,UNAVAILABLE,UNAVAILABLE,UNAVAILABLE,UNAVAILABLE,UNAVAILABLE,UNAVAILABLE,UNAVAILABLE,UNAVAILABLE,54,UNAVAILABLE,41-39,2,UNAVAILABLE,UNAVAILABLE,UNAVAILABLE,240,UNAVAILABLE,UNAVAILABLE,UNAVAILABLE,UNAVAILABLE,0.30434782608695654,NOT_APPLICABLE
AUSTIN_DRE_PHASE_3,AUSTIN_DOWNFALL_STATE_MODEL_V1,NCAAB_H2_1_AUSTIN_TRANSFER_V1,018d3f7c7ea6c1d9,NCAAB_20251213_ARIZ_ALA,KXNCAAMBGAME-25DEC13ARIZALA-ARIZ,H2_1,6,2025-12-14T03:47:47+00:00,2,120,UNRESOLVED,0,CI_UNAVAILABLE,SUPPORT_UNAVAILABLE,UNAVAILABLE,UNAVAILABLE,UNAVAILABLE,UNAVAILABLE,UNAVAILABLE,UNAVAILABLE,UNAVAILABLE,UNAVAILABLE,UNAVAILABLE,54,UNAVAILABLE,41-39,2,UNAVAILABLE,UNAVAILABLE,UNAVAILABLE,120,UNAVAILABLE,UNAVAILABLE,UNAVAILABLE,UNAVAILABLE,0.30434782608695654,NOT_APPLICABLE
AUSTIN_DRE_PHASE_3,AUSTIN_DOWNFALL_STATE_MODEL_V1,NCAAB_H2_1_AUSTIN_TRANSFER_V1,018d3f7c7ea6c1d9,NCAAB_20251213_ARIZ_ALA,KXNCAAMBGAME-25DEC13ARIZALA-ARIZ,H2_1,7,2025-12-14T04:45:23+00:00,2,0,HEALTHY,0,CI_POSITIVE,NORMAL_SUPPORT,20.000000000000004,20.0,20.0,20.000000000000004,0.0,UNAVAILABLE,UNAVAILABLE,UNAVAILABLE,UNAVAILABLE,99,15.0,75-96,-21,UNAVAILABLE,UNAVAILABLE,841.0,0,24.79970197032222,25.0,0.7261193057813827,0.6807054232953346,1.0,VALUE
AUSTIN_DRE_PHASE_3,AUSTIN_DOWNFALL_STATE_MODEL_V1,NCAAB_H2_1_AUSTIN_TRANSFER_V1,def09ddc05798e89,NCAAB_20251216_LOU_TENN,KXNCAAMBGAME-25DEC16LOUTENN-TENN,H2_1,0,2025-12-17T01:16:15+00:00,2,960,UNRESOLVED,0,CI_UNAVAILABLE,SUPPORT_UNAVAILABLE,UNAVAILABLE,UNAVAILABLE,UNAVAILABLE,UNAVAILABLE,UNAVAILABLE,UNAVAILABLE,UNAVAILABLE,UNAVAILABLE,UNAVAILABLE,76,UNAVAILABLE,34-27,7,UNAVAILABLE,UNAVAILABLE,UNAVAILABLE,960,UNAVAILABLE,UNAVAILABLE,UNAVAILABLE,UNAVAILABLE,0.30434782608695654,NOT_APPLICABLE
AUSTIN_DRE_PHASE_3,AUSTIN_DOWNFALL_STATE_MODEL_V1,NCAAB_H2_1_AUSTIN_TRANSFER_V1,def09ddc05798e89,NCAAB_20251216_LOU_TENN,KXNCAAMBGAME-25DEC16LOUTENN-TENN,H2_1,1,2025-12-17T01:16:15+00:00,2,840,UNRESOLVED,0,CI_UNAVAILABLE,SUPPORT_UNAVAILABLE,UNAVAILABLE,UNAVAILABLE,UNAVAILABLE,UNAVAILABLE,UNAVAILABLE,UNAVAILABLE,UNAVAILABLE,UNAVAILABLE,UNAVAILABLE,76,UNAVAILABLE,34-27,7,UNAVAILABLE,UNAVAILABLE,UNAVAILABLE,840,UNAVAILABLE,UNAVAILABLE,UNAVAILABLE,UNAVAILABLE,0.30434782608695654,NOT_APPLICABLE
AUSTIN_DRE_PHASE_3,AUSTIN_DOWNFALL_STATE_MODEL_V1,NCAAB_H2_1_AUSTIN_TRANSFER_V1,def09ddc05798e89,NCAAB_20251216_LOU_TENN,KXNCAAMBGAME-25DEC16LOUTENN-TENN,H2_1,2,2025-12-17T01:16:15+00:00,2,720,UNRESOLVED,0,CI_UNAVAILABLE,SUPPORT_UNAVAILABLE,UNAVAILABLE,UNAVAILABLE,UNAVAILABLE,UNAVAILABLE,UNAVAILABLE,UNAVAILABLE,UNAVAILABLE,UNAVAILABLE,UNAVAILABLE,76,UNAVAILABLE,34-27,7,UNAVAILABLE,UNAVAILABLE,UNAVAILABLE,720,UNAVAILABLE,UNAVAILABLE,UNAVAILABLE,UNAVAILABLE,0.30434782608695654,NOT_APPLICABLE
AUSTIN_DRE_PHASE_3,AUSTIN_DOWNFALL_STATE_MODEL_V1,NCAAB_H2_1_AUSTIN_TRANSFER_V1,def09ddc05798e89,NCAAB_20251216_LOU_TENN,KXNCAAMBGAME-25DEC16LOUTENN-TENN,H2_1,3,2025-12-17T01:16:15+00:00,2,600,UNRESOLVED,0,CI_UNAVAILABLE,SUPPORT_UNAVAILABLE,UNAVAILABLE,UNAVAILABLE,UNAVAILABLE,UNAVAILABLE,UNAVAILABLE,UNAVAILABLE,UNAVAILABLE,UNAVAILABLE,UNAVAILABLE,76,UNAVAILABLE,34-27,7,UNAVAILABLE,UNAVAILABLE,UNAVAILABLE,600,UNAVAILABLE,UNAVAILABLE,UNAVAILABLE,UNAVAILABLE,0.30434782608695654,NOT_APPLICABLE
AUSTIN_DRE_PHASE_3,AUSTIN_DOWNFALL_STATE_MODEL_V1,NCAAB_H2_1_AUSTIN_TRANSFER_V1,def09ddc05798e89,NCAAB_20251216_LOU_TENN,KXNCAAMBGAME-25DEC16LOUTENN-TENN,H2_1,4,2025-12-17T01:16:15+00:00,2,480,UNRESOLVED,0,CI_UNAVAILABLE,SUPPORT_UNAVAILABLE,UNAVAILABLE,UNAVAILABLE,UNAVAILABLE,UNAVAILABLE,UNAVAILABLE,UNAVAILABLE,UNAVAILABLE,UNAVAILABLE,UNAVAILABLE,76,UNAVAILABLE,34-27,7,UNAVAILABLE,UNAVAILABLE,UNAVAILABLE,480,UNAVAILABLE,UNAVAILABLE,UNAVAILABLE,UNAVAILABLE,0.30434782608695654,NOT_APPLICABLE
AUSTIN_DRE_PHASE_3,AUSTIN_DOWNFALL_STATE_MODEL_V1,NCAAB_H2_1_AUSTIN_TRANSFER_V1,def09ddc05798e89,NCAAB_20251216_LOU_TENN,KXNCAAMBGAME-25DEC16LOUTENN-TENN,H2_1,5,2025-12-17T01:16:15+00:00,2,360,UNRESOLVED,0,CI_UNAVAILABLE,SUPPORT_UNAVAILABLE,UNAVAILABLE,UNAVAILABLE,UNAVAILABLE,UNAVAILABLE,UNAVAILABLE,UNAVAILABLE,UNAVAILABLE,UNAVAILABLE,UNAVAILABLE,76,UNAVAILABLE,34-27,7,UNAVAILABLE,UNAVAILABLE,UNAVAILABLE,360,UNAVAILABLE,UNAVAILABLE,UNAVAILABLE,UNAVAILABLE,0.30434782608695654,NOT_APPLICABLE
AUSTIN_DRE_PHASE_3,AUSTIN_DOWNFALL_STATE_MODEL_V1,NCAAB_H2_1_AUSTIN_TRANSFER_V1,def09ddc05798e89,NCAAB_20251216_LOU_TENN,KXNCAAMBGAME-25DEC16LOUTENN-TENN,H2_1,6,2025-12-17T01:16:15+00:00,2,240,UNRESOLVED,0,CI_UNAVAILABLE,SUPPORT_UNAVAILABLE,UNAVAILABLE,UNAVAILABLE,UNAVAILABLE,UNAVAILABLE,UNAVAILABLE,UNAVAILABLE,UNAVAILABLE,UNAVAILABLE,UNAVAILABLE,76,UNAVAILABLE,34-27,7,UNAVAILABLE,UNAVAILABLE,UNAVAILABLE,240,UNAVAILABLE,UNAVAILABLE,UNAVAILABLE,UNAVAILABLE,0.30434782608695654,NOT_APPLICABLE
AUSTIN_DRE_PHASE_3,AUSTIN_DOWNFALL_STATE_MODEL_V1,NCAAB_H2_1_AUSTIN_TRANSFER_V1,def09ddc05798e89,NCAAB_20251216_LOU_TENN,KXNCAAMBGAME-25DEC16LOUTENN-TENN,H2_1,7,2025-12-17T02:17:24+00:00,2,120,HEALTHY,0,CI_POSITIVE,NORMAL_SUPPORT,20.000000000000004,20.0,20.0,20.000000000000004,0.0,UNAVAILABLE,UNAVAILABLE,UNAVAILABLE,UNAVAILABLE,99,19.0,81-58,23,UNAVAILABLE,UNAVAILABLE,955.0,120,23.878408388763056,25.0,0.5796309811264527,0.6239015872046637,1.0,VALUE
AUSTIN_DRE_PHASE_3,AUSTIN_DOWNFALL_STATE_MODEL_V1,NCAAB_H2_1_AUSTIN_TRANSFER_V1,def09ddc05798e89,NCAAB_20251216_LOU_TENN,KXNCAAMBGAME-25DEC16LOUTENN-TENN,H2_1,8,2025-12-17T02:21:45+00:00,2,0,HEALTHY,0,CI_POSITIVE,NORMAL_SUPPORT,20.0,20.0,20.0,20.000000000000004,-3.552713678800501e-15,20.000000000000004,-3.552713678800501e-15,-1.7763568394002505e-15,UNAVAILABLE,99,19.0,83-62,21,UNAVAILABLE,UNAVAILABLE,1075.0,0,24.580886847428236,25.0,0.5874818304193397,0.6387741035443442,1.0,VALUE
AUSTIN_DRE_PHASE_3,AUSTIN_DOWNFALL_STATE_MODEL_V1,NCAAB_H2_1_AUSTIN_TRANSFER_V1,79f460dce15c5f4a,NCAAB_20251220_UNC_OSU,KXNCAAMBGAME-25DEC20UNCOSU-UNC,H2_1,0,2025-12-20T21:30:45+00:00,2,840,UNRESOLVED,0,CI_UNAVAILABLE,SUPPORT_UNAVAILABLE,UNAVAILABLE,UNAVAILABLE,UNAVAILABLE,UNAVAILABLE,UNAVAILABLE,UNAVAILABLE,UNAVAILABLE,UNAVAILABLE,UNAVAILABLE,67,UNAVAILABLE,31-34,-3,UNAVAILABLE,UNAVAILABLE,UNAVAILABLE,840,UNAVAILABLE,UNAVAILABLE,UNAVAILABLE,UNAVAILABLE,0.30434782608695654,NOT_APPLICABLE
AUSTIN_DRE_PHASE_3,AUSTIN_DOWNFALL_STATE_MODEL_V1,NCAAB_H2_1_AUSTIN_TRANSFER_V1,79f460dce15c5f4a,NCAAB_20251220_UNC_OSU,KXNCAAMBGAME-25DEC20UNCOSU-UNC,H2_1,1,2025-12-20T21:30:45+00:00,2,720,UNRESOLVED,0,CI_UNAVAILABLE,SUPPORT_UNAVAILABLE,UNAVAILABLE,UNAVAILABLE,UNAVAILABLE,UNAVAILABLE,UNAVAILABLE,UNAVAILABLE,UNAVAILABLE,UNAVAILABLE,UNAVAILABLE,67,UNAVAILABLE,31-34,-3,UNAVAILABLE,UNAVAILABLE,UNAVAILABLE,720,UNAVAILABLE,UNAVAILABLE,UNAVAILABLE,UNAVAILABLE,0.30434782608695654,NOT_APPLICABLE
AUSTIN_DRE_PHASE_3,AUSTIN_DOWNFALL_STATE_MODEL_V1,NCAAB_H2_1_AUSTIN_TRANSFER_V1,79f460dce15c5f4a,NCAAB_20251220_UNC_OSU,KXNCAAMBGAME-25DEC20UNCOSU-UNC,H2_1,2,2025-12-20T21:30:45+00:00,2,600,UNRESOLVED,0,CI_UNAVAILABLE,SUPPORT_UNAVAILABLE,UNAVAILABLE,UNAVAILABLE,UNAVAILABLE,UNAVAILABLE,UNAVAILABLE,UNAVAILABLE,UNAVAILABLE,UNAVAILABLE,UNAVAILABLE,67,UNAVAILABLE,31-34,-3,UNAVAILABLE,UNAVAILABLE,UNAVAILABLE,600,UNAVAILABLE,UNAVAILABLE,UNAVAILABLE,UNAVAILABLE,0.30434782608695654,NOT_APPLICABLE
AUSTIN_DRE_PHASE_3,AUSTIN_DOWNFALL_STATE_MODEL_V1,NCAAB_H2_1_AUSTIN_TRANSFER_V1,79f460dce15c5f4a,NCAAB_20251220_UNC_OSU,KXNCAAMBGAME-25DEC20UNCOSU-UNC,H2_1,3,2025-12-20T21:30:45+00:00,2,480,UNRESOLVED,0,CI_UNAVAILABLE,SUPPORT_UNAVAILABLE,UNAVAILABLE,UNAVAILABLE,UNAVAILABLE,UNAVAILABLE,UNAVAILABLE,UNAVAILABLE,UNAVAILABLE,UNAVAILABLE,UNAVAILABLE,67,UNAVAILABLE,31-34,-3,UNAVAILABLE,UNAVAILABLE,UNAVAILABLE,480,UNAVAILABLE,UNAVAILABLE,UNAVAILABLE,UNAVAILABLE,0.30434782608695654,NOT_APPLICABLE
AUSTIN_DRE_PHASE_3,AUSTIN_DOWNFALL_STATE_MODEL_V1,NCAAB_H2_1_AUSTIN_TRANSFER_V1,79f460dce15c5f4a,NCAAB_20251220_UNC_OSU,KXNCAAMBGAME-25DEC20UNCOSU-UNC,H2_1,4,2025-12-20T22:10:53+00:00,2,360,HEALTHY,0,CI_POSITIVE,NORMAL_SUPPORT,20.0,20.0,20.0,20.0,0.0,UNAVAILABLE,UNAVAILABLE,UNAVAILABLE,UNAVAILABLE,82,1.0,57-62,-5,UNAVAILABLE,UNAVAILABLE,527.0,360,23.601175828056164,25.0,0.4373630021064507,0.42970388983457897,0.9855072463768116,VALUE
AUSTIN_DRE_PHASE_3,AUSTIN_DOWNFALL_STATE_MODEL_V1,NCAAB_H2_1_AUSTIN_TRANSFER_V1,79f460dce15c5f4a,NCAAB_20251220_UNC_OSU,KXNCAAMBGAME-25DEC20UNCOSU-UNC,H2_1,5,2025-12-20T21:30:45+00:00,2,240,UNRESOLVED,0,CI_UNAVAILABLE,SUPPORT_UNAVAILABLE,UNAVAILABLE,UNAVAILABLE,UNAVAILABLE,20.0,UNAVAILABLE,UNAVAILABLE,UNAVAILABLE,UNAVAILABLE,UNAVAILABLE,67,UNAVAILABLE,31-34,-3,UNAVAILABLE,UNAVAILABLE,UNAVAILABLE,240,UNAVAILABLE,UNAVAILABLE,UNAVAILABLE,UNAVAILABLE,0.30434782608695654,NOT_APPLICABLE
AUSTIN_DRE_PHASE_3,AUSTIN_DOWNFALL_STATE_MODEL_V1,NCAAB_H2_1_AUSTIN_TRANSFER_V1,79f460dce15c5f4a,NCAAB_20251220_UNC_OSU,KXNCAAMBGAME-25DEC20UNCOSU-UNC,H2_1,6,2025-12-20T21:30:45+00:00,2,120,UNRESOLVED,0,CI_UNAVAILABLE,SUPPORT_UNAVAILABLE,UNAVAILABLE,UNAVAILABLE,UNAVAILABLE,20.0,UNAVAILABLE,UNAVAILABLE,UNAVAILABLE,UNAVAILABLE,UNAVAILABLE,67,UNAVAILABLE,31-34,-3,UNAVAILABLE,UNAVAILABLE,UNAVAILABLE,120,UNAVAILABLE,UNAVAILABLE,UNAVAILABLE,UNAVAILABLE,0.30434782608695654,NOT_APPLICABLE
AUSTIN_DRE_PHASE_3,AUSTIN_DOWNFALL_STATE_MODEL_V1,NCAAB_H2_1_AUSTIN_TRANSFER_V1,79f460dce15c5f4a,NCAAB_20251220_UNC_OSU,KXNCAAMBGAME-25DEC20UNCOSU-UNC,H2_1,7,2025-12-20T22:33:40+00:00,2,0,HEALTHY,0,CI_POSITIVE,NORMAL_SUPPORT,20.0,20.0,20.0,20.0,0.0,20.0,0.0,0.0,UNAVAILABLE,99,18.0,70-71,-1,UNAVAILABLE,UNAVAILABLE,887.0,0,24.85791557743043,25.0,1.218687946798374,1.2598392115949815,1.0,VALUE
AUSTIN_DRE_PHASE_3,AUSTIN_DOWNFALL_STATE_MODEL_V1,NCAAB_H2_1_AUSTIN_TRANSFER_V1,64311a04bfd02c27,NCAAB_20251220_STAN_COLO,KXNCAAMBGAME-25DEC20STANCOLO-STAN,H2_1,0,2025-12-21T02:07:09+00:00,2,600,UNRESOLVED,0,CI_UNAVAILABLE,SUPPORT_UNAVAILABLE,UNAVAILABLE,UNAVAILABLE,UNAVAILABLE,UNAVAILABLE,UNAVAILABLE,UNAVAILABLE,UNAVAILABLE,UNAVAILABLE,UNAVAILABLE,35,UNAVAILABLE,35-33,2,UNAVAILABLE,UNAVAILABLE,UNAVAILABLE,600,UNAVAILABLE,UNAVAILABLE,UNAVAILABLE,UNAVAILABLE,0.30434782608695654,NOT_APPLICABLE
AUSTIN_DRE_PHASE_3,AUSTIN_DOWNFALL_STATE_MODEL_V1,NCAAB_H2_1_AUSTIN_TRANSFER_V1,64311a04bfd02c27,NCAAB_20251220_STAN_COLO,KXNCAAMBGAME-25DEC20STANCOLO-STAN,H2_1,1,2025-12-21T02:07:09+00:00,2,480,UNRESOLVED,0,CI_UNAVAILABLE,SUPPORT_UNAVAILABLE,UNAVAILABLE,UNAVAILABLE,UNAVAILABLE,UNAVAILABLE,UNAVAILABLE,UNAVAILABLE,UNAVAILABLE,UNAVAILABLE,UNAVAILABLE,35,UNAVAILABLE,35-33,2,UNAVAILABLE,UNAVAILABLE,UNAVAILABLE,480,UNAVAILABLE,UNAVAILABLE,UNAVAILABLE,UNAVAILABLE,0.30434782608695654,NOT_APPLICABLE
AUSTIN_DRE_PHASE_3,AUSTIN_DOWNFALL_STATE_MODEL_V1,NCAAB_H2_1_AUSTIN_TRANSFER_V1,64311a04bfd02c27,NCAAB_20251220_STAN_COLO,KXNCAAMBGAME-25DEC20STANCOLO-STAN,H2_1,2,2025-12-21T02:44:08+00:00,2,360,HEALTHY,0,CI_POSITIVE,NORMAL_SUPPORT,20.000000000000004,20.0,20.0,20.000000000000004,0.0,UNAVAILABLE,UNAVAILABLE,UNAVAILABLE,UNAVAILABLE,97,17.0,49-65,-16,UNAVAILABLE,UNAVAILABLE,332.0,360,24.46764614189835,25.0,0.6753174763859455,0.7128789472919219,0.9855072463768116,VALUE
AUSTIN_DRE_PHASE_3,AUSTIN_DOWNFALL_STATE_MODEL_V1,NCAAB_H2_1_AUSTIN_TRANSFER_V1,64311a04bfd02c27,NCAAB_20251220_STAN_COLO,KXNCAAMBGAME-25DEC20STANCOLO-STAN,H2_1,3,2025-12-21T02:07:09+00:00,2,240,UNRESOLVED,0,CI_UNAVAILABLE,SUPPORT_UNAVAILABLE,UNAVAILABLE,UNAVAILABLE,UNAVAILABLE,20.000000000000004,UNAVAILABLE,UNAVAILABLE,UNAVAILABLE,UNAVAILABLE,UNAVAILABLE,35,UNAVAILABLE,35-33,2,UNAVAILABLE,UNAVAILABLE,UNAVAILABLE,240,UNAVAILABLE,UNAVAILABLE,UNAVAILABLE,UNAVAILABLE,0.30434782608695654,NOT_APPLICABLE
AUSTIN_DRE_PHASE_3,AUSTIN_DOWNFALL_STATE_MODEL_V1,NCAAB_H2_1_AUSTIN_TRANSFER_V1,64311a04bfd02c27,NCAAB_20251220_STAN_COLO,KXNCAAMBGAME-25DEC20STANCOLO-STAN,H2_1,4,2025-12-21T02:07:09+00:00,2,120,UNRESOLVED,0,CI_UNAVAILABLE,SUPPORT_UNAVAILABLE,UNAVAILABLE,UNAVAILABLE,UNAVAILABLE,20.000000000000004,UNAVAILABLE,UNAVAILABLE,UNAVAILABLE,UNAVAILABLE,UNAVAILABLE,35,UNAVAILABLE,35-33,2,UNAVAILABLE,UNAVAILABLE,UNAVAILABLE,120,UNAVAILABLE,UNAVAILABLE,UNAVAILABLE,UNAVAILABLE,0.30434782608695654,NOT_APPLICABLE
AUSTIN_DRE_PHASE_3,AUSTIN_DOWNFALL_STATE_MODEL_V1,NCAAB_H2_1_AUSTIN_TRANSFER_V1,64311a04bfd02c27,NCAAB_20251220_STAN_COLO,KXNCAAMBGAME-25DEC20STANCOLO-STAN,H2_1,5,2025-12-21T03:10:55+00:00,2,0,HEALTHY,0,CI_POSITIVE,NORMAL_SUPPORT,20.0,20.0,20.0,20.000000000000004,-3.552713678800501e-15,20.000000000000004,-3.552713678800501e-15,-5.921189464667501e-16,UNAVAILABLE,99,19.0,68-77,-9,UNAVAILABLE,UNAVAILABLE,692.0,0,24.966676298139216,25.0,0.5737935828171424,0.5863198224449917,1.0,VALUE
AUSTIN_DRE_PHASE_3,AUSTIN_DOWNFALL_STATE_MODEL_V1,NCAAB_H2_1_AUSTIN_TRANSFER_V1,94c301db7e3b7993,NCAAB_20251231_CLEM_SYR,KXNCAAMBGAME-25DEC31CLEMSYR-CLEM,H2_1,0,2025-12-31T20:14:15+00:00,2,720,UNRESOLVED,0,CI_UNAVAILABLE,SUPPORT_UNAVAILABLE,UNAVAILABLE,UNAVAILABLE,UNAVAILABLE,UNAVAILABLE,UNAVAILABLE,UNAVAILABLE,UNAVAILABLE,UNAVAILABLE,UNAVAILABLE,55,UNAVAILABLE,28-29,-1,UNAVAILABLE,UNAVAILABLE,UNAVAILABLE,720,UNAVAILABLE,UNAVAILABLE,UNAVAILABLE,UNAVAILABLE,0.30434782608695654,NOT_APPLICABLE
AUSTIN_DRE_PHASE_3,AUSTIN_DOWNFALL_STATE_MODEL_V1,NCAAB_H2_1_AUSTIN_TRANSFER_V1,94c301db7e3b7993,NCAAB_20251231_CLEM_SYR,KXNCAAMBGAME-25DEC31CLEMSYR-CLEM,H2_1,1,2025-12-31T20:14:15+00:00,2,600,UNRESOLVED,0,CI_UNAVAILABLE,SUPPORT_UNAVAILABLE,UNAVAILABLE,UNAVAILABLE,UNAVAILABLE,UNAVAILABLE,UNAVAILABLE,UNAVAILABLE,UNAVAILABLE,UNAVAILABLE,UNAVAILABLE,55,UNAVAILABLE,28-29,-1,UNAVAILABLE,UNAVAILABLE,UNAVAILABLE,600,UNAVAILABLE,UNAVAILABLE,UNAVAILABLE,UNAVAILABLE,0.30434782608695654,NOT_APPLICABLE
AUSTIN_DRE_PHASE_3,AUSTIN_DOWNFALL_STATE_MODEL_V1,NCAAB_H2_1_AUSTIN_TRANSFER_V1,94c301db7e3b7993,NCAAB_20251231_CLEM_SYR,KXNCAAMBGAME-25DEC31CLEMSYR-CLEM,H2_1,2,2025-12-31T20:14:15+00:00,2,480,UNRESOLVED,0,CI_UNAVAILABLE,SUPPORT_UNAVAILABLE,UNAVAILABLE,UNAVAILABLE,UNAVAILABLE,UNAVAILABLE,UNAVAILABLE,UNAVAILABLE,UNAVAILABLE,UNAVAILABLE,UNAVAILABLE,55,UNAVAILABLE,28-29,-1,UNAVAILABLE,UNAVAILABLE,UNAVAILABLE,480,UNAVAILABLE,UNAVAILABLE,UNAVAILABLE,UNAVAILABLE,0.30434782608695654,NOT_APPLICABLE
AUSTIN_DRE_PHASE_3,AUSTIN_DOWNFALL_STATE_MODEL_V1,NCAAB_H2_1_AUSTIN_TRANSFER_V1,94c301db7e3b7993,NCAAB_20251231_CLEM_SYR,KXNCAAMBGAME-25DEC31CLEMSYR-CLEM,H2_1,3,2025-12-31T20:14:15+00:00,2,360,UNRESOLVED,0,CI_UNAVAILABLE,SUPPORT_UNAVAILABLE,UNAVAILABLE,UNAVAILABLE,UNAVAILABLE,UNAVAILABLE,UNAVAILABLE,UNAVAILABLE,UNAVAILABLE,UNAVAILABLE,UNAVAILABLE,55,UNAVAILABLE,28-29,-1,UNAVAILABLE,UNAVAILABLE,UNAVAILABLE,360,UNAVAILABLE,UNAVAILABLE,UNAVAILABLE,UNAVAILABLE,0.30434782608695654,NOT_APPLICABLE
AUSTIN_DRE_PHASE_3,AUSTIN_DOWNFALL_STATE_MODEL_V1,NCAAB_H2_1_AUSTIN_TRANSFER_V1,94c301db7e3b7993,NCAAB_20251231_CLEM_SYR,KXNCAAMBGAME-25DEC31CLEMSYR-CLEM,H2_1,4,2025-12-31T20:14:15+00:00,2,240,UNRESOLVED,0,CI_UNAVAILABLE,SUPPORT_UNAVAILABLE,UNAVAILABLE,UNAVAILABLE,UNAVAILABLE,UNAVAILABLE,UNAVAILABLE,UNAVAILABLE,UNAVAILABLE,UNAVAILABLE,UNAVAILABLE,55,UNAVAILABLE,28-29,-1,UNAVAILABLE,UNAVAILABLE,UNAVAILABLE,240,UNAVAILABLE,UNAVAILABLE,UNAVAILABLE,UNAVAILABLE,0.30434782608695654,NOT_APPLICABLE
AUSTIN_DRE_PHASE_3,AUSTIN_DOWNFALL_STATE_MODEL_V1,NCAAB_H2_1_AUSTIN_TRANSFER_V1,94c301db7e3b7993,NCAAB_20251231_CLEM_SYR,KXNCAAMBGAME-25DEC31CLEMSYR-CLEM,H2_1,5,2025-12-31T20:14:15+00:00,2,120,UNRESOLVED,0,CI_UNAVAILABLE,SUPPORT_UNAVAILABLE,UNAVAILABLE,UNAVAILABLE,UNAVAILABLE,UNAVAILABLE,UNAVAILABLE,UNAVAILABLE,UNAVAILABLE,UNAVAILABLE,UNAVAILABLE,55,UNAVAILABLE,28-29,-1,UNAVAILABLE,UNAVAILABLE,UNAVAILABLE,120,UNAVAILABLE,UNAVAILABLE,UNAVAILABLE,UNAVAILABLE,0.30434782608695654,NOT_APPLICABLE
AUSTIN_DRE_PHASE_3,AUSTIN_DOWNFALL_STATE_MODEL_V1,NCAAB_H2_1_AUSTIN_TRANSFER_V1,94c301db7e3b7993,NCAAB_20251231_CLEM_SYR,KXNCAAMBGAME-25DEC31CLEMSYR-CLEM,H2_1,6,2025-12-31T21:26:11+00:00,2,0,HEALTHY,0,CI_POSITIVE,NORMAL_SUPPORT,19.999999999999996,20.0,20.0,19.999999999999996,0.0,UNAVAILABLE,UNAVAILABLE,UNAVAILABLE,UNAVAILABLE,99,15.0,61-64,-3,UNAVAILABLE,UNAVAILABLE,800.0,0,24.761735445378307,25.0,0.9631240762524107,0.9244884044433407,1.0,VALUE
AUSTIN_DRE_PHASE_3,AUSTIN_DOWNFALL_STATE_MODEL_V1,NCAAB_H2_1_AUSTIN_TRANSFER_V1,99448fa59c926dd8,NCAAB_20260102_ND_CAL,KXNCAAMBGAME-26JAN02NDCAL-CAL,H2_1,0,2026-01-03T05:13:24+00:00,2,600,UNRESOLVED,0,CI_UNAVAILABLE,SUPPORT_UNAVAILABLE,UNAVAILABLE,UNAVAILABLE,UNAVAILABLE,UNAVAILABLE,UNAVAILABLE,UNAVAILABLE,UNAVAILABLE,UNAVAILABLE,UNAVAILABLE,52,UNAVAILABLE,29-31,-2,UNAVAILABLE,UNAVAILABLE,UNAVAILABLE,600,UNAVAILABLE,UNAVAILABLE,UNAVAILABLE,UNAVAILABLE,0.30434782608695654,NOT_APPLICABLE
AUSTIN_DRE_PHASE_3,AUSTIN_DOWNFALL_STATE_MODEL_V1,NCAAB_H2_1_AUSTIN_TRANSFER_V1,99448fa59c926dd8,NCAAB_20260102_ND_CAL,KXNCAAMBGAME-26JAN02NDCAL-CAL,H2_1,1,2026-01-03T05:46:06+00:00,2,480,HEALTHY,0,CI_POSITIVE,NORMAL_SUPPORT,19.999999999999996,20.0,20.0,19.999999999999996,0.0,UNAVAILABLE,UNAVAILABLE,UNAVAILABLE,UNAVAILABLE,73,-8.0,57-52,5,UNAVAILABLE,UNAVAILABLE,190.0,480,24.11446928919318,25.0,0.6118705794287387,0.6499337512540944,0.9710144927536232,VALUE
AUSTIN_DRE_PHASE_3,AUSTIN_DOWNFALL_STATE_MODEL_V1,NCAAB_H2_1_AUSTIN_TRANSFER_V1,99448fa59c926dd8,NCAAB_20260102_ND_CAL,KXNCAAMBGAME-26JAN02NDCAL-CAL,H2_1,2,2026-01-03T05:13:24+00:00,2,360,UNRESOLVED,0,CI_UNAVAILABLE,SUPPORT_UNAVAILABLE,UNAVAILABLE,UNAVAILABLE,UNAVAILABLE,19.999999999999996,UNAVAILABLE,UNAVAILABLE,UNAVAILABLE,UNAVAILABLE,UNAVAILABLE,52,UNAVAILABLE,29-31,-2,UNAVAILABLE,UNAVAILABLE,UNAVAILABLE,360,UNAVAILABLE,UNAVAILABLE,UNAVAILABLE,UNAVAILABLE,0.30434782608695654,NOT_APPLICABLE
AUSTIN_DRE_PHASE_3,AUSTIN_DOWNFALL_STATE_MODEL_V1,NCAAB_H2_1_AUSTIN_TRANSFER_V1,99448fa59c926dd8,NCAAB_20260102_ND_CAL,KXNCAAMBGAME-26JAN02NDCAL-CAL,H2_1,3,2026-01-03T05:13:24+00:00,2,240,UNRESOLVED,0,CI_UNAVAILABLE,SUPPORT_UNAVAILABLE,UNAVAILABLE,UNAVAILABLE,UNAVAILABLE,19.999999999999996,UNAVAILABLE,UNAVAILABLE,UNAVAILABLE,UNAVAILABLE,UNAVAILABLE,52,UNAVAILABLE,29-31,-2,UNAVAILABLE,UNAVAILABLE,UNAVAILABLE,240,UNAVAILABLE,UNAVAILABLE,UNAVAILABLE,UNAVAILABLE,0.30434782608695654,NOT_APPLICABLE
AUSTIN_DRE_PHASE_3,AUSTIN_DOWNFALL_STATE_MODEL_V1,NCAAB_H2_1_AUSTIN_TRANSFER_V1,99448fa59c926dd8,NCAAB_20260102_ND_CAL,KXNCAAMBGAME-26JAN02NDCAL-CAL,H2_1,4,2026-01-03T05:13:24+00:00,2,120,UNRESOLVED,0,CI_UNAVAILABLE,SUPPORT_UNAVAILABLE,UNAVAILABLE,UNAVAILABLE,UNAVAILABLE,19.999999999999996,UNAVAILABLE,UNAVAILABLE,UNAVAILABLE,UNAVAILABLE,UNAVAILABLE,52,UNAVAILABLE,29-31,-2,UNAVAILABLE,UNAVAILABLE,UNAVAILABLE,120,UNAVAILABLE,UNAVAILABLE,UNAVAILABLE,UNAVAILABLE,0.30434782608695654,NOT_APPLICABLE
AUSTIN_DRE_PHASE_3,AUSTIN_DOWNFALL_STATE_MODEL_V1,NCAAB_H2_1_AUSTIN_TRANSFER_V1,99448fa59c926dd8,NCAAB_20260102_ND_CAL,KXNCAAMBGAME-26JAN02NDCAL-CAL,H2_1,5,2026-01-03T06:17:35+00:00,2,0,WATCH_NEGATIVE,1,CI_NEGATIVE,NORMAL_SUPPORT,-50.65748215338146,-68.0,-32.0,19.999999999999996,-70.65748215338145,19.999999999999996,-70.65748215338145,-8.832185269172681,UNAVAILABLE,78,-3.0,72-71,1,UNAVAILABLE,UNAVAILABLE,670.0,0,24.45763083675195,25.0,0.5664004009343052,0.5467698297779812,1.0,VALUE
AUSTIN_DRE_PHASE_3,AUSTIN_DOWNFALL_STATE_MODEL_V1,NCAAB_H2_1_AUSTIN_TRANSFER_V1,0ad759256ffcbe8b,NCAAB_20260103_CLEM_PITT,KXNCAAMBGAME-26JAN03CLEMPITT-CLEM,H2_1,0,2026-01-03T18:15:06+00:00,2,840,UNRESOLVED,0,CI_UNAVAILABLE,SUPPORT_UNAVAILABLE,UNAVAILABLE,UNAVAILABLE,UNAVAILABLE,UNAVAILABLE,UNAVAILABLE,UNAVAILABLE,UNAVAILABLE,UNAVAILABLE,UNAVAILABLE,60,UNAVAILABLE,35-34,1,UNAVAILABLE,UNAVAILABLE,UNAVAILABLE,840,UNAVAILABLE,UNAVAILABLE,UNAVAILABLE,UNAVAILABLE,0.30434782608695654,NOT_APPLICABLE
AUSTIN_DRE_PHASE_3,AUSTIN_DOWNFALL_STATE_MODEL_V1,NCAAB_H2_1_AUSTIN_TRANSFER_V1,0ad759256ffcbe8b,NCAAB_20260103_CLEM_PITT,KXNCAAMBGAME-26JAN03CLEMPITT-CLEM,H2_1,1,2026-01-03T18:15:06+00:00,2,720,UNRESOLVED,0,CI_UNAVAILABLE,SUPPORT_UNAVAILABLE,UNAVAILABLE,UNAVAILABLE,UNAVAILABLE,UNAVAILABLE,UNAVAILABLE,UNAVAILABLE,UNAVAILABLE,UNAVAILABLE,UNAVAILABLE,60,UNAVAILABLE,35-34,1,UNAVAILABLE,UNAVAILABLE,UNAVAILABLE,720,UNAVAILABLE,UNAVAILABLE,UNAVAILABLE,UNAVAILABLE,0.30434782608695654,NOT_APPLICABLE
AUSTIN_DRE_PHASE_3,AUSTIN_DOWNFALL_STATE_MODEL_V1,NCAAB_H2_1_AUSTIN_TRANSFER_V1,0ad759256ffcbe8b,NCAAB_20260103_CLEM_PITT,KXNCAAMBGAME-26JAN03CLEMPITT-CLEM,H2_1,2,2026-01-03T18:43:18+00:00,2,600,WATCH_NEGATIVE,1,CI_NEGATIVE,NORMAL_SUPPORT,-34.030770797042045,-52.0,-15.900000000000091,-34.030770797042045,0.0,UNAVAILABLE,UNAVAILABLE,UNAVAILABLE,UNAVAILABLE,66,-15.0,52-53,-1,UNAVAILABLE,UNAVAILABLE,268.0,600,23.037841711929865,25.0,0.5962790790662972,0.577778561194355,0.9710144927536232,VALUE
AUSTIN_DRE_PHASE_3,AUSTIN_DOWNFALL_STATE_MODEL_V1,NCAAB_H2_1_AUSTIN_TRANSFER_V1,0ad759256ffcbe8b,NCAAB_20260103_CLEM_PITT,KXNCAAMBGAME-26JAN03CLEMPITT-CLEM,H2_1,3,2026-01-03T18:15:06+00:00,2,480,UNRESOLVED,0,CI_UNAVAILABLE,SUPPORT_UNAVAILABLE,UNAVAILABLE,UNAVAILABLE,UNAVAILABLE,-34.030770797042045,UNAVAILABLE,UNAVAILABLE,UNAVAILABLE,UNAVAILABLE,UNAVAILABLE,60,UNAVAILABLE,35-34,1,UNAVAILABLE,UNAVAILABLE,UNAVAILABLE,480,UNAVAILABLE,UNAVAILABLE,UNAVAILABLE,UNAVAILABLE,0.30434782608695654,NOT_APPLICABLE
AUSTIN_DRE_PHASE_3,AUSTIN_DOWNFALL_STATE_MODEL_V1,NCAAB_H2_1_AUSTIN_TRANSFER_V1,0ad759256ffcbe8b,NCAAB_20260103_CLEM_PITT,KXNCAAMBGAME-26JAN03CLEMPITT-CLEM,H2_1,4,2026-01-03T18:52:15+00:00,2,360,WATCH_NEGATIVE,1,CI_CROSSES_ZERO,NORMAL_SUPPORT,-9.242371039577835,-28.0,8.0,-34.030770797042045,24.788399757464212,-34.030770797042045,24.788399757464212,6.197099939366053,UNAVAILABLE,64,-17.0,58-62,-4,UNAVAILABLE,UNAVAILABLE,508.0,360,24.26064512050641,25.0,0.569472010931574,0.5820354511741888,0.9855072463768116,VALUE
AUSTIN_DRE_PHASE_3,AUSTIN_DOWNFALL_STATE_MODEL_V1,NCAAB_H2_1_AUSTIN_TRANSFER_V1,0ad759256ffcbe8b,NCAAB_20260103_CLEM_PITT,KXNCAAMBGAME-26JAN03CLEMPITT-CLEM,H2_1,5,2026-01-03T18:15:06+00:00,2,240,UNRESOLVED,0,CI_UNAVAILABLE,SUPPORT_UNAVAILABLE,UNAVAILABLE,UNAVAILABLE,UNAVAILABLE,-34.030770797042045,UNAVAILABLE,-34.030770797042045,UNAVAILABLE,UNAVAILABLE,UNAVAILABLE,60,UNAVAILABLE,35-34,1,UNAVAILABLE,UNAVAILABLE,UNAVAILABLE,240,UNAVAILABLE,UNAVAILABLE,UNAVAILABLE,UNAVAILABLE,0.30434782608695654,NOT_APPLICABLE
AUSTIN_DRE_PHASE_3,AUSTIN_DOWNFALL_STATE_MODEL_V1,NCAAB_H2_1_AUSTIN_TRANSFER_V1,0ad759256ffcbe8b,NCAAB_20260103_CLEM_PITT,KXNCAAMBGAME-26JAN03CLEMPITT-CLEM,H2_1,6,2026-01-03T18:15:06+00:00,2,120,UNRESOLVED,0,CI_UNAVAILABLE,SUPPORT_UNAVAILABLE,UNAVAILABLE,UNAVAILABLE,UNAVAILABLE,-34.030770797042045,UNAVAILABLE,-34.030770797042045,UNAVAILABLE,UNAVAILABLE,UNAVAILABLE,60,UNAVAILABLE,35-34,1,UNAVAILABLE,UNAVAILABLE,UNAVAILABLE,120,UNAVAILABLE,UNAVAILABLE,UNAVAILABLE,UNAVAILABLE,0.30434782608695654,NOT_APPLICABLE
AUSTIN_DRE_PHASE_3,AUSTIN_DOWNFALL_STATE_MODEL_V1,NCAAB_H2_1_AUSTIN_TRANSFER_V1,0ad759256ffcbe8b,NCAAB_20260103_CLEM_PITT,KXNCAAMBGAME-26JAN03CLEMPITT-CLEM,H2_1,7,2026-01-03T19:13:01+00:00,2,0,HEALTHY,0,CI_POSITIVE,NORMAL_SUPPORT,20.0,20.0,20.0,-34.030770797042045,54.030770797042045,-9.242371039577835,29.242371039577833,4.873728506596305,-0.22056190546162466,99,18.0,68-73,-5,UNAVAILABLE,UNAVAILABLE,868.0,0,24.96998636891217,25.0,0.9162219432475939,0.8907113063633324,1.0,VALUE
AUSTIN_DRE_PHASE_3,AUSTIN_DOWNFALL_STATE_MODEL_V1,NCAAB_H2_1_AUSTIN_TRANSFER_V1,51f1842c10eada58,NCAAB_20260103_BAY_TCU,KXNCAAMBGAME-26JAN03BAYTCU-TCU,H2_1,0,2026-01-03T20:08:51+00:00,2,1080,UNRESOLVED,0,CI_UNAVAILABLE,SUPPORT_UNAVAILABLE,UNAVAILABLE,UNAVAILABLE,UNAVAILABLE,UNAVAILABLE,UNAVAILABLE,UNAVAILABLE,UNAVAILABLE,UNAVAILABLE,UNAVAILABLE,74,UNAVAILABLE,29-23,6,UNAVAILABLE,UNAVAILABLE,UNAVAILABLE,1080,UNAVAILABLE,UNAVAILABLE,UNAVAILABLE,UNAVAILABLE,0.30434782608695654,NOT_APPLICABLE
AUSTIN_DRE_PHASE_3,AUSTIN_DOWNFALL_STATE_MODEL_V1,NCAAB_H2_1_AUSTIN_TRANSFER_V1,51f1842c10eada58,NCAAB_20260103_BAY_TCU,KXNCAAMBGAME-26JAN03BAYTCU-TCU,H2_1,1,2026-01-03T20:08:51+00:00,2,960,UNRESOLVED,0,CI_UNAVAILABLE,SUPPORT_UNAVAILABLE,UNAVAILABLE,UNAVAILABLE,UNAVAILABLE,UNAVAILABLE,UNAVAILABLE,UNAVAILABLE,UNAVAILABLE,UNAVAILABLE,UNAVAILABLE,74,UNAVAILABLE,29-23,6,UNAVAILABLE,UNAVAILABLE,UNAVAILABLE,960,UNAVAILABLE,UNAVAILABLE,UNAVAILABLE,UNAVAILABLE,0.30434782608695654,NOT_APPLICABLE
AUSTIN_DRE_PHASE_3,AUSTIN_DOWNFALL_STATE_MODEL_V1,NCAAB_H2_1_AUSTIN_TRANSFER_V1,51f1842c10eada58,NCAAB_20260103_BAY_TCU,KXNCAAMBGAME-26JAN03BAYTCU-TCU,H2_1,2,2026-01-03T20:23:32+00:00,2,840,HEALTHY,0,CI_CROSSES_ZERO,NORMAL_SUPPORT,11.681717917464546,0.0,20.0,11.681717917464546,0.0,UNAVAILABLE,UNAVAILABLE,UNAVAILABLE,UNAVAILABLE,83,0.0,44-36,8,UNAVAILABLE,UNAVAILABLE,286.0,840,23.739041493412387,25.0,0.6494031301166284,0.6891160867324563,0.9710144927536232,VALUE
AUSTIN_DRE_PHASE_3,AUSTIN_DOWNFALL_STATE_MODEL_V1,NCAAB_H2_1_AUSTIN_TRANSFER_V1,51f1842c10eada58,NCAAB_20260103_BAY_TCU,KXNCAAMBGAME-26JAN03BAYTCU-TCU,H2_1,3,2026-01-03T20:08:51+00:00,2,720,UNRESOLVED,0,CI_UNAVAILABLE,SUPPORT_UNAVAILABLE,UNAVAILABLE,UNAVAILABLE,UNAVAILABLE,11.681717917464546,UNAVAILABLE,UNAVAILABLE,UNAVAILABLE,UNAVAILABLE,UNAVAILABLE,74,UNAVAILABLE,29-23,6,UNAVAILABLE,UNAVAILABLE,UNAVAILABLE,720,UNAVAILABLE,UNAVAILABLE,UNAVAILABLE,UNAVAILABLE,0.30434782608695654,NOT_APPLICABLE
AUSTIN_DRE_PHASE_3,AUSTIN_DOWNFALL_STATE_MODEL_V1,NCAAB_H2_1_AUSTIN_TRANSFER_V1,51f1842c10eada58,NCAAB_20260103_BAY_TCU,KXNCAAMBGAME-26JAN03BAYTCU-TCU,H2_1,4,2026-01-03T20:08:51+00:00,2,600,UNRESOLVED,0,CI_UNAVAILABLE,SUPPORT_UNAVAILABLE,UNAVAILABLE,UNAVAILABLE,UNAVAILABLE,11.681717917464546,UNAVAILABLE,UNAVAILABLE,UNAVAILABLE,UNAVAILABLE,UNAVAILABLE,74,UNAVAILABLE,29-23,6,UNAVAILABLE,UNAVAILABLE,UNAVAILABLE,600,UNAVAILABLE,UNAVAILABLE,UNAVAILABLE,UNAVAILABLE,0.30434782608695654,NOT_APPLICABLE
AUSTIN_DRE_PHASE_3,AUSTIN_DOWNFALL_STATE_MODEL_V1,NCAAB_H2_1_AUSTIN_TRANSFER_V1,51f1842c10eada58,NCAAB_20260103_BAY_TCU,KXNCAAMBGAME-26JAN03BAYTCU-TCU,H2_1,5,2026-01-03T20:08:51+00:00,2,480,UNRESOLVED,0,CI_UNAVAILABLE,SUPPORT_UNAVAILABLE,UNAVAILABLE,UNAVAILABLE,UNAVAILABLE,11.681717917464546,UNAVAILABLE,UNAVAILABLE,UNAVAILABLE,UNAVAILABLE,UNAVAILABLE,74,UNAVAILABLE,29-23,6,UNAVAILABLE,UNAVAILABLE,UNAVAILABLE,480,UNAVAILABLE,UNAVAILABLE,UNAVAILABLE,UNAVAILABLE,0.30434782608695654,NOT_APPLICABLE
AUSTIN_DRE_PHASE_3,AUSTIN_DOWNFALL_STATE_MODEL_V1,NCAAB_H2_1_AUSTIN_TRANSFER_V1,51f1842c10eada58,NCAAB_20260103_BAY_TCU,KXNCAAMBGAME-26JAN03BAYTCU-TCU,H2_1,6,2026-01-03T20:08:51+00:00,2,360,UNRESOLVED,0,CI_UNAVAILABLE,SUPPORT_UNAVAILABLE,UNAVAILABLE,UNAVAILABLE,UNAVAILABLE,11.681717917464546,UNAVAILABLE,UNAVAILABLE,UNAVAILABLE,UNAVAILABLE,UNAVAILABLE,74,UNAVAILABLE,29-23,6,UNAVAILABLE,UNAVAILABLE,UNAVAILABLE,360,UNAVAILABLE,UNAVAILABLE,UNAVAILABLE,UNAVAILABLE,0.30434782608695654,NOT_APPLICABLE
AUSTIN_DRE_PHASE_3,AUSTIN_DOWNFALL_STATE_MODEL_V1,NCAAB_H2_1_AUSTIN_TRANSFER_V1,51f1842c10eada58,NCAAB_20260103_BAY_TCU,KXNCAAMBGAME-26JAN03BAYTCU-TCU,H2_1,7,2026-01-03T20:08:51+00:00,2,240,UNRESOLVED,0,CI_UNAVAILABLE,SUPPORT_UNAVAILABLE,UNAVAILABLE,UNAVAILABLE,UNAVAILABLE,11.681717917464546,UNAVAILABLE,UNAVAILABLE,UNAVAILABLE,UNAVAILABLE,UNAVAILABLE,74,UNAVAILABLE,29-23,6,UNAVAILABLE,UNAVAILABLE,UNAVAILABLE,240,UNAVAILABLE,UNAVAILABLE,UNAVAILABLE,UNAVAILABLE,0.30434782608695654,NOT_APPLICABLE
AUSTIN_DRE_PHASE_3,AUSTIN_DOWNFALL_STATE_MODEL_V1,NCAAB_H2_1_AUSTIN_TRANSFER_V1,51f1842c10eada58,NCAAB_20260103_BAY_TCU,KXNCAAMBGAME-26JAN03BAYTCU-TCU,H2_1,8,2026-01-03T21:04:32+00:00,2,120,HEALTHY,0,CI_POSITIVE,NORMAL_SUPPORT,19.999999999999996,20.0,20.0,11.681717917464546,8.31828208253545,11.681717917464546,8.31828208253545,0.6931901735446209,UNAVAILABLE,90,7.0,64-60,4,UNAVAILABLE,UNAVAILABLE,1006.0,120,24.74639891116826,25.0,0.5691123113283701,0.582081117026276,1.0,VALUE
AUSTIN_DRE_PHASE_3,AUSTIN_DOWNFALL_STATE_MODEL_V1,NCAAB_H2_1_AUSTIN_TRANSFER_V1,51f1842c10eada58,NCAAB_20260103_BAY_TCU,KXNCAAMBGAME-26JAN03BAYTCU-TCU,H2_1,9,2026-01-03T21:15:48+00:00,2,0,HEALTHY,0,CI_POSITIVE,NORMAL_SUPPORT,16.053698755739216,8.0,20.0,11.681717917464546,4.37198083827467,19.999999999999996,-3.9463012442607805,-1.9731506221303903,-1.3331703978375056,99,16.0,69-63,6,UNAVAILABLE,UNAVAILABLE,1126.0,0,24.979338648933155,25.0,1.0772260087240035,1.0762700890598684,1.0,VALUE
AUSTIN_DRE_PHASE_3,AUSTIN_DOWNFALL_STATE_MODEL_V1,NCAAB_H2_1_AUSTIN_TRANSFER_V1,0ee92416e1754f17,NCAAB_20260103_MINN_NW,KXNCAAMBGAME-26JAN03MINNNW-NW,H2_1,0,2026-01-03T23:14:30+00:00,2,840,HEALTHY,0,CI_CROSSES_ZERO,NORMAL_SUPPORT,5.249034341519204,-8.0,16.0,5.249034341519204,0.0,UNAVAILABLE,UNAVAILABLE,UNAVAILABLE,UNAVAILABLE,84,2.0,51-46,5,UNAVAILABLE,UNAVAILABLE,0.0,840,24.819202759294537,25.0,1.0062429099414618,0.9697689589745612,0.7391304347826086,VALUE
AUSTIN_DRE_PHASE_3,AUSTIN_DOWNFALL_STATE_MODEL_V1,NCAAB_H2_1_AUSTIN_TRANSFER_V1,0ee92416e1754f17,NCAAB_20260103_MINN_NW,KXNCAAMBGAME-26JAN03MINNNW-NW,H2_1,1,2026-01-03T22:56:13+00:00,2,720,UNRESOLVED,0,CI_UNAVAILABLE,SUPPORT_UNAVAILABLE,UNAVAILABLE,UNAVAILABLE,UNAVAILABLE,5.249034341519204,UNAVAILABLE,UNAVAILABLE,UNAVAILABLE,UNAVAILABLE,UNAVAILABLE,60,UNAVAILABLE,34-34,0,UNAVAILABLE,UNAVAILABLE,UNAVAILABLE,720,UNAVAILABLE,UNAVAILABLE,UNAVAILABLE,UNAVAILABLE,0.30434782608695654,NOT_APPLICABLE
AUSTIN_DRE_PHASE_3,AUSTIN_DOWNFALL_STATE_MODEL_V1,NCAAB_H2_1_AUSTIN_TRANSFER_V1,0ee92416e1754f17,NCAAB_20260103_MINN_NW,KXNCAAMBGAME-26JAN03MINNNW-NW,H2_1,2,2026-01-03T22:56:13+00:00,2,600,UNRESOLVED,0,CI_UNAVAILABLE,SUPPORT_UNAVAILABLE,UNAVAILABLE,UNAVAILABLE,UNAVAILABLE,5.249034341519204,UNAVAILABLE,UNAVAILABLE,UNAVAILABLE,UNAVAILABLE,UNAVAILABLE,60,UNAVAILABLE,34-34,0,UNAVAILABLE,UNAVAILABLE,UNAVAILABLE,600,UNAVAILABLE,UNAVAILABLE,UNAVAILABLE,UNAVAILABLE,0.30434782608695654,NOT_APPLICABLE
AUSTIN_DRE_PHASE_3,AUSTIN_DOWNFALL_STATE_MODEL_V1,NCAAB_H2_1_AUSTIN_TRANSFER_V1,0ee92416e1754f17,NCAAB_20260103_MINN_NW,KXNCAAMBGAME-26JAN03MINNNW-NW,H2_1,3,2026-01-03T22:56:13+00:00,2,480,UNRESOLVED,0,CI_UNAVAILABLE,SUPPORT_UNAVAILABLE,UNAVAILABLE,UNAVAILABLE,UNAVAILABLE,5.249034341519204,UNAVAILABLE,UNAVAILABLE,UNAVAILABLE,UNAVAILABLE,UNAVAILABLE,60,UNAVAILABLE,34-34,0,UNAVAILABLE,UNAVAILABLE,UNAVAILABLE,480,UNAVAILABLE,UNAVAILABLE,UNAVAILABLE,UNAVAILABLE,0.30434782608695654,NOT_APPLICABLE
AUSTIN_DRE_PHASE_3,AUSTIN_DOWNFALL_STATE_MODEL_V1,NCAAB_H2_1_AUSTIN_TRANSFER_V1,0ee92416e1754f17,NCAAB_20260103_MINN_NW,KXNCAAMBGAME-26JAN03MINNNW-NW,H2_1,4,2026-01-03T22:56:13+00:00,2,360,UNRESOLVED,0,CI_UNAVAILABLE,SUPPORT_UNAVAILABLE,UNAVAILABLE,UNAVAILABLE,UNAVAILABLE,5.249034341519204,UNAVAILABLE,UNAVAILABLE,UNAVAILABLE,UNAVAILABLE,UNAVAILABLE,60,UNAVAILABLE,34-34,0,UNAVAILABLE,UNAVAILABLE,UNAVAILABLE,360,UNAVAILABLE,UNAVAILABLE,UNAVAILABLE,UNAVAILABLE,0.30434782608695654,NOT_APPLICABLE
AUSTIN_DRE_PHASE_3,AUSTIN_DOWNFALL_STATE_MODEL_V1,NCAAB_H2_1_AUSTIN_TRANSFER_V1,0ee92416e1754f17,NCAAB_20260103_MINN_NW,KXNCAAMBGAME-26JAN03MINNNW-NW,H2_1,5,2026-01-03T23:38:43+00:00,2,240,WATCH_NEGATIVE,1,CI_NEGATIVE,NORMAL_SUPPORT,-40.917576140547354,-60.0,-20.0,5.249034341519204,-46.16661048206656,5.249034341519204,-46.16661048206656,-4.616661048206656,UNAVAILABLE,87,5.0,67-62,5,UNAVAILABLE,UNAVAILABLE,600.0,240,23.420653923257525,25.0,0.5245802592894182,0.5682673390986682,1.0,VALUE
AUSTIN_DRE_PHASE_3,AUSTIN_DOWNFALL_STATE_MODEL_V1,NCAAB_H2_1_AUSTIN_TRANSFER_V1,0ee92416e1754f17,NCAAB_20260103_MINN_NW,KXNCAAMBGAME-26JAN03MINNNW-NW,H2_1,6,2026-01-03T22:56:13+00:00,2,120,UNRESOLVED,0,CI_UNAVAILABLE,SUPPORT_UNAVAILABLE,UNAVAILABLE,UNAVAILABLE,UNAVAILABLE,5.249034341519204,UNAVAILABLE,5.249034341519204,UNAVAILABLE,UNAVAILABLE,UNAVAILABLE,60,UNAVAILABLE,34-34,0,UNAVAILABLE,UNAVAILABLE,UNAVAILABLE,120,UNAVAILABLE,UNAVAILABLE,UNAVAILABLE,UNAVAILABLE,0.30434782608695654,NOT_APPLICABLE
AUSTIN_DRE_PHASE_3,AUSTIN_DOWNFALL_STATE_MODEL_V1,NCAAB_H2_1_AUSTIN_TRANSFER_V1,2fcfab49eaaa3f1e,NCAAB_20260107_STAN_VT,KXNCAAMBGAME-26JAN07STANVT-VT,H2_1,0,2026-01-08T00:48:24+00:00,2,960,UNRESOLVED,0,CI_UNAVAILABLE,SUPPORT_UNAVAILABLE,UNAVAILABLE,UNAVAILABLE,UNAVAILABLE,UNAVAILABLE,UNAVAILABLE,UNAVAILABLE,UNAVAILABLE,UNAVAILABLE,UNAVAILABLE,76,UNAVAILABLE,31-24,7,UNAVAILABLE,UNAVAILABLE,UNAVAILABLE,960,UNAVAILABLE,UNAVAILABLE,UNAVAILABLE,UNAVAILABLE,0.30434782608695654,NOT_APPLICABLE
AUSTIN_DRE_PHASE_3,AUSTIN_DOWNFALL_STATE_MODEL_V1,NCAAB_H2_1_AUSTIN_TRANSFER_V1,2fcfab49eaaa3f1e,NCAAB_20260107_STAN_VT,KXNCAAMBGAME-26JAN07STANVT-VT,H2_1,1,2026-01-08T00:48:24+00:00,2,840,UNRESOLVED,0,CI_UNAVAILABLE,SUPPORT_UNAVAILABLE,UNAVAILABLE,UNAVAILABLE,UNAVAILABLE,UNAVAILABLE,UNAVAILABLE,UNAVAILABLE,UNAVAILABLE,UNAVAILABLE,UNAVAILABLE,76,UNAVAILABLE,31-24,7,UNAVAILABLE,UNAVAILABLE,UNAVAILABLE,840,UNAVAILABLE,UNAVAILABLE,UNAVAILABLE,UNAVAILABLE,0.30434782608695654,NOT_APPLICABLE
AUSTIN_DRE_PHASE_3,AUSTIN_DOWNFALL_STATE_MODEL_V1,NCAAB_H2_1_AUSTIN_TRANSFER_V1,2fcfab49eaaa3f1e,NCAAB_20260107_STAN_VT,KXNCAAMBGAME-26JAN07STANVT-VT,H2_1,2,2026-01-08T00:48:24+00:00,2,720,UNRESOLVED,0,CI_UNAVAILABLE,SUPPORT_UNAVAILABLE,UNAVAILABLE,UNAVAILABLE,UNAVAILABLE,UNAVAILABLE,UNAVAILABLE,UNAVAILABLE,UNAVAILABLE,UNAVAILABLE,UNAVAILABLE,76,UNAVAILABLE,31-24,7,UNAVAILABLE,UNAVAILABLE,UNAVAILABLE,720,UNAVAILABLE,UNAVAILABLE,UNAVAILABLE,UNAVAILABLE,0.30434782608695654,NOT_APPLICABLE
AUSTIN_DRE_PHASE_3,AUSTIN_DOWNFALL_STATE_MODEL_V1,NCAAB_H2_1_AUSTIN_TRANSFER_V1,2fcfab49eaaa3f1e,NCAAB_20260107_STAN_VT,KXNCAAMBGAME-26JAN07STANVT-VT,H2_1,3,2026-01-08T00:48:24+00:00,2,600,UNRESOLVED,0,CI_UNAVAILABLE,SUPPORT_UNAVAILABLE,UNAVAILABLE,UNAVAILABLE,UNAVAILABLE,UNAVAILABLE,UNAVAILABLE,UNAVAILABLE,UNAVAILABLE,UNAVAILABLE,UNAVAILABLE,76,UNAVAILABLE,31-24,7,UNAVAILABLE,UNAVAILABLE,UNAVAILABLE,600,UNAVAILABLE,UNAVAILABLE,UNAVAILABLE,UNAVAILABLE,0.30434782608695654,NOT_APPLICABLE
AUSTIN_DRE_PHASE_3,AUSTIN_DOWNFALL_STATE_MODEL_V1,NCAAB_H2_1_AUSTIN_TRANSFER_V1,2fcfab49eaaa3f1e,NCAAB_20260107_STAN_VT,KXNCAAMBGAME-26JAN07STANVT-VT,H2_1,4,2026-01-08T00:48:24+00:00,2,480,UNRESOLVED,0,CI_UNAVAILABLE,SUPPORT_UNAVAILABLE,UNAVAILABLE,UNAVAILABLE,UNAVAILABLE,UNAVAILABLE,UNAVAILABLE,UNAVAILABLE,UNAVAILABLE,UNAVAILABLE,UNAVAILABLE,76,UNAVAILABLE,31-24,7,UNAVAILABLE,UNAVAILABLE,UNAVAILABLE,480,UNAVAILABLE,UNAVAILABLE,UNAVAILABLE,UNAVAILABLE,0.30434782608695654,NOT_APPLICABLE
AUSTIN_DRE_PHASE_3,AUSTIN_DOWNFALL_STATE_MODEL_V1,NCAAB_H2_1_AUSTIN_TRANSFER_V1,2fcfab49eaaa3f1e,NCAAB_20260107_STAN_VT,KXNCAAMBGAME-26JAN07STANVT-VT,H2_1,5,2026-01-08T00:48:24+00:00,2,360,UNRESOLVED,0,CI_UNAVAILABLE,SUPPORT_UNAVAILABLE,UNAVAILABLE,UNAVAILABLE,UNAVAILABLE,UNAVAILABLE,UNAVAILABLE,UNAVAILABLE,UNAVAILABLE,UNAVAILABLE,UNAVAILABLE,76,UNAVAILABLE,31-24,7,UNAVAILABLE,UNAVAILABLE,UNAVAILABLE,360,UNAVAILABLE,UNAVAILABLE,UNAVAILABLE,UNAVAILABLE,0.30434782608695654,NOT_APPLICABLE
AUSTIN_DRE_PHASE_3,AUSTIN_DOWNFALL_STATE_MODEL_V1,NCAAB_H2_1_AUSTIN_TRANSFER_V1,2fcfab49eaaa3f1e,NCAAB_20260107_STAN_VT,KXNCAAMBGAME-26JAN07STANVT-VT,H2_1,6,2026-01-08T00:48:24+00:00,2,240,UNRESOLVED,0,CI_UNAVAILABLE,SUPPORT_UNAVAILABLE,UNAVAILABLE,UNAVAILABLE,UNAVAILABLE,UNAVAILABLE,UNAVAILABLE,UNAVAILABLE,UNAVAILABLE,UNAVAILABLE,UNAVAILABLE,76,UNAVAILABLE,31-24,7,UNAVAILABLE,UNAVAILABLE,UNAVAILABLE,240,UNAVAILABLE,UNAVAILABLE,UNAVAILABLE,UNAVAILABLE,0.30434782608695654,NOT_APPLICABLE
AUSTIN_DRE_PHASE_3,AUSTIN_DOWNFALL_STATE_MODEL_V1,NCAAB_H2_1_AUSTIN_TRANSFER_V1,2fcfab49eaaa3f1e,NCAAB_20260107_STAN_VT,KXNCAAMBGAME-26JAN07STANVT-VT,H2_1,7,2026-01-08T00:48:24+00:00,2,120,UNRESOLVED,0,CI_UNAVAILABLE,SUPPORT_UNAVAILABLE,UNAVAILABLE,UNAVAILABLE,UNAVAILABLE,UNAVAILABLE,UNAVAILABLE,UNAVAILABLE,UNAVAILABLE,UNAVAILABLE,UNAVAILABLE,76,UNAVAILABLE,31-24,7,UNAVAILABLE,UNAVAILABLE,UNAVAILABLE,120,UNAVAILABLE,UNAVAILABLE,UNAVAILABLE,UNAVAILABLE,0.30434782608695654,NOT_APPLICABLE
AUSTIN_DRE_PHASE_3,AUSTIN_DOWNFALL_STATE_MODEL_V1,NCAAB_H2_1_AUSTIN_TRANSFER_V1,2fcfab49eaaa3f1e,NCAAB_20260107_STAN_VT,KXNCAAMBGAME-26JAN07STANVT-VT,H2_1,8,2026-01-08T02:08:39+00:00,2,0,WATCH_NEGATIVE,1,CI_NEGATIVE,NORMAL_SUPPORT,-53.14111413183648,-68.0,-36.0,-53.14111413183648,0.0,UNAVAILABLE,UNAVAILABLE,UNAVAILABLE,UNAVAILABLE,1,-79.0,68-69,-1,UNAVAILABLE,UNAVAILABLE,1019.0,0,24.683576155664,25.0,1.4699072958216604,1.488928574326067,1.0,VALUE
AUSTIN_DRE_PHASE_3,AUSTIN_DOWNFALL_STATE_MODEL_V1,NCAAB_H2_1_AUSTIN_TRANSFER_V1,8e01765cf3c68869,NCAAB_20260107_MIZZ_UK,KXNCAAMBGAME-26JAN07MIZZUK-UK,H2_1,0,2026-01-08T01:09:38+00:00,2,960,UNRESOLVED,0,CI_UNAVAILABLE,SUPPORT_UNAVAILABLE,UNAVAILABLE,UNAVAILABLE,UNAVAILABLE,UNAVAILABLE,UNAVAILABLE,UNAVAILABLE,UNAVAILABLE,UNAVAILABLE,UNAVAILABLE,76,UNAVAILABLE,32-33,-1,UNAVAILABLE,UNAVAILABLE,UNAVAILABLE,960,UNAVAILABLE,UNAVAILABLE,UNAVAILABLE,UNAVAILABLE,0.30434782608695654,NOT_APPLICABLE
AUSTIN_DRE_PHASE_3,AUSTIN_DOWNFALL_STATE_MODEL_V1,NCAAB_H2_1_AUSTIN_TRANSFER_V1,8e01765cf3c68869,NCAAB_20260107_MIZZ_UK,KXNCAAMBGAME-26JAN07MIZZUK-UK,H2_1,1,2026-01-08T01:09:38+00:00,2,840,UNRESOLVED,0,CI_UNAVAILABLE,SUPPORT_UNAVAILABLE,UNAVAILABLE,UNAVAILABLE,UNAVAILABLE,UNAVAILABLE,UNAVAILABLE,UNAVAILABLE,UNAVAILABLE,UNAVAILABLE,UNAVAILABLE,76,UNAVAILABLE,32-33,-1,UNAVAILABLE,UNAVAILABLE,UNAVAILABLE,840,UNAVAILABLE,UNAVAILABLE,UNAVAILABLE,UNAVAILABLE,0.30434782608695654,NOT_APPLICABLE
AUSTIN_DRE_PHASE_3,AUSTIN_DOWNFALL_STATE_MODEL_V1,NCAAB_H2_1_AUSTIN_TRANSFER_V1,8e01765cf3c68869,NCAAB_20260107_MIZZ_UK,KXNCAAMBGAME-26JAN07MIZZUK-UK,H2_1,2,2026-01-08T01:09:38+00:00,2,720,UNRESOLVED,0,CI_UNAVAILABLE,SUPPORT_UNAVAILABLE,UNAVAILABLE,UNAVAILABLE,UNAVAILABLE,UNAVAILABLE,UNAVAILABLE,UNAVAILABLE,UNAVAILABLE,UNAVAILABLE,UNAVAILABLE,76,UNAVAILABLE,32-33,-1,UNAVAILABLE,UNAVAILABLE,UNAVAILABLE,720,UNAVAILABLE,UNAVAILABLE,UNAVAILABLE,UNAVAILABLE,0.30434782608695654,NOT_APPLICABLE
AUSTIN_DRE_PHASE_3,AUSTIN_DOWNFALL_STATE_MODEL_V1,NCAAB_H2_1_AUSTIN_TRANSFER_V1,8e01765cf3c68869,NCAAB_20260107_MIZZ_UK,KXNCAAMBGAME-26JAN07MIZZUK-UK,H2_1,3,2026-01-08T01:09:38+00:00,2,600,UNRESOLVED,0,CI_UNAVAILABLE,SUPPORT_UNAVAILABLE,UNAVAILABLE,UNAVAILABLE,UNAVAILABLE,UNAVAILABLE,UNAVAILABLE,UNAVAILABLE,UNAVAILABLE,UNAVAILABLE,UNAVAILABLE,76,UNAVAILABLE,32-33,-1,UNAVAILABLE,UNAVAILABLE,UNAVAILABLE,600,UNAVAILABLE,UNAVAILABLE,UNAVAILABLE,UNAVAILABLE,0.30434782608695654,NOT_APPLICABLE
AUSTIN_DRE_PHASE_3,AUSTIN_DOWNFALL_STATE_MODEL_V1,NCAAB_H2_1_AUSTIN_TRANSFER_V1,8e01765cf3c68869,NCAAB_20260107_MIZZ_UK,KXNCAAMBGAME-26JAN07MIZZUK-UK,H2_1,4,2026-01-08T01:09:38+00:00,2,480,UNRESOLVED,0,CI_UNAVAILABLE,SUPPORT_UNAVAILABLE,UNAVAILABLE,UNAVAILABLE,UNAVAILABLE,UNAVAILABLE,UNAVAILABLE,UNAVAILABLE,UNAVAILABLE,UNAVAILABLE,UNAVAILABLE,76,UNAVAILABLE,32-33,-1,UNAVAILABLE,UNAVAILABLE,UNAVAILABLE,480,UNAVAILABLE,UNAVAILABLE,UNAVAILABLE,UNAVAILABLE,0.30434782608695654,NOT_APPLICABLE
AUSTIN_DRE_PHASE_3,AUSTIN_DOWNFALL_STATE_MODEL_V1,NCAAB_H2_1_AUSTIN_TRANSFER_V1,8e01765cf3c68869,NCAAB_20260107_MIZZ_UK,KXNCAAMBGAME-26JAN07MIZZUK-UK,H2_1,5,2026-01-08T01:09:38+00:00,2,360,UNRESOLVED,0,CI_UNAVAILABLE,SUPPORT_UNAVAILABLE,UNAVAILABLE,UNAVAILABLE,UNAVAILABLE,UNAVAILABLE,UNAVAILABLE,UNAVAILABLE,UNAVAILABLE,UNAVAILABLE,UNAVAILABLE,76,UNAVAILABLE,32-33,-1,UNAVAILABLE,UNAVAILABLE,UNAVAILABLE,360,UNAVAILABLE,UNAVAILABLE,UNAVAILABLE,UNAVAILABLE,0.30434782608695654,NOT_APPLICABLE
AUSTIN_DRE_PHASE_3,AUSTIN_DOWNFALL_STATE_MODEL_V1,NCAAB_H2_1_AUSTIN_TRANSFER_V1,8e01765cf3c68869,NCAAB_20260107_MIZZ_UK,KXNCAAMBGAME-26JAN07MIZZUK-UK,H2_1,6,2026-01-08T01:09:38+00:00,2,240,UNRESOLVED,0,CI_UNAVAILABLE,SUPPORT_UNAVAILABLE,UNAVAILABLE,UNAVAILABLE,UNAVAILABLE,UNAVAILABLE,UNAVAILABLE,UNAVAILABLE,UNAVAILABLE,UNAVAILABLE,UNAVAILABLE,76,UNAVAILABLE,32-33,-1,UNAVAILABLE,UNAVAILABLE,UNAVAILABLE,240,UNAVAILABLE,UNAVAILABLE,UNAVAILABLE,UNAVAILABLE,0.30434782608695654,NOT_APPLICABLE
AUSTIN_DRE_PHASE_3,AUSTIN_DOWNFALL_STATE_MODEL_V1,NCAAB_H2_1_AUSTIN_TRANSFER_V1,8e01765cf3c68869,NCAAB_20260107_MIZZ_UK,KXNCAAMBGAME-26JAN07MIZZUK-UK,H2_1,7,2026-01-08T01:09:38+00:00,2,120,UNRESOLVED,0,CI_UNAVAILABLE,SUPPORT_UNAVAILABLE,UNAVAILABLE,UNAVAILABLE,UNAVAILABLE,UNAVAILABLE,UNAVAILABLE,UNAVAILABLE,UNAVAILABLE,UNAVAILABLE,UNAVAILABLE,76,UNAVAILABLE,32-33,-1,UNAVAILABLE,UNAVAILABLE,UNAVAILABLE,120,UNAVAILABLE,UNAVAILABLE,UNAVAILABLE,UNAVAILABLE,0.30434782608695654,NOT_APPLICABLE
AUSTIN_DRE_PHASE_3,AUSTIN_DOWNFALL_STATE_MODEL_V1,NCAAB_H2_1_AUSTIN_TRANSFER_V1,8e01765cf3c68869,NCAAB_20260107_MIZZ_UK,KXNCAAMBGAME-26JAN07MIZZUK-UK,H2_1,8,2026-01-08T02:13:29+00:00,2,0,WATCH_NEGATIVE,1,CI_NEGATIVE,NORMAL_SUPPORT,-22.065622731599845,-40.0,-4.0,-22.065622731599845,0.0,UNAVAILABLE,UNAVAILABLE,UNAVAILABLE,UNAVAILABLE,6,-79.0,68-73,-5,UNAVAILABLE,UNAVAILABLE,1071.0,0,24.654099594791752,25.0,1.8534531150298437,1.7704540857229227,1.0,VALUE
AUSTIN_DRE_PHASE_3,AUSTIN_DOWNFALL_STATE_MODEL_V1,NCAAB_H2_1_AUSTIN_TRANSFER_V1,353cff5f8c388641,NCAAB_20260107_ISU_BAY,KXNCAAMBGAME-26JAN07ISUBAY-ISU,H2_1,0,2026-01-08T02:10:08+00:00,2,960,UNRESOLVED,0,CI_UNAVAILABLE,SUPPORT_UNAVAILABLE,UNAVAILABLE,UNAVAILABLE,UNAVAILABLE,UNAVAILABLE,UNAVAILABLE,UNAVAILABLE,UNAVAILABLE,UNAVAILABLE,UNAVAILABLE,67,UNAVAILABLE,24-25,-1,UNAVAILABLE,UNAVAILABLE,UNAVAILABLE,960,UNAVAILABLE,UNAVAILABLE,UNAVAILABLE,UNAVAILABLE,0.30434782608695654,NOT_APPLICABLE
AUSTIN_DRE_PHASE_3,AUSTIN_DOWNFALL_STATE_MODEL_V1,NCAAB_H2_1_AUSTIN_TRANSFER_V1,353cff5f8c388641,NCAAB_20260107_ISU_BAY,KXNCAAMBGAME-26JAN07ISUBAY-ISU,H2_1,1,2026-01-08T02:10:08+00:00,2,840,UNRESOLVED,0,CI_UNAVAILABLE,SUPPORT_UNAVAILABLE,UNAVAILABLE,UNAVAILABLE,UNAVAILABLE,UNAVAILABLE,UNAVAILABLE,UNAVAILABLE,UNAVAILABLE,UNAVAILABLE,UNAVAILABLE,67,UNAVAILABLE,24-25,-1,UNAVAILABLE,UNAVAILABLE,UNAVAILABLE,840,UNAVAILABLE,UNAVAILABLE,UNAVAILABLE,UNAVAILABLE,0.30434782608695654,NOT_APPLICABLE
AUSTIN_DRE_PHASE_3,AUSTIN_DOWNFALL_STATE_MODEL_V1,NCAAB_H2_1_AUSTIN_TRANSFER_V1,353cff5f8c388641,NCAAB_20260107_ISU_BAY,KXNCAAMBGAME-26JAN07ISUBAY-ISU,H2_1,2,2026-01-08T02:10:08+00:00,2,720,UNRESOLVED,0,CI_UNAVAILABLE,SUPPORT_UNAVAILABLE,UNAVAILABLE,UNAVAILABLE,UNAVAILABLE,UNAVAILABLE,UNAVAILABLE,UNAVAILABLE,UNAVAILABLE,UNAVAILABLE,UNAVAILABLE,67,UNAVAILABLE,24-25,-1,UNAVAILABLE,UNAVAILABLE,UNAVAILABLE,720,UNAVAILABLE,UNAVAILABLE,UNAVAILABLE,UNAVAILABLE,0.30434782608695654,NOT_APPLICABLE
AUSTIN_DRE_PHASE_3,AUSTIN_DOWNFALL_STATE_MODEL_V1,NCAAB_H2_1_AUSTIN_TRANSFER_V1,353cff5f8c388641,NCAAB_20260107_ISU_BAY,KXNCAAMBGAME-26JAN07ISUBAY-ISU,H2_1,3,2026-01-08T02:10:08+00:00,2,600,UNRESOLVED,0,CI_UNAVAILABLE,SUPPORT_UNAVAILABLE,UNAVAILABLE,UNAVAILABLE,UNAVAILABLE,UNAVAILABLE,UNAVAILABLE,UNAVAILABLE,UNAVAILABLE,UNAVAILABLE,UNAVAILABLE,67,UNAVAILABLE,24-25,-1,UNAVAILABLE,UNAVAILABLE,UNAVAILABLE,600,UNAVAILABLE,UNAVAILABLE,UNAVAILABLE,UNAVAILABLE,0.30434782608695654,NOT_APPLICABLE
AUSTIN_DRE_PHASE_3,AUSTIN_DOWNFALL_STATE_MODEL_V1,NCAAB_H2_1_AUSTIN_TRANSFER_V1,353cff5f8c388641,NCAAB_20260107_ISU_BAY,KXNCAAMBGAME-26JAN07ISUBAY-ISU,H2_1,4,2026-01-08T02:10:08+00:00,2,480,UNRESOLVED,0,CI_UNAVAILABLE,SUPPORT_UNAVAILABLE,UNAVAILABLE,UNAVAILABLE,UNAVAILABLE,UNAVAILABLE,UNAVAILABLE,UNAVAILABLE,UNAVAILABLE,UNAVAILABLE,UNAVAILABLE,67,UNAVAILABLE,24-25,-1,UNAVAILABLE,UNAVAILABLE,UNAVAILABLE,480,UNAVAILABLE,UNAVAILABLE,UNAVAILABLE,UNAVAILABLE,0.30434782608695654,NOT_APPLICABLE
AUSTIN_DRE_PHASE_3,AUSTIN_DOWNFALL_STATE_MODEL_V1,NCAAB_H2_1_AUSTIN_TRANSFER_V1,353cff5f8c388641,NCAAB_20260107_ISU_BAY,KXNCAAMBGAME-26JAN07ISUBAY-ISU,H2_1,5,2026-01-08T02:10:08+00:00,2,360,UNRESOLVED,0,CI_UNAVAILABLE,SUPPORT_UNAVAILABLE,UNAVAILABLE,UNAVAILABLE,UNAVAILABLE,UNAVAILABLE,UNAVAILABLE,UNAVAILABLE,UNAVAILABLE,UNAVAILABLE,UNAVAILABLE,67,UNAVAILABLE,24-25,-1,UNAVAILABLE,UNAVAILABLE,UNAVAILABLE,360,UNAVAILABLE,UNAVAILABLE,UNAVAILABLE,UNAVAILABLE,0.30434782608695654,NOT_APPLICABLE
AUSTIN_DRE_PHASE_3,AUSTIN_DOWNFALL_STATE_MODEL_V1,NCAAB_H2_1_AUSTIN_TRANSFER_V1,353cff5f8c388641,NCAAB_20260107_ISU_BAY,KXNCAAMBGAME-26JAN07ISUBAY-ISU,H2_1,6,2026-01-08T02:10:08+00:00,2,240,UNRESOLVED,0,CI_UNAVAILABLE,SUPPORT_UNAVAILABLE,UNAVAILABLE,UNAVAILABLE,UNAVAILABLE,UNAVAILABLE,UNAVAILABLE,UNAVAILABLE,UNAVAILABLE,UNAVAILABLE,UNAVAILABLE,67,UNAVAILABLE,24-25,-1,UNAVAILABLE,UNAVAILABLE,UNAVAILABLE,240,UNAVAILABLE,UNAVAILABLE,UNAVAILABLE,UNAVAILABLE,0.30434782608695654,NOT_APPLICABLE
AUSTIN_DRE_PHASE_3,AUSTIN_DOWNFALL_STATE_MODEL_V1,NCAAB_H2_1_AUSTIN_TRANSFER_V1,353cff5f8c388641,NCAAB_20260107_ISU_BAY,KXNCAAMBGAME-26JAN07ISUBAY-ISU,H2_1,7,2026-01-08T02:10:08+00:00,2,120,UNRESOLVED,0,CI_UNAVAILABLE,SUPPORT_UNAVAILABLE,UNAVAILABLE,UNAVAILABLE,UNAVAILABLE,UNAVAILABLE,UNAVAILABLE,UNAVAILABLE,UNAVAILABLE,UNAVAILABLE,UNAVAILABLE,67,UNAVAILABLE,24-25,-1,UNAVAILABLE,UNAVAILABLE,UNAVAILABLE,120,UNAVAILABLE,UNAVAILABLE,UNAVAILABLE,UNAVAILABLE,0.30434782608695654,NOT_APPLICABLE
AUSTIN_DRE_PHASE_3,AUSTIN_DOWNFALL_STATE_MODEL_V1,NCAAB_H2_1_AUSTIN_TRANSFER_V1,353cff5f8c388641,NCAAB_20260107_ISU_BAY,KXNCAAMBGAME-26JAN07ISUBAY-ISU,H2_1,8,2026-01-08T03:10:43+00:00,2,0,HEALTHY,0,CI_CROSSES_ZERO,NORMAL_SUPPORT,5.46357392400262,-8.0,16.0,5.46357392400262,0.0,UNAVAILABLE,UNAVAILABLE,UNAVAILABLE,UNAVAILABLE,99,15.0,60-70,-10,UNAVAILABLE,UNAVAILABLE,1070.0,0,24.601436127808718,25.0,0.9632557963488249,0.984969281093448,1.0,VALUE
AUSTIN_DRE_PHASE_3,AUSTIN_DOWNFALL_STATE_MODEL_V1,NCAAB_H2_1_AUSTIN_TRANSFER_V1,303a8a5d4ba680ce,NCAAB_20260108_OSU_ORE,KXNCAAMBGAME-26JAN08OSUORE-OSU,H2_1,0,2026-01-09T04:41:52+00:00,2,600,UNRESOLVED,0,CI_UNAVAILABLE,SUPPORT_UNAVAILABLE,UNAVAILABLE,UNAVAILABLE,UNAVAILABLE,UNAVAILABLE,UNAVAILABLE,UNAVAILABLE,UNAVAILABLE,UNAVAILABLE,UNAVAILABLE,62,UNAVAILABLE,29-34,-5,UNAVAILABLE,UNAVAILABLE,UNAVAILABLE,600,UNAVAILABLE,UNAVAILABLE,UNAVAILABLE,UNAVAILABLE,0.30434782608695654,NOT_APPLICABLE
AUSTIN_DRE_PHASE_3,AUSTIN_DOWNFALL_STATE_MODEL_V1,NCAAB_H2_1_AUSTIN_TRANSFER_V1,303a8a5d4ba680ce,NCAAB_20260108_OSU_ORE,KXNCAAMBGAME-26JAN08OSUORE-OSU,H2_1,1,2026-01-09T04:41:52+00:00,2,480,UNRESOLVED,0,CI_UNAVAILABLE,SUPPORT_UNAVAILABLE,UNAVAILABLE,UNAVAILABLE,UNAVAILABLE,UNAVAILABLE,UNAVAILABLE,UNAVAILABLE,UNAVAILABLE,UNAVAILABLE,UNAVAILABLE,62,UNAVAILABLE,29-34,-5,UNAVAILABLE,UNAVAILABLE,UNAVAILABLE,480,UNAVAILABLE,UNAVAILABLE,UNAVAILABLE,UNAVAILABLE,0.30434782608695654,NOT_APPLICABLE
AUSTIN_DRE_PHASE_3,AUSTIN_DOWNFALL_STATE_MODEL_V1,NCAAB_H2_1_AUSTIN_TRANSFER_V1,303a8a5d4ba680ce,NCAAB_20260108_OSU_ORE,KXNCAAMBGAME-26JAN08OSUORE-OSU,H2_1,2,2026-01-09T04:41:52+00:00,2,360,UNRESOLVED,0,CI_UNAVAILABLE,SUPPORT_UNAVAILABLE,UNAVAILABLE,UNAVAILABLE,UNAVAILABLE,UNAVAILABLE,UNAVAILABLE,UNAVAILABLE,UNAVAILABLE,UNAVAILABLE,UNAVAILABLE,62,UNAVAILABLE,29-34,-5,UNAVAILABLE,UNAVAILABLE,UNAVAILABLE,360,UNAVAILABLE,UNAVAILABLE,UNAVAILABLE,UNAVAILABLE,0.30434782608695654,NOT_APPLICABLE
AUSTIN_DRE_PHASE_3,AUSTIN_DOWNFALL_STATE_MODEL_V1,NCAAB_H2_1_AUSTIN_TRANSFER_V1,303a8a5d4ba680ce,NCAAB_20260108_OSU_ORE,KXNCAAMBGAME-26JAN08OSUORE-OSU,H2_1,3,2026-01-09T05:27:53+00:00,2,240,HEALTHY,0,CI_POSITIVE,NORMAL_SUPPORT,20.0,20.0,20.0,20.0,0.0,UNAVAILABLE,UNAVAILABLE,UNAVAILABLE,UNAVAILABLE,99,16.0,53-69,-16,UNAVAILABLE,UNAVAILABLE,475.0,240,24.77482829121298,25.0,0.8327386291815219,0.8275171689623524,0.9855072463768116,VALUE
AUSTIN_DRE_PHASE_3,AUSTIN_DOWNFALL_STATE_MODEL_V1,NCAAB_H2_1_AUSTIN_TRANSFER_V1,303a8a5d4ba680ce,NCAAB_20260108_OSU_ORE,KXNCAAMBGAME-26JAN08OSUORE-OSU,H2_1,4,2026-01-09T04:41:52+00:00,2,120,UNRESOLVED,0,CI_UNAVAILABLE,SUPPORT_UNAVAILABLE,UNAVAILABLE,UNAVAILABLE,UNAVAILABLE,20.0,UNAVAILABLE,UNAVAILABLE,UNAVAILABLE,UNAVAILABLE,UNAVAILABLE,62,UNAVAILABLE,29-34,-5,UNAVAILABLE,UNAVAILABLE,UNAVAILABLE,120,UNAVAILABLE,UNAVAILABLE,UNAVAILABLE,UNAVAILABLE,0.30434782608695654,NOT_APPLICABLE
AUSTIN_DRE_PHASE_3,AUSTIN_DOWNFALL_STATE_MODEL_V1,NCAAB_H2_1_AUSTIN_TRANSFER_V1,303a8a5d4ba680ce,NCAAB_20260108_OSU_ORE,KXNCAAMBGAME-26JAN08OSUORE-OSU,H2_1,5,2026-01-09T05:43:43+00:00,2,0,HEALTHY,0,CI_CROSSES_ZERO,NORMAL_SUPPORT,1.6396671062771215,-12.0,16.0,20.0,-18.360332893722877,20.0,-18.360332893722877,-4.590083223430719,UNAVAILABLE,99,16.0,62-72,-10,UNAVAILABLE,UNAVAILABLE,715.0,0,24.777367794561965,25.0,0.7949208145398642,0.8097997016475444,1.0,VALUE
AUSTIN_DRE_PHASE_3,AUSTIN_DOWNFALL_STATE_MODEL_V1,NCAAB_H2_1_AUSTIN_TRANSFER_V1,b56311a044354b03,NCAAB_20260109_USC_MINN,KXNCAAMBGAME-26JAN09USCMINN-USC,H2_1,0,2026-01-10T02:31:38+00:00,2,600,UNRESOLVED,0,CI_UNAVAILABLE,SUPPORT_UNAVAILABLE,UNAVAILABLE,UNAVAILABLE,UNAVAILABLE,UNAVAILABLE,UNAVAILABLE,UNAVAILABLE,UNAVAILABLE,UNAVAILABLE,UNAVAILABLE,58,UNAVAILABLE,30-35,-5,UNAVAILABLE,UNAVAILABLE,UNAVAILABLE,600,UNAVAILABLE,UNAVAILABLE,UNAVAILABLE,UNAVAILABLE,0.30434782608695654,NOT_APPLICABLE
AUSTIN_DRE_PHASE_3,AUSTIN_DOWNFALL_STATE_MODEL_V1,NCAAB_H2_1_AUSTIN_TRANSFER_V1,b56311a044354b03,NCAAB_20260109_USC_MINN,KXNCAAMBGAME-26JAN09USCMINN-USC,H2_1,1,2026-01-10T02:31:38+00:00,2,480,UNRESOLVED,0,CI_UNAVAILABLE,SUPPORT_UNAVAILABLE,UNAVAILABLE,UNAVAILABLE,UNAVAILABLE,UNAVAILABLE,UNAVAILABLE,UNAVAILABLE,UNAVAILABLE,UNAVAILABLE,UNAVAILABLE,58,UNAVAILABLE,30-35,-5,UNAVAILABLE,UNAVAILABLE,UNAVAILABLE,480,UNAVAILABLE,UNAVAILABLE,UNAVAILABLE,UNAVAILABLE,0.30434782608695654,NOT_APPLICABLE
AUSTIN_DRE_PHASE_3,AUSTIN_DOWNFALL_STATE_MODEL_V1,NCAAB_H2_1_AUSTIN_TRANSFER_V1,b56311a044354b03,NCAAB_20260109_USC_MINN,KXNCAAMBGAME-26JAN09USCMINN-USC,H2_1,2,2026-01-10T02:31:38+00:00,2,360,UNRESOLVED,0,CI_UNAVAILABLE,SUPPORT_UNAVAILABLE,UNAVAILABLE,UNAVAILABLE,UNAVAILABLE,UNAVAILABLE,UNAVAILABLE,UNAVAILABLE,UNAVAILABLE,UNAVAILABLE,UNAVAILABLE,58,UNAVAILABLE,30-35,-5,UNAVAILABLE,UNAVAILABLE,UNAVAILABLE,360,UNAVAILABLE,UNAVAILABLE,UNAVAILABLE,UNAVAILABLE,0.30434782608695654,NOT_APPLICABLE
AUSTIN_DRE_PHASE_3,AUSTIN_DOWNFALL_STATE_MODEL_V1,NCAAB_H2_1_AUSTIN_TRANSFER_V1,b56311a044354b03,NCAAB_20260109_USC_MINN,KXNCAAMBGAME-26JAN09USCMINN-USC,H2_1,3,2026-01-10T02:31:38+00:00,2,240,UNRESOLVED,0,CI_UNAVAILABLE,SUPPORT_UNAVAILABLE,UNAVAILABLE,UNAVAILABLE,UNAVAILABLE,UNAVAILABLE,UNAVAILABLE,UNAVAILABLE,UNAVAILABLE,UNAVAILABLE,UNAVAILABLE,58,UNAVAILABLE,30-35,-5,UNAVAILABLE,UNAVAILABLE,UNAVAILABLE,240,UNAVAILABLE,UNAVAILABLE,UNAVAILABLE,UNAVAILABLE,0.30434782608695654,NOT_APPLICABLE
AUSTIN_DRE_PHASE_3,AUSTIN_DOWNFALL_STATE_MODEL_V1,NCAAB_H2_1_AUSTIN_TRANSFER_V1,b56311a044354b03,NCAAB_20260109_USC_MINN,KXNCAAMBGAME-26JAN09USCMINN-USC,H2_1,4,2026-01-10T02:31:38+00:00,2,120,UNRESOLVED,0,CI_UNAVAILABLE,SUPPORT_UNAVAILABLE,UNAVAILABLE,UNAVAILABLE,UNAVAILABLE,UNAVAILABLE,UNAVAILABLE,UNAVAILABLE,UNAVAILABLE,UNAVAILABLE,UNAVAILABLE,58,UNAVAILABLE,30-35,-5,UNAVAILABLE,UNAVAILABLE,UNAVAILABLE,120,UNAVAILABLE,UNAVAILABLE,UNAVAILABLE,UNAVAILABLE,0.30434782608695654,NOT_APPLICABLE
AUSTIN_DRE_PHASE_3,AUSTIN_DOWNFALL_STATE_MODEL_V1,NCAAB_H2_1_AUSTIN_TRANSFER_V1,b56311a044354b03,NCAAB_20260109_USC_MINN,KXNCAAMBGAME-26JAN09USCMINN-USC,H2_1,5,2026-01-10T03:43:47+00:00,2,0,WATCH_NEGATIVE,1,CI_NEGATIVE,NORMAL_SUPPORT,-71.85154316702548,-80.0,-60.0,-71.85154316702548,0.0,UNAVAILABLE,UNAVAILABLE,UNAVAILABLE,UNAVAILABLE,56,-28.0,63-63,0,UNAVAILABLE,UNAVAILABLE,669.0,0,20.290291702354953,25.0,0.5725737014583393,0.3097475490606384,1.0,VALUE
AUSTIN_DRE_PHASE_3,AUSTIN_DOWNFALL_STATE_MODEL_V1,NCAAB_H2_1_AUSTIN_TRANSFER_V1,b56311a044354b03,NCAAB_20260109_USC_MINN,KXNCAAMBGAME-26JAN09USCMINN-USC,H2_1,6,2026-01-10T03:45:39+00:00,3,300,PERSISTENCE_2,2,CI_NEGATIVE,NORMAL_SUPPORT,-60.53560856490807,-76.0,-44.0,-71.85154316702548,11.315934602117416,-71.85154316702548,11.315934602117416,UNAVAILABLE,UNAVAILABLE,47,-37.0,63-63,0,UNAVAILABLE,UNAVAILABLE,669.0,0,23.427763335487395,25.0,0.9726830219124818,1.0177321213118196,1.0,VALUE
AUSTIN_DRE_PHASE_3,AUSTIN_DOWNFALL_STATE_MODEL_V1,NCAAB_H2_1_AUSTIN_TRANSFER_V1,b56311a044354b03,NCAAB_20260109_USC_MINN,KXNCAAMBGAME-26JAN09USCMINN-USC,H2_1,7,2026-01-10T03:45:39+00:00,3,180,PERSISTENCE_3PLUS,3,CI_NEGATIVE,NORMAL_SUPPORT,-60.53560856490807,-76.0,-44.0,-71.85154316702548,11.315934602117416,-60.53560856490807,0.0,0.0,UNAVAILABLE,47,-37.0,63-63,0,UNAVAILABLE,UNAVAILABLE,669.0,180,23.427763335487395,25.0,0.9726830219124818,1.0177321213118196,1.0,VALUE
AUSTIN_DRE_PHASE_3,AUSTIN_DOWNFALL_STATE_MODEL_V1,NCAAB_H2_1_AUSTIN_TRANSFER_V1,b56311a044354b03,NCAAB_20260109_USC_MINN,KXNCAAMBGAME-26JAN09USCMINN-USC,H2_1,8,2026-01-10T03:45:39+00:00,3,60,PERSISTENCE_3PLUS,4,CI_NEGATIVE,NORMAL_SUPPORT,-60.53560856490807,-76.0,-44.0,-71.85154316702548,11.315934602117416,-60.53560856490807,0.0,0.0,0.0,47,-37.0,63-63,0,UNAVAILABLE,UNAVAILABLE,669.0,60,23.427763335487395,25.0,0.9726830219124818,1.0177321213118196,1.0,VALUE
AUSTIN_DRE_PHASE_3,AUSTIN_DOWNFALL_STATE_MODEL_V1,NCAAB_H2_1_AUSTIN_TRANSFER_V1,1e55fd6f3005511c,NCAAB_20260110_KU_WVU,KXNCAAMBGAME-26JAN10KUWVU-KU,H2_1,0,2026-01-10T18:09:01+00:00,2,840,UNRESOLVED,0,CI_UNAVAILABLE,SUPPORT_UNAVAILABLE,UNAVAILABLE,UNAVAILABLE,UNAVAILABLE,UNAVAILABLE,UNAVAILABLE,UNAVAILABLE,UNAVAILABLE,UNAVAILABLE,UNAVAILABLE,69,UNAVAILABLE,39-43,-4,UNAVAILABLE,UNAVAILABLE,UNAVAILABLE,840,UNAVAILABLE,UNAVAILABLE,UNAVAILABLE,UNAVAILABLE,0.30434782608695654,NOT_APPLICABLE
AUSTIN_DRE_PHASE_3,AUSTIN_DOWNFALL_STATE_MODEL_V1,NCAAB_H2_1_AUSTIN_TRANSFER_V1,1e55fd6f3005511c,NCAAB_20260110_KU_WVU,KXNCAAMBGAME-26JAN10KUWVU-KU,H2_1,1,2026-01-10T18:09:01+00:00,2,720,UNRESOLVED,0,CI_UNAVAILABLE,SUPPORT_UNAVAILABLE,UNAVAILABLE,UNAVAILABLE,UNAVAILABLE,UNAVAILABLE,UNAVAILABLE,UNAVAILABLE,UNAVAILABLE,UNAVAILABLE,UNAVAILABLE,69,UNAVAILABLE,39-43,-4,UNAVAILABLE,UNAVAILABLE,UNAVAILABLE,720,UNAVAILABLE,UNAVAILABLE,UNAVAILABLE,UNAVAILABLE,0.30434782608695654,NOT_APPLICABLE
AUSTIN_DRE_PHASE_3,AUSTIN_DOWNFALL_STATE_MODEL_V1,NCAAB_H2_1_AUSTIN_TRANSFER_V1,1e55fd6f3005511c,NCAAB_20260110_KU_WVU,KXNCAAMBGAME-26JAN10KUWVU-KU,H2_1,2,2026-01-10T18:09:01+00:00,2,600,UNRESOLVED,0,CI_UNAVAILABLE,SUPPORT_UNAVAILABLE,UNAVAILABLE,UNAVAILABLE,UNAVAILABLE,UNAVAILABLE,UNAVAILABLE,UNAVAILABLE,UNAVAILABLE,UNAVAILABLE,UNAVAILABLE,69,UNAVAILABLE,39-43,-4,UNAVAILABLE,UNAVAILABLE,UNAVAILABLE,600,UNAVAILABLE,UNAVAILABLE,UNAVAILABLE,UNAVAILABLE,0.30434782608695654,NOT_APPLICABLE
AUSTIN_DRE_PHASE_3,AUSTIN_DOWNFALL_STATE_MODEL_V1,NCAAB_H2_1_AUSTIN_TRANSFER_V1,1e55fd6f3005511c,NCAAB_20260110_KU_WVU,KXNCAAMBGAME-26JAN10KUWVU-KU,H2_1,3,2026-01-10T18:09:01+00:00,2,480,UNRESOLVED,0,CI_UNAVAILABLE,SUPPORT_UNAVAILABLE,UNAVAILABLE,UNAVAILABLE,UNAVAILABLE,UNAVAILABLE,UNAVAILABLE,UNAVAILABLE,UNAVAILABLE,UNAVAILABLE,UNAVAILABLE,69,UNAVAILABLE,39-43,-4,UNAVAILABLE,UNAVAILABLE,UNAVAILABLE,480,UNAVAILABLE,UNAVAILABLE,UNAVAILABLE,UNAVAILABLE,0.30434782608695654,NOT_APPLICABLE
AUSTIN_DRE_PHASE_3,AUSTIN_DOWNFALL_STATE_MODEL_V1,NCAAB_H2_1_AUSTIN_TRANSFER_V1,1e55fd6f3005511c,NCAAB_20260110_KU_WVU,KXNCAAMBGAME-26JAN10KUWVU-KU,H2_1,4,2026-01-10T18:09:01+00:00,2,360,UNRESOLVED,0,CI_UNAVAILABLE,SUPPORT_UNAVAILABLE,UNAVAILABLE,UNAVAILABLE,UNAVAILABLE,UNAVAILABLE,UNAVAILABLE,UNAVAILABLE,UNAVAILABLE,UNAVAILABLE,UNAVAILABLE,69,UNAVAILABLE,39-43,-4,UNAVAILABLE,UNAVAILABLE,UNAVAILABLE,360,UNAVAILABLE,UNAVAILABLE,UNAVAILABLE,UNAVAILABLE,0.30434782608695654,NOT_APPLICABLE
AUSTIN_DRE_PHASE_3,AUSTIN_DOWNFALL_STATE_MODEL_V1,NCAAB_H2_1_AUSTIN_TRANSFER_V1,1e55fd6f3005511c,NCAAB_20260110_KU_WVU,KXNCAAMBGAME-26JAN10KUWVU-KU,H2_1,5,2026-01-10T18:09:01+00:00,2,240,UNRESOLVED,0,CI_UNAVAILABLE,SUPPORT_UNAVAILABLE,UNAVAILABLE,UNAVAILABLE,UNAVAILABLE,UNAVAILABLE,UNAVAILABLE,UNAVAILABLE,UNAVAILABLE,UNAVAILABLE,UNAVAILABLE,69,UNAVAILABLE,39-43,-4,UNAVAILABLE,UNAVAILABLE,UNAVAILABLE,240,UNAVAILABLE,UNAVAILABLE,UNAVAILABLE,UNAVAILABLE,0.30434782608695654,NOT_APPLICABLE
AUSTIN_DRE_PHASE_3,AUSTIN_DOWNFALL_STATE_MODEL_V1,NCAAB_H2_1_AUSTIN_TRANSFER_V1,1e55fd6f3005511c,NCAAB_20260110_KU_WVU,KXNCAAMBGAME-26JAN10KUWVU-KU,H2_1,6,2026-01-10T18:09:01+00:00,2,120,UNRESOLVED,0,CI_UNAVAILABLE,SUPPORT_UNAVAILABLE,UNAVAILABLE,UNAVAILABLE,UNAVAILABLE,UNAVAILABLE,UNAVAILABLE,UNAVAILABLE,UNAVAILABLE,UNAVAILABLE,UNAVAILABLE,69,UNAVAILABLE,39-43,-4,UNAVAILABLE,UNAVAILABLE,UNAVAILABLE,120,UNAVAILABLE,UNAVAILABLE,UNAVAILABLE,UNAVAILABLE,0.30434782608695654,NOT_APPLICABLE
AUSTIN_DRE_PHASE_3,AUSTIN_DOWNFALL_STATE_MODEL_V1,NCAAB_H2_1_AUSTIN_TRANSFER_V1,1e55fd6f3005511c,NCAAB_20260110_KU_WVU,KXNCAAMBGAME-26JAN10KUWVU-KU,H2_1,7,2026-01-10T19:08:54+00:00,2,0,WATCH_NEGATIVE,1,CI_NEGATIVE,NORMAL_SUPPORT,-79.99999999999999,-80.0,-80.0,-79.99999999999999,0.0,UNAVAILABLE,UNAVAILABLE,UNAVAILABLE,UNAVAILABLE,1,-79.0,86-75,11,UNAVAILABLE,UNAVAILABLE,895.0,0,22.722151086009816,25.0,1.5819908514942898,1.7170518446191632,1.0,VALUE
AUSTIN_DRE_PHASE_3,AUSTIN_DOWNFALL_STATE_MODEL_V1,NCAAB_H2_1_AUSTIN_TRANSFER_V1,f333ff485b989bc2,NCAAB_20260110_WIS_MICH,KXNCAAMBGAME-26JAN10WISMICH-MICH,H2_1,0,2026-01-10T19:10:46+00:00,2,720,UNRESOLVED,0,CI_UNAVAILABLE,SUPPORT_UNAVAILABLE,UNAVAILABLE,UNAVAILABLE,UNAVAILABLE,UNAVAILABLE,UNAVAILABLE,UNAVAILABLE,UNAVAILABLE,UNAVAILABLE,UNAVAILABLE,86,UNAVAILABLE,38-37,1,UNAVAILABLE,UNAVAILABLE,UNAVAILABLE,720,UNAVAILABLE,UNAVAILABLE,UNAVAILABLE,UNAVAILABLE,0.30434782608695654,NOT_APPLICABLE
AUSTIN_DRE_PHASE_3,AUSTIN_DOWNFALL_STATE_MODEL_V1,NCAAB_H2_1_AUSTIN_TRANSFER_V1,f333ff485b989bc2,NCAAB_20260110_WIS_MICH,KXNCAAMBGAME-26JAN10WISMICH-MICH,H2_1,1,2026-01-10T19:10:46+00:00,2,600,UNRESOLVED,0,CI_UNAVAILABLE,SUPPORT_UNAVAILABLE,UNAVAILABLE,UNAVAILABLE,UNAVAILABLE,UNAVAILABLE,UNAVAILABLE,UNAVAILABLE,UNAVAILABLE,UNAVAILABLE,UNAVAILABLE,86,UNAVAILABLE,38-37,1,UNAVAILABLE,UNAVAILABLE,UNAVAILABLE,600,UNAVAILABLE,UNAVAILABLE,UNAVAILABLE,UNAVAILABLE,0.30434782608695654,NOT_APPLICABLE
AUSTIN_DRE_PHASE_3,AUSTIN_DOWNFALL_STATE_MODEL_V1,NCAAB_H2_1_AUSTIN_TRANSFER_V1,f333ff485b989bc2,NCAAB_20260110_WIS_MICH,KXNCAAMBGAME-26JAN10WISMICH-MICH,H2_1,2,2026-01-10T19:10:46+00:00,2,480,UNRESOLVED,0,CI_UNAVAILABLE,SUPPORT_UNAVAILABLE,UNAVAILABLE,UNAVAILABLE,UNAVAILABLE,UNAVAILABLE,UNAVAILABLE,UNAVAILABLE,UNAVAILABLE,UNAVAILABLE,UNAVAILABLE,86,UNAVAILABLE,38-37,1,UNAVAILABLE,UNAVAILABLE,UNAVAILABLE,480,UNAVAILABLE,UNAVAILABLE,UNAVAILABLE,UNAVAILABLE,0.30434782608695654,NOT_APPLICABLE
AUSTIN_DRE_PHASE_3,AUSTIN_DOWNFALL_STATE_MODEL_V1,NCAAB_H2_1_AUSTIN_TRANSFER_V1,f333ff485b989bc2,NCAAB_20260110_WIS_MICH,KXNCAAMBGAME-26JAN10WISMICH-MICH,H2_1,3,2026-01-10T19:10:46+00:00,2,360,UNRESOLVED,0,CI_UNAVAILABLE,SUPPORT_UNAVAILABLE,UNAVAILABLE,UNAVAILABLE,UNAVAILABLE,UNAVAILABLE,UNAVAILABLE,UNAVAILABLE,UNAVAILABLE,UNAVAILABLE,UNAVAILABLE,86,UNAVAILABLE,38-37,1,UNAVAILABLE,UNAVAILABLE,UNAVAILABLE,360,UNAVAILABLE,UNAVAILABLE,UNAVAILABLE,UNAVAILABLE,0.30434782608695654,NOT_APPLICABLE
AUSTIN_DRE_PHASE_3,AUSTIN_DOWNFALL_STATE_MODEL_V1,NCAAB_H2_1_AUSTIN_TRANSFER_V1,f333ff485b989bc2,NCAAB_20260110_WIS_MICH,KXNCAAMBGAME-26JAN10WISMICH-MICH,H2_1,4,2026-01-10T19:10:46+00:00,2,240,UNRESOLVED,0,CI_UNAVAILABLE,SUPPORT_UNAVAILABLE,UNAVAILABLE,UNAVAILABLE,UNAVAILABLE,UNAVAILABLE,UNAVAILABLE,UNAVAILABLE,UNAVAILABLE,UNAVAILABLE,UNAVAILABLE,86,UNAVAILABLE,38-37,1,UNAVAILABLE,UNAVAILABLE,UNAVAILABLE,240,UNAVAILABLE,UNAVAILABLE,UNAVAILABLE,UNAVAILABLE,0.30434782608695654,NOT_APPLICABLE
AUSTIN_DRE_PHASE_3,AUSTIN_DOWNFALL_STATE_MODEL_V1,NCAAB_H2_1_AUSTIN_TRANSFER_V1,f333ff485b989bc2,NCAAB_20260110_WIS_MICH,KXNCAAMBGAME-26JAN10WISMICH-MICH,H2_1,5,2026-01-10T20:05:57+00:00,2,120,WATCH_NEGATIVE,1,CI_NEGATIVE,NORMAL_SUPPORT,-27.10224699383906,-48.0,-8.0,-27.10224699383906,0.0,UNAVAILABLE,UNAVAILABLE,UNAVAILABLE,UNAVAILABLE,29,-53.0,84-88,-4,UNAVAILABLE,UNAVAILABLE,677.0,120,21.55802539850948,25.0,1.2618207523778646,1.3802958997064436,1.0,VALUE
AUSTIN_DRE_PHASE_3,AUSTIN_DOWNFALL_STATE_MODEL_V1,NCAAB_H2_1_AUSTIN_TRANSFER_V1,f333ff485b989bc2,NCAAB_20260110_WIS_MICH,KXNCAAMBGAME-26JAN10WISMICH-MICH,H2_1,6,2026-01-10T20:19:41+00:00,2,0,PERSISTENCE_2,2,CI_NEGATIVE,NORMAL_SUPPORT,-56.52707600270683,-72.0,-40.0,-27.10224699383906,-29.424829008867768,-27.10224699383906,-29.424829008867768,-14.712414504433884,UNAVAILABLE,15,-67.0,88-91,-3,UNAVAILABLE,UNAVAILABLE,797.0,0,23.677224364776965,25.0,1.6197530272508944,1.7134577024065627,1.0,VALUE
AUSTIN_DRE_PHASE_3,AUSTIN_DOWNFALL_STATE_MODEL_V1,NCAAB_H2_1_AUSTIN_TRANSFER_V1,60f4f19f832f1746,NCAAB_20260110_CLEM_ND,KXNCAAMBGAME-26JAN10CLEMND-CLEM,H2_1,0,2026-01-11T00:15:34+00:00,2,1080,UNRESOLVED,0,CI_UNAVAILABLE,SUPPORT_UNAVAILABLE,UNAVAILABLE,UNAVAILABLE,UNAVAILABLE,UNAVAILABLE,UNAVAILABLE,UNAVAILABLE,UNAVAILABLE,UNAVAILABLE,UNAVAILABLE,72,UNAVAILABLE,34-39,-5,UNAVAILABLE,UNAVAILABLE,UNAVAILABLE,1080,UNAVAILABLE,UNAVAILABLE,UNAVAILABLE,UNAVAILABLE,0.30434782608695654,NOT_APPLICABLE
AUSTIN_DRE_PHASE_3,AUSTIN_DOWNFALL_STATE_MODEL_V1,NCAAB_H2_1_AUSTIN_TRANSFER_V1,60f4f19f832f1746,NCAAB_20260110_CLEM_ND,KXNCAAMBGAME-26JAN10CLEMND-CLEM,H2_1,1,2026-01-11T00:15:34+00:00,2,960,UNRESOLVED,0,CI_UNAVAILABLE,SUPPORT_UNAVAILABLE,UNAVAILABLE,UNAVAILABLE,UNAVAILABLE,UNAVAILABLE,UNAVAILABLE,UNAVAILABLE,UNAVAILABLE,UNAVAILABLE,UNAVAILABLE,72,UNAVAILABLE,34-39,-5,UNAVAILABLE,UNAVAILABLE,UNAVAILABLE,960,UNAVAILABLE,UNAVAILABLE,UNAVAILABLE,UNAVAILABLE,0.30434782608695654,NOT_APPLICABLE
AUSTIN_DRE_PHASE_3,AUSTIN_DOWNFALL_STATE_MODEL_V1,NCAAB_H2_1_AUSTIN_TRANSFER_V1,60f4f19f832f1746,NCAAB_20260110_CLEM_ND,KXNCAAMBGAME-26JAN10CLEMND-CLEM,H2_1,2,2026-01-11T00:15:34+00:00,2,840,UNRESOLVED,0,CI_UNAVAILABLE,SUPPORT_UNAVAILABLE,UNAVAILABLE,UNAVAILABLE,UNAVAILABLE,UNAVAILABLE,UNAVAILABLE,UNAVAILABLE,UNAVAILABLE,UNAVAILABLE,UNAVAILABLE,72,UNAVAILABLE,34-39,-5,UNAVAILABLE,UNAVAILABLE,UNAVAILABLE,840,UNAVAILABLE,UNAVAILABLE,UNAVAILABLE,UNAVAILABLE,0.30434782608695654,NOT_APPLICABLE
AUSTIN_DRE_PHASE_3,AUSTIN_DOWNFALL_STATE_MODEL_V1,NCAAB_H2_1_AUSTIN_TRANSFER_V1,60f4f19f832f1746,NCAAB_20260110_CLEM_ND,KXNCAAMBGAME-26JAN10CLEMND-CLEM,H2_1,3,2026-01-11T00:15:34+00:00,2,720,UNRESOLVED,0,CI_UNAVAILABLE,SUPPORT_UNAVAILABLE,UNAVAILABLE,UNAVAILABLE,UNAVAILABLE,UNAVAILABLE,UNAVAILABLE,UNAVAILABLE,UNAVAILABLE,UNAVAILABLE,UNAVAILABLE,72,UNAVAILABLE,34-39,-5,UNAVAILABLE,UNAVAILABLE,UNAVAILABLE,720,UNAVAILABLE,UNAVAILABLE,UNAVAILABLE,UNAVAILABLE,0.30434782608695654,NOT_APPLICABLE
AUSTIN_DRE_PHASE_3,AUSTIN_DOWNFALL_STATE_MODEL_V1,NCAAB_H2_1_AUSTIN_TRANSFER_V1,60f4f19f832f1746,NCAAB_20260110_CLEM_ND,KXNCAAMBGAME-26JAN10CLEMND-CLEM,H2_1,4,2026-01-11T00:15:34+00:00,2,600,UNRESOLVED,0,CI_UNAVAILABLE,SUPPORT_UNAVAILABLE,UNAVAILABLE,UNAVAILABLE,UNAVAILABLE,UNAVAILABLE,UNAVAILABLE,UNAVAILABLE,UNAVAILABLE,UNAVAILABLE,UNAVAILABLE,72,UNAVAILABLE,34-39,-5,UNAVAILABLE,UNAVAILABLE,UNAVAILABLE,600,UNAVAILABLE,UNAVAILABLE,UNAVAILABLE,UNAVAILABLE,0.30434782608695654,NOT_APPLICABLE
AUSTIN_DRE_PHASE_3,AUSTIN_DOWNFALL_STATE_MODEL_V1,NCAAB_H2_1_AUSTIN_TRANSFER_V1,60f4f19f832f1746,NCAAB_20260110_CLEM_ND,KXNCAAMBGAME-26JAN10CLEMND-CLEM,H2_1,5,2026-01-11T00:15:34+00:00,2,480,UNRESOLVED,0,CI_UNAVAILABLE,SUPPORT_UNAVAILABLE,UNAVAILABLE,UNAVAILABLE,UNAVAILABLE,UNAVAILABLE,UNAVAILABLE,UNAVAILABLE,UNAVAILABLE,UNAVAILABLE,UNAVAILABLE,72,UNAVAILABLE,34-39,-5,UNAVAILABLE,UNAVAILABLE,UNAVAILABLE,480,UNAVAILABLE,UNAVAILABLE,UNAVAILABLE,UNAVAILABLE,0.30434782608695654,NOT_APPLICABLE
AUSTIN_DRE_PHASE_3,AUSTIN_DOWNFALL_STATE_MODEL_V1,NCAAB_H2_1_AUSTIN_TRANSFER_V1,60f4f19f832f1746,NCAAB_20260110_CLEM_ND,KXNCAAMBGAME-26JAN10CLEMND-CLEM,H2_1,6,2026-01-11T00:15:34+00:00,2,360,UNRESOLVED,0,CI_UNAVAILABLE,SUPPORT_UNAVAILABLE,UNAVAILABLE,UNAVAILABLE,UNAVAILABLE,UNAVAILABLE,UNAVAILABLE,UNAVAILABLE,UNAVAILABLE,UNAVAILABLE,UNAVAILABLE,72,UNAVAILABLE,34-39,-5,UNAVAILABLE,UNAVAILABLE,UNAVAILABLE,360,UNAVAILABLE,UNAVAILABLE,UNAVAILABLE,UNAVAILABLE,0.30434782608695654,NOT_APPLICABLE
AUSTIN_DRE_PHASE_3,AUSTIN_DOWNFALL_STATE_MODEL_V1,NCAAB_H2_1_AUSTIN_TRANSFER_V1,60f4f19f832f1746,NCAAB_20260110_CLEM_ND,KXNCAAMBGAME-26JAN10CLEMND-CLEM,H2_1,7,2026-01-11T00:15:34+00:00,2,240,UNRESOLVED,0,CI_UNAVAILABLE,SUPPORT_UNAVAILABLE,UNAVAILABLE,UNAVAILABLE,UNAVAILABLE,UNAVAILABLE,UNAVAILABLE,UNAVAILABLE,UNAVAILABLE,UNAVAILABLE,UNAVAILABLE,72,UNAVAILABLE,34-39,-5,UNAVAILABLE,UNAVAILABLE,UNAVAILABLE,240,UNAVAILABLE,UNAVAILABLE,UNAVAILABLE,UNAVAILABLE,0.30434782608695654,NOT_APPLICABLE
AUSTIN_DRE_PHASE_3,AUSTIN_DOWNFALL_STATE_MODEL_V1,NCAAB_H2_1_AUSTIN_TRANSFER_V1,60f4f19f832f1746,NCAAB_20260110_CLEM_ND,KXNCAAMBGAME-26JAN10CLEMND-CLEM,H2_1,8,2026-01-11T00:15:34+00:00,2,120,UNRESOLVED,0,CI_UNAVAILABLE,SUPPORT_UNAVAILABLE,UNAVAILABLE,UNAVAILABLE,UNAVAILABLE,UNAVAILABLE,UNAVAILABLE,UNAVAILABLE,UNAVAILABLE,UNAVAILABLE,UNAVAILABLE,72,UNAVAILABLE,34-39,-5,UNAVAILABLE,UNAVAILABLE,UNAVAILABLE,120,UNAVAILABLE,UNAVAILABLE,UNAVAILABLE,UNAVAILABLE,0.30434782608695654,NOT_APPLICABLE
AUSTIN_DRE_PHASE_3,AUSTIN_DOWNFALL_STATE_MODEL_V1,NCAAB_H2_1_AUSTIN_TRANSFER_V1,60f4f19f832f1746,NCAAB_20260110_CLEM_ND,KXNCAAMBGAME-26JAN10CLEMND-CLEM,H2_1,9,2026-01-11T01:17:40+00:00,2,0,HEALTHY,0,CI_POSITIVE,NORMAL_SUPPORT,15.899515793213505,8.0,20.0,15.899515793213505,0.0,UNAVAILABLE,UNAVAILABLE,UNAVAILABLE,UNAVAILABLE,99,19.0,61-76,-15,UNAVAILABLE,UNAVAILABLE,1119.0,0,24.914243299835558,25.0,0.5452679597039984,0.5460949451018873,1.0,VALUE
AUSTIN_DRE_PHASE_3,AUSTIN_DOWNFALL_STATE_MODEL_V1,NCAAB_H2_1_AUSTIN_TRANSFER_V1,d60e5522040abbfc,NCAAB_20260113_UVA_LOU,KXNCAAMBGAME-26JAN13UVALOU-UVA,H2_1,0,2026-01-14T01:33:19+00:00,2,720,HEALTHY,0,CI_CROSSES_ZERO,NORMAL_SUPPORT,10.403247482015844,-4.0,20.0,10.403247482015844,0.0,UNAVAILABLE,UNAVAILABLE,UNAVAILABLE,UNAVAILABLE,88,8.0,41-56,-15,UNAVAILABLE,UNAVAILABLE,39.0,720,23.569996664700927,25.0,0.5260882024037196,0.559170998734271,0.8405797101449275,VALUE
AUSTIN_DRE_PHASE_3,AUSTIN_DOWNFALL_STATE_MODEL_V1,NCAAB_H2_1_AUSTIN_TRANSFER_V1,d60e5522040abbfc,NCAAB_20260113_UVA_LOU,KXNCAAMBGAME-26JAN13UVALOU-UVA,H2_1,1,2026-01-14T01:06:14+00:00,2,600,UNRESOLVED,0,CI_UNAVAILABLE,SUPPORT_UNAVAILABLE,UNAVAILABLE,UNAVAILABLE,UNAVAILABLE,10.403247482015844,UNAVAILABLE,UNAVAILABLE,UNAVAILABLE,UNAVAILABLE,UNAVAILABLE,51,UNAVAILABLE,28-33,-5,UNAVAILABLE,UNAVAILABLE,UNAVAILABLE,600,UNAVAILABLE,UNAVAILABLE,UNAVAILABLE,UNAVAILABLE,0.30434782608695654,NOT_APPLICABLE
AUSTIN_DRE_PHASE_3,AUSTIN_DOWNFALL_STATE_MODEL_V1,NCAAB_H2_1_AUSTIN_TRANSFER_V1,d60e5522040abbfc,NCAAB_20260113_UVA_LOU,KXNCAAMBGAME-26JAN13UVALOU-UVA,H2_1,2,2026-01-14T01:06:14+00:00,2,480,UNRESOLVED,0,CI_UNAVAILABLE,SUPPORT_UNAVAILABLE,UNAVAILABLE,UNAVAILABLE,UNAVAILABLE,10.403247482015844,UNAVAILABLE,UNAVAILABLE,UNAVAILABLE,UNAVAILABLE,UNAVAILABLE,51,UNAVAILABLE,28-33,-5,UNAVAILABLE,UNAVAILABLE,UNAVAILABLE,480,UNAVAILABLE,UNAVAILABLE,UNAVAILABLE,UNAVAILABLE,0.30434782608695654,NOT_APPLICABLE
AUSTIN_DRE_PHASE_3,AUSTIN_DOWNFALL_STATE_MODEL_V1,NCAAB_H2_1_AUSTIN_TRANSFER_V1,d60e5522040abbfc,NCAAB_20260113_UVA_LOU,KXNCAAMBGAME-26JAN13UVALOU-UVA,H2_1,3,2026-01-14T01:06:14+00:00,2,360,UNRESOLVED,0,CI_UNAVAILABLE,SUPPORT_UNAVAILABLE,UNAVAILABLE,UNAVAILABLE,UNAVAILABLE,10.403247482015844,UNAVAILABLE,UNAVAILABLE,UNAVAILABLE,UNAVAILABLE,UNAVAILABLE,51,UNAVAILABLE,28-33,-5,UNAVAILABLE,UNAVAILABLE,UNAVAILABLE,360,UNAVAILABLE,UNAVAILABLE,UNAVAILABLE,UNAVAILABLE,0.30434782608695654,NOT_APPLICABLE
AUSTIN_DRE_PHASE_3,AUSTIN_DOWNFALL_STATE_MODEL_V1,NCAAB_H2_1_AUSTIN_TRANSFER_V1,d60e5522040abbfc,NCAAB_20260113_UVA_LOU,KXNCAAMBGAME-26JAN13UVALOU-UVA,H2_1,4,2026-01-14T01:06:14+00:00,2,240,UNRESOLVED,0,CI_UNAVAILABLE,SUPPORT_UNAVAILABLE,UNAVAILABLE,UNAVAILABLE,UNAVAILABLE,10.403247482015844,UNAVAILABLE,UNAVAILABLE,UNAVAILABLE,UNAVAILABLE,UNAVAILABLE,51,UNAVAILABLE,28-33,-5,UNAVAILABLE,UNAVAILABLE,UNAVAILABLE,240,UNAVAILABLE,UNAVAILABLE,UNAVAILABLE,UNAVAILABLE,0.30434782608695654,NOT_APPLICABLE
AUSTIN_DRE_PHASE_3,AUSTIN_DOWNFALL_STATE_MODEL_V1,NCAAB_H2_1_AUSTIN_TRANSFER_V1,d60e5522040abbfc,NCAAB_20260113_UVA_LOU,KXNCAAMBGAME-26JAN13UVALOU-UVA,H2_1,5,2026-01-14T01:06:14+00:00,2,120,UNRESOLVED,0,CI_UNAVAILABLE,SUPPORT_UNAVAILABLE,UNAVAILABLE,UNAVAILABLE,UNAVAILABLE,10.403247482015844,UNAVAILABLE,UNAVAILABLE,UNAVAILABLE,UNAVAILABLE,UNAVAILABLE,51,UNAVAILABLE,28-33,-5,UNAVAILABLE,UNAVAILABLE,UNAVAILABLE,120,UNAVAILABLE,UNAVAILABLE,UNAVAILABLE,UNAVAILABLE,0.30434782608695654,NOT_APPLICABLE
AUSTIN_DRE_PHASE_3,AUSTIN_DOWNFALL_STATE_MODEL_V1,NCAAB_H2_1_AUSTIN_TRANSFER_V1,d60e5522040abbfc,NCAAB_20260113_UVA_LOU,KXNCAAMBGAME-26JAN13UVALOU-UVA,H2_1,6,2026-01-14T02:22:42+00:00,2,0,HEALTHY,0,CI_POSITIVE,NORMAL_SUPPORT,19.999999999999996,20.0,20.0,10.403247482015844,9.596752517984152,10.403247482015844,9.596752517984152,0.7997293764986794,UNAVAILABLE,99,19.0,70-79,-9,UNAVAILABLE,UNAVAILABLE,759.0,0,24.867129979186917,25.0,0.6157215184922546,0.6354928021627033,1.0,VALUE
AUSTIN_DRE_PHASE_3,AUSTIN_DOWNFALL_STATE_MODEL_V1,NCAAB_H2_1_AUSTIN_TRANSFER_V1,33504dad9e8bb140,NCAAB_20260113_FSU_SYR,KXNCAAMBGAME-26JAN13FSUSYR-SYR,H2_1,0,2026-01-14T03:03:36+00:00,2,1080,UNRESOLVED,0,CI_UNAVAILABLE,SUPPORT_UNAVAILABLE,UNAVAILABLE,UNAVAILABLE,UNAVAILABLE,UNAVAILABLE,UNAVAILABLE,UNAVAILABLE,UNAVAILABLE,UNAVAILABLE,UNAVAILABLE,73,UNAVAILABLE,43-40,3,UNAVAILABLE,UNAVAILABLE,UNAVAILABLE,1080,UNAVAILABLE,UNAVAILABLE,UNAVAILABLE,UNAVAILABLE,0.30434782608695654,NOT_APPLICABLE
AUSTIN_DRE_PHASE_3,AUSTIN_DOWNFALL_STATE_MODEL_V1,NCAAB_H2_1_AUSTIN_TRANSFER_V1,33504dad9e8bb140,NCAAB_20260113_FSU_SYR,KXNCAAMBGAME-26JAN13FSUSYR-SYR,H2_1,1,2026-01-14T03:03:36+00:00,2,960,UNRESOLVED,0,CI_UNAVAILABLE,SUPPORT_UNAVAILABLE,UNAVAILABLE,UNAVAILABLE,UNAVAILABLE,UNAVAILABLE,UNAVAILABLE,UNAVAILABLE,UNAVAILABLE,UNAVAILABLE,UNAVAILABLE,73,UNAVAILABLE,43-40,3,UNAVAILABLE,UNAVAILABLE,UNAVAILABLE,960,UNAVAILABLE,UNAVAILABLE,UNAVAILABLE,UNAVAILABLE,0.30434782608695654,NOT_APPLICABLE
AUSTIN_DRE_PHASE_3,AUSTIN_DOWNFALL_STATE_MODEL_V1,NCAAB_H2_1_AUSTIN_TRANSFER_V1,33504dad9e8bb140,NCAAB_20260113_FSU_SYR,KXNCAAMBGAME-26JAN13FSUSYR-SYR,H2_1,2,2026-01-14T03:03:36+00:00,2,840,UNRESOLVED,0,CI_UNAVAILABLE,SUPPORT_UNAVAILABLE,UNAVAILABLE,UNAVAILABLE,UNAVAILABLE,UNAVAILABLE,UNAVAILABLE,UNAVAILABLE,UNAVAILABLE,UNAVAILABLE,UNAVAILABLE,73,UNAVAILABLE,43-40,3,UNAVAILABLE,UNAVAILABLE,UNAVAILABLE,840,UNAVAILABLE,UNAVAILABLE,UNAVAILABLE,UNAVAILABLE,0.30434782608695654,NOT_APPLICABLE
AUSTIN_DRE_PHASE_3,AUSTIN_DOWNFALL_STATE_MODEL_V1,NCAAB_H2_1_AUSTIN_TRANSFER_V1,33504dad9e8bb140,NCAAB_20260113_FSU_SYR,KXNCAAMBGAME-26JAN13FSUSYR-SYR,H2_1,3,2026-01-14T03:03:36+00:00,2,720,UNRESOLVED,0,CI_UNAVAILABLE,SUPPORT_UNAVAILABLE,UNAVAILABLE,UNAVAILABLE,UNAVAILABLE,UNAVAILABLE,UNAVAILABLE,UNAVAILABLE,UNAVAILABLE,UNAVAILABLE,UNAVAILABLE,73,UNAVAILABLE,43-40,3,UNAVAILABLE,UNAVAILABLE,UNAVAILABLE,720,UNAVAILABLE,UNAVAILABLE,UNAVAILABLE,UNAVAILABLE,0.30434782608695654,NOT_APPLICABLE
AUSTIN_DRE_PHASE_3,AUSTIN_DOWNFALL_STATE_MODEL_V1,NCAAB_H2_1_AUSTIN_TRANSFER_V1,33504dad9e8bb140,NCAAB_20260113_FSU_SYR,KXNCAAMBGAME-26JAN13FSUSYR-SYR,H2_1,4,2026-01-14T03:03:36+00:00,2,600,UNRESOLVED,0,CI_UNAVAILABLE,SUPPORT_UNAVAILABLE,UNAVAILABLE,UNAVAILABLE,UNAVAILABLE,UNAVAILABLE,UNAVAILABLE,UNAVAILABLE,UNAVAILABLE,UNAVAILABLE,UNAVAILABLE,73,UNAVAILABLE,43-40,3,UNAVAILABLE,UNAVAILABLE,UNAVAILABLE,600,UNAVAILABLE,UNAVAILABLE,UNAVAILABLE,UNAVAILABLE,0.30434782608695654,NOT_APPLICABLE
AUSTIN_DRE_PHASE_3,AUSTIN_DOWNFALL_STATE_MODEL_V1,NCAAB_H2_1_AUSTIN_TRANSFER_V1,33504dad9e8bb140,NCAAB_20260113_FSU_SYR,KXNCAAMBGAME-26JAN13FSUSYR-SYR,H2_1,5,2026-01-14T03:03:36+00:00,2,480,UNRESOLVED,0,CI_UNAVAILABLE,SUPPORT_UNAVAILABLE,UNAVAILABLE,UNAVAILABLE,UNAVAILABLE,UNAVAILABLE,UNAVAILABLE,UNAVAILABLE,UNAVAILABLE,UNAVAILABLE,UNAVAILABLE,73,UNAVAILABLE,43-40,3,UNAVAILABLE,UNAVAILABLE,UNAVAILABLE,480,UNAVAILABLE,UNAVAILABLE,UNAVAILABLE,UNAVAILABLE,0.30434782608695654,NOT_APPLICABLE
AUSTIN_DRE_PHASE_3,AUSTIN_DOWNFALL_STATE_MODEL_V1,NCAAB_H2_1_AUSTIN_TRANSFER_V1,33504dad9e8bb140,NCAAB_20260113_FSU_SYR,KXNCAAMBGAME-26JAN13FSUSYR-SYR,H2_1,6,2026-01-14T03:53:22+00:00,2,360,HEALTHY,0,CI_CROSSES_ZERO,NORMAL_SUPPORT,9.146440090544772,-4.0,20.0,9.146440090544772,0.0,UNAVAILABLE,UNAVAILABLE,UNAVAILABLE,UNAVAILABLE,80,0.0,82-75,7,UNAVAILABLE,UNAVAILABLE,803.0,360,24.6129263755281,25.0,0.3886780645660082,0.39063849317443006,1.0,VALUE
AUSTIN_DRE_PHASE_3,AUSTIN_DOWNFALL_STATE_MODEL_V1,NCAAB_H2_1_AUSTIN_TRANSFER_V1,33504dad9e8bb140,NCAAB_20260113_FSU_SYR,KXNCAAMBGAME-26JAN13FSUSYR-SYR,H2_1,7,2026-01-14T03:03:36+00:00,2,240,UNRESOLVED,0,CI_UNAVAILABLE,SUPPORT_UNAVAILABLE,UNAVAILABLE,UNAVAILABLE,UNAVAILABLE,9.146440090544772,UNAVAILABLE,UNAVAILABLE,UNAVAILABLE,UNAVAILABLE,UNAVAILABLE,73,UNAVAILABLE,43-40,3,UNAVAILABLE,UNAVAILABLE,UNAVAILABLE,240,UNAVAILABLE,UNAVAILABLE,UNAVAILABLE,UNAVAILABLE,0.30434782608695654,NOT_APPLICABLE
AUSTIN_DRE_PHASE_3,AUSTIN_DOWNFALL_STATE_MODEL_V1,NCAAB_H2_1_AUSTIN_TRANSFER_V1,33504dad9e8bb140,NCAAB_20260113_FSU_SYR,KXNCAAMBGAME-26JAN13FSUSYR-SYR,H2_1,8,2026-01-14T03:03:36+00:00,2,120,UNRESOLVED,0,CI_UNAVAILABLE,SUPPORT_UNAVAILABLE,UNAVAILABLE,UNAVAILABLE,UNAVAILABLE,9.146440090544772,UNAVAILABLE,UNAVAILABLE,UNAVAILABLE,UNAVAILABLE,UNAVAILABLE,73,UNAVAILABLE,43-40,3,UNAVAILABLE,UNAVAILABLE,UNAVAILABLE,120,UNAVAILABLE,UNAVAILABLE,UNAVAILABLE,UNAVAILABLE,0.30434782608695654,NOT_APPLICABLE
AUSTIN_DRE_PHASE_3,AUSTIN_DOWNFALL_STATE_MODEL_V1,NCAAB_H2_1_AUSTIN_TRANSFER_V1,33504dad9e8bb140,NCAAB_20260113_FSU_SYR,KXNCAAMBGAME-26JAN13FSUSYR-SYR,H2_1,9,2026-01-14T04:30:07+00:00,2,0,HEALTHY,0,CI_POSITIVE,NORMAL_SUPPORT,20.0,20.0,20.0,9.146440090544772,10.853559909455228,9.146440090544772,10.853559909455228,1.8089266515758713,UNAVAILABLE,99,19.0,94-86,8,UNAVAILABLE,UNAVAILABLE,1163.0,0,24.971585320940815,25.0,0.8096100580682167,0.8205826794242843,1.0,VALUE
AUSTIN_DRE_PHASE_3,AUSTIN_DOWNFALL_STATE_MODEL_V1,NCAAB_H2_1_AUSTIN_TRANSFER_V1,ee8d73683f535931,NCAAB_20260113_ALA_MSST,KXNCAAMBGAME-26JAN13ALAMSST-ALA,H2_1,0,2026-01-14T03:11:45+00:00,2,1080,UNRESOLVED,0,CI_UNAVAILABLE,SUPPORT_UNAVAILABLE,UNAVAILABLE,UNAVAILABLE,UNAVAILABLE,UNAVAILABLE,UNAVAILABLE,UNAVAILABLE,UNAVAILABLE,UNAVAILABLE,UNAVAILABLE,71,UNAVAILABLE,34-36,-2,UNAVAILABLE,UNAVAILABLE,UNAVAILABLE,1080,UNAVAILABLE,UNAVAILABLE,UNAVAILABLE,UNAVAILABLE,0.30434782608695654,NOT_APPLICABLE
AUSTIN_DRE_PHASE_3,AUSTIN_DOWNFALL_STATE_MODEL_V1,NCAAB_H2_1_AUSTIN_TRANSFER_V1,ee8d73683f535931,NCAAB_20260113_ALA_MSST,KXNCAAMBGAME-26JAN13ALAMSST-ALA,H2_1,1,2026-01-14T03:11:45+00:00,2,960,UNRESOLVED,0,CI_UNAVAILABLE,SUPPORT_UNAVAILABLE,UNAVAILABLE,UNAVAILABLE,UNAVAILABLE,UNAVAILABLE,UNAVAILABLE,UNAVAILABLE,UNAVAILABLE,UNAVAILABLE,UNAVAILABLE,71,UNAVAILABLE,34-36,-2,UNAVAILABLE,UNAVAILABLE,UNAVAILABLE,960,UNAVAILABLE,UNAVAILABLE,UNAVAILABLE,UNAVAILABLE,0.30434782608695654,NOT_APPLICABLE
AUSTIN_DRE_PHASE_3,AUSTIN_DOWNFALL_STATE_MODEL_V1,NCAAB_H2_1_AUSTIN_TRANSFER_V1,ee8d73683f535931,NCAAB_20260113_ALA_MSST,KXNCAAMBGAME-26JAN13ALAMSST-ALA,H2_1,2,2026-01-14T03:34:58+00:00,2,840,HEALTHY,0,CI_CROSSES_ZERO,NORMAL_SUPPORT,5.96322404207766,-8.0,20.0,5.96322404207766,0.0,UNAVAILABLE,UNAVAILABLE,UNAVAILABLE,UNAVAILABLE,95,11.0,42-57,-15,UNAVAILABLE,UNAVAILABLE,268.0,840,23.828439564463178,25.0,0.7897764071308923,0.8254713441938616,0.9710144927536232,VALUE
AUSTIN_DRE_PHASE_3,AUSTIN_DOWNFALL_STATE_MODEL_V1,NCAAB_H2_1_AUSTIN_TRANSFER_V1,ee8d73683f535931,NCAAB_20260113_ALA_MSST,KXNCAAMBGAME-26JAN13ALAMSST-ALA,H2_1,3,2026-01-14T03:42:08+00:00,2,720,HEALTHY,0,CI_POSITIVE,NORMAL_SUPPORT,20.000000000000004,20.0,20.0,5.96322404207766,14.036775957922345,5.96322404207766,14.036775957922345,7.018387978961172,UNAVAILABLE,93,9.0,52-62,-10,UNAVAILABLE,UNAVAILABLE,388.0,720,24.296034643385656,25.0,0.6574004999525631,0.6768484155697241,0.9855072463768116,VALUE
AUSTIN_DRE_PHASE_3,AUSTIN_DOWNFALL_STATE_MODEL_V1,NCAAB_H2_1_AUSTIN_TRANSFER_V1,ee8d73683f535931,NCAAB_20260113_ALA_MSST,KXNCAAMBGAME-26JAN13ALAMSST-ALA,H2_1,4,2026-01-14T03:11:45+00:00,2,600,UNRESOLVED,0,CI_UNAVAILABLE,SUPPORT_UNAVAILABLE,UNAVAILABLE,UNAVAILABLE,UNAVAILABLE,5.96322404207766,UNAVAILABLE,5.96322404207766,UNAVAILABLE,UNAVAILABLE,UNAVAILABLE,71,UNAVAILABLE,34-36,-2,UNAVAILABLE,UNAVAILABLE,UNAVAILABLE,600,UNAVAILABLE,UNAVAILABLE,UNAVAILABLE,UNAVAILABLE,0.30434782608695654,NOT_APPLICABLE
AUSTIN_DRE_PHASE_3,AUSTIN_DOWNFALL_STATE_MODEL_V1,NCAAB_H2_1_AUSTIN_TRANSFER_V1,ee8d73683f535931,NCAAB_20260113_ALA_MSST,KXNCAAMBGAME-26JAN13ALAMSST-ALA,H2_1,5,2026-01-14T03:11:45+00:00,2,480,UNRESOLVED,0,CI_UNAVAILABLE,SUPPORT_UNAVAILABLE,UNAVAILABLE,UNAVAILABLE,UNAVAILABLE,5.96322404207766,UNAVAILABLE,5.96322404207766,UNAVAILABLE,UNAVAILABLE,UNAVAILABLE,71,UNAVAILABLE,34-36,-2,UNAVAILABLE,UNAVAILABLE,UNAVAILABLE,480,UNAVAILABLE,UNAVAILABLE,UNAVAILABLE,UNAVAILABLE,0.30434782608695654,NOT_APPLICABLE
AUSTIN_DRE_PHASE_3,AUSTIN_DOWNFALL_STATE_MODEL_V1,NCAAB_H2_1_AUSTIN_TRANSFER_V1,ee8d73683f535931,NCAAB_20260113_ALA_MSST,KXNCAAMBGAME-26JAN13ALAMSST-ALA,H2_1,6,2026-01-14T03:11:45+00:00,2,360,UNRESOLVED,0,CI_UNAVAILABLE,SUPPORT_UNAVAILABLE,UNAVAILABLE,UNAVAILABLE,UNAVAILABLE,5.96322404207766,UNAVAILABLE,5.96322404207766,UNAVAILABLE,UNAVAILABLE,UNAVAILABLE,71,UNAVAILABLE,34-36,-2,UNAVAILABLE,UNAVAILABLE,UNAVAILABLE,360,UNAVAILABLE,UNAVAILABLE,UNAVAILABLE,UNAVAILABLE,0.30434782608695654,NOT_APPLICABLE
AUSTIN_DRE_PHASE_3,AUSTIN_DOWNFALL_STATE_MODEL_V1,NCAAB_H2_1_AUSTIN_TRANSFER_V1,ee8d73683f535931,NCAAB_20260113_ALA_MSST,KXNCAAMBGAME-26JAN13ALAMSST-ALA,H2_1,7,2026-01-14T03:11:45+00:00,2,240,UNRESOLVED,0,CI_UNAVAILABLE,SUPPORT_UNAVAILABLE,UNAVAILABLE,UNAVAILABLE,UNAVAILABLE,5.96322404207766,UNAVAILABLE,5.96322404207766,UNAVAILABLE,UNAVAILABLE,UNAVAILABLE,71,UNAVAILABLE,34-36,-2,UNAVAILABLE,UNAVAILABLE,UNAVAILABLE,240,UNAVAILABLE,UNAVAILABLE,UNAVAILABLE,UNAVAILABLE,0.30434782608695654,NOT_APPLICABLE
AUSTIN_DRE_PHASE_3,AUSTIN_DOWNFALL_STATE_MODEL_V1,NCAAB_H2_1_AUSTIN_TRANSFER_V1,ee8d73683f535931,NCAAB_20260113_ALA_MSST,KXNCAAMBGAME-26JAN13ALAMSST-ALA,H2_1,8,2026-01-14T03:11:45+00:00,2,120,UNRESOLVED,0,CI_UNAVAILABLE,SUPPORT_UNAVAILABLE,UNAVAILABLE,UNAVAILABLE,UNAVAILABLE,5.96322404207766,UNAVAILABLE,5.96322404207766,UNAVAILABLE,UNAVAILABLE,UNAVAILABLE,71,UNAVAILABLE,34-36,-2,UNAVAILABLE,UNAVAILABLE,UNAVAILABLE,120,UNAVAILABLE,UNAVAILABLE,UNAVAILABLE,UNAVAILABLE,0.30434782608695654,NOT_APPLICABLE
AUSTIN_DRE_PHASE_3,AUSTIN_DOWNFALL_STATE_MODEL_V1,NCAAB_H2_1_AUSTIN_TRANSFER_V1,ee8d73683f535931,NCAAB_20260113_ALA_MSST,KXNCAAMBGAME-26JAN13ALAMSST-ALA,H2_1,9,2026-01-14T04:18:26+00:00,2,0,HEALTHY,0,CI_POSITIVE,NORMAL_SUPPORT,20.0,20.0,20.0,5.96322404207766,14.036775957922341,20.000000000000004,-3.552713678800501e-15,-2.9605947323337506e-16,-0.5848656649134311,99,15.0,82-97,-15,UNAVAILABLE,UNAVAILABLE,1108.0,0,24.57204048839995,25.0,0.874424588698195,0.9278045961309292,1.0,VALUE
AUSTIN_DRE_PHASE_3,AUSTIN_DOWNFALL_STATE_MODEL_V1,NCAAB_H2_1_AUSTIN_TRANSFER_V1,619f160a076816c9,NCAAB_20260114_AUB_MIZZ,KXNCAAMBGAME-26JAN14AUBMIZZ-MIZZ,H2_1,0,2026-01-15T01:02:38+00:00,2,720,UNRESOLVED,0,CI_UNAVAILABLE,SUPPORT_UNAVAILABLE,UNAVAILABLE,UNAVAILABLE,UNAVAILABLE,UNAVAILABLE,UNAVAILABLE,UNAVAILABLE,UNAVAILABLE,UNAVAILABLE,UNAVAILABLE,59,UNAVAILABLE,38-34,4,UNAVAILABLE,UNAVAILABLE,UNAVAILABLE,720,UNAVAILABLE,UNAVAILABLE,UNAVAILABLE,UNAVAILABLE,0.30434782608695654,NOT_APPLICABLE
AUSTIN_DRE_PHASE_3,AUSTIN_DOWNFALL_STATE_MODEL_V1,NCAAB_H2_1_AUSTIN_TRANSFER_V1,619f160a076816c9,NCAAB_20260114_AUB_MIZZ,KXNCAAMBGAME-26JAN14AUBMIZZ-MIZZ,H2_1,1,2026-01-15T01:02:38+00:00,2,600,UNRESOLVED,0,CI_UNAVAILABLE,SUPPORT_UNAVAILABLE,UNAVAILABLE,UNAVAILABLE,UNAVAILABLE,UNAVAILABLE,UNAVAILABLE,UNAVAILABLE,UNAVAILABLE,UNAVAILABLE,UNAVAILABLE,59,UNAVAILABLE,38-34,4,UNAVAILABLE,UNAVAILABLE,UNAVAILABLE,600,UNAVAILABLE,UNAVAILABLE,UNAVAILABLE,UNAVAILABLE,0.30434782608695654,NOT_APPLICABLE
AUSTIN_DRE_PHASE_3,AUSTIN_DOWNFALL_STATE_MODEL_V1,NCAAB_H2_1_AUSTIN_TRANSFER_V1,619f160a076816c9,NCAAB_20260114_AUB_MIZZ,KXNCAAMBGAME-26JAN14AUBMIZZ-MIZZ,H2_1,2,2026-01-15T01:02:38+00:00,2,480,UNRESOLVED,0,CI_UNAVAILABLE,SUPPORT_UNAVAILABLE,UNAVAILABLE,UNAVAILABLE,UNAVAILABLE,UNAVAILABLE,UNAVAILABLE,UNAVAILABLE,UNAVAILABLE,UNAVAILABLE,UNAVAILABLE,59,UNAVAILABLE,38-34,4,UNAVAILABLE,UNAVAILABLE,UNAVAILABLE,480,UNAVAILABLE,UNAVAILABLE,UNAVAILABLE,UNAVAILABLE,0.30434782608695654,NOT_APPLICABLE
AUSTIN_DRE_PHASE_3,AUSTIN_DOWNFALL_STATE_MODEL_V1,NCAAB_H2_1_AUSTIN_TRANSFER_V1,619f160a076816c9,NCAAB_20260114_AUB_MIZZ,KXNCAAMBGAME-26JAN14AUBMIZZ-MIZZ,H2_1,3,2026-01-15T01:02:38+00:00,2,360,UNRESOLVED,0,CI_UNAVAILABLE,SUPPORT_UNAVAILABLE,UNAVAILABLE,UNAVAILABLE,UNAVAILABLE,UNAVAILABLE,UNAVAILABLE,UNAVAILABLE,UNAVAILABLE,UNAVAILABLE,UNAVAILABLE,59,UNAVAILABLE,38-34,4,UNAVAILABLE,UNAVAILABLE,UNAVAILABLE,360,UNAVAILABLE,UNAVAILABLE,UNAVAILABLE,UNAVAILABLE,0.30434782608695654,NOT_APPLICABLE
AUSTIN_DRE_PHASE_3,AUSTIN_DOWNFALL_STATE_MODEL_V1,NCAAB_H2_1_AUSTIN_TRANSFER_V1,619f160a076816c9,NCAAB_20260114_AUB_MIZZ,KXNCAAMBGAME-26JAN14AUBMIZZ-MIZZ,H2_1,4,2026-01-15T01:02:38+00:00,2,240,UNRESOLVED,0,CI_UNAVAILABLE,SUPPORT_UNAVAILABLE,UNAVAILABLE,UNAVAILABLE,UNAVAILABLE,UNAVAILABLE,UNAVAILABLE,UNAVAILABLE,UNAVAILABLE,UNAVAILABLE,UNAVAILABLE,59,UNAVAILABLE,38-34,4,UNAVAILABLE,UNAVAILABLE,UNAVAILABLE,240,UNAVAILABLE,UNAVAILABLE,UNAVAILABLE,UNAVAILABLE,0.30434782608695654,NOT_APPLICABLE
AUSTIN_DRE_PHASE_3,AUSTIN_DOWNFALL_STATE_MODEL_V1,NCAAB_H2_1_AUSTIN_TRANSFER_V1,619f160a076816c9,NCAAB_20260114_AUB_MIZZ,KXNCAAMBGAME-26JAN14AUBMIZZ-MIZZ,H2_1,5,2026-01-15T01:02:38+00:00,2,120,UNRESOLVED,0,CI_UNAVAILABLE,SUPPORT_UNAVAILABLE,UNAVAILABLE,UNAVAILABLE,UNAVAILABLE,UNAVAILABLE,UNAVAILABLE,UNAVAILABLE,UNAVAILABLE,UNAVAILABLE,UNAVAILABLE,59,UNAVAILABLE,38-34,4,UNAVAILABLE,UNAVAILABLE,UNAVAILABLE,120,UNAVAILABLE,UNAVAILABLE,UNAVAILABLE,UNAVAILABLE,0.30434782608695654,NOT_APPLICABLE
AUSTIN_DRE_PHASE_3,AUSTIN_DOWNFALL_STATE_MODEL_V1,NCAAB_H2_1_AUSTIN_TRANSFER_V1,e58146cb09862306,NCAAB_20260117_ISU_CIN,KXNCAAMBGAME-26JAN17ISUCIN-CIN,H2_1,0,2026-01-17T20:05:26+00:00,2,600,UNRESOLVED,0,CI_UNAVAILABLE,SUPPORT_UNAVAILABLE,UNAVAILABLE,UNAVAILABLE,UNAVAILABLE,UNAVAILABLE,UNAVAILABLE,UNAVAILABLE,UNAVAILABLE,UNAVAILABLE,UNAVAILABLE,39,UNAVAILABLE,35-31,4,UNAVAILABLE,UNAVAILABLE,UNAVAILABLE,600,UNAVAILABLE,UNAVAILABLE,UNAVAILABLE,UNAVAILABLE,0.30434782608695654,NOT_APPLICABLE
AUSTIN_DRE_PHASE_3,AUSTIN_DOWNFALL_STATE_MODEL_V1,NCAAB_H2_1_AUSTIN_TRANSFER_V1,e58146cb09862306,NCAAB_20260117_ISU_CIN,KXNCAAMBGAME-26JAN17ISUCIN-CIN,H2_1,1,2026-01-17T20:05:26+00:00,2,480,UNRESOLVED,0,CI_UNAVAILABLE,SUPPORT_UNAVAILABLE,UNAVAILABLE,UNAVAILABLE,UNAVAILABLE,UNAVAILABLE,UNAVAILABLE,UNAVAILABLE,UNAVAILABLE,UNAVAILABLE,UNAVAILABLE,39,UNAVAILABLE,35-31,4,UNAVAILABLE,UNAVAILABLE,UNAVAILABLE,480,UNAVAILABLE,UNAVAILABLE,UNAVAILABLE,UNAVAILABLE,0.30434782608695654,NOT_APPLICABLE
AUSTIN_DRE_PHASE_3,AUSTIN_DOWNFALL_STATE_MODEL_V1,NCAAB_H2_1_AUSTIN_TRANSFER_V1,e58146cb09862306,NCAAB_20260117_ISU_CIN,KXNCAAMBGAME-26JAN17ISUCIN-CIN,H2_1,2,2026-01-17T20:43:14+00:00,2,360,HEALTHY,0,CI_POSITIVE,NORMAL_SUPPORT,20.0,20.0,20.0,20.0,0.0,UNAVAILABLE,UNAVAILABLE,UNAVAILABLE,UNAVAILABLE,91,9.0,69-56,13,UNAVAILABLE,UNAVAILABLE,312.0,360,21.43632070832022,25.0,0.5670696044170345,0.5559628893844696,0.9855072463768116,VALUE
AUSTIN_DRE_PHASE_3,AUSTIN_DOWNFALL_STATE_MODEL_V1,NCAAB_H2_1_AUSTIN_TRANSFER_V1,e58146cb09862306,NCAAB_20260117_ISU_CIN,KXNCAAMBGAME-26JAN17ISUCIN-CIN,H2_1,3,2026-01-17T20:05:26+00:00,2,240,UNRESOLVED,0,CI_UNAVAILABLE,SUPPORT_UNAVAILABLE,UNAVAILABLE,UNAVAILABLE,UNAVAILABLE,20.0,UNAVAILABLE,UNAVAILABLE,UNAVAILABLE,UNAVAILABLE,UNAVAILABLE,39,UNAVAILABLE,35-31,4,UNAVAILABLE,UNAVAILABLE,UNAVAILABLE,240,UNAVAILABLE,UNAVAILABLE,UNAVAILABLE,UNAVAILABLE,0.30434782608695654,NOT_APPLICABLE
AUSTIN_DRE_PHASE_3,AUSTIN_DOWNFALL_STATE_MODEL_V1,NCAAB_H2_1_AUSTIN_TRANSFER_V1,e58146cb09862306,NCAAB_20260117_ISU_CIN,KXNCAAMBGAME-26JAN17ISUCIN-CIN,H2_1,4,2026-01-17T20:05:26+00:00,2,120,UNRESOLVED,0,CI_UNAVAILABLE,SUPPORT_UNAVAILABLE,UNAVAILABLE,UNAVAILABLE,UNAVAILABLE,20.0,UNAVAILABLE,UNAVAILABLE,UNAVAILABLE,UNAVAILABLE,UNAVAILABLE,39,UNAVAILABLE,35-31,4,UNAVAILABLE,UNAVAILABLE,UNAVAILABLE,120,UNAVAILABLE,UNAVAILABLE,UNAVAILABLE,UNAVAILABLE,0.30434782608695654,NOT_APPLICABLE
AUSTIN_DRE_PHASE_3,AUSTIN_DOWNFALL_STATE_MODEL_V1,NCAAB_H2_1_AUSTIN_TRANSFER_V1,e58146cb09862306,NCAAB_20260117_ISU_CIN,KXNCAAMBGAME-26JAN17ISUCIN-CIN,H2_1,5,2026-01-17T21:01:25+00:00,2,0,HEALTHY,0,CI_POSITIVE,NORMAL_SUPPORT,15.710872881031714,8.0,20.0,20.0,-4.2891271189682865,20.0,-4.2891271189682865,-0.7148545198280477,UNAVAILABLE,99,17.0,79-70,9,UNAVAILABLE,UNAVAILABLE,672.0,0,24.58542899497882,25.0,0.6737953902750565,0.6154823058379782,1.0,VALUE
AUSTIN_DRE_PHASE_3,AUSTIN_DOWNFALL_STATE_MODEL_V1,NCAAB_H2_1_AUSTIN_TRANSFER_V1,fe2407acb0aad4fc,NCAAB_20260117_NEB_NW,KXNCAAMBGAME-26JAN17NEBNW-NEB,H2_1,0,2026-01-17T22:01:31+00:00,2,1080,UNRESOLVED,0,CI_UNAVAILABLE,SUPPORT_UNAVAILABLE,UNAVAILABLE,UNAVAILABLE,UNAVAILABLE,UNAVAILABLE,UNAVAILABLE,UNAVAILABLE,UNAVAILABLE,UNAVAILABLE,UNAVAILABLE,76,UNAVAILABLE,29-34,-5,UNAVAILABLE,UNAVAILABLE,UNAVAILABLE,1080,UNAVAILABLE,UNAVAILABLE,UNAVAILABLE,UNAVAILABLE,0.30434782608695654,NOT_APPLICABLE
AUSTIN_DRE_PHASE_3,AUSTIN_DOWNFALL_STATE_MODEL_V1,NCAAB_H2_1_AUSTIN_TRANSFER_V1,fe2407acb0aad4fc,NCAAB_20260117_NEB_NW,KXNCAAMBGAME-26JAN17NEBNW-NEB,H2_1,1,2026-01-17T22:01:31+00:00,2,960,UNRESOLVED,0,CI_UNAVAILABLE,SUPPORT_UNAVAILABLE,UNAVAILABLE,UNAVAILABLE,UNAVAILABLE,UNAVAILABLE,UNAVAILABLE,UNAVAILABLE,UNAVAILABLE,UNAVAILABLE,UNAVAILABLE,76,UNAVAILABLE,29-34,-5,UNAVAILABLE,UNAVAILABLE,UNAVAILABLE,960,UNAVAILABLE,UNAVAILABLE,UNAVAILABLE,UNAVAILABLE,0.30434782608695654,NOT_APPLICABLE
AUSTIN_DRE_PHASE_3,AUSTIN_DOWNFALL_STATE_MODEL_V1,NCAAB_H2_1_AUSTIN_TRANSFER_V1,fe2407acb0aad4fc,NCAAB_20260117_NEB_NW,KXNCAAMBGAME-26JAN17NEBNW-NEB,H2_1,2,2026-01-17T22:01:31+00:00,2,840,UNRESOLVED,0,CI_UNAVAILABLE,SUPPORT_UNAVAILABLE,UNAVAILABLE,UNAVAILABLE,UNAVAILABLE,UNAVAILABLE,UNAVAILABLE,UNAVAILABLE,UNAVAILABLE,UNAVAILABLE,UNAVAILABLE,76,UNAVAILABLE,29-34,-5,UNAVAILABLE,UNAVAILABLE,UNAVAILABLE,840,UNAVAILABLE,UNAVAILABLE,UNAVAILABLE,UNAVAILABLE,0.30434782608695654,NOT_APPLICABLE
AUSTIN_DRE_PHASE_3,AUSTIN_DOWNFALL_STATE_MODEL_V1,NCAAB_H2_1_AUSTIN_TRANSFER_V1,fe2407acb0aad4fc,NCAAB_20260117_NEB_NW,KXNCAAMBGAME-26JAN17NEBNW-NEB,H2_1,3,2026-01-17T22:01:31+00:00,2,720,UNRESOLVED,0,CI_UNAVAILABLE,SUPPORT_UNAVAILABLE,UNAVAILABLE,UNAVAILABLE,UNAVAILABLE,UNAVAILABLE,UNAVAILABLE,UNAVAILABLE,UNAVAILABLE,UNAVAILABLE,UNAVAILABLE,76,UNAVAILABLE,29-34,-5,UNAVAILABLE,UNAVAILABLE,UNAVAILABLE,720,UNAVAILABLE,UNAVAILABLE,UNAVAILABLE,UNAVAILABLE,0.30434782608695654,NOT_APPLICABLE
AUSTIN_DRE_PHASE_3,AUSTIN_DOWNFALL_STATE_MODEL_V1,NCAAB_H2_1_AUSTIN_TRANSFER_V1,fe2407acb0aad4fc,NCAAB_20260117_NEB_NW,KXNCAAMBGAME-26JAN17NEBNW-NEB,H2_1,4,2026-01-17T22:01:31+00:00,2,600,UNRESOLVED,0,CI_UNAVAILABLE,SUPPORT_UNAVAILABLE,UNAVAILABLE,UNAVAILABLE,UNAVAILABLE,UNAVAILABLE,UNAVAILABLE,UNAVAILABLE,UNAVAILABLE,UNAVAILABLE,UNAVAILABLE,76,UNAVAILABLE,29-34,-5,UNAVAILABLE,UNAVAILABLE,UNAVAILABLE,600,UNAVAILABLE,UNAVAILABLE,UNAVAILABLE,UNAVAILABLE,0.30434782608695654,NOT_APPLICABLE
AUSTIN_DRE_PHASE_3,AUSTIN_DOWNFALL_STATE_MODEL_V1,NCAAB_H2_1_AUSTIN_TRANSFER_V1,fe2407acb0aad4fc,NCAAB_20260117_NEB_NW,KXNCAAMBGAME-26JAN17NEBNW-NEB,H2_1,5,2026-01-17T22:01:31+00:00,2,480,UNRESOLVED,0,CI_UNAVAILABLE,SUPPORT_UNAVAILABLE,UNAVAILABLE,UNAVAILABLE,UNAVAILABLE,UNAVAILABLE,UNAVAILABLE,UNAVAILABLE,UNAVAILABLE,UNAVAILABLE,UNAVAILABLE,76,UNAVAILABLE,29-34,-5,UNAVAILABLE,UNAVAILABLE,UNAVAILABLE,480,UNAVAILABLE,UNAVAILABLE,UNAVAILABLE,UNAVAILABLE,0.30434782608695654,NOT_APPLICABLE
AUSTIN_DRE_PHASE_3,AUSTIN_DOWNFALL_STATE_MODEL_V1,NCAAB_H2_1_AUSTIN_TRANSFER_V1,fe2407acb0aad4fc,NCAAB_20260117_NEB_NW,KXNCAAMBGAME-26JAN17NEBNW-NEB,H2_1,6,2026-01-17T22:01:31+00:00,2,360,UNRESOLVED,0,CI_UNAVAILABLE,SUPPORT_UNAVAILABLE,UNAVAILABLE,UNAVAILABLE,UNAVAILABLE,UNAVAILABLE,UNAVAILABLE,UNAVAILABLE,UNAVAILABLE,UNAVAILABLE,UNAVAILABLE,76,UNAVAILABLE,29-34,-5,UNAVAILABLE,UNAVAILABLE,UNAVAILABLE,360,UNAVAILABLE,UNAVAILABLE,UNAVAILABLE,UNAVAILABLE,0.30434782608695654,NOT_APPLICABLE
AUSTIN_DRE_PHASE_3,AUSTIN_DOWNFALL_STATE_MODEL_V1,NCAAB_H2_1_AUSTIN_TRANSFER_V1,fe2407acb0aad4fc,NCAAB_20260117_NEB_NW,KXNCAAMBGAME-26JAN17NEBNW-NEB,H2_1,7,2026-01-17T22:01:31+00:00,2,240,UNRESOLVED,0,CI_UNAVAILABLE,SUPPORT_UNAVAILABLE,UNAVAILABLE,UNAVAILABLE,UNAVAILABLE,UNAVAILABLE,UNAVAILABLE,UNAVAILABLE,UNAVAILABLE,UNAVAILABLE,UNAVAILABLE,76,UNAVAILABLE,29-34,-5,UNAVAILABLE,UNAVAILABLE,UNAVAILABLE,240,UNAVAILABLE,UNAVAILABLE,UNAVAILABLE,UNAVAILABLE,0.30434782608695654,NOT_APPLICABLE
AUSTIN_DRE_PHASE_3,AUSTIN_DOWNFALL_STATE_MODEL_V1,NCAAB_H2_1_AUSTIN_TRANSFER_V1,fe2407acb0aad4fc,NCAAB_20260117_NEB_NW,KXNCAAMBGAME-26JAN17NEBNW-NEB,H2_1,8,2026-01-17T22:01:31+00:00,2,120,UNRESOLVED,0,CI_UNAVAILABLE,SUPPORT_UNAVAILABLE,UNAVAILABLE,UNAVAILABLE,UNAVAILABLE,UNAVAILABLE,UNAVAILABLE,UNAVAILABLE,UNAVAILABLE,UNAVAILABLE,UNAVAILABLE,76,UNAVAILABLE,29-34,-5,UNAVAILABLE,UNAVAILABLE,UNAVAILABLE,120,UNAVAILABLE,UNAVAILABLE,UNAVAILABLE,UNAVAILABLE,0.30434782608695654,NOT_APPLICABLE
AUSTIN_DRE_PHASE_3,AUSTIN_DOWNFALL_STATE_MODEL_V1,NCAAB_H2_1_AUSTIN_TRANSFER_V1,fe2407acb0aad4fc,NCAAB_20260117_NEB_NW,KXNCAAMBGAME-26JAN17NEBNW-NEB,H2_1,9,2026-01-17T22:48:42+00:00,2,0,HEALTHY,0,CI_POSITIVE,NORMAL_SUPPORT,20.0,20.0,20.0,20.0,0.0,UNAVAILABLE,UNAVAILABLE,UNAVAILABLE,UNAVAILABLE,99,19.0,58-77,-19,UNAVAILABLE,UNAVAILABLE,1104.0,0,24.95534528163903,25.0,0.4783375973060833,0.4697506044001838,1.0,VALUE
AUSTIN_DRE_PHASE_3,AUSTIN_DOWNFALL_STATE_MODEL_V1,NCAAB_H2_1_AUSTIN_TRANSFER_V1,e3beafaf142f0774,NCAAB_20260117_TXAM_TEX,KXNCAAMBGAME-26JAN17TXAMTEX-TXAM,H2_1,0,2026-01-18T00:16:33+00:00,2,720,UNRESOLVED,0,CI_UNAVAILABLE,SUPPORT_UNAVAILABLE,UNAVAILABLE,UNAVAILABLE,UNAVAILABLE,UNAVAILABLE,UNAVAILABLE,UNAVAILABLE,UNAVAILABLE,UNAVAILABLE,UNAVAILABLE,41,UNAVAILABLE,29-29,0,UNAVAILABLE,UNAVAILABLE,UNAVAILABLE,720,UNAVAILABLE,UNAVAILABLE,UNAVAILABLE,UNAVAILABLE,0.30434782608695654,NOT_APPLICABLE
AUSTIN_DRE_PHASE_3,AUSTIN_DOWNFALL_STATE_MODEL_V1,NCAAB_H2_1_AUSTIN_TRANSFER_V1,e3beafaf142f0774,NCAAB_20260117_TXAM_TEX,KXNCAAMBGAME-26JAN17TXAMTEX-TXAM,H2_1,1,2026-01-18T00:16:33+00:00,2,600,UNRESOLVED,0,CI_UNAVAILABLE,SUPPORT_UNAVAILABLE,UNAVAILABLE,UNAVAILABLE,UNAVAILABLE,UNAVAILABLE,UNAVAILABLE,UNAVAILABLE,UNAVAILABLE,UNAVAILABLE,UNAVAILABLE,41,UNAVAILABLE,29-29,0,UNAVAILABLE,UNAVAILABLE,UNAVAILABLE,600,UNAVAILABLE,UNAVAILABLE,UNAVAILABLE,UNAVAILABLE,0.30434782608695654,NOT_APPLICABLE
AUSTIN_DRE_PHASE_3,AUSTIN_DOWNFALL_STATE_MODEL_V1,NCAAB_H2_1_AUSTIN_TRANSFER_V1,e3beafaf142f0774,NCAAB_20260117_TXAM_TEX,KXNCAAMBGAME-26JAN17TXAMTEX-TXAM,H2_1,2,2026-01-18T00:16:33+00:00,2,480,UNRESOLVED,0,CI_UNAVAILABLE,SUPPORT_UNAVAILABLE,UNAVAILABLE,UNAVAILABLE,UNAVAILABLE,UNAVAILABLE,UNAVAILABLE,UNAVAILABLE,UNAVAILABLE,UNAVAILABLE,UNAVAILABLE,41,UNAVAILABLE,29-29,0,UNAVAILABLE,UNAVAILABLE,UNAVAILABLE,480,UNAVAILABLE,UNAVAILABLE,UNAVAILABLE,UNAVAILABLE,0.30434782608695654,NOT_APPLICABLE
AUSTIN_DRE_PHASE_3,AUSTIN_DOWNFALL_STATE_MODEL_V1,NCAAB_H2_1_AUSTIN_TRANSFER_V1,e3beafaf142f0774,NCAAB_20260117_TXAM_TEX,KXNCAAMBGAME-26JAN17TXAMTEX-TXAM,H2_1,3,2026-01-18T00:16:33+00:00,2,360,UNRESOLVED,0,CI_UNAVAILABLE,SUPPORT_UNAVAILABLE,UNAVAILABLE,UNAVAILABLE,UNAVAILABLE,UNAVAILABLE,UNAVAILABLE,UNAVAILABLE,UNAVAILABLE,UNAVAILABLE,UNAVAILABLE,41,UNAVAILABLE,29-29,0,UNAVAILABLE,UNAVAILABLE,UNAVAILABLE,360,UNAVAILABLE,UNAVAILABLE,UNAVAILABLE,UNAVAILABLE,0.30434782608695654,NOT_APPLICABLE
AUSTIN_DRE_PHASE_3,AUSTIN_DOWNFALL_STATE_MODEL_V1,NCAAB_H2_1_AUSTIN_TRANSFER_V1,e3beafaf142f0774,NCAAB_20260117_TXAM_TEX,KXNCAAMBGAME-26JAN17TXAMTEX-TXAM,H2_1,4,2026-01-18T00:16:33+00:00,2,240,UNRESOLVED,0,CI_UNAVAILABLE,SUPPORT_UNAVAILABLE,UNAVAILABLE,UNAVAILABLE,UNAVAILABLE,UNAVAILABLE,UNAVAILABLE,UNAVAILABLE,UNAVAILABLE,UNAVAILABLE,UNAVAILABLE,41,UNAVAILABLE,29-29,0,UNAVAILABLE,UNAVAILABLE,UNAVAILABLE,240,UNAVAILABLE,UNAVAILABLE,UNAVAILABLE,UNAVAILABLE,0.30434782608695654,NOT_APPLICABLE
AUSTIN_DRE_PHASE_3,AUSTIN_DOWNFALL_STATE_MODEL_V1,NCAAB_H2_1_AUSTIN_TRANSFER_V1,e3beafaf142f0774,NCAAB_20260117_TXAM_TEX,KXNCAAMBGAME-26JAN17TXAMTEX-TXAM,H2_1,5,2026-01-18T00:16:33+00:00,2,120,UNRESOLVED,0,CI_UNAVAILABLE,SUPPORT_UNAVAILABLE,UNAVAILABLE,UNAVAILABLE,UNAVAILABLE,UNAVAILABLE,UNAVAILABLE,UNAVAILABLE,UNAVAILABLE,UNAVAILABLE,UNAVAILABLE,41,UNAVAILABLE,29-29,0,UNAVAILABLE,UNAVAILABLE,UNAVAILABLE,120,UNAVAILABLE,UNAVAILABLE,UNAVAILABLE,UNAVAILABLE,0.30434782608695654,NOT_APPLICABLE
AUSTIN_DRE_PHASE_3,AUSTIN_DOWNFALL_STATE_MODEL_V1,NCAAB_H2_1_AUSTIN_TRANSFER_V1,96559bc4be35b718,NCAAB_20260117_KSU_OKST,KXNCAAMBGAME-26JAN17KSUOKST-OKST,H2_1,0,2026-01-18T04:12:18+00:00,2,960,UNRESOLVED,0,CI_UNAVAILABLE,SUPPORT_UNAVAILABLE,UNAVAILABLE,UNAVAILABLE,UNAVAILABLE,UNAVAILABLE,UNAVAILABLE,UNAVAILABLE,UNAVAILABLE,UNAVAILABLE,UNAVAILABLE,71,UNAVAILABLE,48-43,5,UNAVAILABLE,UNAVAILABLE,UNAVAILABLE,960,UNAVAILABLE,UNAVAILABLE,UNAVAILABLE,UNAVAILABLE,0.30434782608695654,NOT_APPLICABLE
AUSTIN_DRE_PHASE_3,AUSTIN_DOWNFALL_STATE_MODEL_V1,NCAAB_H2_1_AUSTIN_TRANSFER_V1,96559bc4be35b718,NCAAB_20260117_KSU_OKST,KXNCAAMBGAME-26JAN17KSUOKST-OKST,H2_1,1,2026-01-18T04:12:18+00:00,2,840,UNRESOLVED,0,CI_UNAVAILABLE,SUPPORT_UNAVAILABLE,UNAVAILABLE,UNAVAILABLE,UNAVAILABLE,UNAVAILABLE,UNAVAILABLE,UNAVAILABLE,UNAVAILABLE,UNAVAILABLE,UNAVAILABLE,71,UNAVAILABLE,48-43,5,UNAVAILABLE,UNAVAILABLE,UNAVAILABLE,840,UNAVAILABLE,UNAVAILABLE,UNAVAILABLE,UNAVAILABLE,0.30434782608695654,NOT_APPLICABLE
AUSTIN_DRE_PHASE_3,AUSTIN_DOWNFALL_STATE_MODEL_V1,NCAAB_H2_1_AUSTIN_TRANSFER_V1,96559bc4be35b718,NCAAB_20260117_KSU_OKST,KXNCAAMBGAME-26JAN17KSUOKST-OKST,H2_1,2,2026-01-18T04:12:18+00:00,2,720,UNRESOLVED,0,CI_UNAVAILABLE,SUPPORT_UNAVAILABLE,UNAVAILABLE,UNAVAILABLE,UNAVAILABLE,UNAVAILABLE,UNAVAILABLE,UNAVAILABLE,UNAVAILABLE,UNAVAILABLE,UNAVAILABLE,71,UNAVAILABLE,48-43,5,UNAVAILABLE,UNAVAILABLE,UNAVAILABLE,720,UNAVAILABLE,UNAVAILABLE,UNAVAILABLE,UNAVAILABLE,0.30434782608695654,NOT_APPLICABLE
AUSTIN_DRE_PHASE_3,AUSTIN_DOWNFALL_STATE_MODEL_V1,NCAAB_H2_1_AUSTIN_TRANSFER_V1,96559bc4be35b718,NCAAB_20260117_KSU_OKST,KXNCAAMBGAME-26JAN17KSUOKST-OKST,H2_1,3,2026-01-18T04:12:18+00:00,2,600,UNRESOLVED,0,CI_UNAVAILABLE,SUPPORT_UNAVAILABLE,UNAVAILABLE,UNAVAILABLE,UNAVAILABLE,UNAVAILABLE,UNAVAILABLE,UNAVAILABLE,UNAVAILABLE,UNAVAILABLE,UNAVAILABLE,71,UNAVAILABLE,48-43,5,UNAVAILABLE,UNAVAILABLE,UNAVAILABLE,600,UNAVAILABLE,UNAVAILABLE,UNAVAILABLE,UNAVAILABLE,0.30434782608695654,NOT_APPLICABLE
AUSTIN_DRE_PHASE_3,AUSTIN_DOWNFALL_STATE_MODEL_V1,NCAAB_H2_1_AUSTIN_TRANSFER_V1,96559bc4be35b718,NCAAB_20260117_KSU_OKST,KXNCAAMBGAME-26JAN17KSUOKST-OKST,H2_1,4,2026-01-18T04:12:18+00:00,2,480,UNRESOLVED,0,CI_UNAVAILABLE,SUPPORT_UNAVAILABLE,UNAVAILABLE,UNAVAILABLE,UNAVAILABLE,UNAVAILABLE,UNAVAILABLE,UNAVAILABLE,UNAVAILABLE,UNAVAILABLE,UNAVAILABLE,71,UNAVAILABLE,48-43,5,UNAVAILABLE,UNAVAILABLE,UNAVAILABLE,480,UNAVAILABLE,UNAVAILABLE,UNAVAILABLE,UNAVAILABLE,0.30434782608695654,NOT_APPLICABLE
AUSTIN_DRE_PHASE_3,AUSTIN_DOWNFALL_STATE_MODEL_V1,NCAAB_H2_1_AUSTIN_TRANSFER_V1,96559bc4be35b718,NCAAB_20260117_KSU_OKST,KXNCAAMBGAME-26JAN17KSUOKST-OKST,H2_1,5,2026-01-18T04:12:18+00:00,2,360,UNRESOLVED,0,CI_UNAVAILABLE,SUPPORT_UNAVAILABLE,UNAVAILABLE,UNAVAILABLE,UNAVAILABLE,UNAVAILABLE,UNAVAILABLE,UNAVAILABLE,UNAVAILABLE,UNAVAILABLE,UNAVAILABLE,71,UNAVAILABLE,48-43,5,UNAVAILABLE,UNAVAILABLE,UNAVAILABLE,360,UNAVAILABLE,UNAVAILABLE,UNAVAILABLE,UNAVAILABLE,0.30434782608695654,NOT_APPLICABLE
AUSTIN_DRE_PHASE_3,AUSTIN_DOWNFALL_STATE_MODEL_V1,NCAAB_H2_1_AUSTIN_TRANSFER_V1,96559bc4be35b718,NCAAB_20260117_KSU_OKST,KXNCAAMBGAME-26JAN17KSUOKST-OKST,H2_1,6,2026-01-18T04:12:18+00:00,2,240,UNRESOLVED,0,CI_UNAVAILABLE,SUPPORT_UNAVAILABLE,UNAVAILABLE,UNAVAILABLE,UNAVAILABLE,UNAVAILABLE,UNAVAILABLE,UNAVAILABLE,UNAVAILABLE,UNAVAILABLE,UNAVAILABLE,71,UNAVAILABLE,48-43,5,UNAVAILABLE,UNAVAILABLE,UNAVAILABLE,240,UNAVAILABLE,UNAVAILABLE,UNAVAILABLE,UNAVAILABLE,0.30434782608695654,NOT_APPLICABLE
AUSTIN_DRE_PHASE_3,AUSTIN_DOWNFALL_STATE_MODEL_V1,NCAAB_H2_1_AUSTIN_TRANSFER_V1,96559bc4be35b718,NCAAB_20260117_KSU_OKST,KXNCAAMBGAME-26JAN17KSUOKST-OKST,H2_1,7,2026-01-18T04:12:18+00:00,2,120,UNRESOLVED,0,CI_UNAVAILABLE,SUPPORT_UNAVAILABLE,UNAVAILABLE,UNAVAILABLE,UNAVAILABLE,UNAVAILABLE,UNAVAILABLE,UNAVAILABLE,UNAVAILABLE,UNAVAILABLE,UNAVAILABLE,71,UNAVAILABLE,48-43,5,UNAVAILABLE,UNAVAILABLE,UNAVAILABLE,120,UNAVAILABLE,UNAVAILABLE,UNAVAILABLE,UNAVAILABLE,0.30434782608695654,NOT_APPLICABLE
AUSTIN_DRE_PHASE_3,AUSTIN_DOWNFALL_STATE_MODEL_V1,NCAAB_H2_1_AUSTIN_TRANSFER_V1,96559bc4be35b718,NCAAB_20260117_KSU_OKST,KXNCAAMBGAME-26JAN17KSUOKST-OKST,H2_1,8,2026-01-18T05:17:46+00:00,2,0,HEALTHY,0,CI_CROSSES_ZERO,NORMAL_SUPPORT,10.44684531919749,-4.0,20.0,10.44684531919749,0.0,UNAVAILABLE,UNAVAILABLE,UNAVAILABLE,UNAVAILABLE,79,-6.0,84-83,1,UNAVAILABLE,UNAVAILABLE,1035.0,0,22.83891731722925,25.0,1.1124721225820797,1.2259986665881817,1.0,VALUE
AUSTIN_DRE_PHASE_3,AUSTIN_DOWNFALL_STATE_MODEL_V1,NCAAB_H2_1_AUSTIN_TRANSFER_V1,108390652954f62d,NCAAB_20260120_OKLA_SCAR,KXNCAAMBGAME-26JAN20OKLASCAR-SCAR,H2_1,0,2026-01-21T00:59:58+00:00,2,600,UNRESOLVED,0,CI_UNAVAILABLE,SUPPORT_UNAVAILABLE,UNAVAILABLE,UNAVAILABLE,UNAVAILABLE,UNAVAILABLE,UNAVAILABLE,UNAVAILABLE,UNAVAILABLE,UNAVAILABLE,UNAVAILABLE,50,UNAVAILABLE,39-36,3,UNAVAILABLE,UNAVAILABLE,UNAVAILABLE,600,UNAVAILABLE,UNAVAILABLE,UNAVAILABLE,UNAVAILABLE,0.30434782608695654,NOT_APPLICABLE
AUSTIN_DRE_PHASE_3,AUSTIN_DOWNFALL_STATE_MODEL_V1,NCAAB_H2_1_AUSTIN_TRANSFER_V1,108390652954f62d,NCAAB_20260120_OKLA_SCAR,KXNCAAMBGAME-26JAN20OKLASCAR-SCAR,H2_1,1,2026-01-21T00:59:58+00:00,2,480,UNRESOLVED,0,CI_UNAVAILABLE,SUPPORT_UNAVAILABLE,UNAVAILABLE,UNAVAILABLE,UNAVAILABLE,UNAVAILABLE,UNAVAILABLE,UNAVAILABLE,UNAVAILABLE,UNAVAILABLE,UNAVAILABLE,50,UNAVAILABLE,39-36,3,UNAVAILABLE,UNAVAILABLE,UNAVAILABLE,480,UNAVAILABLE,UNAVAILABLE,UNAVAILABLE,UNAVAILABLE,0.30434782608695654,NOT_APPLICABLE
AUSTIN_DRE_PHASE_3,AUSTIN_DOWNFALL_STATE_MODEL_V1,NCAAB_H2_1_AUSTIN_TRANSFER_V1,108390652954f62d,NCAAB_20260120_OKLA_SCAR,KXNCAAMBGAME-26JAN20OKLASCAR-SCAR,H2_1,2,2026-01-21T00:59:58+00:00,2,360,UNRESOLVED,0,CI_UNAVAILABLE,SUPPORT_UNAVAILABLE,UNAVAILABLE,UNAVAILABLE,UNAVAILABLE,UNAVAILABLE,UNAVAILABLE,UNAVAILABLE,UNAVAILABLE,UNAVAILABLE,UNAVAILABLE,50,UNAVAILABLE,39-36,3,UNAVAILABLE,UNAVAILABLE,UNAVAILABLE,360,UNAVAILABLE,UNAVAILABLE,UNAVAILABLE,UNAVAILABLE,0.30434782608695654,NOT_APPLICABLE
AUSTIN_DRE_PHASE_3,AUSTIN_DOWNFALL_STATE_MODEL_V1,NCAAB_H2_1_AUSTIN_TRANSFER_V1,108390652954f62d,NCAAB_20260120_OKLA_SCAR,KXNCAAMBGAME-26JAN20OKLASCAR-SCAR,H2_1,3,2026-01-21T00:59:58+00:00,2,240,UNRESOLVED,0,CI_UNAVAILABLE,SUPPORT_UNAVAILABLE,UNAVAILABLE,UNAVAILABLE,UNAVAILABLE,UNAVAILABLE,UNAVAILABLE,UNAVAILABLE,UNAVAILABLE,UNAVAILABLE,UNAVAILABLE,50,UNAVAILABLE,39-36,3,UNAVAILABLE,UNAVAILABLE,UNAVAILABLE,240,UNAVAILABLE,UNAVAILABLE,UNAVAILABLE,UNAVAILABLE,0.30434782608695654,NOT_APPLICABLE
AUSTIN_DRE_PHASE_3,AUSTIN_DOWNFALL_STATE_MODEL_V1,NCAAB_H2_1_AUSTIN_TRANSFER_V1,108390652954f62d,NCAAB_20260120_OKLA_SCAR,KXNCAAMBGAME-26JAN20OKLASCAR-SCAR,H2_1,4,2026-01-21T00:59:58+00:00,2,120,UNRESOLVED,0,CI_UNAVAILABLE,SUPPORT_UNAVAILABLE,UNAVAILABLE,UNAVAILABLE,UNAVAILABLE,UNAVAILABLE,UNAVAILABLE,UNAVAILABLE,UNAVAILABLE,UNAVAILABLE,UNAVAILABLE,50,UNAVAILABLE,39-36,3,UNAVAILABLE,UNAVAILABLE,UNAVAILABLE,120,UNAVAILABLE,UNAVAILABLE,UNAVAILABLE,UNAVAILABLE,0.30434782608695654,NOT_APPLICABLE
AUSTIN_DRE_PHASE_3,AUSTIN_DOWNFALL_STATE_MODEL_V1,NCAAB_H2_1_AUSTIN_TRANSFER_V1,108390652954f62d,NCAAB_20260120_OKLA_SCAR,KXNCAAMBGAME-26JAN20OKLASCAR-SCAR,H2_1,5,2026-01-21T02:03:34+00:00,2,0,HEALTHY,0,CI_POSITIVE,NORMAL_SUPPORT,20.0,20.0,20.0,20.0,0.0,UNAVAILABLE,UNAVAILABLE,UNAVAILABLE,UNAVAILABLE,99,18.0,85-76,9,UNAVAILABLE,UNAVAILABLE,716.0,0,23.03983822306271,25.0,0.594806824315524,0.43363752044342285,1.0,VALUE
AUSTIN_DRE_PHASE_3,AUSTIN_DOWNFALL_STATE_MODEL_V1,NCAAB_H2_1_AUSTIN_TRANSFER_V1,833c7a16a2223840,NCAAB_20260120_RUTG_IOWA,KXNCAAMBGAME-26JAN20RUTGIOWA-IOWA,H2_1,0,2026-01-21T02:35:29+00:00,2,840,UNRESOLVED,0,CI_UNAVAILABLE,SUPPORT_UNAVAILABLE,UNAVAILABLE,UNAVAILABLE,UNAVAILABLE,UNAVAILABLE,UNAVAILABLE,UNAVAILABLE,UNAVAILABLE,UNAVAILABLE,UNAVAILABLE,93,UNAVAILABLE,31-24,7,UNAVAILABLE,UNAVAILABLE,UNAVAILABLE,840,UNAVAILABLE,UNAVAILABLE,UNAVAILABLE,UNAVAILABLE,0.30434782608695654,NOT_APPLICABLE
AUSTIN_DRE_PHASE_3,AUSTIN_DOWNFALL_STATE_MODEL_V1,NCAAB_H2_1_AUSTIN_TRANSFER_V1,833c7a16a2223840,NCAAB_20260120_RUTG_IOWA,KXNCAAMBGAME-26JAN20RUTGIOWA-IOWA,H2_1,1,2026-01-21T02:35:29+00:00,2,720,UNRESOLVED,0,CI_UNAVAILABLE,SUPPORT_UNAVAILABLE,UNAVAILABLE,UNAVAILABLE,UNAVAILABLE,UNAVAILABLE,UNAVAILABLE,UNAVAILABLE,UNAVAILABLE,UNAVAILABLE,UNAVAILABLE,93,UNAVAILABLE,31-24,7,UNAVAILABLE,UNAVAILABLE,UNAVAILABLE,720,UNAVAILABLE,UNAVAILABLE,UNAVAILABLE,UNAVAILABLE,0.30434782608695654,NOT_APPLICABLE
AUSTIN_DRE_PHASE_3,AUSTIN_DOWNFALL_STATE_MODEL_V1,NCAAB_H2_1_AUSTIN_TRANSFER_V1,833c7a16a2223840,NCAAB_20260120_RUTG_IOWA,KXNCAAMBGAME-26JAN20RUTGIOWA-IOWA,H2_1,2,2026-01-21T02:35:29+00:00,2,600,UNRESOLVED,0,CI_UNAVAILABLE,SUPPORT_UNAVAILABLE,UNAVAILABLE,UNAVAILABLE,UNAVAILABLE,UNAVAILABLE,UNAVAILABLE,UNAVAILABLE,UNAVAILABLE,UNAVAILABLE,UNAVAILABLE,93,UNAVAILABLE,31-24,7,UNAVAILABLE,UNAVAILABLE,UNAVAILABLE,600,UNAVAILABLE,UNAVAILABLE,UNAVAILABLE,UNAVAILABLE,0.30434782608695654,NOT_APPLICABLE
AUSTIN_DRE_PHASE_3,AUSTIN_DOWNFALL_STATE_MODEL_V1,NCAAB_H2_1_AUSTIN_TRANSFER_V1,833c7a16a2223840,NCAAB_20260120_RUTG_IOWA,KXNCAAMBGAME-26JAN20RUTGIOWA-IOWA,H2_1,3,2026-01-21T02:35:29+00:00,2,480,UNRESOLVED,0,CI_UNAVAILABLE,SUPPORT_UNAVAILABLE,UNAVAILABLE,UNAVAILABLE,UNAVAILABLE,UNAVAILABLE,UNAVAILABLE,UNAVAILABLE,UNAVAILABLE,UNAVAILABLE,UNAVAILABLE,93,UNAVAILABLE,31-24,7,UNAVAILABLE,UNAVAILABLE,UNAVAILABLE,480,UNAVAILABLE,UNAVAILABLE,UNAVAILABLE,UNAVAILABLE,0.30434782608695654,NOT_APPLICABLE
AUSTIN_DRE_PHASE_3,AUSTIN_DOWNFALL_STATE_MODEL_V1,NCAAB_H2_1_AUSTIN_TRANSFER_V1,833c7a16a2223840,NCAAB_20260120_RUTG_IOWA,KXNCAAMBGAME-26JAN20RUTGIOWA-IOWA,H2_1,4,2026-01-21T02:35:29+00:00,2,360,UNRESOLVED,0,CI_UNAVAILABLE,SUPPORT_UNAVAILABLE,UNAVAILABLE,UNAVAILABLE,UNAVAILABLE,UNAVAILABLE,UNAVAILABLE,UNAVAILABLE,UNAVAILABLE,UNAVAILABLE,UNAVAILABLE,93,UNAVAILABLE,31-24,7,UNAVAILABLE,UNAVAILABLE,UNAVAILABLE,360,UNAVAILABLE,UNAVAILABLE,UNAVAILABLE,UNAVAILABLE,0.30434782608695654,NOT_APPLICABLE
AUSTIN_DRE_PHASE_3,AUSTIN_DOWNFALL_STATE_MODEL_V1,NCAAB_H2_1_AUSTIN_TRANSFER_V1,833c7a16a2223840,NCAAB_20260120_RUTG_IOWA,KXNCAAMBGAME-26JAN20RUTGIOWA-IOWA,H2_1,5,2026-01-21T02:35:29+00:00,2,240,UNRESOLVED,0,CI_UNAVAILABLE,SUPPORT_UNAVAILABLE,UNAVAILABLE,UNAVAILABLE,UNAVAILABLE,UNAVAILABLE,UNAVAILABLE,UNAVAILABLE,UNAVAILABLE,UNAVAILABLE,UNAVAILABLE,93,UNAVAILABLE,31-24,7,UNAVAILABLE,UNAVAILABLE,UNAVAILABLE,240,UNAVAILABLE,UNAVAILABLE,UNAVAILABLE,UNAVAILABLE,0.30434782608695654,NOT_APPLICABLE
AUSTIN_DRE_PHASE_3,AUSTIN_DOWNFALL_STATE_MODEL_V1,NCAAB_H2_1_AUSTIN_TRANSFER_V1,833c7a16a2223840,NCAAB_20260120_RUTG_IOWA,KXNCAAMBGAME-26JAN20RUTGIOWA-IOWA,H2_1,6,2026-01-21T02:35:29+00:00,2,120,UNRESOLVED,0,CI_UNAVAILABLE,SUPPORT_UNAVAILABLE,UNAVAILABLE,UNAVAILABLE,UNAVAILABLE,UNAVAILABLE,UNAVAILABLE,UNAVAILABLE,UNAVAILABLE,UNAVAILABLE,UNAVAILABLE,93,UNAVAILABLE,31-24,7,UNAVAILABLE,UNAVAILABLE,UNAVAILABLE,120,UNAVAILABLE,UNAVAILABLE,UNAVAILABLE,UNAVAILABLE,0.30434782608695654,NOT_APPLICABLE
AUSTIN_DRE_PHASE_3,AUSTIN_DOWNFALL_STATE_MODEL_V1,NCAAB_H2_1_AUSTIN_TRANSFER_V1,833c7a16a2223840,NCAAB_20260120_RUTG_IOWA,KXNCAAMBGAME-26JAN20RUTGIOWA-IOWA,H2_1,7,2026-01-21T03:37:05+00:00,2,0,WATCH_NEGATIVE,1,CI_CROSSES_ZERO,NORMAL_SUPPORT,-10.211217401126682,-28.0,8.0,-10.211217401126682,0.0,UNAVAILABLE,UNAVAILABLE,UNAVAILABLE,UNAVAILABLE,99,16.0,68-62,6,UNAVAILABLE,UNAVAILABLE,955.0,0,24.79953289760344,25.0,1.030053391358544,1.0595923066491855,1.0,VALUE
AUSTIN_DRE_PHASE_3,AUSTIN_DOWNFALL_STATE_MODEL_V1,NCAAB_H2_1_AUSTIN_TRANSFER_V1,ff6174e156c8eb62,NCAAB_20260120_SMU_WAKE,KXNCAAMBGAME-26JAN20SMUWAKE-SMU,H2_1,0,2026-01-21T03:13:10+00:00,2,1080,HEALTHY,0,CI_CROSSES_ZERO,NORMAL_SUPPORT,12.284522726348328,0.0,20.0,12.284522726348328,0.0,UNAVAILABLE,UNAVAILABLE,UNAVAILABLE,UNAVAILABLE,74,-8.0,40-47,-7,UNAVAILABLE,UNAVAILABLE,74.0,1080,24.867978891583167,25.0,1.5123526087309807,1.5434894764786882,0.8695652173913043,VALUE
AUSTIN_DRE_PHASE_3,AUSTIN_DOWNFALL_STATE_MODEL_V1,NCAAB_H2_1_AUSTIN_TRANSFER_V1,ff6174e156c8eb62,NCAAB_20260120_SMU_WAKE,KXNCAAMBGAME-26JAN20SMUWAKE-SMU,H2_1,1,2026-01-21T03:10:54+00:00,2,960,UNRESOLVED,0,CI_UNAVAILABLE,SUPPORT_UNAVAILABLE,UNAVAILABLE,UNAVAILABLE,UNAVAILABLE,12.284522726348328,UNAVAILABLE,UNAVAILABLE,UNAVAILABLE,UNAVAILABLE,UNAVAILABLE,79,UNAVAILABLE,36-45,-9,UNAVAILABLE,UNAVAILABLE,UNAVAILABLE,960,UNAVAILABLE,UNAVAILABLE,UNAVAILABLE,UNAVAILABLE,0.30434782608695654,NOT_APPLICABLE
AUSTIN_DRE_PHASE_3,AUSTIN_DOWNFALL_STATE_MODEL_V1,NCAAB_H2_1_AUSTIN_TRANSFER_V1,ff6174e156c8eb62,NCAAB_20260120_SMU_WAKE,KXNCAAMBGAME-26JAN20SMUWAKE-SMU,H2_1,2,2026-01-21T03:10:54+00:00,2,840,UNRESOLVED,0,CI_UNAVAILABLE,SUPPORT_UNAVAILABLE,UNAVAILABLE,UNAVAILABLE,UNAVAILABLE,12.284522726348328,UNAVAILABLE,UNAVAILABLE,UNAVAILABLE,UNAVAILABLE,UNAVAILABLE,79,UNAVAILABLE,36-45,-9,UNAVAILABLE,UNAVAILABLE,UNAVAILABLE,840,UNAVAILABLE,UNAVAILABLE,UNAVAILABLE,UNAVAILABLE,0.30434782608695654,NOT_APPLICABLE
AUSTIN_DRE_PHASE_3,AUSTIN_DOWNFALL_STATE_MODEL_V1,NCAAB_H2_1_AUSTIN_TRANSFER_V1,ff6174e156c8eb62,NCAAB_20260120_SMU_WAKE,KXNCAAMBGAME-26JAN20SMUWAKE-SMU,H2_1,3,2026-01-21T03:10:54+00:00,2,720,UNRESOLVED,0,CI_UNAVAILABLE,SUPPORT_UNAVAILABLE,UNAVAILABLE,UNAVAILABLE,UNAVAILABLE,12.284522726348328,UNAVAILABLE,UNAVAILABLE,UNAVAILABLE,UNAVAILABLE,UNAVAILABLE,79,UNAVAILABLE,36-45,-9,UNAVAILABLE,UNAVAILABLE,UNAVAILABLE,720,UNAVAILABLE,UNAVAILABLE,UNAVAILABLE,UNAVAILABLE,0.30434782608695654,NOT_APPLICABLE
AUSTIN_DRE_PHASE_3,AUSTIN_DOWNFALL_STATE_MODEL_V1,NCAAB_H2_1_AUSTIN_TRANSFER_V1,ff6174e156c8eb62,NCAAB_20260120_SMU_WAKE,KXNCAAMBGAME-26JAN20SMUWAKE-SMU,H2_1,4,2026-01-21T03:10:54+00:00,2,600,UNRESOLVED,0,CI_UNAVAILABLE,SUPPORT_UNAVAILABLE,UNAVAILABLE,UNAVAILABLE,UNAVAILABLE,12.284522726348328,UNAVAILABLE,UNAVAILABLE,UNAVAILABLE,UNAVAILABLE,UNAVAILABLE,79,UNAVAILABLE,36-45,-9,UNAVAILABLE,UNAVAILABLE,UNAVAILABLE,600,UNAVAILABLE,UNAVAILABLE,UNAVAILABLE,UNAVAILABLE,0.30434782608695654,NOT_APPLICABLE
AUSTIN_DRE_PHASE_3,AUSTIN_DOWNFALL_STATE_MODEL_V1,NCAAB_H2_1_AUSTIN_TRANSFER_V1,ff6174e156c8eb62,NCAAB_20260120_SMU_WAKE,KXNCAAMBGAME-26JAN20SMUWAKE-SMU,H2_1,5,2026-01-21T03:10:54+00:00,2,480,UNRESOLVED,0,CI_UNAVAILABLE,SUPPORT_UNAVAILABLE,UNAVAILABLE,UNAVAILABLE,UNAVAILABLE,12.284522726348328,UNAVAILABLE,UNAVAILABLE,UNAVAILABLE,UNAVAILABLE,UNAVAILABLE,79,UNAVAILABLE,36-45,-9,UNAVAILABLE,UNAVAILABLE,UNAVAILABLE,480,UNAVAILABLE,UNAVAILABLE,UNAVAILABLE,UNAVAILABLE,0.30434782608695654,NOT_APPLICABLE
AUSTIN_DRE_PHASE_3,AUSTIN_DOWNFALL_STATE_MODEL_V1,NCAAB_H2_1_AUSTIN_TRANSFER_V1,ff6174e156c8eb62,NCAAB_20260120_SMU_WAKE,KXNCAAMBGAME-26JAN20SMUWAKE-SMU,H2_1,6,2026-01-21T03:10:54+00:00,2,360,UNRESOLVED,0,CI_UNAVAILABLE,SUPPORT_UNAVAILABLE,UNAVAILABLE,UNAVAILABLE,UNAVAILABLE,12.284522726348328,UNAVAILABLE,UNAVAILABLE,UNAVAILABLE,UNAVAILABLE,UNAVAILABLE,79,UNAVAILABLE,36-45,-9,UNAVAILABLE,UNAVAILABLE,UNAVAILABLE,360,UNAVAILABLE,UNAVAILABLE,UNAVAILABLE,UNAVAILABLE,0.30434782608695654,NOT_APPLICABLE
AUSTIN_DRE_PHASE_3,AUSTIN_DOWNFALL_STATE_MODEL_V1,NCAAB_H2_1_AUSTIN_TRANSFER_V1,ff6174e156c8eb62,NCAAB_20260120_SMU_WAKE,KXNCAAMBGAME-26JAN20SMUWAKE-SMU,H2_1,7,2026-01-21T03:10:54+00:00,2,240,UNRESOLVED,0,CI_UNAVAILABLE,SUPPORT_UNAVAILABLE,UNAVAILABLE,UNAVAILABLE,UNAVAILABLE,12.284522726348328,UNAVAILABLE,UNAVAILABLE,UNAVAILABLE,UNAVAILABLE,UNAVAILABLE,79,UNAVAILABLE,36-45,-9,UNAVAILABLE,UNAVAILABLE,UNAVAILABLE,240,UNAVAILABLE,UNAVAILABLE,UNAVAILABLE,UNAVAILABLE,0.30434782608695654,NOT_APPLICABLE
AUSTIN_DRE_PHASE_3,AUSTIN_DOWNFALL_STATE_MODEL_V1,NCAAB_H2_1_AUSTIN_TRANSFER_V1,ff6174e156c8eb62,NCAAB_20260120_SMU_WAKE,KXNCAAMBGAME-26JAN20SMUWAKE-SMU,H2_1,8,2026-01-21T04:04:29+00:00,2,120,HEALTHY,0,CI_POSITIVE,NORMAL_SUPPORT,20.0,20.0,20.0,12.284522726348328,7.715477273651672,12.284522726348328,7.715477273651672,0.4822173296032295,UNAVAILABLE,99,17.0,71-91,-20,UNAVAILABLE,UNAVAILABLE,1034.0,120,21.487235913144197,25.0,0.5445659381967555,0.6018285678171444,1.0,VALUE
AUSTIN_DRE_PHASE_3,AUSTIN_DOWNFALL_STATE_MODEL_V1,NCAAB_H2_1_AUSTIN_TRANSFER_V1,ff6174e156c8eb62,NCAAB_20260120_SMU_WAKE,KXNCAAMBGAME-26JAN20SMUWAKE-SMU,H2_1,9,2026-01-21T04:07:57+00:00,2,0,HEALTHY,0,CI_POSITIVE,NORMAL_SUPPORT,20.000000000000004,20.0,20.0,12.284522726348328,7.7154772736516755,20.0,3.552713678800501e-15,1.7763568394002505e-15,-0.24110866480161386,99,17.0,79-91,-12,UNAVAILABLE,UNAVAILABLE,1154.0,0,24.646836748263276,25.0,0.6734042118331313,0.6811402164996302,1.0,VALUE
AUSTIN_DRE_PHASE_3,AUSTIN_DOWNFALL_STATE_MODEL_V1,NCAAB_H2_1_AUSTIN_TRANSFER_V1,a992a8ecc15857f7,NCAAB_20260120_KU_COLO,KXNCAAMBGAME-26JAN20KUCOLO-KU,H2_1,0,2026-01-21T05:11:00+00:00,2,840,UNRESOLVED,0,CI_UNAVAILABLE,SUPPORT_UNAVAILABLE,UNAVAILABLE,UNAVAILABLE,UNAVAILABLE,UNAVAILABLE,UNAVAILABLE,UNAVAILABLE,UNAVAILABLE,UNAVAILABLE,UNAVAILABLE,66,UNAVAILABLE,38-40,-2,UNAVAILABLE,UNAVAILABLE,UNAVAILABLE,840,UNAVAILABLE,UNAVAILABLE,UNAVAILABLE,UNAVAILABLE,0.30434782608695654,NOT_APPLICABLE
AUSTIN_DRE_PHASE_3,AUSTIN_DOWNFALL_STATE_MODEL_V1,NCAAB_H2_1_AUSTIN_TRANSFER_V1,a992a8ecc15857f7,NCAAB_20260120_KU_COLO,KXNCAAMBGAME-26JAN20KUCOLO-KU,H2_1,1,2026-01-21T05:11:00+00:00,2,720,UNRESOLVED,0,CI_UNAVAILABLE,SUPPORT_UNAVAILABLE,UNAVAILABLE,UNAVAILABLE,UNAVAILABLE,UNAVAILABLE,UNAVAILABLE,UNAVAILABLE,UNAVAILABLE,UNAVAILABLE,UNAVAILABLE,66,UNAVAILABLE,38-40,-2,UNAVAILABLE,UNAVAILABLE,UNAVAILABLE,720,UNAVAILABLE,UNAVAILABLE,UNAVAILABLE,UNAVAILABLE,0.30434782608695654,NOT_APPLICABLE
AUSTIN_DRE_PHASE_3,AUSTIN_DOWNFALL_STATE_MODEL_V1,NCAAB_H2_1_AUSTIN_TRANSFER_V1,a992a8ecc15857f7,NCAAB_20260120_KU_COLO,KXNCAAMBGAME-26JAN20KUCOLO-KU,H2_1,2,2026-01-21T05:11:00+00:00,2,600,UNRESOLVED,0,CI_UNAVAILABLE,SUPPORT_UNAVAILABLE,UNAVAILABLE,UNAVAILABLE,UNAVAILABLE,UNAVAILABLE,UNAVAILABLE,UNAVAILABLE,UNAVAILABLE,UNAVAILABLE,UNAVAILABLE,66,UNAVAILABLE,38-40,-2,UNAVAILABLE,UNAVAILABLE,UNAVAILABLE,600,UNAVAILABLE,UNAVAILABLE,UNAVAILABLE,UNAVAILABLE,0.30434782608695654,NOT_APPLICABLE
AUSTIN_DRE_PHASE_3,AUSTIN_DOWNFALL_STATE_MODEL_V1,NCAAB_H2_1_AUSTIN_TRANSFER_V1,a992a8ecc15857f7,NCAAB_20260120_KU_COLO,KXNCAAMBGAME-26JAN20KUCOLO-KU,H2_1,3,2026-01-21T05:11:00+00:00,2,480,UNRESOLVED,0,CI_UNAVAILABLE,SUPPORT_UNAVAILABLE,UNAVAILABLE,UNAVAILABLE,UNAVAILABLE,UNAVAILABLE,UNAVAILABLE,UNAVAILABLE,UNAVAILABLE,UNAVAILABLE,UNAVAILABLE,66,UNAVAILABLE,38-40,-2,UNAVAILABLE,UNAVAILABLE,UNAVAILABLE,480,UNAVAILABLE,UNAVAILABLE,UNAVAILABLE,UNAVAILABLE,0.30434782608695654,NOT_APPLICABLE
AUSTIN_DRE_PHASE_3,AUSTIN_DOWNFALL_STATE_MODEL_V1,NCAAB_H2_1_AUSTIN_TRANSFER_V1,a992a8ecc15857f7,NCAAB_20260120_KU_COLO,KXNCAAMBGAME-26JAN20KUCOLO-KU,H2_1,4,2026-01-21T05:11:00+00:00,2,360,UNRESOLVED,0,CI_UNAVAILABLE,SUPPORT_UNAVAILABLE,UNAVAILABLE,UNAVAILABLE,UNAVAILABLE,UNAVAILABLE,UNAVAILABLE,UNAVAILABLE,UNAVAILABLE,UNAVAILABLE,UNAVAILABLE,66,UNAVAILABLE,38-40,-2,UNAVAILABLE,UNAVAILABLE,UNAVAILABLE,360,UNAVAILABLE,UNAVAILABLE,UNAVAILABLE,UNAVAILABLE,0.30434782608695654,NOT_APPLICABLE
AUSTIN_DRE_PHASE_3,AUSTIN_DOWNFALL_STATE_MODEL_V1,NCAAB_H2_1_AUSTIN_TRANSFER_V1,a992a8ecc15857f7,NCAAB_20260120_KU_COLO,KXNCAAMBGAME-26JAN20KUCOLO-KU,H2_1,5,2026-01-21T05:11:00+00:00,2,240,UNRESOLVED,0,CI_UNAVAILABLE,SUPPORT_UNAVAILABLE,UNAVAILABLE,UNAVAILABLE,UNAVAILABLE,UNAVAILABLE,UNAVAILABLE,UNAVAILABLE,UNAVAILABLE,UNAVAILABLE,UNAVAILABLE,66,UNAVAILABLE,38-40,-2,UNAVAILABLE,UNAVAILABLE,UNAVAILABLE,240,UNAVAILABLE,UNAVAILABLE,UNAVAILABLE,UNAVAILABLE,0.30434782608695654,NOT_APPLICABLE
AUSTIN_DRE_PHASE_3,AUSTIN_DOWNFALL_STATE_MODEL_V1,NCAAB_H2_1_AUSTIN_TRANSFER_V1,a992a8ecc15857f7,NCAAB_20260120_KU_COLO,KXNCAAMBGAME-26JAN20KUCOLO-KU,H2_1,6,2026-01-21T05:11:00+00:00,2,120,UNRESOLVED,0,CI_UNAVAILABLE,SUPPORT_UNAVAILABLE,UNAVAILABLE,UNAVAILABLE,UNAVAILABLE,UNAVAILABLE,UNAVAILABLE,UNAVAILABLE,UNAVAILABLE,UNAVAILABLE,UNAVAILABLE,66,UNAVAILABLE,38-40,-2,UNAVAILABLE,UNAVAILABLE,UNAVAILABLE,120,UNAVAILABLE,UNAVAILABLE,UNAVAILABLE,UNAVAILABLE,0.30434782608695654,NOT_APPLICABLE
AUSTIN_DRE_PHASE_3,AUSTIN_DOWNFALL_STATE_MODEL_V1,NCAAB_H2_1_AUSTIN_TRANSFER_V1,d46cf247bc386126,NCAAB_20260123_OSU_MICH,KXNCAAMBGAME-26JAN23OSUMICH-MICH,H2_1,0,2026-01-24T02:34:02+00:00,2,840,HEALTHY,0,CI_CROSSES_ZERO,NORMAL_SUPPORT,2.86152033223338,-12.0,16.0,2.86152033223338,0.0,UNAVAILABLE,UNAVAILABLE,UNAVAILABLE,UNAVAILABLE,84,1.0,45-43,2,UNAVAILABLE,UNAVAILABLE,110.0,840,24.79499880934265,25.0,1.060862849077461,1.0868232572832812,0.8985507246376812,VALUE
AUSTIN_DRE_PHASE_3,AUSTIN_DOWNFALL_STATE_MODEL_V1,NCAAB_H2_1_AUSTIN_TRANSFER_V1,d46cf247bc386126,NCAAB_20260123_OSU_MICH,KXNCAAMBGAME-26JAN23OSUMICH-MICH,H2_1,1,2026-01-24T02:13:42+00:00,2,720,UNRESOLVED,0,CI_UNAVAILABLE,SUPPORT_UNAVAILABLE,UNAVAILABLE,UNAVAILABLE,UNAVAILABLE,2.86152033223338,UNAVAILABLE,UNAVAILABLE,UNAVAILABLE,UNAVAILABLE,UNAVAILABLE,89,UNAVAILABLE,33-30,3,UNAVAILABLE,UNAVAILABLE,UNAVAILABLE,720,UNAVAILABLE,UNAVAILABLE,UNAVAILABLE,UNAVAILABLE,0.30434782608695654,NOT_APPLICABLE
AUSTIN_DRE_PHASE_3,AUSTIN_DOWNFALL_STATE_MODEL_V1,NCAAB_H2_1_AUSTIN_TRANSFER_V1,d46cf247bc386126,NCAAB_20260123_OSU_MICH,KXNCAAMBGAME-26JAN23OSUMICH-MICH,H2_1,2,2026-01-24T02:45:57+00:00,2,600,WATCH_NEGATIVE,1,CI_CROSSES_ZERO,NORMAL_SUPPORT,-17.25918803101972,-36.0,0.0,2.86152033223338,-20.120708363253097,2.86152033223338,-20.120708363253097,-5.030177090813274,UNAVAILABLE,79,-4.0,50-48,2,UNAVAILABLE,UNAVAILABLE,350.0,600,22.96446754508104,25.0,0.7582730389123337,0.8035427781097585,0.9855072463768116,VALUE
AUSTIN_DRE_PHASE_3,AUSTIN_DOWNFALL_STATE_MODEL_V1,NCAAB_H2_1_AUSTIN_TRANSFER_V1,d46cf247bc386126,NCAAB_20260123_OSU_MICH,KXNCAAMBGAME-26JAN23OSUMICH-MICH,H2_1,3,2026-01-24T02:13:42+00:00,2,480,UNRESOLVED,0,CI_UNAVAILABLE,SUPPORT_UNAVAILABLE,UNAVAILABLE,UNAVAILABLE,UNAVAILABLE,2.86152033223338,UNAVAILABLE,2.86152033223338,UNAVAILABLE,UNAVAILABLE,UNAVAILABLE,89,UNAVAILABLE,33-30,3,UNAVAILABLE,UNAVAILABLE,UNAVAILABLE,480,UNAVAILABLE,UNAVAILABLE,UNAVAILABLE,UNAVAILABLE,0.30434782608695654,NOT_APPLICABLE
AUSTIN_DRE_PHASE_3,AUSTIN_DOWNFALL_STATE_MODEL_V1,NCAAB_H2_1_AUSTIN_TRANSFER_V1,d46cf247bc386126,NCAAB_20260123_OSU_MICH,KXNCAAMBGAME-26JAN23OSUMICH-MICH,H2_1,4,2026-01-24T02:13:42+00:00,2,360,UNRESOLVED,0,CI_UNAVAILABLE,SUPPORT_UNAVAILABLE,UNAVAILABLE,UNAVAILABLE,UNAVAILABLE,2.86152033223338,UNAVAILABLE,2.86152033223338,UNAVAILABLE,UNAVAILABLE,UNAVAILABLE,89,UNAVAILABLE,33-30,3,UNAVAILABLE,UNAVAILABLE,UNAVAILABLE,360,UNAVAILABLE,UNAVAILABLE,UNAVAILABLE,UNAVAILABLE,0.30434782608695654,NOT_APPLICABLE
AUSTIN_DRE_PHASE_3,AUSTIN_DOWNFALL_STATE_MODEL_V1,NCAAB_H2_1_AUSTIN_TRANSFER_V1,d46cf247bc386126,NCAAB_20260123_OSU_MICH,KXNCAAMBGAME-26JAN23OSUMICH-MICH,H2_1,5,2026-01-24T02:13:42+00:00,2,240,UNRESOLVED,0,CI_UNAVAILABLE,SUPPORT_UNAVAILABLE,UNAVAILABLE,UNAVAILABLE,UNAVAILABLE,2.86152033223338,UNAVAILABLE,2.86152033223338,UNAVAILABLE,UNAVAILABLE,UNAVAILABLE,89,UNAVAILABLE,33-30,3,UNAVAILABLE,UNAVAILABLE,UNAVAILABLE,240,UNAVAILABLE,UNAVAILABLE,UNAVAILABLE,UNAVAILABLE,0.30434782608695654,NOT_APPLICABLE
AUSTIN_DRE_PHASE_3,AUSTIN_DOWNFALL_STATE_MODEL_V1,NCAAB_H2_1_AUSTIN_TRANSFER_V1,d46cf247bc386126,NCAAB_20260123_OSU_MICH,KXNCAAMBGAME-26JAN23OSUMICH-MICH,H2_1,6,2026-01-24T02:13:42+00:00,2,120,UNRESOLVED,0,CI_UNAVAILABLE,SUPPORT_UNAVAILABLE,UNAVAILABLE,UNAVAILABLE,UNAVAILABLE,2.86152033223338,UNAVAILABLE,2.86152033223338,UNAVAILABLE,UNAVAILABLE,UNAVAILABLE,89,UNAVAILABLE,33-30,3,UNAVAILABLE,UNAVAILABLE,UNAVAILABLE,120,UNAVAILABLE,UNAVAILABLE,UNAVAILABLE,UNAVAILABLE,0.30434782608695654,NOT_APPLICABLE
AUSTIN_DRE_PHASE_3,AUSTIN_DOWNFALL_STATE_MODEL_V1,NCAAB_H2_1_AUSTIN_TRANSFER_V1,d46cf247bc386126,NCAAB_20260123_OSU_MICH,KXNCAAMBGAME-26JAN23OSUMICH-MICH,H2_1,7,2026-01-24T03:18:08+00:00,2,0,HEALTHY,0,CI_POSITIVE,NORMAL_SUPPORT,20.0,20.0,20.0,2.86152033223338,17.13847966776662,-17.25918803101972,37.25918803101972,3.7259188031019717,0.8756095893915246,99,16.0,74-62,12,UNAVAILABLE,UNAVAILABLE,950.0,0,24.734308344038084,25.0,0.6669136485243519,0.6553588319624611,1.0,VALUE
AUSTIN_DRE_PHASE_3,AUSTIN_DOWNFALL_STATE_MODEL_V1,NCAAB_H2_1_AUSTIN_TRANSFER_V1,bfb54b613894a9ea,NCAAB_20260124_NEB_MINN,KXNCAAMBGAME-26JAN24NEBMINN-NEB,H2_1,0,2026-01-24T18:28:48+00:00,2,600,HEALTHY,0,CI_POSITIVE,NORMAL_SUPPORT,20.0,20.0,20.0,20.0,0.0,UNAVAILABLE,UNAVAILABLE,UNAVAILABLE,UNAVAILABLE,91,9.0,44-53,-9,UNAVAILABLE,UNAVAILABLE,89.0,600,21.553145868198648,25.0,0.6238943598872235,0.673149651349191,0.8985507246376812,VALUE
AUSTIN_DRE_PHASE_3,AUSTIN_DOWNFALL_STATE_MODEL_V1,NCAAB_H2_1_AUSTIN_TRANSFER_V1,bfb54b613894a9ea,NCAAB_20260124_NEB_MINN,KXNCAAMBGAME-26JAN24NEBMINN-NEB,H2_1,1,2026-01-24T17:57:10+00:00,2,480,UNRESOLVED,0,CI_UNAVAILABLE,SUPPORT_UNAVAILABLE,UNAVAILABLE,UNAVAILABLE,UNAVAILABLE,20.0,UNAVAILABLE,UNAVAILABLE,UNAVAILABLE,UNAVAILABLE,UNAVAILABLE,44,UNAVAILABLE,36-30,6,UNAVAILABLE,UNAVAILABLE,UNAVAILABLE,480,UNAVAILABLE,UNAVAILABLE,UNAVAILABLE,UNAVAILABLE,0.30434782608695654,NOT_APPLICABLE
AUSTIN_DRE_PHASE_3,AUSTIN_DOWNFALL_STATE_MODEL_V1,NCAAB_H2_1_AUSTIN_TRANSFER_V1,bfb54b613894a9ea,NCAAB_20260124_NEB_MINN,KXNCAAMBGAME-26JAN24NEBMINN-NEB,H2_1,2,2026-01-24T17:57:10+00:00,2,360,UNRESOLVED,0,CI_UNAVAILABLE,SUPPORT_UNAVAILABLE,UNAVAILABLE,UNAVAILABLE,UNAVAILABLE,20.0,UNAVAILABLE,UNAVAILABLE,UNAVAILABLE,UNAVAILABLE,UNAVAILABLE,44,UNAVAILABLE,36-30,6,UNAVAILABLE,UNAVAILABLE,UNAVAILABLE,360,UNAVAILABLE,UNAVAILABLE,UNAVAILABLE,UNAVAILABLE,0.30434782608695654,NOT_APPLICABLE
AUSTIN_DRE_PHASE_3,AUSTIN_DOWNFALL_STATE_MODEL_V1,NCAAB_H2_1_AUSTIN_TRANSFER_V1,bfb54b613894a9ea,NCAAB_20260124_NEB_MINN,KXNCAAMBGAME-26JAN24NEBMINN-NEB,H2_1,3,2026-01-24T17:57:10+00:00,2,240,UNRESOLVED,0,CI_UNAVAILABLE,SUPPORT_UNAVAILABLE,UNAVAILABLE,UNAVAILABLE,UNAVAILABLE,20.0,UNAVAILABLE,UNAVAILABLE,UNAVAILABLE,UNAVAILABLE,UNAVAILABLE,44,UNAVAILABLE,36-30,6,UNAVAILABLE,UNAVAILABLE,UNAVAILABLE,240,UNAVAILABLE,UNAVAILABLE,UNAVAILABLE,UNAVAILABLE,0.30434782608695654,NOT_APPLICABLE
AUSTIN_DRE_PHASE_3,AUSTIN_DOWNFALL_STATE_MODEL_V1,NCAAB_H2_1_AUSTIN_TRANSFER_V1,bfb54b613894a9ea,NCAAB_20260124_NEB_MINN,KXNCAAMBGAME-26JAN24NEBMINN-NEB,H2_1,4,2026-01-24T17:57:10+00:00,2,120,UNRESOLVED,0,CI_UNAVAILABLE,SUPPORT_UNAVAILABLE,UNAVAILABLE,UNAVAILABLE,UNAVAILABLE,20.0,UNAVAILABLE,UNAVAILABLE,UNAVAILABLE,UNAVAILABLE,UNAVAILABLE,44,UNAVAILABLE,36-30,6,UNAVAILABLE,UNAVAILABLE,UNAVAILABLE,120,UNAVAILABLE,UNAVAILABLE,UNAVAILABLE,UNAVAILABLE,0.30434782608695654,NOT_APPLICABLE
AUSTIN_DRE_PHASE_3,AUSTIN_DOWNFALL_STATE_MODEL_V1,NCAAB_H2_1_AUSTIN_TRANSFER_V1,bfb54b613894a9ea,NCAAB_20260124_NEB_MINN,KXNCAAMBGAME-26JAN24NEBMINN-NEB,H2_1,5,2026-01-24T18:52:31+00:00,2,0,HEALTHY,0,CI_POSITIVE,NORMAL_SUPPORT,19.999999999999996,20.0,20.0,20.0,-3.552713678800501e-15,20.0,-3.552713678800501e-15,-3.552713678800501e-16,UNAVAILABLE,99,17.0,57-76,-19,UNAVAILABLE,UNAVAILABLE,689.0,0,24.890064001217073,25.0,0.45729322842544895,0.4791400623501336,1.0,VALUE
AUSTIN_DRE_PHASE_3,AUSTIN_DOWNFALL_STATE_MODEL_V1,NCAAB_H2_1_AUSTIN_TRANSFER_V1,6d8991e0d09b00b9,NCAAB_20260124_MIA_SYR,KXNCAAMBGAME-26JAN24MIASYR-MIA,H2_1,0,2026-01-24T20:11:49+00:00,2,600,UNRESOLVED,0,CI_UNAVAILABLE,SUPPORT_UNAVAILABLE,UNAVAILABLE,UNAVAILABLE,UNAVAILABLE,UNAVAILABLE,UNAVAILABLE,UNAVAILABLE,UNAVAILABLE,UNAVAILABLE,UNAVAILABLE,68,UNAVAILABLE,36-41,-5,UNAVAILABLE,UNAVAILABLE,UNAVAILABLE,600,UNAVAILABLE,UNAVAILABLE,UNAVAILABLE,UNAVAILABLE,0.30434782608695654,NOT_APPLICABLE
AUSTIN_DRE_PHASE_3,AUSTIN_DOWNFALL_STATE_MODEL_V1,NCAAB_H2_1_AUSTIN_TRANSFER_V1,6d8991e0d09b00b9,NCAAB_20260124_MIA_SYR,KXNCAAMBGAME-26JAN24MIASYR-MIA,H2_1,1,2026-01-24T20:11:49+00:00,2,480,UNRESOLVED,0,CI_UNAVAILABLE,SUPPORT_UNAVAILABLE,UNAVAILABLE,UNAVAILABLE,UNAVAILABLE,UNAVAILABLE,UNAVAILABLE,UNAVAILABLE,UNAVAILABLE,UNAVAILABLE,UNAVAILABLE,68,UNAVAILABLE,36-41,-5,UNAVAILABLE,UNAVAILABLE,UNAVAILABLE,480,UNAVAILABLE,UNAVAILABLE,UNAVAILABLE,UNAVAILABLE,0.30434782608695654,NOT_APPLICABLE
AUSTIN_DRE_PHASE_3,AUSTIN_DOWNFALL_STATE_MODEL_V1,NCAAB_H2_1_AUSTIN_TRANSFER_V1,6d8991e0d09b00b9,NCAAB_20260124_MIA_SYR,KXNCAAMBGAME-26JAN24MIASYR-MIA,H2_1,2,2026-01-24T20:11:49+00:00,2,360,UNRESOLVED,0,CI_UNAVAILABLE,SUPPORT_UNAVAILABLE,UNAVAILABLE,UNAVAILABLE,UNAVAILABLE,UNAVAILABLE,UNAVAILABLE,UNAVAILABLE,UNAVAILABLE,UNAVAILABLE,UNAVAILABLE,68,UNAVAILABLE,36-41,-5,UNAVAILABLE,UNAVAILABLE,UNAVAILABLE,360,UNAVAILABLE,UNAVAILABLE,UNAVAILABLE,UNAVAILABLE,0.30434782608695654,NOT_APPLICABLE
AUSTIN_DRE_PHASE_3,AUSTIN_DOWNFALL_STATE_MODEL_V1,NCAAB_H2_1_AUSTIN_TRANSFER_V1,6d8991e0d09b00b9,NCAAB_20260124_MIA_SYR,KXNCAAMBGAME-26JAN24MIASYR-MIA,H2_1,3,2026-01-24T20:11:49+00:00,2,240,UNRESOLVED,0,CI_UNAVAILABLE,SUPPORT_UNAVAILABLE,UNAVAILABLE,UNAVAILABLE,UNAVAILABLE,UNAVAILABLE,UNAVAILABLE,UNAVAILABLE,UNAVAILABLE,UNAVAILABLE,UNAVAILABLE,68,UNAVAILABLE,36-41,-5,UNAVAILABLE,UNAVAILABLE,UNAVAILABLE,240,UNAVAILABLE,UNAVAILABLE,UNAVAILABLE,UNAVAILABLE,0.30434782608695654,NOT_APPLICABLE
AUSTIN_DRE_PHASE_3,AUSTIN_DOWNFALL_STATE_MODEL_V1,NCAAB_H2_1_AUSTIN_TRANSFER_V1,6d8991e0d09b00b9,NCAAB_20260124_MIA_SYR,KXNCAAMBGAME-26JAN24MIASYR-MIA,H2_1,4,2026-01-24T20:11:49+00:00,2,120,UNRESOLVED,0,CI_UNAVAILABLE,SUPPORT_UNAVAILABLE,UNAVAILABLE,UNAVAILABLE,UNAVAILABLE,UNAVAILABLE,UNAVAILABLE,UNAVAILABLE,UNAVAILABLE,UNAVAILABLE,UNAVAILABLE,68,UNAVAILABLE,36-41,-5,UNAVAILABLE,UNAVAILABLE,UNAVAILABLE,120,UNAVAILABLE,UNAVAILABLE,UNAVAILABLE,UNAVAILABLE,0.30434782608695654,NOT_APPLICABLE
AUSTIN_DRE_PHASE_3,AUSTIN_DOWNFALL_STATE_MODEL_V1,NCAAB_H2_1_AUSTIN_TRANSFER_V1,6d8991e0d09b00b9,NCAAB_20260124_MIA_SYR,KXNCAAMBGAME-26JAN24MIASYR-MIA,H2_1,5,2026-01-24T21:05:46+00:00,2,0,HEALTHY,0,CI_POSITIVE,NORMAL_SUPPORT,20.000000000000004,20.0,20.0,20.000000000000004,0.0,UNAVAILABLE,UNAVAILABLE,UNAVAILABLE,UNAVAILABLE,99,18.0,76-85,-9,UNAVAILABLE,UNAVAILABLE,667.0,0,23.460286855514923,25.0,0.5751647881801348,0.4408716335891856,1.0,VALUE
AUSTIN_DRE_PHASE_3,AUSTIN_DOWNFALL_STATE_MODEL_V1,NCAAB_H2_1_AUSTIN_TRANSFER_V1,19cb3a7b260b8876,NCAAB_20260124_UCF_COLO,KXNCAAMBGAME-26JAN24UCFCOLO-UCF,H2_1,0,2026-01-24T21:03:28+00:00,2,600,UNRESOLVED,0,CI_UNAVAILABLE,SUPPORT_UNAVAILABLE,UNAVAILABLE,UNAVAILABLE,UNAVAILABLE,UNAVAILABLE,UNAVAILABLE,UNAVAILABLE,UNAVAILABLE,UNAVAILABLE,UNAVAILABLE,49,UNAVAILABLE,47-49,-2,UNAVAILABLE,UNAVAILABLE,UNAVAILABLE,600,UNAVAILABLE,UNAVAILABLE,UNAVAILABLE,UNAVAILABLE,0.30434782608695654,NOT_APPLICABLE
AUSTIN_DRE_PHASE_3,AUSTIN_DOWNFALL_STATE_MODEL_V1,NCAAB_H2_1_AUSTIN_TRANSFER_V1,19cb3a7b260b8876,NCAAB_20260124_UCF_COLO,KXNCAAMBGAME-26JAN24UCFCOLO-UCF,H2_1,1,2026-01-24T21:03:28+00:00,2,480,UNRESOLVED,0,CI_UNAVAILABLE,SUPPORT_UNAVAILABLE,UNAVAILABLE,UNAVAILABLE,UNAVAILABLE,UNAVAILABLE,UNAVAILABLE,UNAVAILABLE,UNAVAILABLE,UNAVAILABLE,UNAVAILABLE,49,UNAVAILABLE,47-49,-2,UNAVAILABLE,UNAVAILABLE,UNAVAILABLE,480,UNAVAILABLE,UNAVAILABLE,UNAVAILABLE,UNAVAILABLE,0.30434782608695654,NOT_APPLICABLE
AUSTIN_DRE_PHASE_3,AUSTIN_DOWNFALL_STATE_MODEL_V1,NCAAB_H2_1_AUSTIN_TRANSFER_V1,19cb3a7b260b8876,NCAAB_20260124_UCF_COLO,KXNCAAMBGAME-26JAN24UCFCOLO-UCF,H2_1,2,2026-01-24T21:03:28+00:00,2,360,UNRESOLVED,0,CI_UNAVAILABLE,SUPPORT_UNAVAILABLE,UNAVAILABLE,UNAVAILABLE,UNAVAILABLE,UNAVAILABLE,UNAVAILABLE,UNAVAILABLE,UNAVAILABLE,UNAVAILABLE,UNAVAILABLE,49,UNAVAILABLE,47-49,-2,UNAVAILABLE,UNAVAILABLE,UNAVAILABLE,360,UNAVAILABLE,UNAVAILABLE,UNAVAILABLE,UNAVAILABLE,0.30434782608695654,NOT_APPLICABLE
AUSTIN_DRE_PHASE_3,AUSTIN_DOWNFALL_STATE_MODEL_V1,NCAAB_H2_1_AUSTIN_TRANSFER_V1,19cb3a7b260b8876,NCAAB_20260124_UCF_COLO,KXNCAAMBGAME-26JAN24UCFCOLO-UCF,H2_1,3,2026-01-24T21:03:28+00:00,2,240,UNRESOLVED,0,CI_UNAVAILABLE,SUPPORT_UNAVAILABLE,UNAVAILABLE,UNAVAILABLE,UNAVAILABLE,UNAVAILABLE,UNAVAILABLE,UNAVAILABLE,UNAVAILABLE,UNAVAILABLE,UNAVAILABLE,49,UNAVAILABLE,47-49,-2,UNAVAILABLE,UNAVAILABLE,UNAVAILABLE,240,UNAVAILABLE,UNAVAILABLE,UNAVAILABLE,UNAVAILABLE,0.30434782608695654,NOT_APPLICABLE
AUSTIN_DRE_PHASE_3,AUSTIN_DOWNFALL_STATE_MODEL_V1,NCAAB_H2_1_AUSTIN_TRANSFER_V1,19cb3a7b260b8876,NCAAB_20260124_UCF_COLO,KXNCAAMBGAME-26JAN24UCFCOLO-UCF,H2_1,4,2026-01-24T21:03:28+00:00,2,120,UNRESOLVED,0,CI_UNAVAILABLE,SUPPORT_UNAVAILABLE,UNAVAILABLE,UNAVAILABLE,UNAVAILABLE,UNAVAILABLE,UNAVAILABLE,UNAVAILABLE,UNAVAILABLE,UNAVAILABLE,UNAVAILABLE,49,UNAVAILABLE,47-49,-2,UNAVAILABLE,UNAVAILABLE,UNAVAILABLE,120,UNAVAILABLE,UNAVAILABLE,UNAVAILABLE,UNAVAILABLE,0.30434782608695654,NOT_APPLICABLE
AUSTIN_DRE_PHASE_3,AUSTIN_DOWNFALL_STATE_MODEL_V1,NCAAB_H2_1_AUSTIN_TRANSFER_V1,19cb3a7b260b8876,NCAAB_20260124_UCF_COLO,KXNCAAMBGAME-26JAN24UCFCOLO-UCF,H2_1,5,2026-01-24T22:06:29+00:00,2,0,HEALTHY,0,CI_CROSSES_ZERO,NORMAL_SUPPORT,1.6280770665599538,-16.0,16.0,1.6280770665599538,0.0,UNAVAILABLE,UNAVAILABLE,UNAVAILABLE,UNAVAILABLE,99,11.0,86-95,-9,UNAVAILABLE,UNAVAILABLE,606.0,0,23.23496317055097,25.0,1.5010885506057492,1.550717635507477,1.0,VALUE
AUSTIN_DRE_PHASE_3,AUSTIN_DOWNFALL_STATE_MODEL_V1,NCAAB_H2_1_AUSTIN_TRANSFER_V1,602c6b8b3a9e6cad,NCAAB_20260124_KU_KSU,KXNCAAMBGAME-26JAN24KUKSU-KU,H2_1,0,2026-01-25T02:13:48+00:00,2,840,UNRESOLVED,0,CI_UNAVAILABLE,SUPPORT_UNAVAILABLE,UNAVAILABLE,UNAVAILABLE,UNAVAILABLE,UNAVAILABLE,UNAVAILABLE,UNAVAILABLE,UNAVAILABLE,UNAVAILABLE,UNAVAILABLE,69,UNAVAILABLE,35-37,-2,UNAVAILABLE,UNAVAILABLE,UNAVAILABLE,840,UNAVAILABLE,UNAVAILABLE,UNAVAILABLE,UNAVAILABLE,0.30434782608695654,NOT_APPLICABLE
AUSTIN_DRE_PHASE_3,AUSTIN_DOWNFALL_STATE_MODEL_V1,NCAAB_H2_1_AUSTIN_TRANSFER_V1,602c6b8b3a9e6cad,NCAAB_20260124_KU_KSU,KXNCAAMBGAME-26JAN24KUKSU-KU,H2_1,1,2026-01-25T02:13:48+00:00,2,720,UNRESOLVED,0,CI_UNAVAILABLE,SUPPORT_UNAVAILABLE,UNAVAILABLE,UNAVAILABLE,UNAVAILABLE,UNAVAILABLE,UNAVAILABLE,UNAVAILABLE,UNAVAILABLE,UNAVAILABLE,UNAVAILABLE,69,UNAVAILABLE,35-37,-2,UNAVAILABLE,UNAVAILABLE,UNAVAILABLE,720,UNAVAILABLE,UNAVAILABLE,UNAVAILABLE,UNAVAILABLE,0.30434782608695654,NOT_APPLICABLE
AUSTIN_DRE_PHASE_3,AUSTIN_DOWNFALL_STATE_MODEL_V1,NCAAB_H2_1_AUSTIN_TRANSFER_V1,602c6b8b3a9e6cad,NCAAB_20260124_KU_KSU,KXNCAAMBGAME-26JAN24KUKSU-KU,H2_1,2,2026-01-25T02:13:48+00:00,2,600,UNRESOLVED,0,CI_UNAVAILABLE,SUPPORT_UNAVAILABLE,UNAVAILABLE,UNAVAILABLE,UNAVAILABLE,UNAVAILABLE,UNAVAILABLE,UNAVAILABLE,UNAVAILABLE,UNAVAILABLE,UNAVAILABLE,69,UNAVAILABLE,35-37,-2,UNAVAILABLE,UNAVAILABLE,UNAVAILABLE,600,UNAVAILABLE,UNAVAILABLE,UNAVAILABLE,UNAVAILABLE,0.30434782608695654,NOT_APPLICABLE
AUSTIN_DRE_PHASE_3,AUSTIN_DOWNFALL_STATE_MODEL_V1,NCAAB_H2_1_AUSTIN_TRANSFER_V1,602c6b8b3a9e6cad,NCAAB_20260124_KU_KSU,KXNCAAMBGAME-26JAN24KUKSU-KU,H2_1,3,2026-01-25T02:13:48+00:00,2,480,UNRESOLVED,0,CI_UNAVAILABLE,SUPPORT_UNAVAILABLE,UNAVAILABLE,UNAVAILABLE,UNAVAILABLE,UNAVAILABLE,UNAVAILABLE,UNAVAILABLE,UNAVAILABLE,UNAVAILABLE,UNAVAILABLE,69,UNAVAILABLE,35-37,-2,UNAVAILABLE,UNAVAILABLE,UNAVAILABLE,480,UNAVAILABLE,UNAVAILABLE,UNAVAILABLE,UNAVAILABLE,0.30434782608695654,NOT_APPLICABLE
AUSTIN_DRE_PHASE_3,AUSTIN_DOWNFALL_STATE_MODEL_V1,NCAAB_H2_1_AUSTIN_TRANSFER_V1,602c6b8b3a9e6cad,NCAAB_20260124_KU_KSU,KXNCAAMBGAME-26JAN24KUKSU-KU,H2_1,4,2026-01-25T02:13:48+00:00,2,360,UNRESOLVED,0,CI_UNAVAILABLE,SUPPORT_UNAVAILABLE,UNAVAILABLE,UNAVAILABLE,UNAVAILABLE,UNAVAILABLE,UNAVAILABLE,UNAVAILABLE,UNAVAILABLE,UNAVAILABLE,UNAVAILABLE,69,UNAVAILABLE,35-37,-2,UNAVAILABLE,UNAVAILABLE,UNAVAILABLE,360,UNAVAILABLE,UNAVAILABLE,UNAVAILABLE,UNAVAILABLE,0.30434782608695654,NOT_APPLICABLE
AUSTIN_DRE_PHASE_3,AUSTIN_DOWNFALL_STATE_MODEL_V1,NCAAB_H2_1_AUSTIN_TRANSFER_V1,602c6b8b3a9e6cad,NCAAB_20260124_KU_KSU,KXNCAAMBGAME-26JAN24KUKSU-KU,H2_1,5,2026-01-25T02:13:48+00:00,2,240,UNRESOLVED,0,CI_UNAVAILABLE,SUPPORT_UNAVAILABLE,UNAVAILABLE,UNAVAILABLE,UNAVAILABLE,UNAVAILABLE,UNAVAILABLE,UNAVAILABLE,UNAVAILABLE,UNAVAILABLE,UNAVAILABLE,69,UNAVAILABLE,35-37,-2,UNAVAILABLE,UNAVAILABLE,UNAVAILABLE,240,UNAVAILABLE,UNAVAILABLE,UNAVAILABLE,UNAVAILABLE,0.30434782608695654,NOT_APPLICABLE
AUSTIN_DRE_PHASE_3,AUSTIN_DOWNFALL_STATE_MODEL_V1,NCAAB_H2_1_AUSTIN_TRANSFER_V1,602c6b8b3a9e6cad,NCAAB_20260124_KU_KSU,KXNCAAMBGAME-26JAN24KUKSU-KU,H2_1,6,2026-01-25T02:13:48+00:00,2,120,UNRESOLVED,0,CI_UNAVAILABLE,SUPPORT_UNAVAILABLE,UNAVAILABLE,UNAVAILABLE,UNAVAILABLE,UNAVAILABLE,UNAVAILABLE,UNAVAILABLE,UNAVAILABLE,UNAVAILABLE,UNAVAILABLE,69,UNAVAILABLE,35-37,-2,UNAVAILABLE,UNAVAILABLE,UNAVAILABLE,120,UNAVAILABLE,UNAVAILABLE,UNAVAILABLE,UNAVAILABLE,0.30434782608695654,NOT_APPLICABLE
AUSTIN_DRE_PHASE_3,AUSTIN_DOWNFALL_STATE_MODEL_V1,NCAAB_H2_1_AUSTIN_TRANSFER_V1,602c6b8b3a9e6cad,NCAAB_20260124_KU_KSU,KXNCAAMBGAME-26JAN24KUKSU-KU,H2_1,7,2026-01-25T03:11:13+00:00,2,0,HEALTHY,0,CI_POSITIVE,NORMAL_SUPPORT,20.0,20.0,20.0,20.0,0.0,UNAVAILABLE,UNAVAILABLE,UNAVAILABLE,UNAVAILABLE,99,17.0,62-86,-24,UNAVAILABLE,UNAVAILABLE,911.0,0,24.440724209115555,25.0,0.8001523871416338,0.8235459258268076,1.0,VALUE
AUSTIN_DRE_PHASE_3,AUSTIN_DOWNFALL_STATE_MODEL_V1,NCAAB_H2_1_AUSTIN_TRANSFER_V1,5c8c42fd3b9d2646,NCAAB_20260124_CIN_ASU,KXNCAAMBGAME-26JAN24CINASU-ASU,H2_1,0,2026-01-25T04:15:00+00:00,2,600,UNRESOLVED,0,CI_UNAVAILABLE,SUPPORT_UNAVAILABLE,UNAVAILABLE,UNAVAILABLE,UNAVAILABLE,UNAVAILABLE,UNAVAILABLE,UNAVAILABLE,UNAVAILABLE,UNAVAILABLE,UNAVAILABLE,55,UNAVAILABLE,37-33,4,UNAVAILABLE,UNAVAILABLE,UNAVAILABLE,600,UNAVAILABLE,UNAVAILABLE,UNAVAILABLE,UNAVAILABLE,0.30434782608695654,NOT_APPLICABLE
AUSTIN_DRE_PHASE_3,AUSTIN_DOWNFALL_STATE_MODEL_V1,NCAAB_H2_1_AUSTIN_TRANSFER_V1,5c8c42fd3b9d2646,NCAAB_20260124_CIN_ASU,KXNCAAMBGAME-26JAN24CINASU-ASU,H2_1,1,2026-01-25T04:48:44+00:00,2,480,HEALTHY,0,CI_CROSSES_ZERO,NORMAL_SUPPORT,5.138548364159042,-12.0,16.0,5.138548364159042,0.0,UNAVAILABLE,UNAVAILABLE,UNAVAILABLE,UNAVAILABLE,91,4.0,64-57,7,UNAVAILABLE,UNAVAILABLE,187.0,480,24.500603031168446,25.0,1.5637764519149027,1.6031833166653817,0.9710144927536232,VALUE
AUSTIN_DRE_PHASE_3,AUSTIN_DOWNFALL_STATE_MODEL_V1,NCAAB_H2_1_AUSTIN_TRANSFER_V1,5c8c42fd3b9d2646,NCAAB_20260124_CIN_ASU,KXNCAAMBGAME-26JAN24CINASU-ASU,H2_1,2,2026-01-25T04:54:30+00:00,2,360,WATCH_NEGATIVE,1,CI_CROSSES_ZERO,NORMAL_SUPPORT,-18.327801498953512,-36.0,0.0,5.138548364159042,-23.466349863112555,5.138548364159042,-23.466349863112555,-11.733174931556277,UNAVAILABLE,67,-20.0,67-61,6,UNAVAILABLE,UNAVAILABLE,307.0,360,24.620211010797895,25.0,1.768034676655783,1.8278239095981272,0.9855072463768116,VALUE
AUSTIN_DRE_PHASE_3,AUSTIN_DOWNFALL_STATE_MODEL_V1,NCAAB_H2_1_AUSTIN_TRANSFER_V1,5c8c42fd3b9d2646,NCAAB_20260124_CIN_ASU,KXNCAAMBGAME-26JAN24CINASU-ASU,H2_1,3,2026-01-25T04:15:00+00:00,2,240,UNRESOLVED,0,CI_UNAVAILABLE,SUPPORT_UNAVAILABLE,UNAVAILABLE,UNAVAILABLE,UNAVAILABLE,5.138548364159042,UNAVAILABLE,5.138548364159042,UNAVAILABLE,UNAVAILABLE,UNAVAILABLE,55,UNAVAILABLE,37-33,4,UNAVAILABLE,UNAVAILABLE,UNAVAILABLE,240,UNAVAILABLE,UNAVAILABLE,UNAVAILABLE,UNAVAILABLE,0.30434782608695654,NOT_APPLICABLE
AUSTIN_DRE_PHASE_3,AUSTIN_DOWNFALL_STATE_MODEL_V1,NCAAB_H2_1_AUSTIN_TRANSFER_V1,5c8c42fd3b9d2646,NCAAB_20260124_CIN_ASU,KXNCAAMBGAME-26JAN24CINASU-ASU,H2_1,4,2026-01-25T04:15:00+00:00,2,120,UNRESOLVED,0,CI_UNAVAILABLE,SUPPORT_UNAVAILABLE,UNAVAILABLE,UNAVAILABLE,UNAVAILABLE,5.138548364159042,UNAVAILABLE,5.138548364159042,UNAVAILABLE,UNAVAILABLE,UNAVAILABLE,55,UNAVAILABLE,37-33,4,UNAVAILABLE,UNAVAILABLE,UNAVAILABLE,120,UNAVAILABLE,UNAVAILABLE,UNAVAILABLE,UNAVAILABLE,0.30434782608695654,NOT_APPLICABLE
AUSTIN_DRE_PHASE_3,AUSTIN_DOWNFALL_STATE_MODEL_V1,NCAAB_H2_1_AUSTIN_TRANSFER_V1,5c8c42fd3b9d2646,NCAAB_20260124_CIN_ASU,KXNCAAMBGAME-26JAN24CINASU-ASU,H2_1,5,2026-01-25T05:11:57+00:00,2,0,HEALTHY,0,CI_CROSSES_ZERO,NORMAL_SUPPORT,0.6233798291224804,-16.0,16.0,5.138548364159042,-4.515168535036562,-18.327801498953512,18.951181328075993,3.1585302213459987,2.481950858817046,99,12.0,82-68,14,UNAVAILABLE,UNAVAILABLE,667.0,0,24.41691325734967,25.0,0.9747363632153281,0.9679069564535583,1.0,VALUE
AUSTIN_DRE_PHASE_3,AUSTIN_DOWNFALL_STATE_MODEL_V1,NCAAB_H2_1_AUSTIN_TRANSFER_V1,4cdbb911b2751bd9,NCAAB_20260127_PUR_IND,KXNCAAMBGAME-26JAN27PURIND-IND,H2_1,0,2026-01-28T03:04:01+00:00,2,960,UNRESOLVED,0,CI_UNAVAILABLE,SUPPORT_UNAVAILABLE,UNAVAILABLE,UNAVAILABLE,UNAVAILABLE,UNAVAILABLE,UNAVAILABLE,UNAVAILABLE,UNAVAILABLE,UNAVAILABLE,UNAVAILABLE,70,UNAVAILABLE,40-29,11,UNAVAILABLE,UNAVAILABLE,UNAVAILABLE,960,UNAVAILABLE,UNAVAILABLE,UNAVAILABLE,UNAVAILABLE,0.30434782608695654,NOT_APPLICABLE
AUSTIN_DRE_PHASE_3,AUSTIN_DOWNFALL_STATE_MODEL_V1,NCAAB_H2_1_AUSTIN_TRANSFER_V1,4cdbb911b2751bd9,NCAAB_20260127_PUR_IND,KXNCAAMBGAME-26JAN27PURIND-IND,H2_1,1,2026-01-28T03:04:01+00:00,2,840,UNRESOLVED,0,CI_UNAVAILABLE,SUPPORT_UNAVAILABLE,UNAVAILABLE,UNAVAILABLE,UNAVAILABLE,UNAVAILABLE,UNAVAILABLE,UNAVAILABLE,UNAVAILABLE,UNAVAILABLE,UNAVAILABLE,70,UNAVAILABLE,40-29,11,UNAVAILABLE,UNAVAILABLE,UNAVAILABLE,840,UNAVAILABLE,UNAVAILABLE,UNAVAILABLE,UNAVAILABLE,0.30434782608695654,NOT_APPLICABLE
AUSTIN_DRE_PHASE_3,AUSTIN_DOWNFALL_STATE_MODEL_V1,NCAAB_H2_1_AUSTIN_TRANSFER_V1,4cdbb911b2751bd9,NCAAB_20260127_PUR_IND,KXNCAAMBGAME-26JAN27PURIND-IND,H2_1,2,2026-01-28T03:04:01+00:00,2,720,UNRESOLVED,0,CI_UNAVAILABLE,SUPPORT_UNAVAILABLE,UNAVAILABLE,UNAVAILABLE,UNAVAILABLE,UNAVAILABLE,UNAVAILABLE,UNAVAILABLE,UNAVAILABLE,UNAVAILABLE,UNAVAILABLE,70,UNAVAILABLE,40-29,11,UNAVAILABLE,UNAVAILABLE,UNAVAILABLE,720,UNAVAILABLE,UNAVAILABLE,UNAVAILABLE,UNAVAILABLE,0.30434782608695654,NOT_APPLICABLE
AUSTIN_DRE_PHASE_3,AUSTIN_DOWNFALL_STATE_MODEL_V1,NCAAB_H2_1_AUSTIN_TRANSFER_V1,4cdbb911b2751bd9,NCAAB_20260127_PUR_IND,KXNCAAMBGAME-26JAN27PURIND-IND,H2_1,3,2026-01-28T03:04:01+00:00,2,600,UNRESOLVED,0,CI_UNAVAILABLE,SUPPORT_UNAVAILABLE,UNAVAILABLE,UNAVAILABLE,UNAVAILABLE,UNAVAILABLE,UNAVAILABLE,UNAVAILABLE,UNAVAILABLE,UNAVAILABLE,UNAVAILABLE,70,UNAVAILABLE,40-29,11,UNAVAILABLE,UNAVAILABLE,UNAVAILABLE,600,UNAVAILABLE,UNAVAILABLE,UNAVAILABLE,UNAVAILABLE,0.30434782608695654,NOT_APPLICABLE
AUSTIN_DRE_PHASE_3,AUSTIN_DOWNFALL_STATE_MODEL_V1,NCAAB_H2_1_AUSTIN_TRANSFER_V1,4cdbb911b2751bd9,NCAAB_20260127_PUR_IND,KXNCAAMBGAME-26JAN27PURIND-IND,H2_1,4,2026-01-28T03:04:01+00:00,2,480,UNRESOLVED,0,CI_UNAVAILABLE,SUPPORT_UNAVAILABLE,UNAVAILABLE,UNAVAILABLE,UNAVAILABLE,UNAVAILABLE,UNAVAILABLE,UNAVAILABLE,UNAVAILABLE,UNAVAILABLE,UNAVAILABLE,70,UNAVAILABLE,40-29,11,UNAVAILABLE,UNAVAILABLE,UNAVAILABLE,480,UNAVAILABLE,UNAVAILABLE,UNAVAILABLE,UNAVAILABLE,0.30434782608695654,NOT_APPLICABLE
AUSTIN_DRE_PHASE_3,AUSTIN_DOWNFALL_STATE_MODEL_V1,NCAAB_H2_1_AUSTIN_TRANSFER_V1,4cdbb911b2751bd9,NCAAB_20260127_PUR_IND,KXNCAAMBGAME-26JAN27PURIND-IND,H2_1,5,2026-01-28T03:36:46+00:00,2,360,HEALTHY,0,CI_POSITIVE,NORMAL_SUPPORT,16.03761193198993,8.0,20.0,16.03761193198993,0.0,UNAVAILABLE,UNAVAILABLE,UNAVAILABLE,UNAVAILABLE,84,4.0,63-53,10,UNAVAILABLE,UNAVAILABLE,683.0,360,24.033442079097103,25.0,0.370347522460597,0.3823318129434476,1.0,VALUE
AUSTIN_DRE_PHASE_3,AUSTIN_DOWNFALL_STATE_MODEL_V1,NCAAB_H2_1_AUSTIN_TRANSFER_V1,4cdbb911b2751bd9,NCAAB_20260127_PUR_IND,KXNCAAMBGAME-26JAN27PURIND-IND,H2_1,6,2026-01-28T03:42:26+00:00,2,240,HEALTHY,0,CI_POSITIVE,NORMAL_SUPPORT,20.000000000000004,20.0,20.0,16.03761193198993,3.9623880680100747,16.03761193198993,3.9623880680100747,1.9811940340050374,UNAVAILABLE,85,5.0,65-58,7,UNAVAILABLE,UNAVAILABLE,803.0,240,24.85414535691798,25.0,0.3718898440536473,0.3765106934620224,1.0,VALUE
AUSTIN_DRE_PHASE_3,AUSTIN_DOWNFALL_STATE_MODEL_V1,NCAAB_H2_1_AUSTIN_TRANSFER_V1,4cdbb911b2751bd9,NCAAB_20260127_PUR_IND,KXNCAAMBGAME-26JAN27PURIND-IND,H2_1,7,2026-01-28T03:04:01+00:00,2,120,UNRESOLVED,0,CI_UNAVAILABLE,SUPPORT_UNAVAILABLE,UNAVAILABLE,UNAVAILABLE,UNAVAILABLE,16.03761193198993,UNAVAILABLE,16.03761193198993,UNAVAILABLE,UNAVAILABLE,UNAVAILABLE,70,UNAVAILABLE,40-29,11,UNAVAILABLE,UNAVAILABLE,UNAVAILABLE,120,UNAVAILABLE,UNAVAILABLE,UNAVAILABLE,UNAVAILABLE,0.30434782608695654,NOT_APPLICABLE
AUSTIN_DRE_PHASE_3,AUSTIN_DOWNFALL_STATE_MODEL_V1,NCAAB_H2_1_AUSTIN_TRANSFER_V1,4cdbb911b2751bd9,NCAAB_20260127_PUR_IND,KXNCAAMBGAME-26JAN27PURIND-IND,H2_1,8,2026-01-28T04:01:14+00:00,2,0,HEALTHY,0,CI_POSITIVE,NORMAL_SUPPORT,20.0,20.0,20.0,16.03761193198993,3.962388068010071,20.000000000000004,-3.552713678800501e-15,-8.881784197001252e-16,-0.49529850850125956,97,17.0,72-67,5,UNAVAILABLE,UNAVAILABLE,1043.0,0,24.556492423201004,25.0,0.8059799417923921,0.8146399168149113,1.0,VALUE
AUSTIN_DRE_PHASE_3,AUSTIN_DOWNFALL_STATE_MODEL_V1,NCAAB_H2_1_AUSTIN_TRANSFER_V1,b96e5bfb6d2a3874,NCAAB_20260128_USC_IOWA,KXNCAAMBGAME-26JAN28USCIOWA-IOWA,H2_1,0,2026-01-29T01:12:34+00:00,2,960,HEALTHY,0,CI_CROSSES_ZERO,NORMAL_SUPPORT,11.37115323775579,0.0,20.0,11.37115323775579,0.0,UNAVAILABLE,UNAVAILABLE,UNAVAILABLE,UNAVAILABLE,83,2.0,37-32,5,UNAVAILABLE,UNAVAILABLE,46.0,960,24.876842216781036,25.0,0.9885132467836031,1.0278713961817245,0.855072463768116,VALUE
AUSTIN_DRE_PHASE_3,AUSTIN_DOWNFALL_STATE_MODEL_V1,NCAAB_H2_1_AUSTIN_TRANSFER_V1,b96e5bfb6d2a3874,NCAAB_20260128_USC_IOWA,KXNCAAMBGAME-26JAN28USCIOWA-IOWA,H2_1,1,2026-01-29T01:02:56+00:00,2,840,UNRESOLVED,0,CI_UNAVAILABLE,SUPPORT_UNAVAILABLE,UNAVAILABLE,UNAVAILABLE,UNAVAILABLE,11.37115323775579,UNAVAILABLE,UNAVAILABLE,UNAVAILABLE,UNAVAILABLE,UNAVAILABLE,68,UNAVAILABLE,27-28,-1,UNAVAILABLE,UNAVAILABLE,UNAVAILABLE,840,UNAVAILABLE,UNAVAILABLE,UNAVAILABLE,UNAVAILABLE,0.30434782608695654,NOT_APPLICABLE
AUSTIN_DRE_PHASE_3,AUSTIN_DOWNFALL_STATE_MODEL_V1,NCAAB_H2_1_AUSTIN_TRANSFER_V1,b96e5bfb6d2a3874,NCAAB_20260128_USC_IOWA,KXNCAAMBGAME-26JAN28USCIOWA-IOWA,H2_1,2,2026-01-29T01:02:56+00:00,2,720,UNRESOLVED,0,CI_UNAVAILABLE,SUPPORT_UNAVAILABLE,UNAVAILABLE,UNAVAILABLE,UNAVAILABLE,11.37115323775579,UNAVAILABLE,UNAVAILABLE,UNAVAILABLE,UNAVAILABLE,UNAVAILABLE,68,UNAVAILABLE,27-28,-1,UNAVAILABLE,UNAVAILABLE,UNAVAILABLE,720,UNAVAILABLE,UNAVAILABLE,UNAVAILABLE,UNAVAILABLE,0.30434782608695654,NOT_APPLICABLE
AUSTIN_DRE_PHASE_3,AUSTIN_DOWNFALL_STATE_MODEL_V1,NCAAB_H2_1_AUSTIN_TRANSFER_V1,b96e5bfb6d2a3874,NCAAB_20260128_USC_IOWA,KXNCAAMBGAME-26JAN28USCIOWA-IOWA,H2_1,3,2026-01-29T01:02:56+00:00,2,600,UNRESOLVED,0,CI_UNAVAILABLE,SUPPORT_UNAVAILABLE,UNAVAILABLE,UNAVAILABLE,UNAVAILABLE,11.37115323775579,UNAVAILABLE,UNAVAILABLE,UNAVAILABLE,UNAVAILABLE,UNAVAILABLE,68,UNAVAILABLE,27-28,-1,UNAVAILABLE,UNAVAILABLE,UNAVAILABLE,600,UNAVAILABLE,UNAVAILABLE,UNAVAILABLE,UNAVAILABLE,0.30434782608695654,NOT_APPLICABLE
AUSTIN_DRE_PHASE_3,AUSTIN_DOWNFALL_STATE_MODEL_V1,NCAAB_H2_1_AUSTIN_TRANSFER_V1,b96e5bfb6d2a3874,NCAAB_20260128_USC_IOWA,KXNCAAMBGAME-26JAN28USCIOWA-IOWA,H2_1,4,2026-01-29T01:02:56+00:00,2,480,UNRESOLVED,0,CI_UNAVAILABLE,SUPPORT_UNAVAILABLE,UNAVAILABLE,UNAVAILABLE,UNAVAILABLE,11.37115323775579,UNAVAILABLE,UNAVAILABLE,UNAVAILABLE,UNAVAILABLE,UNAVAILABLE,68,UNAVAILABLE,27-28,-1,UNAVAILABLE,UNAVAILABLE,UNAVAILABLE,480,UNAVAILABLE,UNAVAILABLE,UNAVAILABLE,UNAVAILABLE,0.30434782608695654,NOT_APPLICABLE
AUSTIN_DRE_PHASE_3,AUSTIN_DOWNFALL_STATE_MODEL_V1,NCAAB_H2_1_AUSTIN_TRANSFER_V1,b96e5bfb6d2a3874,NCAAB_20260128_USC_IOWA,KXNCAAMBGAME-26JAN28USCIOWA-IOWA,H2_1,5,2026-01-29T01:02:56+00:00,2,360,UNRESOLVED,0,CI_UNAVAILABLE,SUPPORT_UNAVAILABLE,UNAVAILABLE,UNAVAILABLE,UNAVAILABLE,11.37115323775579,UNAVAILABLE,UNAVAILABLE,UNAVAILABLE,UNAVAILABLE,UNAVAILABLE,68,UNAVAILABLE,27-28,-1,UNAVAILABLE,UNAVAILABLE,UNAVAILABLE,360,UNAVAILABLE,UNAVAILABLE,UNAVAILABLE,UNAVAILABLE,0.30434782608695654,NOT_APPLICABLE
AUSTIN_DRE_PHASE_3,AUSTIN_DOWNFALL_STATE_MODEL_V1,NCAAB_H2_1_AUSTIN_TRANSFER_V1,b96e5bfb6d2a3874,NCAAB_20260128_USC_IOWA,KXNCAAMBGAME-26JAN28USCIOWA-IOWA,H2_1,6,2026-01-29T01:02:56+00:00,2,240,UNRESOLVED,0,CI_UNAVAILABLE,SUPPORT_UNAVAILABLE,UNAVAILABLE,UNAVAILABLE,UNAVAILABLE,11.37115323775579,UNAVAILABLE,UNAVAILABLE,UNAVAILABLE,UNAVAILABLE,UNAVAILABLE,68,UNAVAILABLE,27-28,-1,UNAVAILABLE,UNAVAILABLE,UNAVAILABLE,240,UNAVAILABLE,UNAVAILABLE,UNAVAILABLE,UNAVAILABLE,0.30434782608695654,NOT_APPLICABLE
AUSTIN_DRE_PHASE_3,AUSTIN_DOWNFALL_STATE_MODEL_V1,NCAAB_H2_1_AUSTIN_TRANSFER_V1,b96e5bfb6d2a3874,NCAAB_20260128_USC_IOWA,KXNCAAMBGAME-26JAN28USCIOWA-IOWA,H2_1,7,2026-01-29T01:02:56+00:00,2,120,UNRESOLVED,0,CI_UNAVAILABLE,SUPPORT_UNAVAILABLE,UNAVAILABLE,UNAVAILABLE,UNAVAILABLE,11.37115323775579,UNAVAILABLE,UNAVAILABLE,UNAVAILABLE,UNAVAILABLE,UNAVAILABLE,68,UNAVAILABLE,27-28,-1,UNAVAILABLE,UNAVAILABLE,UNAVAILABLE,120,UNAVAILABLE,UNAVAILABLE,UNAVAILABLE,UNAVAILABLE,0.30434782608695654,NOT_APPLICABLE
AUSTIN_DRE_PHASE_3,AUSTIN_DOWNFALL_STATE_MODEL_V1,NCAAB_H2_1_AUSTIN_TRANSFER_V1,b96e5bfb6d2a3874,NCAAB_20260128_USC_IOWA,KXNCAAMBGAME-26JAN28USCIOWA-IOWA,H2_1,8,2026-01-29T02:05:26+00:00,2,0,HEALTHY,0,CI_POSITIVE,NORMAL_SUPPORT,19.999999999999993,20.0,20.0,11.37115323775579,8.628846762244203,11.37115323775579,8.628846762244203,0.5393029226402627,UNAVAILABLE,99,18.0,73-72,1,UNAVAILABLE,UNAVAILABLE,1006.0,0,24.97751146381808,25.0,1.229322071931562,1.2218630884134616,1.0,VALUE
AUSTIN_DRE_PHASE_3,AUSTIN_DOWNFALL_STATE_MODEL_V1,NCAAB_H2_1_AUSTIN_TRANSFER_V1,4a26bb0fc7fe9daa,NCAAB_20260131_SMU_LOU,KXNCAAMBGAME-26JAN31SMULOU-LOU,H2_1,0,2026-01-31T20:09:38+00:00,2,840,UNRESOLVED,0,CI_UNAVAILABLE,SUPPORT_UNAVAILABLE,UNAVAILABLE,UNAVAILABLE,UNAVAILABLE,UNAVAILABLE,UNAVAILABLE,UNAVAILABLE,UNAVAILABLE,UNAVAILABLE,UNAVAILABLE,65,UNAVAILABLE,44-47,-3,UNAVAILABLE,UNAVAILABLE,UNAVAILABLE,840,UNAVAILABLE,UNAVAILABLE,UNAVAILABLE,UNAVAILABLE,0.30434782608695654,NOT_APPLICABLE
AUSTIN_DRE_PHASE_3,AUSTIN_DOWNFALL_STATE_MODEL_V1,NCAAB_H2_1_AUSTIN_TRANSFER_V1,4a26bb0fc7fe9daa,NCAAB_20260131_SMU_LOU,KXNCAAMBGAME-26JAN31SMULOU-LOU,H2_1,1,2026-01-31T20:09:38+00:00,2,720,UNRESOLVED,0,CI_UNAVAILABLE,SUPPORT_UNAVAILABLE,UNAVAILABLE,UNAVAILABLE,UNAVAILABLE,UNAVAILABLE,UNAVAILABLE,UNAVAILABLE,UNAVAILABLE,UNAVAILABLE,UNAVAILABLE,65,UNAVAILABLE,44-47,-3,UNAVAILABLE,UNAVAILABLE,UNAVAILABLE,720,UNAVAILABLE,UNAVAILABLE,UNAVAILABLE,UNAVAILABLE,0.30434782608695654,NOT_APPLICABLE
AUSTIN_DRE_PHASE_3,AUSTIN_DOWNFALL_STATE_MODEL_V1,NCAAB_H2_1_AUSTIN_TRANSFER_V1,4a26bb0fc7fe9daa,NCAAB_20260131_SMU_LOU,KXNCAAMBGAME-26JAN31SMULOU-LOU,H2_1,2,2026-01-31T20:09:38+00:00,2,600,UNRESOLVED,0,CI_UNAVAILABLE,SUPPORT_UNAVAILABLE,UNAVAILABLE,UNAVAILABLE,UNAVAILABLE,UNAVAILABLE,UNAVAILABLE,UNAVAILABLE,UNAVAILABLE,UNAVAILABLE,UNAVAILABLE,65,UNAVAILABLE,44-47,-3,UNAVAILABLE,UNAVAILABLE,UNAVAILABLE,600,UNAVAILABLE,UNAVAILABLE,UNAVAILABLE,UNAVAILABLE,0.30434782608695654,NOT_APPLICABLE
AUSTIN_DRE_PHASE_3,AUSTIN_DOWNFALL_STATE_MODEL_V1,NCAAB_H2_1_AUSTIN_TRANSFER_V1,4a26bb0fc7fe9daa,NCAAB_20260131_SMU_LOU,KXNCAAMBGAME-26JAN31SMULOU-LOU,H2_1,3,2026-01-31T20:09:38+00:00,2,480,UNRESOLVED,0,CI_UNAVAILABLE,SUPPORT_UNAVAILABLE,UNAVAILABLE,UNAVAILABLE,UNAVAILABLE,UNAVAILABLE,UNAVAILABLE,UNAVAILABLE,UNAVAILABLE,UNAVAILABLE,UNAVAILABLE,65,UNAVAILABLE,44-47,-3,UNAVAILABLE,UNAVAILABLE,UNAVAILABLE,480,UNAVAILABLE,UNAVAILABLE,UNAVAILABLE,UNAVAILABLE,0.30434782608695654,NOT_APPLICABLE
AUSTIN_DRE_PHASE_3,AUSTIN_DOWNFALL_STATE_MODEL_V1,NCAAB_H2_1_AUSTIN_TRANSFER_V1,4a26bb0fc7fe9daa,NCAAB_20260131_SMU_LOU,KXNCAAMBGAME-26JAN31SMULOU-LOU,H2_1,4,2026-01-31T20:09:38+00:00,2,360,UNRESOLVED,0,CI_UNAVAILABLE,SUPPORT_UNAVAILABLE,UNAVAILABLE,UNAVAILABLE,UNAVAILABLE,UNAVAILABLE,UNAVAILABLE,UNAVAILABLE,UNAVAILABLE,UNAVAILABLE,UNAVAILABLE,65,UNAVAILABLE,44-47,-3,UNAVAILABLE,UNAVAILABLE,UNAVAILABLE,360,UNAVAILABLE,UNAVAILABLE,UNAVAILABLE,UNAVAILABLE,0.30434782608695654,NOT_APPLICABLE
AUSTIN_DRE_PHASE_3,AUSTIN_DOWNFALL_STATE_MODEL_V1,NCAAB_H2_1_AUSTIN_TRANSFER_V1,4a26bb0fc7fe9daa,NCAAB_20260131_SMU_LOU,KXNCAAMBGAME-26JAN31SMULOU-LOU,H2_1,5,2026-01-31T20:09:38+00:00,2,240,UNRESOLVED,0,CI_UNAVAILABLE,SUPPORT_UNAVAILABLE,UNAVAILABLE,UNAVAILABLE,UNAVAILABLE,UNAVAILABLE,UNAVAILABLE,UNAVAILABLE,UNAVAILABLE,UNAVAILABLE,UNAVAILABLE,65,UNAVAILABLE,44-47,-3,UNAVAILABLE,UNAVAILABLE,UNAVAILABLE,240,UNAVAILABLE,UNAVAILABLE,UNAVAILABLE,UNAVAILABLE,0.30434782608695654,NOT_APPLICABLE
AUSTIN_DRE_PHASE_3,AUSTIN_DOWNFALL_STATE_MODEL_V1,NCAAB_H2_1_AUSTIN_TRANSFER_V1,4a26bb0fc7fe9daa,NCAAB_20260131_SMU_LOU,KXNCAAMBGAME-26JAN31SMULOU-LOU,H2_1,6,2026-01-31T20:09:38+00:00,2,120,UNRESOLVED,0,CI_UNAVAILABLE,SUPPORT_UNAVAILABLE,UNAVAILABLE,UNAVAILABLE,UNAVAILABLE,UNAVAILABLE,UNAVAILABLE,UNAVAILABLE,UNAVAILABLE,UNAVAILABLE,UNAVAILABLE,65,UNAVAILABLE,44-47,-3,UNAVAILABLE,UNAVAILABLE,UNAVAILABLE,120,UNAVAILABLE,UNAVAILABLE,UNAVAILABLE,UNAVAILABLE,0.30434782608695654,NOT_APPLICABLE
AUSTIN_DRE_PHASE_3,AUSTIN_DOWNFALL_STATE_MODEL_V1,NCAAB_H2_1_AUSTIN_TRANSFER_V1,4a26bb0fc7fe9daa,NCAAB_20260131_SMU_LOU,KXNCAAMBGAME-26JAN31SMULOU-LOU,H2_1,7,2026-01-31T21:14:07+00:00,2,0,HEALTHY,0,CI_POSITIVE,NORMAL_SUPPORT,20.0,20.0,20.0,20.0,0.0,UNAVAILABLE,UNAVAILABLE,UNAVAILABLE,UNAVAILABLE,99,17.0,88-74,14,UNAVAILABLE,UNAVAILABLE,841.0,0,24.71982940041054,25.0,0.5344574895403672,0.5002623777528937,1.0,VALUE
AUSTIN_DRE_PHASE_3,AUSTIN_DOWNFALL_STATE_MODEL_V1,NCAAB_H2_1_AUSTIN_TRANSFER_V1,723791053b9d29ed,NCAAB_20260131_BAY_WVU,KXNCAAMBGAME-26JAN31BAYWVU-BAY,H2_1,0,2026-01-31T22:13:37+00:00,2,1080,UNRESOLVED,0,CI_UNAVAILABLE,SUPPORT_UNAVAILABLE,UNAVAILABLE,UNAVAILABLE,UNAVAILABLE,UNAVAILABLE,UNAVAILABLE,UNAVAILABLE,UNAVAILABLE,UNAVAILABLE,UNAVAILABLE,68,UNAVAILABLE,30-38,-8,UNAVAILABLE,UNAVAILABLE,UNAVAILABLE,1080,UNAVAILABLE,UNAVAILABLE,UNAVAILABLE,UNAVAILABLE,0.30434782608695654,NOT_APPLICABLE
AUSTIN_DRE_PHASE_3,AUSTIN_DOWNFALL_STATE_MODEL_V1,NCAAB_H2_1_AUSTIN_TRANSFER_V1,723791053b9d29ed,NCAAB_20260131_BAY_WVU,KXNCAAMBGAME-26JAN31BAYWVU-BAY,H2_1,1,2026-01-31T22:13:37+00:00,2,960,UNRESOLVED,0,CI_UNAVAILABLE,SUPPORT_UNAVAILABLE,UNAVAILABLE,UNAVAILABLE,UNAVAILABLE,UNAVAILABLE,UNAVAILABLE,UNAVAILABLE,UNAVAILABLE,UNAVAILABLE,UNAVAILABLE,68,UNAVAILABLE,30-38,-8,UNAVAILABLE,UNAVAILABLE,UNAVAILABLE,960,UNAVAILABLE,UNAVAILABLE,UNAVAILABLE,UNAVAILABLE,0.30434782608695654,NOT_APPLICABLE
AUSTIN_DRE_PHASE_3,AUSTIN_DOWNFALL_STATE_MODEL_V1,NCAAB_H2_1_AUSTIN_TRANSFER_V1,723791053b9d29ed,NCAAB_20260131_BAY_WVU,KXNCAAMBGAME-26JAN31BAYWVU-BAY,H2_1,2,2026-01-31T22:13:37+00:00,2,840,UNRESOLVED,0,CI_UNAVAILABLE,SUPPORT_UNAVAILABLE,UNAVAILABLE,UNAVAILABLE,UNAVAILABLE,UNAVAILABLE,UNAVAILABLE,UNAVAILABLE,UNAVAILABLE,UNAVAILABLE,UNAVAILABLE,68,UNAVAILABLE,30-38,-8,UNAVAILABLE,UNAVAILABLE,UNAVAILABLE,840,UNAVAILABLE,UNAVAILABLE,UNAVAILABLE,UNAVAILABLE,0.30434782608695654,NOT_APPLICABLE
AUSTIN_DRE_PHASE_3,AUSTIN_DOWNFALL_STATE_MODEL_V1,NCAAB_H2_1_AUSTIN_TRANSFER_V1,723791053b9d29ed,NCAAB_20260131_BAY_WVU,KXNCAAMBGAME-26JAN31BAYWVU-BAY,H2_1,3,2026-01-31T22:13:37+00:00,2,720,UNRESOLVED,0,CI_UNAVAILABLE,SUPPORT_UNAVAILABLE,UNAVAILABLE,UNAVAILABLE,UNAVAILABLE,UNAVAILABLE,UNAVAILABLE,UNAVAILABLE,UNAVAILABLE,UNAVAILABLE,UNAVAILABLE,68,UNAVAILABLE,30-38,-8,UNAVAILABLE,UNAVAILABLE,UNAVAILABLE,720,UNAVAILABLE,UNAVAILABLE,UNAVAILABLE,UNAVAILABLE,0.30434782608695654,NOT_APPLICABLE
AUSTIN_DRE_PHASE_3,AUSTIN_DOWNFALL_STATE_MODEL_V1,NCAAB_H2_1_AUSTIN_TRANSFER_V1,723791053b9d29ed,NCAAB_20260131_BAY_WVU,KXNCAAMBGAME-26JAN31BAYWVU-BAY,H2_1,4,2026-01-31T22:13:37+00:00,2,600,UNRESOLVED,0,CI_UNAVAILABLE,SUPPORT_UNAVAILABLE,UNAVAILABLE,UNAVAILABLE,UNAVAILABLE,UNAVAILABLE,UNAVAILABLE,UNAVAILABLE,UNAVAILABLE,UNAVAILABLE,UNAVAILABLE,68,UNAVAILABLE,30-38,-8,UNAVAILABLE,UNAVAILABLE,UNAVAILABLE,600,UNAVAILABLE,UNAVAILABLE,UNAVAILABLE,UNAVAILABLE,0.30434782608695654,NOT_APPLICABLE
AUSTIN_DRE_PHASE_3,AUSTIN_DOWNFALL_STATE_MODEL_V1,NCAAB_H2_1_AUSTIN_TRANSFER_V1,723791053b9d29ed,NCAAB_20260131_BAY_WVU,KXNCAAMBGAME-26JAN31BAYWVU-BAY,H2_1,5,2026-01-31T22:13:37+00:00,2,480,UNRESOLVED,0,CI_UNAVAILABLE,SUPPORT_UNAVAILABLE,UNAVAILABLE,UNAVAILABLE,UNAVAILABLE,UNAVAILABLE,UNAVAILABLE,UNAVAILABLE,UNAVAILABLE,UNAVAILABLE,UNAVAILABLE,68,UNAVAILABLE,30-38,-8,UNAVAILABLE,UNAVAILABLE,UNAVAILABLE,480,UNAVAILABLE,UNAVAILABLE,UNAVAILABLE,UNAVAILABLE,0.30434782608695654,NOT_APPLICABLE
AUSTIN_DRE_PHASE_3,AUSTIN_DOWNFALL_STATE_MODEL_V1,NCAAB_H2_1_AUSTIN_TRANSFER_V1,723791053b9d29ed,NCAAB_20260131_BAY_WVU,KXNCAAMBGAME-26JAN31BAYWVU-BAY,H2_1,6,2026-01-31T22:13:37+00:00,2,360,UNRESOLVED,0,CI_UNAVAILABLE,SUPPORT_UNAVAILABLE,UNAVAILABLE,UNAVAILABLE,UNAVAILABLE,UNAVAILABLE,UNAVAILABLE,UNAVAILABLE,UNAVAILABLE,UNAVAILABLE,UNAVAILABLE,68,UNAVAILABLE,30-38,-8,UNAVAILABLE,UNAVAILABLE,UNAVAILABLE,360,UNAVAILABLE,UNAVAILABLE,UNAVAILABLE,UNAVAILABLE,0.30434782608695654,NOT_APPLICABLE
AUSTIN_DRE_PHASE_3,AUSTIN_DOWNFALL_STATE_MODEL_V1,NCAAB_H2_1_AUSTIN_TRANSFER_V1,723791053b9d29ed,NCAAB_20260131_BAY_WVU,KXNCAAMBGAME-26JAN31BAYWVU-BAY,H2_1,7,2026-01-31T22:13:37+00:00,2,240,UNRESOLVED,0,CI_UNAVAILABLE,SUPPORT_UNAVAILABLE,UNAVAILABLE,UNAVAILABLE,UNAVAILABLE,UNAVAILABLE,UNAVAILABLE,UNAVAILABLE,UNAVAILABLE,UNAVAILABLE,UNAVAILABLE,68,UNAVAILABLE,30-38,-8,UNAVAILABLE,UNAVAILABLE,UNAVAILABLE,240,UNAVAILABLE,UNAVAILABLE,UNAVAILABLE,UNAVAILABLE,0.30434782608695654,NOT_APPLICABLE
AUSTIN_DRE_PHASE_3,AUSTIN_DOWNFALL_STATE_MODEL_V1,NCAAB_H2_1_AUSTIN_TRANSFER_V1,723791053b9d29ed,NCAAB_20260131_BAY_WVU,KXNCAAMBGAME-26JAN31BAYWVU-BAY,H2_1,8,2026-01-31T22:13:37+00:00,2,120,UNRESOLVED,0,CI_UNAVAILABLE,SUPPORT_UNAVAILABLE,UNAVAILABLE,UNAVAILABLE,UNAVAILABLE,UNAVAILABLE,UNAVAILABLE,UNAVAILABLE,UNAVAILABLE,UNAVAILABLE,UNAVAILABLE,68,UNAVAILABLE,30-38,-8,UNAVAILABLE,UNAVAILABLE,UNAVAILABLE,120,UNAVAILABLE,UNAVAILABLE,UNAVAILABLE,UNAVAILABLE,0.30434782608695654,NOT_APPLICABLE
AUSTIN_DRE_PHASE_3,AUSTIN_DOWNFALL_STATE_MODEL_V1,NCAAB_H2_1_AUSTIN_TRANSFER_V1,723791053b9d29ed,NCAAB_20260131_BAY_WVU,KXNCAAMBGAME-26JAN31BAYWVU-BAY,H2_1,9,2026-01-31T23:17:49+00:00,2,0,HEALTHY,0,CI_POSITIVE,NORMAL_SUPPORT,20.0,20.0,20.0,20.0,0.0,UNAVAILABLE,UNAVAILABLE,UNAVAILABLE,UNAVAILABLE,99,18.0,53-63,-10,UNAVAILABLE,UNAVAILABLE,1116.0,0,24.98790794987949,25.0,0.6894366976846815,0.6879003628644859,1.0,VALUE
AUSTIN_DRE_PHASE_3,AUSTIN_DOWNFALL_STATE_MODEL_V1,NCAAB_H2_1_AUSTIN_TRANSFER_V1,b5f0cea7155c4ba5,NCAAB_20260131_CAL_MIA,KXNCAAMBGAME-26JAN31CALMIA-MIA,H2_1,0,2026-01-31T22:09:44+00:00,2,960,UNRESOLVED,0,CI_UNAVAILABLE,SUPPORT_UNAVAILABLE,UNAVAILABLE,UNAVAILABLE,UNAVAILABLE,UNAVAILABLE,UNAVAILABLE,UNAVAILABLE,UNAVAILABLE,UNAVAILABLE,UNAVAILABLE,73,UNAVAILABLE,44-45,-1,UNAVAILABLE,UNAVAILABLE,UNAVAILABLE,960,UNAVAILABLE,UNAVAILABLE,UNAVAILABLE,UNAVAILABLE,0.30434782608695654,NOT_APPLICABLE
AUSTIN_DRE_PHASE_3,AUSTIN_DOWNFALL_STATE_MODEL_V1,NCAAB_H2_1_AUSTIN_TRANSFER_V1,b5f0cea7155c4ba5,NCAAB_20260131_CAL_MIA,KXNCAAMBGAME-26JAN31CALMIA-MIA,H2_1,1,2026-01-31T22:09:44+00:00,2,840,UNRESOLVED,0,CI_UNAVAILABLE,SUPPORT_UNAVAILABLE,UNAVAILABLE,UNAVAILABLE,UNAVAILABLE,UNAVAILABLE,UNAVAILABLE,UNAVAILABLE,UNAVAILABLE,UNAVAILABLE,UNAVAILABLE,73,UNAVAILABLE,44-45,-1,UNAVAILABLE,UNAVAILABLE,UNAVAILABLE,840,UNAVAILABLE,UNAVAILABLE,UNAVAILABLE,UNAVAILABLE,0.30434782608695654,NOT_APPLICABLE
AUSTIN_DRE_PHASE_3,AUSTIN_DOWNFALL_STATE_MODEL_V1,NCAAB_H2_1_AUSTIN_TRANSFER_V1,b5f0cea7155c4ba5,NCAAB_20260131_CAL_MIA,KXNCAAMBGAME-26JAN31CALMIA-MIA,H2_1,2,2026-01-31T22:09:44+00:00,2,720,UNRESOLVED,0,CI_UNAVAILABLE,SUPPORT_UNAVAILABLE,UNAVAILABLE,UNAVAILABLE,UNAVAILABLE,UNAVAILABLE,UNAVAILABLE,UNAVAILABLE,UNAVAILABLE,UNAVAILABLE,UNAVAILABLE,73,UNAVAILABLE,44-45,-1,UNAVAILABLE,UNAVAILABLE,UNAVAILABLE,720,UNAVAILABLE,UNAVAILABLE,UNAVAILABLE,UNAVAILABLE,0.30434782608695654,NOT_APPLICABLE
AUSTIN_DRE_PHASE_3,AUSTIN_DOWNFALL_STATE_MODEL_V1,NCAAB_H2_1_AUSTIN_TRANSFER_V1,b5f0cea7155c4ba5,NCAAB_20260131_CAL_MIA,KXNCAAMBGAME-26JAN31CALMIA-MIA,H2_1,3,2026-01-31T22:09:44+00:00,2,600,UNRESOLVED,0,CI_UNAVAILABLE,SUPPORT_UNAVAILABLE,UNAVAILABLE,UNAVAILABLE,UNAVAILABLE,UNAVAILABLE,UNAVAILABLE,UNAVAILABLE,UNAVAILABLE,UNAVAILABLE,UNAVAILABLE,73,UNAVAILABLE,44-45,-1,UNAVAILABLE,UNAVAILABLE,UNAVAILABLE,600,UNAVAILABLE,UNAVAILABLE,UNAVAILABLE,UNAVAILABLE,0.30434782608695654,NOT_APPLICABLE
AUSTIN_DRE_PHASE_3,AUSTIN_DOWNFALL_STATE_MODEL_V1,NCAAB_H2_1_AUSTIN_TRANSFER_V1,b5f0cea7155c4ba5,NCAAB_20260131_CAL_MIA,KXNCAAMBGAME-26JAN31CALMIA-MIA,H2_1,4,2026-01-31T22:09:44+00:00,2,480,UNRESOLVED,0,CI_UNAVAILABLE,SUPPORT_UNAVAILABLE,UNAVAILABLE,UNAVAILABLE,UNAVAILABLE,UNAVAILABLE,UNAVAILABLE,UNAVAILABLE,UNAVAILABLE,UNAVAILABLE,UNAVAILABLE,73,UNAVAILABLE,44-45,-1,UNAVAILABLE,UNAVAILABLE,UNAVAILABLE,480,UNAVAILABLE,UNAVAILABLE,UNAVAILABLE,UNAVAILABLE,0.30434782608695654,NOT_APPLICABLE
AUSTIN_DRE_PHASE_3,AUSTIN_DOWNFALL_STATE_MODEL_V1,NCAAB_H2_1_AUSTIN_TRANSFER_V1,b5f0cea7155c4ba5,NCAAB_20260131_CAL_MIA,KXNCAAMBGAME-26JAN31CALMIA-MIA,H2_1,5,2026-01-31T22:09:44+00:00,2,360,UNRESOLVED,0,CI_UNAVAILABLE,SUPPORT_UNAVAILABLE,UNAVAILABLE,UNAVAILABLE,UNAVAILABLE,UNAVAILABLE,UNAVAILABLE,UNAVAILABLE,UNAVAILABLE,UNAVAILABLE,UNAVAILABLE,73,UNAVAILABLE,44-45,-1,UNAVAILABLE,UNAVAILABLE,UNAVAILABLE,360,UNAVAILABLE,UNAVAILABLE,UNAVAILABLE,UNAVAILABLE,0.30434782608695654,NOT_APPLICABLE
AUSTIN_DRE_PHASE_3,AUSTIN_DOWNFALL_STATE_MODEL_V1,NCAAB_H2_1_AUSTIN_TRANSFER_V1,b5f0cea7155c4ba5,NCAAB_20260131_CAL_MIA,KXNCAAMBGAME-26JAN31CALMIA-MIA,H2_1,6,2026-01-31T23:12:30+00:00,2,240,WATCH_NEGATIVE,1,CI_NEGATIVE,NORMAL_SUPPORT,-28.45716421846954,-48.0,-12.0,-28.45716421846954,0.0,UNAVAILABLE,UNAVAILABLE,UNAVAILABLE,UNAVAILABLE,84,2.0,81-79,2,UNAVAILABLE,UNAVAILABLE,773.0,240,22.865821762432514,25.0,0.6551791015967434,0.6846792157065014,1.0,VALUE
AUSTIN_DRE_PHASE_3,AUSTIN_DOWNFALL_STATE_MODEL_V1,NCAAB_H2_1_AUSTIN_TRANSFER_V1,b5f0cea7155c4ba5,NCAAB_20260131_CAL_MIA,KXNCAAMBGAME-26JAN31CALMIA-MIA,H2_1,7,2026-01-31T22:09:44+00:00,2,120,UNRESOLVED,0,CI_UNAVAILABLE,SUPPORT_UNAVAILABLE,UNAVAILABLE,UNAVAILABLE,UNAVAILABLE,-28.45716421846954,UNAVAILABLE,UNAVAILABLE,UNAVAILABLE,UNAVAILABLE,UNAVAILABLE,73,UNAVAILABLE,44-45,-1,UNAVAILABLE,UNAVAILABLE,UNAVAILABLE,120,UNAVAILABLE,UNAVAILABLE,UNAVAILABLE,UNAVAILABLE,0.30434782608695654,NOT_APPLICABLE
AUSTIN_DRE_PHASE_3,AUSTIN_DOWNFALL_STATE_MODEL_V1,NCAAB_H2_1_AUSTIN_TRANSFER_V1,fe73251ab6c037f8,NCAAB_20260131_UK_ARK,KXNCAAMBGAME-26JAN31UKARK-ARK,H2_1,0,2026-02-01T00:44:33+00:00,2,720,UNRESOLVED,0,CI_UNAVAILABLE,SUPPORT_UNAVAILABLE,UNAVAILABLE,UNAVAILABLE,UNAVAILABLE,UNAVAILABLE,UNAVAILABLE,UNAVAILABLE,UNAVAILABLE,UNAVAILABLE,UNAVAILABLE,47,UNAVAILABLE,35-42,-7,UNAVAILABLE,UNAVAILABLE,UNAVAILABLE,720,UNAVAILABLE,UNAVAILABLE,UNAVAILABLE,UNAVAILABLE,0.30434782608695654,NOT_APPLICABLE
AUSTIN_DRE_PHASE_3,AUSTIN_DOWNFALL_STATE_MODEL_V1,NCAAB_H2_1_AUSTIN_TRANSFER_V1,fe73251ab6c037f8,NCAAB_20260131_UK_ARK,KXNCAAMBGAME-26JAN31UKARK-ARK,H2_1,1,2026-02-01T00:44:33+00:00,2,600,UNRESOLVED,0,CI_UNAVAILABLE,SUPPORT_UNAVAILABLE,UNAVAILABLE,UNAVAILABLE,UNAVAILABLE,UNAVAILABLE,UNAVAILABLE,UNAVAILABLE,UNAVAILABLE,UNAVAILABLE,UNAVAILABLE,47,UNAVAILABLE,35-42,-7,UNAVAILABLE,UNAVAILABLE,UNAVAILABLE,600,UNAVAILABLE,UNAVAILABLE,UNAVAILABLE,UNAVAILABLE,0.30434782608695654,NOT_APPLICABLE
AUSTIN_DRE_PHASE_3,AUSTIN_DOWNFALL_STATE_MODEL_V1,NCAAB_H2_1_AUSTIN_TRANSFER_V1,fe73251ab6c037f8,NCAAB_20260131_UK_ARK,KXNCAAMBGAME-26JAN31UKARK-ARK,H2_1,2,2026-02-01T00:44:33+00:00,2,480,UNRESOLVED,0,CI_UNAVAILABLE,SUPPORT_UNAVAILABLE,UNAVAILABLE,UNAVAILABLE,UNAVAILABLE,UNAVAILABLE,UNAVAILABLE,UNAVAILABLE,UNAVAILABLE,UNAVAILABLE,UNAVAILABLE,47,UNAVAILABLE,35-42,-7,UNAVAILABLE,UNAVAILABLE,UNAVAILABLE,480,UNAVAILABLE,UNAVAILABLE,UNAVAILABLE,UNAVAILABLE,0.30434782608695654,NOT_APPLICABLE
AUSTIN_DRE_PHASE_3,AUSTIN_DOWNFALL_STATE_MODEL_V1,NCAAB_H2_1_AUSTIN_TRANSFER_V1,fe73251ab6c037f8,NCAAB_20260131_UK_ARK,KXNCAAMBGAME-26JAN31UKARK-ARK,H2_1,3,2026-02-01T00:44:33+00:00,2,360,UNRESOLVED,0,CI_UNAVAILABLE,SUPPORT_UNAVAILABLE,UNAVAILABLE,UNAVAILABLE,UNAVAILABLE,UNAVAILABLE,UNAVAILABLE,UNAVAILABLE,UNAVAILABLE,UNAVAILABLE,UNAVAILABLE,47,UNAVAILABLE,35-42,-7,UNAVAILABLE,UNAVAILABLE,UNAVAILABLE,360,UNAVAILABLE,UNAVAILABLE,UNAVAILABLE,UNAVAILABLE,0.30434782608695654,NOT_APPLICABLE
AUSTIN_DRE_PHASE_3,AUSTIN_DOWNFALL_STATE_MODEL_V1,NCAAB_H2_1_AUSTIN_TRANSFER_V1,fe73251ab6c037f8,NCAAB_20260131_UK_ARK,KXNCAAMBGAME-26JAN31UKARK-ARK,H2_1,4,2026-02-01T00:44:33+00:00,2,240,UNRESOLVED,0,CI_UNAVAILABLE,SUPPORT_UNAVAILABLE,UNAVAILABLE,UNAVAILABLE,UNAVAILABLE,UNAVAILABLE,UNAVAILABLE,UNAVAILABLE,UNAVAILABLE,UNAVAILABLE,UNAVAILABLE,47,UNAVAILABLE,35-42,-7,UNAVAILABLE,UNAVAILABLE,UNAVAILABLE,240,UNAVAILABLE,UNAVAILABLE,UNAVAILABLE,UNAVAILABLE,0.30434782608695654,NOT_APPLICABLE
AUSTIN_DRE_PHASE_3,AUSTIN_DOWNFALL_STATE_MODEL_V1,NCAAB_H2_1_AUSTIN_TRANSFER_V1,fe73251ab6c037f8,NCAAB_20260131_UK_ARK,KXNCAAMBGAME-26JAN31UKARK-ARK,H2_1,5,2026-02-01T00:44:33+00:00,2,120,UNRESOLVED,0,CI_UNAVAILABLE,SUPPORT_UNAVAILABLE,UNAVAILABLE,UNAVAILABLE,UNAVAILABLE,UNAVAILABLE,UNAVAILABLE,UNAVAILABLE,UNAVAILABLE,UNAVAILABLE,UNAVAILABLE,47,UNAVAILABLE,35-42,-7,UNAVAILABLE,UNAVAILABLE,UNAVAILABLE,120,UNAVAILABLE,UNAVAILABLE,UNAVAILABLE,UNAVAILABLE,0.30434782608695654,NOT_APPLICABLE
AUSTIN_DRE_PHASE_3,AUSTIN_DOWNFALL_STATE_MODEL_V1,NCAAB_H2_1_AUSTIN_TRANSFER_V1,fe73251ab6c037f8,NCAAB_20260131_UK_ARK,KXNCAAMBGAME-26JAN31UKARK-ARK,H2_1,6,2026-02-01T01:58:24+00:00,2,0,WATCH_NEGATIVE,1,CI_NEGATIVE,NORMAL_SUPPORT,-80.0,-80.0,-80.0,-80.0,0.0,UNAVAILABLE,UNAVAILABLE,UNAVAILABLE,UNAVAILABLE,2,-78.0,77-85,-8,UNAVAILABLE,UNAVAILABLE,738.0,0,24.41481855934826,25.0,1.5917389007795688,1.6958848387749557,1.0,VALUE
AUSTIN_DRE_PHASE_3,AUSTIN_DOWNFALL_STATE_MODEL_V1,NCAAB_H2_1_AUSTIN_TRANSFER_V1,cc0f6caa668e02e0,NCAAB_20260202_KU_TTU,KXNCAAMBGAME-26FEB02KUTTU-TTU,H2_1,0,2026-02-03T03:12:35+00:00,2,720,UNRESOLVED,0,CI_UNAVAILABLE,SUPPORT_UNAVAILABLE,UNAVAILABLE,UNAVAILABLE,UNAVAILABLE,UNAVAILABLE,UNAVAILABLE,UNAVAILABLE,UNAVAILABLE,UNAVAILABLE,UNAVAILABLE,53,UNAVAILABLE,29-32,-3,UNAVAILABLE,UNAVAILABLE,UNAVAILABLE,720,UNAVAILABLE,UNAVAILABLE,UNAVAILABLE,UNAVAILABLE,0.30434782608695654,NOT_APPLICABLE
AUSTIN_DRE_PHASE_3,AUSTIN_DOWNFALL_STATE_MODEL_V1,NCAAB_H2_1_AUSTIN_TRANSFER_V1,cc0f6caa668e02e0,NCAAB_20260202_KU_TTU,KXNCAAMBGAME-26FEB02KUTTU-TTU,H2_1,1,2026-02-03T03:12:35+00:00,2,600,UNRESOLVED,0,CI_UNAVAILABLE,SUPPORT_UNAVAILABLE,UNAVAILABLE,UNAVAILABLE,UNAVAILABLE,UNAVAILABLE,UNAVAILABLE,UNAVAILABLE,UNAVAILABLE,UNAVAILABLE,UNAVAILABLE,53,UNAVAILABLE,29-32,-3,UNAVAILABLE,UNAVAILABLE,UNAVAILABLE,600,UNAVAILABLE,UNAVAILABLE,UNAVAILABLE,UNAVAILABLE,0.30434782608695654,NOT_APPLICABLE
AUSTIN_DRE_PHASE_3,AUSTIN_DOWNFALL_STATE_MODEL_V1,NCAAB_H2_1_AUSTIN_TRANSFER_V1,cc0f6caa668e02e0,NCAAB_20260202_KU_TTU,KXNCAAMBGAME-26FEB02KUTTU-TTU,H2_1,2,2026-02-03T03:12:35+00:00,2,480,UNRESOLVED,0,CI_UNAVAILABLE,SUPPORT_UNAVAILABLE,UNAVAILABLE,UNAVAILABLE,UNAVAILABLE,UNAVAILABLE,UNAVAILABLE,UNAVAILABLE,UNAVAILABLE,UNAVAILABLE,UNAVAILABLE,53,UNAVAILABLE,29-32,-3,UNAVAILABLE,UNAVAILABLE,UNAVAILABLE,480,UNAVAILABLE,UNAVAILABLE,UNAVAILABLE,UNAVAILABLE,0.30434782608695654,NOT_APPLICABLE
AUSTIN_DRE_PHASE_3,AUSTIN_DOWNFALL_STATE_MODEL_V1,NCAAB_H2_1_AUSTIN_TRANSFER_V1,cc0f6caa668e02e0,NCAAB_20260202_KU_TTU,KXNCAAMBGAME-26FEB02KUTTU-TTU,H2_1,3,2026-02-03T03:12:35+00:00,2,360,UNRESOLVED,0,CI_UNAVAILABLE,SUPPORT_UNAVAILABLE,UNAVAILABLE,UNAVAILABLE,UNAVAILABLE,UNAVAILABLE,UNAVAILABLE,UNAVAILABLE,UNAVAILABLE,UNAVAILABLE,UNAVAILABLE,53,UNAVAILABLE,29-32,-3,UNAVAILABLE,UNAVAILABLE,UNAVAILABLE,360,UNAVAILABLE,UNAVAILABLE,UNAVAILABLE,UNAVAILABLE,0.30434782608695654,NOT_APPLICABLE
AUSTIN_DRE_PHASE_3,AUSTIN_DOWNFALL_STATE_MODEL_V1,NCAAB_H2_1_AUSTIN_TRANSFER_V1,cc0f6caa668e02e0,NCAAB_20260202_KU_TTU,KXNCAAMBGAME-26FEB02KUTTU-TTU,H2_1,4,2026-02-03T03:12:35+00:00,2,240,UNRESOLVED,0,CI_UNAVAILABLE,SUPPORT_UNAVAILABLE,UNAVAILABLE,UNAVAILABLE,UNAVAILABLE,UNAVAILABLE,UNAVAILABLE,UNAVAILABLE,UNAVAILABLE,UNAVAILABLE,UNAVAILABLE,53,UNAVAILABLE,29-32,-3,UNAVAILABLE,UNAVAILABLE,UNAVAILABLE,240,UNAVAILABLE,UNAVAILABLE,UNAVAILABLE,UNAVAILABLE,0.30434782608695654,NOT_APPLICABLE
AUSTIN_DRE_PHASE_3,AUSTIN_DOWNFALL_STATE_MODEL_V1,NCAAB_H2_1_AUSTIN_TRANSFER_V1,cc0f6caa668e02e0,NCAAB_20260202_KU_TTU,KXNCAAMBGAME-26FEB02KUTTU-TTU,H2_1,5,2026-02-03T03:12:35+00:00,2,120,UNRESOLVED,0,CI_UNAVAILABLE,SUPPORT_UNAVAILABLE,UNAVAILABLE,UNAVAILABLE,UNAVAILABLE,UNAVAILABLE,UNAVAILABLE,UNAVAILABLE,UNAVAILABLE,UNAVAILABLE,UNAVAILABLE,53,UNAVAILABLE,29-32,-3,UNAVAILABLE,UNAVAILABLE,UNAVAILABLE,120,UNAVAILABLE,UNAVAILABLE,UNAVAILABLE,UNAVAILABLE,0.30434782608695654,NOT_APPLICABLE
AUSTIN_DRE_PHASE_3,AUSTIN_DOWNFALL_STATE_MODEL_V1,NCAAB_H2_1_AUSTIN_TRANSFER_V1,cc0f6caa668e02e0,NCAAB_20260202_KU_TTU,KXNCAAMBGAME-26FEB02KUTTU-TTU,H2_1,6,2026-02-03T04:11:46+00:00,2,0,WATCH_NEGATIVE,1,CI_NEGATIVE,NORMAL_SUPPORT,-80.0,-80.0,-80.0,-80.0,0.0,UNAVAILABLE,UNAVAILABLE,UNAVAILABLE,UNAVAILABLE,10,-70.0,61-64,-3,UNAVAILABLE,UNAVAILABLE,794.0,0,24.871473889499452,25.0,1.6377594268586932,1.6649535003300395,1.0,VALUE
AUSTIN_DRE_PHASE_3,AUSTIN_DOWNFALL_STATE_MODEL_V1,NCAAB_H2_1_AUSTIN_TRANSFER_V1,065411b461d0d13a,NCAAB_20260203_IND_USC,KXNCAAMBGAME-26FEB03INDUSC-USC,H2_1,0,2026-02-04T04:07:57+00:00,2,720,UNRESOLVED,0,CI_UNAVAILABLE,SUPPORT_UNAVAILABLE,UNAVAILABLE,UNAVAILABLE,UNAVAILABLE,UNAVAILABLE,UNAVAILABLE,UNAVAILABLE,UNAVAILABLE,UNAVAILABLE,UNAVAILABLE,60,UNAVAILABLE,35-30,5,UNAVAILABLE,UNAVAILABLE,UNAVAILABLE,720,UNAVAILABLE,UNAVAILABLE,UNAVAILABLE,UNAVAILABLE,0.30434782608695654,NOT_APPLICABLE
AUSTIN_DRE_PHASE_3,AUSTIN_DOWNFALL_STATE_MODEL_V1,NCAAB_H2_1_AUSTIN_TRANSFER_V1,065411b461d0d13a,NCAAB_20260203_IND_USC,KXNCAAMBGAME-26FEB03INDUSC-USC,H2_1,1,2026-02-04T04:07:57+00:00,2,600,UNRESOLVED,0,CI_UNAVAILABLE,SUPPORT_UNAVAILABLE,UNAVAILABLE,UNAVAILABLE,UNAVAILABLE,UNAVAILABLE,UNAVAILABLE,UNAVAILABLE,UNAVAILABLE,UNAVAILABLE,UNAVAILABLE,60,UNAVAILABLE,35-30,5,UNAVAILABLE,UNAVAILABLE,UNAVAILABLE,600,UNAVAILABLE,UNAVAILABLE,UNAVAILABLE,UNAVAILABLE,0.30434782608695654,NOT_APPLICABLE
AUSTIN_DRE_PHASE_3,AUSTIN_DOWNFALL_STATE_MODEL_V1,NCAAB_H2_1_AUSTIN_TRANSFER_V1,065411b461d0d13a,NCAAB_20260203_IND_USC,KXNCAAMBGAME-26FEB03INDUSC-USC,H2_1,2,2026-02-04T04:07:57+00:00,2,480,UNRESOLVED,0,CI_UNAVAILABLE,SUPPORT_UNAVAILABLE,UNAVAILABLE,UNAVAILABLE,UNAVAILABLE,UNAVAILABLE,UNAVAILABLE,UNAVAILABLE,UNAVAILABLE,UNAVAILABLE,UNAVAILABLE,60,UNAVAILABLE,35-30,5,UNAVAILABLE,UNAVAILABLE,UNAVAILABLE,480,UNAVAILABLE,UNAVAILABLE,UNAVAILABLE,UNAVAILABLE,0.30434782608695654,NOT_APPLICABLE
AUSTIN_DRE_PHASE_3,AUSTIN_DOWNFALL_STATE_MODEL_V1,NCAAB_H2_1_AUSTIN_TRANSFER_V1,065411b461d0d13a,NCAAB_20260203_IND_USC,KXNCAAMBGAME-26FEB03INDUSC-USC,H2_1,3,2026-02-04T04:07:57+00:00,2,360,UNRESOLVED,0,CI_UNAVAILABLE,SUPPORT_UNAVAILABLE,UNAVAILABLE,UNAVAILABLE,UNAVAILABLE,UNAVAILABLE,UNAVAILABLE,UNAVAILABLE,UNAVAILABLE,UNAVAILABLE,UNAVAILABLE,60,UNAVAILABLE,35-30,5,UNAVAILABLE,UNAVAILABLE,UNAVAILABLE,360,UNAVAILABLE,UNAVAILABLE,UNAVAILABLE,UNAVAILABLE,0.30434782608695654,NOT_APPLICABLE
AUSTIN_DRE_PHASE_3,AUSTIN_DOWNFALL_STATE_MODEL_V1,NCAAB_H2_1_AUSTIN_TRANSFER_V1,065411b461d0d13a,NCAAB_20260203_IND_USC,KXNCAAMBGAME-26FEB03INDUSC-USC,H2_1,4,2026-02-04T04:07:57+00:00,2,240,UNRESOLVED,0,CI_UNAVAILABLE,SUPPORT_UNAVAILABLE,UNAVAILABLE,UNAVAILABLE,UNAVAILABLE,UNAVAILABLE,UNAVAILABLE,UNAVAILABLE,UNAVAILABLE,UNAVAILABLE,UNAVAILABLE,60,UNAVAILABLE,35-30,5,UNAVAILABLE,UNAVAILABLE,UNAVAILABLE,240,UNAVAILABLE,UNAVAILABLE,UNAVAILABLE,UNAVAILABLE,0.30434782608695654,NOT_APPLICABLE
AUSTIN_DRE_PHASE_3,AUSTIN_DOWNFALL_STATE_MODEL_V1,NCAAB_H2_1_AUSTIN_TRANSFER_V1,065411b461d0d13a,NCAAB_20260203_IND_USC,KXNCAAMBGAME-26FEB03INDUSC-USC,H2_1,5,2026-02-04T04:07:57+00:00,2,120,UNRESOLVED,0,CI_UNAVAILABLE,SUPPORT_UNAVAILABLE,UNAVAILABLE,UNAVAILABLE,UNAVAILABLE,UNAVAILABLE,UNAVAILABLE,UNAVAILABLE,UNAVAILABLE,UNAVAILABLE,UNAVAILABLE,60,UNAVAILABLE,35-30,5,UNAVAILABLE,UNAVAILABLE,UNAVAILABLE,120,UNAVAILABLE,UNAVAILABLE,UNAVAILABLE,UNAVAILABLE,0.30434782608695654,NOT_APPLICABLE
AUSTIN_DRE_PHASE_3,AUSTIN_DOWNFALL_STATE_MODEL_V1,NCAAB_H2_1_AUSTIN_TRANSFER_V1,065411b461d0d13a,NCAAB_20260203_IND_USC,KXNCAAMBGAME-26FEB03INDUSC-USC,H2_1,6,2026-02-04T05:14:22+00:00,2,0,HEALTHY,0,CI_POSITIVE,NORMAL_SUPPORT,20.0,20.0,20.0,20.0,0.0,UNAVAILABLE,UNAVAILABLE,UNAVAILABLE,UNAVAILABLE,99,19.0,81-75,6,UNAVAILABLE,UNAVAILABLE,833.0,0,24.27140978722028,25.0,0.823685027208442,0.8909373971909634,1.0,VALUE
AUSTIN_DRE_PHASE_3,AUSTIN_DOWNFALL_STATE_MODEL_V1,NCAAB_H2_1_AUSTIN_TRANSFER_V1,42b0b2306bc97af2,NCAAB_20260204_BYU_OKST,KXNCAAMBGAME-26FEB04BYUOKST-BYU,H2_1,0,2026-02-05T03:12:39+00:00,2,960,UNRESOLVED,0,CI_UNAVAILABLE,SUPPORT_UNAVAILABLE,UNAVAILABLE,UNAVAILABLE,UNAVAILABLE,UNAVAILABLE,UNAVAILABLE,UNAVAILABLE,UNAVAILABLE,UNAVAILABLE,UNAVAILABLE,76,UNAVAILABLE,41-41,0,UNAVAILABLE,UNAVAILABLE,UNAVAILABLE,960,UNAVAILABLE,UNAVAILABLE,UNAVAILABLE,UNAVAILABLE,0.30434782608695654,NOT_APPLICABLE
AUSTIN_DRE_PHASE_3,AUSTIN_DOWNFALL_STATE_MODEL_V1,NCAAB_H2_1_AUSTIN_TRANSFER_V1,42b0b2306bc97af2,NCAAB_20260204_BYU_OKST,KXNCAAMBGAME-26FEB04BYUOKST-BYU,H2_1,1,2026-02-05T03:29:56+00:00,2,840,WATCH_NEGATIVE,1,CI_CROSSES_ZERO,NORMAL_SUPPORT,-13.338101602283079,-32.0,4.0,-13.338101602283079,0.0,UNAVAILABLE,UNAVAILABLE,UNAVAILABLE,UNAVAILABLE,67,-14.0,54-53,1,UNAVAILABLE,UNAVAILABLE,218.0,840,24.705577818354154,25.0,0.9811538605319634,0.9727018115371884,0.9710144927536232,VALUE
AUSTIN_DRE_PHASE_3,AUSTIN_DOWNFALL_STATE_MODEL_V1,NCAAB_H2_1_AUSTIN_TRANSFER_V1,42b0b2306bc97af2,NCAAB_20260204_BYU_OKST,KXNCAAMBGAME-26FEB04BYUOKST-BYU,H2_1,2,2026-02-05T03:12:39+00:00,2,720,UNRESOLVED,0,CI_UNAVAILABLE,SUPPORT_UNAVAILABLE,UNAVAILABLE,UNAVAILABLE,UNAVAILABLE,-13.338101602283079,UNAVAILABLE,UNAVAILABLE,UNAVAILABLE,UNAVAILABLE,UNAVAILABLE,76,UNAVAILABLE,41-41,0,UNAVAILABLE,UNAVAILABLE,UNAVAILABLE,720,UNAVAILABLE,UNAVAILABLE,UNAVAILABLE,UNAVAILABLE,0.30434782608695654,NOT_APPLICABLE
AUSTIN_DRE_PHASE_3,AUSTIN_DOWNFALL_STATE_MODEL_V1,NCAAB_H2_1_AUSTIN_TRANSFER_V1,42b0b2306bc97af2,NCAAB_20260204_BYU_OKST,KXNCAAMBGAME-26FEB04BYUOKST-BYU,H2_1,3,2026-02-05T03:12:39+00:00,2,600,UNRESOLVED,0,CI_UNAVAILABLE,SUPPORT_UNAVAILABLE,UNAVAILABLE,UNAVAILABLE,UNAVAILABLE,-13.338101602283079,UNAVAILABLE,UNAVAILABLE,UNAVAILABLE,UNAVAILABLE,UNAVAILABLE,76,UNAVAILABLE,41-41,0,UNAVAILABLE,UNAVAILABLE,UNAVAILABLE,600,UNAVAILABLE,UNAVAILABLE,UNAVAILABLE,UNAVAILABLE,0.30434782608695654,NOT_APPLICABLE
AUSTIN_DRE_PHASE_3,AUSTIN_DOWNFALL_STATE_MODEL_V1,NCAAB_H2_1_AUSTIN_TRANSFER_V1,42b0b2306bc97af2,NCAAB_20260204_BYU_OKST,KXNCAAMBGAME-26FEB04BYUOKST-BYU,H2_1,4,2026-02-05T03:12:39+00:00,2,480,UNRESOLVED,0,CI_UNAVAILABLE,SUPPORT_UNAVAILABLE,UNAVAILABLE,UNAVAILABLE,UNAVAILABLE,-13.338101602283079,UNAVAILABLE,UNAVAILABLE,UNAVAILABLE,UNAVAILABLE,UNAVAILABLE,76,UNAVAILABLE,41-41,0,UNAVAILABLE,UNAVAILABLE,UNAVAILABLE,480,UNAVAILABLE,UNAVAILABLE,UNAVAILABLE,UNAVAILABLE,0.30434782608695654,NOT_APPLICABLE
AUSTIN_DRE_PHASE_3,AUSTIN_DOWNFALL_STATE_MODEL_V1,NCAAB_H2_1_AUSTIN_TRANSFER_V1,42b0b2306bc97af2,NCAAB_20260204_BYU_OKST,KXNCAAMBGAME-26FEB04BYUOKST-BYU,H2_1,5,2026-02-05T03:12:39+00:00,2,360,UNRESOLVED,0,CI_UNAVAILABLE,SUPPORT_UNAVAILABLE,UNAVAILABLE,UNAVAILABLE,UNAVAILABLE,-13.338101602283079,UNAVAILABLE,UNAVAILABLE,UNAVAILABLE,UNAVAILABLE,UNAVAILABLE,76,UNAVAILABLE,41-41,0,UNAVAILABLE,UNAVAILABLE,UNAVAILABLE,360,UNAVAILABLE,UNAVAILABLE,UNAVAILABLE,UNAVAILABLE,0.30434782608695654,NOT_APPLICABLE
AUSTIN_DRE_PHASE_3,AUSTIN_DOWNFALL_STATE_MODEL_V1,NCAAB_H2_1_AUSTIN_TRANSFER_V1,42b0b2306bc97af2,NCAAB_20260204_BYU_OKST,KXNCAAMBGAME-26FEB04BYUOKST-BYU,H2_1,6,2026-02-05T04:01:08+00:00,2,240,WATCH_NEGATIVE,1,CI_NEGATIVE,NORMAL_SUPPORT,-80.0,-80.0,-80.0,-13.338101602283079,-66.66189839771693,-13.338101602283079,-66.66189839771693,-6.666189839771692,UNAVAILABLE,5,-76.0,81-69,12,UNAVAILABLE,UNAVAILABLE,818.0,240,23.865909559468623,25.0,1.3426506130701754,1.4328475106005802,1.0,VALUE
AUSTIN_DRE_PHASE_3,AUSTIN_DOWNFALL_STATE_MODEL_V1,NCAAB_H2_1_AUSTIN_TRANSFER_V1,42b0b2306bc97af2,NCAAB_20260204_BYU_OKST,KXNCAAMBGAME-26FEB04BYUOKST-BYU,H2_1,7,2026-02-05T04:13:34+00:00,2,120,PERSISTENCE_2,2,CI_NEGATIVE,NORMAL_SUPPORT,-80.0,-80.0,-80.0,-13.338101602283079,-66.66189839771693,-80.0,0.0,0.0,3.333094919885846,1,-80.0,88-80,8,UNAVAILABLE,UNAVAILABLE,938.0,120,24.889268813693715,25.0,1.3480217247429878,1.391157234007699,1.0,VALUE
AUSTIN_DRE_PHASE_3,AUSTIN_DOWNFALL_STATE_MODEL_V1,NCAAB_H2_1_AUSTIN_TRANSFER_V1,42b0b2306bc97af2,NCAAB_20260204_BYU_OKST,KXNCAAMBGAME-26FEB04BYUOKST-BYU,H2_1,8,2026-02-05T04:27:12+00:00,2,0,PERSISTENCE_3PLUS,3,CI_NEGATIVE,NORMAL_SUPPORT,-79.99999999999999,-80.0,-80.0,-13.338101602283079,-66.66189839771691,-80.0,1.4210854715202004e-14,7.105427357601002e-15,3.552713678800501e-15,1,-80.0,99-92,7,UNAVAILABLE,UNAVAILABLE,1058.0,0,24.898718443756863,25.0,1.3422502724687357,1.360807868926048,1.0,VALUE
AUSTIN_DRE_PHASE_3,AUSTIN_DOWNFALL_STATE_MODEL_V1,NCAAB_H2_1_AUSTIN_TRANSFER_V1,b90e2ef66a563198,NCAAB_20260204_IOWA_WASH,KXNCAAMBGAME-26FEB04IOWAWASH-IOWA,H2_1,0,2026-02-05T05:06:42+00:00,2,720,UNRESOLVED,0,CI_UNAVAILABLE,SUPPORT_UNAVAILABLE,UNAVAILABLE,UNAVAILABLE,UNAVAILABLE,UNAVAILABLE,UNAVAILABLE,UNAVAILABLE,UNAVAILABLE,UNAVAILABLE,UNAVAILABLE,34,UNAVAILABLE,48-41,7,UNAVAILABLE,UNAVAILABLE,UNAVAILABLE,720,UNAVAILABLE,UNAVAILABLE,UNAVAILABLE,UNAVAILABLE,0.30434782608695654,NOT_APPLICABLE
AUSTIN_DRE_PHASE_3,AUSTIN_DOWNFALL_STATE_MODEL_V1,NCAAB_H2_1_AUSTIN_TRANSFER_V1,b90e2ef66a563198,NCAAB_20260204_IOWA_WASH,KXNCAAMBGAME-26FEB04IOWAWASH-IOWA,H2_1,1,2026-02-05T05:06:42+00:00,2,600,UNRESOLVED,0,CI_UNAVAILABLE,SUPPORT_UNAVAILABLE,UNAVAILABLE,UNAVAILABLE,UNAVAILABLE,UNAVAILABLE,UNAVAILABLE,UNAVAILABLE,UNAVAILABLE,UNAVAILABLE,UNAVAILABLE,34,UNAVAILABLE,48-41,7,UNAVAILABLE,UNAVAILABLE,UNAVAILABLE,600,UNAVAILABLE,UNAVAILABLE,UNAVAILABLE,UNAVAILABLE,0.30434782608695654,NOT_APPLICABLE
AUSTIN_DRE_PHASE_3,AUSTIN_DOWNFALL_STATE_MODEL_V1,NCAAB_H2_1_AUSTIN_TRANSFER_V1,b90e2ef66a563198,NCAAB_20260204_IOWA_WASH,KXNCAAMBGAME-26FEB04IOWAWASH-IOWA,H2_1,2,2026-02-05T05:06:42+00:00,2,480,UNRESOLVED,0,CI_UNAVAILABLE,SUPPORT_UNAVAILABLE,UNAVAILABLE,UNAVAILABLE,UNAVAILABLE,UNAVAILABLE,UNAVAILABLE,UNAVAILABLE,UNAVAILABLE,UNAVAILABLE,UNAVAILABLE,34,UNAVAILABLE,48-41,7,UNAVAILABLE,UNAVAILABLE,UNAVAILABLE,480,UNAVAILABLE,UNAVAILABLE,UNAVAILABLE,UNAVAILABLE,0.30434782608695654,NOT_APPLICABLE
AUSTIN_DRE_PHASE_3,AUSTIN_DOWNFALL_STATE_MODEL_V1,NCAAB_H2_1_AUSTIN_TRANSFER_V1,b90e2ef66a563198,NCAAB_20260204_IOWA_WASH,KXNCAAMBGAME-26FEB04IOWAWASH-IOWA,H2_1,3,2026-02-05T05:06:42+00:00,2,360,UNRESOLVED,0,CI_UNAVAILABLE,SUPPORT_UNAVAILABLE,UNAVAILABLE,UNAVAILABLE,UNAVAILABLE,UNAVAILABLE,UNAVAILABLE,UNAVAILABLE,UNAVAILABLE,UNAVAILABLE,UNAVAILABLE,34,UNAVAILABLE,48-41,7,UNAVAILABLE,UNAVAILABLE,UNAVAILABLE,360,UNAVAILABLE,UNAVAILABLE,UNAVAILABLE,UNAVAILABLE,0.30434782608695654,NOT_APPLICABLE
AUSTIN_DRE_PHASE_3,AUSTIN_DOWNFALL_STATE_MODEL_V1,NCAAB_H2_1_AUSTIN_TRANSFER_V1,b90e2ef66a563198,NCAAB_20260204_IOWA_WASH,KXNCAAMBGAME-26FEB04IOWAWASH-IOWA,H2_1,4,2026-02-05T05:06:42+00:00,2,240,UNRESOLVED,0,CI_UNAVAILABLE,SUPPORT_UNAVAILABLE,UNAVAILABLE,UNAVAILABLE,UNAVAILABLE,UNAVAILABLE,UNAVAILABLE,UNAVAILABLE,UNAVAILABLE,UNAVAILABLE,UNAVAILABLE,34,UNAVAILABLE,48-41,7,UNAVAILABLE,UNAVAILABLE,UNAVAILABLE,240,UNAVAILABLE,UNAVAILABLE,UNAVAILABLE,UNAVAILABLE,0.30434782608695654,NOT_APPLICABLE
AUSTIN_DRE_PHASE_3,AUSTIN_DOWNFALL_STATE_MODEL_V1,NCAAB_H2_1_AUSTIN_TRANSFER_V1,b90e2ef66a563198,NCAAB_20260204_IOWA_WASH,KXNCAAMBGAME-26FEB04IOWAWASH-IOWA,H2_1,5,2026-02-05T05:06:42+00:00,2,120,UNRESOLVED,0,CI_UNAVAILABLE,SUPPORT_UNAVAILABLE,UNAVAILABLE,UNAVAILABLE,UNAVAILABLE,UNAVAILABLE,UNAVAILABLE,UNAVAILABLE,UNAVAILABLE,UNAVAILABLE,UNAVAILABLE,34,UNAVAILABLE,48-41,7,UNAVAILABLE,UNAVAILABLE,UNAVAILABLE,120,UNAVAILABLE,UNAVAILABLE,UNAVAILABLE,UNAVAILABLE,0.30434782608695654,NOT_APPLICABLE
AUSTIN_DRE_PHASE_3,AUSTIN_DOWNFALL_STATE_MODEL_V1,NCAAB_H2_1_AUSTIN_TRANSFER_V1,b90e2ef66a563198,NCAAB_20260204_IOWA_WASH,KXNCAAMBGAME-26FEB04IOWAWASH-IOWA,H2_1,6,2026-02-05T05:59:57+00:00,2,0,HEALTHY,0,CI_CROSSES_ZERO,NORMAL_SUPPORT,1.0470412698796108,-16.0,16.0,1.0470412698796108,0.0,UNAVAILABLE,UNAVAILABLE,UNAVAILABLE,UNAVAILABLE,99,16.0,74-84,-10,UNAVAILABLE,UNAVAILABLE,772.0,0,24.717218150901278,25.0,0.8137271580773282,0.8349950815901998,1.0,VALUE
AUSTIN_DRE_PHASE_3,AUSTIN_DOWNFALL_STATE_MODEL_V1,NCAAB_H2_1_AUSTIN_TRANSFER_V1,85c318a9a4fe8355,NCAAB_20260207_SMU_PITT,KXNCAAMBGAME-26FEB07SMUPITT-SMU,H2_1,0,2026-02-07T20:11:05+00:00,2,1080,UNRESOLVED,0,CI_UNAVAILABLE,SUPPORT_UNAVAILABLE,UNAVAILABLE,UNAVAILABLE,UNAVAILABLE,UNAVAILABLE,UNAVAILABLE,UNAVAILABLE,UNAVAILABLE,UNAVAILABLE,UNAVAILABLE,70,UNAVAILABLE,32-34,-2,UNAVAILABLE,UNAVAILABLE,UNAVAILABLE,1080,UNAVAILABLE,UNAVAILABLE,UNAVAILABLE,UNAVAILABLE,0.30434782608695654,NOT_APPLICABLE
AUSTIN_DRE_PHASE_3,AUSTIN_DOWNFALL_STATE_MODEL_V1,NCAAB_H2_1_AUSTIN_TRANSFER_V1,85c318a9a4fe8355,NCAAB_20260207_SMU_PITT,KXNCAAMBGAME-26FEB07SMUPITT-SMU,H2_1,1,2026-02-07T20:11:05+00:00,2,960,UNRESOLVED,0,CI_UNAVAILABLE,SUPPORT_UNAVAILABLE,UNAVAILABLE,UNAVAILABLE,UNAVAILABLE,UNAVAILABLE,UNAVAILABLE,UNAVAILABLE,UNAVAILABLE,UNAVAILABLE,UNAVAILABLE,70,UNAVAILABLE,32-34,-2,UNAVAILABLE,UNAVAILABLE,UNAVAILABLE,960,UNAVAILABLE,UNAVAILABLE,UNAVAILABLE,UNAVAILABLE,0.30434782608695654,NOT_APPLICABLE
AUSTIN_DRE_PHASE_3,AUSTIN_DOWNFALL_STATE_MODEL_V1,NCAAB_H2_1_AUSTIN_TRANSFER_V1,85c318a9a4fe8355,NCAAB_20260207_SMU_PITT,KXNCAAMBGAME-26FEB07SMUPITT-SMU,H2_1,2,2026-02-07T20:11:05+00:00,2,840,UNRESOLVED,0,CI_UNAVAILABLE,SUPPORT_UNAVAILABLE,UNAVAILABLE,UNAVAILABLE,UNAVAILABLE,UNAVAILABLE,UNAVAILABLE,UNAVAILABLE,UNAVAILABLE,UNAVAILABLE,UNAVAILABLE,70,UNAVAILABLE,32-34,-2,UNAVAILABLE,UNAVAILABLE,UNAVAILABLE,840,UNAVAILABLE,UNAVAILABLE,UNAVAILABLE,UNAVAILABLE,0.30434782608695654,NOT_APPLICABLE
AUSTIN_DRE_PHASE_3,AUSTIN_DOWNFALL_STATE_MODEL_V1,NCAAB_H2_1_AUSTIN_TRANSFER_V1,85c318a9a4fe8355,NCAAB_20260207_SMU_PITT,KXNCAAMBGAME-26FEB07SMUPITT-SMU,H2_1,3,2026-02-07T20:11:05+00:00,2,720,UNRESOLVED,0,CI_UNAVAILABLE,SUPPORT_UNAVAILABLE,UNAVAILABLE,UNAVAILABLE,UNAVAILABLE,UNAVAILABLE,UNAVAILABLE,UNAVAILABLE,UNAVAILABLE,UNAVAILABLE,UNAVAILABLE,70,UNAVAILABLE,32-34,-2,UNAVAILABLE,UNAVAILABLE,UNAVAILABLE,720,UNAVAILABLE,UNAVAILABLE,UNAVAILABLE,UNAVAILABLE,0.30434782608695654,NOT_APPLICABLE
AUSTIN_DRE_PHASE_3,AUSTIN_DOWNFALL_STATE_MODEL_V1,NCAAB_H2_1_AUSTIN_TRANSFER_V1,85c318a9a4fe8355,NCAAB_20260207_SMU_PITT,KXNCAAMBGAME-26FEB07SMUPITT-SMU,H2_1,4,2026-02-07T20:11:05+00:00,2,600,UNRESOLVED,0,CI_UNAVAILABLE,SUPPORT_UNAVAILABLE,UNAVAILABLE,UNAVAILABLE,UNAVAILABLE,UNAVAILABLE,UNAVAILABLE,UNAVAILABLE,UNAVAILABLE,UNAVAILABLE,UNAVAILABLE,70,UNAVAILABLE,32-34,-2,UNAVAILABLE,UNAVAILABLE,UNAVAILABLE,600,UNAVAILABLE,UNAVAILABLE,UNAVAILABLE,UNAVAILABLE,0.30434782608695654,NOT_APPLICABLE
AUSTIN_DRE_PHASE_3,AUSTIN_DOWNFALL_STATE_MODEL_V1,NCAAB_H2_1_AUSTIN_TRANSFER_V1,85c318a9a4fe8355,NCAAB_20260207_SMU_PITT,KXNCAAMBGAME-26FEB07SMUPITT-SMU,H2_1,5,2026-02-07T20:11:05+00:00,2,480,UNRESOLVED,0,CI_UNAVAILABLE,SUPPORT_UNAVAILABLE,UNAVAILABLE,UNAVAILABLE,UNAVAILABLE,UNAVAILABLE,UNAVAILABLE,UNAVAILABLE,UNAVAILABLE,UNAVAILABLE,UNAVAILABLE,70,UNAVAILABLE,32-34,-2,UNAVAILABLE,UNAVAILABLE,UNAVAILABLE,480,UNAVAILABLE,UNAVAILABLE,UNAVAILABLE,UNAVAILABLE,0.30434782608695654,NOT_APPLICABLE
AUSTIN_DRE_PHASE_3,AUSTIN_DOWNFALL_STATE_MODEL_V1,NCAAB_H2_1_AUSTIN_TRANSFER_V1,85c318a9a4fe8355,NCAAB_20260207_SMU_PITT,KXNCAAMBGAME-26FEB07SMUPITT-SMU,H2_1,6,2026-02-07T20:11:05+00:00,2,360,UNRESOLVED,0,CI_UNAVAILABLE,SUPPORT_UNAVAILABLE,UNAVAILABLE,UNAVAILABLE,UNAVAILABLE,UNAVAILABLE,UNAVAILABLE,UNAVAILABLE,UNAVAILABLE,UNAVAILABLE,UNAVAILABLE,70,UNAVAILABLE,32-34,-2,UNAVAILABLE,UNAVAILABLE,UNAVAILABLE,360,UNAVAILABLE,UNAVAILABLE,UNAVAILABLE,UNAVAILABLE,0.30434782608695654,NOT_APPLICABLE
AUSTIN_DRE_PHASE_3,AUSTIN_DOWNFALL_STATE_MODEL_V1,NCAAB_H2_1_AUSTIN_TRANSFER_V1,85c318a9a4fe8355,NCAAB_20260207_SMU_PITT,KXNCAAMBGAME-26FEB07SMUPITT-SMU,H2_1,7,2026-02-07T20:11:05+00:00,2,240,UNRESOLVED,0,CI_UNAVAILABLE,SUPPORT_UNAVAILABLE,UNAVAILABLE,UNAVAILABLE,UNAVAILABLE,UNAVAILABLE,UNAVAILABLE,UNAVAILABLE,UNAVAILABLE,UNAVAILABLE,UNAVAILABLE,70,UNAVAILABLE,32-34,-2,UNAVAILABLE,UNAVAILABLE,UNAVAILABLE,240,UNAVAILABLE,UNAVAILABLE,UNAVAILABLE,UNAVAILABLE,0.30434782608695654,NOT_APPLICABLE
AUSTIN_DRE_PHASE_3,AUSTIN_DOWNFALL_STATE_MODEL_V1,NCAAB_H2_1_AUSTIN_TRANSFER_V1,85c318a9a4fe8355,NCAAB_20260207_SMU_PITT,KXNCAAMBGAME-26FEB07SMUPITT-SMU,H2_1,8,2026-02-07T20:11:05+00:00,2,120,UNRESOLVED,0,CI_UNAVAILABLE,SUPPORT_UNAVAILABLE,UNAVAILABLE,UNAVAILABLE,UNAVAILABLE,UNAVAILABLE,UNAVAILABLE,UNAVAILABLE,UNAVAILABLE,UNAVAILABLE,UNAVAILABLE,70,UNAVAILABLE,32-34,-2,UNAVAILABLE,UNAVAILABLE,UNAVAILABLE,120,UNAVAILABLE,UNAVAILABLE,UNAVAILABLE,UNAVAILABLE,0.30434782608695654,NOT_APPLICABLE
AUSTIN_DRE_PHASE_3,AUSTIN_DOWNFALL_STATE_MODEL_V1,NCAAB_H2_1_AUSTIN_TRANSFER_V1,85c318a9a4fe8355,NCAAB_20260207_SMU_PITT,KXNCAAMBGAME-26FEB07SMUPITT-SMU,H2_1,9,2026-02-07T21:03:15+00:00,2,0,HEALTHY,0,CI_POSITIVE,NORMAL_SUPPORT,20.000000000000004,20.0,20.0,20.000000000000004,0.0,UNAVAILABLE,UNAVAILABLE,UNAVAILABLE,UNAVAILABLE,99,18.0,67-86,-19,UNAVAILABLE,UNAVAILABLE,1122.0,0,24.27628842165094,25.0,0.6604330738261782,0.678506610632871,1.0,VALUE
AUSTIN_DRE_PHASE_3,AUSTIN_DOWNFALL_STATE_MODEL_V1,NCAAB_H2_1_AUSTIN_TRANSFER_V1,1c6a6d46c26003e4,NCAAB_20260207_OKLA_VAN,KXNCAAMBGAME-26FEB07OKLAVAN-OKLA,H2_1,0,2026-02-07T21:43:09+00:00,2,960,UNRESOLVED,0,CI_UNAVAILABLE,SUPPORT_UNAVAILABLE,UNAVAILABLE,UNAVAILABLE,UNAVAILABLE,UNAVAILABLE,UNAVAILABLE,UNAVAILABLE,UNAVAILABLE,UNAVAILABLE,UNAVAILABLE,64,UNAVAILABLE,34-48,-14,UNAVAILABLE,UNAVAILABLE,UNAVAILABLE,960,UNAVAILABLE,UNAVAILABLE,UNAVAILABLE,UNAVAILABLE,0.30434782608695654,NOT_APPLICABLE
AUSTIN_DRE_PHASE_3,AUSTIN_DOWNFALL_STATE_MODEL_V1,NCAAB_H2_1_AUSTIN_TRANSFER_V1,1c6a6d46c26003e4,NCAAB_20260207_OKLA_VAN,KXNCAAMBGAME-26FEB07OKLAVAN-OKLA,H2_1,1,2026-02-07T21:43:09+00:00,2,840,UNRESOLVED,0,CI_UNAVAILABLE,SUPPORT_UNAVAILABLE,UNAVAILABLE,UNAVAILABLE,UNAVAILABLE,UNAVAILABLE,UNAVAILABLE,UNAVAILABLE,UNAVAILABLE,UNAVAILABLE,UNAVAILABLE,64,UNAVAILABLE,34-48,-14,UNAVAILABLE,UNAVAILABLE,UNAVAILABLE,840,UNAVAILABLE,UNAVAILABLE,UNAVAILABLE,UNAVAILABLE,0.30434782608695654,NOT_APPLICABLE
AUSTIN_DRE_PHASE_3,AUSTIN_DOWNFALL_STATE_MODEL_V1,NCAAB_H2_1_AUSTIN_TRANSFER_V1,1c6a6d46c26003e4,NCAAB_20260207_OKLA_VAN,KXNCAAMBGAME-26FEB07OKLAVAN-OKLA,H2_1,2,2026-02-07T21:43:09+00:00,2,720,UNRESOLVED,0,CI_UNAVAILABLE,SUPPORT_UNAVAILABLE,UNAVAILABLE,UNAVAILABLE,UNAVAILABLE,UNAVAILABLE,UNAVAILABLE,UNAVAILABLE,UNAVAILABLE,UNAVAILABLE,UNAVAILABLE,64,UNAVAILABLE,34-48,-14,UNAVAILABLE,UNAVAILABLE,UNAVAILABLE,720,UNAVAILABLE,UNAVAILABLE,UNAVAILABLE,UNAVAILABLE,0.30434782608695654,NOT_APPLICABLE
AUSTIN_DRE_PHASE_3,AUSTIN_DOWNFALL_STATE_MODEL_V1,NCAAB_H2_1_AUSTIN_TRANSFER_V1,1c6a6d46c26003e4,NCAAB_20260207_OKLA_VAN,KXNCAAMBGAME-26FEB07OKLAVAN-OKLA,H2_1,3,2026-02-07T21:43:09+00:00,2,600,UNRESOLVED,0,CI_UNAVAILABLE,SUPPORT_UNAVAILABLE,UNAVAILABLE,UNAVAILABLE,UNAVAILABLE,UNAVAILABLE,UNAVAILABLE,UNAVAILABLE,UNAVAILABLE,UNAVAILABLE,UNAVAILABLE,64,UNAVAILABLE,34-48,-14,UNAVAILABLE,UNAVAILABLE,UNAVAILABLE,600,UNAVAILABLE,UNAVAILABLE,UNAVAILABLE,UNAVAILABLE,0.30434782608695654,NOT_APPLICABLE
AUSTIN_DRE_PHASE_3,AUSTIN_DOWNFALL_STATE_MODEL_V1,NCAAB_H2_1_AUSTIN_TRANSFER_V1,1c6a6d46c26003e4,NCAAB_20260207_OKLA_VAN,KXNCAAMBGAME-26FEB07OKLAVAN-OKLA,H2_1,4,2026-02-07T21:43:09+00:00,2,480,UNRESOLVED,0,CI_UNAVAILABLE,SUPPORT_UNAVAILABLE,UNAVAILABLE,UNAVAILABLE,UNAVAILABLE,UNAVAILABLE,UNAVAILABLE,UNAVAILABLE,UNAVAILABLE,UNAVAILABLE,UNAVAILABLE,64,UNAVAILABLE,34-48,-14,UNAVAILABLE,UNAVAILABLE,UNAVAILABLE,480,UNAVAILABLE,UNAVAILABLE,UNAVAILABLE,UNAVAILABLE,0.30434782608695654,NOT_APPLICABLE
AUSTIN_DRE_PHASE_3,AUSTIN_DOWNFALL_STATE_MODEL_V1,NCAAB_H2_1_AUSTIN_TRANSFER_V1,1c6a6d46c26003e4,NCAAB_20260207_OKLA_VAN,KXNCAAMBGAME-26FEB07OKLAVAN-OKLA,H2_1,5,2026-02-07T21:43:09+00:00,2,360,UNRESOLVED,0,CI_UNAVAILABLE,SUPPORT_UNAVAILABLE,UNAVAILABLE,UNAVAILABLE,UNAVAILABLE,UNAVAILABLE,UNAVAILABLE,UNAVAILABLE,UNAVAILABLE,UNAVAILABLE,UNAVAILABLE,64,UNAVAILABLE,34-48,-14,UNAVAILABLE,UNAVAILABLE,UNAVAILABLE,360,UNAVAILABLE,UNAVAILABLE,UNAVAILABLE,UNAVAILABLE,0.30434782608695654,NOT_APPLICABLE
AUSTIN_DRE_PHASE_3,AUSTIN_DOWNFALL_STATE_MODEL_V1,NCAAB_H2_1_AUSTIN_TRANSFER_V1,1c6a6d46c26003e4,NCAAB_20260207_OKLA_VAN,KXNCAAMBGAME-26FEB07OKLAVAN-OKLA,H2_1,6,2026-02-07T21:43:09+00:00,2,240,UNRESOLVED,0,CI_UNAVAILABLE,SUPPORT_UNAVAILABLE,UNAVAILABLE,UNAVAILABLE,UNAVAILABLE,UNAVAILABLE,UNAVAILABLE,UNAVAILABLE,UNAVAILABLE,UNAVAILABLE,UNAVAILABLE,64,UNAVAILABLE,34-48,-14,UNAVAILABLE,UNAVAILABLE,UNAVAILABLE,240,UNAVAILABLE,UNAVAILABLE,UNAVAILABLE,UNAVAILABLE,0.30434782608695654,NOT_APPLICABLE
AUSTIN_DRE_PHASE_3,AUSTIN_DOWNFALL_STATE_MODEL_V1,NCAAB_H2_1_AUSTIN_TRANSFER_V1,1c6a6d46c26003e4,NCAAB_20260207_OKLA_VAN,KXNCAAMBGAME-26FEB07OKLAVAN-OKLA,H2_1,7,2026-02-07T21:43:09+00:00,2,120,UNRESOLVED,0,CI_UNAVAILABLE,SUPPORT_UNAVAILABLE,UNAVAILABLE,UNAVAILABLE,UNAVAILABLE,UNAVAILABLE,UNAVAILABLE,UNAVAILABLE,UNAVAILABLE,UNAVAILABLE,UNAVAILABLE,64,UNAVAILABLE,34-48,-14,UNAVAILABLE,UNAVAILABLE,UNAVAILABLE,120,UNAVAILABLE,UNAVAILABLE,UNAVAILABLE,UNAVAILABLE,0.30434782608695654,NOT_APPLICABLE
AUSTIN_DRE_PHASE_3,AUSTIN_DOWNFALL_STATE_MODEL_V1,NCAAB_H2_1_AUSTIN_TRANSFER_V1,11749a0518eb8f9e,NCAAB_20260210_VAN_AUB,KXNCAAMBGAME-26FEB10VANAUB-VAN,H2_1,0,2026-02-11T01:06:25+00:00,2,1080,UNRESOLVED,0,CI_UNAVAILABLE,SUPPORT_UNAVAILABLE,UNAVAILABLE,UNAVAILABLE,UNAVAILABLE,UNAVAILABLE,UNAVAILABLE,UNAVAILABLE,UNAVAILABLE,UNAVAILABLE,UNAVAILABLE,74,UNAVAILABLE,31-42,-11,UNAVAILABLE,UNAVAILABLE,UNAVAILABLE,1080,UNAVAILABLE,UNAVAILABLE,UNAVAILABLE,UNAVAILABLE,0.30434782608695654,NOT_APPLICABLE
AUSTIN_DRE_PHASE_3,AUSTIN_DOWNFALL_STATE_MODEL_V1,NCAAB_H2_1_AUSTIN_TRANSFER_V1,11749a0518eb8f9e,NCAAB_20260210_VAN_AUB,KXNCAAMBGAME-26FEB10VANAUB-VAN,H2_1,1,2026-02-11T01:06:25+00:00,2,960,UNRESOLVED,0,CI_UNAVAILABLE,SUPPORT_UNAVAILABLE,UNAVAILABLE,UNAVAILABLE,UNAVAILABLE,UNAVAILABLE,UNAVAILABLE,UNAVAILABLE,UNAVAILABLE,UNAVAILABLE,UNAVAILABLE,74,UNAVAILABLE,31-42,-11,UNAVAILABLE,UNAVAILABLE,UNAVAILABLE,960,UNAVAILABLE,UNAVAILABLE,UNAVAILABLE,UNAVAILABLE,0.30434782608695654,NOT_APPLICABLE
AUSTIN_DRE_PHASE_3,AUSTIN_DOWNFALL_STATE_MODEL_V1,NCAAB_H2_1_AUSTIN_TRANSFER_V1,11749a0518eb8f9e,NCAAB_20260210_VAN_AUB,KXNCAAMBGAME-26FEB10VANAUB-VAN,H2_1,2,2026-02-11T01:06:25+00:00,2,840,UNRESOLVED,0,CI_UNAVAILABLE,SUPPORT_UNAVAILABLE,UNAVAILABLE,UNAVAILABLE,UNAVAILABLE,UNAVAILABLE,UNAVAILABLE,UNAVAILABLE,UNAVAILABLE,UNAVAILABLE,UNAVAILABLE,74,UNAVAILABLE,31-42,-11,UNAVAILABLE,UNAVAILABLE,UNAVAILABLE,840,UNAVAILABLE,UNAVAILABLE,UNAVAILABLE,UNAVAILABLE,0.30434782608695654,NOT_APPLICABLE
AUSTIN_DRE_PHASE_3,AUSTIN_DOWNFALL_STATE_MODEL_V1,NCAAB_H2_1_AUSTIN_TRANSFER_V1,11749a0518eb8f9e,NCAAB_20260210_VAN_AUB,KXNCAAMBGAME-26FEB10VANAUB-VAN,H2_1,3,2026-02-11T01:06:25+00:00,2,720,UNRESOLVED,0,CI_UNAVAILABLE,SUPPORT_UNAVAILABLE,UNAVAILABLE,UNAVAILABLE,UNAVAILABLE,UNAVAILABLE,UNAVAILABLE,UNAVAILABLE,UNAVAILABLE,UNAVAILABLE,UNAVAILABLE,74,UNAVAILABLE,31-42,-11,UNAVAILABLE,UNAVAILABLE,UNAVAILABLE,720,UNAVAILABLE,UNAVAILABLE,UNAVAILABLE,UNAVAILABLE,0.30434782608695654,NOT_APPLICABLE
AUSTIN_DRE_PHASE_3,AUSTIN_DOWNFALL_STATE_MODEL_V1,NCAAB_H2_1_AUSTIN_TRANSFER_V1,11749a0518eb8f9e,NCAAB_20260210_VAN_AUB,KXNCAAMBGAME-26FEB10VANAUB-VAN,H2_1,4,2026-02-11T01:06:25+00:00,2,600,UNRESOLVED,0,CI_UNAVAILABLE,SUPPORT_UNAVAILABLE,UNAVAILABLE,UNAVAILABLE,UNAVAILABLE,UNAVAILABLE,UNAVAILABLE,UNAVAILABLE,UNAVAILABLE,UNAVAILABLE,UNAVAILABLE,74,UNAVAILABLE,31-42,-11,UNAVAILABLE,UNAVAILABLE,UNAVAILABLE,600,UNAVAILABLE,UNAVAILABLE,UNAVAILABLE,UNAVAILABLE,0.30434782608695654,NOT_APPLICABLE
AUSTIN_DRE_PHASE_3,AUSTIN_DOWNFALL_STATE_MODEL_V1,NCAAB_H2_1_AUSTIN_TRANSFER_V1,11749a0518eb8f9e,NCAAB_20260210_VAN_AUB,KXNCAAMBGAME-26FEB10VANAUB-VAN,H2_1,5,2026-02-11T01:06:25+00:00,2,480,UNRESOLVED,0,CI_UNAVAILABLE,SUPPORT_UNAVAILABLE,UNAVAILABLE,UNAVAILABLE,UNAVAILABLE,UNAVAILABLE,UNAVAILABLE,UNAVAILABLE,UNAVAILABLE,UNAVAILABLE,UNAVAILABLE,74,UNAVAILABLE,31-42,-11,UNAVAILABLE,UNAVAILABLE,UNAVAILABLE,480,UNAVAILABLE,UNAVAILABLE,UNAVAILABLE,UNAVAILABLE,0.30434782608695654,NOT_APPLICABLE
AUSTIN_DRE_PHASE_3,AUSTIN_DOWNFALL_STATE_MODEL_V1,NCAAB_H2_1_AUSTIN_TRANSFER_V1,11749a0518eb8f9e,NCAAB_20260210_VAN_AUB,KXNCAAMBGAME-26FEB10VANAUB-VAN,H2_1,6,2026-02-11T01:06:25+00:00,2,360,UNRESOLVED,0,CI_UNAVAILABLE,SUPPORT_UNAVAILABLE,UNAVAILABLE,UNAVAILABLE,UNAVAILABLE,UNAVAILABLE,UNAVAILABLE,UNAVAILABLE,UNAVAILABLE,UNAVAILABLE,UNAVAILABLE,74,UNAVAILABLE,31-42,-11,UNAVAILABLE,UNAVAILABLE,UNAVAILABLE,360,UNAVAILABLE,UNAVAILABLE,UNAVAILABLE,UNAVAILABLE,0.30434782608695654,NOT_APPLICABLE
AUSTIN_DRE_PHASE_3,AUSTIN_DOWNFALL_STATE_MODEL_V1,NCAAB_H2_1_AUSTIN_TRANSFER_V1,11749a0518eb8f9e,NCAAB_20260210_VAN_AUB,KXNCAAMBGAME-26FEB10VANAUB-VAN,H2_1,7,2026-02-11T01:06:25+00:00,2,240,UNRESOLVED,0,CI_UNAVAILABLE,SUPPORT_UNAVAILABLE,UNAVAILABLE,UNAVAILABLE,UNAVAILABLE,UNAVAILABLE,UNAVAILABLE,UNAVAILABLE,UNAVAILABLE,UNAVAILABLE,UNAVAILABLE,74,UNAVAILABLE,31-42,-11,UNAVAILABLE,UNAVAILABLE,UNAVAILABLE,240,UNAVAILABLE,UNAVAILABLE,UNAVAILABLE,UNAVAILABLE,0.30434782608695654,NOT_APPLICABLE
AUSTIN_DRE_PHASE_3,AUSTIN_DOWNFALL_STATE_MODEL_V1,NCAAB_H2_1_AUSTIN_TRANSFER_V1,11749a0518eb8f9e,NCAAB_20260210_VAN_AUB,KXNCAAMBGAME-26FEB10VANAUB-VAN,H2_1,8,2026-02-11T01:06:25+00:00,2,120,UNRESOLVED,0,CI_UNAVAILABLE,SUPPORT_UNAVAILABLE,UNAVAILABLE,UNAVAILABLE,UNAVAILABLE,UNAVAILABLE,UNAVAILABLE,UNAVAILABLE,UNAVAILABLE,UNAVAILABLE,UNAVAILABLE,74,UNAVAILABLE,31-42,-11,UNAVAILABLE,UNAVAILABLE,UNAVAILABLE,120,UNAVAILABLE,UNAVAILABLE,UNAVAILABLE,UNAVAILABLE,0.30434782608695654,NOT_APPLICABLE
AUSTIN_DRE_PHASE_3,AUSTIN_DOWNFALL_STATE_MODEL_V1,NCAAB_H2_1_AUSTIN_TRANSFER_V1,11749a0518eb8f9e,NCAAB_20260210_VAN_AUB,KXNCAAMBGAME-26FEB10VANAUB-VAN,H2_1,9,2026-02-11T02:14:08+00:00,2,0,HEALTHY,0,CI_POSITIVE,NORMAL_SUPPORT,16.285824777152683,8.0,20.0,16.285824777152683,0.0,UNAVAILABLE,UNAVAILABLE,UNAVAILABLE,UNAVAILABLE,99,17.0,76-84,-8,UNAVAILABLE,UNAVAILABLE,1099.0,0,24.668488634683026,25.0,0.9349463706609058,0.9923195596685491,1.0,VALUE
AUSTIN_DRE_PHASE_3,AUSTIN_DOWNFALL_STATE_MODEL_V1,NCAAB_H2_1_AUSTIN_TRANSFER_V1,954c7109bbde5b8d,NCAAB_20260210_BYU_BAY,KXNCAAMBGAME-26FEB10BYUBAY-BYU,H2_1,0,2026-02-11T01:10:03+00:00,2,840,UNRESOLVED,0,CI_UNAVAILABLE,SUPPORT_UNAVAILABLE,UNAVAILABLE,UNAVAILABLE,UNAVAILABLE,UNAVAILABLE,UNAVAILABLE,UNAVAILABLE,UNAVAILABLE,UNAVAILABLE,UNAVAILABLE,62,UNAVAILABLE,41-41,0,UNAVAILABLE,UNAVAILABLE,UNAVAILABLE,840,UNAVAILABLE,UNAVAILABLE,UNAVAILABLE,UNAVAILABLE,0.30434782608695654,NOT_APPLICABLE
AUSTIN_DRE_PHASE_3,AUSTIN_DOWNFALL_STATE_MODEL_V1,NCAAB_H2_1_AUSTIN_TRANSFER_V1,954c7109bbde5b8d,NCAAB_20260210_BYU_BAY,KXNCAAMBGAME-26FEB10BYUBAY-BYU,H2_1,1,2026-02-11T01:10:03+00:00,2,720,UNRESOLVED,0,CI_UNAVAILABLE,SUPPORT_UNAVAILABLE,UNAVAILABLE,UNAVAILABLE,UNAVAILABLE,UNAVAILABLE,UNAVAILABLE,UNAVAILABLE,UNAVAILABLE,UNAVAILABLE,UNAVAILABLE,62,UNAVAILABLE,41-41,0,UNAVAILABLE,UNAVAILABLE,UNAVAILABLE,720,UNAVAILABLE,UNAVAILABLE,UNAVAILABLE,UNAVAILABLE,0.30434782608695654,NOT_APPLICABLE
AUSTIN_DRE_PHASE_3,AUSTIN_DOWNFALL_STATE_MODEL_V1,NCAAB_H2_1_AUSTIN_TRANSFER_V1,954c7109bbde5b8d,NCAAB_20260210_BYU_BAY,KXNCAAMBGAME-26FEB10BYUBAY-BYU,H2_1,2,2026-02-11T01:37:57+00:00,2,600,HEALTHY,0,CI_POSITIVE,NORMAL_SUPPORT,20.0,20.0,20.0,20.0,0.0,UNAVAILABLE,UNAVAILABLE,UNAVAILABLE,UNAVAILABLE,90,10.0,59-67,-8,UNAVAILABLE,UNAVAILABLE,259.0,600,24.657096890029024,25.0,0.5565079144773809,0.5640383271232728,0.9710144927536232,VALUE
AUSTIN_DRE_PHASE_3,AUSTIN_DOWNFALL_STATE_MODEL_V1,NCAAB_H2_1_AUSTIN_TRANSFER_V1,954c7109bbde5b8d,NCAAB_20260210_BYU_BAY,KXNCAAMBGAME-26FEB10BYUBAY-BYU,H2_1,3,2026-02-11T01:10:03+00:00,2,480,UNRESOLVED,0,CI_UNAVAILABLE,SUPPORT_UNAVAILABLE,UNAVAILABLE,UNAVAILABLE,UNAVAILABLE,20.0,UNAVAILABLE,UNAVAILABLE,UNAVAILABLE,UNAVAILABLE,UNAVAILABLE,62,UNAVAILABLE,41-41,0,UNAVAILABLE,UNAVAILABLE,UNAVAILABLE,480,UNAVAILABLE,UNAVAILABLE,UNAVAILABLE,UNAVAILABLE,0.30434782608695654,NOT_APPLICABLE
AUSTIN_DRE_PHASE_3,AUSTIN_DOWNFALL_STATE_MODEL_V1,NCAAB_H2_1_AUSTIN_TRANSFER_V1,954c7109bbde5b8d,NCAAB_20260210_BYU_BAY,KXNCAAMBGAME-26FEB10BYUBAY-BYU,H2_1,4,2026-02-11T01:10:03+00:00,2,360,UNRESOLVED,0,CI_UNAVAILABLE,SUPPORT_UNAVAILABLE,UNAVAILABLE,UNAVAILABLE,UNAVAILABLE,20.0,UNAVAILABLE,UNAVAILABLE,UNAVAILABLE,UNAVAILABLE,UNAVAILABLE,62,UNAVAILABLE,41-41,0,UNAVAILABLE,UNAVAILABLE,UNAVAILABLE,360,UNAVAILABLE,UNAVAILABLE,UNAVAILABLE,UNAVAILABLE,0.30434782608695654,NOT_APPLICABLE
AUSTIN_DRE_PHASE_3,AUSTIN_DOWNFALL_STATE_MODEL_V1,NCAAB_H2_1_AUSTIN_TRANSFER_V1,954c7109bbde5b8d,NCAAB_20260210_BYU_BAY,KXNCAAMBGAME-26FEB10BYUBAY-BYU,H2_1,5,2026-02-11T01:10:03+00:00,2,240,UNRESOLVED,0,CI_UNAVAILABLE,SUPPORT_UNAVAILABLE,UNAVAILABLE,UNAVAILABLE,UNAVAILABLE,20.0,UNAVAILABLE,UNAVAILABLE,UNAVAILABLE,UNAVAILABLE,UNAVAILABLE,62,UNAVAILABLE,41-41,0,UNAVAILABLE,UNAVAILABLE,UNAVAILABLE,240,UNAVAILABLE,UNAVAILABLE,UNAVAILABLE,UNAVAILABLE,0.30434782608695654,NOT_APPLICABLE
AUSTIN_DRE_PHASE_3,AUSTIN_DOWNFALL_STATE_MODEL_V1,NCAAB_H2_1_AUSTIN_TRANSFER_V1,954c7109bbde5b8d,NCAAB_20260210_BYU_BAY,KXNCAAMBGAME-26FEB10BYUBAY-BYU,H2_1,6,2026-02-11T01:10:03+00:00,2,120,UNRESOLVED,0,CI_UNAVAILABLE,SUPPORT_UNAVAILABLE,UNAVAILABLE,UNAVAILABLE,UNAVAILABLE,20.0,UNAVAILABLE,UNAVAILABLE,UNAVAILABLE,UNAVAILABLE,UNAVAILABLE,62,UNAVAILABLE,41-41,0,UNAVAILABLE,UNAVAILABLE,UNAVAILABLE,120,UNAVAILABLE,UNAVAILABLE,UNAVAILABLE,UNAVAILABLE,0.30434782608695654,NOT_APPLICABLE
AUSTIN_DRE_PHASE_3,AUSTIN_DOWNFALL_STATE_MODEL_V1,NCAAB_H2_1_AUSTIN_TRANSFER_V1,51ba3b0862e0d6a8,NCAAB_20260211_USC_OSU,KXNCAAMBGAME-26FEB11USCOSU-OSU,H2_1,0,2026-02-12T00:41:13+00:00,2,720,UNRESOLVED,0,CI_UNAVAILABLE,SUPPORT_UNAVAILABLE,UNAVAILABLE,UNAVAILABLE,UNAVAILABLE,UNAVAILABLE,UNAVAILABLE,UNAVAILABLE,UNAVAILABLE,UNAVAILABLE,UNAVAILABLE,62,UNAVAILABLE,40-43,-3,UNAVAILABLE,UNAVAILABLE,UNAVAILABLE,720,UNAVAILABLE,UNAVAILABLE,UNAVAILABLE,UNAVAILABLE,0.30434782608695654,NOT_APPLICABLE
AUSTIN_DRE_PHASE_3,AUSTIN_DOWNFALL_STATE_MODEL_V1,NCAAB_H2_1_AUSTIN_TRANSFER_V1,51ba3b0862e0d6a8,NCAAB_20260211_USC_OSU,KXNCAAMBGAME-26FEB11USCOSU-OSU,H2_1,1,2026-02-12T00:41:13+00:00,2,600,UNRESOLVED,0,CI_UNAVAILABLE,SUPPORT_UNAVAILABLE,UNAVAILABLE,UNAVAILABLE,UNAVAILABLE,UNAVAILABLE,UNAVAILABLE,UNAVAILABLE,UNAVAILABLE,UNAVAILABLE,UNAVAILABLE,62,UNAVAILABLE,40-43,-3,UNAVAILABLE,UNAVAILABLE,UNAVAILABLE,600,UNAVAILABLE,UNAVAILABLE,UNAVAILABLE,UNAVAILABLE,0.30434782608695654,NOT_APPLICABLE
AUSTIN_DRE_PHASE_3,AUSTIN_DOWNFALL_STATE_MODEL_V1,NCAAB_H2_1_AUSTIN_TRANSFER_V1,51ba3b0862e0d6a8,NCAAB_20260211_USC_OSU,KXNCAAMBGAME-26FEB11USCOSU-OSU,H2_1,2,2026-02-12T00:41:13+00:00,2,480,UNRESOLVED,0,CI_UNAVAILABLE,SUPPORT_UNAVAILABLE,UNAVAILABLE,UNAVAILABLE,UNAVAILABLE,UNAVAILABLE,UNAVAILABLE,UNAVAILABLE,UNAVAILABLE,UNAVAILABLE,UNAVAILABLE,62,UNAVAILABLE,40-43,-3,UNAVAILABLE,UNAVAILABLE,UNAVAILABLE,480,UNAVAILABLE,UNAVAILABLE,UNAVAILABLE,UNAVAILABLE,0.30434782608695654,NOT_APPLICABLE
AUSTIN_DRE_PHASE_3,AUSTIN_DOWNFALL_STATE_MODEL_V1,NCAAB_H2_1_AUSTIN_TRANSFER_V1,51ba3b0862e0d6a8,NCAAB_20260211_USC_OSU,KXNCAAMBGAME-26FEB11USCOSU-OSU,H2_1,3,2026-02-12T00:41:13+00:00,2,360,UNRESOLVED,0,CI_UNAVAILABLE,SUPPORT_UNAVAILABLE,UNAVAILABLE,UNAVAILABLE,UNAVAILABLE,UNAVAILABLE,UNAVAILABLE,UNAVAILABLE,UNAVAILABLE,UNAVAILABLE,UNAVAILABLE,62,UNAVAILABLE,40-43,-3,UNAVAILABLE,UNAVAILABLE,UNAVAILABLE,360,UNAVAILABLE,UNAVAILABLE,UNAVAILABLE,UNAVAILABLE,0.30434782608695654,NOT_APPLICABLE
AUSTIN_DRE_PHASE_3,AUSTIN_DOWNFALL_STATE_MODEL_V1,NCAAB_H2_1_AUSTIN_TRANSFER_V1,51ba3b0862e0d6a8,NCAAB_20260211_USC_OSU,KXNCAAMBGAME-26FEB11USCOSU-OSU,H2_1,4,2026-02-12T01:24:52+00:00,2,240,HEALTHY,0,CI_CROSSES_ZERO,NORMAL_SUPPORT,12.437029548628292,0.0,20.0,12.437029548628292,0.0,UNAVAILABLE,UNAVAILABLE,UNAVAILABLE,UNAVAILABLE,88,8.0,78-69,9,UNAVAILABLE,UNAVAILABLE,579.0,240,24.184679254539066,25.0,0.38176907800814897,0.408857545731081,0.9855072463768116,VALUE
AUSTIN_DRE_PHASE_3,AUSTIN_DOWNFALL_STATE_MODEL_V1,NCAAB_H2_1_AUSTIN_TRANSFER_V1,51ba3b0862e0d6a8,NCAAB_20260211_USC_OSU,KXNCAAMBGAME-26FEB11USCOSU-OSU,H2_1,5,2026-02-12T00:41:13+00:00,2,120,UNRESOLVED,0,CI_UNAVAILABLE,SUPPORT_UNAVAILABLE,UNAVAILABLE,UNAVAILABLE,UNAVAILABLE,12.437029548628292,UNAVAILABLE,UNAVAILABLE,UNAVAILABLE,UNAVAILABLE,UNAVAILABLE,62,UNAVAILABLE,40-43,-3,UNAVAILABLE,UNAVAILABLE,UNAVAILABLE,120,UNAVAILABLE,UNAVAILABLE,UNAVAILABLE,UNAVAILABLE,0.30434782608695654,NOT_APPLICABLE
AUSTIN_DRE_PHASE_3,AUSTIN_DOWNFALL_STATE_MODEL_V1,NCAAB_H2_1_AUSTIN_TRANSFER_V1,51ba3b0862e0d6a8,NCAAB_20260211_USC_OSU,KXNCAAMBGAME-26FEB11USCOSU-OSU,H2_1,6,2026-02-12T01:54:36+00:00,2,0,HEALTHY,0,CI_POSITIVE,NORMAL_SUPPORT,19.999999999999996,20.0,20.0,12.437029548628292,7.562970451371704,12.437029548628292,7.562970451371704,1.890742612842926,UNAVAILABLE,99,19.0,89-82,7,UNAVAILABLE,UNAVAILABLE,819.0,0,24.74749311302443,25.0,0.6968060268307761,0.7374429930109264,1.0,VALUE
AUSTIN_DRE_PHASE_3,AUSTIN_DOWNFALL_STATE_MODEL_V1,NCAAB_H2_1_AUSTIN_TRANSFER_V1,83e7e687a5a06e59,NCAAB_20260211_ALA_MISS,KXNCAAMBGAME-26FEB11ALAMISS-ALA,H2_1,0,2026-02-12T01:05:06+00:00,2,960,UNRESOLVED,0,CI_UNAVAILABLE,SUPPORT_UNAVAILABLE,UNAVAILABLE,UNAVAILABLE,UNAVAILABLE,UNAVAILABLE,UNAVAILABLE,UNAVAILABLE,UNAVAILABLE,UNAVAILABLE,UNAVAILABLE,73,UNAVAILABLE,30-32,-2,UNAVAILABLE,UNAVAILABLE,UNAVAILABLE,960,UNAVAILABLE,UNAVAILABLE,UNAVAILABLE,UNAVAILABLE,0.30434782608695654,NOT_APPLICABLE
AUSTIN_DRE_PHASE_3,AUSTIN_DOWNFALL_STATE_MODEL_V1,NCAAB_H2_1_AUSTIN_TRANSFER_V1,83e7e687a5a06e59,NCAAB_20260211_ALA_MISS,KXNCAAMBGAME-26FEB11ALAMISS-ALA,H2_1,1,2026-02-12T01:05:06+00:00,2,840,UNRESOLVED,0,CI_UNAVAILABLE,SUPPORT_UNAVAILABLE,UNAVAILABLE,UNAVAILABLE,UNAVAILABLE,UNAVAILABLE,UNAVAILABLE,UNAVAILABLE,UNAVAILABLE,UNAVAILABLE,UNAVAILABLE,73,UNAVAILABLE,30-32,-2,UNAVAILABLE,UNAVAILABLE,UNAVAILABLE,840,UNAVAILABLE,UNAVAILABLE,UNAVAILABLE,UNAVAILABLE,0.30434782608695654,NOT_APPLICABLE
AUSTIN_DRE_PHASE_3,AUSTIN_DOWNFALL_STATE_MODEL_V1,NCAAB_H2_1_AUSTIN_TRANSFER_V1,83e7e687a5a06e59,NCAAB_20260211_ALA_MISS,KXNCAAMBGAME-26FEB11ALAMISS-ALA,H2_1,2,2026-02-12T01:05:06+00:00,2,720,UNRESOLVED,0,CI_UNAVAILABLE,SUPPORT_UNAVAILABLE,UNAVAILABLE,UNAVAILABLE,UNAVAILABLE,UNAVAILABLE,UNAVAILABLE,UNAVAILABLE,UNAVAILABLE,UNAVAILABLE,UNAVAILABLE,73,UNAVAILABLE,30-32,-2,UNAVAILABLE,UNAVAILABLE,UNAVAILABLE,720,UNAVAILABLE,UNAVAILABLE,UNAVAILABLE,UNAVAILABLE,0.30434782608695654,NOT_APPLICABLE
AUSTIN_DRE_PHASE_3,AUSTIN_DOWNFALL_STATE_MODEL_V1,NCAAB_H2_1_AUSTIN_TRANSFER_V1,83e7e687a5a06e59,NCAAB_20260211_ALA_MISS,KXNCAAMBGAME-26FEB11ALAMISS-ALA,H2_1,3,2026-02-12T01:05:06+00:00,2,600,UNRESOLVED,0,CI_UNAVAILABLE,SUPPORT_UNAVAILABLE,UNAVAILABLE,UNAVAILABLE,UNAVAILABLE,UNAVAILABLE,UNAVAILABLE,UNAVAILABLE,UNAVAILABLE,UNAVAILABLE,UNAVAILABLE,73,UNAVAILABLE,30-32,-2,UNAVAILABLE,UNAVAILABLE,UNAVAILABLE,600,UNAVAILABLE,UNAVAILABLE,UNAVAILABLE,UNAVAILABLE,0.30434782608695654,NOT_APPLICABLE
AUSTIN_DRE_PHASE_3,AUSTIN_DOWNFALL_STATE_MODEL_V1,NCAAB_H2_1_AUSTIN_TRANSFER_V1,83e7e687a5a06e59,NCAAB_20260211_ALA_MISS,KXNCAAMBGAME-26FEB11ALAMISS-ALA,H2_1,4,2026-02-12T01:05:06+00:00,2,480,UNRESOLVED,0,CI_UNAVAILABLE,SUPPORT_UNAVAILABLE,UNAVAILABLE,UNAVAILABLE,UNAVAILABLE,UNAVAILABLE,UNAVAILABLE,UNAVAILABLE,UNAVAILABLE,UNAVAILABLE,UNAVAILABLE,73,UNAVAILABLE,30-32,-2,UNAVAILABLE,UNAVAILABLE,UNAVAILABLE,480,UNAVAILABLE,UNAVAILABLE,UNAVAILABLE,UNAVAILABLE,0.30434782608695654,NOT_APPLICABLE
AUSTIN_DRE_PHASE_3,AUSTIN_DOWNFALL_STATE_MODEL_V1,NCAAB_H2_1_AUSTIN_TRANSFER_V1,83e7e687a5a06e59,NCAAB_20260211_ALA_MISS,KXNCAAMBGAME-26FEB11ALAMISS-ALA,H2_1,5,2026-02-12T01:05:06+00:00,2,360,UNRESOLVED,0,CI_UNAVAILABLE,SUPPORT_UNAVAILABLE,UNAVAILABLE,UNAVAILABLE,UNAVAILABLE,UNAVAILABLE,UNAVAILABLE,UNAVAILABLE,UNAVAILABLE,UNAVAILABLE,UNAVAILABLE,73,UNAVAILABLE,30-32,-2,UNAVAILABLE,UNAVAILABLE,UNAVAILABLE,360,UNAVAILABLE,UNAVAILABLE,UNAVAILABLE,UNAVAILABLE,0.30434782608695654,NOT_APPLICABLE
AUSTIN_DRE_PHASE_3,AUSTIN_DOWNFALL_STATE_MODEL_V1,NCAAB_H2_1_AUSTIN_TRANSFER_V1,83e7e687a5a06e59,NCAAB_20260211_ALA_MISS,KXNCAAMBGAME-26FEB11ALAMISS-ALA,H2_1,6,2026-02-12T01:05:06+00:00,2,240,UNRESOLVED,0,CI_UNAVAILABLE,SUPPORT_UNAVAILABLE,UNAVAILABLE,UNAVAILABLE,UNAVAILABLE,UNAVAILABLE,UNAVAILABLE,UNAVAILABLE,UNAVAILABLE,UNAVAILABLE,UNAVAILABLE,73,UNAVAILABLE,30-32,-2,UNAVAILABLE,UNAVAILABLE,UNAVAILABLE,240,UNAVAILABLE,UNAVAILABLE,UNAVAILABLE,UNAVAILABLE,0.30434782608695654,NOT_APPLICABLE
AUSTIN_DRE_PHASE_3,AUSTIN_DOWNFALL_STATE_MODEL_V1,NCAAB_H2_1_AUSTIN_TRANSFER_V1,83e7e687a5a06e59,NCAAB_20260211_ALA_MISS,KXNCAAMBGAME-26FEB11ALAMISS-ALA,H2_1,7,2026-02-12T01:05:06+00:00,2,120,UNRESOLVED,0,CI_UNAVAILABLE,SUPPORT_UNAVAILABLE,UNAVAILABLE,UNAVAILABLE,UNAVAILABLE,UNAVAILABLE,UNAVAILABLE,UNAVAILABLE,UNAVAILABLE,UNAVAILABLE,UNAVAILABLE,73,UNAVAILABLE,30-32,-2,UNAVAILABLE,UNAVAILABLE,UNAVAILABLE,120,UNAVAILABLE,UNAVAILABLE,UNAVAILABLE,UNAVAILABLE,0.30434782608695654,NOT_APPLICABLE
