record_type,evidence_layer,program,metric,value,unit,source,superasi_version,grade_config_version,created_at,source_lab_id,phase_a_result_id,source_csv_sha256,abase_sha256,debase_sha256,strategy_name,sport,league,season,date_from,date_to,universe,observation_basis,resolution,pit_field,entry_operation,entry_parameters,win_exit_operation,win_exit_parameters,loss_exit_operation,loss_exit_parameters,terminal_behavior,plan_hash,compiler_version,warehouse_version,identity_version,catalog_version,execution_version,data_fingerprint,backtest_status,population,wins,losses,win_rate,loss_rate,average_win,average_loss,risk_reward,gross_ev,result_hash,risk_not,fees,slippage,fills,net_ev,live_grade
meta,,base_devalidation,superasi_version,superasi_bdebase_v1.0.0,,superasi,superasi_bdebase_v1.0.0,grade_config_v1,2026-09-13T12:02:58Z,913e87a7c8d04ab0af447be670cfcda2,ITI Stress Q4 CROSS 65 REACH 85 40 ITI-05__913e87a7,3766439c96a7dd20c1a357cc9d344f52bdbbe213fb68782d4349329b8cd85c22,d42a28ee37542cabb6f140ba345b132015584963589d3732b3115ed80806cad0,6a547a4c14bdf2904cb47931457dc625742ef8654207540831709bc1c93ea690,ITI Stress Q4 CROSS 65 REACH 85 40 ITI-05,NBA,NBA,2025-2026,2025-10-10,2025-10-31,"{""date_from"":""2025-10-10"",""date_to"":""2025-10-31"",""game_data"":[""pbp""],""leagues"":[""NBA""],""market_data"":[""candles""],""markets"":[""kalshi""],""seasons"":[""2025-2026""],""sports"":[""NBA""]}",TRADABLE_YES_BID,1_MINUTE_CANDLE,available_at,CROSS,"{""id"":""entry_iti_stress"",""op"":""CROSS"",""period"":""Q4"",""price_e4"":7100}",REACH,"{""id"":""win_iti_stress"",""op"":""REACH"",""outcome"":""win"",""price_e4"":8500}",REACH,"{""id"":""loss_iti_stress"",""op"":""REACH"",""outcome"":""loss"",""price_e4"":4000}",HOLD_TO_SETTLEMENT,75d368edb0ad750c5bc7596a46abdf3fabdfd8d1471175a99677c2075fcaeeea,1.0.0,2026-09-13T06:28:48Z,1.0.0,1.0.0,1.0.0,2026-09-13T06:28:48Z,READY,30,19,7,0.633333,0.233333,1400,3100,0.451613,163.333333,416a2c883115f79ca748415171c8bd3a0ffbd6d264c3bd924f438a9db2c25078,candle_path_not_fill,UNAVAILABLE,UNAVAILABLE,UNAVAILABLE,NOT_COMPUTABLE,UNAVAILABLE
meta,,base_devalidation,grade_config_version,grade_config_v1,,superasi,superasi_bdebase_v1.0.0,grade_config_v1,2026-09-13T12:02:58Z,913e87a7c8d04ab0af447be670cfcda2,ITI Stress Q4 CROSS 65 REACH 85 40 ITI-05__913e87a7,3766439c96a7dd20c1a357cc9d344f52bdbbe213fb68782d4349329b8cd85c22,d42a28ee37542cabb6f140ba345b132015584963589d3732b3115ed80806cad0,6a547a4c14bdf2904cb47931457dc625742ef8654207540831709bc1c93ea690,ITI Stress Q4 CROSS 65 REACH 85 40 ITI-05,NBA,NBA,2025-2026,2025-10-10,2025-10-31,"{""date_from"":""2025-10-10"",""date_to"":""2025-10-31"",""game_data"":[""pbp""],""leagues"":[""NBA""],""market_data"":[""candles""],""markets"":[""kalshi""],""seasons"":[""2025-2026""],""sports"":[""NBA""]}",TRADABLE_YES_BID,1_MINUTE_CANDLE,available_at,CROSS,"{""id"":""entry_iti_stress"",""op"":""CROSS"",""period"":""Q4"",""price_e4"":7100}",REACH,"{""id"":""win_iti_stress"",""op"":""REACH"",""outcome"":""win"",""price_e4"":8500}",REACH,"{""id"":""loss_iti_stress"",""op"":""REACH"",""outcome"":""loss"",""price_e4"":4000}",HOLD_TO_SETTLEMENT,75d368edb0ad750c5bc7596a46abdf3fabdfd8d1471175a99677c2075fcaeeea,1.0.0,2026-09-13T06:28:48Z,1.0.0,1.0.0,1.0.0,2026-09-13T06:28:48Z,READY,30,19,7,0.633333,0.233333,1400,3100,0.451613,163.333333,416a2c883115f79ca748415171c8bd3a0ffbd6d264c3bd924f438a9db2c25078,candle_path_not_fill,UNAVAILABLE,UNAVAILABLE,UNAVAILABLE,NOT_COMPUTABLE,UNAVAILABLE
meta,OBSERVED,base_devalidation,phase_a_result_id,ITI Stress Q4 CROSS 65 REACH 85 40 ITI-05__913e87a7,,phase_a,superasi_bdebase_v1.0.0,grade_config_v1,2026-09-13T12:02:58Z,913e87a7c8d04ab0af447be670cfcda2,ITI Stress Q4 CROSS 65 REACH 85 40 ITI-05__913e87a7,3766439c96a7dd20c1a357cc9d344f52bdbbe213fb68782d4349329b8cd85c22,d42a28ee37542cabb6f140ba345b132015584963589d3732b3115ed80806cad0,6a547a4c14bdf2904cb47931457dc625742ef8654207540831709bc1c93ea690,ITI Stress Q4 CROSS 65 REACH 85 40 ITI-05,NBA,NBA,2025-2026,2025-10-10,2025-10-31,"{""date_from"":""2025-10-10"",""date_to"":""2025-10-31"",""game_data"":[""pbp""],""leagues"":[""NBA""],""market_data"":[""candles""],""markets"":[""kalshi""],""seasons"":[""2025-2026""],""sports"":[""NBA""]}",TRADABLE_YES_BID,1_MINUTE_CANDLE,available_at,CROSS,"{""id"":""entry_iti_stress"",""op"":""CROSS"",""period"":""Q4"",""price_e4"":7100}",REACH,"{""id"":""win_iti_stress"",""op"":""REACH"",""outcome"":""win"",""price_e4"":8500}",REACH,"{""id"":""loss_iti_stress"",""op"":""REACH"",""outcome"":""loss"",""price_e4"":4000}",HOLD_TO_SETTLEMENT,75d368edb0ad750c5bc7596a46abdf3fabdfd8d1471175a99677c2075fcaeeea,1.0.0,2026-09-13T06:28:48Z,1.0.0,1.0.0,1.0.0,2026-09-13T06:28:48Z,READY,30,19,7,0.633333,0.233333,1400,3100,0.451613,163.333333,416a2c883115f79ca748415171c8bd3a0ffbd6d264c3bd924f438a9db2c25078,candle_path_not_fill,UNAVAILABLE,UNAVAILABLE,UNAVAILABLE,NOT_COMPUTABLE,UNAVAILABLE
meta,OBSERVED,base_devalidation,source_lab_id,913e87a7c8d04ab0af447be670cfcda2,,labs_csv,superasi_bdebase_v1.0.0,grade_config_v1,2026-09-13T12:02:58Z,913e87a7c8d04ab0af447be670cfcda2,ITI Stress Q4 CROSS 65 REACH 85 40 ITI-05__913e87a7,3766439c96a7dd20c1a357cc9d344f52bdbbe213fb68782d4349329b8cd85c22,d42a28ee37542cabb6f140ba345b132015584963589d3732b3115ed80806cad0,6a547a4c14bdf2904cb47931457dc625742ef8654207540831709bc1c93ea690,ITI Stress Q4 CROSS 65 REACH 85 40 ITI-05,NBA,NBA,2025-2026,2025-10-10,2025-10-31,"{""date_from"":""2025-10-10"",""date_to"":""2025-10-31"",""game_data"":[""pbp""],""leagues"":[""NBA""],""market_data"":[""candles""],""markets"":[""kalshi""],""seasons"":[""2025-2026""],""sports"":[""NBA""]}",TRADABLE_YES_BID,1_MINUTE_CANDLE,available_at,CROSS,"{""id"":""entry_iti_stress"",""op"":""CROSS"",""period"":""Q4"",""price_e4"":7100}",REACH,"{""id"":""win_iti_stress"",""op"":""REACH"",""outcome"":""win"",""price_e4"":8500}",REACH,"{""id"":""loss_iti_stress"",""op"":""REACH"",""outcome"":""loss"",""price_e4"":4000}",HOLD_TO_SETTLEMENT,75d368edb0ad750c5bc7596a46abdf3fabdfd8d1471175a99677c2075fcaeeea,1.0.0,2026-09-13T06:28:48Z,1.0.0,1.0.0,1.0.0,2026-09-13T06:28:48Z,READY,30,19,7,0.633333,0.233333,1400,3100,0.451613,163.333333,416a2c883115f79ca748415171c8bd3a0ffbd6d264c3bd924f438a9db2c25078,candle_path_not_fill,UNAVAILABLE,UNAVAILABLE,UNAVAILABLE,NOT_COMPUTABLE,UNAVAILABLE
meta,OBSERVED,base_devalidation,question_status,PRESENT,,labs_metadata,superasi_bdebase_v1.0.0,grade_config_v1,2026-09-13T12:02:58Z,913e87a7c8d04ab0af447be670cfcda2,ITI Stress Q4 CROSS 65 REACH 85 40 ITI-05__913e87a7,3766439c96a7dd20c1a357cc9d344f52bdbbe213fb68782d4349329b8cd85c22,d42a28ee37542cabb6f140ba345b132015584963589d3732b3115ed80806cad0,6a547a4c14bdf2904cb47931457dc625742ef8654207540831709bc1c93ea690,ITI Stress Q4 CROSS 65 REACH 85 40 ITI-05,NBA,NBA,2025-2026,2025-10-10,2025-10-31,"{""date_from"":""2025-10-10"",""date_to"":""2025-10-31"",""game_data"":[""pbp""],""leagues"":[""NBA""],""market_data"":[""candles""],""markets"":[""kalshi""],""seasons"":[""2025-2026""],""sports"":[""NBA""]}",TRADABLE_YES_BID,1_MINUTE_CANDLE,available_at,CROSS,"{""id"":""entry_iti_stress"",""op"":""CROSS"",""period"":""Q4"",""price_e4"":7100}",REACH,"{""id"":""win_iti_stress"",""op"":""REACH"",""outcome"":""win"",""price_e4"":8500}",REACH,"{""id"":""loss_iti_stress"",""op"":""REACH"",""outcome"":""loss"",""price_e4"":4000}",HOLD_TO_SETTLEMENT,75d368edb0ad750c5bc7596a46abdf3fabdfd8d1471175a99677c2075fcaeeea,1.0.0,2026-09-13T06:28:48Z,1.0.0,1.0.0,1.0.0,2026-09-13T06:28:48Z,READY,30,19,7,0.633333,0.233333,1400,3100,0.451613,163.333333,416a2c883115f79ca748415171c8bd3a0ffbd6d264c3bd924f438a9db2c25078,candle_path_not_fill,UNAVAILABLE,UNAVAILABLE,UNAVAILABLE,NOT_COMPUTABLE,UNAVAILABLE
meta,OBSERVED,base_devalidation,question_sha256,8ba7ad5b305f52497425fcc09d47eeae2c338536505c009903b2175edb06f289,,labs_metadata,superasi_bdebase_v1.0.0,grade_config_v1,2026-09-13T12:02:58Z,913e87a7c8d04ab0af447be670cfcda2,ITI Stress Q4 CROSS 65 REACH 85 40 ITI-05__913e87a7,3766439c96a7dd20c1a357cc9d344f52bdbbe213fb68782d4349329b8cd85c22,d42a28ee37542cabb6f140ba345b132015584963589d3732b3115ed80806cad0,6a547a4c14bdf2904cb47931457dc625742ef8654207540831709bc1c93ea690,ITI Stress Q4 CROSS 65 REACH 85 40 ITI-05,NBA,NBA,2025-2026,2025-10-10,2025-10-31,"{""date_from"":""2025-10-10"",""date_to"":""2025-10-31"",""game_data"":[""pbp""],""leagues"":[""NBA""],""market_data"":[""candles""],""markets"":[""kalshi""],""seasons"":[""2025-2026""],""sports"":[""NBA""]}",TRADABLE_YES_BID,1_MINUTE_CANDLE,available_at,CROSS,"{""id"":""entry_iti_stress"",""op"":""CROSS"",""period"":""Q4"",""price_e4"":7100}",REACH,"{""id"":""win_iti_stress"",""op"":""REACH"",""outcome"":""win"",""price_e4"":8500}",REACH,"{""id"":""loss_iti_stress"",""op"":""REACH"",""outcome"":""loss"",""price_e4"":4000}",HOLD_TO_SETTLEMENT,75d368edb0ad750c5bc7596a46abdf3fabdfd8d1471175a99677c2075fcaeeea,1.0.0,2026-09-13T06:28:48Z,1.0.0,1.0.0,1.0.0,2026-09-13T06:28:48Z,READY,30,19,7,0.633333,0.233333,1400,3100,0.451613,163.333333,416a2c883115f79ca748415171c8bd3a0ffbd6d264c3bd924f438a9db2c25078,candle_path_not_fill,UNAVAILABLE,UNAVAILABLE,UNAVAILABLE,NOT_COMPUTABLE,UNAVAILABLE
meta,OBSERVED,base_devalidation,plan_hash,75d368edb0ad750c5bc7596a46abdf3fabdfd8d1471175a99677c2075fcaeeea,,labs_csv,superasi_bdebase_v1.0.0,grade_config_v1,2026-09-13T12:02:58Z,913e87a7c8d04ab0af447be670cfcda2,ITI Stress Q4 CROSS 65 REACH 85 40 ITI-05__913e87a7,3766439c96a7dd20c1a357cc9d344f52bdbbe213fb68782d4349329b8cd85c22,d42a28ee37542cabb6f140ba345b132015584963589d3732b3115ed80806cad0,6a547a4c14bdf2904cb47931457dc625742ef8654207540831709bc1c93ea690,ITI Stress Q4 CROSS 65 REACH 85 40 ITI-05,NBA,NBA,2025-2026,2025-10-10,2025-10-31,"{""date_from"":""2025-10-10"",""date_to"":""2025-10-31"",""game_data"":[""pbp""],""leagues"":[""NBA""],""market_data"":[""candles""],""markets"":[""kalshi""],""seasons"":[""2025-2026""],""sports"":[""NBA""]}",TRADABLE_YES_BID,1_MINUTE_CANDLE,available_at,CROSS,"{""id"":""entry_iti_stress"",""op"":""CROSS"",""period"":""Q4"",""price_e4"":7100}",REACH,"{""id"":""win_iti_stress"",""op"":""REACH"",""outcome"":""win"",""price_e4"":8500}",REACH,"{""id"":""loss_iti_stress"",""op"":""REACH"",""outcome"":""loss"",""price_e4"":4000}",HOLD_TO_SETTLEMENT,75d368edb0ad750c5bc7596a46abdf3fabdfd8d1471175a99677c2075fcaeeea,1.0.0,2026-09-13T06:28:48Z,1.0.0,1.0.0,1.0.0,2026-09-13T06:28:48Z,READY,30,19,7,0.633333,0.233333,1400,3100,0.451613,163.333333,416a2c883115f79ca748415171c8bd3a0ffbd6d264c3bd924f438a9db2c25078,candle_path_not_fill,UNAVAILABLE,UNAVAILABLE,UNAVAILABLE,NOT_COMPUTABLE,UNAVAILABLE
meta,OBSERVED,base_devalidation,result_hash,416a2c883115f79ca748415171c8bd3a0ffbd6d264c3bd924f438a9db2c25078,,labs_csv,superasi_bdebase_v1.0.0,grade_config_v1,2026-09-13T12:02:58Z,913e87a7c8d04ab0af447be670cfcda2,ITI Stress Q4 CROSS 65 REACH 85 40 ITI-05__913e87a7,3766439c96a7dd20c1a357cc9d344f52bdbbe213fb68782d4349329b8cd85c22,d42a28ee37542cabb6f140ba345b132015584963589d3732b3115ed80806cad0,6a547a4c14bdf2904cb47931457dc625742ef8654207540831709bc1c93ea690,ITI Stress Q4 CROSS 65 REACH 85 40 ITI-05,NBA,NBA,2025-2026,2025-10-10,2025-10-31,"{""date_from"":""2025-10-10"",""date_to"":""2025-10-31"",""game_data"":[""pbp""],""leagues"":[""NBA""],""market_data"":[""candles""],""markets"":[""kalshi""],""seasons"":[""2025-2026""],""sports"":[""NBA""]}",TRADABLE_YES_BID,1_MINUTE_CANDLE,available_at,CROSS,"{""id"":""entry_iti_stress"",""op"":""CROSS"",""period"":""Q4"",""price_e4"":7100}",REACH,"{""id"":""win_iti_stress"",""op"":""REACH"",""outcome"":""win"",""price_e4"":8500}",REACH,"{""id"":""loss_iti_stress"",""op"":""REACH"",""outcome"":""loss"",""price_e4"":4000}",HOLD_TO_SETTLEMENT,75d368edb0ad750c5bc7596a46abdf3fabdfd8d1471175a99677c2075fcaeeea,1.0.0,2026-09-13T06:28:48Z,1.0.0,1.0.0,1.0.0,2026-09-13T06:28:48Z,READY,30,19,7,0.633333,0.233333,1400,3100,0.451613,163.333333,416a2c883115f79ca748415171c8bd3a0ffbd6d264c3bd924f438a9db2c25078,candle_path_not_fill,UNAVAILABLE,UNAVAILABLE,UNAVAILABLE,NOT_COMPUTABLE,UNAVAILABLE
meta,OBSERVED,base_devalidation,candle_path_not_fill,candle_path_not_fill,,honesty,superasi_bdebase_v1.0.0,grade_config_v1,2026-09-13T12:02:58Z,913e87a7c8d04ab0af447be670cfcda2,ITI Stress Q4 CROSS 65 REACH 85 40 ITI-05__913e87a7,3766439c96a7dd20c1a357cc9d344f52bdbbe213fb68782d4349329b8cd85c22,d42a28ee37542cabb6f140ba345b132015584963589d3732b3115ed80806cad0,6a547a4c14bdf2904cb47931457dc625742ef8654207540831709bc1c93ea690,ITI Stress Q4 CROSS 65 REACH 85 40 ITI-05,NBA,NBA,2025-2026,2025-10-10,2025-10-31,"{""date_from"":""2025-10-10"",""date_to"":""2025-10-31"",""game_data"":[""pbp""],""leagues"":[""NBA""],""market_data"":[""candles""],""markets"":[""kalshi""],""seasons"":[""2025-2026""],""sports"":[""NBA""]}",TRADABLE_YES_BID,1_MINUTE_CANDLE,available_at,CROSS,"{""id"":""entry_iti_stress"",""op"":""CROSS"",""period"":""Q4"",""price_e4"":7100}",REACH,"{""id"":""win_iti_stress"",""op"":""REACH"",""outcome"":""win"",""price_e4"":8500}",REACH,"{""id"":""loss_iti_stress"",""op"":""REACH"",""outcome"":""loss"",""price_e4"":4000}",HOLD_TO_SETTLEMENT,75d368edb0ad750c5bc7596a46abdf3fabdfd8d1471175a99677c2075fcaeeea,1.0.0,2026-09-13T06:28:48Z,1.0.0,1.0.0,1.0.0,2026-09-13T06:28:48Z,READY,30,19,7,0.633333,0.233333,1400,3100,0.451613,163.333333,416a2c883115f79ca748415171c8bd3a0ffbd6d264c3bd924f438a9db2c25078,candle_path_not_fill,UNAVAILABLE,UNAVAILABLE,UNAVAILABLE,NOT_COMPUTABLE,UNAVAILABLE
meta,OBSERVED,base_devalidation,live_grade,UNAVAILABLE,,honesty,superasi_bdebase_v1.0.0,grade_config_v1,2026-09-13T12:02:58Z,913e87a7c8d04ab0af447be670cfcda2,ITI Stress Q4 CROSS 65 REACH 85 40 ITI-05__913e87a7,3766439c96a7dd20c1a357cc9d344f52bdbbe213fb68782d4349329b8cd85c22,d42a28ee37542cabb6f140ba345b132015584963589d3732b3115ed80806cad0,6a547a4c14bdf2904cb47931457dc625742ef8654207540831709bc1c93ea690,ITI Stress Q4 CROSS 65 REACH 85 40 ITI-05,NBA,NBA,2025-2026,2025-10-10,2025-10-31,"{""date_from"":""2025-10-10"",""date_to"":""2025-10-31"",""game_data"":[""pbp""],""leagues"":[""NBA""],""market_data"":[""candles""],""markets"":[""kalshi""],""seasons"":[""2025-2026""],""sports"":[""NBA""]}",TRADABLE_YES_BID,1_MINUTE_CANDLE,available_at,CROSS,"{""id"":""entry_iti_stress"",""op"":""CROSS"",""period"":""Q4"",""price_e4"":7100}",REACH,"{""id"":""win_iti_stress"",""op"":""REACH"",""outcome"":""win"",""price_e4"":8500}",REACH,"{""id"":""loss_iti_stress"",""op"":""REACH"",""outcome"":""loss"",""price_e4"":4000}",HOLD_TO_SETTLEMENT,75d368edb0ad750c5bc7596a46abdf3fabdfd8d1471175a99677c2075fcaeeea,1.0.0,2026-09-13T06:28:48Z,1.0.0,1.0.0,1.0.0,2026-09-13T06:28:48Z,READY,30,19,7,0.633333,0.233333,1400,3100,0.451613,163.333333,416a2c883115f79ca748415171c8bd3a0ffbd6d264c3bd924f438a9db2c25078,candle_path_not_fill,UNAVAILABLE,UNAVAILABLE,UNAVAILABLE,NOT_COMPUTABLE,UNAVAILABLE
observed,OBSERVED,base_decomposition,population,30,count,labs_row,superasi_bdebase_v1.0.0,grade_config_v1,2026-09-13T12:02:58Z,913e87a7c8d04ab0af447be670cfcda2,ITI Stress Q4 CROSS 65 REACH 85 40 ITI-05__913e87a7,3766439c96a7dd20c1a357cc9d344f52bdbbe213fb68782d4349329b8cd85c22,d42a28ee37542cabb6f140ba345b132015584963589d3732b3115ed80806cad0,6a547a4c14bdf2904cb47931457dc625742ef8654207540831709bc1c93ea690,ITI Stress Q4 CROSS 65 REACH 85 40 ITI-05,NBA,NBA,2025-2026,2025-10-10,2025-10-31,"{""date_from"":""2025-10-10"",""date_to"":""2025-10-31"",""game_data"":[""pbp""],""leagues"":[""NBA""],""market_data"":[""candles""],""markets"":[""kalshi""],""seasons"":[""2025-2026""],""sports"":[""NBA""]}",TRADABLE_YES_BID,1_MINUTE_CANDLE,available_at,CROSS,"{""id"":""entry_iti_stress"",""op"":""CROSS"",""period"":""Q4"",""price_e4"":7100}",REACH,"{""id"":""win_iti_stress"",""op"":""REACH"",""outcome"":""win"",""price_e4"":8500}",REACH,"{""id"":""loss_iti_stress"",""op"":""REACH"",""outcome"":""loss"",""price_e4"":4000}",HOLD_TO_SETTLEMENT,75d368edb0ad750c5bc7596a46abdf3fabdfd8d1471175a99677c2075fcaeeea,1.0.0,2026-09-13T06:28:48Z,1.0.0,1.0.0,1.0.0,2026-09-13T06:28:48Z,READY,30,19,7,0.633333,0.233333,1400,3100,0.451613,163.333333,416a2c883115f79ca748415171c8bd3a0ffbd6d264c3bd924f438a9db2c25078,candle_path_not_fill,UNAVAILABLE,UNAVAILABLE,UNAVAILABLE,NOT_COMPUTABLE,UNAVAILABLE
observed,OBSERVED,base_decomposition,wins,19,count,labs_row,superasi_bdebase_v1.0.0,grade_config_v1,2026-09-13T12:02:58Z,913e87a7c8d04ab0af447be670cfcda2,ITI Stress Q4 CROSS 65 REACH 85 40 ITI-05__913e87a7,3766439c96a7dd20c1a357cc9d344f52bdbbe213fb68782d4349329b8cd85c22,d42a28ee37542cabb6f140ba345b132015584963589d3732b3115ed80806cad0,6a547a4c14bdf2904cb47931457dc625742ef8654207540831709bc1c93ea690,ITI Stress Q4 CROSS 65 REACH 85 40 ITI-05,NBA,NBA,2025-2026,2025-10-10,2025-10-31,"{""date_from"":""2025-10-10"",""date_to"":""2025-10-31"",""game_data"":[""pbp""],""leagues"":[""NBA""],""market_data"":[""candles""],""markets"":[""kalshi""],""seasons"":[""2025-2026""],""sports"":[""NBA""]}",TRADABLE_YES_BID,1_MINUTE_CANDLE,available_at,CROSS,"{""id"":""entry_iti_stress"",""op"":""CROSS"",""period"":""Q4"",""price_e4"":7100}",REACH,"{""id"":""win_iti_stress"",""op"":""REACH"",""outcome"":""win"",""price_e4"":8500}",REACH,"{""id"":""loss_iti_stress"",""op"":""REACH"",""outcome"":""loss"",""price_e4"":4000}",HOLD_TO_SETTLEMENT,75d368edb0ad750c5bc7596a46abdf3fabdfd8d1471175a99677c2075fcaeeea,1.0.0,2026-09-13T06:28:48Z,1.0.0,1.0.0,1.0.0,2026-09-13T06:28:48Z,READY,30,19,7,0.633333,0.233333,1400,3100,0.451613,163.333333,416a2c883115f79ca748415171c8bd3a0ffbd6d264c3bd924f438a9db2c25078,candle_path_not_fill,UNAVAILABLE,UNAVAILABLE,UNAVAILABLE,NOT_COMPUTABLE,UNAVAILABLE
observed,OBSERVED,base_decomposition,losses,7,count,labs_row,superasi_bdebase_v1.0.0,grade_config_v1,2026-09-13T12:02:58Z,913e87a7c8d04ab0af447be670cfcda2,ITI Stress Q4 CROSS 65 REACH 85 40 ITI-05__913e87a7,3766439c96a7dd20c1a357cc9d344f52bdbbe213fb68782d4349329b8cd85c22,d42a28ee37542cabb6f140ba345b132015584963589d3732b3115ed80806cad0,6a547a4c14bdf2904cb47931457dc625742ef8654207540831709bc1c93ea690,ITI Stress Q4 CROSS 65 REACH 85 40 ITI-05,NBA,NBA,2025-2026,2025-10-10,2025-10-31,"{""date_from"":""2025-10-10"",""date_to"":""2025-10-31"",""game_data"":[""pbp""],""leagues"":[""NBA""],""market_data"":[""candles""],""markets"":[""kalshi""],""seasons"":[""2025-2026""],""sports"":[""NBA""]}",TRADABLE_YES_BID,1_MINUTE_CANDLE,available_at,CROSS,"{""id"":""entry_iti_stress"",""op"":""CROSS"",""period"":""Q4"",""price_e4"":7100}",REACH,"{""id"":""win_iti_stress"",""op"":""REACH"",""outcome"":""win"",""price_e4"":8500}",REACH,"{""id"":""loss_iti_stress"",""op"":""REACH"",""outcome"":""loss"",""price_e4"":4000}",HOLD_TO_SETTLEMENT,75d368edb0ad750c5bc7596a46abdf3fabdfd8d1471175a99677c2075fcaeeea,1.0.0,2026-09-13T06:28:48Z,1.0.0,1.0.0,1.0.0,2026-09-13T06:28:48Z,READY,30,19,7,0.633333,0.233333,1400,3100,0.451613,163.333333,416a2c883115f79ca748415171c8bd3a0ffbd6d264c3bd924f438a9db2c25078,candle_path_not_fill,UNAVAILABLE,UNAVAILABLE,UNAVAILABLE,NOT_COMPUTABLE,UNAVAILABLE
observed,OBSERVED,base_decomposition,decided,26,count,labs_row,superasi_bdebase_v1.0.0,grade_config_v1,2026-09-13T12:02:58Z,913e87a7c8d04ab0af447be670cfcda2,ITI Stress Q4 CROSS 65 REACH 85 40 ITI-05__913e87a7,3766439c96a7dd20c1a357cc9d344f52bdbbe213fb68782d4349329b8cd85c22,d42a28ee37542cabb6f140ba345b132015584963589d3732b3115ed80806cad0,6a547a4c14bdf2904cb47931457dc625742ef8654207540831709bc1c93ea690,ITI Stress Q4 CROSS 65 REACH 85 40 ITI-05,NBA,NBA,2025-2026,2025-10-10,2025-10-31,"{""date_from"":""2025-10-10"",""date_to"":""2025-10-31"",""game_data"":[""pbp""],""leagues"":[""NBA""],""market_data"":[""candles""],""markets"":[""kalshi""],""seasons"":[""2025-2026""],""sports"":[""NBA""]}",TRADABLE_YES_BID,1_MINUTE_CANDLE,available_at,CROSS,"{""id"":""entry_iti_stress"",""op"":""CROSS"",""period"":""Q4"",""price_e4"":7100}",REACH,"{""id"":""win_iti_stress"",""op"":""REACH"",""outcome"":""win"",""price_e4"":8500}",REACH,"{""id"":""loss_iti_stress"",""op"":""REACH"",""outcome"":""loss"",""price_e4"":4000}",HOLD_TO_SETTLEMENT,75d368edb0ad750c5bc7596a46abdf3fabdfd8d1471175a99677c2075fcaeeea,1.0.0,2026-09-13T06:28:48Z,1.0.0,1.0.0,1.0.0,2026-09-13T06:28:48Z,READY,30,19,7,0.633333,0.233333,1400,3100,0.451613,163.333333,416a2c883115f79ca748415171c8bd3a0ffbd6d264c3bd924f438a9db2c25078,candle_path_not_fill,UNAVAILABLE,UNAVAILABLE,UNAVAILABLE,NOT_COMPUTABLE,UNAVAILABLE
observed,OBSERVED,base_decomposition,win_rate,0.730769,fraction,labs_row,superasi_bdebase_v1.0.0,grade_config_v1,2026-09-13T12:02:58Z,913e87a7c8d04ab0af447be670cfcda2,ITI Stress Q4 CROSS 65 REACH 85 40 ITI-05__913e87a7,3766439c96a7dd20c1a357cc9d344f52bdbbe213fb68782d4349329b8cd85c22,d42a28ee37542cabb6f140ba345b132015584963589d3732b3115ed80806cad0,6a547a4c14bdf2904cb47931457dc625742ef8654207540831709bc1c93ea690,ITI Stress Q4 CROSS 65 REACH 85 40 ITI-05,NBA,NBA,2025-2026,2025-10-10,2025-10-31,"{""date_from"":""2025-10-10"",""date_to"":""2025-10-31"",""game_data"":[""pbp""],""leagues"":[""NBA""],""market_data"":[""candles""],""markets"":[""kalshi""],""seasons"":[""2025-2026""],""sports"":[""NBA""]}",TRADABLE_YES_BID,1_MINUTE_CANDLE,available_at,CROSS,"{""id"":""entry_iti_stress"",""op"":""CROSS"",""period"":""Q4"",""price_e4"":7100}",REACH,"{""id"":""win_iti_stress"",""op"":""REACH"",""outcome"":""win"",""price_e4"":8500}",REACH,"{""id"":""loss_iti_stress"",""op"":""REACH"",""outcome"":""loss"",""price_e4"":4000}",HOLD_TO_SETTLEMENT,75d368edb0ad750c5bc7596a46abdf3fabdfd8d1471175a99677c2075fcaeeea,1.0.0,2026-09-13T06:28:48Z,1.0.0,1.0.0,1.0.0,2026-09-13T06:28:48Z,READY,30,19,7,0.633333,0.233333,1400,3100,0.451613,163.333333,416a2c883115f79ca748415171c8bd3a0ffbd6d264c3bd924f438a9db2c25078,candle_path_not_fill,UNAVAILABLE,UNAVAILABLE,UNAVAILABLE,NOT_COMPUTABLE,UNAVAILABLE
observed,OBSERVED,base_decomposition,gross_ev,163.333333,e4,labs_row,superasi_bdebase_v1.0.0,grade_config_v1,2026-09-13T12:02:58Z,913e87a7c8d04ab0af447be670cfcda2,ITI Stress Q4 CROSS 65 REACH 85 40 ITI-05__913e87a7,3766439c96a7dd20c1a357cc9d344f52bdbbe213fb68782d4349329b8cd85c22,d42a28ee37542cabb6f140ba345b132015584963589d3732b3115ed80806cad0,6a547a4c14bdf2904cb47931457dc625742ef8654207540831709bc1c93ea690,ITI Stress Q4 CROSS 65 REACH 85 40 ITI-05,NBA,NBA,2025-2026,2025-10-10,2025-10-31,"{""date_from"":""2025-10-10"",""date_to"":""2025-10-31"",""game_data"":[""pbp""],""leagues"":[""NBA""],""market_data"":[""candles""],""markets"":[""kalshi""],""seasons"":[""2025-2026""],""sports"":[""NBA""]}",TRADABLE_YES_BID,1_MINUTE_CANDLE,available_at,CROSS,"{""id"":""entry_iti_stress"",""op"":""CROSS"",""period"":""Q4"",""price_e4"":7100}",REACH,"{""id"":""win_iti_stress"",""op"":""REACH"",""outcome"":""win"",""price_e4"":8500}",REACH,"{""id"":""loss_iti_stress"",""op"":""REACH"",""outcome"":""loss"",""price_e4"":4000}",HOLD_TO_SETTLEMENT,75d368edb0ad750c5bc7596a46abdf3fabdfd8d1471175a99677c2075fcaeeea,1.0.0,2026-09-13T06:28:48Z,1.0.0,1.0.0,1.0.0,2026-09-13T06:28:48Z,READY,30,19,7,0.633333,0.233333,1400,3100,0.451613,163.333333,416a2c883115f79ca748415171c8bd3a0ffbd6d264c3bd924f438a9db2c25078,candle_path_not_fill,UNAVAILABLE,UNAVAILABLE,UNAVAILABLE,NOT_COMPUTABLE,UNAVAILABLE
observed,OBSERVED,base_decomposition,average_win,1400.000000,e4,labs_row,superasi_bdebase_v1.0.0,grade_config_v1,2026-09-13T12:02:58Z,913e87a7c8d04ab0af447be670cfcda2,ITI Stress Q4 CROSS 65 REACH 85 40 ITI-05__913e87a7,3766439c96a7dd20c1a357cc9d344f52bdbbe213fb68782d4349329b8cd85c22,d42a28ee37542cabb6f140ba345b132015584963589d3732b3115ed80806cad0,6a547a4c14bdf2904cb47931457dc625742ef8654207540831709bc1c93ea690,ITI Stress Q4 CROSS 65 REACH 85 40 ITI-05,NBA,NBA,2025-2026,2025-10-10,2025-10-31,"{""date_from"":""2025-10-10"",""date_to"":""2025-10-31"",""game_data"":[""pbp""],""leagues"":[""NBA""],""market_data"":[""candles""],""markets"":[""kalshi""],""seasons"":[""2025-2026""],""sports"":[""NBA""]}",TRADABLE_YES_BID,1_MINUTE_CANDLE,available_at,CROSS,"{""id"":""entry_iti_stress"",""op"":""CROSS"",""period"":""Q4"",""price_e4"":7100}",REACH,"{""id"":""win_iti_stress"",""op"":""REACH"",""outcome"":""win"",""price_e4"":8500}",REACH,"{""id"":""loss_iti_stress"",""op"":""REACH"",""outcome"":""loss"",""price_e4"":4000}",HOLD_TO_SETTLEMENT,75d368edb0ad750c5bc7596a46abdf3fabdfd8d1471175a99677c2075fcaeeea,1.0.0,2026-09-13T06:28:48Z,1.0.0,1.0.0,1.0.0,2026-09-13T06:28:48Z,READY,30,19,7,0.633333,0.233333,1400,3100,0.451613,163.333333,416a2c883115f79ca748415171c8bd3a0ffbd6d264c3bd924f438a9db2c25078,candle_path_not_fill,UNAVAILABLE,UNAVAILABLE,UNAVAILABLE,NOT_COMPUTABLE,UNAVAILABLE
observed,OBSERVED,base_decomposition,average_loss,3100.000000,e4,labs_row,superasi_bdebase_v1.0.0,grade_config_v1,2026-09-13T12:02:58Z,913e87a7c8d04ab0af447be670cfcda2,ITI Stress Q4 CROSS 65 REACH 85 40 ITI-05__913e87a7,3766439c96a7dd20c1a357cc9d344f52bdbbe213fb68782d4349329b8cd85c22,d42a28ee37542cabb6f140ba345b132015584963589d3732b3115ed80806cad0,6a547a4c14bdf2904cb47931457dc625742ef8654207540831709bc1c93ea690,ITI Stress Q4 CROSS 65 REACH 85 40 ITI-05,NBA,NBA,2025-2026,2025-10-10,2025-10-31,"{""date_from"":""2025-10-10"",""date_to"":""2025-10-31"",""game_data"":[""pbp""],""leagues"":[""NBA""],""market_data"":[""candles""],""markets"":[""kalshi""],""seasons"":[""2025-2026""],""sports"":[""NBA""]}",TRADABLE_YES_BID,1_MINUTE_CANDLE,available_at,CROSS,"{""id"":""entry_iti_stress"",""op"":""CROSS"",""period"":""Q4"",""price_e4"":7100}",REACH,"{""id"":""win_iti_stress"",""op"":""REACH"",""outcome"":""win"",""price_e4"":8500}",REACH,"{""id"":""loss_iti_stress"",""op"":""REACH"",""outcome"":""loss"",""price_e4"":4000}",HOLD_TO_SETTLEMENT,75d368edb0ad750c5bc7596a46abdf3fabdfd8d1471175a99677c2075fcaeeea,1.0.0,2026-09-13T06:28:48Z,1.0.0,1.0.0,1.0.0,2026-09-13T06:28:48Z,READY,30,19,7,0.633333,0.233333,1400,3100,0.451613,163.333333,416a2c883115f79ca748415171c8bd3a0ffbd6d264c3bd924f438a9db2c25078,candle_path_not_fill,UNAVAILABLE,UNAVAILABLE,UNAVAILABLE,NOT_COMPUTABLE,UNAVAILABLE
observed,OBSERVED,base_decomposition,risk_reward,0.262645,ratio,labs_row,superasi_bdebase_v1.0.0,grade_config_v1,2026-09-13T12:02:58Z,913e87a7c8d04ab0af447be670cfcda2,ITI Stress Q4 CROSS 65 REACH 85 40 ITI-05__913e87a7,3766439c96a7dd20c1a357cc9d344f52bdbbe213fb68782d4349329b8cd85c22,d42a28ee37542cabb6f140ba345b132015584963589d3732b3115ed80806cad0,6a547a4c14bdf2904cb47931457dc625742ef8654207540831709bc1c93ea690,ITI Stress Q4 CROSS 65 REACH 85 40 ITI-05,NBA,NBA,2025-2026,2025-10-10,2025-10-31,"{""date_from"":""2025-10-10"",""date_to"":""2025-10-31"",""game_data"":[""pbp""],""leagues"":[""NBA""],""market_data"":[""candles""],""markets"":[""kalshi""],""seasons"":[""2025-2026""],""sports"":[""NBA""]}",TRADABLE_YES_BID,1_MINUTE_CANDLE,available_at,CROSS,"{""id"":""entry_iti_stress"",""op"":""CROSS"",""period"":""Q4"",""price_e4"":7100}",REACH,"{""id"":""win_iti_stress"",""op"":""REACH"",""outcome"":""win"",""price_e4"":8500}",REACH,"{""id"":""loss_iti_stress"",""op"":""REACH"",""outcome"":""loss"",""price_e4"":4000}",HOLD_TO_SETTLEMENT,75d368edb0ad750c5bc7596a46abdf3fabdfd8d1471175a99677c2075fcaeeea,1.0.0,2026-09-13T06:28:48Z,1.0.0,1.0.0,1.0.0,2026-09-13T06:28:48Z,READY,30,19,7,0.633333,0.233333,1400,3100,0.451613,163.333333,416a2c883115f79ca748415171c8bd3a0ffbd6d264c3bd924f438a9db2c25078,candle_path_not_fill,UNAVAILABLE,UNAVAILABLE,UNAVAILABLE,NOT_COMPUTABLE,UNAVAILABLE
observed,OBSERVED,base_decomposition,wilson_lower,0.539166,fraction,labs_row,superasi_bdebase_v1.0.0,grade_config_v1,2026-09-13T12:02:58Z,913e87a7c8d04ab0af447be670cfcda2,ITI Stress Q4 CROSS 65 REACH 85 40 ITI-05__913e87a7,3766439c96a7dd20c1a357cc9d344f52bdbbe213fb68782d4349329b8cd85c22,d42a28ee37542cabb6f140ba345b132015584963589d3732b3115ed80806cad0,6a547a4c14bdf2904cb47931457dc625742ef8654207540831709bc1c93ea690,ITI Stress Q4 CROSS 65 REACH 85 40 ITI-05,NBA,NBA,2025-2026,2025-10-10,2025-10-31,"{""date_from"":""2025-10-10"",""date_to"":""2025-10-31"",""game_data"":[""pbp""],""leagues"":[""NBA""],""market_data"":[""candles""],""markets"":[""kalshi""],""seasons"":[""2025-2026""],""sports"":[""NBA""]}",TRADABLE_YES_BID,1_MINUTE_CANDLE,available_at,CROSS,"{""id"":""entry_iti_stress"",""op"":""CROSS"",""period"":""Q4"",""price_e4"":7100}",REACH,"{""id"":""win_iti_stress"",""op"":""REACH"",""outcome"":""win"",""price_e4"":8500}",REACH,"{""id"":""loss_iti_stress"",""op"":""REACH"",""outcome"":""loss"",""price_e4"":4000}",HOLD_TO_SETTLEMENT,75d368edb0ad750c5bc7596a46abdf3fabdfd8d1471175a99677c2075fcaeeea,1.0.0,2026-09-13T06:28:48Z,1.0.0,1.0.0,1.0.0,2026-09-13T06:28:48Z,READY,30,19,7,0.633333,0.233333,1400,3100,0.451613,163.333333,416a2c883115f79ca748415171c8bd3a0ffbd6d264c3bd924f438a9db2c25078,candle_path_not_fill,UNAVAILABLE,UNAVAILABLE,UNAVAILABLE,NOT_COMPUTABLE,UNAVAILABLE
observed,OBSERVED,base_decomposition,wilson_upper,0.862957,fraction,labs_row,superasi_bdebase_v1.0.0,grade_config_v1,2026-09-13T12:02:58Z,913e87a7c8d04ab0af447be670cfcda2,ITI Stress Q4 CROSS 65 REACH 85 40 ITI-05__913e87a7,3766439c96a7dd20c1a357cc9d344f52bdbbe213fb68782d4349329b8cd85c22,d42a28ee37542cabb6f140ba345b132015584963589d3732b3115ed80806cad0,6a547a4c14bdf2904cb47931457dc625742ef8654207540831709bc1c93ea690,ITI Stress Q4 CROSS 65 REACH 85 40 ITI-05,NBA,NBA,2025-2026,2025-10-10,2025-10-31,"{""date_from"":""2025-10-10"",""date_to"":""2025-10-31"",""game_data"":[""pbp""],""leagues"":[""NBA""],""market_data"":[""candles""],""markets"":[""kalshi""],""seasons"":[""2025-2026""],""sports"":[""NBA""]}",TRADABLE_YES_BID,1_MINUTE_CANDLE,available_at,CROSS,"{""id"":""entry_iti_stress"",""op"":""CROSS"",""period"":""Q4"",""price_e4"":7100}",REACH,"{""id"":""win_iti_stress"",""op"":""REACH"",""outcome"":""win"",""price_e4"":8500}",REACH,"{""id"":""loss_iti_stress"",""op"":""REACH"",""outcome"":""loss"",""price_e4"":4000}",HOLD_TO_SETTLEMENT,75d368edb0ad750c5bc7596a46abdf3fabdfd8d1471175a99677c2075fcaeeea,1.0.0,2026-09-13T06:28:48Z,1.0.0,1.0.0,1.0.0,2026-09-13T06:28:48Z,READY,30,19,7,0.633333,0.233333,1400,3100,0.451613,163.333333,416a2c883115f79ca748415171c8bd3a0ffbd6d264c3bd924f438a9db2c25078,candle_path_not_fill,UNAVAILABLE,UNAVAILABLE,UNAVAILABLE,NOT_COMPUTABLE,UNAVAILABLE
observed,OBSERVED,base_decomposition,wilson_width,0.323791,fraction,labs_row,superasi_bdebase_v1.0.0,grade_config_v1,2026-09-13T12:02:58Z,913e87a7c8d04ab0af447be670cfcda2,ITI Stress Q4 CROSS 65 REACH 85 40 ITI-05__913e87a7,3766439c96a7dd20c1a357cc9d344f52bdbbe213fb68782d4349329b8cd85c22,d42a28ee37542cabb6f140ba345b132015584963589d3732b3115ed80806cad0,6a547a4c14bdf2904cb47931457dc625742ef8654207540831709bc1c93ea690,ITI Stress Q4 CROSS 65 REACH 85 40 ITI-05,NBA,NBA,2025-2026,2025-10-10,2025-10-31,"{""date_from"":""2025-10-10"",""date_to"":""2025-10-31"",""game_data"":[""pbp""],""leagues"":[""NBA""],""market_data"":[""candles""],""markets"":[""kalshi""],""seasons"":[""2025-2026""],""sports"":[""NBA""]}",TRADABLE_YES_BID,1_MINUTE_CANDLE,available_at,CROSS,"{""id"":""entry_iti_stress"",""op"":""CROSS"",""period"":""Q4"",""price_e4"":7100}",REACH,"{""id"":""win_iti_stress"",""op"":""REACH"",""outcome"":""win"",""price_e4"":8500}",REACH,"{""id"":""loss_iti_stress"",""op"":""REACH"",""outcome"":""loss"",""price_e4"":4000}",HOLD_TO_SETTLEMENT,75d368edb0ad750c5bc7596a46abdf3fabdfd8d1471175a99677c2075fcaeeea,1.0.0,2026-09-13T06:28:48Z,1.0.0,1.0.0,1.0.0,2026-09-13T06:28:48Z,READY,30,19,7,0.633333,0.233333,1400,3100,0.451613,163.333333,416a2c883115f79ca748415171c8bd3a0ffbd6d264c3bd924f438a9db2c25078,candle_path_not_fill,UNAVAILABLE,UNAVAILABLE,UNAVAILABLE,NOT_COMPUTABLE,UNAVAILABLE
observed,OBSERVED,base_decomposition,p_working,0.539166,fraction,labs_row,superasi_bdebase_v1.0.0,grade_config_v1,2026-09-13T12:02:58Z,913e87a7c8d04ab0af447be670cfcda2,ITI Stress Q4 CROSS 65 REACH 85 40 ITI-05__913e87a7,3766439c96a7dd20c1a357cc9d344f52bdbbe213fb68782d4349329b8cd85c22,d42a28ee37542cabb6f140ba345b132015584963589d3732b3115ed80806cad0,6a547a4c14bdf2904cb47931457dc625742ef8654207540831709bc1c93ea690,ITI Stress Q4 CROSS 65 REACH 85 40 ITI-05,NBA,NBA,2025-2026,2025-10-10,2025-10-31,"{""date_from"":""2025-10-10"",""date_to"":""2025-10-31"",""game_data"":[""pbp""],""leagues"":[""NBA""],""market_data"":[""candles""],""markets"":[""kalshi""],""seasons"":[""2025-2026""],""sports"":[""NBA""]}",TRADABLE_YES_BID,1_MINUTE_CANDLE,available_at,CROSS,"{""id"":""entry_iti_stress"",""op"":""CROSS"",""period"":""Q4"",""price_e4"":7100}",REACH,"{""id"":""win_iti_stress"",""op"":""REACH"",""outcome"":""win"",""price_e4"":8500}",REACH,"{""id"":""loss_iti_stress"",""op"":""REACH"",""outcome"":""loss"",""price_e4"":4000}",HOLD_TO_SETTLEMENT,75d368edb0ad750c5bc7596a46abdf3fabdfd8d1471175a99677c2075fcaeeea,1.0.0,2026-09-13T06:28:48Z,1.0.0,1.0.0,1.0.0,2026-09-13T06:28:48Z,READY,30,19,7,0.633333,0.233333,1400,3100,0.451613,163.333333,416a2c883115f79ca748415171c8bd3a0ffbd6d264c3bd924f438a9db2c25078,candle_path_not_fill,UNAVAILABLE,UNAVAILABLE,UNAVAILABLE,NOT_COMPUTABLE,UNAVAILABLE
observed,OBSERVED,base_decomposition,ev_debase,-673.753154,e4,labs_row,superasi_bdebase_v1.0.0,grade_config_v1,2026-09-13T12:02:58Z,913e87a7c8d04ab0af447be670cfcda2,ITI Stress Q4 CROSS 65 REACH 85 40 ITI-05__913e87a7,3766439c96a7dd20c1a357cc9d344f52bdbbe213fb68782d4349329b8cd85c22,d42a28ee37542cabb6f140ba345b132015584963589d3732b3115ed80806cad0,6a547a4c14bdf2904cb47931457dc625742ef8654207540831709bc1c93ea690,ITI Stress Q4 CROSS 65 REACH 85 40 ITI-05,NBA,NBA,2025-2026,2025-10-10,2025-10-31,"{""date_from"":""2025-10-10"",""date_to"":""2025-10-31"",""game_data"":[""pbp""],""leagues"":[""NBA""],""market_data"":[""candles""],""markets"":[""kalshi""],""seasons"":[""2025-2026""],""sports"":[""NBA""]}",TRADABLE_YES_BID,1_MINUTE_CANDLE,available_at,CROSS,"{""id"":""entry_iti_stress"",""op"":""CROSS"",""period"":""Q4"",""price_e4"":7100}",REACH,"{""id"":""win_iti_stress"",""op"":""REACH"",""outcome"":""win"",""price_e4"":8500}",REACH,"{""id"":""loss_iti_stress"",""op"":""REACH"",""outcome"":""loss"",""price_e4"":4000}",HOLD_TO_SETTLEMENT,75d368edb0ad750c5bc7596a46abdf3fabdfd8d1471175a99677c2075fcaeeea,1.0.0,2026-09-13T06:28:48Z,1.0.0,1.0.0,1.0.0,2026-09-13T06:28:48Z,READY,30,19,7,0.633333,0.233333,1400,3100,0.451613,163.333333,416a2c883115f79ca748415171c8bd3a0ffbd6d264c3bd924f438a9db2c25078,candle_path_not_fill,UNAVAILABLE,UNAVAILABLE,UNAVAILABLE,NOT_COMPUTABLE,UNAVAILABLE
observed,OBSERVED,base_decomposition,ev_recomputed,163.333333,e4,labs_row,superasi_bdebase_v1.0.0,grade_config_v1,2026-09-13T12:02:58Z,913e87a7c8d04ab0af447be670cfcda2,ITI Stress Q4 CROSS 65 REACH 85 40 ITI-05__913e87a7,3766439c96a7dd20c1a357cc9d344f52bdbbe213fb68782d4349329b8cd85c22,d42a28ee37542cabb6f140ba345b132015584963589d3732b3115ed80806cad0,6a547a4c14bdf2904cb47931457dc625742ef8654207540831709bc1c93ea690,ITI Stress Q4 CROSS 65 REACH 85 40 ITI-05,NBA,NBA,2025-2026,2025-10-10,2025-10-31,"{""date_from"":""2025-10-10"",""date_to"":""2025-10-31"",""game_data"":[""pbp""],""leagues"":[""NBA""],""market_data"":[""candles""],""markets"":[""kalshi""],""seasons"":[""2025-2026""],""sports"":[""NBA""]}",TRADABLE_YES_BID,1_MINUTE_CANDLE,available_at,CROSS,"{""id"":""entry_iti_stress"",""op"":""CROSS"",""period"":""Q4"",""price_e4"":7100}",REACH,"{""id"":""win_iti_stress"",""op"":""REACH"",""outcome"":""win"",""price_e4"":8500}",REACH,"{""id"":""loss_iti_stress"",""op"":""REACH"",""outcome"":""loss"",""price_e4"":4000}",HOLD_TO_SETTLEMENT,75d368edb0ad750c5bc7596a46abdf3fabdfd8d1471175a99677c2075fcaeeea,1.0.0,2026-09-13T06:28:48Z,1.0.0,1.0.0,1.0.0,2026-09-13T06:28:48Z,READY,30,19,7,0.633333,0.233333,1400,3100,0.451613,163.333333,416a2c883115f79ca748415171c8bd3a0ffbd6d264c3bd924f438a9db2c25078,candle_path_not_fill,UNAVAILABLE,UNAVAILABLE,UNAVAILABLE,NOT_COMPUTABLE,UNAVAILABLE
observed,OBSERVED,base_decomposition,p_be_roller,0.688889,fraction,labs_row,superasi_bdebase_v1.0.0,grade_config_v1,2026-09-13T12:02:58Z,913e87a7c8d04ab0af447be670cfcda2,ITI Stress Q4 CROSS 65 REACH 85 40 ITI-05__913e87a7,3766439c96a7dd20c1a357cc9d344f52bdbbe213fb68782d4349329b8cd85c22,d42a28ee37542cabb6f140ba345b132015584963589d3732b3115ed80806cad0,6a547a4c14bdf2904cb47931457dc625742ef8654207540831709bc1c93ea690,ITI Stress Q4 CROSS 65 REACH 85 40 ITI-05,NBA,NBA,2025-2026,2025-10-10,2025-10-31,"{""date_from"":""2025-10-10"",""date_to"":""2025-10-31"",""game_data"":[""pbp""],""leagues"":[""NBA""],""market_data"":[""candles""],""markets"":[""kalshi""],""seasons"":[""2025-2026""],""sports"":[""NBA""]}",TRADABLE_YES_BID,1_MINUTE_CANDLE,available_at,CROSS,"{""id"":""entry_iti_stress"",""op"":""CROSS"",""period"":""Q4"",""price_e4"":7100}",REACH,"{""id"":""win_iti_stress"",""op"":""REACH"",""outcome"":""win"",""price_e4"":8500}",REACH,"{""id"":""loss_iti_stress"",""op"":""REACH"",""outcome"":""loss"",""price_e4"":4000}",HOLD_TO_SETTLEMENT,75d368edb0ad750c5bc7596a46abdf3fabdfd8d1471175a99677c2075fcaeeea,1.0.0,2026-09-13T06:28:48Z,1.0.0,1.0.0,1.0.0,2026-09-13T06:28:48Z,READY,30,19,7,0.633333,0.233333,1400,3100,0.451613,163.333333,416a2c883115f79ca748415171c8bd3a0ffbd6d264c3bd924f438a9db2c25078,candle_path_not_fill,UNAVAILABLE,UNAVAILABLE,UNAVAILABLE,NOT_COMPUTABLE,UNAVAILABLE
observed,OBSERVED,base_decomposition,p_worst,0.730769,fraction,labs_row,superasi_bdebase_v1.0.0,grade_config_v1,2026-09-13T12:02:58Z,913e87a7c8d04ab0af447be670cfcda2,ITI Stress Q4 CROSS 65 REACH 85 40 ITI-05__913e87a7,3766439c96a7dd20c1a357cc9d344f52bdbbe213fb68782d4349329b8cd85c22,d42a28ee37542cabb6f140ba345b132015584963589d3732b3115ed80806cad0,6a547a4c14bdf2904cb47931457dc625742ef8654207540831709bc1c93ea690,ITI Stress Q4 CROSS 65 REACH 85 40 ITI-05,NBA,NBA,2025-2026,2025-10-10,2025-10-31,"{""date_from"":""2025-10-10"",""date_to"":""2025-10-31"",""game_data"":[""pbp""],""leagues"":[""NBA""],""market_data"":[""candles""],""markets"":[""kalshi""],""seasons"":[""2025-2026""],""sports"":[""NBA""]}",TRADABLE_YES_BID,1_MINUTE_CANDLE,available_at,CROSS,"{""id"":""entry_iti_stress"",""op"":""CROSS"",""period"":""Q4"",""price_e4"":7100}",REACH,"{""id"":""win_iti_stress"",""op"":""REACH"",""outcome"":""win"",""price_e4"":8500}",REACH,"{""id"":""loss_iti_stress"",""op"":""REACH"",""outcome"":""loss"",""price_e4"":4000}",HOLD_TO_SETTLEMENT,75d368edb0ad750c5bc7596a46abdf3fabdfd8d1471175a99677c2075fcaeeea,1.0.0,2026-09-13T06:28:48Z,1.0.0,1.0.0,1.0.0,2026-09-13T06:28:48Z,READY,30,19,7,0.633333,0.233333,1400,3100,0.451613,163.333333,416a2c883115f79ca748415171c8bd3a0ffbd6d264c3bd924f438a9db2c25078,candle_path_not_fill,UNAVAILABLE,UNAVAILABLE,UNAVAILABLE,NOT_COMPUTABLE,UNAVAILABLE
observed,OBSERVED,base_decomposition,decided_rate,0.866667,fraction,labs_row,superasi_bdebase_v1.0.0,grade_config_v1,2026-09-13T12:02:58Z,913e87a7c8d04ab0af447be670cfcda2,ITI Stress Q4 CROSS 65 REACH 85 40 ITI-05__913e87a7,3766439c96a7dd20c1a357cc9d344f52bdbbe213fb68782d4349329b8cd85c22,d42a28ee37542cabb6f140ba345b132015584963589d3732b3115ed80806cad0,6a547a4c14bdf2904cb47931457dc625742ef8654207540831709bc1c93ea690,ITI Stress Q4 CROSS 65 REACH 85 40 ITI-05,NBA,NBA,2025-2026,2025-10-10,2025-10-31,"{""date_from"":""2025-10-10"",""date_to"":""2025-10-31"",""game_data"":[""pbp""],""leagues"":[""NBA""],""market_data"":[""candles""],""markets"":[""kalshi""],""seasons"":[""2025-2026""],""sports"":[""NBA""]}",TRADABLE_YES_BID,1_MINUTE_CANDLE,available_at,CROSS,"{""id"":""entry_iti_stress"",""op"":""CROSS"",""period"":""Q4"",""price_e4"":7100}",REACH,"{""id"":""win_iti_stress"",""op"":""REACH"",""outcome"":""win"",""price_e4"":8500}",REACH,"{""id"":""loss_iti_stress"",""op"":""REACH"",""outcome"":""loss"",""price_e4"":4000}",HOLD_TO_SETTLEMENT,75d368edb0ad750c5bc7596a46abdf3fabdfd8d1471175a99677c2075fcaeeea,1.0.0,2026-09-13T06:28:48Z,1.0.0,1.0.0,1.0.0,2026-09-13T06:28:48Z,READY,30,19,7,0.633333,0.233333,1400,3100,0.451613,163.333333,416a2c883115f79ca748415171c8bd3a0ffbd6d264c3bd924f438a9db2c25078,candle_path_not_fill,UNAVAILABLE,UNAVAILABLE,UNAVAILABLE,NOT_COMPUTABLE,UNAVAILABLE
observed,OBSERVED,base_decomposition,bad_settle_rate,0.000000,fraction,labs_row,superasi_bdebase_v1.0.0,grade_config_v1,2026-09-13T12:02:58Z,913e87a7c8d04ab0af447be670cfcda2,ITI Stress Q4 CROSS 65 REACH 85 40 ITI-05__913e87a7,3766439c96a7dd20c1a357cc9d344f52bdbbe213fb68782d4349329b8cd85c22,d42a28ee37542cabb6f140ba345b132015584963589d3732b3115ed80806cad0,6a547a4c14bdf2904cb47931457dc625742ef8654207540831709bc1c93ea690,ITI Stress Q4 CROSS 65 REACH 85 40 ITI-05,NBA,NBA,2025-2026,2025-10-10,2025-10-31,"{""date_from"":""2025-10-10"",""date_to"":""2025-10-31"",""game_data"":[""pbp""],""leagues"":[""NBA""],""market_data"":[""candles""],""markets"":[""kalshi""],""seasons"":[""2025-2026""],""sports"":[""NBA""]}",TRADABLE_YES_BID,1_MINUTE_CANDLE,available_at,CROSS,"{""id"":""entry_iti_stress"",""op"":""CROSS"",""period"":""Q4"",""price_e4"":7100}",REACH,"{""id"":""win_iti_stress"",""op"":""REACH"",""outcome"":""win"",""price_e4"":8500}",REACH,"{""id"":""loss_iti_stress"",""op"":""REACH"",""outcome"":""loss"",""price_e4"":4000}",HOLD_TO_SETTLEMENT,75d368edb0ad750c5bc7596a46abdf3fabdfd8d1471175a99677c2075fcaeeea,1.0.0,2026-09-13T06:28:48Z,1.0.0,1.0.0,1.0.0,2026-09-13T06:28:48Z,READY,30,19,7,0.633333,0.233333,1400,3100,0.451613,163.333333,416a2c883115f79ca748415171c8bd3a0ffbd6d264c3bd924f438a9db2c25078,candle_path_not_fill,UNAVAILABLE,UNAVAILABLE,UNAVAILABLE,NOT_COMPUTABLE,UNAVAILABLE
observed,OBSERVED,base_decomposition,risk_reward_plan,0.451613,ratio,labs_row,superasi_bdebase_v1.0.0,grade_config_v1,2026-09-13T12:02:58Z,913e87a7c8d04ab0af447be670cfcda2,ITI Stress Q4 CROSS 65 REACH 85 40 ITI-05__913e87a7,3766439c96a7dd20c1a357cc9d344f52bdbbe213fb68782d4349329b8cd85c22,d42a28ee37542cabb6f140ba345b132015584963589d3732b3115ed80806cad0,6a547a4c14bdf2904cb47931457dc625742ef8654207540831709bc1c93ea690,ITI Stress Q4 CROSS 65 REACH 85 40 ITI-05,NBA,NBA,2025-2026,2025-10-10,2025-10-31,"{""date_from"":""2025-10-10"",""date_to"":""2025-10-31"",""game_data"":[""pbp""],""leagues"":[""NBA""],""market_data"":[""candles""],""markets"":[""kalshi""],""seasons"":[""2025-2026""],""sports"":[""NBA""]}",TRADABLE_YES_BID,1_MINUTE_CANDLE,available_at,CROSS,"{""id"":""entry_iti_stress"",""op"":""CROSS"",""period"":""Q4"",""price_e4"":7100}",REACH,"{""id"":""win_iti_stress"",""op"":""REACH"",""outcome"":""win"",""price_e4"":8500}",REACH,"{""id"":""loss_iti_stress"",""op"":""REACH"",""outcome"":""loss"",""price_e4"":4000}",HOLD_TO_SETTLEMENT,75d368edb0ad750c5bc7596a46abdf3fabdfd8d1471175a99677c2075fcaeeea,1.0.0,2026-09-13T06:28:48Z,1.0.0,1.0.0,1.0.0,2026-09-13T06:28:48Z,READY,30,19,7,0.633333,0.233333,1400,3100,0.451613,163.333333,416a2c883115f79ca748415171c8bd3a0ffbd6d264c3bd924f438a9db2c25078,candle_path_not_fill,UNAVAILABLE,UNAVAILABLE,UNAVAILABLE,NOT_COMPUTABLE,UNAVAILABLE
observed,OBSERVED,base_decomposition,risk_reward_trade_mean,0.262645,ratio,labs_row,superasi_bdebase_v1.0.0,grade_config_v1,2026-09-13T12:02:58Z,913e87a7c8d04ab0af447be670cfcda2,ITI Stress Q4 CROSS 65 REACH 85 40 ITI-05__913e87a7,3766439c96a7dd20c1a357cc9d344f52bdbbe213fb68782d4349329b8cd85c22,d42a28ee37542cabb6f140ba345b132015584963589d3732b3115ed80806cad0,6a547a4c14bdf2904cb47931457dc625742ef8654207540831709bc1c93ea690,ITI Stress Q4 CROSS 65 REACH 85 40 ITI-05,NBA,NBA,2025-2026,2025-10-10,2025-10-31,"{""date_from"":""2025-10-10"",""date_to"":""2025-10-31"",""game_data"":[""pbp""],""leagues"":[""NBA""],""market_data"":[""candles""],""markets"":[""kalshi""],""seasons"":[""2025-2026""],""sports"":[""NBA""]}",TRADABLE_YES_BID,1_MINUTE_CANDLE,available_at,CROSS,"{""id"":""entry_iti_stress"",""op"":""CROSS"",""period"":""Q4"",""price_e4"":7100}",REACH,"{""id"":""win_iti_stress"",""op"":""REACH"",""outcome"":""win"",""price_e4"":8500}",REACH,"{""id"":""loss_iti_stress"",""op"":""REACH"",""outcome"":""loss"",""price_e4"":4000}",HOLD_TO_SETTLEMENT,75d368edb0ad750c5bc7596a46abdf3fabdfd8d1471175a99677c2075fcaeeea,1.0.0,2026-09-13T06:28:48Z,1.0.0,1.0.0,1.0.0,2026-09-13T06:28:48Z,READY,30,19,7,0.633333,0.233333,1400,3100,0.451613,163.333333,416a2c883115f79ca748415171c8bd3a0ffbd6d264c3bd924f438a9db2c25078,candle_path_not_fill,UNAVAILABLE,UNAVAILABLE,UNAVAILABLE,NOT_COMPUTABLE,UNAVAILABLE
observed,OBSERVED,base_decomposition,risk_reward_display,0.26:1,,labs_row,superasi_bdebase_v1.0.0,grade_config_v1,2026-09-13T12:02:58Z,913e87a7c8d04ab0af447be670cfcda2,ITI Stress Q4 CROSS 65 REACH 85 40 ITI-05__913e87a7,3766439c96a7dd20c1a357cc9d344f52bdbbe213fb68782d4349329b8cd85c22,d42a28ee37542cabb6f140ba345b132015584963589d3732b3115ed80806cad0,6a547a4c14bdf2904cb47931457dc625742ef8654207540831709bc1c93ea690,ITI Stress Q4 CROSS 65 REACH 85 40 ITI-05,NBA,NBA,2025-2026,2025-10-10,2025-10-31,"{""date_from"":""2025-10-10"",""date_to"":""2025-10-31"",""game_data"":[""pbp""],""leagues"":[""NBA""],""market_data"":[""candles""],""markets"":[""kalshi""],""seasons"":[""2025-2026""],""sports"":[""NBA""]}",TRADABLE_YES_BID,1_MINUTE_CANDLE,available_at,CROSS,"{""id"":""entry_iti_stress"",""op"":""CROSS"",""period"":""Q4"",""price_e4"":7100}",REACH,"{""id"":""win_iti_stress"",""op"":""REACH"",""outcome"":""win"",""price_e4"":8500}",REACH,"{""id"":""loss_iti_stress"",""op"":""REACH"",""outcome"":""loss"",""price_e4"":4000}",HOLD_TO_SETTLEMENT,75d368edb0ad750c5bc7596a46abdf3fabdfd8d1471175a99677c2075fcaeeea,1.0.0,2026-09-13T06:28:48Z,1.0.0,1.0.0,1.0.0,2026-09-13T06:28:48Z,READY,30,19,7,0.633333,0.233333,1400,3100,0.451613,163.333333,416a2c883115f79ca748415171c8bd3a0ffbd6d264c3bd924f438a9db2c25078,candle_path_not_fill,UNAVAILABLE,UNAVAILABLE,UNAVAILABLE,NOT_COMPUTABLE,UNAVAILABLE
observed,OBSERVED,base_decomposition,risk_reward_basis,trade_mean,,labs_row,superasi_bdebase_v1.0.0,grade_config_v1,2026-09-13T12:02:58Z,913e87a7c8d04ab0af447be670cfcda2,ITI Stress Q4 CROSS 65 REACH 85 40 ITI-05__913e87a7,3766439c96a7dd20c1a357cc9d344f52bdbbe213fb68782d4349329b8cd85c22,d42a28ee37542cabb6f140ba345b132015584963589d3732b3115ed80806cad0,6a547a4c14bdf2904cb47931457dc625742ef8654207540831709bc1c93ea690,ITI Stress Q4 CROSS 65 REACH 85 40 ITI-05,NBA,NBA,2025-2026,2025-10-10,2025-10-31,"{""date_from"":""2025-10-10"",""date_to"":""2025-10-31"",""game_data"":[""pbp""],""leagues"":[""NBA""],""market_data"":[""candles""],""markets"":[""kalshi""],""seasons"":[""2025-2026""],""sports"":[""NBA""]}",TRADABLE_YES_BID,1_MINUTE_CANDLE,available_at,CROSS,"{""id"":""entry_iti_stress"",""op"":""CROSS"",""period"":""Q4"",""price_e4"":7100}",REACH,"{""id"":""win_iti_stress"",""op"":""REACH"",""outcome"":""win"",""price_e4"":8500}",REACH,"{""id"":""loss_iti_stress"",""op"":""REACH"",""outcome"":""loss"",""price_e4"":4000}",HOLD_TO_SETTLEMENT,75d368edb0ad750c5bc7596a46abdf3fabdfd8d1471175a99677c2075fcaeeea,1.0.0,2026-09-13T06:28:48Z,1.0.0,1.0.0,1.0.0,2026-09-13T06:28:48Z,READY,30,19,7,0.633333,0.233333,1400,3100,0.451613,163.333333,416a2c883115f79ca748415171c8bd3a0ffbd6d264c3bd924f438a9db2c25078,candle_path_not_fill,UNAVAILABLE,UNAVAILABLE,UNAVAILABLE,NOT_COMPUTABLE,UNAVAILABLE
observed,OBSERVED,base_decomposition,risk_reward_methods_disagree,true,,labs_row,superasi_bdebase_v1.0.0,grade_config_v1,2026-09-13T12:02:58Z,913e87a7c8d04ab0af447be670cfcda2,ITI Stress Q4 CROSS 65 REACH 85 40 ITI-05__913e87a7,3766439c96a7dd20c1a357cc9d344f52bdbbe213fb68782d4349329b8cd85c22,d42a28ee37542cabb6f140ba345b132015584963589d3732b3115ed80806cad0,6a547a4c14bdf2904cb47931457dc625742ef8654207540831709bc1c93ea690,ITI Stress Q4 CROSS 65 REACH 85 40 ITI-05,NBA,NBA,2025-2026,2025-10-10,2025-10-31,"{""date_from"":""2025-10-10"",""date_to"":""2025-10-31"",""game_data"":[""pbp""],""leagues"":[""NBA""],""market_data"":[""candles""],""markets"":[""kalshi""],""seasons"":[""2025-2026""],""sports"":[""NBA""]}",TRADABLE_YES_BID,1_MINUTE_CANDLE,available_at,CROSS,"{""id"":""entry_iti_stress"",""op"":""CROSS"",""period"":""Q4"",""price_e4"":7100}",REACH,"{""id"":""win_iti_stress"",""op"":""REACH"",""outcome"":""win"",""price_e4"":8500}",REACH,"{""id"":""loss_iti_stress"",""op"":""REACH"",""outcome"":""loss"",""price_e4"":4000}",HOLD_TO_SETTLEMENT,75d368edb0ad750c5bc7596a46abdf3fabdfd8d1471175a99677c2075fcaeeea,1.0.0,2026-09-13T06:28:48Z,1.0.0,1.0.0,1.0.0,2026-09-13T06:28:48Z,READY,30,19,7,0.633333,0.233333,1400,3100,0.451613,163.333333,416a2c883115f79ca748415171c8bd3a0ffbd6d264c3bd924f438a9db2c25078,candle_path_not_fill,UNAVAILABLE,UNAVAILABLE,UNAVAILABLE,NOT_COMPUTABLE,UNAVAILABLE
decomposition,THEORETICAL,base_decomposition,entry,7100.000000,e4,roller_payoff,superasi_bdebase_v1.0.0,grade_config_v1,2026-09-13T12:02:58Z,913e87a7c8d04ab0af447be670cfcda2,ITI Stress Q4 CROSS 65 REACH 85 40 ITI-05__913e87a7,3766439c96a7dd20c1a357cc9d344f52bdbbe213fb68782d4349329b8cd85c22,d42a28ee37542cabb6f140ba345b132015584963589d3732b3115ed80806cad0,6a547a4c14bdf2904cb47931457dc625742ef8654207540831709bc1c93ea690,ITI Stress Q4 CROSS 65 REACH 85 40 ITI-05,NBA,NBA,2025-2026,2025-10-10,2025-10-31,"{""date_from"":""2025-10-10"",""date_to"":""2025-10-31"",""game_data"":[""pbp""],""leagues"":[""NBA""],""market_data"":[""candles""],""markets"":[""kalshi""],""seasons"":[""2025-2026""],""sports"":[""NBA""]}",TRADABLE_YES_BID,1_MINUTE_CANDLE,available_at,CROSS,"{""id"":""entry_iti_stress"",""op"":""CROSS"",""period"":""Q4"",""price_e4"":7100}",REACH,"{""id"":""win_iti_stress"",""op"":""REACH"",""outcome"":""win"",""price_e4"":8500}",REACH,"{""id"":""loss_iti_stress"",""op"":""REACH"",""outcome"":""loss"",""price_e4"":4000}",HOLD_TO_SETTLEMENT,75d368edb0ad750c5bc7596a46abdf3fabdfd8d1471175a99677c2075fcaeeea,1.0.0,2026-09-13T06:28:48Z,1.0.0,1.0.0,1.0.0,2026-09-13T06:28:48Z,READY,30,19,7,0.633333,0.233333,1400,3100,0.451613,163.333333,416a2c883115f79ca748415171c8bd3a0ffbd6d264c3bd924f438a9db2c25078,candle_path_not_fill,UNAVAILABLE,UNAVAILABLE,UNAVAILABLE,NOT_COMPUTABLE,UNAVAILABLE
decomposition,THEORETICAL,base_decomposition,win_return_on_capital,0.197183,fraction,roller_payoff,superasi_bdebase_v1.0.0,grade_config_v1,2026-09-13T12:02:58Z,913e87a7c8d04ab0af447be670cfcda2,ITI Stress Q4 CROSS 65 REACH 85 40 ITI-05__913e87a7,3766439c96a7dd20c1a357cc9d344f52bdbbe213fb68782d4349329b8cd85c22,d42a28ee37542cabb6f140ba345b132015584963589d3732b3115ed80806cad0,6a547a4c14bdf2904cb47931457dc625742ef8654207540831709bc1c93ea690,ITI Stress Q4 CROSS 65 REACH 85 40 ITI-05,NBA,NBA,2025-2026,2025-10-10,2025-10-31,"{""date_from"":""2025-10-10"",""date_to"":""2025-10-31"",""game_data"":[""pbp""],""leagues"":[""NBA""],""market_data"":[""candles""],""markets"":[""kalshi""],""seasons"":[""2025-2026""],""sports"":[""NBA""]}",TRADABLE_YES_BID,1_MINUTE_CANDLE,available_at,CROSS,"{""id"":""entry_iti_stress"",""op"":""CROSS"",""period"":""Q4"",""price_e4"":7100}",REACH,"{""id"":""win_iti_stress"",""op"":""REACH"",""outcome"":""win"",""price_e4"":8500}",REACH,"{""id"":""loss_iti_stress"",""op"":""REACH"",""outcome"":""loss"",""price_e4"":4000}",HOLD_TO_SETTLEMENT,75d368edb0ad750c5bc7596a46abdf3fabdfd8d1471175a99677c2075fcaeeea,1.0.0,2026-09-13T06:28:48Z,1.0.0,1.0.0,1.0.0,2026-09-13T06:28:48Z,READY,30,19,7,0.633333,0.233333,1400,3100,0.451613,163.333333,416a2c883115f79ca748415171c8bd3a0ffbd6d264c3bd924f438a9db2c25078,candle_path_not_fill,UNAVAILABLE,UNAVAILABLE,UNAVAILABLE,NOT_COMPUTABLE,UNAVAILABLE
decomposition,THEORETICAL,base_decomposition,loss_return_on_capital,-0.436620,fraction,roller_payoff,superasi_bdebase_v1.0.0,grade_config_v1,2026-09-13T12:02:58Z,913e87a7c8d04ab0af447be670cfcda2,ITI Stress Q4 CROSS 65 REACH 85 40 ITI-05__913e87a7,3766439c96a7dd20c1a357cc9d344f52bdbbe213fb68782d4349329b8cd85c22,d42a28ee37542cabb6f140ba345b132015584963589d3732b3115ed80806cad0,6a547a4c14bdf2904cb47931457dc625742ef8654207540831709bc1c93ea690,ITI Stress Q4 CROSS 65 REACH 85 40 ITI-05,NBA,NBA,2025-2026,2025-10-10,2025-10-31,"{""date_from"":""2025-10-10"",""date_to"":""2025-10-31"",""game_data"":[""pbp""],""leagues"":[""NBA""],""market_data"":[""candles""],""markets"":[""kalshi""],""seasons"":[""2025-2026""],""sports"":[""NBA""]}",TRADABLE_YES_BID,1_MINUTE_CANDLE,available_at,CROSS,"{""id"":""entry_iti_stress"",""op"":""CROSS"",""period"":""Q4"",""price_e4"":7100}",REACH,"{""id"":""win_iti_stress"",""op"":""REACH"",""outcome"":""win"",""price_e4"":8500}",REACH,"{""id"":""loss_iti_stress"",""op"":""REACH"",""outcome"":""loss"",""price_e4"":4000}",HOLD_TO_SETTLEMENT,75d368edb0ad750c5bc7596a46abdf3fabdfd8d1471175a99677c2075fcaeeea,1.0.0,2026-09-13T06:28:48Z,1.0.0,1.0.0,1.0.0,2026-09-13T06:28:48Z,READY,30,19,7,0.633333,0.233333,1400,3100,0.451613,163.333333,416a2c883115f79ca748415171c8bd3a0ffbd6d264c3bd924f438a9db2c25078,candle_path_not_fill,UNAVAILABLE,UNAVAILABLE,UNAVAILABLE,NOT_COMPUTABLE,UNAVAILABLE
decomposition,THEORETICAL,base_decomposition,R_w,0.009859,fraction,roller_payoff,superasi_bdebase_v1.0.0,grade_config_v1,2026-09-13T12:02:58Z,913e87a7c8d04ab0af447be670cfcda2,ITI Stress Q4 CROSS 65 REACH 85 40 ITI-05__913e87a7,3766439c96a7dd20c1a357cc9d344f52bdbbe213fb68782d4349329b8cd85c22,d42a28ee37542cabb6f140ba345b132015584963589d3732b3115ed80806cad0,6a547a4c14bdf2904cb47931457dc625742ef8654207540831709bc1c93ea690,ITI Stress Q4 CROSS 65 REACH 85 40 ITI-05,NBA,NBA,2025-2026,2025-10-10,2025-10-31,"{""date_from"":""2025-10-10"",""date_to"":""2025-10-31"",""game_data"":[""pbp""],""leagues"":[""NBA""],""market_data"":[""candles""],""markets"":[""kalshi""],""seasons"":[""2025-2026""],""sports"":[""NBA""]}",TRADABLE_YES_BID,1_MINUTE_CANDLE,available_at,CROSS,"{""id"":""entry_iti_stress"",""op"":""CROSS"",""period"":""Q4"",""price_e4"":7100}",REACH,"{""id"":""win_iti_stress"",""op"":""REACH"",""outcome"":""win"",""price_e4"":8500}",REACH,"{""id"":""loss_iti_stress"",""op"":""REACH"",""outcome"":""loss"",""price_e4"":4000}",HOLD_TO_SETTLEMENT,75d368edb0ad750c5bc7596a46abdf3fabdfd8d1471175a99677c2075fcaeeea,1.0.0,2026-09-13T06:28:48Z,1.0.0,1.0.0,1.0.0,2026-09-13T06:28:48Z,READY,30,19,7,0.633333,0.233333,1400,3100,0.451613,163.333333,416a2c883115f79ca748415171c8bd3a0ffbd6d264c3bd924f438a9db2c25078,candle_path_not_fill,UNAVAILABLE,UNAVAILABLE,UNAVAILABLE,NOT_COMPUTABLE,UNAVAILABLE
decomposition,THEORETICAL,base_decomposition,R_l,-0.021831,fraction,roller_payoff,superasi_bdebase_v1.0.0,grade_config_v1,2026-09-13T12:02:58Z,913e87a7c8d04ab0af447be670cfcda2,ITI Stress Q4 CROSS 65 REACH 85 40 ITI-05__913e87a7,3766439c96a7dd20c1a357cc9d344f52bdbbe213fb68782d4349329b8cd85c22,d42a28ee37542cabb6f140ba345b132015584963589d3732b3115ed80806cad0,6a547a4c14bdf2904cb47931457dc625742ef8654207540831709bc1c93ea690,ITI Stress Q4 CROSS 65 REACH 85 40 ITI-05,NBA,NBA,2025-2026,2025-10-10,2025-10-31,"{""date_from"":""2025-10-10"",""date_to"":""2025-10-31"",""game_data"":[""pbp""],""leagues"":[""NBA""],""market_data"":[""candles""],""markets"":[""kalshi""],""seasons"":[""2025-2026""],""sports"":[""NBA""]}",TRADABLE_YES_BID,1_MINUTE_CANDLE,available_at,CROSS,"{""id"":""entry_iti_stress"",""op"":""CROSS"",""period"":""Q4"",""price_e4"":7100}",REACH,"{""id"":""win_iti_stress"",""op"":""REACH"",""outcome"":""win"",""price_e4"":8500}",REACH,"{""id"":""loss_iti_stress"",""op"":""REACH"",""outcome"":""loss"",""price_e4"":4000}",HOLD_TO_SETTLEMENT,75d368edb0ad750c5bc7596a46abdf3fabdfd8d1471175a99677c2075fcaeeea,1.0.0,2026-09-13T06:28:48Z,1.0.0,1.0.0,1.0.0,2026-09-13T06:28:48Z,READY,30,19,7,0.633333,0.233333,1400,3100,0.451613,163.333333,416a2c883115f79ca748415171c8bd3a0ffbd6d264c3bd924f438a9db2c25078,candle_path_not_fill,UNAVAILABLE,UNAVAILABLE,UNAVAILABLE,NOT_COMPUTABLE,UNAVAILABLE
decomposition,THEORETICAL,base_decomposition,p_be,0.688889,fraction,roller_payoff,superasi_bdebase_v1.0.0,grade_config_v1,2026-09-13T12:02:58Z,913e87a7c8d04ab0af447be670cfcda2,ITI Stress Q4 CROSS 65 REACH 85 40 ITI-05__913e87a7,3766439c96a7dd20c1a357cc9d344f52bdbbe213fb68782d4349329b8cd85c22,d42a28ee37542cabb6f140ba345b132015584963589d3732b3115ed80806cad0,6a547a4c14bdf2904cb47931457dc625742ef8654207540831709bc1c93ea690,ITI Stress Q4 CROSS 65 REACH 85 40 ITI-05,NBA,NBA,2025-2026,2025-10-10,2025-10-31,"{""date_from"":""2025-10-10"",""date_to"":""2025-10-31"",""game_data"":[""pbp""],""leagues"":[""NBA""],""market_data"":[""candles""],""markets"":[""kalshi""],""seasons"":[""2025-2026""],""sports"":[""NBA""]}",TRADABLE_YES_BID,1_MINUTE_CANDLE,available_at,CROSS,"{""id"":""entry_iti_stress"",""op"":""CROSS"",""period"":""Q4"",""price_e4"":7100}",REACH,"{""id"":""win_iti_stress"",""op"":""REACH"",""outcome"":""win"",""price_e4"":8500}",REACH,"{""id"":""loss_iti_stress"",""op"":""REACH"",""outcome"":""loss"",""price_e4"":4000}",HOLD_TO_SETTLEMENT,75d368edb0ad750c5bc7596a46abdf3fabdfd8d1471175a99677c2075fcaeeea,1.0.0,2026-09-13T06:28:48Z,1.0.0,1.0.0,1.0.0,2026-09-13T06:28:48Z,READY,30,19,7,0.633333,0.233333,1400,3100,0.451613,163.333333,416a2c883115f79ca748415171c8bd3a0ffbd6d264c3bd924f438a9db2c25078,candle_path_not_fill,UNAVAILABLE,UNAVAILABLE,UNAVAILABLE,NOT_COMPUTABLE,UNAVAILABLE
decomposition,THEORETICAL,base_decomposition,risk_reward,0.262645,ratio,roller_payoff,superasi_bdebase_v1.0.0,grade_config_v1,2026-09-13T12:02:58Z,913e87a7c8d04ab0af447be670cfcda2,ITI Stress Q4 CROSS 65 REACH 85 40 ITI-05__913e87a7,3766439c96a7dd20c1a357cc9d344f52bdbbe213fb68782d4349329b8cd85c22,d42a28ee37542cabb6f140ba345b132015584963589d3732b3115ed80806cad0,6a547a4c14bdf2904cb47931457dc625742ef8654207540831709bc1c93ea690,ITI Stress Q4 CROSS 65 REACH 85 40 ITI-05,NBA,NBA,2025-2026,2025-10-10,2025-10-31,"{""date_from"":""2025-10-10"",""date_to"":""2025-10-31"",""game_data"":[""pbp""],""leagues"":[""NBA""],""market_data"":[""candles""],""markets"":[""kalshi""],""seasons"":[""2025-2026""],""sports"":[""NBA""]}",TRADABLE_YES_BID,1_MINUTE_CANDLE,available_at,CROSS,"{""id"":""entry_iti_stress"",""op"":""CROSS"",""period"":""Q4"",""price_e4"":7100}",REACH,"{""id"":""win_iti_stress"",""op"":""REACH"",""outcome"":""win"",""price_e4"":8500}",REACH,"{""id"":""loss_iti_stress"",""op"":""REACH"",""outcome"":""loss"",""price_e4"":4000}",HOLD_TO_SETTLEMENT,75d368edb0ad750c5bc7596a46abdf3fabdfd8d1471175a99677c2075fcaeeea,1.0.0,2026-09-13T06:28:48Z,1.0.0,1.0.0,1.0.0,2026-09-13T06:28:48Z,READY,30,19,7,0.633333,0.233333,1400,3100,0.451613,163.333333,416a2c883115f79ca748415171c8bd3a0ffbd6d264c3bd924f438a9db2c25078,candle_path_not_fill,UNAVAILABLE,UNAVAILABLE,UNAVAILABLE,NOT_COMPUTABLE,UNAVAILABLE
decomposition,THEORETICAL,base_decomposition,risk_reward_plan,0.451613,ratio,roller_payoff,superasi_bdebase_v1.0.0,grade_config_v1,2026-09-13T12:02:58Z,913e87a7c8d04ab0af447be670cfcda2,ITI Stress Q4 CROSS 65 REACH 85 40 ITI-05__913e87a7,3766439c96a7dd20c1a357cc9d344f52bdbbe213fb68782d4349329b8cd85c22,d42a28ee37542cabb6f140ba345b132015584963589d3732b3115ed80806cad0,6a547a4c14bdf2904cb47931457dc625742ef8654207540831709bc1c93ea690,ITI Stress Q4 CROSS 65 REACH 85 40 ITI-05,NBA,NBA,2025-2026,2025-10-10,2025-10-31,"{""date_from"":""2025-10-10"",""date_to"":""2025-10-31"",""game_data"":[""pbp""],""leagues"":[""NBA""],""market_data"":[""candles""],""markets"":[""kalshi""],""seasons"":[""2025-2026""],""sports"":[""NBA""]}",TRADABLE_YES_BID,1_MINUTE_CANDLE,available_at,CROSS,"{""id"":""entry_iti_stress"",""op"":""CROSS"",""period"":""Q4"",""price_e4"":7100}",REACH,"{""id"":""win_iti_stress"",""op"":""REACH"",""outcome"":""win"",""price_e4"":8500}",REACH,"{""id"":""loss_iti_stress"",""op"":""REACH"",""outcome"":""loss"",""price_e4"":4000}",HOLD_TO_SETTLEMENT,75d368edb0ad750c5bc7596a46abdf3fabdfd8d1471175a99677c2075fcaeeea,1.0.0,2026-09-13T06:28:48Z,1.0.0,1.0.0,1.0.0,2026-09-13T06:28:48Z,READY,30,19,7,0.633333,0.233333,1400,3100,0.451613,163.333333,416a2c883115f79ca748415171c8bd3a0ffbd6d264c3bd924f438a9db2c25078,candle_path_not_fill,UNAVAILABLE,UNAVAILABLE,UNAVAILABLE,NOT_COMPUTABLE,UNAVAILABLE
decomposition,THEORETICAL,base_decomposition,risk_reward_trade_mean,0.262645,ratio,roller_payoff,superasi_bdebase_v1.0.0,grade_config_v1,2026-09-13T12:02:58Z,913e87a7c8d04ab0af447be670cfcda2,ITI Stress Q4 CROSS 65 REACH 85 40 ITI-05__913e87a7,3766439c96a7dd20c1a357cc9d344f52bdbbe213fb68782d4349329b8cd85c22,d42a28ee37542cabb6f140ba345b132015584963589d3732b3115ed80806cad0,6a547a4c14bdf2904cb47931457dc625742ef8654207540831709bc1c93ea690,ITI Stress Q4 CROSS 65 REACH 85 40 ITI-05,NBA,NBA,2025-2026,2025-10-10,2025-10-31,"{""date_from"":""2025-10-10"",""date_to"":""2025-10-31"",""game_data"":[""pbp""],""leagues"":[""NBA""],""market_data"":[""candles""],""markets"":[""kalshi""],""seasons"":[""2025-2026""],""sports"":[""NBA""]}",TRADABLE_YES_BID,1_MINUTE_CANDLE,available_at,CROSS,"{""id"":""entry_iti_stress"",""op"":""CROSS"",""period"":""Q4"",""price_e4"":7100}",REACH,"{""id"":""win_iti_stress"",""op"":""REACH"",""outcome"":""win"",""price_e4"":8500}",REACH,"{""id"":""loss_iti_stress"",""op"":""REACH"",""outcome"":""loss"",""price_e4"":4000}",HOLD_TO_SETTLEMENT,75d368edb0ad750c5bc7596a46abdf3fabdfd8d1471175a99677c2075fcaeeea,1.0.0,2026-09-13T06:28:48Z,1.0.0,1.0.0,1.0.0,2026-09-13T06:28:48Z,READY,30,19,7,0.633333,0.233333,1400,3100,0.451613,163.333333,416a2c883115f79ca748415171c8bd3a0ffbd6d264c3bd924f438a9db2c25078,candle_path_not_fill,UNAVAILABLE,UNAVAILABLE,UNAVAILABLE,NOT_COMPUTABLE,UNAVAILABLE
decomposition,THEORETICAL,base_decomposition,risk_reward_ratio_of_means,0.227273,ratio,roller_payoff,superasi_bdebase_v1.0.0,grade_config_v1,2026-09-13T12:02:58Z,913e87a7c8d04ab0af447be670cfcda2,ITI Stress Q4 CROSS 65 REACH 85 40 ITI-05__913e87a7,3766439c96a7dd20c1a357cc9d344f52bdbbe213fb68782d4349329b8cd85c22,d42a28ee37542cabb6f140ba345b132015584963589d3732b3115ed80806cad0,6a547a4c14bdf2904cb47931457dc625742ef8654207540831709bc1c93ea690,ITI Stress Q4 CROSS 65 REACH 85 40 ITI-05,NBA,NBA,2025-2026,2025-10-10,2025-10-31,"{""date_from"":""2025-10-10"",""date_to"":""2025-10-31"",""game_data"":[""pbp""],""leagues"":[""NBA""],""market_data"":[""candles""],""markets"":[""kalshi""],""seasons"":[""2025-2026""],""sports"":[""NBA""]}",TRADABLE_YES_BID,1_MINUTE_CANDLE,available_at,CROSS,"{""id"":""entry_iti_stress"",""op"":""CROSS"",""period"":""Q4"",""price_e4"":7100}",REACH,"{""id"":""win_iti_stress"",""op"":""REACH"",""outcome"":""win"",""price_e4"":8500}",REACH,"{""id"":""loss_iti_stress"",""op"":""REACH"",""outcome"":""loss"",""price_e4"":4000}",HOLD_TO_SETTLEMENT,75d368edb0ad750c5bc7596a46abdf3fabdfd8d1471175a99677c2075fcaeeea,1.0.0,2026-09-13T06:28:48Z,1.0.0,1.0.0,1.0.0,2026-09-13T06:28:48Z,READY,30,19,7,0.633333,0.233333,1400,3100,0.451613,163.333333,416a2c883115f79ca748415171c8bd3a0ffbd6d264c3bd924f438a9db2c25078,candle_path_not_fill,UNAVAILABLE,UNAVAILABLE,UNAVAILABLE,NOT_COMPUTABLE,UNAVAILABLE
decomposition,THEORETICAL,base_decomposition,risk_reward_display,0.26:1,,roller_payoff,superasi_bdebase_v1.0.0,grade_config_v1,2026-09-13T12:02:58Z,913e87a7c8d04ab0af447be670cfcda2,ITI Stress Q4 CROSS 65 REACH 85 40 ITI-05__913e87a7,3766439c96a7dd20c1a357cc9d344f52bdbbe213fb68782d4349329b8cd85c22,d42a28ee37542cabb6f140ba345b132015584963589d3732b3115ed80806cad0,6a547a4c14bdf2904cb47931457dc625742ef8654207540831709bc1c93ea690,ITI Stress Q4 CROSS 65 REACH 85 40 ITI-05,NBA,NBA,2025-2026,2025-10-10,2025-10-31,"{""date_from"":""2025-10-10"",""date_to"":""2025-10-31"",""game_data"":[""pbp""],""leagues"":[""NBA""],""market_data"":[""candles""],""markets"":[""kalshi""],""seasons"":[""2025-2026""],""sports"":[""NBA""]}",TRADABLE_YES_BID,1_MINUTE_CANDLE,available_at,CROSS,"{""id"":""entry_iti_stress"",""op"":""CROSS"",""period"":""Q4"",""price_e4"":7100}",REACH,"{""id"":""win_iti_stress"",""op"":""REACH"",""outcome"":""win"",""price_e4"":8500}",REACH,"{""id"":""loss_iti_stress"",""op"":""REACH"",""outcome"":""loss"",""price_e4"":4000}",HOLD_TO_SETTLEMENT,75d368edb0ad750c5bc7596a46abdf3fabdfd8d1471175a99677c2075fcaeeea,1.0.0,2026-09-13T06:28:48Z,1.0.0,1.0.0,1.0.0,2026-09-13T06:28:48Z,READY,30,19,7,0.633333,0.233333,1400,3100,0.451613,163.333333,416a2c883115f79ca748415171c8bd3a0ffbd6d264c3bd924f438a9db2c25078,candle_path_not_fill,UNAVAILABLE,UNAVAILABLE,UNAVAILABLE,NOT_COMPUTABLE,UNAVAILABLE
decomposition,THEORETICAL,base_decomposition,allocation_rate,0.050000,fraction,roller_payoff,superasi_bdebase_v1.0.0,grade_config_v1,2026-09-13T12:02:58Z,913e87a7c8d04ab0af447be670cfcda2,ITI Stress Q4 CROSS 65 REACH 85 40 ITI-05__913e87a7,3766439c96a7dd20c1a357cc9d344f52bdbbe213fb68782d4349329b8cd85c22,d42a28ee37542cabb6f140ba345b132015584963589d3732b3115ed80806cad0,6a547a4c14bdf2904cb47931457dc625742ef8654207540831709bc1c93ea690,ITI Stress Q4 CROSS 65 REACH 85 40 ITI-05,NBA,NBA,2025-2026,2025-10-10,2025-10-31,"{""date_from"":""2025-10-10"",""date_to"":""2025-10-31"",""game_data"":[""pbp""],""leagues"":[""NBA""],""market_data"":[""candles""],""markets"":[""kalshi""],""seasons"":[""2025-2026""],""sports"":[""NBA""]}",TRADABLE_YES_BID,1_MINUTE_CANDLE,available_at,CROSS,"{""id"":""entry_iti_stress"",""op"":""CROSS"",""period"":""Q4"",""price_e4"":7100}",REACH,"{""id"":""win_iti_stress"",""op"":""REACH"",""outcome"":""win"",""price_e4"":8500}",REACH,"{""id"":""loss_iti_stress"",""op"":""REACH"",""outcome"":""loss"",""price_e4"":4000}",HOLD_TO_SETTLEMENT,75d368edb0ad750c5bc7596a46abdf3fabdfd8d1471175a99677c2075fcaeeea,1.0.0,2026-09-13T06:28:48Z,1.0.0,1.0.0,1.0.0,2026-09-13T06:28:48Z,READY,30,19,7,0.633333,0.233333,1400,3100,0.451613,163.333333,416a2c883115f79ca748415171c8bd3a0ffbd6d264c3bd924f438a9db2c25078,candle_path_not_fill,UNAVAILABLE,UNAVAILABLE,UNAVAILABLE,NOT_COMPUTABLE,UNAVAILABLE
decomposition,THEORETICAL,base_decomposition,p,0.539166,fraction,roller_payoff,superasi_bdebase_v1.0.0,grade_config_v1,2026-09-13T12:02:58Z,913e87a7c8d04ab0af447be670cfcda2,ITI Stress Q4 CROSS 65 REACH 85 40 ITI-05__913e87a7,3766439c96a7dd20c1a357cc9d344f52bdbbe213fb68782d4349329b8cd85c22,d42a28ee37542cabb6f140ba345b132015584963589d3732b3115ed80806cad0,6a547a4c14bdf2904cb47931457dc625742ef8654207540831709bc1c93ea690,ITI Stress Q4 CROSS 65 REACH 85 40 ITI-05,NBA,NBA,2025-2026,2025-10-10,2025-10-31,"{""date_from"":""2025-10-10"",""date_to"":""2025-10-31"",""game_data"":[""pbp""],""leagues"":[""NBA""],""market_data"":[""candles""],""markets"":[""kalshi""],""seasons"":[""2025-2026""],""sports"":[""NBA""]}",TRADABLE_YES_BID,1_MINUTE_CANDLE,available_at,CROSS,"{""id"":""entry_iti_stress"",""op"":""CROSS"",""period"":""Q4"",""price_e4"":7100}",REACH,"{""id"":""win_iti_stress"",""op"":""REACH"",""outcome"":""win"",""price_e4"":8500}",REACH,"{""id"":""loss_iti_stress"",""op"":""REACH"",""outcome"":""loss"",""price_e4"":4000}",HOLD_TO_SETTLEMENT,75d368edb0ad750c5bc7596a46abdf3fabdfd8d1471175a99677c2075fcaeeea,1.0.0,2026-09-13T06:28:48Z,1.0.0,1.0.0,1.0.0,2026-09-13T06:28:48Z,READY,30,19,7,0.633333,0.233333,1400,3100,0.451613,163.333333,416a2c883115f79ca748415171c8bd3a0ffbd6d264c3bd924f438a9db2c25078,candle_path_not_fill,UNAVAILABLE,UNAVAILABLE,UNAVAILABLE,NOT_COMPUTABLE,UNAVAILABLE
decomposition,THEORETICAL,base_decomposition,trade_ev_bankroll,-0.004745,fraction,roller_payoff,superasi_bdebase_v1.0.0,grade_config_v1,2026-09-13T12:02:58Z,913e87a7c8d04ab0af447be670cfcda2,ITI Stress Q4 CROSS 65 REACH 85 40 ITI-05__913e87a7,3766439c96a7dd20c1a357cc9d344f52bdbbe213fb68782d4349329b8cd85c22,d42a28ee37542cabb6f140ba345b132015584963589d3732b3115ed80806cad0,6a547a4c14bdf2904cb47931457dc625742ef8654207540831709bc1c93ea690,ITI Stress Q4 CROSS 65 REACH 85 40 ITI-05,NBA,NBA,2025-2026,2025-10-10,2025-10-31,"{""date_from"":""2025-10-10"",""date_to"":""2025-10-31"",""game_data"":[""pbp""],""leagues"":[""NBA""],""market_data"":[""candles""],""markets"":[""kalshi""],""seasons"":[""2025-2026""],""sports"":[""NBA""]}",TRADABLE_YES_BID,1_MINUTE_CANDLE,available_at,CROSS,"{""id"":""entry_iti_stress"",""op"":""CROSS"",""period"":""Q4"",""price_e4"":7100}",REACH,"{""id"":""win_iti_stress"",""op"":""REACH"",""outcome"":""win"",""price_e4"":8500}",REACH,"{""id"":""loss_iti_stress"",""op"":""REACH"",""outcome"":""loss"",""price_e4"":4000}",HOLD_TO_SETTLEMENT,75d368edb0ad750c5bc7596a46abdf3fabdfd8d1471175a99677c2075fcaeeea,1.0.0,2026-09-13T06:28:48Z,1.0.0,1.0.0,1.0.0,2026-09-13T06:28:48Z,READY,30,19,7,0.633333,0.233333,1400,3100,0.451613,163.333333,416a2c883115f79ca748415171c8bd3a0ffbd6d264c3bd924f438a9db2c25078,candle_path_not_fill,UNAVAILABLE,UNAVAILABLE,UNAVAILABLE,NOT_COMPUTABLE,UNAVAILABLE
decomposition,THEORETICAL,base_decomposition,weekly_ev,-0.047447,fraction,roller_payoff,superasi_bdebase_v1.0.0,grade_config_v1,2026-09-13T12:02:58Z,913e87a7c8d04ab0af447be670cfcda2,ITI Stress Q4 CROSS 65 REACH 85 40 ITI-05__913e87a7,3766439c96a7dd20c1a357cc9d344f52bdbbe213fb68782d4349329b8cd85c22,d42a28ee37542cabb6f140ba345b132015584963589d3732b3115ed80806cad0,6a547a4c14bdf2904cb47931457dc625742ef8654207540831709bc1c93ea690,ITI Stress Q4 CROSS 65 REACH 85 40 ITI-05,NBA,NBA,2025-2026,2025-10-10,2025-10-31,"{""date_from"":""2025-10-10"",""date_to"":""2025-10-31"",""game_data"":[""pbp""],""leagues"":[""NBA""],""market_data"":[""candles""],""markets"":[""kalshi""],""seasons"":[""2025-2026""],""sports"":[""NBA""]}",TRADABLE_YES_BID,1_MINUTE_CANDLE,available_at,CROSS,"{""id"":""entry_iti_stress"",""op"":""CROSS"",""period"":""Q4"",""price_e4"":7100}",REACH,"{""id"":""win_iti_stress"",""op"":""REACH"",""outcome"":""win"",""price_e4"":8500}",REACH,"{""id"":""loss_iti_stress"",""op"":""REACH"",""outcome"":""loss"",""price_e4"":4000}",HOLD_TO_SETTLEMENT,75d368edb0ad750c5bc7596a46abdf3fabdfd8d1471175a99677c2075fcaeeea,1.0.0,2026-09-13T06:28:48Z,1.0.0,1.0.0,1.0.0,2026-09-13T06:28:48Z,READY,30,19,7,0.633333,0.233333,1400,3100,0.451613,163.333333,416a2c883115f79ca748415171c8bd3a0ffbd6d264c3bd924f438a9db2c25078,candle_path_not_fill,UNAVAILABLE,UNAVAILABLE,UNAVAILABLE,NOT_COMPUTABLE,UNAVAILABLE
decomposition,THEORETICAL,base_decomposition,required_p_for_target_week,0.720444,fraction,roller_payoff,superasi_bdebase_v1.0.0,grade_config_v1,2026-09-13T12:02:58Z,913e87a7c8d04ab0af447be670cfcda2,ITI Stress Q4 CROSS 65 REACH 85 40 ITI-05__913e87a7,3766439c96a7dd20c1a357cc9d344f52bdbbe213fb68782d4349329b8cd85c22,d42a28ee37542cabb6f140ba345b132015584963589d3732b3115ed80806cad0,6a547a4c14bdf2904cb47931457dc625742ef8654207540831709bc1c93ea690,ITI Stress Q4 CROSS 65 REACH 85 40 ITI-05,NBA,NBA,2025-2026,2025-10-10,2025-10-31,"{""date_from"":""2025-10-10"",""date_to"":""2025-10-31"",""game_data"":[""pbp""],""leagues"":[""NBA""],""market_data"":[""candles""],""markets"":[""kalshi""],""seasons"":[""2025-2026""],""sports"":[""NBA""]}",TRADABLE_YES_BID,1_MINUTE_CANDLE,available_at,CROSS,"{""id"":""entry_iti_stress"",""op"":""CROSS"",""period"":""Q4"",""price_e4"":7100}",REACH,"{""id"":""win_iti_stress"",""op"":""REACH"",""outcome"":""win"",""price_e4"":8500}",REACH,"{""id"":""loss_iti_stress"",""op"":""REACH"",""outcome"":""loss"",""price_e4"":4000}",HOLD_TO_SETTLEMENT,75d368edb0ad750c5bc7596a46abdf3fabdfd8d1471175a99677c2075fcaeeea,1.0.0,2026-09-13T06:28:48Z,1.0.0,1.0.0,1.0.0,2026-09-13T06:28:48Z,READY,30,19,7,0.633333,0.233333,1400,3100,0.451613,163.333333,416a2c883115f79ca748415171c8bd3a0ffbd6d264c3bd924f438a9db2c25078,candle_path_not_fill,UNAVAILABLE,UNAVAILABLE,UNAVAILABLE,NOT_COMPUTABLE,UNAVAILABLE
decomposition,THEORETICAL,base_decomposition,arithmetic_20_week,-0.948948,fraction,roller_payoff,superasi_bdebase_v1.0.0,grade_config_v1,2026-09-13T12:02:58Z,913e87a7c8d04ab0af447be670cfcda2,ITI Stress Q4 CROSS 65 REACH 85 40 ITI-05__913e87a7,3766439c96a7dd20c1a357cc9d344f52bdbbe213fb68782d4349329b8cd85c22,d42a28ee37542cabb6f140ba345b132015584963589d3732b3115ed80806cad0,6a547a4c14bdf2904cb47931457dc625742ef8654207540831709bc1c93ea690,ITI Stress Q4 CROSS 65 REACH 85 40 ITI-05,NBA,NBA,2025-2026,2025-10-10,2025-10-31,"{""date_from"":""2025-10-10"",""date_to"":""2025-10-31"",""game_data"":[""pbp""],""leagues"":[""NBA""],""market_data"":[""candles""],""markets"":[""kalshi""],""seasons"":[""2025-2026""],""sports"":[""NBA""]}",TRADABLE_YES_BID,1_MINUTE_CANDLE,available_at,CROSS,"{""id"":""entry_iti_stress"",""op"":""CROSS"",""period"":""Q4"",""price_e4"":7100}",REACH,"{""id"":""win_iti_stress"",""op"":""REACH"",""outcome"":""win"",""price_e4"":8500}",REACH,"{""id"":""loss_iti_stress"",""op"":""REACH"",""outcome"":""loss"",""price_e4"":4000}",HOLD_TO_SETTLEMENT,75d368edb0ad750c5bc7596a46abdf3fabdfd8d1471175a99677c2075fcaeeea,1.0.0,2026-09-13T06:28:48Z,1.0.0,1.0.0,1.0.0,2026-09-13T06:28:48Z,READY,30,19,7,0.633333,0.233333,1400,3100,0.451613,163.333333,416a2c883115f79ca748415171c8bd3a0ffbd6d264c3bd924f438a9db2c25078,candle_path_not_fill,UNAVAILABLE,UNAVAILABLE,UNAVAILABLE,NOT_COMPUTABLE,UNAVAILABLE
decomposition,THEORETICAL,base_decomposition,compounded_20_week,-0.621750,fraction,roller_payoff,superasi_bdebase_v1.0.0,grade_config_v1,2026-09-13T12:02:58Z,913e87a7c8d04ab0af447be670cfcda2,ITI Stress Q4 CROSS 65 REACH 85 40 ITI-05__913e87a7,3766439c96a7dd20c1a357cc9d344f52bdbbe213fb68782d4349329b8cd85c22,d42a28ee37542cabb6f140ba345b132015584963589d3732b3115ed80806cad0,6a547a4c14bdf2904cb47931457dc625742ef8654207540831709bc1c93ea690,ITI Stress Q4 CROSS 65 REACH 85 40 ITI-05,NBA,NBA,2025-2026,2025-10-10,2025-10-31,"{""date_from"":""2025-10-10"",""date_to"":""2025-10-31"",""game_data"":[""pbp""],""leagues"":[""NBA""],""market_data"":[""candles""],""markets"":[""kalshi""],""seasons"":[""2025-2026""],""sports"":[""NBA""]}",TRADABLE_YES_BID,1_MINUTE_CANDLE,available_at,CROSS,"{""id"":""entry_iti_stress"",""op"":""CROSS"",""period"":""Q4"",""price_e4"":7100}",REACH,"{""id"":""win_iti_stress"",""op"":""REACH"",""outcome"":""win"",""price_e4"":8500}",REACH,"{""id"":""loss_iti_stress"",""op"":""REACH"",""outcome"":""loss"",""price_e4"":4000}",HOLD_TO_SETTLEMENT,75d368edb0ad750c5bc7596a46abdf3fabdfd8d1471175a99677c2075fcaeeea,1.0.0,2026-09-13T06:28:48Z,1.0.0,1.0.0,1.0.0,2026-09-13T06:28:48Z,READY,30,19,7,0.633333,0.233333,1400,3100,0.451613,163.333333,416a2c883115f79ca748415171c8bd3a0ffbd6d264c3bd924f438a9db2c25078,candle_path_not_fill,UNAVAILABLE,UNAVAILABLE,UNAVAILABLE,NOT_COMPUTABLE,UNAVAILABLE
decomposition,THEORETICAL,base_decomposition,compounded_terminal,7565.006119,usd,roller_payoff,superasi_bdebase_v1.0.0,grade_config_v1,2026-09-13T12:02:58Z,913e87a7c8d04ab0af447be670cfcda2,ITI Stress Q4 CROSS 65 REACH 85 40 ITI-05__913e87a7,3766439c96a7dd20c1a357cc9d344f52bdbbe213fb68782d4349329b8cd85c22,d42a28ee37542cabb6f140ba345b132015584963589d3732b3115ed80806cad0,6a547a4c14bdf2904cb47931457dc625742ef8654207540831709bc1c93ea690,ITI Stress Q4 CROSS 65 REACH 85 40 ITI-05,NBA,NBA,2025-2026,2025-10-10,2025-10-31,"{""date_from"":""2025-10-10"",""date_to"":""2025-10-31"",""game_data"":[""pbp""],""leagues"":[""NBA""],""market_data"":[""candles""],""markets"":[""kalshi""],""seasons"":[""2025-2026""],""sports"":[""NBA""]}",TRADABLE_YES_BID,1_MINUTE_CANDLE,available_at,CROSS,"{""id"":""entry_iti_stress"",""op"":""CROSS"",""period"":""Q4"",""price_e4"":7100}",REACH,"{""id"":""win_iti_stress"",""op"":""REACH"",""outcome"":""win"",""price_e4"":8500}",REACH,"{""id"":""loss_iti_stress"",""op"":""REACH"",""outcome"":""loss"",""price_e4"":4000}",HOLD_TO_SETTLEMENT,75d368edb0ad750c5bc7596a46abdf3fabdfd8d1471175a99677c2075fcaeeea,1.0.0,2026-09-13T06:28:48Z,1.0.0,1.0.0,1.0.0,2026-09-13T06:28:48Z,READY,30,19,7,0.633333,0.233333,1400,3100,0.451613,163.333333,416a2c883115f79ca748415171c8bd3a0ffbd6d264c3bd924f438a9db2c25078,candle_path_not_fill,UNAVAILABLE,UNAVAILABLE,UNAVAILABLE,NOT_COMPUTABLE,UNAVAILABLE
decomposition,THEORETICAL,base_decomposition,desk_break_even_probability,0.666667,fraction,superasi_abase,superasi_bdebase_v1.0.0,grade_config_v1,2026-09-13T12:02:58Z,913e87a7c8d04ab0af447be670cfcda2,ITI Stress Q4 CROSS 65 REACH 85 40 ITI-05__913e87a7,3766439c96a7dd20c1a357cc9d344f52bdbbe213fb68782d4349329b8cd85c22,d42a28ee37542cabb6f140ba345b132015584963589d3732b3115ed80806cad0,6a547a4c14bdf2904cb47931457dc625742ef8654207540831709bc1c93ea690,ITI Stress Q4 CROSS 65 REACH 85 40 ITI-05,NBA,NBA,2025-2026,2025-10-10,2025-10-31,"{""date_from"":""2025-10-10"",""date_to"":""2025-10-31"",""game_data"":[""pbp""],""leagues"":[""NBA""],""market_data"":[""candles""],""markets"":[""kalshi""],""seasons"":[""2025-2026""],""sports"":[""NBA""]}",TRADABLE_YES_BID,1_MINUTE_CANDLE,available_at,CROSS,"{""id"":""entry_iti_stress"",""op"":""CROSS"",""period"":""Q4"",""price_e4"":7100}",REACH,"{""id"":""win_iti_stress"",""op"":""REACH"",""outcome"":""win"",""price_e4"":8500}",REACH,"{""id"":""loss_iti_stress"",""op"":""REACH"",""outcome"":""loss"",""price_e4"":4000}",HOLD_TO_SETTLEMENT,75d368edb0ad750c5bc7596a46abdf3fabdfd8d1471175a99677c2075fcaeeea,1.0.0,2026-09-13T06:28:48Z,1.0.0,1.0.0,1.0.0,2026-09-13T06:28:48Z,READY,30,19,7,0.633333,0.233333,1400,3100,0.451613,163.333333,416a2c883115f79ca748415171c8bd3a0ffbd6d264c3bd924f438a9db2c25078,candle_path_not_fill,UNAVAILABLE,UNAVAILABLE,UNAVAILABLE,NOT_COMPUTABLE,UNAVAILABLE
decomposition,THEORETICAL,base_decomposition,desk_trade_ev,0.001000,fraction,superasi_abase,superasi_bdebase_v1.0.0,grade_config_v1,2026-09-13T12:02:58Z,913e87a7c8d04ab0af447be670cfcda2,ITI Stress Q4 CROSS 65 REACH 85 40 ITI-05__913e87a7,3766439c96a7dd20c1a357cc9d344f52bdbbe213fb68782d4349329b8cd85c22,d42a28ee37542cabb6f140ba345b132015584963589d3732b3115ed80806cad0,6a547a4c14bdf2904cb47931457dc625742ef8654207540831709bc1c93ea690,ITI Stress Q4 CROSS 65 REACH 85 40 ITI-05,NBA,NBA,2025-2026,2025-10-10,2025-10-31,"{""date_from"":""2025-10-10"",""date_to"":""2025-10-31"",""game_data"":[""pbp""],""leagues"":[""NBA""],""market_data"":[""candles""],""markets"":[""kalshi""],""seasons"":[""2025-2026""],""sports"":[""NBA""]}",TRADABLE_YES_BID,1_MINUTE_CANDLE,available_at,CROSS,"{""id"":""entry_iti_stress"",""op"":""CROSS"",""period"":""Q4"",""price_e4"":7100}",REACH,"{""id"":""win_iti_stress"",""op"":""REACH"",""outcome"":""win"",""price_e4"":8500}",REACH,"{""id"":""loss_iti_stress"",""op"":""REACH"",""outcome"":""loss"",""price_e4"":4000}",HOLD_TO_SETTLEMENT,75d368edb0ad750c5bc7596a46abdf3fabdfd8d1471175a99677c2075fcaeeea,1.0.0,2026-09-13T06:28:48Z,1.0.0,1.0.0,1.0.0,2026-09-13T06:28:48Z,READY,30,19,7,0.633333,0.233333,1400,3100,0.451613,163.333333,416a2c883115f79ca748415171c8bd3a0ffbd6d264c3bd924f438a9db2c25078,candle_path_not_fill,UNAVAILABLE,UNAVAILABLE,UNAVAILABLE,NOT_COMPUTABLE,UNAVAILABLE
decomposition,THEORETICAL,base_decomposition,desk_weekly_ev,0.010000,fraction,superasi_abase,superasi_bdebase_v1.0.0,grade_config_v1,2026-09-13T12:02:58Z,913e87a7c8d04ab0af447be670cfcda2,ITI Stress Q4 CROSS 65 REACH 85 40 ITI-05__913e87a7,3766439c96a7dd20c1a357cc9d344f52bdbbe213fb68782d4349329b8cd85c22,d42a28ee37542cabb6f140ba345b132015584963589d3732b3115ed80806cad0,6a547a4c14bdf2904cb47931457dc625742ef8654207540831709bc1c93ea690,ITI Stress Q4 CROSS 65 REACH 85 40 ITI-05,NBA,NBA,2025-2026,2025-10-10,2025-10-31,"{""date_from"":""2025-10-10"",""date_to"":""2025-10-31"",""game_data"":[""pbp""],""leagues"":[""NBA""],""market_data"":[""candles""],""markets"":[""kalshi""],""seasons"":[""2025-2026""],""sports"":[""NBA""]}",TRADABLE_YES_BID,1_MINUTE_CANDLE,available_at,CROSS,"{""id"":""entry_iti_stress"",""op"":""CROSS"",""period"":""Q4"",""price_e4"":7100}",REACH,"{""id"":""win_iti_stress"",""op"":""REACH"",""outcome"":""win"",""price_e4"":8500}",REACH,"{""id"":""loss_iti_stress"",""op"":""REACH"",""outcome"":""loss"",""price_e4"":4000}",HOLD_TO_SETTLEMENT,75d368edb0ad750c5bc7596a46abdf3fabdfd8d1471175a99677c2075fcaeeea,1.0.0,2026-09-13T06:28:48Z,1.0.0,1.0.0,1.0.0,2026-09-13T06:28:48Z,READY,30,19,7,0.633333,0.233333,1400,3100,0.451613,163.333333,416a2c883115f79ca748415171c8bd3a0ffbd6d264c3bd924f438a9db2c25078,candle_path_not_fill,UNAVAILABLE,UNAVAILABLE,UNAVAILABLE,NOT_COMPUTABLE,UNAVAILABLE
meta,THEORETICAL,base_decomposition,bankroll_cents,2000000,usd_cents,desk_settings,superasi_bdebase_v1.0.0,grade_config_v1,2026-09-13T12:02:58Z,913e87a7c8d04ab0af447be670cfcda2,ITI Stress Q4 CROSS 65 REACH 85 40 ITI-05__913e87a7,3766439c96a7dd20c1a357cc9d344f52bdbbe213fb68782d4349329b8cd85c22,d42a28ee37542cabb6f140ba345b132015584963589d3732b3115ed80806cad0,6a547a4c14bdf2904cb47931457dc625742ef8654207540831709bc1c93ea690,ITI Stress Q4 CROSS 65 REACH 85 40 ITI-05,NBA,NBA,2025-2026,2025-10-10,2025-10-31,"{""date_from"":""2025-10-10"",""date_to"":""2025-10-31"",""game_data"":[""pbp""],""leagues"":[""NBA""],""market_data"":[""candles""],""markets"":[""kalshi""],""seasons"":[""2025-2026""],""sports"":[""NBA""]}",TRADABLE_YES_BID,1_MINUTE_CANDLE,available_at,CROSS,"{""id"":""entry_iti_stress"",""op"":""CROSS"",""period"":""Q4"",""price_e4"":7100}",REACH,"{""id"":""win_iti_stress"",""op"":""REACH"",""outcome"":""win"",""price_e4"":8500}",REACH,"{""id"":""loss_iti_stress"",""op"":""REACH"",""outcome"":""loss"",""price_e4"":4000}",HOLD_TO_SETTLEMENT,75d368edb0ad750c5bc7596a46abdf3fabdfd8d1471175a99677c2075fcaeeea,1.0.0,2026-09-13T06:28:48Z,1.0.0,1.0.0,1.0.0,2026-09-13T06:28:48Z,READY,30,19,7,0.633333,0.233333,1400,3100,0.451613,163.333333,416a2c883115f79ca748415171c8bd3a0ffbd6d264c3bd924f438a9db2c25078,candle_path_not_fill,UNAVAILABLE,UNAVAILABLE,UNAVAILABLE,NOT_COMPUTABLE,UNAVAILABLE
meta,THEORETICAL,base_decomposition,allocation_bps,500,bps,desk_settings,superasi_bdebase_v1.0.0,grade_config_v1,2026-09-13T12:02:58Z,913e87a7c8d04ab0af447be670cfcda2,ITI Stress Q4 CROSS 65 REACH 85 40 ITI-05__913e87a7,3766439c96a7dd20c1a357cc9d344f52bdbbe213fb68782d4349329b8cd85c22,d42a28ee37542cabb6f140ba345b132015584963589d3732b3115ed80806cad0,6a547a4c14bdf2904cb47931457dc625742ef8654207540831709bc1c93ea690,ITI Stress Q4 CROSS 65 REACH 85 40 ITI-05,NBA,NBA,2025-2026,2025-10-10,2025-10-31,"{""date_from"":""2025-10-10"",""date_to"":""2025-10-31"",""game_data"":[""pbp""],""leagues"":[""NBA""],""market_data"":[""candles""],""markets"":[""kalshi""],""seasons"":[""2025-2026""],""sports"":[""NBA""]}",TRADABLE_YES_BID,1_MINUTE_CANDLE,available_at,CROSS,"{""id"":""entry_iti_stress"",""op"":""CROSS"",""period"":""Q4"",""price_e4"":7100}",REACH,"{""id"":""win_iti_stress"",""op"":""REACH"",""outcome"":""win"",""price_e4"":8500}",REACH,"{""id"":""loss_iti_stress"",""op"":""REACH"",""outcome"":""loss"",""price_e4"":4000}",HOLD_TO_SETTLEMENT,75d368edb0ad750c5bc7596a46abdf3fabdfd8d1471175a99677c2075fcaeeea,1.0.0,2026-09-13T06:28:48Z,1.0.0,1.0.0,1.0.0,2026-09-13T06:28:48Z,READY,30,19,7,0.633333,0.233333,1400,3100,0.451613,163.333333,416a2c883115f79ca748415171c8bd3a0ffbd6d264c3bd924f438a9db2c25078,candle_path_not_fill,UNAVAILABLE,UNAVAILABLE,UNAVAILABLE,NOT_COMPUTABLE,UNAVAILABLE
meta,THEORETICAL,base_decomposition,floor_cents,1500000,usd_cents,desk_settings,superasi_bdebase_v1.0.0,grade_config_v1,2026-09-13T12:02:58Z,913e87a7c8d04ab0af447be670cfcda2,ITI Stress Q4 CROSS 65 REACH 85 40 ITI-05__913e87a7,3766439c96a7dd20c1a357cc9d344f52bdbbe213fb68782d4349329b8cd85c22,d42a28ee37542cabb6f140ba345b132015584963589d3732b3115ed80806cad0,6a547a4c14bdf2904cb47931457dc625742ef8654207540831709bc1c93ea690,ITI Stress Q4 CROSS 65 REACH 85 40 ITI-05,NBA,NBA,2025-2026,2025-10-10,2025-10-31,"{""date_from"":""2025-10-10"",""date_to"":""2025-10-31"",""game_data"":[""pbp""],""leagues"":[""NBA""],""market_data"":[""candles""],""markets"":[""kalshi""],""seasons"":[""2025-2026""],""sports"":[""NBA""]}",TRADABLE_YES_BID,1_MINUTE_CANDLE,available_at,CROSS,"{""id"":""entry_iti_stress"",""op"":""CROSS"",""period"":""Q4"",""price_e4"":7100}",REACH,"{""id"":""win_iti_stress"",""op"":""REACH"",""outcome"":""win"",""price_e4"":8500}",REACH,"{""id"":""loss_iti_stress"",""op"":""REACH"",""outcome"":""loss"",""price_e4"":4000}",HOLD_TO_SETTLEMENT,75d368edb0ad750c5bc7596a46abdf3fabdfd8d1471175a99677c2075fcaeeea,1.0.0,2026-09-13T06:28:48Z,1.0.0,1.0.0,1.0.0,2026-09-13T06:28:48Z,READY,30,19,7,0.633333,0.233333,1400,3100,0.451613,163.333333,416a2c883115f79ca748415171c8bd3a0ffbd6d264c3bd924f438a9db2c25078,candle_path_not_fill,UNAVAILABLE,UNAVAILABLE,UNAVAILABLE,NOT_COMPUTABLE,UNAVAILABLE
meta,THEORETICAL,base_decomposition,target_cents,3000000,usd_cents,desk_settings,superasi_bdebase_v1.0.0,grade_config_v1,2026-09-13T12:02:58Z,913e87a7c8d04ab0af447be670cfcda2,ITI Stress Q4 CROSS 65 REACH 85 40 ITI-05__913e87a7,3766439c96a7dd20c1a357cc9d344f52bdbbe213fb68782d4349329b8cd85c22,d42a28ee37542cabb6f140ba345b132015584963589d3732b3115ed80806cad0,6a547a4c14bdf2904cb47931457dc625742ef8654207540831709bc1c93ea690,ITI Stress Q4 CROSS 65 REACH 85 40 ITI-05,NBA,NBA,2025-2026,2025-10-10,2025-10-31,"{""date_from"":""2025-10-10"",""date_to"":""2025-10-31"",""game_data"":[""pbp""],""leagues"":[""NBA""],""market_data"":[""candles""],""markets"":[""kalshi""],""seasons"":[""2025-2026""],""sports"":[""NBA""]}",TRADABLE_YES_BID,1_MINUTE_CANDLE,available_at,CROSS,"{""id"":""entry_iti_stress"",""op"":""CROSS"",""period"":""Q4"",""price_e4"":7100}",REACH,"{""id"":""win_iti_stress"",""op"":""REACH"",""outcome"":""win"",""price_e4"":8500}",REACH,"{""id"":""loss_iti_stress"",""op"":""REACH"",""outcome"":""loss"",""price_e4"":4000}",HOLD_TO_SETTLEMENT,75d368edb0ad750c5bc7596a46abdf3fabdfd8d1471175a99677c2075fcaeeea,1.0.0,2026-09-13T06:28:48Z,1.0.0,1.0.0,1.0.0,2026-09-13T06:28:48Z,READY,30,19,7,0.633333,0.233333,1400,3100,0.451613,163.333333,416a2c883115f79ca748415171c8bd3a0ffbd6d264c3bd924f438a9db2c25078,candle_path_not_fill,UNAVAILABLE,UNAVAILABLE,UNAVAILABLE,NOT_COMPUTABLE,UNAVAILABLE
weekly,THEORETICAL,base_decomposition,wins_0,-0.218310,fraction,binomial_roller_payoff,superasi_bdebase_v1.0.0,grade_config_v1,2026-09-13T12:02:58Z,913e87a7c8d04ab0af447be670cfcda2,ITI Stress Q4 CROSS 65 REACH 85 40 ITI-05__913e87a7,3766439c96a7dd20c1a357cc9d344f52bdbbe213fb68782d4349329b8cd85c22,d42a28ee37542cabb6f140ba345b132015584963589d3732b3115ed80806cad0,6a547a4c14bdf2904cb47931457dc625742ef8654207540831709bc1c93ea690,ITI Stress Q4 CROSS 65 REACH 85 40 ITI-05,NBA,NBA,2025-2026,2025-10-10,2025-10-31,"{""date_from"":""2025-10-10"",""date_to"":""2025-10-31"",""game_data"":[""pbp""],""leagues"":[""NBA""],""market_data"":[""candles""],""markets"":[""kalshi""],""seasons"":[""2025-2026""],""sports"":[""NBA""]}",TRADABLE_YES_BID,1_MINUTE_CANDLE,available_at,CROSS,"{""id"":""entry_iti_stress"",""op"":""CROSS"",""period"":""Q4"",""price_e4"":7100}",REACH,"{""id"":""win_iti_stress"",""op"":""REACH"",""outcome"":""win"",""price_e4"":8500}",REACH,"{""id"":""loss_iti_stress"",""op"":""REACH"",""outcome"":""loss"",""price_e4"":4000}",HOLD_TO_SETTLEMENT,75d368edb0ad750c5bc7596a46abdf3fabdfd8d1471175a99677c2075fcaeeea,1.0.0,2026-09-13T06:28:48Z,1.0.0,1.0.0,1.0.0,2026-09-13T06:28:48Z,READY,30,19,7,0.633333,0.233333,1400,3100,0.451613,163.333333,416a2c883115f79ca748415171c8bd3a0ffbd6d264c3bd924f438a9db2c25078,candle_path_not_fill,UNAVAILABLE,UNAVAILABLE,UNAVAILABLE,NOT_COMPUTABLE,UNAVAILABLE
weekly,THEORETICAL,base_decomposition,wins_0_probability,0.000432,fraction,binomial_roller_payoff,superasi_bdebase_v1.0.0,grade_config_v1,2026-09-13T12:02:58Z,913e87a7c8d04ab0af447be670cfcda2,ITI Stress Q4 CROSS 65 REACH 85 40 ITI-05__913e87a7,3766439c96a7dd20c1a357cc9d344f52bdbbe213fb68782d4349329b8cd85c22,d42a28ee37542cabb6f140ba345b132015584963589d3732b3115ed80806cad0,6a547a4c14bdf2904cb47931457dc625742ef8654207540831709bc1c93ea690,ITI Stress Q4 CROSS 65 REACH 85 40 ITI-05,NBA,NBA,2025-2026,2025-10-10,2025-10-31,"{""date_from"":""2025-10-10"",""date_to"":""2025-10-31"",""game_data"":[""pbp""],""leagues"":[""NBA""],""market_data"":[""candles""],""markets"":[""kalshi""],""seasons"":[""2025-2026""],""sports"":[""NBA""]}",TRADABLE_YES_BID,1_MINUTE_CANDLE,available_at,CROSS,"{""id"":""entry_iti_stress"",""op"":""CROSS"",""period"":""Q4"",""price_e4"":7100}",REACH,"{""id"":""win_iti_stress"",""op"":""REACH"",""outcome"":""win"",""price_e4"":8500}",REACH,"{""id"":""loss_iti_stress"",""op"":""REACH"",""outcome"":""loss"",""price_e4"":4000}",HOLD_TO_SETTLEMENT,75d368edb0ad750c5bc7596a46abdf3fabdfd8d1471175a99677c2075fcaeeea,1.0.0,2026-09-13T06:28:48Z,1.0.0,1.0.0,1.0.0,2026-09-13T06:28:48Z,READY,30,19,7,0.633333,0.233333,1400,3100,0.451613,163.333333,416a2c883115f79ca748415171c8bd3a0ffbd6d264c3bd924f438a9db2c25078,candle_path_not_fill,UNAVAILABLE,UNAVAILABLE,UNAVAILABLE,NOT_COMPUTABLE,UNAVAILABLE
weekly,THEORETICAL,base_decomposition,wins_1,-0.186620,fraction,binomial_roller_payoff,superasi_bdebase_v1.0.0,grade_config_v1,2026-09-13T12:02:58Z,913e87a7c8d04ab0af447be670cfcda2,ITI Stress Q4 CROSS 65 REACH 85 40 ITI-05__913e87a7,3766439c96a7dd20c1a357cc9d344f52bdbbe213fb68782d4349329b8cd85c22,d42a28ee37542cabb6f140ba345b132015584963589d3732b3115ed80806cad0,6a547a4c14bdf2904cb47931457dc625742ef8654207540831709bc1c93ea690,ITI Stress Q4 CROSS 65 REACH 85 40 ITI-05,NBA,NBA,2025-2026,2025-10-10,2025-10-31,"{""date_from"":""2025-10-10"",""date_to"":""2025-10-31"",""game_data"":[""pbp""],""leagues"":[""NBA""],""market_data"":[""candles""],""markets"":[""kalshi""],""seasons"":[""2025-2026""],""sports"":[""NBA""]}",TRADABLE_YES_BID,1_MINUTE_CANDLE,available_at,CROSS,"{""id"":""entry_iti_stress"",""op"":""CROSS"",""period"":""Q4"",""price_e4"":7100}",REACH,"{""id"":""win_iti_stress"",""op"":""REACH"",""outcome"":""win"",""price_e4"":8500}",REACH,"{""id"":""loss_iti_stress"",""op"":""REACH"",""outcome"":""loss"",""price_e4"":4000}",HOLD_TO_SETTLEMENT,75d368edb0ad750c5bc7596a46abdf3fabdfd8d1471175a99677c2075fcaeeea,1.0.0,2026-09-13T06:28:48Z,1.0.0,1.0.0,1.0.0,2026-09-13T06:28:48Z,READY,30,19,7,0.633333,0.233333,1400,3100,0.451613,163.333333,416a2c883115f79ca748415171c8bd3a0ffbd6d264c3bd924f438a9db2c25078,candle_path_not_fill,UNAVAILABLE,UNAVAILABLE,UNAVAILABLE,NOT_COMPUTABLE,UNAVAILABLE
weekly,THEORETICAL,base_decomposition,wins_1_probability,0.005054,fraction,binomial_roller_payoff,superasi_bdebase_v1.0.0,grade_config_v1,2026-09-13T12:02:58Z,913e87a7c8d04ab0af447be670cfcda2,ITI Stress Q4 CROSS 65 REACH 85 40 ITI-05__913e87a7,3766439c96a7dd20c1a357cc9d344f52bdbbe213fb68782d4349329b8cd85c22,d42a28ee37542cabb6f140ba345b132015584963589d3732b3115ed80806cad0,6a547a4c14bdf2904cb47931457dc625742ef8654207540831709bc1c93ea690,ITI Stress Q4 CROSS 65 REACH 85 40 ITI-05,NBA,NBA,2025-2026,2025-10-10,2025-10-31,"{""date_from"":""2025-10-10"",""date_to"":""2025-10-31"",""game_data"":[""pbp""],""leagues"":[""NBA""],""market_data"":[""candles""],""markets"":[""kalshi""],""seasons"":[""2025-2026""],""sports"":[""NBA""]}",TRADABLE_YES_BID,1_MINUTE_CANDLE,available_at,CROSS,"{""id"":""entry_iti_stress"",""op"":""CROSS"",""period"":""Q4"",""price_e4"":7100}",REACH,"{""id"":""win_iti_stress"",""op"":""REACH"",""outcome"":""win"",""price_e4"":8500}",REACH,"{""id"":""loss_iti_stress"",""op"":""REACH"",""outcome"":""loss"",""price_e4"":4000}",HOLD_TO_SETTLEMENT,75d368edb0ad750c5bc7596a46abdf3fabdfd8d1471175a99677c2075fcaeeea,1.0.0,2026-09-13T06:28:48Z,1.0.0,1.0.0,1.0.0,2026-09-13T06:28:48Z,READY,30,19,7,0.633333,0.233333,1400,3100,0.451613,163.333333,416a2c883115f79ca748415171c8bd3a0ffbd6d264c3bd924f438a9db2c25078,candle_path_not_fill,UNAVAILABLE,UNAVAILABLE,UNAVAILABLE,NOT_COMPUTABLE,UNAVAILABLE
weekly,THEORETICAL,base_decomposition,wins_2,-0.154930,fraction,binomial_roller_payoff,superasi_bdebase_v1.0.0,grade_config_v1,2026-09-13T12:02:58Z,913e87a7c8d04ab0af447be670cfcda2,ITI Stress Q4 CROSS 65 REACH 85 40 ITI-05__913e87a7,3766439c96a7dd20c1a357cc9d344f52bdbbe213fb68782d4349329b8cd85c22,d42a28ee37542cabb6f140ba345b132015584963589d3732b3115ed80806cad0,6a547a4c14bdf2904cb47931457dc625742ef8654207540831709bc1c93ea690,ITI Stress Q4 CROSS 65 REACH 85 40 ITI-05,NBA,NBA,2025-2026,2025-10-10,2025-10-31,"{""date_from"":""2025-10-10"",""date_to"":""2025-10-31"",""game_data"":[""pbp""],""leagues"":[""NBA""],""market_data"":[""candles""],""markets"":[""kalshi""],""seasons"":[""2025-2026""],""sports"":[""NBA""]}",TRADABLE_YES_BID,1_MINUTE_CANDLE,available_at,CROSS,"{""id"":""entry_iti_stress"",""op"":""CROSS"",""period"":""Q4"",""price_e4"":7100}",REACH,"{""id"":""win_iti_stress"",""op"":""REACH"",""outcome"":""win"",""price_e4"":8500}",REACH,"{""id"":""loss_iti_stress"",""op"":""REACH"",""outcome"":""loss"",""price_e4"":4000}",HOLD_TO_SETTLEMENT,75d368edb0ad750c5bc7596a46abdf3fabdfd8d1471175a99677c2075fcaeeea,1.0.0,2026-09-13T06:28:48Z,1.0.0,1.0.0,1.0.0,2026-09-13T06:28:48Z,READY,30,19,7,0.633333,0.233333,1400,3100,0.451613,163.333333,416a2c883115f79ca748415171c8bd3a0ffbd6d264c3bd924f438a9db2c25078,candle_path_not_fill,UNAVAILABLE,UNAVAILABLE,UNAVAILABLE,NOT_COMPUTABLE,UNAVAILABLE
weekly,THEORETICAL,base_decomposition,wins_2_probability,0.026608,fraction,binomial_roller_payoff,superasi_bdebase_v1.0.0,grade_config_v1,2026-09-13T12:02:58Z,913e87a7c8d04ab0af447be670cfcda2,ITI Stress Q4 CROSS 65 REACH 85 40 ITI-05__913e87a7,3766439c96a7dd20c1a357cc9d344f52bdbbe213fb68782d4349329b8cd85c22,d42a28ee37542cabb6f140ba345b132015584963589d3732b3115ed80806cad0,6a547a4c14bdf2904cb47931457dc625742ef8654207540831709bc1c93ea690,ITI Stress Q4 CROSS 65 REACH 85 40 ITI-05,NBA,NBA,2025-2026,2025-10-10,2025-10-31,"{""date_from"":""2025-10-10"",""date_to"":""2025-10-31"",""game_data"":[""pbp""],""leagues"":[""NBA""],""market_data"":[""candles""],""markets"":[""kalshi""],""seasons"":[""2025-2026""],""sports"":[""NBA""]}",TRADABLE_YES_BID,1_MINUTE_CANDLE,available_at,CROSS,"{""id"":""entry_iti_stress"",""op"":""CROSS"",""period"":""Q4"",""price_e4"":7100}",REACH,"{""id"":""win_iti_stress"",""op"":""REACH"",""outcome"":""win"",""price_e4"":8500}",REACH,"{""id"":""loss_iti_stress"",""op"":""REACH"",""outcome"":""loss"",""price_e4"":4000}",HOLD_TO_SETTLEMENT,75d368edb0ad750c5bc7596a46abdf3fabdfd8d1471175a99677c2075fcaeeea,1.0.0,2026-09-13T06:28:48Z,1.0.0,1.0.0,1.0.0,2026-09-13T06:28:48Z,READY,30,19,7,0.633333,0.233333,1400,3100,0.451613,163.333333,416a2c883115f79ca748415171c8bd3a0ffbd6d264c3bd924f438a9db2c25078,candle_path_not_fill,UNAVAILABLE,UNAVAILABLE,UNAVAILABLE,NOT_COMPUTABLE,UNAVAILABLE
weekly,THEORETICAL,base_decomposition,wins_3,-0.123239,fraction,binomial_roller_payoff,superasi_bdebase_v1.0.0,grade_config_v1,2026-09-13T12:02:58Z,913e87a7c8d04ab0af447be670cfcda2,ITI Stress Q4 CROSS 65 REACH 85 40 ITI-05__913e87a7,3766439c96a7dd20c1a357cc9d344f52bdbbe213fb68782d4349329b8cd85c22,d42a28ee37542cabb6f140ba345b132015584963589d3732b3115ed80806cad0,6a547a4c14bdf2904cb47931457dc625742ef8654207540831709bc1c93ea690,ITI Stress Q4 CROSS 65 REACH 85 40 ITI-05,NBA,NBA,2025-2026,2025-10-10,2025-10-31,"{""date_from"":""2025-10-10"",""date_to"":""2025-10-31"",""game_data"":[""pbp""],""leagues"":[""NBA""],""market_data"":[""candles""],""markets"":[""kalshi""],""seasons"":[""2025-2026""],""sports"":[""NBA""]}",TRADABLE_YES_BID,1_MINUTE_CANDLE,available_at,CROSS,"{""id"":""entry_iti_stress"",""op"":""CROSS"",""period"":""Q4"",""price_e4"":7100}",REACH,"{""id"":""win_iti_stress"",""op"":""REACH"",""outcome"":""win"",""price_e4"":8500}",REACH,"{""id"":""loss_iti_stress"",""op"":""REACH"",""outcome"":""loss"",""price_e4"":4000}",HOLD_TO_SETTLEMENT,75d368edb0ad750c5bc7596a46abdf3fabdfd8d1471175a99677c2075fcaeeea,1.0.0,2026-09-13T06:28:48Z,1.0.0,1.0.0,1.0.0,2026-09-13T06:28:48Z,READY,30,19,7,0.633333,0.233333,1400,3100,0.451613,163.333333,416a2c883115f79ca748415171c8bd3a0ffbd6d264c3bd924f438a9db2c25078,candle_path_not_fill,UNAVAILABLE,UNAVAILABLE,UNAVAILABLE,NOT_COMPUTABLE,UNAVAILABLE
weekly,THEORETICAL,base_decomposition,wins_3_probability,0.083016,fraction,binomial_roller_payoff,superasi_bdebase_v1.0.0,grade_config_v1,2026-09-13T12:02:58Z,913e87a7c8d04ab0af447be670cfcda2,ITI Stress Q4 CROSS 65 REACH 85 40 ITI-05__913e87a7,3766439c96a7dd20c1a357cc9d344f52bdbbe213fb68782d4349329b8cd85c22,d42a28ee37542cabb6f140ba345b132015584963589d3732b3115ed80806cad0,6a547a4c14bdf2904cb47931457dc625742ef8654207540831709bc1c93ea690,ITI Stress Q4 CROSS 65 REACH 85 40 ITI-05,NBA,NBA,2025-2026,2025-10-10,2025-10-31,"{""date_from"":""2025-10-10"",""date_to"":""2025-10-31"",""game_data"":[""pbp""],""leagues"":[""NBA""],""market_data"":[""candles""],""markets"":[""kalshi""],""seasons"":[""2025-2026""],""sports"":[""NBA""]}",TRADABLE_YES_BID,1_MINUTE_CANDLE,available_at,CROSS,"{""id"":""entry_iti_stress"",""op"":""CROSS"",""period"":""Q4"",""price_e4"":7100}",REACH,"{""id"":""win_iti_stress"",""op"":""REACH"",""outcome"":""win"",""price_e4"":8500}",REACH,"{""id"":""loss_iti_stress"",""op"":""REACH"",""outcome"":""loss"",""price_e4"":4000}",HOLD_TO_SETTLEMENT,75d368edb0ad750c5bc7596a46abdf3fabdfd8d1471175a99677c2075fcaeeea,1.0.0,2026-09-13T06:28:48Z,1.0.0,1.0.0,1.0.0,2026-09-13T06:28:48Z,READY,30,19,7,0.633333,0.233333,1400,3100,0.451613,163.333333,416a2c883115f79ca748415171c8bd3a0ffbd6d264c3bd924f438a9db2c25078,candle_path_not_fill,UNAVAILABLE,UNAVAILABLE,UNAVAILABLE,NOT_COMPUTABLE,UNAVAILABLE
weekly,THEORETICAL,base_decomposition,wins_4,-0.091549,fraction,binomial_roller_payoff,superasi_bdebase_v1.0.0,grade_config_v1,2026-09-13T12:02:58Z,913e87a7c8d04ab0af447be670cfcda2,ITI Stress Q4 CROSS 65 REACH 85 40 ITI-05__913e87a7,3766439c96a7dd20c1a357cc9d344f52bdbbe213fb68782d4349329b8cd85c22,d42a28ee37542cabb6f140ba345b132015584963589d3732b3115ed80806cad0,6a547a4c14bdf2904cb47931457dc625742ef8654207540831709bc1c93ea690,ITI Stress Q4 CROSS 65 REACH 85 40 ITI-05,NBA,NBA,2025-2026,2025-10-10,2025-10-31,"{""date_from"":""2025-10-10"",""date_to"":""2025-10-31"",""game_data"":[""pbp""],""leagues"":[""NBA""],""market_data"":[""candles""],""markets"":[""kalshi""],""seasons"":[""2025-2026""],""sports"":[""NBA""]}",TRADABLE_YES_BID,1_MINUTE_CANDLE,available_at,CROSS,"{""id"":""entry_iti_stress"",""op"":""CROSS"",""period"":""Q4"",""price_e4"":7100}",REACH,"{""id"":""win_iti_stress"",""op"":""REACH"",""outcome"":""win"",""price_e4"":8500}",REACH,"{""id"":""loss_iti_stress"",""op"":""REACH"",""outcome"":""loss"",""price_e4"":4000}",HOLD_TO_SETTLEMENT,75d368edb0ad750c5bc7596a46abdf3fabdfd8d1471175a99677c2075fcaeeea,1.0.0,2026-09-13T06:28:48Z,1.0.0,1.0.0,1.0.0,2026-09-13T06:28:48Z,READY,30,19,7,0.633333,0.233333,1400,3100,0.451613,163.333333,416a2c883115f79ca748415171c8bd3a0ffbd6d264c3bd924f438a9db2c25078,candle_path_not_fill,UNAVAILABLE,UNAVAILABLE,UNAVAILABLE,NOT_COMPUTABLE,UNAVAILABLE
weekly,THEORETICAL,base_decomposition,wins_4_probability,0.169972,fraction,binomial_roller_payoff,superasi_bdebase_v1.0.0,grade_config_v1,2026-09-13T12:02:58Z,913e87a7c8d04ab0af447be670cfcda2,ITI Stress Q4 CROSS 65 REACH 85 40 ITI-05__913e87a7,3766439c96a7dd20c1a357cc9d344f52bdbbe213fb68782d4349329b8cd85c22,d42a28ee37542cabb6f140ba345b132015584963589d3732b3115ed80806cad0,6a547a4c14bdf2904cb47931457dc625742ef8654207540831709bc1c93ea690,ITI Stress Q4 CROSS 65 REACH 85 40 ITI-05,NBA,NBA,2025-2026,2025-10-10,2025-10-31,"{""date_from"":""2025-10-10"",""date_to"":""2025-10-31"",""game_data"":[""pbp""],""leagues"":[""NBA""],""market_data"":[""candles""],""markets"":[""kalshi""],""seasons"":[""2025-2026""],""sports"":[""NBA""]}",TRADABLE_YES_BID,1_MINUTE_CANDLE,available_at,CROSS,"{""id"":""entry_iti_stress"",""op"":""CROSS"",""period"":""Q4"",""price_e4"":7100}",REACH,"{""id"":""win_iti_stress"",""op"":""REACH"",""outcome"":""win"",""price_e4"":8500}",REACH,"{""id"":""loss_iti_stress"",""op"":""REACH"",""outcome"":""loss"",""price_e4"":4000}",HOLD_TO_SETTLEMENT,75d368edb0ad750c5bc7596a46abdf3fabdfd8d1471175a99677c2075fcaeeea,1.0.0,2026-09-13T06:28:48Z,1.0.0,1.0.0,1.0.0,2026-09-13T06:28:48Z,READY,30,19,7,0.633333,0.233333,1400,3100,0.451613,163.333333,416a2c883115f79ca748415171c8bd3a0ffbd6d264c3bd924f438a9db2c25078,candle_path_not_fill,UNAVAILABLE,UNAVAILABLE,UNAVAILABLE,NOT_COMPUTABLE,UNAVAILABLE
weekly,THEORETICAL,base_decomposition,wins_5,-0.059859,fraction,binomial_roller_payoff,superasi_bdebase_v1.0.0,grade_config_v1,2026-09-13T12:02:58Z,913e87a7c8d04ab0af447be670cfcda2,ITI Stress Q4 CROSS 65 REACH 85 40 ITI-05__913e87a7,3766439c96a7dd20c1a357cc9d344f52bdbbe213fb68782d4349329b8cd85c22,d42a28ee37542cabb6f140ba345b132015584963589d3732b3115ed80806cad0,6a547a4c14bdf2904cb47931457dc625742ef8654207540831709bc1c93ea690,ITI Stress Q4 CROSS 65 REACH 85 40 ITI-05,NBA,NBA,2025-2026,2025-10-10,2025-10-31,"{""date_from"":""2025-10-10"",""date_to"":""2025-10-31"",""game_data"":[""pbp""],""leagues"":[""NBA""],""market_data"":[""candles""],""markets"":[""kalshi""],""seasons"":[""2025-2026""],""sports"":[""NBA""]}",TRADABLE_YES_BID,1_MINUTE_CANDLE,available_at,CROSS,"{""id"":""entry_iti_stress"",""op"":""CROSS"",""period"":""Q4"",""price_e4"":7100}",REACH,"{""id"":""win_iti_stress"",""op"":""REACH"",""outcome"":""win"",""price_e4"":8500}",REACH,"{""id"":""loss_iti_stress"",""op"":""REACH"",""outcome"":""loss"",""price_e4"":4000}",HOLD_TO_SETTLEMENT,75d368edb0ad750c5bc7596a46abdf3fabdfd8d1471175a99677c2075fcaeeea,1.0.0,2026-09-13T06:28:48Z,1.0.0,1.0.0,1.0.0,2026-09-13T06:28:48Z,READY,30,19,7,0.633333,0.233333,1400,3100,0.451613,163.333333,416a2c883115f79ca748415171c8bd3a0ffbd6d264c3bd924f438a9db2c25078,candle_path_not_fill,UNAVAILABLE,UNAVAILABLE,UNAVAILABLE,NOT_COMPUTABLE,UNAVAILABLE
weekly,THEORETICAL,base_decomposition,wins_5_probability,0.238636,fraction,binomial_roller_payoff,superasi_bdebase_v1.0.0,grade_config_v1,2026-09-13T12:02:58Z,913e87a7c8d04ab0af447be670cfcda2,ITI Stress Q4 CROSS 65 REACH 85 40 ITI-05__913e87a7,3766439c96a7dd20c1a357cc9d344f52bdbbe213fb68782d4349329b8cd85c22,d42a28ee37542cabb6f140ba345b132015584963589d3732b3115ed80806cad0,6a547a4c14bdf2904cb47931457dc625742ef8654207540831709bc1c93ea690,ITI Stress Q4 CROSS 65 REACH 85 40 ITI-05,NBA,NBA,2025-2026,2025-10-10,2025-10-31,"{""date_from"":""2025-10-10"",""date_to"":""2025-10-31"",""game_data"":[""pbp""],""leagues"":[""NBA""],""market_data"":[""candles""],""markets"":[""kalshi""],""seasons"":[""2025-2026""],""sports"":[""NBA""]}",TRADABLE_YES_BID,1_MINUTE_CANDLE,available_at,CROSS,"{""id"":""entry_iti_stress"",""op"":""CROSS"",""period"":""Q4"",""price_e4"":7100}",REACH,"{""id"":""win_iti_stress"",""op"":""REACH"",""outcome"":""win"",""price_e4"":8500}",REACH,"{""id"":""loss_iti_stress"",""op"":""REACH"",""outcome"":""loss"",""price_e4"":4000}",HOLD_TO_SETTLEMENT,75d368edb0ad750c5bc7596a46abdf3fabdfd8d1471175a99677c2075fcaeeea,1.0.0,2026-09-13T06:28:48Z,1.0.0,1.0.0,1.0.0,2026-09-13T06:28:48Z,READY,30,19,7,0.633333,0.233333,1400,3100,0.451613,163.333333,416a2c883115f79ca748415171c8bd3a0ffbd6d264c3bd924f438a9db2c25078,candle_path_not_fill,UNAVAILABLE,UNAVAILABLE,UNAVAILABLE,NOT_COMPUTABLE,UNAVAILABLE
weekly,THEORETICAL,base_decomposition,wins_6,-0.028169,fraction,binomial_roller_payoff,superasi_bdebase_v1.0.0,grade_config_v1,2026-09-13T12:02:58Z,913e87a7c8d04ab0af447be670cfcda2,ITI Stress Q4 CROSS 65 REACH 85 40 ITI-05__913e87a7,3766439c96a7dd20c1a357cc9d344f52bdbbe213fb68782d4349329b8cd85c22,d42a28ee37542cabb6f140ba345b132015584963589d3732b3115ed80806cad0,6a547a4c14bdf2904cb47931457dc625742ef8654207540831709bc1c93ea690,ITI Stress Q4 CROSS 65 REACH 85 40 ITI-05,NBA,NBA,2025-2026,2025-10-10,2025-10-31,"{""date_from"":""2025-10-10"",""date_to"":""2025-10-31"",""game_data"":[""pbp""],""leagues"":[""NBA""],""market_data"":[""candles""],""markets"":[""kalshi""],""seasons"":[""2025-2026""],""sports"":[""NBA""]}",TRADABLE_YES_BID,1_MINUTE_CANDLE,available_at,CROSS,"{""id"":""entry_iti_stress"",""op"":""CROSS"",""period"":""Q4"",""price_e4"":7100}",REACH,"{""id"":""win_iti_stress"",""op"":""REACH"",""outcome"":""win"",""price_e4"":8500}",REACH,"{""id"":""loss_iti_stress"",""op"":""REACH"",""outcome"":""loss"",""price_e4"":4000}",HOLD_TO_SETTLEMENT,75d368edb0ad750c5bc7596a46abdf3fabdfd8d1471175a99677c2075fcaeeea,1.0.0,2026-09-13T06:28:48Z,1.0.0,1.0.0,1.0.0,2026-09-13T06:28:48Z,READY,30,19,7,0.633333,0.233333,1400,3100,0.451613,163.333333,416a2c883115f79ca748415171c8bd3a0ffbd6d264c3bd924f438a9db2c25078,candle_path_not_fill,UNAVAILABLE,UNAVAILABLE,UNAVAILABLE,NOT_COMPUTABLE,UNAVAILABLE
weekly,THEORETICAL,base_decomposition,wins_6_probability,0.232666,fraction,binomial_roller_payoff,superasi_bdebase_v1.0.0,grade_config_v1,2026-09-13T12:02:58Z,913e87a7c8d04ab0af447be670cfcda2,ITI Stress Q4 CROSS 65 REACH 85 40 ITI-05__913e87a7,3766439c96a7dd20c1a357cc9d344f52bdbbe213fb68782d4349329b8cd85c22,d42a28ee37542cabb6f140ba345b132015584963589d3732b3115ed80806cad0,6a547a4c14bdf2904cb47931457dc625742ef8654207540831709bc1c93ea690,ITI Stress Q4 CROSS 65 REACH 85 40 ITI-05,NBA,NBA,2025-2026,2025-10-10,2025-10-31,"{""date_from"":""2025-10-10"",""date_to"":""2025-10-31"",""game_data"":[""pbp""],""leagues"":[""NBA""],""market_data"":[""candles""],""markets"":[""kalshi""],""seasons"":[""2025-2026""],""sports"":[""NBA""]}",TRADABLE_YES_BID,1_MINUTE_CANDLE,available_at,CROSS,"{""id"":""entry_iti_stress"",""op"":""CROSS"",""period"":""Q4"",""price_e4"":7100}",REACH,"{""id"":""win_iti_stress"",""op"":""REACH"",""outcome"":""win"",""price_e4"":8500}",REACH,"{""id"":""loss_iti_stress"",""op"":""REACH"",""outcome"":""loss"",""price_e4"":4000}",HOLD_TO_SETTLEMENT,75d368edb0ad750c5bc7596a46abdf3fabdfd8d1471175a99677c2075fcaeeea,1.0.0,2026-09-13T06:28:48Z,1.0.0,1.0.0,1.0.0,2026-09-13T06:28:48Z,READY,30,19,7,0.633333,0.233333,1400,3100,0.451613,163.333333,416a2c883115f79ca748415171c8bd3a0ffbd6d264c3bd924f438a9db2c25078,candle_path_not_fill,UNAVAILABLE,UNAVAILABLE,UNAVAILABLE,NOT_COMPUTABLE,UNAVAILABLE
weekly,THEORETICAL,base_decomposition,wins_7,0.003521,fraction,binomial_roller_payoff,superasi_bdebase_v1.0.0,grade_config_v1,2026-09-13T12:02:58Z,913e87a7c8d04ab0af447be670cfcda2,ITI Stress Q4 CROSS 65 REACH 85 40 ITI-05__913e87a7,3766439c96a7dd20c1a357cc9d344f52bdbbe213fb68782d4349329b8cd85c22,d42a28ee37542cabb6f140ba345b132015584963589d3732b3115ed80806cad0,6a547a4c14bdf2904cb47931457dc625742ef8654207540831709bc1c93ea690,ITI Stress Q4 CROSS 65 REACH 85 40 ITI-05,NBA,NBA,2025-2026,2025-10-10,2025-10-31,"{""date_from"":""2025-10-10"",""date_to"":""2025-10-31"",""game_data"":[""pbp""],""leagues"":[""NBA""],""market_data"":[""candles""],""markets"":[""kalshi""],""seasons"":[""2025-2026""],""sports"":[""NBA""]}",TRADABLE_YES_BID,1_MINUTE_CANDLE,available_at,CROSS,"{""id"":""entry_iti_stress"",""op"":""CROSS"",""period"":""Q4"",""price_e4"":7100}",REACH,"{""id"":""win_iti_stress"",""op"":""REACH"",""outcome"":""win"",""price_e4"":8500}",REACH,"{""id"":""loss_iti_stress"",""op"":""REACH"",""outcome"":""loss"",""price_e4"":4000}",HOLD_TO_SETTLEMENT,75d368edb0ad750c5bc7596a46abdf3fabdfd8d1471175a99677c2075fcaeeea,1.0.0,2026-09-13T06:28:48Z,1.0.0,1.0.0,1.0.0,2026-09-13T06:28:48Z,READY,30,19,7,0.633333,0.233333,1400,3100,0.451613,163.333333,416a2c883115f79ca748415171c8bd3a0ffbd6d264c3bd924f438a9db2c25078,candle_path_not_fill,UNAVAILABLE,UNAVAILABLE,UNAVAILABLE,NOT_COMPUTABLE,UNAVAILABLE
weekly,THEORETICAL,base_decomposition,wins_7_probability,0.155551,fraction,binomial_roller_payoff,superasi_bdebase_v1.0.0,grade_config_v1,2026-09-13T12:02:58Z,913e87a7c8d04ab0af447be670cfcda2,ITI Stress Q4 CROSS 65 REACH 85 40 ITI-05__913e87a7,3766439c96a7dd20c1a357cc9d344f52bdbbe213fb68782d4349329b8cd85c22,d42a28ee37542cabb6f140ba345b132015584963589d3732b3115ed80806cad0,6a547a4c14bdf2904cb47931457dc625742ef8654207540831709bc1c93ea690,ITI Stress Q4 CROSS 65 REACH 85 40 ITI-05,NBA,NBA,2025-2026,2025-10-10,2025-10-31,"{""date_from"":""2025-10-10"",""date_to"":""2025-10-31"",""game_data"":[""pbp""],""leagues"":[""NBA""],""market_data"":[""candles""],""markets"":[""kalshi""],""seasons"":[""2025-2026""],""sports"":[""NBA""]}",TRADABLE_YES_BID,1_MINUTE_CANDLE,available_at,CROSS,"{""id"":""entry_iti_stress"",""op"":""CROSS"",""period"":""Q4"",""price_e4"":7100}",REACH,"{""id"":""win_iti_stress"",""op"":""REACH"",""outcome"":""win"",""price_e4"":8500}",REACH,"{""id"":""loss_iti_stress"",""op"":""REACH"",""outcome"":""loss"",""price_e4"":4000}",HOLD_TO_SETTLEMENT,75d368edb0ad750c5bc7596a46abdf3fabdfd8d1471175a99677c2075fcaeeea,1.0.0,2026-09-13T06:28:48Z,1.0.0,1.0.0,1.0.0,2026-09-13T06:28:48Z,READY,30,19,7,0.633333,0.233333,1400,3100,0.451613,163.333333,416a2c883115f79ca748415171c8bd3a0ffbd6d264c3bd924f438a9db2c25078,candle_path_not_fill,UNAVAILABLE,UNAVAILABLE,UNAVAILABLE,NOT_COMPUTABLE,UNAVAILABLE
weekly,THEORETICAL,base_decomposition,wins_8,0.035211,fraction,binomial_roller_payoff,superasi_bdebase_v1.0.0,grade_config_v1,2026-09-13T12:02:58Z,913e87a7c8d04ab0af447be670cfcda2,ITI Stress Q4 CROSS 65 REACH 85 40 ITI-05__913e87a7,3766439c96a7dd20c1a357cc9d344f52bdbbe213fb68782d4349329b8cd85c22,d42a28ee37542cabb6f140ba345b132015584963589d3732b3115ed80806cad0,6a547a4c14bdf2904cb47931457dc625742ef8654207540831709bc1c93ea690,ITI Stress Q4 CROSS 65 REACH 85 40 ITI-05,NBA,NBA,2025-2026,2025-10-10,2025-10-31,"{""date_from"":""2025-10-10"",""date_to"":""2025-10-31"",""game_data"":[""pbp""],""leagues"":[""NBA""],""market_data"":[""candles""],""markets"":[""kalshi""],""seasons"":[""2025-2026""],""sports"":[""NBA""]}",TRADABLE_YES_BID,1_MINUTE_CANDLE,available_at,CROSS,"{""id"":""entry_iti_stress"",""op"":""CROSS"",""period"":""Q4"",""price_e4"":7100}",REACH,"{""id"":""win_iti_stress"",""op"":""REACH"",""outcome"":""win"",""price_e4"":8500}",REACH,"{""id"":""loss_iti_stress"",""op"":""REACH"",""outcome"":""loss"",""price_e4"":4000}",HOLD_TO_SETTLEMENT,75d368edb0ad750c5bc7596a46abdf3fabdfd8d1471175a99677c2075fcaeeea,1.0.0,2026-09-13T06:28:48Z,1.0.0,1.0.0,1.0.0,2026-09-13T06:28:48Z,READY,30,19,7,0.633333,0.233333,1400,3100,0.451613,163.333333,416a2c883115f79ca748415171c8bd3a0ffbd6d264c3bd924f438a9db2c25078,candle_path_not_fill,UNAVAILABLE,UNAVAILABLE,UNAVAILABLE,NOT_COMPUTABLE,UNAVAILABLE
weekly,THEORETICAL,base_decomposition,wins_8_probability,0.068247,fraction,binomial_roller_payoff,superasi_bdebase_v1.0.0,grade_config_v1,2026-09-13T12:02:58Z,913e87a7c8d04ab0af447be670cfcda2,ITI Stress Q4 CROSS 65 REACH 85 40 ITI-05__913e87a7,3766439c96a7dd20c1a357cc9d344f52bdbbe213fb68782d4349329b8cd85c22,d42a28ee37542cabb6f140ba345b132015584963589d3732b3115ed80806cad0,6a547a4c14bdf2904cb47931457dc625742ef8654207540831709bc1c93ea690,ITI Stress Q4 CROSS 65 REACH 85 40 ITI-05,NBA,NBA,2025-2026,2025-10-10,2025-10-31,"{""date_from"":""2025-10-10"",""date_to"":""2025-10-31"",""game_data"":[""pbp""],""leagues"":[""NBA""],""market_data"":[""candles""],""markets"":[""kalshi""],""seasons"":[""2025-2026""],""sports"":[""NBA""]}",TRADABLE_YES_BID,1_MINUTE_CANDLE,available_at,CROSS,"{""id"":""entry_iti_stress"",""op"":""CROSS"",""period"":""Q4"",""price_e4"":7100}",REACH,"{""id"":""win_iti_stress"",""op"":""REACH"",""outcome"":""win"",""price_e4"":8500}",REACH,"{""id"":""loss_iti_stress"",""op"":""REACH"",""outcome"":""loss"",""price_e4"":4000}",HOLD_TO_SETTLEMENT,75d368edb0ad750c5bc7596a46abdf3fabdfd8d1471175a99677c2075fcaeeea,1.0.0,2026-09-13T06:28:48Z,1.0.0,1.0.0,1.0.0,2026-09-13T06:28:48Z,READY,30,19,7,0.633333,0.233333,1400,3100,0.451613,163.333333,416a2c883115f79ca748415171c8bd3a0ffbd6d264c3bd924f438a9db2c25078,candle_path_not_fill,UNAVAILABLE,UNAVAILABLE,UNAVAILABLE,NOT_COMPUTABLE,UNAVAILABLE
weekly,THEORETICAL,base_decomposition,wins_9,0.066901,fraction,binomial_roller_payoff,superasi_bdebase_v1.0.0,grade_config_v1,2026-09-13T12:02:58Z,913e87a7c8d04ab0af447be670cfcda2,ITI Stress Q4 CROSS 65 REACH 85 40 ITI-05__913e87a7,3766439c96a7dd20c1a357cc9d344f52bdbbe213fb68782d4349329b8cd85c22,d42a28ee37542cabb6f140ba345b132015584963589d3732b3115ed80806cad0,6a547a4c14bdf2904cb47931457dc625742ef8654207540831709bc1c93ea690,ITI Stress Q4 CROSS 65 REACH 85 40 ITI-05,NBA,NBA,2025-2026,2025-10-10,2025-10-31,"{""date_from"":""2025-10-10"",""date_to"":""2025-10-31"",""game_data"":[""pbp""],""leagues"":[""NBA""],""market_data"":[""candles""],""markets"":[""kalshi""],""seasons"":[""2025-2026""],""sports"":[""NBA""]}",TRADABLE_YES_BID,1_MINUTE_CANDLE,available_at,CROSS,"{""id"":""entry_iti_stress"",""op"":""CROSS"",""period"":""Q4"",""price_e4"":7100}",REACH,"{""id"":""win_iti_stress"",""op"":""REACH"",""outcome"":""win"",""price_e4"":8500}",REACH,"{""id"":""loss_iti_stress"",""op"":""REACH"",""outcome"":""loss"",""price_e4"":4000}",HOLD_TO_SETTLEMENT,75d368edb0ad750c5bc7596a46abdf3fabdfd8d1471175a99677c2075fcaeeea,1.0.0,2026-09-13T06:28:48Z,1.0.0,1.0.0,1.0.0,2026-09-13T06:28:48Z,READY,30,19,7,0.633333,0.233333,1400,3100,0.451613,163.333333,416a2c883115f79ca748415171c8bd3a0ffbd6d264c3bd924f438a9db2c25078,candle_path_not_fill,UNAVAILABLE,UNAVAILABLE,UNAVAILABLE,NOT_COMPUTABLE,UNAVAILABLE
weekly,THEORETICAL,base_decomposition,wins_9_probability,0.017744,fraction,binomial_roller_payoff,superasi_bdebase_v1.0.0,grade_config_v1,2026-09-13T12:02:58Z,913e87a7c8d04ab0af447be670cfcda2,ITI Stress Q4 CROSS 65 REACH 85 40 ITI-05__913e87a7,3766439c96a7dd20c1a357cc9d344f52bdbbe213fb68782d4349329b8cd85c22,d42a28ee37542cabb6f140ba345b132015584963589d3732b3115ed80806cad0,6a547a4c14bdf2904cb47931457dc625742ef8654207540831709bc1c93ea690,ITI Stress Q4 CROSS 65 REACH 85 40 ITI-05,NBA,NBA,2025-2026,2025-10-10,2025-10-31,"{""date_from"":""2025-10-10"",""date_to"":""2025-10-31"",""game_data"":[""pbp""],""leagues"":[""NBA""],""market_data"":[""candles""],""markets"":[""kalshi""],""seasons"":[""2025-2026""],""sports"":[""NBA""]}",TRADABLE_YES_BID,1_MINUTE_CANDLE,available_at,CROSS,"{""id"":""entry_iti_stress"",""op"":""CROSS"",""period"":""Q4"",""price_e4"":7100}",REACH,"{""id"":""win_iti_stress"",""op"":""REACH"",""outcome"":""win"",""price_e4"":8500}",REACH,"{""id"":""loss_iti_stress"",""op"":""REACH"",""outcome"":""loss"",""price_e4"":4000}",HOLD_TO_SETTLEMENT,75d368edb0ad750c5bc7596a46abdf3fabdfd8d1471175a99677c2075fcaeeea,1.0.0,2026-09-13T06:28:48Z,1.0.0,1.0.0,1.0.0,2026-09-13T06:28:48Z,READY,30,19,7,0.633333,0.233333,1400,3100,0.451613,163.333333,416a2c883115f79ca748415171c8bd3a0ffbd6d264c3bd924f438a9db2c25078,candle_path_not_fill,UNAVAILABLE,UNAVAILABLE,UNAVAILABLE,NOT_COMPUTABLE,UNAVAILABLE
weekly,THEORETICAL,base_decomposition,wins_10,0.098592,fraction,binomial_roller_payoff,superasi_bdebase_v1.0.0,grade_config_v1,2026-09-13T12:02:58Z,913e87a7c8d04ab0af447be670cfcda2,ITI Stress Q4 CROSS 65 REACH 85 40 ITI-05__913e87a7,3766439c96a7dd20c1a357cc9d344f52bdbbe213fb68782d4349329b8cd85c22,d42a28ee37542cabb6f140ba345b132015584963589d3732b3115ed80806cad0,6a547a4c14bdf2904cb47931457dc625742ef8654207540831709bc1c93ea690,ITI Stress Q4 CROSS 65 REACH 85 40 ITI-05,NBA,NBA,2025-2026,2025-10-10,2025-10-31,"{""date_from"":""2025-10-10"",""date_to"":""2025-10-31"",""game_data"":[""pbp""],""leagues"":[""NBA""],""market_data"":[""candles""],""markets"":[""kalshi""],""seasons"":[""2025-2026""],""sports"":[""NBA""]}",TRADABLE_YES_BID,1_MINUTE_CANDLE,available_at,CROSS,"{""id"":""entry_iti_stress"",""op"":""CROSS"",""period"":""Q4"",""price_e4"":7100}",REACH,"{""id"":""win_iti_stress"",""op"":""REACH"",""outcome"":""win"",""price_e4"":8500}",REACH,"{""id"":""loss_iti_stress"",""op"":""REACH"",""outcome"":""loss"",""price_e4"":4000}",HOLD_TO_SETTLEMENT,75d368edb0ad750c5bc7596a46abdf3fabdfd8d1471175a99677c2075fcaeeea,1.0.0,2026-09-13T06:28:48Z,1.0.0,1.0.0,1.0.0,2026-09-13T06:28:48Z,READY,30,19,7,0.633333,0.233333,1400,3100,0.451613,163.333333,416a2c883115f79ca748415171c8bd3a0ffbd6d264c3bd924f438a9db2c25078,candle_path_not_fill,UNAVAILABLE,UNAVAILABLE,UNAVAILABLE,NOT_COMPUTABLE,UNAVAILABLE
weekly,THEORETICAL,base_decomposition,wins_10_probability,0.002076,fraction,binomial_roller_payoff,superasi_bdebase_v1.0.0,grade_config_v1,2026-09-13T12:02:58Z,913e87a7c8d04ab0af447be670cfcda2,ITI Stress Q4 CROSS 65 REACH 85 40 ITI-05__913e87a7,3766439c96a7dd20c1a357cc9d344f52bdbbe213fb68782d4349329b8cd85c22,d42a28ee37542cabb6f140ba345b132015584963589d3732b3115ed80806cad0,6a547a4c14bdf2904cb47931457dc625742ef8654207540831709bc1c93ea690,ITI Stress Q4 CROSS 65 REACH 85 40 ITI-05,NBA,NBA,2025-2026,2025-10-10,2025-10-31,"{""date_from"":""2025-10-10"",""date_to"":""2025-10-31"",""game_data"":[""pbp""],""leagues"":[""NBA""],""market_data"":[""candles""],""markets"":[""kalshi""],""seasons"":[""2025-2026""],""sports"":[""NBA""]}",TRADABLE_YES_BID,1_MINUTE_CANDLE,available_at,CROSS,"{""id"":""entry_iti_stress"",""op"":""CROSS"",""period"":""Q4"",""price_e4"":7100}",REACH,"{""id"":""win_iti_stress"",""op"":""REACH"",""outcome"":""win"",""price_e4"":8500}",REACH,"{""id"":""loss_iti_stress"",""op"":""REACH"",""outcome"":""loss"",""price_e4"":4000}",HOLD_TO_SETTLEMENT,75d368edb0ad750c5bc7596a46abdf3fabdfd8d1471175a99677c2075fcaeeea,1.0.0,2026-09-13T06:28:48Z,1.0.0,1.0.0,1.0.0,2026-09-13T06:28:48Z,READY,30,19,7,0.633333,0.233333,1400,3100,0.451613,163.333333,416a2c883115f79ca748415171c8bd3a0ffbd6d264c3bd924f438a9db2c25078,candle_path_not_fill,UNAVAILABLE,UNAVAILABLE,UNAVAILABLE,NOT_COMPUTABLE,UNAVAILABLE
weekly_observed,OBSERVED,base_decomposition,status,OBSERVED,,iso_week,superasi_bdebase_v1.0.0,grade_config_v1,2026-09-13T12:02:58Z,913e87a7c8d04ab0af447be670cfcda2,ITI Stress Q4 CROSS 65 REACH 85 40 ITI-05__913e87a7,3766439c96a7dd20c1a357cc9d344f52bdbbe213fb68782d4349329b8cd85c22,d42a28ee37542cabb6f140ba345b132015584963589d3732b3115ed80806cad0,6a547a4c14bdf2904cb47931457dc625742ef8654207540831709bc1c93ea690,ITI Stress Q4 CROSS 65 REACH 85 40 ITI-05,NBA,NBA,2025-2026,2025-10-10,2025-10-31,"{""date_from"":""2025-10-10"",""date_to"":""2025-10-31"",""game_data"":[""pbp""],""leagues"":[""NBA""],""market_data"":[""candles""],""markets"":[""kalshi""],""seasons"":[""2025-2026""],""sports"":[""NBA""]}",TRADABLE_YES_BID,1_MINUTE_CANDLE,available_at,CROSS,"{""id"":""entry_iti_stress"",""op"":""CROSS"",""period"":""Q4"",""price_e4"":7100}",REACH,"{""id"":""win_iti_stress"",""op"":""REACH"",""outcome"":""win"",""price_e4"":8500}",REACH,"{""id"":""loss_iti_stress"",""op"":""REACH"",""outcome"":""loss"",""price_e4"":4000}",HOLD_TO_SETTLEMENT,75d368edb0ad750c5bc7596a46abdf3fabdfd8d1471175a99677c2075fcaeeea,1.0.0,2026-09-13T06:28:48Z,1.0.0,1.0.0,1.0.0,2026-09-13T06:28:48Z,READY,30,19,7,0.633333,0.233333,1400,3100,0.451613,163.333333,416a2c883115f79ca748415171c8bd3a0ffbd6d264c3bd924f438a9db2c25078,candle_path_not_fill,UNAVAILABLE,UNAVAILABLE,UNAVAILABLE,NOT_COMPUTABLE,UNAVAILABLE
weekly_observed,OBSERVED,base_decomposition,observed_weekly_return_mean,0.008627,fraction,iso_week,superasi_bdebase_v1.0.0,grade_config_v1,2026-09-13T12:02:58Z,913e87a7c8d04ab0af447be670cfcda2,ITI Stress Q4 CROSS 65 REACH 85 40 ITI-05__913e87a7,3766439c96a7dd20c1a357cc9d344f52bdbbe213fb68782d4349329b8cd85c22,d42a28ee37542cabb6f140ba345b132015584963589d3732b3115ed80806cad0,6a547a4c14bdf2904cb47931457dc625742ef8654207540831709bc1c93ea690,ITI Stress Q4 CROSS 65 REACH 85 40 ITI-05,NBA,NBA,2025-2026,2025-10-10,2025-10-31,"{""date_from"":""2025-10-10"",""date_to"":""2025-10-31"",""game_data"":[""pbp""],""leagues"":[""NBA""],""market_data"":[""candles""],""markets"":[""kalshi""],""seasons"":[""2025-2026""],""sports"":[""NBA""]}",TRADABLE_YES_BID,1_MINUTE_CANDLE,available_at,CROSS,"{""id"":""entry_iti_stress"",""op"":""CROSS"",""period"":""Q4"",""price_e4"":7100}",REACH,"{""id"":""win_iti_stress"",""op"":""REACH"",""outcome"":""win"",""price_e4"":8500}",REACH,"{""id"":""loss_iti_stress"",""op"":""REACH"",""outcome"":""loss"",""price_e4"":4000}",HOLD_TO_SETTLEMENT,75d368edb0ad750c5bc7596a46abdf3fabdfd8d1471175a99677c2075fcaeeea,1.0.0,2026-09-13T06:28:48Z,1.0.0,1.0.0,1.0.0,2026-09-13T06:28:48Z,READY,30,19,7,0.633333,0.233333,1400,3100,0.451613,163.333333,416a2c883115f79ca748415171c8bd3a0ffbd6d264c3bd924f438a9db2c25078,candle_path_not_fill,UNAVAILABLE,UNAVAILABLE,UNAVAILABLE,NOT_COMPUTABLE,UNAVAILABLE
weekly_observed,OBSERVED,base_decomposition,2025-W41,-0.011972,fraction,iso_week,superasi_bdebase_v1.0.0,grade_config_v1,2026-09-13T12:02:58Z,913e87a7c8d04ab0af447be670cfcda2,ITI Stress Q4 CROSS 65 REACH 85 40 ITI-05__913e87a7,3766439c96a7dd20c1a357cc9d344f52bdbbe213fb68782d4349329b8cd85c22,d42a28ee37542cabb6f140ba345b132015584963589d3732b3115ed80806cad0,6a547a4c14bdf2904cb47931457dc625742ef8654207540831709bc1c93ea690,ITI Stress Q4 CROSS 65 REACH 85 40 ITI-05,NBA,NBA,2025-2026,2025-10-10,2025-10-31,"{""date_from"":""2025-10-10"",""date_to"":""2025-10-31"",""game_data"":[""pbp""],""leagues"":[""NBA""],""market_data"":[""candles""],""markets"":[""kalshi""],""seasons"":[""2025-2026""],""sports"":[""NBA""]}",TRADABLE_YES_BID,1_MINUTE_CANDLE,available_at,CROSS,"{""id"":""entry_iti_stress"",""op"":""CROSS"",""period"":""Q4"",""price_e4"":7100}",REACH,"{""id"":""win_iti_stress"",""op"":""REACH"",""outcome"":""win"",""price_e4"":8500}",REACH,"{""id"":""loss_iti_stress"",""op"":""REACH"",""outcome"":""loss"",""price_e4"":4000}",HOLD_TO_SETTLEMENT,75d368edb0ad750c5bc7596a46abdf3fabdfd8d1471175a99677c2075fcaeeea,1.0.0,2026-09-13T06:28:48Z,1.0.0,1.0.0,1.0.0,2026-09-13T06:28:48Z,READY,30,19,7,0.633333,0.233333,1400,3100,0.451613,163.333333,416a2c883115f79ca748415171c8bd3a0ffbd6d264c3bd924f438a9db2c25078,candle_path_not_fill,UNAVAILABLE,UNAVAILABLE,UNAVAILABLE,NOT_COMPUTABLE,UNAVAILABLE
weekly_observed,OBSERVED,base_decomposition,2025-W42,0.059155,fraction,iso_week,superasi_bdebase_v1.0.0,grade_config_v1,2026-09-13T12:02:58Z,913e87a7c8d04ab0af447be670cfcda2,ITI Stress Q4 CROSS 65 REACH 85 40 ITI-05__913e87a7,3766439c96a7dd20c1a357cc9d344f52bdbbe213fb68782d4349329b8cd85c22,d42a28ee37542cabb6f140ba345b132015584963589d3732b3115ed80806cad0,6a547a4c14bdf2904cb47931457dc625742ef8654207540831709bc1c93ea690,ITI Stress Q4 CROSS 65 REACH 85 40 ITI-05,NBA,NBA,2025-2026,2025-10-10,2025-10-31,"{""date_from"":""2025-10-10"",""date_to"":""2025-10-31"",""game_data"":[""pbp""],""leagues"":[""NBA""],""market_data"":[""candles""],""markets"":[""kalshi""],""seasons"":[""2025-2026""],""sports"":[""NBA""]}",TRADABLE_YES_BID,1_MINUTE_CANDLE,available_at,CROSS,"{""id"":""entry_iti_stress"",""op"":""CROSS"",""period"":""Q4"",""price_e4"":7100}",REACH,"{""id"":""win_iti_stress"",""op"":""REACH"",""outcome"":""win"",""price_e4"":8500}",REACH,"{""id"":""loss_iti_stress"",""op"":""REACH"",""outcome"":""loss"",""price_e4"":4000}",HOLD_TO_SETTLEMENT,75d368edb0ad750c5bc7596a46abdf3fabdfd8d1471175a99677c2075fcaeeea,1.0.0,2026-09-13T06:28:48Z,1.0.0,1.0.0,1.0.0,2026-09-13T06:28:48Z,READY,30,19,7,0.633333,0.233333,1400,3100,0.451613,163.333333,416a2c883115f79ca748415171c8bd3a0ffbd6d264c3bd924f438a9db2c25078,candle_path_not_fill,UNAVAILABLE,UNAVAILABLE,UNAVAILABLE,NOT_COMPUTABLE,UNAVAILABLE
weekly_observed,OBSERVED,base_decomposition,2025-W43,-0.050000,fraction,iso_week,superasi_bdebase_v1.0.0,grade_config_v1,2026-09-13T12:02:58Z,913e87a7c8d04ab0af447be670cfcda2,ITI Stress Q4 CROSS 65 REACH 85 40 ITI-05__913e87a7,3766439c96a7dd20c1a357cc9d344f52bdbbe213fb68782d4349329b8cd85c22,d42a28ee37542cabb6f140ba345b132015584963589d3732b3115ed80806cad0,6a547a4c14bdf2904cb47931457dc625742ef8654207540831709bc1c93ea690,ITI Stress Q4 CROSS 65 REACH 85 40 ITI-05,NBA,NBA,2025-2026,2025-10-10,2025-10-31,"{""date_from"":""2025-10-10"",""date_to"":""2025-10-31"",""game_data"":[""pbp""],""leagues"":[""NBA""],""market_data"":[""candles""],""markets"":[""kalshi""],""seasons"":[""2025-2026""],""sports"":[""NBA""]}",TRADABLE_YES_BID,1_MINUTE_CANDLE,available_at,CROSS,"{""id"":""entry_iti_stress"",""op"":""CROSS"",""period"":""Q4"",""price_e4"":7100}",REACH,"{""id"":""win_iti_stress"",""op"":""REACH"",""outcome"":""win"",""price_e4"":8500}",REACH,"{""id"":""loss_iti_stress"",""op"":""REACH"",""outcome"":""loss"",""price_e4"":4000}",HOLD_TO_SETTLEMENT,75d368edb0ad750c5bc7596a46abdf3fabdfd8d1471175a99677c2075fcaeeea,1.0.0,2026-09-13T06:28:48Z,1.0.0,1.0.0,1.0.0,2026-09-13T06:28:48Z,READY,30,19,7,0.633333,0.233333,1400,3100,0.451613,163.333333,416a2c883115f79ca748415171c8bd3a0ffbd6d264c3bd924f438a9db2c25078,candle_path_not_fill,UNAVAILABLE,UNAVAILABLE,UNAVAILABLE,NOT_COMPUTABLE,UNAVAILABLE
weekly_observed,OBSERVED,base_decomposition,2025-W44,0.037324,fraction,iso_week,superasi_bdebase_v1.0.0,grade_config_v1,2026-09-13T12:02:58Z,913e87a7c8d04ab0af447be670cfcda2,ITI Stress Q4 CROSS 65 REACH 85 40 ITI-05__913e87a7,3766439c96a7dd20c1a357cc9d344f52bdbbe213fb68782d4349329b8cd85c22,d42a28ee37542cabb6f140ba345b132015584963589d3732b3115ed80806cad0,6a547a4c14bdf2904cb47931457dc625742ef8654207540831709bc1c93ea690,ITI Stress Q4 CROSS 65 REACH 85 40 ITI-05,NBA,NBA,2025-2026,2025-10-10,2025-10-31,"{""date_from"":""2025-10-10"",""date_to"":""2025-10-31"",""game_data"":[""pbp""],""leagues"":[""NBA""],""market_data"":[""candles""],""markets"":[""kalshi""],""seasons"":[""2025-2026""],""sports"":[""NBA""]}",TRADABLE_YES_BID,1_MINUTE_CANDLE,available_at,CROSS,"{""id"":""entry_iti_stress"",""op"":""CROSS"",""period"":""Q4"",""price_e4"":7100}",REACH,"{""id"":""win_iti_stress"",""op"":""REACH"",""outcome"":""win"",""price_e4"":8500}",REACH,"{""id"":""loss_iti_stress"",""op"":""REACH"",""outcome"":""loss"",""price_e4"":4000}",HOLD_TO_SETTLEMENT,75d368edb0ad750c5bc7596a46abdf3fabdfd8d1471175a99677c2075fcaeeea,1.0.0,2026-09-13T06:28:48Z,1.0.0,1.0.0,1.0.0,2026-09-13T06:28:48Z,READY,30,19,7,0.633333,0.233333,1400,3100,0.451613,163.333333,416a2c883115f79ca748415171c8bd3a0ffbd6d264c3bd924f438a9db2c25078,candle_path_not_fill,UNAVAILABLE,UNAVAILABLE,UNAVAILABLE,NOT_COMPUTABLE,UNAVAILABLE
grading,OBSERVED,base_degrading,BASE_GRADE,F,letter,superasi_abase,superasi_bdebase_v1.0.0,grade_config_v1,2026-09-13T12:02:58Z,913e87a7c8d04ab0af447be670cfcda2,ITI Stress Q4 CROSS 65 REACH 85 40 ITI-05__913e87a7,3766439c96a7dd20c1a357cc9d344f52bdbbe213fb68782d4349329b8cd85c22,d42a28ee37542cabb6f140ba345b132015584963589d3732b3115ed80806cad0,6a547a4c14bdf2904cb47931457dc625742ef8654207540831709bc1c93ea690,ITI Stress Q4 CROSS 65 REACH 85 40 ITI-05,NBA,NBA,2025-2026,2025-10-10,2025-10-31,"{""date_from"":""2025-10-10"",""date_to"":""2025-10-31"",""game_data"":[""pbp""],""leagues"":[""NBA""],""market_data"":[""candles""],""markets"":[""kalshi""],""seasons"":[""2025-2026""],""sports"":[""NBA""]}",TRADABLE_YES_BID,1_MINUTE_CANDLE,available_at,CROSS,"{""id"":""entry_iti_stress"",""op"":""CROSS"",""period"":""Q4"",""price_e4"":7100}",REACH,"{""id"":""win_iti_stress"",""op"":""REACH"",""outcome"":""win"",""price_e4"":8500}",REACH,"{""id"":""loss_iti_stress"",""op"":""REACH"",""outcome"":""loss"",""price_e4"":4000}",HOLD_TO_SETTLEMENT,75d368edb0ad750c5bc7596a46abdf3fabdfd8d1471175a99677c2075fcaeeea,1.0.0,2026-09-13T06:28:48Z,1.0.0,1.0.0,1.0.0,2026-09-13T06:28:48Z,READY,30,19,7,0.633333,0.233333,1400,3100,0.451613,163.333333,416a2c883115f79ca748415171c8bd3a0ffbd6d264c3bd924f438a9db2c25078,candle_path_not_fill,UNAVAILABLE,UNAVAILABLE,UNAVAILABLE,NOT_COMPUTABLE,UNAVAILABLE
grading,OBSERVED,base_degrading,phase_a_coverage_grade,C,letter,superasi_abase,superasi_bdebase_v1.0.0,grade_config_v1,2026-09-13T12:02:58Z,913e87a7c8d04ab0af447be670cfcda2,ITI Stress Q4 CROSS 65 REACH 85 40 ITI-05__913e87a7,3766439c96a7dd20c1a357cc9d344f52bdbbe213fb68782d4349329b8cd85c22,d42a28ee37542cabb6f140ba345b132015584963589d3732b3115ed80806cad0,6a547a4c14bdf2904cb47931457dc625742ef8654207540831709bc1c93ea690,ITI Stress Q4 CROSS 65 REACH 85 40 ITI-05,NBA,NBA,2025-2026,2025-10-10,2025-10-31,"{""date_from"":""2025-10-10"",""date_to"":""2025-10-31"",""game_data"":[""pbp""],""leagues"":[""NBA""],""market_data"":[""candles""],""markets"":[""kalshi""],""seasons"":[""2025-2026""],""sports"":[""NBA""]}",TRADABLE_YES_BID,1_MINUTE_CANDLE,available_at,CROSS,"{""id"":""entry_iti_stress"",""op"":""CROSS"",""period"":""Q4"",""price_e4"":7100}",REACH,"{""id"":""win_iti_stress"",""op"":""REACH"",""outcome"":""win"",""price_e4"":8500}",REACH,"{""id"":""loss_iti_stress"",""op"":""REACH"",""outcome"":""loss"",""price_e4"":4000}",HOLD_TO_SETTLEMENT,75d368edb0ad750c5bc7596a46abdf3fabdfd8d1471175a99677c2075fcaeeea,1.0.0,2026-09-13T06:28:48Z,1.0.0,1.0.0,1.0.0,2026-09-13T06:28:48Z,READY,30,19,7,0.633333,0.233333,1400,3100,0.451613,163.333333,416a2c883115f79ca748415171c8bd3a0ffbd6d264c3bd924f438a9db2c25078,candle_path_not_fill,UNAVAILABLE,UNAVAILABLE,UNAVAILABLE,NOT_COMPUTABLE,UNAVAILABLE
grading,OBSERVED,base_degrading,phase_a_research_evidence_grade,C-,letter,superasi_abase,superasi_bdebase_v1.0.0,grade_config_v1,2026-09-13T12:02:58Z,913e87a7c8d04ab0af447be670cfcda2,ITI Stress Q4 CROSS 65 REACH 85 40 ITI-05__913e87a7,3766439c96a7dd20c1a357cc9d344f52bdbbe213fb68782d4349329b8cd85c22,d42a28ee37542cabb6f140ba345b132015584963589d3732b3115ed80806cad0,6a547a4c14bdf2904cb47931457dc625742ef8654207540831709bc1c93ea690,ITI Stress Q4 CROSS 65 REACH 85 40 ITI-05,NBA,NBA,2025-2026,2025-10-10,2025-10-31,"{""date_from"":""2025-10-10"",""date_to"":""2025-10-31"",""game_data"":[""pbp""],""leagues"":[""NBA""],""market_data"":[""candles""],""markets"":[""kalshi""],""seasons"":[""2025-2026""],""sports"":[""NBA""]}",TRADABLE_YES_BID,1_MINUTE_CANDLE,available_at,CROSS,"{""id"":""entry_iti_stress"",""op"":""CROSS"",""period"":""Q4"",""price_e4"":7100}",REACH,"{""id"":""win_iti_stress"",""op"":""REACH"",""outcome"":""win"",""price_e4"":8500}",REACH,"{""id"":""loss_iti_stress"",""op"":""REACH"",""outcome"":""loss"",""price_e4"":4000}",HOLD_TO_SETTLEMENT,75d368edb0ad750c5bc7596a46abdf3fabdfd8d1471175a99677c2075fcaeeea,1.0.0,2026-09-13T06:28:48Z,1.0.0,1.0.0,1.0.0,2026-09-13T06:28:48Z,READY,30,19,7,0.633333,0.233333,1400,3100,0.451613,163.333333,416a2c883115f79ca748415171c8bd3a0ffbd6d264c3bd924f438a9db2c25078,candle_path_not_fill,UNAVAILABLE,UNAVAILABLE,UNAVAILABLE,NOT_COMPUTABLE,UNAVAILABLE
grading,OBSERVED,base_degrading,phase_a_robustness_grade,D,letter,superasi_abase,superasi_bdebase_v1.0.0,grade_config_v1,2026-09-13T12:02:58Z,913e87a7c8d04ab0af447be670cfcda2,ITI Stress Q4 CROSS 65 REACH 85 40 ITI-05__913e87a7,3766439c96a7dd20c1a357cc9d344f52bdbbe213fb68782d4349329b8cd85c22,d42a28ee37542cabb6f140ba345b132015584963589d3732b3115ed80806cad0,6a547a4c14bdf2904cb47931457dc625742ef8654207540831709bc1c93ea690,ITI Stress Q4 CROSS 65 REACH 85 40 ITI-05,NBA,NBA,2025-2026,2025-10-10,2025-10-31,"{""date_from"":""2025-10-10"",""date_to"":""2025-10-31"",""game_data"":[""pbp""],""leagues"":[""NBA""],""market_data"":[""candles""],""markets"":[""kalshi""],""seasons"":[""2025-2026""],""sports"":[""NBA""]}",TRADABLE_YES_BID,1_MINUTE_CANDLE,available_at,CROSS,"{""id"":""entry_iti_stress"",""op"":""CROSS"",""period"":""Q4"",""price_e4"":7100}",REACH,"{""id"":""win_iti_stress"",""op"":""REACH"",""outcome"":""win"",""price_e4"":8500}",REACH,"{""id"":""loss_iti_stress"",""op"":""REACH"",""outcome"":""loss"",""price_e4"":4000}",HOLD_TO_SETTLEMENT,75d368edb0ad750c5bc7596a46abdf3fabdfd8d1471175a99677c2075fcaeeea,1.0.0,2026-09-13T06:28:48Z,1.0.0,1.0.0,1.0.0,2026-09-13T06:28:48Z,READY,30,19,7,0.633333,0.233333,1400,3100,0.451613,163.333333,416a2c883115f79ca748415171c8bd3a0ffbd6d264c3bd924f438a9db2c25078,candle_path_not_fill,UNAVAILABLE,UNAVAILABLE,UNAVAILABLE,NOT_COMPUTABLE,UNAVAILABLE
grading,OBSERVED,base_degrading,phase_a_theoretical_alignment_grade,B-,letter,superasi_abase,superasi_bdebase_v1.0.0,grade_config_v1,2026-09-13T12:02:58Z,913e87a7c8d04ab0af447be670cfcda2,ITI Stress Q4 CROSS 65 REACH 85 40 ITI-05__913e87a7,3766439c96a7dd20c1a357cc9d344f52bdbbe213fb68782d4349329b8cd85c22,d42a28ee37542cabb6f140ba345b132015584963589d3732b3115ed80806cad0,6a547a4c14bdf2904cb47931457dc625742ef8654207540831709bc1c93ea690,ITI Stress Q4 CROSS 65 REACH 85 40 ITI-05,NBA,NBA,2025-2026,2025-10-10,2025-10-31,"{""date_from"":""2025-10-10"",""date_to"":""2025-10-31"",""game_data"":[""pbp""],""leagues"":[""NBA""],""market_data"":[""candles""],""markets"":[""kalshi""],""seasons"":[""2025-2026""],""sports"":[""NBA""]}",TRADABLE_YES_BID,1_MINUTE_CANDLE,available_at,CROSS,"{""id"":""entry_iti_stress"",""op"":""CROSS"",""period"":""Q4"",""price_e4"":7100}",REACH,"{""id"":""win_iti_stress"",""op"":""REACH"",""outcome"":""win"",""price_e4"":8500}",REACH,"{""id"":""loss_iti_stress"",""op"":""REACH"",""outcome"":""loss"",""price_e4"":4000}",HOLD_TO_SETTLEMENT,75d368edb0ad750c5bc7596a46abdf3fabdfd8d1471175a99677c2075fcaeeea,1.0.0,2026-09-13T06:28:48Z,1.0.0,1.0.0,1.0.0,2026-09-13T06:28:48Z,READY,30,19,7,0.633333,0.233333,1400,3100,0.451613,163.333333,416a2c883115f79ca748415171c8bd3a0ffbd6d264c3bd924f438a9db2c25078,candle_path_not_fill,UNAVAILABLE,UNAVAILABLE,UNAVAILABLE,NOT_COMPUTABLE,UNAVAILABLE
grading,OBSERVED,base_degrading,phase_a_validation_grade,F,letter,superasi_abase,superasi_bdebase_v1.0.0,grade_config_v1,2026-09-13T12:02:58Z,913e87a7c8d04ab0af447be670cfcda2,ITI Stress Q4 CROSS 65 REACH 85 40 ITI-05__913e87a7,3766439c96a7dd20c1a357cc9d344f52bdbbe213fb68782d4349329b8cd85c22,d42a28ee37542cabb6f140ba345b132015584963589d3732b3115ed80806cad0,6a547a4c14bdf2904cb47931457dc625742ef8654207540831709bc1c93ea690,ITI Stress Q4 CROSS 65 REACH 85 40 ITI-05,NBA,NBA,2025-2026,2025-10-10,2025-10-31,"{""date_from"":""2025-10-10"",""date_to"":""2025-10-31"",""game_data"":[""pbp""],""leagues"":[""NBA""],""market_data"":[""candles""],""markets"":[""kalshi""],""seasons"":[""2025-2026""],""sports"":[""NBA""]}",TRADABLE_YES_BID,1_MINUTE_CANDLE,available_at,CROSS,"{""id"":""entry_iti_stress"",""op"":""CROSS"",""period"":""Q4"",""price_e4"":7100}",REACH,"{""id"":""win_iti_stress"",""op"":""REACH"",""outcome"":""win"",""price_e4"":8500}",REACH,"{""id"":""loss_iti_stress"",""op"":""REACH"",""outcome"":""loss"",""price_e4"":4000}",HOLD_TO_SETTLEMENT,75d368edb0ad750c5bc7596a46abdf3fabdfd8d1471175a99677c2075fcaeeea,1.0.0,2026-09-13T06:28:48Z,1.0.0,1.0.0,1.0.0,2026-09-13T06:28:48Z,READY,30,19,7,0.633333,0.233333,1400,3100,0.451613,163.333333,416a2c883115f79ca748415171c8bd3a0ffbd6d264c3bd924f438a9db2c25078,candle_path_not_fill,UNAVAILABLE,UNAVAILABLE,UNAVAILABLE,NOT_COMPUTABLE,UNAVAILABLE
degrading,OBSERVED,base_degrading,DEBASE_GRADE,F,letter,grade_config_v1,superasi_bdebase_v1.0.0,grade_config_v1,2026-09-13T12:02:58Z,913e87a7c8d04ab0af447be670cfcda2,ITI Stress Q4 CROSS 65 REACH 85 40 ITI-05__913e87a7,3766439c96a7dd20c1a357cc9d344f52bdbbe213fb68782d4349329b8cd85c22,d42a28ee37542cabb6f140ba345b132015584963589d3732b3115ed80806cad0,6a547a4c14bdf2904cb47931457dc625742ef8654207540831709bc1c93ea690,ITI Stress Q4 CROSS 65 REACH 85 40 ITI-05,NBA,NBA,2025-2026,2025-10-10,2025-10-31,"{""date_from"":""2025-10-10"",""date_to"":""2025-10-31"",""game_data"":[""pbp""],""leagues"":[""NBA""],""market_data"":[""candles""],""markets"":[""kalshi""],""seasons"":[""2025-2026""],""sports"":[""NBA""]}",TRADABLE_YES_BID,1_MINUTE_CANDLE,available_at,CROSS,"{""id"":""entry_iti_stress"",""op"":""CROSS"",""period"":""Q4"",""price_e4"":7100}",REACH,"{""id"":""win_iti_stress"",""op"":""REACH"",""outcome"":""win"",""price_e4"":8500}",REACH,"{""id"":""loss_iti_stress"",""op"":""REACH"",""outcome"":""loss"",""price_e4"":4000}",HOLD_TO_SETTLEMENT,75d368edb0ad750c5bc7596a46abdf3fabdfd8d1471175a99677c2075fcaeeea,1.0.0,2026-09-13T06:28:48Z,1.0.0,1.0.0,1.0.0,2026-09-13T06:28:48Z,READY,30,19,7,0.633333,0.233333,1400,3100,0.451613,163.333333,416a2c883115f79ca748415171c8bd3a0ffbd6d264c3bd924f438a9db2c25078,candle_path_not_fill,UNAVAILABLE,UNAVAILABLE,UNAVAILABLE,NOT_COMPUTABLE,UNAVAILABLE
degrading,OBSERVED,base_degrading,DEBASE_GRADE_uncapped,F,letter,grade_config_v1,superasi_bdebase_v1.0.0,grade_config_v1,2026-09-13T12:02:58Z,913e87a7c8d04ab0af447be670cfcda2,ITI Stress Q4 CROSS 65 REACH 85 40 ITI-05__913e87a7,3766439c96a7dd20c1a357cc9d344f52bdbbe213fb68782d4349329b8cd85c22,d42a28ee37542cabb6f140ba345b132015584963589d3732b3115ed80806cad0,6a547a4c14bdf2904cb47931457dc625742ef8654207540831709bc1c93ea690,ITI Stress Q4 CROSS 65 REACH 85 40 ITI-05,NBA,NBA,2025-2026,2025-10-10,2025-10-31,"{""date_from"":""2025-10-10"",""date_to"":""2025-10-31"",""game_data"":[""pbp""],""leagues"":[""NBA""],""market_data"":[""candles""],""markets"":[""kalshi""],""seasons"":[""2025-2026""],""sports"":[""NBA""]}",TRADABLE_YES_BID,1_MINUTE_CANDLE,available_at,CROSS,"{""id"":""entry_iti_stress"",""op"":""CROSS"",""period"":""Q4"",""price_e4"":7100}",REACH,"{""id"":""win_iti_stress"",""op"":""REACH"",""outcome"":""win"",""price_e4"":8500}",REACH,"{""id"":""loss_iti_stress"",""op"":""REACH"",""outcome"":""loss"",""price_e4"":4000}",HOLD_TO_SETTLEMENT,75d368edb0ad750c5bc7596a46abdf3fabdfd8d1471175a99677c2075fcaeeea,1.0.0,2026-09-13T06:28:48Z,1.0.0,1.0.0,1.0.0,2026-09-13T06:28:48Z,READY,30,19,7,0.633333,0.233333,1400,3100,0.451613,163.333333,416a2c883115f79ca748415171c8bd3a0ffbd6d264c3bd924f438a9db2c25078,candle_path_not_fill,UNAVAILABLE,UNAVAILABLE,UNAVAILABLE,NOT_COMPUTABLE,UNAVAILABLE
degrading,OBSERVED,base_degrading,capped_to_base,false,,grade_config_v1,superasi_bdebase_v1.0.0,grade_config_v1,2026-09-13T12:02:58Z,913e87a7c8d04ab0af447be670cfcda2,ITI Stress Q4 CROSS 65 REACH 85 40 ITI-05__913e87a7,3766439c96a7dd20c1a357cc9d344f52bdbbe213fb68782d4349329b8cd85c22,d42a28ee37542cabb6f140ba345b132015584963589d3732b3115ed80806cad0,6a547a4c14bdf2904cb47931457dc625742ef8654207540831709bc1c93ea690,ITI Stress Q4 CROSS 65 REACH 85 40 ITI-05,NBA,NBA,2025-2026,2025-10-10,2025-10-31,"{""date_from"":""2025-10-10"",""date_to"":""2025-10-31"",""game_data"":[""pbp""],""leagues"":[""NBA""],""market_data"":[""candles""],""markets"":[""kalshi""],""seasons"":[""2025-2026""],""sports"":[""NBA""]}",TRADABLE_YES_BID,1_MINUTE_CANDLE,available_at,CROSS,"{""id"":""entry_iti_stress"",""op"":""CROSS"",""period"":""Q4"",""price_e4"":7100}",REACH,"{""id"":""win_iti_stress"",""op"":""REACH"",""outcome"":""win"",""price_e4"":8500}",REACH,"{""id"":""loss_iti_stress"",""op"":""REACH"",""outcome"":""loss"",""price_e4"":4000}",HOLD_TO_SETTLEMENT,75d368edb0ad750c5bc7596a46abdf3fabdfd8d1471175a99677c2075fcaeeea,1.0.0,2026-09-13T06:28:48Z,1.0.0,1.0.0,1.0.0,2026-09-13T06:28:48Z,READY,30,19,7,0.633333,0.233333,1400,3100,0.451613,163.333333,416a2c883115f79ca748415171c8bd3a0ffbd6d264c3bd924f438a9db2c25078,candle_path_not_fill,UNAVAILABLE,UNAVAILABLE,UNAVAILABLE,NOT_COMPUTABLE,UNAVAILABLE
degrading,OBSERVED,base_degrading,composite_score,22.000000,score,grade_config_v1,superasi_bdebase_v1.0.0,grade_config_v1,2026-09-13T12:02:58Z,913e87a7c8d04ab0af447be670cfcda2,ITI Stress Q4 CROSS 65 REACH 85 40 ITI-05__913e87a7,3766439c96a7dd20c1a357cc9d344f52bdbbe213fb68782d4349329b8cd85c22,d42a28ee37542cabb6f140ba345b132015584963589d3732b3115ed80806cad0,6a547a4c14bdf2904cb47931457dc625742ef8654207540831709bc1c93ea690,ITI Stress Q4 CROSS 65 REACH 85 40 ITI-05,NBA,NBA,2025-2026,2025-10-10,2025-10-31,"{""date_from"":""2025-10-10"",""date_to"":""2025-10-31"",""game_data"":[""pbp""],""leagues"":[""NBA""],""market_data"":[""candles""],""markets"":[""kalshi""],""seasons"":[""2025-2026""],""sports"":[""NBA""]}",TRADABLE_YES_BID,1_MINUTE_CANDLE,available_at,CROSS,"{""id"":""entry_iti_stress"",""op"":""CROSS"",""period"":""Q4"",""price_e4"":7100}",REACH,"{""id"":""win_iti_stress"",""op"":""REACH"",""outcome"":""win"",""price_e4"":8500}",REACH,"{""id"":""loss_iti_stress"",""op"":""REACH"",""outcome"":""loss"",""price_e4"":4000}",HOLD_TO_SETTLEMENT,75d368edb0ad750c5bc7596a46abdf3fabdfd8d1471175a99677c2075fcaeeea,1.0.0,2026-09-13T06:28:48Z,1.0.0,1.0.0,1.0.0,2026-09-13T06:28:48Z,READY,30,19,7,0.633333,0.233333,1400,3100,0.451613,163.333333,416a2c883115f79ca748415171c8bd3a0ffbd6d264c3bd924f438a9db2c25078,candle_path_not_fill,UNAVAILABLE,UNAVAILABLE,UNAVAILABLE,NOT_COMPUTABLE,UNAVAILABLE
degrading,OBSERVED,base_degrading,bottleneck,F,letter,grade_config_v1,superasi_bdebase_v1.0.0,grade_config_v1,2026-09-13T12:02:58Z,913e87a7c8d04ab0af447be670cfcda2,ITI Stress Q4 CROSS 65 REACH 85 40 ITI-05__913e87a7,3766439c96a7dd20c1a357cc9d344f52bdbbe213fb68782d4349329b8cd85c22,d42a28ee37542cabb6f140ba345b132015584963589d3732b3115ed80806cad0,6a547a4c14bdf2904cb47931457dc625742ef8654207540831709bc1c93ea690,ITI Stress Q4 CROSS 65 REACH 85 40 ITI-05,NBA,NBA,2025-2026,2025-10-10,2025-10-31,"{""date_from"":""2025-10-10"",""date_to"":""2025-10-31"",""game_data"":[""pbp""],""leagues"":[""NBA""],""market_data"":[""candles""],""markets"":[""kalshi""],""seasons"":[""2025-2026""],""sports"":[""NBA""]}",TRADABLE_YES_BID,1_MINUTE_CANDLE,available_at,CROSS,"{""id"":""entry_iti_stress"",""op"":""CROSS"",""period"":""Q4"",""price_e4"":7100}",REACH,"{""id"":""win_iti_stress"",""op"":""REACH"",""outcome"":""win"",""price_e4"":8500}",REACH,"{""id"":""loss_iti_stress"",""op"":""REACH"",""outcome"":""loss"",""price_e4"":4000}",HOLD_TO_SETTLEMENT,75d368edb0ad750c5bc7596a46abdf3fabdfd8d1471175a99677c2075fcaeeea,1.0.0,2026-09-13T06:28:48Z,1.0.0,1.0.0,1.0.0,2026-09-13T06:28:48Z,READY,30,19,7,0.633333,0.233333,1400,3100,0.451613,163.333333,416a2c883115f79ca748415171c8bd3a0ffbd6d264c3bd924f438a9db2c25078,candle_path_not_fill,UNAVAILABLE,UNAVAILABLE,UNAVAILABLE,NOT_COMPUTABLE,UNAVAILABLE
degrading,OBSERVED,base_degrading,raise_requires,raise research_evidence above F,,grade_config_v1,superasi_bdebase_v1.0.0,grade_config_v1,2026-09-13T12:02:58Z,913e87a7c8d04ab0af447be670cfcda2,ITI Stress Q4 CROSS 65 REACH 85 40 ITI-05__913e87a7,3766439c96a7dd20c1a357cc9d344f52bdbbe213fb68782d4349329b8cd85c22,d42a28ee37542cabb6f140ba345b132015584963589d3732b3115ed80806cad0,6a547a4c14bdf2904cb47931457dc625742ef8654207540831709bc1c93ea690,ITI Stress Q4 CROSS 65 REACH 85 40 ITI-05,NBA,NBA,2025-2026,2025-10-10,2025-10-31,"{""date_from"":""2025-10-10"",""date_to"":""2025-10-31"",""game_data"":[""pbp""],""leagues"":[""NBA""],""market_data"":[""candles""],""markets"":[""kalshi""],""seasons"":[""2025-2026""],""sports"":[""NBA""]}",TRADABLE_YES_BID,1_MINUTE_CANDLE,available_at,CROSS,"{""id"":""entry_iti_stress"",""op"":""CROSS"",""period"":""Q4"",""price_e4"":7100}",REACH,"{""id"":""win_iti_stress"",""op"":""REACH"",""outcome"":""win"",""price_e4"":8500}",REACH,"{""id"":""loss_iti_stress"",""op"":""REACH"",""outcome"":""loss"",""price_e4"":4000}",HOLD_TO_SETTLEMENT,75d368edb0ad750c5bc7596a46abdf3fabdfd8d1471175a99677c2075fcaeeea,1.0.0,2026-09-13T06:28:48Z,1.0.0,1.0.0,1.0.0,2026-09-13T06:28:48Z,READY,30,19,7,0.633333,0.233333,1400,3100,0.451613,163.333333,416a2c883115f79ca748415171c8bd3a0ffbd6d264c3bd924f438a9db2c25078,candle_path_not_fill,UNAVAILABLE,UNAVAILABLE,UNAVAILABLE,NOT_COMPUTABLE,UNAVAILABLE
degrading,OBSERVED,base_degrading,research_evidence_grade,F,letter,grade_config_v1,superasi_bdebase_v1.0.0,grade_config_v1,2026-09-13T12:02:58Z,913e87a7c8d04ab0af447be670cfcda2,ITI Stress Q4 CROSS 65 REACH 85 40 ITI-05__913e87a7,3766439c96a7dd20c1a357cc9d344f52bdbbe213fb68782d4349329b8cd85c22,d42a28ee37542cabb6f140ba345b132015584963589d3732b3115ed80806cad0,6a547a4c14bdf2904cb47931457dc625742ef8654207540831709bc1c93ea690,ITI Stress Q4 CROSS 65 REACH 85 40 ITI-05,NBA,NBA,2025-2026,2025-10-10,2025-10-31,"{""date_from"":""2025-10-10"",""date_to"":""2025-10-31"",""game_data"":[""pbp""],""leagues"":[""NBA""],""market_data"":[""candles""],""markets"":[""kalshi""],""seasons"":[""2025-2026""],""sports"":[""NBA""]}",TRADABLE_YES_BID,1_MINUTE_CANDLE,available_at,CROSS,"{""id"":""entry_iti_stress"",""op"":""CROSS"",""period"":""Q4"",""price_e4"":7100}",REACH,"{""id"":""win_iti_stress"",""op"":""REACH"",""outcome"":""win"",""price_e4"":8500}",REACH,"{""id"":""loss_iti_stress"",""op"":""REACH"",""outcome"":""loss"",""price_e4"":4000}",HOLD_TO_SETTLEMENT,75d368edb0ad750c5bc7596a46abdf3fabdfd8d1471175a99677c2075fcaeeea,1.0.0,2026-09-13T06:28:48Z,1.0.0,1.0.0,1.0.0,2026-09-13T06:28:48Z,READY,30,19,7,0.633333,0.233333,1400,3100,0.451613,163.333333,416a2c883115f79ca748415171c8bd3a0ffbd6d264c3bd924f438a9db2c25078,candle_path_not_fill,UNAVAILABLE,UNAVAILABLE,UNAVAILABLE,NOT_COMPUTABLE,UNAVAILABLE
degrading,OBSERVED,base_degrading,coverage_grade,C,letter,grade_config_v1,superasi_bdebase_v1.0.0,grade_config_v1,2026-09-13T12:02:58Z,913e87a7c8d04ab0af447be670cfcda2,ITI Stress Q4 CROSS 65 REACH 85 40 ITI-05__913e87a7,3766439c96a7dd20c1a357cc9d344f52bdbbe213fb68782d4349329b8cd85c22,d42a28ee37542cabb6f140ba345b132015584963589d3732b3115ed80806cad0,6a547a4c14bdf2904cb47931457dc625742ef8654207540831709bc1c93ea690,ITI Stress Q4 CROSS 65 REACH 85 40 ITI-05,NBA,NBA,2025-2026,2025-10-10,2025-10-31,"{""date_from"":""2025-10-10"",""date_to"":""2025-10-31"",""game_data"":[""pbp""],""leagues"":[""NBA""],""market_data"":[""candles""],""markets"":[""kalshi""],""seasons"":[""2025-2026""],""sports"":[""NBA""]}",TRADABLE_YES_BID,1_MINUTE_CANDLE,available_at,CROSS,"{""id"":""entry_iti_stress"",""op"":""CROSS"",""period"":""Q4"",""price_e4"":7100}",REACH,"{""id"":""win_iti_stress"",""op"":""REACH"",""outcome"":""win"",""price_e4"":8500}",REACH,"{""id"":""loss_iti_stress"",""op"":""REACH"",""outcome"":""loss"",""price_e4"":4000}",HOLD_TO_SETTLEMENT,75d368edb0ad750c5bc7596a46abdf3fabdfd8d1471175a99677c2075fcaeeea,1.0.0,2026-09-13T06:28:48Z,1.0.0,1.0.0,1.0.0,2026-09-13T06:28:48Z,READY,30,19,7,0.633333,0.233333,1400,3100,0.451613,163.333333,416a2c883115f79ca748415171c8bd3a0ffbd6d264c3bd924f438a9db2c25078,candle_path_not_fill,UNAVAILABLE,UNAVAILABLE,UNAVAILABLE,NOT_COMPUTABLE,UNAVAILABLE
degrading,OBSERVED,base_degrading,robustness_grade,D,letter,grade_config_v1,superasi_bdebase_v1.0.0,grade_config_v1,2026-09-13T12:02:58Z,913e87a7c8d04ab0af447be670cfcda2,ITI Stress Q4 CROSS 65 REACH 85 40 ITI-05__913e87a7,3766439c96a7dd20c1a357cc9d344f52bdbbe213fb68782d4349329b8cd85c22,d42a28ee37542cabb6f140ba345b132015584963589d3732b3115ed80806cad0,6a547a4c14bdf2904cb47931457dc625742ef8654207540831709bc1c93ea690,ITI Stress Q4 CROSS 65 REACH 85 40 ITI-05,NBA,NBA,2025-2026,2025-10-10,2025-10-31,"{""date_from"":""2025-10-10"",""date_to"":""2025-10-31"",""game_data"":[""pbp""],""leagues"":[""NBA""],""market_data"":[""candles""],""markets"":[""kalshi""],""seasons"":[""2025-2026""],""sports"":[""NBA""]}",TRADABLE_YES_BID,1_MINUTE_CANDLE,available_at,CROSS,"{""id"":""entry_iti_stress"",""op"":""CROSS"",""period"":""Q4"",""price_e4"":7100}",REACH,"{""id"":""win_iti_stress"",""op"":""REACH"",""outcome"":""win"",""price_e4"":8500}",REACH,"{""id"":""loss_iti_stress"",""op"":""REACH"",""outcome"":""loss"",""price_e4"":4000}",HOLD_TO_SETTLEMENT,75d368edb0ad750c5bc7596a46abdf3fabdfd8d1471175a99677c2075fcaeeea,1.0.0,2026-09-13T06:28:48Z,1.0.0,1.0.0,1.0.0,2026-09-13T06:28:48Z,READY,30,19,7,0.633333,0.233333,1400,3100,0.451613,163.333333,416a2c883115f79ca748415171c8bd3a0ffbd6d264c3bd924f438a9db2c25078,candle_path_not_fill,UNAVAILABLE,UNAVAILABLE,UNAVAILABLE,NOT_COMPUTABLE,UNAVAILABLE
degrading,OBSERVED,base_degrading,theoretical_alignment_grade,F,letter,grade_config_v1,superasi_bdebase_v1.0.0,grade_config_v1,2026-09-13T12:02:58Z,913e87a7c8d04ab0af447be670cfcda2,ITI Stress Q4 CROSS 65 REACH 85 40 ITI-05__913e87a7,3766439c96a7dd20c1a357cc9d344f52bdbbe213fb68782d4349329b8cd85c22,d42a28ee37542cabb6f140ba345b132015584963589d3732b3115ed80806cad0,6a547a4c14bdf2904cb47931457dc625742ef8654207540831709bc1c93ea690,ITI Stress Q4 CROSS 65 REACH 85 40 ITI-05,NBA,NBA,2025-2026,2025-10-10,2025-10-31,"{""date_from"":""2025-10-10"",""date_to"":""2025-10-31"",""game_data"":[""pbp""],""leagues"":[""NBA""],""market_data"":[""candles""],""markets"":[""kalshi""],""seasons"":[""2025-2026""],""sports"":[""NBA""]}",TRADABLE_YES_BID,1_MINUTE_CANDLE,available_at,CROSS,"{""id"":""entry_iti_stress"",""op"":""CROSS"",""period"":""Q4"",""price_e4"":7100}",REACH,"{""id"":""win_iti_stress"",""op"":""REACH"",""outcome"":""win"",""price_e4"":8500}",REACH,"{""id"":""loss_iti_stress"",""op"":""REACH"",""outcome"":""loss"",""price_e4"":4000}",HOLD_TO_SETTLEMENT,75d368edb0ad750c5bc7596a46abdf3fabdfd8d1471175a99677c2075fcaeeea,1.0.0,2026-09-13T06:28:48Z,1.0.0,1.0.0,1.0.0,2026-09-13T06:28:48Z,READY,30,19,7,0.633333,0.233333,1400,3100,0.451613,163.333333,416a2c883115f79ca748415171c8bd3a0ffbd6d264c3bd924f438a9db2c25078,candle_path_not_fill,UNAVAILABLE,UNAVAILABLE,UNAVAILABLE,NOT_COMPUTABLE,UNAVAILABLE
degrading,OBSERVED,base_degrading,validation_grade,F,letter,grade_config_v1,superasi_bdebase_v1.0.0,grade_config_v1,2026-09-13T12:02:58Z,913e87a7c8d04ab0af447be670cfcda2,ITI Stress Q4 CROSS 65 REACH 85 40 ITI-05__913e87a7,3766439c96a7dd20c1a357cc9d344f52bdbbe213fb68782d4349329b8cd85c22,d42a28ee37542cabb6f140ba345b132015584963589d3732b3115ed80806cad0,6a547a4c14bdf2904cb47931457dc625742ef8654207540831709bc1c93ea690,ITI Stress Q4 CROSS 65 REACH 85 40 ITI-05,NBA,NBA,2025-2026,2025-10-10,2025-10-31,"{""date_from"":""2025-10-10"",""date_to"":""2025-10-31"",""game_data"":[""pbp""],""leagues"":[""NBA""],""market_data"":[""candles""],""markets"":[""kalshi""],""seasons"":[""2025-2026""],""sports"":[""NBA""]}",TRADABLE_YES_BID,1_MINUTE_CANDLE,available_at,CROSS,"{""id"":""entry_iti_stress"",""op"":""CROSS"",""period"":""Q4"",""price_e4"":7100}",REACH,"{""id"":""win_iti_stress"",""op"":""REACH"",""outcome"":""win"",""price_e4"":8500}",REACH,"{""id"":""loss_iti_stress"",""op"":""REACH"",""outcome"":""loss"",""price_e4"":4000}",HOLD_TO_SETTLEMENT,75d368edb0ad750c5bc7596a46abdf3fabdfd8d1471175a99677c2075fcaeeea,1.0.0,2026-09-13T06:28:48Z,1.0.0,1.0.0,1.0.0,2026-09-13T06:28:48Z,READY,30,19,7,0.633333,0.233333,1400,3100,0.451613,163.333333,416a2c883115f79ca748415171c8bd3a0ffbd6d264c3bd924f438a9db2c25078,candle_path_not_fill,UNAVAILABLE,UNAVAILABLE,UNAVAILABLE,NOT_COMPUTABLE,UNAVAILABLE
degrading,MONTE_CARLO,base_degrading,A_PLUS_INSTRUMENT_GATE,FAIL,,valuation_gate,superasi_bdebase_v1.0.0,grade_config_v1,2026-09-13T12:02:58Z,913e87a7c8d04ab0af447be670cfcda2,ITI Stress Q4 CROSS 65 REACH 85 40 ITI-05__913e87a7,3766439c96a7dd20c1a357cc9d344f52bdbbe213fb68782d4349329b8cd85c22,d42a28ee37542cabb6f140ba345b132015584963589d3732b3115ed80806cad0,6a547a4c14bdf2904cb47931457dc625742ef8654207540831709bc1c93ea690,ITI Stress Q4 CROSS 65 REACH 85 40 ITI-05,NBA,NBA,2025-2026,2025-10-10,2025-10-31,"{""date_from"":""2025-10-10"",""date_to"":""2025-10-31"",""game_data"":[""pbp""],""leagues"":[""NBA""],""market_data"":[""candles""],""markets"":[""kalshi""],""seasons"":[""2025-2026""],""sports"":[""NBA""]}",TRADABLE_YES_BID,1_MINUTE_CANDLE,available_at,CROSS,"{""id"":""entry_iti_stress"",""op"":""CROSS"",""period"":""Q4"",""price_e4"":7100}",REACH,"{""id"":""win_iti_stress"",""op"":""REACH"",""outcome"":""win"",""price_e4"":8500}",REACH,"{""id"":""loss_iti_stress"",""op"":""REACH"",""outcome"":""loss"",""price_e4"":4000}",HOLD_TO_SETTLEMENT,75d368edb0ad750c5bc7596a46abdf3fabdfd8d1471175a99677c2075fcaeeea,1.0.0,2026-09-13T06:28:48Z,1.0.0,1.0.0,1.0.0,2026-09-13T06:28:48Z,READY,30,19,7,0.633333,0.233333,1400,3100,0.451613,163.333333,416a2c883115f79ca748415171c8bd3a0ffbd6d264c3bd924f438a9db2c25078,candle_path_not_fill,UNAVAILABLE,UNAVAILABLE,UNAVAILABLE,NOT_COMPUTABLE,UNAVAILABLE
degrading,MONTE_CARLO,base_degrading,A_PLUS_INSTRUMENT_GATE_reasons,"expected_20_week_return_below_67pct,p_floor_at_or_above_5_50pct",,valuation_gate,superasi_bdebase_v1.0.0,grade_config_v1,2026-09-13T12:02:58Z,913e87a7c8d04ab0af447be670cfcda2,ITI Stress Q4 CROSS 65 REACH 85 40 ITI-05__913e87a7,3766439c96a7dd20c1a357cc9d344f52bdbbe213fb68782d4349329b8cd85c22,d42a28ee37542cabb6f140ba345b132015584963589d3732b3115ed80806cad0,6a547a4c14bdf2904cb47931457dc625742ef8654207540831709bc1c93ea690,ITI Stress Q4 CROSS 65 REACH 85 40 ITI-05,NBA,NBA,2025-2026,2025-10-10,2025-10-31,"{""date_from"":""2025-10-10"",""date_to"":""2025-10-31"",""game_data"":[""pbp""],""leagues"":[""NBA""],""market_data"":[""candles""],""markets"":[""kalshi""],""seasons"":[""2025-2026""],""sports"":[""NBA""]}",TRADABLE_YES_BID,1_MINUTE_CANDLE,available_at,CROSS,"{""id"":""entry_iti_stress"",""op"":""CROSS"",""period"":""Q4"",""price_e4"":7100}",REACH,"{""id"":""win_iti_stress"",""op"":""REACH"",""outcome"":""win"",""price_e4"":8500}",REACH,"{""id"":""loss_iti_stress"",""op"":""REACH"",""outcome"":""loss"",""price_e4"":4000}",HOLD_TO_SETTLEMENT,75d368edb0ad750c5bc7596a46abdf3fabdfd8d1471175a99677c2075fcaeeea,1.0.0,2026-09-13T06:28:48Z,1.0.0,1.0.0,1.0.0,2026-09-13T06:28:48Z,READY,30,19,7,0.633333,0.233333,1400,3100,0.451613,163.333333,416a2c883115f79ca748415171c8bd3a0ffbd6d264c3bd924f438a9db2c25078,candle_path_not_fill,UNAVAILABLE,UNAVAILABLE,UNAVAILABLE,NOT_COMPUTABLE,UNAVAILABLE
devalidation,OBSERVED,base_devalidation,labs_header,PASS,,hard,superasi_bdebase_v1.0.0,grade_config_v1,2026-09-13T12:02:58Z,913e87a7c8d04ab0af447be670cfcda2,ITI Stress Q4 CROSS 65 REACH 85 40 ITI-05__913e87a7,3766439c96a7dd20c1a357cc9d344f52bdbbe213fb68782d4349329b8cd85c22,d42a28ee37542cabb6f140ba345b132015584963589d3732b3115ed80806cad0,6a547a4c14bdf2904cb47931457dc625742ef8654207540831709bc1c93ea690,ITI Stress Q4 CROSS 65 REACH 85 40 ITI-05,NBA,NBA,2025-2026,2025-10-10,2025-10-31,"{""date_from"":""2025-10-10"",""date_to"":""2025-10-31"",""game_data"":[""pbp""],""leagues"":[""NBA""],""market_data"":[""candles""],""markets"":[""kalshi""],""seasons"":[""2025-2026""],""sports"":[""NBA""]}",TRADABLE_YES_BID,1_MINUTE_CANDLE,available_at,CROSS,"{""id"":""entry_iti_stress"",""op"":""CROSS"",""period"":""Q4"",""price_e4"":7100}",REACH,"{""id"":""win_iti_stress"",""op"":""REACH"",""outcome"":""win"",""price_e4"":8500}",REACH,"{""id"":""loss_iti_stress"",""op"":""REACH"",""outcome"":""loss"",""price_e4"":4000}",HOLD_TO_SETTLEMENT,75d368edb0ad750c5bc7596a46abdf3fabdfd8d1471175a99677c2075fcaeeea,1.0.0,2026-09-13T06:28:48Z,1.0.0,1.0.0,1.0.0,2026-09-13T06:28:48Z,READY,30,19,7,0.633333,0.233333,1400,3100,0.451613,163.333333,416a2c883115f79ca748415171c8bd3a0ffbd6d264c3bd924f438a9db2c25078,candle_path_not_fill,UNAVAILABLE,UNAVAILABLE,UNAVAILABLE,NOT_COMPUTABLE,UNAVAILABLE
devalidation,OBSERVED,base_devalidation,population_matches_rows,PASS,,hard,superasi_bdebase_v1.0.0,grade_config_v1,2026-09-13T12:02:58Z,913e87a7c8d04ab0af447be670cfcda2,ITI Stress Q4 CROSS 65 REACH 85 40 ITI-05__913e87a7,3766439c96a7dd20c1a357cc9d344f52bdbbe213fb68782d4349329b8cd85c22,d42a28ee37542cabb6f140ba345b132015584963589d3732b3115ed80806cad0,6a547a4c14bdf2904cb47931457dc625742ef8654207540831709bc1c93ea690,ITI Stress Q4 CROSS 65 REACH 85 40 ITI-05,NBA,NBA,2025-2026,2025-10-10,2025-10-31,"{""date_from"":""2025-10-10"",""date_to"":""2025-10-31"",""game_data"":[""pbp""],""leagues"":[""NBA""],""market_data"":[""candles""],""markets"":[""kalshi""],""seasons"":[""2025-2026""],""sports"":[""NBA""]}",TRADABLE_YES_BID,1_MINUTE_CANDLE,available_at,CROSS,"{""id"":""entry_iti_stress"",""op"":""CROSS"",""period"":""Q4"",""price_e4"":7100}",REACH,"{""id"":""win_iti_stress"",""op"":""REACH"",""outcome"":""win"",""price_e4"":8500}",REACH,"{""id"":""loss_iti_stress"",""op"":""REACH"",""outcome"":""loss"",""price_e4"":4000}",HOLD_TO_SETTLEMENT,75d368edb0ad750c5bc7596a46abdf3fabdfd8d1471175a99677c2075fcaeeea,1.0.0,2026-09-13T06:28:48Z,1.0.0,1.0.0,1.0.0,2026-09-13T06:28:48Z,READY,30,19,7,0.633333,0.233333,1400,3100,0.451613,163.333333,416a2c883115f79ca748415171c8bd3a0ffbd6d264c3bd924f438a9db2c25078,candle_path_not_fill,UNAVAILABLE,UNAVAILABLE,UNAVAILABLE,NOT_COMPUTABLE,UNAVAILABLE
devalidation,OBSERVED,base_devalidation,wins_match_recount,PASS,,hard,superasi_bdebase_v1.0.0,grade_config_v1,2026-09-13T12:02:58Z,913e87a7c8d04ab0af447be670cfcda2,ITI Stress Q4 CROSS 65 REACH 85 40 ITI-05__913e87a7,3766439c96a7dd20c1a357cc9d344f52bdbbe213fb68782d4349329b8cd85c22,d42a28ee37542cabb6f140ba345b132015584963589d3732b3115ed80806cad0,6a547a4c14bdf2904cb47931457dc625742ef8654207540831709bc1c93ea690,ITI Stress Q4 CROSS 65 REACH 85 40 ITI-05,NBA,NBA,2025-2026,2025-10-10,2025-10-31,"{""date_from"":""2025-10-10"",""date_to"":""2025-10-31"",""game_data"":[""pbp""],""leagues"":[""NBA""],""market_data"":[""candles""],""markets"":[""kalshi""],""seasons"":[""2025-2026""],""sports"":[""NBA""]}",TRADABLE_YES_BID,1_MINUTE_CANDLE,available_at,CROSS,"{""id"":""entry_iti_stress"",""op"":""CROSS"",""period"":""Q4"",""price_e4"":7100}",REACH,"{""id"":""win_iti_stress"",""op"":""REACH"",""outcome"":""win"",""price_e4"":8500}",REACH,"{""id"":""loss_iti_stress"",""op"":""REACH"",""outcome"":""loss"",""price_e4"":4000}",HOLD_TO_SETTLEMENT,75d368edb0ad750c5bc7596a46abdf3fabdfd8d1471175a99677c2075fcaeeea,1.0.0,2026-09-13T06:28:48Z,1.0.0,1.0.0,1.0.0,2026-09-13T06:28:48Z,READY,30,19,7,0.633333,0.233333,1400,3100,0.451613,163.333333,416a2c883115f79ca748415171c8bd3a0ffbd6d264c3bd924f438a9db2c25078,candle_path_not_fill,UNAVAILABLE,UNAVAILABLE,UNAVAILABLE,NOT_COMPUTABLE,UNAVAILABLE
devalidation,OBSERVED,base_devalidation,losses_match_recount,PASS,,hard,superasi_bdebase_v1.0.0,grade_config_v1,2026-09-13T12:02:58Z,913e87a7c8d04ab0af447be670cfcda2,ITI Stress Q4 CROSS 65 REACH 85 40 ITI-05__913e87a7,3766439c96a7dd20c1a357cc9d344f52bdbbe213fb68782d4349329b8cd85c22,d42a28ee37542cabb6f140ba345b132015584963589d3732b3115ed80806cad0,6a547a4c14bdf2904cb47931457dc625742ef8654207540831709bc1c93ea690,ITI Stress Q4 CROSS 65 REACH 85 40 ITI-05,NBA,NBA,2025-2026,2025-10-10,2025-10-31,"{""date_from"":""2025-10-10"",""date_to"":""2025-10-31"",""game_data"":[""pbp""],""leagues"":[""NBA""],""market_data"":[""candles""],""markets"":[""kalshi""],""seasons"":[""2025-2026""],""sports"":[""NBA""]}",TRADABLE_YES_BID,1_MINUTE_CANDLE,available_at,CROSS,"{""id"":""entry_iti_stress"",""op"":""CROSS"",""period"":""Q4"",""price_e4"":7100}",REACH,"{""id"":""win_iti_stress"",""op"":""REACH"",""outcome"":""win"",""price_e4"":8500}",REACH,"{""id"":""loss_iti_stress"",""op"":""REACH"",""outcome"":""loss"",""price_e4"":4000}",HOLD_TO_SETTLEMENT,75d368edb0ad750c5bc7596a46abdf3fabdfd8d1471175a99677c2075fcaeeea,1.0.0,2026-09-13T06:28:48Z,1.0.0,1.0.0,1.0.0,2026-09-13T06:28:48Z,READY,30,19,7,0.633333,0.233333,1400,3100,0.451613,163.333333,416a2c883115f79ca748415171c8bd3a0ffbd6d264c3bd924f438a9db2c25078,candle_path_not_fill,UNAVAILABLE,UNAVAILABLE,UNAVAILABLE,NOT_COMPUTABLE,UNAVAILABLE
devalidation,OBSERVED,base_devalidation,win_rate_reconciles,FAIL,,hard,superasi_bdebase_v1.0.0,grade_config_v1,2026-09-13T12:02:58Z,913e87a7c8d04ab0af447be670cfcda2,ITI Stress Q4 CROSS 65 REACH 85 40 ITI-05__913e87a7,3766439c96a7dd20c1a357cc9d344f52bdbbe213fb68782d4349329b8cd85c22,d42a28ee37542cabb6f140ba345b132015584963589d3732b3115ed80806cad0,6a547a4c14bdf2904cb47931457dc625742ef8654207540831709bc1c93ea690,ITI Stress Q4 CROSS 65 REACH 85 40 ITI-05,NBA,NBA,2025-2026,2025-10-10,2025-10-31,"{""date_from"":""2025-10-10"",""date_to"":""2025-10-31"",""game_data"":[""pbp""],""leagues"":[""NBA""],""market_data"":[""candles""],""markets"":[""kalshi""],""seasons"":[""2025-2026""],""sports"":[""NBA""]}",TRADABLE_YES_BID,1_MINUTE_CANDLE,available_at,CROSS,"{""id"":""entry_iti_stress"",""op"":""CROSS"",""period"":""Q4"",""price_e4"":7100}",REACH,"{""id"":""win_iti_stress"",""op"":""REACH"",""outcome"":""win"",""price_e4"":8500}",REACH,"{""id"":""loss_iti_stress"",""op"":""REACH"",""outcome"":""loss"",""price_e4"":4000}",HOLD_TO_SETTLEMENT,75d368edb0ad750c5bc7596a46abdf3fabdfd8d1471175a99677c2075fcaeeea,1.0.0,2026-09-13T06:28:48Z,1.0.0,1.0.0,1.0.0,2026-09-13T06:28:48Z,READY,30,19,7,0.633333,0.233333,1400,3100,0.451613,163.333333,416a2c883115f79ca748415171c8bd3a0ffbd6d264c3bd924f438a9db2c25078,candle_path_not_fill,UNAVAILABLE,UNAVAILABLE,UNAVAILABLE,NOT_COMPUTABLE,UNAVAILABLE
devalidation,OBSERVED,base_devalidation,result_hash_present,PASS,,hard,superasi_bdebase_v1.0.0,grade_config_v1,2026-09-13T12:02:58Z,913e87a7c8d04ab0af447be670cfcda2,ITI Stress Q4 CROSS 65 REACH 85 40 ITI-05__913e87a7,3766439c96a7dd20c1a357cc9d344f52bdbbe213fb68782d4349329b8cd85c22,d42a28ee37542cabb6f140ba345b132015584963589d3732b3115ed80806cad0,6a547a4c14bdf2904cb47931457dc625742ef8654207540831709bc1c93ea690,ITI Stress Q4 CROSS 65 REACH 85 40 ITI-05,NBA,NBA,2025-2026,2025-10-10,2025-10-31,"{""date_from"":""2025-10-10"",""date_to"":""2025-10-31"",""game_data"":[""pbp""],""leagues"":[""NBA""],""market_data"":[""candles""],""markets"":[""kalshi""],""seasons"":[""2025-2026""],""sports"":[""NBA""]}",TRADABLE_YES_BID,1_MINUTE_CANDLE,available_at,CROSS,"{""id"":""entry_iti_stress"",""op"":""CROSS"",""period"":""Q4"",""price_e4"":7100}",REACH,"{""id"":""win_iti_stress"",""op"":""REACH"",""outcome"":""win"",""price_e4"":8500}",REACH,"{""id"":""loss_iti_stress"",""op"":""REACH"",""outcome"":""loss"",""price_e4"":4000}",HOLD_TO_SETTLEMENT,75d368edb0ad750c5bc7596a46abdf3fabdfd8d1471175a99677c2075fcaeeea,1.0.0,2026-09-13T06:28:48Z,1.0.0,1.0.0,1.0.0,2026-09-13T06:28:48Z,READY,30,19,7,0.633333,0.233333,1400,3100,0.451613,163.333333,416a2c883115f79ca748415171c8bd3a0ffbd6d264c3bd924f438a9db2c25078,candle_path_not_fill,UNAVAILABLE,UNAVAILABLE,UNAVAILABLE,NOT_COMPUTABLE,UNAVAILABLE
devalidation,OBSERVED,base_devalidation,plan_hash_present,PASS,,hard,superasi_bdebase_v1.0.0,grade_config_v1,2026-09-13T12:02:58Z,913e87a7c8d04ab0af447be670cfcda2,ITI Stress Q4 CROSS 65 REACH 85 40 ITI-05__913e87a7,3766439c96a7dd20c1a357cc9d344f52bdbbe213fb68782d4349329b8cd85c22,d42a28ee37542cabb6f140ba345b132015584963589d3732b3115ed80806cad0,6a547a4c14bdf2904cb47931457dc625742ef8654207540831709bc1c93ea690,ITI Stress Q4 CROSS 65 REACH 85 40 ITI-05,NBA,NBA,2025-2026,2025-10-10,2025-10-31,"{""date_from"":""2025-10-10"",""date_to"":""2025-10-31"",""game_data"":[""pbp""],""leagues"":[""NBA""],""market_data"":[""candles""],""markets"":[""kalshi""],""seasons"":[""2025-2026""],""sports"":[""NBA""]}",TRADABLE_YES_BID,1_MINUTE_CANDLE,available_at,CROSS,"{""id"":""entry_iti_stress"",""op"":""CROSS"",""period"":""Q4"",""price_e4"":7100}",REACH,"{""id"":""win_iti_stress"",""op"":""REACH"",""outcome"":""win"",""price_e4"":8500}",REACH,"{""id"":""loss_iti_stress"",""op"":""REACH"",""outcome"":""loss"",""price_e4"":4000}",HOLD_TO_SETTLEMENT,75d368edb0ad750c5bc7596a46abdf3fabdfd8d1471175a99677c2075fcaeeea,1.0.0,2026-09-13T06:28:48Z,1.0.0,1.0.0,1.0.0,2026-09-13T06:28:48Z,READY,30,19,7,0.633333,0.233333,1400,3100,0.451613,163.333333,416a2c883115f79ca748415171c8bd3a0ffbd6d264c3bd924f438a9db2c25078,candle_path_not_fill,UNAVAILABLE,UNAVAILABLE,UNAVAILABLE,NOT_COMPUTABLE,UNAVAILABLE
devalidation,OBSERVED,base_devalidation,risk_record_present,PASS,,warning,superasi_bdebase_v1.0.0,grade_config_v1,2026-09-13T12:02:58Z,913e87a7c8d04ab0af447be670cfcda2,ITI Stress Q4 CROSS 65 REACH 85 40 ITI-05__913e87a7,3766439c96a7dd20c1a357cc9d344f52bdbbe213fb68782d4349329b8cd85c22,d42a28ee37542cabb6f140ba345b132015584963589d3732b3115ed80806cad0,6a547a4c14bdf2904cb47931457dc625742ef8654207540831709bc1c93ea690,ITI Stress Q4 CROSS 65 REACH 85 40 ITI-05,NBA,NBA,2025-2026,2025-10-10,2025-10-31,"{""date_from"":""2025-10-10"",""date_to"":""2025-10-31"",""game_data"":[""pbp""],""leagues"":[""NBA""],""market_data"":[""candles""],""markets"":[""kalshi""],""seasons"":[""2025-2026""],""sports"":[""NBA""]}",TRADABLE_YES_BID,1_MINUTE_CANDLE,available_at,CROSS,"{""id"":""entry_iti_stress"",""op"":""CROSS"",""period"":""Q4"",""price_e4"":7100}",REACH,"{""id"":""win_iti_stress"",""op"":""REACH"",""outcome"":""win"",""price_e4"":8500}",REACH,"{""id"":""loss_iti_stress"",""op"":""REACH"",""outcome"":""loss"",""price_e4"":4000}",HOLD_TO_SETTLEMENT,75d368edb0ad750c5bc7596a46abdf3fabdfd8d1471175a99677c2075fcaeeea,1.0.0,2026-09-13T06:28:48Z,1.0.0,1.0.0,1.0.0,2026-09-13T06:28:48Z,READY,30,19,7,0.633333,0.233333,1400,3100,0.451613,163.333333,416a2c883115f79ca748415171c8bd3a0ffbd6d264c3bd924f438a9db2c25078,candle_path_not_fill,UNAVAILABLE,UNAVAILABLE,UNAVAILABLE,NOT_COMPUTABLE,UNAVAILABLE
devalidation,OBSERVED,base_devalidation,phase_a_folder,PASS,,hard,superasi_bdebase_v1.0.0,grade_config_v1,2026-09-13T12:02:58Z,913e87a7c8d04ab0af447be670cfcda2,ITI Stress Q4 CROSS 65 REACH 85 40 ITI-05__913e87a7,3766439c96a7dd20c1a357cc9d344f52bdbbe213fb68782d4349329b8cd85c22,d42a28ee37542cabb6f140ba345b132015584963589d3732b3115ed80806cad0,6a547a4c14bdf2904cb47931457dc625742ef8654207540831709bc1c93ea690,ITI Stress Q4 CROSS 65 REACH 85 40 ITI-05,NBA,NBA,2025-2026,2025-10-10,2025-10-31,"{""date_from"":""2025-10-10"",""date_to"":""2025-10-31"",""game_data"":[""pbp""],""leagues"":[""NBA""],""market_data"":[""candles""],""markets"":[""kalshi""],""seasons"":[""2025-2026""],""sports"":[""NBA""]}",TRADABLE_YES_BID,1_MINUTE_CANDLE,available_at,CROSS,"{""id"":""entry_iti_stress"",""op"":""CROSS"",""period"":""Q4"",""price_e4"":7100}",REACH,"{""id"":""win_iti_stress"",""op"":""REACH"",""outcome"":""win"",""price_e4"":8500}",REACH,"{""id"":""loss_iti_stress"",""op"":""REACH"",""outcome"":""loss"",""price_e4"":4000}",HOLD_TO_SETTLEMENT,75d368edb0ad750c5bc7596a46abdf3fabdfd8d1471175a99677c2075fcaeeea,1.0.0,2026-09-13T06:28:48Z,1.0.0,1.0.0,1.0.0,2026-09-13T06:28:48Z,READY,30,19,7,0.633333,0.233333,1400,3100,0.451613,163.333333,416a2c883115f79ca748415171c8bd3a0ffbd6d264c3bd924f438a9db2c25078,candle_path_not_fill,UNAVAILABLE,UNAVAILABLE,UNAVAILABLE,NOT_COMPUTABLE,UNAVAILABLE
devalidation,OBSERVED,base_devalidation,phase_a_roller_present,PASS,,hard,superasi_bdebase_v1.0.0,grade_config_v1,2026-09-13T12:02:58Z,913e87a7c8d04ab0af447be670cfcda2,ITI Stress Q4 CROSS 65 REACH 85 40 ITI-05__913e87a7,3766439c96a7dd20c1a357cc9d344f52bdbbe213fb68782d4349329b8cd85c22,d42a28ee37542cabb6f140ba345b132015584963589d3732b3115ed80806cad0,6a547a4c14bdf2904cb47931457dc625742ef8654207540831709bc1c93ea690,ITI Stress Q4 CROSS 65 REACH 85 40 ITI-05,NBA,NBA,2025-2026,2025-10-10,2025-10-31,"{""date_from"":""2025-10-10"",""date_to"":""2025-10-31"",""game_data"":[""pbp""],""leagues"":[""NBA""],""market_data"":[""candles""],""markets"":[""kalshi""],""seasons"":[""2025-2026""],""sports"":[""NBA""]}",TRADABLE_YES_BID,1_MINUTE_CANDLE,available_at,CROSS,"{""id"":""entry_iti_stress"",""op"":""CROSS"",""period"":""Q4"",""price_e4"":7100}",REACH,"{""id"":""win_iti_stress"",""op"":""REACH"",""outcome"":""win"",""price_e4"":8500}",REACH,"{""id"":""loss_iti_stress"",""op"":""REACH"",""outcome"":""loss"",""price_e4"":4000}",HOLD_TO_SETTLEMENT,75d368edb0ad750c5bc7596a46abdf3fabdfd8d1471175a99677c2075fcaeeea,1.0.0,2026-09-13T06:28:48Z,1.0.0,1.0.0,1.0.0,2026-09-13T06:28:48Z,READY,30,19,7,0.633333,0.233333,1400,3100,0.451613,163.333333,416a2c883115f79ca748415171c8bd3a0ffbd6d264c3bd924f438a9db2c25078,candle_path_not_fill,UNAVAILABLE,UNAVAILABLE,UNAVAILABLE,NOT_COMPUTABLE,UNAVAILABLE
devalidation,OBSERVED,base_devalidation,phase_a_abase_present,PASS,,hard,superasi_bdebase_v1.0.0,grade_config_v1,2026-09-13T12:02:58Z,913e87a7c8d04ab0af447be670cfcda2,ITI Stress Q4 CROSS 65 REACH 85 40 ITI-05__913e87a7,3766439c96a7dd20c1a357cc9d344f52bdbbe213fb68782d4349329b8cd85c22,d42a28ee37542cabb6f140ba345b132015584963589d3732b3115ed80806cad0,6a547a4c14bdf2904cb47931457dc625742ef8654207540831709bc1c93ea690,ITI Stress Q4 CROSS 65 REACH 85 40 ITI-05,NBA,NBA,2025-2026,2025-10-10,2025-10-31,"{""date_from"":""2025-10-10"",""date_to"":""2025-10-31"",""game_data"":[""pbp""],""leagues"":[""NBA""],""market_data"":[""candles""],""markets"":[""kalshi""],""seasons"":[""2025-2026""],""sports"":[""NBA""]}",TRADABLE_YES_BID,1_MINUTE_CANDLE,available_at,CROSS,"{""id"":""entry_iti_stress"",""op"":""CROSS"",""period"":""Q4"",""price_e4"":7100}",REACH,"{""id"":""win_iti_stress"",""op"":""REACH"",""outcome"":""win"",""price_e4"":8500}",REACH,"{""id"":""loss_iti_stress"",""op"":""REACH"",""outcome"":""loss"",""price_e4"":4000}",HOLD_TO_SETTLEMENT,75d368edb0ad750c5bc7596a46abdf3fabdfd8d1471175a99677c2075fcaeeea,1.0.0,2026-09-13T06:28:48Z,1.0.0,1.0.0,1.0.0,2026-09-13T06:28:48Z,READY,30,19,7,0.633333,0.233333,1400,3100,0.451613,163.333333,416a2c883115f79ca748415171c8bd3a0ffbd6d264c3bd924f438a9db2c25078,candle_path_not_fill,UNAVAILABLE,UNAVAILABLE,UNAVAILABLE,NOT_COMPUTABLE,UNAVAILABLE
devalidation,OBSERVED,base_devalidation,phase_a_base_grade,PASS,,hard,superasi_bdebase_v1.0.0,grade_config_v1,2026-09-13T12:02:58Z,913e87a7c8d04ab0af447be670cfcda2,ITI Stress Q4 CROSS 65 REACH 85 40 ITI-05__913e87a7,3766439c96a7dd20c1a357cc9d344f52bdbbe213fb68782d4349329b8cd85c22,d42a28ee37542cabb6f140ba345b132015584963589d3732b3115ed80806cad0,6a547a4c14bdf2904cb47931457dc625742ef8654207540831709bc1c93ea690,ITI Stress Q4 CROSS 65 REACH 85 40 ITI-05,NBA,NBA,2025-2026,2025-10-10,2025-10-31,"{""date_from"":""2025-10-10"",""date_to"":""2025-10-31"",""game_data"":[""pbp""],""leagues"":[""NBA""],""market_data"":[""candles""],""markets"":[""kalshi""],""seasons"":[""2025-2026""],""sports"":[""NBA""]}",TRADABLE_YES_BID,1_MINUTE_CANDLE,available_at,CROSS,"{""id"":""entry_iti_stress"",""op"":""CROSS"",""period"":""Q4"",""price_e4"":7100}",REACH,"{""id"":""win_iti_stress"",""op"":""REACH"",""outcome"":""win"",""price_e4"":8500}",REACH,"{""id"":""loss_iti_stress"",""op"":""REACH"",""outcome"":""loss"",""price_e4"":4000}",HOLD_TO_SETTLEMENT,75d368edb0ad750c5bc7596a46abdf3fabdfd8d1471175a99677c2075fcaeeea,1.0.0,2026-09-13T06:28:48Z,1.0.0,1.0.0,1.0.0,2026-09-13T06:28:48Z,READY,30,19,7,0.633333,0.233333,1400,3100,0.451613,163.333333,416a2c883115f79ca748415171c8bd3a0ffbd6d264c3bd924f438a9db2c25078,candle_path_not_fill,UNAVAILABLE,UNAVAILABLE,UNAVAILABLE,NOT_COMPUTABLE,UNAVAILABLE
devalidation,OBSERVED,base_devalidation,source_lab_id,PASS,,hard,superasi_bdebase_v1.0.0,grade_config_v1,2026-09-13T12:02:58Z,913e87a7c8d04ab0af447be670cfcda2,ITI Stress Q4 CROSS 65 REACH 85 40 ITI-05__913e87a7,3766439c96a7dd20c1a357cc9d344f52bdbbe213fb68782d4349329b8cd85c22,d42a28ee37542cabb6f140ba345b132015584963589d3732b3115ed80806cad0,6a547a4c14bdf2904cb47931457dc625742ef8654207540831709bc1c93ea690,ITI Stress Q4 CROSS 65 REACH 85 40 ITI-05,NBA,NBA,2025-2026,2025-10-10,2025-10-31,"{""date_from"":""2025-10-10"",""date_to"":""2025-10-31"",""game_data"":[""pbp""],""leagues"":[""NBA""],""market_data"":[""candles""],""markets"":[""kalshi""],""seasons"":[""2025-2026""],""sports"":[""NBA""]}",TRADABLE_YES_BID,1_MINUTE_CANDLE,available_at,CROSS,"{""id"":""entry_iti_stress"",""op"":""CROSS"",""period"":""Q4"",""price_e4"":7100}",REACH,"{""id"":""win_iti_stress"",""op"":""REACH"",""outcome"":""win"",""price_e4"":8500}",REACH,"{""id"":""loss_iti_stress"",""op"":""REACH"",""outcome"":""loss"",""price_e4"":4000}",HOLD_TO_SETTLEMENT,75d368edb0ad750c5bc7596a46abdf3fabdfd8d1471175a99677c2075fcaeeea,1.0.0,2026-09-13T06:28:48Z,1.0.0,1.0.0,1.0.0,2026-09-13T06:28:48Z,READY,30,19,7,0.633333,0.233333,1400,3100,0.451613,163.333333,416a2c883115f79ca748415171c8bd3a0ffbd6d264c3bd924f438a9db2c25078,candle_path_not_fill,UNAVAILABLE,UNAVAILABLE,UNAVAILABLE,NOT_COMPUTABLE,UNAVAILABLE
devalidation,OBSERVED,base_devalidation,plan_hash_present,PASS,,hard,superasi_bdebase_v1.0.0,grade_config_v1,2026-09-13T12:02:58Z,913e87a7c8d04ab0af447be670cfcda2,ITI Stress Q4 CROSS 65 REACH 85 40 ITI-05__913e87a7,3766439c96a7dd20c1a357cc9d344f52bdbbe213fb68782d4349329b8cd85c22,d42a28ee37542cabb6f140ba345b132015584963589d3732b3115ed80806cad0,6a547a4c14bdf2904cb47931457dc625742ef8654207540831709bc1c93ea690,ITI Stress Q4 CROSS 65 REACH 85 40 ITI-05,NBA,NBA,2025-2026,2025-10-10,2025-10-31,"{""date_from"":""2025-10-10"",""date_to"":""2025-10-31"",""game_data"":[""pbp""],""leagues"":[""NBA""],""market_data"":[""candles""],""markets"":[""kalshi""],""seasons"":[""2025-2026""],""sports"":[""NBA""]}",TRADABLE_YES_BID,1_MINUTE_CANDLE,available_at,CROSS,"{""id"":""entry_iti_stress"",""op"":""CROSS"",""period"":""Q4"",""price_e4"":7100}",REACH,"{""id"":""win_iti_stress"",""op"":""REACH"",""outcome"":""win"",""price_e4"":8500}",REACH,"{""id"":""loss_iti_stress"",""op"":""REACH"",""outcome"":""loss"",""price_e4"":4000}",HOLD_TO_SETTLEMENT,75d368edb0ad750c5bc7596a46abdf3fabdfd8d1471175a99677c2075fcaeeea,1.0.0,2026-09-13T06:28:48Z,1.0.0,1.0.0,1.0.0,2026-09-13T06:28:48Z,READY,30,19,7,0.633333,0.233333,1400,3100,0.451613,163.333333,416a2c883115f79ca748415171c8bd3a0ffbd6d264c3bd924f438a9db2c25078,candle_path_not_fill,UNAVAILABLE,UNAVAILABLE,UNAVAILABLE,NOT_COMPUTABLE,UNAVAILABLE
devalidation,OBSERVED,base_devalidation,result_hash_present,PASS,,hard,superasi_bdebase_v1.0.0,grade_config_v1,2026-09-13T12:02:58Z,913e87a7c8d04ab0af447be670cfcda2,ITI Stress Q4 CROSS 65 REACH 85 40 ITI-05__913e87a7,3766439c96a7dd20c1a357cc9d344f52bdbbe213fb68782d4349329b8cd85c22,d42a28ee37542cabb6f140ba345b132015584963589d3732b3115ed80806cad0,6a547a4c14bdf2904cb47931457dc625742ef8654207540831709bc1c93ea690,ITI Stress Q4 CROSS 65 REACH 85 40 ITI-05,NBA,NBA,2025-2026,2025-10-10,2025-10-31,"{""date_from"":""2025-10-10"",""date_to"":""2025-10-31"",""game_data"":[""pbp""],""leagues"":[""NBA""],""market_data"":[""candles""],""markets"":[""kalshi""],""seasons"":[""2025-2026""],""sports"":[""NBA""]}",TRADABLE_YES_BID,1_MINUTE_CANDLE,available_at,CROSS,"{""id"":""entry_iti_stress"",""op"":""CROSS"",""period"":""Q4"",""price_e4"":7100}",REACH,"{""id"":""win_iti_stress"",""op"":""REACH"",""outcome"":""win"",""price_e4"":8500}",REACH,"{""id"":""loss_iti_stress"",""op"":""REACH"",""outcome"":""loss"",""price_e4"":4000}",HOLD_TO_SETTLEMENT,75d368edb0ad750c5bc7596a46abdf3fabdfd8d1471175a99677c2075fcaeeea,1.0.0,2026-09-13T06:28:48Z,1.0.0,1.0.0,1.0.0,2026-09-13T06:28:48Z,READY,30,19,7,0.633333,0.233333,1400,3100,0.451613,163.333333,416a2c883115f79ca748415171c8bd3a0ffbd6d264c3bd924f438a9db2c25078,candle_path_not_fill,UNAVAILABLE,UNAVAILABLE,UNAVAILABLE,NOT_COMPUTABLE,UNAVAILABLE
devalidation,OBSERVED,base_devalidation,question_persisted,PASS,,warning,superasi_bdebase_v1.0.0,grade_config_v1,2026-09-13T12:02:58Z,913e87a7c8d04ab0af447be670cfcda2,ITI Stress Q4 CROSS 65 REACH 85 40 ITI-05__913e87a7,3766439c96a7dd20c1a357cc9d344f52bdbbe213fb68782d4349329b8cd85c22,d42a28ee37542cabb6f140ba345b132015584963589d3732b3115ed80806cad0,6a547a4c14bdf2904cb47931457dc625742ef8654207540831709bc1c93ea690,ITI Stress Q4 CROSS 65 REACH 85 40 ITI-05,NBA,NBA,2025-2026,2025-10-10,2025-10-31,"{""date_from"":""2025-10-10"",""date_to"":""2025-10-31"",""game_data"":[""pbp""],""leagues"":[""NBA""],""market_data"":[""candles""],""markets"":[""kalshi""],""seasons"":[""2025-2026""],""sports"":[""NBA""]}",TRADABLE_YES_BID,1_MINUTE_CANDLE,available_at,CROSS,"{""id"":""entry_iti_stress"",""op"":""CROSS"",""period"":""Q4"",""price_e4"":7100}",REACH,"{""id"":""win_iti_stress"",""op"":""REACH"",""outcome"":""win"",""price_e4"":8500}",REACH,"{""id"":""loss_iti_stress"",""op"":""REACH"",""outcome"":""loss"",""price_e4"":4000}",HOLD_TO_SETTLEMENT,75d368edb0ad750c5bc7596a46abdf3fabdfd8d1471175a99677c2075fcaeeea,1.0.0,2026-09-13T06:28:48Z,1.0.0,1.0.0,1.0.0,2026-09-13T06:28:48Z,READY,30,19,7,0.633333,0.233333,1400,3100,0.451613,163.333333,416a2c883115f79ca748415171c8bd3a0ffbd6d264c3bd924f438a9db2c25078,candle_path_not_fill,UNAVAILABLE,UNAVAILABLE,UNAVAILABLE,NOT_COMPUTABLE,UNAVAILABLE
devalidation,OBSERVED,base_devalidation,source_lab_matches_metadata,PASS,,hard,superasi_bdebase_v1.0.0,grade_config_v1,2026-09-13T12:02:58Z,913e87a7c8d04ab0af447be670cfcda2,ITI Stress Q4 CROSS 65 REACH 85 40 ITI-05__913e87a7,3766439c96a7dd20c1a357cc9d344f52bdbbe213fb68782d4349329b8cd85c22,d42a28ee37542cabb6f140ba345b132015584963589d3732b3115ed80806cad0,6a547a4c14bdf2904cb47931457dc625742ef8654207540831709bc1c93ea690,ITI Stress Q4 CROSS 65 REACH 85 40 ITI-05,NBA,NBA,2025-2026,2025-10-10,2025-10-31,"{""date_from"":""2025-10-10"",""date_to"":""2025-10-31"",""game_data"":[""pbp""],""leagues"":[""NBA""],""market_data"":[""candles""],""markets"":[""kalshi""],""seasons"":[""2025-2026""],""sports"":[""NBA""]}",TRADABLE_YES_BID,1_MINUTE_CANDLE,available_at,CROSS,"{""id"":""entry_iti_stress"",""op"":""CROSS"",""period"":""Q4"",""price_e4"":7100}",REACH,"{""id"":""win_iti_stress"",""op"":""REACH"",""outcome"":""win"",""price_e4"":8500}",REACH,"{""id"":""loss_iti_stress"",""op"":""REACH"",""outcome"":""loss"",""price_e4"":4000}",HOLD_TO_SETTLEMENT,75d368edb0ad750c5bc7596a46abdf3fabdfd8d1471175a99677c2075fcaeeea,1.0.0,2026-09-13T06:28:48Z,1.0.0,1.0.0,1.0.0,2026-09-13T06:28:48Z,READY,30,19,7,0.633333,0.233333,1400,3100,0.451613,163.333333,416a2c883115f79ca748415171c8bd3a0ffbd6d264c3bd924f438a9db2c25078,candle_path_not_fill,UNAVAILABLE,UNAVAILABLE,UNAVAILABLE,NOT_COMPUTABLE,UNAVAILABLE
devalidation,OBSERVED,base_devalidation,desk_break_even,PASS,,hard,superasi_bdebase_v1.0.0,grade_config_v1,2026-09-13T12:02:58Z,913e87a7c8d04ab0af447be670cfcda2,ITI Stress Q4 CROSS 65 REACH 85 40 ITI-05__913e87a7,3766439c96a7dd20c1a357cc9d344f52bdbbe213fb68782d4349329b8cd85c22,d42a28ee37542cabb6f140ba345b132015584963589d3732b3115ed80806cad0,6a547a4c14bdf2904cb47931457dc625742ef8654207540831709bc1c93ea690,ITI Stress Q4 CROSS 65 REACH 85 40 ITI-05,NBA,NBA,2025-2026,2025-10-10,2025-10-31,"{""date_from"":""2025-10-10"",""date_to"":""2025-10-31"",""game_data"":[""pbp""],""leagues"":[""NBA""],""market_data"":[""candles""],""markets"":[""kalshi""],""seasons"":[""2025-2026""],""sports"":[""NBA""]}",TRADABLE_YES_BID,1_MINUTE_CANDLE,available_at,CROSS,"{""id"":""entry_iti_stress"",""op"":""CROSS"",""period"":""Q4"",""price_e4"":7100}",REACH,"{""id"":""win_iti_stress"",""op"":""REACH"",""outcome"":""win"",""price_e4"":8500}",REACH,"{""id"":""loss_iti_stress"",""op"":""REACH"",""outcome"":""loss"",""price_e4"":4000}",HOLD_TO_SETTLEMENT,75d368edb0ad750c5bc7596a46abdf3fabdfd8d1471175a99677c2075fcaeeea,1.0.0,2026-09-13T06:28:48Z,1.0.0,1.0.0,1.0.0,2026-09-13T06:28:48Z,READY,30,19,7,0.633333,0.233333,1400,3100,0.451613,163.333333,416a2c883115f79ca748415171c8bd3a0ffbd6d264c3bd924f438a9db2c25078,candle_path_not_fill,UNAVAILABLE,UNAVAILABLE,UNAVAILABLE,NOT_COMPUTABLE,UNAVAILABLE
devalidation,OBSERVED,base_devalidation,desk_ev_at_70,PASS,,hard,superasi_bdebase_v1.0.0,grade_config_v1,2026-09-13T12:02:58Z,913e87a7c8d04ab0af447be670cfcda2,ITI Stress Q4 CROSS 65 REACH 85 40 ITI-05__913e87a7,3766439c96a7dd20c1a357cc9d344f52bdbbe213fb68782d4349329b8cd85c22,d42a28ee37542cabb6f140ba345b132015584963589d3732b3115ed80806cad0,6a547a4c14bdf2904cb47931457dc625742ef8654207540831709bc1c93ea690,ITI Stress Q4 CROSS 65 REACH 85 40 ITI-05,NBA,NBA,2025-2026,2025-10-10,2025-10-31,"{""date_from"":""2025-10-10"",""date_to"":""2025-10-31"",""game_data"":[""pbp""],""leagues"":[""NBA""],""market_data"":[""candles""],""markets"":[""kalshi""],""seasons"":[""2025-2026""],""sports"":[""NBA""]}",TRADABLE_YES_BID,1_MINUTE_CANDLE,available_at,CROSS,"{""id"":""entry_iti_stress"",""op"":""CROSS"",""period"":""Q4"",""price_e4"":7100}",REACH,"{""id"":""win_iti_stress"",""op"":""REACH"",""outcome"":""win"",""price_e4"":8500}",REACH,"{""id"":""loss_iti_stress"",""op"":""REACH"",""outcome"":""loss"",""price_e4"":4000}",HOLD_TO_SETTLEMENT,75d368edb0ad750c5bc7596a46abdf3fabdfd8d1471175a99677c2075fcaeeea,1.0.0,2026-09-13T06:28:48Z,1.0.0,1.0.0,1.0.0,2026-09-13T06:28:48Z,READY,30,19,7,0.633333,0.233333,1400,3100,0.451613,163.333333,416a2c883115f79ca748415171c8bd3a0ffbd6d264c3bd924f438a9db2c25078,candle_path_not_fill,UNAVAILABLE,UNAVAILABLE,UNAVAILABLE,NOT_COMPUTABLE,UNAVAILABLE
devalidation,OBSERVED,base_devalidation,desk_ev_at_be,PASS,,hard,superasi_bdebase_v1.0.0,grade_config_v1,2026-09-13T12:02:58Z,913e87a7c8d04ab0af447be670cfcda2,ITI Stress Q4 CROSS 65 REACH 85 40 ITI-05__913e87a7,3766439c96a7dd20c1a357cc9d344f52bdbbe213fb68782d4349329b8cd85c22,d42a28ee37542cabb6f140ba345b132015584963589d3732b3115ed80806cad0,6a547a4c14bdf2904cb47931457dc625742ef8654207540831709bc1c93ea690,ITI Stress Q4 CROSS 65 REACH 85 40 ITI-05,NBA,NBA,2025-2026,2025-10-10,2025-10-31,"{""date_from"":""2025-10-10"",""date_to"":""2025-10-31"",""game_data"":[""pbp""],""leagues"":[""NBA""],""market_data"":[""candles""],""markets"":[""kalshi""],""seasons"":[""2025-2026""],""sports"":[""NBA""]}",TRADABLE_YES_BID,1_MINUTE_CANDLE,available_at,CROSS,"{""id"":""entry_iti_stress"",""op"":""CROSS"",""period"":""Q4"",""price_e4"":7100}",REACH,"{""id"":""win_iti_stress"",""op"":""REACH"",""outcome"":""win"",""price_e4"":8500}",REACH,"{""id"":""loss_iti_stress"",""op"":""REACH"",""outcome"":""loss"",""price_e4"":4000}",HOLD_TO_SETTLEMENT,75d368edb0ad750c5bc7596a46abdf3fabdfd8d1471175a99677c2075fcaeeea,1.0.0,2026-09-13T06:28:48Z,1.0.0,1.0.0,1.0.0,2026-09-13T06:28:48Z,READY,30,19,7,0.633333,0.233333,1400,3100,0.451613,163.333333,416a2c883115f79ca748415171c8bd3a0ffbd6d264c3bd924f438a9db2c25078,candle_path_not_fill,UNAVAILABLE,UNAVAILABLE,UNAVAILABLE,NOT_COMPUTABLE,UNAVAILABLE
devalidation,OBSERVED,base_devalidation,desk_week_7,PASS,,hard,superasi_bdebase_v1.0.0,grade_config_v1,2026-09-13T12:02:58Z,913e87a7c8d04ab0af447be670cfcda2,ITI Stress Q4 CROSS 65 REACH 85 40 ITI-05__913e87a7,3766439c96a7dd20c1a357cc9d344f52bdbbe213fb68782d4349329b8cd85c22,d42a28ee37542cabb6f140ba345b132015584963589d3732b3115ed80806cad0,6a547a4c14bdf2904cb47931457dc625742ef8654207540831709bc1c93ea690,ITI Stress Q4 CROSS 65 REACH 85 40 ITI-05,NBA,NBA,2025-2026,2025-10-10,2025-10-31,"{""date_from"":""2025-10-10"",""date_to"":""2025-10-31"",""game_data"":[""pbp""],""leagues"":[""NBA""],""market_data"":[""candles""],""markets"":[""kalshi""],""seasons"":[""2025-2026""],""sports"":[""NBA""]}",TRADABLE_YES_BID,1_MINUTE_CANDLE,available_at,CROSS,"{""id"":""entry_iti_stress"",""op"":""CROSS"",""period"":""Q4"",""price_e4"":7100}",REACH,"{""id"":""win_iti_stress"",""op"":""REACH"",""outcome"":""win"",""price_e4"":8500}",REACH,"{""id"":""loss_iti_stress"",""op"":""REACH"",""outcome"":""loss"",""price_e4"":4000}",HOLD_TO_SETTLEMENT,75d368edb0ad750c5bc7596a46abdf3fabdfd8d1471175a99677c2075fcaeeea,1.0.0,2026-09-13T06:28:48Z,1.0.0,1.0.0,1.0.0,2026-09-13T06:28:48Z,READY,30,19,7,0.633333,0.233333,1400,3100,0.451613,163.333333,416a2c883115f79ca748415171c8bd3a0ffbd6d264c3bd924f438a9db2c25078,candle_path_not_fill,UNAVAILABLE,UNAVAILABLE,UNAVAILABLE,NOT_COMPUTABLE,UNAVAILABLE
devalidation,OBSERVED,base_devalidation,desk_week_10,PASS,,hard,superasi_bdebase_v1.0.0,grade_config_v1,2026-09-13T12:02:58Z,913e87a7c8d04ab0af447be670cfcda2,ITI Stress Q4 CROSS 65 REACH 85 40 ITI-05__913e87a7,3766439c96a7dd20c1a357cc9d344f52bdbbe213fb68782d4349329b8cd85c22,d42a28ee37542cabb6f140ba345b132015584963589d3732b3115ed80806cad0,6a547a4c14bdf2904cb47931457dc625742ef8654207540831709bc1c93ea690,ITI Stress Q4 CROSS 65 REACH 85 40 ITI-05,NBA,NBA,2025-2026,2025-10-10,2025-10-31,"{""date_from"":""2025-10-10"",""date_to"":""2025-10-31"",""game_data"":[""pbp""],""leagues"":[""NBA""],""market_data"":[""candles""],""markets"":[""kalshi""],""seasons"":[""2025-2026""],""sports"":[""NBA""]}",TRADABLE_YES_BID,1_MINUTE_CANDLE,available_at,CROSS,"{""id"":""entry_iti_stress"",""op"":""CROSS"",""period"":""Q4"",""price_e4"":7100}",REACH,"{""id"":""win_iti_stress"",""op"":""REACH"",""outcome"":""win"",""price_e4"":8500}",REACH,"{""id"":""loss_iti_stress"",""op"":""REACH"",""outcome"":""loss"",""price_e4"":4000}",HOLD_TO_SETTLEMENT,75d368edb0ad750c5bc7596a46abdf3fabdfd8d1471175a99677c2075fcaeeea,1.0.0,2026-09-13T06:28:48Z,1.0.0,1.0.0,1.0.0,2026-09-13T06:28:48Z,READY,30,19,7,0.633333,0.233333,1400,3100,0.451613,163.333333,416a2c883115f79ca748415171c8bd3a0ffbd6d264c3bd924f438a9db2c25078,candle_path_not_fill,UNAVAILABLE,UNAVAILABLE,UNAVAILABLE,NOT_COMPUTABLE,UNAVAILABLE
devalidation,OBSERVED,base_devalidation,desk_week_0,PASS,,hard,superasi_bdebase_v1.0.0,grade_config_v1,2026-09-13T12:02:58Z,913e87a7c8d04ab0af447be670cfcda2,ITI Stress Q4 CROSS 65 REACH 85 40 ITI-05__913e87a7,3766439c96a7dd20c1a357cc9d344f52bdbbe213fb68782d4349329b8cd85c22,d42a28ee37542cabb6f140ba345b132015584963589d3732b3115ed80806cad0,6a547a4c14bdf2904cb47931457dc625742ef8654207540831709bc1c93ea690,ITI Stress Q4 CROSS 65 REACH 85 40 ITI-05,NBA,NBA,2025-2026,2025-10-10,2025-10-31,"{""date_from"":""2025-10-10"",""date_to"":""2025-10-31"",""game_data"":[""pbp""],""leagues"":[""NBA""],""market_data"":[""candles""],""markets"":[""kalshi""],""seasons"":[""2025-2026""],""sports"":[""NBA""]}",TRADABLE_YES_BID,1_MINUTE_CANDLE,available_at,CROSS,"{""id"":""entry_iti_stress"",""op"":""CROSS"",""period"":""Q4"",""price_e4"":7100}",REACH,"{""id"":""win_iti_stress"",""op"":""REACH"",""outcome"":""win"",""price_e4"":8500}",REACH,"{""id"":""loss_iti_stress"",""op"":""REACH"",""outcome"":""loss"",""price_e4"":4000}",HOLD_TO_SETTLEMENT,75d368edb0ad750c5bc7596a46abdf3fabdfd8d1471175a99677c2075fcaeeea,1.0.0,2026-09-13T06:28:48Z,1.0.0,1.0.0,1.0.0,2026-09-13T06:28:48Z,READY,30,19,7,0.633333,0.233333,1400,3100,0.451613,163.333333,416a2c883115f79ca748415171c8bd3a0ffbd6d264c3bd924f438a9db2c25078,candle_path_not_fill,UNAVAILABLE,UNAVAILABLE,UNAVAILABLE,NOT_COMPUTABLE,UNAVAILABLE
devalidation,OBSERVED,base_devalidation,desk_compound_20,PASS,,hard,superasi_bdebase_v1.0.0,grade_config_v1,2026-09-13T12:02:58Z,913e87a7c8d04ab0af447be670cfcda2,ITI Stress Q4 CROSS 65 REACH 85 40 ITI-05__913e87a7,3766439c96a7dd20c1a357cc9d344f52bdbbe213fb68782d4349329b8cd85c22,d42a28ee37542cabb6f140ba345b132015584963589d3732b3115ed80806cad0,6a547a4c14bdf2904cb47931457dc625742ef8654207540831709bc1c93ea690,ITI Stress Q4 CROSS 65 REACH 85 40 ITI-05,NBA,NBA,2025-2026,2025-10-10,2025-10-31,"{""date_from"":""2025-10-10"",""date_to"":""2025-10-31"",""game_data"":[""pbp""],""leagues"":[""NBA""],""market_data"":[""candles""],""markets"":[""kalshi""],""seasons"":[""2025-2026""],""sports"":[""NBA""]}",TRADABLE_YES_BID,1_MINUTE_CANDLE,available_at,CROSS,"{""id"":""entry_iti_stress"",""op"":""CROSS"",""period"":""Q4"",""price_e4"":7100}",REACH,"{""id"":""win_iti_stress"",""op"":""REACH"",""outcome"":""win"",""price_e4"":8500}",REACH,"{""id"":""loss_iti_stress"",""op"":""REACH"",""outcome"":""loss"",""price_e4"":4000}",HOLD_TO_SETTLEMENT,75d368edb0ad750c5bc7596a46abdf3fabdfd8d1471175a99677c2075fcaeeea,1.0.0,2026-09-13T06:28:48Z,1.0.0,1.0.0,1.0.0,2026-09-13T06:28:48Z,READY,30,19,7,0.633333,0.233333,1400,3100,0.451613,163.333333,416a2c883115f79ca748415171c8bd3a0ffbd6d264c3bd924f438a9db2c25078,candle_path_not_fill,UNAVAILABLE,UNAVAILABLE,UNAVAILABLE,NOT_COMPUTABLE,UNAVAILABLE
devalidation,OBSERVED,base_devalidation,desk_target_30k,PASS,,hard,superasi_bdebase_v1.0.0,grade_config_v1,2026-09-13T12:02:58Z,913e87a7c8d04ab0af447be670cfcda2,ITI Stress Q4 CROSS 65 REACH 85 40 ITI-05__913e87a7,3766439c96a7dd20c1a357cc9d344f52bdbbe213fb68782d4349329b8cd85c22,d42a28ee37542cabb6f140ba345b132015584963589d3732b3115ed80806cad0,6a547a4c14bdf2904cb47931457dc625742ef8654207540831709bc1c93ea690,ITI Stress Q4 CROSS 65 REACH 85 40 ITI-05,NBA,NBA,2025-2026,2025-10-10,2025-10-31,"{""date_from"":""2025-10-10"",""date_to"":""2025-10-31"",""game_data"":[""pbp""],""leagues"":[""NBA""],""market_data"":[""candles""],""markets"":[""kalshi""],""seasons"":[""2025-2026""],""sports"":[""NBA""]}",TRADABLE_YES_BID,1_MINUTE_CANDLE,available_at,CROSS,"{""id"":""entry_iti_stress"",""op"":""CROSS"",""period"":""Q4"",""price_e4"":7100}",REACH,"{""id"":""win_iti_stress"",""op"":""REACH"",""outcome"":""win"",""price_e4"":8500}",REACH,"{""id"":""loss_iti_stress"",""op"":""REACH"",""outcome"":""loss"",""price_e4"":4000}",HOLD_TO_SETTLEMENT,75d368edb0ad750c5bc7596a46abdf3fabdfd8d1471175a99677c2075fcaeeea,1.0.0,2026-09-13T06:28:48Z,1.0.0,1.0.0,1.0.0,2026-09-13T06:28:48Z,READY,30,19,7,0.633333,0.233333,1400,3100,0.451613,163.333333,416a2c883115f79ca748415171c8bd3a0ffbd6d264c3bd924f438a9db2c25078,candle_path_not_fill,UNAVAILABLE,UNAVAILABLE,UNAVAILABLE,NOT_COMPUTABLE,UNAVAILABLE
devalidation,OBSERVED,base_devalidation,desk_floor_14999,PASS,,hard,superasi_bdebase_v1.0.0,grade_config_v1,2026-09-13T12:02:58Z,913e87a7c8d04ab0af447be670cfcda2,ITI Stress Q4 CROSS 65 REACH 85 40 ITI-05__913e87a7,3766439c96a7dd20c1a357cc9d344f52bdbbe213fb68782d4349329b8cd85c22,d42a28ee37542cabb6f140ba345b132015584963589d3732b3115ed80806cad0,6a547a4c14bdf2904cb47931457dc625742ef8654207540831709bc1c93ea690,ITI Stress Q4 CROSS 65 REACH 85 40 ITI-05,NBA,NBA,2025-2026,2025-10-10,2025-10-31,"{""date_from"":""2025-10-10"",""date_to"":""2025-10-31"",""game_data"":[""pbp""],""leagues"":[""NBA""],""market_data"":[""candles""],""markets"":[""kalshi""],""seasons"":[""2025-2026""],""sports"":[""NBA""]}",TRADABLE_YES_BID,1_MINUTE_CANDLE,available_at,CROSS,"{""id"":""entry_iti_stress"",""op"":""CROSS"",""period"":""Q4"",""price_e4"":7100}",REACH,"{""id"":""win_iti_stress"",""op"":""REACH"",""outcome"":""win"",""price_e4"":8500}",REACH,"{""id"":""loss_iti_stress"",""op"":""REACH"",""outcome"":""loss"",""price_e4"":4000}",HOLD_TO_SETTLEMENT,75d368edb0ad750c5bc7596a46abdf3fabdfd8d1471175a99677c2075fcaeeea,1.0.0,2026-09-13T06:28:48Z,1.0.0,1.0.0,1.0.0,2026-09-13T06:28:48Z,READY,30,19,7,0.633333,0.233333,1400,3100,0.451613,163.333333,416a2c883115f79ca748415171c8bd3a0ffbd6d264c3bd924f438a9db2c25078,candle_path_not_fill,UNAVAILABLE,UNAVAILABLE,UNAVAILABLE,NOT_COMPUTABLE,UNAVAILABLE
risk_profile,MONTE_CARLO,base_decomposition,bernoulli_paths,100000,count,bernoulli,superasi_bdebase_v1.0.0,grade_config_v1,2026-09-13T12:02:58Z,913e87a7c8d04ab0af447be670cfcda2,ITI Stress Q4 CROSS 65 REACH 85 40 ITI-05__913e87a7,3766439c96a7dd20c1a357cc9d344f52bdbbe213fb68782d4349329b8cd85c22,d42a28ee37542cabb6f140ba345b132015584963589d3732b3115ed80806cad0,6a547a4c14bdf2904cb47931457dc625742ef8654207540831709bc1c93ea690,ITI Stress Q4 CROSS 65 REACH 85 40 ITI-05,NBA,NBA,2025-2026,2025-10-10,2025-10-31,"{""date_from"":""2025-10-10"",""date_to"":""2025-10-31"",""game_data"":[""pbp""],""leagues"":[""NBA""],""market_data"":[""candles""],""markets"":[""kalshi""],""seasons"":[""2025-2026""],""sports"":[""NBA""]}",TRADABLE_YES_BID,1_MINUTE_CANDLE,available_at,CROSS,"{""id"":""entry_iti_stress"",""op"":""CROSS"",""period"":""Q4"",""price_e4"":7100}",REACH,"{""id"":""win_iti_stress"",""op"":""REACH"",""outcome"":""win"",""price_e4"":8500}",REACH,"{""id"":""loss_iti_stress"",""op"":""REACH"",""outcome"":""loss"",""price_e4"":4000}",HOLD_TO_SETTLEMENT,75d368edb0ad750c5bc7596a46abdf3fabdfd8d1471175a99677c2075fcaeeea,1.0.0,2026-09-13T06:28:48Z,1.0.0,1.0.0,1.0.0,2026-09-13T06:28:48Z,READY,30,19,7,0.633333,0.233333,1400,3100,0.451613,163.333333,416a2c883115f79ca748415171c8bd3a0ffbd6d264c3bd924f438a9db2c25078,candle_path_not_fill,UNAVAILABLE,UNAVAILABLE,UNAVAILABLE,NOT_COMPUTABLE,UNAVAILABLE
risk_profile,MONTE_CARLO,base_decomposition,bernoulli_P_min_bankroll_le_floor,0.999370,fraction,bernoulli,superasi_bdebase_v1.0.0,grade_config_v1,2026-09-13T12:02:58Z,913e87a7c8d04ab0af447be670cfcda2,ITI Stress Q4 CROSS 65 REACH 85 40 ITI-05__913e87a7,3766439c96a7dd20c1a357cc9d344f52bdbbe213fb68782d4349329b8cd85c22,d42a28ee37542cabb6f140ba345b132015584963589d3732b3115ed80806cad0,6a547a4c14bdf2904cb47931457dc625742ef8654207540831709bc1c93ea690,ITI Stress Q4 CROSS 65 REACH 85 40 ITI-05,NBA,NBA,2025-2026,2025-10-10,2025-10-31,"{""date_from"":""2025-10-10"",""date_to"":""2025-10-31"",""game_data"":[""pbp""],""leagues"":[""NBA""],""market_data"":[""candles""],""markets"":[""kalshi""],""seasons"":[""2025-2026""],""sports"":[""NBA""]}",TRADABLE_YES_BID,1_MINUTE_CANDLE,available_at,CROSS,"{""id"":""entry_iti_stress"",""op"":""CROSS"",""period"":""Q4"",""price_e4"":7100}",REACH,"{""id"":""win_iti_stress"",""op"":""REACH"",""outcome"":""win"",""price_e4"":8500}",REACH,"{""id"":""loss_iti_stress"",""op"":""REACH"",""outcome"":""loss"",""price_e4"":4000}",HOLD_TO_SETTLEMENT,75d368edb0ad750c5bc7596a46abdf3fabdfd8d1471175a99677c2075fcaeeea,1.0.0,2026-09-13T06:28:48Z,1.0.0,1.0.0,1.0.0,2026-09-13T06:28:48Z,READY,30,19,7,0.633333,0.233333,1400,3100,0.451613,163.333333,416a2c883115f79ca748415171c8bd3a0ffbd6d264c3bd924f438a9db2c25078,candle_path_not_fill,UNAVAILABLE,UNAVAILABLE,UNAVAILABLE,NOT_COMPUTABLE,UNAVAILABLE
risk_profile,MONTE_CARLO,base_decomposition,bernoulli_P_final_ge_target,0.000000,fraction,bernoulli,superasi_bdebase_v1.0.0,grade_config_v1,2026-09-13T12:02:58Z,913e87a7c8d04ab0af447be670cfcda2,ITI Stress Q4 CROSS 65 REACH 85 40 ITI-05__913e87a7,3766439c96a7dd20c1a357cc9d344f52bdbbe213fb68782d4349329b8cd85c22,d42a28ee37542cabb6f140ba345b132015584963589d3732b3115ed80806cad0,6a547a4c14bdf2904cb47931457dc625742ef8654207540831709bc1c93ea690,ITI Stress Q4 CROSS 65 REACH 85 40 ITI-05,NBA,NBA,2025-2026,2025-10-10,2025-10-31,"{""date_from"":""2025-10-10"",""date_to"":""2025-10-31"",""game_data"":[""pbp""],""leagues"":[""NBA""],""market_data"":[""candles""],""markets"":[""kalshi""],""seasons"":[""2025-2026""],""sports"":[""NBA""]}",TRADABLE_YES_BID,1_MINUTE_CANDLE,available_at,CROSS,"{""id"":""entry_iti_stress"",""op"":""CROSS"",""period"":""Q4"",""price_e4"":7100}",REACH,"{""id"":""win_iti_stress"",""op"":""REACH"",""outcome"":""win"",""price_e4"":8500}",REACH,"{""id"":""loss_iti_stress"",""op"":""REACH"",""outcome"":""loss"",""price_e4"":4000}",HOLD_TO_SETTLEMENT,75d368edb0ad750c5bc7596a46abdf3fabdfd8d1471175a99677c2075fcaeeea,1.0.0,2026-09-13T06:28:48Z,1.0.0,1.0.0,1.0.0,2026-09-13T06:28:48Z,READY,30,19,7,0.633333,0.233333,1400,3100,0.451613,163.333333,416a2c883115f79ca748415171c8bd3a0ffbd6d264c3bd924f438a9db2c25078,candle_path_not_fill,UNAVAILABLE,UNAVAILABLE,UNAVAILABLE,NOT_COMPUTABLE,UNAVAILABLE
risk_profile,MONTE_CARLO,base_decomposition,bernoulli_expected_20_week_return,-0.622073,fraction,bernoulli,superasi_bdebase_v1.0.0,grade_config_v1,2026-09-13T12:02:58Z,913e87a7c8d04ab0af447be670cfcda2,ITI Stress Q4 CROSS 65 REACH 85 40 ITI-05__913e87a7,3766439c96a7dd20c1a357cc9d344f52bdbbe213fb68782d4349329b8cd85c22,d42a28ee37542cabb6f140ba345b132015584963589d3732b3115ed80806cad0,6a547a4c14bdf2904cb47931457dc625742ef8654207540831709bc1c93ea690,ITI Stress Q4 CROSS 65 REACH 85 40 ITI-05,NBA,NBA,2025-2026,2025-10-10,2025-10-31,"{""date_from"":""2025-10-10"",""date_to"":""2025-10-31"",""game_data"":[""pbp""],""leagues"":[""NBA""],""market_data"":[""candles""],""markets"":[""kalshi""],""seasons"":[""2025-2026""],""sports"":[""NBA""]}",TRADABLE_YES_BID,1_MINUTE_CANDLE,available_at,CROSS,"{""id"":""entry_iti_stress"",""op"":""CROSS"",""period"":""Q4"",""price_e4"":7100}",REACH,"{""id"":""win_iti_stress"",""op"":""REACH"",""outcome"":""win"",""price_e4"":8500}",REACH,"{""id"":""loss_iti_stress"",""op"":""REACH"",""outcome"":""loss"",""price_e4"":4000}",HOLD_TO_SETTLEMENT,75d368edb0ad750c5bc7596a46abdf3fabdfd8d1471175a99677c2075fcaeeea,1.0.0,2026-09-13T06:28:48Z,1.0.0,1.0.0,1.0.0,2026-09-13T06:28:48Z,READY,30,19,7,0.633333,0.233333,1400,3100,0.451613,163.333333,416a2c883115f79ca748415171c8bd3a0ffbd6d264c3bd924f438a9db2c25078,candle_path_not_fill,UNAVAILABLE,UNAVAILABLE,UNAVAILABLE,NOT_COMPUTABLE,UNAVAILABLE
risk_profile,MONTE_CARLO,base_decomposition,bernoulli_mean_terminal_bankroll,7558.532930,usd,bernoulli,superasi_bdebase_v1.0.0,grade_config_v1,2026-09-13T12:02:58Z,913e87a7c8d04ab0af447be670cfcda2,ITI Stress Q4 CROSS 65 REACH 85 40 ITI-05__913e87a7,3766439c96a7dd20c1a357cc9d344f52bdbbe213fb68782d4349329b8cd85c22,d42a28ee37542cabb6f140ba345b132015584963589d3732b3115ed80806cad0,6a547a4c14bdf2904cb47931457dc625742ef8654207540831709bc1c93ea690,ITI Stress Q4 CROSS 65 REACH 85 40 ITI-05,NBA,NBA,2025-2026,2025-10-10,2025-10-31,"{""date_from"":""2025-10-10"",""date_to"":""2025-10-31"",""game_data"":[""pbp""],""leagues"":[""NBA""],""market_data"":[""candles""],""markets"":[""kalshi""],""seasons"":[""2025-2026""],""sports"":[""NBA""]}",TRADABLE_YES_BID,1_MINUTE_CANDLE,available_at,CROSS,"{""id"":""entry_iti_stress"",""op"":""CROSS"",""period"":""Q4"",""price_e4"":7100}",REACH,"{""id"":""win_iti_stress"",""op"":""REACH"",""outcome"":""win"",""price_e4"":8500}",REACH,"{""id"":""loss_iti_stress"",""op"":""REACH"",""outcome"":""loss"",""price_e4"":4000}",HOLD_TO_SETTLEMENT,75d368edb0ad750c5bc7596a46abdf3fabdfd8d1471175a99677c2075fcaeeea,1.0.0,2026-09-13T06:28:48Z,1.0.0,1.0.0,1.0.0,2026-09-13T06:28:48Z,READY,30,19,7,0.633333,0.233333,1400,3100,0.451613,163.333333,416a2c883115f79ca748415171c8bd3a0ffbd6d264c3bd924f438a9db2c25078,candle_path_not_fill,UNAVAILABLE,UNAVAILABLE,UNAVAILABLE,NOT_COMPUTABLE,UNAVAILABLE
risk_profile,MONTE_CARLO,base_decomposition,bernoulli_median_terminal_bankroll,7384.831442,usd,bernoulli,superasi_bdebase_v1.0.0,grade_config_v1,2026-09-13T12:02:58Z,913e87a7c8d04ab0af447be670cfcda2,ITI Stress Q4 CROSS 65 REACH 85 40 ITI-05__913e87a7,3766439c96a7dd20c1a357cc9d344f52bdbbe213fb68782d4349329b8cd85c22,d42a28ee37542cabb6f140ba345b132015584963589d3732b3115ed80806cad0,6a547a4c14bdf2904cb47931457dc625742ef8654207540831709bc1c93ea690,ITI Stress Q4 CROSS 65 REACH 85 40 ITI-05,NBA,NBA,2025-2026,2025-10-10,2025-10-31,"{""date_from"":""2025-10-10"",""date_to"":""2025-10-31"",""game_data"":[""pbp""],""leagues"":[""NBA""],""market_data"":[""candles""],""markets"":[""kalshi""],""seasons"":[""2025-2026""],""sports"":[""NBA""]}",TRADABLE_YES_BID,1_MINUTE_CANDLE,available_at,CROSS,"{""id"":""entry_iti_stress"",""op"":""CROSS"",""period"":""Q4"",""price_e4"":7100}",REACH,"{""id"":""win_iti_stress"",""op"":""REACH"",""outcome"":""win"",""price_e4"":8500}",REACH,"{""id"":""loss_iti_stress"",""op"":""REACH"",""outcome"":""loss"",""price_e4"":4000}",HOLD_TO_SETTLEMENT,75d368edb0ad750c5bc7596a46abdf3fabdfd8d1471175a99677c2075fcaeeea,1.0.0,2026-09-13T06:28:48Z,1.0.0,1.0.0,1.0.0,2026-09-13T06:28:48Z,READY,30,19,7,0.633333,0.233333,1400,3100,0.451613,163.333333,416a2c883115f79ca748415171c8bd3a0ffbd6d264c3bd924f438a9db2c25078,candle_path_not_fill,UNAVAILABLE,UNAVAILABLE,UNAVAILABLE,NOT_COMPUTABLE,UNAVAILABLE
risk_profile,MONTE_CARLO,base_decomposition,bernoulli_mdd_p95,-0.451593,fraction,bernoulli,superasi_bdebase_v1.0.0,grade_config_v1,2026-09-13T12:02:58Z,913e87a7c8d04ab0af447be670cfcda2,ITI Stress Q4 CROSS 65 REACH 85 40 ITI-05__913e87a7,3766439c96a7dd20c1a357cc9d344f52bdbbe213fb68782d4349329b8cd85c22,d42a28ee37542cabb6f140ba345b132015584963589d3732b3115ed80806cad0,6a547a4c14bdf2904cb47931457dc625742ef8654207540831709bc1c93ea690,ITI Stress Q4 CROSS 65 REACH 85 40 ITI-05,NBA,NBA,2025-2026,2025-10-10,2025-10-31,"{""date_from"":""2025-10-10"",""date_to"":""2025-10-31"",""game_data"":[""pbp""],""leagues"":[""NBA""],""market_data"":[""candles""],""markets"":[""kalshi""],""seasons"":[""2025-2026""],""sports"":[""NBA""]}",TRADABLE_YES_BID,1_MINUTE_CANDLE,available_at,CROSS,"{""id"":""entry_iti_stress"",""op"":""CROSS"",""period"":""Q4"",""price_e4"":7100}",REACH,"{""id"":""win_iti_stress"",""op"":""REACH"",""outcome"":""win"",""price_e4"":8500}",REACH,"{""id"":""loss_iti_stress"",""op"":""REACH"",""outcome"":""loss"",""price_e4"":4000}",HOLD_TO_SETTLEMENT,75d368edb0ad750c5bc7596a46abdf3fabdfd8d1471175a99677c2075fcaeeea,1.0.0,2026-09-13T06:28:48Z,1.0.0,1.0.0,1.0.0,2026-09-13T06:28:48Z,READY,30,19,7,0.633333,0.233333,1400,3100,0.451613,163.333333,416a2c883115f79ca748415171c8bd3a0ffbd6d264c3bd924f438a9db2c25078,candle_path_not_fill,UNAVAILABLE,UNAVAILABLE,UNAVAILABLE,NOT_COMPUTABLE,UNAVAILABLE
risk_profile,MONTE_CARLO,base_decomposition,bernoulli_se_P_min_bankroll_le_floor,0.000079,fraction,bernoulli,superasi_bdebase_v1.0.0,grade_config_v1,2026-09-13T12:02:58Z,913e87a7c8d04ab0af447be670cfcda2,ITI Stress Q4 CROSS 65 REACH 85 40 ITI-05__913e87a7,3766439c96a7dd20c1a357cc9d344f52bdbbe213fb68782d4349329b8cd85c22,d42a28ee37542cabb6f140ba345b132015584963589d3732b3115ed80806cad0,6a547a4c14bdf2904cb47931457dc625742ef8654207540831709bc1c93ea690,ITI Stress Q4 CROSS 65 REACH 85 40 ITI-05,NBA,NBA,2025-2026,2025-10-10,2025-10-31,"{""date_from"":""2025-10-10"",""date_to"":""2025-10-31"",""game_data"":[""pbp""],""leagues"":[""NBA""],""market_data"":[""candles""],""markets"":[""kalshi""],""seasons"":[""2025-2026""],""sports"":[""NBA""]}",TRADABLE_YES_BID,1_MINUTE_CANDLE,available_at,CROSS,"{""id"":""entry_iti_stress"",""op"":""CROSS"",""period"":""Q4"",""price_e4"":7100}",REACH,"{""id"":""win_iti_stress"",""op"":""REACH"",""outcome"":""win"",""price_e4"":8500}",REACH,"{""id"":""loss_iti_stress"",""op"":""REACH"",""outcome"":""loss"",""price_e4"":4000}",HOLD_TO_SETTLEMENT,75d368edb0ad750c5bc7596a46abdf3fabdfd8d1471175a99677c2075fcaeeea,1.0.0,2026-09-13T06:28:48Z,1.0.0,1.0.0,1.0.0,2026-09-13T06:28:48Z,READY,30,19,7,0.633333,0.233333,1400,3100,0.451613,163.333333,416a2c883115f79ca748415171c8bd3a0ffbd6d264c3bd924f438a9db2c25078,candle_path_not_fill,UNAVAILABLE,UNAVAILABLE,UNAVAILABLE,NOT_COMPUTABLE,UNAVAILABLE
risk_profile,MONTE_CARLO,base_decomposition,bernoulli_se_P_final_ge_target,0.000000,fraction,bernoulli,superasi_bdebase_v1.0.0,grade_config_v1,2026-09-13T12:02:58Z,913e87a7c8d04ab0af447be670cfcda2,ITI Stress Q4 CROSS 65 REACH 85 40 ITI-05__913e87a7,3766439c96a7dd20c1a357cc9d344f52bdbbe213fb68782d4349329b8cd85c22,d42a28ee37542cabb6f140ba345b132015584963589d3732b3115ed80806cad0,6a547a4c14bdf2904cb47931457dc625742ef8654207540831709bc1c93ea690,ITI Stress Q4 CROSS 65 REACH 85 40 ITI-05,NBA,NBA,2025-2026,2025-10-10,2025-10-31,"{""date_from"":""2025-10-10"",""date_to"":""2025-10-31"",""game_data"":[""pbp""],""leagues"":[""NBA""],""market_data"":[""candles""],""markets"":[""kalshi""],""seasons"":[""2025-2026""],""sports"":[""NBA""]}",TRADABLE_YES_BID,1_MINUTE_CANDLE,available_at,CROSS,"{""id"":""entry_iti_stress"",""op"":""CROSS"",""period"":""Q4"",""price_e4"":7100}",REACH,"{""id"":""win_iti_stress"",""op"":""REACH"",""outcome"":""win"",""price_e4"":8500}",REACH,"{""id"":""loss_iti_stress"",""op"":""REACH"",""outcome"":""loss"",""price_e4"":4000}",HOLD_TO_SETTLEMENT,75d368edb0ad750c5bc7596a46abdf3fabdfd8d1471175a99677c2075fcaeeea,1.0.0,2026-09-13T06:28:48Z,1.0.0,1.0.0,1.0.0,2026-09-13T06:28:48Z,READY,30,19,7,0.633333,0.233333,1400,3100,0.451613,163.333333,416a2c883115f79ca748415171c8bd3a0ffbd6d264c3bd924f438a9db2c25078,candle_path_not_fill,UNAVAILABLE,UNAVAILABLE,UNAVAILABLE,NOT_COMPUTABLE,UNAVAILABLE
risk_profile,MONTE_CARLO,base_decomposition,bernoulli_se_P_final_lt_B0,0.000000,fraction,bernoulli,superasi_bdebase_v1.0.0,grade_config_v1,2026-09-13T12:02:58Z,913e87a7c8d04ab0af447be670cfcda2,ITI Stress Q4 CROSS 65 REACH 85 40 ITI-05__913e87a7,3766439c96a7dd20c1a357cc9d344f52bdbbe213fb68782d4349329b8cd85c22,d42a28ee37542cabb6f140ba345b132015584963589d3732b3115ed80806cad0,6a547a4c14bdf2904cb47931457dc625742ef8654207540831709bc1c93ea690,ITI Stress Q4 CROSS 65 REACH 85 40 ITI-05,NBA,NBA,2025-2026,2025-10-10,2025-10-31,"{""date_from"":""2025-10-10"",""date_to"":""2025-10-31"",""game_data"":[""pbp""],""leagues"":[""NBA""],""market_data"":[""candles""],""markets"":[""kalshi""],""seasons"":[""2025-2026""],""sports"":[""NBA""]}",TRADABLE_YES_BID,1_MINUTE_CANDLE,available_at,CROSS,"{""id"":""entry_iti_stress"",""op"":""CROSS"",""period"":""Q4"",""price_e4"":7100}",REACH,"{""id"":""win_iti_stress"",""op"":""REACH"",""outcome"":""win"",""price_e4"":8500}",REACH,"{""id"":""loss_iti_stress"",""op"":""REACH"",""outcome"":""loss"",""price_e4"":4000}",HOLD_TO_SETTLEMENT,75d368edb0ad750c5bc7596a46abdf3fabdfd8d1471175a99677c2075fcaeeea,1.0.0,2026-09-13T06:28:48Z,1.0.0,1.0.0,1.0.0,2026-09-13T06:28:48Z,READY,30,19,7,0.633333,0.233333,1400,3100,0.451613,163.333333,416a2c883115f79ca748415171c8bd3a0ffbd6d264c3bd924f438a9db2c25078,candle_path_not_fill,UNAVAILABLE,UNAVAILABLE,UNAVAILABLE,NOT_COMPUTABLE,UNAVAILABLE
path_bands,MONTE_CARLO,base_decomposition,bernoulli_week_1_p5,17535.211268,usd,bernoulli,superasi_bdebase_v1.0.0,grade_config_v1,2026-09-13T12:02:58Z,913e87a7c8d04ab0af447be670cfcda2,ITI Stress Q4 CROSS 65 REACH 85 40 ITI-05__913e87a7,3766439c96a7dd20c1a357cc9d344f52bdbbe213fb68782d4349329b8cd85c22,d42a28ee37542cabb6f140ba345b132015584963589d3732b3115ed80806cad0,6a547a4c14bdf2904cb47931457dc625742ef8654207540831709bc1c93ea690,ITI Stress Q4 CROSS 65 REACH 85 40 ITI-05,NBA,NBA,2025-2026,2025-10-10,2025-10-31,"{""date_from"":""2025-10-10"",""date_to"":""2025-10-31"",""game_data"":[""pbp""],""leagues"":[""NBA""],""market_data"":[""candles""],""markets"":[""kalshi""],""seasons"":[""2025-2026""],""sports"":[""NBA""]}",TRADABLE_YES_BID,1_MINUTE_CANDLE,available_at,CROSS,"{""id"":""entry_iti_stress"",""op"":""CROSS"",""period"":""Q4"",""price_e4"":7100}",REACH,"{""id"":""win_iti_stress"",""op"":""REACH"",""outcome"":""win"",""price_e4"":8500}",REACH,"{""id"":""loss_iti_stress"",""op"":""REACH"",""outcome"":""loss"",""price_e4"":4000}",HOLD_TO_SETTLEMENT,75d368edb0ad750c5bc7596a46abdf3fabdfd8d1471175a99677c2075fcaeeea,1.0.0,2026-09-13T06:28:48Z,1.0.0,1.0.0,1.0.0,2026-09-13T06:28:48Z,READY,30,19,7,0.633333,0.233333,1400,3100,0.451613,163.333333,416a2c883115f79ca748415171c8bd3a0ffbd6d264c3bd924f438a9db2c25078,candle_path_not_fill,UNAVAILABLE,UNAVAILABLE,UNAVAILABLE,NOT_COMPUTABLE,UNAVAILABLE
path_bands,MONTE_CARLO,base_decomposition,bernoulli_week_1_p25,18169.014085,usd,bernoulli,superasi_bdebase_v1.0.0,grade_config_v1,2026-09-13T12:02:58Z,913e87a7c8d04ab0af447be670cfcda2,ITI Stress Q4 CROSS 65 REACH 85 40 ITI-05__913e87a7,3766439c96a7dd20c1a357cc9d344f52bdbbe213fb68782d4349329b8cd85c22,d42a28ee37542cabb6f140ba345b132015584963589d3732b3115ed80806cad0,6a547a4c14bdf2904cb47931457dc625742ef8654207540831709bc1c93ea690,ITI Stress Q4 CROSS 65 REACH 85 40 ITI-05,NBA,NBA,2025-2026,2025-10-10,2025-10-31,"{""date_from"":""2025-10-10"",""date_to"":""2025-10-31"",""game_data"":[""pbp""],""leagues"":[""NBA""],""market_data"":[""candles""],""markets"":[""kalshi""],""seasons"":[""2025-2026""],""sports"":[""NBA""]}",TRADABLE_YES_BID,1_MINUTE_CANDLE,available_at,CROSS,"{""id"":""entry_iti_stress"",""op"":""CROSS"",""period"":""Q4"",""price_e4"":7100}",REACH,"{""id"":""win_iti_stress"",""op"":""REACH"",""outcome"":""win"",""price_e4"":8500}",REACH,"{""id"":""loss_iti_stress"",""op"":""REACH"",""outcome"":""loss"",""price_e4"":4000}",HOLD_TO_SETTLEMENT,75d368edb0ad750c5bc7596a46abdf3fabdfd8d1471175a99677c2075fcaeeea,1.0.0,2026-09-13T06:28:48Z,1.0.0,1.0.0,1.0.0,2026-09-13T06:28:48Z,READY,30,19,7,0.633333,0.233333,1400,3100,0.451613,163.333333,416a2c883115f79ca748415171c8bd3a0ffbd6d264c3bd924f438a9db2c25078,candle_path_not_fill,UNAVAILABLE,UNAVAILABLE,UNAVAILABLE,NOT_COMPUTABLE,UNAVAILABLE
path_bands,MONTE_CARLO,base_decomposition,bernoulli_week_1_p50,18802.816901,usd,bernoulli,superasi_bdebase_v1.0.0,grade_config_v1,2026-09-13T12:02:58Z,913e87a7c8d04ab0af447be670cfcda2,ITI Stress Q4 CROSS 65 REACH 85 40 ITI-05__913e87a7,3766439c96a7dd20c1a357cc9d344f52bdbbe213fb68782d4349329b8cd85c22,d42a28ee37542cabb6f140ba345b132015584963589d3732b3115ed80806cad0,6a547a4c14bdf2904cb47931457dc625742ef8654207540831709bc1c93ea690,ITI Stress Q4 CROSS 65 REACH 85 40 ITI-05,NBA,NBA,2025-2026,2025-10-10,2025-10-31,"{""date_from"":""2025-10-10"",""date_to"":""2025-10-31"",""game_data"":[""pbp""],""leagues"":[""NBA""],""market_data"":[""candles""],""markets"":[""kalshi""],""seasons"":[""2025-2026""],""sports"":[""NBA""]}",TRADABLE_YES_BID,1_MINUTE_CANDLE,available_at,CROSS,"{""id"":""entry_iti_stress"",""op"":""CROSS"",""period"":""Q4"",""price_e4"":7100}",REACH,"{""id"":""win_iti_stress"",""op"":""REACH"",""outcome"":""win"",""price_e4"":8500}",REACH,"{""id"":""loss_iti_stress"",""op"":""REACH"",""outcome"":""loss"",""price_e4"":4000}",HOLD_TO_SETTLEMENT,75d368edb0ad750c5bc7596a46abdf3fabdfd8d1471175a99677c2075fcaeeea,1.0.0,2026-09-13T06:28:48Z,1.0.0,1.0.0,1.0.0,2026-09-13T06:28:48Z,READY,30,19,7,0.633333,0.233333,1400,3100,0.451613,163.333333,416a2c883115f79ca748415171c8bd3a0ffbd6d264c3bd924f438a9db2c25078,candle_path_not_fill,UNAVAILABLE,UNAVAILABLE,UNAVAILABLE,NOT_COMPUTABLE,UNAVAILABLE
path_bands,MONTE_CARLO,base_decomposition,bernoulli_week_1_p75,19436.619718,usd,bernoulli,superasi_bdebase_v1.0.0,grade_config_v1,2026-09-13T12:02:58Z,913e87a7c8d04ab0af447be670cfcda2,ITI Stress Q4 CROSS 65 REACH 85 40 ITI-05__913e87a7,3766439c96a7dd20c1a357cc9d344f52bdbbe213fb68782d4349329b8cd85c22,d42a28ee37542cabb6f140ba345b132015584963589d3732b3115ed80806cad0,6a547a4c14bdf2904cb47931457dc625742ef8654207540831709bc1c93ea690,ITI Stress Q4 CROSS 65 REACH 85 40 ITI-05,NBA,NBA,2025-2026,2025-10-10,2025-10-31,"{""date_from"":""2025-10-10"",""date_to"":""2025-10-31"",""game_data"":[""pbp""],""leagues"":[""NBA""],""market_data"":[""candles""],""markets"":[""kalshi""],""seasons"":[""2025-2026""],""sports"":[""NBA""]}",TRADABLE_YES_BID,1_MINUTE_CANDLE,available_at,CROSS,"{""id"":""entry_iti_stress"",""op"":""CROSS"",""period"":""Q4"",""price_e4"":7100}",REACH,"{""id"":""win_iti_stress"",""op"":""REACH"",""outcome"":""win"",""price_e4"":8500}",REACH,"{""id"":""loss_iti_stress"",""op"":""REACH"",""outcome"":""loss"",""price_e4"":4000}",HOLD_TO_SETTLEMENT,75d368edb0ad750c5bc7596a46abdf3fabdfd8d1471175a99677c2075fcaeeea,1.0.0,2026-09-13T06:28:48Z,1.0.0,1.0.0,1.0.0,2026-09-13T06:28:48Z,READY,30,19,7,0.633333,0.233333,1400,3100,0.451613,163.333333,416a2c883115f79ca748415171c8bd3a0ffbd6d264c3bd924f438a9db2c25078,candle_path_not_fill,UNAVAILABLE,UNAVAILABLE,UNAVAILABLE,NOT_COMPUTABLE,UNAVAILABLE
path_bands,MONTE_CARLO,base_decomposition,bernoulli_week_1_p95,20704.225352,usd,bernoulli,superasi_bdebase_v1.0.0,grade_config_v1,2026-09-13T12:02:58Z,913e87a7c8d04ab0af447be670cfcda2,ITI Stress Q4 CROSS 65 REACH 85 40 ITI-05__913e87a7,3766439c96a7dd20c1a357cc9d344f52bdbbe213fb68782d4349329b8cd85c22,d42a28ee37542cabb6f140ba345b132015584963589d3732b3115ed80806cad0,6a547a4c14bdf2904cb47931457dc625742ef8654207540831709bc1c93ea690,ITI Stress Q4 CROSS 65 REACH 85 40 ITI-05,NBA,NBA,2025-2026,2025-10-10,2025-10-31,"{""date_from"":""2025-10-10"",""date_to"":""2025-10-31"",""game_data"":[""pbp""],""leagues"":[""NBA""],""market_data"":[""candles""],""markets"":[""kalshi""],""seasons"":[""2025-2026""],""sports"":[""NBA""]}",TRADABLE_YES_BID,1_MINUTE_CANDLE,available_at,CROSS,"{""id"":""entry_iti_stress"",""op"":""CROSS"",""period"":""Q4"",""price_e4"":7100}",REACH,"{""id"":""win_iti_stress"",""op"":""REACH"",""outcome"":""win"",""price_e4"":8500}",REACH,"{""id"":""loss_iti_stress"",""op"":""REACH"",""outcome"":""loss"",""price_e4"":4000}",HOLD_TO_SETTLEMENT,75d368edb0ad750c5bc7596a46abdf3fabdfd8d1471175a99677c2075fcaeeea,1.0.0,2026-09-13T06:28:48Z,1.0.0,1.0.0,1.0.0,2026-09-13T06:28:48Z,READY,30,19,7,0.633333,0.233333,1400,3100,0.451613,163.333333,416a2c883115f79ca748415171c8bd3a0ffbd6d264c3bd924f438a9db2c25078,candle_path_not_fill,UNAVAILABLE,UNAVAILABLE,UNAVAILABLE,NOT_COMPUTABLE,UNAVAILABLE
path_bands,MONTE_CARLO,base_decomposition,bernoulli_week_2_p5,15929.875025,usd,bernoulli,superasi_bdebase_v1.0.0,grade_config_v1,2026-09-13T12:02:58Z,913e87a7c8d04ab0af447be670cfcda2,ITI Stress Q4 CROSS 65 REACH 85 40 ITI-05__913e87a7,3766439c96a7dd20c1a357cc9d344f52bdbbe213fb68782d4349329b8cd85c22,d42a28ee37542cabb6f140ba345b132015584963589d3732b3115ed80806cad0,6a547a4c14bdf2904cb47931457dc625742ef8654207540831709bc1c93ea690,ITI Stress Q4 CROSS 65 REACH 85 40 ITI-05,NBA,NBA,2025-2026,2025-10-10,2025-10-31,"{""date_from"":""2025-10-10"",""date_to"":""2025-10-31"",""game_data"":[""pbp""],""leagues"":[""NBA""],""market_data"":[""candles""],""markets"":[""kalshi""],""seasons"":[""2025-2026""],""sports"":[""NBA""]}",TRADABLE_YES_BID,1_MINUTE_CANDLE,available_at,CROSS,"{""id"":""entry_iti_stress"",""op"":""CROSS"",""period"":""Q4"",""price_e4"":7100}",REACH,"{""id"":""win_iti_stress"",""op"":""REACH"",""outcome"":""win"",""price_e4"":8500}",REACH,"{""id"":""loss_iti_stress"",""op"":""REACH"",""outcome"":""loss"",""price_e4"":4000}",HOLD_TO_SETTLEMENT,75d368edb0ad750c5bc7596a46abdf3fabdfd8d1471175a99677c2075fcaeeea,1.0.0,2026-09-13T06:28:48Z,1.0.0,1.0.0,1.0.0,2026-09-13T06:28:48Z,READY,30,19,7,0.633333,0.233333,1400,3100,0.451613,163.333333,416a2c883115f79ca748415171c8bd3a0ffbd6d264c3bd924f438a9db2c25078,candle_path_not_fill,UNAVAILABLE,UNAVAILABLE,UNAVAILABLE,NOT_COMPUTABLE,UNAVAILABLE
path_bands,MONTE_CARLO,base_decomposition,bernoulli_week_2_p25,17081.432256,usd,bernoulli,superasi_bdebase_v1.0.0,grade_config_v1,2026-09-13T12:02:58Z,913e87a7c8d04ab0af447be670cfcda2,ITI Stress Q4 CROSS 65 REACH 85 40 ITI-05__913e87a7,3766439c96a7dd20c1a357cc9d344f52bdbbe213fb68782d4349329b8cd85c22,d42a28ee37542cabb6f140ba345b132015584963589d3732b3115ed80806cad0,6a547a4c14bdf2904cb47931457dc625742ef8654207540831709bc1c93ea690,ITI Stress Q4 CROSS 65 REACH 85 40 ITI-05,NBA,NBA,2025-2026,2025-10-10,2025-10-31,"{""date_from"":""2025-10-10"",""date_to"":""2025-10-31"",""game_data"":[""pbp""],""leagues"":[""NBA""],""market_data"":[""candles""],""markets"":[""kalshi""],""seasons"":[""2025-2026""],""sports"":[""NBA""]}",TRADABLE_YES_BID,1_MINUTE_CANDLE,available_at,CROSS,"{""id"":""entry_iti_stress"",""op"":""CROSS"",""period"":""Q4"",""price_e4"":7100}",REACH,"{""id"":""win_iti_stress"",""op"":""REACH"",""outcome"":""win"",""price_e4"":8500}",REACH,"{""id"":""loss_iti_stress"",""op"":""REACH"",""outcome"":""loss"",""price_e4"":4000}",HOLD_TO_SETTLEMENT,75d368edb0ad750c5bc7596a46abdf3fabdfd8d1471175a99677c2075fcaeeea,1.0.0,2026-09-13T06:28:48Z,1.0.0,1.0.0,1.0.0,2026-09-13T06:28:48Z,READY,30,19,7,0.633333,0.233333,1400,3100,0.451613,163.333333,416a2c883115f79ca748415171c8bd3a0ffbd6d264c3bd924f438a9db2c25078,candle_path_not_fill,UNAVAILABLE,UNAVAILABLE,UNAVAILABLE,NOT_COMPUTABLE,UNAVAILABLE
path_bands,MONTE_CARLO,base_decomposition,bernoulli_week_2_p50,18232.989486,usd,bernoulli,superasi_bdebase_v1.0.0,grade_config_v1,2026-09-13T12:02:58Z,913e87a7c8d04ab0af447be670cfcda2,ITI Stress Q4 CROSS 65 REACH 85 40 ITI-05__913e87a7,3766439c96a7dd20c1a357cc9d344f52bdbbe213fb68782d4349329b8cd85c22,d42a28ee37542cabb6f140ba345b132015584963589d3732b3115ed80806cad0,6a547a4c14bdf2904cb47931457dc625742ef8654207540831709bc1c93ea690,ITI Stress Q4 CROSS 65 REACH 85 40 ITI-05,NBA,NBA,2025-2026,2025-10-10,2025-10-31,"{""date_from"":""2025-10-10"",""date_to"":""2025-10-31"",""game_data"":[""pbp""],""leagues"":[""NBA""],""market_data"":[""candles""],""markets"":[""kalshi""],""seasons"":[""2025-2026""],""sports"":[""NBA""]}",TRADABLE_YES_BID,1_MINUTE_CANDLE,available_at,CROSS,"{""id"":""entry_iti_stress"",""op"":""CROSS"",""period"":""Q4"",""price_e4"":7100}",REACH,"{""id"":""win_iti_stress"",""op"":""REACH"",""outcome"":""win"",""price_e4"":8500}",REACH,"{""id"":""loss_iti_stress"",""op"":""REACH"",""outcome"":""loss"",""price_e4"":4000}",HOLD_TO_SETTLEMENT,75d368edb0ad750c5bc7596a46abdf3fabdfd8d1471175a99677c2075fcaeeea,1.0.0,2026-09-13T06:28:48Z,1.0.0,1.0.0,1.0.0,2026-09-13T06:28:48Z,READY,30,19,7,0.633333,0.233333,1400,3100,0.451613,163.333333,416a2c883115f79ca748415171c8bd3a0ffbd6d264c3bd924f438a9db2c25078,candle_path_not_fill,UNAVAILABLE,UNAVAILABLE,UNAVAILABLE,NOT_COMPUTABLE,UNAVAILABLE
path_bands,MONTE_CARLO,base_decomposition,bernoulli_week_2_p75,18889.109304,usd,bernoulli,superasi_bdebase_v1.0.0,grade_config_v1,2026-09-13T12:02:58Z,913e87a7c8d04ab0af447be670cfcda2,ITI Stress Q4 CROSS 65 REACH 85 40 ITI-05__913e87a7,3766439c96a7dd20c1a357cc9d344f52bdbbe213fb68782d4349329b8cd85c22,d42a28ee37542cabb6f140ba345b132015584963589d3732b3115ed80806cad0,6a547a4c14bdf2904cb47931457dc625742ef8654207540831709bc1c93ea690,ITI Stress Q4 CROSS 65 REACH 85 40 ITI-05,NBA,NBA,2025-2026,2025-10-10,2025-10-31,"{""date_from"":""2025-10-10"",""date_to"":""2025-10-31"",""game_data"":[""pbp""],""leagues"":[""NBA""],""market_data"":[""candles""],""markets"":[""kalshi""],""seasons"":[""2025-2026""],""sports"":[""NBA""]}",TRADABLE_YES_BID,1_MINUTE_CANDLE,available_at,CROSS,"{""id"":""entry_iti_stress"",""op"":""CROSS"",""period"":""Q4"",""price_e4"":7100}",REACH,"{""id"":""win_iti_stress"",""op"":""REACH"",""outcome"":""win"",""price_e4"":8500}",REACH,"{""id"":""loss_iti_stress"",""op"":""REACH"",""outcome"":""loss"",""price_e4"":4000}",HOLD_TO_SETTLEMENT,75d368edb0ad750c5bc7596a46abdf3fabdfd8d1471175a99677c2075fcaeeea,1.0.0,2026-09-13T06:28:48Z,1.0.0,1.0.0,1.0.0,2026-09-13T06:28:48Z,READY,30,19,7,0.633333,0.233333,1400,3100,0.451613,163.333333,416a2c883115f79ca748415171c8bd3a0ffbd6d264c3bd924f438a9db2c25078,candle_path_not_fill,UNAVAILABLE,UNAVAILABLE,UNAVAILABLE,NOT_COMPUTABLE,UNAVAILABLE
path_bands,MONTE_CARLO,base_decomposition,bernoulli_week_2_p95,20141.093037,usd,bernoulli,superasi_bdebase_v1.0.0,grade_config_v1,2026-09-13T12:02:58Z,913e87a7c8d04ab0af447be670cfcda2,ITI Stress Q4 CROSS 65 REACH 85 40 ITI-05__913e87a7,3766439c96a7dd20c1a357cc9d344f52bdbbe213fb68782d4349329b8cd85c22,d42a28ee37542cabb6f140ba345b132015584963589d3732b3115ed80806cad0,6a547a4c14bdf2904cb47931457dc625742ef8654207540831709bc1c93ea690,ITI Stress Q4 CROSS 65 REACH 85 40 ITI-05,NBA,NBA,2025-2026,2025-10-10,2025-10-31,"{""date_from"":""2025-10-10"",""date_to"":""2025-10-31"",""game_data"":[""pbp""],""leagues"":[""NBA""],""market_data"":[""candles""],""markets"":[""kalshi""],""seasons"":[""2025-2026""],""sports"":[""NBA""]}",TRADABLE_YES_BID,1_MINUTE_CANDLE,available_at,CROSS,"{""id"":""entry_iti_stress"",""op"":""CROSS"",""period"":""Q4"",""price_e4"":7100}",REACH,"{""id"":""win_iti_stress"",""op"":""REACH"",""outcome"":""win"",""price_e4"":8500}",REACH,"{""id"":""loss_iti_stress"",""op"":""REACH"",""outcome"":""loss"",""price_e4"":4000}",HOLD_TO_SETTLEMENT,75d368edb0ad750c5bc7596a46abdf3fabdfd8d1471175a99677c2075fcaeeea,1.0.0,2026-09-13T06:28:48Z,1.0.0,1.0.0,1.0.0,2026-09-13T06:28:48Z,READY,30,19,7,0.633333,0.233333,1400,3100,0.451613,163.333333,416a2c883115f79ca748415171c8bd3a0ffbd6d264c3bd924f438a9db2c25078,candle_path_not_fill,UNAVAILABLE,UNAVAILABLE,UNAVAILABLE,NOT_COMPUTABLE,UNAVAILABLE
path_bands,MONTE_CARLO,base_decomposition,bernoulli_week_3_p5,14921.586651,usd,bernoulli,superasi_bdebase_v1.0.0,grade_config_v1,2026-09-13T12:02:58Z,913e87a7c8d04ab0af447be670cfcda2,ITI Stress Q4 CROSS 65 REACH 85 40 ITI-05__913e87a7,3766439c96a7dd20c1a357cc9d344f52bdbbe213fb68782d4349329b8cd85c22,d42a28ee37542cabb6f140ba345b132015584963589d3732b3115ed80806cad0,6a547a4c14bdf2904cb47931457dc625742ef8654207540831709bc1c93ea690,ITI Stress Q4 CROSS 65 REACH 85 40 ITI-05,NBA,NBA,2025-2026,2025-10-10,2025-10-31,"{""date_from"":""2025-10-10"",""date_to"":""2025-10-31"",""game_data"":[""pbp""],""leagues"":[""NBA""],""market_data"":[""candles""],""markets"":[""kalshi""],""seasons"":[""2025-2026""],""sports"":[""NBA""]}",TRADABLE_YES_BID,1_MINUTE_CANDLE,available_at,CROSS,"{""id"":""entry_iti_stress"",""op"":""CROSS"",""period"":""Q4"",""price_e4"":7100}",REACH,"{""id"":""win_iti_stress"",""op"":""REACH"",""outcome"":""win"",""price_e4"":8500}",REACH,"{""id"":""loss_iti_stress"",""op"":""REACH"",""outcome"":""loss"",""price_e4"":4000}",HOLD_TO_SETTLEMENT,75d368edb0ad750c5bc7596a46abdf3fabdfd8d1471175a99677c2075fcaeeea,1.0.0,2026-09-13T06:28:48Z,1.0.0,1.0.0,1.0.0,2026-09-13T06:28:48Z,READY,30,19,7,0.633333,0.233333,1400,3100,0.451613,163.333333,416a2c883115f79ca748415171c8bd3a0ffbd6d264c3bd924f438a9db2c25078,candle_path_not_fill,UNAVAILABLE,UNAVAILABLE,UNAVAILABLE,NOT_COMPUTABLE,UNAVAILABLE
path_bands,MONTE_CARLO,base_decomposition,bernoulli_week_3_p25,16058.952156,usd,bernoulli,superasi_bdebase_v1.0.0,grade_config_v1,2026-09-13T12:02:58Z,913e87a7c8d04ab0af447be670cfcda2,ITI Stress Q4 CROSS 65 REACH 85 40 ITI-05__913e87a7,3766439c96a7dd20c1a357cc9d344f52bdbbe213fb68782d4349329b8cd85c22,d42a28ee37542cabb6f140ba345b132015584963589d3732b3115ed80806cad0,6a547a4c14bdf2904cb47931457dc625742ef8654207540831709bc1c93ea690,ITI Stress Q4 CROSS 65 REACH 85 40 ITI-05,NBA,NBA,2025-2026,2025-10-10,2025-10-31,"{""date_from"":""2025-10-10"",""date_to"":""2025-10-31"",""game_data"":[""pbp""],""leagues"":[""NBA""],""market_data"":[""candles""],""markets"":[""kalshi""],""seasons"":[""2025-2026""],""sports"":[""NBA""]}",TRADABLE_YES_BID,1_MINUTE_CANDLE,available_at,CROSS,"{""id"":""entry_iti_stress"",""op"":""CROSS"",""period"":""Q4"",""price_e4"":7100}",REACH,"{""id"":""win_iti_stress"",""op"":""REACH"",""outcome"":""win"",""price_e4"":8500}",REACH,"{""id"":""loss_iti_stress"",""op"":""REACH"",""outcome"":""loss"",""price_e4"":4000}",HOLD_TO_SETTLEMENT,75d368edb0ad750c5bc7596a46abdf3fabdfd8d1471175a99677c2075fcaeeea,1.0.0,2026-09-13T06:28:48Z,1.0.0,1.0.0,1.0.0,2026-09-13T06:28:48Z,READY,30,19,7,0.633333,0.233333,1400,3100,0.451613,163.333333,416a2c883115f79ca748415171c8bd3a0ffbd6d264c3bd924f438a9db2c25078,candle_path_not_fill,UNAVAILABLE,UNAVAILABLE,UNAVAILABLE,NOT_COMPUTABLE,UNAVAILABLE
path_bands,MONTE_CARLO,base_decomposition,bernoulli_week_3_p50,17159.824649,usd,bernoulli,superasi_bdebase_v1.0.0,grade_config_v1,2026-09-13T12:02:58Z,913e87a7c8d04ab0af447be670cfcda2,ITI Stress Q4 CROSS 65 REACH 85 40 ITI-05__913e87a7,3766439c96a7dd20c1a357cc9d344f52bdbbe213fb68782d4349329b8cd85c22,d42a28ee37542cabb6f140ba345b132015584963589d3732b3115ed80806cad0,6a547a4c14bdf2904cb47931457dc625742ef8654207540831709bc1c93ea690,ITI Stress Q4 CROSS 65 REACH 85 40 ITI-05,NBA,NBA,2025-2026,2025-10-10,2025-10-31,"{""date_from"":""2025-10-10"",""date_to"":""2025-10-31"",""game_data"":[""pbp""],""leagues"":[""NBA""],""market_data"":[""candles""],""markets"":[""kalshi""],""seasons"":[""2025-2026""],""sports"":[""NBA""]}",TRADABLE_YES_BID,1_MINUTE_CANDLE,available_at,CROSS,"{""id"":""entry_iti_stress"",""op"":""CROSS"",""period"":""Q4"",""price_e4"":7100}",REACH,"{""id"":""win_iti_stress"",""op"":""REACH"",""outcome"":""win"",""price_e4"":8500}",REACH,"{""id"":""loss_iti_stress"",""op"":""REACH"",""outcome"":""loss"",""price_e4"":4000}",HOLD_TO_SETTLEMENT,75d368edb0ad750c5bc7596a46abdf3fabdfd8d1471175a99677c2075fcaeeea,1.0.0,2026-09-13T06:28:48Z,1.0.0,1.0.0,1.0.0,2026-09-13T06:28:48Z,READY,30,19,7,0.633333,0.233333,1400,3100,0.451613,163.333333,416a2c883115f79ca748415171c8bd3a0ffbd6d264c3bd924f438a9db2c25078,candle_path_not_fill,UNAVAILABLE,UNAVAILABLE,UNAVAILABLE,NOT_COMPUTABLE,UNAVAILABLE
path_bands,MONTE_CARLO,base_decomposition,bernoulli_week_3_p75,18337.502200,usd,bernoulli,superasi_bdebase_v1.0.0,grade_config_v1,2026-09-13T12:02:58Z,913e87a7c8d04ab0af447be670cfcda2,ITI Stress Q4 CROSS 65 REACH 85 40 ITI-05__913e87a7,3766439c96a7dd20c1a357cc9d344f52bdbbe213fb68782d4349329b8cd85c22,d42a28ee37542cabb6f140ba345b132015584963589d3732b3115ed80806cad0,6a547a4c14bdf2904cb47931457dc625742ef8654207540831709bc1c93ea690,ITI Stress Q4 CROSS 65 REACH 85 40 ITI-05,NBA,NBA,2025-2026,2025-10-10,2025-10-31,"{""date_from"":""2025-10-10"",""date_to"":""2025-10-31"",""game_data"":[""pbp""],""leagues"":[""NBA""],""market_data"":[""candles""],""markets"":[""kalshi""],""seasons"":[""2025-2026""],""sports"":[""NBA""]}",TRADABLE_YES_BID,1_MINUTE_CANDLE,available_at,CROSS,"{""id"":""entry_iti_stress"",""op"":""CROSS"",""period"":""Q4"",""price_e4"":7100}",REACH,"{""id"":""win_iti_stress"",""op"":""REACH"",""outcome"":""win"",""price_e4"":8500}",REACH,"{""id"":""loss_iti_stress"",""op"":""REACH"",""outcome"":""loss"",""price_e4"":4000}",HOLD_TO_SETTLEMENT,75d368edb0ad750c5bc7596a46abdf3fabdfd8d1471175a99677c2075fcaeeea,1.0.0,2026-09-13T06:28:48Z,1.0.0,1.0.0,1.0.0,2026-09-13T06:28:48Z,READY,30,19,7,0.633333,0.233333,1400,3100,0.451613,163.333333,416a2c883115f79ca748415171c8bd3a0ffbd6d264c3bd924f438a9db2c25078,candle_path_not_fill,UNAVAILABLE,UNAVAILABLE,UNAVAILABLE,NOT_COMPUTABLE,UNAVAILABLE
path_bands,MONTE_CARLO,base_decomposition,bernoulli_week_3_p95,20131.388285,usd,bernoulli,superasi_bdebase_v1.0.0,grade_config_v1,2026-09-13T12:02:58Z,913e87a7c8d04ab0af447be670cfcda2,ITI Stress Q4 CROSS 65 REACH 85 40 ITI-05__913e87a7,3766439c96a7dd20c1a357cc9d344f52bdbbe213fb68782d4349329b8cd85c22,d42a28ee37542cabb6f140ba345b132015584963589d3732b3115ed80806cad0,6a547a4c14bdf2904cb47931457dc625742ef8654207540831709bc1c93ea690,ITI Stress Q4 CROSS 65 REACH 85 40 ITI-05,NBA,NBA,2025-2026,2025-10-10,2025-10-31,"{""date_from"":""2025-10-10"",""date_to"":""2025-10-31"",""game_data"":[""pbp""],""leagues"":[""NBA""],""market_data"":[""candles""],""markets"":[""kalshi""],""seasons"":[""2025-2026""],""sports"":[""NBA""]}",TRADABLE_YES_BID,1_MINUTE_CANDLE,available_at,CROSS,"{""id"":""entry_iti_stress"",""op"":""CROSS"",""period"":""Q4"",""price_e4"":7100}",REACH,"{""id"":""win_iti_stress"",""op"":""REACH"",""outcome"":""win"",""price_e4"":8500}",REACH,"{""id"":""loss_iti_stress"",""op"":""REACH"",""outcome"":""loss"",""price_e4"":4000}",HOLD_TO_SETTLEMENT,75d368edb0ad750c5bc7596a46abdf3fabdfd8d1471175a99677c2075fcaeeea,1.0.0,2026-09-13T06:28:48Z,1.0.0,1.0.0,1.0.0,2026-09-13T06:28:48Z,READY,30,19,7,0.633333,0.233333,1400,3100,0.451613,163.333333,416a2c883115f79ca748415171c8bd3a0ffbd6d264c3bd924f438a9db2c25078,candle_path_not_fill,UNAVAILABLE,UNAVAILABLE,UNAVAILABLE,NOT_COMPUTABLE,UNAVAILABLE
path_bands,MONTE_CARLO,base_decomposition,bernoulli_week_4_p5,13605.254054,usd,bernoulli,superasi_bdebase_v1.0.0,grade_config_v1,2026-09-13T12:02:58Z,913e87a7c8d04ab0af447be670cfcda2,ITI Stress Q4 CROSS 65 REACH 85 40 ITI-05__913e87a7,3766439c96a7dd20c1a357cc9d344f52bdbbe213fb68782d4349329b8cd85c22,d42a28ee37542cabb6f140ba345b132015584963589d3732b3115ed80806cad0,6a547a4c14bdf2904cb47931457dc625742ef8654207540831709bc1c93ea690,ITI Stress Q4 CROSS 65 REACH 85 40 ITI-05,NBA,NBA,2025-2026,2025-10-10,2025-10-31,"{""date_from"":""2025-10-10"",""date_to"":""2025-10-31"",""game_data"":[""pbp""],""leagues"":[""NBA""],""market_data"":[""candles""],""markets"":[""kalshi""],""seasons"":[""2025-2026""],""sports"":[""NBA""]}",TRADABLE_YES_BID,1_MINUTE_CANDLE,available_at,CROSS,"{""id"":""entry_iti_stress"",""op"":""CROSS"",""period"":""Q4"",""price_e4"":7100}",REACH,"{""id"":""win_iti_stress"",""op"":""REACH"",""outcome"":""win"",""price_e4"":8500}",REACH,"{""id"":""loss_iti_stress"",""op"":""REACH"",""outcome"":""loss"",""price_e4"":4000}",HOLD_TO_SETTLEMENT,75d368edb0ad750c5bc7596a46abdf3fabdfd8d1471175a99677c2075fcaeeea,1.0.0,2026-09-13T06:28:48Z,1.0.0,1.0.0,1.0.0,2026-09-13T06:28:48Z,READY,30,19,7,0.633333,0.233333,1400,3100,0.451613,163.333333,416a2c883115f79ca748415171c8bd3a0ffbd6d264c3bd924f438a9db2c25078,candle_path_not_fill,UNAVAILABLE,UNAVAILABLE,UNAVAILABLE,NOT_COMPUTABLE,UNAVAILABLE
path_bands,MONTE_CARLO,base_decomposition,bernoulli_week_4_p25,15097.676851,usd,bernoulli,superasi_bdebase_v1.0.0,grade_config_v1,2026-09-13T12:02:58Z,913e87a7c8d04ab0af447be670cfcda2,ITI Stress Q4 CROSS 65 REACH 85 40 ITI-05__913e87a7,3766439c96a7dd20c1a357cc9d344f52bdbbe213fb68782d4349329b8cd85c22,d42a28ee37542cabb6f140ba345b132015584963589d3732b3115ed80806cad0,6a547a4c14bdf2904cb47931457dc625742ef8654207540831709bc1c93ea690,ITI Stress Q4 CROSS 65 REACH 85 40 ITI-05,NBA,NBA,2025-2026,2025-10-10,2025-10-31,"{""date_from"":""2025-10-10"",""date_to"":""2025-10-31"",""game_data"":[""pbp""],""leagues"":[""NBA""],""market_data"":[""candles""],""markets"":[""kalshi""],""seasons"":[""2025-2026""],""sports"":[""NBA""]}",TRADABLE_YES_BID,1_MINUTE_CANDLE,available_at,CROSS,"{""id"":""entry_iti_stress"",""op"":""CROSS"",""period"":""Q4"",""price_e4"":7100}",REACH,"{""id"":""win_iti_stress"",""op"":""REACH"",""outcome"":""win"",""price_e4"":8500}",REACH,"{""id"":""loss_iti_stress"",""op"":""REACH"",""outcome"":""loss"",""price_e4"":4000}",HOLD_TO_SETTLEMENT,75d368edb0ad750c5bc7596a46abdf3fabdfd8d1471175a99677c2075fcaeeea,1.0.0,2026-09-13T06:28:48Z,1.0.0,1.0.0,1.0.0,2026-09-13T06:28:48Z,READY,30,19,7,0.633333,0.233333,1400,3100,0.451613,163.333333,416a2c883115f79ca748415171c8bd3a0ffbd6d264c3bd924f438a9db2c25078,candle_path_not_fill,UNAVAILABLE,UNAVAILABLE,UNAVAILABLE,NOT_COMPUTABLE,UNAVAILABLE
path_bands,MONTE_CARLO,base_decomposition,bernoulli_week_4_p50,16548.852266,usd,bernoulli,superasi_bdebase_v1.0.0,grade_config_v1,2026-09-13T12:02:58Z,913e87a7c8d04ab0af447be670cfcda2,ITI Stress Q4 CROSS 65 REACH 85 40 ITI-05__913e87a7,3766439c96a7dd20c1a357cc9d344f52bdbbe213fb68782d4349329b8cd85c22,d42a28ee37542cabb6f140ba345b132015584963589d3732b3115ed80806cad0,6a547a4c14bdf2904cb47931457dc625742ef8654207540831709bc1c93ea690,ITI Stress Q4 CROSS 65 REACH 85 40 ITI-05,NBA,NBA,2025-2026,2025-10-10,2025-10-31,"{""date_from"":""2025-10-10"",""date_to"":""2025-10-31"",""game_data"":[""pbp""],""leagues"":[""NBA""],""market_data"":[""candles""],""markets"":[""kalshi""],""seasons"":[""2025-2026""],""sports"":[""NBA""]}",TRADABLE_YES_BID,1_MINUTE_CANDLE,available_at,CROSS,"{""id"":""entry_iti_stress"",""op"":""CROSS"",""period"":""Q4"",""price_e4"":7100}",REACH,"{""id"":""win_iti_stress"",""op"":""REACH"",""outcome"":""win"",""price_e4"":8500}",REACH,"{""id"":""loss_iti_stress"",""op"":""REACH"",""outcome"":""loss"",""price_e4"":4000}",HOLD_TO_SETTLEMENT,75d368edb0ad750c5bc7596a46abdf3fabdfd8d1471175a99677c2075fcaeeea,1.0.0,2026-09-13T06:28:48Z,1.0.0,1.0.0,1.0.0,2026-09-13T06:28:48Z,READY,30,19,7,0.633333,0.233333,1400,3100,0.451613,163.333333,416a2c883115f79ca748415171c8bd3a0ffbd6d264c3bd924f438a9db2c25078,candle_path_not_fill,UNAVAILABLE,UNAVAILABLE,UNAVAILABLE,NOT_COMPUTABLE,UNAVAILABLE
path_bands,MONTE_CARLO,base_decomposition,bernoulli_week_4_p75,17745.154839,usd,bernoulli,superasi_bdebase_v1.0.0,grade_config_v1,2026-09-13T12:02:58Z,913e87a7c8d04ab0af447be670cfcda2,ITI Stress Q4 CROSS 65 REACH 85 40 ITI-05__913e87a7,3766439c96a7dd20c1a357cc9d344f52bdbbe213fb68782d4349329b8cd85c22,d42a28ee37542cabb6f140ba345b132015584963589d3732b3115ed80806cad0,6a547a4c14bdf2904cb47931457dc625742ef8654207540831709bc1c93ea690,ITI Stress Q4 CROSS 65 REACH 85 40 ITI-05,NBA,NBA,2025-2026,2025-10-10,2025-10-31,"{""date_from"":""2025-10-10"",""date_to"":""2025-10-31"",""game_data"":[""pbp""],""leagues"":[""NBA""],""market_data"":[""candles""],""markets"":[""kalshi""],""seasons"":[""2025-2026""],""sports"":[""NBA""]}",TRADABLE_YES_BID,1_MINUTE_CANDLE,available_at,CROSS,"{""id"":""entry_iti_stress"",""op"":""CROSS"",""period"":""Q4"",""price_e4"":7100}",REACH,"{""id"":""win_iti_stress"",""op"":""REACH"",""outcome"":""win"",""price_e4"":8500}",REACH,"{""id"":""loss_iti_stress"",""op"":""REACH"",""outcome"":""loss"",""price_e4"":4000}",HOLD_TO_SETTLEMENT,75d368edb0ad750c5bc7596a46abdf3fabdfd8d1471175a99677c2075fcaeeea,1.0.0,2026-09-13T06:28:48Z,1.0.0,1.0.0,1.0.0,2026-09-13T06:28:48Z,READY,30,19,7,0.633333,0.233333,1400,3100,0.451613,163.333333,416a2c883115f79ca748415171c8bd3a0ffbd6d264c3bd924f438a9db2c25078,candle_path_not_fill,UNAVAILABLE,UNAVAILABLE,UNAVAILABLE,NOT_COMPUTABLE,UNAVAILABLE
path_bands,MONTE_CARLO,base_decomposition,bernoulli_week_4_p95,19564.306925,usd,bernoulli,superasi_bdebase_v1.0.0,grade_config_v1,2026-09-13T12:02:58Z,913e87a7c8d04ab0af447be670cfcda2,ITI Stress Q4 CROSS 65 REACH 85 40 ITI-05__913e87a7,3766439c96a7dd20c1a357cc9d344f52bdbbe213fb68782d4349329b8cd85c22,d42a28ee37542cabb6f140ba345b132015584963589d3732b3115ed80806cad0,6a547a4c14bdf2904cb47931457dc625742ef8654207540831709bc1c93ea690,ITI Stress Q4 CROSS 65 REACH 85 40 ITI-05,NBA,NBA,2025-2026,2025-10-10,2025-10-31,"{""date_from"":""2025-10-10"",""date_to"":""2025-10-31"",""game_data"":[""pbp""],""leagues"":[""NBA""],""market_data"":[""candles""],""markets"":[""kalshi""],""seasons"":[""2025-2026""],""sports"":[""NBA""]}",TRADABLE_YES_BID,1_MINUTE_CANDLE,available_at,CROSS,"{""id"":""entry_iti_stress"",""op"":""CROSS"",""period"":""Q4"",""price_e4"":7100}",REACH,"{""id"":""win_iti_stress"",""op"":""REACH"",""outcome"":""win"",""price_e4"":8500}",REACH,"{""id"":""loss_iti_stress"",""op"":""REACH"",""outcome"":""loss"",""price_e4"":4000}",HOLD_TO_SETTLEMENT,75d368edb0ad750c5bc7596a46abdf3fabdfd8d1471175a99677c2075fcaeeea,1.0.0,2026-09-13T06:28:48Z,1.0.0,1.0.0,1.0.0,2026-09-13T06:28:48Z,READY,30,19,7,0.633333,0.233333,1400,3100,0.451613,163.333333,416a2c883115f79ca748415171c8bd3a0ffbd6d264c3bd924f438a9db2c25078,candle_path_not_fill,UNAVAILABLE,UNAVAILABLE,UNAVAILABLE,NOT_COMPUTABLE,UNAVAILABLE
path_bands,MONTE_CARLO,base_decomposition,bernoulli_week_5_p5,12760.774642,usd,bernoulli,superasi_bdebase_v1.0.0,grade_config_v1,2026-09-13T12:02:58Z,913e87a7c8d04ab0af447be670cfcda2,ITI Stress Q4 CROSS 65 REACH 85 40 ITI-05__913e87a7,3766439c96a7dd20c1a357cc9d344f52bdbbe213fb68782d4349329b8cd85c22,d42a28ee37542cabb6f140ba345b132015584963589d3732b3115ed80806cad0,6a547a4c14bdf2904cb47931457dc625742ef8654207540831709bc1c93ea690,ITI Stress Q4 CROSS 65 REACH 85 40 ITI-05,NBA,NBA,2025-2026,2025-10-10,2025-10-31,"{""date_from"":""2025-10-10"",""date_to"":""2025-10-31"",""game_data"":[""pbp""],""leagues"":[""NBA""],""market_data"":[""candles""],""markets"":[""kalshi""],""seasons"":[""2025-2026""],""sports"":[""NBA""]}",TRADABLE_YES_BID,1_MINUTE_CANDLE,available_at,CROSS,"{""id"":""entry_iti_stress"",""op"":""CROSS"",""period"":""Q4"",""price_e4"":7100}",REACH,"{""id"":""win_iti_stress"",""op"":""REACH"",""outcome"":""win"",""price_e4"":8500}",REACH,"{""id"":""loss_iti_stress"",""op"":""REACH"",""outcome"":""loss"",""price_e4"":4000}",HOLD_TO_SETTLEMENT,75d368edb0ad750c5bc7596a46abdf3fabdfd8d1471175a99677c2075fcaeeea,1.0.0,2026-09-13T06:28:48Z,1.0.0,1.0.0,1.0.0,2026-09-13T06:28:48Z,READY,30,19,7,0.633333,0.233333,1400,3100,0.451613,163.333333,416a2c883115f79ca748415171c8bd3a0ffbd6d264c3bd924f438a9db2c25078,candle_path_not_fill,UNAVAILABLE,UNAVAILABLE,UNAVAILABLE,NOT_COMPUTABLE,UNAVAILABLE
path_bands,MONTE_CARLO,base_decomposition,bernoulli_week_5_p25,14495.211643,usd,bernoulli,superasi_bdebase_v1.0.0,grade_config_v1,2026-09-13T12:02:58Z,913e87a7c8d04ab0af447be670cfcda2,ITI Stress Q4 CROSS 65 REACH 85 40 ITI-05__913e87a7,3766439c96a7dd20c1a357cc9d344f52bdbbe213fb68782d4349329b8cd85c22,d42a28ee37542cabb6f140ba345b132015584963589d3732b3115ed80806cad0,6a547a4c14bdf2904cb47931457dc625742ef8654207540831709bc1c93ea690,ITI Stress Q4 CROSS 65 REACH 85 40 ITI-05,NBA,NBA,2025-2026,2025-10-10,2025-10-31,"{""date_from"":""2025-10-10"",""date_to"":""2025-10-31"",""game_data"":[""pbp""],""leagues"":[""NBA""],""market_data"":[""candles""],""markets"":[""kalshi""],""seasons"":[""2025-2026""],""sports"":[""NBA""]}",TRADABLE_YES_BID,1_MINUTE_CANDLE,available_at,CROSS,"{""id"":""entry_iti_stress"",""op"":""CROSS"",""period"":""Q4"",""price_e4"":7100}",REACH,"{""id"":""win_iti_stress"",""op"":""REACH"",""outcome"":""win"",""price_e4"":8500}",REACH,"{""id"":""loss_iti_stress"",""op"":""REACH"",""outcome"":""loss"",""price_e4"":4000}",HOLD_TO_SETTLEMENT,75d368edb0ad750c5bc7596a46abdf3fabdfd8d1471175a99677c2075fcaeeea,1.0.0,2026-09-13T06:28:48Z,1.0.0,1.0.0,1.0.0,2026-09-13T06:28:48Z,READY,30,19,7,0.633333,0.233333,1400,3100,0.451613,163.333333,416a2c883115f79ca748415171c8bd3a0ffbd6d264c3bd924f438a9db2c25078,candle_path_not_fill,UNAVAILABLE,UNAVAILABLE,UNAVAILABLE,NOT_COMPUTABLE,UNAVAILABLE
path_bands,MONTE_CARLO,base_decomposition,bernoulli_week_5_p50,15624.708654,usd,bernoulli,superasi_bdebase_v1.0.0,grade_config_v1,2026-09-13T12:02:58Z,913e87a7c8d04ab0af447be670cfcda2,ITI Stress Q4 CROSS 65 REACH 85 40 ITI-05__913e87a7,3766439c96a7dd20c1a357cc9d344f52bdbbe213fb68782d4349329b8cd85c22,d42a28ee37542cabb6f140ba345b132015584963589d3732b3115ed80806cad0,6a547a4c14bdf2904cb47931457dc625742ef8654207540831709bc1c93ea690,ITI Stress Q4 CROSS 65 REACH 85 40 ITI-05,NBA,NBA,2025-2026,2025-10-10,2025-10-31,"{""date_from"":""2025-10-10"",""date_to"":""2025-10-31"",""game_data"":[""pbp""],""leagues"":[""NBA""],""market_data"":[""candles""],""markets"":[""kalshi""],""seasons"":[""2025-2026""],""sports"":[""NBA""]}",TRADABLE_YES_BID,1_MINUTE_CANDLE,available_at,CROSS,"{""id"":""entry_iti_stress"",""op"":""CROSS"",""period"":""Q4"",""price_e4"":7100}",REACH,"{""id"":""win_iti_stress"",""op"":""REACH"",""outcome"":""win"",""price_e4"":8500}",REACH,"{""id"":""loss_iti_stress"",""op"":""REACH"",""outcome"":""loss"",""price_e4"":4000}",HOLD_TO_SETTLEMENT,75d368edb0ad750c5bc7596a46abdf3fabdfd8d1471175a99677c2075fcaeeea,1.0.0,2026-09-13T06:28:48Z,1.0.0,1.0.0,1.0.0,2026-09-13T06:28:48Z,READY,30,19,7,0.633333,0.233333,1400,3100,0.451613,163.333333,416a2c883115f79ca748415171c8bd3a0ffbd6d264c3bd924f438a9db2c25078,candle_path_not_fill,UNAVAILABLE,UNAVAILABLE,UNAVAILABLE,NOT_COMPUTABLE,UNAVAILABLE
path_bands,MONTE_CARLO,base_decomposition,bernoulli_week_5_p75,16754.205665,usd,bernoulli,superasi_bdebase_v1.0.0,grade_config_v1,2026-09-13T12:02:58Z,913e87a7c8d04ab0af447be670cfcda2,ITI Stress Q4 CROSS 65 REACH 85 40 ITI-05__913e87a7,3766439c96a7dd20c1a357cc9d344f52bdbbe213fb68782d4349329b8cd85c22,d42a28ee37542cabb6f140ba345b132015584963589d3732b3115ed80806cad0,6a547a4c14bdf2904cb47931457dc625742ef8654207540831709bc1c93ea690,ITI Stress Q4 CROSS 65 REACH 85 40 ITI-05,NBA,NBA,2025-2026,2025-10-10,2025-10-31,"{""date_from"":""2025-10-10"",""date_to"":""2025-10-31"",""game_data"":[""pbp""],""leagues"":[""NBA""],""market_data"":[""candles""],""markets"":[""kalshi""],""seasons"":[""2025-2026""],""sports"":[""NBA""]}",TRADABLE_YES_BID,1_MINUTE_CANDLE,available_at,CROSS,"{""id"":""entry_iti_stress"",""op"":""CROSS"",""period"":""Q4"",""price_e4"":7100}",REACH,"{""id"":""win_iti_stress"",""op"":""REACH"",""outcome"":""win"",""price_e4"":8500}",REACH,"{""id"":""loss_iti_stress"",""op"":""REACH"",""outcome"":""loss"",""price_e4"":4000}",HOLD_TO_SETTLEMENT,75d368edb0ad750c5bc7596a46abdf3fabdfd8d1471175a99677c2075fcaeeea,1.0.0,2026-09-13T06:28:48Z,1.0.0,1.0.0,1.0.0,2026-09-13T06:28:48Z,READY,30,19,7,0.633333,0.233333,1400,3100,0.451613,163.333333,416a2c883115f79ca748415171c8bd3a0ffbd6d264c3bd924f438a9db2c25078,candle_path_not_fill,UNAVAILABLE,UNAVAILABLE,UNAVAILABLE,NOT_COMPUTABLE,UNAVAILABLE
path_bands,MONTE_CARLO,base_decomposition,bernoulli_week_5_p95,18989.197186,usd,bernoulli,superasi_bdebase_v1.0.0,grade_config_v1,2026-09-13T12:02:58Z,913e87a7c8d04ab0af447be670cfcda2,ITI Stress Q4 CROSS 65 REACH 85 40 ITI-05__913e87a7,3766439c96a7dd20c1a357cc9d344f52bdbbe213fb68782d4349329b8cd85c22,d42a28ee37542cabb6f140ba345b132015584963589d3732b3115ed80806cad0,6a547a4c14bdf2904cb47931457dc625742ef8654207540831709bc1c93ea690,ITI Stress Q4 CROSS 65 REACH 85 40 ITI-05,NBA,NBA,2025-2026,2025-10-10,2025-10-31,"{""date_from"":""2025-10-10"",""date_to"":""2025-10-31"",""game_data"":[""pbp""],""leagues"":[""NBA""],""market_data"":[""candles""],""markets"":[""kalshi""],""seasons"":[""2025-2026""],""sports"":[""NBA""]}",TRADABLE_YES_BID,1_MINUTE_CANDLE,available_at,CROSS,"{""id"":""entry_iti_stress"",""op"":""CROSS"",""period"":""Q4"",""price_e4"":7100}",REACH,"{""id"":""win_iti_stress"",""op"":""REACH"",""outcome"":""win"",""price_e4"":8500}",REACH,"{""id"":""loss_iti_stress"",""op"":""REACH"",""outcome"":""loss"",""price_e4"":4000}",HOLD_TO_SETTLEMENT,75d368edb0ad750c5bc7596a46abdf3fabdfd8d1471175a99677c2075fcaeeea,1.0.0,2026-09-13T06:28:48Z,1.0.0,1.0.0,1.0.0,2026-09-13T06:28:48Z,READY,30,19,7,0.633333,0.233333,1400,3100,0.451613,163.333333,416a2c883115f79ca748415171c8bd3a0ffbd6d264c3bd924f438a9db2c25078,candle_path_not_fill,UNAVAILABLE,UNAVAILABLE,UNAVAILABLE,NOT_COMPUTABLE,UNAVAILABLE
path_bands,MONTE_CARLO,base_decomposition,bernoulli_week_6_p5,11955.985493,usd,bernoulli,superasi_bdebase_v1.0.0,grade_config_v1,2026-09-13T12:02:58Z,913e87a7c8d04ab0af447be670cfcda2,ITI Stress Q4 CROSS 65 REACH 85 40 ITI-05__913e87a7,3766439c96a7dd20c1a357cc9d344f52bdbbe213fb68782d4349329b8cd85c22,d42a28ee37542cabb6f140ba345b132015584963589d3732b3115ed80806cad0,6a547a4c14bdf2904cb47931457dc625742ef8654207540831709bc1c93ea690,ITI Stress Q4 CROSS 65 REACH 85 40 ITI-05,NBA,NBA,2025-2026,2025-10-10,2025-10-31,"{""date_from"":""2025-10-10"",""date_to"":""2025-10-31"",""game_data"":[""pbp""],""leagues"":[""NBA""],""market_data"":[""candles""],""markets"":[""kalshi""],""seasons"":[""2025-2026""],""sports"":[""NBA""]}",TRADABLE_YES_BID,1_MINUTE_CANDLE,available_at,CROSS,"{""id"":""entry_iti_stress"",""op"":""CROSS"",""period"":""Q4"",""price_e4"":7100}",REACH,"{""id"":""win_iti_stress"",""op"":""REACH"",""outcome"":""win"",""price_e4"":8500}",REACH,"{""id"":""loss_iti_stress"",""op"":""REACH"",""outcome"":""loss"",""price_e4"":4000}",HOLD_TO_SETTLEMENT,75d368edb0ad750c5bc7596a46abdf3fabdfd8d1471175a99677c2075fcaeeea,1.0.0,2026-09-13T06:28:48Z,1.0.0,1.0.0,1.0.0,2026-09-13T06:28:48Z,READY,30,19,7,0.633333,0.233333,1400,3100,0.451613,163.333333,416a2c883115f79ca748415171c8bd3a0ffbd6d264c3bd924f438a9db2c25078,candle_path_not_fill,UNAVAILABLE,UNAVAILABLE,UNAVAILABLE,NOT_COMPUTABLE,UNAVAILABLE
path_bands,MONTE_CARLO,base_decomposition,bernoulli_week_6_p25,13670.915054,usd,bernoulli,superasi_bdebase_v1.0.0,grade_config_v1,2026-09-13T12:02:58Z,913e87a7c8d04ab0af447be670cfcda2,ITI Stress Q4 CROSS 65 REACH 85 40 ITI-05__913e87a7,3766439c96a7dd20c1a357cc9d344f52bdbbe213fb68782d4349329b8cd85c22,d42a28ee37542cabb6f140ba345b132015584963589d3732b3115ed80806cad0,6a547a4c14bdf2904cb47931457dc625742ef8654207540831709bc1c93ea690,ITI Stress Q4 CROSS 65 REACH 85 40 ITI-05,NBA,NBA,2025-2026,2025-10-10,2025-10-31,"{""date_from"":""2025-10-10"",""date_to"":""2025-10-31"",""game_data"":[""pbp""],""leagues"":[""NBA""],""market_data"":[""candles""],""markets"":[""kalshi""],""seasons"":[""2025-2026""],""sports"":[""NBA""]}",TRADABLE_YES_BID,1_MINUTE_CANDLE,available_at,CROSS,"{""id"":""entry_iti_stress"",""op"":""CROSS"",""period"":""Q4"",""price_e4"":7100}",REACH,"{""id"":""win_iti_stress"",""op"":""REACH"",""outcome"":""win"",""price_e4"":8500}",REACH,"{""id"":""loss_iti_stress"",""op"":""REACH"",""outcome"":""loss"",""price_e4"":4000}",HOLD_TO_SETTLEMENT,75d368edb0ad750c5bc7596a46abdf3fabdfd8d1471175a99677c2075fcaeeea,1.0.0,2026-09-13T06:28:48Z,1.0.0,1.0.0,1.0.0,2026-09-13T06:28:48Z,READY,30,19,7,0.633333,0.233333,1400,3100,0.451613,163.333333,416a2c883115f79ca748415171c8bd3a0ffbd6d264c3bd924f438a9db2c25078,candle_path_not_fill,UNAVAILABLE,UNAVAILABLE,UNAVAILABLE,NOT_COMPUTABLE,UNAVAILABLE
path_bands,MONTE_CARLO,base_decomposition,bernoulli_week_6_p50,14724.053524,usd,bernoulli,superasi_bdebase_v1.0.0,grade_config_v1,2026-09-13T12:02:58Z,913e87a7c8d04ab0af447be670cfcda2,ITI Stress Q4 CROSS 65 REACH 85 40 ITI-05__913e87a7,3766439c96a7dd20c1a357cc9d344f52bdbbe213fb68782d4349329b8cd85c22,d42a28ee37542cabb6f140ba345b132015584963589d3732b3115ed80806cad0,6a547a4c14bdf2904cb47931457dc625742ef8654207540831709bc1c93ea690,ITI Stress Q4 CROSS 65 REACH 85 40 ITI-05,NBA,NBA,2025-2026,2025-10-10,2025-10-31,"{""date_from"":""2025-10-10"",""date_to"":""2025-10-31"",""game_data"":[""pbp""],""leagues"":[""NBA""],""market_data"":[""candles""],""markets"":[""kalshi""],""seasons"":[""2025-2026""],""sports"":[""NBA""]}",TRADABLE_YES_BID,1_MINUTE_CANDLE,available_at,CROSS,"{""id"":""entry_iti_stress"",""op"":""CROSS"",""period"":""Q4"",""price_e4"":7100}",REACH,"{""id"":""win_iti_stress"",""op"":""REACH"",""outcome"":""win"",""price_e4"":8500}",REACH,"{""id"":""loss_iti_stress"",""op"":""REACH"",""outcome"":""loss"",""price_e4"":4000}",HOLD_TO_SETTLEMENT,75d368edb0ad750c5bc7596a46abdf3fabdfd8d1471175a99677c2075fcaeeea,1.0.0,2026-09-13T06:28:48Z,1.0.0,1.0.0,1.0.0,2026-09-13T06:28:48Z,READY,30,19,7,0.633333,0.233333,1400,3100,0.451613,163.333333,416a2c883115f79ca748415171c8bd3a0ffbd6d264c3bd924f438a9db2c25078,candle_path_not_fill,UNAVAILABLE,UNAVAILABLE,UNAVAILABLE,NOT_COMPUTABLE,UNAVAILABLE
path_bands,MONTE_CARLO,base_decomposition,bernoulli_week_6_p75,16208.255298,usd,bernoulli,superasi_bdebase_v1.0.0,grade_config_v1,2026-09-13T12:02:58Z,913e87a7c8d04ab0af447be670cfcda2,ITI Stress Q4 CROSS 65 REACH 85 40 ITI-05__913e87a7,3766439c96a7dd20c1a357cc9d344f52bdbbe213fb68782d4349329b8cd85c22,d42a28ee37542cabb6f140ba345b132015584963589d3732b3115ed80806cad0,6a547a4c14bdf2904cb47931457dc625742ef8654207540831709bc1c93ea690,ITI Stress Q4 CROSS 65 REACH 85 40 ITI-05,NBA,NBA,2025-2026,2025-10-10,2025-10-31,"{""date_from"":""2025-10-10"",""date_to"":""2025-10-31"",""game_data"":[""pbp""],""leagues"":[""NBA""],""market_data"":[""candles""],""markets"":[""kalshi""],""seasons"":[""2025-2026""],""sports"":[""NBA""]}",TRADABLE_YES_BID,1_MINUTE_CANDLE,available_at,CROSS,"{""id"":""entry_iti_stress"",""op"":""CROSS"",""period"":""Q4"",""price_e4"":7100}",REACH,"{""id"":""win_iti_stress"",""op"":""REACH"",""outcome"":""win"",""price_e4"":8500}",REACH,"{""id"":""loss_iti_stress"",""op"":""REACH"",""outcome"":""loss"",""price_e4"":4000}",HOLD_TO_SETTLEMENT,75d368edb0ad750c5bc7596a46abdf3fabdfd8d1471175a99677c2075fcaeeea,1.0.0,2026-09-13T06:28:48Z,1.0.0,1.0.0,1.0.0,2026-09-13T06:28:48Z,READY,30,19,7,0.633333,0.233333,1400,3100,0.451613,163.333333,416a2c883115f79ca748415171c8bd3a0ffbd6d264c3bd924f438a9db2c25078,candle_path_not_fill,UNAVAILABLE,UNAVAILABLE,UNAVAILABLE,NOT_COMPUTABLE,UNAVAILABLE
path_bands,MONTE_CARLO,base_decomposition,bernoulli_week_6_p95,18409.672935,usd,bernoulli,superasi_bdebase_v1.0.0,grade_config_v1,2026-09-13T12:02:58Z,913e87a7c8d04ab0af447be670cfcda2,ITI Stress Q4 CROSS 65 REACH 85 40 ITI-05__913e87a7,3766439c96a7dd20c1a357cc9d344f52bdbbe213fb68782d4349329b8cd85c22,d42a28ee37542cabb6f140ba345b132015584963589d3732b3115ed80806cad0,6a547a4c14bdf2904cb47931457dc625742ef8654207540831709bc1c93ea690,ITI Stress Q4 CROSS 65 REACH 85 40 ITI-05,NBA,NBA,2025-2026,2025-10-10,2025-10-31,"{""date_from"":""2025-10-10"",""date_to"":""2025-10-31"",""game_data"":[""pbp""],""leagues"":[""NBA""],""market_data"":[""candles""],""markets"":[""kalshi""],""seasons"":[""2025-2026""],""sports"":[""NBA""]}",TRADABLE_YES_BID,1_MINUTE_CANDLE,available_at,CROSS,"{""id"":""entry_iti_stress"",""op"":""CROSS"",""period"":""Q4"",""price_e4"":7100}",REACH,"{""id"":""win_iti_stress"",""op"":""REACH"",""outcome"":""win"",""price_e4"":8500}",REACH,"{""id"":""loss_iti_stress"",""op"":""REACH"",""outcome"":""loss"",""price_e4"":4000}",HOLD_TO_SETTLEMENT,75d368edb0ad750c5bc7596a46abdf3fabdfd8d1471175a99677c2075fcaeeea,1.0.0,2026-09-13T06:28:48Z,1.0.0,1.0.0,1.0.0,2026-09-13T06:28:48Z,READY,30,19,7,0.633333,0.233333,1400,3100,0.451613,163.333333,416a2c883115f79ca748415171c8bd3a0ffbd6d264c3bd924f438a9db2c25078,candle_path_not_fill,UNAVAILABLE,UNAVAILABLE,UNAVAILABLE,NOT_COMPUTABLE,UNAVAILABLE
path_bands,MONTE_CARLO,base_decomposition,bernoulli_week_7_p5,11211.147303,usd,bernoulli,superasi_bdebase_v1.0.0,grade_config_v1,2026-09-13T12:02:58Z,913e87a7c8d04ab0af447be670cfcda2,ITI Stress Q4 CROSS 65 REACH 85 40 ITI-05__913e87a7,3766439c96a7dd20c1a357cc9d344f52bdbbe213fb68782d4349329b8cd85c22,d42a28ee37542cabb6f140ba345b132015584963589d3732b3115ed80806cad0,6a547a4c14bdf2904cb47931457dc625742ef8654207540831709bc1c93ea690,ITI Stress Q4 CROSS 65 REACH 85 40 ITI-05,NBA,NBA,2025-2026,2025-10-10,2025-10-31,"{""date_from"":""2025-10-10"",""date_to"":""2025-10-31"",""game_data"":[""pbp""],""leagues"":[""NBA""],""market_data"":[""candles""],""markets"":[""kalshi""],""seasons"":[""2025-2026""],""sports"":[""NBA""]}",TRADABLE_YES_BID,1_MINUTE_CANDLE,available_at,CROSS,"{""id"":""entry_iti_stress"",""op"":""CROSS"",""period"":""Q4"",""price_e4"":7100}",REACH,"{""id"":""win_iti_stress"",""op"":""REACH"",""outcome"":""win"",""price_e4"":8500}",REACH,"{""id"":""loss_iti_stress"",""op"":""REACH"",""outcome"":""loss"",""price_e4"":4000}",HOLD_TO_SETTLEMENT,75d368edb0ad750c5bc7596a46abdf3fabdfd8d1471175a99677c2075fcaeeea,1.0.0,2026-09-13T06:28:48Z,1.0.0,1.0.0,1.0.0,2026-09-13T06:28:48Z,READY,30,19,7,0.633333,0.233333,1400,3100,0.451613,163.333333,416a2c883115f79ca748415171c8bd3a0ffbd6d264c3bd924f438a9db2c25078,candle_path_not_fill,UNAVAILABLE,UNAVAILABLE,UNAVAILABLE,NOT_COMPUTABLE,UNAVAILABLE
path_bands,MONTE_CARLO,base_decomposition,bernoulli_week_7_p25,12864.476611,usd,bernoulli,superasi_bdebase_v1.0.0,grade_config_v1,2026-09-13T12:02:58Z,913e87a7c8d04ab0af447be670cfcda2,ITI Stress Q4 CROSS 65 REACH 85 40 ITI-05__913e87a7,3766439c96a7dd20c1a357cc9d344f52bdbbe213fb68782d4349329b8cd85c22,d42a28ee37542cabb6f140ba345b132015584963589d3732b3115ed80806cad0,6a547a4c14bdf2904cb47931457dc625742ef8654207540831709bc1c93ea690,ITI Stress Q4 CROSS 65 REACH 85 40 ITI-05,NBA,NBA,2025-2026,2025-10-10,2025-10-31,"{""date_from"":""2025-10-10"",""date_to"":""2025-10-31"",""game_data"":[""pbp""],""leagues"":[""NBA""],""market_data"":[""candles""],""markets"":[""kalshi""],""seasons"":[""2025-2026""],""sports"":[""NBA""]}",TRADABLE_YES_BID,1_MINUTE_CANDLE,available_at,CROSS,"{""id"":""entry_iti_stress"",""op"":""CROSS"",""period"":""Q4"",""price_e4"":7100}",REACH,"{""id"":""win_iti_stress"",""op"":""REACH"",""outcome"":""win"",""price_e4"":8500}",REACH,"{""id"":""loss_iti_stress"",""op"":""REACH"",""outcome"":""loss"",""price_e4"":4000}",HOLD_TO_SETTLEMENT,75d368edb0ad750c5bc7596a46abdf3fabdfd8d1471175a99677c2075fcaeeea,1.0.0,2026-09-13T06:28:48Z,1.0.0,1.0.0,1.0.0,2026-09-13T06:28:48Z,READY,30,19,7,0.633333,0.233333,1400,3100,0.451613,163.333333,416a2c883115f79ca748415171c8bd3a0ffbd6d264c3bd924f438a9db2c25078,candle_path_not_fill,UNAVAILABLE,UNAVAILABLE,UNAVAILABLE,NOT_COMPUTABLE,UNAVAILABLE
path_bands,MONTE_CARLO,base_decomposition,bernoulli_week_7_p50,14192.193677,usd,bernoulli,superasi_bdebase_v1.0.0,grade_config_v1,2026-09-13T12:02:58Z,913e87a7c8d04ab0af447be670cfcda2,ITI Stress Q4 CROSS 65 REACH 85 40 ITI-05__913e87a7,3766439c96a7dd20c1a357cc9d344f52bdbbe213fb68782d4349329b8cd85c22,d42a28ee37542cabb6f140ba345b132015584963589d3732b3115ed80806cad0,6a547a4c14bdf2904cb47931457dc625742ef8654207540831709bc1c93ea690,ITI Stress Q4 CROSS 65 REACH 85 40 ITI-05,NBA,NBA,2025-2026,2025-10-10,2025-10-31,"{""date_from"":""2025-10-10"",""date_to"":""2025-10-31"",""game_data"":[""pbp""],""leagues"":[""NBA""],""market_data"":[""candles""],""markets"":[""kalshi""],""seasons"":[""2025-2026""],""sports"":[""NBA""]}",TRADABLE_YES_BID,1_MINUTE_CANDLE,available_at,CROSS,"{""id"":""entry_iti_stress"",""op"":""CROSS"",""period"":""Q4"",""price_e4"":7100}",REACH,"{""id"":""win_iti_stress"",""op"":""REACH"",""outcome"":""win"",""price_e4"":8500}",REACH,"{""id"":""loss_iti_stress"",""op"":""REACH"",""outcome"":""loss"",""price_e4"":4000}",HOLD_TO_SETTLEMENT,75d368edb0ad750c5bc7596a46abdf3fabdfd8d1471175a99677c2075fcaeeea,1.0.0,2026-09-13T06:28:48Z,1.0.0,1.0.0,1.0.0,2026-09-13T06:28:48Z,READY,30,19,7,0.633333,0.233333,1400,3100,0.451613,163.333333,416a2c883115f79ca748415171c8bd3a0ffbd6d264c3bd924f438a9db2c25078,candle_path_not_fill,UNAVAILABLE,UNAVAILABLE,UNAVAILABLE,NOT_COMPUTABLE,UNAVAILABLE
path_bands,MONTE_CARLO,base_decomposition,bernoulli_week_7_p75,15593.864077,usd,bernoulli,superasi_bdebase_v1.0.0,grade_config_v1,2026-09-13T12:02:58Z,913e87a7c8d04ab0af447be670cfcda2,ITI Stress Q4 CROSS 65 REACH 85 40 ITI-05__913e87a7,3766439c96a7dd20c1a357cc9d344f52bdbbe213fb68782d4349329b8cd85c22,d42a28ee37542cabb6f140ba345b132015584963589d3732b3115ed80806cad0,6a547a4c14bdf2904cb47931457dc625742ef8654207540831709bc1c93ea690,ITI Stress Q4 CROSS 65 REACH 85 40 ITI-05,NBA,NBA,2025-2026,2025-10-10,2025-10-31,"{""date_from"":""2025-10-10"",""date_to"":""2025-10-31"",""game_data"":[""pbp""],""leagues"":[""NBA""],""market_data"":[""candles""],""markets"":[""kalshi""],""seasons"":[""2025-2026""],""sports"":[""NBA""]}",TRADABLE_YES_BID,1_MINUTE_CANDLE,available_at,CROSS,"{""id"":""entry_iti_stress"",""op"":""CROSS"",""period"":""Q4"",""price_e4"":7100}",REACH,"{""id"":""win_iti_stress"",""op"":""REACH"",""outcome"":""win"",""price_e4"":8500}",REACH,"{""id"":""loss_iti_stress"",""op"":""REACH"",""outcome"":""loss"",""price_e4"":4000}",HOLD_TO_SETTLEMENT,75d368edb0ad750c5bc7596a46abdf3fabdfd8d1471175a99677c2075fcaeeea,1.0.0,2026-09-13T06:28:48Z,1.0.0,1.0.0,1.0.0,2026-09-13T06:28:48Z,READY,30,19,7,0.633333,0.233333,1400,3100,0.451613,163.333333,416a2c883115f79ca748415171c8bd3a0ffbd6d264c3bd924f438a9db2c25078,candle_path_not_fill,UNAVAILABLE,UNAVAILABLE,UNAVAILABLE,NOT_COMPUTABLE,UNAVAILABLE
path_bands,MONTE_CARLO,base_decomposition,bernoulli_week_7_p95,17801.954113,usd,bernoulli,superasi_bdebase_v1.0.0,grade_config_v1,2026-09-13T12:02:58Z,913e87a7c8d04ab0af447be670cfcda2,ITI Stress Q4 CROSS 65 REACH 85 40 ITI-05__913e87a7,3766439c96a7dd20c1a357cc9d344f52bdbbe213fb68782d4349329b8cd85c22,d42a28ee37542cabb6f140ba345b132015584963589d3732b3115ed80806cad0,6a547a4c14bdf2904cb47931457dc625742ef8654207540831709bc1c93ea690,ITI Stress Q4 CROSS 65 REACH 85 40 ITI-05,NBA,NBA,2025-2026,2025-10-10,2025-10-31,"{""date_from"":""2025-10-10"",""date_to"":""2025-10-31"",""game_data"":[""pbp""],""leagues"":[""NBA""],""market_data"":[""candles""],""markets"":[""kalshi""],""seasons"":[""2025-2026""],""sports"":[""NBA""]}",TRADABLE_YES_BID,1_MINUTE_CANDLE,available_at,CROSS,"{""id"":""entry_iti_stress"",""op"":""CROSS"",""period"":""Q4"",""price_e4"":7100}",REACH,"{""id"":""win_iti_stress"",""op"":""REACH"",""outcome"":""win"",""price_e4"":8500}",REACH,"{""id"":""loss_iti_stress"",""op"":""REACH"",""outcome"":""loss"",""price_e4"":4000}",HOLD_TO_SETTLEMENT,75d368edb0ad750c5bc7596a46abdf3fabdfd8d1471175a99677c2075fcaeeea,1.0.0,2026-09-13T06:28:48Z,1.0.0,1.0.0,1.0.0,2026-09-13T06:28:48Z,READY,30,19,7,0.633333,0.233333,1400,3100,0.451613,163.333333,416a2c883115f79ca748415171c8bd3a0ffbd6d264c3bd924f438a9db2c25078,candle_path_not_fill,UNAVAILABLE,UNAVAILABLE,UNAVAILABLE,NOT_COMPUTABLE,UNAVAILABLE
path_bands,MONTE_CARLO,base_decomposition,bernoulli_week_8_p5,10508.014317,usd,bernoulli,superasi_bdebase_v1.0.0,grade_config_v1,2026-09-13T12:02:58Z,913e87a7c8d04ab0af447be670cfcda2,ITI Stress Q4 CROSS 65 REACH 85 40 ITI-05__913e87a7,3766439c96a7dd20c1a357cc9d344f52bdbbe213fb68782d4349329b8cd85c22,d42a28ee37542cabb6f140ba345b132015584963589d3732b3115ed80806cad0,6a547a4c14bdf2904cb47931457dc625742ef8654207540831709bc1c93ea690,ITI Stress Q4 CROSS 65 REACH 85 40 ITI-05,NBA,NBA,2025-2026,2025-10-10,2025-10-31,"{""date_from"":""2025-10-10"",""date_to"":""2025-10-31"",""game_data"":[""pbp""],""leagues"":[""NBA""],""market_data"":[""candles""],""markets"":[""kalshi""],""seasons"":[""2025-2026""],""sports"":[""NBA""]}",TRADABLE_YES_BID,1_MINUTE_CANDLE,available_at,CROSS,"{""id"":""entry_iti_stress"",""op"":""CROSS"",""period"":""Q4"",""price_e4"":7100}",REACH,"{""id"":""win_iti_stress"",""op"":""REACH"",""outcome"":""win"",""price_e4"":8500}",REACH,"{""id"":""loss_iti_stress"",""op"":""REACH"",""outcome"":""loss"",""price_e4"":4000}",HOLD_TO_SETTLEMENT,75d368edb0ad750c5bc7596a46abdf3fabdfd8d1471175a99677c2075fcaeeea,1.0.0,2026-09-13T06:28:48Z,1.0.0,1.0.0,1.0.0,2026-09-13T06:28:48Z,READY,30,19,7,0.633333,0.233333,1400,3100,0.451613,163.333333,416a2c883115f79ca748415171c8bd3a0ffbd6d264c3bd924f438a9db2c25078,candle_path_not_fill,UNAVAILABLE,UNAVAILABLE,UNAVAILABLE,NOT_COMPUTABLE,UNAVAILABLE
path_bands,MONTE_CARLO,base_decomposition,bernoulli_week_8_p25,12108.177468,usd,bernoulli,superasi_bdebase_v1.0.0,grade_config_v1,2026-09-13T12:02:58Z,913e87a7c8d04ab0af447be670cfcda2,ITI Stress Q4 CROSS 65 REACH 85 40 ITI-05__913e87a7,3766439c96a7dd20c1a357cc9d344f52bdbbe213fb68782d4349329b8cd85c22,d42a28ee37542cabb6f140ba345b132015584963589d3732b3115ed80806cad0,6a547a4c14bdf2904cb47931457dc625742ef8654207540831709bc1c93ea690,ITI Stress Q4 CROSS 65 REACH 85 40 ITI-05,NBA,NBA,2025-2026,2025-10-10,2025-10-31,"{""date_from"":""2025-10-10"",""date_to"":""2025-10-31"",""game_data"":[""pbp""],""leagues"":[""NBA""],""market_data"":[""candles""],""markets"":[""kalshi""],""seasons"":[""2025-2026""],""sports"":[""NBA""]}",TRADABLE_YES_BID,1_MINUTE_CANDLE,available_at,CROSS,"{""id"":""entry_iti_stress"",""op"":""CROSS"",""period"":""Q4"",""price_e4"":7100}",REACH,"{""id"":""win_iti_stress"",""op"":""REACH"",""outcome"":""win"",""price_e4"":8500}",REACH,"{""id"":""loss_iti_stress"",""op"":""REACH"",""outcome"":""loss"",""price_e4"":4000}",HOLD_TO_SETTLEMENT,75d368edb0ad750c5bc7596a46abdf3fabdfd8d1471175a99677c2075fcaeeea,1.0.0,2026-09-13T06:28:48Z,1.0.0,1.0.0,1.0.0,2026-09-13T06:28:48Z,READY,30,19,7,0.633333,0.233333,1400,3100,0.451613,163.333333,416a2c883115f79ca748415171c8bd3a0ffbd6d264c3bd924f438a9db2c25078,candle_path_not_fill,UNAVAILABLE,UNAVAILABLE,UNAVAILABLE,NOT_COMPUTABLE,UNAVAILABLE
path_bands,MONTE_CARLO,base_decomposition,bernoulli_week_8_p50,13393.666964,usd,bernoulli,superasi_bdebase_v1.0.0,grade_config_v1,2026-09-13T12:02:58Z,913e87a7c8d04ab0af447be670cfcda2,ITI Stress Q4 CROSS 65 REACH 85 40 ITI-05__913e87a7,3766439c96a7dd20c1a357cc9d344f52bdbbe213fb68782d4349329b8cd85c22,d42a28ee37542cabb6f140ba345b132015584963589d3732b3115ed80806cad0,6a547a4c14bdf2904cb47931457dc625742ef8654207540831709bc1c93ea690,ITI Stress Q4 CROSS 65 REACH 85 40 ITI-05,NBA,NBA,2025-2026,2025-10-10,2025-10-31,"{""date_from"":""2025-10-10"",""date_to"":""2025-10-31"",""game_data"":[""pbp""],""leagues"":[""NBA""],""market_data"":[""candles""],""markets"":[""kalshi""],""seasons"":[""2025-2026""],""sports"":[""NBA""]}",TRADABLE_YES_BID,1_MINUTE_CANDLE,available_at,CROSS,"{""id"":""entry_iti_stress"",""op"":""CROSS"",""period"":""Q4"",""price_e4"":7100}",REACH,"{""id"":""win_iti_stress"",""op"":""REACH"",""outcome"":""win"",""price_e4"":8500}",REACH,"{""id"":""loss_iti_stress"",""op"":""REACH"",""outcome"":""loss"",""price_e4"":4000}",HOLD_TO_SETTLEMENT,75d368edb0ad750c5bc7596a46abdf3fabdfd8d1471175a99677c2075fcaeeea,1.0.0,2026-09-13T06:28:48Z,1.0.0,1.0.0,1.0.0,2026-09-13T06:28:48Z,READY,30,19,7,0.633333,0.233333,1400,3100,0.451613,163.333333,416a2c883115f79ca748415171c8bd3a0ffbd6d264c3bd924f438a9db2c25078,candle_path_not_fill,UNAVAILABLE,UNAVAILABLE,UNAVAILABLE,NOT_COMPUTABLE,UNAVAILABLE
path_bands,MONTE_CARLO,base_decomposition,bernoulli_week_8_p75,14796.308756,usd,bernoulli,superasi_bdebase_v1.0.0,grade_config_v1,2026-09-13T12:02:58Z,913e87a7c8d04ab0af447be670cfcda2,ITI Stress Q4 CROSS 65 REACH 85 40 ITI-05__913e87a7,3766439c96a7dd20c1a357cc9d344f52bdbbe213fb68782d4349329b8cd85c22,d42a28ee37542cabb6f140ba345b132015584963589d3732b3115ed80806cad0,6a547a4c14bdf2904cb47931457dc625742ef8654207540831709bc1c93ea690,ITI Stress Q4 CROSS 65 REACH 85 40 ITI-05,NBA,NBA,2025-2026,2025-10-10,2025-10-31,"{""date_from"":""2025-10-10"",""date_to"":""2025-10-31"",""game_data"":[""pbp""],""leagues"":[""NBA""],""market_data"":[""candles""],""markets"":[""kalshi""],""seasons"":[""2025-2026""],""sports"":[""NBA""]}",TRADABLE_YES_BID,1_MINUTE_CANDLE,available_at,CROSS,"{""id"":""entry_iti_stress"",""op"":""CROSS"",""period"":""Q4"",""price_e4"":7100}",REACH,"{""id"":""win_iti_stress"",""op"":""REACH"",""outcome"":""win"",""price_e4"":8500}",REACH,"{""id"":""loss_iti_stress"",""op"":""REACH"",""outcome"":""loss"",""price_e4"":4000}",HOLD_TO_SETTLEMENT,75d368edb0ad750c5bc7596a46abdf3fabdfd8d1471175a99677c2075fcaeeea,1.0.0,2026-09-13T06:28:48Z,1.0.0,1.0.0,1.0.0,2026-09-13T06:28:48Z,READY,30,19,7,0.633333,0.233333,1400,3100,0.451613,163.333333,416a2c883115f79ca748415171c8bd3a0ffbd6d264c3bd924f438a9db2c25078,candle_path_not_fill,UNAVAILABLE,UNAVAILABLE,UNAVAILABLE,NOT_COMPUTABLE,UNAVAILABLE
path_bands,MONTE_CARLO,base_decomposition,bernoulli_week_8_p95,16931.810615,usd,bernoulli,superasi_bdebase_v1.0.0,grade_config_v1,2026-09-13T12:02:58Z,913e87a7c8d04ab0af447be670cfcda2,ITI Stress Q4 CROSS 65 REACH 85 40 ITI-05__913e87a7,3766439c96a7dd20c1a357cc9d344f52bdbbe213fb68782d4349329b8cd85c22,d42a28ee37542cabb6f140ba345b132015584963589d3732b3115ed80806cad0,6a547a4c14bdf2904cb47931457dc625742ef8654207540831709bc1c93ea690,ITI Stress Q4 CROSS 65 REACH 85 40 ITI-05,NBA,NBA,2025-2026,2025-10-10,2025-10-31,"{""date_from"":""2025-10-10"",""date_to"":""2025-10-31"",""game_data"":[""pbp""],""leagues"":[""NBA""],""market_data"":[""candles""],""markets"":[""kalshi""],""seasons"":[""2025-2026""],""sports"":[""NBA""]}",TRADABLE_YES_BID,1_MINUTE_CANDLE,available_at,CROSS,"{""id"":""entry_iti_stress"",""op"":""CROSS"",""period"":""Q4"",""price_e4"":7100}",REACH,"{""id"":""win_iti_stress"",""op"":""REACH"",""outcome"":""win"",""price_e4"":8500}",REACH,"{""id"":""loss_iti_stress"",""op"":""REACH"",""outcome"":""loss"",""price_e4"":4000}",HOLD_TO_SETTLEMENT,75d368edb0ad750c5bc7596a46abdf3fabdfd8d1471175a99677c2075fcaeeea,1.0.0,2026-09-13T06:28:48Z,1.0.0,1.0.0,1.0.0,2026-09-13T06:28:48Z,READY,30,19,7,0.633333,0.233333,1400,3100,0.451613,163.333333,416a2c883115f79ca748415171c8bd3a0ffbd6d264c3bd924f438a9db2c25078,candle_path_not_fill,UNAVAILABLE,UNAVAILABLE,UNAVAILABLE,NOT_COMPUTABLE,UNAVAILABLE
path_bands,MONTE_CARLO,base_decomposition,bernoulli_week_9_p5,9862.049471,usd,bernoulli,superasi_bdebase_v1.0.0,grade_config_v1,2026-09-13T12:02:58Z,913e87a7c8d04ab0af447be670cfcda2,ITI Stress Q4 CROSS 65 REACH 85 40 ITI-05__913e87a7,3766439c96a7dd20c1a357cc9d344f52bdbbe213fb68782d4349329b8cd85c22,d42a28ee37542cabb6f140ba345b132015584963589d3732b3115ed80806cad0,6a547a4c14bdf2904cb47931457dc625742ef8654207540831709bc1c93ea690,ITI Stress Q4 CROSS 65 REACH 85 40 ITI-05,NBA,NBA,2025-2026,2025-10-10,2025-10-31,"{""date_from"":""2025-10-10"",""date_to"":""2025-10-31"",""game_data"":[""pbp""],""leagues"":[""NBA""],""market_data"":[""candles""],""markets"":[""kalshi""],""seasons"":[""2025-2026""],""sports"":[""NBA""]}",TRADABLE_YES_BID,1_MINUTE_CANDLE,available_at,CROSS,"{""id"":""entry_iti_stress"",""op"":""CROSS"",""period"":""Q4"",""price_e4"":7100}",REACH,"{""id"":""win_iti_stress"",""op"":""REACH"",""outcome"":""win"",""price_e4"":8500}",REACH,"{""id"":""loss_iti_stress"",""op"":""REACH"",""outcome"":""loss"",""price_e4"":4000}",HOLD_TO_SETTLEMENT,75d368edb0ad750c5bc7596a46abdf3fabdfd8d1471175a99677c2075fcaeeea,1.0.0,2026-09-13T06:28:48Z,1.0.0,1.0.0,1.0.0,2026-09-13T06:28:48Z,READY,30,19,7,0.633333,0.233333,1400,3100,0.451613,163.333333,416a2c883115f79ca748415171c8bd3a0ffbd6d264c3bd924f438a9db2c25078,candle_path_not_fill,UNAVAILABLE,UNAVAILABLE,UNAVAILABLE,NOT_COMPUTABLE,UNAVAILABLE
path_bands,MONTE_CARLO,base_decomposition,bernoulli_week_9_p25,11397.261227,usd,bernoulli,superasi_bdebase_v1.0.0,grade_config_v1,2026-09-13T12:02:58Z,913e87a7c8d04ab0af447be670cfcda2,ITI Stress Q4 CROSS 65 REACH 85 40 ITI-05__913e87a7,3766439c96a7dd20c1a357cc9d344f52bdbbe213fb68782d4349329b8cd85c22,d42a28ee37542cabb6f140ba345b132015584963589d3732b3115ed80806cad0,6a547a4c14bdf2904cb47931457dc625742ef8654207540831709bc1c93ea690,ITI Stress Q4 CROSS 65 REACH 85 40 ITI-05,NBA,NBA,2025-2026,2025-10-10,2025-10-31,"{""date_from"":""2025-10-10"",""date_to"":""2025-10-31"",""game_data"":[""pbp""],""leagues"":[""NBA""],""market_data"":[""candles""],""markets"":[""kalshi""],""seasons"":[""2025-2026""],""sports"":[""NBA""]}",TRADABLE_YES_BID,1_MINUTE_CANDLE,available_at,CROSS,"{""id"":""entry_iti_stress"",""op"":""CROSS"",""period"":""Q4"",""price_e4"":7100}",REACH,"{""id"":""win_iti_stress"",""op"":""REACH"",""outcome"":""win"",""price_e4"":8500}",REACH,"{""id"":""loss_iti_stress"",""op"":""REACH"",""outcome"":""loss"",""price_e4"":4000}",HOLD_TO_SETTLEMENT,75d368edb0ad750c5bc7596a46abdf3fabdfd8d1471175a99677c2075fcaeeea,1.0.0,2026-09-13T06:28:48Z,1.0.0,1.0.0,1.0.0,2026-09-13T06:28:48Z,READY,30,19,7,0.633333,0.233333,1400,3100,0.451613,163.333333,416a2c883115f79ca748415171c8bd3a0ffbd6d264c3bd924f438a9db2c25078,candle_path_not_fill,UNAVAILABLE,UNAVAILABLE,UNAVAILABLE,NOT_COMPUTABLE,UNAVAILABLE
path_bands,MONTE_CARLO,base_decomposition,bernoulli_week_9_p50,12793.516191,usd,bernoulli,superasi_bdebase_v1.0.0,grade_config_v1,2026-09-13T12:02:58Z,913e87a7c8d04ab0af447be670cfcda2,ITI Stress Q4 CROSS 65 REACH 85 40 ITI-05__913e87a7,3766439c96a7dd20c1a357cc9d344f52bdbbe213fb68782d4349329b8cd85c22,d42a28ee37542cabb6f140ba345b132015584963589d3732b3115ed80806cad0,6a547a4c14bdf2904cb47931457dc625742ef8654207540831709bc1c93ea690,ITI Stress Q4 CROSS 65 REACH 85 40 ITI-05,NBA,NBA,2025-2026,2025-10-10,2025-10-31,"{""date_from"":""2025-10-10"",""date_to"":""2025-10-31"",""game_data"":[""pbp""],""leagues"":[""NBA""],""market_data"":[""candles""],""markets"":[""kalshi""],""seasons"":[""2025-2026""],""sports"":[""NBA""]}",TRADABLE_YES_BID,1_MINUTE_CANDLE,available_at,CROSS,"{""id"":""entry_iti_stress"",""op"":""CROSS"",""period"":""Q4"",""price_e4"":7100}",REACH,"{""id"":""win_iti_stress"",""op"":""REACH"",""outcome"":""win"",""price_e4"":8500}",REACH,"{""id"":""loss_iti_stress"",""op"":""REACH"",""outcome"":""loss"",""price_e4"":4000}",HOLD_TO_SETTLEMENT,75d368edb0ad750c5bc7596a46abdf3fabdfd8d1471175a99677c2075fcaeeea,1.0.0,2026-09-13T06:28:48Z,1.0.0,1.0.0,1.0.0,2026-09-13T06:28:48Z,READY,30,19,7,0.633333,0.233333,1400,3100,0.451613,163.333333,416a2c883115f79ca748415171c8bd3a0ffbd6d264c3bd924f438a9db2c25078,candle_path_not_fill,UNAVAILABLE,UNAVAILABLE,UNAVAILABLE,NOT_COMPUTABLE,UNAVAILABLE
path_bands,MONTE_CARLO,base_decomposition,bernoulli_week_9_p75,14271.291895,usd,bernoulli,superasi_bdebase_v1.0.0,grade_config_v1,2026-09-13T12:02:58Z,913e87a7c8d04ab0af447be670cfcda2,ITI Stress Q4 CROSS 65 REACH 85 40 ITI-05__913e87a7,3766439c96a7dd20c1a357cc9d344f52bdbbe213fb68782d4349329b8cd85c22,d42a28ee37542cabb6f140ba345b132015584963589d3732b3115ed80806cad0,6a547a4c14bdf2904cb47931457dc625742ef8654207540831709bc1c93ea690,ITI Stress Q4 CROSS 65 REACH 85 40 ITI-05,NBA,NBA,2025-2026,2025-10-10,2025-10-31,"{""date_from"":""2025-10-10"",""date_to"":""2025-10-31"",""game_data"":[""pbp""],""leagues"":[""NBA""],""market_data"":[""candles""],""markets"":[""kalshi""],""seasons"":[""2025-2026""],""sports"":[""NBA""]}",TRADABLE_YES_BID,1_MINUTE_CANDLE,available_at,CROSS,"{""id"":""entry_iti_stress"",""op"":""CROSS"",""period"":""Q4"",""price_e4"":7100}",REACH,"{""id"":""win_iti_stress"",""op"":""REACH"",""outcome"":""win"",""price_e4"":8500}",REACH,"{""id"":""loss_iti_stress"",""op"":""REACH"",""outcome"":""loss"",""price_e4"":4000}",HOLD_TO_SETTLEMENT,75d368edb0ad750c5bc7596a46abdf3fabdfd8d1471175a99677c2075fcaeeea,1.0.0,2026-09-13T06:28:48Z,1.0.0,1.0.0,1.0.0,2026-09-13T06:28:48Z,READY,30,19,7,0.633333,0.233333,1400,3100,0.451613,163.333333,416a2c883115f79ca748415171c8bd3a0ffbd6d264c3bd924f438a9db2c25078,candle_path_not_fill,UNAVAILABLE,UNAVAILABLE,UNAVAILABLE,NOT_COMPUTABLE,UNAVAILABLE
path_bands,MONTE_CARLO,base_decomposition,bernoulli_week_9_p95,16402.311643,usd,bernoulli,superasi_bdebase_v1.0.0,grade_config_v1,2026-09-13T12:02:58Z,913e87a7c8d04ab0af447be670cfcda2,ITI Stress Q4 CROSS 65 REACH 85 40 ITI-05__913e87a7,3766439c96a7dd20c1a357cc9d344f52bdbbe213fb68782d4349329b8cd85c22,d42a28ee37542cabb6f140ba345b132015584963589d3732b3115ed80806cad0,6a547a4c14bdf2904cb47931457dc625742ef8654207540831709bc1c93ea690,ITI Stress Q4 CROSS 65 REACH 85 40 ITI-05,NBA,NBA,2025-2026,2025-10-10,2025-10-31,"{""date_from"":""2025-10-10"",""date_to"":""2025-10-31"",""game_data"":[""pbp""],""leagues"":[""NBA""],""market_data"":[""candles""],""markets"":[""kalshi""],""seasons"":[""2025-2026""],""sports"":[""NBA""]}",TRADABLE_YES_BID,1_MINUTE_CANDLE,available_at,CROSS,"{""id"":""entry_iti_stress"",""op"":""CROSS"",""period"":""Q4"",""price_e4"":7100}",REACH,"{""id"":""win_iti_stress"",""op"":""REACH"",""outcome"":""win"",""price_e4"":8500}",REACH,"{""id"":""loss_iti_stress"",""op"":""REACH"",""outcome"":""loss"",""price_e4"":4000}",HOLD_TO_SETTLEMENT,75d368edb0ad750c5bc7596a46abdf3fabdfd8d1471175a99677c2075fcaeeea,1.0.0,2026-09-13T06:28:48Z,1.0.0,1.0.0,1.0.0,2026-09-13T06:28:48Z,READY,30,19,7,0.633333,0.233333,1400,3100,0.451613,163.333333,416a2c883115f79ca748415171c8bd3a0ffbd6d264c3bd924f438a9db2c25078,candle_path_not_fill,UNAVAILABLE,UNAVAILABLE,UNAVAILABLE,NOT_COMPUTABLE,UNAVAILABLE
path_bands,MONTE_CARLO,base_decomposition,bernoulli_week_10_p5,9245.452737,usd,bernoulli,superasi_bdebase_v1.0.0,grade_config_v1,2026-09-13T12:02:58Z,913e87a7c8d04ab0af447be670cfcda2,ITI Stress Q4 CROSS 65 REACH 85 40 ITI-05__913e87a7,3766439c96a7dd20c1a357cc9d344f52bdbbe213fb68782d4349329b8cd85c22,d42a28ee37542cabb6f140ba345b132015584963589d3732b3115ed80806cad0,6a547a4c14bdf2904cb47931457dc625742ef8654207540831709bc1c93ea690,ITI Stress Q4 CROSS 65 REACH 85 40 ITI-05,NBA,NBA,2025-2026,2025-10-10,2025-10-31,"{""date_from"":""2025-10-10"",""date_to"":""2025-10-31"",""game_data"":[""pbp""],""leagues"":[""NBA""],""market_data"":[""candles""],""markets"":[""kalshi""],""seasons"":[""2025-2026""],""sports"":[""NBA""]}",TRADABLE_YES_BID,1_MINUTE_CANDLE,available_at,CROSS,"{""id"":""entry_iti_stress"",""op"":""CROSS"",""period"":""Q4"",""price_e4"":7100}",REACH,"{""id"":""win_iti_stress"",""op"":""REACH"",""outcome"":""win"",""price_e4"":8500}",REACH,"{""id"":""loss_iti_stress"",""op"":""REACH"",""outcome"":""loss"",""price_e4"":4000}",HOLD_TO_SETTLEMENT,75d368edb0ad750c5bc7596a46abdf3fabdfd8d1471175a99677c2075fcaeeea,1.0.0,2026-09-13T06:28:48Z,1.0.0,1.0.0,1.0.0,2026-09-13T06:28:48Z,READY,30,19,7,0.633333,0.233333,1400,3100,0.451613,163.333333,416a2c883115f79ca748415171c8bd3a0ffbd6d264c3bd924f438a9db2c25078,candle_path_not_fill,UNAVAILABLE,UNAVAILABLE,UNAVAILABLE,NOT_COMPUTABLE,UNAVAILABLE
path_bands,MONTE_CARLO,base_decomposition,bernoulli_week_10_p25,10902.350889,usd,bernoulli,superasi_bdebase_v1.0.0,grade_config_v1,2026-09-13T12:02:58Z,913e87a7c8d04ab0af447be670cfcda2,ITI Stress Q4 CROSS 65 REACH 85 40 ITI-05__913e87a7,3766439c96a7dd20c1a357cc9d344f52bdbbe213fb68782d4349329b8cd85c22,d42a28ee37542cabb6f140ba345b132015584963589d3732b3115ed80806cad0,6a547a4c14bdf2904cb47931457dc625742ef8654207540831709bc1c93ea690,ITI Stress Q4 CROSS 65 REACH 85 40 ITI-05,NBA,NBA,2025-2026,2025-10-10,2025-10-31,"{""date_from"":""2025-10-10"",""date_to"":""2025-10-31"",""game_data"":[""pbp""],""leagues"":[""NBA""],""market_data"":[""candles""],""markets"":[""kalshi""],""seasons"":[""2025-2026""],""sports"":[""NBA""]}",TRADABLE_YES_BID,1_MINUTE_CANDLE,available_at,CROSS,"{""id"":""entry_iti_stress"",""op"":""CROSS"",""period"":""Q4"",""price_e4"":7100}",REACH,"{""id"":""win_iti_stress"",""op"":""REACH"",""outcome"":""win"",""price_e4"":8500}",REACH,"{""id"":""loss_iti_stress"",""op"":""REACH"",""outcome"":""loss"",""price_e4"":4000}",HOLD_TO_SETTLEMENT,75d368edb0ad750c5bc7596a46abdf3fabdfd8d1471175a99677c2075fcaeeea,1.0.0,2026-09-13T06:28:48Z,1.0.0,1.0.0,1.0.0,2026-09-13T06:28:48Z,READY,30,19,7,0.633333,0.233333,1400,3100,0.451613,163.333333,416a2c883115f79ca748415171c8bd3a0ffbd6d264c3bd924f438a9db2c25078,candle_path_not_fill,UNAVAILABLE,UNAVAILABLE,UNAVAILABLE,NOT_COMPUTABLE,UNAVAILABLE
path_bands,MONTE_CARLO,base_decomposition,bernoulli_week_10_p50,12171.159766,usd,bernoulli,superasi_bdebase_v1.0.0,grade_config_v1,2026-09-13T12:02:58Z,913e87a7c8d04ab0af447be670cfcda2,ITI Stress Q4 CROSS 65 REACH 85 40 ITI-05__913e87a7,3766439c96a7dd20c1a357cc9d344f52bdbbe213fb68782d4349329b8cd85c22,d42a28ee37542cabb6f140ba345b132015584963589d3732b3115ed80806cad0,6a547a4c14bdf2904cb47931457dc625742ef8654207540831709bc1c93ea690,ITI Stress Q4 CROSS 65 REACH 85 40 ITI-05,NBA,NBA,2025-2026,2025-10-10,2025-10-31,"{""date_from"":""2025-10-10"",""date_to"":""2025-10-31"",""game_data"":[""pbp""],""leagues"":[""NBA""],""market_data"":[""candles""],""markets"":[""kalshi""],""seasons"":[""2025-2026""],""sports"":[""NBA""]}",TRADABLE_YES_BID,1_MINUTE_CANDLE,available_at,CROSS,"{""id"":""entry_iti_stress"",""op"":""CROSS"",""period"":""Q4"",""price_e4"":7100}",REACH,"{""id"":""win_iti_stress"",""op"":""REACH"",""outcome"":""win"",""price_e4"":8500}",REACH,"{""id"":""loss_iti_stress"",""op"":""REACH"",""outcome"":""loss"",""price_e4"":4000}",HOLD_TO_SETTLEMENT,75d368edb0ad750c5bc7596a46abdf3fabdfd8d1471175a99677c2075fcaeeea,1.0.0,2026-09-13T06:28:48Z,1.0.0,1.0.0,1.0.0,2026-09-13T06:28:48Z,READY,30,19,7,0.633333,0.233333,1400,3100,0.451613,163.333333,416a2c883115f79ca748415171c8bd3a0ffbd6d264c3bd924f438a9db2c25078,candle_path_not_fill,UNAVAILABLE,UNAVAILABLE,UNAVAILABLE,NOT_COMPUTABLE,UNAVAILABLE
path_bands,MONTE_CARLO,base_decomposition,bernoulli_week_10_p75,13515.793649,usd,bernoulli,superasi_bdebase_v1.0.0,grade_config_v1,2026-09-13T12:02:58Z,913e87a7c8d04ab0af447be670cfcda2,ITI Stress Q4 CROSS 65 REACH 85 40 ITI-05__913e87a7,3766439c96a7dd20c1a357cc9d344f52bdbbe213fb68782d4349329b8cd85c22,d42a28ee37542cabb6f140ba345b132015584963589d3732b3115ed80806cad0,6a547a4c14bdf2904cb47931457dc625742ef8654207540831709bc1c93ea690,ITI Stress Q4 CROSS 65 REACH 85 40 ITI-05,NBA,NBA,2025-2026,2025-10-10,2025-10-31,"{""date_from"":""2025-10-10"",""date_to"":""2025-10-31"",""game_data"":[""pbp""],""leagues"":[""NBA""],""market_data"":[""candles""],""markets"":[""kalshi""],""seasons"":[""2025-2026""],""sports"":[""NBA""]}",TRADABLE_YES_BID,1_MINUTE_CANDLE,available_at,CROSS,"{""id"":""entry_iti_stress"",""op"":""CROSS"",""period"":""Q4"",""price_e4"":7100}",REACH,"{""id"":""win_iti_stress"",""op"":""REACH"",""outcome"":""win"",""price_e4"":8500}",REACH,"{""id"":""loss_iti_stress"",""op"":""REACH"",""outcome"":""loss"",""price_e4"":4000}",HOLD_TO_SETTLEMENT,75d368edb0ad750c5bc7596a46abdf3fabdfd8d1471175a99677c2075fcaeeea,1.0.0,2026-09-13T06:28:48Z,1.0.0,1.0.0,1.0.0,2026-09-13T06:28:48Z,READY,30,19,7,0.633333,0.233333,1400,3100,0.451613,163.333333,416a2c883115f79ca748415171c8bd3a0ffbd6d264c3bd924f438a9db2c25078,candle_path_not_fill,UNAVAILABLE,UNAVAILABLE,UNAVAILABLE,NOT_COMPUTABLE,UNAVAILABLE
path_bands,MONTE_CARLO,base_decomposition,bernoulli_week_10_p95,15890.530937,usd,bernoulli,superasi_bdebase_v1.0.0,grade_config_v1,2026-09-13T12:02:58Z,913e87a7c8d04ab0af447be670cfcda2,ITI Stress Q4 CROSS 65 REACH 85 40 ITI-05__913e87a7,3766439c96a7dd20c1a357cc9d344f52bdbbe213fb68782d4349329b8cd85c22,d42a28ee37542cabb6f140ba345b132015584963589d3732b3115ed80806cad0,6a547a4c14bdf2904cb47931457dc625742ef8654207540831709bc1c93ea690,ITI Stress Q4 CROSS 65 REACH 85 40 ITI-05,NBA,NBA,2025-2026,2025-10-10,2025-10-31,"{""date_from"":""2025-10-10"",""date_to"":""2025-10-31"",""game_data"":[""pbp""],""leagues"":[""NBA""],""market_data"":[""candles""],""markets"":[""kalshi""],""seasons"":[""2025-2026""],""sports"":[""NBA""]}",TRADABLE_YES_BID,1_MINUTE_CANDLE,available_at,CROSS,"{""id"":""entry_iti_stress"",""op"":""CROSS"",""period"":""Q4"",""price_e4"":7100}",REACH,"{""id"":""win_iti_stress"",""op"":""REACH"",""outcome"":""win"",""price_e4"":8500}",REACH,"{""id"":""loss_iti_stress"",""op"":""REACH"",""outcome"":""loss"",""price_e4"":4000}",HOLD_TO_SETTLEMENT,75d368edb0ad750c5bc7596a46abdf3fabdfd8d1471175a99677c2075fcaeeea,1.0.0,2026-09-13T06:28:48Z,1.0.0,1.0.0,1.0.0,2026-09-13T06:28:48Z,READY,30,19,7,0.633333,0.233333,1400,3100,0.451613,163.333333,416a2c883115f79ca748415171c8bd3a0ffbd6d264c3bd924f438a9db2c25078,candle_path_not_fill,UNAVAILABLE,UNAVAILABLE,UNAVAILABLE,NOT_COMPUTABLE,UNAVAILABLE
path_bands,MONTE_CARLO,base_decomposition,bernoulli_week_11_p5,8675.590555,usd,bernoulli,superasi_bdebase_v1.0.0,grade_config_v1,2026-09-13T12:02:58Z,913e87a7c8d04ab0af447be670cfcda2,ITI Stress Q4 CROSS 65 REACH 85 40 ITI-05__913e87a7,3766439c96a7dd20c1a357cc9d344f52bdbbe213fb68782d4349329b8cd85c22,d42a28ee37542cabb6f140ba345b132015584963589d3732b3115ed80806cad0,6a547a4c14bdf2904cb47931457dc625742ef8654207540831709bc1c93ea690,ITI Stress Q4 CROSS 65 REACH 85 40 ITI-05,NBA,NBA,2025-2026,2025-10-10,2025-10-31,"{""date_from"":""2025-10-10"",""date_to"":""2025-10-31"",""game_data"":[""pbp""],""leagues"":[""NBA""],""market_data"":[""candles""],""markets"":[""kalshi""],""seasons"":[""2025-2026""],""sports"":[""NBA""]}",TRADABLE_YES_BID,1_MINUTE_CANDLE,available_at,CROSS,"{""id"":""entry_iti_stress"",""op"":""CROSS"",""period"":""Q4"",""price_e4"":7100}",REACH,"{""id"":""win_iti_stress"",""op"":""REACH"",""outcome"":""win"",""price_e4"":8500}",REACH,"{""id"":""loss_iti_stress"",""op"":""REACH"",""outcome"":""loss"",""price_e4"":4000}",HOLD_TO_SETTLEMENT,75d368edb0ad750c5bc7596a46abdf3fabdfd8d1471175a99677c2075fcaeeea,1.0.0,2026-09-13T06:28:48Z,1.0.0,1.0.0,1.0.0,2026-09-13T06:28:48Z,READY,30,19,7,0.633333,0.233333,1400,3100,0.451613,163.333333,416a2c883115f79ca748415171c8bd3a0ffbd6d264c3bd924f438a9db2c25078,candle_path_not_fill,UNAVAILABLE,UNAVAILABLE,UNAVAILABLE,NOT_COMPUTABLE,UNAVAILABLE
path_bands,MONTE_CARLO,base_decomposition,bernoulli_week_11_p25,10309.222644,usd,bernoulli,superasi_bdebase_v1.0.0,grade_config_v1,2026-09-13T12:02:58Z,913e87a7c8d04ab0af447be670cfcda2,ITI Stress Q4 CROSS 65 REACH 85 40 ITI-05__913e87a7,3766439c96a7dd20c1a357cc9d344f52bdbbe213fb68782d4349329b8cd85c22,d42a28ee37542cabb6f140ba345b132015584963589d3732b3115ed80806cad0,6a547a4c14bdf2904cb47931457dc625742ef8654207540831709bc1c93ea690,ITI Stress Q4 CROSS 65 REACH 85 40 ITI-05,NBA,NBA,2025-2026,2025-10-10,2025-10-31,"{""date_from"":""2025-10-10"",""date_to"":""2025-10-31"",""game_data"":[""pbp""],""leagues"":[""NBA""],""market_data"":[""candles""],""markets"":[""kalshi""],""seasons"":[""2025-2026""],""sports"":[""NBA""]}",TRADABLE_YES_BID,1_MINUTE_CANDLE,available_at,CROSS,"{""id"":""entry_iti_stress"",""op"":""CROSS"",""period"":""Q4"",""price_e4"":7100}",REACH,"{""id"":""win_iti_stress"",""op"":""REACH"",""outcome"":""win"",""price_e4"":8500}",REACH,"{""id"":""loss_iti_stress"",""op"":""REACH"",""outcome"":""loss"",""price_e4"":4000}",HOLD_TO_SETTLEMENT,75d368edb0ad750c5bc7596a46abdf3fabdfd8d1471175a99677c2075fcaeeea,1.0.0,2026-09-13T06:28:48Z,1.0.0,1.0.0,1.0.0,2026-09-13T06:28:48Z,READY,30,19,7,0.633333,0.233333,1400,3100,0.451613,163.333333,416a2c883115f79ca748415171c8bd3a0ffbd6d264c3bd924f438a9db2c25078,candle_path_not_fill,UNAVAILABLE,UNAVAILABLE,UNAVAILABLE,NOT_COMPUTABLE,UNAVAILABLE
path_bands,MONTE_CARLO,base_decomposition,bernoulli_week_11_p50,11491.648826,usd,bernoulli,superasi_bdebase_v1.0.0,grade_config_v1,2026-09-13T12:02:58Z,913e87a7c8d04ab0af447be670cfcda2,ITI Stress Q4 CROSS 65 REACH 85 40 ITI-05__913e87a7,3766439c96a7dd20c1a357cc9d344f52bdbbe213fb68782d4349329b8cd85c22,d42a28ee37542cabb6f140ba345b132015584963589d3732b3115ed80806cad0,6a547a4c14bdf2904cb47931457dc625742ef8654207540831709bc1c93ea690,ITI Stress Q4 CROSS 65 REACH 85 40 ITI-05,NBA,NBA,2025-2026,2025-10-10,2025-10-31,"{""date_from"":""2025-10-10"",""date_to"":""2025-10-31"",""game_data"":[""pbp""],""leagues"":[""NBA""],""market_data"":[""candles""],""markets"":[""kalshi""],""seasons"":[""2025-2026""],""sports"":[""NBA""]}",TRADABLE_YES_BID,1_MINUTE_CANDLE,available_at,CROSS,"{""id"":""entry_iti_stress"",""op"":""CROSS"",""period"":""Q4"",""price_e4"":7100}",REACH,"{""id"":""win_iti_stress"",""op"":""REACH"",""outcome"":""win"",""price_e4"":8500}",REACH,"{""id"":""loss_iti_stress"",""op"":""REACH"",""outcome"":""loss"",""price_e4"":4000}",HOLD_TO_SETTLEMENT,75d368edb0ad750c5bc7596a46abdf3fabdfd8d1471175a99677c2075fcaeeea,1.0.0,2026-09-13T06:28:48Z,1.0.0,1.0.0,1.0.0,2026-09-13T06:28:48Z,READY,30,19,7,0.633333,0.233333,1400,3100,0.451613,163.333333,416a2c883115f79ca748415171c8bd3a0ffbd6d264c3bd924f438a9db2c25078,candle_path_not_fill,UNAVAILABLE,UNAVAILABLE,UNAVAILABLE,NOT_COMPUTABLE,UNAVAILABLE
path_bands,MONTE_CARLO,base_decomposition,bernoulli_week_11_p75,13039.080072,usd,bernoulli,superasi_bdebase_v1.0.0,grade_config_v1,2026-09-13T12:02:58Z,913e87a7c8d04ab0af447be670cfcda2,ITI Stress Q4 CROSS 65 REACH 85 40 ITI-05__913e87a7,3766439c96a7dd20c1a357cc9d344f52bdbbe213fb68782d4349329b8cd85c22,d42a28ee37542cabb6f140ba345b132015584963589d3732b3115ed80806cad0,6a547a4c14bdf2904cb47931457dc625742ef8654207540831709bc1c93ea690,ITI Stress Q4 CROSS 65 REACH 85 40 ITI-05,NBA,NBA,2025-2026,2025-10-10,2025-10-31,"{""date_from"":""2025-10-10"",""date_to"":""2025-10-31"",""game_data"":[""pbp""],""leagues"":[""NBA""],""market_data"":[""candles""],""markets"":[""kalshi""],""seasons"":[""2025-2026""],""sports"":[""NBA""]}",TRADABLE_YES_BID,1_MINUTE_CANDLE,available_at,CROSS,"{""id"":""entry_iti_stress"",""op"":""CROSS"",""period"":""Q4"",""price_e4"":7100}",REACH,"{""id"":""win_iti_stress"",""op"":""REACH"",""outcome"":""win"",""price_e4"":8500}",REACH,"{""id"":""loss_iti_stress"",""op"":""REACH"",""outcome"":""loss"",""price_e4"":4000}",HOLD_TO_SETTLEMENT,75d368edb0ad750c5bc7596a46abdf3fabdfd8d1471175a99677c2075fcaeeea,1.0.0,2026-09-13T06:28:48Z,1.0.0,1.0.0,1.0.0,2026-09-13T06:28:48Z,READY,30,19,7,0.633333,0.233333,1400,3100,0.451613,163.333333,416a2c883115f79ca748415171c8bd3a0ffbd6d264c3bd924f438a9db2c25078,candle_path_not_fill,UNAVAILABLE,UNAVAILABLE,UNAVAILABLE,NOT_COMPUTABLE,UNAVAILABLE
path_bands,MONTE_CARLO,base_decomposition,bernoulli_week_11_p95,15381.309818,usd,bernoulli,superasi_bdebase_v1.0.0,grade_config_v1,2026-09-13T12:02:58Z,913e87a7c8d04ab0af447be670cfcda2,ITI Stress Q4 CROSS 65 REACH 85 40 ITI-05__913e87a7,3766439c96a7dd20c1a357cc9d344f52bdbbe213fb68782d4349329b8cd85c22,d42a28ee37542cabb6f140ba345b132015584963589d3732b3115ed80806cad0,6a547a4c14bdf2904cb47931457dc625742ef8654207540831709bc1c93ea690,ITI Stress Q4 CROSS 65 REACH 85 40 ITI-05,NBA,NBA,2025-2026,2025-10-10,2025-10-31,"{""date_from"":""2025-10-10"",""date_to"":""2025-10-31"",""game_data"":[""pbp""],""leagues"":[""NBA""],""market_data"":[""candles""],""markets"":[""kalshi""],""seasons"":[""2025-2026""],""sports"":[""NBA""]}",TRADABLE_YES_BID,1_MINUTE_CANDLE,available_at,CROSS,"{""id"":""entry_iti_stress"",""op"":""CROSS"",""period"":""Q4"",""price_e4"":7100}",REACH,"{""id"":""win_iti_stress"",""op"":""REACH"",""outcome"":""win"",""price_e4"":8500}",REACH,"{""id"":""loss_iti_stress"",""op"":""REACH"",""outcome"":""loss"",""price_e4"":4000}",HOLD_TO_SETTLEMENT,75d368edb0ad750c5bc7596a46abdf3fabdfd8d1471175a99677c2075fcaeeea,1.0.0,2026-09-13T06:28:48Z,1.0.0,1.0.0,1.0.0,2026-09-13T06:28:48Z,READY,30,19,7,0.633333,0.233333,1400,3100,0.451613,163.333333,416a2c883115f79ca748415171c8bd3a0ffbd6d264c3bd924f438a9db2c25078,candle_path_not_fill,UNAVAILABLE,UNAVAILABLE,UNAVAILABLE,NOT_COMPUTABLE,UNAVAILABLE
path_bands,MONTE_CARLO,base_decomposition,bernoulli_week_12_p5,8146.664117,usd,bernoulli,superasi_bdebase_v1.0.0,grade_config_v1,2026-09-13T12:02:58Z,913e87a7c8d04ab0af447be670cfcda2,ITI Stress Q4 CROSS 65 REACH 85 40 ITI-05__913e87a7,3766439c96a7dd20c1a357cc9d344f52bdbbe213fb68782d4349329b8cd85c22,d42a28ee37542cabb6f140ba345b132015584963589d3732b3115ed80806cad0,6a547a4c14bdf2904cb47931457dc625742ef8654207540831709bc1c93ea690,ITI Stress Q4 CROSS 65 REACH 85 40 ITI-05,NBA,NBA,2025-2026,2025-10-10,2025-10-31,"{""date_from"":""2025-10-10"",""date_to"":""2025-10-31"",""game_data"":[""pbp""],""leagues"":[""NBA""],""market_data"":[""candles""],""markets"":[""kalshi""],""seasons"":[""2025-2026""],""sports"":[""NBA""]}",TRADABLE_YES_BID,1_MINUTE_CANDLE,available_at,CROSS,"{""id"":""entry_iti_stress"",""op"":""CROSS"",""period"":""Q4"",""price_e4"":7100}",REACH,"{""id"":""win_iti_stress"",""op"":""REACH"",""outcome"":""win"",""price_e4"":8500}",REACH,"{""id"":""loss_iti_stress"",""op"":""REACH"",""outcome"":""loss"",""price_e4"":4000}",HOLD_TO_SETTLEMENT,75d368edb0ad750c5bc7596a46abdf3fabdfd8d1471175a99677c2075fcaeeea,1.0.0,2026-09-13T06:28:48Z,1.0.0,1.0.0,1.0.0,2026-09-13T06:28:48Z,READY,30,19,7,0.633333,0.233333,1400,3100,0.451613,163.333333,416a2c883115f79ca748415171c8bd3a0ffbd6d264c3bd924f438a9db2c25078,candle_path_not_fill,UNAVAILABLE,UNAVAILABLE,UNAVAILABLE,NOT_COMPUTABLE,UNAVAILABLE
path_bands,MONTE_CARLO,base_decomposition,bernoulli_week_12_p25,9715.811852,usd,bernoulli,superasi_bdebase_v1.0.0,grade_config_v1,2026-09-13T12:02:58Z,913e87a7c8d04ab0af447be670cfcda2,ITI Stress Q4 CROSS 65 REACH 85 40 ITI-05__913e87a7,3766439c96a7dd20c1a357cc9d344f52bdbbe213fb68782d4349329b8cd85c22,d42a28ee37542cabb6f140ba345b132015584963589d3732b3115ed80806cad0,6a547a4c14bdf2904cb47931457dc625742ef8654207540831709bc1c93ea690,ITI Stress Q4 CROSS 65 REACH 85 40 ITI-05,NBA,NBA,2025-2026,2025-10-10,2025-10-31,"{""date_from"":""2025-10-10"",""date_to"":""2025-10-31"",""game_data"":[""pbp""],""leagues"":[""NBA""],""market_data"":[""candles""],""markets"":[""kalshi""],""seasons"":[""2025-2026""],""sports"":[""NBA""]}",TRADABLE_YES_BID,1_MINUTE_CANDLE,available_at,CROSS,"{""id"":""entry_iti_stress"",""op"":""CROSS"",""period"":""Q4"",""price_e4"":7100}",REACH,"{""id"":""win_iti_stress"",""op"":""REACH"",""outcome"":""win"",""price_e4"":8500}",REACH,"{""id"":""loss_iti_stress"",""op"":""REACH"",""outcome"":""loss"",""price_e4"":4000}",HOLD_TO_SETTLEMENT,75d368edb0ad750c5bc7596a46abdf3fabdfd8d1471175a99677c2075fcaeeea,1.0.0,2026-09-13T06:28:48Z,1.0.0,1.0.0,1.0.0,2026-09-13T06:28:48Z,READY,30,19,7,0.633333,0.233333,1400,3100,0.451613,163.333333,416a2c883115f79ca748415171c8bd3a0ffbd6d264c3bd924f438a9db2c25078,candle_path_not_fill,UNAVAILABLE,UNAVAILABLE,UNAVAILABLE,NOT_COMPUTABLE,UNAVAILABLE
path_bands,MONTE_CARLO,base_decomposition,bernoulli_week_12_p50,11044.915361,usd,bernoulli,superasi_bdebase_v1.0.0,grade_config_v1,2026-09-13T12:02:58Z,913e87a7c8d04ab0af447be670cfcda2,ITI Stress Q4 CROSS 65 REACH 85 40 ITI-05__913e87a7,3766439c96a7dd20c1a357cc9d344f52bdbbe213fb68782d4349329b8cd85c22,d42a28ee37542cabb6f140ba345b132015584963589d3732b3115ed80806cad0,6a547a4c14bdf2904cb47931457dc625742ef8654207540831709bc1c93ea690,ITI Stress Q4 CROSS 65 REACH 85 40 ITI-05,NBA,NBA,2025-2026,2025-10-10,2025-10-31,"{""date_from"":""2025-10-10"",""date_to"":""2025-10-31"",""game_data"":[""pbp""],""leagues"":[""NBA""],""market_data"":[""candles""],""markets"":[""kalshi""],""seasons"":[""2025-2026""],""sports"":[""NBA""]}",TRADABLE_YES_BID,1_MINUTE_CANDLE,available_at,CROSS,"{""id"":""entry_iti_stress"",""op"":""CROSS"",""period"":""Q4"",""price_e4"":7100}",REACH,"{""id"":""win_iti_stress"",""op"":""REACH"",""outcome"":""win"",""price_e4"":8500}",REACH,"{""id"":""loss_iti_stress"",""op"":""REACH"",""outcome"":""loss"",""price_e4"":4000}",HOLD_TO_SETTLEMENT,75d368edb0ad750c5bc7596a46abdf3fabdfd8d1471175a99677c2075fcaeeea,1.0.0,2026-09-13T06:28:48Z,1.0.0,1.0.0,1.0.0,2026-09-13T06:28:48Z,READY,30,19,7,0.633333,0.233333,1400,3100,0.451613,163.333333,416a2c883115f79ca748415171c8bd3a0ffbd6d264c3bd924f438a9db2c25078,candle_path_not_fill,UNAVAILABLE,UNAVAILABLE,UNAVAILABLE,NOT_COMPUTABLE,UNAVAILABLE
path_bands,MONTE_CARLO,base_decomposition,bernoulli_week_12_p75,12338.394986,usd,bernoulli,superasi_bdebase_v1.0.0,grade_config_v1,2026-09-13T12:02:58Z,913e87a7c8d04ab0af447be670cfcda2,ITI Stress Q4 CROSS 65 REACH 85 40 ITI-05__913e87a7,3766439c96a7dd20c1a357cc9d344f52bdbbe213fb68782d4349329b8cd85c22,d42a28ee37542cabb6f140ba345b132015584963589d3732b3115ed80806cad0,6a547a4c14bdf2904cb47931457dc625742ef8654207540831709bc1c93ea690,ITI Stress Q4 CROSS 65 REACH 85 40 ITI-05,NBA,NBA,2025-2026,2025-10-10,2025-10-31,"{""date_from"":""2025-10-10"",""date_to"":""2025-10-31"",""game_data"":[""pbp""],""leagues"":[""NBA""],""market_data"":[""candles""],""markets"":[""kalshi""],""seasons"":[""2025-2026""],""sports"":[""NBA""]}",TRADABLE_YES_BID,1_MINUTE_CANDLE,available_at,CROSS,"{""id"":""entry_iti_stress"",""op"":""CROSS"",""period"":""Q4"",""price_e4"":7100}",REACH,"{""id"":""win_iti_stress"",""op"":""REACH"",""outcome"":""win"",""price_e4"":8500}",REACH,"{""id"":""loss_iti_stress"",""op"":""REACH"",""outcome"":""loss"",""price_e4"":4000}",HOLD_TO_SETTLEMENT,75d368edb0ad750c5bc7596a46abdf3fabdfd8d1471175a99677c2075fcaeeea,1.0.0,2026-09-13T06:28:48Z,1.0.0,1.0.0,1.0.0,2026-09-13T06:28:48Z,READY,30,19,7,0.633333,0.233333,1400,3100,0.451613,163.333333,416a2c883115f79ca748415171c8bd3a0ffbd6d264c3bd924f438a9db2c25078,candle_path_not_fill,UNAVAILABLE,UNAVAILABLE,UNAVAILABLE,NOT_COMPUTABLE,UNAVAILABLE
path_bands,MONTE_CARLO,base_decomposition,bernoulli_week_12_p95,14829.317563,usd,bernoulli,superasi_bdebase_v1.0.0,grade_config_v1,2026-09-13T12:02:58Z,913e87a7c8d04ab0af447be670cfcda2,ITI Stress Q4 CROSS 65 REACH 85 40 ITI-05__913e87a7,3766439c96a7dd20c1a357cc9d344f52bdbbe213fb68782d4349329b8cd85c22,d42a28ee37542cabb6f140ba345b132015584963589d3732b3115ed80806cad0,6a547a4c14bdf2904cb47931457dc625742ef8654207540831709bc1c93ea690,ITI Stress Q4 CROSS 65 REACH 85 40 ITI-05,NBA,NBA,2025-2026,2025-10-10,2025-10-31,"{""date_from"":""2025-10-10"",""date_to"":""2025-10-31"",""game_data"":[""pbp""],""leagues"":[""NBA""],""market_data"":[""candles""],""markets"":[""kalshi""],""seasons"":[""2025-2026""],""sports"":[""NBA""]}",TRADABLE_YES_BID,1_MINUTE_CANDLE,available_at,CROSS,"{""id"":""entry_iti_stress"",""op"":""CROSS"",""period"":""Q4"",""price_e4"":7100}",REACH,"{""id"":""win_iti_stress"",""op"":""REACH"",""outcome"":""win"",""price_e4"":8500}",REACH,"{""id"":""loss_iti_stress"",""op"":""REACH"",""outcome"":""loss"",""price_e4"":4000}",HOLD_TO_SETTLEMENT,75d368edb0ad750c5bc7596a46abdf3fabdfd8d1471175a99677c2075fcaeeea,1.0.0,2026-09-13T06:28:48Z,1.0.0,1.0.0,1.0.0,2026-09-13T06:28:48Z,READY,30,19,7,0.633333,0.233333,1400,3100,0.451613,163.333333,416a2c883115f79ca748415171c8bd3a0ffbd6d264c3bd924f438a9db2c25078,candle_path_not_fill,UNAVAILABLE,UNAVAILABLE,UNAVAILABLE,NOT_COMPUTABLE,UNAVAILABLE
path_bands,MONTE_CARLO,base_decomposition,bernoulli_week_13_p5,7655.289552,usd,bernoulli,superasi_bdebase_v1.0.0,grade_config_v1,2026-09-13T12:02:58Z,913e87a7c8d04ab0af447be670cfcda2,ITI Stress Q4 CROSS 65 REACH 85 40 ITI-05__913e87a7,3766439c96a7dd20c1a357cc9d344f52bdbbe213fb68782d4349329b8cd85c22,d42a28ee37542cabb6f140ba345b132015584963589d3732b3115ed80806cad0,6a547a4c14bdf2904cb47931457dc625742ef8654207540831709bc1c93ea690,ITI Stress Q4 CROSS 65 REACH 85 40 ITI-05,NBA,NBA,2025-2026,2025-10-10,2025-10-31,"{""date_from"":""2025-10-10"",""date_to"":""2025-10-31"",""game_data"":[""pbp""],""leagues"":[""NBA""],""market_data"":[""candles""],""markets"":[""kalshi""],""seasons"":[""2025-2026""],""sports"":[""NBA""]}",TRADABLE_YES_BID,1_MINUTE_CANDLE,available_at,CROSS,"{""id"":""entry_iti_stress"",""op"":""CROSS"",""period"":""Q4"",""price_e4"":7100}",REACH,"{""id"":""win_iti_stress"",""op"":""REACH"",""outcome"":""win"",""price_e4"":8500}",REACH,"{""id"":""loss_iti_stress"",""op"":""REACH"",""outcome"":""loss"",""price_e4"":4000}",HOLD_TO_SETTLEMENT,75d368edb0ad750c5bc7596a46abdf3fabdfd8d1471175a99677c2075fcaeeea,1.0.0,2026-09-13T06:28:48Z,1.0.0,1.0.0,1.0.0,2026-09-13T06:28:48Z,READY,30,19,7,0.633333,0.233333,1400,3100,0.451613,163.333333,416a2c883115f79ca748415171c8bd3a0ffbd6d264c3bd924f438a9db2c25078,candle_path_not_fill,UNAVAILABLE,UNAVAILABLE,UNAVAILABLE,NOT_COMPUTABLE,UNAVAILABLE
path_bands,MONTE_CARLO,base_decomposition,bernoulli_week_13_p25,9154.300110,usd,bernoulli,superasi_bdebase_v1.0.0,grade_config_v1,2026-09-13T12:02:58Z,913e87a7c8d04ab0af447be670cfcda2,ITI Stress Q4 CROSS 65 REACH 85 40 ITI-05__913e87a7,3766439c96a7dd20c1a357cc9d344f52bdbbe213fb68782d4349329b8cd85c22,d42a28ee37542cabb6f140ba345b132015584963589d3732b3115ed80806cad0,6a547a4c14bdf2904cb47931457dc625742ef8654207540831709bc1c93ea690,ITI Stress Q4 CROSS 65 REACH 85 40 ITI-05,NBA,NBA,2025-2026,2025-10-10,2025-10-31,"{""date_from"":""2025-10-10"",""date_to"":""2025-10-31"",""game_data"":[""pbp""],""leagues"":[""NBA""],""market_data"":[""candles""],""markets"":[""kalshi""],""seasons"":[""2025-2026""],""sports"":[""NBA""]}",TRADABLE_YES_BID,1_MINUTE_CANDLE,available_at,CROSS,"{""id"":""entry_iti_stress"",""op"":""CROSS"",""period"":""Q4"",""price_e4"":7100}",REACH,"{""id"":""win_iti_stress"",""op"":""REACH"",""outcome"":""win"",""price_e4"":8500}",REACH,"{""id"":""loss_iti_stress"",""op"":""REACH"",""outcome"":""loss"",""price_e4"":4000}",HOLD_TO_SETTLEMENT,75d368edb0ad750c5bc7596a46abdf3fabdfd8d1471175a99677c2075fcaeeea,1.0.0,2026-09-13T06:28:48Z,1.0.0,1.0.0,1.0.0,2026-09-13T06:28:48Z,READY,30,19,7,0.633333,0.233333,1400,3100,0.451613,163.333333,416a2c883115f79ca748415171c8bd3a0ffbd6d264c3bd924f438a9db2c25078,candle_path_not_fill,UNAVAILABLE,UNAVAILABLE,UNAVAILABLE,NOT_COMPUTABLE,UNAVAILABLE
path_bands,MONTE_CARLO,base_decomposition,bernoulli_week_13_p50,10442.057443,usd,bernoulli,superasi_bdebase_v1.0.0,grade_config_v1,2026-09-13T12:02:58Z,913e87a7c8d04ab0af447be670cfcda2,ITI Stress Q4 CROSS 65 REACH 85 40 ITI-05__913e87a7,3766439c96a7dd20c1a357cc9d344f52bdbbe213fb68782d4349329b8cd85c22,d42a28ee37542cabb6f140ba345b132015584963589d3732b3115ed80806cad0,6a547a4c14bdf2904cb47931457dc625742ef8654207540831709bc1c93ea690,ITI Stress Q4 CROSS 65 REACH 85 40 ITI-05,NBA,NBA,2025-2026,2025-10-10,2025-10-31,"{""date_from"":""2025-10-10"",""date_to"":""2025-10-31"",""game_data"":[""pbp""],""leagues"":[""NBA""],""market_data"":[""candles""],""markets"":[""kalshi""],""seasons"":[""2025-2026""],""sports"":[""NBA""]}",TRADABLE_YES_BID,1_MINUTE_CANDLE,available_at,CROSS,"{""id"":""entry_iti_stress"",""op"":""CROSS"",""period"":""Q4"",""price_e4"":7100}",REACH,"{""id"":""win_iti_stress"",""op"":""REACH"",""outcome"":""win"",""price_e4"":8500}",REACH,"{""id"":""loss_iti_stress"",""op"":""REACH"",""outcome"":""loss"",""price_e4"":4000}",HOLD_TO_SETTLEMENT,75d368edb0ad750c5bc7596a46abdf3fabdfd8d1471175a99677c2075fcaeeea,1.0.0,2026-09-13T06:28:48Z,1.0.0,1.0.0,1.0.0,2026-09-13T06:28:48Z,READY,30,19,7,0.633333,0.233333,1400,3100,0.451613,163.333333,416a2c883115f79ca748415171c8bd3a0ffbd6d264c3bd924f438a9db2c25078,candle_path_not_fill,UNAVAILABLE,UNAVAILABLE,UNAVAILABLE,NOT_COMPUTABLE,UNAVAILABLE
path_bands,MONTE_CARLO,base_decomposition,bernoulli_week_13_p75,11898.762942,usd,bernoulli,superasi_bdebase_v1.0.0,grade_config_v1,2026-09-13T12:02:58Z,913e87a7c8d04ab0af447be670cfcda2,ITI Stress Q4 CROSS 65 REACH 85 40 ITI-05__913e87a7,3766439c96a7dd20c1a357cc9d344f52bdbbe213fb68782d4349329b8cd85c22,d42a28ee37542cabb6f140ba345b132015584963589d3732b3115ed80806cad0,6a547a4c14bdf2904cb47931457dc625742ef8654207540831709bc1c93ea690,ITI Stress Q4 CROSS 65 REACH 85 40 ITI-05,NBA,NBA,2025-2026,2025-10-10,2025-10-31,"{""date_from"":""2025-10-10"",""date_to"":""2025-10-31"",""game_data"":[""pbp""],""leagues"":[""NBA""],""market_data"":[""candles""],""markets"":[""kalshi""],""seasons"":[""2025-2026""],""sports"":[""NBA""]}",TRADABLE_YES_BID,1_MINUTE_CANDLE,available_at,CROSS,"{""id"":""entry_iti_stress"",""op"":""CROSS"",""period"":""Q4"",""price_e4"":7100}",REACH,"{""id"":""win_iti_stress"",""op"":""REACH"",""outcome"":""win"",""price_e4"":8500}",REACH,"{""id"":""loss_iti_stress"",""op"":""REACH"",""outcome"":""loss"",""price_e4"":4000}",HOLD_TO_SETTLEMENT,75d368edb0ad750c5bc7596a46abdf3fabdfd8d1471175a99677c2075fcaeeea,1.0.0,2026-09-13T06:28:48Z,1.0.0,1.0.0,1.0.0,2026-09-13T06:28:48Z,READY,30,19,7,0.633333,0.233333,1400,3100,0.451613,163.333333,416a2c883115f79ca748415171c8bd3a0ffbd6d264c3bd924f438a9db2c25078,candle_path_not_fill,UNAVAILABLE,UNAVAILABLE,UNAVAILABLE,NOT_COMPUTABLE,UNAVAILABLE
path_bands,MONTE_CARLO,base_decomposition,bernoulli_week_13_p95,14134.517112,usd,bernoulli,superasi_bdebase_v1.0.0,grade_config_v1,2026-09-13T12:02:58Z,913e87a7c8d04ab0af447be670cfcda2,ITI Stress Q4 CROSS 65 REACH 85 40 ITI-05__913e87a7,3766439c96a7dd20c1a357cc9d344f52bdbbe213fb68782d4349329b8cd85c22,d42a28ee37542cabb6f140ba345b132015584963589d3732b3115ed80806cad0,6a547a4c14bdf2904cb47931457dc625742ef8654207540831709bc1c93ea690,ITI Stress Q4 CROSS 65 REACH 85 40 ITI-05,NBA,NBA,2025-2026,2025-10-10,2025-10-31,"{""date_from"":""2025-10-10"",""date_to"":""2025-10-31"",""game_data"":[""pbp""],""leagues"":[""NBA""],""market_data"":[""candles""],""markets"":[""kalshi""],""seasons"":[""2025-2026""],""sports"":[""NBA""]}",TRADABLE_YES_BID,1_MINUTE_CANDLE,available_at,CROSS,"{""id"":""entry_iti_stress"",""op"":""CROSS"",""period"":""Q4"",""price_e4"":7100}",REACH,"{""id"":""win_iti_stress"",""op"":""REACH"",""outcome"":""win"",""price_e4"":8500}",REACH,"{""id"":""loss_iti_stress"",""op"":""REACH"",""outcome"":""loss"",""price_e4"":4000}",HOLD_TO_SETTLEMENT,75d368edb0ad750c5bc7596a46abdf3fabdfd8d1471175a99677c2075fcaeeea,1.0.0,2026-09-13T06:28:48Z,1.0.0,1.0.0,1.0.0,2026-09-13T06:28:48Z,READY,30,19,7,0.633333,0.233333,1400,3100,0.451613,163.333333,416a2c883115f79ca748415171c8bd3a0ffbd6d264c3bd924f438a9db2c25078,candle_path_not_fill,UNAVAILABLE,UNAVAILABLE,UNAVAILABLE,NOT_COMPUTABLE,UNAVAILABLE
path_bands,MONTE_CARLO,base_decomposition,bernoulli_week_14_p5,7185.185749,usd,bernoulli,superasi_bdebase_v1.0.0,grade_config_v1,2026-09-13T12:02:58Z,913e87a7c8d04ab0af447be670cfcda2,ITI Stress Q4 CROSS 65 REACH 85 40 ITI-05__913e87a7,3766439c96a7dd20c1a357cc9d344f52bdbbe213fb68782d4349329b8cd85c22,d42a28ee37542cabb6f140ba345b132015584963589d3732b3115ed80806cad0,6a547a4c14bdf2904cb47931457dc625742ef8654207540831709bc1c93ea690,ITI Stress Q4 CROSS 65 REACH 85 40 ITI-05,NBA,NBA,2025-2026,2025-10-10,2025-10-31,"{""date_from"":""2025-10-10"",""date_to"":""2025-10-31"",""game_data"":[""pbp""],""leagues"":[""NBA""],""market_data"":[""candles""],""markets"":[""kalshi""],""seasons"":[""2025-2026""],""sports"":[""NBA""]}",TRADABLE_YES_BID,1_MINUTE_CANDLE,available_at,CROSS,"{""id"":""entry_iti_stress"",""op"":""CROSS"",""period"":""Q4"",""price_e4"":7100}",REACH,"{""id"":""win_iti_stress"",""op"":""REACH"",""outcome"":""win"",""price_e4"":8500}",REACH,"{""id"":""loss_iti_stress"",""op"":""REACH"",""outcome"":""loss"",""price_e4"":4000}",HOLD_TO_SETTLEMENT,75d368edb0ad750c5bc7596a46abdf3fabdfd8d1471175a99677c2075fcaeeea,1.0.0,2026-09-13T06:28:48Z,1.0.0,1.0.0,1.0.0,2026-09-13T06:28:48Z,READY,30,19,7,0.633333,0.233333,1400,3100,0.451613,163.333333,416a2c883115f79ca748415171c8bd3a0ffbd6d264c3bd924f438a9db2c25078,candle_path_not_fill,UNAVAILABLE,UNAVAILABLE,UNAVAILABLE,NOT_COMPUTABLE,UNAVAILABLE
path_bands,MONTE_CARLO,base_decomposition,bernoulli_week_14_p25,8663.467155,usd,bernoulli,superasi_bdebase_v1.0.0,grade_config_v1,2026-09-13T12:02:58Z,913e87a7c8d04ab0af447be670cfcda2,ITI Stress Q4 CROSS 65 REACH 85 40 ITI-05__913e87a7,3766439c96a7dd20c1a357cc9d344f52bdbbe213fb68782d4349329b8cd85c22,d42a28ee37542cabb6f140ba345b132015584963589d3732b3115ed80806cad0,6a547a4c14bdf2904cb47931457dc625742ef8654207540831709bc1c93ea690,ITI Stress Q4 CROSS 65 REACH 85 40 ITI-05,NBA,NBA,2025-2026,2025-10-10,2025-10-31,"{""date_from"":""2025-10-10"",""date_to"":""2025-10-31"",""game_data"":[""pbp""],""leagues"":[""NBA""],""market_data"":[""candles""],""markets"":[""kalshi""],""seasons"":[""2025-2026""],""sports"":[""NBA""]}",TRADABLE_YES_BID,1_MINUTE_CANDLE,available_at,CROSS,"{""id"":""entry_iti_stress"",""op"":""CROSS"",""period"":""Q4"",""price_e4"":7100}",REACH,"{""id"":""win_iti_stress"",""op"":""REACH"",""outcome"":""win"",""price_e4"":8500}",REACH,"{""id"":""loss_iti_stress"",""op"":""REACH"",""outcome"":""loss"",""price_e4"":4000}",HOLD_TO_SETTLEMENT,75d368edb0ad750c5bc7596a46abdf3fabdfd8d1471175a99677c2075fcaeeea,1.0.0,2026-09-13T06:28:48Z,1.0.0,1.0.0,1.0.0,2026-09-13T06:28:48Z,READY,30,19,7,0.633333,0.233333,1400,3100,0.451613,163.333333,416a2c883115f79ca748415171c8bd3a0ffbd6d264c3bd924f438a9db2c25078,candle_path_not_fill,UNAVAILABLE,UNAVAILABLE,UNAVAILABLE,NOT_COMPUTABLE,UNAVAILABLE
path_bands,MONTE_CARLO,base_decomposition,bernoulli_week_14_p50,9891.176403,usd,bernoulli,superasi_bdebase_v1.0.0,grade_config_v1,2026-09-13T12:02:58Z,913e87a7c8d04ab0af447be670cfcda2,ITI Stress Q4 CROSS 65 REACH 85 40 ITI-05__913e87a7,3766439c96a7dd20c1a357cc9d344f52bdbbe213fb68782d4349329b8cd85c22,d42a28ee37542cabb6f140ba345b132015584963589d3732b3115ed80806cad0,6a547a4c14bdf2904cb47931457dc625742ef8654207540831709bc1c93ea690,ITI Stress Q4 CROSS 65 REACH 85 40 ITI-05,NBA,NBA,2025-2026,2025-10-10,2025-10-31,"{""date_from"":""2025-10-10"",""date_to"":""2025-10-31"",""game_data"":[""pbp""],""leagues"":[""NBA""],""market_data"":[""candles""],""markets"":[""kalshi""],""seasons"":[""2025-2026""],""sports"":[""NBA""]}",TRADABLE_YES_BID,1_MINUTE_CANDLE,available_at,CROSS,"{""id"":""entry_iti_stress"",""op"":""CROSS"",""period"":""Q4"",""price_e4"":7100}",REACH,"{""id"":""win_iti_stress"",""op"":""REACH"",""outcome"":""win"",""price_e4"":8500}",REACH,"{""id"":""loss_iti_stress"",""op"":""REACH"",""outcome"":""loss"",""price_e4"":4000}",HOLD_TO_SETTLEMENT,75d368edb0ad750c5bc7596a46abdf3fabdfd8d1471175a99677c2075fcaeeea,1.0.0,2026-09-13T06:28:48Z,1.0.0,1.0.0,1.0.0,2026-09-13T06:28:48Z,READY,30,19,7,0.633333,0.233333,1400,3100,0.451613,163.333333,416a2c883115f79ca748415171c8bd3a0ffbd6d264c3bd924f438a9db2c25078,candle_path_not_fill,UNAVAILABLE,UNAVAILABLE,UNAVAILABLE,NOT_COMPUTABLE,UNAVAILABLE
path_bands,MONTE_CARLO,base_decomposition,bernoulli_week_14_p75,11273.073340,usd,bernoulli,superasi_bdebase_v1.0.0,grade_config_v1,2026-09-13T12:02:58Z,913e87a7c8d04ab0af447be670cfcda2,ITI Stress Q4 CROSS 65 REACH 85 40 ITI-05__913e87a7,3766439c96a7dd20c1a357cc9d344f52bdbbe213fb68782d4349329b8cd85c22,d42a28ee37542cabb6f140ba345b132015584963589d3732b3115ed80806cad0,6a547a4c14bdf2904cb47931457dc625742ef8654207540831709bc1c93ea690,ITI Stress Q4 CROSS 65 REACH 85 40 ITI-05,NBA,NBA,2025-2026,2025-10-10,2025-10-31,"{""date_from"":""2025-10-10"",""date_to"":""2025-10-31"",""game_data"":[""pbp""],""leagues"":[""NBA""],""market_data"":[""candles""],""markets"":[""kalshi""],""seasons"":[""2025-2026""],""sports"":[""NBA""]}",TRADABLE_YES_BID,1_MINUTE_CANDLE,available_at,CROSS,"{""id"":""entry_iti_stress"",""op"":""CROSS"",""period"":""Q4"",""price_e4"":7100}",REACH,"{""id"":""win_iti_stress"",""op"":""REACH"",""outcome"":""win"",""price_e4"":8500}",REACH,"{""id"":""loss_iti_stress"",""op"":""REACH"",""outcome"":""loss"",""price_e4"":4000}",HOLD_TO_SETTLEMENT,75d368edb0ad750c5bc7596a46abdf3fabdfd8d1471175a99677c2075fcaeeea,1.0.0,2026-09-13T06:28:48Z,1.0.0,1.0.0,1.0.0,2026-09-13T06:28:48Z,READY,30,19,7,0.633333,0.233333,1400,3100,0.451613,163.333333,416a2c883115f79ca748415171c8bd3a0ffbd6d264c3bd924f438a9db2c25078,candle_path_not_fill,UNAVAILABLE,UNAVAILABLE,UNAVAILABLE,NOT_COMPUTABLE,UNAVAILABLE
path_bands,MONTE_CARLO,base_decomposition,bernoulli_week_14_p95,13663.392601,usd,bernoulli,superasi_bdebase_v1.0.0,grade_config_v1,2026-09-13T12:02:58Z,913e87a7c8d04ab0af447be670cfcda2,ITI Stress Q4 CROSS 65 REACH 85 40 ITI-05__913e87a7,3766439c96a7dd20c1a357cc9d344f52bdbbe213fb68782d4349329b8cd85c22,d42a28ee37542cabb6f140ba345b132015584963589d3732b3115ed80806cad0,6a547a4c14bdf2904cb47931457dc625742ef8654207540831709bc1c93ea690,ITI Stress Q4 CROSS 65 REACH 85 40 ITI-05,NBA,NBA,2025-2026,2025-10-10,2025-10-31,"{""date_from"":""2025-10-10"",""date_to"":""2025-10-31"",""game_data"":[""pbp""],""leagues"":[""NBA""],""market_data"":[""candles""],""markets"":[""kalshi""],""seasons"":[""2025-2026""],""sports"":[""NBA""]}",TRADABLE_YES_BID,1_MINUTE_CANDLE,available_at,CROSS,"{""id"":""entry_iti_stress"",""op"":""CROSS"",""period"":""Q4"",""price_e4"":7100}",REACH,"{""id"":""win_iti_stress"",""op"":""REACH"",""outcome"":""win"",""price_e4"":8500}",REACH,"{""id"":""loss_iti_stress"",""op"":""REACH"",""outcome"":""loss"",""price_e4"":4000}",HOLD_TO_SETTLEMENT,75d368edb0ad750c5bc7596a46abdf3fabdfd8d1471175a99677c2075fcaeeea,1.0.0,2026-09-13T06:28:48Z,1.0.0,1.0.0,1.0.0,2026-09-13T06:28:48Z,READY,30,19,7,0.633333,0.233333,1400,3100,0.451613,163.333333,416a2c883115f79ca748415171c8bd3a0ffbd6d264c3bd924f438a9db2c25078,candle_path_not_fill,UNAVAILABLE,UNAVAILABLE,UNAVAILABLE,NOT_COMPUTABLE,UNAVAILABLE
path_bands,MONTE_CARLO,base_decomposition,bernoulli_week_15_p5,6749.387678,usd,bernoulli,superasi_bdebase_v1.0.0,grade_config_v1,2026-09-13T12:02:58Z,913e87a7c8d04ab0af447be670cfcda2,ITI Stress Q4 CROSS 65 REACH 85 40 ITI-05__913e87a7,3766439c96a7dd20c1a357cc9d344f52bdbbe213fb68782d4349329b8cd85c22,d42a28ee37542cabb6f140ba345b132015584963589d3732b3115ed80806cad0,6a547a4c14bdf2904cb47931457dc625742ef8654207540831709bc1c93ea690,ITI Stress Q4 CROSS 65 REACH 85 40 ITI-05,NBA,NBA,2025-2026,2025-10-10,2025-10-31,"{""date_from"":""2025-10-10"",""date_to"":""2025-10-31"",""game_data"":[""pbp""],""leagues"":[""NBA""],""market_data"":[""candles""],""markets"":[""kalshi""],""seasons"":[""2025-2026""],""sports"":[""NBA""]}",TRADABLE_YES_BID,1_MINUTE_CANDLE,available_at,CROSS,"{""id"":""entry_iti_stress"",""op"":""CROSS"",""period"":""Q4"",""price_e4"":7100}",REACH,"{""id"":""win_iti_stress"",""op"":""REACH"",""outcome"":""win"",""price_e4"":8500}",REACH,"{""id"":""loss_iti_stress"",""op"":""REACH"",""outcome"":""loss"",""price_e4"":4000}",HOLD_TO_SETTLEMENT,75d368edb0ad750c5bc7596a46abdf3fabdfd8d1471175a99677c2075fcaeeea,1.0.0,2026-09-13T06:28:48Z,1.0.0,1.0.0,1.0.0,2026-09-13T06:28:48Z,READY,30,19,7,0.633333,0.233333,1400,3100,0.451613,163.333333,416a2c883115f79ca748415171c8bd3a0ffbd6d264c3bd924f438a9db2c25078,candle_path_not_fill,UNAVAILABLE,UNAVAILABLE,UNAVAILABLE,NOT_COMPUTABLE,UNAVAILABLE
path_bands,MONTE_CARLO,base_decomposition,bernoulli_week_15_p25,8277.098015,usd,bernoulli,superasi_bdebase_v1.0.0,grade_config_v1,2026-09-13T12:02:58Z,913e87a7c8d04ab0af447be670cfcda2,ITI Stress Q4 CROSS 65 REACH 85 40 ITI-05__913e87a7,3766439c96a7dd20c1a357cc9d344f52bdbbe213fb68782d4349329b8cd85c22,d42a28ee37542cabb6f140ba345b132015584963589d3732b3115ed80806cad0,6a547a4c14bdf2904cb47931457dc625742ef8654207540831709bc1c93ea690,ITI Stress Q4 CROSS 65 REACH 85 40 ITI-05,NBA,NBA,2025-2026,2025-10-10,2025-10-31,"{""date_from"":""2025-10-10"",""date_to"":""2025-10-31"",""game_data"":[""pbp""],""leagues"":[""NBA""],""market_data"":[""candles""],""markets"":[""kalshi""],""seasons"":[""2025-2026""],""sports"":[""NBA""]}",TRADABLE_YES_BID,1_MINUTE_CANDLE,available_at,CROSS,"{""id"":""entry_iti_stress"",""op"":""CROSS"",""period"":""Q4"",""price_e4"":7100}",REACH,"{""id"":""win_iti_stress"",""op"":""REACH"",""outcome"":""win"",""price_e4"":8500}",REACH,"{""id"":""loss_iti_stress"",""op"":""REACH"",""outcome"":""loss"",""price_e4"":4000}",HOLD_TO_SETTLEMENT,75d368edb0ad750c5bc7596a46abdf3fabdfd8d1471175a99677c2075fcaeeea,1.0.0,2026-09-13T06:28:48Z,1.0.0,1.0.0,1.0.0,2026-09-13T06:28:48Z,READY,30,19,7,0.633333,0.233333,1400,3100,0.451613,163.333333,416a2c883115f79ca748415171c8bd3a0ffbd6d264c3bd924f438a9db2c25078,candle_path_not_fill,UNAVAILABLE,UNAVAILABLE,UNAVAILABLE,NOT_COMPUTABLE,UNAVAILABLE
path_bands,MONTE_CARLO,base_decomposition,bernoulli_week_15_p50,9484.701757,usd,bernoulli,superasi_bdebase_v1.0.0,grade_config_v1,2026-09-13T12:02:58Z,913e87a7c8d04ab0af447be670cfcda2,ITI Stress Q4 CROSS 65 REACH 85 40 ITI-05__913e87a7,3766439c96a7dd20c1a357cc9d344f52bdbbe213fb68782d4349329b8cd85c22,d42a28ee37542cabb6f140ba345b132015584963589d3732b3115ed80806cad0,6a547a4c14bdf2904cb47931457dc625742ef8654207540831709bc1c93ea690,ITI Stress Q4 CROSS 65 REACH 85 40 ITI-05,NBA,NBA,2025-2026,2025-10-10,2025-10-31,"{""date_from"":""2025-10-10"",""date_to"":""2025-10-31"",""game_data"":[""pbp""],""leagues"":[""NBA""],""market_data"":[""candles""],""markets"":[""kalshi""],""seasons"":[""2025-2026""],""sports"":[""NBA""]}",TRADABLE_YES_BID,1_MINUTE_CANDLE,available_at,CROSS,"{""id"":""entry_iti_stress"",""op"":""CROSS"",""period"":""Q4"",""price_e4"":7100}",REACH,"{""id"":""win_iti_stress"",""op"":""REACH"",""outcome"":""win"",""price_e4"":8500}",REACH,"{""id"":""loss_iti_stress"",""op"":""REACH"",""outcome"":""loss"",""price_e4"":4000}",HOLD_TO_SETTLEMENT,75d368edb0ad750c5bc7596a46abdf3fabdfd8d1471175a99677c2075fcaeeea,1.0.0,2026-09-13T06:28:48Z,1.0.0,1.0.0,1.0.0,2026-09-13T06:28:48Z,READY,30,19,7,0.633333,0.233333,1400,3100,0.451613,163.333333,416a2c883115f79ca748415171c8bd3a0ffbd6d264c3bd924f438a9db2c25078,candle_path_not_fill,UNAVAILABLE,UNAVAILABLE,UNAVAILABLE,NOT_COMPUTABLE,UNAVAILABLE
path_bands,MONTE_CARLO,base_decomposition,bernoulli_week_15_p75,10855.033463,usd,bernoulli,superasi_bdebase_v1.0.0,grade_config_v1,2026-09-13T12:02:58Z,913e87a7c8d04ab0af447be670cfcda2,ITI Stress Q4 CROSS 65 REACH 85 40 ITI-05__913e87a7,3766439c96a7dd20c1a357cc9d344f52bdbbe213fb68782d4349329b8cd85c22,d42a28ee37542cabb6f140ba345b132015584963589d3732b3115ed80806cad0,6a547a4c14bdf2904cb47931457dc625742ef8654207540831709bc1c93ea690,ITI Stress Q4 CROSS 65 REACH 85 40 ITI-05,NBA,NBA,2025-2026,2025-10-10,2025-10-31,"{""date_from"":""2025-10-10"",""date_to"":""2025-10-31"",""game_data"":[""pbp""],""leagues"":[""NBA""],""market_data"":[""candles""],""markets"":[""kalshi""],""seasons"":[""2025-2026""],""sports"":[""NBA""]}",TRADABLE_YES_BID,1_MINUTE_CANDLE,available_at,CROSS,"{""id"":""entry_iti_stress"",""op"":""CROSS"",""period"":""Q4"",""price_e4"":7100}",REACH,"{""id"":""win_iti_stress"",""op"":""REACH"",""outcome"":""win"",""price_e4"":8500}",REACH,"{""id"":""loss_iti_stress"",""op"":""REACH"",""outcome"":""loss"",""price_e4"":4000}",HOLD_TO_SETTLEMENT,75d368edb0ad750c5bc7596a46abdf3fabdfd8d1471175a99677c2075fcaeeea,1.0.0,2026-09-13T06:28:48Z,1.0.0,1.0.0,1.0.0,2026-09-13T06:28:48Z,READY,30,19,7,0.633333,0.233333,1400,3100,0.451613,163.333333,416a2c883115f79ca748415171c8bd3a0ffbd6d264c3bd924f438a9db2c25078,candle_path_not_fill,UNAVAILABLE,UNAVAILABLE,UNAVAILABLE,NOT_COMPUTABLE,UNAVAILABLE
path_bands,MONTE_CARLO,base_decomposition,bernoulli_week_15_p95,13198.303443,usd,bernoulli,superasi_bdebase_v1.0.0,grade_config_v1,2026-09-13T12:02:58Z,913e87a7c8d04ab0af447be670cfcda2,ITI Stress Q4 CROSS 65 REACH 85 40 ITI-05__913e87a7,3766439c96a7dd20c1a357cc9d344f52bdbbe213fb68782d4349329b8cd85c22,d42a28ee37542cabb6f140ba345b132015584963589d3732b3115ed80806cad0,6a547a4c14bdf2904cb47931457dc625742ef8654207540831709bc1c93ea690,ITI Stress Q4 CROSS 65 REACH 85 40 ITI-05,NBA,NBA,2025-2026,2025-10-10,2025-10-31,"{""date_from"":""2025-10-10"",""date_to"":""2025-10-31"",""game_data"":[""pbp""],""leagues"":[""NBA""],""market_data"":[""candles""],""markets"":[""kalshi""],""seasons"":[""2025-2026""],""sports"":[""NBA""]}",TRADABLE_YES_BID,1_MINUTE_CANDLE,available_at,CROSS,"{""id"":""entry_iti_stress"",""op"":""CROSS"",""period"":""Q4"",""price_e4"":7100}",REACH,"{""id"":""win_iti_stress"",""op"":""REACH"",""outcome"":""win"",""price_e4"":8500}",REACH,"{""id"":""loss_iti_stress"",""op"":""REACH"",""outcome"":""loss"",""price_e4"":4000}",HOLD_TO_SETTLEMENT,75d368edb0ad750c5bc7596a46abdf3fabdfd8d1471175a99677c2075fcaeeea,1.0.0,2026-09-13T06:28:48Z,1.0.0,1.0.0,1.0.0,2026-09-13T06:28:48Z,READY,30,19,7,0.633333,0.233333,1400,3100,0.451613,163.333333,416a2c883115f79ca748415171c8bd3a0ffbd6d264c3bd924f438a9db2c25078,candle_path_not_fill,UNAVAILABLE,UNAVAILABLE,UNAVAILABLE,NOT_COMPUTABLE,UNAVAILABLE
path_bands,MONTE_CARLO,base_decomposition,bernoulli_week_16_p5,6345.363274,usd,bernoulli,superasi_bdebase_v1.0.0,grade_config_v1,2026-09-13T12:02:58Z,913e87a7c8d04ab0af447be670cfcda2,ITI Stress Q4 CROSS 65 REACH 85 40 ITI-05__913e87a7,3766439c96a7dd20c1a357cc9d344f52bdbbe213fb68782d4349329b8cd85c22,d42a28ee37542cabb6f140ba345b132015584963589d3732b3115ed80806cad0,6a547a4c14bdf2904cb47931457dc625742ef8654207540831709bc1c93ea690,ITI Stress Q4 CROSS 65 REACH 85 40 ITI-05,NBA,NBA,2025-2026,2025-10-10,2025-10-31,"{""date_from"":""2025-10-10"",""date_to"":""2025-10-31"",""game_data"":[""pbp""],""leagues"":[""NBA""],""market_data"":[""candles""],""markets"":[""kalshi""],""seasons"":[""2025-2026""],""sports"":[""NBA""]}",TRADABLE_YES_BID,1_MINUTE_CANDLE,available_at,CROSS,"{""id"":""entry_iti_stress"",""op"":""CROSS"",""period"":""Q4"",""price_e4"":7100}",REACH,"{""id"":""win_iti_stress"",""op"":""REACH"",""outcome"":""win"",""price_e4"":8500}",REACH,"{""id"":""loss_iti_stress"",""op"":""REACH"",""outcome"":""loss"",""price_e4"":4000}",HOLD_TO_SETTLEMENT,75d368edb0ad750c5bc7596a46abdf3fabdfd8d1471175a99677c2075fcaeeea,1.0.0,2026-09-13T06:28:48Z,1.0.0,1.0.0,1.0.0,2026-09-13T06:28:48Z,READY,30,19,7,0.633333,0.233333,1400,3100,0.451613,163.333333,416a2c883115f79ca748415171c8bd3a0ffbd6d264c3bd924f438a9db2c25078,candle_path_not_fill,UNAVAILABLE,UNAVAILABLE,UNAVAILABLE,NOT_COMPUTABLE,UNAVAILABLE
path_bands,MONTE_CARLO,base_decomposition,bernoulli_week_16_p25,7805.481113,usd,bernoulli,superasi_bdebase_v1.0.0,grade_config_v1,2026-09-13T12:02:58Z,913e87a7c8d04ab0af447be670cfcda2,ITI Stress Q4 CROSS 65 REACH 85 40 ITI-05__913e87a7,3766439c96a7dd20c1a357cc9d344f52bdbbe213fb68782d4349329b8cd85c22,d42a28ee37542cabb6f140ba345b132015584963589d3732b3115ed80806cad0,6a547a4c14bdf2904cb47931457dc625742ef8654207540831709bc1c93ea690,ITI Stress Q4 CROSS 65 REACH 85 40 ITI-05,NBA,NBA,2025-2026,2025-10-10,2025-10-31,"{""date_from"":""2025-10-10"",""date_to"":""2025-10-31"",""game_data"":[""pbp""],""leagues"":[""NBA""],""market_data"":[""candles""],""markets"":[""kalshi""],""seasons"":[""2025-2026""],""sports"":[""NBA""]}",TRADABLE_YES_BID,1_MINUTE_CANDLE,available_at,CROSS,"{""id"":""entry_iti_stress"",""op"":""CROSS"",""period"":""Q4"",""price_e4"":7100}",REACH,"{""id"":""win_iti_stress"",""op"":""REACH"",""outcome"":""win"",""price_e4"":8500}",REACH,"{""id"":""loss_iti_stress"",""op"":""REACH"",""outcome"":""loss"",""price_e4"":4000}",HOLD_TO_SETTLEMENT,75d368edb0ad750c5bc7596a46abdf3fabdfd8d1471175a99677c2075fcaeeea,1.0.0,2026-09-13T06:28:48Z,1.0.0,1.0.0,1.0.0,2026-09-13T06:28:48Z,READY,30,19,7,0.633333,0.233333,1400,3100,0.451613,163.333333,416a2c883115f79ca748415171c8bd3a0ffbd6d264c3bd924f438a9db2c25078,candle_path_not_fill,UNAVAILABLE,UNAVAILABLE,UNAVAILABLE,NOT_COMPUTABLE,UNAVAILABLE
path_bands,MONTE_CARLO,base_decomposition,bernoulli_week_16_p50,8968.730429,usd,bernoulli,superasi_bdebase_v1.0.0,grade_config_v1,2026-09-13T12:02:58Z,913e87a7c8d04ab0af447be670cfcda2,ITI Stress Q4 CROSS 65 REACH 85 40 ITI-05__913e87a7,3766439c96a7dd20c1a357cc9d344f52bdbbe213fb68782d4349329b8cd85c22,d42a28ee37542cabb6f140ba345b132015584963589d3732b3115ed80806cad0,6a547a4c14bdf2904cb47931457dc625742ef8654207540831709bc1c93ea690,ITI Stress Q4 CROSS 65 REACH 85 40 ITI-05,NBA,NBA,2025-2026,2025-10-10,2025-10-31,"{""date_from"":""2025-10-10"",""date_to"":""2025-10-31"",""game_data"":[""pbp""],""leagues"":[""NBA""],""market_data"":[""candles""],""markets"":[""kalshi""],""seasons"":[""2025-2026""],""sports"":[""NBA""]}",TRADABLE_YES_BID,1_MINUTE_CANDLE,available_at,CROSS,"{""id"":""entry_iti_stress"",""op"":""CROSS"",""period"":""Q4"",""price_e4"":7100}",REACH,"{""id"":""win_iti_stress"",""op"":""REACH"",""outcome"":""win"",""price_e4"":8500}",REACH,"{""id"":""loss_iti_stress"",""op"":""REACH"",""outcome"":""loss"",""price_e4"":4000}",HOLD_TO_SETTLEMENT,75d368edb0ad750c5bc7596a46abdf3fabdfd8d1471175a99677c2075fcaeeea,1.0.0,2026-09-13T06:28:48Z,1.0.0,1.0.0,1.0.0,2026-09-13T06:28:48Z,READY,30,19,7,0.633333,0.233333,1400,3100,0.451613,163.333333,416a2c883115f79ca748415171c8bd3a0ffbd6d264c3bd924f438a9db2c25078,candle_path_not_fill,UNAVAILABLE,UNAVAILABLE,UNAVAILABLE,NOT_COMPUTABLE,UNAVAILABLE
path_bands,MONTE_CARLO,base_decomposition,bernoulli_week_16_p75,10310.015147,usd,bernoulli,superasi_bdebase_v1.0.0,grade_config_v1,2026-09-13T12:02:58Z,913e87a7c8d04ab0af447be670cfcda2,ITI Stress Q4 CROSS 65 REACH 85 40 ITI-05__913e87a7,3766439c96a7dd20c1a357cc9d344f52bdbbe213fb68782d4349329b8cd85c22,d42a28ee37542cabb6f140ba345b132015584963589d3732b3115ed80806cad0,6a547a4c14bdf2904cb47931457dc625742ef8654207540831709bc1c93ea690,ITI Stress Q4 CROSS 65 REACH 85 40 ITI-05,NBA,NBA,2025-2026,2025-10-10,2025-10-31,"{""date_from"":""2025-10-10"",""date_to"":""2025-10-31"",""game_data"":[""pbp""],""leagues"":[""NBA""],""market_data"":[""candles""],""markets"":[""kalshi""],""seasons"":[""2025-2026""],""sports"":[""NBA""]}",TRADABLE_YES_BID,1_MINUTE_CANDLE,available_at,CROSS,"{""id"":""entry_iti_stress"",""op"":""CROSS"",""period"":""Q4"",""price_e4"":7100}",REACH,"{""id"":""win_iti_stress"",""op"":""REACH"",""outcome"":""win"",""price_e4"":8500}",REACH,"{""id"":""loss_iti_stress"",""op"":""REACH"",""outcome"":""loss"",""price_e4"":4000}",HOLD_TO_SETTLEMENT,75d368edb0ad750c5bc7596a46abdf3fabdfd8d1471175a99677c2075fcaeeea,1.0.0,2026-09-13T06:28:48Z,1.0.0,1.0.0,1.0.0,2026-09-13T06:28:48Z,READY,30,19,7,0.633333,0.233333,1400,3100,0.451613,163.333333,416a2c883115f79ca748415171c8bd3a0ffbd6d264c3bd924f438a9db2c25078,candle_path_not_fill,UNAVAILABLE,UNAVAILABLE,UNAVAILABLE,NOT_COMPUTABLE,UNAVAILABLE
path_bands,MONTE_CARLO,base_decomposition,bernoulli_week_16_p95,12696.958389,usd,bernoulli,superasi_bdebase_v1.0.0,grade_config_v1,2026-09-13T12:02:58Z,913e87a7c8d04ab0af447be670cfcda2,ITI Stress Q4 CROSS 65 REACH 85 40 ITI-05__913e87a7,3766439c96a7dd20c1a357cc9d344f52bdbbe213fb68782d4349329b8cd85c22,d42a28ee37542cabb6f140ba345b132015584963589d3732b3115ed80806cad0,6a547a4c14bdf2904cb47931457dc625742ef8654207540831709bc1c93ea690,ITI Stress Q4 CROSS 65 REACH 85 40 ITI-05,NBA,NBA,2025-2026,2025-10-10,2025-10-31,"{""date_from"":""2025-10-10"",""date_to"":""2025-10-31"",""game_data"":[""pbp""],""leagues"":[""NBA""],""market_data"":[""candles""],""markets"":[""kalshi""],""seasons"":[""2025-2026""],""sports"":[""NBA""]}",TRADABLE_YES_BID,1_MINUTE_CANDLE,available_at,CROSS,"{""id"":""entry_iti_stress"",""op"":""CROSS"",""period"":""Q4"",""price_e4"":7100}",REACH,"{""id"":""win_iti_stress"",""op"":""REACH"",""outcome"":""win"",""price_e4"":8500}",REACH,"{""id"":""loss_iti_stress"",""op"":""REACH"",""outcome"":""loss"",""price_e4"":4000}",HOLD_TO_SETTLEMENT,75d368edb0ad750c5bc7596a46abdf3fabdfd8d1471175a99677c2075fcaeeea,1.0.0,2026-09-13T06:28:48Z,1.0.0,1.0.0,1.0.0,2026-09-13T06:28:48Z,READY,30,19,7,0.633333,0.233333,1400,3100,0.451613,163.333333,416a2c883115f79ca748415171c8bd3a0ffbd6d264c3bd924f438a9db2c25078,candle_path_not_fill,UNAVAILABLE,UNAVAILABLE,UNAVAILABLE,NOT_COMPUTABLE,UNAVAILABLE
path_bands,MONTE_CARLO,base_decomposition,bernoulli_week_17_p5,5966.859859,usd,bernoulli,superasi_bdebase_v1.0.0,grade_config_v1,2026-09-13T12:02:58Z,913e87a7c8d04ab0af447be670cfcda2,ITI Stress Q4 CROSS 65 REACH 85 40 ITI-05__913e87a7,3766439c96a7dd20c1a357cc9d344f52bdbbe213fb68782d4349329b8cd85c22,d42a28ee37542cabb6f140ba345b132015584963589d3732b3115ed80806cad0,6a547a4c14bdf2904cb47931457dc625742ef8654207540831709bc1c93ea690,ITI Stress Q4 CROSS 65 REACH 85 40 ITI-05,NBA,NBA,2025-2026,2025-10-10,2025-10-31,"{""date_from"":""2025-10-10"",""date_to"":""2025-10-31"",""game_data"":[""pbp""],""leagues"":[""NBA""],""market_data"":[""candles""],""markets"":[""kalshi""],""seasons"":[""2025-2026""],""sports"":[""NBA""]}",TRADABLE_YES_BID,1_MINUTE_CANDLE,available_at,CROSS,"{""id"":""entry_iti_stress"",""op"":""CROSS"",""period"":""Q4"",""price_e4"":7100}",REACH,"{""id"":""win_iti_stress"",""op"":""REACH"",""outcome"":""win"",""price_e4"":8500}",REACH,"{""id"":""loss_iti_stress"",""op"":""REACH"",""outcome"":""loss"",""price_e4"":4000}",HOLD_TO_SETTLEMENT,75d368edb0ad750c5bc7596a46abdf3fabdfd8d1471175a99677c2075fcaeeea,1.0.0,2026-09-13T06:28:48Z,1.0.0,1.0.0,1.0.0,2026-09-13T06:28:48Z,READY,30,19,7,0.633333,0.233333,1400,3100,0.451613,163.333333,416a2c883115f79ca748415171c8bd3a0ffbd6d264c3bd924f438a9db2c25078,candle_path_not_fill,UNAVAILABLE,UNAVAILABLE,UNAVAILABLE,NOT_COMPUTABLE,UNAVAILABLE
path_bands,MONTE_CARLO,base_decomposition,bernoulli_week_17_p25,7366.791513,usd,bernoulli,superasi_bdebase_v1.0.0,grade_config_v1,2026-09-13T12:02:58Z,913e87a7c8d04ab0af447be670cfcda2,ITI Stress Q4 CROSS 65 REACH 85 40 ITI-05__913e87a7,3766439c96a7dd20c1a357cc9d344f52bdbbe213fb68782d4349329b8cd85c22,d42a28ee37542cabb6f140ba345b132015584963589d3732b3115ed80806cad0,6a547a4c14bdf2904cb47931457dc625742ef8654207540831709bc1c93ea690,ITI Stress Q4 CROSS 65 REACH 85 40 ITI-05,NBA,NBA,2025-2026,2025-10-10,2025-10-31,"{""date_from"":""2025-10-10"",""date_to"":""2025-10-31"",""game_data"":[""pbp""],""leagues"":[""NBA""],""market_data"":[""candles""],""markets"":[""kalshi""],""seasons"":[""2025-2026""],""sports"":[""NBA""]}",TRADABLE_YES_BID,1_MINUTE_CANDLE,available_at,CROSS,"{""id"":""entry_iti_stress"",""op"":""CROSS"",""period"":""Q4"",""price_e4"":7100}",REACH,"{""id"":""win_iti_stress"",""op"":""REACH"",""outcome"":""win"",""price_e4"":8500}",REACH,"{""id"":""loss_iti_stress"",""op"":""REACH"",""outcome"":""loss"",""price_e4"":4000}",HOLD_TO_SETTLEMENT,75d368edb0ad750c5bc7596a46abdf3fabdfd8d1471175a99677c2075fcaeeea,1.0.0,2026-09-13T06:28:48Z,1.0.0,1.0.0,1.0.0,2026-09-13T06:28:48Z,READY,30,19,7,0.633333,0.233333,1400,3100,0.451613,163.333333,416a2c883115f79ca748415171c8bd3a0ffbd6d264c3bd924f438a9db2c25078,candle_path_not_fill,UNAVAILABLE,UNAVAILABLE,UNAVAILABLE,NOT_COMPUTABLE,UNAVAILABLE
path_bands,MONTE_CARLO,base_decomposition,bernoulli_week_17_p50,8599.516702,usd,bernoulli,superasi_bdebase_v1.0.0,grade_config_v1,2026-09-13T12:02:58Z,913e87a7c8d04ab0af447be670cfcda2,ITI Stress Q4 CROSS 65 REACH 85 40 ITI-05__913e87a7,3766439c96a7dd20c1a357cc9d344f52bdbbe213fb68782d4349329b8cd85c22,d42a28ee37542cabb6f140ba345b132015584963589d3732b3115ed80806cad0,6a547a4c14bdf2904cb47931457dc625742ef8654207540831709bc1c93ea690,ITI Stress Q4 CROSS 65 REACH 85 40 ITI-05,NBA,NBA,2025-2026,2025-10-10,2025-10-31,"{""date_from"":""2025-10-10"",""date_to"":""2025-10-31"",""game_data"":[""pbp""],""leagues"":[""NBA""],""market_data"":[""candles""],""markets"":[""kalshi""],""seasons"":[""2025-2026""],""sports"":[""NBA""]}",TRADABLE_YES_BID,1_MINUTE_CANDLE,available_at,CROSS,"{""id"":""entry_iti_stress"",""op"":""CROSS"",""period"":""Q4"",""price_e4"":7100}",REACH,"{""id"":""win_iti_stress"",""op"":""REACH"",""outcome"":""win"",""price_e4"":8500}",REACH,"{""id"":""loss_iti_stress"",""op"":""REACH"",""outcome"":""loss"",""price_e4"":4000}",HOLD_TO_SETTLEMENT,75d368edb0ad750c5bc7596a46abdf3fabdfd8d1471175a99677c2075fcaeeea,1.0.0,2026-09-13T06:28:48Z,1.0.0,1.0.0,1.0.0,2026-09-13T06:28:48Z,READY,30,19,7,0.633333,0.233333,1400,3100,0.451613,163.333333,416a2c883115f79ca748415171c8bd3a0ffbd6d264c3bd924f438a9db2c25078,candle_path_not_fill,UNAVAILABLE,UNAVAILABLE,UNAVAILABLE,NOT_COMPUTABLE,UNAVAILABLE
path_bands,MONTE_CARLO,base_decomposition,bernoulli_week_17_p75,9902.544770,usd,bernoulli,superasi_bdebase_v1.0.0,grade_config_v1,2026-09-13T12:02:58Z,913e87a7c8d04ab0af447be670cfcda2,ITI Stress Q4 CROSS 65 REACH 85 40 ITI-05__913e87a7,3766439c96a7dd20c1a357cc9d344f52bdbbe213fb68782d4349329b8cd85c22,d42a28ee37542cabb6f140ba345b132015584963589d3732b3115ed80806cad0,6a547a4c14bdf2904cb47931457dc625742ef8654207540831709bc1c93ea690,ITI Stress Q4 CROSS 65 REACH 85 40 ITI-05,NBA,NBA,2025-2026,2025-10-10,2025-10-31,"{""date_from"":""2025-10-10"",""date_to"":""2025-10-31"",""game_data"":[""pbp""],""leagues"":[""NBA""],""market_data"":[""candles""],""markets"":[""kalshi""],""seasons"":[""2025-2026""],""sports"":[""NBA""]}",TRADABLE_YES_BID,1_MINUTE_CANDLE,available_at,CROSS,"{""id"":""entry_iti_stress"",""op"":""CROSS"",""period"":""Q4"",""price_e4"":7100}",REACH,"{""id"":""win_iti_stress"",""op"":""REACH"",""outcome"":""win"",""price_e4"":8500}",REACH,"{""id"":""loss_iti_stress"",""op"":""REACH"",""outcome"":""loss"",""price_e4"":4000}",HOLD_TO_SETTLEMENT,75d368edb0ad750c5bc7596a46abdf3fabdfd8d1471175a99677c2075fcaeeea,1.0.0,2026-09-13T06:28:48Z,1.0.0,1.0.0,1.0.0,2026-09-13T06:28:48Z,READY,30,19,7,0.633333,0.233333,1400,3100,0.451613,163.333333,416a2c883115f79ca748415171c8bd3a0ffbd6d264c3bd924f438a9db2c25078,candle_path_not_fill,UNAVAILABLE,UNAVAILABLE,UNAVAILABLE,NOT_COMPUTABLE,UNAVAILABLE
path_bands,MONTE_CARLO,base_decomposition,bernoulli_week_17_p95,12119.916988,usd,bernoulli,superasi_bdebase_v1.0.0,grade_config_v1,2026-09-13T12:02:58Z,913e87a7c8d04ab0af447be670cfcda2,ITI Stress Q4 CROSS 65 REACH 85 40 ITI-05__913e87a7,3766439c96a7dd20c1a357cc9d344f52bdbbe213fb68782d4349329b8cd85c22,d42a28ee37542cabb6f140ba345b132015584963589d3732b3115ed80806cad0,6a547a4c14bdf2904cb47931457dc625742ef8654207540831709bc1c93ea690,ITI Stress Q4 CROSS 65 REACH 85 40 ITI-05,NBA,NBA,2025-2026,2025-10-10,2025-10-31,"{""date_from"":""2025-10-10"",""date_to"":""2025-10-31"",""game_data"":[""pbp""],""leagues"":[""NBA""],""market_data"":[""candles""],""markets"":[""kalshi""],""seasons"":[""2025-2026""],""sports"":[""NBA""]}",TRADABLE_YES_BID,1_MINUTE_CANDLE,available_at,CROSS,"{""id"":""entry_iti_stress"",""op"":""CROSS"",""period"":""Q4"",""price_e4"":7100}",REACH,"{""id"":""win_iti_stress"",""op"":""REACH"",""outcome"":""win"",""price_e4"":8500}",REACH,"{""id"":""loss_iti_stress"",""op"":""REACH"",""outcome"":""loss"",""price_e4"":4000}",HOLD_TO_SETTLEMENT,75d368edb0ad750c5bc7596a46abdf3fabdfd8d1471175a99677c2075fcaeeea,1.0.0,2026-09-13T06:28:48Z,1.0.0,1.0.0,1.0.0,2026-09-13T06:28:48Z,READY,30,19,7,0.633333,0.233333,1400,3100,0.451613,163.333333,416a2c883115f79ca748415171c8bd3a0ffbd6d264c3bd924f438a9db2c25078,candle_path_not_fill,UNAVAILABLE,UNAVAILABLE,UNAVAILABLE,NOT_COMPUTABLE,UNAVAILABLE
path_bands,MONTE_CARLO,base_decomposition,bernoulli_week_18_p5,5609.328775,usd,bernoulli,superasi_bdebase_v1.0.0,grade_config_v1,2026-09-13T12:02:58Z,913e87a7c8d04ab0af447be670cfcda2,ITI Stress Q4 CROSS 65 REACH 85 40 ITI-05__913e87a7,3766439c96a7dd20c1a357cc9d344f52bdbbe213fb68782d4349329b8cd85c22,d42a28ee37542cabb6f140ba345b132015584963589d3732b3115ed80806cad0,6a547a4c14bdf2904cb47931457dc625742ef8654207540831709bc1c93ea690,ITI Stress Q4 CROSS 65 REACH 85 40 ITI-05,NBA,NBA,2025-2026,2025-10-10,2025-10-31,"{""date_from"":""2025-10-10"",""date_to"":""2025-10-31"",""game_data"":[""pbp""],""leagues"":[""NBA""],""market_data"":[""candles""],""markets"":[""kalshi""],""seasons"":[""2025-2026""],""sports"":[""NBA""]}",TRADABLE_YES_BID,1_MINUTE_CANDLE,available_at,CROSS,"{""id"":""entry_iti_stress"",""op"":""CROSS"",""period"":""Q4"",""price_e4"":7100}",REACH,"{""id"":""win_iti_stress"",""op"":""REACH"",""outcome"":""win"",""price_e4"":8500}",REACH,"{""id"":""loss_iti_stress"",""op"":""REACH"",""outcome"":""loss"",""price_e4"":4000}",HOLD_TO_SETTLEMENT,75d368edb0ad750c5bc7596a46abdf3fabdfd8d1471175a99677c2075fcaeeea,1.0.0,2026-09-13T06:28:48Z,1.0.0,1.0.0,1.0.0,2026-09-13T06:28:48Z,READY,30,19,7,0.633333,0.233333,1400,3100,0.451613,163.333333,416a2c883115f79ca748415171c8bd3a0ffbd6d264c3bd924f438a9db2c25078,candle_path_not_fill,UNAVAILABLE,UNAVAILABLE,UNAVAILABLE,NOT_COMPUTABLE,UNAVAILABLE
path_bands,MONTE_CARLO,base_decomposition,bernoulli_week_18_p25,7005.800187,usd,bernoulli,superasi_bdebase_v1.0.0,grade_config_v1,2026-09-13T12:02:58Z,913e87a7c8d04ab0af447be670cfcda2,ITI Stress Q4 CROSS 65 REACH 85 40 ITI-05__913e87a7,3766439c96a7dd20c1a357cc9d344f52bdbbe213fb68782d4349329b8cd85c22,d42a28ee37542cabb6f140ba345b132015584963589d3732b3115ed80806cad0,6a547a4c14bdf2904cb47931457dc625742ef8654207540831709bc1c93ea690,ITI Stress Q4 CROSS 65 REACH 85 40 ITI-05,NBA,NBA,2025-2026,2025-10-10,2025-10-31,"{""date_from"":""2025-10-10"",""date_to"":""2025-10-31"",""game_data"":[""pbp""],""leagues"":[""NBA""],""market_data"":[""candles""],""markets"":[""kalshi""],""seasons"":[""2025-2026""],""sports"":[""NBA""]}",TRADABLE_YES_BID,1_MINUTE_CANDLE,available_at,CROSS,"{""id"":""entry_iti_stress"",""op"":""CROSS"",""period"":""Q4"",""price_e4"":7100}",REACH,"{""id"":""win_iti_stress"",""op"":""REACH"",""outcome"":""win"",""price_e4"":8500}",REACH,"{""id"":""loss_iti_stress"",""op"":""REACH"",""outcome"":""loss"",""price_e4"":4000}",HOLD_TO_SETTLEMENT,75d368edb0ad750c5bc7596a46abdf3fabdfd8d1471175a99677c2075fcaeeea,1.0.0,2026-09-13T06:28:48Z,1.0.0,1.0.0,1.0.0,2026-09-13T06:28:48Z,READY,30,19,7,0.633333,0.233333,1400,3100,0.451613,163.333333,416a2c883115f79ca748415171c8bd3a0ffbd6d264c3bd924f438a9db2c25078,candle_path_not_fill,UNAVAILABLE,UNAVAILABLE,UNAVAILABLE,NOT_COMPUTABLE,UNAVAILABLE
path_bands,MONTE_CARLO,base_decomposition,bernoulli_week_18_p50,8141.933117,usd,bernoulli,superasi_bdebase_v1.0.0,grade_config_v1,2026-09-13T12:02:58Z,913e87a7c8d04ab0af447be670cfcda2,ITI Stress Q4 CROSS 65 REACH 85 40 ITI-05__913e87a7,3766439c96a7dd20c1a357cc9d344f52bdbbe213fb68782d4349329b8cd85c22,d42a28ee37542cabb6f140ba345b132015584963589d3732b3115ed80806cad0,6a547a4c14bdf2904cb47931457dc625742ef8654207540831709bc1c93ea690,ITI Stress Q4 CROSS 65 REACH 85 40 ITI-05,NBA,NBA,2025-2026,2025-10-10,2025-10-31,"{""date_from"":""2025-10-10"",""date_to"":""2025-10-31"",""game_data"":[""pbp""],""leagues"":[""NBA""],""market_data"":[""candles""],""markets"":[""kalshi""],""seasons"":[""2025-2026""],""sports"":[""NBA""]}",TRADABLE_YES_BID,1_MINUTE_CANDLE,available_at,CROSS,"{""id"":""entry_iti_stress"",""op"":""CROSS"",""period"":""Q4"",""price_e4"":7100}",REACH,"{""id"":""win_iti_stress"",""op"":""REACH"",""outcome"":""win"",""price_e4"":8500}",REACH,"{""id"":""loss_iti_stress"",""op"":""REACH"",""outcome"":""loss"",""price_e4"":4000}",HOLD_TO_SETTLEMENT,75d368edb0ad750c5bc7596a46abdf3fabdfd8d1471175a99677c2075fcaeeea,1.0.0,2026-09-13T06:28:48Z,1.0.0,1.0.0,1.0.0,2026-09-13T06:28:48Z,READY,30,19,7,0.633333,0.233333,1400,3100,0.451613,163.333333,416a2c883115f79ca748415171c8bd3a0ffbd6d264c3bd924f438a9db2c25078,candle_path_not_fill,UNAVAILABLE,UNAVAILABLE,UNAVAILABLE,NOT_COMPUTABLE,UNAVAILABLE
path_bands,MONTE_CARLO,base_decomposition,bernoulli_week_18_p75,9457.909644,usd,bernoulli,superasi_bdebase_v1.0.0,grade_config_v1,2026-09-13T12:02:58Z,913e87a7c8d04ab0af447be670cfcda2,ITI Stress Q4 CROSS 65 REACH 85 40 ITI-05__913e87a7,3766439c96a7dd20c1a357cc9d344f52bdbbe213fb68782d4349329b8cd85c22,d42a28ee37542cabb6f140ba345b132015584963589d3732b3115ed80806cad0,6a547a4c14bdf2904cb47931457dc625742ef8654207540831709bc1c93ea690,ITI Stress Q4 CROSS 65 REACH 85 40 ITI-05,NBA,NBA,2025-2026,2025-10-10,2025-10-31,"{""date_from"":""2025-10-10"",""date_to"":""2025-10-31"",""game_data"":[""pbp""],""leagues"":[""NBA""],""market_data"":[""candles""],""markets"":[""kalshi""],""seasons"":[""2025-2026""],""sports"":[""NBA""]}",TRADABLE_YES_BID,1_MINUTE_CANDLE,available_at,CROSS,"{""id"":""entry_iti_stress"",""op"":""CROSS"",""period"":""Q4"",""price_e4"":7100}",REACH,"{""id"":""win_iti_stress"",""op"":""REACH"",""outcome"":""win"",""price_e4"":8500}",REACH,"{""id"":""loss_iti_stress"",""op"":""REACH"",""outcome"":""loss"",""price_e4"":4000}",HOLD_TO_SETTLEMENT,75d368edb0ad750c5bc7596a46abdf3fabdfd8d1471175a99677c2075fcaeeea,1.0.0,2026-09-13T06:28:48Z,1.0.0,1.0.0,1.0.0,2026-09-13T06:28:48Z,READY,30,19,7,0.633333,0.233333,1400,3100,0.451613,163.333333,416a2c883115f79ca748415171c8bd3a0ffbd6d264c3bd924f438a9db2c25078,candle_path_not_fill,UNAVAILABLE,UNAVAILABLE,UNAVAILABLE,NOT_COMPUTABLE,UNAVAILABLE
path_bands,MONTE_CARLO,base_decomposition,bernoulli_week_18_p95,11707.706036,usd,bernoulli,superasi_bdebase_v1.0.0,grade_config_v1,2026-09-13T12:02:58Z,913e87a7c8d04ab0af447be670cfcda2,ITI Stress Q4 CROSS 65 REACH 85 40 ITI-05__913e87a7,3766439c96a7dd20c1a357cc9d344f52bdbbe213fb68782d4349329b8cd85c22,d42a28ee37542cabb6f140ba345b132015584963589d3732b3115ed80806cad0,6a547a4c14bdf2904cb47931457dc625742ef8654207540831709bc1c93ea690,ITI Stress Q4 CROSS 65 REACH 85 40 ITI-05,NBA,NBA,2025-2026,2025-10-10,2025-10-31,"{""date_from"":""2025-10-10"",""date_to"":""2025-10-31"",""game_data"":[""pbp""],""leagues"":[""NBA""],""market_data"":[""candles""],""markets"":[""kalshi""],""seasons"":[""2025-2026""],""sports"":[""NBA""]}",TRADABLE_YES_BID,1_MINUTE_CANDLE,available_at,CROSS,"{""id"":""entry_iti_stress"",""op"":""CROSS"",""period"":""Q4"",""price_e4"":7100}",REACH,"{""id"":""win_iti_stress"",""op"":""REACH"",""outcome"":""win"",""price_e4"":8500}",REACH,"{""id"":""loss_iti_stress"",""op"":""REACH"",""outcome"":""loss"",""price_e4"":4000}",HOLD_TO_SETTLEMENT,75d368edb0ad750c5bc7596a46abdf3fabdfd8d1471175a99677c2075fcaeeea,1.0.0,2026-09-13T06:28:48Z,1.0.0,1.0.0,1.0.0,2026-09-13T06:28:48Z,READY,30,19,7,0.633333,0.233333,1400,3100,0.451613,163.333333,416a2c883115f79ca748415171c8bd3a0ffbd6d264c3bd924f438a9db2c25078,candle_path_not_fill,UNAVAILABLE,UNAVAILABLE,UNAVAILABLE,NOT_COMPUTABLE,UNAVAILABLE
path_bands,MONTE_CARLO,base_decomposition,bernoulli_week_19_p5,5277.804115,usd,bernoulli,superasi_bdebase_v1.0.0,grade_config_v1,2026-09-13T12:02:58Z,913e87a7c8d04ab0af447be670cfcda2,ITI Stress Q4 CROSS 65 REACH 85 40 ITI-05__913e87a7,3766439c96a7dd20c1a357cc9d344f52bdbbe213fb68782d4349329b8cd85c22,d42a28ee37542cabb6f140ba345b132015584963589d3732b3115ed80806cad0,6a547a4c14bdf2904cb47931457dc625742ef8654207540831709bc1c93ea690,ITI Stress Q4 CROSS 65 REACH 85 40 ITI-05,NBA,NBA,2025-2026,2025-10-10,2025-10-31,"{""date_from"":""2025-10-10"",""date_to"":""2025-10-31"",""game_data"":[""pbp""],""leagues"":[""NBA""],""market_data"":[""candles""],""markets"":[""kalshi""],""seasons"":[""2025-2026""],""sports"":[""NBA""]}",TRADABLE_YES_BID,1_MINUTE_CANDLE,available_at,CROSS,"{""id"":""entry_iti_stress"",""op"":""CROSS"",""period"":""Q4"",""price_e4"":7100}",REACH,"{""id"":""win_iti_stress"",""op"":""REACH"",""outcome"":""win"",""price_e4"":8500}",REACH,"{""id"":""loss_iti_stress"",""op"":""REACH"",""outcome"":""loss"",""price_e4"":4000}",HOLD_TO_SETTLEMENT,75d368edb0ad750c5bc7596a46abdf3fabdfd8d1471175a99677c2075fcaeeea,1.0.0,2026-09-13T06:28:48Z,1.0.0,1.0.0,1.0.0,2026-09-13T06:28:48Z,READY,30,19,7,0.633333,0.233333,1400,3100,0.451613,163.333333,416a2c883115f79ca748415171c8bd3a0ffbd6d264c3bd924f438a9db2c25078,candle_path_not_fill,UNAVAILABLE,UNAVAILABLE,UNAVAILABLE,NOT_COMPUTABLE,UNAVAILABLE
path_bands,MONTE_CARLO,base_decomposition,bernoulli_week_19_p25,6648.553082,usd,bernoulli,superasi_bdebase_v1.0.0,grade_config_v1,2026-09-13T12:02:58Z,913e87a7c8d04ab0af447be670cfcda2,ITI Stress Q4 CROSS 65 REACH 85 40 ITI-05__913e87a7,3766439c96a7dd20c1a357cc9d344f52bdbbe213fb68782d4349329b8cd85c22,d42a28ee37542cabb6f140ba345b132015584963589d3732b3115ed80806cad0,6a547a4c14bdf2904cb47931457dc625742ef8654207540831709bc1c93ea690,ITI Stress Q4 CROSS 65 REACH 85 40 ITI-05,NBA,NBA,2025-2026,2025-10-10,2025-10-31,"{""date_from"":""2025-10-10"",""date_to"":""2025-10-31"",""game_data"":[""pbp""],""leagues"":[""NBA""],""market_data"":[""candles""],""markets"":[""kalshi""],""seasons"":[""2025-2026""],""sports"":[""NBA""]}",TRADABLE_YES_BID,1_MINUTE_CANDLE,available_at,CROSS,"{""id"":""entry_iti_stress"",""op"":""CROSS"",""period"":""Q4"",""price_e4"":7100}",REACH,"{""id"":""win_iti_stress"",""op"":""REACH"",""outcome"":""win"",""price_e4"":8500}",REACH,"{""id"":""loss_iti_stress"",""op"":""REACH"",""outcome"":""loss"",""price_e4"":4000}",HOLD_TO_SETTLEMENT,75d368edb0ad750c5bc7596a46abdf3fabdfd8d1471175a99677c2075fcaeeea,1.0.0,2026-09-13T06:28:48Z,1.0.0,1.0.0,1.0.0,2026-09-13T06:28:48Z,READY,30,19,7,0.633333,0.233333,1400,3100,0.451613,163.333333,416a2c883115f79ca748415171c8bd3a0ffbd6d264c3bd924f438a9db2c25078,candle_path_not_fill,UNAVAILABLE,UNAVAILABLE,UNAVAILABLE,NOT_COMPUTABLE,UNAVAILABLE
path_bands,MONTE_CARLO,base_decomposition,bernoulli_week_19_p50,7712.946217,usd,bernoulli,superasi_bdebase_v1.0.0,grade_config_v1,2026-09-13T12:02:58Z,913e87a7c8d04ab0af447be670cfcda2,ITI Stress Q4 CROSS 65 REACH 85 40 ITI-05__913e87a7,3766439c96a7dd20c1a357cc9d344f52bdbbe213fb68782d4349329b8cd85c22,d42a28ee37542cabb6f140ba345b132015584963589d3732b3115ed80806cad0,6a547a4c14bdf2904cb47931457dc625742ef8654207540831709bc1c93ea690,ITI Stress Q4 CROSS 65 REACH 85 40 ITI-05,NBA,NBA,2025-2026,2025-10-10,2025-10-31,"{""date_from"":""2025-10-10"",""date_to"":""2025-10-31"",""game_data"":[""pbp""],""leagues"":[""NBA""],""market_data"":[""candles""],""markets"":[""kalshi""],""seasons"":[""2025-2026""],""sports"":[""NBA""]}",TRADABLE_YES_BID,1_MINUTE_CANDLE,available_at,CROSS,"{""id"":""entry_iti_stress"",""op"":""CROSS"",""period"":""Q4"",""price_e4"":7100}",REACH,"{""id"":""win_iti_stress"",""op"":""REACH"",""outcome"":""win"",""price_e4"":8500}",REACH,"{""id"":""loss_iti_stress"",""op"":""REACH"",""outcome"":""loss"",""price_e4"":4000}",HOLD_TO_SETTLEMENT,75d368edb0ad750c5bc7596a46abdf3fabdfd8d1471175a99677c2075fcaeeea,1.0.0,2026-09-13T06:28:48Z,1.0.0,1.0.0,1.0.0,2026-09-13T06:28:48Z,READY,30,19,7,0.633333,0.233333,1400,3100,0.451613,163.333333,416a2c883115f79ca748415171c8bd3a0ffbd6d264c3bd924f438a9db2c25078,candle_path_not_fill,UNAVAILABLE,UNAVAILABLE,UNAVAILABLE,NOT_COMPUTABLE,UNAVAILABLE
path_bands,MONTE_CARLO,base_decomposition,bernoulli_week_19_p75,9033.226773,usd,bernoulli,superasi_bdebase_v1.0.0,grade_config_v1,2026-09-13T12:02:58Z,913e87a7c8d04ab0af447be670cfcda2,ITI Stress Q4 CROSS 65 REACH 85 40 ITI-05__913e87a7,3766439c96a7dd20c1a357cc9d344f52bdbbe213fb68782d4349329b8cd85c22,d42a28ee37542cabb6f140ba345b132015584963589d3732b3115ed80806cad0,6a547a4c14bdf2904cb47931457dc625742ef8654207540831709bc1c93ea690,ITI Stress Q4 CROSS 65 REACH 85 40 ITI-05,NBA,NBA,2025-2026,2025-10-10,2025-10-31,"{""date_from"":""2025-10-10"",""date_to"":""2025-10-31"",""game_data"":[""pbp""],""leagues"":[""NBA""],""market_data"":[""candles""],""markets"":[""kalshi""],""seasons"":[""2025-2026""],""sports"":[""NBA""]}",TRADABLE_YES_BID,1_MINUTE_CANDLE,available_at,CROSS,"{""id"":""entry_iti_stress"",""op"":""CROSS"",""period"":""Q4"",""price_e4"":7100}",REACH,"{""id"":""win_iti_stress"",""op"":""REACH"",""outcome"":""win"",""price_e4"":8500}",REACH,"{""id"":""loss_iti_stress"",""op"":""REACH"",""outcome"":""loss"",""price_e4"":4000}",HOLD_TO_SETTLEMENT,75d368edb0ad750c5bc7596a46abdf3fabdfd8d1471175a99677c2075fcaeeea,1.0.0,2026-09-13T06:28:48Z,1.0.0,1.0.0,1.0.0,2026-09-13T06:28:48Z,READY,30,19,7,0.633333,0.233333,1400,3100,0.451613,163.333333,416a2c883115f79ca748415171c8bd3a0ffbd6d264c3bd924f438a9db2c25078,candle_path_not_fill,UNAVAILABLE,UNAVAILABLE,UNAVAILABLE,NOT_COMPUTABLE,UNAVAILABLE
path_bands,MONTE_CARLO,base_decomposition,bernoulli_week_19_p95,11266.397604,usd,bernoulli,superasi_bdebase_v1.0.0,grade_config_v1,2026-09-13T12:02:58Z,913e87a7c8d04ab0af447be670cfcda2,ITI Stress Q4 CROSS 65 REACH 85 40 ITI-05__913e87a7,3766439c96a7dd20c1a357cc9d344f52bdbbe213fb68782d4349329b8cd85c22,d42a28ee37542cabb6f140ba345b132015584963589d3732b3115ed80806cad0,6a547a4c14bdf2904cb47931457dc625742ef8654207540831709bc1c93ea690,ITI Stress Q4 CROSS 65 REACH 85 40 ITI-05,NBA,NBA,2025-2026,2025-10-10,2025-10-31,"{""date_from"":""2025-10-10"",""date_to"":""2025-10-31"",""game_data"":[""pbp""],""leagues"":[""NBA""],""market_data"":[""candles""],""markets"":[""kalshi""],""seasons"":[""2025-2026""],""sports"":[""NBA""]}",TRADABLE_YES_BID,1_MINUTE_CANDLE,available_at,CROSS,"{""id"":""entry_iti_stress"",""op"":""CROSS"",""period"":""Q4"",""price_e4"":7100}",REACH,"{""id"":""win_iti_stress"",""op"":""REACH"",""outcome"":""win"",""price_e4"":8500}",REACH,"{""id"":""loss_iti_stress"",""op"":""REACH"",""outcome"":""loss"",""price_e4"":4000}",HOLD_TO_SETTLEMENT,75d368edb0ad750c5bc7596a46abdf3fabdfd8d1471175a99677c2075fcaeeea,1.0.0,2026-09-13T06:28:48Z,1.0.0,1.0.0,1.0.0,2026-09-13T06:28:48Z,READY,30,19,7,0.633333,0.233333,1400,3100,0.451613,163.333333,416a2c883115f79ca748415171c8bd3a0ffbd6d264c3bd924f438a9db2c25078,candle_path_not_fill,UNAVAILABLE,UNAVAILABLE,UNAVAILABLE,NOT_COMPUTABLE,UNAVAILABLE
path_bands,MONTE_CARLO,base_decomposition,bernoulli_week_20_p5,4964.250886,usd,bernoulli,superasi_bdebase_v1.0.0,grade_config_v1,2026-09-13T12:02:58Z,913e87a7c8d04ab0af447be670cfcda2,ITI Stress Q4 CROSS 65 REACH 85 40 ITI-05__913e87a7,3766439c96a7dd20c1a357cc9d344f52bdbbe213fb68782d4349329b8cd85c22,d42a28ee37542cabb6f140ba345b132015584963589d3732b3115ed80806cad0,6a547a4c14bdf2904cb47931457dc625742ef8654207540831709bc1c93ea690,ITI Stress Q4 CROSS 65 REACH 85 40 ITI-05,NBA,NBA,2025-2026,2025-10-10,2025-10-31,"{""date_from"":""2025-10-10"",""date_to"":""2025-10-31"",""game_data"":[""pbp""],""leagues"":[""NBA""],""market_data"":[""candles""],""markets"":[""kalshi""],""seasons"":[""2025-2026""],""sports"":[""NBA""]}",TRADABLE_YES_BID,1_MINUTE_CANDLE,available_at,CROSS,"{""id"":""entry_iti_stress"",""op"":""CROSS"",""period"":""Q4"",""price_e4"":7100}",REACH,"{""id"":""win_iti_stress"",""op"":""REACH"",""outcome"":""win"",""price_e4"":8500}",REACH,"{""id"":""loss_iti_stress"",""op"":""REACH"",""outcome"":""loss"",""price_e4"":4000}",HOLD_TO_SETTLEMENT,75d368edb0ad750c5bc7596a46abdf3fabdfd8d1471175a99677c2075fcaeeea,1.0.0,2026-09-13T06:28:48Z,1.0.0,1.0.0,1.0.0,2026-09-13T06:28:48Z,READY,30,19,7,0.633333,0.233333,1400,3100,0.451613,163.333333,416a2c883115f79ca748415171c8bd3a0ffbd6d264c3bd924f438a9db2c25078,candle_path_not_fill,UNAVAILABLE,UNAVAILABLE,UNAVAILABLE,NOT_COMPUTABLE,UNAVAILABLE
path_bands,MONTE_CARLO,base_decomposition,bernoulli_week_20_p25,6278.345960,usd,bernoulli,superasi_bdebase_v1.0.0,grade_config_v1,2026-09-13T12:02:58Z,913e87a7c8d04ab0af447be670cfcda2,ITI Stress Q4 CROSS 65 REACH 85 40 ITI-05__913e87a7,3766439c96a7dd20c1a357cc9d344f52bdbbe213fb68782d4349329b8cd85c22,d42a28ee37542cabb6f140ba345b132015584963589d3732b3115ed80806cad0,6a547a4c14bdf2904cb47931457dc625742ef8654207540831709bc1c93ea690,ITI Stress Q4 CROSS 65 REACH 85 40 ITI-05,NBA,NBA,2025-2026,2025-10-10,2025-10-31,"{""date_from"":""2025-10-10"",""date_to"":""2025-10-31"",""game_data"":[""pbp""],""leagues"":[""NBA""],""market_data"":[""candles""],""markets"":[""kalshi""],""seasons"":[""2025-2026""],""sports"":[""NBA""]}",TRADABLE_YES_BID,1_MINUTE_CANDLE,available_at,CROSS,"{""id"":""entry_iti_stress"",""op"":""CROSS"",""period"":""Q4"",""price_e4"":7100}",REACH,"{""id"":""win_iti_stress"",""op"":""REACH"",""outcome"":""win"",""price_e4"":8500}",REACH,"{""id"":""loss_iti_stress"",""op"":""REACH"",""outcome"":""loss"",""price_e4"":4000}",HOLD_TO_SETTLEMENT,75d368edb0ad750c5bc7596a46abdf3fabdfd8d1471175a99677c2075fcaeeea,1.0.0,2026-09-13T06:28:48Z,1.0.0,1.0.0,1.0.0,2026-09-13T06:28:48Z,READY,30,19,7,0.633333,0.233333,1400,3100,0.451613,163.333333,416a2c883115f79ca748415171c8bd3a0ffbd6d264c3bd924f438a9db2c25078,candle_path_not_fill,UNAVAILABLE,UNAVAILABLE,UNAVAILABLE,NOT_COMPUTABLE,UNAVAILABLE
path_bands,MONTE_CARLO,base_decomposition,bernoulli_week_20_p50,7384.831442,usd,bernoulli,superasi_bdebase_v1.0.0,grade_config_v1,2026-09-13T12:02:58Z,913e87a7c8d04ab0af447be670cfcda2,ITI Stress Q4 CROSS 65 REACH 85 40 ITI-05__913e87a7,3766439c96a7dd20c1a357cc9d344f52bdbbe213fb68782d4349329b8cd85c22,d42a28ee37542cabb6f140ba345b132015584963589d3732b3115ed80806cad0,6a547a4c14bdf2904cb47931457dc625742ef8654207540831709bc1c93ea690,ITI Stress Q4 CROSS 65 REACH 85 40 ITI-05,NBA,NBA,2025-2026,2025-10-10,2025-10-31,"{""date_from"":""2025-10-10"",""date_to"":""2025-10-31"",""game_data"":[""pbp""],""leagues"":[""NBA""],""market_data"":[""candles""],""markets"":[""kalshi""],""seasons"":[""2025-2026""],""sports"":[""NBA""]}",TRADABLE_YES_BID,1_MINUTE_CANDLE,available_at,CROSS,"{""id"":""entry_iti_stress"",""op"":""CROSS"",""period"":""Q4"",""price_e4"":7100}",REACH,"{""id"":""win_iti_stress"",""op"":""REACH"",""outcome"":""win"",""price_e4"":8500}",REACH,"{""id"":""loss_iti_stress"",""op"":""REACH"",""outcome"":""loss"",""price_e4"":4000}",HOLD_TO_SETTLEMENT,75d368edb0ad750c5bc7596a46abdf3fabdfd8d1471175a99677c2075fcaeeea,1.0.0,2026-09-13T06:28:48Z,1.0.0,1.0.0,1.0.0,2026-09-13T06:28:48Z,READY,30,19,7,0.633333,0.233333,1400,3100,0.451613,163.333333,416a2c883115f79ca748415171c8bd3a0ffbd6d264c3bd924f438a9db2c25078,candle_path_not_fill,UNAVAILABLE,UNAVAILABLE,UNAVAILABLE,NOT_COMPUTABLE,UNAVAILABLE
path_bands,MONTE_CARLO,base_decomposition,bernoulli_week_20_p75,8644.798367,usd,bernoulli,superasi_bdebase_v1.0.0,grade_config_v1,2026-09-13T12:02:58Z,913e87a7c8d04ab0af447be670cfcda2,ITI Stress Q4 CROSS 65 REACH 85 40 ITI-05__913e87a7,3766439c96a7dd20c1a357cc9d344f52bdbbe213fb68782d4349329b8cd85c22,d42a28ee37542cabb6f140ba345b132015584963589d3732b3115ed80806cad0,6a547a4c14bdf2904cb47931457dc625742ef8654207540831709bc1c93ea690,ITI Stress Q4 CROSS 65 REACH 85 40 ITI-05,NBA,NBA,2025-2026,2025-10-10,2025-10-31,"{""date_from"":""2025-10-10"",""date_to"":""2025-10-31"",""game_data"":[""pbp""],""leagues"":[""NBA""],""market_data"":[""candles""],""markets"":[""kalshi""],""seasons"":[""2025-2026""],""sports"":[""NBA""]}",TRADABLE_YES_BID,1_MINUTE_CANDLE,available_at,CROSS,"{""id"":""entry_iti_stress"",""op"":""CROSS"",""period"":""Q4"",""price_e4"":7100}",REACH,"{""id"":""win_iti_stress"",""op"":""REACH"",""outcome"":""win"",""price_e4"":8500}",REACH,"{""id"":""loss_iti_stress"",""op"":""REACH"",""outcome"":""loss"",""price_e4"":4000}",HOLD_TO_SETTLEMENT,75d368edb0ad750c5bc7596a46abdf3fabdfd8d1471175a99677c2075fcaeeea,1.0.0,2026-09-13T06:28:48Z,1.0.0,1.0.0,1.0.0,2026-09-13T06:28:48Z,READY,30,19,7,0.633333,0.233333,1400,3100,0.451613,163.333333,416a2c883115f79ca748415171c8bd3a0ffbd6d264c3bd924f438a9db2c25078,candle_path_not_fill,UNAVAILABLE,UNAVAILABLE,UNAVAILABLE,NOT_COMPUTABLE,UNAVAILABLE
path_bands,MONTE_CARLO,base_decomposition,bernoulli_week_20_p95,10750.087715,usd,bernoulli,superasi_bdebase_v1.0.0,grade_config_v1,2026-09-13T12:02:58Z,913e87a7c8d04ab0af447be670cfcda2,ITI Stress Q4 CROSS 65 REACH 85 40 ITI-05__913e87a7,3766439c96a7dd20c1a357cc9d344f52bdbbe213fb68782d4349329b8cd85c22,d42a28ee37542cabb6f140ba345b132015584963589d3732b3115ed80806cad0,6a547a4c14bdf2904cb47931457dc625742ef8654207540831709bc1c93ea690,ITI Stress Q4 CROSS 65 REACH 85 40 ITI-05,NBA,NBA,2025-2026,2025-10-10,2025-10-31,"{""date_from"":""2025-10-10"",""date_to"":""2025-10-31"",""game_data"":[""pbp""],""leagues"":[""NBA""],""market_data"":[""candles""],""markets"":[""kalshi""],""seasons"":[""2025-2026""],""sports"":[""NBA""]}",TRADABLE_YES_BID,1_MINUTE_CANDLE,available_at,CROSS,"{""id"":""entry_iti_stress"",""op"":""CROSS"",""period"":""Q4"",""price_e4"":7100}",REACH,"{""id"":""win_iti_stress"",""op"":""REACH"",""outcome"":""win"",""price_e4"":8500}",REACH,"{""id"":""loss_iti_stress"",""op"":""REACH"",""outcome"":""loss"",""price_e4"":4000}",HOLD_TO_SETTLEMENT,75d368edb0ad750c5bc7596a46abdf3fabdfd8d1471175a99677c2075fcaeeea,1.0.0,2026-09-13T06:28:48Z,1.0.0,1.0.0,1.0.0,2026-09-13T06:28:48Z,READY,30,19,7,0.633333,0.233333,1400,3100,0.451613,163.333333,416a2c883115f79ca748415171c8bd3a0ffbd6d264c3bd924f438a9db2c25078,candle_path_not_fill,UNAVAILABLE,UNAVAILABLE,UNAVAILABLE,NOT_COMPUTABLE,UNAVAILABLE
risk_profile,MONTE_CARLO,base_decomposition,mode_b_paths,100000,count,mode_b,superasi_bdebase_v1.0.0,grade_config_v1,2026-09-13T12:02:58Z,913e87a7c8d04ab0af447be670cfcda2,ITI Stress Q4 CROSS 65 REACH 85 40 ITI-05__913e87a7,3766439c96a7dd20c1a357cc9d344f52bdbbe213fb68782d4349329b8cd85c22,d42a28ee37542cabb6f140ba345b132015584963589d3732b3115ed80806cad0,6a547a4c14bdf2904cb47931457dc625742ef8654207540831709bc1c93ea690,ITI Stress Q4 CROSS 65 REACH 85 40 ITI-05,NBA,NBA,2025-2026,2025-10-10,2025-10-31,"{""date_from"":""2025-10-10"",""date_to"":""2025-10-31"",""game_data"":[""pbp""],""leagues"":[""NBA""],""market_data"":[""candles""],""markets"":[""kalshi""],""seasons"":[""2025-2026""],""sports"":[""NBA""]}",TRADABLE_YES_BID,1_MINUTE_CANDLE,available_at,CROSS,"{""id"":""entry_iti_stress"",""op"":""CROSS"",""period"":""Q4"",""price_e4"":7100}",REACH,"{""id"":""win_iti_stress"",""op"":""REACH"",""outcome"":""win"",""price_e4"":8500}",REACH,"{""id"":""loss_iti_stress"",""op"":""REACH"",""outcome"":""loss"",""price_e4"":4000}",HOLD_TO_SETTLEMENT,75d368edb0ad750c5bc7596a46abdf3fabdfd8d1471175a99677c2075fcaeeea,1.0.0,2026-09-13T06:28:48Z,1.0.0,1.0.0,1.0.0,2026-09-13T06:28:48Z,READY,30,19,7,0.633333,0.233333,1400,3100,0.451613,163.333333,416a2c883115f79ca748415171c8bd3a0ffbd6d264c3bd924f438a9db2c25078,candle_path_not_fill,UNAVAILABLE,UNAVAILABLE,UNAVAILABLE,NOT_COMPUTABLE,UNAVAILABLE
risk_profile,MONTE_CARLO,base_decomposition,mode_b_P_min_bankroll_le_floor,0.013610,fraction,mode_b,superasi_bdebase_v1.0.0,grade_config_v1,2026-09-13T12:02:58Z,913e87a7c8d04ab0af447be670cfcda2,ITI Stress Q4 CROSS 65 REACH 85 40 ITI-05__913e87a7,3766439c96a7dd20c1a357cc9d344f52bdbbe213fb68782d4349329b8cd85c22,d42a28ee37542cabb6f140ba345b132015584963589d3732b3115ed80806cad0,6a547a4c14bdf2904cb47931457dc625742ef8654207540831709bc1c93ea690,ITI Stress Q4 CROSS 65 REACH 85 40 ITI-05,NBA,NBA,2025-2026,2025-10-10,2025-10-31,"{""date_from"":""2025-10-10"",""date_to"":""2025-10-31"",""game_data"":[""pbp""],""leagues"":[""NBA""],""market_data"":[""candles""],""markets"":[""kalshi""],""seasons"":[""2025-2026""],""sports"":[""NBA""]}",TRADABLE_YES_BID,1_MINUTE_CANDLE,available_at,CROSS,"{""id"":""entry_iti_stress"",""op"":""CROSS"",""period"":""Q4"",""price_e4"":7100}",REACH,"{""id"":""win_iti_stress"",""op"":""REACH"",""outcome"":""win"",""price_e4"":8500}",REACH,"{""id"":""loss_iti_stress"",""op"":""REACH"",""outcome"":""loss"",""price_e4"":4000}",HOLD_TO_SETTLEMENT,75d368edb0ad750c5bc7596a46abdf3fabdfd8d1471175a99677c2075fcaeeea,1.0.0,2026-09-13T06:28:48Z,1.0.0,1.0.0,1.0.0,2026-09-13T06:28:48Z,READY,30,19,7,0.633333,0.233333,1400,3100,0.451613,163.333333,416a2c883115f79ca748415171c8bd3a0ffbd6d264c3bd924f438a9db2c25078,candle_path_not_fill,UNAVAILABLE,UNAVAILABLE,UNAVAILABLE,NOT_COMPUTABLE,UNAVAILABLE
risk_profile,MONTE_CARLO,base_decomposition,mode_b_P_final_ge_target,0.200770,fraction,mode_b,superasi_bdebase_v1.0.0,grade_config_v1,2026-09-13T12:02:58Z,913e87a7c8d04ab0af447be670cfcda2,ITI Stress Q4 CROSS 65 REACH 85 40 ITI-05__913e87a7,3766439c96a7dd20c1a357cc9d344f52bdbbe213fb68782d4349329b8cd85c22,d42a28ee37542cabb6f140ba345b132015584963589d3732b3115ed80806cad0,6a547a4c14bdf2904cb47931457dc625742ef8654207540831709bc1c93ea690,ITI Stress Q4 CROSS 65 REACH 85 40 ITI-05,NBA,NBA,2025-2026,2025-10-10,2025-10-31,"{""date_from"":""2025-10-10"",""date_to"":""2025-10-31"",""game_data"":[""pbp""],""leagues"":[""NBA""],""market_data"":[""candles""],""markets"":[""kalshi""],""seasons"":[""2025-2026""],""sports"":[""NBA""]}",TRADABLE_YES_BID,1_MINUTE_CANDLE,available_at,CROSS,"{""id"":""entry_iti_stress"",""op"":""CROSS"",""period"":""Q4"",""price_e4"":7100}",REACH,"{""id"":""win_iti_stress"",""op"":""REACH"",""outcome"":""win"",""price_e4"":8500}",REACH,"{""id"":""loss_iti_stress"",""op"":""REACH"",""outcome"":""loss"",""price_e4"":4000}",HOLD_TO_SETTLEMENT,75d368edb0ad750c5bc7596a46abdf3fabdfd8d1471175a99677c2075fcaeeea,1.0.0,2026-09-13T06:28:48Z,1.0.0,1.0.0,1.0.0,2026-09-13T06:28:48Z,READY,30,19,7,0.633333,0.233333,1400,3100,0.451613,163.333333,416a2c883115f79ca748415171c8bd3a0ffbd6d264c3bd924f438a9db2c25078,candle_path_not_fill,UNAVAILABLE,UNAVAILABLE,UNAVAILABLE,NOT_COMPUTABLE,UNAVAILABLE
risk_profile,MONTE_CARLO,base_decomposition,mode_b_expected_20_week_return,0.302109,fraction,mode_b,superasi_bdebase_v1.0.0,grade_config_v1,2026-09-13T12:02:58Z,913e87a7c8d04ab0af447be670cfcda2,ITI Stress Q4 CROSS 65 REACH 85 40 ITI-05__913e87a7,3766439c96a7dd20c1a357cc9d344f52bdbbe213fb68782d4349329b8cd85c22,d42a28ee37542cabb6f140ba345b132015584963589d3732b3115ed80806cad0,6a547a4c14bdf2904cb47931457dc625742ef8654207540831709bc1c93ea690,ITI Stress Q4 CROSS 65 REACH 85 40 ITI-05,NBA,NBA,2025-2026,2025-10-10,2025-10-31,"{""date_from"":""2025-10-10"",""date_to"":""2025-10-31"",""game_data"":[""pbp""],""leagues"":[""NBA""],""market_data"":[""candles""],""markets"":[""kalshi""],""seasons"":[""2025-2026""],""sports"":[""NBA""]}",TRADABLE_YES_BID,1_MINUTE_CANDLE,available_at,CROSS,"{""id"":""entry_iti_stress"",""op"":""CROSS"",""period"":""Q4"",""price_e4"":7100}",REACH,"{""id"":""win_iti_stress"",""op"":""REACH"",""outcome"":""win"",""price_e4"":8500}",REACH,"{""id"":""loss_iti_stress"",""op"":""REACH"",""outcome"":""loss"",""price_e4"":4000}",HOLD_TO_SETTLEMENT,75d368edb0ad750c5bc7596a46abdf3fabdfd8d1471175a99677c2075fcaeeea,1.0.0,2026-09-13T06:28:48Z,1.0.0,1.0.0,1.0.0,2026-09-13T06:28:48Z,READY,30,19,7,0.633333,0.233333,1400,3100,0.451613,163.333333,416a2c883115f79ca748415171c8bd3a0ffbd6d264c3bd924f438a9db2c25078,candle_path_not_fill,UNAVAILABLE,UNAVAILABLE,UNAVAILABLE,NOT_COMPUTABLE,UNAVAILABLE
risk_profile,MONTE_CARLO,base_decomposition,mode_b_mean_terminal_bankroll,26042.185361,usd,mode_b,superasi_bdebase_v1.0.0,grade_config_v1,2026-09-13T12:02:58Z,913e87a7c8d04ab0af447be670cfcda2,ITI Stress Q4 CROSS 65 REACH 85 40 ITI-05__913e87a7,3766439c96a7dd20c1a357cc9d344f52bdbbe213fb68782d4349329b8cd85c22,d42a28ee37542cabb6f140ba345b132015584963589d3732b3115ed80806cad0,6a547a4c14bdf2904cb47931457dc625742ef8654207540831709bc1c93ea690,ITI Stress Q4 CROSS 65 REACH 85 40 ITI-05,NBA,NBA,2025-2026,2025-10-10,2025-10-31,"{""date_from"":""2025-10-10"",""date_to"":""2025-10-31"",""game_data"":[""pbp""],""leagues"":[""NBA""],""market_data"":[""candles""],""markets"":[""kalshi""],""seasons"":[""2025-2026""],""sports"":[""NBA""]}",TRADABLE_YES_BID,1_MINUTE_CANDLE,available_at,CROSS,"{""id"":""entry_iti_stress"",""op"":""CROSS"",""period"":""Q4"",""price_e4"":7100}",REACH,"{""id"":""win_iti_stress"",""op"":""REACH"",""outcome"":""win"",""price_e4"":8500}",REACH,"{""id"":""loss_iti_stress"",""op"":""REACH"",""outcome"":""loss"",""price_e4"":4000}",HOLD_TO_SETTLEMENT,75d368edb0ad750c5bc7596a46abdf3fabdfd8d1471175a99677c2075fcaeeea,1.0.0,2026-09-13T06:28:48Z,1.0.0,1.0.0,1.0.0,2026-09-13T06:28:48Z,READY,30,19,7,0.633333,0.233333,1400,3100,0.451613,163.333333,416a2c883115f79ca748415171c8bd3a0ffbd6d264c3bd924f438a9db2c25078,candle_path_not_fill,UNAVAILABLE,UNAVAILABLE,UNAVAILABLE,NOT_COMPUTABLE,UNAVAILABLE
risk_profile,MONTE_CARLO,base_decomposition,mode_b_median_terminal_bankroll,25542.007569,usd,mode_b,superasi_bdebase_v1.0.0,grade_config_v1,2026-09-13T12:02:58Z,913e87a7c8d04ab0af447be670cfcda2,ITI Stress Q4 CROSS 65 REACH 85 40 ITI-05__913e87a7,3766439c96a7dd20c1a357cc9d344f52bdbbe213fb68782d4349329b8cd85c22,d42a28ee37542cabb6f140ba345b132015584963589d3732b3115ed80806cad0,6a547a4c14bdf2904cb47931457dc625742ef8654207540831709bc1c93ea690,ITI Stress Q4 CROSS 65 REACH 85 40 ITI-05,NBA,NBA,2025-2026,2025-10-10,2025-10-31,"{""date_from"":""2025-10-10"",""date_to"":""2025-10-31"",""game_data"":[""pbp""],""leagues"":[""NBA""],""market_data"":[""candles""],""markets"":[""kalshi""],""seasons"":[""2025-2026""],""sports"":[""NBA""]}",TRADABLE_YES_BID,1_MINUTE_CANDLE,available_at,CROSS,"{""id"":""entry_iti_stress"",""op"":""CROSS"",""period"":""Q4"",""price_e4"":7100}",REACH,"{""id"":""win_iti_stress"",""op"":""REACH"",""outcome"":""win"",""price_e4"":8500}",REACH,"{""id"":""loss_iti_stress"",""op"":""REACH"",""outcome"":""loss"",""price_e4"":4000}",HOLD_TO_SETTLEMENT,75d368edb0ad750c5bc7596a46abdf3fabdfd8d1471175a99677c2075fcaeeea,1.0.0,2026-09-13T06:28:48Z,1.0.0,1.0.0,1.0.0,2026-09-13T06:28:48Z,READY,30,19,7,0.633333,0.233333,1400,3100,0.451613,163.333333,416a2c883115f79ca748415171c8bd3a0ffbd6d264c3bd924f438a9db2c25078,candle_path_not_fill,UNAVAILABLE,UNAVAILABLE,UNAVAILABLE,NOT_COMPUTABLE,UNAVAILABLE
risk_profile,MONTE_CARLO,base_decomposition,mode_b_mdd_p95,-0.028169,fraction,mode_b,superasi_bdebase_v1.0.0,grade_config_v1,2026-09-13T12:02:58Z,913e87a7c8d04ab0af447be670cfcda2,ITI Stress Q4 CROSS 65 REACH 85 40 ITI-05__913e87a7,3766439c96a7dd20c1a357cc9d344f52bdbbe213fb68782d4349329b8cd85c22,d42a28ee37542cabb6f140ba345b132015584963589d3732b3115ed80806cad0,6a547a4c14bdf2904cb47931457dc625742ef8654207540831709bc1c93ea690,ITI Stress Q4 CROSS 65 REACH 85 40 ITI-05,NBA,NBA,2025-2026,2025-10-10,2025-10-31,"{""date_from"":""2025-10-10"",""date_to"":""2025-10-31"",""game_data"":[""pbp""],""leagues"":[""NBA""],""market_data"":[""candles""],""markets"":[""kalshi""],""seasons"":[""2025-2026""],""sports"":[""NBA""]}",TRADABLE_YES_BID,1_MINUTE_CANDLE,available_at,CROSS,"{""id"":""entry_iti_stress"",""op"":""CROSS"",""period"":""Q4"",""price_e4"":7100}",REACH,"{""id"":""win_iti_stress"",""op"":""REACH"",""outcome"":""win"",""price_e4"":8500}",REACH,"{""id"":""loss_iti_stress"",""op"":""REACH"",""outcome"":""loss"",""price_e4"":4000}",HOLD_TO_SETTLEMENT,75d368edb0ad750c5bc7596a46abdf3fabdfd8d1471175a99677c2075fcaeeea,1.0.0,2026-09-13T06:28:48Z,1.0.0,1.0.0,1.0.0,2026-09-13T06:28:48Z,READY,30,19,7,0.633333,0.233333,1400,3100,0.451613,163.333333,416a2c883115f79ca748415171c8bd3a0ffbd6d264c3bd924f438a9db2c25078,candle_path_not_fill,UNAVAILABLE,UNAVAILABLE,UNAVAILABLE,NOT_COMPUTABLE,UNAVAILABLE
risk_profile,MONTE_CARLO,base_decomposition,mode_b_se_P_min_bankroll_le_floor,0.000366,fraction,mode_b,superasi_bdebase_v1.0.0,grade_config_v1,2026-09-13T12:02:58Z,913e87a7c8d04ab0af447be670cfcda2,ITI Stress Q4 CROSS 65 REACH 85 40 ITI-05__913e87a7,3766439c96a7dd20c1a357cc9d344f52bdbbe213fb68782d4349329b8cd85c22,d42a28ee37542cabb6f140ba345b132015584963589d3732b3115ed80806cad0,6a547a4c14bdf2904cb47931457dc625742ef8654207540831709bc1c93ea690,ITI Stress Q4 CROSS 65 REACH 85 40 ITI-05,NBA,NBA,2025-2026,2025-10-10,2025-10-31,"{""date_from"":""2025-10-10"",""date_to"":""2025-10-31"",""game_data"":[""pbp""],""leagues"":[""NBA""],""market_data"":[""candles""],""markets"":[""kalshi""],""seasons"":[""2025-2026""],""sports"":[""NBA""]}",TRADABLE_YES_BID,1_MINUTE_CANDLE,available_at,CROSS,"{""id"":""entry_iti_stress"",""op"":""CROSS"",""period"":""Q4"",""price_e4"":7100}",REACH,"{""id"":""win_iti_stress"",""op"":""REACH"",""outcome"":""win"",""price_e4"":8500}",REACH,"{""id"":""loss_iti_stress"",""op"":""REACH"",""outcome"":""loss"",""price_e4"":4000}",HOLD_TO_SETTLEMENT,75d368edb0ad750c5bc7596a46abdf3fabdfd8d1471175a99677c2075fcaeeea,1.0.0,2026-09-13T06:28:48Z,1.0.0,1.0.0,1.0.0,2026-09-13T06:28:48Z,READY,30,19,7,0.633333,0.233333,1400,3100,0.451613,163.333333,416a2c883115f79ca748415171c8bd3a0ffbd6d264c3bd924f438a9db2c25078,candle_path_not_fill,UNAVAILABLE,UNAVAILABLE,UNAVAILABLE,NOT_COMPUTABLE,UNAVAILABLE
risk_profile,MONTE_CARLO,base_decomposition,mode_b_se_P_final_ge_target,0.001267,fraction,mode_b,superasi_bdebase_v1.0.0,grade_config_v1,2026-09-13T12:02:58Z,913e87a7c8d04ab0af447be670cfcda2,ITI Stress Q4 CROSS 65 REACH 85 40 ITI-05__913e87a7,3766439c96a7dd20c1a357cc9d344f52bdbbe213fb68782d4349329b8cd85c22,d42a28ee37542cabb6f140ba345b132015584963589d3732b3115ed80806cad0,6a547a4c14bdf2904cb47931457dc625742ef8654207540831709bc1c93ea690,ITI Stress Q4 CROSS 65 REACH 85 40 ITI-05,NBA,NBA,2025-2026,2025-10-10,2025-10-31,"{""date_from"":""2025-10-10"",""date_to"":""2025-10-31"",""game_data"":[""pbp""],""leagues"":[""NBA""],""market_data"":[""candles""],""markets"":[""kalshi""],""seasons"":[""2025-2026""],""sports"":[""NBA""]}",TRADABLE_YES_BID,1_MINUTE_CANDLE,available_at,CROSS,"{""id"":""entry_iti_stress"",""op"":""CROSS"",""period"":""Q4"",""price_e4"":7100}",REACH,"{""id"":""win_iti_stress"",""op"":""REACH"",""outcome"":""win"",""price_e4"":8500}",REACH,"{""id"":""loss_iti_stress"",""op"":""REACH"",""outcome"":""loss"",""price_e4"":4000}",HOLD_TO_SETTLEMENT,75d368edb0ad750c5bc7596a46abdf3fabdfd8d1471175a99677c2075fcaeeea,1.0.0,2026-09-13T06:28:48Z,1.0.0,1.0.0,1.0.0,2026-09-13T06:28:48Z,READY,30,19,7,0.633333,0.233333,1400,3100,0.451613,163.333333,416a2c883115f79ca748415171c8bd3a0ffbd6d264c3bd924f438a9db2c25078,candle_path_not_fill,UNAVAILABLE,UNAVAILABLE,UNAVAILABLE,NOT_COMPUTABLE,UNAVAILABLE
risk_profile,MONTE_CARLO,base_decomposition,mode_b_se_P_final_lt_B0,0.000999,fraction,mode_b,superasi_bdebase_v1.0.0,grade_config_v1,2026-09-13T12:02:58Z,913e87a7c8d04ab0af447be670cfcda2,ITI Stress Q4 CROSS 65 REACH 85 40 ITI-05__913e87a7,3766439c96a7dd20c1a357cc9d344f52bdbbe213fb68782d4349329b8cd85c22,d42a28ee37542cabb6f140ba345b132015584963589d3732b3115ed80806cad0,6a547a4c14bdf2904cb47931457dc625742ef8654207540831709bc1c93ea690,ITI Stress Q4 CROSS 65 REACH 85 40 ITI-05,NBA,NBA,2025-2026,2025-10-10,2025-10-31,"{""date_from"":""2025-10-10"",""date_to"":""2025-10-31"",""game_data"":[""pbp""],""leagues"":[""NBA""],""market_data"":[""candles""],""markets"":[""kalshi""],""seasons"":[""2025-2026""],""sports"":[""NBA""]}",TRADABLE_YES_BID,1_MINUTE_CANDLE,available_at,CROSS,"{""id"":""entry_iti_stress"",""op"":""CROSS"",""period"":""Q4"",""price_e4"":7100}",REACH,"{""id"":""win_iti_stress"",""op"":""REACH"",""outcome"":""win"",""price_e4"":8500}",REACH,"{""id"":""loss_iti_stress"",""op"":""REACH"",""outcome"":""loss"",""price_e4"":4000}",HOLD_TO_SETTLEMENT,75d368edb0ad750c5bc7596a46abdf3fabdfd8d1471175a99677c2075fcaeeea,1.0.0,2026-09-13T06:28:48Z,1.0.0,1.0.0,1.0.0,2026-09-13T06:28:48Z,READY,30,19,7,0.633333,0.233333,1400,3100,0.451613,163.333333,416a2c883115f79ca748415171c8bd3a0ffbd6d264c3bd924f438a9db2c25078,candle_path_not_fill,UNAVAILABLE,UNAVAILABLE,UNAVAILABLE,NOT_COMPUTABLE,UNAVAILABLE
path_bands,MONTE_CARLO,base_decomposition,mode_b_week_1_p5,18802.816901,usd,mode_b,superasi_bdebase_v1.0.0,grade_config_v1,2026-09-13T12:02:58Z,913e87a7c8d04ab0af447be670cfcda2,ITI Stress Q4 CROSS 65 REACH 85 40 ITI-05__913e87a7,3766439c96a7dd20c1a357cc9d344f52bdbbe213fb68782d4349329b8cd85c22,d42a28ee37542cabb6f140ba345b132015584963589d3732b3115ed80806cad0,6a547a4c14bdf2904cb47931457dc625742ef8654207540831709bc1c93ea690,ITI Stress Q4 CROSS 65 REACH 85 40 ITI-05,NBA,NBA,2025-2026,2025-10-10,2025-10-31,"{""date_from"":""2025-10-10"",""date_to"":""2025-10-31"",""game_data"":[""pbp""],""leagues"":[""NBA""],""market_data"":[""candles""],""markets"":[""kalshi""],""seasons"":[""2025-2026""],""sports"":[""NBA""]}",TRADABLE_YES_BID,1_MINUTE_CANDLE,available_at,CROSS,"{""id"":""entry_iti_stress"",""op"":""CROSS"",""period"":""Q4"",""price_e4"":7100}",REACH,"{""id"":""win_iti_stress"",""op"":""REACH"",""outcome"":""win"",""price_e4"":8500}",REACH,"{""id"":""loss_iti_stress"",""op"":""REACH"",""outcome"":""loss"",""price_e4"":4000}",HOLD_TO_SETTLEMENT,75d368edb0ad750c5bc7596a46abdf3fabdfd8d1471175a99677c2075fcaeeea,1.0.0,2026-09-13T06:28:48Z,1.0.0,1.0.0,1.0.0,2026-09-13T06:28:48Z,READY,30,19,7,0.633333,0.233333,1400,3100,0.451613,163.333333,416a2c883115f79ca748415171c8bd3a0ffbd6d264c3bd924f438a9db2c25078,candle_path_not_fill,UNAVAILABLE,UNAVAILABLE,UNAVAILABLE,NOT_COMPUTABLE,UNAVAILABLE
path_bands,MONTE_CARLO,base_decomposition,mode_b_week_1_p25,19436.619718,usd,mode_b,superasi_bdebase_v1.0.0,grade_config_v1,2026-09-13T12:02:58Z,913e87a7c8d04ab0af447be670cfcda2,ITI Stress Q4 CROSS 65 REACH 85 40 ITI-05__913e87a7,3766439c96a7dd20c1a357cc9d344f52bdbbe213fb68782d4349329b8cd85c22,d42a28ee37542cabb6f140ba345b132015584963589d3732b3115ed80806cad0,6a547a4c14bdf2904cb47931457dc625742ef8654207540831709bc1c93ea690,ITI Stress Q4 CROSS 65 REACH 85 40 ITI-05,NBA,NBA,2025-2026,2025-10-10,2025-10-31,"{""date_from"":""2025-10-10"",""date_to"":""2025-10-31"",""game_data"":[""pbp""],""leagues"":[""NBA""],""market_data"":[""candles""],""markets"":[""kalshi""],""seasons"":[""2025-2026""],""sports"":[""NBA""]}",TRADABLE_YES_BID,1_MINUTE_CANDLE,available_at,CROSS,"{""id"":""entry_iti_stress"",""op"":""CROSS"",""period"":""Q4"",""price_e4"":7100}",REACH,"{""id"":""win_iti_stress"",""op"":""REACH"",""outcome"":""win"",""price_e4"":8500}",REACH,"{""id"":""loss_iti_stress"",""op"":""REACH"",""outcome"":""loss"",""price_e4"":4000}",HOLD_TO_SETTLEMENT,75d368edb0ad750c5bc7596a46abdf3fabdfd8d1471175a99677c2075fcaeeea,1.0.0,2026-09-13T06:28:48Z,1.0.0,1.0.0,1.0.0,2026-09-13T06:28:48Z,READY,30,19,7,0.633333,0.233333,1400,3100,0.451613,163.333333,416a2c883115f79ca748415171c8bd3a0ffbd6d264c3bd924f438a9db2c25078,candle_path_not_fill,UNAVAILABLE,UNAVAILABLE,UNAVAILABLE,NOT_COMPUTABLE,UNAVAILABLE
path_bands,MONTE_CARLO,base_decomposition,mode_b_week_1_p50,20070.422535,usd,mode_b,superasi_bdebase_v1.0.0,grade_config_v1,2026-09-13T12:02:58Z,913e87a7c8d04ab0af447be670cfcda2,ITI Stress Q4 CROSS 65 REACH 85 40 ITI-05__913e87a7,3766439c96a7dd20c1a357cc9d344f52bdbbe213fb68782d4349329b8cd85c22,d42a28ee37542cabb6f140ba345b132015584963589d3732b3115ed80806cad0,6a547a4c14bdf2904cb47931457dc625742ef8654207540831709bc1c93ea690,ITI Stress Q4 CROSS 65 REACH 85 40 ITI-05,NBA,NBA,2025-2026,2025-10-10,2025-10-31,"{""date_from"":""2025-10-10"",""date_to"":""2025-10-31"",""game_data"":[""pbp""],""leagues"":[""NBA""],""market_data"":[""candles""],""markets"":[""kalshi""],""seasons"":[""2025-2026""],""sports"":[""NBA""]}",TRADABLE_YES_BID,1_MINUTE_CANDLE,available_at,CROSS,"{""id"":""entry_iti_stress"",""op"":""CROSS"",""period"":""Q4"",""price_e4"":7100}",REACH,"{""id"":""win_iti_stress"",""op"":""REACH"",""outcome"":""win"",""price_e4"":8500}",REACH,"{""id"":""loss_iti_stress"",""op"":""REACH"",""outcome"":""loss"",""price_e4"":4000}",HOLD_TO_SETTLEMENT,75d368edb0ad750c5bc7596a46abdf3fabdfd8d1471175a99677c2075fcaeeea,1.0.0,2026-09-13T06:28:48Z,1.0.0,1.0.0,1.0.0,2026-09-13T06:28:48Z,READY,30,19,7,0.633333,0.233333,1400,3100,0.451613,163.333333,416a2c883115f79ca748415171c8bd3a0ffbd6d264c3bd924f438a9db2c25078,candle_path_not_fill,UNAVAILABLE,UNAVAILABLE,UNAVAILABLE,NOT_COMPUTABLE,UNAVAILABLE
path_bands,MONTE_CARLO,base_decomposition,mode_b_week_1_p75,20704.225352,usd,mode_b,superasi_bdebase_v1.0.0,grade_config_v1,2026-09-13T12:02:58Z,913e87a7c8d04ab0af447be670cfcda2,ITI Stress Q4 CROSS 65 REACH 85 40 ITI-05__913e87a7,3766439c96a7dd20c1a357cc9d344f52bdbbe213fb68782d4349329b8cd85c22,d42a28ee37542cabb6f140ba345b132015584963589d3732b3115ed80806cad0,6a547a4c14bdf2904cb47931457dc625742ef8654207540831709bc1c93ea690,ITI Stress Q4 CROSS 65 REACH 85 40 ITI-05,NBA,NBA,2025-2026,2025-10-10,2025-10-31,"{""date_from"":""2025-10-10"",""date_to"":""2025-10-31"",""game_data"":[""pbp""],""leagues"":[""NBA""],""market_data"":[""candles""],""markets"":[""kalshi""],""seasons"":[""2025-2026""],""sports"":[""NBA""]}",TRADABLE_YES_BID,1_MINUTE_CANDLE,available_at,CROSS,"{""id"":""entry_iti_stress"",""op"":""CROSS"",""period"":""Q4"",""price_e4"":7100}",REACH,"{""id"":""win_iti_stress"",""op"":""REACH"",""outcome"":""win"",""price_e4"":8500}",REACH,"{""id"":""loss_iti_stress"",""op"":""REACH"",""outcome"":""loss"",""price_e4"":4000}",HOLD_TO_SETTLEMENT,75d368edb0ad750c5bc7596a46abdf3fabdfd8d1471175a99677c2075fcaeeea,1.0.0,2026-09-13T06:28:48Z,1.0.0,1.0.0,1.0.0,2026-09-13T06:28:48Z,READY,30,19,7,0.633333,0.233333,1400,3100,0.451613,163.333333,416a2c883115f79ca748415171c8bd3a0ffbd6d264c3bd924f438a9db2c25078,candle_path_not_fill,UNAVAILABLE,UNAVAILABLE,UNAVAILABLE,NOT_COMPUTABLE,UNAVAILABLE
path_bands,MONTE_CARLO,base_decomposition,mode_b_week_1_p95,21338.028169,usd,mode_b,superasi_bdebase_v1.0.0,grade_config_v1,2026-09-13T12:02:58Z,913e87a7c8d04ab0af447be670cfcda2,ITI Stress Q4 CROSS 65 REACH 85 40 ITI-05__913e87a7,3766439c96a7dd20c1a357cc9d344f52bdbbe213fb68782d4349329b8cd85c22,d42a28ee37542cabb6f140ba345b132015584963589d3732b3115ed80806cad0,6a547a4c14bdf2904cb47931457dc625742ef8654207540831709bc1c93ea690,ITI Stress Q4 CROSS 65 REACH 85 40 ITI-05,NBA,NBA,2025-2026,2025-10-10,2025-10-31,"{""date_from"":""2025-10-10"",""date_to"":""2025-10-31"",""game_data"":[""pbp""],""leagues"":[""NBA""],""market_data"":[""candles""],""markets"":[""kalshi""],""seasons"":[""2025-2026""],""sports"":[""NBA""]}",TRADABLE_YES_BID,1_MINUTE_CANDLE,available_at,CROSS,"{""id"":""entry_iti_stress"",""op"":""CROSS"",""period"":""Q4"",""price_e4"":7100}",REACH,"{""id"":""win_iti_stress"",""op"":""REACH"",""outcome"":""win"",""price_e4"":8500}",REACH,"{""id"":""loss_iti_stress"",""op"":""REACH"",""outcome"":""loss"",""price_e4"":4000}",HOLD_TO_SETTLEMENT,75d368edb0ad750c5bc7596a46abdf3fabdfd8d1471175a99677c2075fcaeeea,1.0.0,2026-09-13T06:28:48Z,1.0.0,1.0.0,1.0.0,2026-09-13T06:28:48Z,READY,30,19,7,0.633333,0.233333,1400,3100,0.451613,163.333333,416a2c883115f79ca748415171c8bd3a0ffbd6d264c3bd924f438a9db2c25078,candle_path_not_fill,UNAVAILABLE,UNAVAILABLE,UNAVAILABLE,NOT_COMPUTABLE,UNAVAILABLE
path_bands,MONTE_CARLO,base_decomposition,mode_b_week_2_p5,18273.160087,usd,mode_b,superasi_bdebase_v1.0.0,grade_config_v1,2026-09-13T12:02:58Z,913e87a7c8d04ab0af447be670cfcda2,ITI Stress Q4 CROSS 65 REACH 85 40 ITI-05__913e87a7,3766439c96a7dd20c1a357cc9d344f52bdbbe213fb68782d4349329b8cd85c22,d42a28ee37542cabb6f140ba345b132015584963589d3732b3115ed80806cad0,6a547a4c14bdf2904cb47931457dc625742ef8654207540831709bc1c93ea690,ITI Stress Q4 CROSS 65 REACH 85 40 ITI-05,NBA,NBA,2025-2026,2025-10-10,2025-10-31,"{""date_from"":""2025-10-10"",""date_to"":""2025-10-31"",""game_data"":[""pbp""],""leagues"":[""NBA""],""market_data"":[""candles""],""markets"":[""kalshi""],""seasons"":[""2025-2026""],""sports"":[""NBA""]}",TRADABLE_YES_BID,1_MINUTE_CANDLE,available_at,CROSS,"{""id"":""entry_iti_stress"",""op"":""CROSS"",""period"":""Q4"",""price_e4"":7100}",REACH,"{""id"":""win_iti_stress"",""op"":""REACH"",""outcome"":""win"",""price_e4"":8500}",REACH,"{""id"":""loss_iti_stress"",""op"":""REACH"",""outcome"":""loss"",""price_e4"":4000}",HOLD_TO_SETTLEMENT,75d368edb0ad750c5bc7596a46abdf3fabdfd8d1471175a99677c2075fcaeeea,1.0.0,2026-09-13T06:28:48Z,1.0.0,1.0.0,1.0.0,2026-09-13T06:28:48Z,READY,30,19,7,0.633333,0.233333,1400,3100,0.451613,163.333333,416a2c883115f79ca748415171c8bd3a0ffbd6d264c3bd924f438a9db2c25078,candle_path_not_fill,UNAVAILABLE,UNAVAILABLE,UNAVAILABLE,NOT_COMPUTABLE,UNAVAILABLE
path_bands,MONTE_CARLO,base_decomposition,mode_b_week_2_p25,19505.058520,usd,mode_b,superasi_bdebase_v1.0.0,grade_config_v1,2026-09-13T12:02:58Z,913e87a7c8d04ab0af447be670cfcda2,ITI Stress Q4 CROSS 65 REACH 85 40 ITI-05__913e87a7,3766439c96a7dd20c1a357cc9d344f52bdbbe213fb68782d4349329b8cd85c22,d42a28ee37542cabb6f140ba345b132015584963589d3732b3115ed80806cad0,6a547a4c14bdf2904cb47931457dc625742ef8654207540831709bc1c93ea690,ITI Stress Q4 CROSS 65 REACH 85 40 ITI-05,NBA,NBA,2025-2026,2025-10-10,2025-10-31,"{""date_from"":""2025-10-10"",""date_to"":""2025-10-31"",""game_data"":[""pbp""],""leagues"":[""NBA""],""market_data"":[""candles""],""markets"":[""kalshi""],""seasons"":[""2025-2026""],""sports"":[""NBA""]}",TRADABLE_YES_BID,1_MINUTE_CANDLE,available_at,CROSS,"{""id"":""entry_iti_stress"",""op"":""CROSS"",""period"":""Q4"",""price_e4"":7100}",REACH,"{""id"":""win_iti_stress"",""op"":""REACH"",""outcome"":""win"",""price_e4"":8500}",REACH,"{""id"":""loss_iti_stress"",""op"":""REACH"",""outcome"":""loss"",""price_e4"":4000}",HOLD_TO_SETTLEMENT,75d368edb0ad750c5bc7596a46abdf3fabdfd8d1471175a99677c2075fcaeeea,1.0.0,2026-09-13T06:28:48Z,1.0.0,1.0.0,1.0.0,2026-09-13T06:28:48Z,READY,30,19,7,0.633333,0.233333,1400,3100,0.451613,163.333333,416a2c883115f79ca748415171c8bd3a0ffbd6d264c3bd924f438a9db2c25078,candle_path_not_fill,UNAVAILABLE,UNAVAILABLE,UNAVAILABLE,NOT_COMPUTABLE,UNAVAILABLE
path_bands,MONTE_CARLO,base_decomposition,mode_b_week_2_p50,20736.956953,usd,mode_b,superasi_bdebase_v1.0.0,grade_config_v1,2026-09-13T12:02:58Z,913e87a7c8d04ab0af447be670cfcda2,ITI Stress Q4 CROSS 65 REACH 85 40 ITI-05__913e87a7,3766439c96a7dd20c1a357cc9d344f52bdbbe213fb68782d4349329b8cd85c22,d42a28ee37542cabb6f140ba345b132015584963589d3732b3115ed80806cad0,6a547a4c14bdf2904cb47931457dc625742ef8654207540831709bc1c93ea690,ITI Stress Q4 CROSS 65 REACH 85 40 ITI-05,NBA,NBA,2025-2026,2025-10-10,2025-10-31,"{""date_from"":""2025-10-10"",""date_to"":""2025-10-31"",""game_data"":[""pbp""],""leagues"":[""NBA""],""market_data"":[""candles""],""markets"":[""kalshi""],""seasons"":[""2025-2026""],""sports"":[""NBA""]}",TRADABLE_YES_BID,1_MINUTE_CANDLE,available_at,CROSS,"{""id"":""entry_iti_stress"",""op"":""CROSS"",""period"":""Q4"",""price_e4"":7100}",REACH,"{""id"":""win_iti_stress"",""op"":""REACH"",""outcome"":""win"",""price_e4"":8500}",REACH,"{""id"":""loss_iti_stress"",""op"":""REACH"",""outcome"":""loss"",""price_e4"":4000}",HOLD_TO_SETTLEMENT,75d368edb0ad750c5bc7596a46abdf3fabdfd8d1471175a99677c2075fcaeeea,1.0.0,2026-09-13T06:28:48Z,1.0.0,1.0.0,1.0.0,2026-09-13T06:28:48Z,READY,30,19,7,0.633333,0.233333,1400,3100,0.451613,163.333333,416a2c883115f79ca748415171c8bd3a0ffbd6d264c3bd924f438a9db2c25078,candle_path_not_fill,UNAVAILABLE,UNAVAILABLE,UNAVAILABLE,NOT_COMPUTABLE,UNAVAILABLE
path_bands,MONTE_CARLO,base_decomposition,mode_b_week_2_p75,21413.162071,usd,mode_b,superasi_bdebase_v1.0.0,grade_config_v1,2026-09-13T12:02:58Z,913e87a7c8d04ab0af447be670cfcda2,ITI Stress Q4 CROSS 65 REACH 85 40 ITI-05__913e87a7,3766439c96a7dd20c1a357cc9d344f52bdbbe213fb68782d4349329b8cd85c22,d42a28ee37542cabb6f140ba345b132015584963589d3732b3115ed80806cad0,6a547a4c14bdf2904cb47931457dc625742ef8654207540831709bc1c93ea690,ITI Stress Q4 CROSS 65 REACH 85 40 ITI-05,NBA,NBA,2025-2026,2025-10-10,2025-10-31,"{""date_from"":""2025-10-10"",""date_to"":""2025-10-31"",""game_data"":[""pbp""],""leagues"":[""NBA""],""market_data"":[""candles""],""markets"":[""kalshi""],""seasons"":[""2025-2026""],""sports"":[""NBA""]}",TRADABLE_YES_BID,1_MINUTE_CANDLE,available_at,CROSS,"{""id"":""entry_iti_stress"",""op"":""CROSS"",""period"":""Q4"",""price_e4"":7100}",REACH,"{""id"":""win_iti_stress"",""op"":""REACH"",""outcome"":""win"",""price_e4"":8500}",REACH,"{""id"":""loss_iti_stress"",""op"":""REACH"",""outcome"":""loss"",""price_e4"":4000}",HOLD_TO_SETTLEMENT,75d368edb0ad750c5bc7596a46abdf3fabdfd8d1471175a99677c2075fcaeeea,1.0.0,2026-09-13T06:28:48Z,1.0.0,1.0.0,1.0.0,2026-09-13T06:28:48Z,READY,30,19,7,0.633333,0.233333,1400,3100,0.451613,163.333333,416a2c883115f79ca748415171c8bd3a0ffbd6d264c3bd924f438a9db2c25078,candle_path_not_fill,UNAVAILABLE,UNAVAILABLE,UNAVAILABLE,NOT_COMPUTABLE,UNAVAILABLE
path_bands,MONTE_CARLO,base_decomposition,mode_b_week_2_p95,22745.487007,usd,mode_b,superasi_bdebase_v1.0.0,grade_config_v1,2026-09-13T12:02:58Z,913e87a7c8d04ab0af447be670cfcda2,ITI Stress Q4 CROSS 65 REACH 85 40 ITI-05__913e87a7,3766439c96a7dd20c1a357cc9d344f52bdbbe213fb68782d4349329b8cd85c22,d42a28ee37542cabb6f140ba345b132015584963589d3732b3115ed80806cad0,6a547a4c14bdf2904cb47931457dc625742ef8654207540831709bc1c93ea690,ITI Stress Q4 CROSS 65 REACH 85 40 ITI-05,NBA,NBA,2025-2026,2025-10-10,2025-10-31,"{""date_from"":""2025-10-10"",""date_to"":""2025-10-31"",""game_data"":[""pbp""],""leagues"":[""NBA""],""market_data"":[""candles""],""markets"":[""kalshi""],""seasons"":[""2025-2026""],""sports"":[""NBA""]}",TRADABLE_YES_BID,1_MINUTE_CANDLE,available_at,CROSS,"{""id"":""entry_iti_stress"",""op"":""CROSS"",""period"":""Q4"",""price_e4"":7100}",REACH,"{""id"":""win_iti_stress"",""op"":""REACH"",""outcome"":""win"",""price_e4"":8500}",REACH,"{""id"":""loss_iti_stress"",""op"":""REACH"",""outcome"":""loss"",""price_e4"":4000}",HOLD_TO_SETTLEMENT,75d368edb0ad750c5bc7596a46abdf3fabdfd8d1471175a99677c2075fcaeeea,1.0.0,2026-09-13T06:28:48Z,1.0.0,1.0.0,1.0.0,2026-09-13T06:28:48Z,READY,30,19,7,0.633333,0.233333,1400,3100,0.451613,163.333333,416a2c883115f79ca748415171c8bd3a0ffbd6d264c3bd924f438a9db2c25078,candle_path_not_fill,UNAVAILABLE,UNAVAILABLE,UNAVAILABLE,NOT_COMPUTABLE,UNAVAILABLE
path_bands,MONTE_CARLO,base_decomposition,mode_b_week_3_p5,18297.190153,usd,mode_b,superasi_bdebase_v1.0.0,grade_config_v1,2026-09-13T12:02:58Z,913e87a7c8d04ab0af447be670cfcda2,ITI Stress Q4 CROSS 65 REACH 85 40 ITI-05__913e87a7,3766439c96a7dd20c1a357cc9d344f52bdbbe213fb68782d4349329b8cd85c22,d42a28ee37542cabb6f140ba345b132015584963589d3732b3115ed80806cad0,6a547a4c14bdf2904cb47931457dc625742ef8654207540831709bc1c93ea690,ITI Stress Q4 CROSS 65 REACH 85 40 ITI-05,NBA,NBA,2025-2026,2025-10-10,2025-10-31,"{""date_from"":""2025-10-10"",""date_to"":""2025-10-31"",""game_data"":[""pbp""],""leagues"":[""NBA""],""market_data"":[""candles""],""markets"":[""kalshi""],""seasons"":[""2025-2026""],""sports"":[""NBA""]}",TRADABLE_YES_BID,1_MINUTE_CANDLE,available_at,CROSS,"{""id"":""entry_iti_stress"",""op"":""CROSS"",""period"":""Q4"",""price_e4"":7100}",REACH,"{""id"":""win_iti_stress"",""op"":""REACH"",""outcome"":""win"",""price_e4"":8500}",REACH,"{""id"":""loss_iti_stress"",""op"":""REACH"",""outcome"":""loss"",""price_e4"":4000}",HOLD_TO_SETTLEMENT,75d368edb0ad750c5bc7596a46abdf3fabdfd8d1471175a99677c2075fcaeeea,1.0.0,2026-09-13T06:28:48Z,1.0.0,1.0.0,1.0.0,2026-09-13T06:28:48Z,READY,30,19,7,0.633333,0.233333,1400,3100,0.451613,163.333333,416a2c883115f79ca748415171c8bd3a0ffbd6d264c3bd924f438a9db2c25078,candle_path_not_fill,UNAVAILABLE,UNAVAILABLE,UNAVAILABLE,NOT_COMPUTABLE,UNAVAILABLE
path_bands,MONTE_CARLO,base_decomposition,mode_b_week_3_p25,19573.738304,usd,mode_b,superasi_bdebase_v1.0.0,grade_config_v1,2026-09-13T12:02:58Z,913e87a7c8d04ab0af447be670cfcda2,ITI Stress Q4 CROSS 65 REACH 85 40 ITI-05__913e87a7,3766439c96a7dd20c1a357cc9d344f52bdbbe213fb68782d4349329b8cd85c22,d42a28ee37542cabb6f140ba345b132015584963589d3732b3115ed80806cad0,6a547a4c14bdf2904cb47931457dc625742ef8654207540831709bc1c93ea690,ITI Stress Q4 CROSS 65 REACH 85 40 ITI-05,NBA,NBA,2025-2026,2025-10-10,2025-10-31,"{""date_from"":""2025-10-10"",""date_to"":""2025-10-31"",""game_data"":[""pbp""],""leagues"":[""NBA""],""market_data"":[""candles""],""markets"":[""kalshi""],""seasons"":[""2025-2026""],""sports"":[""NBA""]}",TRADABLE_YES_BID,1_MINUTE_CANDLE,available_at,CROSS,"{""id"":""entry_iti_stress"",""op"":""CROSS"",""period"":""Q4"",""price_e4"":7100}",REACH,"{""id"":""win_iti_stress"",""op"":""REACH"",""outcome"":""win"",""price_e4"":8500}",REACH,"{""id"":""loss_iti_stress"",""op"":""REACH"",""outcome"":""loss"",""price_e4"":4000}",HOLD_TO_SETTLEMENT,75d368edb0ad750c5bc7596a46abdf3fabdfd8d1471175a99677c2075fcaeeea,1.0.0,2026-09-13T06:28:48Z,1.0.0,1.0.0,1.0.0,2026-09-13T06:28:48Z,READY,30,19,7,0.633333,0.233333,1400,3100,0.451613,163.333333,416a2c883115f79ca748415171c8bd3a0ffbd6d264c3bd924f438a9db2c25078,candle_path_not_fill,UNAVAILABLE,UNAVAILABLE,UNAVAILABLE,NOT_COMPUTABLE,UNAVAILABLE
path_bands,MONTE_CARLO,base_decomposition,mode_b_week_3_p50,20829.493924,usd,mode_b,superasi_bdebase_v1.0.0,grade_config_v1,2026-09-13T12:02:58Z,913e87a7c8d04ab0af447be670cfcda2,ITI Stress Q4 CROSS 65 REACH 85 40 ITI-05__913e87a7,3766439c96a7dd20c1a357cc9d344f52bdbbe213fb68782d4349329b8cd85c22,d42a28ee37542cabb6f140ba345b132015584963589d3732b3115ed80806cad0,6a547a4c14bdf2904cb47931457dc625742ef8654207540831709bc1c93ea690,ITI Stress Q4 CROSS 65 REACH 85 40 ITI-05,NBA,NBA,2025-2026,2025-10-10,2025-10-31,"{""date_from"":""2025-10-10"",""date_to"":""2025-10-31"",""game_data"":[""pbp""],""leagues"":[""NBA""],""market_data"":[""candles""],""markets"":[""kalshi""],""seasons"":[""2025-2026""],""sports"":[""NBA""]}",TRADABLE_YES_BID,1_MINUTE_CANDLE,available_at,CROSS,"{""id"":""entry_iti_stress"",""op"":""CROSS"",""period"":""Q4"",""price_e4"":7100}",REACH,"{""id"":""win_iti_stress"",""op"":""REACH"",""outcome"":""win"",""price_e4"":8500}",REACH,"{""id"":""loss_iti_stress"",""op"":""REACH"",""outcome"":""loss"",""price_e4"":4000}",HOLD_TO_SETTLEMENT,75d368edb0ad750c5bc7596a46abdf3fabdfd8d1471175a99677c2075fcaeeea,1.0.0,2026-09-13T06:28:48Z,1.0.0,1.0.0,1.0.0,2026-09-13T06:28:48Z,READY,30,19,7,0.633333,0.233333,1400,3100,0.451613,163.333333,416a2c883115f79ca748415171c8bd3a0ffbd6d264c3bd924f438a9db2c25078,candle_path_not_fill,UNAVAILABLE,UNAVAILABLE,UNAVAILABLE,NOT_COMPUTABLE,UNAVAILABLE
path_bands,MONTE_CARLO,base_decomposition,mode_b_week_3_p75,22104.769063,usd,mode_b,superasi_bdebase_v1.0.0,grade_config_v1,2026-09-13T12:02:58Z,913e87a7c8d04ab0af447be670cfcda2,ITI Stress Q4 CROSS 65 REACH 85 40 ITI-05__913e87a7,3766439c96a7dd20c1a357cc9d344f52bdbbe213fb68782d4349329b8cd85c22,d42a28ee37542cabb6f140ba345b132015584963589d3732b3115ed80806cad0,6a547a4c14bdf2904cb47931457dc625742ef8654207540831709bc1c93ea690,ITI Stress Q4 CROSS 65 REACH 85 40 ITI-05,NBA,NBA,2025-2026,2025-10-10,2025-10-31,"{""date_from"":""2025-10-10"",""date_to"":""2025-10-31"",""game_data"":[""pbp""],""leagues"":[""NBA""],""market_data"":[""candles""],""markets"":[""kalshi""],""seasons"":[""2025-2026""],""sports"":[""NBA""]}",TRADABLE_YES_BID,1_MINUTE_CANDLE,available_at,CROSS,"{""id"":""entry_iti_stress"",""op"":""CROSS"",""period"":""Q4"",""price_e4"":7100}",REACH,"{""id"":""win_iti_stress"",""op"":""REACH"",""outcome"":""win"",""price_e4"":8500}",REACH,"{""id"":""loss_iti_stress"",""op"":""REACH"",""outcome"":""loss"",""price_e4"":4000}",HOLD_TO_SETTLEMENT,75d368edb0ad750c5bc7596a46abdf3fabdfd8d1471175a99677c2075fcaeeea,1.0.0,2026-09-13T06:28:48Z,1.0.0,1.0.0,1.0.0,2026-09-13T06:28:48Z,READY,30,19,7,0.633333,0.233333,1400,3100,0.451613,163.333333,416a2c883115f79ca748415171c8bd3a0ffbd6d264c3bd924f438a9db2c25078,candle_path_not_fill,UNAVAILABLE,UNAVAILABLE,UNAVAILABLE,NOT_COMPUTABLE,UNAVAILABLE
path_bands,MONTE_CARLO,base_decomposition,mode_b_week_3_p95,23546.384436,usd,mode_b,superasi_bdebase_v1.0.0,grade_config_v1,2026-09-13T12:02:58Z,913e87a7c8d04ab0af447be670cfcda2,ITI Stress Q4 CROSS 65 REACH 85 40 ITI-05__913e87a7,3766439c96a7dd20c1a357cc9d344f52bdbbe213fb68782d4349329b8cd85c22,d42a28ee37542cabb6f140ba345b132015584963589d3732b3115ed80806cad0,6a547a4c14bdf2904cb47931457dc625742ef8654207540831709bc1c93ea690,ITI Stress Q4 CROSS 65 REACH 85 40 ITI-05,NBA,NBA,2025-2026,2025-10-10,2025-10-31,"{""date_from"":""2025-10-10"",""date_to"":""2025-10-31"",""game_data"":[""pbp""],""leagues"":[""NBA""],""market_data"":[""candles""],""markets"":[""kalshi""],""seasons"":[""2025-2026""],""sports"":[""NBA""]}",TRADABLE_YES_BID,1_MINUTE_CANDLE,available_at,CROSS,"{""id"":""entry_iti_stress"",""op"":""CROSS"",""period"":""Q4"",""price_e4"":7100}",REACH,"{""id"":""win_iti_stress"",""op"":""REACH"",""outcome"":""win"",""price_e4"":8500}",REACH,"{""id"":""loss_iti_stress"",""op"":""REACH"",""outcome"":""loss"",""price_e4"":4000}",HOLD_TO_SETTLEMENT,75d368edb0ad750c5bc7596a46abdf3fabdfd8d1471175a99677c2075fcaeeea,1.0.0,2026-09-13T06:28:48Z,1.0.0,1.0.0,1.0.0,2026-09-13T06:28:48Z,READY,30,19,7,0.633333,0.233333,1400,3100,0.451613,163.333333,416a2c883115f79ca748415171c8bd3a0ffbd6d264c3bd924f438a9db2c25078,candle_path_not_fill,UNAVAILABLE,UNAVAILABLE,UNAVAILABLE,NOT_COMPUTABLE,UNAVAILABLE
path_bands,MONTE_CARLO,base_decomposition,mode_b_week_4_p5,18176.295019,usd,mode_b,superasi_bdebase_v1.0.0,grade_config_v1,2026-09-13T12:02:58Z,913e87a7c8d04ab0af447be670cfcda2,ITI Stress Q4 CROSS 65 REACH 85 40 ITI-05__913e87a7,3766439c96a7dd20c1a357cc9d344f52bdbbe213fb68782d4349329b8cd85c22,d42a28ee37542cabb6f140ba345b132015584963589d3732b3115ed80806cad0,6a547a4c14bdf2904cb47931457dc625742ef8654207540831709bc1c93ea690,ITI Stress Q4 CROSS 65 REACH 85 40 ITI-05,NBA,NBA,2025-2026,2025-10-10,2025-10-31,"{""date_from"":""2025-10-10"",""date_to"":""2025-10-31"",""game_data"":[""pbp""],""leagues"":[""NBA""],""market_data"":[""candles""],""markets"":[""kalshi""],""seasons"":[""2025-2026""],""sports"":[""NBA""]}",TRADABLE_YES_BID,1_MINUTE_CANDLE,available_at,CROSS,"{""id"":""entry_iti_stress"",""op"":""CROSS"",""period"":""Q4"",""price_e4"":7100}",REACH,"{""id"":""win_iti_stress"",""op"":""REACH"",""outcome"":""win"",""price_e4"":8500}",REACH,"{""id"":""loss_iti_stress"",""op"":""REACH"",""outcome"":""loss"",""price_e4"":4000}",HOLD_TO_SETTLEMENT,75d368edb0ad750c5bc7596a46abdf3fabdfd8d1471175a99677c2075fcaeeea,1.0.0,2026-09-13T06:28:48Z,1.0.0,1.0.0,1.0.0,2026-09-13T06:28:48Z,READY,30,19,7,0.633333,0.233333,1400,3100,0.451613,163.333333,416a2c883115f79ca748415171c8bd3a0ffbd6d264c3bd924f438a9db2c25078,candle_path_not_fill,UNAVAILABLE,UNAVAILABLE,UNAVAILABLE,NOT_COMPUTABLE,UNAVAILABLE
path_bands,MONTE_CARLO,base_decomposition,mode_b_week_4_p25,19623.071669,usd,mode_b,superasi_bdebase_v1.0.0,grade_config_v1,2026-09-13T12:02:58Z,913e87a7c8d04ab0af447be670cfcda2,ITI Stress Q4 CROSS 65 REACH 85 40 ITI-05__913e87a7,3766439c96a7dd20c1a357cc9d344f52bdbbe213fb68782d4349329b8cd85c22,d42a28ee37542cabb6f140ba345b132015584963589d3732b3115ed80806cad0,6a547a4c14bdf2904cb47931457dc625742ef8654207540831709bc1c93ea690,ITI Stress Q4 CROSS 65 REACH 85 40 ITI-05,NBA,NBA,2025-2026,2025-10-10,2025-10-31,"{""date_from"":""2025-10-10"",""date_to"":""2025-10-31"",""game_data"":[""pbp""],""leagues"":[""NBA""],""market_data"":[""candles""],""markets"":[""kalshi""],""seasons"":[""2025-2026""],""sports"":[""NBA""]}",TRADABLE_YES_BID,1_MINUTE_CANDLE,available_at,CROSS,"{""id"":""entry_iti_stress"",""op"":""CROSS"",""period"":""Q4"",""price_e4"":7100}",REACH,"{""id"":""win_iti_stress"",""op"":""REACH"",""outcome"":""win"",""price_e4"":8500}",REACH,"{""id"":""loss_iti_stress"",""op"":""REACH"",""outcome"":""loss"",""price_e4"":4000}",HOLD_TO_SETTLEMENT,75d368edb0ad750c5bc7596a46abdf3fabdfd8d1471175a99677c2075fcaeeea,1.0.0,2026-09-13T06:28:48Z,1.0.0,1.0.0,1.0.0,2026-09-13T06:28:48Z,READY,30,19,7,0.633333,0.233333,1400,3100,0.451613,163.333333,416a2c883115f79ca748415171c8bd3a0ffbd6d264c3bd924f438a9db2c25078,candle_path_not_fill,UNAVAILABLE,UNAVAILABLE,UNAVAILABLE,NOT_COMPUTABLE,UNAVAILABLE
path_bands,MONTE_CARLO,base_decomposition,mode_b_week_4_p50,20902.837213,usd,mode_b,superasi_bdebase_v1.0.0,grade_config_v1,2026-09-13T12:02:58Z,913e87a7c8d04ab0af447be670cfcda2,ITI Stress Q4 CROSS 65 REACH 85 40 ITI-05__913e87a7,3766439c96a7dd20c1a357cc9d344f52bdbbe213fb68782d4349329b8cd85c22,d42a28ee37542cabb6f140ba345b132015584963589d3732b3115ed80806cad0,6a547a4c14bdf2904cb47931457dc625742ef8654207540831709bc1c93ea690,ITI Stress Q4 CROSS 65 REACH 85 40 ITI-05,NBA,NBA,2025-2026,2025-10-10,2025-10-31,"{""date_from"":""2025-10-10"",""date_to"":""2025-10-31"",""game_data"":[""pbp""],""leagues"":[""NBA""],""market_data"":[""candles""],""markets"":[""kalshi""],""seasons"":[""2025-2026""],""sports"":[""NBA""]}",TRADABLE_YES_BID,1_MINUTE_CANDLE,available_at,CROSS,"{""id"":""entry_iti_stress"",""op"":""CROSS"",""period"":""Q4"",""price_e4"":7100}",REACH,"{""id"":""win_iti_stress"",""op"":""REACH"",""outcome"":""win"",""price_e4"":8500}",REACH,"{""id"":""loss_iti_stress"",""op"":""REACH"",""outcome"":""loss"",""price_e4"":4000}",HOLD_TO_SETTLEMENT,75d368edb0ad750c5bc7596a46abdf3fabdfd8d1471175a99677c2075fcaeeea,1.0.0,2026-09-13T06:28:48Z,1.0.0,1.0.0,1.0.0,2026-09-13T06:28:48Z,READY,30,19,7,0.633333,0.233333,1400,3100,0.451613,163.333333,416a2c883115f79ca748415171c8bd3a0ffbd6d264c3bd924f438a9db2c25078,candle_path_not_fill,UNAVAILABLE,UNAVAILABLE,UNAVAILABLE,NOT_COMPUTABLE,UNAVAILABLE
path_bands,MONTE_CARLO,base_decomposition,mode_b_week_4_p75,22245.199984,usd,mode_b,superasi_bdebase_v1.0.0,grade_config_v1,2026-09-13T12:02:58Z,913e87a7c8d04ab0af447be670cfcda2,ITI Stress Q4 CROSS 65 REACH 85 40 ITI-05__913e87a7,3766439c96a7dd20c1a357cc9d344f52bdbbe213fb68782d4349329b8cd85c22,d42a28ee37542cabb6f140ba345b132015584963589d3732b3115ed80806cad0,6a547a4c14bdf2904cb47931457dc625742ef8654207540831709bc1c93ea690,ITI Stress Q4 CROSS 65 REACH 85 40 ITI-05,NBA,NBA,2025-2026,2025-10-10,2025-10-31,"{""date_from"":""2025-10-10"",""date_to"":""2025-10-31"",""game_data"":[""pbp""],""leagues"":[""NBA""],""market_data"":[""candles""],""markets"":[""kalshi""],""seasons"":[""2025-2026""],""sports"":[""NBA""]}",TRADABLE_YES_BID,1_MINUTE_CANDLE,available_at,CROSS,"{""id"":""entry_iti_stress"",""op"":""CROSS"",""period"":""Q4"",""price_e4"":7100}",REACH,"{""id"":""win_iti_stress"",""op"":""REACH"",""outcome"":""win"",""price_e4"":8500}",REACH,"{""id"":""loss_iti_stress"",""op"":""REACH"",""outcome"":""loss"",""price_e4"":4000}",HOLD_TO_SETTLEMENT,75d368edb0ad750c5bc7596a46abdf3fabdfd8d1471175a99677c2075fcaeeea,1.0.0,2026-09-13T06:28:48Z,1.0.0,1.0.0,1.0.0,2026-09-13T06:28:48Z,READY,30,19,7,0.633333,0.233333,1400,3100,0.451613,163.333333,416a2c883115f79ca748415171c8bd3a0ffbd6d264c3bd924f438a9db2c25078,candle_path_not_fill,UNAVAILABLE,UNAVAILABLE,UNAVAILABLE,NOT_COMPUTABLE,UNAVAILABLE
path_bands,MONTE_CARLO,base_decomposition,mode_b_week_4_p95,24352.639983,usd,mode_b,superasi_bdebase_v1.0.0,grade_config_v1,2026-09-13T12:02:58Z,913e87a7c8d04ab0af447be670cfcda2,ITI Stress Q4 CROSS 65 REACH 85 40 ITI-05__913e87a7,3766439c96a7dd20c1a357cc9d344f52bdbbe213fb68782d4349329b8cd85c22,d42a28ee37542cabb6f140ba345b132015584963589d3732b3115ed80806cad0,6a547a4c14bdf2904cb47931457dc625742ef8654207540831709bc1c93ea690,ITI Stress Q4 CROSS 65 REACH 85 40 ITI-05,NBA,NBA,2025-2026,2025-10-10,2025-10-31,"{""date_from"":""2025-10-10"",""date_to"":""2025-10-31"",""game_data"":[""pbp""],""leagues"":[""NBA""],""market_data"":[""candles""],""markets"":[""kalshi""],""seasons"":[""2025-2026""],""sports"":[""NBA""]}",TRADABLE_YES_BID,1_MINUTE_CANDLE,available_at,CROSS,"{""id"":""entry_iti_stress"",""op"":""CROSS"",""period"":""Q4"",""price_e4"":7100}",REACH,"{""id"":""win_iti_stress"",""op"":""REACH"",""outcome"":""win"",""price_e4"":8500}",REACH,"{""id"":""loss_iti_stress"",""op"":""REACH"",""outcome"":""loss"",""price_e4"":4000}",HOLD_TO_SETTLEMENT,75d368edb0ad750c5bc7596a46abdf3fabdfd8d1471175a99677c2075fcaeeea,1.0.0,2026-09-13T06:28:48Z,1.0.0,1.0.0,1.0.0,2026-09-13T06:28:48Z,READY,30,19,7,0.633333,0.233333,1400,3100,0.451613,163.333333,416a2c883115f79ca748415171c8bd3a0ffbd6d264c3bd924f438a9db2c25078,candle_path_not_fill,UNAVAILABLE,UNAVAILABLE,UNAVAILABLE,NOT_COMPUTABLE,UNAVAILABLE
path_bands,MONTE_CARLO,base_decomposition,mode_b_week_5_p5,17865.868513,usd,mode_b,superasi_bdebase_v1.0.0,grade_config_v1,2026-09-13T12:02:58Z,913e87a7c8d04ab0af447be670cfcda2,ITI Stress Q4 CROSS 65 REACH 85 40 ITI-05__913e87a7,3766439c96a7dd20c1a357cc9d344f52bdbbe213fb68782d4349329b8cd85c22,d42a28ee37542cabb6f140ba345b132015584963589d3732b3115ed80806cad0,6a547a4c14bdf2904cb47931457dc625742ef8654207540831709bc1c93ea690,ITI Stress Q4 CROSS 65 REACH 85 40 ITI-05,NBA,NBA,2025-2026,2025-10-10,2025-10-31,"{""date_from"":""2025-10-10"",""date_to"":""2025-10-31"",""game_data"":[""pbp""],""leagues"":[""NBA""],""market_data"":[""candles""],""markets"":[""kalshi""],""seasons"":[""2025-2026""],""sports"":[""NBA""]}",TRADABLE_YES_BID,1_MINUTE_CANDLE,available_at,CROSS,"{""id"":""entry_iti_stress"",""op"":""CROSS"",""period"":""Q4"",""price_e4"":7100}",REACH,"{""id"":""win_iti_stress"",""op"":""REACH"",""outcome"":""win"",""price_e4"":8500}",REACH,"{""id"":""loss_iti_stress"",""op"":""REACH"",""outcome"":""loss"",""price_e4"":4000}",HOLD_TO_SETTLEMENT,75d368edb0ad750c5bc7596a46abdf3fabdfd8d1471175a99677c2075fcaeeea,1.0.0,2026-09-13T06:28:48Z,1.0.0,1.0.0,1.0.0,2026-09-13T06:28:48Z,READY,30,19,7,0.633333,0.233333,1400,3100,0.451613,163.333333,416a2c883115f79ca748415171c8bd3a0ffbd6d264c3bd924f438a9db2c25078,candle_path_not_fill,UNAVAILABLE,UNAVAILABLE,UNAVAILABLE,NOT_COMPUTABLE,UNAVAILABLE
path_bands,MONTE_CARLO,base_decomposition,mode_b_week_5_p25,19711.824213,usd,mode_b,superasi_bdebase_v1.0.0,grade_config_v1,2026-09-13T12:02:58Z,913e87a7c8d04ab0af447be670cfcda2,ITI Stress Q4 CROSS 65 REACH 85 40 ITI-05__913e87a7,3766439c96a7dd20c1a357cc9d344f52bdbbe213fb68782d4349329b8cd85c22,d42a28ee37542cabb6f140ba345b132015584963589d3732b3115ed80806cad0,6a547a4c14bdf2904cb47931457dc625742ef8654207540831709bc1c93ea690,ITI Stress Q4 CROSS 65 REACH 85 40 ITI-05,NBA,NBA,2025-2026,2025-10-10,2025-10-31,"{""date_from"":""2025-10-10"",""date_to"":""2025-10-31"",""game_data"":[""pbp""],""leagues"":[""NBA""],""market_data"":[""candles""],""markets"":[""kalshi""],""seasons"":[""2025-2026""],""sports"":[""NBA""]}",TRADABLE_YES_BID,1_MINUTE_CANDLE,available_at,CROSS,"{""id"":""entry_iti_stress"",""op"":""CROSS"",""period"":""Q4"",""price_e4"":7100}",REACH,"{""id"":""win_iti_stress"",""op"":""REACH"",""outcome"":""win"",""price_e4"":8500}",REACH,"{""id"":""loss_iti_stress"",""op"":""REACH"",""outcome"":""loss"",""price_e4"":4000}",HOLD_TO_SETTLEMENT,75d368edb0ad750c5bc7596a46abdf3fabdfd8d1471175a99677c2075fcaeeea,1.0.0,2026-09-13T06:28:48Z,1.0.0,1.0.0,1.0.0,2026-09-13T06:28:48Z,READY,30,19,7,0.633333,0.233333,1400,3100,0.451613,163.333333,416a2c883115f79ca748415171c8bd3a0ffbd6d264c3bd924f438a9db2c25078,candle_path_not_fill,UNAVAILABLE,UNAVAILABLE,UNAVAILABLE,NOT_COMPUTABLE,UNAVAILABLE
path_bands,MONTE_CARLO,base_decomposition,mode_b_week_5_p50,21532.339875,usd,mode_b,superasi_bdebase_v1.0.0,grade_config_v1,2026-09-13T12:02:58Z,913e87a7c8d04ab0af447be670cfcda2,ITI Stress Q4 CROSS 65 REACH 85 40 ITI-05__913e87a7,3766439c96a7dd20c1a357cc9d344f52bdbbe213fb68782d4349329b8cd85c22,d42a28ee37542cabb6f140ba345b132015584963589d3732b3115ed80806cad0,6a547a4c14bdf2904cb47931457dc625742ef8654207540831709bc1c93ea690,ITI Stress Q4 CROSS 65 REACH 85 40 ITI-05,NBA,NBA,2025-2026,2025-10-10,2025-10-31,"{""date_from"":""2025-10-10"",""date_to"":""2025-10-31"",""game_data"":[""pbp""],""leagues"":[""NBA""],""market_data"":[""candles""],""markets"":[""kalshi""],""seasons"":[""2025-2026""],""sports"":[""NBA""]}",TRADABLE_YES_BID,1_MINUTE_CANDLE,available_at,CROSS,"{""id"":""entry_iti_stress"",""op"":""CROSS"",""period"":""Q4"",""price_e4"":7100}",REACH,"{""id"":""win_iti_stress"",""op"":""REACH"",""outcome"":""win"",""price_e4"":8500}",REACH,"{""id"":""loss_iti_stress"",""op"":""REACH"",""outcome"":""loss"",""price_e4"":4000}",HOLD_TO_SETTLEMENT,75d368edb0ad750c5bc7596a46abdf3fabdfd8d1471175a99677c2075fcaeeea,1.0.0,2026-09-13T06:28:48Z,1.0.0,1.0.0,1.0.0,2026-09-13T06:28:48Z,READY,30,19,7,0.633333,0.233333,1400,3100,0.451613,163.333333,416a2c883115f79ca748415171c8bd3a0ffbd6d264c3bd924f438a9db2c25078,candle_path_not_fill,UNAVAILABLE,UNAVAILABLE,UNAVAILABLE,NOT_COMPUTABLE,UNAVAILABLE
path_bands,MONTE_CARLO,base_decomposition,mode_b_week_5_p75,22942.160835,usd,mode_b,superasi_bdebase_v1.0.0,grade_config_v1,2026-09-13T12:02:58Z,913e87a7c8d04ab0af447be670cfcda2,ITI Stress Q4 CROSS 65 REACH 85 40 ITI-05__913e87a7,3766439c96a7dd20c1a357cc9d344f52bdbbe213fb68782d4349329b8cd85c22,d42a28ee37542cabb6f140ba345b132015584963589d3732b3115ed80806cad0,6a547a4c14bdf2904cb47931457dc625742ef8654207540831709bc1c93ea690,ITI Stress Q4 CROSS 65 REACH 85 40 ITI-05,NBA,NBA,2025-2026,2025-10-10,2025-10-31,"{""date_from"":""2025-10-10"",""date_to"":""2025-10-31"",""game_data"":[""pbp""],""leagues"":[""NBA""],""market_data"":[""candles""],""markets"":[""kalshi""],""seasons"":[""2025-2026""],""sports"":[""NBA""]}",TRADABLE_YES_BID,1_MINUTE_CANDLE,available_at,CROSS,"{""id"":""entry_iti_stress"",""op"":""CROSS"",""period"":""Q4"",""price_e4"":7100}",REACH,"{""id"":""win_iti_stress"",""op"":""REACH"",""outcome"":""win"",""price_e4"":8500}",REACH,"{""id"":""loss_iti_stress"",""op"":""REACH"",""outcome"":""loss"",""price_e4"":4000}",HOLD_TO_SETTLEMENT,75d368edb0ad750c5bc7596a46abdf3fabdfd8d1471175a99677c2075fcaeeea,1.0.0,2026-09-13T06:28:48Z,1.0.0,1.0.0,1.0.0,2026-09-13T06:28:48Z,READY,30,19,7,0.633333,0.233333,1400,3100,0.451613,163.333333,416a2c883115f79ca748415171c8bd3a0ffbd6d264c3bd924f438a9db2c25078,candle_path_not_fill,UNAVAILABLE,UNAVAILABLE,UNAVAILABLE,NOT_COMPUTABLE,UNAVAILABLE
path_bands,MONTE_CARLO,base_decomposition,mode_b_week_5_p95,25161.385921,usd,mode_b,superasi_bdebase_v1.0.0,grade_config_v1,2026-09-13T12:02:58Z,913e87a7c8d04ab0af447be670cfcda2,ITI Stress Q4 CROSS 65 REACH 85 40 ITI-05__913e87a7,3766439c96a7dd20c1a357cc9d344f52bdbbe213fb68782d4349329b8cd85c22,d42a28ee37542cabb6f140ba345b132015584963589d3732b3115ed80806cad0,6a547a4c14bdf2904cb47931457dc625742ef8654207540831709bc1c93ea690,ITI Stress Q4 CROSS 65 REACH 85 40 ITI-05,NBA,NBA,2025-2026,2025-10-10,2025-10-31,"{""date_from"":""2025-10-10"",""date_to"":""2025-10-31"",""game_data"":[""pbp""],""leagues"":[""NBA""],""market_data"":[""candles""],""markets"":[""kalshi""],""seasons"":[""2025-2026""],""sports"":[""NBA""]}",TRADABLE_YES_BID,1_MINUTE_CANDLE,available_at,CROSS,"{""id"":""entry_iti_stress"",""op"":""CROSS"",""period"":""Q4"",""price_e4"":7100}",REACH,"{""id"":""win_iti_stress"",""op"":""REACH"",""outcome"":""win"",""price_e4"":8500}",REACH,"{""id"":""loss_iti_stress"",""op"":""REACH"",""outcome"":""loss"",""price_e4"":4000}",HOLD_TO_SETTLEMENT,75d368edb0ad750c5bc7596a46abdf3fabdfd8d1471175a99677c2075fcaeeea,1.0.0,2026-09-13T06:28:48Z,1.0.0,1.0.0,1.0.0,2026-09-13T06:28:48Z,READY,30,19,7,0.633333,0.233333,1400,3100,0.451613,163.333333,416a2c883115f79ca748415171c8bd3a0ffbd6d264c3bd924f438a9db2c25078,candle_path_not_fill,UNAVAILABLE,UNAVAILABLE,UNAVAILABLE,NOT_COMPUTABLE,UNAVAILABLE
path_bands,MONTE_CARLO,base_decomposition,mode_b_week_6_p5,17889.362972,usd,mode_b,superasi_bdebase_v1.0.0,grade_config_v1,2026-09-13T12:02:58Z,913e87a7c8d04ab0af447be670cfcda2,ITI Stress Q4 CROSS 65 REACH 85 40 ITI-05__913e87a7,3766439c96a7dd20c1a357cc9d344f52bdbbe213fb68782d4349329b8cd85c22,d42a28ee37542cabb6f140ba345b132015584963589d3732b3115ed80806cad0,6a547a4c14bdf2904cb47931457dc625742ef8654207540831709bc1c93ea690,ITI Stress Q4 CROSS 65 REACH 85 40 ITI-05,NBA,NBA,2025-2026,2025-10-10,2025-10-31,"{""date_from"":""2025-10-10"",""date_to"":""2025-10-31"",""game_data"":[""pbp""],""leagues"":[""NBA""],""market_data"":[""candles""],""markets"":[""kalshi""],""seasons"":[""2025-2026""],""sports"":[""NBA""]}",TRADABLE_YES_BID,1_MINUTE_CANDLE,available_at,CROSS,"{""id"":""entry_iti_stress"",""op"":""CROSS"",""period"":""Q4"",""price_e4"":7100}",REACH,"{""id"":""win_iti_stress"",""op"":""REACH"",""outcome"":""win"",""price_e4"":8500}",REACH,"{""id"":""loss_iti_stress"",""op"":""REACH"",""outcome"":""loss"",""price_e4"":4000}",HOLD_TO_SETTLEMENT,75d368edb0ad750c5bc7596a46abdf3fabdfd8d1471175a99677c2075fcaeeea,1.0.0,2026-09-13T06:28:48Z,1.0.0,1.0.0,1.0.0,2026-09-13T06:28:48Z,READY,30,19,7,0.633333,0.233333,1400,3100,0.451613,163.333333,416a2c883115f79ca748415171c8bd3a0ffbd6d264c3bd924f438a9db2c25078,candle_path_not_fill,UNAVAILABLE,UNAVAILABLE,UNAVAILABLE,NOT_COMPUTABLE,UNAVAILABLE
path_bands,MONTE_CARLO,base_decomposition,mode_b_week_6_p25,20202.591402,usd,mode_b,superasi_bdebase_v1.0.0,grade_config_v1,2026-09-13T12:02:58Z,913e87a7c8d04ab0af447be670cfcda2,ITI Stress Q4 CROSS 65 REACH 85 40 ITI-05__913e87a7,3766439c96a7dd20c1a357cc9d344f52bdbbe213fb68782d4349329b8cd85c22,d42a28ee37542cabb6f140ba345b132015584963589d3732b3115ed80806cad0,6a547a4c14bdf2904cb47931457dc625742ef8654207540831709bc1c93ea690,ITI Stress Q4 CROSS 65 REACH 85 40 ITI-05,NBA,NBA,2025-2026,2025-10-10,2025-10-31,"{""date_from"":""2025-10-10"",""date_to"":""2025-10-31"",""game_data"":[""pbp""],""leagues"":[""NBA""],""market_data"":[""candles""],""markets"":[""kalshi""],""seasons"":[""2025-2026""],""sports"":[""NBA""]}",TRADABLE_YES_BID,1_MINUTE_CANDLE,available_at,CROSS,"{""id"":""entry_iti_stress"",""op"":""CROSS"",""period"":""Q4"",""price_e4"":7100}",REACH,"{""id"":""win_iti_stress"",""op"":""REACH"",""outcome"":""win"",""price_e4"":8500}",REACH,"{""id"":""loss_iti_stress"",""op"":""REACH"",""outcome"":""loss"",""price_e4"":4000}",HOLD_TO_SETTLEMENT,75d368edb0ad750c5bc7596a46abdf3fabdfd8d1471175a99677c2075fcaeeea,1.0.0,2026-09-13T06:28:48Z,1.0.0,1.0.0,1.0.0,2026-09-13T06:28:48Z,READY,30,19,7,0.633333,0.233333,1400,3100,0.451613,163.333333,416a2c883115f79ca748415171c8bd3a0ffbd6d264c3bd924f438a9db2c25078,candle_path_not_fill,UNAVAILABLE,UNAVAILABLE,UNAVAILABLE,NOT_COMPUTABLE,UNAVAILABLE
path_bands,MONTE_CARLO,base_decomposition,mode_b_week_6_p50,21650.016222,usd,mode_b,superasi_bdebase_v1.0.0,grade_config_v1,2026-09-13T12:02:58Z,913e87a7c8d04ab0af447be670cfcda2,ITI Stress Q4 CROSS 65 REACH 85 40 ITI-05__913e87a7,3766439c96a7dd20c1a357cc9d344f52bdbbe213fb68782d4349329b8cd85c22,d42a28ee37542cabb6f140ba345b132015584963589d3732b3115ed80806cad0,6a547a4c14bdf2904cb47931457dc625742ef8654207540831709bc1c93ea690,ITI Stress Q4 CROSS 65 REACH 85 40 ITI-05,NBA,NBA,2025-2026,2025-10-10,2025-10-31,"{""date_from"":""2025-10-10"",""date_to"":""2025-10-31"",""game_data"":[""pbp""],""leagues"":[""NBA""],""market_data"":[""candles""],""markets"":[""kalshi""],""seasons"":[""2025-2026""],""sports"":[""NBA""]}",TRADABLE_YES_BID,1_MINUTE_CANDLE,available_at,CROSS,"{""id"":""entry_iti_stress"",""op"":""CROSS"",""period"":""Q4"",""price_e4"":7100}",REACH,"{""id"":""win_iti_stress"",""op"":""REACH"",""outcome"":""win"",""price_e4"":8500}",REACH,"{""id"":""loss_iti_stress"",""op"":""REACH"",""outcome"":""loss"",""price_e4"":4000}",HOLD_TO_SETTLEMENT,75d368edb0ad750c5bc7596a46abdf3fabdfd8d1471175a99677c2075fcaeeea,1.0.0,2026-09-13T06:28:48Z,1.0.0,1.0.0,1.0.0,2026-09-13T06:28:48Z,READY,30,19,7,0.633333,0.233333,1400,3100,0.451613,163.333333,416a2c883115f79ca748415171c8bd3a0ffbd6d264c3bd924f438a9db2c25078,candle_path_not_fill,UNAVAILABLE,UNAVAILABLE,UNAVAILABLE,NOT_COMPUTABLE,UNAVAILABLE
path_bands,MONTE_CARLO,base_decomposition,mode_b_week_6_p75,23086.522324,usd,mode_b,superasi_bdebase_v1.0.0,grade_config_v1,2026-09-13T12:02:58Z,913e87a7c8d04ab0af447be670cfcda2,ITI Stress Q4 CROSS 65 REACH 85 40 ITI-05__913e87a7,3766439c96a7dd20c1a357cc9d344f52bdbbe213fb68782d4349329b8cd85c22,d42a28ee37542cabb6f140ba345b132015584963589d3732b3115ed80806cad0,6a547a4c14bdf2904cb47931457dc625742ef8654207540831709bc1c93ea690,ITI Stress Q4 CROSS 65 REACH 85 40 ITI-05,NBA,NBA,2025-2026,2025-10-10,2025-10-31,"{""date_from"":""2025-10-10"",""date_to"":""2025-10-31"",""game_data"":[""pbp""],""leagues"":[""NBA""],""market_data"":[""candles""],""markets"":[""kalshi""],""seasons"":[""2025-2026""],""sports"":[""NBA""]}",TRADABLE_YES_BID,1_MINUTE_CANDLE,available_at,CROSS,"{""id"":""entry_iti_stress"",""op"":""CROSS"",""period"":""Q4"",""price_e4"":7100}",REACH,"{""id"":""win_iti_stress"",""op"":""REACH"",""outcome"":""win"",""price_e4"":8500}",REACH,"{""id"":""loss_iti_stress"",""op"":""REACH"",""outcome"":""loss"",""price_e4"":4000}",HOLD_TO_SETTLEMENT,75d368edb0ad750c5bc7596a46abdf3fabdfd8d1471175a99677c2075fcaeeea,1.0.0,2026-09-13T06:28:48Z,1.0.0,1.0.0,1.0.0,2026-09-13T06:28:48Z,READY,30,19,7,0.633333,0.233333,1400,3100,0.451613,163.333333,416a2c883115f79ca748415171c8bd3a0ffbd6d264c3bd924f438a9db2c25078,candle_path_not_fill,UNAVAILABLE,UNAVAILABLE,UNAVAILABLE,NOT_COMPUTABLE,UNAVAILABLE
path_bands,MONTE_CARLO,base_decomposition,mode_b_week_6_p95,25344.986465,usd,mode_b,superasi_bdebase_v1.0.0,grade_config_v1,2026-09-13T12:02:58Z,913e87a7c8d04ab0af447be670cfcda2,ITI Stress Q4 CROSS 65 REACH 85 40 ITI-05__913e87a7,3766439c96a7dd20c1a357cc9d344f52bdbbe213fb68782d4349329b8cd85c22,d42a28ee37542cabb6f140ba345b132015584963589d3732b3115ed80806cad0,6a547a4c14bdf2904cb47931457dc625742ef8654207540831709bc1c93ea690,ITI Stress Q4 CROSS 65 REACH 85 40 ITI-05,NBA,NBA,2025-2026,2025-10-10,2025-10-31,"{""date_from"":""2025-10-10"",""date_to"":""2025-10-31"",""game_data"":[""pbp""],""leagues"":[""NBA""],""market_data"":[""candles""],""markets"":[""kalshi""],""seasons"":[""2025-2026""],""sports"":[""NBA""]}",TRADABLE_YES_BID,1_MINUTE_CANDLE,available_at,CROSS,"{""id"":""entry_iti_stress"",""op"":""CROSS"",""period"":""Q4"",""price_e4"":7100}",REACH,"{""id"":""win_iti_stress"",""op"":""REACH"",""outcome"":""win"",""price_e4"":8500}",REACH,"{""id"":""loss_iti_stress"",""op"":""REACH"",""outcome"":""loss"",""price_e4"":4000}",HOLD_TO_SETTLEMENT,75d368edb0ad750c5bc7596a46abdf3fabdfd8d1471175a99677c2075fcaeeea,1.0.0,2026-09-13T06:28:48Z,1.0.0,1.0.0,1.0.0,2026-09-13T06:28:48Z,READY,30,19,7,0.633333,0.233333,1400,3100,0.451613,163.333333,416a2c883115f79ca748415171c8bd3a0ffbd6d264c3bd924f438a9db2c25078,candle_path_not_fill,UNAVAILABLE,UNAVAILABLE,UNAVAILABLE,NOT_COMPUTABLE,UNAVAILABLE
path_bands,MONTE_CARLO,base_decomposition,mode_b_week_7_p5,17901.082761,usd,mode_b,superasi_bdebase_v1.0.0,grade_config_v1,2026-09-13T12:02:58Z,913e87a7c8d04ab0af447be670cfcda2,ITI Stress Q4 CROSS 65 REACH 85 40 ITI-05__913e87a7,3766439c96a7dd20c1a357cc9d344f52bdbbe213fb68782d4349329b8cd85c22,d42a28ee37542cabb6f140ba345b132015584963589d3732b3115ed80806cad0,6a547a4c14bdf2904cb47931457dc625742ef8654207540831709bc1c93ea690,ITI Stress Q4 CROSS 65 REACH 85 40 ITI-05,NBA,NBA,2025-2026,2025-10-10,2025-10-31,"{""date_from"":""2025-10-10"",""date_to"":""2025-10-31"",""game_data"":[""pbp""],""leagues"":[""NBA""],""market_data"":[""candles""],""markets"":[""kalshi""],""seasons"":[""2025-2026""],""sports"":[""NBA""]}",TRADABLE_YES_BID,1_MINUTE_CANDLE,available_at,CROSS,"{""id"":""entry_iti_stress"",""op"":""CROSS"",""period"":""Q4"",""price_e4"":7100}",REACH,"{""id"":""win_iti_stress"",""op"":""REACH"",""outcome"":""win"",""price_e4"":8500}",REACH,"{""id"":""loss_iti_stress"",""op"":""REACH"",""outcome"":""loss"",""price_e4"":4000}",HOLD_TO_SETTLEMENT,75d368edb0ad750c5bc7596a46abdf3fabdfd8d1471175a99677c2075fcaeeea,1.0.0,2026-09-13T06:28:48Z,1.0.0,1.0.0,1.0.0,2026-09-13T06:28:48Z,READY,30,19,7,0.633333,0.233333,1400,3100,0.451613,163.333333,416a2c883115f79ca748415171c8bd3a0ffbd6d264c3bd924f438a9db2c25078,candle_path_not_fill,UNAVAILABLE,UNAVAILABLE,UNAVAILABLE,NOT_COMPUTABLE,UNAVAILABLE
path_bands,MONTE_CARLO,base_decomposition,mode_b_week_7_p25,20310.663228,usd,mode_b,superasi_bdebase_v1.0.0,grade_config_v1,2026-09-13T12:02:58Z,913e87a7c8d04ab0af447be670cfcda2,ITI Stress Q4 CROSS 65 REACH 85 40 ITI-05__913e87a7,3766439c96a7dd20c1a357cc9d344f52bdbbe213fb68782d4349329b8cd85c22,d42a28ee37542cabb6f140ba345b132015584963589d3732b3115ed80806cad0,6a547a4c14bdf2904cb47931457dc625742ef8654207540831709bc1c93ea690,ITI Stress Q4 CROSS 65 REACH 85 40 ITI-05,NBA,NBA,2025-2026,2025-10-10,2025-10-31,"{""date_from"":""2025-10-10"",""date_to"":""2025-10-31"",""game_data"":[""pbp""],""leagues"":[""NBA""],""market_data"":[""candles""],""markets"":[""kalshi""],""seasons"":[""2025-2026""],""sports"":[""NBA""]}",TRADABLE_YES_BID,1_MINUTE_CANDLE,available_at,CROSS,"{""id"":""entry_iti_stress"",""op"":""CROSS"",""period"":""Q4"",""price_e4"":7100}",REACH,"{""id"":""win_iti_stress"",""op"":""REACH"",""outcome"":""win"",""price_e4"":8500}",REACH,"{""id"":""loss_iti_stress"",""op"":""REACH"",""outcome"":""loss"",""price_e4"":4000}",HOLD_TO_SETTLEMENT,75d368edb0ad750c5bc7596a46abdf3fabdfd8d1471175a99677c2075fcaeeea,1.0.0,2026-09-13T06:28:48Z,1.0.0,1.0.0,1.0.0,2026-09-13T06:28:48Z,READY,30,19,7,0.633333,0.233333,1400,3100,0.451613,163.333333,416a2c883115f79ca748415171c8bd3a0ffbd6d264c3bd924f438a9db2c25078,candle_path_not_fill,UNAVAILABLE,UNAVAILABLE,UNAVAILABLE,NOT_COMPUTABLE,UNAVAILABLE
path_bands,MONTE_CARLO,base_decomposition,mode_b_week_7_p50,21749.375372,usd,mode_b,superasi_bdebase_v1.0.0,grade_config_v1,2026-09-13T12:02:58Z,913e87a7c8d04ab0af447be670cfcda2,ITI Stress Q4 CROSS 65 REACH 85 40 ITI-05__913e87a7,3766439c96a7dd20c1a357cc9d344f52bdbbe213fb68782d4349329b8cd85c22,d42a28ee37542cabb6f140ba345b132015584963589d3732b3115ed80806cad0,6a547a4c14bdf2904cb47931457dc625742ef8654207540831709bc1c93ea690,ITI Stress Q4 CROSS 65 REACH 85 40 ITI-05,NBA,NBA,2025-2026,2025-10-10,2025-10-31,"{""date_from"":""2025-10-10"",""date_to"":""2025-10-31"",""game_data"":[""pbp""],""leagues"":[""NBA""],""market_data"":[""candles""],""markets"":[""kalshi""],""seasons"":[""2025-2026""],""sports"":[""NBA""]}",TRADABLE_YES_BID,1_MINUTE_CANDLE,available_at,CROSS,"{""id"":""entry_iti_stress"",""op"":""CROSS"",""period"":""Q4"",""price_e4"":7100}",REACH,"{""id"":""win_iti_stress"",""op"":""REACH"",""outcome"":""win"",""price_e4"":8500}",REACH,"{""id"":""loss_iti_stress"",""op"":""REACH"",""outcome"":""loss"",""price_e4"":4000}",HOLD_TO_SETTLEMENT,75d368edb0ad750c5bc7596a46abdf3fabdfd8d1471175a99677c2075fcaeeea,1.0.0,2026-09-13T06:28:48Z,1.0.0,1.0.0,1.0.0,2026-09-13T06:28:48Z,READY,30,19,7,0.633333,0.233333,1400,3100,0.451613,163.333333,416a2c883115f79ca748415171c8bd3a0ffbd6d264c3bd924f438a9db2c25078,candle_path_not_fill,UNAVAILABLE,UNAVAILABLE,UNAVAILABLE,NOT_COMPUTABLE,UNAVAILABLE
path_bands,MONTE_CARLO,base_decomposition,mode_b_week_7_p75,23805.527681,usd,mode_b,superasi_bdebase_v1.0.0,grade_config_v1,2026-09-13T12:02:58Z,913e87a7c8d04ab0af447be670cfcda2,ITI Stress Q4 CROSS 65 REACH 85 40 ITI-05__913e87a7,3766439c96a7dd20c1a357cc9d344f52bdbbe213fb68782d4349329b8cd85c22,d42a28ee37542cabb6f140ba345b132015584963589d3732b3115ed80806cad0,6a547a4c14bdf2904cb47931457dc625742ef8654207540831709bc1c93ea690,ITI Stress Q4 CROSS 65 REACH 85 40 ITI-05,NBA,NBA,2025-2026,2025-10-10,2025-10-31,"{""date_from"":""2025-10-10"",""date_to"":""2025-10-31"",""game_data"":[""pbp""],""leagues"":[""NBA""],""market_data"":[""candles""],""markets"":[""kalshi""],""seasons"":[""2025-2026""],""sports"":[""NBA""]}",TRADABLE_YES_BID,1_MINUTE_CANDLE,available_at,CROSS,"{""id"":""entry_iti_stress"",""op"":""CROSS"",""period"":""Q4"",""price_e4"":7100}",REACH,"{""id"":""win_iti_stress"",""op"":""REACH"",""outcome"":""win"",""price_e4"":8500}",REACH,"{""id"":""loss_iti_stress"",""op"":""REACH"",""outcome"":""loss"",""price_e4"":4000}",HOLD_TO_SETTLEMENT,75d368edb0ad750c5bc7596a46abdf3fabdfd8d1471175a99677c2075fcaeeea,1.0.0,2026-09-13T06:28:48Z,1.0.0,1.0.0,1.0.0,2026-09-13T06:28:48Z,READY,30,19,7,0.633333,0.233333,1400,3100,0.451613,163.333333,416a2c883115f79ca748415171c8bd3a0ffbd6d264c3bd924f438a9db2c25078,candle_path_not_fill,UNAVAILABLE,UNAVAILABLE,UNAVAILABLE,NOT_COMPUTABLE,UNAVAILABLE
path_bands,MONTE_CARLO,base_decomposition,mode_b_week_7_p95,26189.701535,usd,mode_b,superasi_bdebase_v1.0.0,grade_config_v1,2026-09-13T12:02:58Z,913e87a7c8d04ab0af447be670cfcda2,ITI Stress Q4 CROSS 65 REACH 85 40 ITI-05__913e87a7,3766439c96a7dd20c1a357cc9d344f52bdbbe213fb68782d4349329b8cd85c22,d42a28ee37542cabb6f140ba345b132015584963589d3732b3115ed80806cad0,6a547a4c14bdf2904cb47931457dc625742ef8654207540831709bc1c93ea690,ITI Stress Q4 CROSS 65 REACH 85 40 ITI-05,NBA,NBA,2025-2026,2025-10-10,2025-10-31,"{""date_from"":""2025-10-10"",""date_to"":""2025-10-31"",""game_data"":[""pbp""],""leagues"":[""NBA""],""market_data"":[""candles""],""markets"":[""kalshi""],""seasons"":[""2025-2026""],""sports"":[""NBA""]}",TRADABLE_YES_BID,1_MINUTE_CANDLE,available_at,CROSS,"{""id"":""entry_iti_stress"",""op"":""CROSS"",""period"":""Q4"",""price_e4"":7100}",REACH,"{""id"":""win_iti_stress"",""op"":""REACH"",""outcome"":""win"",""price_e4"":8500}",REACH,"{""id"":""loss_iti_stress"",""op"":""REACH"",""outcome"":""loss"",""price_e4"":4000}",HOLD_TO_SETTLEMENT,75d368edb0ad750c5bc7596a46abdf3fabdfd8d1471175a99677c2075fcaeeea,1.0.0,2026-09-13T06:28:48Z,1.0.0,1.0.0,1.0.0,2026-09-13T06:28:48Z,READY,30,19,7,0.633333,0.233333,1400,3100,0.451613,163.333333,416a2c883115f79ca748415171c8bd3a0ffbd6d264c3bd924f438a9db2c25078,candle_path_not_fill,UNAVAILABLE,UNAVAILABLE,UNAVAILABLE,NOT_COMPUTABLE,UNAVAILABLE
path_bands,MONTE_CARLO,base_decomposition,mode_b_week_8_p5,17925.809555,usd,mode_b,superasi_bdebase_v1.0.0,grade_config_v1,2026-09-13T12:02:58Z,913e87a7c8d04ab0af447be670cfcda2,ITI Stress Q4 CROSS 65 REACH 85 40 ITI-05__913e87a7,3766439c96a7dd20c1a357cc9d344f52bdbbe213fb68782d4349329b8cd85c22,d42a28ee37542cabb6f140ba345b132015584963589d3732b3115ed80806cad0,6a547a4c14bdf2904cb47931457dc625742ef8654207540831709bc1c93ea690,ITI Stress Q4 CROSS 65 REACH 85 40 ITI-05,NBA,NBA,2025-2026,2025-10-10,2025-10-31,"{""date_from"":""2025-10-10"",""date_to"":""2025-10-31"",""game_data"":[""pbp""],""leagues"":[""NBA""],""market_data"":[""candles""],""markets"":[""kalshi""],""seasons"":[""2025-2026""],""sports"":[""NBA""]}",TRADABLE_YES_BID,1_MINUTE_CANDLE,available_at,CROSS,"{""id"":""entry_iti_stress"",""op"":""CROSS"",""period"":""Q4"",""price_e4"":7100}",REACH,"{""id"":""win_iti_stress"",""op"":""REACH"",""outcome"":""win"",""price_e4"":8500}",REACH,"{""id"":""loss_iti_stress"",""op"":""REACH"",""outcome"":""loss"",""price_e4"":4000}",HOLD_TO_SETTLEMENT,75d368edb0ad750c5bc7596a46abdf3fabdfd8d1471175a99677c2075fcaeeea,1.0.0,2026-09-13T06:28:48Z,1.0.0,1.0.0,1.0.0,2026-09-13T06:28:48Z,READY,30,19,7,0.633333,0.233333,1400,3100,0.451613,163.333333,416a2c883115f79ca748415171c8bd3a0ffbd6d264c3bd924f438a9db2c25078,candle_path_not_fill,UNAVAILABLE,UNAVAILABLE,UNAVAILABLE,NOT_COMPUTABLE,UNAVAILABLE
path_bands,MONTE_CARLO,base_decomposition,mode_b_week_8_p25,20402.525657,usd,mode_b,superasi_bdebase_v1.0.0,grade_config_v1,2026-09-13T12:02:58Z,913e87a7c8d04ab0af447be670cfcda2,ITI Stress Q4 CROSS 65 REACH 85 40 ITI-05__913e87a7,3766439c96a7dd20c1a357cc9d344f52bdbbe213fb68782d4349329b8cd85c22,d42a28ee37542cabb6f140ba345b132015584963589d3732b3115ed80806cad0,6a547a4c14bdf2904cb47931457dc625742ef8654207540831709bc1c93ea690,ITI Stress Q4 CROSS 65 REACH 85 40 ITI-05,NBA,NBA,2025-2026,2025-10-10,2025-10-31,"{""date_from"":""2025-10-10"",""date_to"":""2025-10-31"",""game_data"":[""pbp""],""leagues"":[""NBA""],""market_data"":[""candles""],""markets"":[""kalshi""],""seasons"":[""2025-2026""],""sports"":[""NBA""]}",TRADABLE_YES_BID,1_MINUTE_CANDLE,available_at,CROSS,"{""id"":""entry_iti_stress"",""op"":""CROSS"",""period"":""Q4"",""price_e4"":7100}",REACH,"{""id"":""win_iti_stress"",""op"":""REACH"",""outcome"":""win"",""price_e4"":8500}",REACH,"{""id"":""loss_iti_stress"",""op"":""REACH"",""outcome"":""loss"",""price_e4"":4000}",HOLD_TO_SETTLEMENT,75d368edb0ad750c5bc7596a46abdf3fabdfd8d1471175a99677c2075fcaeeea,1.0.0,2026-09-13T06:28:48Z,1.0.0,1.0.0,1.0.0,2026-09-13T06:28:48Z,READY,30,19,7,0.633333,0.233333,1400,3100,0.451613,163.333333,416a2c883115f79ca748415171c8bd3a0ffbd6d264c3bd924f438a9db2c25078,candle_path_not_fill,UNAVAILABLE,UNAVAILABLE,UNAVAILABLE,NOT_COMPUTABLE,UNAVAILABLE
path_bands,MONTE_CARLO,base_decomposition,mode_b_week_8_p50,22290.335768,usd,mode_b,superasi_bdebase_v1.0.0,grade_config_v1,2026-09-13T12:02:58Z,913e87a7c8d04ab0af447be670cfcda2,ITI Stress Q4 CROSS 65 REACH 85 40 ITI-05__913e87a7,3766439c96a7dd20c1a357cc9d344f52bdbbe213fb68782d4349329b8cd85c22,d42a28ee37542cabb6f140ba345b132015584963589d3732b3115ed80806cad0,6a547a4c14bdf2904cb47931457dc625742ef8654207540831709bc1c93ea690,ITI Stress Q4 CROSS 65 REACH 85 40 ITI-05,NBA,NBA,2025-2026,2025-10-10,2025-10-31,"{""date_from"":""2025-10-10"",""date_to"":""2025-10-31"",""game_data"":[""pbp""],""leagues"":[""NBA""],""market_data"":[""candles""],""markets"":[""kalshi""],""seasons"":[""2025-2026""],""sports"":[""NBA""]}",TRADABLE_YES_BID,1_MINUTE_CANDLE,available_at,CROSS,"{""id"":""entry_iti_stress"",""op"":""CROSS"",""period"":""Q4"",""price_e4"":7100}",REACH,"{""id"":""win_iti_stress"",""op"":""REACH"",""outcome"":""win"",""price_e4"":8500}",REACH,"{""id"":""loss_iti_stress"",""op"":""REACH"",""outcome"":""loss"",""price_e4"":4000}",HOLD_TO_SETTLEMENT,75d368edb0ad750c5bc7596a46abdf3fabdfd8d1471175a99677c2075fcaeeea,1.0.0,2026-09-13T06:28:48Z,1.0.0,1.0.0,1.0.0,2026-09-13T06:28:48Z,READY,30,19,7,0.633333,0.233333,1400,3100,0.451613,163.333333,416a2c883115f79ca748415171c8bd3a0ffbd6d264c3bd924f438a9db2c25078,candle_path_not_fill,UNAVAILABLE,UNAVAILABLE,UNAVAILABLE,NOT_COMPUTABLE,UNAVAILABLE
path_bands,MONTE_CARLO,base_decomposition,mode_b_week_8_p75,23959.663811,usd,mode_b,superasi_bdebase_v1.0.0,grade_config_v1,2026-09-13T12:02:58Z,913e87a7c8d04ab0af447be670cfcda2,ITI Stress Q4 CROSS 65 REACH 85 40 ITI-05__913e87a7,3766439c96a7dd20c1a357cc9d344f52bdbbe213fb68782d4349329b8cd85c22,d42a28ee37542cabb6f140ba345b132015584963589d3732b3115ed80806cad0,6a547a4c14bdf2904cb47931457dc625742ef8654207540831709bc1c93ea690,ITI Stress Q4 CROSS 65 REACH 85 40 ITI-05,NBA,NBA,2025-2026,2025-10-10,2025-10-31,"{""date_from"":""2025-10-10"",""date_to"":""2025-10-31"",""game_data"":[""pbp""],""leagues"":[""NBA""],""market_data"":[""candles""],""markets"":[""kalshi""],""seasons"":[""2025-2026""],""sports"":[""NBA""]}",TRADABLE_YES_BID,1_MINUTE_CANDLE,available_at,CROSS,"{""id"":""entry_iti_stress"",""op"":""CROSS"",""period"":""Q4"",""price_e4"":7100}",REACH,"{""id"":""win_iti_stress"",""op"":""REACH"",""outcome"":""win"",""price_e4"":8500}",REACH,"{""id"":""loss_iti_stress"",""op"":""REACH"",""outcome"":""loss"",""price_e4"":4000}",HOLD_TO_SETTLEMENT,75d368edb0ad750c5bc7596a46abdf3fabdfd8d1471175a99677c2075fcaeeea,1.0.0,2026-09-13T06:28:48Z,1.0.0,1.0.0,1.0.0,2026-09-13T06:28:48Z,READY,30,19,7,0.633333,0.233333,1400,3100,0.451613,163.333333,416a2c883115f79ca748415171c8bd3a0ffbd6d264c3bd924f438a9db2c25078,candle_path_not_fill,UNAVAILABLE,UNAVAILABLE,UNAVAILABLE,NOT_COMPUTABLE,UNAVAILABLE
path_bands,MONTE_CARLO,base_decomposition,mode_b_week_8_p95,27059.455893,usd,mode_b,superasi_bdebase_v1.0.0,grade_config_v1,2026-09-13T12:02:58Z,913e87a7c8d04ab0af447be670cfcda2,ITI Stress Q4 CROSS 65 REACH 85 40 ITI-05__913e87a7,3766439c96a7dd20c1a357cc9d344f52bdbbe213fb68782d4349329b8cd85c22,d42a28ee37542cabb6f140ba345b132015584963589d3732b3115ed80806cad0,6a547a4c14bdf2904cb47931457dc625742ef8654207540831709bc1c93ea690,ITI Stress Q4 CROSS 65 REACH 85 40 ITI-05,NBA,NBA,2025-2026,2025-10-10,2025-10-31,"{""date_from"":""2025-10-10"",""date_to"":""2025-10-31"",""game_data"":[""pbp""],""leagues"":[""NBA""],""market_data"":[""candles""],""markets"":[""kalshi""],""seasons"":[""2025-2026""],""sports"":[""NBA""]}",TRADABLE_YES_BID,1_MINUTE_CANDLE,available_at,CROSS,"{""id"":""entry_iti_stress"",""op"":""CROSS"",""period"":""Q4"",""price_e4"":7100}",REACH,"{""id"":""win_iti_stress"",""op"":""REACH"",""outcome"":""win"",""price_e4"":8500}",REACH,"{""id"":""loss_iti_stress"",""op"":""REACH"",""outcome"":""loss"",""price_e4"":4000}",HOLD_TO_SETTLEMENT,75d368edb0ad750c5bc7596a46abdf3fabdfd8d1471175a99677c2075fcaeeea,1.0.0,2026-09-13T06:28:48Z,1.0.0,1.0.0,1.0.0,2026-09-13T06:28:48Z,READY,30,19,7,0.633333,0.233333,1400,3100,0.451613,163.333333,416a2c883115f79ca748415171c8bd3a0ffbd6d264c3bd924f438a9db2c25078,candle_path_not_fill,UNAVAILABLE,UNAVAILABLE,UNAVAILABLE,NOT_COMPUTABLE,UNAVAILABLE
path_bands,MONTE_CARLO,base_decomposition,mode_b_week_9_p5,17938.308376,usd,mode_b,superasi_bdebase_v1.0.0,grade_config_v1,2026-09-13T12:02:58Z,913e87a7c8d04ab0af447be670cfcda2,ITI Stress Q4 CROSS 65 REACH 85 40 ITI-05__913e87a7,3766439c96a7dd20c1a357cc9d344f52bdbbe213fb68782d4349329b8cd85c22,d42a28ee37542cabb6f140ba345b132015584963589d3732b3115ed80806cad0,6a547a4c14bdf2904cb47931457dc625742ef8654207540831709bc1c93ea690,ITI Stress Q4 CROSS 65 REACH 85 40 ITI-05,NBA,NBA,2025-2026,2025-10-10,2025-10-31,"{""date_from"":""2025-10-10"",""date_to"":""2025-10-31"",""game_data"":[""pbp""],""leagues"":[""NBA""],""market_data"":[""candles""],""markets"":[""kalshi""],""seasons"":[""2025-2026""],""sports"":[""NBA""]}",TRADABLE_YES_BID,1_MINUTE_CANDLE,available_at,CROSS,"{""id"":""entry_iti_stress"",""op"":""CROSS"",""period"":""Q4"",""price_e4"":7100}",REACH,"{""id"":""win_iti_stress"",""op"":""REACH"",""outcome"":""win"",""price_e4"":8500}",REACH,"{""id"":""loss_iti_stress"",""op"":""REACH"",""outcome"":""loss"",""price_e4"":4000}",HOLD_TO_SETTLEMENT,75d368edb0ad750c5bc7596a46abdf3fabdfd8d1471175a99677c2075fcaeeea,1.0.0,2026-09-13T06:28:48Z,1.0.0,1.0.0,1.0.0,2026-09-13T06:28:48Z,READY,30,19,7,0.633333,0.233333,1400,3100,0.451613,163.333333,416a2c883115f79ca748415171c8bd3a0ffbd6d264c3bd924f438a9db2c25078,candle_path_not_fill,UNAVAILABLE,UNAVAILABLE,UNAVAILABLE,NOT_COMPUTABLE,UNAVAILABLE
path_bands,MONTE_CARLO,base_decomposition,mode_b_week_9_p25,20477.214510,usd,mode_b,superasi_bdebase_v1.0.0,grade_config_v1,2026-09-13T12:02:58Z,913e87a7c8d04ab0af447be670cfcda2,ITI Stress Q4 CROSS 65 REACH 85 40 ITI-05__913e87a7,3766439c96a7dd20c1a357cc9d344f52bdbbe213fb68782d4349329b8cd85c22,d42a28ee37542cabb6f140ba345b132015584963589d3732b3115ed80806cad0,6a547a4c14bdf2904cb47931457dc625742ef8654207540831709bc1c93ea690,ITI Stress Q4 CROSS 65 REACH 85 40 ITI-05,NBA,NBA,2025-2026,2025-10-10,2025-10-31,"{""date_from"":""2025-10-10"",""date_to"":""2025-10-31"",""game_data"":[""pbp""],""leagues"":[""NBA""],""market_data"":[""candles""],""markets"":[""kalshi""],""seasons"":[""2025-2026""],""sports"":[""NBA""]}",TRADABLE_YES_BID,1_MINUTE_CANDLE,available_at,CROSS,"{""id"":""entry_iti_stress"",""op"":""CROSS"",""period"":""Q4"",""price_e4"":7100}",REACH,"{""id"":""win_iti_stress"",""op"":""REACH"",""outcome"":""win"",""price_e4"":8500}",REACH,"{""id"":""loss_iti_stress"",""op"":""REACH"",""outcome"":""loss"",""price_e4"":4000}",HOLD_TO_SETTLEMENT,75d368edb0ad750c5bc7596a46abdf3fabdfd8d1471175a99677c2075fcaeeea,1.0.0,2026-09-13T06:28:48Z,1.0.0,1.0.0,1.0.0,2026-09-13T06:28:48Z,READY,30,19,7,0.633333,0.233333,1400,3100,0.451613,163.333333,416a2c883115f79ca748415171c8bd3a0ffbd6d264c3bd924f438a9db2c25078,candle_path_not_fill,UNAVAILABLE,UNAVAILABLE,UNAVAILABLE,NOT_COMPUTABLE,UNAVAILABLE
path_bands,MONTE_CARLO,base_decomposition,mode_b_week_9_p50,22485.848054,usd,mode_b,superasi_bdebase_v1.0.0,grade_config_v1,2026-09-13T12:02:58Z,913e87a7c8d04ab0af447be670cfcda2,ITI Stress Q4 CROSS 65 REACH 85 40 ITI-05__913e87a7,3766439c96a7dd20c1a357cc9d344f52bdbbe213fb68782d4349329b8cd85c22,d42a28ee37542cabb6f140ba345b132015584963589d3732b3115ed80806cad0,6a547a4c14bdf2904cb47931457dc625742ef8654207540831709bc1c93ea690,ITI Stress Q4 CROSS 65 REACH 85 40 ITI-05,NBA,NBA,2025-2026,2025-10-10,2025-10-31,"{""date_from"":""2025-10-10"",""date_to"":""2025-10-31"",""game_data"":[""pbp""],""leagues"":[""NBA""],""market_data"":[""candles""],""markets"":[""kalshi""],""seasons"":[""2025-2026""],""sports"":[""NBA""]}",TRADABLE_YES_BID,1_MINUTE_CANDLE,available_at,CROSS,"{""id"":""entry_iti_stress"",""op"":""CROSS"",""period"":""Q4"",""price_e4"":7100}",REACH,"{""id"":""win_iti_stress"",""op"":""REACH"",""outcome"":""win"",""price_e4"":8500}",REACH,"{""id"":""loss_iti_stress"",""op"":""REACH"",""outcome"":""loss"",""price_e4"":4000}",HOLD_TO_SETTLEMENT,75d368edb0ad750c5bc7596a46abdf3fabdfd8d1471175a99677c2075fcaeeea,1.0.0,2026-09-13T06:28:48Z,1.0.0,1.0.0,1.0.0,2026-09-13T06:28:48Z,READY,30,19,7,0.633333,0.233333,1400,3100,0.451613,163.333333,416a2c883115f79ca748415171c8bd3a0ffbd6d264c3bd924f438a9db2c25078,candle_path_not_fill,UNAVAILABLE,UNAVAILABLE,UNAVAILABLE,NOT_COMPUTABLE,UNAVAILABLE
path_bands,MONTE_CARLO,base_decomposition,mode_b_week_9_p75,24660.933412,usd,mode_b,superasi_bdebase_v1.0.0,grade_config_v1,2026-09-13T12:02:58Z,913e87a7c8d04ab0af447be670cfcda2,ITI Stress Q4 CROSS 65 REACH 85 40 ITI-05__913e87a7,3766439c96a7dd20c1a357cc9d344f52bdbbe213fb68782d4349329b8cd85c22,d42a28ee37542cabb6f140ba345b132015584963589d3732b3115ed80806cad0,6a547a4c14bdf2904cb47931457dc625742ef8654207540831709bc1c93ea690,ITI Stress Q4 CROSS 65 REACH 85 40 ITI-05,NBA,NBA,2025-2026,2025-10-10,2025-10-31,"{""date_from"":""2025-10-10"",""date_to"":""2025-10-31"",""game_data"":[""pbp""],""leagues"":[""NBA""],""market_data"":[""candles""],""markets"":[""kalshi""],""seasons"":[""2025-2026""],""sports"":[""NBA""]}",TRADABLE_YES_BID,1_MINUTE_CANDLE,available_at,CROSS,"{""id"":""entry_iti_stress"",""op"":""CROSS"",""period"":""Q4"",""price_e4"":7100}",REACH,"{""id"":""win_iti_stress"",""op"":""REACH"",""outcome"":""win"",""price_e4"":8500}",REACH,"{""id"":""loss_iti_stress"",""op"":""REACH"",""outcome"":""loss"",""price_e4"":4000}",HOLD_TO_SETTLEMENT,75d368edb0ad750c5bc7596a46abdf3fabdfd8d1471175a99677c2075fcaeeea,1.0.0,2026-09-13T06:28:48Z,1.0.0,1.0.0,1.0.0,2026-09-13T06:28:48Z,READY,30,19,7,0.633333,0.233333,1400,3100,0.451613,163.333333,416a2c883115f79ca748415171c8bd3a0ffbd6d264c3bd924f438a9db2c25078,candle_path_not_fill,UNAVAILABLE,UNAVAILABLE,UNAVAILABLE,NOT_COMPUTABLE,UNAVAILABLE
path_bands,MONTE_CARLO,base_decomposition,mode_b_week_9_p95,27877.576900,usd,mode_b,superasi_bdebase_v1.0.0,grade_config_v1,2026-09-13T12:02:58Z,913e87a7c8d04ab0af447be670cfcda2,ITI Stress Q4 CROSS 65 REACH 85 40 ITI-05__913e87a7,3766439c96a7dd20c1a357cc9d344f52bdbbe213fb68782d4349329b8cd85c22,d42a28ee37542cabb6f140ba345b132015584963589d3732b3115ed80806cad0,6a547a4c14bdf2904cb47931457dc625742ef8654207540831709bc1c93ea690,ITI Stress Q4 CROSS 65 REACH 85 40 ITI-05,NBA,NBA,2025-2026,2025-10-10,2025-10-31,"{""date_from"":""2025-10-10"",""date_to"":""2025-10-31"",""game_data"":[""pbp""],""leagues"":[""NBA""],""market_data"":[""candles""],""markets"":[""kalshi""],""seasons"":[""2025-2026""],""sports"":[""NBA""]}",TRADABLE_YES_BID,1_MINUTE_CANDLE,available_at,CROSS,"{""id"":""entry_iti_stress"",""op"":""CROSS"",""period"":""Q4"",""price_e4"":7100}",REACH,"{""id"":""win_iti_stress"",""op"":""REACH"",""outcome"":""win"",""price_e4"":8500}",REACH,"{""id"":""loss_iti_stress"",""op"":""REACH"",""outcome"":""loss"",""price_e4"":4000}",HOLD_TO_SETTLEMENT,75d368edb0ad750c5bc7596a46abdf3fabdfd8d1471175a99677c2075fcaeeea,1.0.0,2026-09-13T06:28:48Z,1.0.0,1.0.0,1.0.0,2026-09-13T06:28:48Z,READY,30,19,7,0.633333,0.233333,1400,3100,0.451613,163.333333,416a2c883115f79ca748415171c8bd3a0ffbd6d264c3bd924f438a9db2c25078,candle_path_not_fill,UNAVAILABLE,UNAVAILABLE,UNAVAILABLE,NOT_COMPUTABLE,UNAVAILABLE
path_bands,MONTE_CARLO,base_decomposition,mode_b_week_10_p5,17957.562340,usd,mode_b,superasi_bdebase_v1.0.0,grade_config_v1,2026-09-13T12:02:58Z,913e87a7c8d04ab0af447be670cfcda2,ITI Stress Q4 CROSS 65 REACH 85 40 ITI-05__913e87a7,3766439c96a7dd20c1a357cc9d344f52bdbbe213fb68782d4349329b8cd85c22,d42a28ee37542cabb6f140ba345b132015584963589d3732b3115ed80806cad0,6a547a4c14bdf2904cb47931457dc625742ef8654207540831709bc1c93ea690,ITI Stress Q4 CROSS 65 REACH 85 40 ITI-05,NBA,NBA,2025-2026,2025-10-10,2025-10-31,"{""date_from"":""2025-10-10"",""date_to"":""2025-10-31"",""game_data"":[""pbp""],""leagues"":[""NBA""],""market_data"":[""candles""],""markets"":[""kalshi""],""seasons"":[""2025-2026""],""sports"":[""NBA""]}",TRADABLE_YES_BID,1_MINUTE_CANDLE,available_at,CROSS,"{""id"":""entry_iti_stress"",""op"":""CROSS"",""period"":""Q4"",""price_e4"":7100}",REACH,"{""id"":""win_iti_stress"",""op"":""REACH"",""outcome"":""win"",""price_e4"":8500}",REACH,"{""id"":""loss_iti_stress"",""op"":""REACH"",""outcome"":""loss"",""price_e4"":4000}",HOLD_TO_SETTLEMENT,75d368edb0ad750c5bc7596a46abdf3fabdfd8d1471175a99677c2075fcaeeea,1.0.0,2026-09-13T06:28:48Z,1.0.0,1.0.0,1.0.0,2026-09-13T06:28:48Z,READY,30,19,7,0.633333,0.233333,1400,3100,0.451613,163.333333,416a2c883115f79ca748415171c8bd3a0ffbd6d264c3bd924f438a9db2c25078,candle_path_not_fill,UNAVAILABLE,UNAVAILABLE,UNAVAILABLE,NOT_COMPUTABLE,UNAVAILABLE
path_bands,MONTE_CARLO,base_decomposition,mode_b_week_10_p25,20551.913823,usd,mode_b,superasi_bdebase_v1.0.0,grade_config_v1,2026-09-13T12:02:58Z,913e87a7c8d04ab0af447be670cfcda2,ITI Stress Q4 CROSS 65 REACH 85 40 ITI-05__913e87a7,3766439c96a7dd20c1a357cc9d344f52bdbbe213fb68782d4349329b8cd85c22,d42a28ee37542cabb6f140ba345b132015584963589d3732b3115ed80806cad0,6a547a4c14bdf2904cb47931457dc625742ef8654207540831709bc1c93ea690,ITI Stress Q4 CROSS 65 REACH 85 40 ITI-05,NBA,NBA,2025-2026,2025-10-10,2025-10-31,"{""date_from"":""2025-10-10"",""date_to"":""2025-10-31"",""game_data"":[""pbp""],""leagues"":[""NBA""],""market_data"":[""candles""],""markets"":[""kalshi""],""seasons"":[""2025-2026""],""sports"":[""NBA""]}",TRADABLE_YES_BID,1_MINUTE_CANDLE,available_at,CROSS,"{""id"":""entry_iti_stress"",""op"":""CROSS"",""period"":""Q4"",""price_e4"":7100}",REACH,"{""id"":""win_iti_stress"",""op"":""REACH"",""outcome"":""win"",""price_e4"":8500}",REACH,"{""id"":""loss_iti_stress"",""op"":""REACH"",""outcome"":""loss"",""price_e4"":4000}",HOLD_TO_SETTLEMENT,75d368edb0ad750c5bc7596a46abdf3fabdfd8d1471175a99677c2075fcaeeea,1.0.0,2026-09-13T06:28:48Z,1.0.0,1.0.0,1.0.0,2026-09-13T06:28:48Z,READY,30,19,7,0.633333,0.233333,1400,3100,0.451613,163.333333,416a2c883115f79ca748415171c8bd3a0ffbd6d264c3bd924f438a9db2c25078,candle_path_not_fill,UNAVAILABLE,UNAVAILABLE,UNAVAILABLE,NOT_COMPUTABLE,UNAVAILABLE
path_bands,MONTE_CARLO,base_decomposition,mode_b_week_10_p50,22607.629733,usd,mode_b,superasi_bdebase_v1.0.0,grade_config_v1,2026-09-13T12:02:58Z,913e87a7c8d04ab0af447be670cfcda2,ITI Stress Q4 CROSS 65 REACH 85 40 ITI-05__913e87a7,3766439c96a7dd20c1a357cc9d344f52bdbbe213fb68782d4349329b8cd85c22,d42a28ee37542cabb6f140ba345b132015584963589d3732b3115ed80806cad0,6a547a4c14bdf2904cb47931457dc625742ef8654207540831709bc1c93ea690,ITI Stress Q4 CROSS 65 REACH 85 40 ITI-05,NBA,NBA,2025-2026,2025-10-10,2025-10-31,"{""date_from"":""2025-10-10"",""date_to"":""2025-10-31"",""game_data"":[""pbp""],""leagues"":[""NBA""],""market_data"":[""candles""],""markets"":[""kalshi""],""seasons"":[""2025-2026""],""sports"":[""NBA""]}",TRADABLE_YES_BID,1_MINUTE_CANDLE,available_at,CROSS,"{""id"":""entry_iti_stress"",""op"":""CROSS"",""period"":""Q4"",""price_e4"":7100}",REACH,"{""id"":""win_iti_stress"",""op"":""REACH"",""outcome"":""win"",""price_e4"":8500}",REACH,"{""id"":""loss_iti_stress"",""op"":""REACH"",""outcome"":""loss"",""price_e4"":4000}",HOLD_TO_SETTLEMENT,75d368edb0ad750c5bc7596a46abdf3fabdfd8d1471175a99677c2075fcaeeea,1.0.0,2026-09-13T06:28:48Z,1.0.0,1.0.0,1.0.0,2026-09-13T06:28:48Z,READY,30,19,7,0.633333,0.233333,1400,3100,0.451613,163.333333,416a2c883115f79ca748415171c8bd3a0ffbd6d264c3bd924f438a9db2c25078,candle_path_not_fill,UNAVAILABLE,UNAVAILABLE,UNAVAILABLE,NOT_COMPUTABLE,UNAVAILABLE
path_bands,MONTE_CARLO,base_decomposition,mode_b_week_10_p75,24840.882195,usd,mode_b,superasi_bdebase_v1.0.0,grade_config_v1,2026-09-13T12:02:58Z,913e87a7c8d04ab0af447be670cfcda2,ITI Stress Q4 CROSS 65 REACH 85 40 ITI-05__913e87a7,3766439c96a7dd20c1a357cc9d344f52bdbbe213fb68782d4349329b8cd85c22,d42a28ee37542cabb6f140ba345b132015584963589d3732b3115ed80806cad0,6a547a4c14bdf2904cb47931457dc625742ef8654207540831709bc1c93ea690,ITI Stress Q4 CROSS 65 REACH 85 40 ITI-05,NBA,NBA,2025-2026,2025-10-10,2025-10-31,"{""date_from"":""2025-10-10"",""date_to"":""2025-10-31"",""game_data"":[""pbp""],""leagues"":[""NBA""],""market_data"":[""candles""],""markets"":[""kalshi""],""seasons"":[""2025-2026""],""sports"":[""NBA""]}",TRADABLE_YES_BID,1_MINUTE_CANDLE,available_at,CROSS,"{""id"":""entry_iti_stress"",""op"":""CROSS"",""period"":""Q4"",""price_e4"":7100}",REACH,"{""id"":""win_iti_stress"",""op"":""REACH"",""outcome"":""win"",""price_e4"":8500}",REACH,"{""id"":""loss_iti_stress"",""op"":""REACH"",""outcome"":""loss"",""price_e4"":4000}",HOLD_TO_SETTLEMENT,75d368edb0ad750c5bc7596a46abdf3fabdfd8d1471175a99677c2075fcaeeea,1.0.0,2026-09-13T06:28:48Z,1.0.0,1.0.0,1.0.0,2026-09-13T06:28:48Z,READY,30,19,7,0.633333,0.233333,1400,3100,0.451613,163.333333,416a2c883115f79ca748415171c8bd3a0ffbd6d264c3bd924f438a9db2c25078,candle_path_not_fill,UNAVAILABLE,UNAVAILABLE,UNAVAILABLE,NOT_COMPUTABLE,UNAVAILABLE
path_bands,MONTE_CARLO,base_decomposition,mode_b_week_10_p95,28138.949333,usd,mode_b,superasi_bdebase_v1.0.0,grade_config_v1,2026-09-13T12:02:58Z,913e87a7c8d04ab0af447be670cfcda2,ITI Stress Q4 CROSS 65 REACH 85 40 ITI-05__913e87a7,3766439c96a7dd20c1a357cc9d344f52bdbbe213fb68782d4349329b8cd85c22,d42a28ee37542cabb6f140ba345b132015584963589d3732b3115ed80806cad0,6a547a4c14bdf2904cb47931457dc625742ef8654207540831709bc1c93ea690,ITI Stress Q4 CROSS 65 REACH 85 40 ITI-05,NBA,NBA,2025-2026,2025-10-10,2025-10-31,"{""date_from"":""2025-10-10"",""date_to"":""2025-10-31"",""game_data"":[""pbp""],""leagues"":[""NBA""],""market_data"":[""candles""],""markets"":[""kalshi""],""seasons"":[""2025-2026""],""sports"":[""NBA""]}",TRADABLE_YES_BID,1_MINUTE_CANDLE,available_at,CROSS,"{""id"":""entry_iti_stress"",""op"":""CROSS"",""period"":""Q4"",""price_e4"":7100}",REACH,"{""id"":""win_iti_stress"",""op"":""REACH"",""outcome"":""win"",""price_e4"":8500}",REACH,"{""id"":""loss_iti_stress"",""op"":""REACH"",""outcome"":""loss"",""price_e4"":4000}",HOLD_TO_SETTLEMENT,75d368edb0ad750c5bc7596a46abdf3fabdfd8d1471175a99677c2075fcaeeea,1.0.0,2026-09-13T06:28:48Z,1.0.0,1.0.0,1.0.0,2026-09-13T06:28:48Z,READY,30,19,7,0.633333,0.233333,1400,3100,0.451613,163.333333,416a2c883115f79ca748415171c8bd3a0ffbd6d264c3bd924f438a9db2c25078,candle_path_not_fill,UNAVAILABLE,UNAVAILABLE,UNAVAILABLE,NOT_COMPUTABLE,UNAVAILABLE
path_bands,MONTE_CARLO,base_decomposition,mode_b_week_11_p5,17990.524498,usd,mode_b,superasi_bdebase_v1.0.0,grade_config_v1,2026-09-13T12:02:58Z,913e87a7c8d04ab0af447be670cfcda2,ITI Stress Q4 CROSS 65 REACH 85 40 ITI-05__913e87a7,3766439c96a7dd20c1a357cc9d344f52bdbbe213fb68782d4349329b8cd85c22,d42a28ee37542cabb6f140ba345b132015584963589d3732b3115ed80806cad0,6a547a4c14bdf2904cb47931457dc625742ef8654207540831709bc1c93ea690,ITI Stress Q4 CROSS 65 REACH 85 40 ITI-05,NBA,NBA,2025-2026,2025-10-10,2025-10-31,"{""date_from"":""2025-10-10"",""date_to"":""2025-10-31"",""game_data"":[""pbp""],""leagues"":[""NBA""],""market_data"":[""candles""],""markets"":[""kalshi""],""seasons"":[""2025-2026""],""sports"":[""NBA""]}",TRADABLE_YES_BID,1_MINUTE_CANDLE,available_at,CROSS,"{""id"":""entry_iti_stress"",""op"":""CROSS"",""period"":""Q4"",""price_e4"":7100}",REACH,"{""id"":""win_iti_stress"",""op"":""REACH"",""outcome"":""win"",""price_e4"":8500}",REACH,"{""id"":""loss_iti_stress"",""op"":""REACH"",""outcome"":""loss"",""price_e4"":4000}",HOLD_TO_SETTLEMENT,75d368edb0ad750c5bc7596a46abdf3fabdfd8d1471175a99677c2075fcaeeea,1.0.0,2026-09-13T06:28:48Z,1.0.0,1.0.0,1.0.0,2026-09-13T06:28:48Z,READY,30,19,7,0.633333,0.233333,1400,3100,0.451613,163.333333,416a2c883115f79ca748415171c8bd3a0ffbd6d264c3bd924f438a9db2c25078,candle_path_not_fill,UNAVAILABLE,UNAVAILABLE,UNAVAILABLE,NOT_COMPUTABLE,UNAVAILABLE
path_bands,MONTE_CARLO,base_decomposition,mode_b_week_11_p25,20643.625054,usd,mode_b,superasi_bdebase_v1.0.0,grade_config_v1,2026-09-13T12:02:58Z,913e87a7c8d04ab0af447be670cfcda2,ITI Stress Q4 CROSS 65 REACH 85 40 ITI-05__913e87a7,3766439c96a7dd20c1a357cc9d344f52bdbbe213fb68782d4349329b8cd85c22,d42a28ee37542cabb6f140ba345b132015584963589d3732b3115ed80806cad0,6a547a4c14bdf2904cb47931457dc625742ef8654207540831709bc1c93ea690,ITI Stress Q4 CROSS 65 REACH 85 40 ITI-05,NBA,NBA,2025-2026,2025-10-10,2025-10-31,"{""date_from"":""2025-10-10"",""date_to"":""2025-10-31"",""game_data"":[""pbp""],""leagues"":[""NBA""],""market_data"":[""candles""],""markets"":[""kalshi""],""seasons"":[""2025-2026""],""sports"":[""NBA""]}",TRADABLE_YES_BID,1_MINUTE_CANDLE,available_at,CROSS,"{""id"":""entry_iti_stress"",""op"":""CROSS"",""period"":""Q4"",""price_e4"":7100}",REACH,"{""id"":""win_iti_stress"",""op"":""REACH"",""outcome"":""win"",""price_e4"":8500}",REACH,"{""id"":""loss_iti_stress"",""op"":""REACH"",""outcome"":""loss"",""price_e4"":4000}",HOLD_TO_SETTLEMENT,75d368edb0ad750c5bc7596a46abdf3fabdfd8d1471175a99677c2075fcaeeea,1.0.0,2026-09-13T06:28:48Z,1.0.0,1.0.0,1.0.0,2026-09-13T06:28:48Z,READY,30,19,7,0.633333,0.233333,1400,3100,0.451613,163.333333,416a2c883115f79ca748415171c8bd3a0ffbd6d264c3bd924f438a9db2c25078,candle_path_not_fill,UNAVAILABLE,UNAVAILABLE,UNAVAILABLE,NOT_COMPUTABLE,UNAVAILABLE
path_bands,MONTE_CARLO,base_decomposition,mode_b_week_11_p50,22753.873487,usd,mode_b,superasi_bdebase_v1.0.0,grade_config_v1,2026-09-13T12:02:58Z,913e87a7c8d04ab0af447be670cfcda2,ITI Stress Q4 CROSS 65 REACH 85 40 ITI-05__913e87a7,3766439c96a7dd20c1a357cc9d344f52bdbbe213fb68782d4349329b8cd85c22,d42a28ee37542cabb6f140ba345b132015584963589d3732b3115ed80806cad0,6a547a4c14bdf2904cb47931457dc625742ef8654207540831709bc1c93ea690,ITI Stress Q4 CROSS 65 REACH 85 40 ITI-05,NBA,NBA,2025-2026,2025-10-10,2025-10-31,"{""date_from"":""2025-10-10"",""date_to"":""2025-10-31"",""game_data"":[""pbp""],""leagues"":[""NBA""],""market_data"":[""candles""],""markets"":[""kalshi""],""seasons"":[""2025-2026""],""sports"":[""NBA""]}",TRADABLE_YES_BID,1_MINUTE_CANDLE,available_at,CROSS,"{""id"":""entry_iti_stress"",""op"":""CROSS"",""period"":""Q4"",""price_e4"":7100}",REACH,"{""id"":""win_iti_stress"",""op"":""REACH"",""outcome"":""win"",""price_e4"":8500}",REACH,"{""id"":""loss_iti_stress"",""op"":""REACH"",""outcome"":""loss"",""price_e4"":4000}",HOLD_TO_SETTLEMENT,75d368edb0ad750c5bc7596a46abdf3fabdfd8d1471175a99677c2075fcaeeea,1.0.0,2026-09-13T06:28:48Z,1.0.0,1.0.0,1.0.0,2026-09-13T06:28:48Z,READY,30,19,7,0.633333,0.233333,1400,3100,0.451613,163.333333,416a2c883115f79ca748415171c8bd3a0ffbd6d264c3bd924f438a9db2c25078,candle_path_not_fill,UNAVAILABLE,UNAVAILABLE,UNAVAILABLE,NOT_COMPUTABLE,UNAVAILABLE
path_bands,MONTE_CARLO,base_decomposition,mode_b_week_11_p75,25507.266408,usd,mode_b,superasi_bdebase_v1.0.0,grade_config_v1,2026-09-13T12:02:58Z,913e87a7c8d04ab0af447be670cfcda2,ITI Stress Q4 CROSS 65 REACH 85 40 ITI-05__913e87a7,3766439c96a7dd20c1a357cc9d344f52bdbbe213fb68782d4349329b8cd85c22,d42a28ee37542cabb6f140ba345b132015584963589d3732b3115ed80806cad0,6a547a4c14bdf2904cb47931457dc625742ef8654207540831709bc1c93ea690,ITI Stress Q4 CROSS 65 REACH 85 40 ITI-05,NBA,NBA,2025-2026,2025-10-10,2025-10-31,"{""date_from"":""2025-10-10"",""date_to"":""2025-10-31"",""game_data"":[""pbp""],""leagues"":[""NBA""],""market_data"":[""candles""],""markets"":[""kalshi""],""seasons"":[""2025-2026""],""sports"":[""NBA""]}",TRADABLE_YES_BID,1_MINUTE_CANDLE,available_at,CROSS,"{""id"":""entry_iti_stress"",""op"":""CROSS"",""period"":""Q4"",""price_e4"":7100}",REACH,"{""id"":""win_iti_stress"",""op"":""REACH"",""outcome"":""win"",""price_e4"":8500}",REACH,"{""id"":""loss_iti_stress"",""op"":""REACH"",""outcome"":""loss"",""price_e4"":4000}",HOLD_TO_SETTLEMENT,75d368edb0ad750c5bc7596a46abdf3fabdfd8d1471175a99677c2075fcaeeea,1.0.0,2026-09-13T06:28:48Z,1.0.0,1.0.0,1.0.0,2026-09-13T06:28:48Z,READY,30,19,7,0.633333,0.233333,1400,3100,0.451613,163.333333,416a2c883115f79ca748415171c8bd3a0ffbd6d264c3bd924f438a9db2c25078,candle_path_not_fill,UNAVAILABLE,UNAVAILABLE,UNAVAILABLE,NOT_COMPUTABLE,UNAVAILABLE
path_bands,MONTE_CARLO,base_decomposition,mode_b_week_11_p95,29044.444889,usd,mode_b,superasi_bdebase_v1.0.0,grade_config_v1,2026-09-13T12:02:58Z,913e87a7c8d04ab0af447be670cfcda2,ITI Stress Q4 CROSS 65 REACH 85 40 ITI-05__913e87a7,3766439c96a7dd20c1a357cc9d344f52bdbbe213fb68782d4349329b8cd85c22,d42a28ee37542cabb6f140ba345b132015584963589d3732b3115ed80806cad0,6a547a4c14bdf2904cb47931457dc625742ef8654207540831709bc1c93ea690,ITI Stress Q4 CROSS 65 REACH 85 40 ITI-05,NBA,NBA,2025-2026,2025-10-10,2025-10-31,"{""date_from"":""2025-10-10"",""date_to"":""2025-10-31"",""game_data"":[""pbp""],""leagues"":[""NBA""],""market_data"":[""candles""],""markets"":[""kalshi""],""seasons"":[""2025-2026""],""sports"":[""NBA""]}",TRADABLE_YES_BID,1_MINUTE_CANDLE,available_at,CROSS,"{""id"":""entry_iti_stress"",""op"":""CROSS"",""period"":""Q4"",""price_e4"":7100}",REACH,"{""id"":""win_iti_stress"",""op"":""REACH"",""outcome"":""win"",""price_e4"":8500}",REACH,"{""id"":""loss_iti_stress"",""op"":""REACH"",""outcome"":""loss"",""price_e4"":4000}",HOLD_TO_SETTLEMENT,75d368edb0ad750c5bc7596a46abdf3fabdfd8d1471175a99677c2075fcaeeea,1.0.0,2026-09-13T06:28:48Z,1.0.0,1.0.0,1.0.0,2026-09-13T06:28:48Z,READY,30,19,7,0.633333,0.233333,1400,3100,0.451613,163.333333,416a2c883115f79ca748415171c8bd3a0ffbd6d264c3bd924f438a9db2c25078,candle_path_not_fill,UNAVAILABLE,UNAVAILABLE,UNAVAILABLE,NOT_COMPUTABLE,UNAVAILABLE
path_bands,MONTE_CARLO,base_decomposition,mode_b_week_12_p5,18014.185823,usd,mode_b,superasi_bdebase_v1.0.0,grade_config_v1,2026-09-13T12:02:58Z,913e87a7c8d04ab0af447be670cfcda2,ITI Stress Q4 CROSS 65 REACH 85 40 ITI-05__913e87a7,3766439c96a7dd20c1a357cc9d344f52bdbbe213fb68782d4349329b8cd85c22,d42a28ee37542cabb6f140ba345b132015584963589d3732b3115ed80806cad0,6a547a4c14bdf2904cb47931457dc625742ef8654207540831709bc1c93ea690,ITI Stress Q4 CROSS 65 REACH 85 40 ITI-05,NBA,NBA,2025-2026,2025-10-10,2025-10-31,"{""date_from"":""2025-10-10"",""date_to"":""2025-10-31"",""game_data"":[""pbp""],""leagues"":[""NBA""],""market_data"":[""candles""],""markets"":[""kalshi""],""seasons"":[""2025-2026""],""sports"":[""NBA""]}",TRADABLE_YES_BID,1_MINUTE_CANDLE,available_at,CROSS,"{""id"":""entry_iti_stress"",""op"":""CROSS"",""period"":""Q4"",""price_e4"":7100}",REACH,"{""id"":""win_iti_stress"",""op"":""REACH"",""outcome"":""win"",""price_e4"":8500}",REACH,"{""id"":""loss_iti_stress"",""op"":""REACH"",""outcome"":""loss"",""price_e4"":4000}",HOLD_TO_SETTLEMENT,75d368edb0ad750c5bc7596a46abdf3fabdfd8d1471175a99677c2075fcaeeea,1.0.0,2026-09-13T06:28:48Z,1.0.0,1.0.0,1.0.0,2026-09-13T06:28:48Z,READY,30,19,7,0.633333,0.233333,1400,3100,0.451613,163.333333,416a2c883115f79ca748415171c8bd3a0ffbd6d264c3bd924f438a9db2c25078,candle_path_not_fill,UNAVAILABLE,UNAVAILABLE,UNAVAILABLE,NOT_COMPUTABLE,UNAVAILABLE
path_bands,MONTE_CARLO,base_decomposition,mode_b_week_12_p25,20778.538869,usd,mode_b,superasi_bdebase_v1.0.0,grade_config_v1,2026-09-13T12:02:58Z,913e87a7c8d04ab0af447be670cfcda2,ITI Stress Q4 CROSS 65 REACH 85 40 ITI-05__913e87a7,3766439c96a7dd20c1a357cc9d344f52bdbbe213fb68782d4349329b8cd85c22,d42a28ee37542cabb6f140ba345b132015584963589d3732b3115ed80806cad0,6a547a4c14bdf2904cb47931457dc625742ef8654207540831709bc1c93ea690,ITI Stress Q4 CROSS 65 REACH 85 40 ITI-05,NBA,NBA,2025-2026,2025-10-10,2025-10-31,"{""date_from"":""2025-10-10"",""date_to"":""2025-10-31"",""game_data"":[""pbp""],""leagues"":[""NBA""],""market_data"":[""candles""],""markets"":[""kalshi""],""seasons"":[""2025-2026""],""sports"":[""NBA""]}",TRADABLE_YES_BID,1_MINUTE_CANDLE,available_at,CROSS,"{""id"":""entry_iti_stress"",""op"":""CROSS"",""period"":""Q4"",""price_e4"":7100}",REACH,"{""id"":""win_iti_stress"",""op"":""REACH"",""outcome"":""win"",""price_e4"":8500}",REACH,"{""id"":""loss_iti_stress"",""op"":""REACH"",""outcome"":""loss"",""price_e4"":4000}",HOLD_TO_SETTLEMENT,75d368edb0ad750c5bc7596a46abdf3fabdfd8d1471175a99677c2075fcaeeea,1.0.0,2026-09-13T06:28:48Z,1.0.0,1.0.0,1.0.0,2026-09-13T06:28:48Z,READY,30,19,7,0.633333,0.233333,1400,3100,0.451613,163.333333,416a2c883115f79ca748415171c8bd3a0ffbd6d264c3bd924f438a9db2c25078,candle_path_not_fill,UNAVAILABLE,UNAVAILABLE,UNAVAILABLE,NOT_COMPUTABLE,UNAVAILABLE
path_bands,MONTE_CARLO,base_decomposition,mode_b_week_12_p50,23352.674700,usd,mode_b,superasi_bdebase_v1.0.0,grade_config_v1,2026-09-13T12:02:58Z,913e87a7c8d04ab0af447be670cfcda2,ITI Stress Q4 CROSS 65 REACH 85 40 ITI-05__913e87a7,3766439c96a7dd20c1a357cc9d344f52bdbbe213fb68782d4349329b8cd85c22,d42a28ee37542cabb6f140ba345b132015584963589d3732b3115ed80806cad0,6a547a4c14bdf2904cb47931457dc625742ef8654207540831709bc1c93ea690,ITI Stress Q4 CROSS 65 REACH 85 40 ITI-05,NBA,NBA,2025-2026,2025-10-10,2025-10-31,"{""date_from"":""2025-10-10"",""date_to"":""2025-10-31"",""game_data"":[""pbp""],""leagues"":[""NBA""],""market_data"":[""candles""],""markets"":[""kalshi""],""seasons"":[""2025-2026""],""sports"":[""NBA""]}",TRADABLE_YES_BID,1_MINUTE_CANDLE,available_at,CROSS,"{""id"":""entry_iti_stress"",""op"":""CROSS"",""period"":""Q4"",""price_e4"":7100}",REACH,"{""id"":""win_iti_stress"",""op"":""REACH"",""outcome"":""win"",""price_e4"":8500}",REACH,"{""id"":""loss_iti_stress"",""op"":""REACH"",""outcome"":""loss"",""price_e4"":4000}",HOLD_TO_SETTLEMENT,75d368edb0ad750c5bc7596a46abdf3fabdfd8d1471175a99677c2075fcaeeea,1.0.0,2026-09-13T06:28:48Z,1.0.0,1.0.0,1.0.0,2026-09-13T06:28:48Z,READY,30,19,7,0.633333,0.233333,1400,3100,0.451613,163.333333,416a2c883115f79ca748415171c8bd3a0ffbd6d264c3bd924f438a9db2c25078,candle_path_not_fill,UNAVAILABLE,UNAVAILABLE,UNAVAILABLE,NOT_COMPUTABLE,UNAVAILABLE
path_bands,MONTE_CARLO,base_decomposition,mode_b_week_12_p75,25733.491393,usd,mode_b,superasi_bdebase_v1.0.0,grade_config_v1,2026-09-13T12:02:58Z,913e87a7c8d04ab0af447be670cfcda2,ITI Stress Q4 CROSS 65 REACH 85 40 ITI-05__913e87a7,3766439c96a7dd20c1a357cc9d344f52bdbbe213fb68782d4349329b8cd85c22,d42a28ee37542cabb6f140ba345b132015584963589d3732b3115ed80806cad0,6a547a4c14bdf2904cb47931457dc625742ef8654207540831709bc1c93ea690,ITI Stress Q4 CROSS 65 REACH 85 40 ITI-05,NBA,NBA,2025-2026,2025-10-10,2025-10-31,"{""date_from"":""2025-10-10"",""date_to"":""2025-10-31"",""game_data"":[""pbp""],""leagues"":[""NBA""],""market_data"":[""candles""],""markets"":[""kalshi""],""seasons"":[""2025-2026""],""sports"":[""NBA""]}",TRADABLE_YES_BID,1_MINUTE_CANDLE,available_at,CROSS,"{""id"":""entry_iti_stress"",""op"":""CROSS"",""period"":""Q4"",""price_e4"":7100}",REACH,"{""id"":""win_iti_stress"",""op"":""REACH"",""outcome"":""win"",""price_e4"":8500}",REACH,"{""id"":""loss_iti_stress"",""op"":""REACH"",""outcome"":""loss"",""price_e4"":4000}",HOLD_TO_SETTLEMENT,75d368edb0ad750c5bc7596a46abdf3fabdfd8d1471175a99677c2075fcaeeea,1.0.0,2026-09-13T06:28:48Z,1.0.0,1.0.0,1.0.0,2026-09-13T06:28:48Z,READY,30,19,7,0.633333,0.233333,1400,3100,0.451613,163.333333,416a2c883115f79ca748415171c8bd3a0ffbd6d264c3bd924f438a9db2c25078,candle_path_not_fill,UNAVAILABLE,UNAVAILABLE,UNAVAILABLE,NOT_COMPUTABLE,UNAVAILABLE
path_bands,MONTE_CARLO,base_decomposition,mode_b_week_12_p95,29838.469124,usd,mode_b,superasi_bdebase_v1.0.0,grade_config_v1,2026-09-13T12:02:58Z,913e87a7c8d04ab0af447be670cfcda2,ITI Stress Q4 CROSS 65 REACH 85 40 ITI-05__913e87a7,3766439c96a7dd20c1a357cc9d344f52bdbbe213fb68782d4349329b8cd85c22,d42a28ee37542cabb6f140ba345b132015584963589d3732b3115ed80806cad0,6a547a4c14bdf2904cb47931457dc625742ef8654207540831709bc1c93ea690,ITI Stress Q4 CROSS 65 REACH 85 40 ITI-05,NBA,NBA,2025-2026,2025-10-10,2025-10-31,"{""date_from"":""2025-10-10"",""date_to"":""2025-10-31"",""game_data"":[""pbp""],""leagues"":[""NBA""],""market_data"":[""candles""],""markets"":[""kalshi""],""seasons"":[""2025-2026""],""sports"":[""NBA""]}",TRADABLE_YES_BID,1_MINUTE_CANDLE,available_at,CROSS,"{""id"":""entry_iti_stress"",""op"":""CROSS"",""period"":""Q4"",""price_e4"":7100}",REACH,"{""id"":""win_iti_stress"",""op"":""REACH"",""outcome"":""win"",""price_e4"":8500}",REACH,"{""id"":""loss_iti_stress"",""op"":""REACH"",""outcome"":""loss"",""price_e4"":4000}",HOLD_TO_SETTLEMENT,75d368edb0ad750c5bc7596a46abdf3fabdfd8d1471175a99677c2075fcaeeea,1.0.0,2026-09-13T06:28:48Z,1.0.0,1.0.0,1.0.0,2026-09-13T06:28:48Z,READY,30,19,7,0.633333,0.233333,1400,3100,0.451613,163.333333,416a2c883115f79ca748415171c8bd3a0ffbd6d264c3bd924f438a9db2c25078,candle_path_not_fill,UNAVAILABLE,UNAVAILABLE,UNAVAILABLE,NOT_COMPUTABLE,UNAVAILABLE
path_bands,MONTE_CARLO,base_decomposition,mode_b_week_13_p5,18022.904042,usd,mode_b,superasi_bdebase_v1.0.0,grade_config_v1,2026-09-13T12:02:58Z,913e87a7c8d04ab0af447be670cfcda2,ITI Stress Q4 CROSS 65 REACH 85 40 ITI-05__913e87a7,3766439c96a7dd20c1a357cc9d344f52bdbbe213fb68782d4349329b8cd85c22,d42a28ee37542cabb6f140ba345b132015584963589d3732b3115ed80806cad0,6a547a4c14bdf2904cb47931457dc625742ef8654207540831709bc1c93ea690,ITI Stress Q4 CROSS 65 REACH 85 40 ITI-05,NBA,NBA,2025-2026,2025-10-10,2025-10-31,"{""date_from"":""2025-10-10"",""date_to"":""2025-10-31"",""game_data"":[""pbp""],""leagues"":[""NBA""],""market_data"":[""candles""],""markets"":[""kalshi""],""seasons"":[""2025-2026""],""sports"":[""NBA""]}",TRADABLE_YES_BID,1_MINUTE_CANDLE,available_at,CROSS,"{""id"":""entry_iti_stress"",""op"":""CROSS"",""period"":""Q4"",""price_e4"":7100}",REACH,"{""id"":""win_iti_stress"",""op"":""REACH"",""outcome"":""win"",""price_e4"":8500}",REACH,"{""id"":""loss_iti_stress"",""op"":""REACH"",""outcome"":""loss"",""price_e4"":4000}",HOLD_TO_SETTLEMENT,75d368edb0ad750c5bc7596a46abdf3fabdfd8d1471175a99677c2075fcaeeea,1.0.0,2026-09-13T06:28:48Z,1.0.0,1.0.0,1.0.0,2026-09-13T06:28:48Z,READY,30,19,7,0.633333,0.233333,1400,3100,0.451613,163.333333,416a2c883115f79ca748415171c8bd3a0ffbd6d264c3bd924f438a9db2c25078,candle_path_not_fill,UNAVAILABLE,UNAVAILABLE,UNAVAILABLE,NOT_COMPUTABLE,UNAVAILABLE
path_bands,MONTE_CARLO,base_decomposition,mode_b_week_13_p25,21228.242251,usd,mode_b,superasi_bdebase_v1.0.0,grade_config_v1,2026-09-13T12:02:58Z,913e87a7c8d04ab0af447be670cfcda2,ITI Stress Q4 CROSS 65 REACH 85 40 ITI-05__913e87a7,3766439c96a7dd20c1a357cc9d344f52bdbbe213fb68782d4349329b8cd85c22,d42a28ee37542cabb6f140ba345b132015584963589d3732b3115ed80806cad0,6a547a4c14bdf2904cb47931457dc625742ef8654207540831709bc1c93ea690,ITI Stress Q4 CROSS 65 REACH 85 40 ITI-05,NBA,NBA,2025-2026,2025-10-10,2025-10-31,"{""date_from"":""2025-10-10"",""date_to"":""2025-10-31"",""game_data"":[""pbp""],""leagues"":[""NBA""],""market_data"":[""candles""],""markets"":[""kalshi""],""seasons"":[""2025-2026""],""sports"":[""NBA""]}",TRADABLE_YES_BID,1_MINUTE_CANDLE,available_at,CROSS,"{""id"":""entry_iti_stress"",""op"":""CROSS"",""period"":""Q4"",""price_e4"":7100}",REACH,"{""id"":""win_iti_stress"",""op"":""REACH"",""outcome"":""win"",""price_e4"":8500}",REACH,"{""id"":""loss_iti_stress"",""op"":""REACH"",""outcome"":""loss"",""price_e4"":4000}",HOLD_TO_SETTLEMENT,75d368edb0ad750c5bc7596a46abdf3fabdfd8d1471175a99677c2075fcaeeea,1.0.0,2026-09-13T06:28:48Z,1.0.0,1.0.0,1.0.0,2026-09-13T06:28:48Z,READY,30,19,7,0.633333,0.233333,1400,3100,0.451613,163.333333,416a2c883115f79ca748415171c8bd3a0ffbd6d264c3bd924f438a9db2c25078,candle_path_not_fill,UNAVAILABLE,UNAVAILABLE,UNAVAILABLE,NOT_COMPUTABLE,UNAVAILABLE
path_bands,MONTE_CARLO,base_decomposition,mode_b_week_13_p50,23500.901074,usd,mode_b,superasi_bdebase_v1.0.0,grade_config_v1,2026-09-13T12:02:58Z,913e87a7c8d04ab0af447be670cfcda2,ITI Stress Q4 CROSS 65 REACH 85 40 ITI-05__913e87a7,3766439c96a7dd20c1a357cc9d344f52bdbbe213fb68782d4349329b8cd85c22,d42a28ee37542cabb6f140ba345b132015584963589d3732b3115ed80806cad0,6a547a4c14bdf2904cb47931457dc625742ef8654207540831709bc1c93ea690,ITI Stress Q4 CROSS 65 REACH 85 40 ITI-05,NBA,NBA,2025-2026,2025-10-10,2025-10-31,"{""date_from"":""2025-10-10"",""date_to"":""2025-10-31"",""game_data"":[""pbp""],""leagues"":[""NBA""],""market_data"":[""candles""],""markets"":[""kalshi""],""seasons"":[""2025-2026""],""sports"":[""NBA""]}",TRADABLE_YES_BID,1_MINUTE_CANDLE,available_at,CROSS,"{""id"":""entry_iti_stress"",""op"":""CROSS"",""period"":""Q4"",""price_e4"":7100}",REACH,"{""id"":""win_iti_stress"",""op"":""REACH"",""outcome"":""win"",""price_e4"":8500}",REACH,"{""id"":""loss_iti_stress"",""op"":""REACH"",""outcome"":""loss"",""price_e4"":4000}",HOLD_TO_SETTLEMENT,75d368edb0ad750c5bc7596a46abdf3fabdfd8d1471175a99677c2075fcaeeea,1.0.0,2026-09-13T06:28:48Z,1.0.0,1.0.0,1.0.0,2026-09-13T06:28:48Z,READY,30,19,7,0.633333,0.233333,1400,3100,0.451613,163.333333,416a2c883115f79ca748415171c8bd3a0ffbd6d264c3bd924f438a9db2c25078,candle_path_not_fill,UNAVAILABLE,UNAVAILABLE,UNAVAILABLE,NOT_COMPUTABLE,UNAVAILABLE
path_bands,MONTE_CARLO,base_decomposition,mode_b_week_13_p75,25948.858665,usd,mode_b,superasi_bdebase_v1.0.0,grade_config_v1,2026-09-13T12:02:58Z,913e87a7c8d04ab0af447be670cfcda2,ITI Stress Q4 CROSS 65 REACH 85 40 ITI-05__913e87a7,3766439c96a7dd20c1a357cc9d344f52bdbbe213fb68782d4349329b8cd85c22,d42a28ee37542cabb6f140ba345b132015584963589d3732b3115ed80806cad0,6a547a4c14bdf2904cb47931457dc625742ef8654207540831709bc1c93ea690,ITI Stress Q4 CROSS 65 REACH 85 40 ITI-05,NBA,NBA,2025-2026,2025-10-10,2025-10-31,"{""date_from"":""2025-10-10"",""date_to"":""2025-10-31"",""game_data"":[""pbp""],""leagues"":[""NBA""],""market_data"":[""candles""],""markets"":[""kalshi""],""seasons"":[""2025-2026""],""sports"":[""NBA""]}",TRADABLE_YES_BID,1_MINUTE_CANDLE,available_at,CROSS,"{""id"":""entry_iti_stress"",""op"":""CROSS"",""period"":""Q4"",""price_e4"":7100}",REACH,"{""id"":""win_iti_stress"",""op"":""REACH"",""outcome"":""win"",""price_e4"":8500}",REACH,"{""id"":""loss_iti_stress"",""op"":""REACH"",""outcome"":""loss"",""price_e4"":4000}",HOLD_TO_SETTLEMENT,75d368edb0ad750c5bc7596a46abdf3fabdfd8d1471175a99677c2075fcaeeea,1.0.0,2026-09-13T06:28:48Z,1.0.0,1.0.0,1.0.0,2026-09-13T06:28:48Z,READY,30,19,7,0.633333,0.233333,1400,3100,0.451613,163.333333,416a2c883115f79ca748415171c8bd3a0ffbd6d264c3bd924f438a9db2c25078,candle_path_not_fill,UNAVAILABLE,UNAVAILABLE,UNAVAILABLE,NOT_COMPUTABLE,UNAVAILABLE
path_bands,MONTE_CARLO,base_decomposition,mode_b_week_13_p95,30203.126271,usd,mode_b,superasi_bdebase_v1.0.0,grade_config_v1,2026-09-13T12:02:58Z,913e87a7c8d04ab0af447be670cfcda2,ITI Stress Q4 CROSS 65 REACH 85 40 ITI-05__913e87a7,3766439c96a7dd20c1a357cc9d344f52bdbbe213fb68782d4349329b8cd85c22,d42a28ee37542cabb6f140ba345b132015584963589d3732b3115ed80806cad0,6a547a4c14bdf2904cb47931457dc625742ef8654207540831709bc1c93ea690,ITI Stress Q4 CROSS 65 REACH 85 40 ITI-05,NBA,NBA,2025-2026,2025-10-10,2025-10-31,"{""date_from"":""2025-10-10"",""date_to"":""2025-10-31"",""game_data"":[""pbp""],""leagues"":[""NBA""],""market_data"":[""candles""],""markets"":[""kalshi""],""seasons"":[""2025-2026""],""sports"":[""NBA""]}",TRADABLE_YES_BID,1_MINUTE_CANDLE,available_at,CROSS,"{""id"":""entry_iti_stress"",""op"":""CROSS"",""period"":""Q4"",""price_e4"":7100}",REACH,"{""id"":""win_iti_stress"",""op"":""REACH"",""outcome"":""win"",""price_e4"":8500}",REACH,"{""id"":""loss_iti_stress"",""op"":""REACH"",""outcome"":""loss"",""price_e4"":4000}",HOLD_TO_SETTLEMENT,75d368edb0ad750c5bc7596a46abdf3fabdfd8d1471175a99677c2075fcaeeea,1.0.0,2026-09-13T06:28:48Z,1.0.0,1.0.0,1.0.0,2026-09-13T06:28:48Z,READY,30,19,7,0.633333,0.233333,1400,3100,0.451613,163.333333,416a2c883115f79ca748415171c8bd3a0ffbd6d264c3bd924f438a9db2c25078,candle_path_not_fill,UNAVAILABLE,UNAVAILABLE,UNAVAILABLE,NOT_COMPUTABLE,UNAVAILABLE
path_bands,MONTE_CARLO,base_decomposition,mode_b_week_14_p5,18046.903495,usd,mode_b,superasi_bdebase_v1.0.0,grade_config_v1,2026-09-13T12:02:58Z,913e87a7c8d04ab0af447be670cfcda2,ITI Stress Q4 CROSS 65 REACH 85 40 ITI-05__913e87a7,3766439c96a7dd20c1a357cc9d344f52bdbbe213fb68782d4349329b8cd85c22,d42a28ee37542cabb6f140ba345b132015584963589d3732b3115ed80806cad0,6a547a4c14bdf2904cb47931457dc625742ef8654207540831709bc1c93ea690,ITI Stress Q4 CROSS 65 REACH 85 40 ITI-05,NBA,NBA,2025-2026,2025-10-10,2025-10-31,"{""date_from"":""2025-10-10"",""date_to"":""2025-10-31"",""game_data"":[""pbp""],""leagues"":[""NBA""],""market_data"":[""candles""],""markets"":[""kalshi""],""seasons"":[""2025-2026""],""sports"":[""NBA""]}",TRADABLE_YES_BID,1_MINUTE_CANDLE,available_at,CROSS,"{""id"":""entry_iti_stress"",""op"":""CROSS"",""period"":""Q4"",""price_e4"":7100}",REACH,"{""id"":""win_iti_stress"",""op"":""REACH"",""outcome"":""win"",""price_e4"":8500}",REACH,"{""id"":""loss_iti_stress"",""op"":""REACH"",""outcome"":""loss"",""price_e4"":4000}",HOLD_TO_SETTLEMENT,75d368edb0ad750c5bc7596a46abdf3fabdfd8d1471175a99677c2075fcaeeea,1.0.0,2026-09-13T06:28:48Z,1.0.0,1.0.0,1.0.0,2026-09-13T06:28:48Z,READY,30,19,7,0.633333,0.233333,1400,3100,0.451613,163.333333,416a2c883115f79ca748415171c8bd3a0ffbd6d264c3bd924f438a9db2c25078,candle_path_not_fill,UNAVAILABLE,UNAVAILABLE,UNAVAILABLE,NOT_COMPUTABLE,UNAVAILABLE
path_bands,MONTE_CARLO,base_decomposition,mode_b_week_14_p25,21346.953561,usd,mode_b,superasi_bdebase_v1.0.0,grade_config_v1,2026-09-13T12:02:58Z,913e87a7c8d04ab0af447be670cfcda2,ITI Stress Q4 CROSS 65 REACH 85 40 ITI-05__913e87a7,3766439c96a7dd20c1a357cc9d344f52bdbbe213fb68782d4349329b8cd85c22,d42a28ee37542cabb6f140ba345b132015584963589d3732b3115ed80806cad0,6a547a4c14bdf2904cb47931457dc625742ef8654207540831709bc1c93ea690,ITI Stress Q4 CROSS 65 REACH 85 40 ITI-05,NBA,NBA,2025-2026,2025-10-10,2025-10-31,"{""date_from"":""2025-10-10"",""date_to"":""2025-10-31"",""game_data"":[""pbp""],""leagues"":[""NBA""],""market_data"":[""candles""],""markets"":[""kalshi""],""seasons"":[""2025-2026""],""sports"":[""NBA""]}",TRADABLE_YES_BID,1_MINUTE_CANDLE,available_at,CROSS,"{""id"":""entry_iti_stress"",""op"":""CROSS"",""period"":""Q4"",""price_e4"":7100}",REACH,"{""id"":""win_iti_stress"",""op"":""REACH"",""outcome"":""win"",""price_e4"":8500}",REACH,"{""id"":""loss_iti_stress"",""op"":""REACH"",""outcome"":""loss"",""price_e4"":4000}",HOLD_TO_SETTLEMENT,75d368edb0ad750c5bc7596a46abdf3fabdfd8d1471175a99677c2075fcaeeea,1.0.0,2026-09-13T06:28:48Z,1.0.0,1.0.0,1.0.0,2026-09-13T06:28:48Z,READY,30,19,7,0.633333,0.233333,1400,3100,0.451613,163.333333,416a2c883115f79ca748415171c8bd3a0ffbd6d264c3bd924f438a9db2c25078,candle_path_not_fill,UNAVAILABLE,UNAVAILABLE,UNAVAILABLE,NOT_COMPUTABLE,UNAVAILABLE
path_bands,MONTE_CARLO,base_decomposition,mode_b_week_14_p50,23651.766453,usd,mode_b,superasi_bdebase_v1.0.0,grade_config_v1,2026-09-13T12:02:58Z,913e87a7c8d04ab0af447be670cfcda2,ITI Stress Q4 CROSS 65 REACH 85 40 ITI-05__913e87a7,3766439c96a7dd20c1a357cc9d344f52bdbbe213fb68782d4349329b8cd85c22,d42a28ee37542cabb6f140ba345b132015584963589d3732b3115ed80806cad0,6a547a4c14bdf2904cb47931457dc625742ef8654207540831709bc1c93ea690,ITI Stress Q4 CROSS 65 REACH 85 40 ITI-05,NBA,NBA,2025-2026,2025-10-10,2025-10-31,"{""date_from"":""2025-10-10"",""date_to"":""2025-10-31"",""game_data"":[""pbp""],""leagues"":[""NBA""],""market_data"":[""candles""],""markets"":[""kalshi""],""seasons"":[""2025-2026""],""sports"":[""NBA""]}",TRADABLE_YES_BID,1_MINUTE_CANDLE,available_at,CROSS,"{""id"":""entry_iti_stress"",""op"":""CROSS"",""period"":""Q4"",""price_e4"":7100}",REACH,"{""id"":""win_iti_stress"",""op"":""REACH"",""outcome"":""win"",""price_e4"":8500}",REACH,"{""id"":""loss_iti_stress"",""op"":""REACH"",""outcome"":""loss"",""price_e4"":4000}",HOLD_TO_SETTLEMENT,75d368edb0ad750c5bc7596a46abdf3fabdfd8d1471175a99677c2075fcaeeea,1.0.0,2026-09-13T06:28:48Z,1.0.0,1.0.0,1.0.0,2026-09-13T06:28:48Z,READY,30,19,7,0.633333,0.233333,1400,3100,0.451613,163.333333,416a2c883115f79ca748415171c8bd3a0ffbd6d264c3bd924f438a9db2c25078,candle_path_not_fill,UNAVAILABLE,UNAVAILABLE,UNAVAILABLE,NOT_COMPUTABLE,UNAVAILABLE
path_bands,MONTE_CARLO,base_decomposition,mode_b_week_14_p75,26656.711473,usd,mode_b,superasi_bdebase_v1.0.0,grade_config_v1,2026-09-13T12:02:58Z,913e87a7c8d04ab0af447be670cfcda2,ITI Stress Q4 CROSS 65 REACH 85 40 ITI-05__913e87a7,3766439c96a7dd20c1a357cc9d344f52bdbbe213fb68782d4349329b8cd85c22,d42a28ee37542cabb6f140ba345b132015584963589d3732b3115ed80806cad0,6a547a4c14bdf2904cb47931457dc625742ef8654207540831709bc1c93ea690,ITI Stress Q4 CROSS 65 REACH 85 40 ITI-05,NBA,NBA,2025-2026,2025-10-10,2025-10-31,"{""date_from"":""2025-10-10"",""date_to"":""2025-10-31"",""game_data"":[""pbp""],""leagues"":[""NBA""],""market_data"":[""candles""],""markets"":[""kalshi""],""seasons"":[""2025-2026""],""sports"":[""NBA""]}",TRADABLE_YES_BID,1_MINUTE_CANDLE,available_at,CROSS,"{""id"":""entry_iti_stress"",""op"":""CROSS"",""period"":""Q4"",""price_e4"":7100}",REACH,"{""id"":""win_iti_stress"",""op"":""REACH"",""outcome"":""win"",""price_e4"":8500}",REACH,"{""id"":""loss_iti_stress"",""op"":""REACH"",""outcome"":""loss"",""price_e4"":4000}",HOLD_TO_SETTLEMENT,75d368edb0ad750c5bc7596a46abdf3fabdfd8d1471175a99677c2075fcaeeea,1.0.0,2026-09-13T06:28:48Z,1.0.0,1.0.0,1.0.0,2026-09-13T06:28:48Z,READY,30,19,7,0.633333,0.233333,1400,3100,0.451613,163.333333,416a2c883115f79ca748415171c8bd3a0ffbd6d264c3bd924f438a9db2c25078,candle_path_not_fill,UNAVAILABLE,UNAVAILABLE,UNAVAILABLE,NOT_COMPUTABLE,UNAVAILABLE
path_bands,MONTE_CARLO,base_decomposition,mode_b_week_14_p95,31118.352525,usd,mode_b,superasi_bdebase_v1.0.0,grade_config_v1,2026-09-13T12:02:58Z,913e87a7c8d04ab0af447be670cfcda2,ITI Stress Q4 CROSS 65 REACH 85 40 ITI-05__913e87a7,3766439c96a7dd20c1a357cc9d344f52bdbbe213fb68782d4349329b8cd85c22,d42a28ee37542cabb6f140ba345b132015584963589d3732b3115ed80806cad0,6a547a4c14bdf2904cb47931457dc625742ef8654207540831709bc1c93ea690,ITI Stress Q4 CROSS 65 REACH 85 40 ITI-05,NBA,NBA,2025-2026,2025-10-10,2025-10-31,"{""date_from"":""2025-10-10"",""date_to"":""2025-10-31"",""game_data"":[""pbp""],""leagues"":[""NBA""],""market_data"":[""candles""],""markets"":[""kalshi""],""seasons"":[""2025-2026""],""sports"":[""NBA""]}",TRADABLE_YES_BID,1_MINUTE_CANDLE,available_at,CROSS,"{""id"":""entry_iti_stress"",""op"":""CROSS"",""period"":""Q4"",""price_e4"":7100}",REACH,"{""id"":""win_iti_stress"",""op"":""REACH"",""outcome"":""win"",""price_e4"":8500}",REACH,"{""id"":""loss_iti_stress"",""op"":""REACH"",""outcome"":""loss"",""price_e4"":4000}",HOLD_TO_SETTLEMENT,75d368edb0ad750c5bc7596a46abdf3fabdfd8d1471175a99677c2075fcaeeea,1.0.0,2026-09-13T06:28:48Z,1.0.0,1.0.0,1.0.0,2026-09-13T06:28:48Z,READY,30,19,7,0.633333,0.233333,1400,3100,0.451613,163.333333,416a2c883115f79ca748415171c8bd3a0ffbd6d264c3bd924f438a9db2c25078,candle_path_not_fill,UNAVAILABLE,UNAVAILABLE,UNAVAILABLE,NOT_COMPUTABLE,UNAVAILABLE
path_bands,MONTE_CARLO,base_decomposition,mode_b_week_15_p5,18070.851282,usd,mode_b,superasi_bdebase_v1.0.0,grade_config_v1,2026-09-13T12:02:58Z,913e87a7c8d04ab0af447be670cfcda2,ITI Stress Q4 CROSS 65 REACH 85 40 ITI-05__913e87a7,3766439c96a7dd20c1a357cc9d344f52bdbbe213fb68782d4349329b8cd85c22,d42a28ee37542cabb6f140ba345b132015584963589d3732b3115ed80806cad0,6a547a4c14bdf2904cb47931457dc625742ef8654207540831709bc1c93ea690,ITI Stress Q4 CROSS 65 REACH 85 40 ITI-05,NBA,NBA,2025-2026,2025-10-10,2025-10-31,"{""date_from"":""2025-10-10"",""date_to"":""2025-10-31"",""game_data"":[""pbp""],""leagues"":[""NBA""],""market_data"":[""candles""],""markets"":[""kalshi""],""seasons"":[""2025-2026""],""sports"":[""NBA""]}",TRADABLE_YES_BID,1_MINUTE_CANDLE,available_at,CROSS,"{""id"":""entry_iti_stress"",""op"":""CROSS"",""period"":""Q4"",""price_e4"":7100}",REACH,"{""id"":""win_iti_stress"",""op"":""REACH"",""outcome"":""win"",""price_e4"":8500}",REACH,"{""id"":""loss_iti_stress"",""op"":""REACH"",""outcome"":""loss"",""price_e4"":4000}",HOLD_TO_SETTLEMENT,75d368edb0ad750c5bc7596a46abdf3fabdfd8d1471175a99677c2075fcaeeea,1.0.0,2026-09-13T06:28:48Z,1.0.0,1.0.0,1.0.0,2026-09-13T06:28:48Z,READY,30,19,7,0.633333,0.233333,1400,3100,0.451613,163.333333,416a2c883115f79ca748415171c8bd3a0ffbd6d264c3bd924f438a9db2c25078,candle_path_not_fill,UNAVAILABLE,UNAVAILABLE,UNAVAILABLE,NOT_COMPUTABLE,UNAVAILABLE
path_bands,MONTE_CARLO,base_decomposition,mode_b_week_15_p25,21463.616753,usd,mode_b,superasi_bdebase_v1.0.0,grade_config_v1,2026-09-13T12:02:58Z,913e87a7c8d04ab0af447be670cfcda2,ITI Stress Q4 CROSS 65 REACH 85 40 ITI-05__913e87a7,3766439c96a7dd20c1a357cc9d344f52bdbbe213fb68782d4349329b8cd85c22,d42a28ee37542cabb6f140ba345b132015584963589d3732b3115ed80806cad0,6a547a4c14bdf2904cb47931457dc625742ef8654207540831709bc1c93ea690,ITI Stress Q4 CROSS 65 REACH 85 40 ITI-05,NBA,NBA,2025-2026,2025-10-10,2025-10-31,"{""date_from"":""2025-10-10"",""date_to"":""2025-10-31"",""game_data"":[""pbp""],""leagues"":[""NBA""],""market_data"":[""candles""],""markets"":[""kalshi""],""seasons"":[""2025-2026""],""sports"":[""NBA""]}",TRADABLE_YES_BID,1_MINUTE_CANDLE,available_at,CROSS,"{""id"":""entry_iti_stress"",""op"":""CROSS"",""period"":""Q4"",""price_e4"":7100}",REACH,"{""id"":""win_iti_stress"",""op"":""REACH"",""outcome"":""win"",""price_e4"":8500}",REACH,"{""id"":""loss_iti_stress"",""op"":""REACH"",""outcome"":""loss"",""price_e4"":4000}",HOLD_TO_SETTLEMENT,75d368edb0ad750c5bc7596a46abdf3fabdfd8d1471175a99677c2075fcaeeea,1.0.0,2026-09-13T06:28:48Z,1.0.0,1.0.0,1.0.0,2026-09-13T06:28:48Z,READY,30,19,7,0.633333,0.233333,1400,3100,0.451613,163.333333,416a2c883115f79ca748415171c8bd3a0ffbd6d264c3bd924f438a9db2c25078,candle_path_not_fill,UNAVAILABLE,UNAVAILABLE,UNAVAILABLE,NOT_COMPUTABLE,UNAVAILABLE
path_bands,MONTE_CARLO,base_decomposition,mode_b_week_15_p50,24253.518519,usd,mode_b,superasi_bdebase_v1.0.0,grade_config_v1,2026-09-13T12:02:58Z,913e87a7c8d04ab0af447be670cfcda2,ITI Stress Q4 CROSS 65 REACH 85 40 ITI-05__913e87a7,3766439c96a7dd20c1a357cc9d344f52bdbbe213fb68782d4349329b8cd85c22,d42a28ee37542cabb6f140ba345b132015584963589d3732b3115ed80806cad0,6a547a4c14bdf2904cb47931457dc625742ef8654207540831709bc1c93ea690,ITI Stress Q4 CROSS 65 REACH 85 40 ITI-05,NBA,NBA,2025-2026,2025-10-10,2025-10-31,"{""date_from"":""2025-10-10"",""date_to"":""2025-10-31"",""game_data"":[""pbp""],""leagues"":[""NBA""],""market_data"":[""candles""],""markets"":[""kalshi""],""seasons"":[""2025-2026""],""sports"":[""NBA""]}",TRADABLE_YES_BID,1_MINUTE_CANDLE,available_at,CROSS,"{""id"":""entry_iti_stress"",""op"":""CROSS"",""period"":""Q4"",""price_e4"":7100}",REACH,"{""id"":""win_iti_stress"",""op"":""REACH"",""outcome"":""win"",""price_e4"":8500}",REACH,"{""id"":""loss_iti_stress"",""op"":""REACH"",""outcome"":""loss"",""price_e4"":4000}",HOLD_TO_SETTLEMENT,75d368edb0ad750c5bc7596a46abdf3fabdfd8d1471175a99677c2075fcaeeea,1.0.0,2026-09-13T06:28:48Z,1.0.0,1.0.0,1.0.0,2026-09-13T06:28:48Z,READY,30,19,7,0.633333,0.233333,1400,3100,0.451613,163.333333,416a2c883115f79ca748415171c8bd3a0ffbd6d264c3bd924f438a9db2c25078,candle_path_not_fill,UNAVAILABLE,UNAVAILABLE,UNAVAILABLE,NOT_COMPUTABLE,UNAVAILABLE
path_bands,MONTE_CARLO,base_decomposition,mode_b_week_15_p75,26856.090157,usd,mode_b,superasi_bdebase_v1.0.0,grade_config_v1,2026-09-13T12:02:58Z,913e87a7c8d04ab0af447be670cfcda2,ITI Stress Q4 CROSS 65 REACH 85 40 ITI-05__913e87a7,3766439c96a7dd20c1a357cc9d344f52bdbbe213fb68782d4349329b8cd85c22,d42a28ee37542cabb6f140ba345b132015584963589d3732b3115ed80806cad0,6a547a4c14bdf2904cb47931457dc625742ef8654207540831709bc1c93ea690,ITI Stress Q4 CROSS 65 REACH 85 40 ITI-05,NBA,NBA,2025-2026,2025-10-10,2025-10-31,"{""date_from"":""2025-10-10"",""date_to"":""2025-10-31"",""game_data"":[""pbp""],""leagues"":[""NBA""],""market_data"":[""candles""],""markets"":[""kalshi""],""seasons"":[""2025-2026""],""sports"":[""NBA""]}",TRADABLE_YES_BID,1_MINUTE_CANDLE,available_at,CROSS,"{""id"":""entry_iti_stress"",""op"":""CROSS"",""period"":""Q4"",""price_e4"":7100}",REACH,"{""id"":""win_iti_stress"",""op"":""REACH"",""outcome"":""win"",""price_e4"":8500}",REACH,"{""id"":""loss_iti_stress"",""op"":""REACH"",""outcome"":""loss"",""price_e4"":4000}",HOLD_TO_SETTLEMENT,75d368edb0ad750c5bc7596a46abdf3fabdfd8d1471175a99677c2075fcaeeea,1.0.0,2026-09-13T06:28:48Z,1.0.0,1.0.0,1.0.0,2026-09-13T06:28:48Z,READY,30,19,7,0.633333,0.233333,1400,3100,0.451613,163.333333,416a2c883115f79ca748415171c8bd3a0ffbd6d264c3bd924f438a9db2c25078,candle_path_not_fill,UNAVAILABLE,UNAVAILABLE,UNAVAILABLE,NOT_COMPUTABLE,UNAVAILABLE
path_bands,MONTE_CARLO,base_decomposition,mode_b_week_15_p95,31433.874401,usd,mode_b,superasi_bdebase_v1.0.0,grade_config_v1,2026-09-13T12:02:58Z,913e87a7c8d04ab0af447be670cfcda2,ITI Stress Q4 CROSS 65 REACH 85 40 ITI-05__913e87a7,3766439c96a7dd20c1a357cc9d344f52bdbbe213fb68782d4349329b8cd85c22,d42a28ee37542cabb6f140ba345b132015584963589d3732b3115ed80806cad0,6a547a4c14bdf2904cb47931457dc625742ef8654207540831709bc1c93ea690,ITI Stress Q4 CROSS 65 REACH 85 40 ITI-05,NBA,NBA,2025-2026,2025-10-10,2025-10-31,"{""date_from"":""2025-10-10"",""date_to"":""2025-10-31"",""game_data"":[""pbp""],""leagues"":[""NBA""],""market_data"":[""candles""],""markets"":[""kalshi""],""seasons"":[""2025-2026""],""sports"":[""NBA""]}",TRADABLE_YES_BID,1_MINUTE_CANDLE,available_at,CROSS,"{""id"":""entry_iti_stress"",""op"":""CROSS"",""period"":""Q4"",""price_e4"":7100}",REACH,"{""id"":""win_iti_stress"",""op"":""REACH"",""outcome"":""win"",""price_e4"":8500}",REACH,"{""id"":""loss_iti_stress"",""op"":""REACH"",""outcome"":""loss"",""price_e4"":4000}",HOLD_TO_SETTLEMENT,75d368edb0ad750c5bc7596a46abdf3fabdfd8d1471175a99677c2075fcaeeea,1.0.0,2026-09-13T06:28:48Z,1.0.0,1.0.0,1.0.0,2026-09-13T06:28:48Z,READY,30,19,7,0.633333,0.233333,1400,3100,0.451613,163.333333,416a2c883115f79ca748415171c8bd3a0ffbd6d264c3bd924f438a9db2c25078,candle_path_not_fill,UNAVAILABLE,UNAVAILABLE,UNAVAILABLE,NOT_COMPUTABLE,UNAVAILABLE
path_bands,MONTE_CARLO,base_decomposition,mode_b_week_16_p5,18056.651590,usd,mode_b,superasi_bdebase_v1.0.0,grade_config_v1,2026-09-13T12:02:58Z,913e87a7c8d04ab0af447be670cfcda2,ITI Stress Q4 CROSS 65 REACH 85 40 ITI-05__913e87a7,3766439c96a7dd20c1a357cc9d344f52bdbbe213fb68782d4349329b8cd85c22,d42a28ee37542cabb6f140ba345b132015584963589d3732b3115ed80806cad0,6a547a4c14bdf2904cb47931457dc625742ef8654207540831709bc1c93ea690,ITI Stress Q4 CROSS 65 REACH 85 40 ITI-05,NBA,NBA,2025-2026,2025-10-10,2025-10-31,"{""date_from"":""2025-10-10"",""date_to"":""2025-10-31"",""game_data"":[""pbp""],""leagues"":[""NBA""],""market_data"":[""candles""],""markets"":[""kalshi""],""seasons"":[""2025-2026""],""sports"":[""NBA""]}",TRADABLE_YES_BID,1_MINUTE_CANDLE,available_at,CROSS,"{""id"":""entry_iti_stress"",""op"":""CROSS"",""period"":""Q4"",""price_e4"":7100}",REACH,"{""id"":""win_iti_stress"",""op"":""REACH"",""outcome"":""win"",""price_e4"":8500}",REACH,"{""id"":""loss_iti_stress"",""op"":""REACH"",""outcome"":""loss"",""price_e4"":4000}",HOLD_TO_SETTLEMENT,75d368edb0ad750c5bc7596a46abdf3fabdfd8d1471175a99677c2075fcaeeea,1.0.0,2026-09-13T06:28:48Z,1.0.0,1.0.0,1.0.0,2026-09-13T06:28:48Z,READY,30,19,7,0.633333,0.233333,1400,3100,0.451613,163.333333,416a2c883115f79ca748415171c8bd3a0ffbd6d264c3bd924f438a9db2c25078,candle_path_not_fill,UNAVAILABLE,UNAVAILABLE,UNAVAILABLE,NOT_COMPUTABLE,UNAVAILABLE
path_bands,MONTE_CARLO,base_decomposition,mode_b_week_16_p25,21566.418585,usd,mode_b,superasi_bdebase_v1.0.0,grade_config_v1,2026-09-13T12:02:58Z,913e87a7c8d04ab0af447be670cfcda2,ITI Stress Q4 CROSS 65 REACH 85 40 ITI-05__913e87a7,3766439c96a7dd20c1a357cc9d344f52bdbbe213fb68782d4349329b8cd85c22,d42a28ee37542cabb6f140ba345b132015584963589d3732b3115ed80806cad0,6a547a4c14bdf2904cb47931457dc625742ef8654207540831709bc1c93ea690,ITI Stress Q4 CROSS 65 REACH 85 40 ITI-05,NBA,NBA,2025-2026,2025-10-10,2025-10-31,"{""date_from"":""2025-10-10"",""date_to"":""2025-10-31"",""game_data"":[""pbp""],""leagues"":[""NBA""],""market_data"":[""candles""],""markets"":[""kalshi""],""seasons"":[""2025-2026""],""sports"":[""NBA""]}",TRADABLE_YES_BID,1_MINUTE_CANDLE,available_at,CROSS,"{""id"":""entry_iti_stress"",""op"":""CROSS"",""period"":""Q4"",""price_e4"":7100}",REACH,"{""id"":""win_iti_stress"",""op"":""REACH"",""outcome"":""win"",""price_e4"":8500}",REACH,"{""id"":""loss_iti_stress"",""op"":""REACH"",""outcome"":""loss"",""price_e4"":4000}",HOLD_TO_SETTLEMENT,75d368edb0ad750c5bc7596a46abdf3fabdfd8d1471175a99677c2075fcaeeea,1.0.0,2026-09-13T06:28:48Z,1.0.0,1.0.0,1.0.0,2026-09-13T06:28:48Z,READY,30,19,7,0.633333,0.233333,1400,3100,0.451613,163.333333,416a2c883115f79ca748415171c8bd3a0ffbd6d264c3bd924f438a9db2c25078,candle_path_not_fill,UNAVAILABLE,UNAVAILABLE,UNAVAILABLE,NOT_COMPUTABLE,UNAVAILABLE
path_bands,MONTE_CARLO,base_decomposition,mode_b_week_16_p50,24415.893067,usd,mode_b,superasi_bdebase_v1.0.0,grade_config_v1,2026-09-13T12:02:58Z,913e87a7c8d04ab0af447be670cfcda2,ITI Stress Q4 CROSS 65 REACH 85 40 ITI-05__913e87a7,3766439c96a7dd20c1a357cc9d344f52bdbbe213fb68782d4349329b8cd85c22,d42a28ee37542cabb6f140ba345b132015584963589d3732b3115ed80806cad0,6a547a4c14bdf2904cb47931457dc625742ef8654207540831709bc1c93ea690,ITI Stress Q4 CROSS 65 REACH 85 40 ITI-05,NBA,NBA,2025-2026,2025-10-10,2025-10-31,"{""date_from"":""2025-10-10"",""date_to"":""2025-10-31"",""game_data"":[""pbp""],""leagues"":[""NBA""],""market_data"":[""candles""],""markets"":[""kalshi""],""seasons"":[""2025-2026""],""sports"":[""NBA""]}",TRADABLE_YES_BID,1_MINUTE_CANDLE,available_at,CROSS,"{""id"":""entry_iti_stress"",""op"":""CROSS"",""period"":""Q4"",""price_e4"":7100}",REACH,"{""id"":""win_iti_stress"",""op"":""REACH"",""outcome"":""win"",""price_e4"":8500}",REACH,"{""id"":""loss_iti_stress"",""op"":""REACH"",""outcome"":""loss"",""price_e4"":4000}",HOLD_TO_SETTLEMENT,75d368edb0ad750c5bc7596a46abdf3fabdfd8d1471175a99677c2075fcaeeea,1.0.0,2026-09-13T06:28:48Z,1.0.0,1.0.0,1.0.0,2026-09-13T06:28:48Z,READY,30,19,7,0.633333,0.233333,1400,3100,0.451613,163.333333,416a2c883115f79ca748415171c8bd3a0ffbd6d264c3bd924f438a9db2c25078,candle_path_not_fill,UNAVAILABLE,UNAVAILABLE,UNAVAILABLE,NOT_COMPUTABLE,UNAVAILABLE
path_bands,MONTE_CARLO,base_decomposition,mode_b_week_16_p75,27588.691119,usd,mode_b,superasi_bdebase_v1.0.0,grade_config_v1,2026-09-13T12:02:58Z,913e87a7c8d04ab0af447be670cfcda2,ITI Stress Q4 CROSS 65 REACH 85 40 ITI-05__913e87a7,3766439c96a7dd20c1a357cc9d344f52bdbbe213fb68782d4349329b8cd85c22,d42a28ee37542cabb6f140ba345b132015584963589d3732b3115ed80806cad0,6a547a4c14bdf2904cb47931457dc625742ef8654207540831709bc1c93ea690,ITI Stress Q4 CROSS 65 REACH 85 40 ITI-05,NBA,NBA,2025-2026,2025-10-10,2025-10-31,"{""date_from"":""2025-10-10"",""date_to"":""2025-10-31"",""game_data"":[""pbp""],""leagues"":[""NBA""],""market_data"":[""candles""],""markets"":[""kalshi""],""seasons"":[""2025-2026""],""sports"":[""NBA""]}",TRADABLE_YES_BID,1_MINUTE_CANDLE,available_at,CROSS,"{""id"":""entry_iti_stress"",""op"":""CROSS"",""period"":""Q4"",""price_e4"":7100}",REACH,"{""id"":""win_iti_stress"",""op"":""REACH"",""outcome"":""win"",""price_e4"":8500}",REACH,"{""id"":""loss_iti_stress"",""op"":""REACH"",""outcome"":""loss"",""price_e4"":4000}",HOLD_TO_SETTLEMENT,75d368edb0ad750c5bc7596a46abdf3fabdfd8d1471175a99677c2075fcaeeea,1.0.0,2026-09-13T06:28:48Z,1.0.0,1.0.0,1.0.0,2026-09-13T06:28:48Z,READY,30,19,7,0.633333,0.233333,1400,3100,0.451613,163.333333,416a2c883115f79ca748415171c8bd3a0ffbd6d264c3bd924f438a9db2c25078,candle_path_not_fill,UNAVAILABLE,UNAVAILABLE,UNAVAILABLE,NOT_COMPUTABLE,UNAVAILABLE
path_bands,MONTE_CARLO,base_decomposition,mode_b_week_16_p95,32359.769114,usd,mode_b,superasi_bdebase_v1.0.0,grade_config_v1,2026-09-13T12:02:58Z,913e87a7c8d04ab0af447be670cfcda2,ITI Stress Q4 CROSS 65 REACH 85 40 ITI-05__913e87a7,3766439c96a7dd20c1a357cc9d344f52bdbbe213fb68782d4349329b8cd85c22,d42a28ee37542cabb6f140ba345b132015584963589d3732b3115ed80806cad0,6a547a4c14bdf2904cb47931457dc625742ef8654207540831709bc1c93ea690,ITI Stress Q4 CROSS 65 REACH 85 40 ITI-05,NBA,NBA,2025-2026,2025-10-10,2025-10-31,"{""date_from"":""2025-10-10"",""date_to"":""2025-10-31"",""game_data"":[""pbp""],""leagues"":[""NBA""],""market_data"":[""candles""],""markets"":[""kalshi""],""seasons"":[""2025-2026""],""sports"":[""NBA""]}",TRADABLE_YES_BID,1_MINUTE_CANDLE,available_at,CROSS,"{""id"":""entry_iti_stress"",""op"":""CROSS"",""period"":""Q4"",""price_e4"":7100}",REACH,"{""id"":""win_iti_stress"",""op"":""REACH"",""outcome"":""win"",""price_e4"":8500}",REACH,"{""id"":""loss_iti_stress"",""op"":""REACH"",""outcome"":""loss"",""price_e4"":4000}",HOLD_TO_SETTLEMENT,75d368edb0ad750c5bc7596a46abdf3fabdfd8d1471175a99677c2075fcaeeea,1.0.0,2026-09-13T06:28:48Z,1.0.0,1.0.0,1.0.0,2026-09-13T06:28:48Z,READY,30,19,7,0.633333,0.233333,1400,3100,0.451613,163.333333,416a2c883115f79ca748415171c8bd3a0ffbd6d264c3bd924f438a9db2c25078,candle_path_not_fill,UNAVAILABLE,UNAVAILABLE,UNAVAILABLE,NOT_COMPUTABLE,UNAVAILABLE
path_bands,MONTE_CARLO,base_decomposition,mode_b_week_17_p5,18138.602578,usd,mode_b,superasi_bdebase_v1.0.0,grade_config_v1,2026-09-13T12:02:58Z,913e87a7c8d04ab0af447be670cfcda2,ITI Stress Q4 CROSS 65 REACH 85 40 ITI-05__913e87a7,3766439c96a7dd20c1a357cc9d344f52bdbbe213fb68782d4349329b8cd85c22,d42a28ee37542cabb6f140ba345b132015584963589d3732b3115ed80806cad0,6a547a4c14bdf2904cb47931457dc625742ef8654207540831709bc1c93ea690,ITI Stress Q4 CROSS 65 REACH 85 40 ITI-05,NBA,NBA,2025-2026,2025-10-10,2025-10-31,"{""date_from"":""2025-10-10"",""date_to"":""2025-10-31"",""game_data"":[""pbp""],""leagues"":[""NBA""],""market_data"":[""candles""],""markets"":[""kalshi""],""seasons"":[""2025-2026""],""sports"":[""NBA""]}",TRADABLE_YES_BID,1_MINUTE_CANDLE,available_at,CROSS,"{""id"":""entry_iti_stress"",""op"":""CROSS"",""period"":""Q4"",""price_e4"":7100}",REACH,"{""id"":""win_iti_stress"",""op"":""REACH"",""outcome"":""win"",""price_e4"":8500}",REACH,"{""id"":""loss_iti_stress"",""op"":""REACH"",""outcome"":""loss"",""price_e4"":4000}",HOLD_TO_SETTLEMENT,75d368edb0ad750c5bc7596a46abdf3fabdfd8d1471175a99677c2075fcaeeea,1.0.0,2026-09-13T06:28:48Z,1.0.0,1.0.0,1.0.0,2026-09-13T06:28:48Z,READY,30,19,7,0.633333,0.233333,1400,3100,0.451613,163.333333,416a2c883115f79ca748415171c8bd3a0ffbd6d264c3bd924f438a9db2c25078,candle_path_not_fill,UNAVAILABLE,UNAVAILABLE,UNAVAILABLE,NOT_COMPUTABLE,UNAVAILABLE
path_bands,MONTE_CARLO,base_decomposition,mode_b_week_17_p25,21703.314668,usd,mode_b,superasi_bdebase_v1.0.0,grade_config_v1,2026-09-13T12:02:58Z,913e87a7c8d04ab0af447be670cfcda2,ITI Stress Q4 CROSS 65 REACH 85 40 ITI-05__913e87a7,3766439c96a7dd20c1a357cc9d344f52bdbbe213fb68782d4349329b8cd85c22,d42a28ee37542cabb6f140ba345b132015584963589d3732b3115ed80806cad0,6a547a4c14bdf2904cb47931457dc625742ef8654207540831709bc1c93ea690,ITI Stress Q4 CROSS 65 REACH 85 40 ITI-05,NBA,NBA,2025-2026,2025-10-10,2025-10-31,"{""date_from"":""2025-10-10"",""date_to"":""2025-10-31"",""game_data"":[""pbp""],""leagues"":[""NBA""],""market_data"":[""candles""],""markets"":[""kalshi""],""seasons"":[""2025-2026""],""sports"":[""NBA""]}",TRADABLE_YES_BID,1_MINUTE_CANDLE,available_at,CROSS,"{""id"":""entry_iti_stress"",""op"":""CROSS"",""period"":""Q4"",""price_e4"":7100}",REACH,"{""id"":""win_iti_stress"",""op"":""REACH"",""outcome"":""win"",""price_e4"":8500}",REACH,"{""id"":""loss_iti_stress"",""op"":""REACH"",""outcome"":""loss"",""price_e4"":4000}",HOLD_TO_SETTLEMENT,75d368edb0ad750c5bc7596a46abdf3fabdfd8d1471175a99677c2075fcaeeea,1.0.0,2026-09-13T06:28:48Z,1.0.0,1.0.0,1.0.0,2026-09-13T06:28:48Z,READY,30,19,7,0.633333,0.233333,1400,3100,0.451613,163.333333,416a2c883115f79ca748415171c8bd3a0ffbd6d264c3bd924f438a9db2c25078,candle_path_not_fill,UNAVAILABLE,UNAVAILABLE,UNAVAILABLE,NOT_COMPUTABLE,UNAVAILABLE
path_bands,MONTE_CARLO,base_decomposition,mode_b_week_17_p50,24580.358867,usd,mode_b,superasi_bdebase_v1.0.0,grade_config_v1,2026-09-13T12:02:58Z,913e87a7c8d04ab0af447be670cfcda2,ITI Stress Q4 CROSS 65 REACH 85 40 ITI-05__913e87a7,3766439c96a7dd20c1a357cc9d344f52bdbbe213fb68782d4349329b8cd85c22,d42a28ee37542cabb6f140ba345b132015584963589d3732b3115ed80806cad0,6a547a4c14bdf2904cb47931457dc625742ef8654207540831709bc1c93ea690,ITI Stress Q4 CROSS 65 REACH 85 40 ITI-05,NBA,NBA,2025-2026,2025-10-10,2025-10-31,"{""date_from"":""2025-10-10"",""date_to"":""2025-10-31"",""game_data"":[""pbp""],""leagues"":[""NBA""],""market_data"":[""candles""],""markets"":[""kalshi""],""seasons"":[""2025-2026""],""sports"":[""NBA""]}",TRADABLE_YES_BID,1_MINUTE_CANDLE,available_at,CROSS,"{""id"":""entry_iti_stress"",""op"":""CROSS"",""period"":""Q4"",""price_e4"":7100}",REACH,"{""id"":""win_iti_stress"",""op"":""REACH"",""outcome"":""win"",""price_e4"":8500}",REACH,"{""id"":""loss_iti_stress"",""op"":""REACH"",""outcome"":""loss"",""price_e4"":4000}",HOLD_TO_SETTLEMENT,75d368edb0ad750c5bc7596a46abdf3fabdfd8d1471175a99677c2075fcaeeea,1.0.0,2026-09-13T06:28:48Z,1.0.0,1.0.0,1.0.0,2026-09-13T06:28:48Z,READY,30,19,7,0.633333,0.233333,1400,3100,0.451613,163.333333,416a2c883115f79ca748415171c8bd3a0ffbd6d264c3bd924f438a9db2c25078,candle_path_not_fill,UNAVAILABLE,UNAVAILABLE,UNAVAILABLE,NOT_COMPUTABLE,UNAVAILABLE
path_bands,MONTE_CARLO,base_decomposition,mode_b_week_17_p75,27816.070212,usd,mode_b,superasi_bdebase_v1.0.0,grade_config_v1,2026-09-13T12:02:58Z,913e87a7c8d04ab0af447be670cfcda2,ITI Stress Q4 CROSS 65 REACH 85 40 ITI-05__913e87a7,3766439c96a7dd20c1a357cc9d344f52bdbbe213fb68782d4349329b8cd85c22,d42a28ee37542cabb6f140ba345b132015584963589d3732b3115ed80806cad0,6a547a4c14bdf2904cb47931457dc625742ef8654207540831709bc1c93ea690,ITI Stress Q4 CROSS 65 REACH 85 40 ITI-05,NBA,NBA,2025-2026,2025-10-10,2025-10-31,"{""date_from"":""2025-10-10"",""date_to"":""2025-10-31"",""game_data"":[""pbp""],""leagues"":[""NBA""],""market_data"":[""candles""],""markets"":[""kalshi""],""seasons"":[""2025-2026""],""sports"":[""NBA""]}",TRADABLE_YES_BID,1_MINUTE_CANDLE,available_at,CROSS,"{""id"":""entry_iti_stress"",""op"":""CROSS"",""period"":""Q4"",""price_e4"":7100}",REACH,"{""id"":""win_iti_stress"",""op"":""REACH"",""outcome"":""win"",""price_e4"":8500}",REACH,"{""id"":""loss_iti_stress"",""op"":""REACH"",""outcome"":""loss"",""price_e4"":4000}",HOLD_TO_SETTLEMENT,75d368edb0ad750c5bc7596a46abdf3fabdfd8d1471175a99677c2075fcaeeea,1.0.0,2026-09-13T06:28:48Z,1.0.0,1.0.0,1.0.0,2026-09-13T06:28:48Z,READY,30,19,7,0.633333,0.233333,1400,3100,0.451613,163.333333,416a2c883115f79ca748415171c8bd3a0ffbd6d264c3bd924f438a9db2c25078,candle_path_not_fill,UNAVAILABLE,UNAVAILABLE,UNAVAILABLE,NOT_COMPUTABLE,UNAVAILABLE
path_bands,MONTE_CARLO,base_decomposition,mode_b_week_17_p95,33254.940156,usd,mode_b,superasi_bdebase_v1.0.0,grade_config_v1,2026-09-13T12:02:58Z,913e87a7c8d04ab0af447be670cfcda2,ITI Stress Q4 CROSS 65 REACH 85 40 ITI-05__913e87a7,3766439c96a7dd20c1a357cc9d344f52bdbbe213fb68782d4349329b8cd85c22,d42a28ee37542cabb6f140ba345b132015584963589d3732b3115ed80806cad0,6a547a4c14bdf2904cb47931457dc625742ef8654207540831709bc1c93ea690,ITI Stress Q4 CROSS 65 REACH 85 40 ITI-05,NBA,NBA,2025-2026,2025-10-10,2025-10-31,"{""date_from"":""2025-10-10"",""date_to"":""2025-10-31"",""game_data"":[""pbp""],""leagues"":[""NBA""],""market_data"":[""candles""],""markets"":[""kalshi""],""seasons"":[""2025-2026""],""sports"":[""NBA""]}",TRADABLE_YES_BID,1_MINUTE_CANDLE,available_at,CROSS,"{""id"":""entry_iti_stress"",""op"":""CROSS"",""period"":""Q4"",""price_e4"":7100}",REACH,"{""id"":""win_iti_stress"",""op"":""REACH"",""outcome"":""win"",""price_e4"":8500}",REACH,"{""id"":""loss_iti_stress"",""op"":""REACH"",""outcome"":""loss"",""price_e4"":4000}",HOLD_TO_SETTLEMENT,75d368edb0ad750c5bc7596a46abdf3fabdfd8d1471175a99677c2075fcaeeea,1.0.0,2026-09-13T06:28:48Z,1.0.0,1.0.0,1.0.0,2026-09-13T06:28:48Z,READY,30,19,7,0.633333,0.233333,1400,3100,0.451613,163.333333,416a2c883115f79ca748415171c8bd3a0ffbd6d264c3bd924f438a9db2c25078,candle_path_not_fill,UNAVAILABLE,UNAVAILABLE,UNAVAILABLE,NOT_COMPUTABLE,UNAVAILABLE
path_bands,MONTE_CARLO,base_decomposition,mode_b_week_18_p5,18225.802554,usd,mode_b,superasi_bdebase_v1.0.0,grade_config_v1,2026-09-13T12:02:58Z,913e87a7c8d04ab0af447be670cfcda2,ITI Stress Q4 CROSS 65 REACH 85 40 ITI-05__913e87a7,3766439c96a7dd20c1a357cc9d344f52bdbbe213fb68782d4349329b8cd85c22,d42a28ee37542cabb6f140ba345b132015584963589d3732b3115ed80806cad0,6a547a4c14bdf2904cb47931457dc625742ef8654207540831709bc1c93ea690,ITI Stress Q4 CROSS 65 REACH 85 40 ITI-05,NBA,NBA,2025-2026,2025-10-10,2025-10-31,"{""date_from"":""2025-10-10"",""date_to"":""2025-10-31"",""game_data"":[""pbp""],""leagues"":[""NBA""],""market_data"":[""candles""],""markets"":[""kalshi""],""seasons"":[""2025-2026""],""sports"":[""NBA""]}",TRADABLE_YES_BID,1_MINUTE_CANDLE,available_at,CROSS,"{""id"":""entry_iti_stress"",""op"":""CROSS"",""period"":""Q4"",""price_e4"":7100}",REACH,"{""id"":""win_iti_stress"",""op"":""REACH"",""outcome"":""win"",""price_e4"":8500}",REACH,"{""id"":""loss_iti_stress"",""op"":""REACH"",""outcome"":""loss"",""price_e4"":4000}",HOLD_TO_SETTLEMENT,75d368edb0ad750c5bc7596a46abdf3fabdfd8d1471175a99677c2075fcaeeea,1.0.0,2026-09-13T06:28:48Z,1.0.0,1.0.0,1.0.0,2026-09-13T06:28:48Z,READY,30,19,7,0.633333,0.233333,1400,3100,0.451613,163.333333,416a2c883115f79ca748415171c8bd3a0ffbd6d264c3bd924f438a9db2c25078,candle_path_not_fill,UNAVAILABLE,UNAVAILABLE,UNAVAILABLE,NOT_COMPUTABLE,UNAVAILABLE
path_bands,MONTE_CARLO,base_decomposition,mode_b_week_18_p25,22136.505532,usd,mode_b,superasi_bdebase_v1.0.0,grade_config_v1,2026-09-13T12:02:58Z,913e87a7c8d04ab0af447be670cfcda2,ITI Stress Q4 CROSS 65 REACH 85 40 ITI-05__913e87a7,3766439c96a7dd20c1a357cc9d344f52bdbbe213fb68782d4349329b8cd85c22,d42a28ee37542cabb6f140ba345b132015584963589d3732b3115ed80806cad0,6a547a4c14bdf2904cb47931457dc625742ef8654207540831709bc1c93ea690,ITI Stress Q4 CROSS 65 REACH 85 40 ITI-05,NBA,NBA,2025-2026,2025-10-10,2025-10-31,"{""date_from"":""2025-10-10"",""date_to"":""2025-10-31"",""game_data"":[""pbp""],""leagues"":[""NBA""],""market_data"":[""candles""],""markets"":[""kalshi""],""seasons"":[""2025-2026""],""sports"":[""NBA""]}",TRADABLE_YES_BID,1_MINUTE_CANDLE,available_at,CROSS,"{""id"":""entry_iti_stress"",""op"":""CROSS"",""period"":""Q4"",""price_e4"":7100}",REACH,"{""id"":""win_iti_stress"",""op"":""REACH"",""outcome"":""win"",""price_e4"":8500}",REACH,"{""id"":""loss_iti_stress"",""op"":""REACH"",""outcome"":""loss"",""price_e4"":4000}",HOLD_TO_SETTLEMENT,75d368edb0ad750c5bc7596a46abdf3fabdfd8d1471175a99677c2075fcaeeea,1.0.0,2026-09-13T06:28:48Z,1.0.0,1.0.0,1.0.0,2026-09-13T06:28:48Z,READY,30,19,7,0.633333,0.233333,1400,3100,0.451613,163.333333,416a2c883115f79ca748415171c8bd3a0ffbd6d264c3bd924f438a9db2c25078,candle_path_not_fill,UNAVAILABLE,UNAVAILABLE,UNAVAILABLE,NOT_COMPUTABLE,UNAVAILABLE
path_bands,MONTE_CARLO,base_decomposition,mode_b_week_18_p50,25145.144596,usd,mode_b,superasi_bdebase_v1.0.0,grade_config_v1,2026-09-13T12:02:58Z,913e87a7c8d04ab0af447be670cfcda2,ITI Stress Q4 CROSS 65 REACH 85 40 ITI-05__913e87a7,3766439c96a7dd20c1a357cc9d344f52bdbbe213fb68782d4349329b8cd85c22,d42a28ee37542cabb6f140ba345b132015584963589d3732b3115ed80806cad0,6a547a4c14bdf2904cb47931457dc625742ef8654207540831709bc1c93ea690,ITI Stress Q4 CROSS 65 REACH 85 40 ITI-05,NBA,NBA,2025-2026,2025-10-10,2025-10-31,"{""date_from"":""2025-10-10"",""date_to"":""2025-10-31"",""game_data"":[""pbp""],""leagues"":[""NBA""],""market_data"":[""candles""],""markets"":[""kalshi""],""seasons"":[""2025-2026""],""sports"":[""NBA""]}",TRADABLE_YES_BID,1_MINUTE_CANDLE,available_at,CROSS,"{""id"":""entry_iti_stress"",""op"":""CROSS"",""period"":""Q4"",""price_e4"":7100}",REACH,"{""id"":""win_iti_stress"",""op"":""REACH"",""outcome"":""win"",""price_e4"":8500}",REACH,"{""id"":""loss_iti_stress"",""op"":""REACH"",""outcome"":""loss"",""price_e4"":4000}",HOLD_TO_SETTLEMENT,75d368edb0ad750c5bc7596a46abdf3fabdfd8d1471175a99677c2075fcaeeea,1.0.0,2026-09-13T06:28:48Z,1.0.0,1.0.0,1.0.0,2026-09-13T06:28:48Z,READY,30,19,7,0.633333,0.233333,1400,3100,0.451613,163.333333,416a2c883115f79ca748415171c8bd3a0ffbd6d264c3bd924f438a9db2c25078,candle_path_not_fill,UNAVAILABLE,UNAVAILABLE,UNAVAILABLE,NOT_COMPUTABLE,UNAVAILABLE
path_bands,MONTE_CARLO,base_decomposition,mode_b_week_18_p75,28507.044715,usd,mode_b,superasi_bdebase_v1.0.0,grade_config_v1,2026-09-13T12:02:58Z,913e87a7c8d04ab0af447be670cfcda2,ITI Stress Q4 CROSS 65 REACH 85 40 ITI-05__913e87a7,3766439c96a7dd20c1a357cc9d344f52bdbbe213fb68782d4349329b8cd85c22,d42a28ee37542cabb6f140ba345b132015584963589d3732b3115ed80806cad0,6a547a4c14bdf2904cb47931457dc625742ef8654207540831709bc1c93ea690,ITI Stress Q4 CROSS 65 REACH 85 40 ITI-05,NBA,NBA,2025-2026,2025-10-10,2025-10-31,"{""date_from"":""2025-10-10"",""date_to"":""2025-10-31"",""game_data"":[""pbp""],""leagues"":[""NBA""],""market_data"":[""candles""],""markets"":[""kalshi""],""seasons"":[""2025-2026""],""sports"":[""NBA""]}",TRADABLE_YES_BID,1_MINUTE_CANDLE,available_at,CROSS,"{""id"":""entry_iti_stress"",""op"":""CROSS"",""period"":""Q4"",""price_e4"":7100}",REACH,"{""id"":""win_iti_stress"",""op"":""REACH"",""outcome"":""win"",""price_e4"":8500}",REACH,"{""id"":""loss_iti_stress"",""op"":""REACH"",""outcome"":""loss"",""price_e4"":4000}",HOLD_TO_SETTLEMENT,75d368edb0ad750c5bc7596a46abdf3fabdfd8d1471175a99677c2075fcaeeea,1.0.0,2026-09-13T06:28:48Z,1.0.0,1.0.0,1.0.0,2026-09-13T06:28:48Z,READY,30,19,7,0.633333,0.233333,1400,3100,0.451613,163.333333,416a2c883115f79ca748415171c8bd3a0ffbd6d264c3bd924f438a9db2c25078,candle_path_not_fill,UNAVAILABLE,UNAVAILABLE,UNAVAILABLE,NOT_COMPUTABLE,UNAVAILABLE
path_bands,MONTE_CARLO,base_decomposition,mode_b_week_18_p95,33619.175619,usd,mode_b,superasi_bdebase_v1.0.0,grade_config_v1,2026-09-13T12:02:58Z,913e87a7c8d04ab0af447be670cfcda2,ITI Stress Q4 CROSS 65 REACH 85 40 ITI-05__913e87a7,3766439c96a7dd20c1a357cc9d344f52bdbbe213fb68782d4349329b8cd85c22,d42a28ee37542cabb6f140ba345b132015584963589d3732b3115ed80806cad0,6a547a4c14bdf2904cb47931457dc625742ef8654207540831709bc1c93ea690,ITI Stress Q4 CROSS 65 REACH 85 40 ITI-05,NBA,NBA,2025-2026,2025-10-10,2025-10-31,"{""date_from"":""2025-10-10"",""date_to"":""2025-10-31"",""game_data"":[""pbp""],""leagues"":[""NBA""],""market_data"":[""candles""],""markets"":[""kalshi""],""seasons"":[""2025-2026""],""sports"":[""NBA""]}",TRADABLE_YES_BID,1_MINUTE_CANDLE,available_at,CROSS,"{""id"":""entry_iti_stress"",""op"":""CROSS"",""period"":""Q4"",""price_e4"":7100}",REACH,"{""id"":""win_iti_stress"",""op"":""REACH"",""outcome"":""win"",""price_e4"":8500}",REACH,"{""id"":""loss_iti_stress"",""op"":""REACH"",""outcome"":""loss"",""price_e4"":4000}",HOLD_TO_SETTLEMENT,75d368edb0ad750c5bc7596a46abdf3fabdfd8d1471175a99677c2075fcaeeea,1.0.0,2026-09-13T06:28:48Z,1.0.0,1.0.0,1.0.0,2026-09-13T06:28:48Z,READY,30,19,7,0.633333,0.233333,1400,3100,0.451613,163.333333,416a2c883115f79ca748415171c8bd3a0ffbd6d264c3bd924f438a9db2c25078,candle_path_not_fill,UNAVAILABLE,UNAVAILABLE,UNAVAILABLE,NOT_COMPUTABLE,UNAVAILABLE
path_bands,MONTE_CARLO,base_decomposition,mode_b_week_19_p5,18314.536869,usd,mode_b,superasi_bdebase_v1.0.0,grade_config_v1,2026-09-13T12:02:58Z,913e87a7c8d04ab0af447be670cfcda2,ITI Stress Q4 CROSS 65 REACH 85 40 ITI-05__913e87a7,3766439c96a7dd20c1a357cc9d344f52bdbbe213fb68782d4349329b8cd85c22,d42a28ee37542cabb6f140ba345b132015584963589d3732b3115ed80806cad0,6a547a4c14bdf2904cb47931457dc625742ef8654207540831709bc1c93ea690,ITI Stress Q4 CROSS 65 REACH 85 40 ITI-05,NBA,NBA,2025-2026,2025-10-10,2025-10-31,"{""date_from"":""2025-10-10"",""date_to"":""2025-10-31"",""game_data"":[""pbp""],""leagues"":[""NBA""],""market_data"":[""candles""],""markets"":[""kalshi""],""seasons"":[""2025-2026""],""sports"":[""NBA""]}",TRADABLE_YES_BID,1_MINUTE_CANDLE,available_at,CROSS,"{""id"":""entry_iti_stress"",""op"":""CROSS"",""period"":""Q4"",""price_e4"":7100}",REACH,"{""id"":""win_iti_stress"",""op"":""REACH"",""outcome"":""win"",""price_e4"":8500}",REACH,"{""id"":""loss_iti_stress"",""op"":""REACH"",""outcome"":""loss"",""price_e4"":4000}",HOLD_TO_SETTLEMENT,75d368edb0ad750c5bc7596a46abdf3fabdfd8d1471175a99677c2075fcaeeea,1.0.0,2026-09-13T06:28:48Z,1.0.0,1.0.0,1.0.0,2026-09-13T06:28:48Z,READY,30,19,7,0.633333,0.233333,1400,3100,0.451613,163.333333,416a2c883115f79ca748415171c8bd3a0ffbd6d264c3bd924f438a9db2c25078,candle_path_not_fill,UNAVAILABLE,UNAVAILABLE,UNAVAILABLE,NOT_COMPUTABLE,UNAVAILABLE
path_bands,MONTE_CARLO,base_decomposition,mode_b_week_19_p25,22285.763541,usd,mode_b,superasi_bdebase_v1.0.0,grade_config_v1,2026-09-13T12:02:58Z,913e87a7c8d04ab0af447be670cfcda2,ITI Stress Q4 CROSS 65 REACH 85 40 ITI-05__913e87a7,3766439c96a7dd20c1a357cc9d344f52bdbbe213fb68782d4349329b8cd85c22,d42a28ee37542cabb6f140ba345b132015584963589d3732b3115ed80806cad0,6a547a4c14bdf2904cb47931457dc625742ef8654207540831709bc1c93ea690,ITI Stress Q4 CROSS 65 REACH 85 40 ITI-05,NBA,NBA,2025-2026,2025-10-10,2025-10-31,"{""date_from"":""2025-10-10"",""date_to"":""2025-10-31"",""game_data"":[""pbp""],""leagues"":[""NBA""],""market_data"":[""candles""],""markets"":[""kalshi""],""seasons"":[""2025-2026""],""sports"":[""NBA""]}",TRADABLE_YES_BID,1_MINUTE_CANDLE,available_at,CROSS,"{""id"":""entry_iti_stress"",""op"":""CROSS"",""period"":""Q4"",""price_e4"":7100}",REACH,"{""id"":""win_iti_stress"",""op"":""REACH"",""outcome"":""win"",""price_e4"":8500}",REACH,"{""id"":""loss_iti_stress"",""op"":""REACH"",""outcome"":""loss"",""price_e4"":4000}",HOLD_TO_SETTLEMENT,75d368edb0ad750c5bc7596a46abdf3fabdfd8d1471175a99677c2075fcaeeea,1.0.0,2026-09-13T06:28:48Z,1.0.0,1.0.0,1.0.0,2026-09-13T06:28:48Z,READY,30,19,7,0.633333,0.233333,1400,3100,0.451613,163.333333,416a2c883115f79ca748415171c8bd3a0ffbd6d264c3bd924f438a9db2c25078,candle_path_not_fill,UNAVAILABLE,UNAVAILABLE,UNAVAILABLE,NOT_COMPUTABLE,UNAVAILABLE
path_bands,MONTE_CARLO,base_decomposition,mode_b_week_19_p50,25360.642220,usd,mode_b,superasi_bdebase_v1.0.0,grade_config_v1,2026-09-13T12:02:58Z,913e87a7c8d04ab0af447be670cfcda2,ITI Stress Q4 CROSS 65 REACH 85 40 ITI-05__913e87a7,3766439c96a7dd20c1a357cc9d344f52bdbbe213fb68782d4349329b8cd85c22,d42a28ee37542cabb6f140ba345b132015584963589d3732b3115ed80806cad0,6a547a4c14bdf2904cb47931457dc625742ef8654207540831709bc1c93ea690,ITI Stress Q4 CROSS 65 REACH 85 40 ITI-05,NBA,NBA,2025-2026,2025-10-10,2025-10-31,"{""date_from"":""2025-10-10"",""date_to"":""2025-10-31"",""game_data"":[""pbp""],""leagues"":[""NBA""],""market_data"":[""candles""],""markets"":[""kalshi""],""seasons"":[""2025-2026""],""sports"":[""NBA""]}",TRADABLE_YES_BID,1_MINUTE_CANDLE,available_at,CROSS,"{""id"":""entry_iti_stress"",""op"":""CROSS"",""period"":""Q4"",""price_e4"":7100}",REACH,"{""id"":""win_iti_stress"",""op"":""REACH"",""outcome"":""win"",""price_e4"":8500}",REACH,"{""id"":""loss_iti_stress"",""op"":""REACH"",""outcome"":""loss"",""price_e4"":4000}",HOLD_TO_SETTLEMENT,75d368edb0ad750c5bc7596a46abdf3fabdfd8d1471175a99677c2075fcaeeea,1.0.0,2026-09-13T06:28:48Z,1.0.0,1.0.0,1.0.0,2026-09-13T06:28:48Z,READY,30,19,7,0.633333,0.233333,1400,3100,0.451613,163.333333,416a2c883115f79ca748415171c8bd3a0ffbd6d264c3bd924f438a9db2c25078,candle_path_not_fill,UNAVAILABLE,UNAVAILABLE,UNAVAILABLE,NOT_COMPUTABLE,UNAVAILABLE
path_bands,MONTE_CARLO,base_decomposition,mode_b_week_19_p75,28804.910748,usd,mode_b,superasi_bdebase_v1.0.0,grade_config_v1,2026-09-13T12:02:58Z,913e87a7c8d04ab0af447be670cfcda2,ITI Stress Q4 CROSS 65 REACH 85 40 ITI-05__913e87a7,3766439c96a7dd20c1a357cc9d344f52bdbbe213fb68782d4349329b8cd85c22,d42a28ee37542cabb6f140ba345b132015584963589d3732b3115ed80806cad0,6a547a4c14bdf2904cb47931457dc625742ef8654207540831709bc1c93ea690,ITI Stress Q4 CROSS 65 REACH 85 40 ITI-05,NBA,NBA,2025-2026,2025-10-10,2025-10-31,"{""date_from"":""2025-10-10"",""date_to"":""2025-10-31"",""game_data"":[""pbp""],""leagues"":[""NBA""],""market_data"":[""candles""],""markets"":[""kalshi""],""seasons"":[""2025-2026""],""sports"":[""NBA""]}",TRADABLE_YES_BID,1_MINUTE_CANDLE,available_at,CROSS,"{""id"":""entry_iti_stress"",""op"":""CROSS"",""period"":""Q4"",""price_e4"":7100}",REACH,"{""id"":""win_iti_stress"",""op"":""REACH"",""outcome"":""win"",""price_e4"":8500}",REACH,"{""id"":""loss_iti_stress"",""op"":""REACH"",""outcome"":""loss"",""price_e4"":4000}",HOLD_TO_SETTLEMENT,75d368edb0ad750c5bc7596a46abdf3fabdfd8d1471175a99677c2075fcaeeea,1.0.0,2026-09-13T06:28:48Z,1.0.0,1.0.0,1.0.0,2026-09-13T06:28:48Z,READY,30,19,7,0.633333,0.233333,1400,3100,0.451613,163.333333,416a2c883115f79ca748415171c8bd3a0ffbd6d264c3bd924f438a9db2c25078,candle_path_not_fill,UNAVAILABLE,UNAVAILABLE,UNAVAILABLE,NOT_COMPUTABLE,UNAVAILABLE
path_bands,MONTE_CARLO,base_decomposition,mode_b_week_19_p95,34597.198411,usd,mode_b,superasi_bdebase_v1.0.0,grade_config_v1,2026-09-13T12:02:58Z,913e87a7c8d04ab0af447be670cfcda2,ITI Stress Q4 CROSS 65 REACH 85 40 ITI-05__913e87a7,3766439c96a7dd20c1a357cc9d344f52bdbbe213fb68782d4349329b8cd85c22,d42a28ee37542cabb6f140ba345b132015584963589d3732b3115ed80806cad0,6a547a4c14bdf2904cb47931457dc625742ef8654207540831709bc1c93ea690,ITI Stress Q4 CROSS 65 REACH 85 40 ITI-05,NBA,NBA,2025-2026,2025-10-10,2025-10-31,"{""date_from"":""2025-10-10"",""date_to"":""2025-10-31"",""game_data"":[""pbp""],""leagues"":[""NBA""],""market_data"":[""candles""],""markets"":[""kalshi""],""seasons"":[""2025-2026""],""sports"":[""NBA""]}",TRADABLE_YES_BID,1_MINUTE_CANDLE,available_at,CROSS,"{""id"":""entry_iti_stress"",""op"":""CROSS"",""period"":""Q4"",""price_e4"":7100}",REACH,"{""id"":""win_iti_stress"",""op"":""REACH"",""outcome"":""win"",""price_e4"":8500}",REACH,"{""id"":""loss_iti_stress"",""op"":""REACH"",""outcome"":""loss"",""price_e4"":4000}",HOLD_TO_SETTLEMENT,75d368edb0ad750c5bc7596a46abdf3fabdfd8d1471175a99677c2075fcaeeea,1.0.0,2026-09-13T06:28:48Z,1.0.0,1.0.0,1.0.0,2026-09-13T06:28:48Z,READY,30,19,7,0.633333,0.233333,1400,3100,0.451613,163.333333,416a2c883115f79ca748415171c8bd3a0ffbd6d264c3bd924f438a9db2c25078,candle_path_not_fill,UNAVAILABLE,UNAVAILABLE,UNAVAILABLE,NOT_COMPUTABLE,UNAVAILABLE
path_bands,MONTE_CARLO,base_decomposition,mode_b_week_20_p5,18361.746787,usd,mode_b,superasi_bdebase_v1.0.0,grade_config_v1,2026-09-13T12:02:58Z,913e87a7c8d04ab0af447be670cfcda2,ITI Stress Q4 CROSS 65 REACH 85 40 ITI-05__913e87a7,3766439c96a7dd20c1a357cc9d344f52bdbbe213fb68782d4349329b8cd85c22,d42a28ee37542cabb6f140ba345b132015584963589d3732b3115ed80806cad0,6a547a4c14bdf2904cb47931457dc625742ef8654207540831709bc1c93ea690,ITI Stress Q4 CROSS 65 REACH 85 40 ITI-05,NBA,NBA,2025-2026,2025-10-10,2025-10-31,"{""date_from"":""2025-10-10"",""date_to"":""2025-10-31"",""game_data"":[""pbp""],""leagues"":[""NBA""],""market_data"":[""candles""],""markets"":[""kalshi""],""seasons"":[""2025-2026""],""sports"":[""NBA""]}",TRADABLE_YES_BID,1_MINUTE_CANDLE,available_at,CROSS,"{""id"":""entry_iti_stress"",""op"":""CROSS"",""period"":""Q4"",""price_e4"":7100}",REACH,"{""id"":""win_iti_stress"",""op"":""REACH"",""outcome"":""win"",""price_e4"":8500}",REACH,"{""id"":""loss_iti_stress"",""op"":""REACH"",""outcome"":""loss"",""price_e4"":4000}",HOLD_TO_SETTLEMENT,75d368edb0ad750c5bc7596a46abdf3fabdfd8d1471175a99677c2075fcaeeea,1.0.0,2026-09-13T06:28:48Z,1.0.0,1.0.0,1.0.0,2026-09-13T06:28:48Z,READY,30,19,7,0.633333,0.233333,1400,3100,0.451613,163.333333,416a2c883115f79ca748415171c8bd3a0ffbd6d264c3bd924f438a9db2c25078,candle_path_not_fill,UNAVAILABLE,UNAVAILABLE,UNAVAILABLE,NOT_COMPUTABLE,UNAVAILABLE
path_bands,MONTE_CARLO,base_decomposition,mode_b_week_20_p25,22421.715497,usd,mode_b,superasi_bdebase_v1.0.0,grade_config_v1,2026-09-13T12:02:58Z,913e87a7c8d04ab0af447be670cfcda2,ITI Stress Q4 CROSS 65 REACH 85 40 ITI-05__913e87a7,3766439c96a7dd20c1a357cc9d344f52bdbbe213fb68782d4349329b8cd85c22,d42a28ee37542cabb6f140ba345b132015584963589d3732b3115ed80806cad0,6a547a4c14bdf2904cb47931457dc625742ef8654207540831709bc1c93ea690,ITI Stress Q4 CROSS 65 REACH 85 40 ITI-05,NBA,NBA,2025-2026,2025-10-10,2025-10-31,"{""date_from"":""2025-10-10"",""date_to"":""2025-10-31"",""game_data"":[""pbp""],""leagues"":[""NBA""],""market_data"":[""candles""],""markets"":[""kalshi""],""seasons"":[""2025-2026""],""sports"":[""NBA""]}",TRADABLE_YES_BID,1_MINUTE_CANDLE,available_at,CROSS,"{""id"":""entry_iti_stress"",""op"":""CROSS"",""period"":""Q4"",""price_e4"":7100}",REACH,"{""id"":""win_iti_stress"",""op"":""REACH"",""outcome"":""win"",""price_e4"":8500}",REACH,"{""id"":""loss_iti_stress"",""op"":""REACH"",""outcome"":""loss"",""price_e4"":4000}",HOLD_TO_SETTLEMENT,75d368edb0ad750c5bc7596a46abdf3fabdfd8d1471175a99677c2075fcaeeea,1.0.0,2026-09-13T06:28:48Z,1.0.0,1.0.0,1.0.0,2026-09-13T06:28:48Z,READY,30,19,7,0.633333,0.233333,1400,3100,0.451613,163.333333,416a2c883115f79ca748415171c8bd3a0ffbd6d264c3bd924f438a9db2c25078,candle_path_not_fill,UNAVAILABLE,UNAVAILABLE,UNAVAILABLE,NOT_COMPUTABLE,UNAVAILABLE
path_bands,MONTE_CARLO,base_decomposition,mode_b_week_20_p50,25542.007569,usd,mode_b,superasi_bdebase_v1.0.0,grade_config_v1,2026-09-13T12:02:58Z,913e87a7c8d04ab0af447be670cfcda2,ITI Stress Q4 CROSS 65 REACH 85 40 ITI-05__913e87a7,3766439c96a7dd20c1a357cc9d344f52bdbbe213fb68782d4349329b8cd85c22,d42a28ee37542cabb6f140ba345b132015584963589d3732b3115ed80806cad0,6a547a4c14bdf2904cb47931457dc625742ef8654207540831709bc1c93ea690,ITI Stress Q4 CROSS 65 REACH 85 40 ITI-05,NBA,NBA,2025-2026,2025-10-10,2025-10-31,"{""date_from"":""2025-10-10"",""date_to"":""2025-10-31"",""game_data"":[""pbp""],""leagues"":[""NBA""],""market_data"":[""candles""],""markets"":[""kalshi""],""seasons"":[""2025-2026""],""sports"":[""NBA""]}",TRADABLE_YES_BID,1_MINUTE_CANDLE,available_at,CROSS,"{""id"":""entry_iti_stress"",""op"":""CROSS"",""period"":""Q4"",""price_e4"":7100}",REACH,"{""id"":""win_iti_stress"",""op"":""REACH"",""outcome"":""win"",""price_e4"":8500}",REACH,"{""id"":""loss_iti_stress"",""op"":""REACH"",""outcome"":""loss"",""price_e4"":4000}",HOLD_TO_SETTLEMENT,75d368edb0ad750c5bc7596a46abdf3fabdfd8d1471175a99677c2075fcaeeea,1.0.0,2026-09-13T06:28:48Z,1.0.0,1.0.0,1.0.0,2026-09-13T06:28:48Z,READY,30,19,7,0.633333,0.233333,1400,3100,0.451613,163.333333,416a2c883115f79ca748415171c8bd3a0ffbd6d264c3bd924f438a9db2c25078,candle_path_not_fill,UNAVAILABLE,UNAVAILABLE,UNAVAILABLE,NOT_COMPUTABLE,UNAVAILABLE
path_bands,MONTE_CARLO,base_decomposition,mode_b_week_20_p75,29082.407258,usd,mode_b,superasi_bdebase_v1.0.0,grade_config_v1,2026-09-13T12:02:58Z,913e87a7c8d04ab0af447be670cfcda2,ITI Stress Q4 CROSS 65 REACH 85 40 ITI-05__913e87a7,3766439c96a7dd20c1a357cc9d344f52bdbbe213fb68782d4349329b8cd85c22,d42a28ee37542cabb6f140ba345b132015584963589d3732b3115ed80806cad0,6a547a4c14bdf2904cb47931457dc625742ef8654207540831709bc1c93ea690,ITI Stress Q4 CROSS 65 REACH 85 40 ITI-05,NBA,NBA,2025-2026,2025-10-10,2025-10-31,"{""date_from"":""2025-10-10"",""date_to"":""2025-10-31"",""game_data"":[""pbp""],""leagues"":[""NBA""],""market_data"":[""candles""],""markets"":[""kalshi""],""seasons"":[""2025-2026""],""sports"":[""NBA""]}",TRADABLE_YES_BID,1_MINUTE_CANDLE,available_at,CROSS,"{""id"":""entry_iti_stress"",""op"":""CROSS"",""period"":""Q4"",""price_e4"":7100}",REACH,"{""id"":""win_iti_stress"",""op"":""REACH"",""outcome"":""win"",""price_e4"":8500}",REACH,"{""id"":""loss_iti_stress"",""op"":""REACH"",""outcome"":""loss"",""price_e4"":4000}",HOLD_TO_SETTLEMENT,75d368edb0ad750c5bc7596a46abdf3fabdfd8d1471175a99677c2075fcaeeea,1.0.0,2026-09-13T06:28:48Z,1.0.0,1.0.0,1.0.0,2026-09-13T06:28:48Z,READY,30,19,7,0.633333,0.233333,1400,3100,0.451613,163.333333,416a2c883115f79ca748415171c8bd3a0ffbd6d264c3bd924f438a9db2c25078,candle_path_not_fill,UNAVAILABLE,UNAVAILABLE,UNAVAILABLE,NOT_COMPUTABLE,UNAVAILABLE
path_bands,MONTE_CARLO,base_decomposition,mode_b_week_20_p95,34950.210239,usd,mode_b,superasi_bdebase_v1.0.0,grade_config_v1,2026-09-13T12:02:58Z,913e87a7c8d04ab0af447be670cfcda2,ITI Stress Q4 CROSS 65 REACH 85 40 ITI-05__913e87a7,3766439c96a7dd20c1a357cc9d344f52bdbbe213fb68782d4349329b8cd85c22,d42a28ee37542cabb6f140ba345b132015584963589d3732b3115ed80806cad0,6a547a4c14bdf2904cb47931457dc625742ef8654207540831709bc1c93ea690,ITI Stress Q4 CROSS 65 REACH 85 40 ITI-05,NBA,NBA,2025-2026,2025-10-10,2025-10-31,"{""date_from"":""2025-10-10"",""date_to"":""2025-10-31"",""game_data"":[""pbp""],""leagues"":[""NBA""],""market_data"":[""candles""],""markets"":[""kalshi""],""seasons"":[""2025-2026""],""sports"":[""NBA""]}",TRADABLE_YES_BID,1_MINUTE_CANDLE,available_at,CROSS,"{""id"":""entry_iti_stress"",""op"":""CROSS"",""period"":""Q4"",""price_e4"":7100}",REACH,"{""id"":""win_iti_stress"",""op"":""REACH"",""outcome"":""win"",""price_e4"":8500}",REACH,"{""id"":""loss_iti_stress"",""op"":""REACH"",""outcome"":""loss"",""price_e4"":4000}",HOLD_TO_SETTLEMENT,75d368edb0ad750c5bc7596a46abdf3fabdfd8d1471175a99677c2075fcaeeea,1.0.0,2026-09-13T06:28:48Z,1.0.0,1.0.0,1.0.0,2026-09-13T06:28:48Z,READY,30,19,7,0.633333,0.233333,1400,3100,0.451613,163.333333,416a2c883115f79ca748415171c8bd3a0ffbd6d264c3bd924f438a9db2c25078,candle_path_not_fill,UNAVAILABLE,UNAVAILABLE,UNAVAILABLE,NOT_COMPUTABLE,UNAVAILABLE
risk_profile,MONTE_CARLO,base_decomposition,weekly_bootstrap_status,MONTE_CARLO,,weekly_bootstrap,superasi_bdebase_v1.0.0,grade_config_v1,2026-09-13T12:02:58Z,913e87a7c8d04ab0af447be670cfcda2,ITI Stress Q4 CROSS 65 REACH 85 40 ITI-05__913e87a7,3766439c96a7dd20c1a357cc9d344f52bdbbe213fb68782d4349329b8cd85c22,d42a28ee37542cabb6f140ba345b132015584963589d3732b3115ed80806cad0,6a547a4c14bdf2904cb47931457dc625742ef8654207540831709bc1c93ea690,ITI Stress Q4 CROSS 65 REACH 85 40 ITI-05,NBA,NBA,2025-2026,2025-10-10,2025-10-31,"{""date_from"":""2025-10-10"",""date_to"":""2025-10-31"",""game_data"":[""pbp""],""leagues"":[""NBA""],""market_data"":[""candles""],""markets"":[""kalshi""],""seasons"":[""2025-2026""],""sports"":[""NBA""]}",TRADABLE_YES_BID,1_MINUTE_CANDLE,available_at,CROSS,"{""id"":""entry_iti_stress"",""op"":""CROSS"",""period"":""Q4"",""price_e4"":7100}",REACH,"{""id"":""win_iti_stress"",""op"":""REACH"",""outcome"":""win"",""price_e4"":8500}",REACH,"{""id"":""loss_iti_stress"",""op"":""REACH"",""outcome"":""loss"",""price_e4"":4000}",HOLD_TO_SETTLEMENT,75d368edb0ad750c5bc7596a46abdf3fabdfd8d1471175a99677c2075fcaeeea,1.0.0,2026-09-13T06:28:48Z,1.0.0,1.0.0,1.0.0,2026-09-13T06:28:48Z,READY,30,19,7,0.633333,0.233333,1400,3100,0.451613,163.333333,416a2c883115f79ca748415171c8bd3a0ffbd6d264c3bd924f438a9db2c25078,candle_path_not_fill,UNAVAILABLE,UNAVAILABLE,UNAVAILABLE,NOT_COMPUTABLE,UNAVAILABLE
risk_profile,MONTE_CARLO,base_decomposition,weekly_bootstrap_mean_terminal_bankroll,23756.620881,,weekly_bootstrap,superasi_bdebase_v1.0.0,grade_config_v1,2026-09-13T12:02:58Z,913e87a7c8d04ab0af447be670cfcda2,ITI Stress Q4 CROSS 65 REACH 85 40 ITI-05__913e87a7,3766439c96a7dd20c1a357cc9d344f52bdbbe213fb68782d4349329b8cd85c22,d42a28ee37542cabb6f140ba345b132015584963589d3732b3115ed80806cad0,6a547a4c14bdf2904cb47931457dc625742ef8654207540831709bc1c93ea690,ITI Stress Q4 CROSS 65 REACH 85 40 ITI-05,NBA,NBA,2025-2026,2025-10-10,2025-10-31,"{""date_from"":""2025-10-10"",""date_to"":""2025-10-31"",""game_data"":[""pbp""],""leagues"":[""NBA""],""market_data"":[""candles""],""markets"":[""kalshi""],""seasons"":[""2025-2026""],""sports"":[""NBA""]}",TRADABLE_YES_BID,1_MINUTE_CANDLE,available_at,CROSS,"{""id"":""entry_iti_stress"",""op"":""CROSS"",""period"":""Q4"",""price_e4"":7100}",REACH,"{""id"":""win_iti_stress"",""op"":""REACH"",""outcome"":""win"",""price_e4"":8500}",REACH,"{""id"":""loss_iti_stress"",""op"":""REACH"",""outcome"":""loss"",""price_e4"":4000}",HOLD_TO_SETTLEMENT,75d368edb0ad750c5bc7596a46abdf3fabdfd8d1471175a99677c2075fcaeeea,1.0.0,2026-09-13T06:28:48Z,1.0.0,1.0.0,1.0.0,2026-09-13T06:28:48Z,READY,30,19,7,0.633333,0.233333,1400,3100,0.451613,163.333333,416a2c883115f79ca748415171c8bd3a0ffbd6d264c3bd924f438a9db2c25078,candle_path_not_fill,UNAVAILABLE,UNAVAILABLE,UNAVAILABLE,NOT_COMPUTABLE,UNAVAILABLE
risk_profile,MONTE_CARLO,base_decomposition,weekly_bootstrap_median_terminal_bankroll,23327.281328,,weekly_bootstrap,superasi_bdebase_v1.0.0,grade_config_v1,2026-09-13T12:02:58Z,913e87a7c8d04ab0af447be670cfcda2,ITI Stress Q4 CROSS 65 REACH 85 40 ITI-05__913e87a7,3766439c96a7dd20c1a357cc9d344f52bdbbe213fb68782d4349329b8cd85c22,d42a28ee37542cabb6f140ba345b132015584963589d3732b3115ed80806cad0,6a547a4c14bdf2904cb47931457dc625742ef8654207540831709bc1c93ea690,ITI Stress Q4 CROSS 65 REACH 85 40 ITI-05,NBA,NBA,2025-2026,2025-10-10,2025-10-31,"{""date_from"":""2025-10-10"",""date_to"":""2025-10-31"",""game_data"":[""pbp""],""leagues"":[""NBA""],""market_data"":[""candles""],""markets"":[""kalshi""],""seasons"":[""2025-2026""],""sports"":[""NBA""]}",TRADABLE_YES_BID,1_MINUTE_CANDLE,available_at,CROSS,"{""id"":""entry_iti_stress"",""op"":""CROSS"",""period"":""Q4"",""price_e4"":7100}",REACH,"{""id"":""win_iti_stress"",""op"":""REACH"",""outcome"":""win"",""price_e4"":8500}",REACH,"{""id"":""loss_iti_stress"",""op"":""REACH"",""outcome"":""loss"",""price_e4"":4000}",HOLD_TO_SETTLEMENT,75d368edb0ad750c5bc7596a46abdf3fabdfd8d1471175a99677c2075fcaeeea,1.0.0,2026-09-13T06:28:48Z,1.0.0,1.0.0,1.0.0,2026-09-13T06:28:48Z,READY,30,19,7,0.633333,0.233333,1400,3100,0.451613,163.333333,416a2c883115f79ca748415171c8bd3a0ffbd6d264c3bd924f438a9db2c25078,candle_path_not_fill,UNAVAILABLE,UNAVAILABLE,UNAVAILABLE,NOT_COMPUTABLE,UNAVAILABLE
risk_profile,MONTE_CARLO,base_decomposition,weekly_bootstrap_mean_return,0.187831,,weekly_bootstrap,superasi_bdebase_v1.0.0,grade_config_v1,2026-09-13T12:02:58Z,913e87a7c8d04ab0af447be670cfcda2,ITI Stress Q4 CROSS 65 REACH 85 40 ITI-05__913e87a7,3766439c96a7dd20c1a357cc9d344f52bdbbe213fb68782d4349329b8cd85c22,d42a28ee37542cabb6f140ba345b132015584963589d3732b3115ed80806cad0,6a547a4c14bdf2904cb47931457dc625742ef8654207540831709bc1c93ea690,ITI Stress Q4 CROSS 65 REACH 85 40 ITI-05,NBA,NBA,2025-2026,2025-10-10,2025-10-31,"{""date_from"":""2025-10-10"",""date_to"":""2025-10-31"",""game_data"":[""pbp""],""leagues"":[""NBA""],""market_data"":[""candles""],""markets"":[""kalshi""],""seasons"":[""2025-2026""],""sports"":[""NBA""]}",TRADABLE_YES_BID,1_MINUTE_CANDLE,available_at,CROSS,"{""id"":""entry_iti_stress"",""op"":""CROSS"",""period"":""Q4"",""price_e4"":7100}",REACH,"{""id"":""win_iti_stress"",""op"":""REACH"",""outcome"":""win"",""price_e4"":8500}",REACH,"{""id"":""loss_iti_stress"",""op"":""REACH"",""outcome"":""loss"",""price_e4"":4000}",HOLD_TO_SETTLEMENT,75d368edb0ad750c5bc7596a46abdf3fabdfd8d1471175a99677c2075fcaeeea,1.0.0,2026-09-13T06:28:48Z,1.0.0,1.0.0,1.0.0,2026-09-13T06:28:48Z,READY,30,19,7,0.633333,0.233333,1400,3100,0.451613,163.333333,416a2c883115f79ca748415171c8bd3a0ffbd6d264c3bd924f438a9db2c25078,candle_path_not_fill,UNAVAILABLE,UNAVAILABLE,UNAVAILABLE,NOT_COMPUTABLE,UNAVAILABLE
risk_profile,MONTE_CARLO,base_decomposition,weekly_bootstrap_P_min_bankroll_le_floor,0.023600,,weekly_bootstrap,superasi_bdebase_v1.0.0,grade_config_v1,2026-09-13T12:02:58Z,913e87a7c8d04ab0af447be670cfcda2,ITI Stress Q4 CROSS 65 REACH 85 40 ITI-05__913e87a7,3766439c96a7dd20c1a357cc9d344f52bdbbe213fb68782d4349329b8cd85c22,d42a28ee37542cabb6f140ba345b132015584963589d3732b3115ed80806cad0,6a547a4c14bdf2904cb47931457dc625742ef8654207540831709bc1c93ea690,ITI Stress Q4 CROSS 65 REACH 85 40 ITI-05,NBA,NBA,2025-2026,2025-10-10,2025-10-31,"{""date_from"":""2025-10-10"",""date_to"":""2025-10-31"",""game_data"":[""pbp""],""leagues"":[""NBA""],""market_data"":[""candles""],""markets"":[""kalshi""],""seasons"":[""2025-2026""],""sports"":[""NBA""]}",TRADABLE_YES_BID,1_MINUTE_CANDLE,available_at,CROSS,"{""id"":""entry_iti_stress"",""op"":""CROSS"",""period"":""Q4"",""price_e4"":7100}",REACH,"{""id"":""win_iti_stress"",""op"":""REACH"",""outcome"":""win"",""price_e4"":8500}",REACH,"{""id"":""loss_iti_stress"",""op"":""REACH"",""outcome"":""loss"",""price_e4"":4000}",HOLD_TO_SETTLEMENT,75d368edb0ad750c5bc7596a46abdf3fabdfd8d1471175a99677c2075fcaeeea,1.0.0,2026-09-13T06:28:48Z,1.0.0,1.0.0,1.0.0,2026-09-13T06:28:48Z,READY,30,19,7,0.633333,0.233333,1400,3100,0.451613,163.333333,416a2c883115f79ca748415171c8bd3a0ffbd6d264c3bd924f438a9db2c25078,candle_path_not_fill,UNAVAILABLE,UNAVAILABLE,UNAVAILABLE,NOT_COMPUTABLE,UNAVAILABLE
risk_profile,MONTE_CARLO,base_decomposition,weekly_bootstrap_P_final_ge_target,0.092360,,weekly_bootstrap,superasi_bdebase_v1.0.0,grade_config_v1,2026-09-13T12:02:58Z,913e87a7c8d04ab0af447be670cfcda2,ITI Stress Q4 CROSS 65 REACH 85 40 ITI-05__913e87a7,3766439c96a7dd20c1a357cc9d344f52bdbbe213fb68782d4349329b8cd85c22,d42a28ee37542cabb6f140ba345b132015584963589d3732b3115ed80806cad0,6a547a4c14bdf2904cb47931457dc625742ef8654207540831709bc1c93ea690,ITI Stress Q4 CROSS 65 REACH 85 40 ITI-05,NBA,NBA,2025-2026,2025-10-10,2025-10-31,"{""date_from"":""2025-10-10"",""date_to"":""2025-10-31"",""game_data"":[""pbp""],""leagues"":[""NBA""],""market_data"":[""candles""],""markets"":[""kalshi""],""seasons"":[""2025-2026""],""sports"":[""NBA""]}",TRADABLE_YES_BID,1_MINUTE_CANDLE,available_at,CROSS,"{""id"":""entry_iti_stress"",""op"":""CROSS"",""period"":""Q4"",""price_e4"":7100}",REACH,"{""id"":""win_iti_stress"",""op"":""REACH"",""outcome"":""win"",""price_e4"":8500}",REACH,"{""id"":""loss_iti_stress"",""op"":""REACH"",""outcome"":""loss"",""price_e4"":4000}",HOLD_TO_SETTLEMENT,75d368edb0ad750c5bc7596a46abdf3fabdfd8d1471175a99677c2075fcaeeea,1.0.0,2026-09-13T06:28:48Z,1.0.0,1.0.0,1.0.0,2026-09-13T06:28:48Z,READY,30,19,7,0.633333,0.233333,1400,3100,0.451613,163.333333,416a2c883115f79ca748415171c8bd3a0ffbd6d264c3bd924f438a9db2c25078,candle_path_not_fill,UNAVAILABLE,UNAVAILABLE,UNAVAILABLE,NOT_COMPUTABLE,UNAVAILABLE
risk_profile,MONTE_CARLO,base_decomposition,weekly_bootstrap_P_return_lt_0,0.210930,,weekly_bootstrap,superasi_bdebase_v1.0.0,grade_config_v1,2026-09-13T12:02:58Z,913e87a7c8d04ab0af447be670cfcda2,ITI Stress Q4 CROSS 65 REACH 85 40 ITI-05__913e87a7,3766439c96a7dd20c1a357cc9d344f52bdbbe213fb68782d4349329b8cd85c22,d42a28ee37542cabb6f140ba345b132015584963589d3732b3115ed80806cad0,6a547a4c14bdf2904cb47931457dc625742ef8654207540831709bc1c93ea690,ITI Stress Q4 CROSS 65 REACH 85 40 ITI-05,NBA,NBA,2025-2026,2025-10-10,2025-10-31,"{""date_from"":""2025-10-10"",""date_to"":""2025-10-31"",""game_data"":[""pbp""],""leagues"":[""NBA""],""market_data"":[""candles""],""markets"":[""kalshi""],""seasons"":[""2025-2026""],""sports"":[""NBA""]}",TRADABLE_YES_BID,1_MINUTE_CANDLE,available_at,CROSS,"{""id"":""entry_iti_stress"",""op"":""CROSS"",""period"":""Q4"",""price_e4"":7100}",REACH,"{""id"":""win_iti_stress"",""op"":""REACH"",""outcome"":""win"",""price_e4"":8500}",REACH,"{""id"":""loss_iti_stress"",""op"":""REACH"",""outcome"":""loss"",""price_e4"":4000}",HOLD_TO_SETTLEMENT,75d368edb0ad750c5bc7596a46abdf3fabdfd8d1471175a99677c2075fcaeeea,1.0.0,2026-09-13T06:28:48Z,1.0.0,1.0.0,1.0.0,2026-09-13T06:28:48Z,READY,30,19,7,0.633333,0.233333,1400,3100,0.451613,163.333333,416a2c883115f79ca748415171c8bd3a0ffbd6d264c3bd924f438a9db2c25078,candle_path_not_fill,UNAVAILABLE,UNAVAILABLE,UNAVAILABLE,NOT_COMPUTABLE,UNAVAILABLE
sensitivity,THEORETICAL,base_decomposition,p_0.6_trade_ev,-0.002817,fraction,p_grid,superasi_bdebase_v1.0.0,grade_config_v1,2026-09-13T12:02:58Z,913e87a7c8d04ab0af447be670cfcda2,ITI Stress Q4 CROSS 65 REACH 85 40 ITI-05__913e87a7,3766439c96a7dd20c1a357cc9d344f52bdbbe213fb68782d4349329b8cd85c22,d42a28ee37542cabb6f140ba345b132015584963589d3732b3115ed80806cad0,6a547a4c14bdf2904cb47931457dc625742ef8654207540831709bc1c93ea690,ITI Stress Q4 CROSS 65 REACH 85 40 ITI-05,NBA,NBA,2025-2026,2025-10-10,2025-10-31,"{""date_from"":""2025-10-10"",""date_to"":""2025-10-31"",""game_data"":[""pbp""],""leagues"":[""NBA""],""market_data"":[""candles""],""markets"":[""kalshi""],""seasons"":[""2025-2026""],""sports"":[""NBA""]}",TRADABLE_YES_BID,1_MINUTE_CANDLE,available_at,CROSS,"{""id"":""entry_iti_stress"",""op"":""CROSS"",""period"":""Q4"",""price_e4"":7100}",REACH,"{""id"":""win_iti_stress"",""op"":""REACH"",""outcome"":""win"",""price_e4"":8500}",REACH,"{""id"":""loss_iti_stress"",""op"":""REACH"",""outcome"":""loss"",""price_e4"":4000}",HOLD_TO_SETTLEMENT,75d368edb0ad750c5bc7596a46abdf3fabdfd8d1471175a99677c2075fcaeeea,1.0.0,2026-09-13T06:28:48Z,1.0.0,1.0.0,1.0.0,2026-09-13T06:28:48Z,READY,30,19,7,0.633333,0.233333,1400,3100,0.451613,163.333333,416a2c883115f79ca748415171c8bd3a0ffbd6d264c3bd924f438a9db2c25078,candle_path_not_fill,UNAVAILABLE,UNAVAILABLE,UNAVAILABLE,NOT_COMPUTABLE,UNAVAILABLE
sensitivity,THEORETICAL,base_decomposition,p_0.6_weekly_ev,-0.028169,fraction,p_grid,superasi_bdebase_v1.0.0,grade_config_v1,2026-09-13T12:02:58Z,913e87a7c8d04ab0af447be670cfcda2,ITI Stress Q4 CROSS 65 REACH 85 40 ITI-05__913e87a7,3766439c96a7dd20c1a357cc9d344f52bdbbe213fb68782d4349329b8cd85c22,d42a28ee37542cabb6f140ba345b132015584963589d3732b3115ed80806cad0,6a547a4c14bdf2904cb47931457dc625742ef8654207540831709bc1c93ea690,ITI Stress Q4 CROSS 65 REACH 85 40 ITI-05,NBA,NBA,2025-2026,2025-10-10,2025-10-31,"{""date_from"":""2025-10-10"",""date_to"":""2025-10-31"",""game_data"":[""pbp""],""leagues"":[""NBA""],""market_data"":[""candles""],""markets"":[""kalshi""],""seasons"":[""2025-2026""],""sports"":[""NBA""]}",TRADABLE_YES_BID,1_MINUTE_CANDLE,available_at,CROSS,"{""id"":""entry_iti_stress"",""op"":""CROSS"",""period"":""Q4"",""price_e4"":7100}",REACH,"{""id"":""win_iti_stress"",""op"":""REACH"",""outcome"":""win"",""price_e4"":8500}",REACH,"{""id"":""loss_iti_stress"",""op"":""REACH"",""outcome"":""loss"",""price_e4"":4000}",HOLD_TO_SETTLEMENT,75d368edb0ad750c5bc7596a46abdf3fabdfd8d1471175a99677c2075fcaeeea,1.0.0,2026-09-13T06:28:48Z,1.0.0,1.0.0,1.0.0,2026-09-13T06:28:48Z,READY,30,19,7,0.633333,0.233333,1400,3100,0.451613,163.333333,416a2c883115f79ca748415171c8bd3a0ffbd6d264c3bd924f438a9db2c25078,candle_path_not_fill,UNAVAILABLE,UNAVAILABLE,UNAVAILABLE,NOT_COMPUTABLE,UNAVAILABLE
sensitivity,MONTE_CARLO,base_decomposition,p_0.6_expected_20_week,-0.435491,fraction,p_grid,superasi_bdebase_v1.0.0,grade_config_v1,2026-09-13T12:02:58Z,913e87a7c8d04ab0af447be670cfcda2,ITI Stress Q4 CROSS 65 REACH 85 40 ITI-05__913e87a7,3766439c96a7dd20c1a357cc9d344f52bdbbe213fb68782d4349329b8cd85c22,d42a28ee37542cabb6f140ba345b132015584963589d3732b3115ed80806cad0,6a547a4c14bdf2904cb47931457dc625742ef8654207540831709bc1c93ea690,ITI Stress Q4 CROSS 65 REACH 85 40 ITI-05,NBA,NBA,2025-2026,2025-10-10,2025-10-31,"{""date_from"":""2025-10-10"",""date_to"":""2025-10-31"",""game_data"":[""pbp""],""leagues"":[""NBA""],""market_data"":[""candles""],""markets"":[""kalshi""],""seasons"":[""2025-2026""],""sports"":[""NBA""]}",TRADABLE_YES_BID,1_MINUTE_CANDLE,available_at,CROSS,"{""id"":""entry_iti_stress"",""op"":""CROSS"",""period"":""Q4"",""price_e4"":7100}",REACH,"{""id"":""win_iti_stress"",""op"":""REACH"",""outcome"":""win"",""price_e4"":8500}",REACH,"{""id"":""loss_iti_stress"",""op"":""REACH"",""outcome"":""loss"",""price_e4"":4000}",HOLD_TO_SETTLEMENT,75d368edb0ad750c5bc7596a46abdf3fabdfd8d1471175a99677c2075fcaeeea,1.0.0,2026-09-13T06:28:48Z,1.0.0,1.0.0,1.0.0,2026-09-13T06:28:48Z,READY,30,19,7,0.633333,0.233333,1400,3100,0.451613,163.333333,416a2c883115f79ca748415171c8bd3a0ffbd6d264c3bd924f438a9db2c25078,candle_path_not_fill,UNAVAILABLE,UNAVAILABLE,UNAVAILABLE,NOT_COMPUTABLE,UNAVAILABLE
sensitivity,MONTE_CARLO,base_decomposition,p_0.6_P_floor,0.938100,fraction,p_grid,superasi_bdebase_v1.0.0,grade_config_v1,2026-09-13T12:02:58Z,913e87a7c8d04ab0af447be670cfcda2,ITI Stress Q4 CROSS 65 REACH 85 40 ITI-05__913e87a7,3766439c96a7dd20c1a357cc9d344f52bdbbe213fb68782d4349329b8cd85c22,d42a28ee37542cabb6f140ba345b132015584963589d3732b3115ed80806cad0,6a547a4c14bdf2904cb47931457dc625742ef8654207540831709bc1c93ea690,ITI Stress Q4 CROSS 65 REACH 85 40 ITI-05,NBA,NBA,2025-2026,2025-10-10,2025-10-31,"{""date_from"":""2025-10-10"",""date_to"":""2025-10-31"",""game_data"":[""pbp""],""leagues"":[""NBA""],""market_data"":[""candles""],""markets"":[""kalshi""],""seasons"":[""2025-2026""],""sports"":[""NBA""]}",TRADABLE_YES_BID,1_MINUTE_CANDLE,available_at,CROSS,"{""id"":""entry_iti_stress"",""op"":""CROSS"",""period"":""Q4"",""price_e4"":7100}",REACH,"{""id"":""win_iti_stress"",""op"":""REACH"",""outcome"":""win"",""price_e4"":8500}",REACH,"{""id"":""loss_iti_stress"",""op"":""REACH"",""outcome"":""loss"",""price_e4"":4000}",HOLD_TO_SETTLEMENT,75d368edb0ad750c5bc7596a46abdf3fabdfd8d1471175a99677c2075fcaeeea,1.0.0,2026-09-13T06:28:48Z,1.0.0,1.0.0,1.0.0,2026-09-13T06:28:48Z,READY,30,19,7,0.633333,0.233333,1400,3100,0.451613,163.333333,416a2c883115f79ca748415171c8bd3a0ffbd6d264c3bd924f438a9db2c25078,candle_path_not_fill,UNAVAILABLE,UNAVAILABLE,UNAVAILABLE,NOT_COMPUTABLE,UNAVAILABLE
sensitivity,MONTE_CARLO,base_decomposition,p_0.6_P_target,0.000000,fraction,p_grid,superasi_bdebase_v1.0.0,grade_config_v1,2026-09-13T12:02:58Z,913e87a7c8d04ab0af447be670cfcda2,ITI Stress Q4 CROSS 65 REACH 85 40 ITI-05__913e87a7,3766439c96a7dd20c1a357cc9d344f52bdbbe213fb68782d4349329b8cd85c22,d42a28ee37542cabb6f140ba345b132015584963589d3732b3115ed80806cad0,6a547a4c14bdf2904cb47931457dc625742ef8654207540831709bc1c93ea690,ITI Stress Q4 CROSS 65 REACH 85 40 ITI-05,NBA,NBA,2025-2026,2025-10-10,2025-10-31,"{""date_from"":""2025-10-10"",""date_to"":""2025-10-31"",""game_data"":[""pbp""],""leagues"":[""NBA""],""market_data"":[""candles""],""markets"":[""kalshi""],""seasons"":[""2025-2026""],""sports"":[""NBA""]}",TRADABLE_YES_BID,1_MINUTE_CANDLE,available_at,CROSS,"{""id"":""entry_iti_stress"",""op"":""CROSS"",""period"":""Q4"",""price_e4"":7100}",REACH,"{""id"":""win_iti_stress"",""op"":""REACH"",""outcome"":""win"",""price_e4"":8500}",REACH,"{""id"":""loss_iti_stress"",""op"":""REACH"",""outcome"":""loss"",""price_e4"":4000}",HOLD_TO_SETTLEMENT,75d368edb0ad750c5bc7596a46abdf3fabdfd8d1471175a99677c2075fcaeeea,1.0.0,2026-09-13T06:28:48Z,1.0.0,1.0.0,1.0.0,2026-09-13T06:28:48Z,READY,30,19,7,0.633333,0.233333,1400,3100,0.451613,163.333333,416a2c883115f79ca748415171c8bd3a0ffbd6d264c3bd924f438a9db2c25078,candle_path_not_fill,UNAVAILABLE,UNAVAILABLE,UNAVAILABLE,NOT_COMPUTABLE,UNAVAILABLE
sensitivity,MONTE_CARLO,base_decomposition,p_0.6_median_terminal,11036.575732,usd,p_grid,superasi_bdebase_v1.0.0,grade_config_v1,2026-09-13T12:02:58Z,913e87a7c8d04ab0af447be670cfcda2,ITI Stress Q4 CROSS 65 REACH 85 40 ITI-05__913e87a7,3766439c96a7dd20c1a357cc9d344f52bdbbe213fb68782d4349329b8cd85c22,d42a28ee37542cabb6f140ba345b132015584963589d3732b3115ed80806cad0,6a547a4c14bdf2904cb47931457dc625742ef8654207540831709bc1c93ea690,ITI Stress Q4 CROSS 65 REACH 85 40 ITI-05,NBA,NBA,2025-2026,2025-10-10,2025-10-31,"{""date_from"":""2025-10-10"",""date_to"":""2025-10-31"",""game_data"":[""pbp""],""leagues"":[""NBA""],""market_data"":[""candles""],""markets"":[""kalshi""],""seasons"":[""2025-2026""],""sports"":[""NBA""]}",TRADABLE_YES_BID,1_MINUTE_CANDLE,available_at,CROSS,"{""id"":""entry_iti_stress"",""op"":""CROSS"",""period"":""Q4"",""price_e4"":7100}",REACH,"{""id"":""win_iti_stress"",""op"":""REACH"",""outcome"":""win"",""price_e4"":8500}",REACH,"{""id"":""loss_iti_stress"",""op"":""REACH"",""outcome"":""loss"",""price_e4"":4000}",HOLD_TO_SETTLEMENT,75d368edb0ad750c5bc7596a46abdf3fabdfd8d1471175a99677c2075fcaeeea,1.0.0,2026-09-13T06:28:48Z,1.0.0,1.0.0,1.0.0,2026-09-13T06:28:48Z,READY,30,19,7,0.633333,0.233333,1400,3100,0.451613,163.333333,416a2c883115f79ca748415171c8bd3a0ffbd6d264c3bd924f438a9db2c25078,candle_path_not_fill,UNAVAILABLE,UNAVAILABLE,UNAVAILABLE,NOT_COMPUTABLE,UNAVAILABLE
sensitivity,THEORETICAL,base_decomposition,p_0.625_trade_ev,-0.002025,fraction,p_grid,superasi_bdebase_v1.0.0,grade_config_v1,2026-09-13T12:02:58Z,913e87a7c8d04ab0af447be670cfcda2,ITI Stress Q4 CROSS 65 REACH 85 40 ITI-05__913e87a7,3766439c96a7dd20c1a357cc9d344f52bdbbe213fb68782d4349329b8cd85c22,d42a28ee37542cabb6f140ba345b132015584963589d3732b3115ed80806cad0,6a547a4c14bdf2904cb47931457dc625742ef8654207540831709bc1c93ea690,ITI Stress Q4 CROSS 65 REACH 85 40 ITI-05,NBA,NBA,2025-2026,2025-10-10,2025-10-31,"{""date_from"":""2025-10-10"",""date_to"":""2025-10-31"",""game_data"":[""pbp""],""leagues"":[""NBA""],""market_data"":[""candles""],""markets"":[""kalshi""],""seasons"":[""2025-2026""],""sports"":[""NBA""]}",TRADABLE_YES_BID,1_MINUTE_CANDLE,available_at,CROSS,"{""id"":""entry_iti_stress"",""op"":""CROSS"",""period"":""Q4"",""price_e4"":7100}",REACH,"{""id"":""win_iti_stress"",""op"":""REACH"",""outcome"":""win"",""price_e4"":8500}",REACH,"{""id"":""loss_iti_stress"",""op"":""REACH"",""outcome"":""loss"",""price_e4"":4000}",HOLD_TO_SETTLEMENT,75d368edb0ad750c5bc7596a46abdf3fabdfd8d1471175a99677c2075fcaeeea,1.0.0,2026-09-13T06:28:48Z,1.0.0,1.0.0,1.0.0,2026-09-13T06:28:48Z,READY,30,19,7,0.633333,0.233333,1400,3100,0.451613,163.333333,416a2c883115f79ca748415171c8bd3a0ffbd6d264c3bd924f438a9db2c25078,candle_path_not_fill,UNAVAILABLE,UNAVAILABLE,UNAVAILABLE,NOT_COMPUTABLE,UNAVAILABLE
sensitivity,THEORETICAL,base_decomposition,p_0.625_weekly_ev,-0.020246,fraction,p_grid,superasi_bdebase_v1.0.0,grade_config_v1,2026-09-13T12:02:58Z,913e87a7c8d04ab0af447be670cfcda2,ITI Stress Q4 CROSS 65 REACH 85 40 ITI-05__913e87a7,3766439c96a7dd20c1a357cc9d344f52bdbbe213fb68782d4349329b8cd85c22,d42a28ee37542cabb6f140ba345b132015584963589d3732b3115ed80806cad0,6a547a4c14bdf2904cb47931457dc625742ef8654207540831709bc1c93ea690,ITI Stress Q4 CROSS 65 REACH 85 40 ITI-05,NBA,NBA,2025-2026,2025-10-10,2025-10-31,"{""date_from"":""2025-10-10"",""date_to"":""2025-10-31"",""game_data"":[""pbp""],""leagues"":[""NBA""],""market_data"":[""candles""],""markets"":[""kalshi""],""seasons"":[""2025-2026""],""sports"":[""NBA""]}",TRADABLE_YES_BID,1_MINUTE_CANDLE,available_at,CROSS,"{""id"":""entry_iti_stress"",""op"":""CROSS"",""period"":""Q4"",""price_e4"":7100}",REACH,"{""id"":""win_iti_stress"",""op"":""REACH"",""outcome"":""win"",""price_e4"":8500}",REACH,"{""id"":""loss_iti_stress"",""op"":""REACH"",""outcome"":""loss"",""price_e4"":4000}",HOLD_TO_SETTLEMENT,75d368edb0ad750c5bc7596a46abdf3fabdfd8d1471175a99677c2075fcaeeea,1.0.0,2026-09-13T06:28:48Z,1.0.0,1.0.0,1.0.0,2026-09-13T06:28:48Z,READY,30,19,7,0.633333,0.233333,1400,3100,0.451613,163.333333,416a2c883115f79ca748415171c8bd3a0ffbd6d264c3bd924f438a9db2c25078,candle_path_not_fill,UNAVAILABLE,UNAVAILABLE,UNAVAILABLE,NOT_COMPUTABLE,UNAVAILABLE
sensitivity,MONTE_CARLO,base_decomposition,p_0.625_expected_20_week,-0.335649,fraction,p_grid,superasi_bdebase_v1.0.0,grade_config_v1,2026-09-13T12:02:58Z,913e87a7c8d04ab0af447be670cfcda2,ITI Stress Q4 CROSS 65 REACH 85 40 ITI-05__913e87a7,3766439c96a7dd20c1a357cc9d344f52bdbbe213fb68782d4349329b8cd85c22,d42a28ee37542cabb6f140ba345b132015584963589d3732b3115ed80806cad0,6a547a4c14bdf2904cb47931457dc625742ef8654207540831709bc1c93ea690,ITI Stress Q4 CROSS 65 REACH 85 40 ITI-05,NBA,NBA,2025-2026,2025-10-10,2025-10-31,"{""date_from"":""2025-10-10"",""date_to"":""2025-10-31"",""game_data"":[""pbp""],""leagues"":[""NBA""],""market_data"":[""candles""],""markets"":[""kalshi""],""seasons"":[""2025-2026""],""sports"":[""NBA""]}",TRADABLE_YES_BID,1_MINUTE_CANDLE,available_at,CROSS,"{""id"":""entry_iti_stress"",""op"":""CROSS"",""period"":""Q4"",""price_e4"":7100}",REACH,"{""id"":""win_iti_stress"",""op"":""REACH"",""outcome"":""win"",""price_e4"":8500}",REACH,"{""id"":""loss_iti_stress"",""op"":""REACH"",""outcome"":""loss"",""price_e4"":4000}",HOLD_TO_SETTLEMENT,75d368edb0ad750c5bc7596a46abdf3fabdfd8d1471175a99677c2075fcaeeea,1.0.0,2026-09-13T06:28:48Z,1.0.0,1.0.0,1.0.0,2026-09-13T06:28:48Z,READY,30,19,7,0.633333,0.233333,1400,3100,0.451613,163.333333,416a2c883115f79ca748415171c8bd3a0ffbd6d264c3bd924f438a9db2c25078,candle_path_not_fill,UNAVAILABLE,UNAVAILABLE,UNAVAILABLE,NOT_COMPUTABLE,UNAVAILABLE
sensitivity,MONTE_CARLO,base_decomposition,p_0.625_P_floor,0.795230,fraction,p_grid,superasi_bdebase_v1.0.0,grade_config_v1,2026-09-13T12:02:58Z,913e87a7c8d04ab0af447be670cfcda2,ITI Stress Q4 CROSS 65 REACH 85 40 ITI-05__913e87a7,3766439c96a7dd20c1a357cc9d344f52bdbbe213fb68782d4349329b8cd85c22,d42a28ee37542cabb6f140ba345b132015584963589d3732b3115ed80806cad0,6a547a4c14bdf2904cb47931457dc625742ef8654207540831709bc1c93ea690,ITI Stress Q4 CROSS 65 REACH 85 40 ITI-05,NBA,NBA,2025-2026,2025-10-10,2025-10-31,"{""date_from"":""2025-10-10"",""date_to"":""2025-10-31"",""game_data"":[""pbp""],""leagues"":[""NBA""],""market_data"":[""candles""],""markets"":[""kalshi""],""seasons"":[""2025-2026""],""sports"":[""NBA""]}",TRADABLE_YES_BID,1_MINUTE_CANDLE,available_at,CROSS,"{""id"":""entry_iti_stress"",""op"":""CROSS"",""period"":""Q4"",""price_e4"":7100}",REACH,"{""id"":""win_iti_stress"",""op"":""REACH"",""outcome"":""win"",""price_e4"":8500}",REACH,"{""id"":""loss_iti_stress"",""op"":""REACH"",""outcome"":""loss"",""price_e4"":4000}",HOLD_TO_SETTLEMENT,75d368edb0ad750c5bc7596a46abdf3fabdfd8d1471175a99677c2075fcaeeea,1.0.0,2026-09-13T06:28:48Z,1.0.0,1.0.0,1.0.0,2026-09-13T06:28:48Z,READY,30,19,7,0.633333,0.233333,1400,3100,0.451613,163.333333,416a2c883115f79ca748415171c8bd3a0ffbd6d264c3bd924f438a9db2c25078,candle_path_not_fill,UNAVAILABLE,UNAVAILABLE,UNAVAILABLE,NOT_COMPUTABLE,UNAVAILABLE
sensitivity,MONTE_CARLO,base_decomposition,p_0.625_P_target,0.000020,fraction,p_grid,superasi_bdebase_v1.0.0,grade_config_v1,2026-09-13T12:02:58Z,913e87a7c8d04ab0af447be670cfcda2,ITI Stress Q4 CROSS 65 REACH 85 40 ITI-05__913e87a7,3766439c96a7dd20c1a357cc9d344f52bdbbe213fb68782d4349329b8cd85c22,d42a28ee37542cabb6f140ba345b132015584963589d3732b3115ed80806cad0,6a547a4c14bdf2904cb47931457dc625742ef8654207540831709bc1c93ea690,ITI Stress Q4 CROSS 65 REACH 85 40 ITI-05,NBA,NBA,2025-2026,2025-10-10,2025-10-31,"{""date_from"":""2025-10-10"",""date_to"":""2025-10-31"",""game_data"":[""pbp""],""leagues"":[""NBA""],""market_data"":[""candles""],""markets"":[""kalshi""],""seasons"":[""2025-2026""],""sports"":[""NBA""]}",TRADABLE_YES_BID,1_MINUTE_CANDLE,available_at,CROSS,"{""id"":""entry_iti_stress"",""op"":""CROSS"",""period"":""Q4"",""price_e4"":7100}",REACH,"{""id"":""win_iti_stress"",""op"":""REACH"",""outcome"":""win"",""price_e4"":8500}",REACH,"{""id"":""loss_iti_stress"",""op"":""REACH"",""outcome"":""loss"",""price_e4"":4000}",HOLD_TO_SETTLEMENT,75d368edb0ad750c5bc7596a46abdf3fabdfd8d1471175a99677c2075fcaeeea,1.0.0,2026-09-13T06:28:48Z,1.0.0,1.0.0,1.0.0,2026-09-13T06:28:48Z,READY,30,19,7,0.633333,0.233333,1400,3100,0.451613,163.333333,416a2c883115f79ca748415171c8bd3a0ffbd6d264c3bd924f438a9db2c25078,candle_path_not_fill,UNAVAILABLE,UNAVAILABLE,UNAVAILABLE,NOT_COMPUTABLE,UNAVAILABLE
sensitivity,MONTE_CARLO,base_decomposition,p_0.625_median_terminal,12996.801733,usd,p_grid,superasi_bdebase_v1.0.0,grade_config_v1,2026-09-13T12:02:58Z,913e87a7c8d04ab0af447be670cfcda2,ITI Stress Q4 CROSS 65 REACH 85 40 ITI-05__913e87a7,3766439c96a7dd20c1a357cc9d344f52bdbbe213fb68782d4349329b8cd85c22,d42a28ee37542cabb6f140ba345b132015584963589d3732b3115ed80806cad0,6a547a4c14bdf2904cb47931457dc625742ef8654207540831709bc1c93ea690,ITI Stress Q4 CROSS 65 REACH 85 40 ITI-05,NBA,NBA,2025-2026,2025-10-10,2025-10-31,"{""date_from"":""2025-10-10"",""date_to"":""2025-10-31"",""game_data"":[""pbp""],""leagues"":[""NBA""],""market_data"":[""candles""],""markets"":[""kalshi""],""seasons"":[""2025-2026""],""sports"":[""NBA""]}",TRADABLE_YES_BID,1_MINUTE_CANDLE,available_at,CROSS,"{""id"":""entry_iti_stress"",""op"":""CROSS"",""period"":""Q4"",""price_e4"":7100}",REACH,"{""id"":""win_iti_stress"",""op"":""REACH"",""outcome"":""win"",""price_e4"":8500}",REACH,"{""id"":""loss_iti_stress"",""op"":""REACH"",""outcome"":""loss"",""price_e4"":4000}",HOLD_TO_SETTLEMENT,75d368edb0ad750c5bc7596a46abdf3fabdfd8d1471175a99677c2075fcaeeea,1.0.0,2026-09-13T06:28:48Z,1.0.0,1.0.0,1.0.0,2026-09-13T06:28:48Z,READY,30,19,7,0.633333,0.233333,1400,3100,0.451613,163.333333,416a2c883115f79ca748415171c8bd3a0ffbd6d264c3bd924f438a9db2c25078,candle_path_not_fill,UNAVAILABLE,UNAVAILABLE,UNAVAILABLE,NOT_COMPUTABLE,UNAVAILABLE
sensitivity,THEORETICAL,base_decomposition,p_0.65_trade_ev,-0.001232,fraction,p_grid,superasi_bdebase_v1.0.0,grade_config_v1,2026-09-13T12:02:58Z,913e87a7c8d04ab0af447be670cfcda2,ITI Stress Q4 CROSS 65 REACH 85 40 ITI-05__913e87a7,3766439c96a7dd20c1a357cc9d344f52bdbbe213fb68782d4349329b8cd85c22,d42a28ee37542cabb6f140ba345b132015584963589d3732b3115ed80806cad0,6a547a4c14bdf2904cb47931457dc625742ef8654207540831709bc1c93ea690,ITI Stress Q4 CROSS 65 REACH 85 40 ITI-05,NBA,NBA,2025-2026,2025-10-10,2025-10-31,"{""date_from"":""2025-10-10"",""date_to"":""2025-10-31"",""game_data"":[""pbp""],""leagues"":[""NBA""],""market_data"":[""candles""],""markets"":[""kalshi""],""seasons"":[""2025-2026""],""sports"":[""NBA""]}",TRADABLE_YES_BID,1_MINUTE_CANDLE,available_at,CROSS,"{""id"":""entry_iti_stress"",""op"":""CROSS"",""period"":""Q4"",""price_e4"":7100}",REACH,"{""id"":""win_iti_stress"",""op"":""REACH"",""outcome"":""win"",""price_e4"":8500}",REACH,"{""id"":""loss_iti_stress"",""op"":""REACH"",""outcome"":""loss"",""price_e4"":4000}",HOLD_TO_SETTLEMENT,75d368edb0ad750c5bc7596a46abdf3fabdfd8d1471175a99677c2075fcaeeea,1.0.0,2026-09-13T06:28:48Z,1.0.0,1.0.0,1.0.0,2026-09-13T06:28:48Z,READY,30,19,7,0.633333,0.233333,1400,3100,0.451613,163.333333,416a2c883115f79ca748415171c8bd3a0ffbd6d264c3bd924f438a9db2c25078,candle_path_not_fill,UNAVAILABLE,UNAVAILABLE,UNAVAILABLE,NOT_COMPUTABLE,UNAVAILABLE
sensitivity,THEORETICAL,base_decomposition,p_0.65_weekly_ev,-0.012324,fraction,p_grid,superasi_bdebase_v1.0.0,grade_config_v1,2026-09-13T12:02:58Z,913e87a7c8d04ab0af447be670cfcda2,ITI Stress Q4 CROSS 65 REACH 85 40 ITI-05__913e87a7,3766439c96a7dd20c1a357cc9d344f52bdbbe213fb68782d4349329b8cd85c22,d42a28ee37542cabb6f140ba345b132015584963589d3732b3115ed80806cad0,6a547a4c14bdf2904cb47931457dc625742ef8654207540831709bc1c93ea690,ITI Stress Q4 CROSS 65 REACH 85 40 ITI-05,NBA,NBA,2025-2026,2025-10-10,2025-10-31,"{""date_from"":""2025-10-10"",""date_to"":""2025-10-31"",""game_data"":[""pbp""],""leagues"":[""NBA""],""market_data"":[""candles""],""markets"":[""kalshi""],""seasons"":[""2025-2026""],""sports"":[""NBA""]}",TRADABLE_YES_BID,1_MINUTE_CANDLE,available_at,CROSS,"{""id"":""entry_iti_stress"",""op"":""CROSS"",""period"":""Q4"",""price_e4"":7100}",REACH,"{""id"":""win_iti_stress"",""op"":""REACH"",""outcome"":""win"",""price_e4"":8500}",REACH,"{""id"":""loss_iti_stress"",""op"":""REACH"",""outcome"":""loss"",""price_e4"":4000}",HOLD_TO_SETTLEMENT,75d368edb0ad750c5bc7596a46abdf3fabdfd8d1471175a99677c2075fcaeeea,1.0.0,2026-09-13T06:28:48Z,1.0.0,1.0.0,1.0.0,2026-09-13T06:28:48Z,READY,30,19,7,0.633333,0.233333,1400,3100,0.451613,163.333333,416a2c883115f79ca748415171c8bd3a0ffbd6d264c3bd924f438a9db2c25078,candle_path_not_fill,UNAVAILABLE,UNAVAILABLE,UNAVAILABLE,NOT_COMPUTABLE,UNAVAILABLE
sensitivity,MONTE_CARLO,base_decomposition,p_0.65_expected_20_week,-0.219308,fraction,p_grid,superasi_bdebase_v1.0.0,grade_config_v1,2026-09-13T12:02:58Z,913e87a7c8d04ab0af447be670cfcda2,ITI Stress Q4 CROSS 65 REACH 85 40 ITI-05__913e87a7,3766439c96a7dd20c1a357cc9d344f52bdbbe213fb68782d4349329b8cd85c22,d42a28ee37542cabb6f140ba345b132015584963589d3732b3115ed80806cad0,6a547a4c14bdf2904cb47931457dc625742ef8654207540831709bc1c93ea690,ITI Stress Q4 CROSS 65 REACH 85 40 ITI-05,NBA,NBA,2025-2026,2025-10-10,2025-10-31,"{""date_from"":""2025-10-10"",""date_to"":""2025-10-31"",""game_data"":[""pbp""],""leagues"":[""NBA""],""market_data"":[""candles""],""markets"":[""kalshi""],""seasons"":[""2025-2026""],""sports"":[""NBA""]}",TRADABLE_YES_BID,1_MINUTE_CANDLE,available_at,CROSS,"{""id"":""entry_iti_stress"",""op"":""CROSS"",""period"":""Q4"",""price_e4"":7100}",REACH,"{""id"":""win_iti_stress"",""op"":""REACH"",""outcome"":""win"",""price_e4"":8500}",REACH,"{""id"":""loss_iti_stress"",""op"":""REACH"",""outcome"":""loss"",""price_e4"":4000}",HOLD_TO_SETTLEMENT,75d368edb0ad750c5bc7596a46abdf3fabdfd8d1471175a99677c2075fcaeeea,1.0.0,2026-09-13T06:28:48Z,1.0.0,1.0.0,1.0.0,2026-09-13T06:28:48Z,READY,30,19,7,0.633333,0.233333,1400,3100,0.451613,163.333333,416a2c883115f79ca748415171c8bd3a0ffbd6d264c3bd924f438a9db2c25078,candle_path_not_fill,UNAVAILABLE,UNAVAILABLE,UNAVAILABLE,NOT_COMPUTABLE,UNAVAILABLE
sensitivity,MONTE_CARLO,base_decomposition,p_0.65_P_floor,0.545590,fraction,p_grid,superasi_bdebase_v1.0.0,grade_config_v1,2026-09-13T12:02:58Z,913e87a7c8d04ab0af447be670cfcda2,ITI Stress Q4 CROSS 65 REACH 85 40 ITI-05__913e87a7,3766439c96a7dd20c1a357cc9d344f52bdbbe213fb68782d4349329b8cd85c22,d42a28ee37542cabb6f140ba345b132015584963589d3732b3115ed80806cad0,6a547a4c14bdf2904cb47931457dc625742ef8654207540831709bc1c93ea690,ITI Stress Q4 CROSS 65 REACH 85 40 ITI-05,NBA,NBA,2025-2026,2025-10-10,2025-10-31,"{""date_from"":""2025-10-10"",""date_to"":""2025-10-31"",""game_data"":[""pbp""],""leagues"":[""NBA""],""market_data"":[""candles""],""markets"":[""kalshi""],""seasons"":[""2025-2026""],""sports"":[""NBA""]}",TRADABLE_YES_BID,1_MINUTE_CANDLE,available_at,CROSS,"{""id"":""entry_iti_stress"",""op"":""CROSS"",""period"":""Q4"",""price_e4"":7100}",REACH,"{""id"":""win_iti_stress"",""op"":""REACH"",""outcome"":""win"",""price_e4"":8500}",REACH,"{""id"":""loss_iti_stress"",""op"":""REACH"",""outcome"":""loss"",""price_e4"":4000}",HOLD_TO_SETTLEMENT,75d368edb0ad750c5bc7596a46abdf3fabdfd8d1471175a99677c2075fcaeeea,1.0.0,2026-09-13T06:28:48Z,1.0.0,1.0.0,1.0.0,2026-09-13T06:28:48Z,READY,30,19,7,0.633333,0.233333,1400,3100,0.451613,163.333333,416a2c883115f79ca748415171c8bd3a0ffbd6d264c3bd924f438a9db2c25078,candle_path_not_fill,UNAVAILABLE,UNAVAILABLE,UNAVAILABLE,NOT_COMPUTABLE,UNAVAILABLE
sensitivity,MONTE_CARLO,base_decomposition,p_0.65_P_target,0.000570,fraction,p_grid,superasi_bdebase_v1.0.0,grade_config_v1,2026-09-13T12:02:58Z,913e87a7c8d04ab0af447be670cfcda2,ITI Stress Q4 CROSS 65 REACH 85 40 ITI-05__913e87a7,3766439c96a7dd20c1a357cc9d344f52bdbbe213fb68782d4349329b8cd85c22,d42a28ee37542cabb6f140ba345b132015584963589d3732b3115ed80806cad0,6a547a4c14bdf2904cb47931457dc625742ef8654207540831709bc1c93ea690,ITI Stress Q4 CROSS 65 REACH 85 40 ITI-05,NBA,NBA,2025-2026,2025-10-10,2025-10-31,"{""date_from"":""2025-10-10"",""date_to"":""2025-10-31"",""game_data"":[""pbp""],""leagues"":[""NBA""],""market_data"":[""candles""],""markets"":[""kalshi""],""seasons"":[""2025-2026""],""sports"":[""NBA""]}",TRADABLE_YES_BID,1_MINUTE_CANDLE,available_at,CROSS,"{""id"":""entry_iti_stress"",""op"":""CROSS"",""period"":""Q4"",""price_e4"":7100}",REACH,"{""id"":""win_iti_stress"",""op"":""REACH"",""outcome"":""win"",""price_e4"":8500}",REACH,"{""id"":""loss_iti_stress"",""op"":""REACH"",""outcome"":""loss"",""price_e4"":4000}",HOLD_TO_SETTLEMENT,75d368edb0ad750c5bc7596a46abdf3fabdfd8d1471175a99677c2075fcaeeea,1.0.0,2026-09-13T06:28:48Z,1.0.0,1.0.0,1.0.0,2026-09-13T06:28:48Z,READY,30,19,7,0.633333,0.233333,1400,3100,0.451613,163.333333,416a2c883115f79ca748415171c8bd3a0ffbd6d264c3bd924f438a9db2c25078,candle_path_not_fill,UNAVAILABLE,UNAVAILABLE,UNAVAILABLE,NOT_COMPUTABLE,UNAVAILABLE
sensitivity,MONTE_CARLO,base_decomposition,p_0.65_median_terminal,15287.262681,usd,p_grid,superasi_bdebase_v1.0.0,grade_config_v1,2026-09-13T12:02:58Z,913e87a7c8d04ab0af447be670cfcda2,ITI Stress Q4 CROSS 65 REACH 85 40 ITI-05__913e87a7,3766439c96a7dd20c1a357cc9d344f52bdbbe213fb68782d4349329b8cd85c22,d42a28ee37542cabb6f140ba345b132015584963589d3732b3115ed80806cad0,6a547a4c14bdf2904cb47931457dc625742ef8654207540831709bc1c93ea690,ITI Stress Q4 CROSS 65 REACH 85 40 ITI-05,NBA,NBA,2025-2026,2025-10-10,2025-10-31,"{""date_from"":""2025-10-10"",""date_to"":""2025-10-31"",""game_data"":[""pbp""],""leagues"":[""NBA""],""market_data"":[""candles""],""markets"":[""kalshi""],""seasons"":[""2025-2026""],""sports"":[""NBA""]}",TRADABLE_YES_BID,1_MINUTE_CANDLE,available_at,CROSS,"{""id"":""entry_iti_stress"",""op"":""CROSS"",""period"":""Q4"",""price_e4"":7100}",REACH,"{""id"":""win_iti_stress"",""op"":""REACH"",""outcome"":""win"",""price_e4"":8500}",REACH,"{""id"":""loss_iti_stress"",""op"":""REACH"",""outcome"":""loss"",""price_e4"":4000}",HOLD_TO_SETTLEMENT,75d368edb0ad750c5bc7596a46abdf3fabdfd8d1471175a99677c2075fcaeeea,1.0.0,2026-09-13T06:28:48Z,1.0.0,1.0.0,1.0.0,2026-09-13T06:28:48Z,READY,30,19,7,0.633333,0.233333,1400,3100,0.451613,163.333333,416a2c883115f79ca748415171c8bd3a0ffbd6d264c3bd924f438a9db2c25078,candle_path_not_fill,UNAVAILABLE,UNAVAILABLE,UNAVAILABLE,NOT_COMPUTABLE,UNAVAILABLE
sensitivity,THEORETICAL,base_decomposition,p_0.675_trade_ev,-0.000440,fraction,p_grid,superasi_bdebase_v1.0.0,grade_config_v1,2026-09-13T12:02:58Z,913e87a7c8d04ab0af447be670cfcda2,ITI Stress Q4 CROSS 65 REACH 85 40 ITI-05__913e87a7,3766439c96a7dd20c1a357cc9d344f52bdbbe213fb68782d4349329b8cd85c22,d42a28ee37542cabb6f140ba345b132015584963589d3732b3115ed80806cad0,6a547a4c14bdf2904cb47931457dc625742ef8654207540831709bc1c93ea690,ITI Stress Q4 CROSS 65 REACH 85 40 ITI-05,NBA,NBA,2025-2026,2025-10-10,2025-10-31,"{""date_from"":""2025-10-10"",""date_to"":""2025-10-31"",""game_data"":[""pbp""],""leagues"":[""NBA""],""market_data"":[""candles""],""markets"":[""kalshi""],""seasons"":[""2025-2026""],""sports"":[""NBA""]}",TRADABLE_YES_BID,1_MINUTE_CANDLE,available_at,CROSS,"{""id"":""entry_iti_stress"",""op"":""CROSS"",""period"":""Q4"",""price_e4"":7100}",REACH,"{""id"":""win_iti_stress"",""op"":""REACH"",""outcome"":""win"",""price_e4"":8500}",REACH,"{""id"":""loss_iti_stress"",""op"":""REACH"",""outcome"":""loss"",""price_e4"":4000}",HOLD_TO_SETTLEMENT,75d368edb0ad750c5bc7596a46abdf3fabdfd8d1471175a99677c2075fcaeeea,1.0.0,2026-09-13T06:28:48Z,1.0.0,1.0.0,1.0.0,2026-09-13T06:28:48Z,READY,30,19,7,0.633333,0.233333,1400,3100,0.451613,163.333333,416a2c883115f79ca748415171c8bd3a0ffbd6d264c3bd924f438a9db2c25078,candle_path_not_fill,UNAVAILABLE,UNAVAILABLE,UNAVAILABLE,NOT_COMPUTABLE,UNAVAILABLE
sensitivity,THEORETICAL,base_decomposition,p_0.675_weekly_ev,-0.004401,fraction,p_grid,superasi_bdebase_v1.0.0,grade_config_v1,2026-09-13T12:02:58Z,913e87a7c8d04ab0af447be670cfcda2,ITI Stress Q4 CROSS 65 REACH 85 40 ITI-05__913e87a7,3766439c96a7dd20c1a357cc9d344f52bdbbe213fb68782d4349329b8cd85c22,d42a28ee37542cabb6f140ba345b132015584963589d3732b3115ed80806cad0,6a547a4c14bdf2904cb47931457dc625742ef8654207540831709bc1c93ea690,ITI Stress Q4 CROSS 65 REACH 85 40 ITI-05,NBA,NBA,2025-2026,2025-10-10,2025-10-31,"{""date_from"":""2025-10-10"",""date_to"":""2025-10-31"",""game_data"":[""pbp""],""leagues"":[""NBA""],""market_data"":[""candles""],""markets"":[""kalshi""],""seasons"":[""2025-2026""],""sports"":[""NBA""]}",TRADABLE_YES_BID,1_MINUTE_CANDLE,available_at,CROSS,"{""id"":""entry_iti_stress"",""op"":""CROSS"",""period"":""Q4"",""price_e4"":7100}",REACH,"{""id"":""win_iti_stress"",""op"":""REACH"",""outcome"":""win"",""price_e4"":8500}",REACH,"{""id"":""loss_iti_stress"",""op"":""REACH"",""outcome"":""loss"",""price_e4"":4000}",HOLD_TO_SETTLEMENT,75d368edb0ad750c5bc7596a46abdf3fabdfd8d1471175a99677c2075fcaeeea,1.0.0,2026-09-13T06:28:48Z,1.0.0,1.0.0,1.0.0,2026-09-13T06:28:48Z,READY,30,19,7,0.633333,0.233333,1400,3100,0.451613,163.333333,416a2c883115f79ca748415171c8bd3a0ffbd6d264c3bd924f438a9db2c25078,candle_path_not_fill,UNAVAILABLE,UNAVAILABLE,UNAVAILABLE,NOT_COMPUTABLE,UNAVAILABLE
sensitivity,MONTE_CARLO,base_decomposition,p_0.675_expected_20_week,-0.083500,fraction,p_grid,superasi_bdebase_v1.0.0,grade_config_v1,2026-09-13T12:02:58Z,913e87a7c8d04ab0af447be670cfcda2,ITI Stress Q4 CROSS 65 REACH 85 40 ITI-05__913e87a7,3766439c96a7dd20c1a357cc9d344f52bdbbe213fb68782d4349329b8cd85c22,d42a28ee37542cabb6f140ba345b132015584963589d3732b3115ed80806cad0,6a547a4c14bdf2904cb47931457dc625742ef8654207540831709bc1c93ea690,ITI Stress Q4 CROSS 65 REACH 85 40 ITI-05,NBA,NBA,2025-2026,2025-10-10,2025-10-31,"{""date_from"":""2025-10-10"",""date_to"":""2025-10-31"",""game_data"":[""pbp""],""leagues"":[""NBA""],""market_data"":[""candles""],""markets"":[""kalshi""],""seasons"":[""2025-2026""],""sports"":[""NBA""]}",TRADABLE_YES_BID,1_MINUTE_CANDLE,available_at,CROSS,"{""id"":""entry_iti_stress"",""op"":""CROSS"",""period"":""Q4"",""price_e4"":7100}",REACH,"{""id"":""win_iti_stress"",""op"":""REACH"",""outcome"":""win"",""price_e4"":8500}",REACH,"{""id"":""loss_iti_stress"",""op"":""REACH"",""outcome"":""loss"",""price_e4"":4000}",HOLD_TO_SETTLEMENT,75d368edb0ad750c5bc7596a46abdf3fabdfd8d1471175a99677c2075fcaeeea,1.0.0,2026-09-13T06:28:48Z,1.0.0,1.0.0,1.0.0,2026-09-13T06:28:48Z,READY,30,19,7,0.633333,0.233333,1400,3100,0.451613,163.333333,416a2c883115f79ca748415171c8bd3a0ffbd6d264c3bd924f438a9db2c25078,candle_path_not_fill,UNAVAILABLE,UNAVAILABLE,UNAVAILABLE,NOT_COMPUTABLE,UNAVAILABLE
sensitivity,MONTE_CARLO,base_decomposition,p_0.675_P_floor,0.273450,fraction,p_grid,superasi_bdebase_v1.0.0,grade_config_v1,2026-09-13T12:02:58Z,913e87a7c8d04ab0af447be670cfcda2,ITI Stress Q4 CROSS 65 REACH 85 40 ITI-05__913e87a7,3766439c96a7dd20c1a357cc9d344f52bdbbe213fb68782d4349329b8cd85c22,d42a28ee37542cabb6f140ba345b132015584963589d3732b3115ed80806cad0,6a547a4c14bdf2904cb47931457dc625742ef8654207540831709bc1c93ea690,ITI Stress Q4 CROSS 65 REACH 85 40 ITI-05,NBA,NBA,2025-2026,2025-10-10,2025-10-31,"{""date_from"":""2025-10-10"",""date_to"":""2025-10-31"",""game_data"":[""pbp""],""leagues"":[""NBA""],""market_data"":[""candles""],""markets"":[""kalshi""],""seasons"":[""2025-2026""],""sports"":[""NBA""]}",TRADABLE_YES_BID,1_MINUTE_CANDLE,available_at,CROSS,"{""id"":""entry_iti_stress"",""op"":""CROSS"",""period"":""Q4"",""price_e4"":7100}",REACH,"{""id"":""win_iti_stress"",""op"":""REACH"",""outcome"":""win"",""price_e4"":8500}",REACH,"{""id"":""loss_iti_stress"",""op"":""REACH"",""outcome"":""loss"",""price_e4"":4000}",HOLD_TO_SETTLEMENT,75d368edb0ad750c5bc7596a46abdf3fabdfd8d1471175a99677c2075fcaeeea,1.0.0,2026-09-13T06:28:48Z,1.0.0,1.0.0,1.0.0,2026-09-13T06:28:48Z,READY,30,19,7,0.633333,0.233333,1400,3100,0.451613,163.333333,416a2c883115f79ca748415171c8bd3a0ffbd6d264c3bd924f438a9db2c25078,candle_path_not_fill,UNAVAILABLE,UNAVAILABLE,UNAVAILABLE,NOT_COMPUTABLE,UNAVAILABLE
sensitivity,MONTE_CARLO,base_decomposition,p_0.675_P_target,0.005200,fraction,p_grid,superasi_bdebase_v1.0.0,grade_config_v1,2026-09-13T12:02:58Z,913e87a7c8d04ab0af447be670cfcda2,ITI Stress Q4 CROSS 65 REACH 85 40 ITI-05__913e87a7,3766439c96a7dd20c1a357cc9d344f52bdbbe213fb68782d4349329b8cd85c22,d42a28ee37542cabb6f140ba345b132015584963589d3732b3115ed80806cad0,6a547a4c14bdf2904cb47931457dc625742ef8654207540831709bc1c93ea690,ITI Stress Q4 CROSS 65 REACH 85 40 ITI-05,NBA,NBA,2025-2026,2025-10-10,2025-10-31,"{""date_from"":""2025-10-10"",""date_to"":""2025-10-31"",""game_data"":[""pbp""],""leagues"":[""NBA""],""market_data"":[""candles""],""markets"":[""kalshi""],""seasons"":[""2025-2026""],""sports"":[""NBA""]}",TRADABLE_YES_BID,1_MINUTE_CANDLE,available_at,CROSS,"{""id"":""entry_iti_stress"",""op"":""CROSS"",""period"":""Q4"",""price_e4"":7100}",REACH,"{""id"":""win_iti_stress"",""op"":""REACH"",""outcome"":""win"",""price_e4"":8500}",REACH,"{""id"":""loss_iti_stress"",""op"":""REACH"",""outcome"":""loss"",""price_e4"":4000}",HOLD_TO_SETTLEMENT,75d368edb0ad750c5bc7596a46abdf3fabdfd8d1471175a99677c2075fcaeeea,1.0.0,2026-09-13T06:28:48Z,1.0.0,1.0.0,1.0.0,2026-09-13T06:28:48Z,READY,30,19,7,0.633333,0.233333,1400,3100,0.451613,163.333333,416a2c883115f79ca748415171c8bd3a0ffbd6d264c3bd924f438a9db2c25078,candle_path_not_fill,UNAVAILABLE,UNAVAILABLE,UNAVAILABLE,NOT_COMPUTABLE,UNAVAILABLE
sensitivity,MONTE_CARLO,base_decomposition,p_0.675_median_terminal,17964.753867,usd,p_grid,superasi_bdebase_v1.0.0,grade_config_v1,2026-09-13T12:02:58Z,913e87a7c8d04ab0af447be670cfcda2,ITI Stress Q4 CROSS 65 REACH 85 40 ITI-05__913e87a7,3766439c96a7dd20c1a357cc9d344f52bdbbe213fb68782d4349329b8cd85c22,d42a28ee37542cabb6f140ba345b132015584963589d3732b3115ed80806cad0,6a547a4c14bdf2904cb47931457dc625742ef8654207540831709bc1c93ea690,ITI Stress Q4 CROSS 65 REACH 85 40 ITI-05,NBA,NBA,2025-2026,2025-10-10,2025-10-31,"{""date_from"":""2025-10-10"",""date_to"":""2025-10-31"",""game_data"":[""pbp""],""leagues"":[""NBA""],""market_data"":[""candles""],""markets"":[""kalshi""],""seasons"":[""2025-2026""],""sports"":[""NBA""]}",TRADABLE_YES_BID,1_MINUTE_CANDLE,available_at,CROSS,"{""id"":""entry_iti_stress"",""op"":""CROSS"",""period"":""Q4"",""price_e4"":7100}",REACH,"{""id"":""win_iti_stress"",""op"":""REACH"",""outcome"":""win"",""price_e4"":8500}",REACH,"{""id"":""loss_iti_stress"",""op"":""REACH"",""outcome"":""loss"",""price_e4"":4000}",HOLD_TO_SETTLEMENT,75d368edb0ad750c5bc7596a46abdf3fabdfd8d1471175a99677c2075fcaeeea,1.0.0,2026-09-13T06:28:48Z,1.0.0,1.0.0,1.0.0,2026-09-13T06:28:48Z,READY,30,19,7,0.633333,0.233333,1400,3100,0.451613,163.333333,416a2c883115f79ca748415171c8bd3a0ffbd6d264c3bd924f438a9db2c25078,candle_path_not_fill,UNAVAILABLE,UNAVAILABLE,UNAVAILABLE,NOT_COMPUTABLE,UNAVAILABLE
sensitivity,THEORETICAL,base_decomposition,p_0.7_trade_ev,0.000352,fraction,p_grid,superasi_bdebase_v1.0.0,grade_config_v1,2026-09-13T12:02:58Z,913e87a7c8d04ab0af447be670cfcda2,ITI Stress Q4 CROSS 65 REACH 85 40 ITI-05__913e87a7,3766439c96a7dd20c1a357cc9d344f52bdbbe213fb68782d4349329b8cd85c22,d42a28ee37542cabb6f140ba345b132015584963589d3732b3115ed80806cad0,6a547a4c14bdf2904cb47931457dc625742ef8654207540831709bc1c93ea690,ITI Stress Q4 CROSS 65 REACH 85 40 ITI-05,NBA,NBA,2025-2026,2025-10-10,2025-10-31,"{""date_from"":""2025-10-10"",""date_to"":""2025-10-31"",""game_data"":[""pbp""],""leagues"":[""NBA""],""market_data"":[""candles""],""markets"":[""kalshi""],""seasons"":[""2025-2026""],""sports"":[""NBA""]}",TRADABLE_YES_BID,1_MINUTE_CANDLE,available_at,CROSS,"{""id"":""entry_iti_stress"",""op"":""CROSS"",""period"":""Q4"",""price_e4"":7100}",REACH,"{""id"":""win_iti_stress"",""op"":""REACH"",""outcome"":""win"",""price_e4"":8500}",REACH,"{""id"":""loss_iti_stress"",""op"":""REACH"",""outcome"":""loss"",""price_e4"":4000}",HOLD_TO_SETTLEMENT,75d368edb0ad750c5bc7596a46abdf3fabdfd8d1471175a99677c2075fcaeeea,1.0.0,2026-09-13T06:28:48Z,1.0.0,1.0.0,1.0.0,2026-09-13T06:28:48Z,READY,30,19,7,0.633333,0.233333,1400,3100,0.451613,163.333333,416a2c883115f79ca748415171c8bd3a0ffbd6d264c3bd924f438a9db2c25078,candle_path_not_fill,UNAVAILABLE,UNAVAILABLE,UNAVAILABLE,NOT_COMPUTABLE,UNAVAILABLE
sensitivity,THEORETICAL,base_decomposition,p_0.7_weekly_ev,0.003521,fraction,p_grid,superasi_bdebase_v1.0.0,grade_config_v1,2026-09-13T12:02:58Z,913e87a7c8d04ab0af447be670cfcda2,ITI Stress Q4 CROSS 65 REACH 85 40 ITI-05__913e87a7,3766439c96a7dd20c1a357cc9d344f52bdbbe213fb68782d4349329b8cd85c22,d42a28ee37542cabb6f140ba345b132015584963589d3732b3115ed80806cad0,6a547a4c14bdf2904cb47931457dc625742ef8654207540831709bc1c93ea690,ITI Stress Q4 CROSS 65 REACH 85 40 ITI-05,NBA,NBA,2025-2026,2025-10-10,2025-10-31,"{""date_from"":""2025-10-10"",""date_to"":""2025-10-31"",""game_data"":[""pbp""],""leagues"":[""NBA""],""market_data"":[""candles""],""markets"":[""kalshi""],""seasons"":[""2025-2026""],""sports"":[""NBA""]}",TRADABLE_YES_BID,1_MINUTE_CANDLE,available_at,CROSS,"{""id"":""entry_iti_stress"",""op"":""CROSS"",""period"":""Q4"",""price_e4"":7100}",REACH,"{""id"":""win_iti_stress"",""op"":""REACH"",""outcome"":""win"",""price_e4"":8500}",REACH,"{""id"":""loss_iti_stress"",""op"":""REACH"",""outcome"":""loss"",""price_e4"":4000}",HOLD_TO_SETTLEMENT,75d368edb0ad750c5bc7596a46abdf3fabdfd8d1471175a99677c2075fcaeeea,1.0.0,2026-09-13T06:28:48Z,1.0.0,1.0.0,1.0.0,2026-09-13T06:28:48Z,READY,30,19,7,0.633333,0.233333,1400,3100,0.451613,163.333333,416a2c883115f79ca748415171c8bd3a0ffbd6d264c3bd924f438a9db2c25078,candle_path_not_fill,UNAVAILABLE,UNAVAILABLE,UNAVAILABLE,NOT_COMPUTABLE,UNAVAILABLE
sensitivity,MONTE_CARLO,base_decomposition,p_0.7_expected_20_week,0.073863,fraction,p_grid,superasi_bdebase_v1.0.0,grade_config_v1,2026-09-13T12:02:58Z,913e87a7c8d04ab0af447be670cfcda2,ITI Stress Q4 CROSS 65 REACH 85 40 ITI-05__913e87a7,3766439c96a7dd20c1a357cc9d344f52bdbbe213fb68782d4349329b8cd85c22,d42a28ee37542cabb6f140ba345b132015584963589d3732b3115ed80806cad0,6a547a4c14bdf2904cb47931457dc625742ef8654207540831709bc1c93ea690,ITI Stress Q4 CROSS 65 REACH 85 40 ITI-05,NBA,NBA,2025-2026,2025-10-10,2025-10-31,"{""date_from"":""2025-10-10"",""date_to"":""2025-10-31"",""game_data"":[""pbp""],""leagues"":[""NBA""],""market_data"":[""candles""],""markets"":[""kalshi""],""seasons"":[""2025-2026""],""sports"":[""NBA""]}",TRADABLE_YES_BID,1_MINUTE_CANDLE,available_at,CROSS,"{""id"":""entry_iti_stress"",""op"":""CROSS"",""period"":""Q4"",""price_e4"":7100}",REACH,"{""id"":""win_iti_stress"",""op"":""REACH"",""outcome"":""win"",""price_e4"":8500}",REACH,"{""id"":""loss_iti_stress"",""op"":""REACH"",""outcome"":""loss"",""price_e4"":4000}",HOLD_TO_SETTLEMENT,75d368edb0ad750c5bc7596a46abdf3fabdfd8d1471175a99677c2075fcaeeea,1.0.0,2026-09-13T06:28:48Z,1.0.0,1.0.0,1.0.0,2026-09-13T06:28:48Z,READY,30,19,7,0.633333,0.233333,1400,3100,0.451613,163.333333,416a2c883115f79ca748415171c8bd3a0ffbd6d264c3bd924f438a9db2c25078,candle_path_not_fill,UNAVAILABLE,UNAVAILABLE,UNAVAILABLE,NOT_COMPUTABLE,UNAVAILABLE
sensitivity,MONTE_CARLO,base_decomposition,p_0.7_P_floor,0.092890,fraction,p_grid,superasi_bdebase_v1.0.0,grade_config_v1,2026-09-13T12:02:58Z,913e87a7c8d04ab0af447be670cfcda2,ITI Stress Q4 CROSS 65 REACH 85 40 ITI-05__913e87a7,3766439c96a7dd20c1a357cc9d344f52bdbbe213fb68782d4349329b8cd85c22,d42a28ee37542cabb6f140ba345b132015584963589d3732b3115ed80806cad0,6a547a4c14bdf2904cb47931457dc625742ef8654207540831709bc1c93ea690,ITI Stress Q4 CROSS 65 REACH 85 40 ITI-05,NBA,NBA,2025-2026,2025-10-10,2025-10-31,"{""date_from"":""2025-10-10"",""date_to"":""2025-10-31"",""game_data"":[""pbp""],""leagues"":[""NBA""],""market_data"":[""candles""],""markets"":[""kalshi""],""seasons"":[""2025-2026""],""sports"":[""NBA""]}",TRADABLE_YES_BID,1_MINUTE_CANDLE,available_at,CROSS,"{""id"":""entry_iti_stress"",""op"":""CROSS"",""period"":""Q4"",""price_e4"":7100}",REACH,"{""id"":""win_iti_stress"",""op"":""REACH"",""outcome"":""win"",""price_e4"":8500}",REACH,"{""id"":""loss_iti_stress"",""op"":""REACH"",""outcome"":""loss"",""price_e4"":4000}",HOLD_TO_SETTLEMENT,75d368edb0ad750c5bc7596a46abdf3fabdfd8d1471175a99677c2075fcaeeea,1.0.0,2026-09-13T06:28:48Z,1.0.0,1.0.0,1.0.0,2026-09-13T06:28:48Z,READY,30,19,7,0.633333,0.233333,1400,3100,0.451613,163.333333,416a2c883115f79ca748415171c8bd3a0ffbd6d264c3bd924f438a9db2c25078,candle_path_not_fill,UNAVAILABLE,UNAVAILABLE,UNAVAILABLE,NOT_COMPUTABLE,UNAVAILABLE
sensitivity,MONTE_CARLO,base_decomposition,p_0.7_P_target,0.037520,fraction,p_grid,superasi_bdebase_v1.0.0,grade_config_v1,2026-09-13T12:02:58Z,913e87a7c8d04ab0af447be670cfcda2,ITI Stress Q4 CROSS 65 REACH 85 40 ITI-05__913e87a7,3766439c96a7dd20c1a357cc9d344f52bdbbe213fb68782d4349329b8cd85c22,d42a28ee37542cabb6f140ba345b132015584963589d3732b3115ed80806cad0,6a547a4c14bdf2904cb47931457dc625742ef8654207540831709bc1c93ea690,ITI Stress Q4 CROSS 65 REACH 85 40 ITI-05,NBA,NBA,2025-2026,2025-10-10,2025-10-31,"{""date_from"":""2025-10-10"",""date_to"":""2025-10-31"",""game_data"":[""pbp""],""leagues"":[""NBA""],""market_data"":[""candles""],""markets"":[""kalshi""],""seasons"":[""2025-2026""],""sports"":[""NBA""]}",TRADABLE_YES_BID,1_MINUTE_CANDLE,available_at,CROSS,"{""id"":""entry_iti_stress"",""op"":""CROSS"",""period"":""Q4"",""price_e4"":7100}",REACH,"{""id"":""win_iti_stress"",""op"":""REACH"",""outcome"":""win"",""price_e4"":8500}",REACH,"{""id"":""loss_iti_stress"",""op"":""REACH"",""outcome"":""loss"",""price_e4"":4000}",HOLD_TO_SETTLEMENT,75d368edb0ad750c5bc7596a46abdf3fabdfd8d1471175a99677c2075fcaeeea,1.0.0,2026-09-13T06:28:48Z,1.0.0,1.0.0,1.0.0,2026-09-13T06:28:48Z,READY,30,19,7,0.633333,0.233333,1400,3100,0.451613,163.333333,416a2c883115f79ca748415171c8bd3a0ffbd6d264c3bd924f438a9db2c25078,candle_path_not_fill,UNAVAILABLE,UNAVAILABLE,UNAVAILABLE,NOT_COMPUTABLE,UNAVAILABLE
sensitivity,MONTE_CARLO,base_decomposition,p_0.7_median_terminal,21076.450723,usd,p_grid,superasi_bdebase_v1.0.0,grade_config_v1,2026-09-13T12:02:58Z,913e87a7c8d04ab0af447be670cfcda2,ITI Stress Q4 CROSS 65 REACH 85 40 ITI-05__913e87a7,3766439c96a7dd20c1a357cc9d344f52bdbbe213fb68782d4349329b8cd85c22,d42a28ee37542cabb6f140ba345b132015584963589d3732b3115ed80806cad0,6a547a4c14bdf2904cb47931457dc625742ef8654207540831709bc1c93ea690,ITI Stress Q4 CROSS 65 REACH 85 40 ITI-05,NBA,NBA,2025-2026,2025-10-10,2025-10-31,"{""date_from"":""2025-10-10"",""date_to"":""2025-10-31"",""game_data"":[""pbp""],""leagues"":[""NBA""],""market_data"":[""candles""],""markets"":[""kalshi""],""seasons"":[""2025-2026""],""sports"":[""NBA""]}",TRADABLE_YES_BID,1_MINUTE_CANDLE,available_at,CROSS,"{""id"":""entry_iti_stress"",""op"":""CROSS"",""period"":""Q4"",""price_e4"":7100}",REACH,"{""id"":""win_iti_stress"",""op"":""REACH"",""outcome"":""win"",""price_e4"":8500}",REACH,"{""id"":""loss_iti_stress"",""op"":""REACH"",""outcome"":""loss"",""price_e4"":4000}",HOLD_TO_SETTLEMENT,75d368edb0ad750c5bc7596a46abdf3fabdfd8d1471175a99677c2075fcaeeea,1.0.0,2026-09-13T06:28:48Z,1.0.0,1.0.0,1.0.0,2026-09-13T06:28:48Z,READY,30,19,7,0.633333,0.233333,1400,3100,0.451613,163.333333,416a2c883115f79ca748415171c8bd3a0ffbd6d264c3bd924f438a9db2c25078,candle_path_not_fill,UNAVAILABLE,UNAVAILABLE,UNAVAILABLE,NOT_COMPUTABLE,UNAVAILABLE
sensitivity,THEORETICAL,base_decomposition,p_0.725_trade_ev,0.001144,fraction,p_grid,superasi_bdebase_v1.0.0,grade_config_v1,2026-09-13T12:02:58Z,913e87a7c8d04ab0af447be670cfcda2,ITI Stress Q4 CROSS 65 REACH 85 40 ITI-05__913e87a7,3766439c96a7dd20c1a357cc9d344f52bdbbe213fb68782d4349329b8cd85c22,d42a28ee37542cabb6f140ba345b132015584963589d3732b3115ed80806cad0,6a547a4c14bdf2904cb47931457dc625742ef8654207540831709bc1c93ea690,ITI Stress Q4 CROSS 65 REACH 85 40 ITI-05,NBA,NBA,2025-2026,2025-10-10,2025-10-31,"{""date_from"":""2025-10-10"",""date_to"":""2025-10-31"",""game_data"":[""pbp""],""leagues"":[""NBA""],""market_data"":[""candles""],""markets"":[""kalshi""],""seasons"":[""2025-2026""],""sports"":[""NBA""]}",TRADABLE_YES_BID,1_MINUTE_CANDLE,available_at,CROSS,"{""id"":""entry_iti_stress"",""op"":""CROSS"",""period"":""Q4"",""price_e4"":7100}",REACH,"{""id"":""win_iti_stress"",""op"":""REACH"",""outcome"":""win"",""price_e4"":8500}",REACH,"{""id"":""loss_iti_stress"",""op"":""REACH"",""outcome"":""loss"",""price_e4"":4000}",HOLD_TO_SETTLEMENT,75d368edb0ad750c5bc7596a46abdf3fabdfd8d1471175a99677c2075fcaeeea,1.0.0,2026-09-13T06:28:48Z,1.0.0,1.0.0,1.0.0,2026-09-13T06:28:48Z,READY,30,19,7,0.633333,0.233333,1400,3100,0.451613,163.333333,416a2c883115f79ca748415171c8bd3a0ffbd6d264c3bd924f438a9db2c25078,candle_path_not_fill,UNAVAILABLE,UNAVAILABLE,UNAVAILABLE,NOT_COMPUTABLE,UNAVAILABLE
sensitivity,THEORETICAL,base_decomposition,p_0.725_weekly_ev,0.011444,fraction,p_grid,superasi_bdebase_v1.0.0,grade_config_v1,2026-09-13T12:02:58Z,913e87a7c8d04ab0af447be670cfcda2,ITI Stress Q4 CROSS 65 REACH 85 40 ITI-05__913e87a7,3766439c96a7dd20c1a357cc9d344f52bdbbe213fb68782d4349329b8cd85c22,d42a28ee37542cabb6f140ba345b132015584963589d3732b3115ed80806cad0,6a547a4c14bdf2904cb47931457dc625742ef8654207540831709bc1c93ea690,ITI Stress Q4 CROSS 65 REACH 85 40 ITI-05,NBA,NBA,2025-2026,2025-10-10,2025-10-31,"{""date_from"":""2025-10-10"",""date_to"":""2025-10-31"",""game_data"":[""pbp""],""leagues"":[""NBA""],""market_data"":[""candles""],""markets"":[""kalshi""],""seasons"":[""2025-2026""],""sports"":[""NBA""]}",TRADABLE_YES_BID,1_MINUTE_CANDLE,available_at,CROSS,"{""id"":""entry_iti_stress"",""op"":""CROSS"",""period"":""Q4"",""price_e4"":7100}",REACH,"{""id"":""win_iti_stress"",""op"":""REACH"",""outcome"":""win"",""price_e4"":8500}",REACH,"{""id"":""loss_iti_stress"",""op"":""REACH"",""outcome"":""loss"",""price_e4"":4000}",HOLD_TO_SETTLEMENT,75d368edb0ad750c5bc7596a46abdf3fabdfd8d1471175a99677c2075fcaeeea,1.0.0,2026-09-13T06:28:48Z,1.0.0,1.0.0,1.0.0,2026-09-13T06:28:48Z,READY,30,19,7,0.633333,0.233333,1400,3100,0.451613,163.333333,416a2c883115f79ca748415171c8bd3a0ffbd6d264c3bd924f438a9db2c25078,candle_path_not_fill,UNAVAILABLE,UNAVAILABLE,UNAVAILABLE,NOT_COMPUTABLE,UNAVAILABLE
sensitivity,MONTE_CARLO,base_decomposition,p_0.725_expected_20_week,0.256509,fraction,p_grid,superasi_bdebase_v1.0.0,grade_config_v1,2026-09-13T12:02:58Z,913e87a7c8d04ab0af447be670cfcda2,ITI Stress Q4 CROSS 65 REACH 85 40 ITI-05__913e87a7,3766439c96a7dd20c1a357cc9d344f52bdbbe213fb68782d4349329b8cd85c22,d42a28ee37542cabb6f140ba345b132015584963589d3732b3115ed80806cad0,6a547a4c14bdf2904cb47931457dc625742ef8654207540831709bc1c93ea690,ITI Stress Q4 CROSS 65 REACH 85 40 ITI-05,NBA,NBA,2025-2026,2025-10-10,2025-10-31,"{""date_from"":""2025-10-10"",""date_to"":""2025-10-31"",""game_data"":[""pbp""],""leagues"":[""NBA""],""market_data"":[""candles""],""markets"":[""kalshi""],""seasons"":[""2025-2026""],""sports"":[""NBA""]}",TRADABLE_YES_BID,1_MINUTE_CANDLE,available_at,CROSS,"{""id"":""entry_iti_stress"",""op"":""CROSS"",""period"":""Q4"",""price_e4"":7100}",REACH,"{""id"":""win_iti_stress"",""op"":""REACH"",""outcome"":""win"",""price_e4"":8500}",REACH,"{""id"":""loss_iti_stress"",""op"":""REACH"",""outcome"":""loss"",""price_e4"":4000}",HOLD_TO_SETTLEMENT,75d368edb0ad750c5bc7596a46abdf3fabdfd8d1471175a99677c2075fcaeeea,1.0.0,2026-09-13T06:28:48Z,1.0.0,1.0.0,1.0.0,2026-09-13T06:28:48Z,READY,30,19,7,0.633333,0.233333,1400,3100,0.451613,163.333333,416a2c883115f79ca748415171c8bd3a0ffbd6d264c3bd924f438a9db2c25078,candle_path_not_fill,UNAVAILABLE,UNAVAILABLE,UNAVAILABLE,NOT_COMPUTABLE,UNAVAILABLE
sensitivity,MONTE_CARLO,base_decomposition,p_0.725_P_floor,0.020240,fraction,p_grid,superasi_bdebase_v1.0.0,grade_config_v1,2026-09-13T12:02:58Z,913e87a7c8d04ab0af447be670cfcda2,ITI Stress Q4 CROSS 65 REACH 85 40 ITI-05__913e87a7,3766439c96a7dd20c1a357cc9d344f52bdbbe213fb68782d4349329b8cd85c22,d42a28ee37542cabb6f140ba345b132015584963589d3732b3115ed80806cad0,6a547a4c14bdf2904cb47931457dc625742ef8654207540831709bc1c93ea690,ITI Stress Q4 CROSS 65 REACH 85 40 ITI-05,NBA,NBA,2025-2026,2025-10-10,2025-10-31,"{""date_from"":""2025-10-10"",""date_to"":""2025-10-31"",""game_data"":[""pbp""],""leagues"":[""NBA""],""market_data"":[""candles""],""markets"":[""kalshi""],""seasons"":[""2025-2026""],""sports"":[""NBA""]}",TRADABLE_YES_BID,1_MINUTE_CANDLE,available_at,CROSS,"{""id"":""entry_iti_stress"",""op"":""CROSS"",""period"":""Q4"",""price_e4"":7100}",REACH,"{""id"":""win_iti_stress"",""op"":""REACH"",""outcome"":""win"",""price_e4"":8500}",REACH,"{""id"":""loss_iti_stress"",""op"":""REACH"",""outcome"":""loss"",""price_e4"":4000}",HOLD_TO_SETTLEMENT,75d368edb0ad750c5bc7596a46abdf3fabdfd8d1471175a99677c2075fcaeeea,1.0.0,2026-09-13T06:28:48Z,1.0.0,1.0.0,1.0.0,2026-09-13T06:28:48Z,READY,30,19,7,0.633333,0.233333,1400,3100,0.451613,163.333333,416a2c883115f79ca748415171c8bd3a0ffbd6d264c3bd924f438a9db2c25078,candle_path_not_fill,UNAVAILABLE,UNAVAILABLE,UNAVAILABLE,NOT_COMPUTABLE,UNAVAILABLE
sensitivity,MONTE_CARLO,base_decomposition,p_0.725_P_target,0.154610,fraction,p_grid,superasi_bdebase_v1.0.0,grade_config_v1,2026-09-13T12:02:58Z,913e87a7c8d04ab0af447be670cfcda2,ITI Stress Q4 CROSS 65 REACH 85 40 ITI-05__913e87a7,3766439c96a7dd20c1a357cc9d344f52bdbbe213fb68782d4349329b8cd85c22,d42a28ee37542cabb6f140ba345b132015584963589d3732b3115ed80806cad0,6a547a4c14bdf2904cb47931457dc625742ef8654207540831709bc1c93ea690,ITI Stress Q4 CROSS 65 REACH 85 40 ITI-05,NBA,NBA,2025-2026,2025-10-10,2025-10-31,"{""date_from"":""2025-10-10"",""date_to"":""2025-10-31"",""game_data"":[""pbp""],""leagues"":[""NBA""],""market_data"":[""candles""],""markets"":[""kalshi""],""seasons"":[""2025-2026""],""sports"":[""NBA""]}",TRADABLE_YES_BID,1_MINUTE_CANDLE,available_at,CROSS,"{""id"":""entry_iti_stress"",""op"":""CROSS"",""period"":""Q4"",""price_e4"":7100}",REACH,"{""id"":""win_iti_stress"",""op"":""REACH"",""outcome"":""win"",""price_e4"":8500}",REACH,"{""id"":""loss_iti_stress"",""op"":""REACH"",""outcome"":""loss"",""price_e4"":4000}",HOLD_TO_SETTLEMENT,75d368edb0ad750c5bc7596a46abdf3fabdfd8d1471175a99677c2075fcaeeea,1.0.0,2026-09-13T06:28:48Z,1.0.0,1.0.0,1.0.0,2026-09-13T06:28:48Z,READY,30,19,7,0.633333,0.233333,1400,3100,0.451613,163.333333,416a2c883115f79ca748415171c8bd3a0ffbd6d264c3bd924f438a9db2c25078,candle_path_not_fill,UNAVAILABLE,UNAVAILABLE,UNAVAILABLE,NOT_COMPUTABLE,UNAVAILABLE
sensitivity,MONTE_CARLO,base_decomposition,p_0.725_median_terminal,24690.565785,usd,p_grid,superasi_bdebase_v1.0.0,grade_config_v1,2026-09-13T12:02:58Z,913e87a7c8d04ab0af447be670cfcda2,ITI Stress Q4 CROSS 65 REACH 85 40 ITI-05__913e87a7,3766439c96a7dd20c1a357cc9d344f52bdbbe213fb68782d4349329b8cd85c22,d42a28ee37542cabb6f140ba345b132015584963589d3732b3115ed80806cad0,6a547a4c14bdf2904cb47931457dc625742ef8654207540831709bc1c93ea690,ITI Stress Q4 CROSS 65 REACH 85 40 ITI-05,NBA,NBA,2025-2026,2025-10-10,2025-10-31,"{""date_from"":""2025-10-10"",""date_to"":""2025-10-31"",""game_data"":[""pbp""],""leagues"":[""NBA""],""market_data"":[""candles""],""markets"":[""kalshi""],""seasons"":[""2025-2026""],""sports"":[""NBA""]}",TRADABLE_YES_BID,1_MINUTE_CANDLE,available_at,CROSS,"{""id"":""entry_iti_stress"",""op"":""CROSS"",""period"":""Q4"",""price_e4"":7100}",REACH,"{""id"":""win_iti_stress"",""op"":""REACH"",""outcome"":""win"",""price_e4"":8500}",REACH,"{""id"":""loss_iti_stress"",""op"":""REACH"",""outcome"":""loss"",""price_e4"":4000}",HOLD_TO_SETTLEMENT,75d368edb0ad750c5bc7596a46abdf3fabdfd8d1471175a99677c2075fcaeeea,1.0.0,2026-09-13T06:28:48Z,1.0.0,1.0.0,1.0.0,2026-09-13T06:28:48Z,READY,30,19,7,0.633333,0.233333,1400,3100,0.451613,163.333333,416a2c883115f79ca748415171c8bd3a0ffbd6d264c3bd924f438a9db2c25078,candle_path_not_fill,UNAVAILABLE,UNAVAILABLE,UNAVAILABLE,NOT_COMPUTABLE,UNAVAILABLE
sensitivity,THEORETICAL,base_decomposition,p_0.75_trade_ev,0.001937,fraction,p_grid,superasi_bdebase_v1.0.0,grade_config_v1,2026-09-13T12:02:58Z,913e87a7c8d04ab0af447be670cfcda2,ITI Stress Q4 CROSS 65 REACH 85 40 ITI-05__913e87a7,3766439c96a7dd20c1a357cc9d344f52bdbbe213fb68782d4349329b8cd85c22,d42a28ee37542cabb6f140ba345b132015584963589d3732b3115ed80806cad0,6a547a4c14bdf2904cb47931457dc625742ef8654207540831709bc1c93ea690,ITI Stress Q4 CROSS 65 REACH 85 40 ITI-05,NBA,NBA,2025-2026,2025-10-10,2025-10-31,"{""date_from"":""2025-10-10"",""date_to"":""2025-10-31"",""game_data"":[""pbp""],""leagues"":[""NBA""],""market_data"":[""candles""],""markets"":[""kalshi""],""seasons"":[""2025-2026""],""sports"":[""NBA""]}",TRADABLE_YES_BID,1_MINUTE_CANDLE,available_at,CROSS,"{""id"":""entry_iti_stress"",""op"":""CROSS"",""period"":""Q4"",""price_e4"":7100}",REACH,"{""id"":""win_iti_stress"",""op"":""REACH"",""outcome"":""win"",""price_e4"":8500}",REACH,"{""id"":""loss_iti_stress"",""op"":""REACH"",""outcome"":""loss"",""price_e4"":4000}",HOLD_TO_SETTLEMENT,75d368edb0ad750c5bc7596a46abdf3fabdfd8d1471175a99677c2075fcaeeea,1.0.0,2026-09-13T06:28:48Z,1.0.0,1.0.0,1.0.0,2026-09-13T06:28:48Z,READY,30,19,7,0.633333,0.233333,1400,3100,0.451613,163.333333,416a2c883115f79ca748415171c8bd3a0ffbd6d264c3bd924f438a9db2c25078,candle_path_not_fill,UNAVAILABLE,UNAVAILABLE,UNAVAILABLE,NOT_COMPUTABLE,UNAVAILABLE
sensitivity,THEORETICAL,base_decomposition,p_0.75_weekly_ev,0.019366,fraction,p_grid,superasi_bdebase_v1.0.0,grade_config_v1,2026-09-13T12:02:58Z,913e87a7c8d04ab0af447be670cfcda2,ITI Stress Q4 CROSS 65 REACH 85 40 ITI-05__913e87a7,3766439c96a7dd20c1a357cc9d344f52bdbbe213fb68782d4349329b8cd85c22,d42a28ee37542cabb6f140ba345b132015584963589d3732b3115ed80806cad0,6a547a4c14bdf2904cb47931457dc625742ef8654207540831709bc1c93ea690,ITI Stress Q4 CROSS 65 REACH 85 40 ITI-05,NBA,NBA,2025-2026,2025-10-10,2025-10-31,"{""date_from"":""2025-10-10"",""date_to"":""2025-10-31"",""game_data"":[""pbp""],""leagues"":[""NBA""],""market_data"":[""candles""],""markets"":[""kalshi""],""seasons"":[""2025-2026""],""sports"":[""NBA""]}",TRADABLE_YES_BID,1_MINUTE_CANDLE,available_at,CROSS,"{""id"":""entry_iti_stress"",""op"":""CROSS"",""period"":""Q4"",""price_e4"":7100}",REACH,"{""id"":""win_iti_stress"",""op"":""REACH"",""outcome"":""win"",""price_e4"":8500}",REACH,"{""id"":""loss_iti_stress"",""op"":""REACH"",""outcome"":""loss"",""price_e4"":4000}",HOLD_TO_SETTLEMENT,75d368edb0ad750c5bc7596a46abdf3fabdfd8d1471175a99677c2075fcaeeea,1.0.0,2026-09-13T06:28:48Z,1.0.0,1.0.0,1.0.0,2026-09-13T06:28:48Z,READY,30,19,7,0.633333,0.233333,1400,3100,0.451613,163.333333,416a2c883115f79ca748415171c8bd3a0ffbd6d264c3bd924f438a9db2c25078,candle_path_not_fill,UNAVAILABLE,UNAVAILABLE,UNAVAILABLE,NOT_COMPUTABLE,UNAVAILABLE
sensitivity,MONTE_CARLO,base_decomposition,p_0.75_expected_20_week,0.468695,fraction,p_grid,superasi_bdebase_v1.0.0,grade_config_v1,2026-09-13T12:02:58Z,913e87a7c8d04ab0af447be670cfcda2,ITI Stress Q4 CROSS 65 REACH 85 40 ITI-05__913e87a7,3766439c96a7dd20c1a357cc9d344f52bdbbe213fb68782d4349329b8cd85c22,d42a28ee37542cabb6f140ba345b132015584963589d3732b3115ed80806cad0,6a547a4c14bdf2904cb47931457dc625742ef8654207540831709bc1c93ea690,ITI Stress Q4 CROSS 65 REACH 85 40 ITI-05,NBA,NBA,2025-2026,2025-10-10,2025-10-31,"{""date_from"":""2025-10-10"",""date_to"":""2025-10-31"",""game_data"":[""pbp""],""leagues"":[""NBA""],""market_data"":[""candles""],""markets"":[""kalshi""],""seasons"":[""2025-2026""],""sports"":[""NBA""]}",TRADABLE_YES_BID,1_MINUTE_CANDLE,available_at,CROSS,"{""id"":""entry_iti_stress"",""op"":""CROSS"",""period"":""Q4"",""price_e4"":7100}",REACH,"{""id"":""win_iti_stress"",""op"":""REACH"",""outcome"":""win"",""price_e4"":8500}",REACH,"{""id"":""loss_iti_stress"",""op"":""REACH"",""outcome"":""loss"",""price_e4"":4000}",HOLD_TO_SETTLEMENT,75d368edb0ad750c5bc7596a46abdf3fabdfd8d1471175a99677c2075fcaeeea,1.0.0,2026-09-13T06:28:48Z,1.0.0,1.0.0,1.0.0,2026-09-13T06:28:48Z,READY,30,19,7,0.633333,0.233333,1400,3100,0.451613,163.333333,416a2c883115f79ca748415171c8bd3a0ffbd6d264c3bd924f438a9db2c25078,candle_path_not_fill,UNAVAILABLE,UNAVAILABLE,UNAVAILABLE,NOT_COMPUTABLE,UNAVAILABLE
sensitivity,MONTE_CARLO,base_decomposition,p_0.75_P_floor,0.002680,fraction,p_grid,superasi_bdebase_v1.0.0,grade_config_v1,2026-09-13T12:02:58Z,913e87a7c8d04ab0af447be670cfcda2,ITI Stress Q4 CROSS 65 REACH 85 40 ITI-05__913e87a7,3766439c96a7dd20c1a357cc9d344f52bdbbe213fb68782d4349329b8cd85c22,d42a28ee37542cabb6f140ba345b132015584963589d3732b3115ed80806cad0,6a547a4c14bdf2904cb47931457dc625742ef8654207540831709bc1c93ea690,ITI Stress Q4 CROSS 65 REACH 85 40 ITI-05,NBA,NBA,2025-2026,2025-10-10,2025-10-31,"{""date_from"":""2025-10-10"",""date_to"":""2025-10-31"",""game_data"":[""pbp""],""leagues"":[""NBA""],""market_data"":[""candles""],""markets"":[""kalshi""],""seasons"":[""2025-2026""],""sports"":[""NBA""]}",TRADABLE_YES_BID,1_MINUTE_CANDLE,available_at,CROSS,"{""id"":""entry_iti_stress"",""op"":""CROSS"",""period"":""Q4"",""price_e4"":7100}",REACH,"{""id"":""win_iti_stress"",""op"":""REACH"",""outcome"":""win"",""price_e4"":8500}",REACH,"{""id"":""loss_iti_stress"",""op"":""REACH"",""outcome"":""loss"",""price_e4"":4000}",HOLD_TO_SETTLEMENT,75d368edb0ad750c5bc7596a46abdf3fabdfd8d1471175a99677c2075fcaeeea,1.0.0,2026-09-13T06:28:48Z,1.0.0,1.0.0,1.0.0,2026-09-13T06:28:48Z,READY,30,19,7,0.633333,0.233333,1400,3100,0.451613,163.333333,416a2c883115f79ca748415171c8bd3a0ffbd6d264c3bd924f438a9db2c25078,candle_path_not_fill,UNAVAILABLE,UNAVAILABLE,UNAVAILABLE,NOT_COMPUTABLE,UNAVAILABLE
sensitivity,MONTE_CARLO,base_decomposition,p_0.75_P_target,0.412680,fraction,p_grid,superasi_bdebase_v1.0.0,grade_config_v1,2026-09-13T12:02:58Z,913e87a7c8d04ab0af447be670cfcda2,ITI Stress Q4 CROSS 65 REACH 85 40 ITI-05__913e87a7,3766439c96a7dd20c1a357cc9d344f52bdbbe213fb68782d4349329b8cd85c22,d42a28ee37542cabb6f140ba345b132015584963589d3732b3115ed80806cad0,6a547a4c14bdf2904cb47931457dc625742ef8654207540831709bc1c93ea690,ITI Stress Q4 CROSS 65 REACH 85 40 ITI-05,NBA,NBA,2025-2026,2025-10-10,2025-10-31,"{""date_from"":""2025-10-10"",""date_to"":""2025-10-31"",""game_data"":[""pbp""],""leagues"":[""NBA""],""market_data"":[""candles""],""markets"":[""kalshi""],""seasons"":[""2025-2026""],""sports"":[""NBA""]}",TRADABLE_YES_BID,1_MINUTE_CANDLE,available_at,CROSS,"{""id"":""entry_iti_stress"",""op"":""CROSS"",""period"":""Q4"",""price_e4"":7100}",REACH,"{""id"":""win_iti_stress"",""op"":""REACH"",""outcome"":""win"",""price_e4"":8500}",REACH,"{""id"":""loss_iti_stress"",""op"":""REACH"",""outcome"":""loss"",""price_e4"":4000}",HOLD_TO_SETTLEMENT,75d368edb0ad750c5bc7596a46abdf3fabdfd8d1471175a99677c2075fcaeeea,1.0.0,2026-09-13T06:28:48Z,1.0.0,1.0.0,1.0.0,2026-09-13T06:28:48Z,READY,30,19,7,0.633333,0.233333,1400,3100,0.451613,163.333333,416a2c883115f79ca748415171c8bd3a0ffbd6d264c3bd924f438a9db2c25078,candle_path_not_fill,UNAVAILABLE,UNAVAILABLE,UNAVAILABLE,NOT_COMPUTABLE,UNAVAILABLE
sensitivity,MONTE_CARLO,base_decomposition,p_0.75_median_terminal,28899.070453,usd,p_grid,superasi_bdebase_v1.0.0,grade_config_v1,2026-09-13T12:02:58Z,913e87a7c8d04ab0af447be670cfcda2,ITI Stress Q4 CROSS 65 REACH 85 40 ITI-05__913e87a7,3766439c96a7dd20c1a357cc9d344f52bdbbe213fb68782d4349329b8cd85c22,d42a28ee37542cabb6f140ba345b132015584963589d3732b3115ed80806cad0,6a547a4c14bdf2904cb47931457dc625742ef8654207540831709bc1c93ea690,ITI Stress Q4 CROSS 65 REACH 85 40 ITI-05,NBA,NBA,2025-2026,2025-10-10,2025-10-31,"{""date_from"":""2025-10-10"",""date_to"":""2025-10-31"",""game_data"":[""pbp""],""leagues"":[""NBA""],""market_data"":[""candles""],""markets"":[""kalshi""],""seasons"":[""2025-2026""],""sports"":[""NBA""]}",TRADABLE_YES_BID,1_MINUTE_CANDLE,available_at,CROSS,"{""id"":""entry_iti_stress"",""op"":""CROSS"",""period"":""Q4"",""price_e4"":7100}",REACH,"{""id"":""win_iti_stress"",""op"":""REACH"",""outcome"":""win"",""price_e4"":8500}",REACH,"{""id"":""loss_iti_stress"",""op"":""REACH"",""outcome"":""loss"",""price_e4"":4000}",HOLD_TO_SETTLEMENT,75d368edb0ad750c5bc7596a46abdf3fabdfd8d1471175a99677c2075fcaeeea,1.0.0,2026-09-13T06:28:48Z,1.0.0,1.0.0,1.0.0,2026-09-13T06:28:48Z,READY,30,19,7,0.633333,0.233333,1400,3100,0.451613,163.333333,416a2c883115f79ca748415171c8bd3a0ffbd6d264c3bd924f438a9db2c25078,candle_path_not_fill,UNAVAILABLE,UNAVAILABLE,UNAVAILABLE,NOT_COMPUTABLE,UNAVAILABLE
sensitivity,THEORETICAL,base_decomposition,p_0.775_trade_ev,0.002729,fraction,p_grid,superasi_bdebase_v1.0.0,grade_config_v1,2026-09-13T12:02:58Z,913e87a7c8d04ab0af447be670cfcda2,ITI Stress Q4 CROSS 65 REACH 85 40 ITI-05__913e87a7,3766439c96a7dd20c1a357cc9d344f52bdbbe213fb68782d4349329b8cd85c22,d42a28ee37542cabb6f140ba345b132015584963589d3732b3115ed80806cad0,6a547a4c14bdf2904cb47931457dc625742ef8654207540831709bc1c93ea690,ITI Stress Q4 CROSS 65 REACH 85 40 ITI-05,NBA,NBA,2025-2026,2025-10-10,2025-10-31,"{""date_from"":""2025-10-10"",""date_to"":""2025-10-31"",""game_data"":[""pbp""],""leagues"":[""NBA""],""market_data"":[""candles""],""markets"":[""kalshi""],""seasons"":[""2025-2026""],""sports"":[""NBA""]}",TRADABLE_YES_BID,1_MINUTE_CANDLE,available_at,CROSS,"{""id"":""entry_iti_stress"",""op"":""CROSS"",""period"":""Q4"",""price_e4"":7100}",REACH,"{""id"":""win_iti_stress"",""op"":""REACH"",""outcome"":""win"",""price_e4"":8500}",REACH,"{""id"":""loss_iti_stress"",""op"":""REACH"",""outcome"":""loss"",""price_e4"":4000}",HOLD_TO_SETTLEMENT,75d368edb0ad750c5bc7596a46abdf3fabdfd8d1471175a99677c2075fcaeeea,1.0.0,2026-09-13T06:28:48Z,1.0.0,1.0.0,1.0.0,2026-09-13T06:28:48Z,READY,30,19,7,0.633333,0.233333,1400,3100,0.451613,163.333333,416a2c883115f79ca748415171c8bd3a0ffbd6d264c3bd924f438a9db2c25078,candle_path_not_fill,UNAVAILABLE,UNAVAILABLE,UNAVAILABLE,NOT_COMPUTABLE,UNAVAILABLE
sensitivity,THEORETICAL,base_decomposition,p_0.775_weekly_ev,0.027289,fraction,p_grid,superasi_bdebase_v1.0.0,grade_config_v1,2026-09-13T12:02:58Z,913e87a7c8d04ab0af447be670cfcda2,ITI Stress Q4 CROSS 65 REACH 85 40 ITI-05__913e87a7,3766439c96a7dd20c1a357cc9d344f52bdbbe213fb68782d4349329b8cd85c22,d42a28ee37542cabb6f140ba345b132015584963589d3732b3115ed80806cad0,6a547a4c14bdf2904cb47931457dc625742ef8654207540831709bc1c93ea690,ITI Stress Q4 CROSS 65 REACH 85 40 ITI-05,NBA,NBA,2025-2026,2025-10-10,2025-10-31,"{""date_from"":""2025-10-10"",""date_to"":""2025-10-31"",""game_data"":[""pbp""],""leagues"":[""NBA""],""market_data"":[""candles""],""markets"":[""kalshi""],""seasons"":[""2025-2026""],""sports"":[""NBA""]}",TRADABLE_YES_BID,1_MINUTE_CANDLE,available_at,CROSS,"{""id"":""entry_iti_stress"",""op"":""CROSS"",""period"":""Q4"",""price_e4"":7100}",REACH,"{""id"":""win_iti_stress"",""op"":""REACH"",""outcome"":""win"",""price_e4"":8500}",REACH,"{""id"":""loss_iti_stress"",""op"":""REACH"",""outcome"":""loss"",""price_e4"":4000}",HOLD_TO_SETTLEMENT,75d368edb0ad750c5bc7596a46abdf3fabdfd8d1471175a99677c2075fcaeeea,1.0.0,2026-09-13T06:28:48Z,1.0.0,1.0.0,1.0.0,2026-09-13T06:28:48Z,READY,30,19,7,0.633333,0.233333,1400,3100,0.451613,163.333333,416a2c883115f79ca748415171c8bd3a0ffbd6d264c3bd924f438a9db2c25078,candle_path_not_fill,UNAVAILABLE,UNAVAILABLE,UNAVAILABLE,NOT_COMPUTABLE,UNAVAILABLE
sensitivity,MONTE_CARLO,base_decomposition,p_0.775_expected_20_week,0.714824,fraction,p_grid,superasi_bdebase_v1.0.0,grade_config_v1,2026-09-13T12:02:58Z,913e87a7c8d04ab0af447be670cfcda2,ITI Stress Q4 CROSS 65 REACH 85 40 ITI-05__913e87a7,3766439c96a7dd20c1a357cc9d344f52bdbbe213fb68782d4349329b8cd85c22,d42a28ee37542cabb6f140ba345b132015584963589d3732b3115ed80806cad0,6a547a4c14bdf2904cb47931457dc625742ef8654207540831709bc1c93ea690,ITI Stress Q4 CROSS 65 REACH 85 40 ITI-05,NBA,NBA,2025-2026,2025-10-10,2025-10-31,"{""date_from"":""2025-10-10"",""date_to"":""2025-10-31"",""game_data"":[""pbp""],""leagues"":[""NBA""],""market_data"":[""candles""],""markets"":[""kalshi""],""seasons"":[""2025-2026""],""sports"":[""NBA""]}",TRADABLE_YES_BID,1_MINUTE_CANDLE,available_at,CROSS,"{""id"":""entry_iti_stress"",""op"":""CROSS"",""period"":""Q4"",""price_e4"":7100}",REACH,"{""id"":""win_iti_stress"",""op"":""REACH"",""outcome"":""win"",""price_e4"":8500}",REACH,"{""id"":""loss_iti_stress"",""op"":""REACH"",""outcome"":""loss"",""price_e4"":4000}",HOLD_TO_SETTLEMENT,75d368edb0ad750c5bc7596a46abdf3fabdfd8d1471175a99677c2075fcaeeea,1.0.0,2026-09-13T06:28:48Z,1.0.0,1.0.0,1.0.0,2026-09-13T06:28:48Z,READY,30,19,7,0.633333,0.233333,1400,3100,0.451613,163.333333,416a2c883115f79ca748415171c8bd3a0ffbd6d264c3bd924f438a9db2c25078,candle_path_not_fill,UNAVAILABLE,UNAVAILABLE,UNAVAILABLE,NOT_COMPUTABLE,UNAVAILABLE
sensitivity,MONTE_CARLO,base_decomposition,p_0.775_P_floor,0.000330,fraction,p_grid,superasi_bdebase_v1.0.0,grade_config_v1,2026-09-13T12:02:58Z,913e87a7c8d04ab0af447be670cfcda2,ITI Stress Q4 CROSS 65 REACH 85 40 ITI-05__913e87a7,3766439c96a7dd20c1a357cc9d344f52bdbbe213fb68782d4349329b8cd85c22,d42a28ee37542cabb6f140ba345b132015584963589d3732b3115ed80806cad0,6a547a4c14bdf2904cb47931457dc625742ef8654207540831709bc1c93ea690,ITI Stress Q4 CROSS 65 REACH 85 40 ITI-05,NBA,NBA,2025-2026,2025-10-10,2025-10-31,"{""date_from"":""2025-10-10"",""date_to"":""2025-10-31"",""game_data"":[""pbp""],""leagues"":[""NBA""],""market_data"":[""candles""],""markets"":[""kalshi""],""seasons"":[""2025-2026""],""sports"":[""NBA""]}",TRADABLE_YES_BID,1_MINUTE_CANDLE,available_at,CROSS,"{""id"":""entry_iti_stress"",""op"":""CROSS"",""period"":""Q4"",""price_e4"":7100}",REACH,"{""id"":""win_iti_stress"",""op"":""REACH"",""outcome"":""win"",""price_e4"":8500}",REACH,"{""id"":""loss_iti_stress"",""op"":""REACH"",""outcome"":""loss"",""price_e4"":4000}",HOLD_TO_SETTLEMENT,75d368edb0ad750c5bc7596a46abdf3fabdfd8d1471175a99677c2075fcaeeea,1.0.0,2026-09-13T06:28:48Z,1.0.0,1.0.0,1.0.0,2026-09-13T06:28:48Z,READY,30,19,7,0.633333,0.233333,1400,3100,0.451613,163.333333,416a2c883115f79ca748415171c8bd3a0ffbd6d264c3bd924f438a9db2c25078,candle_path_not_fill,UNAVAILABLE,UNAVAILABLE,UNAVAILABLE,NOT_COMPUTABLE,UNAVAILABLE
sensitivity,MONTE_CARLO,base_decomposition,p_0.775_P_target,0.729360,fraction,p_grid,superasi_bdebase_v1.0.0,grade_config_v1,2026-09-13T12:02:58Z,913e87a7c8d04ab0af447be670cfcda2,ITI Stress Q4 CROSS 65 REACH 85 40 ITI-05__913e87a7,3766439c96a7dd20c1a357cc9d344f52bdbbe213fb68782d4349329b8cd85c22,d42a28ee37542cabb6f140ba345b132015584963589d3732b3115ed80806cad0,6a547a4c14bdf2904cb47931457dc625742ef8654207540831709bc1c93ea690,ITI Stress Q4 CROSS 65 REACH 85 40 ITI-05,NBA,NBA,2025-2026,2025-10-10,2025-10-31,"{""date_from"":""2025-10-10"",""date_to"":""2025-10-31"",""game_data"":[""pbp""],""leagues"":[""NBA""],""market_data"":[""candles""],""markets"":[""kalshi""],""seasons"":[""2025-2026""],""sports"":[""NBA""]}",TRADABLE_YES_BID,1_MINUTE_CANDLE,available_at,CROSS,"{""id"":""entry_iti_stress"",""op"":""CROSS"",""period"":""Q4"",""price_e4"":7100}",REACH,"{""id"":""win_iti_stress"",""op"":""REACH"",""outcome"":""win"",""price_e4"":8500}",REACH,"{""id"":""loss_iti_stress"",""op"":""REACH"",""outcome"":""loss"",""price_e4"":4000}",HOLD_TO_SETTLEMENT,75d368edb0ad750c5bc7596a46abdf3fabdfd8d1471175a99677c2075fcaeeea,1.0.0,2026-09-13T06:28:48Z,1.0.0,1.0.0,1.0.0,2026-09-13T06:28:48Z,READY,30,19,7,0.633333,0.233333,1400,3100,0.451613,163.333333,416a2c883115f79ca748415171c8bd3a0ffbd6d264c3bd924f438a9db2c25078,candle_path_not_fill,UNAVAILABLE,UNAVAILABLE,UNAVAILABLE,NOT_COMPUTABLE,UNAVAILABLE
sensitivity,MONTE_CARLO,base_decomposition,p_0.775_median_terminal,33784.967829,usd,p_grid,superasi_bdebase_v1.0.0,grade_config_v1,2026-09-13T12:02:58Z,913e87a7c8d04ab0af447be670cfcda2,ITI Stress Q4 CROSS 65 REACH 85 40 ITI-05__913e87a7,3766439c96a7dd20c1a357cc9d344f52bdbbe213fb68782d4349329b8cd85c22,d42a28ee37542cabb6f140ba345b132015584963589d3732b3115ed80806cad0,6a547a4c14bdf2904cb47931457dc625742ef8654207540831709bc1c93ea690,ITI Stress Q4 CROSS 65 REACH 85 40 ITI-05,NBA,NBA,2025-2026,2025-10-10,2025-10-31,"{""date_from"":""2025-10-10"",""date_to"":""2025-10-31"",""game_data"":[""pbp""],""leagues"":[""NBA""],""market_data"":[""candles""],""markets"":[""kalshi""],""seasons"":[""2025-2026""],""sports"":[""NBA""]}",TRADABLE_YES_BID,1_MINUTE_CANDLE,available_at,CROSS,"{""id"":""entry_iti_stress"",""op"":""CROSS"",""period"":""Q4"",""price_e4"":7100}",REACH,"{""id"":""win_iti_stress"",""op"":""REACH"",""outcome"":""win"",""price_e4"":8500}",REACH,"{""id"":""loss_iti_stress"",""op"":""REACH"",""outcome"":""loss"",""price_e4"":4000}",HOLD_TO_SETTLEMENT,75d368edb0ad750c5bc7596a46abdf3fabdfd8d1471175a99677c2075fcaeeea,1.0.0,2026-09-13T06:28:48Z,1.0.0,1.0.0,1.0.0,2026-09-13T06:28:48Z,READY,30,19,7,0.633333,0.233333,1400,3100,0.451613,163.333333,416a2c883115f79ca748415171c8bd3a0ffbd6d264c3bd924f438a9db2c25078,candle_path_not_fill,UNAVAILABLE,UNAVAILABLE,UNAVAILABLE,NOT_COMPUTABLE,UNAVAILABLE
sensitivity,THEORETICAL,base_decomposition,p_0.8_trade_ev,0.003521,fraction,p_grid,superasi_bdebase_v1.0.0,grade_config_v1,2026-09-13T12:02:58Z,913e87a7c8d04ab0af447be670cfcda2,ITI Stress Q4 CROSS 65 REACH 85 40 ITI-05__913e87a7,3766439c96a7dd20c1a357cc9d344f52bdbbe213fb68782d4349329b8cd85c22,d42a28ee37542cabb6f140ba345b132015584963589d3732b3115ed80806cad0,6a547a4c14bdf2904cb47931457dc625742ef8654207540831709bc1c93ea690,ITI Stress Q4 CROSS 65 REACH 85 40 ITI-05,NBA,NBA,2025-2026,2025-10-10,2025-10-31,"{""date_from"":""2025-10-10"",""date_to"":""2025-10-31"",""game_data"":[""pbp""],""leagues"":[""NBA""],""market_data"":[""candles""],""markets"":[""kalshi""],""seasons"":[""2025-2026""],""sports"":[""NBA""]}",TRADABLE_YES_BID,1_MINUTE_CANDLE,available_at,CROSS,"{""id"":""entry_iti_stress"",""op"":""CROSS"",""period"":""Q4"",""price_e4"":7100}",REACH,"{""id"":""win_iti_stress"",""op"":""REACH"",""outcome"":""win"",""price_e4"":8500}",REACH,"{""id"":""loss_iti_stress"",""op"":""REACH"",""outcome"":""loss"",""price_e4"":4000}",HOLD_TO_SETTLEMENT,75d368edb0ad750c5bc7596a46abdf3fabdfd8d1471175a99677c2075fcaeeea,1.0.0,2026-09-13T06:28:48Z,1.0.0,1.0.0,1.0.0,2026-09-13T06:28:48Z,READY,30,19,7,0.633333,0.233333,1400,3100,0.451613,163.333333,416a2c883115f79ca748415171c8bd3a0ffbd6d264c3bd924f438a9db2c25078,candle_path_not_fill,UNAVAILABLE,UNAVAILABLE,UNAVAILABLE,NOT_COMPUTABLE,UNAVAILABLE
sensitivity,THEORETICAL,base_decomposition,p_0.8_weekly_ev,0.035211,fraction,p_grid,superasi_bdebase_v1.0.0,grade_config_v1,2026-09-13T12:02:58Z,913e87a7c8d04ab0af447be670cfcda2,ITI Stress Q4 CROSS 65 REACH 85 40 ITI-05__913e87a7,3766439c96a7dd20c1a357cc9d344f52bdbbe213fb68782d4349329b8cd85c22,d42a28ee37542cabb6f140ba345b132015584963589d3732b3115ed80806cad0,6a547a4c14bdf2904cb47931457dc625742ef8654207540831709bc1c93ea690,ITI Stress Q4 CROSS 65 REACH 85 40 ITI-05,NBA,NBA,2025-2026,2025-10-10,2025-10-31,"{""date_from"":""2025-10-10"",""date_to"":""2025-10-31"",""game_data"":[""pbp""],""leagues"":[""NBA""],""market_data"":[""candles""],""markets"":[""kalshi""],""seasons"":[""2025-2026""],""sports"":[""NBA""]}",TRADABLE_YES_BID,1_MINUTE_CANDLE,available_at,CROSS,"{""id"":""entry_iti_stress"",""op"":""CROSS"",""period"":""Q4"",""price_e4"":7100}",REACH,"{""id"":""win_iti_stress"",""op"":""REACH"",""outcome"":""win"",""price_e4"":8500}",REACH,"{""id"":""loss_iti_stress"",""op"":""REACH"",""outcome"":""loss"",""price_e4"":4000}",HOLD_TO_SETTLEMENT,75d368edb0ad750c5bc7596a46abdf3fabdfd8d1471175a99677c2075fcaeeea,1.0.0,2026-09-13T06:28:48Z,1.0.0,1.0.0,1.0.0,2026-09-13T06:28:48Z,READY,30,19,7,0.633333,0.233333,1400,3100,0.451613,163.333333,416a2c883115f79ca748415171c8bd3a0ffbd6d264c3bd924f438a9db2c25078,candle_path_not_fill,UNAVAILABLE,UNAVAILABLE,UNAVAILABLE,NOT_COMPUTABLE,UNAVAILABLE
sensitivity,MONTE_CARLO,base_decomposition,p_0.8_expected_20_week,0.999906,fraction,p_grid,superasi_bdebase_v1.0.0,grade_config_v1,2026-09-13T12:02:58Z,913e87a7c8d04ab0af447be670cfcda2,ITI Stress Q4 CROSS 65 REACH 85 40 ITI-05__913e87a7,3766439c96a7dd20c1a357cc9d344f52bdbbe213fb68782d4349329b8cd85c22,d42a28ee37542cabb6f140ba345b132015584963589d3732b3115ed80806cad0,6a547a4c14bdf2904cb47931457dc625742ef8654207540831709bc1c93ea690,ITI Stress Q4 CROSS 65 REACH 85 40 ITI-05,NBA,NBA,2025-2026,2025-10-10,2025-10-31,"{""date_from"":""2025-10-10"",""date_to"":""2025-10-31"",""game_data"":[""pbp""],""leagues"":[""NBA""],""market_data"":[""candles""],""markets"":[""kalshi""],""seasons"":[""2025-2026""],""sports"":[""NBA""]}",TRADABLE_YES_BID,1_MINUTE_CANDLE,available_at,CROSS,"{""id"":""entry_iti_stress"",""op"":""CROSS"",""period"":""Q4"",""price_e4"":7100}",REACH,"{""id"":""win_iti_stress"",""op"":""REACH"",""outcome"":""win"",""price_e4"":8500}",REACH,"{""id"":""loss_iti_stress"",""op"":""REACH"",""outcome"":""loss"",""price_e4"":4000}",HOLD_TO_SETTLEMENT,75d368edb0ad750c5bc7596a46abdf3fabdfd8d1471175a99677c2075fcaeeea,1.0.0,2026-09-13T06:28:48Z,1.0.0,1.0.0,1.0.0,2026-09-13T06:28:48Z,READY,30,19,7,0.633333,0.233333,1400,3100,0.451613,163.333333,416a2c883115f79ca748415171c8bd3a0ffbd6d264c3bd924f438a9db2c25078,candle_path_not_fill,UNAVAILABLE,UNAVAILABLE,UNAVAILABLE,NOT_COMPUTABLE,UNAVAILABLE
sensitivity,MONTE_CARLO,base_decomposition,p_0.8_P_floor,0.000000,fraction,p_grid,superasi_bdebase_v1.0.0,grade_config_v1,2026-09-13T12:02:58Z,913e87a7c8d04ab0af447be670cfcda2,ITI Stress Q4 CROSS 65 REACH 85 40 ITI-05__913e87a7,3766439c96a7dd20c1a357cc9d344f52bdbbe213fb68782d4349329b8cd85c22,d42a28ee37542cabb6f140ba345b132015584963589d3732b3115ed80806cad0,6a547a4c14bdf2904cb47931457dc625742ef8654207540831709bc1c93ea690,ITI Stress Q4 CROSS 65 REACH 85 40 ITI-05,NBA,NBA,2025-2026,2025-10-10,2025-10-31,"{""date_from"":""2025-10-10"",""date_to"":""2025-10-31"",""game_data"":[""pbp""],""leagues"":[""NBA""],""market_data"":[""candles""],""markets"":[""kalshi""],""seasons"":[""2025-2026""],""sports"":[""NBA""]}",TRADABLE_YES_BID,1_MINUTE_CANDLE,available_at,CROSS,"{""id"":""entry_iti_stress"",""op"":""CROSS"",""period"":""Q4"",""price_e4"":7100}",REACH,"{""id"":""win_iti_stress"",""op"":""REACH"",""outcome"":""win"",""price_e4"":8500}",REACH,"{""id"":""loss_iti_stress"",""op"":""REACH"",""outcome"":""loss"",""price_e4"":4000}",HOLD_TO_SETTLEMENT,75d368edb0ad750c5bc7596a46abdf3fabdfd8d1471175a99677c2075fcaeeea,1.0.0,2026-09-13T06:28:48Z,1.0.0,1.0.0,1.0.0,2026-09-13T06:28:48Z,READY,30,19,7,0.633333,0.233333,1400,3100,0.451613,163.333333,416a2c883115f79ca748415171c8bd3a0ffbd6d264c3bd924f438a9db2c25078,candle_path_not_fill,UNAVAILABLE,UNAVAILABLE,UNAVAILABLE,NOT_COMPUTABLE,UNAVAILABLE
sensitivity,MONTE_CARLO,base_decomposition,p_0.8_P_target,0.932460,fraction,p_grid,superasi_bdebase_v1.0.0,grade_config_v1,2026-09-13T12:02:58Z,913e87a7c8d04ab0af447be670cfcda2,ITI Stress Q4 CROSS 65 REACH 85 40 ITI-05__913e87a7,3766439c96a7dd20c1a357cc9d344f52bdbbe213fb68782d4349329b8cd85c22,d42a28ee37542cabb6f140ba345b132015584963589d3732b3115ed80806cad0,6a547a4c14bdf2904cb47931457dc625742ef8654207540831709bc1c93ea690,ITI Stress Q4 CROSS 65 REACH 85 40 ITI-05,NBA,NBA,2025-2026,2025-10-10,2025-10-31,"{""date_from"":""2025-10-10"",""date_to"":""2025-10-31"",""game_data"":[""pbp""],""leagues"":[""NBA""],""market_data"":[""candles""],""markets"":[""kalshi""],""seasons"":[""2025-2026""],""sports"":[""NBA""]}",TRADABLE_YES_BID,1_MINUTE_CANDLE,available_at,CROSS,"{""id"":""entry_iti_stress"",""op"":""CROSS"",""period"":""Q4"",""price_e4"":7100}",REACH,"{""id"":""win_iti_stress"",""op"":""REACH"",""outcome"":""win"",""price_e4"":8500}",REACH,"{""id"":""loss_iti_stress"",""op"":""REACH"",""outcome"":""loss"",""price_e4"":4000}",HOLD_TO_SETTLEMENT,75d368edb0ad750c5bc7596a46abdf3fabdfd8d1471175a99677c2075fcaeeea,1.0.0,2026-09-13T06:28:48Z,1.0.0,1.0.0,1.0.0,2026-09-13T06:28:48Z,READY,30,19,7,0.633333,0.233333,1400,3100,0.451613,163.333333,416a2c883115f79ca748415171c8bd3a0ffbd6d264c3bd924f438a9db2c25078,candle_path_not_fill,UNAVAILABLE,UNAVAILABLE,UNAVAILABLE,NOT_COMPUTABLE,UNAVAILABLE
sensitivity,MONTE_CARLO,base_decomposition,p_0.8_median_terminal,39469.533823,usd,p_grid,superasi_bdebase_v1.0.0,grade_config_v1,2026-09-13T12:02:58Z,913e87a7c8d04ab0af447be670cfcda2,ITI Stress Q4 CROSS 65 REACH 85 40 ITI-05__913e87a7,3766439c96a7dd20c1a357cc9d344f52bdbbe213fb68782d4349329b8cd85c22,d42a28ee37542cabb6f140ba345b132015584963589d3732b3115ed80806cad0,6a547a4c14bdf2904cb47931457dc625742ef8654207540831709bc1c93ea690,ITI Stress Q4 CROSS 65 REACH 85 40 ITI-05,NBA,NBA,2025-2026,2025-10-10,2025-10-31,"{""date_from"":""2025-10-10"",""date_to"":""2025-10-31"",""game_data"":[""pbp""],""leagues"":[""NBA""],""market_data"":[""candles""],""markets"":[""kalshi""],""seasons"":[""2025-2026""],""sports"":[""NBA""]}",TRADABLE_YES_BID,1_MINUTE_CANDLE,available_at,CROSS,"{""id"":""entry_iti_stress"",""op"":""CROSS"",""period"":""Q4"",""price_e4"":7100}",REACH,"{""id"":""win_iti_stress"",""op"":""REACH"",""outcome"":""win"",""price_e4"":8500}",REACH,"{""id"":""loss_iti_stress"",""op"":""REACH"",""outcome"":""loss"",""price_e4"":4000}",HOLD_TO_SETTLEMENT,75d368edb0ad750c5bc7596a46abdf3fabdfd8d1471175a99677c2075fcaeeea,1.0.0,2026-09-13T06:28:48Z,1.0.0,1.0.0,1.0.0,2026-09-13T06:28:48Z,READY,30,19,7,0.633333,0.233333,1400,3100,0.451613,163.333333,416a2c883115f79ca748415171c8bd3a0ffbd6d264c3bd924f438a9db2c25078,candle_path_not_fill,UNAVAILABLE,UNAVAILABLE,UNAVAILABLE,NOT_COMPUTABLE,UNAVAILABLE
stress,STRESS,base_decomposition,p_worst,0.730769,fraction,missing_as_loss,superasi_bdebase_v1.0.0,grade_config_v1,2026-09-13T12:02:58Z,913e87a7c8d04ab0af447be670cfcda2,ITI Stress Q4 CROSS 65 REACH 85 40 ITI-05__913e87a7,3766439c96a7dd20c1a357cc9d344f52bdbbe213fb68782d4349329b8cd85c22,d42a28ee37542cabb6f140ba345b132015584963589d3732b3115ed80806cad0,6a547a4c14bdf2904cb47931457dc625742ef8654207540831709bc1c93ea690,ITI Stress Q4 CROSS 65 REACH 85 40 ITI-05,NBA,NBA,2025-2026,2025-10-10,2025-10-31,"{""date_from"":""2025-10-10"",""date_to"":""2025-10-31"",""game_data"":[""pbp""],""leagues"":[""NBA""],""market_data"":[""candles""],""markets"":[""kalshi""],""seasons"":[""2025-2026""],""sports"":[""NBA""]}",TRADABLE_YES_BID,1_MINUTE_CANDLE,available_at,CROSS,"{""id"":""entry_iti_stress"",""op"":""CROSS"",""period"":""Q4"",""price_e4"":7100}",REACH,"{""id"":""win_iti_stress"",""op"":""REACH"",""outcome"":""win"",""price_e4"":8500}",REACH,"{""id"":""loss_iti_stress"",""op"":""REACH"",""outcome"":""loss"",""price_e4"":4000}",HOLD_TO_SETTLEMENT,75d368edb0ad750c5bc7596a46abdf3fabdfd8d1471175a99677c2075fcaeeea,1.0.0,2026-09-13T06:28:48Z,1.0.0,1.0.0,1.0.0,2026-09-13T06:28:48Z,READY,30,19,7,0.633333,0.233333,1400,3100,0.451613,163.333333,416a2c883115f79ca748415171c8bd3a0ffbd6d264c3bd924f438a9db2c25078,candle_path_not_fill,UNAVAILABLE,UNAVAILABLE,UNAVAILABLE,NOT_COMPUTABLE,UNAVAILABLE
stress,STRESS,base_decomposition,ev_at_p_worst,188.461538,e4,missing_as_loss,superasi_bdebase_v1.0.0,grade_config_v1,2026-09-13T12:02:58Z,913e87a7c8d04ab0af447be670cfcda2,ITI Stress Q4 CROSS 65 REACH 85 40 ITI-05__913e87a7,3766439c96a7dd20c1a357cc9d344f52bdbbe213fb68782d4349329b8cd85c22,d42a28ee37542cabb6f140ba345b132015584963589d3732b3115ed80806cad0,6a547a4c14bdf2904cb47931457dc625742ef8654207540831709bc1c93ea690,ITI Stress Q4 CROSS 65 REACH 85 40 ITI-05,NBA,NBA,2025-2026,2025-10-10,2025-10-31,"{""date_from"":""2025-10-10"",""date_to"":""2025-10-31"",""game_data"":[""pbp""],""leagues"":[""NBA""],""market_data"":[""candles""],""markets"":[""kalshi""],""seasons"":[""2025-2026""],""sports"":[""NBA""]}",TRADABLE_YES_BID,1_MINUTE_CANDLE,available_at,CROSS,"{""id"":""entry_iti_stress"",""op"":""CROSS"",""period"":""Q4"",""price_e4"":7100}",REACH,"{""id"":""win_iti_stress"",""op"":""REACH"",""outcome"":""win"",""price_e4"":8500}",REACH,"{""id"":""loss_iti_stress"",""op"":""REACH"",""outcome"":""loss"",""price_e4"":4000}",HOLD_TO_SETTLEMENT,75d368edb0ad750c5bc7596a46abdf3fabdfd8d1471175a99677c2075fcaeeea,1.0.0,2026-09-13T06:28:48Z,1.0.0,1.0.0,1.0.0,2026-09-13T06:28:48Z,READY,30,19,7,0.633333,0.233333,1400,3100,0.451613,163.333333,416a2c883115f79ca748415171c8bd3a0ffbd6d264c3bd924f438a9db2c25078,candle_path_not_fill,UNAVAILABLE,UNAVAILABLE,UNAVAILABLE,NOT_COMPUTABLE,UNAVAILABLE
comparison,OBSERVED,base_devalidation,win_rate,0.730769,,comparison,superasi_bdebase_v1.0.0,grade_config_v1,2026-09-13T12:02:58Z,913e87a7c8d04ab0af447be670cfcda2,ITI Stress Q4 CROSS 65 REACH 85 40 ITI-05__913e87a7,3766439c96a7dd20c1a357cc9d344f52bdbbe213fb68782d4349329b8cd85c22,d42a28ee37542cabb6f140ba345b132015584963589d3732b3115ed80806cad0,6a547a4c14bdf2904cb47931457dc625742ef8654207540831709bc1c93ea690,ITI Stress Q4 CROSS 65 REACH 85 40 ITI-05,NBA,NBA,2025-2026,2025-10-10,2025-10-31,"{""date_from"":""2025-10-10"",""date_to"":""2025-10-31"",""game_data"":[""pbp""],""leagues"":[""NBA""],""market_data"":[""candles""],""markets"":[""kalshi""],""seasons"":[""2025-2026""],""sports"":[""NBA""]}",TRADABLE_YES_BID,1_MINUTE_CANDLE,available_at,CROSS,"{""id"":""entry_iti_stress"",""op"":""CROSS"",""period"":""Q4"",""price_e4"":7100}",REACH,"{""id"":""win_iti_stress"",""op"":""REACH"",""outcome"":""win"",""price_e4"":8500}",REACH,"{""id"":""loss_iti_stress"",""op"":""REACH"",""outcome"":""loss"",""price_e4"":4000}",HOLD_TO_SETTLEMENT,75d368edb0ad750c5bc7596a46abdf3fabdfd8d1471175a99677c2075fcaeeea,1.0.0,2026-09-13T06:28:48Z,1.0.0,1.0.0,1.0.0,2026-09-13T06:28:48Z,READY,30,19,7,0.633333,0.233333,1400,3100,0.451613,163.333333,416a2c883115f79ca748415171c8bd3a0ffbd6d264c3bd924f438a9db2c25078,candle_path_not_fill,UNAVAILABLE,UNAVAILABLE,UNAVAILABLE,NOT_COMPUTABLE,UNAVAILABLE
comparison,THEORETICAL,base_devalidation,win_rate,0.539166,,comparison,superasi_bdebase_v1.0.0,grade_config_v1,2026-09-13T12:02:58Z,913e87a7c8d04ab0af447be670cfcda2,ITI Stress Q4 CROSS 65 REACH 85 40 ITI-05__913e87a7,3766439c96a7dd20c1a357cc9d344f52bdbbe213fb68782d4349329b8cd85c22,d42a28ee37542cabb6f140ba345b132015584963589d3732b3115ed80806cad0,6a547a4c14bdf2904cb47931457dc625742ef8654207540831709bc1c93ea690,ITI Stress Q4 CROSS 65 REACH 85 40 ITI-05,NBA,NBA,2025-2026,2025-10-10,2025-10-31,"{""date_from"":""2025-10-10"",""date_to"":""2025-10-31"",""game_data"":[""pbp""],""leagues"":[""NBA""],""market_data"":[""candles""],""markets"":[""kalshi""],""seasons"":[""2025-2026""],""sports"":[""NBA""]}",TRADABLE_YES_BID,1_MINUTE_CANDLE,available_at,CROSS,"{""id"":""entry_iti_stress"",""op"":""CROSS"",""period"":""Q4"",""price_e4"":7100}",REACH,"{""id"":""win_iti_stress"",""op"":""REACH"",""outcome"":""win"",""price_e4"":8500}",REACH,"{""id"":""loss_iti_stress"",""op"":""REACH"",""outcome"":""loss"",""price_e4"":4000}",HOLD_TO_SETTLEMENT,75d368edb0ad750c5bc7596a46abdf3fabdfd8d1471175a99677c2075fcaeeea,1.0.0,2026-09-13T06:28:48Z,1.0.0,1.0.0,1.0.0,2026-09-13T06:28:48Z,READY,30,19,7,0.633333,0.233333,1400,3100,0.451613,163.333333,416a2c883115f79ca748415171c8bd3a0ffbd6d264c3bd924f438a9db2c25078,candle_path_not_fill,UNAVAILABLE,UNAVAILABLE,UNAVAILABLE,NOT_COMPUTABLE,UNAVAILABLE
comparison,MONTE_CARLO,base_devalidation,win_rate,,,comparison,superasi_bdebase_v1.0.0,grade_config_v1,2026-09-13T12:02:58Z,913e87a7c8d04ab0af447be670cfcda2,ITI Stress Q4 CROSS 65 REACH 85 40 ITI-05__913e87a7,3766439c96a7dd20c1a357cc9d344f52bdbbe213fb68782d4349329b8cd85c22,d42a28ee37542cabb6f140ba345b132015584963589d3732b3115ed80806cad0,6a547a4c14bdf2904cb47931457dc625742ef8654207540831709bc1c93ea690,ITI Stress Q4 CROSS 65 REACH 85 40 ITI-05,NBA,NBA,2025-2026,2025-10-10,2025-10-31,"{""date_from"":""2025-10-10"",""date_to"":""2025-10-31"",""game_data"":[""pbp""],""leagues"":[""NBA""],""market_data"":[""candles""],""markets"":[""kalshi""],""seasons"":[""2025-2026""],""sports"":[""NBA""]}",TRADABLE_YES_BID,1_MINUTE_CANDLE,available_at,CROSS,"{""id"":""entry_iti_stress"",""op"":""CROSS"",""period"":""Q4"",""price_e4"":7100}",REACH,"{""id"":""win_iti_stress"",""op"":""REACH"",""outcome"":""win"",""price_e4"":8500}",REACH,"{""id"":""loss_iti_stress"",""op"":""REACH"",""outcome"":""loss"",""price_e4"":4000}",HOLD_TO_SETTLEMENT,75d368edb0ad750c5bc7596a46abdf3fabdfd8d1471175a99677c2075fcaeeea,1.0.0,2026-09-13T06:28:48Z,1.0.0,1.0.0,1.0.0,2026-09-13T06:28:48Z,READY,30,19,7,0.633333,0.233333,1400,3100,0.451613,163.333333,416a2c883115f79ca748415171c8bd3a0ffbd6d264c3bd924f438a9db2c25078,candle_path_not_fill,UNAVAILABLE,UNAVAILABLE,UNAVAILABLE,NOT_COMPUTABLE,UNAVAILABLE
comparison,OBSERVED,base_devalidation,trade_ev_e4,163.333333,,comparison,superasi_bdebase_v1.0.0,grade_config_v1,2026-09-13T12:02:58Z,913e87a7c8d04ab0af447be670cfcda2,ITI Stress Q4 CROSS 65 REACH 85 40 ITI-05__913e87a7,3766439c96a7dd20c1a357cc9d344f52bdbbe213fb68782d4349329b8cd85c22,d42a28ee37542cabb6f140ba345b132015584963589d3732b3115ed80806cad0,6a547a4c14bdf2904cb47931457dc625742ef8654207540831709bc1c93ea690,ITI Stress Q4 CROSS 65 REACH 85 40 ITI-05,NBA,NBA,2025-2026,2025-10-10,2025-10-31,"{""date_from"":""2025-10-10"",""date_to"":""2025-10-31"",""game_data"":[""pbp""],""leagues"":[""NBA""],""market_data"":[""candles""],""markets"":[""kalshi""],""seasons"":[""2025-2026""],""sports"":[""NBA""]}",TRADABLE_YES_BID,1_MINUTE_CANDLE,available_at,CROSS,"{""id"":""entry_iti_stress"",""op"":""CROSS"",""period"":""Q4"",""price_e4"":7100}",REACH,"{""id"":""win_iti_stress"",""op"":""REACH"",""outcome"":""win"",""price_e4"":8500}",REACH,"{""id"":""loss_iti_stress"",""op"":""REACH"",""outcome"":""loss"",""price_e4"":4000}",HOLD_TO_SETTLEMENT,75d368edb0ad750c5bc7596a46abdf3fabdfd8d1471175a99677c2075fcaeeea,1.0.0,2026-09-13T06:28:48Z,1.0.0,1.0.0,1.0.0,2026-09-13T06:28:48Z,READY,30,19,7,0.633333,0.233333,1400,3100,0.451613,163.333333,416a2c883115f79ca748415171c8bd3a0ffbd6d264c3bd924f438a9db2c25078,candle_path_not_fill,UNAVAILABLE,UNAVAILABLE,UNAVAILABLE,NOT_COMPUTABLE,UNAVAILABLE
comparison,THEORETICAL,base_devalidation,trade_ev_e4,-673.753154,,comparison,superasi_bdebase_v1.0.0,grade_config_v1,2026-09-13T12:02:58Z,913e87a7c8d04ab0af447be670cfcda2,ITI Stress Q4 CROSS 65 REACH 85 40 ITI-05__913e87a7,3766439c96a7dd20c1a357cc9d344f52bdbbe213fb68782d4349329b8cd85c22,d42a28ee37542cabb6f140ba345b132015584963589d3732b3115ed80806cad0,6a547a4c14bdf2904cb47931457dc625742ef8654207540831709bc1c93ea690,ITI Stress Q4 CROSS 65 REACH 85 40 ITI-05,NBA,NBA,2025-2026,2025-10-10,2025-10-31,"{""date_from"":""2025-10-10"",""date_to"":""2025-10-31"",""game_data"":[""pbp""],""leagues"":[""NBA""],""market_data"":[""candles""],""markets"":[""kalshi""],""seasons"":[""2025-2026""],""sports"":[""NBA""]}",TRADABLE_YES_BID,1_MINUTE_CANDLE,available_at,CROSS,"{""id"":""entry_iti_stress"",""op"":""CROSS"",""period"":""Q4"",""price_e4"":7100}",REACH,"{""id"":""win_iti_stress"",""op"":""REACH"",""outcome"":""win"",""price_e4"":8500}",REACH,"{""id"":""loss_iti_stress"",""op"":""REACH"",""outcome"":""loss"",""price_e4"":4000}",HOLD_TO_SETTLEMENT,75d368edb0ad750c5bc7596a46abdf3fabdfd8d1471175a99677c2075fcaeeea,1.0.0,2026-09-13T06:28:48Z,1.0.0,1.0.0,1.0.0,2026-09-13T06:28:48Z,READY,30,19,7,0.633333,0.233333,1400,3100,0.451613,163.333333,416a2c883115f79ca748415171c8bd3a0ffbd6d264c3bd924f438a9db2c25078,candle_path_not_fill,UNAVAILABLE,UNAVAILABLE,UNAVAILABLE,NOT_COMPUTABLE,UNAVAILABLE
comparison,MONTE_CARLO,base_devalidation,trade_ev_e4,,,comparison,superasi_bdebase_v1.0.0,grade_config_v1,2026-09-13T12:02:58Z,913e87a7c8d04ab0af447be670cfcda2,ITI Stress Q4 CROSS 65 REACH 85 40 ITI-05__913e87a7,3766439c96a7dd20c1a357cc9d344f52bdbbe213fb68782d4349329b8cd85c22,d42a28ee37542cabb6f140ba345b132015584963589d3732b3115ed80806cad0,6a547a4c14bdf2904cb47931457dc625742ef8654207540831709bc1c93ea690,ITI Stress Q4 CROSS 65 REACH 85 40 ITI-05,NBA,NBA,2025-2026,2025-10-10,2025-10-31,"{""date_from"":""2025-10-10"",""date_to"":""2025-10-31"",""game_data"":[""pbp""],""leagues"":[""NBA""],""market_data"":[""candles""],""markets"":[""kalshi""],""seasons"":[""2025-2026""],""sports"":[""NBA""]}",TRADABLE_YES_BID,1_MINUTE_CANDLE,available_at,CROSS,"{""id"":""entry_iti_stress"",""op"":""CROSS"",""period"":""Q4"",""price_e4"":7100}",REACH,"{""id"":""win_iti_stress"",""op"":""REACH"",""outcome"":""win"",""price_e4"":8500}",REACH,"{""id"":""loss_iti_stress"",""op"":""REACH"",""outcome"":""loss"",""price_e4"":4000}",HOLD_TO_SETTLEMENT,75d368edb0ad750c5bc7596a46abdf3fabdfd8d1471175a99677c2075fcaeeea,1.0.0,2026-09-13T06:28:48Z,1.0.0,1.0.0,1.0.0,2026-09-13T06:28:48Z,READY,30,19,7,0.633333,0.233333,1400,3100,0.451613,163.333333,416a2c883115f79ca748415171c8bd3a0ffbd6d264c3bd924f438a9db2c25078,candle_path_not_fill,UNAVAILABLE,UNAVAILABLE,UNAVAILABLE,NOT_COMPUTABLE,UNAVAILABLE
comparison,OBSERVED,base_devalidation,break_even_probability,0.688889,,comparison,superasi_bdebase_v1.0.0,grade_config_v1,2026-09-13T12:02:58Z,913e87a7c8d04ab0af447be670cfcda2,ITI Stress Q4 CROSS 65 REACH 85 40 ITI-05__913e87a7,3766439c96a7dd20c1a357cc9d344f52bdbbe213fb68782d4349329b8cd85c22,d42a28ee37542cabb6f140ba345b132015584963589d3732b3115ed80806cad0,6a547a4c14bdf2904cb47931457dc625742ef8654207540831709bc1c93ea690,ITI Stress Q4 CROSS 65 REACH 85 40 ITI-05,NBA,NBA,2025-2026,2025-10-10,2025-10-31,"{""date_from"":""2025-10-10"",""date_to"":""2025-10-31"",""game_data"":[""pbp""],""leagues"":[""NBA""],""market_data"":[""candles""],""markets"":[""kalshi""],""seasons"":[""2025-2026""],""sports"":[""NBA""]}",TRADABLE_YES_BID,1_MINUTE_CANDLE,available_at,CROSS,"{""id"":""entry_iti_stress"",""op"":""CROSS"",""period"":""Q4"",""price_e4"":7100}",REACH,"{""id"":""win_iti_stress"",""op"":""REACH"",""outcome"":""win"",""price_e4"":8500}",REACH,"{""id"":""loss_iti_stress"",""op"":""REACH"",""outcome"":""loss"",""price_e4"":4000}",HOLD_TO_SETTLEMENT,75d368edb0ad750c5bc7596a46abdf3fabdfd8d1471175a99677c2075fcaeeea,1.0.0,2026-09-13T06:28:48Z,1.0.0,1.0.0,1.0.0,2026-09-13T06:28:48Z,READY,30,19,7,0.633333,0.233333,1400,3100,0.451613,163.333333,416a2c883115f79ca748415171c8bd3a0ffbd6d264c3bd924f438a9db2c25078,candle_path_not_fill,UNAVAILABLE,UNAVAILABLE,UNAVAILABLE,NOT_COMPUTABLE,UNAVAILABLE
comparison,THEORETICAL,base_devalidation,break_even_probability,0.688889,,comparison,superasi_bdebase_v1.0.0,grade_config_v1,2026-09-13T12:02:58Z,913e87a7c8d04ab0af447be670cfcda2,ITI Stress Q4 CROSS 65 REACH 85 40 ITI-05__913e87a7,3766439c96a7dd20c1a357cc9d344f52bdbbe213fb68782d4349329b8cd85c22,d42a28ee37542cabb6f140ba345b132015584963589d3732b3115ed80806cad0,6a547a4c14bdf2904cb47931457dc625742ef8654207540831709bc1c93ea690,ITI Stress Q4 CROSS 65 REACH 85 40 ITI-05,NBA,NBA,2025-2026,2025-10-10,2025-10-31,"{""date_from"":""2025-10-10"",""date_to"":""2025-10-31"",""game_data"":[""pbp""],""leagues"":[""NBA""],""market_data"":[""candles""],""markets"":[""kalshi""],""seasons"":[""2025-2026""],""sports"":[""NBA""]}",TRADABLE_YES_BID,1_MINUTE_CANDLE,available_at,CROSS,"{""id"":""entry_iti_stress"",""op"":""CROSS"",""period"":""Q4"",""price_e4"":7100}",REACH,"{""id"":""win_iti_stress"",""op"":""REACH"",""outcome"":""win"",""price_e4"":8500}",REACH,"{""id"":""loss_iti_stress"",""op"":""REACH"",""outcome"":""loss"",""price_e4"":4000}",HOLD_TO_SETTLEMENT,75d368edb0ad750c5bc7596a46abdf3fabdfd8d1471175a99677c2075fcaeeea,1.0.0,2026-09-13T06:28:48Z,1.0.0,1.0.0,1.0.0,2026-09-13T06:28:48Z,READY,30,19,7,0.633333,0.233333,1400,3100,0.451613,163.333333,416a2c883115f79ca748415171c8bd3a0ffbd6d264c3bd924f438a9db2c25078,candle_path_not_fill,UNAVAILABLE,UNAVAILABLE,UNAVAILABLE,NOT_COMPUTABLE,UNAVAILABLE
comparison,MONTE_CARLO,base_devalidation,break_even_probability,,,comparison,superasi_bdebase_v1.0.0,grade_config_v1,2026-09-13T12:02:58Z,913e87a7c8d04ab0af447be670cfcda2,ITI Stress Q4 CROSS 65 REACH 85 40 ITI-05__913e87a7,3766439c96a7dd20c1a357cc9d344f52bdbbe213fb68782d4349329b8cd85c22,d42a28ee37542cabb6f140ba345b132015584963589d3732b3115ed80806cad0,6a547a4c14bdf2904cb47931457dc625742ef8654207540831709bc1c93ea690,ITI Stress Q4 CROSS 65 REACH 85 40 ITI-05,NBA,NBA,2025-2026,2025-10-10,2025-10-31,"{""date_from"":""2025-10-10"",""date_to"":""2025-10-31"",""game_data"":[""pbp""],""leagues"":[""NBA""],""market_data"":[""candles""],""markets"":[""kalshi""],""seasons"":[""2025-2026""],""sports"":[""NBA""]}",TRADABLE_YES_BID,1_MINUTE_CANDLE,available_at,CROSS,"{""id"":""entry_iti_stress"",""op"":""CROSS"",""period"":""Q4"",""price_e4"":7100}",REACH,"{""id"":""win_iti_stress"",""op"":""REACH"",""outcome"":""win"",""price_e4"":8500}",REACH,"{""id"":""loss_iti_stress"",""op"":""REACH"",""outcome"":""loss"",""price_e4"":4000}",HOLD_TO_SETTLEMENT,75d368edb0ad750c5bc7596a46abdf3fabdfd8d1471175a99677c2075fcaeeea,1.0.0,2026-09-13T06:28:48Z,1.0.0,1.0.0,1.0.0,2026-09-13T06:28:48Z,READY,30,19,7,0.633333,0.233333,1400,3100,0.451613,163.333333,416a2c883115f79ca748415171c8bd3a0ffbd6d264c3bd924f438a9db2c25078,candle_path_not_fill,UNAVAILABLE,UNAVAILABLE,UNAVAILABLE,NOT_COMPUTABLE,UNAVAILABLE
comparison,OBSERVED,base_devalidation,weekly_ev,,,comparison,superasi_bdebase_v1.0.0,grade_config_v1,2026-09-13T12:02:58Z,913e87a7c8d04ab0af447be670cfcda2,ITI Stress Q4 CROSS 65 REACH 85 40 ITI-05__913e87a7,3766439c96a7dd20c1a357cc9d344f52bdbbe213fb68782d4349329b8cd85c22,d42a28ee37542cabb6f140ba345b132015584963589d3732b3115ed80806cad0,6a547a4c14bdf2904cb47931457dc625742ef8654207540831709bc1c93ea690,ITI Stress Q4 CROSS 65 REACH 85 40 ITI-05,NBA,NBA,2025-2026,2025-10-10,2025-10-31,"{""date_from"":""2025-10-10"",""date_to"":""2025-10-31"",""game_data"":[""pbp""],""leagues"":[""NBA""],""market_data"":[""candles""],""markets"":[""kalshi""],""seasons"":[""2025-2026""],""sports"":[""NBA""]}",TRADABLE_YES_BID,1_MINUTE_CANDLE,available_at,CROSS,"{""id"":""entry_iti_stress"",""op"":""CROSS"",""period"":""Q4"",""price_e4"":7100}",REACH,"{""id"":""win_iti_stress"",""op"":""REACH"",""outcome"":""win"",""price_e4"":8500}",REACH,"{""id"":""loss_iti_stress"",""op"":""REACH"",""outcome"":""loss"",""price_e4"":4000}",HOLD_TO_SETTLEMENT,75d368edb0ad750c5bc7596a46abdf3fabdfd8d1471175a99677c2075fcaeeea,1.0.0,2026-09-13T06:28:48Z,1.0.0,1.0.0,1.0.0,2026-09-13T06:28:48Z,READY,30,19,7,0.633333,0.233333,1400,3100,0.451613,163.333333,416a2c883115f79ca748415171c8bd3a0ffbd6d264c3bd924f438a9db2c25078,candle_path_not_fill,UNAVAILABLE,UNAVAILABLE,UNAVAILABLE,NOT_COMPUTABLE,UNAVAILABLE
comparison,THEORETICAL,base_devalidation,weekly_ev,-0.047447,,comparison,superasi_bdebase_v1.0.0,grade_config_v1,2026-09-13T12:02:58Z,913e87a7c8d04ab0af447be670cfcda2,ITI Stress Q4 CROSS 65 REACH 85 40 ITI-05__913e87a7,3766439c96a7dd20c1a357cc9d344f52bdbbe213fb68782d4349329b8cd85c22,d42a28ee37542cabb6f140ba345b132015584963589d3732b3115ed80806cad0,6a547a4c14bdf2904cb47931457dc625742ef8654207540831709bc1c93ea690,ITI Stress Q4 CROSS 65 REACH 85 40 ITI-05,NBA,NBA,2025-2026,2025-10-10,2025-10-31,"{""date_from"":""2025-10-10"",""date_to"":""2025-10-31"",""game_data"":[""pbp""],""leagues"":[""NBA""],""market_data"":[""candles""],""markets"":[""kalshi""],""seasons"":[""2025-2026""],""sports"":[""NBA""]}",TRADABLE_YES_BID,1_MINUTE_CANDLE,available_at,CROSS,"{""id"":""entry_iti_stress"",""op"":""CROSS"",""period"":""Q4"",""price_e4"":7100}",REACH,"{""id"":""win_iti_stress"",""op"":""REACH"",""outcome"":""win"",""price_e4"":8500}",REACH,"{""id"":""loss_iti_stress"",""op"":""REACH"",""outcome"":""loss"",""price_e4"":4000}",HOLD_TO_SETTLEMENT,75d368edb0ad750c5bc7596a46abdf3fabdfd8d1471175a99677c2075fcaeeea,1.0.0,2026-09-13T06:28:48Z,1.0.0,1.0.0,1.0.0,2026-09-13T06:28:48Z,READY,30,19,7,0.633333,0.233333,1400,3100,0.451613,163.333333,416a2c883115f79ca748415171c8bd3a0ffbd6d264c3bd924f438a9db2c25078,candle_path_not_fill,UNAVAILABLE,UNAVAILABLE,UNAVAILABLE,NOT_COMPUTABLE,UNAVAILABLE
comparison,MONTE_CARLO,base_devalidation,weekly_ev,-0.047483,,comparison,superasi_bdebase_v1.0.0,grade_config_v1,2026-09-13T12:02:58Z,913e87a7c8d04ab0af447be670cfcda2,ITI Stress Q4 CROSS 65 REACH 85 40 ITI-05__913e87a7,3766439c96a7dd20c1a357cc9d344f52bdbbe213fb68782d4349329b8cd85c22,d42a28ee37542cabb6f140ba345b132015584963589d3732b3115ed80806cad0,6a547a4c14bdf2904cb47931457dc625742ef8654207540831709bc1c93ea690,ITI Stress Q4 CROSS 65 REACH 85 40 ITI-05,NBA,NBA,2025-2026,2025-10-10,2025-10-31,"{""date_from"":""2025-10-10"",""date_to"":""2025-10-31"",""game_data"":[""pbp""],""leagues"":[""NBA""],""market_data"":[""candles""],""markets"":[""kalshi""],""seasons"":[""2025-2026""],""sports"":[""NBA""]}",TRADABLE_YES_BID,1_MINUTE_CANDLE,available_at,CROSS,"{""id"":""entry_iti_stress"",""op"":""CROSS"",""period"":""Q4"",""price_e4"":7100}",REACH,"{""id"":""win_iti_stress"",""op"":""REACH"",""outcome"":""win"",""price_e4"":8500}",REACH,"{""id"":""loss_iti_stress"",""op"":""REACH"",""outcome"":""loss"",""price_e4"":4000}",HOLD_TO_SETTLEMENT,75d368edb0ad750c5bc7596a46abdf3fabdfd8d1471175a99677c2075fcaeeea,1.0.0,2026-09-13T06:28:48Z,1.0.0,1.0.0,1.0.0,2026-09-13T06:28:48Z,READY,30,19,7,0.633333,0.233333,1400,3100,0.451613,163.333333,416a2c883115f79ca748415171c8bd3a0ffbd6d264c3bd924f438a9db2c25078,candle_path_not_fill,UNAVAILABLE,UNAVAILABLE,UNAVAILABLE,NOT_COMPUTABLE,UNAVAILABLE
comparison,OBSERVED,base_devalidation,expected_20_week_return,,,comparison,superasi_bdebase_v1.0.0,grade_config_v1,2026-09-13T12:02:58Z,913e87a7c8d04ab0af447be670cfcda2,ITI Stress Q4 CROSS 65 REACH 85 40 ITI-05__913e87a7,3766439c96a7dd20c1a357cc9d344f52bdbbe213fb68782d4349329b8cd85c22,d42a28ee37542cabb6f140ba345b132015584963589d3732b3115ed80806cad0,6a547a4c14bdf2904cb47931457dc625742ef8654207540831709bc1c93ea690,ITI Stress Q4 CROSS 65 REACH 85 40 ITI-05,NBA,NBA,2025-2026,2025-10-10,2025-10-31,"{""date_from"":""2025-10-10"",""date_to"":""2025-10-31"",""game_data"":[""pbp""],""leagues"":[""NBA""],""market_data"":[""candles""],""markets"":[""kalshi""],""seasons"":[""2025-2026""],""sports"":[""NBA""]}",TRADABLE_YES_BID,1_MINUTE_CANDLE,available_at,CROSS,"{""id"":""entry_iti_stress"",""op"":""CROSS"",""period"":""Q4"",""price_e4"":7100}",REACH,"{""id"":""win_iti_stress"",""op"":""REACH"",""outcome"":""win"",""price_e4"":8500}",REACH,"{""id"":""loss_iti_stress"",""op"":""REACH"",""outcome"":""loss"",""price_e4"":4000}",HOLD_TO_SETTLEMENT,75d368edb0ad750c5bc7596a46abdf3fabdfd8d1471175a99677c2075fcaeeea,1.0.0,2026-09-13T06:28:48Z,1.0.0,1.0.0,1.0.0,2026-09-13T06:28:48Z,READY,30,19,7,0.633333,0.233333,1400,3100,0.451613,163.333333,416a2c883115f79ca748415171c8bd3a0ffbd6d264c3bd924f438a9db2c25078,candle_path_not_fill,UNAVAILABLE,UNAVAILABLE,UNAVAILABLE,NOT_COMPUTABLE,UNAVAILABLE
comparison,THEORETICAL,base_devalidation,expected_20_week_return,-0.621750,,comparison,superasi_bdebase_v1.0.0,grade_config_v1,2026-09-13T12:02:58Z,913e87a7c8d04ab0af447be670cfcda2,ITI Stress Q4 CROSS 65 REACH 85 40 ITI-05__913e87a7,3766439c96a7dd20c1a357cc9d344f52bdbbe213fb68782d4349329b8cd85c22,d42a28ee37542cabb6f140ba345b132015584963589d3732b3115ed80806cad0,6a547a4c14bdf2904cb47931457dc625742ef8654207540831709bc1c93ea690,ITI Stress Q4 CROSS 65 REACH 85 40 ITI-05,NBA,NBA,2025-2026,2025-10-10,2025-10-31,"{""date_from"":""2025-10-10"",""date_to"":""2025-10-31"",""game_data"":[""pbp""],""leagues"":[""NBA""],""market_data"":[""candles""],""markets"":[""kalshi""],""seasons"":[""2025-2026""],""sports"":[""NBA""]}",TRADABLE_YES_BID,1_MINUTE_CANDLE,available_at,CROSS,"{""id"":""entry_iti_stress"",""op"":""CROSS"",""period"":""Q4"",""price_e4"":7100}",REACH,"{""id"":""win_iti_stress"",""op"":""REACH"",""outcome"":""win"",""price_e4"":8500}",REACH,"{""id"":""loss_iti_stress"",""op"":""REACH"",""outcome"":""loss"",""price_e4"":4000}",HOLD_TO_SETTLEMENT,75d368edb0ad750c5bc7596a46abdf3fabdfd8d1471175a99677c2075fcaeeea,1.0.0,2026-09-13T06:28:48Z,1.0.0,1.0.0,1.0.0,2026-09-13T06:28:48Z,READY,30,19,7,0.633333,0.233333,1400,3100,0.451613,163.333333,416a2c883115f79ca748415171c8bd3a0ffbd6d264c3bd924f438a9db2c25078,candle_path_not_fill,UNAVAILABLE,UNAVAILABLE,UNAVAILABLE,NOT_COMPUTABLE,UNAVAILABLE
comparison,MONTE_CARLO,base_devalidation,expected_20_week_return,-0.622073,,comparison,superasi_bdebase_v1.0.0,grade_config_v1,2026-09-13T12:02:58Z,913e87a7c8d04ab0af447be670cfcda2,ITI Stress Q4 CROSS 65 REACH 85 40 ITI-05__913e87a7,3766439c96a7dd20c1a357cc9d344f52bdbbe213fb68782d4349329b8cd85c22,d42a28ee37542cabb6f140ba345b132015584963589d3732b3115ed80806cad0,6a547a4c14bdf2904cb47931457dc625742ef8654207540831709bc1c93ea690,ITI Stress Q4 CROSS 65 REACH 85 40 ITI-05,NBA,NBA,2025-2026,2025-10-10,2025-10-31,"{""date_from"":""2025-10-10"",""date_to"":""2025-10-31"",""game_data"":[""pbp""],""leagues"":[""NBA""],""market_data"":[""candles""],""markets"":[""kalshi""],""seasons"":[""2025-2026""],""sports"":[""NBA""]}",TRADABLE_YES_BID,1_MINUTE_CANDLE,available_at,CROSS,"{""id"":""entry_iti_stress"",""op"":""CROSS"",""period"":""Q4"",""price_e4"":7100}",REACH,"{""id"":""win_iti_stress"",""op"":""REACH"",""outcome"":""win"",""price_e4"":8500}",REACH,"{""id"":""loss_iti_stress"",""op"":""REACH"",""outcome"":""loss"",""price_e4"":4000}",HOLD_TO_SETTLEMENT,75d368edb0ad750c5bc7596a46abdf3fabdfd8d1471175a99677c2075fcaeeea,1.0.0,2026-09-13T06:28:48Z,1.0.0,1.0.0,1.0.0,2026-09-13T06:28:48Z,READY,30,19,7,0.633333,0.233333,1400,3100,0.451613,163.333333,416a2c883115f79ca748415171c8bd3a0ffbd6d264c3bd924f438a9db2c25078,candle_path_not_fill,UNAVAILABLE,UNAVAILABLE,UNAVAILABLE,NOT_COMPUTABLE,UNAVAILABLE
comparison,OBSERVED,base_devalidation,terminal_bankroll_mean,,,comparison,superasi_bdebase_v1.0.0,grade_config_v1,2026-09-13T12:02:58Z,913e87a7c8d04ab0af447be670cfcda2,ITI Stress Q4 CROSS 65 REACH 85 40 ITI-05__913e87a7,3766439c96a7dd20c1a357cc9d344f52bdbbe213fb68782d4349329b8cd85c22,d42a28ee37542cabb6f140ba345b132015584963589d3732b3115ed80806cad0,6a547a4c14bdf2904cb47931457dc625742ef8654207540831709bc1c93ea690,ITI Stress Q4 CROSS 65 REACH 85 40 ITI-05,NBA,NBA,2025-2026,2025-10-10,2025-10-31,"{""date_from"":""2025-10-10"",""date_to"":""2025-10-31"",""game_data"":[""pbp""],""leagues"":[""NBA""],""market_data"":[""candles""],""markets"":[""kalshi""],""seasons"":[""2025-2026""],""sports"":[""NBA""]}",TRADABLE_YES_BID,1_MINUTE_CANDLE,available_at,CROSS,"{""id"":""entry_iti_stress"",""op"":""CROSS"",""period"":""Q4"",""price_e4"":7100}",REACH,"{""id"":""win_iti_stress"",""op"":""REACH"",""outcome"":""win"",""price_e4"":8500}",REACH,"{""id"":""loss_iti_stress"",""op"":""REACH"",""outcome"":""loss"",""price_e4"":4000}",HOLD_TO_SETTLEMENT,75d368edb0ad750c5bc7596a46abdf3fabdfd8d1471175a99677c2075fcaeeea,1.0.0,2026-09-13T06:28:48Z,1.0.0,1.0.0,1.0.0,2026-09-13T06:28:48Z,READY,30,19,7,0.633333,0.233333,1400,3100,0.451613,163.333333,416a2c883115f79ca748415171c8bd3a0ffbd6d264c3bd924f438a9db2c25078,candle_path_not_fill,UNAVAILABLE,UNAVAILABLE,UNAVAILABLE,NOT_COMPUTABLE,UNAVAILABLE
comparison,THEORETICAL,base_devalidation,terminal_bankroll_mean,7565.006119,,comparison,superasi_bdebase_v1.0.0,grade_config_v1,2026-09-13T12:02:58Z,913e87a7c8d04ab0af447be670cfcda2,ITI Stress Q4 CROSS 65 REACH 85 40 ITI-05__913e87a7,3766439c96a7dd20c1a357cc9d344f52bdbbe213fb68782d4349329b8cd85c22,d42a28ee37542cabb6f140ba345b132015584963589d3732b3115ed80806cad0,6a547a4c14bdf2904cb47931457dc625742ef8654207540831709bc1c93ea690,ITI Stress Q4 CROSS 65 REACH 85 40 ITI-05,NBA,NBA,2025-2026,2025-10-10,2025-10-31,"{""date_from"":""2025-10-10"",""date_to"":""2025-10-31"",""game_data"":[""pbp""],""leagues"":[""NBA""],""market_data"":[""candles""],""markets"":[""kalshi""],""seasons"":[""2025-2026""],""sports"":[""NBA""]}",TRADABLE_YES_BID,1_MINUTE_CANDLE,available_at,CROSS,"{""id"":""entry_iti_stress"",""op"":""CROSS"",""period"":""Q4"",""price_e4"":7100}",REACH,"{""id"":""win_iti_stress"",""op"":""REACH"",""outcome"":""win"",""price_e4"":8500}",REACH,"{""id"":""loss_iti_stress"",""op"":""REACH"",""outcome"":""loss"",""price_e4"":4000}",HOLD_TO_SETTLEMENT,75d368edb0ad750c5bc7596a46abdf3fabdfd8d1471175a99677c2075fcaeeea,1.0.0,2026-09-13T06:28:48Z,1.0.0,1.0.0,1.0.0,2026-09-13T06:28:48Z,READY,30,19,7,0.633333,0.233333,1400,3100,0.451613,163.333333,416a2c883115f79ca748415171c8bd3a0ffbd6d264c3bd924f438a9db2c25078,candle_path_not_fill,UNAVAILABLE,UNAVAILABLE,UNAVAILABLE,NOT_COMPUTABLE,UNAVAILABLE
comparison,MONTE_CARLO,base_devalidation,terminal_bankroll_mean,7558.532930,,comparison,superasi_bdebase_v1.0.0,grade_config_v1,2026-09-13T12:02:58Z,913e87a7c8d04ab0af447be670cfcda2,ITI Stress Q4 CROSS 65 REACH 85 40 ITI-05__913e87a7,3766439c96a7dd20c1a357cc9d344f52bdbbe213fb68782d4349329b8cd85c22,d42a28ee37542cabb6f140ba345b132015584963589d3732b3115ed80806cad0,6a547a4c14bdf2904cb47931457dc625742ef8654207540831709bc1c93ea690,ITI Stress Q4 CROSS 65 REACH 85 40 ITI-05,NBA,NBA,2025-2026,2025-10-10,2025-10-31,"{""date_from"":""2025-10-10"",""date_to"":""2025-10-31"",""game_data"":[""pbp""],""leagues"":[""NBA""],""market_data"":[""candles""],""markets"":[""kalshi""],""seasons"":[""2025-2026""],""sports"":[""NBA""]}",TRADABLE_YES_BID,1_MINUTE_CANDLE,available_at,CROSS,"{""id"":""entry_iti_stress"",""op"":""CROSS"",""period"":""Q4"",""price_e4"":7100}",REACH,"{""id"":""win_iti_stress"",""op"":""REACH"",""outcome"":""win"",""price_e4"":8500}",REACH,"{""id"":""loss_iti_stress"",""op"":""REACH"",""outcome"":""loss"",""price_e4"":4000}",HOLD_TO_SETTLEMENT,75d368edb0ad750c5bc7596a46abdf3fabdfd8d1471175a99677c2075fcaeeea,1.0.0,2026-09-13T06:28:48Z,1.0.0,1.0.0,1.0.0,2026-09-13T06:28:48Z,READY,30,19,7,0.633333,0.233333,1400,3100,0.451613,163.333333,416a2c883115f79ca748415171c8bd3a0ffbd6d264c3bd924f438a9db2c25078,candle_path_not_fill,UNAVAILABLE,UNAVAILABLE,UNAVAILABLE,NOT_COMPUTABLE,UNAVAILABLE
comparison,OBSERVED,base_devalidation,P_min_bankroll_le_floor,,,comparison,superasi_bdebase_v1.0.0,grade_config_v1,2026-09-13T12:02:58Z,913e87a7c8d04ab0af447be670cfcda2,ITI Stress Q4 CROSS 65 REACH 85 40 ITI-05__913e87a7,3766439c96a7dd20c1a357cc9d344f52bdbbe213fb68782d4349329b8cd85c22,d42a28ee37542cabb6f140ba345b132015584963589d3732b3115ed80806cad0,6a547a4c14bdf2904cb47931457dc625742ef8654207540831709bc1c93ea690,ITI Stress Q4 CROSS 65 REACH 85 40 ITI-05,NBA,NBA,2025-2026,2025-10-10,2025-10-31,"{""date_from"":""2025-10-10"",""date_to"":""2025-10-31"",""game_data"":[""pbp""],""leagues"":[""NBA""],""market_data"":[""candles""],""markets"":[""kalshi""],""seasons"":[""2025-2026""],""sports"":[""NBA""]}",TRADABLE_YES_BID,1_MINUTE_CANDLE,available_at,CROSS,"{""id"":""entry_iti_stress"",""op"":""CROSS"",""period"":""Q4"",""price_e4"":7100}",REACH,"{""id"":""win_iti_stress"",""op"":""REACH"",""outcome"":""win"",""price_e4"":8500}",REACH,"{""id"":""loss_iti_stress"",""op"":""REACH"",""outcome"":""loss"",""price_e4"":4000}",HOLD_TO_SETTLEMENT,75d368edb0ad750c5bc7596a46abdf3fabdfd8d1471175a99677c2075fcaeeea,1.0.0,2026-09-13T06:28:48Z,1.0.0,1.0.0,1.0.0,2026-09-13T06:28:48Z,READY,30,19,7,0.633333,0.233333,1400,3100,0.451613,163.333333,416a2c883115f79ca748415171c8bd3a0ffbd6d264c3bd924f438a9db2c25078,candle_path_not_fill,UNAVAILABLE,UNAVAILABLE,UNAVAILABLE,NOT_COMPUTABLE,UNAVAILABLE
comparison,THEORETICAL,base_devalidation,P_min_bankroll_le_floor,,,comparison,superasi_bdebase_v1.0.0,grade_config_v1,2026-09-13T12:02:58Z,913e87a7c8d04ab0af447be670cfcda2,ITI Stress Q4 CROSS 65 REACH 85 40 ITI-05__913e87a7,3766439c96a7dd20c1a357cc9d344f52bdbbe213fb68782d4349329b8cd85c22,d42a28ee37542cabb6f140ba345b132015584963589d3732b3115ed80806cad0,6a547a4c14bdf2904cb47931457dc625742ef8654207540831709bc1c93ea690,ITI Stress Q4 CROSS 65 REACH 85 40 ITI-05,NBA,NBA,2025-2026,2025-10-10,2025-10-31,"{""date_from"":""2025-10-10"",""date_to"":""2025-10-31"",""game_data"":[""pbp""],""leagues"":[""NBA""],""market_data"":[""candles""],""markets"":[""kalshi""],""seasons"":[""2025-2026""],""sports"":[""NBA""]}",TRADABLE_YES_BID,1_MINUTE_CANDLE,available_at,CROSS,"{""id"":""entry_iti_stress"",""op"":""CROSS"",""period"":""Q4"",""price_e4"":7100}",REACH,"{""id"":""win_iti_stress"",""op"":""REACH"",""outcome"":""win"",""price_e4"":8500}",REACH,"{""id"":""loss_iti_stress"",""op"":""REACH"",""outcome"":""loss"",""price_e4"":4000}",HOLD_TO_SETTLEMENT,75d368edb0ad750c5bc7596a46abdf3fabdfd8d1471175a99677c2075fcaeeea,1.0.0,2026-09-13T06:28:48Z,1.0.0,1.0.0,1.0.0,2026-09-13T06:28:48Z,READY,30,19,7,0.633333,0.233333,1400,3100,0.451613,163.333333,416a2c883115f79ca748415171c8bd3a0ffbd6d264c3bd924f438a9db2c25078,candle_path_not_fill,UNAVAILABLE,UNAVAILABLE,UNAVAILABLE,NOT_COMPUTABLE,UNAVAILABLE
comparison,MONTE_CARLO,base_devalidation,P_min_bankroll_le_floor,0.999370,,comparison,superasi_bdebase_v1.0.0,grade_config_v1,2026-09-13T12:02:58Z,913e87a7c8d04ab0af447be670cfcda2,ITI Stress Q4 CROSS 65 REACH 85 40 ITI-05__913e87a7,3766439c96a7dd20c1a357cc9d344f52bdbbe213fb68782d4349329b8cd85c22,d42a28ee37542cabb6f140ba345b132015584963589d3732b3115ed80806cad0,6a547a4c14bdf2904cb47931457dc625742ef8654207540831709bc1c93ea690,ITI Stress Q4 CROSS 65 REACH 85 40 ITI-05,NBA,NBA,2025-2026,2025-10-10,2025-10-31,"{""date_from"":""2025-10-10"",""date_to"":""2025-10-31"",""game_data"":[""pbp""],""leagues"":[""NBA""],""market_data"":[""candles""],""markets"":[""kalshi""],""seasons"":[""2025-2026""],""sports"":[""NBA""]}",TRADABLE_YES_BID,1_MINUTE_CANDLE,available_at,CROSS,"{""id"":""entry_iti_stress"",""op"":""CROSS"",""period"":""Q4"",""price_e4"":7100}",REACH,"{""id"":""win_iti_stress"",""op"":""REACH"",""outcome"":""win"",""price_e4"":8500}",REACH,"{""id"":""loss_iti_stress"",""op"":""REACH"",""outcome"":""loss"",""price_e4"":4000}",HOLD_TO_SETTLEMENT,75d368edb0ad750c5bc7596a46abdf3fabdfd8d1471175a99677c2075fcaeeea,1.0.0,2026-09-13T06:28:48Z,1.0.0,1.0.0,1.0.0,2026-09-13T06:28:48Z,READY,30,19,7,0.633333,0.233333,1400,3100,0.451613,163.333333,416a2c883115f79ca748415171c8bd3a0ffbd6d264c3bd924f438a9db2c25078,candle_path_not_fill,UNAVAILABLE,UNAVAILABLE,UNAVAILABLE,NOT_COMPUTABLE,UNAVAILABLE
comparison,OBSERVED,base_devalidation,P_final_ge_target,,,comparison,superasi_bdebase_v1.0.0,grade_config_v1,2026-09-13T12:02:58Z,913e87a7c8d04ab0af447be670cfcda2,ITI Stress Q4 CROSS 65 REACH 85 40 ITI-05__913e87a7,3766439c96a7dd20c1a357cc9d344f52bdbbe213fb68782d4349329b8cd85c22,d42a28ee37542cabb6f140ba345b132015584963589d3732b3115ed80806cad0,6a547a4c14bdf2904cb47931457dc625742ef8654207540831709bc1c93ea690,ITI Stress Q4 CROSS 65 REACH 85 40 ITI-05,NBA,NBA,2025-2026,2025-10-10,2025-10-31,"{""date_from"":""2025-10-10"",""date_to"":""2025-10-31"",""game_data"":[""pbp""],""leagues"":[""NBA""],""market_data"":[""candles""],""markets"":[""kalshi""],""seasons"":[""2025-2026""],""sports"":[""NBA""]}",TRADABLE_YES_BID,1_MINUTE_CANDLE,available_at,CROSS,"{""id"":""entry_iti_stress"",""op"":""CROSS"",""period"":""Q4"",""price_e4"":7100}",REACH,"{""id"":""win_iti_stress"",""op"":""REACH"",""outcome"":""win"",""price_e4"":8500}",REACH,"{""id"":""loss_iti_stress"",""op"":""REACH"",""outcome"":""loss"",""price_e4"":4000}",HOLD_TO_SETTLEMENT,75d368edb0ad750c5bc7596a46abdf3fabdfd8d1471175a99677c2075fcaeeea,1.0.0,2026-09-13T06:28:48Z,1.0.0,1.0.0,1.0.0,2026-09-13T06:28:48Z,READY,30,19,7,0.633333,0.233333,1400,3100,0.451613,163.333333,416a2c883115f79ca748415171c8bd3a0ffbd6d264c3bd924f438a9db2c25078,candle_path_not_fill,UNAVAILABLE,UNAVAILABLE,UNAVAILABLE,NOT_COMPUTABLE,UNAVAILABLE
comparison,THEORETICAL,base_devalidation,P_final_ge_target,,,comparison,superasi_bdebase_v1.0.0,grade_config_v1,2026-09-13T12:02:58Z,913e87a7c8d04ab0af447be670cfcda2,ITI Stress Q4 CROSS 65 REACH 85 40 ITI-05__913e87a7,3766439c96a7dd20c1a357cc9d344f52bdbbe213fb68782d4349329b8cd85c22,d42a28ee37542cabb6f140ba345b132015584963589d3732b3115ed80806cad0,6a547a4c14bdf2904cb47931457dc625742ef8654207540831709bc1c93ea690,ITI Stress Q4 CROSS 65 REACH 85 40 ITI-05,NBA,NBA,2025-2026,2025-10-10,2025-10-31,"{""date_from"":""2025-10-10"",""date_to"":""2025-10-31"",""game_data"":[""pbp""],""leagues"":[""NBA""],""market_data"":[""candles""],""markets"":[""kalshi""],""seasons"":[""2025-2026""],""sports"":[""NBA""]}",TRADABLE_YES_BID,1_MINUTE_CANDLE,available_at,CROSS,"{""id"":""entry_iti_stress"",""op"":""CROSS"",""period"":""Q4"",""price_e4"":7100}",REACH,"{""id"":""win_iti_stress"",""op"":""REACH"",""outcome"":""win"",""price_e4"":8500}",REACH,"{""id"":""loss_iti_stress"",""op"":""REACH"",""outcome"":""loss"",""price_e4"":4000}",HOLD_TO_SETTLEMENT,75d368edb0ad750c5bc7596a46abdf3fabdfd8d1471175a99677c2075fcaeeea,1.0.0,2026-09-13T06:28:48Z,1.0.0,1.0.0,1.0.0,2026-09-13T06:28:48Z,READY,30,19,7,0.633333,0.233333,1400,3100,0.451613,163.333333,416a2c883115f79ca748415171c8bd3a0ffbd6d264c3bd924f438a9db2c25078,candle_path_not_fill,UNAVAILABLE,UNAVAILABLE,UNAVAILABLE,NOT_COMPUTABLE,UNAVAILABLE
comparison,MONTE_CARLO,base_devalidation,P_final_ge_target,0.000000,,comparison,superasi_bdebase_v1.0.0,grade_config_v1,2026-09-13T12:02:58Z,913e87a7c8d04ab0af447be670cfcda2,ITI Stress Q4 CROSS 65 REACH 85 40 ITI-05__913e87a7,3766439c96a7dd20c1a357cc9d344f52bdbbe213fb68782d4349329b8cd85c22,d42a28ee37542cabb6f140ba345b132015584963589d3732b3115ed80806cad0,6a547a4c14bdf2904cb47931457dc625742ef8654207540831709bc1c93ea690,ITI Stress Q4 CROSS 65 REACH 85 40 ITI-05,NBA,NBA,2025-2026,2025-10-10,2025-10-31,"{""date_from"":""2025-10-10"",""date_to"":""2025-10-31"",""game_data"":[""pbp""],""leagues"":[""NBA""],""market_data"":[""candles""],""markets"":[""kalshi""],""seasons"":[""2025-2026""],""sports"":[""NBA""]}",TRADABLE_YES_BID,1_MINUTE_CANDLE,available_at,CROSS,"{""id"":""entry_iti_stress"",""op"":""CROSS"",""period"":""Q4"",""price_e4"":7100}",REACH,"{""id"":""win_iti_stress"",""op"":""REACH"",""outcome"":""win"",""price_e4"":8500}",REACH,"{""id"":""loss_iti_stress"",""op"":""REACH"",""outcome"":""loss"",""price_e4"":4000}",HOLD_TO_SETTLEMENT,75d368edb0ad750c5bc7596a46abdf3fabdfd8d1471175a99677c2075fcaeeea,1.0.0,2026-09-13T06:28:48Z,1.0.0,1.0.0,1.0.0,2026-09-13T06:28:48Z,READY,30,19,7,0.633333,0.233333,1400,3100,0.451613,163.333333,416a2c883115f79ca748415171c8bd3a0ffbd6d264c3bd924f438a9db2c25078,candle_path_not_fill,UNAVAILABLE,UNAVAILABLE,UNAVAILABLE,NOT_COMPUTABLE,UNAVAILABLE
comparison,OBSERVED,base_devalidation,mode_b_expected_20_week_return,,,comparison,superasi_bdebase_v1.0.0,grade_config_v1,2026-09-13T12:02:58Z,913e87a7c8d04ab0af447be670cfcda2,ITI Stress Q4 CROSS 65 REACH 85 40 ITI-05__913e87a7,3766439c96a7dd20c1a357cc9d344f52bdbbe213fb68782d4349329b8cd85c22,d42a28ee37542cabb6f140ba345b132015584963589d3732b3115ed80806cad0,6a547a4c14bdf2904cb47931457dc625742ef8654207540831709bc1c93ea690,ITI Stress Q4 CROSS 65 REACH 85 40 ITI-05,NBA,NBA,2025-2026,2025-10-10,2025-10-31,"{""date_from"":""2025-10-10"",""date_to"":""2025-10-31"",""game_data"":[""pbp""],""leagues"":[""NBA""],""market_data"":[""candles""],""markets"":[""kalshi""],""seasons"":[""2025-2026""],""sports"":[""NBA""]}",TRADABLE_YES_BID,1_MINUTE_CANDLE,available_at,CROSS,"{""id"":""entry_iti_stress"",""op"":""CROSS"",""period"":""Q4"",""price_e4"":7100}",REACH,"{""id"":""win_iti_stress"",""op"":""REACH"",""outcome"":""win"",""price_e4"":8500}",REACH,"{""id"":""loss_iti_stress"",""op"":""REACH"",""outcome"":""loss"",""price_e4"":4000}",HOLD_TO_SETTLEMENT,75d368edb0ad750c5bc7596a46abdf3fabdfd8d1471175a99677c2075fcaeeea,1.0.0,2026-09-13T06:28:48Z,1.0.0,1.0.0,1.0.0,2026-09-13T06:28:48Z,READY,30,19,7,0.633333,0.233333,1400,3100,0.451613,163.333333,416a2c883115f79ca748415171c8bd3a0ffbd6d264c3bd924f438a9db2c25078,candle_path_not_fill,UNAVAILABLE,UNAVAILABLE,UNAVAILABLE,NOT_COMPUTABLE,UNAVAILABLE
comparison,THEORETICAL,base_devalidation,mode_b_expected_20_week_return,,,comparison,superasi_bdebase_v1.0.0,grade_config_v1,2026-09-13T12:02:58Z,913e87a7c8d04ab0af447be670cfcda2,ITI Stress Q4 CROSS 65 REACH 85 40 ITI-05__913e87a7,3766439c96a7dd20c1a357cc9d344f52bdbbe213fb68782d4349329b8cd85c22,d42a28ee37542cabb6f140ba345b132015584963589d3732b3115ed80806cad0,6a547a4c14bdf2904cb47931457dc625742ef8654207540831709bc1c93ea690,ITI Stress Q4 CROSS 65 REACH 85 40 ITI-05,NBA,NBA,2025-2026,2025-10-10,2025-10-31,"{""date_from"":""2025-10-10"",""date_to"":""2025-10-31"",""game_data"":[""pbp""],""leagues"":[""NBA""],""market_data"":[""candles""],""markets"":[""kalshi""],""seasons"":[""2025-2026""],""sports"":[""NBA""]}",TRADABLE_YES_BID,1_MINUTE_CANDLE,available_at,CROSS,"{""id"":""entry_iti_stress"",""op"":""CROSS"",""period"":""Q4"",""price_e4"":7100}",REACH,"{""id"":""win_iti_stress"",""op"":""REACH"",""outcome"":""win"",""price_e4"":8500}",REACH,"{""id"":""loss_iti_stress"",""op"":""REACH"",""outcome"":""loss"",""price_e4"":4000}",HOLD_TO_SETTLEMENT,75d368edb0ad750c5bc7596a46abdf3fabdfd8d1471175a99677c2075fcaeeea,1.0.0,2026-09-13T06:28:48Z,1.0.0,1.0.0,1.0.0,2026-09-13T06:28:48Z,READY,30,19,7,0.633333,0.233333,1400,3100,0.451613,163.333333,416a2c883115f79ca748415171c8bd3a0ffbd6d264c3bd924f438a9db2c25078,candle_path_not_fill,UNAVAILABLE,UNAVAILABLE,UNAVAILABLE,NOT_COMPUTABLE,UNAVAILABLE
comparison,MONTE_CARLO,base_devalidation,mode_b_expected_20_week_return,0.302109,,comparison,superasi_bdebase_v1.0.0,grade_config_v1,2026-09-13T12:02:58Z,913e87a7c8d04ab0af447be670cfcda2,ITI Stress Q4 CROSS 65 REACH 85 40 ITI-05__913e87a7,3766439c96a7dd20c1a357cc9d344f52bdbbe213fb68782d4349329b8cd85c22,d42a28ee37542cabb6f140ba345b132015584963589d3732b3115ed80806cad0,6a547a4c14bdf2904cb47931457dc625742ef8654207540831709bc1c93ea690,ITI Stress Q4 CROSS 65 REACH 85 40 ITI-05,NBA,NBA,2025-2026,2025-10-10,2025-10-31,"{""date_from"":""2025-10-10"",""date_to"":""2025-10-31"",""game_data"":[""pbp""],""leagues"":[""NBA""],""market_data"":[""candles""],""markets"":[""kalshi""],""seasons"":[""2025-2026""],""sports"":[""NBA""]}",TRADABLE_YES_BID,1_MINUTE_CANDLE,available_at,CROSS,"{""id"":""entry_iti_stress"",""op"":""CROSS"",""period"":""Q4"",""price_e4"":7100}",REACH,"{""id"":""win_iti_stress"",""op"":""REACH"",""outcome"":""win"",""price_e4"":8500}",REACH,"{""id"":""loss_iti_stress"",""op"":""REACH"",""outcome"":""loss"",""price_e4"":4000}",HOLD_TO_SETTLEMENT,75d368edb0ad750c5bc7596a46abdf3fabdfd8d1471175a99677c2075fcaeeea,1.0.0,2026-09-13T06:28:48Z,1.0.0,1.0.0,1.0.0,2026-09-13T06:28:48Z,READY,30,19,7,0.633333,0.233333,1400,3100,0.451613,163.333333,416a2c883115f79ca748415171c8bd3a0ffbd6d264c3bd924f438a9db2c25078,candle_path_not_fill,UNAVAILABLE,UNAVAILABLE,UNAVAILABLE,NOT_COMPUTABLE,UNAVAILABLE
comparison,,base_devalidation,disagree_win_rate,0.191603,,not_averaged,superasi_bdebase_v1.0.0,grade_config_v1,2026-09-13T12:02:58Z,913e87a7c8d04ab0af447be670cfcda2,ITI Stress Q4 CROSS 65 REACH 85 40 ITI-05__913e87a7,3766439c96a7dd20c1a357cc9d344f52bdbbe213fb68782d4349329b8cd85c22,d42a28ee37542cabb6f140ba345b132015584963589d3732b3115ed80806cad0,6a547a4c14bdf2904cb47931457dc625742ef8654207540831709bc1c93ea690,ITI Stress Q4 CROSS 65 REACH 85 40 ITI-05,NBA,NBA,2025-2026,2025-10-10,2025-10-31,"{""date_from"":""2025-10-10"",""date_to"":""2025-10-31"",""game_data"":[""pbp""],""leagues"":[""NBA""],""market_data"":[""candles""],""markets"":[""kalshi""],""seasons"":[""2025-2026""],""sports"":[""NBA""]}",TRADABLE_YES_BID,1_MINUTE_CANDLE,available_at,CROSS,"{""id"":""entry_iti_stress"",""op"":""CROSS"",""period"":""Q4"",""price_e4"":7100}",REACH,"{""id"":""win_iti_stress"",""op"":""REACH"",""outcome"":""win"",""price_e4"":8500}",REACH,"{""id"":""loss_iti_stress"",""op"":""REACH"",""outcome"":""loss"",""price_e4"":4000}",HOLD_TO_SETTLEMENT,75d368edb0ad750c5bc7596a46abdf3fabdfd8d1471175a99677c2075fcaeeea,1.0.0,2026-09-13T06:28:48Z,1.0.0,1.0.0,1.0.0,2026-09-13T06:28:48Z,READY,30,19,7,0.633333,0.233333,1400,3100,0.451613,163.333333,416a2c883115f79ca748415171c8bd3a0ffbd6d264c3bd924f438a9db2c25078,candle_path_not_fill,UNAVAILABLE,UNAVAILABLE,UNAVAILABLE,NOT_COMPUTABLE,UNAVAILABLE
comparison,,base_devalidation,disagree_trade_ev_e4,837.086487,,not_averaged,superasi_bdebase_v1.0.0,grade_config_v1,2026-09-13T12:02:58Z,913e87a7c8d04ab0af447be670cfcda2,ITI Stress Q4 CROSS 65 REACH 85 40 ITI-05__913e87a7,3766439c96a7dd20c1a357cc9d344f52bdbbe213fb68782d4349329b8cd85c22,d42a28ee37542cabb6f140ba345b132015584963589d3732b3115ed80806cad0,6a547a4c14bdf2904cb47931457dc625742ef8654207540831709bc1c93ea690,ITI Stress Q4 CROSS 65 REACH 85 40 ITI-05,NBA,NBA,2025-2026,2025-10-10,2025-10-31,"{""date_from"":""2025-10-10"",""date_to"":""2025-10-31"",""game_data"":[""pbp""],""leagues"":[""NBA""],""market_data"":[""candles""],""markets"":[""kalshi""],""seasons"":[""2025-2026""],""sports"":[""NBA""]}",TRADABLE_YES_BID,1_MINUTE_CANDLE,available_at,CROSS,"{""id"":""entry_iti_stress"",""op"":""CROSS"",""period"":""Q4"",""price_e4"":7100}",REACH,"{""id"":""win_iti_stress"",""op"":""REACH"",""outcome"":""win"",""price_e4"":8500}",REACH,"{""id"":""loss_iti_stress"",""op"":""REACH"",""outcome"":""loss"",""price_e4"":4000}",HOLD_TO_SETTLEMENT,75d368edb0ad750c5bc7596a46abdf3fabdfd8d1471175a99677c2075fcaeeea,1.0.0,2026-09-13T06:28:48Z,1.0.0,1.0.0,1.0.0,2026-09-13T06:28:48Z,READY,30,19,7,0.633333,0.233333,1400,3100,0.451613,163.333333,416a2c883115f79ca748415171c8bd3a0ffbd6d264c3bd924f438a9db2c25078,candle_path_not_fill,UNAVAILABLE,UNAVAILABLE,UNAVAILABLE,NOT_COMPUTABLE,UNAVAILABLE
comparison,,base_devalidation,disagree_weekly_ev,0.000035,,not_averaged,superasi_bdebase_v1.0.0,grade_config_v1,2026-09-13T12:02:58Z,913e87a7c8d04ab0af447be670cfcda2,ITI Stress Q4 CROSS 65 REACH 85 40 ITI-05__913e87a7,3766439c96a7dd20c1a357cc9d344f52bdbbe213fb68782d4349329b8cd85c22,d42a28ee37542cabb6f140ba345b132015584963589d3732b3115ed80806cad0,6a547a4c14bdf2904cb47931457dc625742ef8654207540831709bc1c93ea690,ITI Stress Q4 CROSS 65 REACH 85 40 ITI-05,NBA,NBA,2025-2026,2025-10-10,2025-10-31,"{""date_from"":""2025-10-10"",""date_to"":""2025-10-31"",""game_data"":[""pbp""],""leagues"":[""NBA""],""market_data"":[""candles""],""markets"":[""kalshi""],""seasons"":[""2025-2026""],""sports"":[""NBA""]}",TRADABLE_YES_BID,1_MINUTE_CANDLE,available_at,CROSS,"{""id"":""entry_iti_stress"",""op"":""CROSS"",""period"":""Q4"",""price_e4"":7100}",REACH,"{""id"":""win_iti_stress"",""op"":""REACH"",""outcome"":""win"",""price_e4"":8500}",REACH,"{""id"":""loss_iti_stress"",""op"":""REACH"",""outcome"":""loss"",""price_e4"":4000}",HOLD_TO_SETTLEMENT,75d368edb0ad750c5bc7596a46abdf3fabdfd8d1471175a99677c2075fcaeeea,1.0.0,2026-09-13T06:28:48Z,1.0.0,1.0.0,1.0.0,2026-09-13T06:28:48Z,READY,30,19,7,0.633333,0.233333,1400,3100,0.451613,163.333333,416a2c883115f79ca748415171c8bd3a0ffbd6d264c3bd924f438a9db2c25078,candle_path_not_fill,UNAVAILABLE,UNAVAILABLE,UNAVAILABLE,NOT_COMPUTABLE,UNAVAILABLE
comparison,,base_devalidation,disagree_expected_20_week_return,0.000324,,not_averaged,superasi_bdebase_v1.0.0,grade_config_v1,2026-09-13T12:02:58Z,913e87a7c8d04ab0af447be670cfcda2,ITI Stress Q4 CROSS 65 REACH 85 40 ITI-05__913e87a7,3766439c96a7dd20c1a357cc9d344f52bdbbe213fb68782d4349329b8cd85c22,d42a28ee37542cabb6f140ba345b132015584963589d3732b3115ed80806cad0,6a547a4c14bdf2904cb47931457dc625742ef8654207540831709bc1c93ea690,ITI Stress Q4 CROSS 65 REACH 85 40 ITI-05,NBA,NBA,2025-2026,2025-10-10,2025-10-31,"{""date_from"":""2025-10-10"",""date_to"":""2025-10-31"",""game_data"":[""pbp""],""leagues"":[""NBA""],""market_data"":[""candles""],""markets"":[""kalshi""],""seasons"":[""2025-2026""],""sports"":[""NBA""]}",TRADABLE_YES_BID,1_MINUTE_CANDLE,available_at,CROSS,"{""id"":""entry_iti_stress"",""op"":""CROSS"",""period"":""Q4"",""price_e4"":7100}",REACH,"{""id"":""win_iti_stress"",""op"":""REACH"",""outcome"":""win"",""price_e4"":8500}",REACH,"{""id"":""loss_iti_stress"",""op"":""REACH"",""outcome"":""loss"",""price_e4"":4000}",HOLD_TO_SETTLEMENT,75d368edb0ad750c5bc7596a46abdf3fabdfd8d1471175a99677c2075fcaeeea,1.0.0,2026-09-13T06:28:48Z,1.0.0,1.0.0,1.0.0,2026-09-13T06:28:48Z,READY,30,19,7,0.633333,0.233333,1400,3100,0.451613,163.333333,416a2c883115f79ca748415171c8bd3a0ffbd6d264c3bd924f438a9db2c25078,candle_path_not_fill,UNAVAILABLE,UNAVAILABLE,UNAVAILABLE,NOT_COMPUTABLE,UNAVAILABLE
comparison,,base_devalidation,disagree_terminal_bankroll_mean,6.473189,,not_averaged,superasi_bdebase_v1.0.0,grade_config_v1,2026-09-13T12:02:58Z,913e87a7c8d04ab0af447be670cfcda2,ITI Stress Q4 CROSS 65 REACH 85 40 ITI-05__913e87a7,3766439c96a7dd20c1a357cc9d344f52bdbbe213fb68782d4349329b8cd85c22,d42a28ee37542cabb6f140ba345b132015584963589d3732b3115ed80806cad0,6a547a4c14bdf2904cb47931457dc625742ef8654207540831709bc1c93ea690,ITI Stress Q4 CROSS 65 REACH 85 40 ITI-05,NBA,NBA,2025-2026,2025-10-10,2025-10-31,"{""date_from"":""2025-10-10"",""date_to"":""2025-10-31"",""game_data"":[""pbp""],""leagues"":[""NBA""],""market_data"":[""candles""],""markets"":[""kalshi""],""seasons"":[""2025-2026""],""sports"":[""NBA""]}",TRADABLE_YES_BID,1_MINUTE_CANDLE,available_at,CROSS,"{""id"":""entry_iti_stress"",""op"":""CROSS"",""period"":""Q4"",""price_e4"":7100}",REACH,"{""id"":""win_iti_stress"",""op"":""REACH"",""outcome"":""win"",""price_e4"":8500}",REACH,"{""id"":""loss_iti_stress"",""op"":""REACH"",""outcome"":""loss"",""price_e4"":4000}",HOLD_TO_SETTLEMENT,75d368edb0ad750c5bc7596a46abdf3fabdfd8d1471175a99677c2075fcaeeea,1.0.0,2026-09-13T06:28:48Z,1.0.0,1.0.0,1.0.0,2026-09-13T06:28:48Z,READY,30,19,7,0.633333,0.233333,1400,3100,0.451613,163.333333,416a2c883115f79ca748415171c8bd3a0ffbd6d264c3bd924f438a9db2c25078,candle_path_not_fill,UNAVAILABLE,UNAVAILABLE,UNAVAILABLE,NOT_COMPUTABLE,UNAVAILABLE
