experiment_id,cohort,trade_id,internal_game_id,ticker,period,game_clock_remaining,timestamp_utc,role,primary,skip_reason,query_mode,query_source,entry_source,entry_price_cents,current_price_cents,price_travel,time_since_entry,home_score,away_score,knn_status,reason,conditional_ev_cents,ci_lower_cents,ci_upper_cents,ci_method,k,effective_neighbors,effective_sample_size,median_distance,mean_distance,feature_coverage,support_status,availability_status,pnl_hold_after_t,pnl_8040_after_t,pnl_8040_after_t_status,t40_already,hit_40_after,ev_at_entry,ev_now,ev_change,submits,live_feed,page3_n280_queried
NCAAB_H2_1_AUSTIN_TRANSFER_V1,DISCOVERY,972e7ad133034248,NCAAB_20251107_KU_UNC,KXNCAAMBGAME-25NOV07KUUNC-UNC,1,1200,2025-11-08T00:01:44+00:00,PRE_ENTRY,False,PRE_ENTRY,PRE_80,HISTORICAL_RECONSTRUCT,ASKED_SIX_FIRST80,83,58,,,0,0,,,,,,,,,,,,,,UNAVAILABLE,,,,,,,,,False,UNAVAILABLE,False
NCAAB_H2_1_AUSTIN_TRANSFER_V1,DISCOVERY,972e7ad133034248,NCAAB_20251107_KU_UNC,KXNCAAMBGAME-25NOV07KUUNC-UNC,1,1080,2025-11-08T00:01:44+00:00,PRE_ENTRY,False,PRE_ENTRY,PRE_80,HISTORICAL_RECONSTRUCT,ASKED_SIX_FIRST80,83,58,,,0,0,,,,,,,,,,,,,,UNAVAILABLE,,,,,,,,,False,UNAVAILABLE,False
NCAAB_H2_1_AUSTIN_TRANSFER_V1,DISCOVERY,972e7ad133034248,NCAAB_20251107_KU_UNC,KXNCAAMBGAME-25NOV07KUUNC-UNC,1,960,2025-11-08T00:01:44+00:00,PRE_ENTRY,False,PRE_ENTRY,PRE_80,HISTORICAL_RECONSTRUCT,ASKED_SIX_FIRST80,83,58,,,0,0,,,,,,,,,,,,,,UNAVAILABLE,,,,,,,,,False,UNAVAILABLE,False
NCAAB_H2_1_AUSTIN_TRANSFER_V1,DISCOVERY,972e7ad133034248,NCAAB_20251107_KU_UNC,KXNCAAMBGAME-25NOV07KUUNC-UNC,1,840,2025-11-08T00:01:44+00:00,PRE_ENTRY,False,PRE_ENTRY,PRE_80,HISTORICAL_RECONSTRUCT,ASKED_SIX_FIRST80,83,58,,,0,0,,,,,,,,,,,,,,UNAVAILABLE,,,,,,,,,False,UNAVAILABLE,False
NCAAB_H2_1_AUSTIN_TRANSFER_V1,DISCOVERY,972e7ad133034248,NCAAB_20251107_KU_UNC,KXNCAAMBGAME-25NOV07KUUNC-UNC,1,720,2025-11-08T00:01:44+00:00,PRE_ENTRY,False,PRE_ENTRY,PRE_80,HISTORICAL_RECONSTRUCT,ASKED_SIX_FIRST80,83,58,,,0,0,,,,,,,,,,,,,,UNAVAILABLE,,,,,,,,,False,UNAVAILABLE,False
NCAAB_H2_1_AUSTIN_TRANSFER_V1,DISCOVERY,972e7ad133034248,NCAAB_20251107_KU_UNC,KXNCAAMBGAME-25NOV07KUUNC-UNC,1,600,2025-11-08T00:01:44+00:00,PRE_ENTRY,False,PRE_ENTRY,PRE_80,HISTORICAL_RECONSTRUCT,ASKED_SIX_FIRST80,83,58,,,0,0,,,,,,,,,,,,,,UNAVAILABLE,,,,,,,,,False,UNAVAILABLE,False
NCAAB_H2_1_AUSTIN_TRANSFER_V1,DISCOVERY,972e7ad133034248,NCAAB_20251107_KU_UNC,KXNCAAMBGAME-25NOV07KUUNC-UNC,1,480,2025-11-08T00:31:37+00:00,PRE_ENTRY,False,PRE_ENTRY,PRE_80,HISTORICAL_RECONSTRUCT,ASKED_SIX_FIRST80,83,47,,,17,20,,,,,,,,,,,,,,UNAVAILABLE,,,,,,,,,False,UNAVAILABLE,False
NCAAB_H2_1_AUSTIN_TRANSFER_V1,DISCOVERY,972e7ad133034248,NCAAB_20251107_KU_UNC,KXNCAAMBGAME-25NOV07KUUNC-UNC,1,360,2025-11-08T00:01:44+00:00,PRE_ENTRY,False,PRE_ENTRY,PRE_80,HISTORICAL_RECONSTRUCT,ASKED_SIX_FIRST80,83,58,,,0,0,,,,,,,,,,,,,,UNAVAILABLE,,,,,,,,,False,UNAVAILABLE,False
NCAAB_H2_1_AUSTIN_TRANSFER_V1,DISCOVERY,972e7ad133034248,NCAAB_20251107_KU_UNC,KXNCAAMBGAME-25NOV07KUUNC-UNC,1,240,2025-11-08T00:01:44+00:00,PRE_ENTRY,False,PRE_ENTRY,PRE_80,HISTORICAL_RECONSTRUCT,ASKED_SIX_FIRST80,83,58,,,0,0,,,,,,,,,,,,,,UNAVAILABLE,,,,,,,,,False,UNAVAILABLE,False
NCAAB_H2_1_AUSTIN_TRANSFER_V1,DISCOVERY,972e7ad133034248,NCAAB_20251107_KU_UNC,KXNCAAMBGAME-25NOV07KUUNC-UNC,1,120,2025-11-08T00:50:34+00:00,PRE_ENTRY,False,PRE_ENTRY,PRE_80,HISTORICAL_RECONSTRUCT,ASKED_SIX_FIRST80,83,35,,,27,37,,,,,,,,,,,,,,UNAVAILABLE,,,,,,,,,False,UNAVAILABLE,False
NCAAB_H2_1_AUSTIN_TRANSFER_V1,DISCOVERY,972e7ad133034248,NCAAB_20251107_KU_UNC,KXNCAAMBGAME-25NOV07KUUNC-UNC,1,0,2025-11-08T00:53:27+00:00,PRE_ENTRY,False,PRE_ENTRY,PRE_80,HISTORICAL_RECONSTRUCT,ASKED_SIX_FIRST80,83,35,,,29,37,,,,,,,,,,,,,,UNAVAILABLE,,,,,,,,,False,UNAVAILABLE,False
NCAAB_H2_1_AUSTIN_TRANSFER_V1,DISCOVERY,972e7ad133034248,NCAAB_20251107_KU_UNC,KXNCAAMBGAME-25NOV07KUUNC-UNC,2,1200,2025-11-08T01:09:56+00:00,PRE_ENTRY,False,PRE_ENTRY,PRE_80,HISTORICAL_RECONSTRUCT,ASKED_SIX_FIRST80,83,36,,,29,37,,,,,,,,,,,,,,UNAVAILABLE,,,,,,,,,False,UNAVAILABLE,False
NCAAB_H2_1_AUSTIN_TRANSFER_V1,DISCOVERY,972e7ad133034248,NCAAB_20251107_KU_UNC,KXNCAAMBGAME-25NOV07KUUNC-UNC,2,1080,2025-11-08T01:09:56+00:00,PRE_ENTRY,False,PRE_ENTRY,PRE_80,HISTORICAL_RECONSTRUCT,ASKED_SIX_FIRST80,83,36,,,29,37,,,,,,,,,,,,,,UNAVAILABLE,,,,,,,,,False,UNAVAILABLE,False
NCAAB_H2_1_AUSTIN_TRANSFER_V1,DISCOVERY,972e7ad133034248,NCAAB_20251107_KU_UNC,KXNCAAMBGAME-25NOV07KUUNC-UNC,2,960,2025-11-08T01:09:56+00:00,PRE_ENTRY,False,PRE_ENTRY,PRE_80,HISTORICAL_RECONSTRUCT,ASKED_SIX_FIRST80,83,36,,,29,37,,,,,,,,,,,,,,UNAVAILABLE,,,,,,,,,False,UNAVAILABLE,False
NCAAB_H2_1_AUSTIN_TRANSFER_V1,DISCOVERY,972e7ad133034248,NCAAB_20251107_KU_UNC,KXNCAAMBGAME-25NOV07KUUNC-UNC,2,840,2025-11-08T01:27:22+00:00,PRE_ENTRY,False,PRE_ENTRY,PRE_80,HISTORICAL_RECONSTRUCT,ASKED_SIX_FIRST80,83,75,,,52,46,,,,,,,,,,,,,,UNAVAILABLE,,,,,,,,,False,UNAVAILABLE,False
NCAAB_H2_1_AUSTIN_TRANSFER_V1,DISCOVERY,972e7ad133034248,NCAAB_20251107_KU_UNC,KXNCAAMBGAME-25NOV07KUUNC-UNC,2,720,2025-11-08T01:09:56+00:00,PRIMARY_GRID,True,,PRE_80,HISTORICAL_RECONSTRUCT,NONE,,36,,,29,37,INSUFFICIENT_SAMPLE,NO_ENTRY_IN_FITTED_SPACE,,,,95% CI — weighted bootstrap,25,,,,,0.30434782608695654,UNAVAILABLE,NOT_APPLICABLE,20,20,VALUE,False,False,,,,False,UNAVAILABLE,False
NCAAB_H2_1_AUSTIN_TRANSFER_V1,DISCOVERY,972e7ad133034248,NCAAB_20251107_KU_UNC,KXNCAAMBGAME-25NOV07KUUNC-UNC,2,600,2025-11-08T01:09:56+00:00,PRIMARY_GRID,True,,PRE_80,HISTORICAL_RECONSTRUCT,NONE,,36,,,29,37,INSUFFICIENT_SAMPLE,NO_ENTRY_IN_FITTED_SPACE,,,,95% CI — weighted bootstrap,25,,,,,0.30434782608695654,UNAVAILABLE,NOT_APPLICABLE,20,20,VALUE,False,False,,,,False,UNAVAILABLE,False
NCAAB_H2_1_AUSTIN_TRANSFER_V1,DISCOVERY,972e7ad133034248,NCAAB_20251107_KU_UNC,KXNCAAMBGAME-25NOV07KUUNC-UNC,2,480,2025-11-08T01:09:56+00:00,PRIMARY_GRID,True,,PRE_80,HISTORICAL_RECONSTRUCT,NONE,,36,,,29,37,INSUFFICIENT_SAMPLE,NO_ENTRY_IN_FITTED_SPACE,,,,95% CI — weighted bootstrap,25,,,,,0.30434782608695654,UNAVAILABLE,NOT_APPLICABLE,20,20,VALUE,False,False,,,,False,UNAVAILABLE,False
NCAAB_H2_1_AUSTIN_TRANSFER_V1,DISCOVERY,972e7ad133034248,NCAAB_20251107_KU_UNC,KXNCAAMBGAME-25NOV07KUUNC-UNC,2,360,2025-11-08T01:09:56+00:00,PRIMARY_GRID,True,,PRE_80,HISTORICAL_RECONSTRUCT,NONE,,36,,,29,37,INSUFFICIENT_SAMPLE,NO_ENTRY_IN_FITTED_SPACE,,,,95% CI — weighted bootstrap,25,,,,,0.30434782608695654,UNAVAILABLE,NOT_APPLICABLE,20,20,VALUE,False,False,,,,False,UNAVAILABLE,False
NCAAB_H2_1_AUSTIN_TRANSFER_V1,DISCOVERY,972e7ad133034248,NCAAB_20251107_KU_UNC,KXNCAAMBGAME-25NOV07KUUNC-UNC,2,240,2025-11-08T01:09:56+00:00,PRIMARY_GRID,True,,PRE_80,HISTORICAL_RECONSTRUCT,NONE,,36,,,29,37,INSUFFICIENT_SAMPLE,NO_ENTRY_IN_FITTED_SPACE,,,,95% CI — weighted bootstrap,25,,,,,0.30434782608695654,UNAVAILABLE,NOT_APPLICABLE,20,20,VALUE,False,False,,,,False,UNAVAILABLE,False
NCAAB_H2_1_AUSTIN_TRANSFER_V1,DISCOVERY,972e7ad133034248,NCAAB_20251107_KU_UNC,KXNCAAMBGAME-25NOV07KUUNC-UNC,2,120,2025-11-08T01:09:56+00:00,PRIMARY_GRID,True,,PRE_80,HISTORICAL_RECONSTRUCT,NONE,,36,,,29,37,INSUFFICIENT_SAMPLE,NO_ENTRY_IN_FITTED_SPACE,,,,95% CI — weighted bootstrap,25,,,,,0.30434782608695654,UNAVAILABLE,NOT_APPLICABLE,20,20,VALUE,False,False,,,,False,UNAVAILABLE,False
NCAAB_H2_1_AUSTIN_TRANSFER_V1,DISCOVERY,972e7ad133034248,NCAAB_20251107_KU_UNC,KXNCAAMBGAME-25NOV07KUUNC-UNC,2,0,2025-11-08T02:05:28+00:00,PRIMARY_GRID,True,,POST_80,HISTORICAL_RECONSTRUCT,ASKED_SIX_FIRST80,83,99,16,808,87,74,OBSERVED,,20.000000000000004,20.0,20.0,95% CI — weighted bootstrap,25,25,24.896569077925946,0.7064331862721009,0.714209420321838,1.0,OBSERVED,VALUE,20,,NOT_APPLICABLE,True,True,20.000000000000004,20.000000000000004,0.0,False,UNAVAILABLE,False
NCAAB_H2_1_AUSTIN_TRANSFER_V1,DISCOVERY,972e7ad133034248,NCAAB_20251107_KU_UNC,KXNCAAMBGAME-25NOV07KUUNC-UNC,2,808,2025-11-08T01:29:00+00:00,DIAGNOSTIC_EVENT,False,,POST_80,HISTORICAL_RECONSTRUCT,ASKED_SIX_FIRST80,83,78,-5,0,54,46,OBSERVED,,13.389932478244356,4.0,20.0,95% CI — weighted bootstrap,25,25,22.82680621940363,0.9215151932847555,0.8642212290631324,0.7246376811594203,OBSERVED,VALUE,20,,NOT_APPLICABLE,True,True,20.000000000000004,13.389932478244356,-6.6100675217556475,False,UNAVAILABLE,False
NCAAB_H2_1_AUSTIN_TRANSFER_V1,DISCOVERY,37cf41dbdbe0a4cf,NCAAB_20251112_MINN_MIZZ,KXNCAAMBGAME-25NOV12MINNMIZZ-MIZZ,1,1200,2025-11-13T01:01:16+00:00,PRE_ENTRY,False,PRE_ENTRY,PRE_80,HISTORICAL_RECONSTRUCT,ASKED_SIX_FIRST80,83,75,,,0,0,,,,,,,,,,,,,,UNAVAILABLE,,,,,,,,,False,UNAVAILABLE,False
NCAAB_H2_1_AUSTIN_TRANSFER_V1,DISCOVERY,37cf41dbdbe0a4cf,NCAAB_20251112_MINN_MIZZ,KXNCAAMBGAME-25NOV12MINNMIZZ-MIZZ,1,1080,2025-11-13T01:01:16+00:00,PRE_ENTRY,False,PRE_ENTRY,PRE_80,HISTORICAL_RECONSTRUCT,ASKED_SIX_FIRST80,83,75,,,0,0,,,,,,,,,,,,,,UNAVAILABLE,,,,,,,,,False,UNAVAILABLE,False
NCAAB_H2_1_AUSTIN_TRANSFER_V1,DISCOVERY,37cf41dbdbe0a4cf,NCAAB_20251112_MINN_MIZZ,KXNCAAMBGAME-25NOV12MINNMIZZ-MIZZ,1,960,2025-11-13T01:01:16+00:00,PRE_ENTRY,False,PRE_ENTRY,PRE_80,HISTORICAL_RECONSTRUCT,ASKED_SIX_FIRST80,83,75,,,0,0,,,,,,,,,,,,,,UNAVAILABLE,,,,,,,,,False,UNAVAILABLE,False
NCAAB_H2_1_AUSTIN_TRANSFER_V1,DISCOVERY,37cf41dbdbe0a4cf,NCAAB_20251112_MINN_MIZZ,KXNCAAMBGAME-25NOV12MINNMIZZ-MIZZ,1,840,2025-11-13T01:01:16+00:00,PRE_ENTRY,False,PRE_ENTRY,PRE_80,HISTORICAL_RECONSTRUCT,ASKED_SIX_FIRST80,83,75,,,0,0,,,,,,,,,,,,,,UNAVAILABLE,,,,,,,,,False,UNAVAILABLE,False
NCAAB_H2_1_AUSTIN_TRANSFER_V1,DISCOVERY,37cf41dbdbe0a4cf,NCAAB_20251112_MINN_MIZZ,KXNCAAMBGAME-25NOV12MINNMIZZ-MIZZ,1,720,2025-11-13T01:01:16+00:00,PRE_ENTRY,False,PRE_ENTRY,PRE_80,HISTORICAL_RECONSTRUCT,ASKED_SIX_FIRST80,83,75,,,0,0,,,,,,,,,,,,,,UNAVAILABLE,,,,,,,,,False,UNAVAILABLE,False
NCAAB_H2_1_AUSTIN_TRANSFER_V1,DISCOVERY,37cf41dbdbe0a4cf,NCAAB_20251112_MINN_MIZZ,KXNCAAMBGAME-25NOV12MINNMIZZ-MIZZ,1,600,2025-11-13T01:01:16+00:00,PRE_ENTRY,False,PRE_ENTRY,PRE_80,HISTORICAL_RECONSTRUCT,ASKED_SIX_FIRST80,83,75,,,0,0,,,,,,,,,,,,,,UNAVAILABLE,,,,,,,,,False,UNAVAILABLE,False
NCAAB_H2_1_AUSTIN_TRANSFER_V1,DISCOVERY,37cf41dbdbe0a4cf,NCAAB_20251112_MINN_MIZZ,KXNCAAMBGAME-25NOV12MINNMIZZ-MIZZ,1,480,2025-11-13T01:01:16+00:00,PRE_ENTRY,False,PRE_ENTRY,PRE_80,HISTORICAL_RECONSTRUCT,ASKED_SIX_FIRST80,83,75,,,0,0,,,,,,,,,,,,,,UNAVAILABLE,,,,,,,,,False,UNAVAILABLE,False
NCAAB_H2_1_AUSTIN_TRANSFER_V1,DISCOVERY,37cf41dbdbe0a4cf,NCAAB_20251112_MINN_MIZZ,KXNCAAMBGAME-25NOV12MINNMIZZ-MIZZ,1,360,2025-11-13T01:01:16+00:00,PRE_ENTRY,False,PRE_ENTRY,PRE_80,HISTORICAL_RECONSTRUCT,ASKED_SIX_FIRST80,83,75,,,0,0,,,,,,,,,,,,,,UNAVAILABLE,,,,,,,,,False,UNAVAILABLE,False
NCAAB_H2_1_AUSTIN_TRANSFER_V1,DISCOVERY,37cf41dbdbe0a4cf,NCAAB_20251112_MINN_MIZZ,KXNCAAMBGAME-25NOV12MINNMIZZ-MIZZ,1,240,2025-11-13T01:01:16+00:00,PRE_ENTRY,False,PRE_ENTRY,PRE_80,HISTORICAL_RECONSTRUCT,ASKED_SIX_FIRST80,83,75,,,0,0,,,,,,,,,,,,,,UNAVAILABLE,,,,,,,,,False,UNAVAILABLE,False
NCAAB_H2_1_AUSTIN_TRANSFER_V1,DISCOVERY,37cf41dbdbe0a4cf,NCAAB_20251112_MINN_MIZZ,KXNCAAMBGAME-25NOV12MINNMIZZ-MIZZ,1,120,2025-11-13T01:01:16+00:00,PRE_ENTRY,False,PRE_ENTRY,PRE_80,HISTORICAL_RECONSTRUCT,ASKED_SIX_FIRST80,83,75,,,0,0,,,,,,,,,,,,,,UNAVAILABLE,,,,,,,,,False,UNAVAILABLE,False
NCAAB_H2_1_AUSTIN_TRANSFER_V1,DISCOVERY,37cf41dbdbe0a4cf,NCAAB_20251112_MINN_MIZZ,KXNCAAMBGAME-25NOV12MINNMIZZ-MIZZ,1,0,2025-11-13T01:49:16+00:00,PRE_ENTRY,False,PRE_ENTRY,PRE_80,HISTORICAL_RECONSTRUCT,ASKED_SIX_FIRST80,83,74,,,32,30,,,,,,,,,,,,,,UNAVAILABLE,,,,,,,,,False,UNAVAILABLE,False
NCAAB_H2_1_AUSTIN_TRANSFER_V1,DISCOVERY,37cf41dbdbe0a4cf,NCAAB_20251112_MINN_MIZZ,KXNCAAMBGAME-25NOV12MINNMIZZ-MIZZ,2,1200,2025-11-13T02:05:12+00:00,PRE_ENTRY,False,PRE_ENTRY,PRE_80,HISTORICAL_RECONSTRUCT,ASKED_SIX_FIRST80,83,73,,,32,30,,,,,,,,,,,,,,UNAVAILABLE,,,,,,,,,False,UNAVAILABLE,False
NCAAB_H2_1_AUSTIN_TRANSFER_V1,DISCOVERY,37cf41dbdbe0a4cf,NCAAB_20251112_MINN_MIZZ,KXNCAAMBGAME-25NOV12MINNMIZZ-MIZZ,2,1080,2025-11-13T02:04:53+00:00,PRE_ENTRY,False,PRE_ENTRY,PRE_80,HISTORICAL_RECONSTRUCT,ASKED_SIX_FIRST80,83,73,,,32,30,,,,,,,,,,,,,,UNAVAILABLE,,,,,,,,,False,UNAVAILABLE,False
NCAAB_H2_1_AUSTIN_TRANSFER_V1,DISCOVERY,37cf41dbdbe0a4cf,NCAAB_20251112_MINN_MIZZ,KXNCAAMBGAME-25NOV12MINNMIZZ-MIZZ,2,960,2025-11-13T02:04:53+00:00,PRE_ENTRY,False,PRE_ENTRY,PRE_80,HISTORICAL_RECONSTRUCT,ASKED_SIX_FIRST80,83,73,,,32,30,,,,,,,,,,,,,,UNAVAILABLE,,,,,,,,,False,UNAVAILABLE,False
NCAAB_H2_1_AUSTIN_TRANSFER_V1,DISCOVERY,37cf41dbdbe0a4cf,NCAAB_20251112_MINN_MIZZ,KXNCAAMBGAME-25NOV12MINNMIZZ-MIZZ,2,840,2025-11-13T02:04:53+00:00,PRE_ENTRY,False,PRE_ENTRY,PRE_80,HISTORICAL_RECONSTRUCT,ASKED_SIX_FIRST80,83,73,,,32,30,,,,,,,,,,,,,,UNAVAILABLE,,,,,,,,,False,UNAVAILABLE,False
NCAAB_H2_1_AUSTIN_TRANSFER_V1,DISCOVERY,37cf41dbdbe0a4cf,NCAAB_20251112_MINN_MIZZ,KXNCAAMBGAME-25NOV12MINNMIZZ-MIZZ,2,720,2025-11-13T02:04:53+00:00,PRE_ENTRY,False,PRE_ENTRY,PRE_80,HISTORICAL_RECONSTRUCT,ASKED_SIX_FIRST80,83,73,,,32,30,,,,,,,,,,,,,,UNAVAILABLE,,,,,,,,,False,UNAVAILABLE,False
NCAAB_H2_1_AUSTIN_TRANSFER_V1,DISCOVERY,37cf41dbdbe0a4cf,NCAAB_20251112_MINN_MIZZ,KXNCAAMBGAME-25NOV12MINNMIZZ-MIZZ,2,600,2025-11-13T02:04:53+00:00,PRIMARY_GRID,True,,PRE_80,HISTORICAL_RECONSTRUCT,NONE,,73,,,32,30,INSUFFICIENT_SAMPLE,NO_ENTRY_IN_FITTED_SPACE,,,,95% CI — weighted bootstrap,25,,,,,0.30434782608695654,UNAVAILABLE,NOT_APPLICABLE,20,20,VALUE,False,False,,,,False,UNAVAILABLE,False
NCAAB_H2_1_AUSTIN_TRANSFER_V1,DISCOVERY,37cf41dbdbe0a4cf,NCAAB_20251112_MINN_MIZZ,KXNCAAMBGAME-25NOV12MINNMIZZ-MIZZ,2,480,2025-11-13T02:35:53+00:00,PRIMARY_GRID,True,,POST_80,HISTORICAL_RECONSTRUCT,ASKED_SIX_FIRST80,83,96,13,207,63,47,OBSERVED,,0.4236944707530361,-16.0,16.0,95% CI — weighted bootstrap,25,25,24.54607299873832,0.6961327832702255,0.6818440282683568,0.9710144927536232,OBSERVED,VALUE,20,,NOT_APPLICABLE,True,True,0.4236944707530361,0.4236944707530361,0.0,False,UNAVAILABLE,False
NCAAB_H2_1_AUSTIN_TRANSFER_V1,DISCOVERY,37cf41dbdbe0a4cf,NCAAB_20251112_MINN_MIZZ,KXNCAAMBGAME-25NOV12MINNMIZZ-MIZZ,2,360,2025-11-13T02:43:20+00:00,PRIMARY_GRID,True,,POST_80,HISTORICAL_RECONSTRUCT,ASKED_SIX_FIRST80,83,84,1,327,67,48,OBSERVED,,-7.071908512621661,-24.09999999999991,8.0,95% CI — weighted bootstrap,25,25,21.830283622849485,0.4760916669953716,0.4729175001267909,0.9855072463768116,OBSERVED,VALUE,20,,NOT_APPLICABLE,True,True,0.4236944707530361,-7.071908512621661,-7.495602983374697,False,UNAVAILABLE,False
NCAAB_H2_1_AUSTIN_TRANSFER_V1,DISCOVERY,37cf41dbdbe0a4cf,NCAAB_20251112_MINN_MIZZ,KXNCAAMBGAME-25NOV12MINNMIZZ-MIZZ,2,240,2025-11-13T02:04:53+00:00,PRIMARY_GRID,True,,PRE_80,HISTORICAL_RECONSTRUCT,NONE,,73,,,32,30,INSUFFICIENT_SAMPLE,NO_ENTRY_IN_FITTED_SPACE,,,,95% CI — weighted bootstrap,25,,,,,0.30434782608695654,UNAVAILABLE,NOT_APPLICABLE,20,20,VALUE,False,False,0.4236944707530361,,,False,UNAVAILABLE,False
NCAAB_H2_1_AUSTIN_TRANSFER_V1,DISCOVERY,37cf41dbdbe0a4cf,NCAAB_20251112_MINN_MIZZ,KXNCAAMBGAME-25NOV12MINNMIZZ-MIZZ,2,120,2025-11-13T02:04:53+00:00,PRIMARY_GRID,True,,PRE_80,HISTORICAL_RECONSTRUCT,NONE,,73,,,32,30,INSUFFICIENT_SAMPLE,NO_ENTRY_IN_FITTED_SPACE,,,,95% CI — weighted bootstrap,25,,,,,0.30434782608695654,UNAVAILABLE,NOT_APPLICABLE,20,20,VALUE,False,False,0.4236944707530361,,,False,UNAVAILABLE,False
NCAAB_H2_1_AUSTIN_TRANSFER_V1,DISCOVERY,37cf41dbdbe0a4cf,NCAAB_20251112_MINN_MIZZ,KXNCAAMBGAME-25NOV12MINNMIZZ-MIZZ,2,0,2025-11-13T03:02:33+00:00,AFTER_SETTLEMENT,False,AFTER_SETTLEMENT,,HISTORICAL_RECONSTRUCT,ASKED_SIX_FIRST80,83,99,,,83,60,,,,,,,,,,,,,,UNAVAILABLE,,,,,,0.4236944707530361,,,False,UNAVAILABLE,False
NCAAB_H2_1_AUSTIN_TRANSFER_V1,DISCOVERY,37cf41dbdbe0a4cf,NCAAB_20251112_MINN_MIZZ,KXNCAAMBGAME-25NOV12MINNMIZZ-MIZZ,2,687,2025-11-13T02:24:00+00:00,DIAGNOSTIC_EVENT,False,,POST_80,HISTORICAL_RECONSTRUCT,ASKED_SIX_FIRST80,83,74,-9,0,51,47,OBSERVED,,-14.800667809279291,-36.0,4.0,95% CI — weighted bootstrap,25,25,23.915263848071838,1.0440236159318417,0.9837910666485614,0.7246376811594203,OBSERVED,VALUE,20,,NOT_APPLICABLE,True,True,0.4236944707530361,-14.800667809279291,-15.224362280032327,False,UNAVAILABLE,False
NCAAB_H2_1_AUSTIN_TRANSFER_V1,DISCOVERY,2078dbc38a4cf10a,NCAAB_20251120_PITT_UCF,KXNCAAMBGAME-25NOV20PITTUCF-UCF,1,1200,2025-11-21T00:02:47+00:00,PRE_ENTRY,False,PRE_ENTRY,PRE_80,HISTORICAL_RECONSTRUCT,ASKED_SIX_FIRST80,85,47,,,0,0,,,,,,,,,,,,,,UNAVAILABLE,,,,,,,,,False,UNAVAILABLE,False
NCAAB_H2_1_AUSTIN_TRANSFER_V1,DISCOVERY,2078dbc38a4cf10a,NCAAB_20251120_PITT_UCF,KXNCAAMBGAME-25NOV20PITTUCF-UCF,1,1080,2025-11-21T00:02:47+00:00,PRE_ENTRY,False,PRE_ENTRY,PRE_80,HISTORICAL_RECONSTRUCT,ASKED_SIX_FIRST80,85,47,,,0,0,,,,,,,,,,,,,,UNAVAILABLE,,,,,,,,,False,UNAVAILABLE,False
NCAAB_H2_1_AUSTIN_TRANSFER_V1,DISCOVERY,2078dbc38a4cf10a,NCAAB_20251120_PITT_UCF,KXNCAAMBGAME-25NOV20PITTUCF-UCF,1,960,2025-11-21T00:02:47+00:00,PRE_ENTRY,False,PRE_ENTRY,PRE_80,HISTORICAL_RECONSTRUCT,ASKED_SIX_FIRST80,85,47,,,0,0,,,,,,,,,,,,,,UNAVAILABLE,,,,,,,,,False,UNAVAILABLE,False
NCAAB_H2_1_AUSTIN_TRANSFER_V1,DISCOVERY,2078dbc38a4cf10a,NCAAB_20251120_PITT_UCF,KXNCAAMBGAME-25NOV20PITTUCF-UCF,1,840,2025-11-21T00:02:47+00:00,PRE_ENTRY,False,PRE_ENTRY,PRE_80,HISTORICAL_RECONSTRUCT,ASKED_SIX_FIRST80,85,47,,,0,0,,,,,,,,,,,,,,UNAVAILABLE,,,,,,,,,False,UNAVAILABLE,False
NCAAB_H2_1_AUSTIN_TRANSFER_V1,DISCOVERY,2078dbc38a4cf10a,NCAAB_20251120_PITT_UCF,KXNCAAMBGAME-25NOV20PITTUCF-UCF,1,720,2025-11-21T00:02:47+00:00,PRE_ENTRY,False,PRE_ENTRY,PRE_80,HISTORICAL_RECONSTRUCT,ASKED_SIX_FIRST80,85,47,,,0,0,,,,,,,,,,,,,,UNAVAILABLE,,,,,,,,,False,UNAVAILABLE,False
NCAAB_H2_1_AUSTIN_TRANSFER_V1,DISCOVERY,2078dbc38a4cf10a,NCAAB_20251120_PITT_UCF,KXNCAAMBGAME-25NOV20PITTUCF-UCF,1,600,2025-11-21T00:02:47+00:00,PRE_ENTRY,False,PRE_ENTRY,PRE_80,HISTORICAL_RECONSTRUCT,ASKED_SIX_FIRST80,85,47,,,0,0,,,,,,,,,,,,,,UNAVAILABLE,,,,,,,,,False,UNAVAILABLE,False
NCAAB_H2_1_AUSTIN_TRANSFER_V1,DISCOVERY,2078dbc38a4cf10a,NCAAB_20251120_PITT_UCF,KXNCAAMBGAME-25NOV20PITTUCF-UCF,1,480,2025-11-21T00:02:47+00:00,PRE_ENTRY,False,PRE_ENTRY,PRE_80,HISTORICAL_RECONSTRUCT,ASKED_SIX_FIRST80,85,47,,,0,0,,,,,,,,,,,,,,UNAVAILABLE,,,,,,,,,False,UNAVAILABLE,False
NCAAB_H2_1_AUSTIN_TRANSFER_V1,DISCOVERY,2078dbc38a4cf10a,NCAAB_20251120_PITT_UCF,KXNCAAMBGAME-25NOV20PITTUCF-UCF,1,360,2025-11-21T00:30:08+00:00,PRE_ENTRY,False,PRE_ENTRY,PRE_80,HISTORICAL_RECONSTRUCT,ASKED_SIX_FIRST80,85,59,,,27,26,,,,,,,,,,,,,,UNAVAILABLE,,,,,,,,,False,UNAVAILABLE,False
NCAAB_H2_1_AUSTIN_TRANSFER_V1,DISCOVERY,2078dbc38a4cf10a,NCAAB_20251120_PITT_UCF,KXNCAAMBGAME-25NOV20PITTUCF-UCF,1,240,2025-11-21T00:02:47+00:00,PRE_ENTRY,False,PRE_ENTRY,PRE_80,HISTORICAL_RECONSTRUCT,ASKED_SIX_FIRST80,85,47,,,0,0,,,,,,,,,,,,,,UNAVAILABLE,,,,,,,,,False,UNAVAILABLE,False
NCAAB_H2_1_AUSTIN_TRANSFER_V1,DISCOVERY,2078dbc38a4cf10a,NCAAB_20251120_PITT_UCF,KXNCAAMBGAME-25NOV20PITTUCF-UCF,1,120,2025-11-21T00:02:47+00:00,PRE_ENTRY,False,PRE_ENTRY,PRE_80,HISTORICAL_RECONSTRUCT,ASKED_SIX_FIRST80,85,47,,,0,0,,,,,,,,,,,,,,UNAVAILABLE,,,,,,,,,False,UNAVAILABLE,False
NCAAB_H2_1_AUSTIN_TRANSFER_V1,DISCOVERY,2078dbc38a4cf10a,NCAAB_20251120_PITT_UCF,KXNCAAMBGAME-25NOV20PITTUCF-UCF,1,0,2025-11-21T00:51:02+00:00,PRE_ENTRY,False,PRE_ENTRY,PRE_80,HISTORICAL_RECONSTRUCT,ASKED_SIX_FIRST80,85,46,,,38,36,,,,,,,,,,,,,,UNAVAILABLE,,,,,,,,,False,UNAVAILABLE,False
NCAAB_H2_1_AUSTIN_TRANSFER_V1,DISCOVERY,2078dbc38a4cf10a,NCAAB_20251120_PITT_UCF,KXNCAAMBGAME-25NOV20PITTUCF-UCF,2,1200,2025-11-21T01:07:22+00:00,PRE_ENTRY,False,PRE_ENTRY,PRE_80,HISTORICAL_RECONSTRUCT,ASKED_SIX_FIRST80,85,53,,,38,36,,,,,,,,,,,,,,UNAVAILABLE,,,,,,,,,False,UNAVAILABLE,False
NCAAB_H2_1_AUSTIN_TRANSFER_V1,DISCOVERY,2078dbc38a4cf10a,NCAAB_20251120_PITT_UCF,KXNCAAMBGAME-25NOV20PITTUCF-UCF,2,1080,2025-11-21T01:07:22+00:00,PRE_ENTRY,False,PRE_ENTRY,PRE_80,HISTORICAL_RECONSTRUCT,ASKED_SIX_FIRST80,85,53,,,38,36,,,,,,,,,,,,,,UNAVAILABLE,,,,,,,,,False,UNAVAILABLE,False
NCAAB_H2_1_AUSTIN_TRANSFER_V1,DISCOVERY,2078dbc38a4cf10a,NCAAB_20251120_PITT_UCF,KXNCAAMBGAME-25NOV20PITTUCF-UCF,2,960,2025-11-21T01:07:22+00:00,PRE_ENTRY,False,PRE_ENTRY,PRE_80,HISTORICAL_RECONSTRUCT,ASKED_SIX_FIRST80,85,53,,,38,36,,,,,,,,,,,,,,UNAVAILABLE,,,,,,,,,False,UNAVAILABLE,False
NCAAB_H2_1_AUSTIN_TRANSFER_V1,DISCOVERY,2078dbc38a4cf10a,NCAAB_20251120_PITT_UCF,KXNCAAMBGAME-25NOV20PITTUCF-UCF,2,840,2025-11-21T01:07:22+00:00,PRIMARY_GRID,True,,PRE_80,HISTORICAL_RECONSTRUCT,NONE,,53,,,38,36,INSUFFICIENT_SAMPLE,NO_ENTRY_IN_FITTED_SPACE,,,,95% CI — weighted bootstrap,25,,,,,0.30434782608695654,UNAVAILABLE,NOT_APPLICABLE,20,20,VALUE,False,False,,,,False,UNAVAILABLE,False
NCAAB_H2_1_AUSTIN_TRANSFER_V1,DISCOVERY,2078dbc38a4cf10a,NCAAB_20251120_PITT_UCF,KXNCAAMBGAME-25NOV20PITTUCF-UCF,2,720,2025-11-21T01:26:54+00:00,PRIMARY_GRID,True,,POST_80,HISTORICAL_RECONSTRUCT,ASKED_SIX_FIRST80,85,86,1,178,53,42,OBSERVED,,20.000000000000004,20.0,20.0,95% CI — weighted bootstrap,25,25,24.24829890159867,1.0021111301726329,0.9809886570332058,0.9565217391304348,OBSERVED,VALUE,20,,NOT_APPLICABLE,True,True,20.000000000000004,20.000000000000004,0.0,False,UNAVAILABLE,False
NCAAB_H2_1_AUSTIN_TRANSFER_V1,DISCOVERY,2078dbc38a4cf10a,NCAAB_20251120_PITT_UCF,KXNCAAMBGAME-25NOV20PITTUCF-UCF,2,600,2025-11-21T01:07:22+00:00,PRIMARY_GRID,True,,PRE_80,HISTORICAL_RECONSTRUCT,NONE,,53,,,38,36,INSUFFICIENT_SAMPLE,NO_ENTRY_IN_FITTED_SPACE,,,,95% CI — weighted bootstrap,25,,,,,0.30434782608695654,UNAVAILABLE,NOT_APPLICABLE,20,20,VALUE,False,False,20.000000000000004,,,False,UNAVAILABLE,False
NCAAB_H2_1_AUSTIN_TRANSFER_V1,DISCOVERY,2078dbc38a4cf10a,NCAAB_20251120_PITT_UCF,KXNCAAMBGAME-25NOV20PITTUCF-UCF,2,480,2025-11-21T01:07:22+00:00,PRIMARY_GRID,True,,PRE_80,HISTORICAL_RECONSTRUCT,NONE,,53,,,38,36,INSUFFICIENT_SAMPLE,NO_ENTRY_IN_FITTED_SPACE,,,,95% CI — weighted bootstrap,25,,,,,0.30434782608695654,UNAVAILABLE,NOT_APPLICABLE,20,20,VALUE,False,False,20.000000000000004,,,False,UNAVAILABLE,False
NCAAB_H2_1_AUSTIN_TRANSFER_V1,DISCOVERY,2078dbc38a4cf10a,NCAAB_20251120_PITT_UCF,KXNCAAMBGAME-25NOV20PITTUCF-UCF,2,360,2025-11-21T01:07:22+00:00,PRIMARY_GRID,True,,PRE_80,HISTORICAL_RECONSTRUCT,NONE,,53,,,38,36,INSUFFICIENT_SAMPLE,NO_ENTRY_IN_FITTED_SPACE,,,,95% CI — weighted bootstrap,25,,,,,0.30434782608695654,UNAVAILABLE,NOT_APPLICABLE,20,20,VALUE,False,False,20.000000000000004,,,False,UNAVAILABLE,False
NCAAB_H2_1_AUSTIN_TRANSFER_V1,DISCOVERY,2078dbc38a4cf10a,NCAAB_20251120_PITT_UCF,KXNCAAMBGAME-25NOV20PITTUCF-UCF,2,240,2025-11-21T01:07:22+00:00,PRIMARY_GRID,True,,PRE_80,HISTORICAL_RECONSTRUCT,NONE,,53,,,38,36,INSUFFICIENT_SAMPLE,NO_ENTRY_IN_FITTED_SPACE,,,,95% CI — weighted bootstrap,25,,,,,0.30434782608695654,UNAVAILABLE,NOT_APPLICABLE,20,20,VALUE,False,False,20.000000000000004,,,False,UNAVAILABLE,False
NCAAB_H2_1_AUSTIN_TRANSFER_V1,DISCOVERY,2078dbc38a4cf10a,NCAAB_20251120_PITT_UCF,KXNCAAMBGAME-25NOV20PITTUCF-UCF,2,120,2025-11-21T01:07:22+00:00,PRIMARY_GRID,True,,PRE_80,HISTORICAL_RECONSTRUCT,NONE,,53,,,38,36,INSUFFICIENT_SAMPLE,NO_ENTRY_IN_FITTED_SPACE,,,,95% CI — weighted bootstrap,25,,,,,0.30434782608695654,UNAVAILABLE,NOT_APPLICABLE,20,20,VALUE,False,False,20.000000000000004,,,False,UNAVAILABLE,False
NCAAB_H2_1_AUSTIN_TRANSFER_V1,DISCOVERY,2078dbc38a4cf10a,NCAAB_20251120_PITT_UCF,KXNCAAMBGAME-25NOV20PITTUCF-UCF,2,0,2025-11-21T02:03:12+00:00,PRIMARY_GRID,True,,POST_80,HISTORICAL_RECONSTRUCT,ASKED_SIX_FIRST80,85,99,14,898,77,67,OBSERVED,,20.0,20.0,20.0,95% CI — weighted bootstrap,25,25,24.546508208663393,0.895230738624062,0.8814666801285902,1.0,OBSERVED,VALUE,20,,NOT_APPLICABLE,True,True,20.000000000000004,20.0,-3.552713678800501e-15,False,UNAVAILABLE,False
NCAAB_H2_1_AUSTIN_TRANSFER_V1,DISCOVERY,2078dbc38a4cf10a,NCAAB_20251120_PITT_UCF,KXNCAAMBGAME-25NOV20PITTUCF-UCF,2,898,2025-11-21T01:20:00+00:00,DIAGNOSTIC_EVENT,False,,POST_80,HISTORICAL_RECONSTRUCT,ASKED_SIX_FIRST80,85,79,-6,0,48,37,OBSERVED,,11.259424269464285,0.0,20.0,95% CI — weighted bootstrap,25,25,24.78965865382909,1.4895626050532236,1.4681890099762045,0.7246376811594203,OBSERVED,VALUE,20,,NOT_APPLICABLE,True,True,20.000000000000004,11.259424269464285,-8.740575730535719,False,UNAVAILABLE,False
NCAAB_H2_1_AUSTIN_TRANSFER_V1,DISCOVERY,99f408a1b4cc3808,NCAAB_20251120_MSST_KSU,KXNCAAMBGAME-25NOV20MSSTKSU-KSU,1,1200,2025-11-21T02:38:07+00:00,PRE_ENTRY,False,PRE_ENTRY,PRE_80,HISTORICAL_RECONSTRUCT,ASKED_SIX_FIRST80,82,41,,,0,0,,,,,,,,,,,,,,UNAVAILABLE,,,,,,,,,False,UNAVAILABLE,False
NCAAB_H2_1_AUSTIN_TRANSFER_V1,DISCOVERY,99f408a1b4cc3808,NCAAB_20251120_MSST_KSU,KXNCAAMBGAME-25NOV20MSSTKSU-KSU,1,1080,2025-11-21T02:40:56+00:00,PRE_ENTRY,False,PRE_ENTRY,PRE_80,HISTORICAL_RECONSTRUCT,ASKED_SIX_FIRST80,82,46,,,2,0,,,,,,,,,,,,,,UNAVAILABLE,,,,,,,,,False,UNAVAILABLE,False
NCAAB_H2_1_AUSTIN_TRANSFER_V1,DISCOVERY,99f408a1b4cc3808,NCAAB_20251120_MSST_KSU,KXNCAAMBGAME-25NOV20MSSTKSU-KSU,1,960,2025-11-21T02:38:07+00:00,PRE_ENTRY,False,PRE_ENTRY,PRE_80,HISTORICAL_RECONSTRUCT,ASKED_SIX_FIRST80,82,41,,,0,0,,,,,,,,,,,,,,UNAVAILABLE,,,,,,,,,False,UNAVAILABLE,False
NCAAB_H2_1_AUSTIN_TRANSFER_V1,DISCOVERY,99f408a1b4cc3808,NCAAB_20251120_MSST_KSU,KXNCAAMBGAME-25NOV20MSSTKSU-KSU,1,840,2025-11-21T02:49:47+00:00,PRE_ENTRY,False,PRE_ENTRY,PRE_80,HISTORICAL_RECONSTRUCT,ASKED_SIX_FIRST80,82,38,,,7,9,,,,,,,,,,,,,,UNAVAILABLE,,,,,,,,,False,UNAVAILABLE,False
NCAAB_H2_1_AUSTIN_TRANSFER_V1,DISCOVERY,99f408a1b4cc3808,NCAAB_20251120_MSST_KSU,KXNCAAMBGAME-25NOV20MSSTKSU-KSU,1,720,2025-11-21T02:38:07+00:00,PRE_ENTRY,False,PRE_ENTRY,PRE_80,HISTORICAL_RECONSTRUCT,ASKED_SIX_FIRST80,82,41,,,0,0,,,,,,,,,,,,,,UNAVAILABLE,,,,,,,,,False,UNAVAILABLE,False
NCAAB_H2_1_AUSTIN_TRANSFER_V1,DISCOVERY,99f408a1b4cc3808,NCAAB_20251120_MSST_KSU,KXNCAAMBGAME-25NOV20MSSTKSU-KSU,1,600,2025-11-21T02:38:07+00:00,PRE_ENTRY,False,PRE_ENTRY,PRE_80,HISTORICAL_RECONSTRUCT,ASKED_SIX_FIRST80,82,41,,,0,0,,,,,,,,,,,,,,UNAVAILABLE,,,,,,,,,False,UNAVAILABLE,False
NCAAB_H2_1_AUSTIN_TRANSFER_V1,DISCOVERY,99f408a1b4cc3808,NCAAB_20251120_MSST_KSU,KXNCAAMBGAME-25NOV20MSSTKSU-KSU,1,480,2025-11-21T02:38:07+00:00,PRE_ENTRY,False,PRE_ENTRY,PRE_80,HISTORICAL_RECONSTRUCT,ASKED_SIX_FIRST80,82,41,,,0,0,,,,,,,,,,,,,,UNAVAILABLE,,,,,,,,,False,UNAVAILABLE,False
NCAAB_H2_1_AUSTIN_TRANSFER_V1,DISCOVERY,99f408a1b4cc3808,NCAAB_20251120_MSST_KSU,KXNCAAMBGAME-25NOV20MSSTKSU-KSU,1,360,2025-11-21T02:38:07+00:00,PRE_ENTRY,False,PRE_ENTRY,PRE_80,HISTORICAL_RECONSTRUCT,ASKED_SIX_FIRST80,82,41,,,0,0,,,,,,,,,,,,,,UNAVAILABLE,,,,,,,,,False,UNAVAILABLE,False
NCAAB_H2_1_AUSTIN_TRANSFER_V1,DISCOVERY,99f408a1b4cc3808,NCAAB_20251120_MSST_KSU,KXNCAAMBGAME-25NOV20MSSTKSU-KSU,1,240,2025-11-21T02:38:07+00:00,PRE_ENTRY,False,PRE_ENTRY,PRE_80,HISTORICAL_RECONSTRUCT,ASKED_SIX_FIRST80,82,41,,,0,0,,,,,,,,,,,,,,UNAVAILABLE,,,,,,,,,False,UNAVAILABLE,False
NCAAB_H2_1_AUSTIN_TRANSFER_V1,DISCOVERY,99f408a1b4cc3808,NCAAB_20251120_MSST_KSU,KXNCAAMBGAME-25NOV20MSSTKSU-KSU,1,120,2025-11-21T02:38:07+00:00,PRE_ENTRY,False,PRE_ENTRY,PRE_80,HISTORICAL_RECONSTRUCT,ASKED_SIX_FIRST80,82,41,,,0,0,,,,,,,,,,,,,,UNAVAILABLE,,,,,,,,,False,UNAVAILABLE,False
NCAAB_H2_1_AUSTIN_TRANSFER_V1,DISCOVERY,99f408a1b4cc3808,NCAAB_20251120_MSST_KSU,KXNCAAMBGAME-25NOV20MSSTKSU-KSU,1,0,2025-11-21T03:26:32+00:00,PRE_ENTRY,False,PRE_ENTRY,PRE_80,HISTORICAL_RECONSTRUCT,ASKED_SIX_FIRST80,82,59,,,44,36,,,,,,,,,,,,,,UNAVAILABLE,,,,,,,,,False,UNAVAILABLE,False
NCAAB_H2_1_AUSTIN_TRANSFER_V1,DISCOVERY,99f408a1b4cc3808,NCAAB_20251120_MSST_KSU,KXNCAAMBGAME-25NOV20MSSTKSU-KSU,2,1200,2025-11-21T03:31:52+00:00,PRE_ENTRY,False,PRE_ENTRY,PRE_80,HISTORICAL_RECONSTRUCT,ASKED_SIX_FIRST80,82,70,,,44,36,,,,,,,,,,,,,,UNAVAILABLE,,,,,,,,,False,UNAVAILABLE,False
NCAAB_H2_1_AUSTIN_TRANSFER_V1,DISCOVERY,99f408a1b4cc3808,NCAAB_20251120_MSST_KSU,KXNCAAMBGAME-25NOV20MSSTKSU-KSU,2,1080,2025-11-21T03:31:52+00:00,PRE_ENTRY,False,PRE_ENTRY,PRE_80,HISTORICAL_RECONSTRUCT,ASKED_SIX_FIRST80,82,70,,,44,36,,,,,,,,,,,,,,UNAVAILABLE,,,,,,,,,False,UNAVAILABLE,False
NCAAB_H2_1_AUSTIN_TRANSFER_V1,DISCOVERY,99f408a1b4cc3808,NCAAB_20251120_MSST_KSU,KXNCAAMBGAME-25NOV20MSSTKSU-KSU,2,960,2025-11-21T03:31:52+00:00,PRE_ENTRY,False,PRE_ENTRY,PRE_80,HISTORICAL_RECONSTRUCT,ASKED_SIX_FIRST80,82,70,,,44,36,,,,,,,,,,,,,,UNAVAILABLE,,,,,,,,,False,UNAVAILABLE,False
NCAAB_H2_1_AUSTIN_TRANSFER_V1,DISCOVERY,99f408a1b4cc3808,NCAAB_20251120_MSST_KSU,KXNCAAMBGAME-25NOV20MSSTKSU-KSU,2,840,2025-11-21T03:31:52+00:00,PRIMARY_GRID,True,,PRE_80,HISTORICAL_RECONSTRUCT,NONE,,70,,,44,36,INSUFFICIENT_SAMPLE,NO_ENTRY_IN_FITTED_SPACE,,,,95% CI — weighted bootstrap,25,,,,,0.30434782608695654,UNAVAILABLE,NOT_APPLICABLE,20,20,VALUE,False,False,,,,False,UNAVAILABLE,False
NCAAB_H2_1_AUSTIN_TRANSFER_V1,DISCOVERY,99f408a1b4cc3808,NCAAB_20251120_MSST_KSU,KXNCAAMBGAME-25NOV20MSSTKSU-KSU,2,720,2025-11-21T03:31:52+00:00,PRIMARY_GRID,True,,PRE_80,HISTORICAL_RECONSTRUCT,NONE,,70,,,44,36,INSUFFICIENT_SAMPLE,NO_ENTRY_IN_FITTED_SPACE,,,,95% CI — weighted bootstrap,25,,,,,0.30434782608695654,UNAVAILABLE,NOT_APPLICABLE,20,20,VALUE,False,False,,,,False,UNAVAILABLE,False
NCAAB_H2_1_AUSTIN_TRANSFER_V1,DISCOVERY,99f408a1b4cc3808,NCAAB_20251120_MSST_KSU,KXNCAAMBGAME-25NOV20MSSTKSU-KSU,2,600,2025-11-21T03:31:52+00:00,PRIMARY_GRID,True,,PRE_80,HISTORICAL_RECONSTRUCT,NONE,,70,,,44,36,INSUFFICIENT_SAMPLE,NO_ENTRY_IN_FITTED_SPACE,,,,95% CI — weighted bootstrap,25,,,,,0.30434782608695654,UNAVAILABLE,NOT_APPLICABLE,20,20,VALUE,False,False,,,,False,UNAVAILABLE,False
NCAAB_H2_1_AUSTIN_TRANSFER_V1,DISCOVERY,99f408a1b4cc3808,NCAAB_20251120_MSST_KSU,KXNCAAMBGAME-25NOV20MSSTKSU-KSU,2,480,2025-11-21T03:31:52+00:00,PRIMARY_GRID,True,,PRE_80,HISTORICAL_RECONSTRUCT,NONE,,70,,,44,36,INSUFFICIENT_SAMPLE,NO_ENTRY_IN_FITTED_SPACE,,,,95% CI — weighted bootstrap,25,,,,,0.30434782608695654,UNAVAILABLE,NOT_APPLICABLE,20,20,VALUE,False,False,,,,False,UNAVAILABLE,False
NCAAB_H2_1_AUSTIN_TRANSFER_V1,DISCOVERY,99f408a1b4cc3808,NCAAB_20251120_MSST_KSU,KXNCAAMBGAME-25NOV20MSSTKSU-KSU,2,360,2025-11-21T03:31:52+00:00,PRIMARY_GRID,True,,PRE_80,HISTORICAL_RECONSTRUCT,NONE,,70,,,44,36,INSUFFICIENT_SAMPLE,NO_ENTRY_IN_FITTED_SPACE,,,,95% CI — weighted bootstrap,25,,,,,0.30434782608695654,UNAVAILABLE,NOT_APPLICABLE,20,20,VALUE,False,False,,,,False,UNAVAILABLE,False
NCAAB_H2_1_AUSTIN_TRANSFER_V1,DISCOVERY,99f408a1b4cc3808,NCAAB_20251120_MSST_KSU,KXNCAAMBGAME-25NOV20MSSTKSU-KSU,2,240,2025-11-21T03:31:52+00:00,PRIMARY_GRID,True,,PRE_80,HISTORICAL_RECONSTRUCT,NONE,,70,,,44,36,INSUFFICIENT_SAMPLE,NO_ENTRY_IN_FITTED_SPACE,,,,95% CI — weighted bootstrap,25,,,,,0.30434782608695654,UNAVAILABLE,NOT_APPLICABLE,20,20,VALUE,False,False,,,,False,UNAVAILABLE,False
NCAAB_H2_1_AUSTIN_TRANSFER_V1,DISCOVERY,99f408a1b4cc3808,NCAAB_20251120_MSST_KSU,KXNCAAMBGAME-25NOV20MSSTKSU-KSU,2,120,2025-11-21T03:31:52+00:00,PRIMARY_GRID,True,,PRE_80,HISTORICAL_RECONSTRUCT,NONE,,70,,,44,36,INSUFFICIENT_SAMPLE,NO_ENTRY_IN_FITTED_SPACE,,,,95% CI — weighted bootstrap,25,,,,,0.30434782608695654,UNAVAILABLE,NOT_APPLICABLE,20,20,VALUE,False,False,,,,False,UNAVAILABLE,False
NCAAB_H2_1_AUSTIN_TRANSFER_V1,DISCOVERY,99f408a1b4cc3808,NCAAB_20251120_MSST_KSU,KXNCAAMBGAME-25NOV20MSSTKSU-KSU,2,0,2025-11-21T04:38:30+00:00,PRIMARY_GRID,True,,POST_80,HISTORICAL_RECONSTRUCT,ASKED_SIX_FIRST80,82,99,17,948,98,77,OBSERVED,,20.000000000000004,20.0,20.0,95% CI — weighted bootstrap,25,25,24.709057658620274,0.5214490450181963,0.518050390571185,1.0,OBSERVED,VALUE,20,,NOT_APPLICABLE,True,True,20.000000000000004,20.000000000000004,0.0,False,UNAVAILABLE,False
NCAAB_H2_1_AUSTIN_TRANSFER_V1,DISCOVERY,99f408a1b4cc3808,NCAAB_20251120_MSST_KSU,KXNCAAMBGAME-25NOV20MSSTKSU-KSU,2,948,2025-11-21T03:53:00+00:00,DIAGNOSTIC_EVENT,False,,POST_80,HISTORICAL_RECONSTRUCT,ASKED_SIX_FIRST80,82,69,-13,0,52,41,OBSERVED,,1.1336634084971933,-16.0,16.0,95% CI — weighted bootstrap,25,25,24.90085682108287,1.2792999879368876,1.2684962432418163,0.7246376811594203,OBSERVED,VALUE,20,,NOT_APPLICABLE,True,True,20.000000000000004,1.1336634084971933,-18.86633659150281,False,UNAVAILABLE,False
NCAAB_H2_1_AUSTIN_TRANSFER_V1,DISCOVERY,6bc2f0f82dfeb942,NCAAB_20251121_WVU_CLEM,KXNCAAMBGAME-25NOV21WVUCLEM-WVU,1,1200,2025-11-21T23:32:09+00:00,PRE_ENTRY,False,PRE_ENTRY,PRE_80,HISTORICAL_RECONSTRUCT,ASKED_SIX_FIRST80,81,37,,,0,0,,,,,,,,,,,,,,UNAVAILABLE,,,,,,,,,False,UNAVAILABLE,False
NCAAB_H2_1_AUSTIN_TRANSFER_V1,DISCOVERY,6bc2f0f82dfeb942,NCAAB_20251121_WVU_CLEM,KXNCAAMBGAME-25NOV21WVUCLEM-WVU,1,1080,2025-11-21T23:32:09+00:00,PRE_ENTRY,False,PRE_ENTRY,PRE_80,HISTORICAL_RECONSTRUCT,ASKED_SIX_FIRST80,81,37,,,0,0,,,,,,,,,,,,,,UNAVAILABLE,,,,,,,,,False,UNAVAILABLE,False
NCAAB_H2_1_AUSTIN_TRANSFER_V1,DISCOVERY,6bc2f0f82dfeb942,NCAAB_20251121_WVU_CLEM,KXNCAAMBGAME-25NOV21WVUCLEM-WVU,1,960,2025-11-21T23:38:12+00:00,PRE_ENTRY,False,PRE_ENTRY,PRE_80,HISTORICAL_RECONSTRUCT,ASKED_SIX_FIRST80,81,39,,,5,5,,,,,,,,,,,,,,UNAVAILABLE,,,,,,,,,False,UNAVAILABLE,False
NCAAB_H2_1_AUSTIN_TRANSFER_V1,DISCOVERY,6bc2f0f82dfeb942,NCAAB_20251121_WVU_CLEM,KXNCAAMBGAME-25NOV21WVUCLEM-WVU,1,840,2025-11-21T23:32:09+00:00,PRE_ENTRY,False,PRE_ENTRY,PRE_80,HISTORICAL_RECONSTRUCT,ASKED_SIX_FIRST80,81,37,,,0,0,,,,,,,,,,,,,,UNAVAILABLE,,,,,,,,,False,UNAVAILABLE,False
NCAAB_H2_1_AUSTIN_TRANSFER_V1,DISCOVERY,6bc2f0f82dfeb942,NCAAB_20251121_WVU_CLEM,KXNCAAMBGAME-25NOV21WVUCLEM-WVU,1,720,2025-11-21T23:32:09+00:00,PRE_ENTRY,False,PRE_ENTRY,PRE_80,HISTORICAL_RECONSTRUCT,ASKED_SIX_FIRST80,81,37,,,0,0,,,,,,,,,,,,,,UNAVAILABLE,,,,,,,,,False,UNAVAILABLE,False
NCAAB_H2_1_AUSTIN_TRANSFER_V1,DISCOVERY,6bc2f0f82dfeb942,NCAAB_20251121_WVU_CLEM,KXNCAAMBGAME-25NOV21WVUCLEM-WVU,1,600,2025-11-21T23:32:09+00:00,PRE_ENTRY,False,PRE_ENTRY,PRE_80,HISTORICAL_RECONSTRUCT,ASKED_SIX_FIRST80,81,37,,,0,0,,,,,,,,,,,,,,UNAVAILABLE,,,,,,,,,False,UNAVAILABLE,False
NCAAB_H2_1_AUSTIN_TRANSFER_V1,DISCOVERY,6bc2f0f82dfeb942,NCAAB_20251121_WVU_CLEM,KXNCAAMBGAME-25NOV21WVUCLEM-WVU,1,480,2025-11-21T23:32:09+00:00,PRE_ENTRY,False,PRE_ENTRY,PRE_80,HISTORICAL_RECONSTRUCT,ASKED_SIX_FIRST80,81,37,,,0,0,,,,,,,,,,,,,,UNAVAILABLE,,,,,,,,,False,UNAVAILABLE,False
NCAAB_H2_1_AUSTIN_TRANSFER_V1,DISCOVERY,6bc2f0f82dfeb942,NCAAB_20251121_WVU_CLEM,KXNCAAMBGAME-25NOV21WVUCLEM-WVU,1,360,2025-11-21T23:32:09+00:00,PRE_ENTRY,False,PRE_ENTRY,PRE_80,HISTORICAL_RECONSTRUCT,ASKED_SIX_FIRST80,81,37,,,0,0,,,,,,,,,,,,,,UNAVAILABLE,,,,,,,,,False,UNAVAILABLE,False
NCAAB_H2_1_AUSTIN_TRANSFER_V1,DISCOVERY,6bc2f0f82dfeb942,NCAAB_20251121_WVU_CLEM,KXNCAAMBGAME-25NOV21WVUCLEM-WVU,1,240,2025-11-21T23:32:09+00:00,PRE_ENTRY,False,PRE_ENTRY,PRE_80,HISTORICAL_RECONSTRUCT,ASKED_SIX_FIRST80,81,37,,,0,0,,,,,,,,,,,,,,UNAVAILABLE,,,,,,,,,False,UNAVAILABLE,False
NCAAB_H2_1_AUSTIN_TRANSFER_V1,DISCOVERY,6bc2f0f82dfeb942,NCAAB_20251121_WVU_CLEM,KXNCAAMBGAME-25NOV21WVUCLEM-WVU,1,120,2025-11-21T23:32:09+00:00,PRE_ENTRY,False,PRE_ENTRY,PRE_80,HISTORICAL_RECONSTRUCT,ASKED_SIX_FIRST80,81,37,,,0,0,,,,,,,,,,,,,,UNAVAILABLE,,,,,,,,,False,UNAVAILABLE,False
NCAAB_H2_1_AUSTIN_TRANSFER_V1,DISCOVERY,6bc2f0f82dfeb942,NCAAB_20251121_WVU_CLEM,KXNCAAMBGAME-25NOV21WVUCLEM-WVU,1,0,2025-11-22T00:17:04+00:00,PRE_ENTRY,False,PRE_ENTRY,PRE_80,HISTORICAL_RECONSTRUCT,ASKED_SIX_FIRST80,81,54,,,25,32,,,,,,,,,,,,,,UNAVAILABLE,,,,,,,,,False,UNAVAILABLE,False
NCAAB_H2_1_AUSTIN_TRANSFER_V1,DISCOVERY,6bc2f0f82dfeb942,NCAAB_20251121_WVU_CLEM,KXNCAAMBGAME-25NOV21WVUCLEM-WVU,2,1200,2025-11-22T00:32:03+00:00,PRE_ENTRY,False,PRE_ENTRY,PRE_80,HISTORICAL_RECONSTRUCT,ASKED_SIX_FIRST80,81,67,,,25,32,,,,,,,,,,,,,,UNAVAILABLE,,,,,,,,,False,UNAVAILABLE,False
NCAAB_H2_1_AUSTIN_TRANSFER_V1,DISCOVERY,6bc2f0f82dfeb942,NCAAB_20251121_WVU_CLEM,KXNCAAMBGAME-25NOV21WVUCLEM-WVU,2,1080,2025-11-22T00:32:03+00:00,PRE_ENTRY,False,PRE_ENTRY,PRE_80,HISTORICAL_RECONSTRUCT,ASKED_SIX_FIRST80,81,67,,,25,32,,,,,,,,,,,,,,UNAVAILABLE,,,,,,,,,False,UNAVAILABLE,False
NCAAB_H2_1_AUSTIN_TRANSFER_V1,DISCOVERY,6bc2f0f82dfeb942,NCAAB_20251121_WVU_CLEM,KXNCAAMBGAME-25NOV21WVUCLEM-WVU,2,960,2025-11-22T00:32:03+00:00,PRE_ENTRY,False,PRE_ENTRY,PRE_80,HISTORICAL_RECONSTRUCT,ASKED_SIX_FIRST80,81,67,,,25,32,,,,,,,,,,,,,,UNAVAILABLE,,,,,,,,,False,UNAVAILABLE,False
NCAAB_H2_1_AUSTIN_TRANSFER_V1,DISCOVERY,6bc2f0f82dfeb942,NCAAB_20251121_WVU_CLEM,KXNCAAMBGAME-25NOV21WVUCLEM-WVU,2,840,2025-11-22T00:32:03+00:00,PRE_ENTRY,False,PRE_ENTRY,PRE_80,HISTORICAL_RECONSTRUCT,ASKED_SIX_FIRST80,81,67,,,25,32,,,,,,,,,,,,,,UNAVAILABLE,,,,,,,,,False,UNAVAILABLE,False
NCAAB_H2_1_AUSTIN_TRANSFER_V1,DISCOVERY,6bc2f0f82dfeb942,NCAAB_20251121_WVU_CLEM,KXNCAAMBGAME-25NOV21WVUCLEM-WVU,2,720,2025-11-22T00:32:03+00:00,PRE_ENTRY,False,PRE_ENTRY,PRE_80,HISTORICAL_RECONSTRUCT,ASKED_SIX_FIRST80,81,67,,,25,32,,,,,,,,,,,,,,UNAVAILABLE,,,,,,,,,False,UNAVAILABLE,False
NCAAB_H2_1_AUSTIN_TRANSFER_V1,DISCOVERY,6bc2f0f82dfeb942,NCAAB_20251121_WVU_CLEM,KXNCAAMBGAME-25NOV21WVUCLEM-WVU,2,600,2025-11-22T00:32:03+00:00,PRIMARY_GRID,True,,PRE_80,HISTORICAL_RECONSTRUCT,NONE,,67,,,25,32,INSUFFICIENT_SAMPLE,NO_ENTRY_IN_FITTED_SPACE,,,,95% CI — weighted bootstrap,25,,,,,0.30434782608695654,UNAVAILABLE,NOT_APPLICABLE,-80,-80,VALUE,False,False,,,,False,UNAVAILABLE,False
NCAAB_H2_1_AUSTIN_TRANSFER_V1,DISCOVERY,6bc2f0f82dfeb942,NCAAB_20251121_WVU_CLEM,KXNCAAMBGAME-25NOV21WVUCLEM-WVU,2,480,2025-11-22T00:32:03+00:00,PRIMARY_GRID,True,,PRE_80,HISTORICAL_RECONSTRUCT,NONE,,67,,,25,32,INSUFFICIENT_SAMPLE,NO_ENTRY_IN_FITTED_SPACE,,,,95% CI — weighted bootstrap,25,,,,,0.30434782608695654,UNAVAILABLE,NOT_APPLICABLE,-80,-80,VALUE,False,False,,,,False,UNAVAILABLE,False
NCAAB_H2_1_AUSTIN_TRANSFER_V1,DISCOVERY,6bc2f0f82dfeb942,NCAAB_20251121_WVU_CLEM,KXNCAAMBGAME-25NOV21WVUCLEM-WVU,2,360,2025-11-22T00:32:03+00:00,PRIMARY_GRID,True,,PRE_80,HISTORICAL_RECONSTRUCT,NONE,,67,,,25,32,INSUFFICIENT_SAMPLE,NO_ENTRY_IN_FITTED_SPACE,,,,95% CI — weighted bootstrap,25,,,,,0.30434782608695654,UNAVAILABLE,NOT_APPLICABLE,-80,-80,VALUE,False,False,,,,False,UNAVAILABLE,False
NCAAB_H2_1_AUSTIN_TRANSFER_V1,DISCOVERY,6bc2f0f82dfeb942,NCAAB_20251121_WVU_CLEM,KXNCAAMBGAME-25NOV21WVUCLEM-WVU,2,240,2025-11-22T00:32:03+00:00,PRIMARY_GRID,True,,PRE_80,HISTORICAL_RECONSTRUCT,NONE,,67,,,25,32,INSUFFICIENT_SAMPLE,NO_ENTRY_IN_FITTED_SPACE,,,,95% CI — weighted bootstrap,25,,,,,0.30434782608695654,UNAVAILABLE,NOT_APPLICABLE,-80,-80,VALUE,False,False,,,,False,UNAVAILABLE,False
NCAAB_H2_1_AUSTIN_TRANSFER_V1,DISCOVERY,6bc2f0f82dfeb942,NCAAB_20251121_WVU_CLEM,KXNCAAMBGAME-25NOV21WVUCLEM-WVU,2,120,2025-11-22T00:32:03+00:00,PRIMARY_GRID,True,,PRE_80,HISTORICAL_RECONSTRUCT,NONE,,67,,,25,32,INSUFFICIENT_SAMPLE,NO_ENTRY_IN_FITTED_SPACE,,,,95% CI — weighted bootstrap,25,,,,,0.30434782608695654,UNAVAILABLE,NOT_APPLICABLE,-80,-80,VALUE,False,False,,,,False,UNAVAILABLE,False
NCAAB_H2_1_AUSTIN_TRANSFER_V1,DISCOVERY,6bc2f0f82dfeb942,NCAAB_20251121_WVU_CLEM,KXNCAAMBGAME-25NOV21WVUCLEM-WVU,2,0,2025-11-22T01:40:27+00:00,PRIMARY_GRID,True,,POST_80,HISTORICAL_RECONSTRUCT,ASKED_SIX_FIRST80,81,2,-79,719,70,67,OBSERVED,,-64.62692087755335,-76.0,-48.0,95% CI — weighted bootstrap,25,25,24.9386725086639,1.7936390754029585,1.7744183550110453,1.0,OBSERVED,VALUE,-80,,NOT_APPLICABLE,True,True,-64.62692087755335,-64.62692087755335,0.0,False,UNAVAILABLE,False
NCAAB_H2_1_AUSTIN_TRANSFER_V1,DISCOVERY,6bc2f0f82dfeb942,NCAAB_20251121_WVU_CLEM,KXNCAAMBGAME-25NOV21WVUCLEM-WVU,2,719,2025-11-22T00:53:00+00:00,DIAGNOSTIC_EVENT,False,,POST_80,HISTORICAL_RECONSTRUCT,ASKED_SIX_FIRST80,81,61,-20,0,38,47,OBSERVED,,-2.7256654183703666,-20.0,12.0,95% CI — weighted bootstrap,25,25,24.841137630117096,1.1152426812487726,1.0815785432161276,0.7246376811594203,OBSERVED,VALUE,-80,,NOT_APPLICABLE,True,True,-64.62692087755335,-2.7256654183703666,61.90125545918298,False,UNAVAILABLE,False
NCAAB_H2_1_AUSTIN_TRANSFER_V1,DISCOVERY,6bc2f0f82dfeb942,NCAAB_20251121_WVU_CLEM,KXNCAAMBGAME-25NOV21WVUCLEM-WVU,2,289,2025-11-22T01:18:00+00:00,DIAGNOSTIC_EVENT,False,,POST_80,HISTORICAL_RECONSTRUCT,ASKED_SIX_FIRST80,81,74,-7,430,57,61,OBSERVED,,2.954994021367813,-12.0,16.0,95% CI — weighted bootstrap,25,25,22.18367944569091,0.5034935953277894,0.47132057110118397,0.9855072463768116,OBSERVED,VALUE,-80,,NOT_APPLICABLE,True,True,-64.62692087755335,2.954994021367813,67.58191489892116,False,UNAVAILABLE,False
NCAAB_H2_1_AUSTIN_TRANSFER_V1,DISCOVERY,6bc2f0f82dfeb942,NCAAB_20251121_WVU_CLEM,KXNCAAMBGAME-25NOV21WVUCLEM-WVU,2,133,2025-11-22T01:27:00+00:00,DIAGNOSTIC_EVENT,False,,POST_80,HISTORICAL_RECONSTRUCT,ASKED_SIX_FIRST80,81,64,-17,586,64,63,OBSERVED,,-30.184655175092054,-48.0,-12.0,95% CI — weighted bootstrap,25,25,19.773689558183978,0.8271745003442919,0.7594225869392643,0.9855072463768116,OBSERVED,VALUE,-80,,NOT_APPLICABLE,True,True,-64.62692087755335,-30.184655175092054,34.44226570246129,False,UNAVAILABLE,False
NCAAB_H2_1_AUSTIN_TRANSFER_V1,DISCOVERY,6bc2f0f82dfeb942,NCAAB_20251121_WVU_CLEM,KXNCAAMBGAME-25NOV21WVUCLEM-WVU,2,133,2025-11-22T01:27:00+00:00,DIAGNOSTIC_EVENT,False,,POST_80,HISTORICAL_RECONSTRUCT,ASKED_SIX_FIRST80,81,64,-17,586,64,63,OBSERVED,,-30.184655175092054,-48.0,-12.0,95% CI — weighted bootstrap,25,25,19.773689558183978,0.8271745003442919,0.7594225869392643,0.9855072463768116,OBSERVED,VALUE,-80,,NOT_APPLICABLE,True,True,-64.62692087755335,-30.184655175092054,34.44226570246129,False,UNAVAILABLE,False
NCAAB_H2_1_AUSTIN_TRANSFER_V1,DISCOVERY,6bc2f0f82dfeb942,NCAAB_20251121_WVU_CLEM,KXNCAAMBGAME-25NOV21WVUCLEM-WVU,2,101,2025-11-22T01:28:00+00:00,DIAGNOSTIC_EVENT,False,,POST_80,HISTORICAL_RECONSTRUCT,ASKED_SIX_FIRST80,81,45,-36,618,64,63,OBSERVED,,3.897868258845525,-12.0,16.0,95% CI — weighted bootstrap,25,25,24.462276709717262,1.0837940582735779,0.9908575982574811,1.0,OBSERVED,VALUE,-80,,NOT_APPLICABLE,True,True,-64.62692087755335,3.897868258845525,68.52478913639887,False,UNAVAILABLE,False
NCAAB_H2_1_AUSTIN_TRANSFER_V1,DISCOVERY,6bc2f0f82dfeb942,NCAAB_20251121_WVU_CLEM,KXNCAAMBGAME-25NOV21WVUCLEM-WVU,2,101,2025-11-22T01:28:00+00:00,DIAGNOSTIC_EVENT,False,,POST_80,HISTORICAL_RECONSTRUCT,ASKED_SIX_FIRST80,81,45,-36,618,64,63,OBSERVED,,3.897868258845525,-12.0,16.0,95% CI — weighted bootstrap,25,25,24.462276709717262,1.0837940582735779,0.9908575982574811,1.0,OBSERVED,VALUE,-80,,NOT_APPLICABLE,True,True,-64.62692087755335,3.897868258845525,68.52478913639887,False,UNAVAILABLE,False
NCAAB_H2_1_AUSTIN_TRANSFER_V1,DISCOVERY,6bc2f0f82dfeb942,NCAAB_20251121_WVU_CLEM,KXNCAAMBGAME-25NOV21WVUCLEM-WVU,2,101,2025-11-22T01:28:00+00:00,DIAGNOSTIC_EVENT,False,,POST_80,HISTORICAL_RECONSTRUCT,ASKED_SIX_FIRST80,81,45,-36,618,64,63,OBSERVED,,3.897868258845525,-12.0,16.0,95% CI — weighted bootstrap,25,25,24.462276709717262,1.0837940582735779,0.9908575982574811,1.0,OBSERVED,VALUE,-80,,NOT_APPLICABLE,True,True,-64.62692087755335,3.897868258845525,68.52478913639887,False,UNAVAILABLE,False
NCAAB_H2_1_AUSTIN_TRANSFER_V1,DISCOVERY,23b638c1e5542f81,NCAAB_20251123_CLEM_UGA,KXNCAAMBGAME-25NOV23CLEMUGA-CLEM,1,1200,2025-11-23T18:02:32+00:00,PRE_ENTRY,False,PRE_ENTRY,PRE_80,HISTORICAL_RECONSTRUCT,ASKED_SIX_FIRST80,80,53,,,0,0,,,,,,,,,,,,,,UNAVAILABLE,,,,,,,,,False,UNAVAILABLE,False
NCAAB_H2_1_AUSTIN_TRANSFER_V1,DISCOVERY,23b638c1e5542f81,NCAAB_20251123_CLEM_UGA,KXNCAAMBGAME-25NOV23CLEMUGA-CLEM,1,1080,2025-11-23T18:02:32+00:00,PRE_ENTRY,False,PRE_ENTRY,PRE_80,HISTORICAL_RECONSTRUCT,ASKED_SIX_FIRST80,80,53,,,0,0,,,,,,,,,,,,,,UNAVAILABLE,,,,,,,,,False,UNAVAILABLE,False
NCAAB_H2_1_AUSTIN_TRANSFER_V1,DISCOVERY,23b638c1e5542f81,NCAAB_20251123_CLEM_UGA,KXNCAAMBGAME-25NOV23CLEMUGA-CLEM,1,960,2025-11-23T18:02:32+00:00,PRE_ENTRY,False,PRE_ENTRY,PRE_80,HISTORICAL_RECONSTRUCT,ASKED_SIX_FIRST80,80,53,,,0,0,,,,,,,,,,,,,,UNAVAILABLE,,,,,,,,,False,UNAVAILABLE,False
NCAAB_H2_1_AUSTIN_TRANSFER_V1,DISCOVERY,23b638c1e5542f81,NCAAB_20251123_CLEM_UGA,KXNCAAMBGAME-25NOV23CLEMUGA-CLEM,1,840,2025-11-23T18:02:32+00:00,PRE_ENTRY,False,PRE_ENTRY,PRE_80,HISTORICAL_RECONSTRUCT,ASKED_SIX_FIRST80,80,53,,,0,0,,,,,,,,,,,,,,UNAVAILABLE,,,,,,,,,False,UNAVAILABLE,False
NCAAB_H2_1_AUSTIN_TRANSFER_V1,DISCOVERY,23b638c1e5542f81,NCAAB_20251123_CLEM_UGA,KXNCAAMBGAME-25NOV23CLEMUGA-CLEM,1,720,2025-11-23T18:02:32+00:00,PRE_ENTRY,False,PRE_ENTRY,PRE_80,HISTORICAL_RECONSTRUCT,ASKED_SIX_FIRST80,80,53,,,0,0,,,,,,,,,,,,,,UNAVAILABLE,,,,,,,,,False,UNAVAILABLE,False
NCAAB_H2_1_AUSTIN_TRANSFER_V1,DISCOVERY,23b638c1e5542f81,NCAAB_20251123_CLEM_UGA,KXNCAAMBGAME-25NOV23CLEMUGA-CLEM,1,600,2025-11-23T18:02:32+00:00,PRE_ENTRY,False,PRE_ENTRY,PRE_80,HISTORICAL_RECONSTRUCT,ASKED_SIX_FIRST80,80,53,,,0,0,,,,,,,,,,,,,,UNAVAILABLE,,,,,,,,,False,UNAVAILABLE,False
NCAAB_H2_1_AUSTIN_TRANSFER_V1,DISCOVERY,23b638c1e5542f81,NCAAB_20251123_CLEM_UGA,KXNCAAMBGAME-25NOV23CLEMUGA-CLEM,1,480,2025-11-23T18:02:32+00:00,PRE_ENTRY,False,PRE_ENTRY,PRE_80,HISTORICAL_RECONSTRUCT,ASKED_SIX_FIRST80,80,53,,,0,0,,,,,,,,,,,,,,UNAVAILABLE,,,,,,,,,False,UNAVAILABLE,False
NCAAB_H2_1_AUSTIN_TRANSFER_V1,DISCOVERY,23b638c1e5542f81,NCAAB_20251123_CLEM_UGA,KXNCAAMBGAME-25NOV23CLEMUGA-CLEM,1,360,2025-11-23T18:02:32+00:00,PRE_ENTRY,False,PRE_ENTRY,PRE_80,HISTORICAL_RECONSTRUCT,ASKED_SIX_FIRST80,80,53,,,0,0,,,,,,,,,,,,,,UNAVAILABLE,,,,,,,,,False,UNAVAILABLE,False
NCAAB_H2_1_AUSTIN_TRANSFER_V1,DISCOVERY,23b638c1e5542f81,NCAAB_20251123_CLEM_UGA,KXNCAAMBGAME-25NOV23CLEMUGA-CLEM,1,240,2025-11-23T18:02:32+00:00,PRE_ENTRY,False,PRE_ENTRY,PRE_80,HISTORICAL_RECONSTRUCT,ASKED_SIX_FIRST80,80,53,,,0,0,,,,,,,,,,,,,,UNAVAILABLE,,,,,,,,,False,UNAVAILABLE,False
NCAAB_H2_1_AUSTIN_TRANSFER_V1,DISCOVERY,23b638c1e5542f81,NCAAB_20251123_CLEM_UGA,KXNCAAMBGAME-25NOV23CLEMUGA-CLEM,1,120,2025-11-23T18:02:32+00:00,PRE_ENTRY,False,PRE_ENTRY,PRE_80,HISTORICAL_RECONSTRUCT,ASKED_SIX_FIRST80,80,53,,,0,0,,,,,,,,,,,,,,UNAVAILABLE,,,,,,,,,False,UNAVAILABLE,False
NCAAB_H2_1_AUSTIN_TRANSFER_V1,DISCOVERY,23b638c1e5542f81,NCAAB_20251123_CLEM_UGA,KXNCAAMBGAME-25NOV23CLEMUGA-CLEM,1,0,2025-11-23T19:00:24+00:00,PRE_ENTRY,False,PRE_ENTRY,PRE_80,HISTORICAL_RECONSTRUCT,ASKED_SIX_FIRST80,80,48,,,40,41,,,,,,,,,,,,,,UNAVAILABLE,,,,,,,,,False,UNAVAILABLE,False
NCAAB_H2_1_AUSTIN_TRANSFER_V1,DISCOVERY,23b638c1e5542f81,NCAAB_20251123_CLEM_UGA,KXNCAAMBGAME-25NOV23CLEMUGA-CLEM,2,1200,2025-11-23T19:15:46+00:00,PRE_ENTRY,False,PRE_ENTRY,PRE_80,HISTORICAL_RECONSTRUCT,ASKED_SIX_FIRST80,80,52,,,40,41,,,,,,,,,,,,,,UNAVAILABLE,,,,,,,,,False,UNAVAILABLE,False
NCAAB_H2_1_AUSTIN_TRANSFER_V1,DISCOVERY,23b638c1e5542f81,NCAAB_20251123_CLEM_UGA,KXNCAAMBGAME-25NOV23CLEMUGA-CLEM,2,1080,2025-11-23T19:15:46+00:00,PRE_ENTRY,False,PRE_ENTRY,PRE_80,HISTORICAL_RECONSTRUCT,ASKED_SIX_FIRST80,80,52,,,40,41,,,,,,,,,,,,,,UNAVAILABLE,,,,,,,,,False,UNAVAILABLE,False
NCAAB_H2_1_AUSTIN_TRANSFER_V1,DISCOVERY,23b638c1e5542f81,NCAAB_20251123_CLEM_UGA,KXNCAAMBGAME-25NOV23CLEMUGA-CLEM,2,960,2025-11-23T19:15:46+00:00,PRE_ENTRY,False,PRE_ENTRY,PRE_80,HISTORICAL_RECONSTRUCT,ASKED_SIX_FIRST80,80,52,,,40,41,,,,,,,,,,,,,,UNAVAILABLE,,,,,,,,,False,UNAVAILABLE,False
NCAAB_H2_1_AUSTIN_TRANSFER_V1,DISCOVERY,23b638c1e5542f81,NCAAB_20251123_CLEM_UGA,KXNCAAMBGAME-25NOV23CLEMUGA-CLEM,2,840,2025-11-23T19:15:46+00:00,PRIMARY_GRID,True,,PRE_80,HISTORICAL_RECONSTRUCT,NONE,,52,,,40,41,INSUFFICIENT_SAMPLE,NO_ENTRY_IN_FITTED_SPACE,,,,95% CI — weighted bootstrap,25,,,,,0.30434782608695654,UNAVAILABLE,NOT_APPLICABLE,20,20,VALUE,False,False,,,,False,UNAVAILABLE,False
NCAAB_H2_1_AUSTIN_TRANSFER_V1,DISCOVERY,23b638c1e5542f81,NCAAB_20251123_CLEM_UGA,KXNCAAMBGAME-25NOV23CLEMUGA-CLEM,2,720,2025-11-23T19:15:46+00:00,PRIMARY_GRID,True,,PRE_80,HISTORICAL_RECONSTRUCT,NONE,,52,,,40,41,INSUFFICIENT_SAMPLE,NO_ENTRY_IN_FITTED_SPACE,,,,95% CI — weighted bootstrap,25,,,,,0.30434782608695654,UNAVAILABLE,NOT_APPLICABLE,20,20,VALUE,False,False,,,,False,UNAVAILABLE,False
NCAAB_H2_1_AUSTIN_TRANSFER_V1,DISCOVERY,23b638c1e5542f81,NCAAB_20251123_CLEM_UGA,KXNCAAMBGAME-25NOV23CLEMUGA-CLEM,2,600,2025-11-23T19:15:46+00:00,PRIMARY_GRID,True,,PRE_80,HISTORICAL_RECONSTRUCT,NONE,,52,,,40,41,INSUFFICIENT_SAMPLE,NO_ENTRY_IN_FITTED_SPACE,,,,95% CI — weighted bootstrap,25,,,,,0.30434782608695654,UNAVAILABLE,NOT_APPLICABLE,20,20,VALUE,False,False,,,,False,UNAVAILABLE,False
NCAAB_H2_1_AUSTIN_TRANSFER_V1,DISCOVERY,23b638c1e5542f81,NCAAB_20251123_CLEM_UGA,KXNCAAMBGAME-25NOV23CLEMUGA-CLEM,2,480,2025-11-23T19:15:46+00:00,PRIMARY_GRID,True,,PRE_80,HISTORICAL_RECONSTRUCT,NONE,,52,,,40,41,INSUFFICIENT_SAMPLE,NO_ENTRY_IN_FITTED_SPACE,,,,95% CI — weighted bootstrap,25,,,,,0.30434782608695654,UNAVAILABLE,NOT_APPLICABLE,20,20,VALUE,False,False,,,,False,UNAVAILABLE,False
NCAAB_H2_1_AUSTIN_TRANSFER_V1,DISCOVERY,23b638c1e5542f81,NCAAB_20251123_CLEM_UGA,KXNCAAMBGAME-25NOV23CLEMUGA-CLEM,2,360,2025-11-23T19:15:46+00:00,PRIMARY_GRID,True,,PRE_80,HISTORICAL_RECONSTRUCT,NONE,,52,,,40,41,INSUFFICIENT_SAMPLE,NO_ENTRY_IN_FITTED_SPACE,,,,95% CI — weighted bootstrap,25,,,,,0.30434782608695654,UNAVAILABLE,NOT_APPLICABLE,20,20,VALUE,False,False,,,,False,UNAVAILABLE,False
NCAAB_H2_1_AUSTIN_TRANSFER_V1,DISCOVERY,23b638c1e5542f81,NCAAB_20251123_CLEM_UGA,KXNCAAMBGAME-25NOV23CLEMUGA-CLEM,2,240,2025-11-23T19:15:46+00:00,PRIMARY_GRID,True,,PRE_80,HISTORICAL_RECONSTRUCT,NONE,,52,,,40,41,INSUFFICIENT_SAMPLE,NO_ENTRY_IN_FITTED_SPACE,,,,95% CI — weighted bootstrap,25,,,,,0.30434782608695654,UNAVAILABLE,NOT_APPLICABLE,20,20,VALUE,False,False,,,,False,UNAVAILABLE,False
NCAAB_H2_1_AUSTIN_TRANSFER_V1,DISCOVERY,23b638c1e5542f81,NCAAB_20251123_CLEM_UGA,KXNCAAMBGAME-25NOV23CLEMUGA-CLEM,2,120,2025-11-23T19:15:46+00:00,PRIMARY_GRID,True,,PRE_80,HISTORICAL_RECONSTRUCT,NONE,,52,,,40,41,INSUFFICIENT_SAMPLE,NO_ENTRY_IN_FITTED_SPACE,,,,95% CI — weighted bootstrap,25,,,,,0.30434782608695654,UNAVAILABLE,NOT_APPLICABLE,20,20,VALUE,False,False,,,,False,UNAVAILABLE,False
NCAAB_H2_1_AUSTIN_TRANSFER_V1,DISCOVERY,23b638c1e5542f81,NCAAB_20251123_CLEM_UGA,KXNCAAMBGAME-25NOV23CLEMUGA-CLEM,2,0,2025-11-23T20:24:45+00:00,PRIMARY_GRID,True,,POST_80,HISTORICAL_RECONSTRUCT,ASKED_SIX_FIRST80,80,65,-15,925,80,80,OBSERVED,,19.999999999999996,20.0,20.0,95% CI — weighted bootstrap,25,25,24.809177516305752,0.59293292499312,0.5705477748360188,1.0,OBSERVED,VALUE,20,,NOT_APPLICABLE,True,True,19.999999999999996,19.999999999999996,0.0,False,UNAVAILABLE,False
NCAAB_H2_1_AUSTIN_TRANSFER_V1,DISCOVERY,23b638c1e5542f81,NCAAB_20251123_CLEM_UGA,KXNCAAMBGAME-25NOV23CLEMUGA-CLEM,3,300,2025-11-23T20:27:04+00:00,PRIMARY_GRID,True,,POST_80,HISTORICAL_RECONSTRUCT,ASKED_SIX_FIRST80,80,45,-35,925,80,80,OBSERVED,,-60.28568603537464,-72.0,-44.0,95% CI — weighted bootstrap,25,25,21.75417470153008,0.7015336980396089,0.6475621184130328,1.0,OBSERVED,VALUE,20,,NOT_APPLICABLE,True,True,19.999999999999996,-60.28568603537464,-80.28568603537464,False,UNAVAILABLE,False
NCAAB_H2_1_AUSTIN_TRANSFER_V1,DISCOVERY,23b638c1e5542f81,NCAAB_20251123_CLEM_UGA,KXNCAAMBGAME-25NOV23CLEMUGA-CLEM,3,180,2025-11-23T20:27:04+00:00,PRIMARY_GRID,True,,POST_80,HISTORICAL_RECONSTRUCT,ASKED_SIX_FIRST80,80,45,-35,925,80,80,OBSERVED,,-60.28568603537464,-72.0,-44.0,95% CI — weighted bootstrap,25,25,21.75417470153008,0.7015336980396089,0.6475621184130328,1.0,OBSERVED,VALUE,20,,NOT_APPLICABLE,True,True,19.999999999999996,-60.28568603537464,-80.28568603537464,False,UNAVAILABLE,False
NCAAB_H2_1_AUSTIN_TRANSFER_V1,DISCOVERY,23b638c1e5542f81,NCAAB_20251123_CLEM_UGA,KXNCAAMBGAME-25NOV23CLEMUGA-CLEM,3,60,2025-11-23T20:27:04+00:00,PRIMARY_GRID,True,,POST_80,HISTORICAL_RECONSTRUCT,ASKED_SIX_FIRST80,80,45,-35,925,80,80,OBSERVED,,-60.28568603537464,-72.0,-44.0,95% CI — weighted bootstrap,25,25,21.75417470153008,0.7015336980396089,0.6475621184130328,1.0,OBSERVED,VALUE,20,,NOT_APPLICABLE,True,True,19.999999999999996,-60.28568603537464,-80.28568603537464,False,UNAVAILABLE,False
NCAAB_H2_1_AUSTIN_TRANSFER_V1,DISCOVERY,23b638c1e5542f81,NCAAB_20251123_CLEM_UGA,KXNCAAMBGAME-25NOV23CLEMUGA-CLEM,2,925,2025-11-23T19:30:00+00:00,DIAGNOSTIC_EVENT,False,,POST_80,HISTORICAL_RECONSTRUCT,ASKED_SIX_FIRST80,80,65,-15,0,44,54,OBSERVED,,11.397373026286585,0.0,20.0,95% CI — weighted bootstrap,25,25,24.78319375943415,1.1132986818716508,1.078523488891875,0.7246376811594203,OBSERVED,VALUE,20,,NOT_APPLICABLE,True,True,19.999999999999996,11.397373026286585,-8.602626973713411,False,UNAVAILABLE,False
NCAAB_H2_1_AUSTIN_TRANSFER_V1,DISCOVERY,23b638c1e5542f81,NCAAB_20251123_CLEM_UGA,KXNCAAMBGAME-25NOV23CLEMUGA-CLEM,2,753,2025-11-23T19:39:00+00:00,DIAGNOSTIC_EVENT,False,,POST_80,HISTORICAL_RECONSTRUCT,ASKED_SIX_FIRST80,80,75,-5,172,55,57,OBSERVED,,20.000000000000004,20.0,20.0,95% CI — weighted bootstrap,25,25,24.143402289530233,0.5165403113460626,0.5345001818364161,0.9565217391304348,OBSERVED,VALUE,20,,NOT_APPLICABLE,True,True,19.999999999999996,20.000000000000004,7.105427357601002e-15,False,UNAVAILABLE,False
NCAAB_H2_1_AUSTIN_TRANSFER_V1,DISCOVERY,23b638c1e5542f81,NCAAB_20251123_CLEM_UGA,KXNCAAMBGAME-25NOV23CLEMUGA-CLEM,2,753,2025-11-23T19:39:00+00:00,DIAGNOSTIC_EVENT,False,,POST_80,HISTORICAL_RECONSTRUCT,ASKED_SIX_FIRST80,80,75,-5,172,55,57,OBSERVED,,20.000000000000004,20.0,20.0,95% CI — weighted bootstrap,25,25,24.143402289530233,0.5165403113460626,0.5345001818364161,0.9565217391304348,OBSERVED,VALUE,20,,NOT_APPLICABLE,True,True,19.999999999999996,20.000000000000004,7.105427357601002e-15,False,UNAVAILABLE,False
NCAAB_H2_1_AUSTIN_TRANSFER_V1,DISCOVERY,23b638c1e5542f81,NCAAB_20251123_CLEM_UGA,KXNCAAMBGAME-25NOV23CLEMUGA-CLEM,2,729,2025-11-23T19:42:00+00:00,DIAGNOSTIC_EVENT,False,,POST_80,HISTORICAL_RECONSTRUCT,ASKED_SIX_FIRST80,80,51,-29,196,56,57,OBSERVED,,-19.58448373954005,-40.0,0.0,95% CI — weighted bootstrap,25,25,24.91008131097578,1.2658022648139746,1.280891748065915,0.9710144927536232,OBSERVED,VALUE,20,,NOT_APPLICABLE,True,True,19.999999999999996,-19.58448373954005,-39.58448373954005,False,UNAVAILABLE,False
NCAAB_H2_1_AUSTIN_TRANSFER_V1,DISCOVERY,23b638c1e5542f81,NCAAB_20251123_CLEM_UGA,KXNCAAMBGAME-25NOV23CLEMUGA-CLEM,2,672,2025-11-23T19:43:00+00:00,DIAGNOSTIC_EVENT,False,,POST_80,HISTORICAL_RECONSTRUCT,ASKED_SIX_FIRST80,80,50,-30,253,60,57,OBSERVED,,-32.65431652148174,-52.0,-12.0,95% CI — weighted bootstrap,25,25,24.974928992454668,1.2328985327085213,1.2255310937259942,0.9710144927536232,OBSERVED,VALUE,20,,NOT_APPLICABLE,True,True,19.999999999999996,-32.65431652148174,-52.65431652148173,False,UNAVAILABLE,False
NCAAB_H2_1_AUSTIN_TRANSFER_V1,DISCOVERY,23b638c1e5542f81,NCAAB_20251123_CLEM_UGA,KXNCAAMBGAME-25NOV23CLEMUGA-CLEM,2,672,2025-11-23T19:43:00+00:00,DIAGNOSTIC_EVENT,False,,POST_80,HISTORICAL_RECONSTRUCT,ASKED_SIX_FIRST80,80,50,-30,253,60,57,OBSERVED,,-32.65431652148174,-52.0,-12.0,95% CI — weighted bootstrap,25,25,24.974928992454668,1.2328985327085213,1.2255310937259942,0.9710144927536232,OBSERVED,VALUE,20,,NOT_APPLICABLE,True,True,19.999999999999996,-32.65431652148174,-52.65431652148173,False,UNAVAILABLE,False
NCAAB_H2_1_AUSTIN_TRANSFER_V1,DISCOVERY,23b638c1e5542f81,NCAAB_20251123_CLEM_UGA,KXNCAAMBGAME-25NOV23CLEMUGA-CLEM,2,672,2025-11-23T19:43:00+00:00,DIAGNOSTIC_EVENT,False,,POST_80,HISTORICAL_RECONSTRUCT,ASKED_SIX_FIRST80,80,50,-30,253,60,57,OBSERVED,,-32.65431652148174,-52.0,-12.0,95% CI — weighted bootstrap,25,25,24.974928992454668,1.2328985327085213,1.2255310937259942,0.9710144927536232,OBSERVED,VALUE,20,,NOT_APPLICABLE,True,True,19.999999999999996,-32.65431652148174,-52.65431652148173,False,UNAVAILABLE,False
NCAAB_H2_1_AUSTIN_TRANSFER_V1,DISCOVERY,094f9225cc1f2e31,NCAAB_20251126_USC_ASU,KXNCAAMBGAME-25NOV26USCASU-USC,1,1200,2025-11-26T19:32:44+00:00,PRE_ENTRY,False,PRE_ENTRY,PRE_80,HISTORICAL_RECONSTRUCT,ASKED_SIX_FIRST80,81,66,,,0,0,,,,,,,,,,,,,,UNAVAILABLE,,,,,,,,,False,UNAVAILABLE,False
NCAAB_H2_1_AUSTIN_TRANSFER_V1,DISCOVERY,094f9225cc1f2e31,NCAAB_20251126_USC_ASU,KXNCAAMBGAME-25NOV26USCASU-USC,1,1080,2025-11-26T19:32:44+00:00,PRE_ENTRY,False,PRE_ENTRY,PRE_80,HISTORICAL_RECONSTRUCT,ASKED_SIX_FIRST80,81,66,,,0,0,,,,,,,,,,,,,,UNAVAILABLE,,,,,,,,,False,UNAVAILABLE,False
NCAAB_H2_1_AUSTIN_TRANSFER_V1,DISCOVERY,094f9225cc1f2e31,NCAAB_20251126_USC_ASU,KXNCAAMBGAME-25NOV26USCASU-USC,1,960,2025-11-26T19:32:44+00:00,PRE_ENTRY,False,PRE_ENTRY,PRE_80,HISTORICAL_RECONSTRUCT,ASKED_SIX_FIRST80,81,66,,,0,0,,,,,,,,,,,,,,UNAVAILABLE,,,,,,,,,False,UNAVAILABLE,False
NCAAB_H2_1_AUSTIN_TRANSFER_V1,DISCOVERY,094f9225cc1f2e31,NCAAB_20251126_USC_ASU,KXNCAAMBGAME-25NOV26USCASU-USC,1,840,2025-11-26T19:32:44+00:00,PRE_ENTRY,False,PRE_ENTRY,PRE_80,HISTORICAL_RECONSTRUCT,ASKED_SIX_FIRST80,81,66,,,0,0,,,,,,,,,,,,,,UNAVAILABLE,,,,,,,,,False,UNAVAILABLE,False
NCAAB_H2_1_AUSTIN_TRANSFER_V1,DISCOVERY,094f9225cc1f2e31,NCAAB_20251126_USC_ASU,KXNCAAMBGAME-25NOV26USCASU-USC,1,720,2025-11-26T19:54:20+00:00,PRE_ENTRY,False,PRE_ENTRY,PRE_80,HISTORICAL_RECONSTRUCT,ASKED_SIX_FIRST80,81,67,,,15,16,,,,,,,,,,,,,,UNAVAILABLE,,,,,,,,,False,UNAVAILABLE,False
NCAAB_H2_1_AUSTIN_TRANSFER_V1,DISCOVERY,094f9225cc1f2e31,NCAAB_20251126_USC_ASU,KXNCAAMBGAME-25NOV26USCASU-USC,1,600,2025-11-26T19:32:44+00:00,PRE_ENTRY,False,PRE_ENTRY,PRE_80,HISTORICAL_RECONSTRUCT,ASKED_SIX_FIRST80,81,66,,,0,0,,,,,,,,,,,,,,UNAVAILABLE,,,,,,,,,False,UNAVAILABLE,False
NCAAB_H2_1_AUSTIN_TRANSFER_V1,DISCOVERY,094f9225cc1f2e31,NCAAB_20251126_USC_ASU,KXNCAAMBGAME-25NOV26USCASU-USC,1,480,2025-11-26T19:32:44+00:00,PRE_ENTRY,False,PRE_ENTRY,PRE_80,HISTORICAL_RECONSTRUCT,ASKED_SIX_FIRST80,81,66,,,0,0,,,,,,,,,,,,,,UNAVAILABLE,,,,,,,,,False,UNAVAILABLE,False
NCAAB_H2_1_AUSTIN_TRANSFER_V1,DISCOVERY,094f9225cc1f2e31,NCAAB_20251126_USC_ASU,KXNCAAMBGAME-25NOV26USCASU-USC,1,360,2025-11-26T19:32:44+00:00,PRE_ENTRY,False,PRE_ENTRY,PRE_80,HISTORICAL_RECONSTRUCT,ASKED_SIX_FIRST80,81,66,,,0,0,,,,,,,,,,,,,,UNAVAILABLE,,,,,,,,,False,UNAVAILABLE,False
NCAAB_H2_1_AUSTIN_TRANSFER_V1,DISCOVERY,094f9225cc1f2e31,NCAAB_20251126_USC_ASU,KXNCAAMBGAME-25NOV26USCASU-USC,1,240,2025-11-26T20:17:28+00:00,PRE_ENTRY,False,PRE_ENTRY,PRE_80,HISTORICAL_RECONSTRUCT,ASKED_SIX_FIRST80,81,74,,,32,37,,,,,,,,,,,,,,UNAVAILABLE,,,,,,,,,False,UNAVAILABLE,False
NCAAB_H2_1_AUSTIN_TRANSFER_V1,DISCOVERY,094f9225cc1f2e31,NCAAB_20251126_USC_ASU,KXNCAAMBGAME-25NOV26USCASU-USC,1,120,2025-11-26T19:32:44+00:00,PRE_ENTRY,False,PRE_ENTRY,PRE_80,HISTORICAL_RECONSTRUCT,ASKED_SIX_FIRST80,81,66,,,0,0,,,,,,,,,,,,,,UNAVAILABLE,,,,,,,,,False,UNAVAILABLE,False
NCAAB_H2_1_AUSTIN_TRANSFER_V1,DISCOVERY,094f9225cc1f2e31,NCAAB_20251126_USC_ASU,KXNCAAMBGAME-25NOV26USCASU-USC,1,0,2025-11-26T20:26:07+00:00,PRE_ENTRY,False,PRE_ENTRY,PRE_80,HISTORICAL_RECONSTRUCT,ASKED_SIX_FIRST80,81,62,,,43,43,,,,,,,,,,,,,,UNAVAILABLE,,,,,,,,,False,UNAVAILABLE,False
NCAAB_H2_1_AUSTIN_TRANSFER_V1,DISCOVERY,094f9225cc1f2e31,NCAAB_20251126_USC_ASU,KXNCAAMBGAME-25NOV26USCASU-USC,2,1200,2025-11-26T20:41:59+00:00,PRE_ENTRY,False,PRE_ENTRY,PRE_80,HISTORICAL_RECONSTRUCT,ASKED_SIX_FIRST80,81,65,,,43,43,,,,,,,,,,,,,,UNAVAILABLE,,,,,,,,,False,UNAVAILABLE,False
NCAAB_H2_1_AUSTIN_TRANSFER_V1,DISCOVERY,094f9225cc1f2e31,NCAAB_20251126_USC_ASU,KXNCAAMBGAME-25NOV26USCASU-USC,2,1080,2025-11-26T20:41:59+00:00,PRE_ENTRY,False,PRE_ENTRY,PRE_80,HISTORICAL_RECONSTRUCT,ASKED_SIX_FIRST80,81,65,,,43,43,,,,,,,,,,,,,,UNAVAILABLE,,,,,,,,,False,UNAVAILABLE,False
NCAAB_H2_1_AUSTIN_TRANSFER_V1,DISCOVERY,094f9225cc1f2e31,NCAAB_20251126_USC_ASU,KXNCAAMBGAME-25NOV26USCASU-USC,2,960,2025-11-26T20:41:59+00:00,PRE_ENTRY,False,PRE_ENTRY,PRE_80,HISTORICAL_RECONSTRUCT,ASKED_SIX_FIRST80,81,65,,,43,43,,,,,,,,,,,,,,UNAVAILABLE,,,,,,,,,False,UNAVAILABLE,False
NCAAB_H2_1_AUSTIN_TRANSFER_V1,DISCOVERY,094f9225cc1f2e31,NCAAB_20251126_USC_ASU,KXNCAAMBGAME-25NOV26USCASU-USC,2,840,2025-11-26T20:41:59+00:00,PRIMARY_GRID,True,,PRE_80,HISTORICAL_RECONSTRUCT,NONE,,65,,,43,43,INSUFFICIENT_SAMPLE,NO_ENTRY_IN_FITTED_SPACE,,,,95% CI — weighted bootstrap,25,,,,,0.30434782608695654,UNAVAILABLE,NOT_APPLICABLE,20,20,VALUE,False,False,,,,False,UNAVAILABLE,False
NCAAB_H2_1_AUSTIN_TRANSFER_V1,DISCOVERY,094f9225cc1f2e31,NCAAB_20251126_USC_ASU,KXNCAAMBGAME-25NOV26USCASU-USC,2,720,2025-11-26T20:41:59+00:00,PRIMARY_GRID,True,,PRE_80,HISTORICAL_RECONSTRUCT,NONE,,65,,,43,43,INSUFFICIENT_SAMPLE,NO_ENTRY_IN_FITTED_SPACE,,,,95% CI — weighted bootstrap,25,,,,,0.30434782608695654,UNAVAILABLE,NOT_APPLICABLE,20,20,VALUE,False,False,,,,False,UNAVAILABLE,False
NCAAB_H2_1_AUSTIN_TRANSFER_V1,DISCOVERY,094f9225cc1f2e31,NCAAB_20251126_USC_ASU,KXNCAAMBGAME-25NOV26USCASU-USC,2,600,2025-11-26T20:41:59+00:00,PRIMARY_GRID,True,,PRE_80,HISTORICAL_RECONSTRUCT,NONE,,65,,,43,43,INSUFFICIENT_SAMPLE,NO_ENTRY_IN_FITTED_SPACE,,,,95% CI — weighted bootstrap,25,,,,,0.30434782608695654,UNAVAILABLE,NOT_APPLICABLE,20,20,VALUE,False,False,,,,False,UNAVAILABLE,False
NCAAB_H2_1_AUSTIN_TRANSFER_V1,DISCOVERY,094f9225cc1f2e31,NCAAB_20251126_USC_ASU,KXNCAAMBGAME-25NOV26USCASU-USC,2,480,2025-11-26T20:41:59+00:00,PRIMARY_GRID,True,,PRE_80,HISTORICAL_RECONSTRUCT,NONE,,65,,,43,43,INSUFFICIENT_SAMPLE,NO_ENTRY_IN_FITTED_SPACE,,,,95% CI — weighted bootstrap,25,,,,,0.30434782608695654,UNAVAILABLE,NOT_APPLICABLE,20,20,VALUE,False,False,,,,False,UNAVAILABLE,False
NCAAB_H2_1_AUSTIN_TRANSFER_V1,DISCOVERY,094f9225cc1f2e31,NCAAB_20251126_USC_ASU,KXNCAAMBGAME-25NOV26USCASU-USC,2,360,2025-11-26T21:19:39+00:00,PRIMARY_GRID,True,,POST_80,HISTORICAL_RECONSTRUCT,ASKED_SIX_FIRST80,81,88,7,532,66,73,OBSERVED,,19.999999999999996,20.0,20.0,95% CI — weighted bootstrap,25,25,24.844663933977746,0.5548045414252558,0.5450420755452628,0.9855072463768116,OBSERVED,VALUE,20,,NOT_APPLICABLE,True,True,19.999999999999996,19.999999999999996,0.0,False,UNAVAILABLE,False
NCAAB_H2_1_AUSTIN_TRANSFER_V1,DISCOVERY,094f9225cc1f2e31,NCAAB_20251126_USC_ASU,KXNCAAMBGAME-25NOV26USCASU-USC,2,240,2025-11-26T21:30:38+00:00,PRIMARY_GRID,True,,POST_80,HISTORICAL_RECONSTRUCT,ASKED_SIX_FIRST80,81,94,13,652,69,77,OBSERVED,,20.000000000000004,20.0,20.0,95% CI — weighted bootstrap,25,25,24.597703077045253,0.678245339792959,0.6345723461320273,1.0,OBSERVED,VALUE,20,,NOT_APPLICABLE,True,True,19.999999999999996,20.000000000000004,7.105427357601002e-15,False,UNAVAILABLE,False
NCAAB_H2_1_AUSTIN_TRANSFER_V1,DISCOVERY,094f9225cc1f2e31,NCAAB_20251126_USC_ASU,KXNCAAMBGAME-25NOV26USCASU-USC,2,120,2025-11-26T20:41:59+00:00,PRIMARY_GRID,True,,PRE_80,HISTORICAL_RECONSTRUCT,NONE,,65,,,43,43,INSUFFICIENT_SAMPLE,NO_ENTRY_IN_FITTED_SPACE,,,,95% CI — weighted bootstrap,25,,,,,0.30434782608695654,UNAVAILABLE,NOT_APPLICABLE,20,20,VALUE,False,False,19.999999999999996,,,False,UNAVAILABLE,False
NCAAB_H2_1_AUSTIN_TRANSFER_V1,DISCOVERY,094f9225cc1f2e31,NCAAB_20251126_USC_ASU,KXNCAAMBGAME-25NOV26USCASU-USC,2,0,2025-11-26T21:40:47+00:00,PRIMARY_GRID,True,,POST_80,HISTORICAL_RECONSTRUCT,ASKED_SIX_FIRST80,81,99,18,892,75,88,OBSERVED,,20.0,20.0,20.0,95% CI — weighted bootstrap,25,25,24.709577910441563,0.6246855211979241,0.6155332628615855,1.0,OBSERVED,VALUE,20,,NOT_APPLICABLE,True,True,19.999999999999996,20.0,3.552713678800501e-15,False,UNAVAILABLE,False
NCAAB_H2_1_AUSTIN_TRANSFER_V1,DISCOVERY,094f9225cc1f2e31,NCAAB_20251126_USC_ASU,KXNCAAMBGAME-25NOV26USCASU-USC,2,892,2025-11-26T20:53:00+00:00,DIAGNOSTIC_EVENT,False,,POST_80,HISTORICAL_RECONSTRUCT,ASKED_SIX_FIRST80,81,79,-2,0,47,55,OBSERVED,,3.8403677175727484,-12.0,16.0,95% CI — weighted bootstrap,25,25,23.605202962882803,0.8317574521247043,0.7868535019629408,0.7246376811594203,OBSERVED,VALUE,20,,NOT_APPLICABLE,True,True,19.999999999999996,3.8403677175727484,-16.159632282427246,False,UNAVAILABLE,False
NCAAB_H2_1_AUSTIN_TRANSFER_V1,DISCOVERY,094f9225cc1f2e31,NCAAB_20251126_USC_ASU,KXNCAAMBGAME-25NOV26USCASU-USC,2,785,2025-11-26T21:01:00+00:00,DIAGNOSTIC_EVENT,False,,POST_80,HISTORICAL_RECONSTRUCT,ASKED_SIX_FIRST80,81,75,-6,107,55,58,OBSERVED,,1.1067278750342746,-16.0,16.0,95% CI — weighted bootstrap,25,25,24.67595175416948,0.8199894466257388,0.7898262780895807,0.8985507246376812,OBSERVED,VALUE,20,,NOT_APPLICABLE,True,True,19.999999999999996,1.1067278750342746,-18.893272124965723,False,UNAVAILABLE,False
NCAAB_H2_1_AUSTIN_TRANSFER_V1,DISCOVERY,8a1909462caa1be8,NCAAB_20251127_MINN_STAN,KXNCAAMBGAME-25NOV27MINNSTAN-STAN,1,1200,2025-11-28T02:45:58+00:00,PRE_ENTRY,False,PRE_ENTRY,PRE_80,HISTORICAL_RECONSTRUCT,ASKED_SIX_FIRST80,80,56,,,0,0,,,,,,,,,,,,,,UNAVAILABLE,,,,,,,,,False,UNAVAILABLE,False
NCAAB_H2_1_AUSTIN_TRANSFER_V1,DISCOVERY,8a1909462caa1be8,NCAAB_20251127_MINN_STAN,KXNCAAMBGAME-25NOV27MINNSTAN-STAN,1,1080,2025-11-28T02:45:58+00:00,PRE_ENTRY,False,PRE_ENTRY,PRE_80,HISTORICAL_RECONSTRUCT,ASKED_SIX_FIRST80,80,56,,,0,0,,,,,,,,,,,,,,UNAVAILABLE,,,,,,,,,False,UNAVAILABLE,False
NCAAB_H2_1_AUSTIN_TRANSFER_V1,DISCOVERY,8a1909462caa1be8,NCAAB_20251127_MINN_STAN,KXNCAAMBGAME-25NOV27MINNSTAN-STAN,1,960,2025-11-28T02:45:58+00:00,PRE_ENTRY,False,PRE_ENTRY,PRE_80,HISTORICAL_RECONSTRUCT,ASKED_SIX_FIRST80,80,56,,,0,0,,,,,,,,,,,,,,UNAVAILABLE,,,,,,,,,False,UNAVAILABLE,False
NCAAB_H2_1_AUSTIN_TRANSFER_V1,DISCOVERY,8a1909462caa1be8,NCAAB_20251127_MINN_STAN,KXNCAAMBGAME-25NOV27MINNSTAN-STAN,1,840,2025-11-28T02:45:58+00:00,PRE_ENTRY,False,PRE_ENTRY,PRE_80,HISTORICAL_RECONSTRUCT,ASKED_SIX_FIRST80,80,56,,,0,0,,,,,,,,,,,,,,UNAVAILABLE,,,,,,,,,False,UNAVAILABLE,False
NCAAB_H2_1_AUSTIN_TRANSFER_V1,DISCOVERY,8a1909462caa1be8,NCAAB_20251127_MINN_STAN,KXNCAAMBGAME-25NOV27MINNSTAN-STAN,1,720,2025-11-28T02:45:58+00:00,PRE_ENTRY,False,PRE_ENTRY,PRE_80,HISTORICAL_RECONSTRUCT,ASKED_SIX_FIRST80,80,56,,,0,0,,,,,,,,,,,,,,UNAVAILABLE,,,,,,,,,False,UNAVAILABLE,False
NCAAB_H2_1_AUSTIN_TRANSFER_V1,DISCOVERY,8a1909462caa1be8,NCAAB_20251127_MINN_STAN,KXNCAAMBGAME-25NOV27MINNSTAN-STAN,1,600,2025-11-28T02:45:58+00:00,PRE_ENTRY,False,PRE_ENTRY,PRE_80,HISTORICAL_RECONSTRUCT,ASKED_SIX_FIRST80,80,56,,,0,0,,,,,,,,,,,,,,UNAVAILABLE,,,,,,,,,False,UNAVAILABLE,False
NCAAB_H2_1_AUSTIN_TRANSFER_V1,DISCOVERY,8a1909462caa1be8,NCAAB_20251127_MINN_STAN,KXNCAAMBGAME-25NOV27MINNSTAN-STAN,1,480,2025-11-28T02:45:58+00:00,PRE_ENTRY,False,PRE_ENTRY,PRE_80,HISTORICAL_RECONSTRUCT,ASKED_SIX_FIRST80,80,56,,,0,0,,,,,,,,,,,,,,UNAVAILABLE,,,,,,,,,False,UNAVAILABLE,False
NCAAB_H2_1_AUSTIN_TRANSFER_V1,DISCOVERY,8a1909462caa1be8,NCAAB_20251127_MINN_STAN,KXNCAAMBGAME-25NOV27MINNSTAN-STAN,1,360,2025-11-28T02:45:58+00:00,PRE_ENTRY,False,PRE_ENTRY,PRE_80,HISTORICAL_RECONSTRUCT,ASKED_SIX_FIRST80,80,56,,,0,0,,,,,,,,,,,,,,UNAVAILABLE,,,,,,,,,False,UNAVAILABLE,False
NCAAB_H2_1_AUSTIN_TRANSFER_V1,DISCOVERY,8a1909462caa1be8,NCAAB_20251127_MINN_STAN,KXNCAAMBGAME-25NOV27MINNSTAN-STAN,1,240,2025-11-28T02:45:58+00:00,PRE_ENTRY,False,PRE_ENTRY,PRE_80,HISTORICAL_RECONSTRUCT,ASKED_SIX_FIRST80,80,56,,,0,0,,,,,,,,,,,,,,UNAVAILABLE,,,,,,,,,False,UNAVAILABLE,False
NCAAB_H2_1_AUSTIN_TRANSFER_V1,DISCOVERY,8a1909462caa1be8,NCAAB_20251127_MINN_STAN,KXNCAAMBGAME-25NOV27MINNSTAN-STAN,1,120,2025-11-28T03:27:06+00:00,PRE_ENTRY,False,PRE_ENTRY,PRE_80,HISTORICAL_RECONSTRUCT,ASKED_SIX_FIRST80,80,35,,,34,27,,,,,,,,,,,,,,UNAVAILABLE,,,,,,,,,False,UNAVAILABLE,False
NCAAB_H2_1_AUSTIN_TRANSFER_V1,DISCOVERY,8a1909462caa1be8,NCAAB_20251127_MINN_STAN,KXNCAAMBGAME-25NOV27MINNSTAN-STAN,1,0,2025-11-28T03:31:11+00:00,PRE_ENTRY,False,PRE_ENTRY,PRE_80,HISTORICAL_RECONSTRUCT,ASKED_SIX_FIRST80,80,47,,,34,31,,,,,,,,,,,,,,UNAVAILABLE,,,,,,,,,False,UNAVAILABLE,False
NCAAB_H2_1_AUSTIN_TRANSFER_V1,DISCOVERY,8a1909462caa1be8,NCAAB_20251127_MINN_STAN,KXNCAAMBGAME-25NOV27MINNSTAN-STAN,2,1200,2025-11-28T03:45:37+00:00,PRE_ENTRY,False,PRE_ENTRY,PRE_80,HISTORICAL_RECONSTRUCT,ASKED_SIX_FIRST80,80,50,,,34,31,,,,,,,,,,,,,,UNAVAILABLE,,,,,,,,,False,UNAVAILABLE,False
NCAAB_H2_1_AUSTIN_TRANSFER_V1,DISCOVERY,8a1909462caa1be8,NCAAB_20251127_MINN_STAN,KXNCAAMBGAME-25NOV27MINNSTAN-STAN,2,1080,2025-11-28T03:45:37+00:00,PRE_ENTRY,False,PRE_ENTRY,PRE_80,HISTORICAL_RECONSTRUCT,ASKED_SIX_FIRST80,80,50,,,34,31,,,,,,,,,,,,,,UNAVAILABLE,,,,,,,,,False,UNAVAILABLE,False
NCAAB_H2_1_AUSTIN_TRANSFER_V1,DISCOVERY,8a1909462caa1be8,NCAAB_20251127_MINN_STAN,KXNCAAMBGAME-25NOV27MINNSTAN-STAN,2,960,2025-11-28T03:45:37+00:00,PRE_ENTRY,False,PRE_ENTRY,PRE_80,HISTORICAL_RECONSTRUCT,ASKED_SIX_FIRST80,80,50,,,34,31,,,,,,,,,,,,,,UNAVAILABLE,,,,,,,,,False,UNAVAILABLE,False
NCAAB_H2_1_AUSTIN_TRANSFER_V1,DISCOVERY,8a1909462caa1be8,NCAAB_20251127_MINN_STAN,KXNCAAMBGAME-25NOV27MINNSTAN-STAN,2,840,2025-11-28T03:45:37+00:00,PRE_ENTRY,False,PRE_ENTRY,PRE_80,HISTORICAL_RECONSTRUCT,ASKED_SIX_FIRST80,80,50,,,34,31,,,,,,,,,,,,,,UNAVAILABLE,,,,,,,,,False,UNAVAILABLE,False
NCAAB_H2_1_AUSTIN_TRANSFER_V1,DISCOVERY,8a1909462caa1be8,NCAAB_20251127_MINN_STAN,KXNCAAMBGAME-25NOV27MINNSTAN-STAN,2,720,2025-11-28T03:45:37+00:00,PRIMARY_GRID,True,,PRE_80,HISTORICAL_RECONSTRUCT,NONE,,50,,,34,31,INSUFFICIENT_SAMPLE,NO_ENTRY_IN_FITTED_SPACE,,,,95% CI — weighted bootstrap,25,,,,,0.30434782608695654,UNAVAILABLE,NOT_APPLICABLE,20,20,VALUE,False,False,,,,False,UNAVAILABLE,False
NCAAB_H2_1_AUSTIN_TRANSFER_V1,DISCOVERY,8a1909462caa1be8,NCAAB_20251127_MINN_STAN,KXNCAAMBGAME-25NOV27MINNSTAN-STAN,2,600,2025-11-28T03:45:37+00:00,PRIMARY_GRID,True,,PRE_80,HISTORICAL_RECONSTRUCT,NONE,,50,,,34,31,INSUFFICIENT_SAMPLE,NO_ENTRY_IN_FITTED_SPACE,,,,95% CI — weighted bootstrap,25,,,,,0.30434782608695654,UNAVAILABLE,NOT_APPLICABLE,20,20,VALUE,False,False,,,,False,UNAVAILABLE,False
NCAAB_H2_1_AUSTIN_TRANSFER_V1,DISCOVERY,8a1909462caa1be8,NCAAB_20251127_MINN_STAN,KXNCAAMBGAME-25NOV27MINNSTAN-STAN,2,480,2025-11-28T03:45:37+00:00,PRIMARY_GRID,True,,PRE_80,HISTORICAL_RECONSTRUCT,NONE,,50,,,34,31,INSUFFICIENT_SAMPLE,NO_ENTRY_IN_FITTED_SPACE,,,,95% CI — weighted bootstrap,25,,,,,0.30434782608695654,UNAVAILABLE,NOT_APPLICABLE,20,20,VALUE,False,False,,,,False,UNAVAILABLE,False
NCAAB_H2_1_AUSTIN_TRANSFER_V1,DISCOVERY,8a1909462caa1be8,NCAAB_20251127_MINN_STAN,KXNCAAMBGAME-25NOV27MINNSTAN-STAN,2,360,2025-11-28T03:45:37+00:00,PRIMARY_GRID,True,,PRE_80,HISTORICAL_RECONSTRUCT,NONE,,50,,,34,31,INSUFFICIENT_SAMPLE,NO_ENTRY_IN_FITTED_SPACE,,,,95% CI — weighted bootstrap,25,,,,,0.30434782608695654,UNAVAILABLE,NOT_APPLICABLE,20,20,VALUE,False,False,,,,False,UNAVAILABLE,False
NCAAB_H2_1_AUSTIN_TRANSFER_V1,DISCOVERY,8a1909462caa1be8,NCAAB_20251127_MINN_STAN,KXNCAAMBGAME-25NOV27MINNSTAN-STAN,2,240,2025-11-28T03:45:37+00:00,PRIMARY_GRID,True,,PRE_80,HISTORICAL_RECONSTRUCT,NONE,,50,,,34,31,INSUFFICIENT_SAMPLE,NO_ENTRY_IN_FITTED_SPACE,,,,95% CI — weighted bootstrap,25,,,,,0.30434782608695654,UNAVAILABLE,NOT_APPLICABLE,20,20,VALUE,False,False,,,,False,UNAVAILABLE,False
NCAAB_H2_1_AUSTIN_TRANSFER_V1,DISCOVERY,8a1909462caa1be8,NCAAB_20251127_MINN_STAN,KXNCAAMBGAME-25NOV27MINNSTAN-STAN,2,120,2025-11-28T03:45:37+00:00,PRIMARY_GRID,True,,PRE_80,HISTORICAL_RECONSTRUCT,NONE,,50,,,34,31,INSUFFICIENT_SAMPLE,NO_ENTRY_IN_FITTED_SPACE,,,,95% CI — weighted bootstrap,25,,,,,0.30434782608695654,UNAVAILABLE,NOT_APPLICABLE,20,20,VALUE,False,False,,,,False,UNAVAILABLE,False
NCAAB_H2_1_AUSTIN_TRANSFER_V1,DISCOVERY,8a1909462caa1be8,NCAAB_20251127_MINN_STAN,KXNCAAMBGAME-25NOV27MINNSTAN-STAN,2,0,2025-11-28T04:48:00+00:00,PRIMARY_GRID,True,,POST_80,HISTORICAL_RECONSTRUCT,ASKED_SIX_FIRST80,80,94,14,749,68,72,OBSERVED,,20.0,20.0,20.0,95% CI — weighted bootstrap,25,25,24.549114702130524,0.9538191270474372,0.9458163927747353,1.0,OBSERVED,VALUE,20,,NOT_APPLICABLE,True,True,20.0,20.0,0.0,False,UNAVAILABLE,False
NCAAB_H2_1_AUSTIN_TRANSFER_V1,DISCOVERY,8a1909462caa1be8,NCAAB_20251127_MINN_STAN,KXNCAAMBGAME-25NOV27MINNSTAN-STAN,2,749,2025-11-28T04:05:00+00:00,DIAGNOSTIC_EVENT,False,,POST_80,HISTORICAL_RECONSTRUCT,ASKED_SIX_FIRST80,80,75,-5,0,43,50,OBSERVED,,19.999999999999996,20.0,20.0,95% CI — weighted bootstrap,25,25,22.019812547238057,0.9506588818123172,0.8637557964635922,0.7246376811594203,OBSERVED,VALUE,20,,NOT_APPLICABLE,True,True,20.0,19.999999999999996,-3.552713678800501e-15,False,UNAVAILABLE,False
NCAAB_H2_1_AUSTIN_TRANSFER_V1,DISCOVERY,8a1909462caa1be8,NCAAB_20251127_MINN_STAN,KXNCAAMBGAME-25NOV27MINNSTAN-STAN,2,448,2025-11-28T04:17:00+00:00,DIAGNOSTIC_EVENT,False,,POST_80,HISTORICAL_RECONSTRUCT,ASKED_SIX_FIRST80,80,72,-8,301,55,57,OBSERVED,,-0.5167703579737016,-16.09999999999991,16.0,95% CI — weighted bootstrap,25,25,20.03146185891193,0.5573831538017451,0.5198001636971883,0.9855072463768116,OBSERVED,VALUE,20,,NOT_APPLICABLE,True,True,20.0,-0.5167703579737016,-20.5167703579737,False,UNAVAILABLE,False
NCAAB_H2_1_AUSTIN_TRANSFER_V1,DISCOVERY,fcb24755885a9643,NCAAB_20251128_WIS_TCU,KXNCAAMBGAME-25NOV28WISTCU-TCU,1,1200,2025-11-28T22:50:17+00:00,PRE_ENTRY,False,PRE_ENTRY,PRE_80,HISTORICAL_RECONSTRUCT,ASKED_SIX_FIRST80,84,29,,,0,0,,,,,,,,,,,,,,UNAVAILABLE,,,,,,,,,False,UNAVAILABLE,False
NCAAB_H2_1_AUSTIN_TRANSFER_V1,DISCOVERY,fcb24755885a9643,NCAAB_20251128_WIS_TCU,KXNCAAMBGAME-25NOV28WISTCU-TCU,1,1080,2025-11-28T22:53:09+00:00,PRE_ENTRY,False,PRE_ENTRY,PRE_80,HISTORICAL_RECONSTRUCT,ASKED_SIX_FIRST80,84,35,,,4,0,,,,,,,,,,,,,,UNAVAILABLE,,,,,,,,,False,UNAVAILABLE,False
NCAAB_H2_1_AUSTIN_TRANSFER_V1,DISCOVERY,fcb24755885a9643,NCAAB_20251128_WIS_TCU,KXNCAAMBGAME-25NOV28WISTCU-TCU,1,960,2025-11-28T22:57:44+00:00,PRE_ENTRY,False,PRE_ENTRY,PRE_80,HISTORICAL_RECONSTRUCT,ASKED_SIX_FIRST80,84,35,,,9,4,,,,,,,,,,,,,,UNAVAILABLE,,,,,,,,,False,UNAVAILABLE,False
NCAAB_H2_1_AUSTIN_TRANSFER_V1,DISCOVERY,fcb24755885a9643,NCAAB_20251128_WIS_TCU,KXNCAAMBGAME-25NOV28WISTCU-TCU,1,840,2025-11-28T23:03:48+00:00,PRE_ENTRY,False,PRE_ENTRY,PRE_80,HISTORICAL_RECONSTRUCT,ASKED_SIX_FIRST80,84,50,,,17,7,,,,,,,,,,,,,,UNAVAILABLE,,,,,,,,,False,UNAVAILABLE,False
NCAAB_H2_1_AUSTIN_TRANSFER_V1,DISCOVERY,fcb24755885a9643,NCAAB_20251128_WIS_TCU,KXNCAAMBGAME-25NOV28WISTCU-TCU,1,720,2025-11-28T22:50:17+00:00,PRE_ENTRY,False,PRE_ENTRY,PRE_80,HISTORICAL_RECONSTRUCT,ASKED_SIX_FIRST80,84,29,,,0,0,,,,,,,,,,,,,,UNAVAILABLE,,,,,,,,,False,UNAVAILABLE,False
NCAAB_H2_1_AUSTIN_TRANSFER_V1,DISCOVERY,fcb24755885a9643,NCAAB_20251128_WIS_TCU,KXNCAAMBGAME-25NOV28WISTCU-TCU,1,600,2025-11-28T22:50:17+00:00,PRE_ENTRY,False,PRE_ENTRY,PRE_80,HISTORICAL_RECONSTRUCT,ASKED_SIX_FIRST80,84,29,,,0,0,,,,,,,,,,,,,,UNAVAILABLE,,,,,,,,,False,UNAVAILABLE,False
NCAAB_H2_1_AUSTIN_TRANSFER_V1,DISCOVERY,fcb24755885a9643,NCAAB_20251128_WIS_TCU,KXNCAAMBGAME-25NOV28WISTCU-TCU,1,480,2025-11-28T22:50:17+00:00,PRE_ENTRY,False,PRE_ENTRY,PRE_80,HISTORICAL_RECONSTRUCT,ASKED_SIX_FIRST80,84,29,,,0,0,,,,,,,,,,,,,,UNAVAILABLE,,,,,,,,,False,UNAVAILABLE,False
NCAAB_H2_1_AUSTIN_TRANSFER_V1,DISCOVERY,fcb24755885a9643,NCAAB_20251128_WIS_TCU,KXNCAAMBGAME-25NOV28WISTCU-TCU,1,360,2025-11-28T22:50:17+00:00,PRE_ENTRY,False,PRE_ENTRY,PRE_80,HISTORICAL_RECONSTRUCT,ASKED_SIX_FIRST80,84,29,,,0,0,,,,,,,,,,,,,,UNAVAILABLE,,,,,,,,,False,UNAVAILABLE,False
NCAAB_H2_1_AUSTIN_TRANSFER_V1,DISCOVERY,fcb24755885a9643,NCAAB_20251128_WIS_TCU,KXNCAAMBGAME-25NOV28WISTCU-TCU,1,240,2025-11-28T22:50:17+00:00,PRE_ENTRY,False,PRE_ENTRY,PRE_80,HISTORICAL_RECONSTRUCT,ASKED_SIX_FIRST80,84,29,,,0,0,,,,,,,,,,,,,,UNAVAILABLE,,,,,,,,,False,UNAVAILABLE,False
NCAAB_H2_1_AUSTIN_TRANSFER_V1,DISCOVERY,fcb24755885a9643,NCAAB_20251128_WIS_TCU,KXNCAAMBGAME-25NOV28WISTCU-TCU,1,120,2025-11-28T22:50:17+00:00,PRE_ENTRY,False,PRE_ENTRY,PRE_80,HISTORICAL_RECONSTRUCT,ASKED_SIX_FIRST80,84,29,,,0,0,,,,,,,,,,,,,,UNAVAILABLE,,,,,,,,,False,UNAVAILABLE,False
NCAAB_H2_1_AUSTIN_TRANSFER_V1,DISCOVERY,fcb24755885a9643,NCAAB_20251128_WIS_TCU,KXNCAAMBGAME-25NOV28WISTCU-TCU,1,0,2025-11-28T23:37:40+00:00,PRE_ENTRY,False,PRE_ENTRY,PRE_80,HISTORICAL_RECONSTRUCT,ASKED_SIX_FIRST80,84,47,,,41,37,,,,,,,,,,,,,,UNAVAILABLE,,,,,,,,,False,UNAVAILABLE,False
NCAAB_H2_1_AUSTIN_TRANSFER_V1,DISCOVERY,fcb24755885a9643,NCAAB_20251128_WIS_TCU,KXNCAAMBGAME-25NOV28WISTCU-TCU,2,1200,2025-11-28T23:54:15+00:00,PRE_ENTRY,False,PRE_ENTRY,PRE_80,HISTORICAL_RECONSTRUCT,ASKED_SIX_FIRST80,84,42,,,41,37,,,,,,,,,,,,,,UNAVAILABLE,,,,,,,,,False,UNAVAILABLE,False
NCAAB_H2_1_AUSTIN_TRANSFER_V1,DISCOVERY,fcb24755885a9643,NCAAB_20251128_WIS_TCU,KXNCAAMBGAME-25NOV28WISTCU-TCU,2,1080,2025-11-28T23:54:15+00:00,PRE_ENTRY,False,PRE_ENTRY,PRE_80,HISTORICAL_RECONSTRUCT,ASKED_SIX_FIRST80,84,42,,,41,37,,,,,,,,,,,,,,UNAVAILABLE,,,,,,,,,False,UNAVAILABLE,False
NCAAB_H2_1_AUSTIN_TRANSFER_V1,DISCOVERY,fcb24755885a9643,NCAAB_20251128_WIS_TCU,KXNCAAMBGAME-25NOV28WISTCU-TCU,2,960,2025-11-28T23:54:15+00:00,PRE_ENTRY,False,PRE_ENTRY,PRE_80,HISTORICAL_RECONSTRUCT,ASKED_SIX_FIRST80,84,42,,,41,37,,,,,,,,,,,,,,UNAVAILABLE,,,,,,,,,False,UNAVAILABLE,False
NCAAB_H2_1_AUSTIN_TRANSFER_V1,DISCOVERY,fcb24755885a9643,NCAAB_20251128_WIS_TCU,KXNCAAMBGAME-25NOV28WISTCU-TCU,2,840,2025-11-28T23:54:15+00:00,PRIMARY_GRID,True,,PRE_80,HISTORICAL_RECONSTRUCT,NONE,,42,,,41,37,INSUFFICIENT_SAMPLE,NO_ENTRY_IN_FITTED_SPACE,,,,95% CI — weighted bootstrap,25,,,,,0.30434782608695654,UNAVAILABLE,NOT_APPLICABLE,20,20,VALUE,False,False,,,,False,UNAVAILABLE,False
NCAAB_H2_1_AUSTIN_TRANSFER_V1,DISCOVERY,fcb24755885a9643,NCAAB_20251128_WIS_TCU,KXNCAAMBGAME-25NOV28WISTCU-TCU,2,720,2025-11-28T23:54:15+00:00,PRIMARY_GRID,True,,PRE_80,HISTORICAL_RECONSTRUCT,NONE,,42,,,41,37,INSUFFICIENT_SAMPLE,NO_ENTRY_IN_FITTED_SPACE,,,,95% CI — weighted bootstrap,25,,,,,0.30434782608695654,UNAVAILABLE,NOT_APPLICABLE,20,20,VALUE,False,False,,,,False,UNAVAILABLE,False
NCAAB_H2_1_AUSTIN_TRANSFER_V1,DISCOVERY,fcb24755885a9643,NCAAB_20251128_WIS_TCU,KXNCAAMBGAME-25NOV28WISTCU-TCU,2,600,2025-11-28T23:54:15+00:00,PRIMARY_GRID,True,,PRE_80,HISTORICAL_RECONSTRUCT,NONE,,42,,,41,37,INSUFFICIENT_SAMPLE,NO_ENTRY_IN_FITTED_SPACE,,,,95% CI — weighted bootstrap,25,,,,,0.30434782608695654,UNAVAILABLE,NOT_APPLICABLE,20,20,VALUE,False,False,,,,False,UNAVAILABLE,False
NCAAB_H2_1_AUSTIN_TRANSFER_V1,DISCOVERY,fcb24755885a9643,NCAAB_20251128_WIS_TCU,KXNCAAMBGAME-25NOV28WISTCU-TCU,2,480,2025-11-29T00:28:43+00:00,PRIMARY_GRID,True,,POST_80,HISTORICAL_RECONSTRUCT,ASKED_SIX_FIRST80,84,99,15,374,65,48,OBSERVED,,-0.10077435837961513,-16.0,12.099999999999909,95% CI — weighted bootstrap,25,25,24.30398213567666,0.9425400633413689,0.9243023757984825,0.9855072463768116,OBSERVED,VALUE,20,,NOT_APPLICABLE,True,True,-0.10077435837961513,-0.10077435837961513,0.0,False,UNAVAILABLE,False
NCAAB_H2_1_AUSTIN_TRANSFER_V1,DISCOVERY,fcb24755885a9643,NCAAB_20251128_WIS_TCU,KXNCAAMBGAME-25NOV28WISTCU-TCU,2,360,2025-11-28T23:54:15+00:00,PRIMARY_GRID,True,,PRE_80,HISTORICAL_RECONSTRUCT,NONE,,42,,,41,37,INSUFFICIENT_SAMPLE,NO_ENTRY_IN_FITTED_SPACE,,,,95% CI — weighted bootstrap,25,,,,,0.30434782608695654,UNAVAILABLE,NOT_APPLICABLE,20,20,VALUE,False,False,-0.10077435837961513,,,False,UNAVAILABLE,False
NCAAB_H2_1_AUSTIN_TRANSFER_V1,DISCOVERY,fcb24755885a9643,NCAAB_20251128_WIS_TCU,KXNCAAMBGAME-25NOV28WISTCU-TCU,2,240,2025-11-28T23:54:15+00:00,PRIMARY_GRID,True,,PRE_80,HISTORICAL_RECONSTRUCT,NONE,,42,,,41,37,INSUFFICIENT_SAMPLE,NO_ENTRY_IN_FITTED_SPACE,,,,95% CI — weighted bootstrap,25,,,,,0.30434782608695654,UNAVAILABLE,NOT_APPLICABLE,20,20,VALUE,False,False,-0.10077435837961513,,,False,UNAVAILABLE,False
NCAAB_H2_1_AUSTIN_TRANSFER_V1,DISCOVERY,fcb24755885a9643,NCAAB_20251128_WIS_TCU,KXNCAAMBGAME-25NOV28WISTCU-TCU,2,120,2025-11-28T23:54:15+00:00,PRIMARY_GRID,True,,PRE_80,HISTORICAL_RECONSTRUCT,NONE,,42,,,41,37,INSUFFICIENT_SAMPLE,NO_ENTRY_IN_FITTED_SPACE,,,,95% CI — weighted bootstrap,25,,,,,0.30434782608695654,UNAVAILABLE,NOT_APPLICABLE,20,20,VALUE,False,False,-0.10077435837961513,,,False,UNAVAILABLE,False
NCAAB_H2_1_AUSTIN_TRANSFER_V1,DISCOVERY,fcb24755885a9643,NCAAB_20251128_WIS_TCU,KXNCAAMBGAME-25NOV28WISTCU-TCU,2,0,2025-11-29T00:57:05+00:00,PRIMARY_GRID,True,,POST_80,HISTORICAL_RECONSTRUCT,ASKED_SIX_FIRST80,84,99,15,854,74,63,OBSERVED,,1.7967608588835629,-16.0,16.0,95% CI — weighted bootstrap,25,25,24.61333725221925,0.9433680817039575,0.9295526712323811,1.0,OBSERVED,VALUE,20,,NOT_APPLICABLE,True,True,-0.10077435837961513,1.7967608588835629,1.897535217263178,False,UNAVAILABLE,False
NCAAB_H2_1_AUSTIN_TRANSFER_V1,DISCOVERY,fcb24755885a9643,NCAAB_20251128_WIS_TCU,KXNCAAMBGAME-25NOV28WISTCU-TCU,2,854,2025-11-29T00:10:00+00:00,DIAGNOSTIC_EVENT,False,,POST_80,HISTORICAL_RECONSTRUCT,ASKED_SIX_FIRST80,84,79,-5,0,54,40,OBSERVED,,-8.631423903585915,-28.0,8.0,95% CI — weighted bootstrap,25,25,23.51387087360956,1.163159114909481,1.0957734506803054,0.7246376811594203,OBSERVED,VALUE,20,,NOT_APPLICABLE,True,True,-0.10077435837961513,-8.631423903585915,-8.5306495452063,False,UNAVAILABLE,False
NCAAB_H2_1_AUSTIN_TRANSFER_V1,DISCOVERY,3cd4429a5abc895c,NCAAB_20251128_SMU_MSST,KXNCAAMBGAME-25NOV28SMUMSST-MSST,1,1200,2025-11-29T00:01:52+00:00,PRE_ENTRY,False,PRE_ENTRY,PRE_80,HISTORICAL_RECONSTRUCT,ASKED_SIX_FIRST80,83,49,,,0,0,,,,,,,,,,,,,,UNAVAILABLE,,,,,,,,,False,UNAVAILABLE,False
NCAAB_H2_1_AUSTIN_TRANSFER_V1,DISCOVERY,3cd4429a5abc895c,NCAAB_20251128_SMU_MSST,KXNCAAMBGAME-25NOV28SMUMSST-MSST,1,1080,2025-11-29T00:01:52+00:00,PRE_ENTRY,False,PRE_ENTRY,PRE_80,HISTORICAL_RECONSTRUCT,ASKED_SIX_FIRST80,83,49,,,0,0,,,,,,,,,,,,,,UNAVAILABLE,,,,,,,,,False,UNAVAILABLE,False
NCAAB_H2_1_AUSTIN_TRANSFER_V1,DISCOVERY,3cd4429a5abc895c,NCAAB_20251128_SMU_MSST,KXNCAAMBGAME-25NOV28SMUMSST-MSST,1,960,2025-11-29T00:01:52+00:00,PRE_ENTRY,False,PRE_ENTRY,PRE_80,HISTORICAL_RECONSTRUCT,ASKED_SIX_FIRST80,83,49,,,0,0,,,,,,,,,,,,,,UNAVAILABLE,,,,,,,,,False,UNAVAILABLE,False
NCAAB_H2_1_AUSTIN_TRANSFER_V1,DISCOVERY,3cd4429a5abc895c,NCAAB_20251128_SMU_MSST,KXNCAAMBGAME-25NOV28SMUMSST-MSST,1,840,2025-11-29T00:01:52+00:00,PRE_ENTRY,False,PRE_ENTRY,PRE_80,HISTORICAL_RECONSTRUCT,ASKED_SIX_FIRST80,83,49,,,0,0,,,,,,,,,,,,,,UNAVAILABLE,,,,,,,,,False,UNAVAILABLE,False
NCAAB_H2_1_AUSTIN_TRANSFER_V1,DISCOVERY,3cd4429a5abc895c,NCAAB_20251128_SMU_MSST,KXNCAAMBGAME-25NOV28SMUMSST-MSST,1,720,2025-11-29T00:01:52+00:00,PRE_ENTRY,False,PRE_ENTRY,PRE_80,HISTORICAL_RECONSTRUCT,ASKED_SIX_FIRST80,83,49,,,0,0,,,,,,,,,,,,,,UNAVAILABLE,,,,,,,,,False,UNAVAILABLE,False
NCAAB_H2_1_AUSTIN_TRANSFER_V1,DISCOVERY,3cd4429a5abc895c,NCAAB_20251128_SMU_MSST,KXNCAAMBGAME-25NOV28SMUMSST-MSST,1,600,2025-11-29T00:01:52+00:00,PRE_ENTRY,False,PRE_ENTRY,PRE_80,HISTORICAL_RECONSTRUCT,ASKED_SIX_FIRST80,83,49,,,0,0,,,,,,,,,,,,,,UNAVAILABLE,,,,,,,,,False,UNAVAILABLE,False
NCAAB_H2_1_AUSTIN_TRANSFER_V1,DISCOVERY,3cd4429a5abc895c,NCAAB_20251128_SMU_MSST,KXNCAAMBGAME-25NOV28SMUMSST-MSST,1,480,2025-11-29T00:01:52+00:00,PRE_ENTRY,False,PRE_ENTRY,PRE_80,HISTORICAL_RECONSTRUCT,ASKED_SIX_FIRST80,83,49,,,0,0,,,,,,,,,,,,,,UNAVAILABLE,,,,,,,,,False,UNAVAILABLE,False
NCAAB_H2_1_AUSTIN_TRANSFER_V1,DISCOVERY,3cd4429a5abc895c,NCAAB_20251128_SMU_MSST,KXNCAAMBGAME-25NOV28SMUMSST-MSST,1,360,2025-11-29T00:01:52+00:00,PRE_ENTRY,False,PRE_ENTRY,PRE_80,HISTORICAL_RECONSTRUCT,ASKED_SIX_FIRST80,83,49,,,0,0,,,,,,,,,,,,,,UNAVAILABLE,,,,,,,,,False,UNAVAILABLE,False
NCAAB_H2_1_AUSTIN_TRANSFER_V1,DISCOVERY,3cd4429a5abc895c,NCAAB_20251128_SMU_MSST,KXNCAAMBGAME-25NOV28SMUMSST-MSST,1,240,2025-11-29T00:37:15+00:00,PRE_ENTRY,False,PRE_ENTRY,PRE_80,HISTORICAL_RECONSTRUCT,ASKED_SIX_FIRST80,83,50,,,31,32,,,,,,,,,,,,,,UNAVAILABLE,,,,,,,,,False,UNAVAILABLE,False
NCAAB_H2_1_AUSTIN_TRANSFER_V1,DISCOVERY,3cd4429a5abc895c,NCAAB_20251128_SMU_MSST,KXNCAAMBGAME-25NOV28SMUMSST-MSST,1,120,2025-11-29T00:01:52+00:00,PRE_ENTRY,False,PRE_ENTRY,PRE_80,HISTORICAL_RECONSTRUCT,ASKED_SIX_FIRST80,83,49,,,0,0,,,,,,,,,,,,,,UNAVAILABLE,,,,,,,,,False,UNAVAILABLE,False
NCAAB_H2_1_AUSTIN_TRANSFER_V1,DISCOVERY,3cd4429a5abc895c,NCAAB_20251128_SMU_MSST,KXNCAAMBGAME-25NOV28SMUMSST-MSST,1,0,2025-11-29T00:48:17+00:00,PRE_ENTRY,False,PRE_ENTRY,PRE_80,HISTORICAL_RECONSTRUCT,ASKED_SIX_FIRST80,83,57,,,43,39,,,,,,,,,,,,,,UNAVAILABLE,,,,,,,,,False,UNAVAILABLE,False
NCAAB_H2_1_AUSTIN_TRANSFER_V1,DISCOVERY,3cd4429a5abc895c,NCAAB_20251128_SMU_MSST,KXNCAAMBGAME-25NOV28SMUMSST-MSST,2,1200,2025-11-29T01:02:13+00:00,PRE_ENTRY,False,PRE_ENTRY,PRE_80,HISTORICAL_RECONSTRUCT,ASKED_SIX_FIRST80,83,60,,,43,39,,,,,,,,,,,,,,UNAVAILABLE,,,,,,,,,False,UNAVAILABLE,False
NCAAB_H2_1_AUSTIN_TRANSFER_V1,DISCOVERY,3cd4429a5abc895c,NCAAB_20251128_SMU_MSST,KXNCAAMBGAME-25NOV28SMUMSST-MSST,2,1080,2025-11-29T01:02:13+00:00,PRE_ENTRY,False,PRE_ENTRY,PRE_80,HISTORICAL_RECONSTRUCT,ASKED_SIX_FIRST80,83,60,,,43,39,,,,,,,,,,,,,,UNAVAILABLE,,,,,,,,,False,UNAVAILABLE,False
NCAAB_H2_1_AUSTIN_TRANSFER_V1,DISCOVERY,3cd4429a5abc895c,NCAAB_20251128_SMU_MSST,KXNCAAMBGAME-25NOV28SMUMSST-MSST,2,960,2025-11-29T01:02:13+00:00,PRE_ENTRY,False,PRE_ENTRY,PRE_80,HISTORICAL_RECONSTRUCT,ASKED_SIX_FIRST80,83,60,,,43,39,,,,,,,,,,,,,,UNAVAILABLE,,,,,,,,,False,UNAVAILABLE,False
NCAAB_H2_1_AUSTIN_TRANSFER_V1,DISCOVERY,3cd4429a5abc895c,NCAAB_20251128_SMU_MSST,KXNCAAMBGAME-25NOV28SMUMSST-MSST,2,840,2025-11-29T01:02:13+00:00,PRE_ENTRY,False,PRE_ENTRY,PRE_80,HISTORICAL_RECONSTRUCT,ASKED_SIX_FIRST80,83,60,,,43,39,,,,,,,,,,,,,,UNAVAILABLE,,,,,,,,,False,UNAVAILABLE,False
NCAAB_H2_1_AUSTIN_TRANSFER_V1,DISCOVERY,3cd4429a5abc895c,NCAAB_20251128_SMU_MSST,KXNCAAMBGAME-25NOV28SMUMSST-MSST,2,720,2025-11-29T01:19:35+00:00,PRE_ENTRY,False,PRE_ENTRY,PRE_80,HISTORICAL_RECONSTRUCT,ASKED_SIX_FIRST80,83,73,,,55,48,,,,,,,,,,,,,,UNAVAILABLE,,,,,,,,,False,UNAVAILABLE,False
NCAAB_H2_1_AUSTIN_TRANSFER_V1,DISCOVERY,3cd4429a5abc895c,NCAAB_20251128_SMU_MSST,KXNCAAMBGAME-25NOV28SMUMSST-MSST,2,600,2025-11-29T01:02:13+00:00,PRIMARY_GRID,True,,PRE_80,HISTORICAL_RECONSTRUCT,NONE,,60,,,43,39,INSUFFICIENT_SAMPLE,NO_ENTRY_IN_FITTED_SPACE,,,,95% CI — weighted bootstrap,25,,,,,0.30434782608695654,UNAVAILABLE,NOT_APPLICABLE,-80,-80,VALUE,False,False,,,,False,UNAVAILABLE,False
NCAAB_H2_1_AUSTIN_TRANSFER_V1,DISCOVERY,3cd4429a5abc895c,NCAAB_20251128_SMU_MSST,KXNCAAMBGAME-25NOV28SMUMSST-MSST,2,480,2025-11-29T01:02:13+00:00,PRIMARY_GRID,True,,PRE_80,HISTORICAL_RECONSTRUCT,NONE,,60,,,43,39,INSUFFICIENT_SAMPLE,NO_ENTRY_IN_FITTED_SPACE,,,,95% CI — weighted bootstrap,25,,,,,0.30434782608695654,UNAVAILABLE,NOT_APPLICABLE,-80,-80,VALUE,False,False,,,,False,UNAVAILABLE,False
NCAAB_H2_1_AUSTIN_TRANSFER_V1,DISCOVERY,3cd4429a5abc895c,NCAAB_20251128_SMU_MSST,KXNCAAMBGAME-25NOV28SMUMSST-MSST,2,360,2025-11-29T01:02:13+00:00,PRIMARY_GRID,True,,PRE_80,HISTORICAL_RECONSTRUCT,NONE,,60,,,43,39,INSUFFICIENT_SAMPLE,NO_ENTRY_IN_FITTED_SPACE,,,,95% CI — weighted bootstrap,25,,,,,0.30434782608695654,UNAVAILABLE,NOT_APPLICABLE,-80,-80,VALUE,False,False,,,,False,UNAVAILABLE,False
NCAAB_H2_1_AUSTIN_TRANSFER_V1,DISCOVERY,3cd4429a5abc895c,NCAAB_20251128_SMU_MSST,KXNCAAMBGAME-25NOV28SMUMSST-MSST,2,240,2025-11-29T01:02:13+00:00,PRIMARY_GRID,True,,PRE_80,HISTORICAL_RECONSTRUCT,NONE,,60,,,43,39,INSUFFICIENT_SAMPLE,NO_ENTRY_IN_FITTED_SPACE,,,,95% CI — weighted bootstrap,25,,,,,0.30434782608695654,UNAVAILABLE,NOT_APPLICABLE,-80,-80,VALUE,False,False,,,,False,UNAVAILABLE,False
NCAAB_H2_1_AUSTIN_TRANSFER_V1,DISCOVERY,3cd4429a5abc895c,NCAAB_20251128_SMU_MSST,KXNCAAMBGAME-25NOV28SMUMSST-MSST,2,120,2025-11-29T01:02:13+00:00,PRIMARY_GRID,True,,PRE_80,HISTORICAL_RECONSTRUCT,NONE,,60,,,43,39,INSUFFICIENT_SAMPLE,NO_ENTRY_IN_FITTED_SPACE,,,,95% CI — weighted bootstrap,25,,,,,0.30434782608695654,UNAVAILABLE,NOT_APPLICABLE,-80,-80,VALUE,False,False,,,,False,UNAVAILABLE,False
NCAAB_H2_1_AUSTIN_TRANSFER_V1,DISCOVERY,3cd4429a5abc895c,NCAAB_20251128_SMU_MSST,KXNCAAMBGAME-25NOV28SMUMSST-MSST,2,0,2025-11-29T02:07:09+00:00,PRIMARY_GRID,True,,POST_80,HISTORICAL_RECONSTRUCT,ASKED_SIX_FIRST80,83,70,-13,635,74,74,OBSERVED,,-46.63204424299541,-64.0,-28.0,95% CI — weighted bootstrap,25,25,24.221933791849523,0.5131806527257103,0.5496839071713752,1.0,OBSERVED,VALUE,-80,,NOT_APPLICABLE,True,True,-46.63204424299541,-46.63204424299541,0.0,False,UNAVAILABLE,False
NCAAB_H2_1_AUSTIN_TRANSFER_V1,DISCOVERY,3cd4429a5abc895c,NCAAB_20251128_SMU_MSST,KXNCAAMBGAME-25NOV28SMUMSST-MSST,3,300,,NO_PBP,False,NO_PBP,,HISTORICAL_RECONSTRUCT,ASKED_SIX_FIRST80,83,,,,,,,,,,,,,,,,,,,UNAVAILABLE,,,,,,-46.63204424299541,,,False,UNAVAILABLE,False
NCAAB_H2_1_AUSTIN_TRANSFER_V1,DISCOVERY,3cd4429a5abc895c,NCAAB_20251128_SMU_MSST,KXNCAAMBGAME-25NOV28SMUMSST-MSST,3,180,2025-11-29T02:09:25+00:00,PRIMARY_GRID,True,,POST_80,HISTORICAL_RECONSTRUCT,ASKED_SIX_FIRST80,83,54,-29,640,74,74,OBSERVED,,-0.043410517261417536,-16.0,12.0,95% CI — weighted bootstrap,25,25,23.541737071599773,0.7641767990012587,0.7257443102979403,1.0,OBSERVED,VALUE,-80,,NOT_APPLICABLE,True,True,-46.63204424299541,-0.043410517261417536,46.58863372573399,False,UNAVAILABLE,False
NCAAB_H2_1_AUSTIN_TRANSFER_V1,DISCOVERY,3cd4429a5abc895c,NCAAB_20251128_SMU_MSST,KXNCAAMBGAME-25NOV28SMUMSST-MSST,3,60,2025-11-29T02:09:25+00:00,PRIMARY_GRID,True,,POST_80,HISTORICAL_RECONSTRUCT,ASKED_SIX_FIRST80,83,54,-29,640,74,74,OBSERVED,,-0.043410517261417536,-16.0,12.0,95% CI — weighted bootstrap,25,25,23.541737071599773,0.7641767990012587,0.7257443102979403,1.0,OBSERVED,VALUE,-80,,NOT_APPLICABLE,True,True,-46.63204424299541,-0.043410517261417536,46.58863372573399,False,UNAVAILABLE,False
NCAAB_H2_1_AUSTIN_TRANSFER_V1,DISCOVERY,3cd4429a5abc895c,NCAAB_20251128_SMU_MSST,KXNCAAMBGAME-25NOV28SMUMSST-MSST,2,635,2025-11-29T01:21:00+00:00,DIAGNOSTIC_EVENT,False,,POST_80,HISTORICAL_RECONSTRUCT,ASKED_SIX_FIRST80,83,75,-8,0,58,50,OBSERVED,,-1.8555050193220257,-20.0,12.0,95% CI — weighted bootstrap,25,25,23.30353403228491,0.9499848953220389,0.8934057683147172,0.7246376811594203,OBSERVED,VALUE,-80,,NOT_APPLICABLE,True,True,-46.63204424299541,-1.8555050193220257,44.77653922367339,False,UNAVAILABLE,False
NCAAB_H2_1_AUSTIN_TRANSFER_V1,DISCOVERY,3cd4429a5abc895c,NCAAB_20251128_SMU_MSST,KXNCAAMBGAME-25NOV28SMUMSST-MSST,2,401,2025-11-29T01:40:00+00:00,DIAGNOSTIC_EVENT,False,,POST_80,HISTORICAL_RECONSTRUCT,ASKED_SIX_FIRST80,83,78,-5,234,61,59,OBSERVED,,-2.407032045937127,-20.0,12.0,95% CI — weighted bootstrap,25,25,23.844237600751146,0.7591822341500813,0.719235320145917,0.9710144927536232,OBSERVED,VALUE,-80,,NOT_APPLICABLE,True,True,-46.63204424299541,-2.407032045937127,44.225012197058284,False,UNAVAILABLE,False
NCAAB_H2_1_AUSTIN_TRANSFER_V1,DISCOVERY,3cd4429a5abc895c,NCAAB_20251128_SMU_MSST,KXNCAAMBGAME-25NOV28SMUMSST-MSST,2,126,2025-11-29T01:57:00+00:00,DIAGNOSTIC_EVENT,False,,POST_80,HISTORICAL_RECONSTRUCT,ASKED_SIX_FIRST80,83,81,-2,509,71,69,OBSERVED,,5.719266492818208,-8.0,16.0,95% CI — weighted bootstrap,25,25,23.834391770791008,0.5136015905193901,0.4884269935349292,0.9855072463768116,OBSERVED,VALUE,-80,,NOT_APPLICABLE,True,True,-46.63204424299541,5.719266492818208,52.35131073581362,False,UNAVAILABLE,False
NCAAB_H2_1_AUSTIN_TRANSFER_V1,DISCOVERY,3cd4429a5abc895c,NCAAB_20251128_SMU_MSST,KXNCAAMBGAME-25NOV28SMUMSST-MSST,3,269,2025-11-29T02:10:00+00:00,DIAGNOSTIC_EVENT,False,,POST_80,HISTORICAL_RECONSTRUCT,ASKED_SIX_FIRST80,83,54,-29,666,74,74,OBSERVED,,13.527363633524967,4.0,20.0,95% CI — weighted bootstrap,25,25,24.10931212972579,0.6956874063814166,0.6973466241619773,1.0,OBSERVED,VALUE,-80,,NOT_APPLICABLE,True,True,-46.63204424299541,13.527363633524967,60.159407876520376,False,UNAVAILABLE,False
NCAAB_H2_1_AUSTIN_TRANSFER_V1,DISCOVERY,3cd4429a5abc895c,NCAAB_20251128_SMU_MSST,KXNCAAMBGAME-25NOV28SMUMSST-MSST,3,222,2025-11-29T02:11:00+00:00,DIAGNOSTIC_EVENT,False,,POST_80,HISTORICAL_RECONSTRUCT,ASKED_SIX_FIRST80,83,48,-35,713,74,76,OBSERVED,,9.044710474438508,-4.0,20.0,95% CI — weighted bootstrap,25,25,22.310587862893914,0.7376626992134065,0.7325524609231289,1.0,OBSERVED,VALUE,-80,,NOT_APPLICABLE,True,True,-46.63204424299541,9.044710474438508,55.67675471743392,False,UNAVAILABLE,False
NCAAB_H2_1_AUSTIN_TRANSFER_V1,DISCOVERY,3cd4429a5abc895c,NCAAB_20251128_SMU_MSST,KXNCAAMBGAME-25NOV28SMUMSST-MSST,3,222,2025-11-29T02:11:00+00:00,DIAGNOSTIC_EVENT,False,,POST_80,HISTORICAL_RECONSTRUCT,ASKED_SIX_FIRST80,83,48,-35,713,74,76,OBSERVED,,9.044710474438508,-4.0,20.0,95% CI — weighted bootstrap,25,25,22.310587862893914,0.7376626992134065,0.7325524609231289,1.0,OBSERVED,VALUE,-80,,NOT_APPLICABLE,True,True,-46.63204424299541,9.044710474438508,55.67675471743392,False,UNAVAILABLE,False
NCAAB_H2_1_AUSTIN_TRANSFER_V1,DISCOVERY,3cd4429a5abc895c,NCAAB_20251128_SMU_MSST,KXNCAAMBGAME-25NOV28SMUMSST-MSST,3,222,2025-11-29T02:11:00+00:00,DIAGNOSTIC_EVENT,False,,POST_80,HISTORICAL_RECONSTRUCT,ASKED_SIX_FIRST80,83,48,-35,713,74,76,OBSERVED,,9.044710474438508,-4.0,20.0,95% CI — weighted bootstrap,25,25,22.310587862893914,0.7376626992134065,0.7325524609231289,1.0,OBSERVED,VALUE,-80,,NOT_APPLICABLE,True,True,-46.63204424299541,9.044710474438508,55.67675471743392,False,UNAVAILABLE,False
NCAAB_H2_1_AUSTIN_TRANSFER_V1,DISCOVERY,30e6f1ed74bc9f90,NCAAB_20251202_TXAM_PITT,KXNCAAMBGAME-25DEC02TXAMPITT-TXAM,1,1200,2025-12-03T00:01:31+00:00,PRE_ENTRY,False,PRE_ENTRY,PRE_80,HISTORICAL_RECONSTRUCT,ASKED_SIX_FIRST80,81,62,,,0,0,,,,,,,,,,,,,,UNAVAILABLE,,,,,,,,,False,UNAVAILABLE,False
NCAAB_H2_1_AUSTIN_TRANSFER_V1,DISCOVERY,30e6f1ed74bc9f90,NCAAB_20251202_TXAM_PITT,KXNCAAMBGAME-25DEC02TXAMPITT-TXAM,1,1080,2025-12-03T00:01:31+00:00,PRE_ENTRY,False,PRE_ENTRY,PRE_80,HISTORICAL_RECONSTRUCT,ASKED_SIX_FIRST80,81,62,,,0,0,,,,,,,,,,,,,,UNAVAILABLE,,,,,,,,,False,UNAVAILABLE,False
NCAAB_H2_1_AUSTIN_TRANSFER_V1,DISCOVERY,30e6f1ed74bc9f90,NCAAB_20251202_TXAM_PITT,KXNCAAMBGAME-25DEC02TXAMPITT-TXAM,1,960,2025-12-03T00:01:31+00:00,PRE_ENTRY,False,PRE_ENTRY,PRE_80,HISTORICAL_RECONSTRUCT,ASKED_SIX_FIRST80,81,62,,,0,0,,,,,,,,,,,,,,UNAVAILABLE,,,,,,,,,False,UNAVAILABLE,False
NCAAB_H2_1_AUSTIN_TRANSFER_V1,DISCOVERY,30e6f1ed74bc9f90,NCAAB_20251202_TXAM_PITT,KXNCAAMBGAME-25DEC02TXAMPITT-TXAM,1,840,2025-12-03T00:01:31+00:00,PRE_ENTRY,False,PRE_ENTRY,PRE_80,HISTORICAL_RECONSTRUCT,ASKED_SIX_FIRST80,81,62,,,0,0,,,,,,,,,,,,,,UNAVAILABLE,,,,,,,,,False,UNAVAILABLE,False
NCAAB_H2_1_AUSTIN_TRANSFER_V1,DISCOVERY,30e6f1ed74bc9f90,NCAAB_20251202_TXAM_PITT,KXNCAAMBGAME-25DEC02TXAMPITT-TXAM,1,720,2025-12-03T00:01:31+00:00,PRE_ENTRY,False,PRE_ENTRY,PRE_80,HISTORICAL_RECONSTRUCT,ASKED_SIX_FIRST80,81,62,,,0,0,,,,,,,,,,,,,,UNAVAILABLE,,,,,,,,,False,UNAVAILABLE,False
NCAAB_H2_1_AUSTIN_TRANSFER_V1,DISCOVERY,30e6f1ed74bc9f90,NCAAB_20251202_TXAM_PITT,KXNCAAMBGAME-25DEC02TXAMPITT-TXAM,1,600,2025-12-03T00:01:31+00:00,PRE_ENTRY,False,PRE_ENTRY,PRE_80,HISTORICAL_RECONSTRUCT,ASKED_SIX_FIRST80,81,62,,,0,0,,,,,,,,,,,,,,UNAVAILABLE,,,,,,,,,False,UNAVAILABLE,False
NCAAB_H2_1_AUSTIN_TRANSFER_V1,DISCOVERY,30e6f1ed74bc9f90,NCAAB_20251202_TXAM_PITT,KXNCAAMBGAME-25DEC02TXAMPITT-TXAM,1,480,2025-12-03T00:01:31+00:00,PRE_ENTRY,False,PRE_ENTRY,PRE_80,HISTORICAL_RECONSTRUCT,ASKED_SIX_FIRST80,81,62,,,0,0,,,,,,,,,,,,,,UNAVAILABLE,,,,,,,,,False,UNAVAILABLE,False
NCAAB_H2_1_AUSTIN_TRANSFER_V1,DISCOVERY,30e6f1ed74bc9f90,NCAAB_20251202_TXAM_PITT,KXNCAAMBGAME-25DEC02TXAMPITT-TXAM,1,360,2025-12-03T00:34:08+00:00,PRE_ENTRY,False,PRE_ENTRY,PRE_80,HISTORICAL_RECONSTRUCT,ASKED_SIX_FIRST80,81,71,,,23,28,,,,,,,,,,,,,,UNAVAILABLE,,,,,,,,,False,UNAVAILABLE,False
NCAAB_H2_1_AUSTIN_TRANSFER_V1,DISCOVERY,30e6f1ed74bc9f90,NCAAB_20251202_TXAM_PITT,KXNCAAMBGAME-25DEC02TXAMPITT-TXAM,1,240,2025-12-03T00:01:31+00:00,PRE_ENTRY,False,PRE_ENTRY,PRE_80,HISTORICAL_RECONSTRUCT,ASKED_SIX_FIRST80,81,62,,,0,0,,,,,,,,,,,,,,UNAVAILABLE,,,,,,,,,False,UNAVAILABLE,False
NCAAB_H2_1_AUSTIN_TRANSFER_V1,DISCOVERY,30e6f1ed74bc9f90,NCAAB_20251202_TXAM_PITT,KXNCAAMBGAME-25DEC02TXAMPITT-TXAM,1,120,2025-12-03T00:01:31+00:00,PRE_ENTRY,False,PRE_ENTRY,PRE_80,HISTORICAL_RECONSTRUCT,ASKED_SIX_FIRST80,81,62,,,0,0,,,,,,,,,,,,,,UNAVAILABLE,,,,,,,,,False,UNAVAILABLE,False
NCAAB_H2_1_AUSTIN_TRANSFER_V1,DISCOVERY,30e6f1ed74bc9f90,NCAAB_20251202_TXAM_PITT,KXNCAAMBGAME-25DEC02TXAMPITT-TXAM,1,0,2025-12-03T00:48:14+00:00,PRE_ENTRY,False,PRE_ENTRY,PRE_80,HISTORICAL_RECONSTRUCT,ASKED_SIX_FIRST80,81,60,,,33,35,,,,,,,,,,,,,,UNAVAILABLE,,,,,,,,,False,UNAVAILABLE,False
NCAAB_H2_1_AUSTIN_TRANSFER_V1,DISCOVERY,30e6f1ed74bc9f90,NCAAB_20251202_TXAM_PITT,KXNCAAMBGAME-25DEC02TXAMPITT-TXAM,2,1200,2025-12-03T01:00:59+00:00,PRE_ENTRY,False,PRE_ENTRY,PRE_80,HISTORICAL_RECONSTRUCT,ASKED_SIX_FIRST80,81,68,,,33,35,,,,,,,,,,,,,,UNAVAILABLE,,,,,,,,,False,UNAVAILABLE,False
NCAAB_H2_1_AUSTIN_TRANSFER_V1,DISCOVERY,30e6f1ed74bc9f90,NCAAB_20251202_TXAM_PITT,KXNCAAMBGAME-25DEC02TXAMPITT-TXAM,2,1080,2025-12-03T01:00:59+00:00,PRE_ENTRY,False,PRE_ENTRY,PRE_80,HISTORICAL_RECONSTRUCT,ASKED_SIX_FIRST80,81,68,,,33,35,,,,,,,,,,,,,,UNAVAILABLE,,,,,,,,,False,UNAVAILABLE,False
NCAAB_H2_1_AUSTIN_TRANSFER_V1,DISCOVERY,30e6f1ed74bc9f90,NCAAB_20251202_TXAM_PITT,KXNCAAMBGAME-25DEC02TXAMPITT-TXAM,2,960,2025-12-03T01:00:59+00:00,PRE_ENTRY,False,PRE_ENTRY,PRE_80,HISTORICAL_RECONSTRUCT,ASKED_SIX_FIRST80,81,68,,,33,35,,,,,,,,,,,,,,UNAVAILABLE,,,,,,,,,False,UNAVAILABLE,False
NCAAB_H2_1_AUSTIN_TRANSFER_V1,DISCOVERY,30e6f1ed74bc9f90,NCAAB_20251202_TXAM_PITT,KXNCAAMBGAME-25DEC02TXAMPITT-TXAM,2,840,2025-12-03T01:00:59+00:00,PRE_ENTRY,False,PRE_ENTRY,PRE_80,HISTORICAL_RECONSTRUCT,ASKED_SIX_FIRST80,81,68,,,33,35,,,,,,,,,,,,,,UNAVAILABLE,,,,,,,,,False,UNAVAILABLE,False
NCAAB_H2_1_AUSTIN_TRANSFER_V1,DISCOVERY,30e6f1ed74bc9f90,NCAAB_20251202_TXAM_PITT,KXNCAAMBGAME-25DEC02TXAMPITT-TXAM,2,720,2025-12-03T01:00:59+00:00,PRIMARY_GRID,True,,PRE_80,HISTORICAL_RECONSTRUCT,NONE,,68,,,33,35,INSUFFICIENT_SAMPLE,NO_ENTRY_IN_FITTED_SPACE,,,,95% CI — weighted bootstrap,25,,,,,0.30434782608695654,UNAVAILABLE,NOT_APPLICABLE,20,20,VALUE,False,False,,,,False,UNAVAILABLE,False
NCAAB_H2_1_AUSTIN_TRANSFER_V1,DISCOVERY,30e6f1ed74bc9f90,NCAAB_20251202_TXAM_PITT,KXNCAAMBGAME-25DEC02TXAMPITT-TXAM,2,600,2025-12-03T01:00:59+00:00,PRIMARY_GRID,True,,PRE_80,HISTORICAL_RECONSTRUCT,NONE,,68,,,33,35,INSUFFICIENT_SAMPLE,NO_ENTRY_IN_FITTED_SPACE,,,,95% CI — weighted bootstrap,25,,,,,0.30434782608695654,UNAVAILABLE,NOT_APPLICABLE,20,20,VALUE,False,False,,,,False,UNAVAILABLE,False
NCAAB_H2_1_AUSTIN_TRANSFER_V1,DISCOVERY,30e6f1ed74bc9f90,NCAAB_20251202_TXAM_PITT,KXNCAAMBGAME-25DEC02TXAMPITT-TXAM,2,480,2025-12-03T01:00:59+00:00,PRIMARY_GRID,True,,PRE_80,HISTORICAL_RECONSTRUCT,NONE,,68,,,33,35,INSUFFICIENT_SAMPLE,NO_ENTRY_IN_FITTED_SPACE,,,,95% CI — weighted bootstrap,25,,,,,0.30434782608695654,UNAVAILABLE,NOT_APPLICABLE,20,20,VALUE,False,False,,,,False,UNAVAILABLE,False
NCAAB_H2_1_AUSTIN_TRANSFER_V1,DISCOVERY,30e6f1ed74bc9f90,NCAAB_20251202_TXAM_PITT,KXNCAAMBGAME-25DEC02TXAMPITT-TXAM,2,360,2025-12-03T01:00:59+00:00,PRIMARY_GRID,True,,PRE_80,HISTORICAL_RECONSTRUCT,NONE,,68,,,33,35,INSUFFICIENT_SAMPLE,NO_ENTRY_IN_FITTED_SPACE,,,,95% CI — weighted bootstrap,25,,,,,0.30434782608695654,UNAVAILABLE,NOT_APPLICABLE,20,20,VALUE,False,False,,,,False,UNAVAILABLE,False
NCAAB_H2_1_AUSTIN_TRANSFER_V1,DISCOVERY,30e6f1ed74bc9f90,NCAAB_20251202_TXAM_PITT,KXNCAAMBGAME-25DEC02TXAMPITT-TXAM,2,240,2025-12-03T01:00:59+00:00,PRIMARY_GRID,True,,PRE_80,HISTORICAL_RECONSTRUCT,NONE,,68,,,33,35,INSUFFICIENT_SAMPLE,NO_ENTRY_IN_FITTED_SPACE,,,,95% CI — weighted bootstrap,25,,,,,0.30434782608695654,UNAVAILABLE,NOT_APPLICABLE,20,20,VALUE,False,False,,,,False,UNAVAILABLE,False
NCAAB_H2_1_AUSTIN_TRANSFER_V1,DISCOVERY,30e6f1ed74bc9f90,NCAAB_20251202_TXAM_PITT,KXNCAAMBGAME-25DEC02TXAMPITT-TXAM,2,120,2025-12-03T01:00:59+00:00,PRIMARY_GRID,True,,PRE_80,HISTORICAL_RECONSTRUCT,NONE,,68,,,33,35,INSUFFICIENT_SAMPLE,NO_ENTRY_IN_FITTED_SPACE,,,,95% CI — weighted bootstrap,25,,,,,0.30434782608695654,UNAVAILABLE,NOT_APPLICABLE,20,20,VALUE,False,False,,,,False,UNAVAILABLE,False
NCAAB_H2_1_AUSTIN_TRANSFER_V1,DISCOVERY,30e6f1ed74bc9f90,NCAAB_20251202_TXAM_PITT,KXNCAAMBGAME-25DEC02TXAMPITT-TXAM,2,0,2025-12-03T02:05:12+00:00,PRIMARY_GRID,True,,POST_80,HISTORICAL_RECONSTRUCT,ASKED_SIX_FIRST80,81,99,18,835,73,81,OBSERVED,,17.096701489562328,8.0,20.0,95% CI — weighted bootstrap,25,25,23.800284062018946,0.5186540341851613,0.649931417030849,1.0,OBSERVED,VALUE,20,,NOT_APPLICABLE,True,True,17.096701489562328,17.096701489562328,0.0,False,UNAVAILABLE,False
NCAAB_H2_1_AUSTIN_TRANSFER_V1,DISCOVERY,30e6f1ed74bc9f90,NCAAB_20251202_TXAM_PITT,KXNCAAMBGAME-25DEC02TXAMPITT-TXAM,2,835,2025-12-03T01:18:00+00:00,DIAGNOSTIC_EVENT,False,,POST_80,HISTORICAL_RECONSTRUCT,ASKED_SIX_FIRST80,81,79,-2,0,43,50,OBSERVED,,0.4183654343458293,-16.0,16.0,95% CI — weighted bootstrap,25,25,19.498072080896105,0.6758438236327685,0.6257266717675861,0.7246376811594203,OBSERVED,VALUE,20,,NOT_APPLICABLE,True,True,17.096701489562328,0.4183654343458293,-16.678336055216498,False,UNAVAILABLE,False
NCAAB_H2_1_AUSTIN_TRANSFER_V1,DISCOVERY,30e6f1ed74bc9f90,NCAAB_20251202_TXAM_PITT,KXNCAAMBGAME-25DEC02TXAMPITT-TXAM,2,443,2025-12-03T01:38:00+00:00,DIAGNOSTIC_EVENT,False,,POST_80,HISTORICAL_RECONSTRUCT,ASKED_SIX_FIRST80,81,76,-5,392,56,57,OBSERVED,,-18.04671773957099,-36.0,4.0,95% CI — weighted bootstrap,25,25,21.076321220130943,0.5599224212343124,0.5133646194210718,0.9855072463768116,OBSERVED,VALUE,20,,NOT_APPLICABLE,True,True,17.096701489562328,-18.04671773957099,-35.143419229133315,False,UNAVAILABLE,False
NCAAB_H2_1_AUSTIN_TRANSFER_V1,DISCOVERY,30e6f1ed74bc9f90,NCAAB_20251202_TXAM_PITT,KXNCAAMBGAME-25DEC02TXAMPITT-TXAM,2,414,2025-12-03T01:39:00+00:00,DIAGNOSTIC_EVENT,False,,POST_80,HISTORICAL_RECONSTRUCT,ASKED_SIX_FIRST80,81,63,-18,421,56,57,OBSERVED,,-34.4622473050687,-52.0,-16.0,95% CI — weighted bootstrap,25,25,24.168233932155122,0.7438761333396041,0.6767734261164651,0.9855072463768116,OBSERVED,VALUE,20,,NOT_APPLICABLE,True,True,17.096701489562328,-34.4622473050687,-51.55894879463103,False,UNAVAILABLE,False
NCAAB_H2_1_AUSTIN_TRANSFER_V1,DISCOVERY,30e6f1ed74bc9f90,NCAAB_20251202_TXAM_PITT,KXNCAAMBGAME-25DEC02TXAMPITT-TXAM,2,356,2025-12-03T01:44:00+00:00,DIAGNOSTIC_EVENT,False,,POST_80,HISTORICAL_RECONSTRUCT,ASKED_SIX_FIRST80,81,52,-29,479,61,59,OBSERVED,,-11.873000799330317,-32.0,4.0,95% CI — weighted bootstrap,25,25,18.342974967189225,0.4591714415356808,0.5381128797976131,0.9855072463768116,OBSERVED,VALUE,20,,NOT_APPLICABLE,True,True,17.096701489562328,-11.873000799330317,-28.969702288892645,False,UNAVAILABLE,False
NCAAB_H2_1_AUSTIN_TRANSFER_V1,DISCOVERY,30e6f1ed74bc9f90,NCAAB_20251202_TXAM_PITT,KXNCAAMBGAME-25DEC02TXAMPITT-TXAM,2,356,2025-12-03T01:44:00+00:00,DIAGNOSTIC_EVENT,False,,POST_80,HISTORICAL_RECONSTRUCT,ASKED_SIX_FIRST80,81,52,-29,479,61,59,OBSERVED,,-11.873000799330317,-32.0,4.0,95% CI — weighted bootstrap,25,25,18.342974967189225,0.4591714415356808,0.5381128797976131,0.9855072463768116,OBSERVED,VALUE,20,,NOT_APPLICABLE,True,True,17.096701489562328,-11.873000799330317,-28.969702288892645,False,UNAVAILABLE,False
NCAAB_H2_1_AUSTIN_TRANSFER_V1,DISCOVERY,30e6f1ed74bc9f90,NCAAB_20251202_TXAM_PITT,KXNCAAMBGAME-25DEC02TXAMPITT-TXAM,2,356,2025-12-03T01:44:00+00:00,DIAGNOSTIC_EVENT,False,,POST_80,HISTORICAL_RECONSTRUCT,ASKED_SIX_FIRST80,81,52,-29,479,61,59,OBSERVED,,-11.873000799330317,-32.0,4.0,95% CI — weighted bootstrap,25,25,18.342974967189225,0.4591714415356808,0.5381128797976131,0.9855072463768116,OBSERVED,VALUE,20,,NOT_APPLICABLE,True,True,17.096701489562328,-11.873000799330317,-28.969702288892645,False,UNAVAILABLE,False
NCAAB_H2_1_AUSTIN_TRANSFER_V1,DISCOVERY,30e6f1ed74bc9f90,NCAAB_20251202_TXAM_PITT,KXNCAAMBGAME-25DEC02TXAMPITT-TXAM,2,356,2025-12-03T01:44:00+00:00,DIAGNOSTIC_EVENT,False,,POST_80,HISTORICAL_RECONSTRUCT,ASKED_SIX_FIRST80,81,52,-29,479,61,59,OBSERVED,,-11.873000799330317,-32.0,4.0,95% CI — weighted bootstrap,25,25,18.342974967189225,0.4591714415356808,0.5381128797976131,0.9855072463768116,OBSERVED,VALUE,20,,NOT_APPLICABLE,True,True,17.096701489562328,-11.873000799330317,-28.969702288892645,False,UNAVAILABLE,False
NCAAB_H2_1_AUSTIN_TRANSFER_V1,DISCOVERY,59f194e8bb13e9eb,NCAAB_20251202_USC_ORE,KXNCAAMBGAME-25DEC02USCORE-USC,1,1200,2025-12-03T03:11:04+00:00,PRE_ENTRY,False,PRE_ENTRY,PRE_80,HISTORICAL_RECONSTRUCT,ASKED_SIX_FIRST80,82,58,,,0,0,,,,,,,,,,,,,,UNAVAILABLE,,,,,,,,,False,UNAVAILABLE,False
NCAAB_H2_1_AUSTIN_TRANSFER_V1,DISCOVERY,59f194e8bb13e9eb,NCAAB_20251202_USC_ORE,KXNCAAMBGAME-25DEC02USCORE-USC,1,1080,2025-12-03T03:11:04+00:00,PRE_ENTRY,False,PRE_ENTRY,PRE_80,HISTORICAL_RECONSTRUCT,ASKED_SIX_FIRST80,82,58,,,0,0,,,,,,,,,,,,,,UNAVAILABLE,,,,,,,,,False,UNAVAILABLE,False
NCAAB_H2_1_AUSTIN_TRANSFER_V1,DISCOVERY,59f194e8bb13e9eb,NCAAB_20251202_USC_ORE,KXNCAAMBGAME-25DEC02USCORE-USC,1,960,2025-12-03T03:11:04+00:00,PRE_ENTRY,False,PRE_ENTRY,PRE_80,HISTORICAL_RECONSTRUCT,ASKED_SIX_FIRST80,82,58,,,0,0,,,,,,,,,,,,,,UNAVAILABLE,,,,,,,,,False,UNAVAILABLE,False
NCAAB_H2_1_AUSTIN_TRANSFER_V1,DISCOVERY,59f194e8bb13e9eb,NCAAB_20251202_USC_ORE,KXNCAAMBGAME-25DEC02USCORE-USC,1,840,2025-12-03T03:11:04+00:00,PRE_ENTRY,False,PRE_ENTRY,PRE_80,HISTORICAL_RECONSTRUCT,ASKED_SIX_FIRST80,82,58,,,0,0,,,,,,,,,,,,,,UNAVAILABLE,,,,,,,,,False,UNAVAILABLE,False
NCAAB_H2_1_AUSTIN_TRANSFER_V1,DISCOVERY,59f194e8bb13e9eb,NCAAB_20251202_USC_ORE,KXNCAAMBGAME-25DEC02USCORE-USC,1,720,2025-12-03T03:11:04+00:00,PRE_ENTRY,False,PRE_ENTRY,PRE_80,HISTORICAL_RECONSTRUCT,ASKED_SIX_FIRST80,82,58,,,0,0,,,,,,,,,,,,,,UNAVAILABLE,,,,,,,,,False,UNAVAILABLE,False
NCAAB_H2_1_AUSTIN_TRANSFER_V1,DISCOVERY,59f194e8bb13e9eb,NCAAB_20251202_USC_ORE,KXNCAAMBGAME-25DEC02USCORE-USC,1,600,2025-12-03T03:11:04+00:00,PRE_ENTRY,False,PRE_ENTRY,PRE_80,HISTORICAL_RECONSTRUCT,ASKED_SIX_FIRST80,82,58,,,0,0,,,,,,,,,,,,,,UNAVAILABLE,,,,,,,,,False,UNAVAILABLE,False
NCAAB_H2_1_AUSTIN_TRANSFER_V1,DISCOVERY,59f194e8bb13e9eb,NCAAB_20251202_USC_ORE,KXNCAAMBGAME-25DEC02USCORE-USC,1,480,2025-12-03T03:11:04+00:00,PRE_ENTRY,False,PRE_ENTRY,PRE_80,HISTORICAL_RECONSTRUCT,ASKED_SIX_FIRST80,82,58,,,0,0,,,,,,,,,,,,,,UNAVAILABLE,,,,,,,,,False,UNAVAILABLE,False
NCAAB_H2_1_AUSTIN_TRANSFER_V1,DISCOVERY,59f194e8bb13e9eb,NCAAB_20251202_USC_ORE,KXNCAAMBGAME-25DEC02USCORE-USC,1,360,2025-12-03T03:11:04+00:00,PRE_ENTRY,False,PRE_ENTRY,PRE_80,HISTORICAL_RECONSTRUCT,ASKED_SIX_FIRST80,82,58,,,0,0,,,,,,,,,,,,,,UNAVAILABLE,,,,,,,,,False,UNAVAILABLE,False
NCAAB_H2_1_AUSTIN_TRANSFER_V1,DISCOVERY,59f194e8bb13e9eb,NCAAB_20251202_USC_ORE,KXNCAAMBGAME-25DEC02USCORE-USC,1,240,2025-12-03T03:11:04+00:00,PRE_ENTRY,False,PRE_ENTRY,PRE_80,HISTORICAL_RECONSTRUCT,ASKED_SIX_FIRST80,82,58,,,0,0,,,,,,,,,,,,,,UNAVAILABLE,,,,,,,,,False,UNAVAILABLE,False
NCAAB_H2_1_AUSTIN_TRANSFER_V1,DISCOVERY,59f194e8bb13e9eb,NCAAB_20251202_USC_ORE,KXNCAAMBGAME-25DEC02USCORE-USC,1,120,2025-12-03T03:11:04+00:00,PRE_ENTRY,False,PRE_ENTRY,PRE_80,HISTORICAL_RECONSTRUCT,ASKED_SIX_FIRST80,82,58,,,0,0,,,,,,,,,,,,,,UNAVAILABLE,,,,,,,,,False,UNAVAILABLE,False
NCAAB_H2_1_AUSTIN_TRANSFER_V1,DISCOVERY,59f194e8bb13e9eb,NCAAB_20251202_USC_ORE,KXNCAAMBGAME-25DEC02USCORE-USC,1,0,2025-12-03T03:57:21+00:00,PRE_ENTRY,False,PRE_ENTRY,PRE_80,HISTORICAL_RECONSTRUCT,ASKED_SIX_FIRST80,82,60,,,39,39,,,,,,,,,,,,,,UNAVAILABLE,,,,,,,,,False,UNAVAILABLE,False
NCAAB_H2_1_AUSTIN_TRANSFER_V1,DISCOVERY,59f194e8bb13e9eb,NCAAB_20251202_USC_ORE,KXNCAAMBGAME-25DEC02USCORE-USC,2,1200,2025-12-03T04:09:26+00:00,PRE_ENTRY,False,PRE_ENTRY,PRE_80,HISTORICAL_RECONSTRUCT,ASKED_SIX_FIRST80,82,58,,,39,39,,,,,,,,,,,,,,UNAVAILABLE,,,,,,,,,False,UNAVAILABLE,False
NCAAB_H2_1_AUSTIN_TRANSFER_V1,DISCOVERY,59f194e8bb13e9eb,NCAAB_20251202_USC_ORE,KXNCAAMBGAME-25DEC02USCORE-USC,2,1080,2025-12-03T04:09:26+00:00,PRE_ENTRY,False,PRE_ENTRY,PRE_80,HISTORICAL_RECONSTRUCT,ASKED_SIX_FIRST80,82,58,,,39,39,,,,,,,,,,,,,,UNAVAILABLE,,,,,,,,,False,UNAVAILABLE,False
NCAAB_H2_1_AUSTIN_TRANSFER_V1,DISCOVERY,59f194e8bb13e9eb,NCAAB_20251202_USC_ORE,KXNCAAMBGAME-25DEC02USCORE-USC,2,960,2025-12-03T04:09:26+00:00,PRE_ENTRY,False,PRE_ENTRY,PRE_80,HISTORICAL_RECONSTRUCT,ASKED_SIX_FIRST80,82,58,,,39,39,,,,,,,,,,,,,,UNAVAILABLE,,,,,,,,,False,UNAVAILABLE,False
NCAAB_H2_1_AUSTIN_TRANSFER_V1,DISCOVERY,59f194e8bb13e9eb,NCAAB_20251202_USC_ORE,KXNCAAMBGAME-25DEC02USCORE-USC,2,840,2025-12-03T04:09:26+00:00,PRE_ENTRY,False,PRE_ENTRY,PRE_80,HISTORICAL_RECONSTRUCT,ASKED_SIX_FIRST80,82,58,,,39,39,,,,,,,,,,,,,,UNAVAILABLE,,,,,,,,,False,UNAVAILABLE,False
NCAAB_H2_1_AUSTIN_TRANSFER_V1,DISCOVERY,59f194e8bb13e9eb,NCAAB_20251202_USC_ORE,KXNCAAMBGAME-25DEC02USCORE-USC,2,720,2025-12-03T04:09:26+00:00,PRE_ENTRY,False,PRE_ENTRY,PRE_80,HISTORICAL_RECONSTRUCT,ASKED_SIX_FIRST80,82,58,,,39,39,,,,,,,,,,,,,,UNAVAILABLE,,,,,,,,,False,UNAVAILABLE,False
NCAAB_H2_1_AUSTIN_TRANSFER_V1,DISCOVERY,59f194e8bb13e9eb,NCAAB_20251202_USC_ORE,KXNCAAMBGAME-25DEC02USCORE-USC,2,600,2025-12-03T04:09:26+00:00,PRIMARY_GRID,True,,PRE_80,HISTORICAL_RECONSTRUCT,NONE,,58,,,39,39,INSUFFICIENT_SAMPLE,NO_ENTRY_IN_FITTED_SPACE,,,,95% CI — weighted bootstrap,25,,,,,0.30434782608695654,UNAVAILABLE,NOT_APPLICABLE,20,20,VALUE,False,False,,,,False,UNAVAILABLE,False
NCAAB_H2_1_AUSTIN_TRANSFER_V1,DISCOVERY,59f194e8bb13e9eb,NCAAB_20251202_USC_ORE,KXNCAAMBGAME-25DEC02USCORE-USC,2,480,2025-12-03T04:09:26+00:00,PRIMARY_GRID,True,,PRE_80,HISTORICAL_RECONSTRUCT,NONE,,58,,,39,39,INSUFFICIENT_SAMPLE,NO_ENTRY_IN_FITTED_SPACE,,,,95% CI — weighted bootstrap,25,,,,,0.30434782608695654,UNAVAILABLE,NOT_APPLICABLE,20,20,VALUE,False,False,,,,False,UNAVAILABLE,False
NCAAB_H2_1_AUSTIN_TRANSFER_V1,DISCOVERY,59f194e8bb13e9eb,NCAAB_20251202_USC_ORE,KXNCAAMBGAME-25DEC02USCORE-USC,2,360,2025-12-03T04:09:26+00:00,PRIMARY_GRID,True,,PRE_80,HISTORICAL_RECONSTRUCT,NONE,,58,,,39,39,INSUFFICIENT_SAMPLE,NO_ENTRY_IN_FITTED_SPACE,,,,95% CI — weighted bootstrap,25,,,,,0.30434782608695654,UNAVAILABLE,NOT_APPLICABLE,20,20,VALUE,False,False,,,,False,UNAVAILABLE,False
NCAAB_H2_1_AUSTIN_TRANSFER_V1,DISCOVERY,59f194e8bb13e9eb,NCAAB_20251202_USC_ORE,KXNCAAMBGAME-25DEC02USCORE-USC,2,240,2025-12-03T05:07:15+00:00,PRIMARY_GRID,True,,POST_80,HISTORICAL_RECONSTRUCT,ASKED_SIX_FIRST80,82,79,-3,380,68,71,OBSERVED,,-33.19674649050769,-52.0,-12.0,95% CI — weighted bootstrap,25,25,24.051696691779295,0.611822818101094,0.5847014271930203,0.9855072463768116,OBSERVED,VALUE,20,,NOT_APPLICABLE,True,True,-33.19674649050769,-33.19674649050769,0.0,False,UNAVAILABLE,False
NCAAB_H2_1_AUSTIN_TRANSFER_V1,DISCOVERY,59f194e8bb13e9eb,NCAAB_20251202_USC_ORE,KXNCAAMBGAME-25DEC02USCORE-USC,2,120,2025-12-03T04:09:26+00:00,PRIMARY_GRID,True,,PRE_80,HISTORICAL_RECONSTRUCT,NONE,,58,,,39,39,INSUFFICIENT_SAMPLE,NO_ENTRY_IN_FITTED_SPACE,,,,95% CI — weighted bootstrap,25,,,,,0.30434782608695654,UNAVAILABLE,NOT_APPLICABLE,20,20,VALUE,False,False,-33.19674649050769,,,False,UNAVAILABLE,False
NCAAB_H2_1_AUSTIN_TRANSFER_V1,DISCOVERY,59f194e8bb13e9eb,NCAAB_20251202_USC_ORE,KXNCAAMBGAME-25DEC02USCORE-USC,2,0,2025-12-03T05:20:06+00:00,PRIMARY_GRID,True,,POST_80,HISTORICAL_RECONSTRUCT,ASKED_SIX_FIRST80,82,99,17,620,77,82,OBSERVED,,6.3436598139294045,-8.0,16.0,95% CI — weighted bootstrap,25,25,24.91395763251825,0.8828331099813924,0.870404376852543,1.0,OBSERVED,VALUE,20,,NOT_APPLICABLE,True,True,-33.19674649050769,6.3436598139294045,39.5404063044371,False,UNAVAILABLE,False
NCAAB_H2_1_AUSTIN_TRANSFER_V1,DISCOVERY,59f194e8bb13e9eb,NCAAB_20251202_USC_ORE,KXNCAAMBGAME-25DEC02USCORE-USC,2,620,2025-12-03T04:42:00+00:00,DIAGNOSTIC_EVENT,False,,POST_80,HISTORICAL_RECONSTRUCT,ASKED_SIX_FIRST80,82,77,-5,0,52,58,OBSERVED,,19.999999999999996,20.0,20.0,95% CI — weighted bootstrap,25,25,24.189161361793907,0.7155378690130937,0.6724836303310832,0.7246376811594203,OBSERVED,VALUE,20,,NOT_APPLICABLE,True,True,-33.19674649050769,19.999999999999996,53.19674649050769,False,UNAVAILABLE,False
NCAAB_H2_1_AUSTIN_TRANSFER_V1,DISCOVERY,59f194e8bb13e9eb,NCAAB_20251202_USC_ORE,KXNCAAMBGAME-25DEC02USCORE-USC,2,583,2025-12-03T04:44:00+00:00,DIAGNOSTIC_EVENT,False,,POST_80,HISTORICAL_RECONSTRUCT,ASKED_SIX_FIRST80,82,78,-4,37,56,58,OBSERVED,,11.75718609351385,0.0,20.0,95% CI — weighted bootstrap,25,25,22.296336711875878,0.7818281022297218,0.7007695793293536,0.8260869565217391,OBSERVED,VALUE,20,,NOT_APPLICABLE,True,True,-33.19674649050769,11.75718609351385,44.953932584021544,False,UNAVAILABLE,False
NCAAB_H2_1_AUSTIN_TRANSFER_V1,DISCOVERY,59f194e8bb13e9eb,NCAAB_20251202_USC_ORE,KXNCAAMBGAME-25DEC02USCORE-USC,2,512,2025-12-03T04:47:00+00:00,DIAGNOSTIC_EVENT,False,,POST_80,HISTORICAL_RECONSTRUCT,ASKED_SIX_FIRST80,82,67,-15,108,60,60,OBSERVED,,-22.365951994730324,-44.0,-4.0,95% CI — weighted bootstrap,25,25,24.699822678002647,0.9720507107987731,0.9475714648206746,0.8985507246376812,OBSERVED,VALUE,20,,NOT_APPLICABLE,True,True,-33.19674649050769,-22.365951994730324,10.830794495777369,False,UNAVAILABLE,False
NCAAB_H2_1_AUSTIN_TRANSFER_V1,DISCOVERY,51b904ef9ff253f9,NCAAB_20251203_UCLA_WASH,KXNCAAMBGAME-25DEC03UCLAWASH-UCLA,1,1200,2025-12-04T04:12:37+00:00,PRE_ENTRY,False,PRE_ENTRY,PRE_80,HISTORICAL_RECONSTRUCT,ASKED_SIX_FIRST80,83,59,,,0,0,,,,,,,,,,,,,,UNAVAILABLE,,,,,,,,,False,UNAVAILABLE,False
NCAAB_H2_1_AUSTIN_TRANSFER_V1,DISCOVERY,51b904ef9ff253f9,NCAAB_20251203_UCLA_WASH,KXNCAAMBGAME-25DEC03UCLAWASH-UCLA,1,1080,2025-12-04T04:12:37+00:00,PRE_ENTRY,False,PRE_ENTRY,PRE_80,HISTORICAL_RECONSTRUCT,ASKED_SIX_FIRST80,83,59,,,0,0,,,,,,,,,,,,,,UNAVAILABLE,,,,,,,,,False,UNAVAILABLE,False
NCAAB_H2_1_AUSTIN_TRANSFER_V1,DISCOVERY,51b904ef9ff253f9,NCAAB_20251203_UCLA_WASH,KXNCAAMBGAME-25DEC03UCLAWASH-UCLA,1,960,2025-12-04T04:12:37+00:00,PRE_ENTRY,False,PRE_ENTRY,PRE_80,HISTORICAL_RECONSTRUCT,ASKED_SIX_FIRST80,83,59,,,0,0,,,,,,,,,,,,,,UNAVAILABLE,,,,,,,,,False,UNAVAILABLE,False
NCAAB_H2_1_AUSTIN_TRANSFER_V1,DISCOVERY,51b904ef9ff253f9,NCAAB_20251203_UCLA_WASH,KXNCAAMBGAME-25DEC03UCLAWASH-UCLA,1,840,2025-12-04T04:12:37+00:00,PRE_ENTRY,False,PRE_ENTRY,PRE_80,HISTORICAL_RECONSTRUCT,ASKED_SIX_FIRST80,83,59,,,0,0,,,,,,,,,,,,,,UNAVAILABLE,,,,,,,,,False,UNAVAILABLE,False
NCAAB_H2_1_AUSTIN_TRANSFER_V1,DISCOVERY,51b904ef9ff253f9,NCAAB_20251203_UCLA_WASH,KXNCAAMBGAME-25DEC03UCLAWASH-UCLA,1,720,2025-12-04T04:12:37+00:00,PRE_ENTRY,False,PRE_ENTRY,PRE_80,HISTORICAL_RECONSTRUCT,ASKED_SIX_FIRST80,83,59,,,0,0,,,,,,,,,,,,,,UNAVAILABLE,,,,,,,,,False,UNAVAILABLE,False
NCAAB_H2_1_AUSTIN_TRANSFER_V1,DISCOVERY,51b904ef9ff253f9,NCAAB_20251203_UCLA_WASH,KXNCAAMBGAME-25DEC03UCLAWASH-UCLA,1,600,2025-12-04T04:12:37+00:00,PRE_ENTRY,False,PRE_ENTRY,PRE_80,HISTORICAL_RECONSTRUCT,ASKED_SIX_FIRST80,83,59,,,0,0,,,,,,,,,,,,,,UNAVAILABLE,,,,,,,,,False,UNAVAILABLE,False
NCAAB_H2_1_AUSTIN_TRANSFER_V1,DISCOVERY,51b904ef9ff253f9,NCAAB_20251203_UCLA_WASH,KXNCAAMBGAME-25DEC03UCLAWASH-UCLA,1,480,2025-12-04T04:12:37+00:00,PRE_ENTRY,False,PRE_ENTRY,PRE_80,HISTORICAL_RECONSTRUCT,ASKED_SIX_FIRST80,83,59,,,0,0,,,,,,,,,,,,,,UNAVAILABLE,,,,,,,,,False,UNAVAILABLE,False
NCAAB_H2_1_AUSTIN_TRANSFER_V1,DISCOVERY,51b904ef9ff253f9,NCAAB_20251203_UCLA_WASH,KXNCAAMBGAME-25DEC03UCLAWASH-UCLA,1,360,2025-12-04T04:12:37+00:00,PRE_ENTRY,False,PRE_ENTRY,PRE_80,HISTORICAL_RECONSTRUCT,ASKED_SIX_FIRST80,83,59,,,0,0,,,,,,,,,,,,,,UNAVAILABLE,,,,,,,,,False,UNAVAILABLE,False
NCAAB_H2_1_AUSTIN_TRANSFER_V1,DISCOVERY,51b904ef9ff253f9,NCAAB_20251203_UCLA_WASH,KXNCAAMBGAME-25DEC03UCLAWASH-UCLA,1,240,2025-12-04T04:12:37+00:00,PRE_ENTRY,False,PRE_ENTRY,PRE_80,HISTORICAL_RECONSTRUCT,ASKED_SIX_FIRST80,83,59,,,0,0,,,,,,,,,,,,,,UNAVAILABLE,,,,,,,,,False,UNAVAILABLE,False
NCAAB_H2_1_AUSTIN_TRANSFER_V1,DISCOVERY,51b904ef9ff253f9,NCAAB_20251203_UCLA_WASH,KXNCAAMBGAME-25DEC03UCLAWASH-UCLA,1,120,2025-12-04T04:12:37+00:00,PRE_ENTRY,False,PRE_ENTRY,PRE_80,HISTORICAL_RECONSTRUCT,ASKED_SIX_FIRST80,83,59,,,0,0,,,,,,,,,,,,,,UNAVAILABLE,,,,,,,,,False,UNAVAILABLE,False
NCAAB_H2_1_AUSTIN_TRANSFER_V1,DISCOVERY,51b904ef9ff253f9,NCAAB_20251203_UCLA_WASH,KXNCAAMBGAME-25DEC03UCLAWASH-UCLA,1,0,2025-12-04T05:00:37+00:00,PRE_ENTRY,False,PRE_ENTRY,PRE_80,HISTORICAL_RECONSTRUCT,ASKED_SIX_FIRST80,83,68,,,32,36,,,,,,,,,,,,,,UNAVAILABLE,,,,,,,,,False,UNAVAILABLE,False
NCAAB_H2_1_AUSTIN_TRANSFER_V1,DISCOVERY,51b904ef9ff253f9,NCAAB_20251203_UCLA_WASH,KXNCAAMBGAME-25DEC03UCLAWASH-UCLA,2,1200,2025-12-04T05:34:19+00:00,PRE_ENTRY,False,PRE_ENTRY,PRE_80,HISTORICAL_RECONSTRUCT,ASKED_SIX_FIRST80,83,90,,,32,36,,,,,,,,,,,,,,UNAVAILABLE,,,,,,,,,False,UNAVAILABLE,False
NCAAB_H2_1_AUSTIN_TRANSFER_V1,DISCOVERY,51b904ef9ff253f9,NCAAB_20251203_UCLA_WASH,KXNCAAMBGAME-25DEC03UCLAWASH-UCLA,2,1080,2025-12-04T05:17:05+00:00,PRE_ENTRY,False,PRE_ENTRY,PRE_80,HISTORICAL_RECONSTRUCT,ASKED_SIX_FIRST80,83,72,,,32,36,,,,,,,,,,,,,,UNAVAILABLE,,,,,,,,,False,UNAVAILABLE,False
NCAAB_H2_1_AUSTIN_TRANSFER_V1,DISCOVERY,51b904ef9ff253f9,NCAAB_20251203_UCLA_WASH,KXNCAAMBGAME-25DEC03UCLAWASH-UCLA,2,960,2025-12-04T05:17:05+00:00,PRIMARY_GRID,True,,PRE_80,HISTORICAL_RECONSTRUCT,NONE,,72,,,32,36,INSUFFICIENT_SAMPLE,NO_ENTRY_IN_FITTED_SPACE,,,,95% CI — weighted bootstrap,25,,,,,0.30434782608695654,UNAVAILABLE,NOT_APPLICABLE,20,20,VALUE,False,False,,,,False,UNAVAILABLE,False
NCAAB_H2_1_AUSTIN_TRANSFER_V1,DISCOVERY,51b904ef9ff253f9,NCAAB_20251203_UCLA_WASH,KXNCAAMBGAME-25DEC03UCLAWASH-UCLA,2,840,2025-12-04T05:17:05+00:00,PRIMARY_GRID,True,,PRE_80,HISTORICAL_RECONSTRUCT,NONE,,72,,,32,36,INSUFFICIENT_SAMPLE,NO_ENTRY_IN_FITTED_SPACE,,,,95% CI — weighted bootstrap,25,,,,,0.30434782608695654,UNAVAILABLE,NOT_APPLICABLE,20,20,VALUE,False,False,,,,False,UNAVAILABLE,False
NCAAB_H2_1_AUSTIN_TRANSFER_V1,DISCOVERY,51b904ef9ff253f9,NCAAB_20251203_UCLA_WASH,KXNCAAMBGAME-25DEC03UCLAWASH-UCLA,2,720,2025-12-04T05:37:05+00:00,PRIMARY_GRID,True,,POST_80,HISTORICAL_RECONSTRUCT,ASKED_SIX_FIRST80,83,89,6,264,49,59,OBSERVED,,6.544652883547462,-8.0,16.0,95% CI — weighted bootstrap,25,25,24.228086491342538,0.6327525144668624,0.6052972109926228,0.9710144927536232,OBSERVED,VALUE,20,,NOT_APPLICABLE,True,True,6.544652883547462,6.544652883547462,0.0,False,UNAVAILABLE,False
NCAAB_H2_1_AUSTIN_TRANSFER_V1,DISCOVERY,51b904ef9ff253f9,NCAAB_20251203_UCLA_WASH,KXNCAAMBGAME-25DEC03UCLAWASH-UCLA,2,600,2025-12-04T05:17:05+00:00,PRIMARY_GRID,True,,PRE_80,HISTORICAL_RECONSTRUCT,NONE,,72,,,32,36,INSUFFICIENT_SAMPLE,NO_ENTRY_IN_FITTED_SPACE,,,,95% CI — weighted bootstrap,25,,,,,0.30434782608695654,UNAVAILABLE,NOT_APPLICABLE,20,20,VALUE,False,False,6.544652883547462,,,False,UNAVAILABLE,False
NCAAB_H2_1_AUSTIN_TRANSFER_V1,DISCOVERY,51b904ef9ff253f9,NCAAB_20251203_UCLA_WASH,KXNCAAMBGAME-25DEC03UCLAWASH-UCLA,2,480,2025-12-04T05:17:05+00:00,PRIMARY_GRID,True,,PRE_80,HISTORICAL_RECONSTRUCT,NONE,,72,,,32,36,INSUFFICIENT_SAMPLE,NO_ENTRY_IN_FITTED_SPACE,,,,95% CI — weighted bootstrap,25,,,,,0.30434782608695654,UNAVAILABLE,NOT_APPLICABLE,20,20,VALUE,False,False,6.544652883547462,,,False,UNAVAILABLE,False
NCAAB_H2_1_AUSTIN_TRANSFER_V1,DISCOVERY,51b904ef9ff253f9,NCAAB_20251203_UCLA_WASH,KXNCAAMBGAME-25DEC03UCLAWASH-UCLA,2,360,2025-12-04T05:17:05+00:00,PRIMARY_GRID,True,,PRE_80,HISTORICAL_RECONSTRUCT,NONE,,72,,,32,36,INSUFFICIENT_SAMPLE,NO_ENTRY_IN_FITTED_SPACE,,,,95% CI — weighted bootstrap,25,,,,,0.30434782608695654,UNAVAILABLE,NOT_APPLICABLE,20,20,VALUE,False,False,6.544652883547462,,,False,UNAVAILABLE,False
NCAAB_H2_1_AUSTIN_TRANSFER_V1,DISCOVERY,51b904ef9ff253f9,NCAAB_20251203_UCLA_WASH,KXNCAAMBGAME-25DEC03UCLAWASH-UCLA,2,240,2025-12-04T05:17:05+00:00,PRIMARY_GRID,True,,PRE_80,HISTORICAL_RECONSTRUCT,NONE,,72,,,32,36,INSUFFICIENT_SAMPLE,NO_ENTRY_IN_FITTED_SPACE,,,,95% CI — weighted bootstrap,25,,,,,0.30434782608695654,UNAVAILABLE,NOT_APPLICABLE,20,20,VALUE,False,False,6.544652883547462,,,False,UNAVAILABLE,False
NCAAB_H2_1_AUSTIN_TRANSFER_V1,DISCOVERY,51b904ef9ff253f9,NCAAB_20251203_UCLA_WASH,KXNCAAMBGAME-25DEC03UCLAWASH-UCLA,2,120,2025-12-04T05:17:05+00:00,PRIMARY_GRID,True,,PRE_80,HISTORICAL_RECONSTRUCT,NONE,,72,,,32,36,INSUFFICIENT_SAMPLE,NO_ENTRY_IN_FITTED_SPACE,,,,95% CI — weighted bootstrap,25,,,,,0.30434782608695654,UNAVAILABLE,NOT_APPLICABLE,20,20,VALUE,False,False,6.544652883547462,,,False,UNAVAILABLE,False
NCAAB_H2_1_AUSTIN_TRANSFER_V1,DISCOVERY,51b904ef9ff253f9,NCAAB_20251203_UCLA_WASH,KXNCAAMBGAME-25DEC03UCLAWASH-UCLA,2,0,2025-12-04T06:22:13+00:00,PRIMARY_GRID,True,,POST_80,HISTORICAL_RECONSTRUCT,ASKED_SIX_FIRST80,83,99,16,984,80,82,OBSERVED,,20.0,20.0,20.0,95% CI — weighted bootstrap,25,25,24.448578825538668,0.7444744793622508,0.7930750526301718,1.0,OBSERVED,VALUE,20,,NOT_APPLICABLE,True,True,6.544652883547462,20.0,13.455347116452538,False,UNAVAILABLE,False
NCAAB_H2_1_AUSTIN_TRANSFER_V1,DISCOVERY,51b904ef9ff253f9,NCAAB_20251203_UCLA_WASH,KXNCAAMBGAME-25DEC03UCLAWASH-UCLA,2,984,2025-12-04T05:23:00+00:00,DIAGNOSTIC_EVENT,False,,POST_80,HISTORICAL_RECONSTRUCT,ASKED_SIX_FIRST80,83,76,-7,0,39,47,OBSERVED,,12.717848746995491,3.900000000000091,20.0,95% CI — weighted bootstrap,25,25,24.557187664469147,1.2671414761501028,1.2178281409686826,0.7246376811594203,OBSERVED,VALUE,20,,NOT_APPLICABLE,True,True,6.544652883547462,12.717848746995491,6.173195863448029,False,UNAVAILABLE,False
NCAAB_H2_1_AUSTIN_TRANSFER_V1,DISCOVERY,53323bd1ba9cf5c2,NCAAB_20251206_ISU_PUR,KXNCAAMBGAME-25DEC06ISUPUR-ISU,1,1200,2025-12-06T17:07:03+00:00,PRE_ENTRY,False,PRE_ENTRY,PRE_80,HISTORICAL_RECONSTRUCT,ASKED_SIX_FIRST80,82,32,,,0,0,,,,,,,,,,,,,,UNAVAILABLE,,,,,,,,,False,UNAVAILABLE,False
NCAAB_H2_1_AUSTIN_TRANSFER_V1,DISCOVERY,53323bd1ba9cf5c2,NCAAB_20251206_ISU_PUR,KXNCAAMBGAME-25DEC06ISUPUR-ISU,1,1080,2025-12-06T17:07:03+00:00,PRE_ENTRY,False,PRE_ENTRY,PRE_80,HISTORICAL_RECONSTRUCT,ASKED_SIX_FIRST80,82,32,,,0,0,,,,,,,,,,,,,,UNAVAILABLE,,,,,,,,,False,UNAVAILABLE,False
NCAAB_H2_1_AUSTIN_TRANSFER_V1,DISCOVERY,53323bd1ba9cf5c2,NCAAB_20251206_ISU_PUR,KXNCAAMBGAME-25DEC06ISUPUR-ISU,1,960,2025-12-06T17:07:03+00:00,PRE_ENTRY,False,PRE_ENTRY,PRE_80,HISTORICAL_RECONSTRUCT,ASKED_SIX_FIRST80,82,32,,,0,0,,,,,,,,,,,,,,UNAVAILABLE,,,,,,,,,False,UNAVAILABLE,False
NCAAB_H2_1_AUSTIN_TRANSFER_V1,DISCOVERY,53323bd1ba9cf5c2,NCAAB_20251206_ISU_PUR,KXNCAAMBGAME-25DEC06ISUPUR-ISU,1,840,2025-12-06T17:07:03+00:00,PRE_ENTRY,False,PRE_ENTRY,PRE_80,HISTORICAL_RECONSTRUCT,ASKED_SIX_FIRST80,82,32,,,0,0,,,,,,,,,,,,,,UNAVAILABLE,,,,,,,,,False,UNAVAILABLE,False
NCAAB_H2_1_AUSTIN_TRANSFER_V1,DISCOVERY,53323bd1ba9cf5c2,NCAAB_20251206_ISU_PUR,KXNCAAMBGAME-25DEC06ISUPUR-ISU,1,720,2025-12-06T17:23:59+00:00,PRE_ENTRY,False,PRE_ENTRY,PRE_80,HISTORICAL_RECONSTRUCT,ASKED_SIX_FIRST80,82,39,,,14,14,,,,,,,,,,,,,,UNAVAILABLE,,,,,,,,,False,UNAVAILABLE,False
NCAAB_H2_1_AUSTIN_TRANSFER_V1,DISCOVERY,53323bd1ba9cf5c2,NCAAB_20251206_ISU_PUR,KXNCAAMBGAME-25DEC06ISUPUR-ISU,1,600,2025-12-06T17:26:27+00:00,PRE_ENTRY,False,PRE_ENTRY,PRE_80,HISTORICAL_RECONSTRUCT,ASKED_SIX_FIRST80,82,30,,,18,16,,,,,,,,,,,,,,UNAVAILABLE,,,,,,,,,False,UNAVAILABLE,False
NCAAB_H2_1_AUSTIN_TRANSFER_V1,DISCOVERY,53323bd1ba9cf5c2,NCAAB_20251206_ISU_PUR,KXNCAAMBGAME-25DEC06ISUPUR-ISU,1,480,2025-12-06T17:07:03+00:00,PRE_ENTRY,False,PRE_ENTRY,PRE_80,HISTORICAL_RECONSTRUCT,ASKED_SIX_FIRST80,82,32,,,0,0,,,,,,,,,,,,,,UNAVAILABLE,,,,,,,,,False,UNAVAILABLE,False
NCAAB_H2_1_AUSTIN_TRANSFER_V1,DISCOVERY,53323bd1ba9cf5c2,NCAAB_20251206_ISU_PUR,KXNCAAMBGAME-25DEC06ISUPUR-ISU,1,360,2025-12-06T17:07:03+00:00,PRE_ENTRY,False,PRE_ENTRY,PRE_80,HISTORICAL_RECONSTRUCT,ASKED_SIX_FIRST80,82,32,,,0,0,,,,,,,,,,,,,,UNAVAILABLE,,,,,,,,,False,UNAVAILABLE,False
NCAAB_H2_1_AUSTIN_TRANSFER_V1,DISCOVERY,53323bd1ba9cf5c2,NCAAB_20251206_ISU_PUR,KXNCAAMBGAME-25DEC06ISUPUR-ISU,1,240,2025-12-06T17:07:03+00:00,PRE_ENTRY,False,PRE_ENTRY,PRE_80,HISTORICAL_RECONSTRUCT,ASKED_SIX_FIRST80,82,32,,,0,0,,,,,,,,,,,,,,UNAVAILABLE,,,,,,,,,False,UNAVAILABLE,False
NCAAB_H2_1_AUSTIN_TRANSFER_V1,DISCOVERY,53323bd1ba9cf5c2,NCAAB_20251206_ISU_PUR,KXNCAAMBGAME-25DEC06ISUPUR-ISU,1,120,2025-12-06T17:07:03+00:00,PRE_ENTRY,False,PRE_ENTRY,PRE_80,HISTORICAL_RECONSTRUCT,ASKED_SIX_FIRST80,82,32,,,0,0,,,,,,,,,,,,,,UNAVAILABLE,,,,,,,,,False,UNAVAILABLE,False
NCAAB_H2_1_AUSTIN_TRANSFER_V1,DISCOVERY,53323bd1ba9cf5c2,NCAAB_20251206_ISU_PUR,KXNCAAMBGAME-25DEC06ISUPUR-ISU,1,0,2025-12-06T17:50:35+00:00,PRE_ENTRY,False,PRE_ENTRY,PRE_80,HISTORICAL_RECONSTRUCT,ASKED_SIX_FIRST80,82,52,,,31,35,,,,,,,,,,,,,,UNAVAILABLE,,,,,,,,,False,UNAVAILABLE,False
NCAAB_H2_1_AUSTIN_TRANSFER_V1,DISCOVERY,53323bd1ba9cf5c2,NCAAB_20251206_ISU_PUR,KXNCAAMBGAME-25DEC06ISUPUR-ISU,2,1200,2025-12-06T18:04:27+00:00,PRE_ENTRY,False,PRE_ENTRY,PRE_80,HISTORICAL_RECONSTRUCT,ASKED_SIX_FIRST80,82,48,,,31,35,,,,,,,,,,,,,,UNAVAILABLE,,,,,,,,,False,UNAVAILABLE,False
NCAAB_H2_1_AUSTIN_TRANSFER_V1,DISCOVERY,53323bd1ba9cf5c2,NCAAB_20251206_ISU_PUR,KXNCAAMBGAME-25DEC06ISUPUR-ISU,2,1080,2025-12-06T18:04:27+00:00,PRE_ENTRY,False,PRE_ENTRY,PRE_80,HISTORICAL_RECONSTRUCT,ASKED_SIX_FIRST80,82,48,,,31,35,,,,,,,,,,,,,,UNAVAILABLE,,,,,,,,,False,UNAVAILABLE,False
NCAAB_H2_1_AUSTIN_TRANSFER_V1,DISCOVERY,53323bd1ba9cf5c2,NCAAB_20251206_ISU_PUR,KXNCAAMBGAME-25DEC06ISUPUR-ISU,2,960,2025-12-06T18:04:27+00:00,PRIMARY_GRID,True,,PRE_80,HISTORICAL_RECONSTRUCT,NONE,,48,,,31,35,INSUFFICIENT_SAMPLE,NO_ENTRY_IN_FITTED_SPACE,,,,95% CI — weighted bootstrap,25,,,,,0.30434782608695654,UNAVAILABLE,NOT_APPLICABLE,20,20,VALUE,False,False,,,,False,UNAVAILABLE,False
NCAAB_H2_1_AUSTIN_TRANSFER_V1,DISCOVERY,53323bd1ba9cf5c2,NCAAB_20251206_ISU_PUR,KXNCAAMBGAME-25DEC06ISUPUR-ISU,2,840,2025-12-06T18:04:27+00:00,PRIMARY_GRID,True,,PRE_80,HISTORICAL_RECONSTRUCT,NONE,,48,,,31,35,INSUFFICIENT_SAMPLE,NO_ENTRY_IN_FITTED_SPACE,,,,95% CI — weighted bootstrap,25,,,,,0.30434782608695654,UNAVAILABLE,NOT_APPLICABLE,20,20,VALUE,False,False,,,,False,UNAVAILABLE,False
NCAAB_H2_1_AUSTIN_TRANSFER_V1,DISCOVERY,53323bd1ba9cf5c2,NCAAB_20251206_ISU_PUR,KXNCAAMBGAME-25DEC06ISUPUR-ISU,2,720,2025-12-06T18:04:27+00:00,PRIMARY_GRID,True,,PRE_80,HISTORICAL_RECONSTRUCT,NONE,,48,,,31,35,INSUFFICIENT_SAMPLE,NO_ENTRY_IN_FITTED_SPACE,,,,95% CI — weighted bootstrap,25,,,,,0.30434782608695654,UNAVAILABLE,NOT_APPLICABLE,20,20,VALUE,False,False,,,,False,UNAVAILABLE,False
NCAAB_H2_1_AUSTIN_TRANSFER_V1,DISCOVERY,53323bd1ba9cf5c2,NCAAB_20251206_ISU_PUR,KXNCAAMBGAME-25DEC06ISUPUR-ISU,2,600,2025-12-06T18:04:27+00:00,PRIMARY_GRID,True,,PRE_80,HISTORICAL_RECONSTRUCT,NONE,,48,,,31,35,INSUFFICIENT_SAMPLE,NO_ENTRY_IN_FITTED_SPACE,,,,95% CI — weighted bootstrap,25,,,,,0.30434782608695654,UNAVAILABLE,NOT_APPLICABLE,20,20,VALUE,False,False,,,,False,UNAVAILABLE,False
NCAAB_H2_1_AUSTIN_TRANSFER_V1,DISCOVERY,53323bd1ba9cf5c2,NCAAB_20251206_ISU_PUR,KXNCAAMBGAME-25DEC06ISUPUR-ISU,2,480,2025-12-06T18:04:27+00:00,PRIMARY_GRID,True,,PRE_80,HISTORICAL_RECONSTRUCT,NONE,,48,,,31,35,INSUFFICIENT_SAMPLE,NO_ENTRY_IN_FITTED_SPACE,,,,95% CI — weighted bootstrap,25,,,,,0.30434782608695654,UNAVAILABLE,NOT_APPLICABLE,20,20,VALUE,False,False,,,,False,UNAVAILABLE,False
NCAAB_H2_1_AUSTIN_TRANSFER_V1,DISCOVERY,53323bd1ba9cf5c2,NCAAB_20251206_ISU_PUR,KXNCAAMBGAME-25DEC06ISUPUR-ISU,2,360,2025-12-06T18:04:27+00:00,PRIMARY_GRID,True,,PRE_80,HISTORICAL_RECONSTRUCT,NONE,,48,,,31,35,INSUFFICIENT_SAMPLE,NO_ENTRY_IN_FITTED_SPACE,,,,95% CI — weighted bootstrap,25,,,,,0.30434782608695654,UNAVAILABLE,NOT_APPLICABLE,20,20,VALUE,False,False,,,,False,UNAVAILABLE,False
NCAAB_H2_1_AUSTIN_TRANSFER_V1,DISCOVERY,53323bd1ba9cf5c2,NCAAB_20251206_ISU_PUR,KXNCAAMBGAME-25DEC06ISUPUR-ISU,2,240,2025-12-06T18:04:27+00:00,PRIMARY_GRID,True,,PRE_80,HISTORICAL_RECONSTRUCT,NONE,,48,,,31,35,INSUFFICIENT_SAMPLE,NO_ENTRY_IN_FITTED_SPACE,,,,95% CI — weighted bootstrap,25,,,,,0.30434782608695654,UNAVAILABLE,NOT_APPLICABLE,20,20,VALUE,False,False,,,,False,UNAVAILABLE,False
NCAAB_H2_1_AUSTIN_TRANSFER_V1,DISCOVERY,53323bd1ba9cf5c2,NCAAB_20251206_ISU_PUR,KXNCAAMBGAME-25DEC06ISUPUR-ISU,2,120,2025-12-06T18:04:27+00:00,PRIMARY_GRID,True,,PRE_80,HISTORICAL_RECONSTRUCT,NONE,,48,,,31,35,INSUFFICIENT_SAMPLE,NO_ENTRY_IN_FITTED_SPACE,,,,95% CI — weighted bootstrap,25,,,,,0.30434782608695654,UNAVAILABLE,NOT_APPLICABLE,20,20,VALUE,False,False,,,,False,UNAVAILABLE,False
NCAAB_H2_1_AUSTIN_TRANSFER_V1,DISCOVERY,53323bd1ba9cf5c2,NCAAB_20251206_ISU_PUR,KXNCAAMBGAME-25DEC06ISUPUR-ISU,2,0,2025-12-06T18:56:21+00:00,AFTER_SETTLEMENT,False,AFTER_SETTLEMENT,,HISTORICAL_RECONSTRUCT,ASKED_SIX_FIRST80,82,99,,,58,81,,,,,,,,,,,,,,UNAVAILABLE,,,,,,,,,False,UNAVAILABLE,False
NCAAB_H2_1_AUSTIN_TRANSFER_V1,DISCOVERY,53323bd1ba9cf5c2,NCAAB_20251206_ISU_PUR,KXNCAAMBGAME-25DEC06ISUPUR-ISU,2,997,2025-12-06T18:14:00+00:00,DIAGNOSTIC_EVENT,False,,POST_80,HISTORICAL_RECONSTRUCT,ASKED_SIX_FIRST80,82,77,-5,0,35,50,OBSERVED,,-13.918381124032205,-32.0,4.0,95% CI — weighted bootstrap,25,25,24.572547133228746,1.0021969854654909,0.9844231016742708,0.7246376811594203,OBSERVED,VALUE,20,,NOT_APPLICABLE,True,True,,-13.918381124032205,,False,UNAVAILABLE,False
NCAAB_H2_1_AUSTIN_TRANSFER_V1,DISCOVERY,31709a96bb95143a,NCAAB_20251213_MSU_PSU,KXNCAAMBGAME-25DEC13MSUPSU-MSU,1,1200,2025-12-13T17:01:20+00:00,PRE_ENTRY,False,PRE_ENTRY,PRE_80,HISTORICAL_RECONSTRUCT,ASKED_SIX_FIRST80,84,86,,,0,0,,,,,,,,,,,,,,UNAVAILABLE,,,,,,,,,False,UNAVAILABLE,False
NCAAB_H2_1_AUSTIN_TRANSFER_V1,DISCOVERY,31709a96bb95143a,NCAAB_20251213_MSU_PSU,KXNCAAMBGAME-25DEC13MSUPSU-MSU,1,1080,2025-12-13T17:01:20+00:00,PRE_ENTRY,False,PRE_ENTRY,PRE_80,HISTORICAL_RECONSTRUCT,ASKED_SIX_FIRST80,84,86,,,0,0,,,,,,,,,,,,,,UNAVAILABLE,,,,,,,,,False,UNAVAILABLE,False
NCAAB_H2_1_AUSTIN_TRANSFER_V1,DISCOVERY,31709a96bb95143a,NCAAB_20251213_MSU_PSU,KXNCAAMBGAME-25DEC13MSUPSU-MSU,1,960,2025-12-13T17:01:20+00:00,PRE_ENTRY,False,PRE_ENTRY,PRE_80,HISTORICAL_RECONSTRUCT,ASKED_SIX_FIRST80,84,86,,,0,0,,,,,,,,,,,,,,UNAVAILABLE,,,,,,,,,False,UNAVAILABLE,False
NCAAB_H2_1_AUSTIN_TRANSFER_V1,DISCOVERY,31709a96bb95143a,NCAAB_20251213_MSU_PSU,KXNCAAMBGAME-25DEC13MSUPSU-MSU,1,840,2025-12-13T17:01:20+00:00,PRE_ENTRY,False,PRE_ENTRY,PRE_80,HISTORICAL_RECONSTRUCT,ASKED_SIX_FIRST80,84,86,,,0,0,,,,,,,,,,,,,,UNAVAILABLE,,,,,,,,,False,UNAVAILABLE,False
NCAAB_H2_1_AUSTIN_TRANSFER_V1,DISCOVERY,31709a96bb95143a,NCAAB_20251213_MSU_PSU,KXNCAAMBGAME-25DEC13MSUPSU-MSU,1,720,2025-12-13T17:01:20+00:00,PRE_ENTRY,False,PRE_ENTRY,PRE_80,HISTORICAL_RECONSTRUCT,ASKED_SIX_FIRST80,84,86,,,0,0,,,,,,,,,,,,,,UNAVAILABLE,,,,,,,,,False,UNAVAILABLE,False
NCAAB_H2_1_AUSTIN_TRANSFER_V1,DISCOVERY,31709a96bb95143a,NCAAB_20251213_MSU_PSU,KXNCAAMBGAME-25DEC13MSUPSU-MSU,1,600,2025-12-13T17:01:20+00:00,PRE_ENTRY,False,PRE_ENTRY,PRE_80,HISTORICAL_RECONSTRUCT,ASKED_SIX_FIRST80,84,86,,,0,0,,,,,,,,,,,,,,UNAVAILABLE,,,,,,,,,False,UNAVAILABLE,False
NCAAB_H2_1_AUSTIN_TRANSFER_V1,DISCOVERY,31709a96bb95143a,NCAAB_20251213_MSU_PSU,KXNCAAMBGAME-25DEC13MSUPSU-MSU,1,480,2025-12-13T17:01:20+00:00,PRE_ENTRY,False,PRE_ENTRY,PRE_80,HISTORICAL_RECONSTRUCT,ASKED_SIX_FIRST80,84,86,,,0,0,,,,,,,,,,,,,,UNAVAILABLE,,,,,,,,,False,UNAVAILABLE,False
NCAAB_H2_1_AUSTIN_TRANSFER_V1,DISCOVERY,31709a96bb95143a,NCAAB_20251213_MSU_PSU,KXNCAAMBGAME-25DEC13MSUPSU-MSU,1,360,2025-12-13T17:01:20+00:00,PRE_ENTRY,False,PRE_ENTRY,PRE_80,HISTORICAL_RECONSTRUCT,ASKED_SIX_FIRST80,84,86,,,0,0,,,,,,,,,,,,,,UNAVAILABLE,,,,,,,,,False,UNAVAILABLE,False
NCAAB_H2_1_AUSTIN_TRANSFER_V1,DISCOVERY,31709a96bb95143a,NCAAB_20251213_MSU_PSU,KXNCAAMBGAME-25DEC13MSUPSU-MSU,1,240,2025-12-13T17:01:20+00:00,PRE_ENTRY,False,PRE_ENTRY,PRE_80,HISTORICAL_RECONSTRUCT,ASKED_SIX_FIRST80,84,86,,,0,0,,,,,,,,,,,,,,UNAVAILABLE,,,,,,,,,False,UNAVAILABLE,False
NCAAB_H2_1_AUSTIN_TRANSFER_V1,DISCOVERY,31709a96bb95143a,NCAAB_20251213_MSU_PSU,KXNCAAMBGAME-25DEC13MSUPSU-MSU,1,120,2025-12-13T17:01:20+00:00,PRE_ENTRY,False,PRE_ENTRY,PRE_80,HISTORICAL_RECONSTRUCT,ASKED_SIX_FIRST80,84,86,,,0,0,,,,,,,,,,,,,,UNAVAILABLE,,,,,,,,,False,UNAVAILABLE,False
NCAAB_H2_1_AUSTIN_TRANSFER_V1,DISCOVERY,31709a96bb95143a,NCAAB_20251213_MSU_PSU,KXNCAAMBGAME-25DEC13MSUPSU-MSU,1,0,2025-12-13T17:44:03+00:00,PRE_ENTRY,False,PRE_ENTRY,PRE_80,HISTORICAL_RECONSTRUCT,ASKED_SIX_FIRST80,84,76,,,39,36,,,,,,,,,,,,,,UNAVAILABLE,,,,,,,,,False,UNAVAILABLE,False
NCAAB_H2_1_AUSTIN_TRANSFER_V1,DISCOVERY,31709a96bb95143a,NCAAB_20251213_MSU_PSU,KXNCAAMBGAME-25DEC13MSUPSU-MSU,2,1200,2025-12-13T17:59:49+00:00,PRE_ENTRY,False,PRE_ENTRY,PRE_80,HISTORICAL_RECONSTRUCT,ASKED_SIX_FIRST80,84,75,,,39,36,,,,,,,,,,,,,,UNAVAILABLE,,,,,,,,,False,UNAVAILABLE,False
NCAAB_H2_1_AUSTIN_TRANSFER_V1,DISCOVERY,31709a96bb95143a,NCAAB_20251213_MSU_PSU,KXNCAAMBGAME-25DEC13MSUPSU-MSU,2,1080,2025-12-13T17:59:49+00:00,PRE_ENTRY,False,PRE_ENTRY,PRE_80,HISTORICAL_RECONSTRUCT,ASKED_SIX_FIRST80,84,75,,,39,36,,,,,,,,,,,,,,UNAVAILABLE,,,,,,,,,False,UNAVAILABLE,False
NCAAB_H2_1_AUSTIN_TRANSFER_V1,DISCOVERY,31709a96bb95143a,NCAAB_20251213_MSU_PSU,KXNCAAMBGAME-25DEC13MSUPSU-MSU,2,960,2025-12-13T17:59:49+00:00,PRIMARY_GRID,True,,PRE_80,HISTORICAL_RECONSTRUCT,NONE,,75,,,39,36,INSUFFICIENT_SAMPLE,NO_ENTRY_IN_FITTED_SPACE,,,,95% CI — weighted bootstrap,25,,,,,0.30434782608695654,UNAVAILABLE,NOT_APPLICABLE,20,20,VALUE,False,False,,,,False,UNAVAILABLE,False
NCAAB_H2_1_AUSTIN_TRANSFER_V1,DISCOVERY,31709a96bb95143a,NCAAB_20251213_MSU_PSU,KXNCAAMBGAME-25DEC13MSUPSU-MSU,2,840,2025-12-13T18:13:01+00:00,PRIMARY_GRID,True,,POST_80,HISTORICAL_RECONSTRUCT,ASKED_SIX_FIRST80,84,95,11,236,41,51,OBSERVED,,4.155906550725605,-12.0,16.0,95% CI — weighted bootstrap,25,25,24.41588502261018,0.946020300518103,0.9062765572606792,0.9710144927536232,OBSERVED,VALUE,20,,NOT_APPLICABLE,True,True,4.155906550725605,4.155906550725605,0.0,False,UNAVAILABLE,False
NCAAB_H2_1_AUSTIN_TRANSFER_V1,DISCOVERY,31709a96bb95143a,NCAAB_20251213_MSU_PSU,KXNCAAMBGAME-25DEC13MSUPSU-MSU,2,720,2025-12-13T17:59:49+00:00,PRIMARY_GRID,True,,PRE_80,HISTORICAL_RECONSTRUCT,NONE,,75,,,39,36,INSUFFICIENT_SAMPLE,NO_ENTRY_IN_FITTED_SPACE,,,,95% CI — weighted bootstrap,25,,,,,0.30434782608695654,UNAVAILABLE,NOT_APPLICABLE,20,20,VALUE,False,False,4.155906550725605,,,False,UNAVAILABLE,False
NCAAB_H2_1_AUSTIN_TRANSFER_V1,DISCOVERY,31709a96bb95143a,NCAAB_20251213_MSU_PSU,KXNCAAMBGAME-25DEC13MSUPSU-MSU,2,600,2025-12-13T17:59:49+00:00,PRIMARY_GRID,True,,PRE_80,HISTORICAL_RECONSTRUCT,NONE,,75,,,39,36,INSUFFICIENT_SAMPLE,NO_ENTRY_IN_FITTED_SPACE,,,,95% CI — weighted bootstrap,25,,,,,0.30434782608695654,UNAVAILABLE,NOT_APPLICABLE,20,20,VALUE,False,False,4.155906550725605,,,False,UNAVAILABLE,False
NCAAB_H2_1_AUSTIN_TRANSFER_V1,DISCOVERY,31709a96bb95143a,NCAAB_20251213_MSU_PSU,KXNCAAMBGAME-25DEC13MSUPSU-MSU,2,480,2025-12-13T17:59:49+00:00,PRIMARY_GRID,True,,PRE_80,HISTORICAL_RECONSTRUCT,NONE,,75,,,39,36,INSUFFICIENT_SAMPLE,NO_ENTRY_IN_FITTED_SPACE,,,,95% CI — weighted bootstrap,25,,,,,0.30434782608695654,UNAVAILABLE,NOT_APPLICABLE,20,20,VALUE,False,False,4.155906550725605,,,False,UNAVAILABLE,False
NCAAB_H2_1_AUSTIN_TRANSFER_V1,DISCOVERY,31709a96bb95143a,NCAAB_20251213_MSU_PSU,KXNCAAMBGAME-25DEC13MSUPSU-MSU,2,360,2025-12-13T17:59:49+00:00,PRIMARY_GRID,True,,PRE_80,HISTORICAL_RECONSTRUCT,NONE,,75,,,39,36,INSUFFICIENT_SAMPLE,NO_ENTRY_IN_FITTED_SPACE,,,,95% CI — weighted bootstrap,25,,,,,0.30434782608695654,UNAVAILABLE,NOT_APPLICABLE,20,20,VALUE,False,False,4.155906550725605,,,False,UNAVAILABLE,False
NCAAB_H2_1_AUSTIN_TRANSFER_V1,DISCOVERY,31709a96bb95143a,NCAAB_20251213_MSU_PSU,KXNCAAMBGAME-25DEC13MSUPSU-MSU,2,240,2025-12-13T17:59:49+00:00,PRIMARY_GRID,True,,PRE_80,HISTORICAL_RECONSTRUCT,NONE,,75,,,39,36,INSUFFICIENT_SAMPLE,NO_ENTRY_IN_FITTED_SPACE,,,,95% CI — weighted bootstrap,25,,,,,0.30434782608695654,UNAVAILABLE,NOT_APPLICABLE,20,20,VALUE,False,False,4.155906550725605,,,False,UNAVAILABLE,False
NCAAB_H2_1_AUSTIN_TRANSFER_V1,DISCOVERY,31709a96bb95143a,NCAAB_20251213_MSU_PSU,KXNCAAMBGAME-25DEC13MSUPSU-MSU,2,120,2025-12-13T17:59:49+00:00,PRIMARY_GRID,True,,PRE_80,HISTORICAL_RECONSTRUCT,NONE,,75,,,39,36,INSUFFICIENT_SAMPLE,NO_ENTRY_IN_FITTED_SPACE,,,,95% CI — weighted bootstrap,25,,,,,0.30434782608695654,UNAVAILABLE,NOT_APPLICABLE,20,20,VALUE,False,False,4.155906550725605,,,False,UNAVAILABLE,False
NCAAB_H2_1_AUSTIN_TRANSFER_V1,DISCOVERY,31709a96bb95143a,NCAAB_20251213_MSU_PSU,KXNCAAMBGAME-25DEC13MSUPSU-MSU,2,0,2025-12-13T19:00:34+00:00,PRIMARY_GRID,True,,POST_80,HISTORICAL_RECONSTRUCT,ASKED_SIX_FIRST80,84,94,10,1076,72,76,OBSERVED,,16.058031925435063,8.0,20.0,95% CI — weighted bootstrap,25,25,24.77422240747262,1.115968768330938,1.0946075146476308,1.0,OBSERVED,VALUE,20,,NOT_APPLICABLE,True,True,4.155906550725605,16.058031925435063,11.902125374709458,False,UNAVAILABLE,False
NCAAB_H2_1_AUSTIN_TRANSFER_V1,DISCOVERY,31709a96bb95143a,NCAAB_20251213_MSU_PSU,KXNCAAMBGAME-25DEC13MSUPSU-MSU,,,2025-12-11T19:12:00+00:00,DIAGNOSTIC_EVENT,False,,PRE_80,HISTORICAL_RECONSTRUCT,NONE,,79,,,,,INSUFFICIENT_SAMPLE,NO_ENTRY_IN_FITTED_SPACE,,,,95% CI — weighted bootstrap,25,,,,,0.057971014492753624,UNAVAILABLE,NOT_APPLICABLE,20,20,VALUE,False,False,4.155906550725605,,,False,UNAVAILABLE,False
NCAAB_H2_1_AUSTIN_TRANSFER_V1,DISCOVERY,31709a96bb95143a,NCAAB_20251213_MSU_PSU,KXNCAAMBGAME-25DEC13MSUPSU-MSU,2,461,2025-12-13T18:27:00+00:00,DIAGNOSTIC_EVENT,False,,POST_80,HISTORICAL_RECONSTRUCT,ASKED_SIX_FIRST80,84,75,-9,615,60,58,OBSERVED,,0.5857376347969345,-16.0,16.0,95% CI — weighted bootstrap,25,25,24.823178013283506,1.144422638402495,1.1178745749988193,1.0,OBSERVED,VALUE,20,,NOT_APPLICABLE,True,True,4.155906550725605,0.5857376347969345,-3.570168915928671,False,UNAVAILABLE,False
NCAAB_H2_1_AUSTIN_TRANSFER_V1,DISCOVERY,31709a96bb95143a,NCAAB_20251213_MSU_PSU,KXNCAAMBGAME-25DEC13MSUPSU-MSU,2,339,2025-12-13T18:34:00+00:00,DIAGNOSTIC_EVENT,False,,POST_80,HISTORICAL_RECONSTRUCT,ASKED_SIX_FIRST80,84,71,-13,737,64,62,OBSERVED,,-2.16223305012536,-20.0,12.0,95% CI — weighted bootstrap,25,25,24.473889013081195,1.025572474957221,0.9602856864517464,1.0,OBSERVED,VALUE,20,,NOT_APPLICABLE,True,True,4.155906550725605,-2.16223305012536,-6.318139600850966,False,UNAVAILABLE,False
NCAAB_H2_1_AUSTIN_TRANSFER_V1,DISCOVERY,b87441ae2c62d8c3,NCAAB_20251213_OKST_OKLA,KXNCAAMBGAME-25DEC13OKSTOKLA-OKLA,1,1200,2025-12-13T18:03:14+00:00,PRE_ENTRY,False,PRE_ENTRY,PRE_80,HISTORICAL_RECONSTRUCT,ASKED_SIX_FIRST80,80,57,,,0,0,,,,,,,,,,,,,,UNAVAILABLE,,,,,,,,,False,UNAVAILABLE,False
NCAAB_H2_1_AUSTIN_TRANSFER_V1,DISCOVERY,b87441ae2c62d8c3,NCAAB_20251213_OKST_OKLA,KXNCAAMBGAME-25DEC13OKSTOKLA-OKLA,1,1080,2025-12-13T18:03:14+00:00,PRE_ENTRY,False,PRE_ENTRY,PRE_80,HISTORICAL_RECONSTRUCT,ASKED_SIX_FIRST80,80,57,,,0,0,,,,,,,,,,,,,,UNAVAILABLE,,,,,,,,,False,UNAVAILABLE,False
NCAAB_H2_1_AUSTIN_TRANSFER_V1,DISCOVERY,b87441ae2c62d8c3,NCAAB_20251213_OKST_OKLA,KXNCAAMBGAME-25DEC13OKSTOKLA-OKLA,1,960,2025-12-13T18:03:14+00:00,PRE_ENTRY,False,PRE_ENTRY,PRE_80,HISTORICAL_RECONSTRUCT,ASKED_SIX_FIRST80,80,57,,,0,0,,,,,,,,,,,,,,UNAVAILABLE,,,,,,,,,False,UNAVAILABLE,False
NCAAB_H2_1_AUSTIN_TRANSFER_V1,DISCOVERY,b87441ae2c62d8c3,NCAAB_20251213_OKST_OKLA,KXNCAAMBGAME-25DEC13OKSTOKLA-OKLA,1,840,2025-12-13T18:03:14+00:00,PRE_ENTRY,False,PRE_ENTRY,PRE_80,HISTORICAL_RECONSTRUCT,ASKED_SIX_FIRST80,80,57,,,0,0,,,,,,,,,,,,,,UNAVAILABLE,,,,,,,,,False,UNAVAILABLE,False
NCAAB_H2_1_AUSTIN_TRANSFER_V1,DISCOVERY,b87441ae2c62d8c3,NCAAB_20251213_OKST_OKLA,KXNCAAMBGAME-25DEC13OKSTOKLA-OKLA,1,720,2025-12-13T18:03:14+00:00,PRE_ENTRY,False,PRE_ENTRY,PRE_80,HISTORICAL_RECONSTRUCT,ASKED_SIX_FIRST80,80,57,,,0,0,,,,,,,,,,,,,,UNAVAILABLE,,,,,,,,,False,UNAVAILABLE,False
NCAAB_H2_1_AUSTIN_TRANSFER_V1,DISCOVERY,b87441ae2c62d8c3,NCAAB_20251213_OKST_OKLA,KXNCAAMBGAME-25DEC13OKSTOKLA-OKLA,1,600,2025-12-13T18:03:14+00:00,PRE_ENTRY,False,PRE_ENTRY,PRE_80,HISTORICAL_RECONSTRUCT,ASKED_SIX_FIRST80,80,57,,,0,0,,,,,,,,,,,,,,UNAVAILABLE,,,,,,,,,False,UNAVAILABLE,False
NCAAB_H2_1_AUSTIN_TRANSFER_V1,DISCOVERY,b87441ae2c62d8c3,NCAAB_20251213_OKST_OKLA,KXNCAAMBGAME-25DEC13OKSTOKLA-OKLA,1,480,2025-12-13T18:28:05+00:00,PRE_ENTRY,False,PRE_ENTRY,PRE_80,HISTORICAL_RECONSTRUCT,ASKED_SIX_FIRST80,80,57,,,19,24,,,,,,,,,,,,,,UNAVAILABLE,,,,,,,,,False,UNAVAILABLE,False
NCAAB_H2_1_AUSTIN_TRANSFER_V1,DISCOVERY,b87441ae2c62d8c3,NCAAB_20251213_OKST_OKLA,KXNCAAMBGAME-25DEC13OKSTOKLA-OKLA,1,360,2025-12-13T18:03:14+00:00,PRE_ENTRY,False,PRE_ENTRY,PRE_80,HISTORICAL_RECONSTRUCT,ASKED_SIX_FIRST80,80,57,,,0,0,,,,,,,,,,,,,,UNAVAILABLE,,,,,,,,,False,UNAVAILABLE,False
NCAAB_H2_1_AUSTIN_TRANSFER_V1,DISCOVERY,b87441ae2c62d8c3,NCAAB_20251213_OKST_OKLA,KXNCAAMBGAME-25DEC13OKSTOKLA-OKLA,1,240,2025-12-13T18:03:14+00:00,PRE_ENTRY,False,PRE_ENTRY,PRE_80,HISTORICAL_RECONSTRUCT,ASKED_SIX_FIRST80,80,57,,,0,0,,,,,,,,,,,,,,UNAVAILABLE,,,,,,,,,False,UNAVAILABLE,False
NCAAB_H2_1_AUSTIN_TRANSFER_V1,DISCOVERY,b87441ae2c62d8c3,NCAAB_20251213_OKST_OKLA,KXNCAAMBGAME-25DEC13OKSTOKLA-OKLA,1,120,2025-12-13T18:03:14+00:00,PRE_ENTRY,False,PRE_ENTRY,PRE_80,HISTORICAL_RECONSTRUCT,ASKED_SIX_FIRST80,80,57,,,0,0,,,,,,,,,,,,,,UNAVAILABLE,,,,,,,,,False,UNAVAILABLE,False
NCAAB_H2_1_AUSTIN_TRANSFER_V1,DISCOVERY,b87441ae2c62d8c3,NCAAB_20251213_OKST_OKLA,KXNCAAMBGAME-25DEC13OKSTOKLA-OKLA,1,0,2025-12-13T18:49:58+00:00,PRE_ENTRY,False,PRE_ENTRY,PRE_80,HISTORICAL_RECONSTRUCT,ASKED_SIX_FIRST80,80,62,,,35,41,,,,,,,,,,,,,,UNAVAILABLE,,,,,,,,,False,UNAVAILABLE,False
NCAAB_H2_1_AUSTIN_TRANSFER_V1,DISCOVERY,b87441ae2c62d8c3,NCAAB_20251213_OKST_OKLA,KXNCAAMBGAME-25DEC13OKSTOKLA-OKLA,2,1200,2025-12-13T19:04:45+00:00,PRE_ENTRY,False,PRE_ENTRY,PRE_80,HISTORICAL_RECONSTRUCT,ASKED_SIX_FIRST80,80,71,,,35,41,,,,,,,,,,,,,,UNAVAILABLE,,,,,,,,,False,UNAVAILABLE,False
NCAAB_H2_1_AUSTIN_TRANSFER_V1,DISCOVERY,b87441ae2c62d8c3,NCAAB_20251213_OKST_OKLA,KXNCAAMBGAME-25DEC13OKSTOKLA-OKLA,2,1080,2025-12-13T19:04:45+00:00,PRE_ENTRY,False,PRE_ENTRY,PRE_80,HISTORICAL_RECONSTRUCT,ASKED_SIX_FIRST80,80,71,,,35,41,,,,,,,,,,,,,,UNAVAILABLE,,,,,,,,,False,UNAVAILABLE,False
NCAAB_H2_1_AUSTIN_TRANSFER_V1,DISCOVERY,b87441ae2c62d8c3,NCAAB_20251213_OKST_OKLA,KXNCAAMBGAME-25DEC13OKSTOKLA-OKLA,2,960,2025-12-13T19:04:45+00:00,PRIMARY_GRID,True,,PRE_80,HISTORICAL_RECONSTRUCT,NONE,,71,,,35,41,INSUFFICIENT_SAMPLE,NO_ENTRY_IN_FITTED_SPACE,,,,95% CI — weighted bootstrap,25,,,,,0.30434782608695654,UNAVAILABLE,NOT_APPLICABLE,20,20,VALUE,False,False,,,,False,UNAVAILABLE,False
NCAAB_H2_1_AUSTIN_TRANSFER_V1,DISCOVERY,b87441ae2c62d8c3,NCAAB_20251213_OKST_OKLA,KXNCAAMBGAME-25DEC13OKSTOKLA-OKLA,2,840,2025-12-13T19:04:45+00:00,PRIMARY_GRID,True,,PRE_80,HISTORICAL_RECONSTRUCT,NONE,,71,,,35,41,INSUFFICIENT_SAMPLE,NO_ENTRY_IN_FITTED_SPACE,,,,95% CI — weighted bootstrap,25,,,,,0.30434782608695654,UNAVAILABLE,NOT_APPLICABLE,20,20,VALUE,False,False,,,,False,UNAVAILABLE,False
NCAAB_H2_1_AUSTIN_TRANSFER_V1,DISCOVERY,b87441ae2c62d8c3,NCAAB_20251213_OKST_OKLA,KXNCAAMBGAME-25DEC13OKSTOKLA-OKLA,2,720,2025-12-13T19:04:45+00:00,PRIMARY_GRID,True,,PRE_80,HISTORICAL_RECONSTRUCT,NONE,,71,,,35,41,INSUFFICIENT_SAMPLE,NO_ENTRY_IN_FITTED_SPACE,,,,95% CI — weighted bootstrap,25,,,,,0.30434782608695654,UNAVAILABLE,NOT_APPLICABLE,20,20,VALUE,False,False,,,,False,UNAVAILABLE,False
NCAAB_H2_1_AUSTIN_TRANSFER_V1,DISCOVERY,b87441ae2c62d8c3,NCAAB_20251213_OKST_OKLA,KXNCAAMBGAME-25DEC13OKSTOKLA-OKLA,2,600,2025-12-13T19:04:45+00:00,PRIMARY_GRID,True,,PRE_80,HISTORICAL_RECONSTRUCT,NONE,,71,,,35,41,INSUFFICIENT_SAMPLE,NO_ENTRY_IN_FITTED_SPACE,,,,95% CI — weighted bootstrap,25,,,,,0.30434782608695654,UNAVAILABLE,NOT_APPLICABLE,20,20,VALUE,False,False,,,,False,UNAVAILABLE,False
NCAAB_H2_1_AUSTIN_TRANSFER_V1,DISCOVERY,b87441ae2c62d8c3,NCAAB_20251213_OKST_OKLA,KXNCAAMBGAME-25DEC13OKSTOKLA-OKLA,2,480,2025-12-13T19:04:45+00:00,PRIMARY_GRID,True,,PRE_80,HISTORICAL_RECONSTRUCT,NONE,,71,,,35,41,INSUFFICIENT_SAMPLE,NO_ENTRY_IN_FITTED_SPACE,,,,95% CI — weighted bootstrap,25,,,,,0.30434782608695654,UNAVAILABLE,NOT_APPLICABLE,20,20,VALUE,False,False,,,,False,UNAVAILABLE,False
NCAAB_H2_1_AUSTIN_TRANSFER_V1,DISCOVERY,b87441ae2c62d8c3,NCAAB_20251213_OKST_OKLA,KXNCAAMBGAME-25DEC13OKSTOKLA-OKLA,2,360,2025-12-13T19:04:45+00:00,PRIMARY_GRID,True,,PRE_80,HISTORICAL_RECONSTRUCT,NONE,,71,,,35,41,INSUFFICIENT_SAMPLE,NO_ENTRY_IN_FITTED_SPACE,,,,95% CI — weighted bootstrap,25,,,,,0.30434782608695654,UNAVAILABLE,NOT_APPLICABLE,20,20,VALUE,False,False,,,,False,UNAVAILABLE,False
NCAAB_H2_1_AUSTIN_TRANSFER_V1,DISCOVERY,b87441ae2c62d8c3,NCAAB_20251213_OKST_OKLA,KXNCAAMBGAME-25DEC13OKSTOKLA-OKLA,2,240,2025-12-13T19:04:45+00:00,PRIMARY_GRID,True,,PRE_80,HISTORICAL_RECONSTRUCT,NONE,,71,,,35,41,INSUFFICIENT_SAMPLE,NO_ENTRY_IN_FITTED_SPACE,,,,95% CI — weighted bootstrap,25,,,,,0.30434782608695654,UNAVAILABLE,NOT_APPLICABLE,20,20,VALUE,False,False,,,,False,UNAVAILABLE,False
NCAAB_H2_1_AUSTIN_TRANSFER_V1,DISCOVERY,b87441ae2c62d8c3,NCAAB_20251213_OKST_OKLA,KXNCAAMBGAME-25DEC13OKSTOKLA-OKLA,2,120,2025-12-13T19:04:45+00:00,PRIMARY_GRID,True,,PRE_80,HISTORICAL_RECONSTRUCT,NONE,,71,,,35,41,INSUFFICIENT_SAMPLE,NO_ENTRY_IN_FITTED_SPACE,,,,95% CI — weighted bootstrap,25,,,,,0.30434782608695654,UNAVAILABLE,NOT_APPLICABLE,20,20,VALUE,False,False,,,,False,UNAVAILABLE,False
NCAAB_H2_1_AUSTIN_TRANSFER_V1,DISCOVERY,b87441ae2c62d8c3,NCAAB_20251213_OKST_OKLA,KXNCAAMBGAME-25DEC13OKSTOKLA-OKLA,2,0,2025-12-13T20:08:30+00:00,PRIMARY_GRID,True,,POST_80,HISTORICAL_RECONSTRUCT,ASKED_SIX_FIRST80,80,97,17,992,76,85,OBSERVED,,20.0,20.0,20.0,95% CI — weighted bootstrap,25,25,24.844632844636322,1.3868244660962372,1.4298787407715416,1.0,OBSERVED,VALUE,20,,NOT_APPLICABLE,True,True,20.0,20.0,0.0,False,UNAVAILABLE,False
NCAAB_H2_1_AUSTIN_TRANSFER_V1,DISCOVERY,b87441ae2c62d8c3,NCAAB_20251213_OKST_OKLA,KXNCAAMBGAME-25DEC13OKSTOKLA-OKLA,2,992,2025-12-13T19:13:00+00:00,DIAGNOSTIC_EVENT,False,,POST_80,HISTORICAL_RECONSTRUCT,ASKED_SIX_FIRST80,80,75,-5,0,39,46,OBSERVED,,-2.549434658956759,-20.0,12.0,95% CI — weighted bootstrap,25,25,24.844570845536648,1.3214333793174344,1.3075788232398002,0.7246376811594203,OBSERVED,VALUE,20,,NOT_APPLICABLE,True,True,20.0,-2.549434658956759,-22.54943465895676,False,UNAVAILABLE,False
NCAAB_H2_1_AUSTIN_TRANSFER_V1,DISCOVERY,b87441ae2c62d8c3,NCAAB_20251213_OKST_OKLA,KXNCAAMBGAME-25DEC13OKSTOKLA-OKLA,2,912,2025-12-13T19:17:00+00:00,DIAGNOSTIC_EVENT,False,,POST_80,HISTORICAL_RECONSTRUCT,ASKED_SIX_FIRST80,80,74,-6,80,41,48,OBSERVED,,12.306633229504953,0.0,20.0,95% CI — weighted bootstrap,25,25,24.94543359270649,1.1394375676630961,1.1251932773393185,0.8985507246376812,OBSERVED,VALUE,20,,NOT_APPLICABLE,True,True,20.0,12.306633229504953,-7.693366770495047,False,UNAVAILABLE,False
NCAAB_H2_1_AUSTIN_TRANSFER_V1,DISCOVERY,b87441ae2c62d8c3,NCAAB_20251213_OKST_OKLA,KXNCAAMBGAME-25DEC13OKSTOKLA-OKLA,2,736,2025-12-13T19:30:00+00:00,DIAGNOSTIC_EVENT,False,,POST_80,HISTORICAL_RECONSTRUCT,ASKED_SIX_FIRST80,80,64,-16,256,48,50,OBSERVED,,-8.691504298138485,-28.0,8.0,95% CI — weighted bootstrap,25,25,24.337957063207295,0.7679518749077441,0.7440226749805926,0.9710144927536232,OBSERVED,VALUE,20,,NOT_APPLICABLE,True,True,20.0,-8.691504298138485,-28.691504298138483,False,UNAVAILABLE,False
NCAAB_H2_1_AUSTIN_TRANSFER_V1,DISCOVERY,b87441ae2c62d8c3,NCAAB_20251213_OKST_OKLA,KXNCAAMBGAME-25DEC13OKSTOKLA-OKLA,2,683,2025-12-13T19:36:00+00:00,DIAGNOSTIC_EVENT,False,,POST_80,HISTORICAL_RECONSTRUCT,ASKED_SIX_FIRST80,80,51,-29,309,53,51,OBSERVED,,-39.14555526334233,-56.0,-20.0,95% CI — weighted bootstrap,25,25,24.84320268524929,1.1382542357808125,1.1318345925786915,0.9855072463768116,OBSERVED,VALUE,20,,NOT_APPLICABLE,True,True,20.0,-39.14555526334233,-59.14555526334233,False,UNAVAILABLE,False
NCAAB_H2_1_AUSTIN_TRANSFER_V1,DISCOVERY,d168882899a9b88b,NCAAB_20251213_CIN_UGA,KXNCAAMBGAME-25DEC13CINUGA-UGA,1,1200,2025-12-13T19:06:16+00:00,PRE_ENTRY,False,PRE_ENTRY,PRE_80,HISTORICAL_RECONSTRUCT,ASKED_SIX_FIRST80,84,65,,,0,0,,,,,,,,,,,,,,UNAVAILABLE,,,,,,,,,False,UNAVAILABLE,False
NCAAB_H2_1_AUSTIN_TRANSFER_V1,DISCOVERY,d168882899a9b88b,NCAAB_20251213_CIN_UGA,KXNCAAMBGAME-25DEC13CINUGA-UGA,1,1080,2025-12-13T19:06:16+00:00,PRE_ENTRY,False,PRE_ENTRY,PRE_80,HISTORICAL_RECONSTRUCT,ASKED_SIX_FIRST80,84,65,,,0,0,,,,,,,,,,,,,,UNAVAILABLE,,,,,,,,,False,UNAVAILABLE,False
NCAAB_H2_1_AUSTIN_TRANSFER_V1,DISCOVERY,d168882899a9b88b,NCAAB_20251213_CIN_UGA,KXNCAAMBGAME-25DEC13CINUGA-UGA,1,960,2025-12-13T19:06:16+00:00,PRE_ENTRY,False,PRE_ENTRY,PRE_80,HISTORICAL_RECONSTRUCT,ASKED_SIX_FIRST80,84,65,,,0,0,,,,,,,,,,,,,,UNAVAILABLE,,,,,,,,,False,UNAVAILABLE,False
NCAAB_H2_1_AUSTIN_TRANSFER_V1,DISCOVERY,d168882899a9b88b,NCAAB_20251213_CIN_UGA,KXNCAAMBGAME-25DEC13CINUGA-UGA,1,840,2025-12-13T19:06:16+00:00,PRE_ENTRY,False,PRE_ENTRY,PRE_80,HISTORICAL_RECONSTRUCT,ASKED_SIX_FIRST80,84,65,,,0,0,,,,,,,,,,,,,,UNAVAILABLE,,,,,,,,,False,UNAVAILABLE,False
NCAAB_H2_1_AUSTIN_TRANSFER_V1,DISCOVERY,d168882899a9b88b,NCAAB_20251213_CIN_UGA,KXNCAAMBGAME-25DEC13CINUGA-UGA,1,720,2025-12-13T19:06:16+00:00,PRE_ENTRY,False,PRE_ENTRY,PRE_80,HISTORICAL_RECONSTRUCT,ASKED_SIX_FIRST80,84,65,,,0,0,,,,,,,,,,,,,,UNAVAILABLE,,,,,,,,,False,UNAVAILABLE,False
NCAAB_H2_1_AUSTIN_TRANSFER_V1,DISCOVERY,d168882899a9b88b,NCAAB_20251213_CIN_UGA,KXNCAAMBGAME-25DEC13CINUGA-UGA,1,600,2025-12-13T19:06:16+00:00,PRE_ENTRY,False,PRE_ENTRY,PRE_80,HISTORICAL_RECONSTRUCT,ASKED_SIX_FIRST80,84,65,,,0,0,,,,,,,,,,,,,,UNAVAILABLE,,,,,,,,,False,UNAVAILABLE,False
NCAAB_H2_1_AUSTIN_TRANSFER_V1,DISCOVERY,d168882899a9b88b,NCAAB_20251213_CIN_UGA,KXNCAAMBGAME-25DEC13CINUGA-UGA,1,480,2025-12-13T19:06:16+00:00,PRE_ENTRY,False,PRE_ENTRY,PRE_80,HISTORICAL_RECONSTRUCT,ASKED_SIX_FIRST80,84,65,,,0,0,,,,,,,,,,,,,,UNAVAILABLE,,,,,,,,,False,UNAVAILABLE,False
NCAAB_H2_1_AUSTIN_TRANSFER_V1,DISCOVERY,d168882899a9b88b,NCAAB_20251213_CIN_UGA,KXNCAAMBGAME-25DEC13CINUGA-UGA,1,360,2025-12-13T19:06:16+00:00,PRE_ENTRY,False,PRE_ENTRY,PRE_80,HISTORICAL_RECONSTRUCT,ASKED_SIX_FIRST80,84,65,,,0,0,,,,,,,,,,,,,,UNAVAILABLE,,,,,,,,,False,UNAVAILABLE,False
NCAAB_H2_1_AUSTIN_TRANSFER_V1,DISCOVERY,d168882899a9b88b,NCAAB_20251213_CIN_UGA,KXNCAAMBGAME-25DEC13CINUGA-UGA,1,240,2025-12-13T19:06:16+00:00,PRE_ENTRY,False,PRE_ENTRY,PRE_80,HISTORICAL_RECONSTRUCT,ASKED_SIX_FIRST80,84,65,,,0,0,,,,,,,,,,,,,,UNAVAILABLE,,,,,,,,,False,UNAVAILABLE,False
NCAAB_H2_1_AUSTIN_TRANSFER_V1,DISCOVERY,d168882899a9b88b,NCAAB_20251213_CIN_UGA,KXNCAAMBGAME-25DEC13CINUGA-UGA,1,120,2025-12-13T19:06:16+00:00,PRE_ENTRY,False,PRE_ENTRY,PRE_80,HISTORICAL_RECONSTRUCT,ASKED_SIX_FIRST80,84,65,,,0,0,,,,,,,,,,,,,,UNAVAILABLE,,,,,,,,,False,UNAVAILABLE,False
NCAAB_H2_1_AUSTIN_TRANSFER_V1,DISCOVERY,d168882899a9b88b,NCAAB_20251213_CIN_UGA,KXNCAAMBGAME-25DEC13CINUGA-UGA,1,0,2025-12-13T20:05:38+00:00,PRE_ENTRY,False,PRE_ENTRY,PRE_80,HISTORICAL_RECONSTRUCT,ASKED_SIX_FIRST80,84,65,,,37,37,,,,,,,,,,,,,,UNAVAILABLE,,,,,,,,,False,UNAVAILABLE,False
NCAAB_H2_1_AUSTIN_TRANSFER_V1,DISCOVERY,d168882899a9b88b,NCAAB_20251213_CIN_UGA,KXNCAAMBGAME-25DEC13CINUGA-UGA,2,1200,2025-12-13T20:21:37+00:00,PRE_ENTRY,False,PRE_ENTRY,PRE_80,HISTORICAL_RECONSTRUCT,ASKED_SIX_FIRST80,84,67,,,37,37,,,,,,,,,,,,,,UNAVAILABLE,,,,,,,,,False,UNAVAILABLE,False
NCAAB_H2_1_AUSTIN_TRANSFER_V1,DISCOVERY,d168882899a9b88b,NCAAB_20251213_CIN_UGA,KXNCAAMBGAME-25DEC13CINUGA-UGA,2,1080,2025-12-13T20:21:37+00:00,PRE_ENTRY,False,PRE_ENTRY,PRE_80,HISTORICAL_RECONSTRUCT,ASKED_SIX_FIRST80,84,67,,,37,37,,,,,,,,,,,,,,UNAVAILABLE,,,,,,,,,False,UNAVAILABLE,False
NCAAB_H2_1_AUSTIN_TRANSFER_V1,DISCOVERY,d168882899a9b88b,NCAAB_20251213_CIN_UGA,KXNCAAMBGAME-25DEC13CINUGA-UGA,2,960,2025-12-13T20:21:37+00:00,PRE_ENTRY,False,PRE_ENTRY,PRE_80,HISTORICAL_RECONSTRUCT,ASKED_SIX_FIRST80,84,67,,,37,37,,,,,,,,,,,,,,UNAVAILABLE,,,,,,,,,False,UNAVAILABLE,False
NCAAB_H2_1_AUSTIN_TRANSFER_V1,DISCOVERY,d168882899a9b88b,NCAAB_20251213_CIN_UGA,KXNCAAMBGAME-25DEC13CINUGA-UGA,2,840,2025-12-13T20:39:57+00:00,PRE_ENTRY,False,PRE_ENTRY,PRE_80,HISTORICAL_RECONSTRUCT,ASKED_SIX_FIRST80,84,69,,,49,47,,,,,,,,,,,,,,UNAVAILABLE,,,,,,,,,False,UNAVAILABLE,False
NCAAB_H2_1_AUSTIN_TRANSFER_V1,DISCOVERY,d168882899a9b88b,NCAAB_20251213_CIN_UGA,KXNCAAMBGAME-25DEC13CINUGA-UGA,2,720,2025-12-13T20:44:33+00:00,PRIMARY_GRID,True,,POST_80,HISTORICAL_RECONSTRUCT,ASKED_SIX_FIRST80,84,83,-1,36,56,49,OBSERVED,,20.000000000000004,20.0,20.0,95% CI — weighted bootstrap,25,25,23.630749422345392,0.9354872593515591,0.896333121329451,0.8405797101449275,OBSERVED,VALUE,20,,NOT_APPLICABLE,True,True,20.000000000000004,20.000000000000004,0.0,False,UNAVAILABLE,False
NCAAB_H2_1_AUSTIN_TRANSFER_V1,DISCOVERY,d168882899a9b88b,NCAAB_20251213_CIN_UGA,KXNCAAMBGAME-25DEC13CINUGA-UGA,2,600,2025-12-13T20:21:37+00:00,PRIMARY_GRID,True,,PRE_80,HISTORICAL_RECONSTRUCT,NONE,,67,,,37,37,INSUFFICIENT_SAMPLE,NO_ENTRY_IN_FITTED_SPACE,,,,95% CI — weighted bootstrap,25,,,,,0.30434782608695654,UNAVAILABLE,NOT_APPLICABLE,20,20,VALUE,False,False,20.000000000000004,,,False,UNAVAILABLE,False
NCAAB_H2_1_AUSTIN_TRANSFER_V1,DISCOVERY,d168882899a9b88b,NCAAB_20251213_CIN_UGA,KXNCAAMBGAME-25DEC13CINUGA-UGA,2,480,2025-12-13T20:21:37+00:00,PRIMARY_GRID,True,,PRE_80,HISTORICAL_RECONSTRUCT,NONE,,67,,,37,37,INSUFFICIENT_SAMPLE,NO_ENTRY_IN_FITTED_SPACE,,,,95% CI — weighted bootstrap,25,,,,,0.30434782608695654,UNAVAILABLE,NOT_APPLICABLE,20,20,VALUE,False,False,20.000000000000004,,,False,UNAVAILABLE,False
NCAAB_H2_1_AUSTIN_TRANSFER_V1,DISCOVERY,d168882899a9b88b,NCAAB_20251213_CIN_UGA,KXNCAAMBGAME-25DEC13CINUGA-UGA,2,360,2025-12-13T20:21:37+00:00,PRIMARY_GRID,True,,PRE_80,HISTORICAL_RECONSTRUCT,NONE,,67,,,37,37,INSUFFICIENT_SAMPLE,NO_ENTRY_IN_FITTED_SPACE,,,,95% CI — weighted bootstrap,25,,,,,0.30434782608695654,UNAVAILABLE,NOT_APPLICABLE,20,20,VALUE,False,False,20.000000000000004,,,False,UNAVAILABLE,False
NCAAB_H2_1_AUSTIN_TRANSFER_V1,DISCOVERY,d168882899a9b88b,NCAAB_20251213_CIN_UGA,KXNCAAMBGAME-25DEC13CINUGA-UGA,2,240,2025-12-13T20:21:37+00:00,PRIMARY_GRID,True,,PRE_80,HISTORICAL_RECONSTRUCT,NONE,,67,,,37,37,INSUFFICIENT_SAMPLE,NO_ENTRY_IN_FITTED_SPACE,,,,95% CI — weighted bootstrap,25,,,,,0.30434782608695654,UNAVAILABLE,NOT_APPLICABLE,20,20,VALUE,False,False,20.000000000000004,,,False,UNAVAILABLE,False
NCAAB_H2_1_AUSTIN_TRANSFER_V1,DISCOVERY,d168882899a9b88b,NCAAB_20251213_CIN_UGA,KXNCAAMBGAME-25DEC13CINUGA-UGA,2,120,2025-12-13T20:21:37+00:00,PRIMARY_GRID,True,,PRE_80,HISTORICAL_RECONSTRUCT,NONE,,67,,,37,37,INSUFFICIENT_SAMPLE,NO_ENTRY_IN_FITTED_SPACE,,,,95% CI — weighted bootstrap,25,,,,,0.30434782608695654,UNAVAILABLE,NOT_APPLICABLE,20,20,VALUE,False,False,20.000000000000004,,,False,UNAVAILABLE,False
NCAAB_H2_1_AUSTIN_TRANSFER_V1,DISCOVERY,d168882899a9b88b,NCAAB_20251213_CIN_UGA,KXNCAAMBGAME-25DEC13CINUGA-UGA,2,0,2025-12-13T21:21:32+00:00,PRIMARY_GRID,True,,POST_80,HISTORICAL_RECONSTRUCT,ASKED_SIX_FIRST80,84,99,15,756,84,65,OBSERVED,,20.0,20.0,20.0,95% CI — weighted bootstrap,25,25,24.884394192759014,0.6405443630656591,0.6577052389112963,1.0,OBSERVED,VALUE,20,,NOT_APPLICABLE,True,True,20.000000000000004,20.0,-3.552713678800501e-15,False,UNAVAILABLE,False
NCAAB_H2_1_AUSTIN_TRANSFER_V1,DISCOVERY,d168882899a9b88b,NCAAB_20251213_CIN_UGA,KXNCAAMBGAME-25DEC13CINUGA-UGA,,,2025-12-12T20:49:00+00:00,DIAGNOSTIC_EVENT,False,,PRE_80,HISTORICAL_RECONSTRUCT,NONE,,76,,,,,INSUFFICIENT_SAMPLE,NO_ENTRY_IN_FITTED_SPACE,,,,95% CI — weighted bootstrap,25,,,,,0.057971014492753624,UNAVAILABLE,NOT_APPLICABLE,20,20,VALUE,False,False,20.000000000000004,,,False,UNAVAILABLE,False
NCAAB_H2_1_AUSTIN_TRANSFER_V1,DISCOVERY,4e4e64849bca13f1,NCAAB_20251213_WVU_OSU,KXNCAAMBGAME-25DEC13WVUOSU-WVU,1,1200,2025-12-14T01:10:58+00:00,PRE_ENTRY,False,PRE_ENTRY,PRE_80,HISTORICAL_RECONSTRUCT,ASKED_SIX_FIRST80,83,37,,,0,0,,,,,,,,,,,,,,UNAVAILABLE,,,,,,,,,False,UNAVAILABLE,False
NCAAB_H2_1_AUSTIN_TRANSFER_V1,DISCOVERY,4e4e64849bca13f1,NCAAB_20251213_WVU_OSU,KXNCAAMBGAME-25DEC13WVUOSU-WVU,1,1080,2025-12-14T01:10:58+00:00,PRE_ENTRY,False,PRE_ENTRY,PRE_80,HISTORICAL_RECONSTRUCT,ASKED_SIX_FIRST80,83,37,,,0,0,,,,,,,,,,,,,,UNAVAILABLE,,,,,,,,,False,UNAVAILABLE,False
NCAAB_H2_1_AUSTIN_TRANSFER_V1,DISCOVERY,4e4e64849bca13f1,NCAAB_20251213_WVU_OSU,KXNCAAMBGAME-25DEC13WVUOSU-WVU,1,960,2025-12-14T01:10:58+00:00,PRE_ENTRY,False,PRE_ENTRY,PRE_80,HISTORICAL_RECONSTRUCT,ASKED_SIX_FIRST80,83,37,,,0,0,,,,,,,,,,,,,,UNAVAILABLE,,,,,,,,,False,UNAVAILABLE,False
NCAAB_H2_1_AUSTIN_TRANSFER_V1,DISCOVERY,4e4e64849bca13f1,NCAAB_20251213_WVU_OSU,KXNCAAMBGAME-25DEC13WVUOSU-WVU,1,840,2025-12-14T01:10:58+00:00,PRE_ENTRY,False,PRE_ENTRY,PRE_80,HISTORICAL_RECONSTRUCT,ASKED_SIX_FIRST80,83,37,,,0,0,,,,,,,,,,,,,,UNAVAILABLE,,,,,,,,,False,UNAVAILABLE,False
NCAAB_H2_1_AUSTIN_TRANSFER_V1,DISCOVERY,4e4e64849bca13f1,NCAAB_20251213_WVU_OSU,KXNCAAMBGAME-25DEC13WVUOSU-WVU,1,720,2025-12-14T01:10:58+00:00,PRE_ENTRY,False,PRE_ENTRY,PRE_80,HISTORICAL_RECONSTRUCT,ASKED_SIX_FIRST80,83,37,,,0,0,,,,,,,,,,,,,,UNAVAILABLE,,,,,,,,,False,UNAVAILABLE,False
NCAAB_H2_1_AUSTIN_TRANSFER_V1,DISCOVERY,4e4e64849bca13f1,NCAAB_20251213_WVU_OSU,KXNCAAMBGAME-25DEC13WVUOSU-WVU,1,600,2025-12-14T01:10:58+00:00,PRE_ENTRY,False,PRE_ENTRY,PRE_80,HISTORICAL_RECONSTRUCT,ASKED_SIX_FIRST80,83,37,,,0,0,,,,,,,,,,,,,,UNAVAILABLE,,,,,,,,,False,UNAVAILABLE,False
NCAAB_H2_1_AUSTIN_TRANSFER_V1,DISCOVERY,4e4e64849bca13f1,NCAAB_20251213_WVU_OSU,KXNCAAMBGAME-25DEC13WVUOSU-WVU,1,480,2025-12-14T01:10:58+00:00,PRE_ENTRY,False,PRE_ENTRY,PRE_80,HISTORICAL_RECONSTRUCT,ASKED_SIX_FIRST80,83,37,,,0,0,,,,,,,,,,,,,,UNAVAILABLE,,,,,,,,,False,UNAVAILABLE,False
NCAAB_H2_1_AUSTIN_TRANSFER_V1,DISCOVERY,4e4e64849bca13f1,NCAAB_20251213_WVU_OSU,KXNCAAMBGAME-25DEC13WVUOSU-WVU,1,360,2025-12-14T01:10:58+00:00,PRE_ENTRY,False,PRE_ENTRY,PRE_80,HISTORICAL_RECONSTRUCT,ASKED_SIX_FIRST80,83,37,,,0,0,,,,,,,,,,,,,,UNAVAILABLE,,,,,,,,,False,UNAVAILABLE,False
NCAAB_H2_1_AUSTIN_TRANSFER_V1,DISCOVERY,4e4e64849bca13f1,NCAAB_20251213_WVU_OSU,KXNCAAMBGAME-25DEC13WVUOSU-WVU,1,240,2025-12-14T01:10:58+00:00,PRE_ENTRY,False,PRE_ENTRY,PRE_80,HISTORICAL_RECONSTRUCT,ASKED_SIX_FIRST80,83,37,,,0,0,,,,,,,,,,,,,,UNAVAILABLE,,,,,,,,,False,UNAVAILABLE,False
NCAAB_H2_1_AUSTIN_TRANSFER_V1,DISCOVERY,4e4e64849bca13f1,NCAAB_20251213_WVU_OSU,KXNCAAMBGAME-25DEC13WVUOSU-WVU,1,120,2025-12-14T01:10:58+00:00,PRE_ENTRY,False,PRE_ENTRY,PRE_80,HISTORICAL_RECONSTRUCT,ASKED_SIX_FIRST80,83,37,,,0,0,,,,,,,,,,,,,,UNAVAILABLE,,,,,,,,,False,UNAVAILABLE,False
NCAAB_H2_1_AUSTIN_TRANSFER_V1,DISCOVERY,4e4e64849bca13f1,NCAAB_20251213_WVU_OSU,KXNCAAMBGAME-25DEC13WVUOSU-WVU,1,0,2025-12-14T02:20:53+00:00,PRE_ENTRY,False,PRE_ENTRY,PRE_80,HISTORICAL_RECONSTRUCT,ASKED_SIX_FIRST80,83,78,,,27,37,,,,,,,,,,,,,,UNAVAILABLE,,,,,,,,,False,UNAVAILABLE,False
NCAAB_H2_1_AUSTIN_TRANSFER_V1,DISCOVERY,4e4e64849bca13f1,NCAAB_20251213_WVU_OSU,KXNCAAMBGAME-25DEC13WVUOSU-WVU,2,1200,,PRE_ENTRY,False,PRE_ENTRY,PRE_80,HISTORICAL_RECONSTRUCT,ASKED_SIX_FIRST80,83,,,,,,,,,,,,,,,,,,,UNAVAILABLE,,,,,,,,,False,UNAVAILABLE,False
NCAAB_H2_1_AUSTIN_TRANSFER_V1,DISCOVERY,4e4e64849bca13f1,NCAAB_20251213_WVU_OSU,KXNCAAMBGAME-25DEC13WVUOSU-WVU,2,1080,2025-12-14T02:21:18+00:00,PRE_ENTRY,False,PRE_ENTRY,PRE_80,HISTORICAL_RECONSTRUCT,ASKED_SIX_FIRST80,83,74,,,29,39,,,,,,,,,,,,,,UNAVAILABLE,,,,,,,,,False,UNAVAILABLE,False
NCAAB_H2_1_AUSTIN_TRANSFER_V1,DISCOVERY,4e4e64849bca13f1,NCAAB_20251213_WVU_OSU,KXNCAAMBGAME-25DEC13WVUOSU-WVU,2,960,2025-12-14T02:25:17+00:00,PRE_ENTRY,False,PRE_ENTRY,PRE_80,HISTORICAL_RECONSTRUCT,ASKED_SIX_FIRST80,83,75,,,33,43,,,,,,,,,,,,,,UNAVAILABLE,,,,,,,,,False,UNAVAILABLE,False
NCAAB_H2_1_AUSTIN_TRANSFER_V1,DISCOVERY,4e4e64849bca13f1,NCAAB_20251213_WVU_OSU,KXNCAAMBGAME-25DEC13WVUOSU-WVU,2,840,2025-12-14T02:36:12+00:00,PRIMARY_GRID,True,,POST_80,HISTORICAL_RECONSTRUCT,ASKED_SIX_FIRST80,83,94,11,113,37,48,OBSERVED,,9.20635678509963,-8.0,20.0,95% CI — weighted bootstrap,25,25,22.89226624669466,0.9332304395576763,0.9156066967802619,0.8985507246376812,OBSERVED,VALUE,-80,,NOT_APPLICABLE,True,True,9.20635678509963,9.20635678509963,0.0,False,UNAVAILABLE,False
NCAAB_H2_1_AUSTIN_TRANSFER_V1,DISCOVERY,4e4e64849bca13f1,NCAAB_20251213_WVU_OSU,KXNCAAMBGAME-25DEC13WVUOSU-WVU,2,720,2025-12-14T02:21:18+00:00,PRIMARY_GRID,True,,PRE_80,HISTORICAL_RECONSTRUCT,NONE,,74,,,29,39,INSUFFICIENT_SAMPLE,NO_ENTRY_IN_FITTED_SPACE,,,,95% CI — weighted bootstrap,25,,,,,0.30434782608695654,UNAVAILABLE,NOT_APPLICABLE,-80,-80,VALUE,False,False,9.20635678509963,,,False,UNAVAILABLE,False
NCAAB_H2_1_AUSTIN_TRANSFER_V1,DISCOVERY,4e4e64849bca13f1,NCAAB_20251213_WVU_OSU,KXNCAAMBGAME-25DEC13WVUOSU-WVU,2,600,2025-12-14T02:21:18+00:00,PRIMARY_GRID,True,,PRE_80,HISTORICAL_RECONSTRUCT,NONE,,74,,,29,39,INSUFFICIENT_SAMPLE,NO_ENTRY_IN_FITTED_SPACE,,,,95% CI — weighted bootstrap,25,,,,,0.30434782608695654,UNAVAILABLE,NOT_APPLICABLE,-80,-80,VALUE,False,False,9.20635678509963,,,False,UNAVAILABLE,False
NCAAB_H2_1_AUSTIN_TRANSFER_V1,DISCOVERY,4e4e64849bca13f1,NCAAB_20251213_WVU_OSU,KXNCAAMBGAME-25DEC13WVUOSU-WVU,2,480,2025-12-14T02:54:02+00:00,PRIMARY_GRID,True,,POST_80,HISTORICAL_RECONSTRUCT,ASKED_SIX_FIRST80,83,67,-16,473,50,55,OBSERVED,,1.6232293909420397,-16.0,16.0,95% CI — weighted bootstrap,25,25,21.59712481800626,0.923120417058511,0.8091478013528933,0.9855072463768116,OBSERVED,VALUE,-80,,NOT_APPLICABLE,True,True,9.20635678509963,1.6232293909420397,-7.583127394157589,False,UNAVAILABLE,False
NCAAB_H2_1_AUSTIN_TRANSFER_V1,DISCOVERY,4e4e64849bca13f1,NCAAB_20251213_WVU_OSU,KXNCAAMBGAME-25DEC13WVUOSU-WVU,2,360,2025-12-14T02:21:18+00:00,PRIMARY_GRID,True,,PRE_80,HISTORICAL_RECONSTRUCT,NONE,,74,,,29,39,INSUFFICIENT_SAMPLE,NO_ENTRY_IN_FITTED_SPACE,,,,95% CI — weighted bootstrap,25,,,,,0.30434782608695654,UNAVAILABLE,NOT_APPLICABLE,-80,-80,VALUE,False,False,9.20635678509963,,,False,UNAVAILABLE,False
NCAAB_H2_1_AUSTIN_TRANSFER_V1,DISCOVERY,4e4e64849bca13f1,NCAAB_20251213_WVU_OSU,KXNCAAMBGAME-25DEC13WVUOSU-WVU,2,240,2025-12-14T02:21:18+00:00,PRIMARY_GRID,True,,PRE_80,HISTORICAL_RECONSTRUCT,NONE,,74,,,29,39,INSUFFICIENT_SAMPLE,NO_ENTRY_IN_FITTED_SPACE,,,,95% CI — weighted bootstrap,25,,,,,0.30434782608695654,UNAVAILABLE,NOT_APPLICABLE,-80,-80,VALUE,False,False,9.20635678509963,,,False,UNAVAILABLE,False
NCAAB_H2_1_AUSTIN_TRANSFER_V1,DISCOVERY,4e4e64849bca13f1,NCAAB_20251213_WVU_OSU,KXNCAAMBGAME-25DEC13WVUOSU-WVU,2,120,2025-12-14T02:21:18+00:00,PRIMARY_GRID,True,,PRE_80,HISTORICAL_RECONSTRUCT,NONE,,74,,,29,39,INSUFFICIENT_SAMPLE,NO_ENTRY_IN_FITTED_SPACE,,,,95% CI — weighted bootstrap,25,,,,,0.30434782608695654,UNAVAILABLE,NOT_APPLICABLE,-80,-80,VALUE,False,False,9.20635678509963,,,False,UNAVAILABLE,False
NCAAB_H2_1_AUSTIN_TRANSFER_V1,DISCOVERY,4e4e64849bca13f1,NCAAB_20251213_WVU_OSU,KXNCAAMBGAME-25DEC13WVUOSU-WVU,2,0,2025-12-14T03:20:39+00:00,PRIMARY_GRID,True,,POST_80,HISTORICAL_RECONSTRUCT,ASKED_SIX_FIRST80,83,49,-34,953,68,68,OBSERVED,,-43.19637512452495,-60.0,-24.0,95% CI — weighted bootstrap,25,25,22.943629200543626,1.0495166288291178,0.9268715892109654,1.0,OBSERVED,VALUE,-80,,NOT_APPLICABLE,True,True,9.20635678509963,-43.19637512452495,-52.40273190962458,False,UNAVAILABLE,False
NCAAB_H2_1_AUSTIN_TRANSFER_V1,DISCOVERY,4e4e64849bca13f1,NCAAB_20251213_WVU_OSU,KXNCAAMBGAME-25DEC13WVUOSU-WVU,3,300,2025-12-14T03:22:14+00:00,PRIMARY_GRID,True,,POST_80,HISTORICAL_RECONSTRUCT,ASKED_SIX_FIRST80,83,41,-42,953,68,68,OBSERVED,,-72.38475421217011,-80.0,-60.0,95% CI — weighted bootstrap,25,25,24.804203464964672,0.8984344345482738,0.8863168742011887,1.0,OBSERVED,VALUE,-80,,NOT_APPLICABLE,True,True,9.20635678509963,-72.38475421217011,-81.59111099726974,False,UNAVAILABLE,False
NCAAB_H2_1_AUSTIN_TRANSFER_V1,DISCOVERY,4e4e64849bca13f1,NCAAB_20251213_WVU_OSU,KXNCAAMBGAME-25DEC13WVUOSU-WVU,3,180,2025-12-14T03:22:14+00:00,PRIMARY_GRID,True,,POST_80,HISTORICAL_RECONSTRUCT,ASKED_SIX_FIRST80,83,41,-42,953,68,68,OBSERVED,,-72.38475421217011,-80.0,-60.0,95% CI — weighted bootstrap,25,25,24.804203464964672,0.8984344345482738,0.8863168742011887,1.0,OBSERVED,VALUE,-80,,NOT_APPLICABLE,True,True,9.20635678509963,-72.38475421217011,-81.59111099726974,False,UNAVAILABLE,False
NCAAB_H2_1_AUSTIN_TRANSFER_V1,DISCOVERY,4e4e64849bca13f1,NCAAB_20251213_WVU_OSU,KXNCAAMBGAME-25DEC13WVUOSU-WVU,3,60,2025-12-14T03:22:14+00:00,PRIMARY_GRID,True,,POST_80,HISTORICAL_RECONSTRUCT,ASKED_SIX_FIRST80,83,41,-42,953,68,68,OBSERVED,,-72.38475421217011,-80.0,-60.0,95% CI — weighted bootstrap,25,25,24.804203464964672,0.8984344345482738,0.8863168742011887,1.0,OBSERVED,VALUE,-80,,NOT_APPLICABLE,True,True,9.20635678509963,-72.38475421217011,-81.59111099726974,False,UNAVAILABLE,False
NCAAB_H2_1_AUSTIN_TRANSFER_V1,DISCOVERY,4e4e64849bca13f1,NCAAB_20251213_WVU_OSU,KXNCAAMBGAME-25DEC13WVUOSU-WVU,4,300,,NO_PBP,False,NO_PBP,,HISTORICAL_RECONSTRUCT,ASKED_SIX_FIRST80,83,,,,,,,,,,,,,,,,,,,UNAVAILABLE,,,,,,9.20635678509963,,,False,UNAVAILABLE,False
NCAAB_H2_1_AUSTIN_TRANSFER_V1,DISCOVERY,4e4e64849bca13f1,NCAAB_20251213_WVU_OSU,KXNCAAMBGAME-25DEC13WVUOSU-WVU,4,180,2025-12-14T03:38:32+00:00,PRIMARY_GRID,True,,POST_80,HISTORICAL_RECONSTRUCT,ASKED_SIX_FIRST80,83,48,-35,1278,77,77,OBSERVED,,-12.27720275605256,-28.0,4.0,95% CI — weighted bootstrap,25,25,23.87062872187092,0.5991945615296104,0.622014820865438,1.0,OBSERVED,VALUE,-80,,NOT_APPLICABLE,True,True,9.20635678509963,-12.27720275605256,-21.48355954115219,False,UNAVAILABLE,False
NCAAB_H2_1_AUSTIN_TRANSFER_V1,DISCOVERY,4e4e64849bca13f1,NCAAB_20251213_WVU_OSU,KXNCAAMBGAME-25DEC13WVUOSU-WVU,4,60,2025-12-14T03:38:32+00:00,PRIMARY_GRID,True,,POST_80,HISTORICAL_RECONSTRUCT,ASKED_SIX_FIRST80,83,48,-35,1278,77,77,OBSERVED,,-12.27720275605256,-28.0,4.0,95% CI — weighted bootstrap,25,25,23.87062872187092,0.5991945615296104,0.622014820865438,1.0,OBSERVED,VALUE,-80,,NOT_APPLICABLE,True,True,9.20635678509963,-12.27720275605256,-21.48355954115219,False,UNAVAILABLE,False
NCAAB_H2_1_AUSTIN_TRANSFER_V1,DISCOVERY,4e4e64849bca13f1,NCAAB_20251213_WVU_OSU,KXNCAAMBGAME-25DEC13WVUOSU-WVU,2,953,2025-12-14T02:30:00+00:00,DIAGNOSTIC_EVENT,False,,POST_80,HISTORICAL_RECONSTRUCT,ASKED_SIX_FIRST80,83,78,-5,0,35,45,OBSERVED,,9.137059653399124,-4.0,20.0,95% CI — weighted bootstrap,25,25,24.363564683564228,1.1102600353653846,1.0725887580583235,0.7246376811594203,OBSERVED,VALUE,-80,,NOT_APPLICABLE,True,True,9.20635678509963,9.137059653399124,-0.06929713170050533,False,UNAVAILABLE,False
NCAAB_H2_1_AUSTIN_TRANSFER_V1,DISCOVERY,4e4e64849bca13f1,NCAAB_20251213_WVU_OSU,KXNCAAMBGAME-25DEC13WVUOSU-WVU,2,504,2025-12-14T02:54:00+00:00,DIAGNOSTIC_EVENT,False,,POST_80,HISTORICAL_RECONSTRUCT,ASKED_SIX_FIRST80,83,72,-11,449,50,55,OBSERVED,,-2.4196385445892865,-20.0,12.0,95% CI — weighted bootstrap,25,25,23.448417571573078,0.8592525092862399,0.7840999768748651,0.9855072463768116,OBSERVED,VALUE,-80,,NOT_APPLICABLE,True,True,9.20635678509963,-2.4196385445892865,-11.625995329688916,False,UNAVAILABLE,False
NCAAB_H2_1_AUSTIN_TRANSFER_V1,DISCOVERY,4e4e64849bca13f1,NCAAB_20251213_WVU_OSU,KXNCAAMBGAME-25DEC13WVUOSU-WVU,2,77,2025-12-14T03:15:00+00:00,DIAGNOSTIC_EVENT,False,,POST_80,HISTORICAL_RECONSTRUCT,ASKED_SIX_FIRST80,83,64,-19,876,65,66,OBSERVED,,-20.977501650461413,-40.0,0.0,95% CI — weighted bootstrap,25,25,22.681589452855665,0.7249273475749008,0.6725277139454634,1.0,OBSERVED,VALUE,-80,,NOT_APPLICABLE,True,True,9.20635678509963,-20.977501650461413,-30.183858435561042,False,UNAVAILABLE,False
NCAAB_H2_1_AUSTIN_TRANSFER_V1,DISCOVERY,4e4e64849bca13f1,NCAAB_20251213_WVU_OSU,KXNCAAMBGAME-25DEC13WVUOSU-WVU,2,63,2025-12-14T03:17:00+00:00,DIAGNOSTIC_EVENT,False,,POST_80,HISTORICAL_RECONSTRUCT,ASKED_SIX_FIRST80,83,54,-29,890,68,68,OBSERVED,,-42.908061823139,-60.0,-24.0,95% CI — weighted bootstrap,25,25,22.41816967659807,0.7321707658548631,0.7151630641842683,1.0,OBSERVED,VALUE,-80,,NOT_APPLICABLE,True,True,9.20635678509963,-42.908061823139,-52.11441860823863,False,UNAVAILABLE,False
NCAAB_H2_1_AUSTIN_TRANSFER_V1,DISCOVERY,4e4e64849bca13f1,NCAAB_20251213_WVU_OSU,KXNCAAMBGAME-25DEC13WVUOSU-WVU,2,63,2025-12-14T03:17:00+00:00,DIAGNOSTIC_EVENT,False,,POST_80,HISTORICAL_RECONSTRUCT,ASKED_SIX_FIRST80,83,54,-29,890,68,68,OBSERVED,,-42.908061823139,-60.0,-24.0,95% CI — weighted bootstrap,25,25,22.41816967659807,0.7321707658548631,0.7151630641842683,1.0,OBSERVED,VALUE,-80,,NOT_APPLICABLE,True,True,9.20635678509963,-42.908061823139,-52.11441860823863,False,UNAVAILABLE,False
NCAAB_H2_1_AUSTIN_TRANSFER_V1,DISCOVERY,4e4e64849bca13f1,NCAAB_20251213_WVU_OSU,KXNCAAMBGAME-25DEC13WVUOSU-WVU,2,63,2025-12-14T03:17:00+00:00,DIAGNOSTIC_EVENT,False,,POST_80,HISTORICAL_RECONSTRUCT,ASKED_SIX_FIRST80,83,54,-29,890,68,68,OBSERVED,,-42.908061823139,-60.0,-24.0,95% CI — weighted bootstrap,25,25,22.41816967659807,0.7321707658548631,0.7151630641842683,1.0,OBSERVED,VALUE,-80,,NOT_APPLICABLE,True,True,9.20635678509963,-42.908061823139,-52.11441860823863,False,UNAVAILABLE,False
NCAAB_H2_1_AUSTIN_TRANSFER_V1,DISCOVERY,4e4e64849bca13f1,NCAAB_20251213_WVU_OSU,KXNCAAMBGAME-25DEC13WVUOSU-WVU,2,63,2025-12-14T03:17:00+00:00,DIAGNOSTIC_EVENT,False,,POST_80,HISTORICAL_RECONSTRUCT,ASKED_SIX_FIRST80,83,54,-29,890,68,68,OBSERVED,,-42.908061823139,-60.0,-24.0,95% CI — weighted bootstrap,25,25,22.41816967659807,0.7321707658548631,0.7151630641842683,1.0,OBSERVED,VALUE,-80,,NOT_APPLICABLE,True,True,9.20635678509963,-42.908061823139,-52.11441860823863,False,UNAVAILABLE,False
NCAAB_H2_1_AUSTIN_TRANSFER_V1,DISCOVERY,018d3f7c7ea6c1d9,NCAAB_20251213_ARIZ_ALA,KXNCAAMBGAME-25DEC13ARIZALA-ARIZ,1,1200,2025-12-14T02:40:57+00:00,PRE_ENTRY,False,PRE_ENTRY,PRE_80,HISTORICAL_RECONSTRUCT,ASKED_SIX_FIRST80,84,60,,,0,0,,,,,,,,,,,,,,UNAVAILABLE,,,,,,,,,False,UNAVAILABLE,False
NCAAB_H2_1_AUSTIN_TRANSFER_V1,DISCOVERY,018d3f7c7ea6c1d9,NCAAB_20251213_ARIZ_ALA,KXNCAAMBGAME-25DEC13ARIZALA-ARIZ,1,1080,2025-12-14T02:40:57+00:00,PRE_ENTRY,False,PRE_ENTRY,PRE_80,HISTORICAL_RECONSTRUCT,ASKED_SIX_FIRST80,84,60,,,0,0,,,,,,,,,,,,,,UNAVAILABLE,,,,,,,,,False,UNAVAILABLE,False
NCAAB_H2_1_AUSTIN_TRANSFER_V1,DISCOVERY,018d3f7c7ea6c1d9,NCAAB_20251213_ARIZ_ALA,KXNCAAMBGAME-25DEC13ARIZALA-ARIZ,1,960,2025-12-14T02:40:57+00:00,PRE_ENTRY,False,PRE_ENTRY,PRE_80,HISTORICAL_RECONSTRUCT,ASKED_SIX_FIRST80,84,60,,,0,0,,,,,,,,,,,,,,UNAVAILABLE,,,,,,,,,False,UNAVAILABLE,False
NCAAB_H2_1_AUSTIN_TRANSFER_V1,DISCOVERY,018d3f7c7ea6c1d9,NCAAB_20251213_ARIZ_ALA,KXNCAAMBGAME-25DEC13ARIZALA-ARIZ,1,840,2025-12-14T02:40:57+00:00,PRE_ENTRY,False,PRE_ENTRY,PRE_80,HISTORICAL_RECONSTRUCT,ASKED_SIX_FIRST80,84,60,,,0,0,,,,,,,,,,,,,,UNAVAILABLE,,,,,,,,,False,UNAVAILABLE,False
NCAAB_H2_1_AUSTIN_TRANSFER_V1,DISCOVERY,018d3f7c7ea6c1d9,NCAAB_20251213_ARIZ_ALA,KXNCAAMBGAME-25DEC13ARIZALA-ARIZ,1,720,2025-12-14T02:40:57+00:00,PRE_ENTRY,False,PRE_ENTRY,PRE_80,HISTORICAL_RECONSTRUCT,ASKED_SIX_FIRST80,84,60,,,0,0,,,,,,,,,,,,,,UNAVAILABLE,,,,,,,,,False,UNAVAILABLE,False
NCAAB_H2_1_AUSTIN_TRANSFER_V1,DISCOVERY,018d3f7c7ea6c1d9,NCAAB_20251213_ARIZ_ALA,KXNCAAMBGAME-25DEC13ARIZALA-ARIZ,1,600,2025-12-14T03:06:45+00:00,PRE_ENTRY,False,PRE_ENTRY,PRE_80,HISTORICAL_RECONSTRUCT,ASKED_SIX_FIRST80,84,57,,,24,22,,,,,,,,,,,,,,UNAVAILABLE,,,,,,,,,False,UNAVAILABLE,False
NCAAB_H2_1_AUSTIN_TRANSFER_V1,DISCOVERY,018d3f7c7ea6c1d9,NCAAB_20251213_ARIZ_ALA,KXNCAAMBGAME-25DEC13ARIZALA-ARIZ,1,480,2025-12-14T02:40:57+00:00,PRE_ENTRY,False,PRE_ENTRY,PRE_80,HISTORICAL_RECONSTRUCT,ASKED_SIX_FIRST80,84,60,,,0,0,,,,,,,,,,,,,,UNAVAILABLE,,,,,,,,,False,UNAVAILABLE,False
NCAAB_H2_1_AUSTIN_TRANSFER_V1,DISCOVERY,018d3f7c7ea6c1d9,NCAAB_20251213_ARIZ_ALA,KXNCAAMBGAME-25DEC13ARIZALA-ARIZ,1,360,2025-12-14T02:40:57+00:00,PRE_ENTRY,False,PRE_ENTRY,PRE_80,HISTORICAL_RECONSTRUCT,ASKED_SIX_FIRST80,84,60,,,0,0,,,,,,,,,,,,,,UNAVAILABLE,,,,,,,,,False,UNAVAILABLE,False
NCAAB_H2_1_AUSTIN_TRANSFER_V1,DISCOVERY,018d3f7c7ea6c1d9,NCAAB_20251213_ARIZ_ALA,KXNCAAMBGAME-25DEC13ARIZALA-ARIZ,1,240,2025-12-14T02:40:57+00:00,PRE_ENTRY,False,PRE_ENTRY,PRE_80,HISTORICAL_RECONSTRUCT,ASKED_SIX_FIRST80,84,60,,,0,0,,,,,,,,,,,,,,UNAVAILABLE,,,,,,,,,False,UNAVAILABLE,False
NCAAB_H2_1_AUSTIN_TRANSFER_V1,DISCOVERY,018d3f7c7ea6c1d9,NCAAB_20251213_ARIZ_ALA,KXNCAAMBGAME-25DEC13ARIZALA-ARIZ,1,120,2025-12-14T02:40:57+00:00,PRE_ENTRY,False,PRE_ENTRY,PRE_80,HISTORICAL_RECONSTRUCT,ASKED_SIX_FIRST80,84,60,,,0,0,,,,,,,,,,,,,,UNAVAILABLE,,,,,,,,,False,UNAVAILABLE,False
NCAAB_H2_1_AUSTIN_TRANSFER_V1,DISCOVERY,018d3f7c7ea6c1d9,NCAAB_20251213_ARIZ_ALA,KXNCAAMBGAME-25DEC13ARIZALA-ARIZ,1,0,2025-12-14T03:32:17+00:00,PRE_ENTRY,False,PRE_ENTRY,PRE_80,HISTORICAL_RECONSTRUCT,ASKED_SIX_FIRST80,84,52,,,41,39,,,,,,,,,,,,,,UNAVAILABLE,,,,,,,,,False,UNAVAILABLE,False
NCAAB_H2_1_AUSTIN_TRANSFER_V1,DISCOVERY,018d3f7c7ea6c1d9,NCAAB_20251213_ARIZ_ALA,KXNCAAMBGAME-25DEC13ARIZALA-ARIZ,2,1200,2025-12-14T03:47:47+00:00,PRE_ENTRY,False,PRE_ENTRY,PRE_80,HISTORICAL_RECONSTRUCT,ASKED_SIX_FIRST80,84,54,,,41,39,,,,,,,,,,,,,,UNAVAILABLE,,,,,,,,,False,UNAVAILABLE,False
NCAAB_H2_1_AUSTIN_TRANSFER_V1,DISCOVERY,018d3f7c7ea6c1d9,NCAAB_20251213_ARIZ_ALA,KXNCAAMBGAME-25DEC13ARIZALA-ARIZ,2,1080,2025-12-14T03:52:21+00:00,PRE_ENTRY,False,PRE_ENTRY,PRE_80,HISTORICAL_RECONSTRUCT,ASKED_SIX_FIRST80,84,57,,,43,44,,,,,,,,,,,,,,UNAVAILABLE,,,,,,,,,False,UNAVAILABLE,False
NCAAB_H2_1_AUSTIN_TRANSFER_V1,DISCOVERY,018d3f7c7ea6c1d9,NCAAB_20251213_ARIZ_ALA,KXNCAAMBGAME-25DEC13ARIZALA-ARIZ,2,960,2025-12-14T03:47:47+00:00,PRE_ENTRY,False,PRE_ENTRY,PRE_80,HISTORICAL_RECONSTRUCT,ASKED_SIX_FIRST80,84,54,,,41,39,,,,,,,,,,,,,,UNAVAILABLE,,,,,,,,,False,UNAVAILABLE,False
NCAAB_H2_1_AUSTIN_TRANSFER_V1,DISCOVERY,018d3f7c7ea6c1d9,NCAAB_20251213_ARIZ_ALA,KXNCAAMBGAME-25DEC13ARIZALA-ARIZ,2,840,2025-12-14T03:47:47+00:00,PRIMARY_GRID,True,,PRE_80,HISTORICAL_RECONSTRUCT,NONE,,54,,,41,39,INSUFFICIENT_SAMPLE,NO_ENTRY_IN_FITTED_SPACE,,,,95% CI — weighted bootstrap,25,,,,,0.30434782608695654,UNAVAILABLE,NOT_APPLICABLE,20,20,VALUE,False,False,,,,False,UNAVAILABLE,False
NCAAB_H2_1_AUSTIN_TRANSFER_V1,DISCOVERY,018d3f7c7ea6c1d9,NCAAB_20251213_ARIZ_ALA,KXNCAAMBGAME-25DEC13ARIZALA-ARIZ,2,720,2025-12-14T03:47:47+00:00,PRIMARY_GRID,True,,PRE_80,HISTORICAL_RECONSTRUCT,NONE,,54,,,41,39,INSUFFICIENT_SAMPLE,NO_ENTRY_IN_FITTED_SPACE,,,,95% CI — weighted bootstrap,25,,,,,0.30434782608695654,UNAVAILABLE,NOT_APPLICABLE,20,20,VALUE,False,False,,,,False,UNAVAILABLE,False
NCAAB_H2_1_AUSTIN_TRANSFER_V1,DISCOVERY,018d3f7c7ea6c1d9,NCAAB_20251213_ARIZ_ALA,KXNCAAMBGAME-25DEC13ARIZALA-ARIZ,2,600,2025-12-14T03:47:47+00:00,PRIMARY_GRID,True,,PRE_80,HISTORICAL_RECONSTRUCT,NONE,,54,,,41,39,INSUFFICIENT_SAMPLE,NO_ENTRY_IN_FITTED_SPACE,,,,95% CI — weighted bootstrap,25,,,,,0.30434782608695654,UNAVAILABLE,NOT_APPLICABLE,20,20,VALUE,False,False,,,,False,UNAVAILABLE,False
NCAAB_H2_1_AUSTIN_TRANSFER_V1,DISCOVERY,018d3f7c7ea6c1d9,NCAAB_20251213_ARIZ_ALA,KXNCAAMBGAME-25DEC13ARIZALA-ARIZ,2,480,2025-12-14T03:47:47+00:00,PRIMARY_GRID,True,,PRE_80,HISTORICAL_RECONSTRUCT,NONE,,54,,,41,39,INSUFFICIENT_SAMPLE,NO_ENTRY_IN_FITTED_SPACE,,,,95% CI — weighted bootstrap,25,,,,,0.30434782608695654,UNAVAILABLE,NOT_APPLICABLE,20,20,VALUE,False,False,,,,False,UNAVAILABLE,False
NCAAB_H2_1_AUSTIN_TRANSFER_V1,DISCOVERY,018d3f7c7ea6c1d9,NCAAB_20251213_ARIZ_ALA,KXNCAAMBGAME-25DEC13ARIZALA-ARIZ,2,360,2025-12-14T03:47:47+00:00,PRIMARY_GRID,True,,PRE_80,HISTORICAL_RECONSTRUCT,NONE,,54,,,41,39,INSUFFICIENT_SAMPLE,NO_ENTRY_IN_FITTED_SPACE,,,,95% CI — weighted bootstrap,25,,,,,0.30434782608695654,UNAVAILABLE,NOT_APPLICABLE,20,20,VALUE,False,False,,,,False,UNAVAILABLE,False
NCAAB_H2_1_AUSTIN_TRANSFER_V1,DISCOVERY,018d3f7c7ea6c1d9,NCAAB_20251213_ARIZ_ALA,KXNCAAMBGAME-25DEC13ARIZALA-ARIZ,2,240,2025-12-14T03:47:47+00:00,PRIMARY_GRID,True,,PRE_80,HISTORICAL_RECONSTRUCT,NONE,,54,,,41,39,INSUFFICIENT_SAMPLE,NO_ENTRY_IN_FITTED_SPACE,,,,95% CI — weighted bootstrap,25,,,,,0.30434782608695654,UNAVAILABLE,NOT_APPLICABLE,20,20,VALUE,False,False,,,,False,UNAVAILABLE,False
NCAAB_H2_1_AUSTIN_TRANSFER_V1,DISCOVERY,018d3f7c7ea6c1d9,NCAAB_20251213_ARIZ_ALA,KXNCAAMBGAME-25DEC13ARIZALA-ARIZ,2,120,2025-12-14T03:47:47+00:00,PRIMARY_GRID,True,,PRE_80,HISTORICAL_RECONSTRUCT,NONE,,54,,,41,39,INSUFFICIENT_SAMPLE,NO_ENTRY_IN_FITTED_SPACE,,,,95% CI — weighted bootstrap,25,,,,,0.30434782608695654,UNAVAILABLE,NOT_APPLICABLE,20,20,VALUE,False,False,,,,False,UNAVAILABLE,False
NCAAB_H2_1_AUSTIN_TRANSFER_V1,DISCOVERY,018d3f7c7ea6c1d9,NCAAB_20251213_ARIZ_ALA,KXNCAAMBGAME-25DEC13ARIZALA-ARIZ,2,0,2025-12-14T04:45:23+00:00,PRIMARY_GRID,True,,POST_80,HISTORICAL_RECONSTRUCT,ASKED_SIX_FIRST80,84,99,15,841,75,96,OBSERVED,,20.000000000000004,20.0,20.0,95% CI — weighted bootstrap,25,25,24.79970197032222,0.6807054232953346,0.7261193057813827,1.0,OBSERVED,VALUE,20,,NOT_APPLICABLE,True,True,20.000000000000004,20.000000000000004,0.0,False,UNAVAILABLE,False
NCAAB_H2_1_AUSTIN_TRANSFER_V1,DISCOVERY,018d3f7c7ea6c1d9,NCAAB_20251213_ARIZ_ALA,KXNCAAMBGAME-25DEC13ARIZALA-ARIZ,2,841,2025-12-14T04:04:00+00:00,DIAGNOSTIC_EVENT,False,,POST_80,HISTORICAL_RECONSTRUCT,ASKED_SIX_FIRST80,84,79,-5,0,48,55,OBSERVED,,16.16296494715005,8.0,20.0,95% CI — weighted bootstrap,25,25,24.87077743331808,1.1918131605197562,1.1705617165417126,0.7246376811594203,OBSERVED,VALUE,20,,NOT_APPLICABLE,True,True,20.000000000000004,16.16296494715005,-3.837035052849952,False,UNAVAILABLE,False
NCAAB_H2_1_AUSTIN_TRANSFER_V1,DISCOVERY,def09ddc05798e89,NCAAB_20251216_LOU_TENN,KXNCAAMBGAME-25DEC16LOUTENN-TENN,1,1200,2025-12-17T00:02:12+00:00,PRE_ENTRY,False,PRE_ENTRY,PRE_80,HISTORICAL_RECONSTRUCT,ASKED_SIX_FIRST80,80,63,,,0,0,,,,,,,,,,,,,,UNAVAILABLE,,,,,,,,,False,UNAVAILABLE,False
NCAAB_H2_1_AUSTIN_TRANSFER_V1,DISCOVERY,def09ddc05798e89,NCAAB_20251216_LOU_TENN,KXNCAAMBGAME-25DEC16LOUTENN-TENN,1,1080,2025-12-17T00:02:12+00:00,PRE_ENTRY,False,PRE_ENTRY,PRE_80,HISTORICAL_RECONSTRUCT,ASKED_SIX_FIRST80,80,63,,,0,0,,,,,,,,,,,,,,UNAVAILABLE,,,,,,,,,False,UNAVAILABLE,False
NCAAB_H2_1_AUSTIN_TRANSFER_V1,DISCOVERY,def09ddc05798e89,NCAAB_20251216_LOU_TENN,KXNCAAMBGAME-25DEC16LOUTENN-TENN,1,960,2025-12-17T00:02:12+00:00,PRE_ENTRY,False,PRE_ENTRY,PRE_80,HISTORICAL_RECONSTRUCT,ASKED_SIX_FIRST80,80,63,,,0,0,,,,,,,,,,,,,,UNAVAILABLE,,,,,,,,,False,UNAVAILABLE,False
NCAAB_H2_1_AUSTIN_TRANSFER_V1,DISCOVERY,def09ddc05798e89,NCAAB_20251216_LOU_TENN,KXNCAAMBGAME-25DEC16LOUTENN-TENN,1,840,2025-12-17T00:02:12+00:00,PRE_ENTRY,False,PRE_ENTRY,PRE_80,HISTORICAL_RECONSTRUCT,ASKED_SIX_FIRST80,80,63,,,0,0,,,,,,,,,,,,,,UNAVAILABLE,,,,,,,,,False,UNAVAILABLE,False
NCAAB_H2_1_AUSTIN_TRANSFER_V1,DISCOVERY,def09ddc05798e89,NCAAB_20251216_LOU_TENN,KXNCAAMBGAME-25DEC16LOUTENN-TENN,1,720,2025-12-17T00:02:12+00:00,PRE_ENTRY,False,PRE_ENTRY,PRE_80,HISTORICAL_RECONSTRUCT,ASKED_SIX_FIRST80,80,63,,,0,0,,,,,,,,,,,,,,UNAVAILABLE,,,,,,,,,False,UNAVAILABLE,False
NCAAB_H2_1_AUSTIN_TRANSFER_V1,DISCOVERY,def09ddc05798e89,NCAAB_20251216_LOU_TENN,KXNCAAMBGAME-25DEC16LOUTENN-TENN,1,600,2025-12-17T00:02:12+00:00,PRE_ENTRY,False,PRE_ENTRY,PRE_80,HISTORICAL_RECONSTRUCT,ASKED_SIX_FIRST80,80,63,,,0,0,,,,,,,,,,,,,,UNAVAILABLE,,,,,,,,,False,UNAVAILABLE,False
NCAAB_H2_1_AUSTIN_TRANSFER_V1,DISCOVERY,def09ddc05798e89,NCAAB_20251216_LOU_TENN,KXNCAAMBGAME-25DEC16LOUTENN-TENN,1,480,2025-12-17T00:02:12+00:00,PRE_ENTRY,False,PRE_ENTRY,PRE_80,HISTORICAL_RECONSTRUCT,ASKED_SIX_FIRST80,80,63,,,0,0,,,,,,,,,,,,,,UNAVAILABLE,,,,,,,,,False,UNAVAILABLE,False
NCAAB_H2_1_AUSTIN_TRANSFER_V1,DISCOVERY,def09ddc05798e89,NCAAB_20251216_LOU_TENN,KXNCAAMBGAME-25DEC16LOUTENN-TENN,1,360,2025-12-17T00:02:12+00:00,PRE_ENTRY,False,PRE_ENTRY,PRE_80,HISTORICAL_RECONSTRUCT,ASKED_SIX_FIRST80,80,63,,,0,0,,,,,,,,,,,,,,UNAVAILABLE,,,,,,,,,False,UNAVAILABLE,False
NCAAB_H2_1_AUSTIN_TRANSFER_V1,DISCOVERY,def09ddc05798e89,NCAAB_20251216_LOU_TENN,KXNCAAMBGAME-25DEC16LOUTENN-TENN,1,240,2025-12-17T00:02:12+00:00,PRE_ENTRY,False,PRE_ENTRY,PRE_80,HISTORICAL_RECONSTRUCT,ASKED_SIX_FIRST80,80,63,,,0,0,,,,,,,,,,,,,,UNAVAILABLE,,,,,,,,,False,UNAVAILABLE,False
NCAAB_H2_1_AUSTIN_TRANSFER_V1,DISCOVERY,def09ddc05798e89,NCAAB_20251216_LOU_TENN,KXNCAAMBGAME-25DEC16LOUTENN-TENN,1,120,2025-12-17T00:02:12+00:00,PRE_ENTRY,False,PRE_ENTRY,PRE_80,HISTORICAL_RECONSTRUCT,ASKED_SIX_FIRST80,80,63,,,0,0,,,,,,,,,,,,,,UNAVAILABLE,,,,,,,,,False,UNAVAILABLE,False
NCAAB_H2_1_AUSTIN_TRANSFER_V1,DISCOVERY,def09ddc05798e89,NCAAB_20251216_LOU_TENN,KXNCAAMBGAME-25DEC16LOUTENN-TENN,1,0,2025-12-17T00:59:57+00:00,PRE_ENTRY,False,PRE_ENTRY,PRE_80,HISTORICAL_RECONSTRUCT,ASKED_SIX_FIRST80,80,71,,,34,27,,,,,,,,,,,,,,UNAVAILABLE,,,,,,,,,False,UNAVAILABLE,False
NCAAB_H2_1_AUSTIN_TRANSFER_V1,DISCOVERY,def09ddc05798e89,NCAAB_20251216_LOU_TENN,KXNCAAMBGAME-25DEC16LOUTENN-TENN,2,1200,2025-12-17T01:16:15+00:00,PRE_ENTRY,False,PRE_ENTRY,PRE_80,HISTORICAL_RECONSTRUCT,ASKED_SIX_FIRST80,80,76,,,34,27,,,,,,,,,,,,,,UNAVAILABLE,,,,,,,,,False,UNAVAILABLE,False
NCAAB_H2_1_AUSTIN_TRANSFER_V1,DISCOVERY,def09ddc05798e89,NCAAB_20251216_LOU_TENN,KXNCAAMBGAME-25DEC16LOUTENN-TENN,2,1080,2025-12-17T01:16:15+00:00,PRE_ENTRY,False,PRE_ENTRY,PRE_80,HISTORICAL_RECONSTRUCT,ASKED_SIX_FIRST80,80,76,,,34,27,,,,,,,,,,,,,,UNAVAILABLE,,,,,,,,,False,UNAVAILABLE,False
NCAAB_H2_1_AUSTIN_TRANSFER_V1,DISCOVERY,def09ddc05798e89,NCAAB_20251216_LOU_TENN,KXNCAAMBGAME-25DEC16LOUTENN-TENN,2,960,2025-12-17T01:16:15+00:00,PRIMARY_GRID,True,,PRE_80,HISTORICAL_RECONSTRUCT,NONE,,76,,,34,27,INSUFFICIENT_SAMPLE,NO_ENTRY_IN_FITTED_SPACE,,,,95% CI — weighted bootstrap,25,,,,,0.30434782608695654,UNAVAILABLE,NOT_APPLICABLE,20,20,VALUE,False,False,,,,False,UNAVAILABLE,False
NCAAB_H2_1_AUSTIN_TRANSFER_V1,DISCOVERY,def09ddc05798e89,NCAAB_20251216_LOU_TENN,KXNCAAMBGAME-25DEC16LOUTENN-TENN,2,840,2025-12-17T01:16:15+00:00,PRIMARY_GRID,True,,PRE_80,HISTORICAL_RECONSTRUCT,NONE,,76,,,34,27,INSUFFICIENT_SAMPLE,NO_ENTRY_IN_FITTED_SPACE,,,,95% CI — weighted bootstrap,25,,,,,0.30434782608695654,UNAVAILABLE,NOT_APPLICABLE,20,20,VALUE,False,False,,,,False,UNAVAILABLE,False
NCAAB_H2_1_AUSTIN_TRANSFER_V1,DISCOVERY,def09ddc05798e89,NCAAB_20251216_LOU_TENN,KXNCAAMBGAME-25DEC16LOUTENN-TENN,2,720,2025-12-17T01:16:15+00:00,PRIMARY_GRID,True,,PRE_80,HISTORICAL_RECONSTRUCT,NONE,,76,,,34,27,INSUFFICIENT_SAMPLE,NO_ENTRY_IN_FITTED_SPACE,,,,95% CI — weighted bootstrap,25,,,,,0.30434782608695654,UNAVAILABLE,NOT_APPLICABLE,20,20,VALUE,False,False,,,,False,UNAVAILABLE,False
NCAAB_H2_1_AUSTIN_TRANSFER_V1,DISCOVERY,def09ddc05798e89,NCAAB_20251216_LOU_TENN,KXNCAAMBGAME-25DEC16LOUTENN-TENN,2,600,2025-12-17T01:16:15+00:00,PRIMARY_GRID,True,,PRE_80,HISTORICAL_RECONSTRUCT,NONE,,76,,,34,27,INSUFFICIENT_SAMPLE,NO_ENTRY_IN_FITTED_SPACE,,,,95% CI — weighted bootstrap,25,,,,,0.30434782608695654,UNAVAILABLE,NOT_APPLICABLE,20,20,VALUE,False,False,,,,False,UNAVAILABLE,False
NCAAB_H2_1_AUSTIN_TRANSFER_V1,DISCOVERY,def09ddc05798e89,NCAAB_20251216_LOU_TENN,KXNCAAMBGAME-25DEC16LOUTENN-TENN,2,480,2025-12-17T01:16:15+00:00,PRIMARY_GRID,True,,PRE_80,HISTORICAL_RECONSTRUCT,NONE,,76,,,34,27,INSUFFICIENT_SAMPLE,NO_ENTRY_IN_FITTED_SPACE,,,,95% CI — weighted bootstrap,25,,,,,0.30434782608695654,UNAVAILABLE,NOT_APPLICABLE,20,20,VALUE,False,False,,,,False,UNAVAILABLE,False
NCAAB_H2_1_AUSTIN_TRANSFER_V1,DISCOVERY,def09ddc05798e89,NCAAB_20251216_LOU_TENN,KXNCAAMBGAME-25DEC16LOUTENN-TENN,2,360,2025-12-17T01:16:15+00:00,PRIMARY_GRID,True,,PRE_80,HISTORICAL_RECONSTRUCT,NONE,,76,,,34,27,INSUFFICIENT_SAMPLE,NO_ENTRY_IN_FITTED_SPACE,,,,95% CI — weighted bootstrap,25,,,,,0.30434782608695654,UNAVAILABLE,NOT_APPLICABLE,20,20,VALUE,False,False,,,,False,UNAVAILABLE,False
NCAAB_H2_1_AUSTIN_TRANSFER_V1,DISCOVERY,def09ddc05798e89,NCAAB_20251216_LOU_TENN,KXNCAAMBGAME-25DEC16LOUTENN-TENN,2,240,2025-12-17T01:16:15+00:00,PRIMARY_GRID,True,,PRE_80,HISTORICAL_RECONSTRUCT,NONE,,76,,,34,27,INSUFFICIENT_SAMPLE,NO_ENTRY_IN_FITTED_SPACE,,,,95% CI — weighted bootstrap,25,,,,,0.30434782608695654,UNAVAILABLE,NOT_APPLICABLE,20,20,VALUE,False,False,,,,False,UNAVAILABLE,False
NCAAB_H2_1_AUSTIN_TRANSFER_V1,DISCOVERY,def09ddc05798e89,NCAAB_20251216_LOU_TENN,KXNCAAMBGAME-25DEC16LOUTENN-TENN,2,120,2025-12-17T02:17:24+00:00,PRIMARY_GRID,True,,POST_80,HISTORICAL_RECONSTRUCT,ASKED_SIX_FIRST80,80,99,19,955,81,58,OBSERVED,,20.000000000000004,20.0,20.0,95% CI — weighted bootstrap,25,25,23.878408388763056,0.6239015872046637,0.5796309811264527,1.0,OBSERVED,VALUE,20,,NOT_APPLICABLE,True,True,20.000000000000004,20.000000000000004,0.0,False,UNAVAILABLE,False
NCAAB_H2_1_AUSTIN_TRANSFER_V1,DISCOVERY,def09ddc05798e89,NCAAB_20251216_LOU_TENN,KXNCAAMBGAME-25DEC16LOUTENN-TENN,2,0,2025-12-17T02:21:45+00:00,PRIMARY_GRID,True,,POST_80,HISTORICAL_RECONSTRUCT,ASKED_SIX_FIRST80,80,99,19,1075,83,62,OBSERVED,,20.0,20.0,20.0,95% CI — weighted bootstrap,25,25,24.580886847428236,0.6387741035443442,0.5874818304193397,1.0,OBSERVED,VALUE,20,,NOT_APPLICABLE,True,True,20.000000000000004,20.0,-3.552713678800501e-15,False,UNAVAILABLE,False
NCAAB_H2_1_AUSTIN_TRANSFER_V1,DISCOVERY,def09ddc05798e89,NCAAB_20251216_LOU_TENN,KXNCAAMBGAME-25DEC16LOUTENN-TENN,2,1075,2025-12-17T01:20:00+00:00,DIAGNOSTIC_EVENT,False,,POST_80,HISTORICAL_RECONSTRUCT,ASKED_SIX_FIRST80,80,79,-1,0,40,31,OBSERVED,,11.93561718238195,0.0,20.0,95% CI — weighted bootstrap,25,25,24.96908066029024,1.0011957662900608,0.9876230862796838,0.7246376811594203,OBSERVED,VALUE,20,,NOT_APPLICABLE,True,True,20.000000000000004,11.93561718238195,-8.064382817618053,False,UNAVAILABLE,False
NCAAB_H2_1_AUSTIN_TRANSFER_V1,DISCOVERY,79f460dce15c5f4a,NCAAB_20251220_UNC_OSU,KXNCAAMBGAME-25DEC20UNCOSU-UNC,1,1200,2025-12-20T20:28:25+00:00,PRE_ENTRY,False,PRE_ENTRY,PRE_80,HISTORICAL_RECONSTRUCT,ASKED_SIX_FIRST80,81,58,,,0,0,,,,,,,,,,,,,,UNAVAILABLE,,,,,,,,,False,UNAVAILABLE,False
NCAAB_H2_1_AUSTIN_TRANSFER_V1,DISCOVERY,79f460dce15c5f4a,NCAAB_20251220_UNC_OSU,KXNCAAMBGAME-25DEC20UNCOSU-UNC,1,1080,2025-12-20T20:30:43+00:00,PRE_ENTRY,False,PRE_ENTRY,PRE_80,HISTORICAL_RECONSTRUCT,ASKED_SIX_FIRST80,81,64,,,2,2,,,,,,,,,,,,,,UNAVAILABLE,,,,,,,,,False,UNAVAILABLE,False
NCAAB_H2_1_AUSTIN_TRANSFER_V1,DISCOVERY,79f460dce15c5f4a,NCAAB_20251220_UNC_OSU,KXNCAAMBGAME-25DEC20UNCOSU-UNC,1,960,2025-12-20T20:28:25+00:00,PRE_ENTRY,False,PRE_ENTRY,PRE_80,HISTORICAL_RECONSTRUCT,ASKED_SIX_FIRST80,81,58,,,0,0,,,,,,,,,,,,,,UNAVAILABLE,,,,,,,,,False,UNAVAILABLE,False
NCAAB_H2_1_AUSTIN_TRANSFER_V1,DISCOVERY,79f460dce15c5f4a,NCAAB_20251220_UNC_OSU,KXNCAAMBGAME-25DEC20UNCOSU-UNC,1,840,2025-12-20T20:28:25+00:00,PRE_ENTRY,False,PRE_ENTRY,PRE_80,HISTORICAL_RECONSTRUCT,ASKED_SIX_FIRST80,81,58,,,0,0,,,,,,,,,,,,,,UNAVAILABLE,,,,,,,,,False,UNAVAILABLE,False
NCAAB_H2_1_AUSTIN_TRANSFER_V1,DISCOVERY,79f460dce15c5f4a,NCAAB_20251220_UNC_OSU,KXNCAAMBGAME-25DEC20UNCOSU-UNC,1,720,2025-12-20T20:28:25+00:00,PRE_ENTRY,False,PRE_ENTRY,PRE_80,HISTORICAL_RECONSTRUCT,ASKED_SIX_FIRST80,81,58,,,0,0,,,,,,,,,,,,,,UNAVAILABLE,,,,,,,,,False,UNAVAILABLE,False
NCAAB_H2_1_AUSTIN_TRANSFER_V1,DISCOVERY,79f460dce15c5f4a,NCAAB_20251220_UNC_OSU,KXNCAAMBGAME-25DEC20UNCOSU-UNC,1,600,2025-12-20T20:28:25+00:00,PRE_ENTRY,False,PRE_ENTRY,PRE_80,HISTORICAL_RECONSTRUCT,ASKED_SIX_FIRST80,81,58,,,0,0,,,,,,,,,,,,,,UNAVAILABLE,,,,,,,,,False,UNAVAILABLE,False
NCAAB_H2_1_AUSTIN_TRANSFER_V1,DISCOVERY,79f460dce15c5f4a,NCAAB_20251220_UNC_OSU,KXNCAAMBGAME-25DEC20UNCOSU-UNC,1,480,2025-12-20T20:28:25+00:00,PRE_ENTRY,False,PRE_ENTRY,PRE_80,HISTORICAL_RECONSTRUCT,ASKED_SIX_FIRST80,81,58,,,0,0,,,,,,,,,,,,,,UNAVAILABLE,,,,,,,,,False,UNAVAILABLE,False
NCAAB_H2_1_AUSTIN_TRANSFER_V1,DISCOVERY,79f460dce15c5f4a,NCAAB_20251220_UNC_OSU,KXNCAAMBGAME-25DEC20UNCOSU-UNC,1,360,2025-12-20T20:59:08+00:00,PRE_ENTRY,False,PRE_ENTRY,PRE_80,HISTORICAL_RECONSTRUCT,ASKED_SIX_FIRST80,81,63,,,19,20,,,,,,,,,,,,,,UNAVAILABLE,,,,,,,,,False,UNAVAILABLE,False
NCAAB_H2_1_AUSTIN_TRANSFER_V1,DISCOVERY,79f460dce15c5f4a,NCAAB_20251220_UNC_OSU,KXNCAAMBGAME-25DEC20UNCOSU-UNC,1,240,2025-12-20T20:28:25+00:00,PRE_ENTRY,False,PRE_ENTRY,PRE_80,HISTORICAL_RECONSTRUCT,ASKED_SIX_FIRST80,81,58,,,0,0,,,,,,,,,,,,,,UNAVAILABLE,,,,,,,,,False,UNAVAILABLE,False
NCAAB_H2_1_AUSTIN_TRANSFER_V1,DISCOVERY,79f460dce15c5f4a,NCAAB_20251220_UNC_OSU,KXNCAAMBGAME-25DEC20UNCOSU-UNC,1,120,2025-12-20T20:28:25+00:00,PRE_ENTRY,False,PRE_ENTRY,PRE_80,HISTORICAL_RECONSTRUCT,ASKED_SIX_FIRST80,81,58,,,0,0,,,,,,,,,,,,,,UNAVAILABLE,,,,,,,,,False,UNAVAILABLE,False
NCAAB_H2_1_AUSTIN_TRANSFER_V1,DISCOVERY,79f460dce15c5f4a,NCAAB_20251220_UNC_OSU,KXNCAAMBGAME-25DEC20UNCOSU-UNC,1,0,2025-12-20T21:16:24+00:00,PRE_ENTRY,False,PRE_ENTRY,PRE_80,HISTORICAL_RECONSTRUCT,ASKED_SIX_FIRST80,81,66,,,31,34,,,,,,,,,,,,,,UNAVAILABLE,,,,,,,,,False,UNAVAILABLE,False
NCAAB_H2_1_AUSTIN_TRANSFER_V1,DISCOVERY,79f460dce15c5f4a,NCAAB_20251220_UNC_OSU,KXNCAAMBGAME-25DEC20UNCOSU-UNC,2,1200,2025-12-20T21:30:45+00:00,PRE_ENTRY,False,PRE_ENTRY,PRE_80,HISTORICAL_RECONSTRUCT,ASKED_SIX_FIRST80,81,67,,,31,34,,,,,,,,,,,,,,UNAVAILABLE,,,,,,,,,False,UNAVAILABLE,False
NCAAB_H2_1_AUSTIN_TRANSFER_V1,DISCOVERY,79f460dce15c5f4a,NCAAB_20251220_UNC_OSU,KXNCAAMBGAME-25DEC20UNCOSU-UNC,2,1080,2025-12-20T21:30:45+00:00,PRE_ENTRY,False,PRE_ENTRY,PRE_80,HISTORICAL_RECONSTRUCT,ASKED_SIX_FIRST80,81,67,,,31,34,,,,,,,,,,,,,,UNAVAILABLE,,,,,,,,,False,UNAVAILABLE,False
NCAAB_H2_1_AUSTIN_TRANSFER_V1,DISCOVERY,79f460dce15c5f4a,NCAAB_20251220_UNC_OSU,KXNCAAMBGAME-25DEC20UNCOSU-UNC,2,960,2025-12-20T21:30:45+00:00,PRE_ENTRY,False,PRE_ENTRY,PRE_80,HISTORICAL_RECONSTRUCT,ASKED_SIX_FIRST80,81,67,,,31,34,,,,,,,,,,,,,,UNAVAILABLE,,,,,,,,,False,UNAVAILABLE,False
NCAAB_H2_1_AUSTIN_TRANSFER_V1,DISCOVERY,79f460dce15c5f4a,NCAAB_20251220_UNC_OSU,KXNCAAMBGAME-25DEC20UNCOSU-UNC,2,840,2025-12-20T21:30:45+00:00,PRIMARY_GRID,True,,PRE_80,HISTORICAL_RECONSTRUCT,NONE,,67,,,31,34,INSUFFICIENT_SAMPLE,NO_ENTRY_IN_FITTED_SPACE,,,,95% CI — weighted bootstrap,25,,,,,0.30434782608695654,UNAVAILABLE,NOT_APPLICABLE,20,20,VALUE,False,False,,,,False,UNAVAILABLE,False
NCAAB_H2_1_AUSTIN_TRANSFER_V1,DISCOVERY,79f460dce15c5f4a,NCAAB_20251220_UNC_OSU,KXNCAAMBGAME-25DEC20UNCOSU-UNC,2,720,2025-12-20T21:30:45+00:00,PRIMARY_GRID,True,,PRE_80,HISTORICAL_RECONSTRUCT,NONE,,67,,,31,34,INSUFFICIENT_SAMPLE,NO_ENTRY_IN_FITTED_SPACE,,,,95% CI — weighted bootstrap,25,,,,,0.30434782608695654,UNAVAILABLE,NOT_APPLICABLE,20,20,VALUE,False,False,,,,False,UNAVAILABLE,False
NCAAB_H2_1_AUSTIN_TRANSFER_V1,DISCOVERY,79f460dce15c5f4a,NCAAB_20251220_UNC_OSU,KXNCAAMBGAME-25DEC20UNCOSU-UNC,2,600,2025-12-20T21:30:45+00:00,PRIMARY_GRID,True,,PRE_80,HISTORICAL_RECONSTRUCT,NONE,,67,,,31,34,INSUFFICIENT_SAMPLE,NO_ENTRY_IN_FITTED_SPACE,,,,95% CI — weighted bootstrap,25,,,,,0.30434782608695654,UNAVAILABLE,NOT_APPLICABLE,20,20,VALUE,False,False,,,,False,UNAVAILABLE,False
NCAAB_H2_1_AUSTIN_TRANSFER_V1,DISCOVERY,79f460dce15c5f4a,NCAAB_20251220_UNC_OSU,KXNCAAMBGAME-25DEC20UNCOSU-UNC,2,480,2025-12-20T21:30:45+00:00,PRIMARY_GRID,True,,PRE_80,HISTORICAL_RECONSTRUCT,NONE,,67,,,31,34,INSUFFICIENT_SAMPLE,NO_ENTRY_IN_FITTED_SPACE,,,,95% CI — weighted bootstrap,25,,,,,0.30434782608695654,UNAVAILABLE,NOT_APPLICABLE,20,20,VALUE,False,False,,,,False,UNAVAILABLE,False
NCAAB_H2_1_AUSTIN_TRANSFER_V1,DISCOVERY,79f460dce15c5f4a,NCAAB_20251220_UNC_OSU,KXNCAAMBGAME-25DEC20UNCOSU-UNC,2,360,2025-12-20T22:10:53+00:00,PRIMARY_GRID,True,,POST_80,HISTORICAL_RECONSTRUCT,ASKED_SIX_FIRST80,81,82,1,527,57,62,OBSERVED,,20.0,20.0,20.0,95% CI — weighted bootstrap,25,25,23.601175828056164,0.42970388983457897,0.4373630021064507,0.9855072463768116,OBSERVED,VALUE,20,,NOT_APPLICABLE,True,True,20.0,20.0,0.0,False,UNAVAILABLE,False
NCAAB_H2_1_AUSTIN_TRANSFER_V1,DISCOVERY,79f460dce15c5f4a,NCAAB_20251220_UNC_OSU,KXNCAAMBGAME-25DEC20UNCOSU-UNC,2,240,2025-12-20T21:30:45+00:00,PRIMARY_GRID,True,,PRE_80,HISTORICAL_RECONSTRUCT,NONE,,67,,,31,34,INSUFFICIENT_SAMPLE,NO_ENTRY_IN_FITTED_SPACE,,,,95% CI — weighted bootstrap,25,,,,,0.30434782608695654,UNAVAILABLE,NOT_APPLICABLE,20,20,VALUE,False,False,20.0,,,False,UNAVAILABLE,False
NCAAB_H2_1_AUSTIN_TRANSFER_V1,DISCOVERY,79f460dce15c5f4a,NCAAB_20251220_UNC_OSU,KXNCAAMBGAME-25DEC20UNCOSU-UNC,2,120,2025-12-20T21:30:45+00:00,PRIMARY_GRID,True,,PRE_80,HISTORICAL_RECONSTRUCT,NONE,,67,,,31,34,INSUFFICIENT_SAMPLE,NO_ENTRY_IN_FITTED_SPACE,,,,95% CI — weighted bootstrap,25,,,,,0.30434782608695654,UNAVAILABLE,NOT_APPLICABLE,20,20,VALUE,False,False,20.0,,,False,UNAVAILABLE,False
NCAAB_H2_1_AUSTIN_TRANSFER_V1,DISCOVERY,79f460dce15c5f4a,NCAAB_20251220_UNC_OSU,KXNCAAMBGAME-25DEC20UNCOSU-UNC,2,0,2025-12-20T22:33:40+00:00,PRIMARY_GRID,True,,POST_80,HISTORICAL_RECONSTRUCT,ASKED_SIX_FIRST80,81,99,18,887,70,71,OBSERVED,,20.0,20.0,20.0,95% CI — weighted bootstrap,25,25,24.85791557743043,1.2598392115949815,1.218687946798374,1.0,OBSERVED,VALUE,20,,NOT_APPLICABLE,True,True,20.0,20.0,0.0,False,UNAVAILABLE,False
NCAAB_H2_1_AUSTIN_TRANSFER_V1,DISCOVERY,79f460dce15c5f4a,NCAAB_20251220_UNC_OSU,KXNCAAMBGAME-25DEC20UNCOSU-UNC,2,887,2025-12-20T21:49:00+00:00,DIAGNOSTIC_EVENT,False,,POST_80,HISTORICAL_RECONSTRUCT,ASKED_SIX_FIRST80,81,75,-6,0,41,47,OBSERVED,,-0.12536570327127006,-20.0,12.0,95% CI — weighted bootstrap,25,25,23.828051005614768,0.9493288151536255,0.8890534031039189,0.7246376811594203,OBSERVED,VALUE,20,,NOT_APPLICABLE,True,True,20.0,-0.12536570327127006,-20.12536570327127,False,UNAVAILABLE,False
NCAAB_H2_1_AUSTIN_TRANSFER_V1,DISCOVERY,79f460dce15c5f4a,NCAAB_20251220_UNC_OSU,KXNCAAMBGAME-25DEC20UNCOSU-UNC,2,157,2025-12-20T22:21:00+00:00,DIAGNOSTIC_EVENT,False,,POST_80,HISTORICAL_RECONSTRUCT,ASKED_SIX_FIRST80,81,79,-2,730,64,66,OBSERVED,,12.805960966253346,0.0,20.0,95% CI — weighted bootstrap,25,25,23.872693689755366,0.4524215617946485,0.44792055285855265,1.0,OBSERVED,VALUE,20,,NOT_APPLICABLE,True,True,20.0,12.805960966253346,-7.1940390337466535,False,UNAVAILABLE,False
NCAAB_H2_1_AUSTIN_TRANSFER_V1,DISCOVERY,79f460dce15c5f4a,NCAAB_20251220_UNC_OSU,KXNCAAMBGAME-25DEC20UNCOSU-UNC,2,99,2025-12-20T22:25:00+00:00,DIAGNOSTIC_EVENT,False,,POST_80,HISTORICAL_RECONSTRUCT,ASKED_SIX_FIRST80,81,66,-15,788,66,67,OBSERVED,,-34.48469319176694,-52.0,-16.0,95% CI — weighted bootstrap,25,25,21.21038948888927,0.5196830257450601,0.47816479191008127,1.0,OBSERVED,VALUE,20,,NOT_APPLICABLE,True,True,20.0,-34.48469319176694,-54.48469319176694,False,UNAVAILABLE,False
NCAAB_H2_1_AUSTIN_TRANSFER_V1,DISCOVERY,79f460dce15c5f4a,NCAAB_20251220_UNC_OSU,KXNCAAMBGAME-25DEC20UNCOSU-UNC,2,48,2025-12-20T22:26:00+00:00,DIAGNOSTIC_EVENT,False,,POST_80,HISTORICAL_RECONSTRUCT,ASKED_SIX_FIRST80,81,59,-22,839,69,67,OBSERVED,,17.63525157898384,12.0,20.0,95% CI — weighted bootstrap,25,25,23.546508070276047,0.4021034130547545,0.513520625912167,1.0,OBSERVED,VALUE,20,,NOT_APPLICABLE,True,True,20.0,17.63525157898384,-2.3647484210161593,False,UNAVAILABLE,False
NCAAB_H2_1_AUSTIN_TRANSFER_V1,DISCOVERY,79f460dce15c5f4a,NCAAB_20251220_UNC_OSU,KXNCAAMBGAME-25DEC20UNCOSU-UNC,2,48,2025-12-20T22:26:00+00:00,DIAGNOSTIC_EVENT,False,,POST_80,HISTORICAL_RECONSTRUCT,ASKED_SIX_FIRST80,81,59,-22,839,69,67,OBSERVED,,17.63525157898384,12.0,20.0,95% CI — weighted bootstrap,25,25,23.546508070276047,0.4021034130547545,0.513520625912167,1.0,OBSERVED,VALUE,20,,NOT_APPLICABLE,True,True,20.0,17.63525157898384,-2.3647484210161593,False,UNAVAILABLE,False
NCAAB_H2_1_AUSTIN_TRANSFER_V1,DISCOVERY,79f460dce15c5f4a,NCAAB_20251220_UNC_OSU,KXNCAAMBGAME-25DEC20UNCOSU-UNC,2,48,2025-12-20T22:26:00+00:00,DIAGNOSTIC_EVENT,False,,POST_80,HISTORICAL_RECONSTRUCT,ASKED_SIX_FIRST80,81,59,-22,839,69,67,OBSERVED,,17.63525157898384,12.0,20.0,95% CI — weighted bootstrap,25,25,23.546508070276047,0.4021034130547545,0.513520625912167,1.0,OBSERVED,VALUE,20,,NOT_APPLICABLE,True,True,20.0,17.63525157898384,-2.3647484210161593,False,UNAVAILABLE,False
NCAAB_H2_1_AUSTIN_TRANSFER_V1,DISCOVERY,79f460dce15c5f4a,NCAAB_20251220_UNC_OSU,KXNCAAMBGAME-25DEC20UNCOSU-UNC,2,48,2025-12-20T22:26:00+00:00,DIAGNOSTIC_EVENT,False,,POST_80,HISTORICAL_RECONSTRUCT,ASKED_SIX_FIRST80,81,59,-22,839,69,67,OBSERVED,,17.63525157898384,12.0,20.0,95% CI — weighted bootstrap,25,25,23.546508070276047,0.4021034130547545,0.513520625912167,1.0,OBSERVED,VALUE,20,,NOT_APPLICABLE,True,True,20.0,17.63525157898384,-2.3647484210161593,False,UNAVAILABLE,False
NCAAB_H2_1_AUSTIN_TRANSFER_V1,DISCOVERY,64311a04bfd02c27,NCAAB_20251220_STAN_COLO,KXNCAAMBGAME-25DEC20STANCOLO-STAN,1,1200,2025-12-21T01:05:46+00:00,PRE_ENTRY,False,PRE_ENTRY,PRE_80,HISTORICAL_RECONSTRUCT,ASKED_SIX_FIRST80,80,41,,,0,0,,,,,,,,,,,,,,UNAVAILABLE,,,,,,,,,False,UNAVAILABLE,False
NCAAB_H2_1_AUSTIN_TRANSFER_V1,DISCOVERY,64311a04bfd02c27,NCAAB_20251220_STAN_COLO,KXNCAAMBGAME-25DEC20STANCOLO-STAN,1,1080,2025-12-21T01:05:46+00:00,PRE_ENTRY,False,PRE_ENTRY,PRE_80,HISTORICAL_RECONSTRUCT,ASKED_SIX_FIRST80,80,41,,,0,0,,,,,,,,,,,,,,UNAVAILABLE,,,,,,,,,False,UNAVAILABLE,False
NCAAB_H2_1_AUSTIN_TRANSFER_V1,DISCOVERY,64311a04bfd02c27,NCAAB_20251220_STAN_COLO,KXNCAAMBGAME-25DEC20STANCOLO-STAN,1,960,2025-12-21T01:05:46+00:00,PRE_ENTRY,False,PRE_ENTRY,PRE_80,HISTORICAL_RECONSTRUCT,ASKED_SIX_FIRST80,80,41,,,0,0,,,,,,,,,,,,,,UNAVAILABLE,,,,,,,,,False,UNAVAILABLE,False
NCAAB_H2_1_AUSTIN_TRANSFER_V1,DISCOVERY,64311a04bfd02c27,NCAAB_20251220_STAN_COLO,KXNCAAMBGAME-25DEC20STANCOLO-STAN,1,840,2025-12-21T01:05:46+00:00,PRE_ENTRY,False,PRE_ENTRY,PRE_80,HISTORICAL_RECONSTRUCT,ASKED_SIX_FIRST80,80,41,,,0,0,,,,,,,,,,,,,,UNAVAILABLE,,,,,,,,,False,UNAVAILABLE,False
NCAAB_H2_1_AUSTIN_TRANSFER_V1,DISCOVERY,64311a04bfd02c27,NCAAB_20251220_STAN_COLO,KXNCAAMBGAME-25DEC20STANCOLO-STAN,1,720,2025-12-21T01:05:46+00:00,PRE_ENTRY,False,PRE_ENTRY,PRE_80,HISTORICAL_RECONSTRUCT,ASKED_SIX_FIRST80,80,41,,,0,0,,,,,,,,,,,,,,UNAVAILABLE,,,,,,,,,False,UNAVAILABLE,False
NCAAB_H2_1_AUSTIN_TRANSFER_V1,DISCOVERY,64311a04bfd02c27,NCAAB_20251220_STAN_COLO,KXNCAAMBGAME-25DEC20STANCOLO-STAN,1,600,2025-12-21T01:05:46+00:00,PRE_ENTRY,False,PRE_ENTRY,PRE_80,HISTORICAL_RECONSTRUCT,ASKED_SIX_FIRST80,80,41,,,0,0,,,,,,,,,,,,,,UNAVAILABLE,,,,,,,,,False,UNAVAILABLE,False
NCAAB_H2_1_AUSTIN_TRANSFER_V1,DISCOVERY,64311a04bfd02c27,NCAAB_20251220_STAN_COLO,KXNCAAMBGAME-25DEC20STANCOLO-STAN,1,480,2025-12-21T01:05:46+00:00,PRE_ENTRY,False,PRE_ENTRY,PRE_80,HISTORICAL_RECONSTRUCT,ASKED_SIX_FIRST80,80,41,,,0,0,,,,,,,,,,,,,,UNAVAILABLE,,,,,,,,,False,UNAVAILABLE,False
NCAAB_H2_1_AUSTIN_TRANSFER_V1,DISCOVERY,64311a04bfd02c27,NCAAB_20251220_STAN_COLO,KXNCAAMBGAME-25DEC20STANCOLO-STAN,1,360,2025-12-21T01:05:46+00:00,PRE_ENTRY,False,PRE_ENTRY,PRE_80,HISTORICAL_RECONSTRUCT,ASKED_SIX_FIRST80,80,41,,,0,0,,,,,,,,,,,,,,UNAVAILABLE,,,,,,,,,False,UNAVAILABLE,False
NCAAB_H2_1_AUSTIN_TRANSFER_V1,DISCOVERY,64311a04bfd02c27,NCAAB_20251220_STAN_COLO,KXNCAAMBGAME-25DEC20STANCOLO-STAN,1,240,2025-12-21T01:05:46+00:00,PRE_ENTRY,False,PRE_ENTRY,PRE_80,HISTORICAL_RECONSTRUCT,ASKED_SIX_FIRST80,80,41,,,0,0,,,,,,,,,,,,,,UNAVAILABLE,,,,,,,,,False,UNAVAILABLE,False
NCAAB_H2_1_AUSTIN_TRANSFER_V1,DISCOVERY,64311a04bfd02c27,NCAAB_20251220_STAN_COLO,KXNCAAMBGAME-25DEC20STANCOLO-STAN,1,120,2025-12-21T01:05:46+00:00,PRE_ENTRY,False,PRE_ENTRY,PRE_80,HISTORICAL_RECONSTRUCT,ASKED_SIX_FIRST80,80,41,,,0,0,,,,,,,,,,,,,,UNAVAILABLE,,,,,,,,,False,UNAVAILABLE,False
NCAAB_H2_1_AUSTIN_TRANSFER_V1,DISCOVERY,64311a04bfd02c27,NCAAB_20251220_STAN_COLO,KXNCAAMBGAME-25DEC20STANCOLO-STAN,1,0,2025-12-21T01:51:02+00:00,PRE_ENTRY,False,PRE_ENTRY,PRE_80,HISTORICAL_RECONSTRUCT,ASKED_SIX_FIRST80,80,36,,,35,33,,,,,,,,,,,,,,UNAVAILABLE,,,,,,,,,False,UNAVAILABLE,False
NCAAB_H2_1_AUSTIN_TRANSFER_V1,DISCOVERY,64311a04bfd02c27,NCAAB_20251220_STAN_COLO,KXNCAAMBGAME-25DEC20STANCOLO-STAN,2,1200,2025-12-21T02:07:09+00:00,PRE_ENTRY,False,PRE_ENTRY,PRE_80,HISTORICAL_RECONSTRUCT,ASKED_SIX_FIRST80,80,35,,,35,33,,,,,,,,,,,,,,UNAVAILABLE,,,,,,,,,False,UNAVAILABLE,False
NCAAB_H2_1_AUSTIN_TRANSFER_V1,DISCOVERY,64311a04bfd02c27,NCAAB_20251220_STAN_COLO,KXNCAAMBGAME-25DEC20STANCOLO-STAN,2,1080,2025-12-21T02:07:09+00:00,PRE_ENTRY,False,PRE_ENTRY,PRE_80,HISTORICAL_RECONSTRUCT,ASKED_SIX_FIRST80,80,35,,,35,33,,,,,,,,,,,,,,UNAVAILABLE,,,,,,,,,False,UNAVAILABLE,False
NCAAB_H2_1_AUSTIN_TRANSFER_V1,DISCOVERY,64311a04bfd02c27,NCAAB_20251220_STAN_COLO,KXNCAAMBGAME-25DEC20STANCOLO-STAN,2,960,2025-12-21T02:07:09+00:00,PRE_ENTRY,False,PRE_ENTRY,PRE_80,HISTORICAL_RECONSTRUCT,ASKED_SIX_FIRST80,80,35,,,35,33,,,,,,,,,,,,,,UNAVAILABLE,,,,,,,,,False,UNAVAILABLE,False
NCAAB_H2_1_AUSTIN_TRANSFER_V1,DISCOVERY,64311a04bfd02c27,NCAAB_20251220_STAN_COLO,KXNCAAMBGAME-25DEC20STANCOLO-STAN,2,840,2025-12-21T02:20:43+00:00,PRE_ENTRY,False,PRE_ENTRY,PRE_80,HISTORICAL_RECONSTRUCT,ASKED_SIX_FIRST80,80,65,,,39,44,,,,,,,,,,,,,,UNAVAILABLE,,,,,,,,,False,UNAVAILABLE,False
NCAAB_H2_1_AUSTIN_TRANSFER_V1,DISCOVERY,64311a04bfd02c27,NCAAB_20251220_STAN_COLO,KXNCAAMBGAME-25DEC20STANCOLO-STAN,2,720,2025-12-21T02:07:09+00:00,PRE_ENTRY,False,PRE_ENTRY,PRE_80,HISTORICAL_RECONSTRUCT,ASKED_SIX_FIRST80,80,35,,,35,33,,,,,,,,,,,,,,UNAVAILABLE,,,,,,,,,False,UNAVAILABLE,False
NCAAB_H2_1_AUSTIN_TRANSFER_V1,DISCOVERY,64311a04bfd02c27,NCAAB_20251220_STAN_COLO,KXNCAAMBGAME-25DEC20STANCOLO-STAN,2,600,2025-12-21T02:07:09+00:00,PRIMARY_GRID,True,,PRE_80,HISTORICAL_RECONSTRUCT,NONE,,35,,,35,33,INSUFFICIENT_SAMPLE,NO_ENTRY_IN_FITTED_SPACE,,,,95% CI — weighted bootstrap,25,,,,,0.30434782608695654,UNAVAILABLE,NOT_APPLICABLE,20,20,VALUE,False,False,,,,False,UNAVAILABLE,False
NCAAB_H2_1_AUSTIN_TRANSFER_V1,DISCOVERY,64311a04bfd02c27,NCAAB_20251220_STAN_COLO,KXNCAAMBGAME-25DEC20STANCOLO-STAN,2,480,2025-12-21T02:07:09+00:00,PRIMARY_GRID,True,,PRE_80,HISTORICAL_RECONSTRUCT,NONE,,35,,,35,33,INSUFFICIENT_SAMPLE,NO_ENTRY_IN_FITTED_SPACE,,,,95% CI — weighted bootstrap,25,,,,,0.30434782608695654,UNAVAILABLE,NOT_APPLICABLE,20,20,VALUE,False,False,,,,False,UNAVAILABLE,False
NCAAB_H2_1_AUSTIN_TRANSFER_V1,DISCOVERY,64311a04bfd02c27,NCAAB_20251220_STAN_COLO,KXNCAAMBGAME-25DEC20STANCOLO-STAN,2,360,2025-12-21T02:44:08+00:00,PRIMARY_GRID,True,,POST_80,HISTORICAL_RECONSTRUCT,ASKED_SIX_FIRST80,80,97,17,332,49,65,OBSERVED,,20.000000000000004,20.0,20.0,95% CI — weighted bootstrap,25,25,24.46764614189835,0.7128789472919219,0.6753174763859455,0.9855072463768116,OBSERVED,VALUE,20,,NOT_APPLICABLE,True,True,20.000000000000004,20.000000000000004,0.0,False,UNAVAILABLE,False
NCAAB_H2_1_AUSTIN_TRANSFER_V1,DISCOVERY,64311a04bfd02c27,NCAAB_20251220_STAN_COLO,KXNCAAMBGAME-25DEC20STANCOLO-STAN,2,240,2025-12-21T02:07:09+00:00,PRIMARY_GRID,True,,PRE_80,HISTORICAL_RECONSTRUCT,NONE,,35,,,35,33,INSUFFICIENT_SAMPLE,NO_ENTRY_IN_FITTED_SPACE,,,,95% CI — weighted bootstrap,25,,,,,0.30434782608695654,UNAVAILABLE,NOT_APPLICABLE,20,20,VALUE,False,False,20.000000000000004,,,False,UNAVAILABLE,False
NCAAB_H2_1_AUSTIN_TRANSFER_V1,DISCOVERY,64311a04bfd02c27,NCAAB_20251220_STAN_COLO,KXNCAAMBGAME-25DEC20STANCOLO-STAN,2,120,2025-12-21T02:07:09+00:00,PRIMARY_GRID,True,,PRE_80,HISTORICAL_RECONSTRUCT,NONE,,35,,,35,33,INSUFFICIENT_SAMPLE,NO_ENTRY_IN_FITTED_SPACE,,,,95% CI — weighted bootstrap,25,,,,,0.30434782608695654,UNAVAILABLE,NOT_APPLICABLE,20,20,VALUE,False,False,20.000000000000004,,,False,UNAVAILABLE,False
NCAAB_H2_1_AUSTIN_TRANSFER_V1,DISCOVERY,64311a04bfd02c27,NCAAB_20251220_STAN_COLO,KXNCAAMBGAME-25DEC20STANCOLO-STAN,2,0,2025-12-21T03:10:55+00:00,PRIMARY_GRID,True,,POST_80,HISTORICAL_RECONSTRUCT,ASKED_SIX_FIRST80,80,99,19,692,68,77,OBSERVED,,20.0,20.0,20.0,95% CI — weighted bootstrap,25,25,24.966676298139216,0.5863198224449917,0.5737935828171424,1.0,OBSERVED,VALUE,20,,NOT_APPLICABLE,True,True,20.000000000000004,20.0,-3.552713678800501e-15,False,UNAVAILABLE,False
NCAAB_H2_1_AUSTIN_TRANSFER_V1,DISCOVERY,64311a04bfd02c27,NCAAB_20251220_STAN_COLO,KXNCAAMBGAME-25DEC20STANCOLO-STAN,2,692,2025-12-21T02:28:00+00:00,DIAGNOSTIC_EVENT,False,,POST_80,HISTORICAL_RECONSTRUCT,ASKED_SIX_FIRST80,80,79,-1,0,43,50,OBSERVED,,-12.172589249666714,-32.0,4.0,95% CI — weighted bootstrap,25,25,19.560504030040214,0.4463571912427098,0.43006148296971786,0.7246376811594203,OBSERVED,VALUE,20,,NOT_APPLICABLE,True,True,20.000000000000004,-12.172589249666714,-32.172589249666714,False,UNAVAILABLE,False
NCAAB_H2_1_AUSTIN_TRANSFER_V1,DISCOVERY,94c301db7e3b7993,NCAAB_20251231_CLEM_SYR,KXNCAAMBGAME-25DEC31CLEMSYR-CLEM,1,1200,2025-12-31T19:05:48+00:00,PRE_ENTRY,False,PRE_ENTRY,PRE_80,HISTORICAL_RECONSTRUCT,ASKED_SIX_FIRST80,84,52,,,0,0,,,,,,,,,,,,,,UNAVAILABLE,,,,,,,,,False,UNAVAILABLE,False
NCAAB_H2_1_AUSTIN_TRANSFER_V1,DISCOVERY,94c301db7e3b7993,NCAAB_20251231_CLEM_SYR,KXNCAAMBGAME-25DEC31CLEMSYR-CLEM,1,1080,2025-12-31T19:05:48+00:00,PRE_ENTRY,False,PRE_ENTRY,PRE_80,HISTORICAL_RECONSTRUCT,ASKED_SIX_FIRST80,84,52,,,0,0,,,,,,,,,,,,,,UNAVAILABLE,,,,,,,,,False,UNAVAILABLE,False
NCAAB_H2_1_AUSTIN_TRANSFER_V1,DISCOVERY,94c301db7e3b7993,NCAAB_20251231_CLEM_SYR,KXNCAAMBGAME-25DEC31CLEMSYR-CLEM,1,960,2025-12-31T19:05:48+00:00,PRE_ENTRY,False,PRE_ENTRY,PRE_80,HISTORICAL_RECONSTRUCT,ASKED_SIX_FIRST80,84,52,,,0,0,,,,,,,,,,,,,,UNAVAILABLE,,,,,,,,,False,UNAVAILABLE,False
NCAAB_H2_1_AUSTIN_TRANSFER_V1,DISCOVERY,94c301db7e3b7993,NCAAB_20251231_CLEM_SYR,KXNCAAMBGAME-25DEC31CLEMSYR-CLEM,1,840,2025-12-31T19:05:48+00:00,PRE_ENTRY,False,PRE_ENTRY,PRE_80,HISTORICAL_RECONSTRUCT,ASKED_SIX_FIRST80,84,52,,,0,0,,,,,,,,,,,,,,UNAVAILABLE,,,,,,,,,False,UNAVAILABLE,False
NCAAB_H2_1_AUSTIN_TRANSFER_V1,DISCOVERY,94c301db7e3b7993,NCAAB_20251231_CLEM_SYR,KXNCAAMBGAME-25DEC31CLEMSYR-CLEM,1,720,2025-12-31T19:05:48+00:00,PRE_ENTRY,False,PRE_ENTRY,PRE_80,HISTORICAL_RECONSTRUCT,ASKED_SIX_FIRST80,84,52,,,0,0,,,,,,,,,,,,,,UNAVAILABLE,,,,,,,,,False,UNAVAILABLE,False
NCAAB_H2_1_AUSTIN_TRANSFER_V1,DISCOVERY,94c301db7e3b7993,NCAAB_20251231_CLEM_SYR,KXNCAAMBGAME-25DEC31CLEMSYR-CLEM,1,600,2025-12-31T19:05:48+00:00,PRE_ENTRY,False,PRE_ENTRY,PRE_80,HISTORICAL_RECONSTRUCT,ASKED_SIX_FIRST80,84,52,,,0,0,,,,,,,,,,,,,,UNAVAILABLE,,,,,,,,,False,UNAVAILABLE,False
NCAAB_H2_1_AUSTIN_TRANSFER_V1,DISCOVERY,94c301db7e3b7993,NCAAB_20251231_CLEM_SYR,KXNCAAMBGAME-25DEC31CLEMSYR-CLEM,1,480,2025-12-31T19:05:48+00:00,PRE_ENTRY,False,PRE_ENTRY,PRE_80,HISTORICAL_RECONSTRUCT,ASKED_SIX_FIRST80,84,52,,,0,0,,,,,,,,,,,,,,UNAVAILABLE,,,,,,,,,False,UNAVAILABLE,False
NCAAB_H2_1_AUSTIN_TRANSFER_V1,DISCOVERY,94c301db7e3b7993,NCAAB_20251231_CLEM_SYR,KXNCAAMBGAME-25DEC31CLEMSYR-CLEM,1,360,2025-12-31T19:05:48+00:00,PRE_ENTRY,False,PRE_ENTRY,PRE_80,HISTORICAL_RECONSTRUCT,ASKED_SIX_FIRST80,84,52,,,0,0,,,,,,,,,,,,,,UNAVAILABLE,,,,,,,,,False,UNAVAILABLE,False
NCAAB_H2_1_AUSTIN_TRANSFER_V1,DISCOVERY,94c301db7e3b7993,NCAAB_20251231_CLEM_SYR,KXNCAAMBGAME-25DEC31CLEMSYR-CLEM,1,240,2025-12-31T19:49:15+00:00,PRE_ENTRY,False,PRE_ENTRY,PRE_80,HISTORICAL_RECONSTRUCT,ASKED_SIX_FIRST80,84,50,,,26,25,,,,,,,,,,,,,,UNAVAILABLE,,,,,,,,,False,UNAVAILABLE,False
NCAAB_H2_1_AUSTIN_TRANSFER_V1,DISCOVERY,94c301db7e3b7993,NCAAB_20251231_CLEM_SYR,KXNCAAMBGAME-25DEC31CLEMSYR-CLEM,1,120,2025-12-31T19:05:48+00:00,PRE_ENTRY,False,PRE_ENTRY,PRE_80,HISTORICAL_RECONSTRUCT,ASKED_SIX_FIRST80,84,52,,,0,0,,,,,,,,,,,,,,UNAVAILABLE,,,,,,,,,False,UNAVAILABLE,False
NCAAB_H2_1_AUSTIN_TRANSFER_V1,DISCOVERY,94c301db7e3b7993,NCAAB_20251231_CLEM_SYR,KXNCAAMBGAME-25DEC31CLEMSYR-CLEM,1,0,2025-12-31T20:00:47+00:00,PRE_ENTRY,False,PRE_ENTRY,PRE_80,HISTORICAL_RECONSTRUCT,ASKED_SIX_FIRST80,84,56,,,28,29,,,,,,,,,,,,,,UNAVAILABLE,,,,,,,,,False,UNAVAILABLE,False
NCAAB_H2_1_AUSTIN_TRANSFER_V1,DISCOVERY,94c301db7e3b7993,NCAAB_20251231_CLEM_SYR,KXNCAAMBGAME-25DEC31CLEMSYR-CLEM,2,1200,2025-12-31T20:14:15+00:00,PRE_ENTRY,False,PRE_ENTRY,PRE_80,HISTORICAL_RECONSTRUCT,ASKED_SIX_FIRST80,84,55,,,28,29,,,,,,,,,,,,,,UNAVAILABLE,,,,,,,,,False,UNAVAILABLE,False
NCAAB_H2_1_AUSTIN_TRANSFER_V1,DISCOVERY,94c301db7e3b7993,NCAAB_20251231_CLEM_SYR,KXNCAAMBGAME-25DEC31CLEMSYR-CLEM,2,1080,2025-12-31T20:14:15+00:00,PRE_ENTRY,False,PRE_ENTRY,PRE_80,HISTORICAL_RECONSTRUCT,ASKED_SIX_FIRST80,84,55,,,28,29,,,,,,,,,,,,,,UNAVAILABLE,,,,,,,,,False,UNAVAILABLE,False
NCAAB_H2_1_AUSTIN_TRANSFER_V1,DISCOVERY,94c301db7e3b7993,NCAAB_20251231_CLEM_SYR,KXNCAAMBGAME-25DEC31CLEMSYR-CLEM,2,960,2025-12-31T20:14:15+00:00,PRE_ENTRY,False,PRE_ENTRY,PRE_80,HISTORICAL_RECONSTRUCT,ASKED_SIX_FIRST80,84,55,,,28,29,,,,,,,,,,,,,,UNAVAILABLE,,,,,,,,,False,UNAVAILABLE,False
NCAAB_H2_1_AUSTIN_TRANSFER_V1,DISCOVERY,94c301db7e3b7993,NCAAB_20251231_CLEM_SYR,KXNCAAMBGAME-25DEC31CLEMSYR-CLEM,2,840,2025-12-31T20:14:15+00:00,PRE_ENTRY,False,PRE_ENTRY,PRE_80,HISTORICAL_RECONSTRUCT,ASKED_SIX_FIRST80,84,55,,,28,29,,,,,,,,,,,,,,UNAVAILABLE,,,,,,,,,False,UNAVAILABLE,False
NCAAB_H2_1_AUSTIN_TRANSFER_V1,DISCOVERY,94c301db7e3b7993,NCAAB_20251231_CLEM_SYR,KXNCAAMBGAME-25DEC31CLEMSYR-CLEM,2,720,2025-12-31T20:14:15+00:00,PRIMARY_GRID,True,,PRE_80,HISTORICAL_RECONSTRUCT,NONE,,55,,,28,29,INSUFFICIENT_SAMPLE,NO_ENTRY_IN_FITTED_SPACE,,,,95% CI — weighted bootstrap,25,,,,,0.30434782608695654,UNAVAILABLE,NOT_APPLICABLE,20,20,VALUE,False,False,,,,False,UNAVAILABLE,False
NCAAB_H2_1_AUSTIN_TRANSFER_V1,DISCOVERY,94c301db7e3b7993,NCAAB_20251231_CLEM_SYR,KXNCAAMBGAME-25DEC31CLEMSYR-CLEM,2,600,2025-12-31T20:14:15+00:00,PRIMARY_GRID,True,,PRE_80,HISTORICAL_RECONSTRUCT,NONE,,55,,,28,29,INSUFFICIENT_SAMPLE,NO_ENTRY_IN_FITTED_SPACE,,,,95% CI — weighted bootstrap,25,,,,,0.30434782608695654,UNAVAILABLE,NOT_APPLICABLE,20,20,VALUE,False,False,,,,False,UNAVAILABLE,False
NCAAB_H2_1_AUSTIN_TRANSFER_V1,DISCOVERY,94c301db7e3b7993,NCAAB_20251231_CLEM_SYR,KXNCAAMBGAME-25DEC31CLEMSYR-CLEM,2,480,2025-12-31T20:14:15+00:00,PRIMARY_GRID,True,,PRE_80,HISTORICAL_RECONSTRUCT,NONE,,55,,,28,29,INSUFFICIENT_SAMPLE,NO_ENTRY_IN_FITTED_SPACE,,,,95% CI — weighted bootstrap,25,,,,,0.30434782608695654,UNAVAILABLE,NOT_APPLICABLE,20,20,VALUE,False,False,,,,False,UNAVAILABLE,False
NCAAB_H2_1_AUSTIN_TRANSFER_V1,DISCOVERY,94c301db7e3b7993,NCAAB_20251231_CLEM_SYR,KXNCAAMBGAME-25DEC31CLEMSYR-CLEM,2,360,2025-12-31T20:14:15+00:00,PRIMARY_GRID,True,,PRE_80,HISTORICAL_RECONSTRUCT,NONE,,55,,,28,29,INSUFFICIENT_SAMPLE,NO_ENTRY_IN_FITTED_SPACE,,,,95% CI — weighted bootstrap,25,,,,,0.30434782608695654,UNAVAILABLE,NOT_APPLICABLE,20,20,VALUE,False,False,,,,False,UNAVAILABLE,False
NCAAB_H2_1_AUSTIN_TRANSFER_V1,DISCOVERY,94c301db7e3b7993,NCAAB_20251231_CLEM_SYR,KXNCAAMBGAME-25DEC31CLEMSYR-CLEM,2,240,2025-12-31T20:14:15+00:00,PRIMARY_GRID,True,,PRE_80,HISTORICAL_RECONSTRUCT,NONE,,55,,,28,29,INSUFFICIENT_SAMPLE,NO_ENTRY_IN_FITTED_SPACE,,,,95% CI — weighted bootstrap,25,,,,,0.30434782608695654,UNAVAILABLE,NOT_APPLICABLE,20,20,VALUE,False,False,,,,False,UNAVAILABLE,False
NCAAB_H2_1_AUSTIN_TRANSFER_V1,DISCOVERY,94c301db7e3b7993,NCAAB_20251231_CLEM_SYR,KXNCAAMBGAME-25DEC31CLEMSYR-CLEM,2,120,2025-12-31T20:14:15+00:00,PRIMARY_GRID,True,,PRE_80,HISTORICAL_RECONSTRUCT,NONE,,55,,,28,29,INSUFFICIENT_SAMPLE,NO_ENTRY_IN_FITTED_SPACE,,,,95% CI — weighted bootstrap,25,,,,,0.30434782608695654,UNAVAILABLE,NOT_APPLICABLE,20,20,VALUE,False,False,,,,False,UNAVAILABLE,False
NCAAB_H2_1_AUSTIN_TRANSFER_V1,DISCOVERY,94c301db7e3b7993,NCAAB_20251231_CLEM_SYR,KXNCAAMBGAME-25DEC31CLEMSYR-CLEM,2,0,2025-12-31T21:26:11+00:00,PRIMARY_GRID,True,,POST_80,HISTORICAL_RECONSTRUCT,ASKED_SIX_FIRST80,84,99,15,800,61,64,OBSERVED,,19.999999999999996,20.0,20.0,95% CI — weighted bootstrap,25,25,24.761735445378307,0.9244884044433407,0.9631240762524107,1.0,OBSERVED,VALUE,20,,NOT_APPLICABLE,True,True,19.999999999999996,19.999999999999996,0.0,False,UNAVAILABLE,False
NCAAB_H2_1_AUSTIN_TRANSFER_V1,DISCOVERY,94c301db7e3b7993,NCAAB_20251231_CLEM_SYR,KXNCAAMBGAME-25DEC31CLEMSYR-CLEM,2,800,2025-12-31T20:36:00+00:00,DIAGNOSTIC_EVENT,False,,POST_80,HISTORICAL_RECONSTRUCT,ASKED_SIX_FIRST80,84,79,-5,0,33,43,OBSERVED,,11.818129677028258,0.0,20.0,95% CI — weighted bootstrap,25,25,24.90053501907323,1.0295654451178293,1.0176048507758702,0.7246376811594203,OBSERVED,VALUE,20,,NOT_APPLICABLE,True,True,19.999999999999996,11.818129677028258,-8.181870322971738,False,UNAVAILABLE,False
NCAAB_H2_1_AUSTIN_TRANSFER_V1,DISCOVERY,94c301db7e3b7993,NCAAB_20251231_CLEM_SYR,KXNCAAMBGAME-25DEC31CLEMSYR-CLEM,2,476,2025-12-31T20:58:00+00:00,DIAGNOSTIC_EVENT,False,,POST_80,HISTORICAL_RECONSTRUCT,ASKED_SIX_FIRST80,84,77,-7,324,45,49,OBSERVED,,-18.789425973678956,-40.0,0.0,95% CI — weighted bootstrap,25,25,21.284660987457826,0.9639628073512915,0.8420951130625234,0.9855072463768116,OBSERVED,VALUE,20,,NOT_APPLICABLE,True,True,19.999999999999996,-18.789425973678956,-38.78942597367895,False,UNAVAILABLE,False
NCAAB_H2_1_AUSTIN_TRANSFER_V1,DISCOVERY,94c301db7e3b7993,NCAAB_20251231_CLEM_SYR,KXNCAAMBGAME-25DEC31CLEMSYR-CLEM,2,476,2025-12-31T20:58:00+00:00,DIAGNOSTIC_EVENT,False,,POST_80,HISTORICAL_RECONSTRUCT,ASKED_SIX_FIRST80,84,77,-7,324,45,49,OBSERVED,,-18.789425973678956,-40.0,0.0,95% CI — weighted bootstrap,25,25,21.284660987457826,0.9639628073512915,0.8420951130625234,0.9855072463768116,OBSERVED,VALUE,20,,NOT_APPLICABLE,True,True,19.999999999999996,-18.789425973678956,-38.78942597367895,False,UNAVAILABLE,False
NCAAB_H2_1_AUSTIN_TRANSFER_V1,DISCOVERY,99448fa59c926dd8,NCAAB_20260102_ND_CAL,KXNCAAMBGAME-26JAN02NDCAL-CAL,1,1200,2026-01-03T04:07:33+00:00,PRE_ENTRY,False,PRE_ENTRY,PRE_80,HISTORICAL_RECONSTRUCT,ASKED_SIX_FIRST80,81,60,,,0,0,,,,,,,,,,,,,,UNAVAILABLE,,,,,,,,,False,UNAVAILABLE,False
NCAAB_H2_1_AUSTIN_TRANSFER_V1,DISCOVERY,99448fa59c926dd8,NCAAB_20260102_ND_CAL,KXNCAAMBGAME-26JAN02NDCAL-CAL,1,1080,2026-01-03T04:07:33+00:00,PRE_ENTRY,False,PRE_ENTRY,PRE_80,HISTORICAL_RECONSTRUCT,ASKED_SIX_FIRST80,81,60,,,0,0,,,,,,,,,,,,,,UNAVAILABLE,,,,,,,,,False,UNAVAILABLE,False
NCAAB_H2_1_AUSTIN_TRANSFER_V1,DISCOVERY,99448fa59c926dd8,NCAAB_20260102_ND_CAL,KXNCAAMBGAME-26JAN02NDCAL-CAL,1,960,2026-01-03T04:07:33+00:00,PRE_ENTRY,False,PRE_ENTRY,PRE_80,HISTORICAL_RECONSTRUCT,ASKED_SIX_FIRST80,81,60,,,0,0,,,,,,,,,,,,,,UNAVAILABLE,,,,,,,,,False,UNAVAILABLE,False
NCAAB_H2_1_AUSTIN_TRANSFER_V1,DISCOVERY,99448fa59c926dd8,NCAAB_20260102_ND_CAL,KXNCAAMBGAME-26JAN02NDCAL-CAL,1,840,2026-01-03T04:07:33+00:00,PRE_ENTRY,False,PRE_ENTRY,PRE_80,HISTORICAL_RECONSTRUCT,ASKED_SIX_FIRST80,81,60,,,0,0,,,,,,,,,,,,,,UNAVAILABLE,,,,,,,,,False,UNAVAILABLE,False
NCAAB_H2_1_AUSTIN_TRANSFER_V1,DISCOVERY,99448fa59c926dd8,NCAAB_20260102_ND_CAL,KXNCAAMBGAME-26JAN02NDCAL-CAL,1,720,2026-01-03T04:07:33+00:00,PRE_ENTRY,False,PRE_ENTRY,PRE_80,HISTORICAL_RECONSTRUCT,ASKED_SIX_FIRST80,81,60,,,0,0,,,,,,,,,,,,,,UNAVAILABLE,,,,,,,,,False,UNAVAILABLE,False
NCAAB_H2_1_AUSTIN_TRANSFER_V1,DISCOVERY,99448fa59c926dd8,NCAAB_20260102_ND_CAL,KXNCAAMBGAME-26JAN02NDCAL-CAL,1,600,2026-01-03T04:07:33+00:00,PRE_ENTRY,False,PRE_ENTRY,PRE_80,HISTORICAL_RECONSTRUCT,ASKED_SIX_FIRST80,81,60,,,0,0,,,,,,,,,,,,,,UNAVAILABLE,,,,,,,,,False,UNAVAILABLE,False
NCAAB_H2_1_AUSTIN_TRANSFER_V1,DISCOVERY,99448fa59c926dd8,NCAAB_20260102_ND_CAL,KXNCAAMBGAME-26JAN02NDCAL-CAL,1,480,2026-01-03T04:07:33+00:00,PRE_ENTRY,False,PRE_ENTRY,PRE_80,HISTORICAL_RECONSTRUCT,ASKED_SIX_FIRST80,81,60,,,0,0,,,,,,,,,,,,,,UNAVAILABLE,,,,,,,,,False,UNAVAILABLE,False
NCAAB_H2_1_AUSTIN_TRANSFER_V1,DISCOVERY,99448fa59c926dd8,NCAAB_20260102_ND_CAL,KXNCAAMBGAME-26JAN02NDCAL-CAL,1,360,2026-01-03T04:07:33+00:00,PRE_ENTRY,False,PRE_ENTRY,PRE_80,HISTORICAL_RECONSTRUCT,ASKED_SIX_FIRST80,81,60,,,0,0,,,,,,,,,,,,,,UNAVAILABLE,,,,,,,,,False,UNAVAILABLE,False
NCAAB_H2_1_AUSTIN_TRANSFER_V1,DISCOVERY,99448fa59c926dd8,NCAAB_20260102_ND_CAL,KXNCAAMBGAME-26JAN02NDCAL-CAL,1,240,2026-01-03T04:07:33+00:00,PRE_ENTRY,False,PRE_ENTRY,PRE_80,HISTORICAL_RECONSTRUCT,ASKED_SIX_FIRST80,81,60,,,0,0,,,,,,,,,,,,,,UNAVAILABLE,,,,,,,,,False,UNAVAILABLE,False
NCAAB_H2_1_AUSTIN_TRANSFER_V1,DISCOVERY,99448fa59c926dd8,NCAAB_20260102_ND_CAL,KXNCAAMBGAME-26JAN02NDCAL-CAL,1,120,2026-01-03T04:07:33+00:00,PRE_ENTRY,False,PRE_ENTRY,PRE_80,HISTORICAL_RECONSTRUCT,ASKED_SIX_FIRST80,81,60,,,0,0,,,,,,,,,,,,,,UNAVAILABLE,,,,,,,,,False,UNAVAILABLE,False
NCAAB_H2_1_AUSTIN_TRANSFER_V1,DISCOVERY,99448fa59c926dd8,NCAAB_20260102_ND_CAL,KXNCAAMBGAME-26JAN02NDCAL-CAL,1,0,2026-01-03T04:56:39+00:00,PRE_ENTRY,False,PRE_ENTRY,PRE_80,HISTORICAL_RECONSTRUCT,ASKED_SIX_FIRST80,81,36,,,27,31,,,,,,,,,,,,,,UNAVAILABLE,,,,,,,,,False,UNAVAILABLE,False
NCAAB_H2_1_AUSTIN_TRANSFER_V1,DISCOVERY,99448fa59c926dd8,NCAAB_20260102_ND_CAL,KXNCAAMBGAME-26JAN02NDCAL-CAL,2,1200,2026-01-03T05:14:47+00:00,PRE_ENTRY,False,PRE_ENTRY,PRE_80,HISTORICAL_RECONSTRUCT,ASKED_SIX_FIRST80,81,56,,,27,31,,,,,,,,,,,,,,UNAVAILABLE,,,,,,,,,False,UNAVAILABLE,False
NCAAB_H2_1_AUSTIN_TRANSFER_V1,DISCOVERY,99448fa59c926dd8,NCAAB_20260102_ND_CAL,KXNCAAMBGAME-26JAN02NDCAL-CAL,2,1080,2026-01-03T05:13:24+00:00,PRE_ENTRY,False,PRE_ENTRY,PRE_80,HISTORICAL_RECONSTRUCT,ASKED_SIX_FIRST80,81,52,,,29,31,,,,,,,,,,,,,,UNAVAILABLE,,,,,,,,,False,UNAVAILABLE,False
NCAAB_H2_1_AUSTIN_TRANSFER_V1,DISCOVERY,99448fa59c926dd8,NCAAB_20260102_ND_CAL,KXNCAAMBGAME-26JAN02NDCAL-CAL,2,960,2026-01-03T05:13:24+00:00,PRE_ENTRY,False,PRE_ENTRY,PRE_80,HISTORICAL_RECONSTRUCT,ASKED_SIX_FIRST80,81,52,,,29,31,,,,,,,,,,,,,,UNAVAILABLE,,,,,,,,,False,UNAVAILABLE,False
NCAAB_H2_1_AUSTIN_TRANSFER_V1,DISCOVERY,99448fa59c926dd8,NCAAB_20260102_ND_CAL,KXNCAAMBGAME-26JAN02NDCAL-CAL,2,840,2026-01-03T05:13:24+00:00,PRE_ENTRY,False,PRE_ENTRY,PRE_80,HISTORICAL_RECONSTRUCT,ASKED_SIX_FIRST80,81,52,,,29,31,,,,,,,,,,,,,,UNAVAILABLE,,,,,,,,,False,UNAVAILABLE,False
NCAAB_H2_1_AUSTIN_TRANSFER_V1,DISCOVERY,99448fa59c926dd8,NCAAB_20260102_ND_CAL,KXNCAAMBGAME-26JAN02NDCAL-CAL,2,720,2026-01-03T05:13:24+00:00,PRE_ENTRY,False,PRE_ENTRY,PRE_80,HISTORICAL_RECONSTRUCT,ASKED_SIX_FIRST80,81,52,,,29,31,,,,,,,,,,,,,,UNAVAILABLE,,,,,,,,,False,UNAVAILABLE,False
NCAAB_H2_1_AUSTIN_TRANSFER_V1,DISCOVERY,99448fa59c926dd8,NCAAB_20260102_ND_CAL,KXNCAAMBGAME-26JAN02NDCAL-CAL,2,600,2026-01-03T05:13:24+00:00,PRIMARY_GRID,True,,PRE_80,HISTORICAL_RECONSTRUCT,NONE,,52,,,29,31,INSUFFICIENT_SAMPLE,NO_ENTRY_IN_FITTED_SPACE,,,,95% CI — weighted bootstrap,25,,,,,0.30434782608695654,UNAVAILABLE,NOT_APPLICABLE,20,20,VALUE,False,False,,,,False,UNAVAILABLE,False
NCAAB_H2_1_AUSTIN_TRANSFER_V1,DISCOVERY,99448fa59c926dd8,NCAAB_20260102_ND_CAL,KXNCAAMBGAME-26JAN02NDCAL-CAL,2,480,2026-01-03T05:46:06+00:00,PRIMARY_GRID,True,,POST_80,HISTORICAL_RECONSTRUCT,ASKED_SIX_FIRST80,81,73,-8,190,57,52,OBSERVED,,19.999999999999996,20.0,20.0,95% CI — weighted bootstrap,25,25,24.11446928919318,0.6499337512540944,0.6118705794287387,0.9710144927536232,OBSERVED,VALUE,20,,NOT_APPLICABLE,True,True,19.999999999999996,19.999999999999996,0.0,False,UNAVAILABLE,False
NCAAB_H2_1_AUSTIN_TRANSFER_V1,DISCOVERY,99448fa59c926dd8,NCAAB_20260102_ND_CAL,KXNCAAMBGAME-26JAN02NDCAL-CAL,2,360,2026-01-03T05:13:24+00:00,PRIMARY_GRID,True,,PRE_80,HISTORICAL_RECONSTRUCT,NONE,,52,,,29,31,INSUFFICIENT_SAMPLE,NO_ENTRY_IN_FITTED_SPACE,,,,95% CI — weighted bootstrap,25,,,,,0.30434782608695654,UNAVAILABLE,NOT_APPLICABLE,20,20,VALUE,False,False,19.999999999999996,,,False,UNAVAILABLE,False
NCAAB_H2_1_AUSTIN_TRANSFER_V1,DISCOVERY,99448fa59c926dd8,NCAAB_20260102_ND_CAL,KXNCAAMBGAME-26JAN02NDCAL-CAL,2,240,2026-01-03T05:13:24+00:00,PRIMARY_GRID,True,,PRE_80,HISTORICAL_RECONSTRUCT,NONE,,52,,,29,31,INSUFFICIENT_SAMPLE,NO_ENTRY_IN_FITTED_SPACE,,,,95% CI — weighted bootstrap,25,,,,,0.30434782608695654,UNAVAILABLE,NOT_APPLICABLE,20,20,VALUE,False,False,19.999999999999996,,,False,UNAVAILABLE,False
NCAAB_H2_1_AUSTIN_TRANSFER_V1,DISCOVERY,99448fa59c926dd8,NCAAB_20260102_ND_CAL,KXNCAAMBGAME-26JAN02NDCAL-CAL,2,120,2026-01-03T05:13:24+00:00,PRIMARY_GRID,True,,PRE_80,HISTORICAL_RECONSTRUCT,NONE,,52,,,29,31,INSUFFICIENT_SAMPLE,NO_ENTRY_IN_FITTED_SPACE,,,,95% CI — weighted bootstrap,25,,,,,0.30434782608695654,UNAVAILABLE,NOT_APPLICABLE,20,20,VALUE,False,False,19.999999999999996,,,False,UNAVAILABLE,False
NCAAB_H2_1_AUSTIN_TRANSFER_V1,DISCOVERY,99448fa59c926dd8,NCAAB_20260102_ND_CAL,KXNCAAMBGAME-26JAN02NDCAL-CAL,2,0,2026-01-03T06:17:35+00:00,PRIMARY_GRID,True,,POST_80,HISTORICAL_RECONSTRUCT,ASKED_SIX_FIRST80,81,78,-3,670,72,71,OBSERVED,,-50.65748215338146,-68.0,-32.0,95% CI — weighted bootstrap,25,25,24.45763083675195,0.5467698297779812,0.5664004009343052,1.0,OBSERVED,VALUE,20,,NOT_APPLICABLE,True,True,19.999999999999996,-50.65748215338146,-70.65748215338145,False,UNAVAILABLE,False
NCAAB_H2_1_AUSTIN_TRANSFER_V1,DISCOVERY,99448fa59c926dd8,NCAAB_20260102_ND_CAL,KXNCAAMBGAME-26JAN02NDCAL-CAL,2,670,2026-01-03T05:36:00+00:00,DIAGNOSTIC_EVENT,False,,POST_80,HISTORICAL_RECONSTRUCT,ASKED_SIX_FIRST80,81,68,-13,0,49,44,OBSERVED,,2.9529102911474516,-12.0,16.0,95% CI — weighted bootstrap,25,25,20.711428512594587,0.6993042438663936,0.6642985680165251,0.7246376811594203,OBSERVED,VALUE,20,,NOT_APPLICABLE,True,True,19.999999999999996,2.9529102911474516,-17.047089708852546,False,UNAVAILABLE,False
NCAAB_H2_1_AUSTIN_TRANSFER_V1,DISCOVERY,99448fa59c926dd8,NCAAB_20260102_ND_CAL,KXNCAAMBGAME-26JAN02NDCAL-CAL,2,261,2026-01-03T05:57:00+00:00,DIAGNOSTIC_EVENT,False,,POST_80,HISTORICAL_RECONSTRUCT,ASKED_SIX_FIRST80,81,84,3,409,63,62,OBSERVED,,13.361321133701797,0.0,20.0,95% CI — weighted bootstrap,25,25,24.158235866139325,0.5806514964644466,0.5597079125188782,0.9855072463768116,OBSERVED,VALUE,20,,NOT_APPLICABLE,True,True,19.999999999999996,13.361321133701797,-6.6386788662982,False,UNAVAILABLE,False
NCAAB_H2_1_AUSTIN_TRANSFER_V1,DISCOVERY,99448fa59c926dd8,NCAAB_20260102_ND_CAL,KXNCAAMBGAME-26JAN02NDCAL-CAL,2,238,2026-01-03T06:01:00+00:00,DIAGNOSTIC_EVENT,False,,POST_80,HISTORICAL_RECONSTRUCT,ASKED_SIX_FIRST80,81,68,-13,432,63,62,OBSERVED,,-22.769629940792967,-44.0,-4.0,95% CI — weighted bootstrap,25,25,22.845843969007582,0.6844768796363545,0.6283214400058309,0.9855072463768116,OBSERVED,VALUE,20,,NOT_APPLICABLE,True,True,19.999999999999996,-22.769629940792967,-42.76962994079297,False,UNAVAILABLE,False
NCAAB_H2_1_AUSTIN_TRANSFER_V1,DISCOVERY,99448fa59c926dd8,NCAAB_20260102_ND_CAL,KXNCAAMBGAME-26JAN02NDCAL-CAL,2,169,2026-01-03T06:02:00+00:00,DIAGNOSTIC_EVENT,False,,POST_80,HISTORICAL_RECONSTRUCT,ASKED_SIX_FIRST80,81,60,-21,501,63,65,OBSERVED,,-6.101133665081588,-24.0,12.0,95% CI — weighted bootstrap,25,25,23.27605053470478,0.8856614801240198,0.8417324164477883,0.9855072463768116,OBSERVED,VALUE,20,,NOT_APPLICABLE,True,True,19.999999999999996,-6.101133665081588,-26.101133665081584,False,UNAVAILABLE,False
NCAAB_H2_1_AUSTIN_TRANSFER_V1,DISCOVERY,99448fa59c926dd8,NCAAB_20260102_ND_CAL,KXNCAAMBGAME-26JAN02NDCAL-CAL,2,169,2026-01-03T06:02:00+00:00,DIAGNOSTIC_EVENT,False,,POST_80,HISTORICAL_RECONSTRUCT,ASKED_SIX_FIRST80,81,60,-21,501,63,65,OBSERVED,,-6.101133665081588,-24.0,12.0,95% CI — weighted bootstrap,25,25,23.27605053470478,0.8856614801240198,0.8417324164477883,0.9855072463768116,OBSERVED,VALUE,20,,NOT_APPLICABLE,True,True,19.999999999999996,-6.101133665081588,-26.101133665081584,False,UNAVAILABLE,False
NCAAB_H2_1_AUSTIN_TRANSFER_V1,DISCOVERY,99448fa59c926dd8,NCAAB_20260102_ND_CAL,KXNCAAMBGAME-26JAN02NDCAL-CAL,2,158,2026-01-03T06:03:00+00:00,DIAGNOSTIC_EVENT,False,,POST_80,HISTORICAL_RECONSTRUCT,ASKED_SIX_FIRST80,81,42,-39,512,63,65,OBSERVED,,-34.681646714215276,-56.0,-16.0,95% CI — weighted bootstrap,25,25,24.78014064854832,1.0738201339188849,1.0612040635416764,0.9855072463768116,OBSERVED,VALUE,20,,NOT_APPLICABLE,True,True,19.999999999999996,-34.681646714215276,-54.681646714215276,False,UNAVAILABLE,False
NCAAB_H2_1_AUSTIN_TRANSFER_V1,DISCOVERY,99448fa59c926dd8,NCAAB_20260102_ND_CAL,KXNCAAMBGAME-26JAN02NDCAL-CAL,2,158,2026-01-03T06:03:00+00:00,DIAGNOSTIC_EVENT,False,,POST_80,HISTORICAL_RECONSTRUCT,ASKED_SIX_FIRST80,81,42,-39,512,63,65,OBSERVED,,-34.681646714215276,-56.0,-16.0,95% CI — weighted bootstrap,25,25,24.78014064854832,1.0738201339188849,1.0612040635416764,0.9855072463768116,OBSERVED,VALUE,20,,NOT_APPLICABLE,True,True,19.999999999999996,-34.681646714215276,-54.681646714215276,False,UNAVAILABLE,False
NCAAB_H2_1_AUSTIN_TRANSFER_V1,DISCOVERY,0ad759256ffcbe8b,NCAAB_20260103_CLEM_PITT,KXNCAAMBGAME-26JAN03CLEMPITT-CLEM,1,1200,2026-01-03T17:06:35+00:00,PRE_ENTRY,False,PRE_ENTRY,PRE_80,HISTORICAL_RECONSTRUCT,ASKED_SIX_FIRST80,81,65,,,0,0,,,,,,,,,,,,,,UNAVAILABLE,,,,,,,,,False,UNAVAILABLE,False
NCAAB_H2_1_AUSTIN_TRANSFER_V1,DISCOVERY,0ad759256ffcbe8b,NCAAB_20260103_CLEM_PITT,KXNCAAMBGAME-26JAN03CLEMPITT-CLEM,1,1080,2026-01-03T17:06:35+00:00,PRE_ENTRY,False,PRE_ENTRY,PRE_80,HISTORICAL_RECONSTRUCT,ASKED_SIX_FIRST80,81,65,,,0,0,,,,,,,,,,,,,,UNAVAILABLE,,,,,,,,,False,UNAVAILABLE,False
NCAAB_H2_1_AUSTIN_TRANSFER_V1,DISCOVERY,0ad759256ffcbe8b,NCAAB_20260103_CLEM_PITT,KXNCAAMBGAME-26JAN03CLEMPITT-CLEM,1,960,2026-01-03T17:06:35+00:00,PRE_ENTRY,False,PRE_ENTRY,PRE_80,HISTORICAL_RECONSTRUCT,ASKED_SIX_FIRST80,81,65,,,0,0,,,,,,,,,,,,,,UNAVAILABLE,,,,,,,,,False,UNAVAILABLE,False
NCAAB_H2_1_AUSTIN_TRANSFER_V1,DISCOVERY,0ad759256ffcbe8b,NCAAB_20260103_CLEM_PITT,KXNCAAMBGAME-26JAN03CLEMPITT-CLEM,1,840,2026-01-03T17:06:35+00:00,PRE_ENTRY,False,PRE_ENTRY,PRE_80,HISTORICAL_RECONSTRUCT,ASKED_SIX_FIRST80,81,65,,,0,0,,,,,,,,,,,,,,UNAVAILABLE,,,,,,,,,False,UNAVAILABLE,False
NCAAB_H2_1_AUSTIN_TRANSFER_V1,DISCOVERY,0ad759256ffcbe8b,NCAAB_20260103_CLEM_PITT,KXNCAAMBGAME-26JAN03CLEMPITT-CLEM,1,720,2026-01-03T17:06:35+00:00,PRE_ENTRY,False,PRE_ENTRY,PRE_80,HISTORICAL_RECONSTRUCT,ASKED_SIX_FIRST80,81,65,,,0,0,,,,,,,,,,,,,,UNAVAILABLE,,,,,,,,,False,UNAVAILABLE,False
NCAAB_H2_1_AUSTIN_TRANSFER_V1,DISCOVERY,0ad759256ffcbe8b,NCAAB_20260103_CLEM_PITT,KXNCAAMBGAME-26JAN03CLEMPITT-CLEM,1,600,2026-01-03T17:06:35+00:00,PRE_ENTRY,False,PRE_ENTRY,PRE_80,HISTORICAL_RECONSTRUCT,ASKED_SIX_FIRST80,81,65,,,0,0,,,,,,,,,,,,,,UNAVAILABLE,,,,,,,,,False,UNAVAILABLE,False
NCAAB_H2_1_AUSTIN_TRANSFER_V1,DISCOVERY,0ad759256ffcbe8b,NCAAB_20260103_CLEM_PITT,KXNCAAMBGAME-26JAN03CLEMPITT-CLEM,1,480,2026-01-03T17:06:35+00:00,PRE_ENTRY,False,PRE_ENTRY,PRE_80,HISTORICAL_RECONSTRUCT,ASKED_SIX_FIRST80,81,65,,,0,0,,,,,,,,,,,,,,UNAVAILABLE,,,,,,,,,False,UNAVAILABLE,False
NCAAB_H2_1_AUSTIN_TRANSFER_V1,DISCOVERY,0ad759256ffcbe8b,NCAAB_20260103_CLEM_PITT,KXNCAAMBGAME-26JAN03CLEMPITT-CLEM,1,360,2026-01-03T17:06:35+00:00,PRE_ENTRY,False,PRE_ENTRY,PRE_80,HISTORICAL_RECONSTRUCT,ASKED_SIX_FIRST80,81,65,,,0,0,,,,,,,,,,,,,,UNAVAILABLE,,,,,,,,,False,UNAVAILABLE,False
NCAAB_H2_1_AUSTIN_TRANSFER_V1,DISCOVERY,0ad759256ffcbe8b,NCAAB_20260103_CLEM_PITT,KXNCAAMBGAME-26JAN03CLEMPITT-CLEM,1,240,2026-01-03T17:06:35+00:00,PRE_ENTRY,False,PRE_ENTRY,PRE_80,HISTORICAL_RECONSTRUCT,ASKED_SIX_FIRST80,81,65,,,0,0,,,,,,,,,,,,,,UNAVAILABLE,,,,,,,,,False,UNAVAILABLE,False
NCAAB_H2_1_AUSTIN_TRANSFER_V1,DISCOVERY,0ad759256ffcbe8b,NCAAB_20260103_CLEM_PITT,KXNCAAMBGAME-26JAN03CLEMPITT-CLEM,1,120,2026-01-03T17:06:35+00:00,PRE_ENTRY,False,PRE_ENTRY,PRE_80,HISTORICAL_RECONSTRUCT,ASKED_SIX_FIRST80,81,65,,,0,0,,,,,,,,,,,,,,UNAVAILABLE,,,,,,,,,False,UNAVAILABLE,False
NCAAB_H2_1_AUSTIN_TRANSFER_V1,DISCOVERY,0ad759256ffcbe8b,NCAAB_20260103_CLEM_PITT,KXNCAAMBGAME-26JAN03CLEMPITT-CLEM,1,0,2026-01-03T17:59:28+00:00,PRE_ENTRY,False,PRE_ENTRY,PRE_80,HISTORICAL_RECONSTRUCT,ASKED_SIX_FIRST80,81,68,,,35,34,,,,,,,,,,,,,,UNAVAILABLE,,,,,,,,,False,UNAVAILABLE,False
NCAAB_H2_1_AUSTIN_TRANSFER_V1,DISCOVERY,0ad759256ffcbe8b,NCAAB_20260103_CLEM_PITT,KXNCAAMBGAME-26JAN03CLEMPITT-CLEM,2,1200,2026-01-03T18:15:06+00:00,PRE_ENTRY,False,PRE_ENTRY,PRE_80,HISTORICAL_RECONSTRUCT,ASKED_SIX_FIRST80,81,60,,,35,34,,,,,,,,,,,,,,UNAVAILABLE,,,,,,,,,False,UNAVAILABLE,False
NCAAB_H2_1_AUSTIN_TRANSFER_V1,DISCOVERY,0ad759256ffcbe8b,NCAAB_20260103_CLEM_PITT,KXNCAAMBGAME-26JAN03CLEMPITT-CLEM,2,1080,2026-01-03T18:15:06+00:00,PRE_ENTRY,False,PRE_ENTRY,PRE_80,HISTORICAL_RECONSTRUCT,ASKED_SIX_FIRST80,81,60,,,35,34,,,,,,,,,,,,,,UNAVAILABLE,,,,,,,,,False,UNAVAILABLE,False
NCAAB_H2_1_AUSTIN_TRANSFER_V1,DISCOVERY,0ad759256ffcbe8b,NCAAB_20260103_CLEM_PITT,KXNCAAMBGAME-26JAN03CLEMPITT-CLEM,2,960,2026-01-03T18:15:06+00:00,PRE_ENTRY,False,PRE_ENTRY,PRE_80,HISTORICAL_RECONSTRUCT,ASKED_SIX_FIRST80,81,60,,,35,34,,,,,,,,,,,,,,UNAVAILABLE,,,,,,,,,False,UNAVAILABLE,False
NCAAB_H2_1_AUSTIN_TRANSFER_V1,DISCOVERY,0ad759256ffcbe8b,NCAAB_20260103_CLEM_PITT,KXNCAAMBGAME-26JAN03CLEMPITT-CLEM,2,840,2026-01-03T18:15:06+00:00,PRIMARY_GRID,True,,PRE_80,HISTORICAL_RECONSTRUCT,NONE,,60,,,35,34,INSUFFICIENT_SAMPLE,NO_ENTRY_IN_FITTED_SPACE,,,,95% CI — weighted bootstrap,25,,,,,0.30434782608695654,UNAVAILABLE,NOT_APPLICABLE,20,20,VALUE,False,False,,,,False,UNAVAILABLE,False
NCAAB_H2_1_AUSTIN_TRANSFER_V1,DISCOVERY,0ad759256ffcbe8b,NCAAB_20260103_CLEM_PITT,KXNCAAMBGAME-26JAN03CLEMPITT-CLEM,2,720,2026-01-03T18:15:06+00:00,PRIMARY_GRID,True,,PRE_80,HISTORICAL_RECONSTRUCT,NONE,,60,,,35,34,INSUFFICIENT_SAMPLE,NO_ENTRY_IN_FITTED_SPACE,,,,95% CI — weighted bootstrap,25,,,,,0.30434782608695654,UNAVAILABLE,NOT_APPLICABLE,20,20,VALUE,False,False,,,,False,UNAVAILABLE,False
NCAAB_H2_1_AUSTIN_TRANSFER_V1,DISCOVERY,0ad759256ffcbe8b,NCAAB_20260103_CLEM_PITT,KXNCAAMBGAME-26JAN03CLEMPITT-CLEM,2,600,2026-01-03T18:43:18+00:00,PRIMARY_GRID,True,,POST_80,HISTORICAL_RECONSTRUCT,ASKED_SIX_FIRST80,81,66,-15,268,52,53,OBSERVED,,-34.030770797042045,-52.0,-15.900000000000091,95% CI — weighted bootstrap,25,25,23.037841711929865,0.577778561194355,0.5962790790662972,0.9710144927536232,OBSERVED,VALUE,20,,NOT_APPLICABLE,True,True,-34.030770797042045,-34.030770797042045,0.0,False,UNAVAILABLE,False
NCAAB_H2_1_AUSTIN_TRANSFER_V1,DISCOVERY,0ad759256ffcbe8b,NCAAB_20260103_CLEM_PITT,KXNCAAMBGAME-26JAN03CLEMPITT-CLEM,2,480,2026-01-03T18:15:06+00:00,PRIMARY_GRID,True,,PRE_80,HISTORICAL_RECONSTRUCT,NONE,,60,,,35,34,INSUFFICIENT_SAMPLE,NO_ENTRY_IN_FITTED_SPACE,,,,95% CI — weighted bootstrap,25,,,,,0.30434782608695654,UNAVAILABLE,NOT_APPLICABLE,20,20,VALUE,False,False,-34.030770797042045,,,False,UNAVAILABLE,False
NCAAB_H2_1_AUSTIN_TRANSFER_V1,DISCOVERY,0ad759256ffcbe8b,NCAAB_20260103_CLEM_PITT,KXNCAAMBGAME-26JAN03CLEMPITT-CLEM,2,360,2026-01-03T18:52:15+00:00,PRIMARY_GRID,True,,POST_80,HISTORICAL_RECONSTRUCT,ASKED_SIX_FIRST80,81,64,-17,508,58,62,OBSERVED,,-9.242371039577835,-28.0,8.0,95% CI — weighted bootstrap,25,25,24.26064512050641,0.5820354511741888,0.569472010931574,0.9855072463768116,OBSERVED,VALUE,20,,NOT_APPLICABLE,True,True,-34.030770797042045,-9.242371039577835,24.788399757464212,False,UNAVAILABLE,False
NCAAB_H2_1_AUSTIN_TRANSFER_V1,DISCOVERY,0ad759256ffcbe8b,NCAAB_20260103_CLEM_PITT,KXNCAAMBGAME-26JAN03CLEMPITT-CLEM,2,240,2026-01-03T18:15:06+00:00,PRIMARY_GRID,True,,PRE_80,HISTORICAL_RECONSTRUCT,NONE,,60,,,35,34,INSUFFICIENT_SAMPLE,NO_ENTRY_IN_FITTED_SPACE,,,,95% CI — weighted bootstrap,25,,,,,0.30434782608695654,UNAVAILABLE,NOT_APPLICABLE,20,20,VALUE,False,False,-34.030770797042045,,,False,UNAVAILABLE,False
NCAAB_H2_1_AUSTIN_TRANSFER_V1,DISCOVERY,0ad759256ffcbe8b,NCAAB_20260103_CLEM_PITT,KXNCAAMBGAME-26JAN03CLEMPITT-CLEM,2,120,2026-01-03T18:15:06+00:00,PRIMARY_GRID,True,,PRE_80,HISTORICAL_RECONSTRUCT,NONE,,60,,,35,34,INSUFFICIENT_SAMPLE,NO_ENTRY_IN_FITTED_SPACE,,,,95% CI — weighted bootstrap,25,,,,,0.30434782608695654,UNAVAILABLE,NOT_APPLICABLE,20,20,VALUE,False,False,-34.030770797042045,,,False,UNAVAILABLE,False
NCAAB_H2_1_AUSTIN_TRANSFER_V1,DISCOVERY,0ad759256ffcbe8b,NCAAB_20260103_CLEM_PITT,KXNCAAMBGAME-26JAN03CLEMPITT-CLEM,2,0,2026-01-03T19:13:01+00:00,PRIMARY_GRID,True,,POST_80,HISTORICAL_RECONSTRUCT,ASKED_SIX_FIRST80,81,99,18,868,68,73,OBSERVED,,20.0,20.0,20.0,95% CI — weighted bootstrap,25,25,24.96998636891217,0.8907113063633324,0.9162219432475939,1.0,OBSERVED,VALUE,20,,NOT_APPLICABLE,True,True,-34.030770797042045,20.0,54.030770797042045,False,UNAVAILABLE,False
NCAAB_H2_1_AUSTIN_TRANSFER_V1,DISCOVERY,0ad759256ffcbe8b,NCAAB_20260103_CLEM_PITT,KXNCAAMBGAME-26JAN03CLEMPITT-CLEM,2,868,2026-01-03T18:30:00+00:00,DIAGNOSTIC_EVENT,False,,POST_80,HISTORICAL_RECONSTRUCT,ASKED_SIX_FIRST80,81,73,-8,0,39,45,OBSERVED,,-0.08152956826218405,-16.0,16.0,95% CI — weighted bootstrap,25,25,23.949232605201455,0.9237378491527427,0.8891064227465282,0.7246376811594203,OBSERVED,VALUE,20,,NOT_APPLICABLE,True,True,-34.030770797042045,-0.08152956826218405,33.94924122877986,False,UNAVAILABLE,False
NCAAB_H2_1_AUSTIN_TRANSFER_V1,DISCOVERY,0ad759256ffcbe8b,NCAAB_20260103_CLEM_PITT,KXNCAAMBGAME-26JAN03CLEMPITT-CLEM,2,674,2026-01-03T18:41:00+00:00,DIAGNOSTIC_EVENT,False,,POST_80,HISTORICAL_RECONSTRUCT,ASKED_SIX_FIRST80,81,81,0,194,47,51,OBSERVED,,4.590057361428078,-12.0,16.0,95% CI — weighted bootstrap,25,25,21.694274857997783,0.5511495089513927,0.5065586187589146,0.9710144927536232,OBSERVED,VALUE,20,,NOT_APPLICABLE,True,True,-34.030770797042045,4.590057361428078,38.620828158470125,False,UNAVAILABLE,False
NCAAB_H2_1_AUSTIN_TRANSFER_V1,DISCOVERY,0ad759256ffcbe8b,NCAAB_20260103_CLEM_PITT,KXNCAAMBGAME-26JAN03CLEMPITT-CLEM,2,584,2026-01-03T18:44:00+00:00,DIAGNOSTIC_EVENT,False,,POST_80,HISTORICAL_RECONSTRUCT,ASKED_SIX_FIRST80,81,66,-15,284,52,53,OBSERVED,,-34.5543967436251,-52.0,-16.0,95% CI — weighted bootstrap,25,25,23.44464082465946,0.5389453465974092,0.5902876297097129,0.9710144927536232,OBSERVED,VALUE,20,,NOT_APPLICABLE,True,True,-34.030770797042045,-34.5543967436251,-0.5236259465830528,False,UNAVAILABLE,False
NCAAB_H2_1_AUSTIN_TRANSFER_V1,DISCOVERY,0ad759256ffcbe8b,NCAAB_20260103_CLEM_PITT,KXNCAAMBGAME-26JAN03CLEMPITT-CLEM,2,543,2026-01-03T18:45:00+00:00,DIAGNOSTIC_EVENT,False,,POST_80,HISTORICAL_RECONSTRUCT,ASKED_SIX_FIRST80,81,57,-24,325,56,53,OBSERVED,,-30.268671170549762,-48.0,-12.0,95% CI — weighted bootstrap,25,25,22.537895578585374,0.6814360681638394,0.7054305660637762,0.9855072463768116,OBSERVED,VALUE,20,,NOT_APPLICABLE,True,True,-34.030770797042045,-30.268671170549762,3.762099626492283,False,UNAVAILABLE,False
NCAAB_H2_1_AUSTIN_TRANSFER_V1,DISCOVERY,51f1842c10eada58,NCAAB_20260103_BAY_TCU,KXNCAAMBGAME-26JAN03BAYTCU-TCU,1,1200,2026-01-03T19:07:54+00:00,PRE_ENTRY,False,PRE_ENTRY,PRE_80,HISTORICAL_RECONSTRUCT,ASKED_SIX_FIRST80,83,56,,,0,0,,,,,,,,,,,,,,UNAVAILABLE,,,,,,,,,False,UNAVAILABLE,False
NCAAB_H2_1_AUSTIN_TRANSFER_V1,DISCOVERY,51f1842c10eada58,NCAAB_20260103_BAY_TCU,KXNCAAMBGAME-26JAN03BAYTCU-TCU,1,1080,2026-01-03T19:07:54+00:00,PRE_ENTRY,False,PRE_ENTRY,PRE_80,HISTORICAL_RECONSTRUCT,ASKED_SIX_FIRST80,83,56,,,0,0,,,,,,,,,,,,,,UNAVAILABLE,,,,,,,,,False,UNAVAILABLE,False
NCAAB_H2_1_AUSTIN_TRANSFER_V1,DISCOVERY,51f1842c10eada58,NCAAB_20260103_BAY_TCU,KXNCAAMBGAME-26JAN03BAYTCU-TCU,1,960,2026-01-03T19:07:54+00:00,PRE_ENTRY,False,PRE_ENTRY,PRE_80,HISTORICAL_RECONSTRUCT,ASKED_SIX_FIRST80,83,56,,,0,0,,,,,,,,,,,,,,UNAVAILABLE,,,,,,,,,False,UNAVAILABLE,False
NCAAB_H2_1_AUSTIN_TRANSFER_V1,DISCOVERY,51f1842c10eada58,NCAAB_20260103_BAY_TCU,KXNCAAMBGAME-26JAN03BAYTCU-TCU,1,840,2026-01-03T19:07:54+00:00,PRE_ENTRY,False,PRE_ENTRY,PRE_80,HISTORICAL_RECONSTRUCT,ASKED_SIX_FIRST80,83,56,,,0,0,,,,,,,,,,,,,,UNAVAILABLE,,,,,,,,,False,UNAVAILABLE,False
NCAAB_H2_1_AUSTIN_TRANSFER_V1,DISCOVERY,51f1842c10eada58,NCAAB_20260103_BAY_TCU,KXNCAAMBGAME-26JAN03BAYTCU-TCU,1,720,2026-01-03T19:07:54+00:00,PRE_ENTRY,False,PRE_ENTRY,PRE_80,HISTORICAL_RECONSTRUCT,ASKED_SIX_FIRST80,83,56,,,0,0,,,,,,,,,,,,,,UNAVAILABLE,,,,,,,,,False,UNAVAILABLE,False
NCAAB_H2_1_AUSTIN_TRANSFER_V1,DISCOVERY,51f1842c10eada58,NCAAB_20260103_BAY_TCU,KXNCAAMBGAME-26JAN03BAYTCU-TCU,1,600,2026-01-03T19:07:54+00:00,PRE_ENTRY,False,PRE_ENTRY,PRE_80,HISTORICAL_RECONSTRUCT,ASKED_SIX_FIRST80,83,56,,,0,0,,,,,,,,,,,,,,UNAVAILABLE,,,,,,,,,False,UNAVAILABLE,False
NCAAB_H2_1_AUSTIN_TRANSFER_V1,DISCOVERY,51f1842c10eada58,NCAAB_20260103_BAY_TCU,KXNCAAMBGAME-26JAN03BAYTCU-TCU,1,480,2026-01-03T19:07:54+00:00,PRE_ENTRY,False,PRE_ENTRY,PRE_80,HISTORICAL_RECONSTRUCT,ASKED_SIX_FIRST80,83,56,,,0,0,,,,,,,,,,,,,,UNAVAILABLE,,,,,,,,,False,UNAVAILABLE,False
NCAAB_H2_1_AUSTIN_TRANSFER_V1,DISCOVERY,51f1842c10eada58,NCAAB_20260103_BAY_TCU,KXNCAAMBGAME-26JAN03BAYTCU-TCU,1,360,2026-01-03T19:07:54+00:00,PRE_ENTRY,False,PRE_ENTRY,PRE_80,HISTORICAL_RECONSTRUCT,ASKED_SIX_FIRST80,83,56,,,0,0,,,,,,,,,,,,,,UNAVAILABLE,,,,,,,,,False,UNAVAILABLE,False
NCAAB_H2_1_AUSTIN_TRANSFER_V1,DISCOVERY,51f1842c10eada58,NCAAB_20260103_BAY_TCU,KXNCAAMBGAME-26JAN03BAYTCU-TCU,1,240,2026-01-03T19:07:54+00:00,PRE_ENTRY,False,PRE_ENTRY,PRE_80,HISTORICAL_RECONSTRUCT,ASKED_SIX_FIRST80,83,56,,,0,0,,,,,,,,,,,,,,UNAVAILABLE,,,,,,,,,False,UNAVAILABLE,False
NCAAB_H2_1_AUSTIN_TRANSFER_V1,DISCOVERY,51f1842c10eada58,NCAAB_20260103_BAY_TCU,KXNCAAMBGAME-26JAN03BAYTCU-TCU,1,120,2026-01-03T19:07:54+00:00,PRE_ENTRY,False,PRE_ENTRY,PRE_80,HISTORICAL_RECONSTRUCT,ASKED_SIX_FIRST80,83,56,,,0,0,,,,,,,,,,,,,,UNAVAILABLE,,,,,,,,,False,UNAVAILABLE,False
NCAAB_H2_1_AUSTIN_TRANSFER_V1,DISCOVERY,51f1842c10eada58,NCAAB_20260103_BAY_TCU,KXNCAAMBGAME-26JAN03BAYTCU-TCU,1,0,2026-01-03T19:52:40+00:00,PRE_ENTRY,False,PRE_ENTRY,PRE_80,HISTORICAL_RECONSTRUCT,ASKED_SIX_FIRST80,83,73,,,29,23,,,,,,,,,,,,,,UNAVAILABLE,,,,,,,,,False,UNAVAILABLE,False
NCAAB_H2_1_AUSTIN_TRANSFER_V1,DISCOVERY,51f1842c10eada58,NCAAB_20260103_BAY_TCU,KXNCAAMBGAME-26JAN03BAYTCU-TCU,2,1200,2026-01-03T20:08:51+00:00,PRE_ENTRY,False,PRE_ENTRY,PRE_80,HISTORICAL_RECONSTRUCT,ASKED_SIX_FIRST80,83,74,,,29,23,,,,,,,,,,,,,,UNAVAILABLE,,,,,,,,,False,UNAVAILABLE,False
NCAAB_H2_1_AUSTIN_TRANSFER_V1,DISCOVERY,51f1842c10eada58,NCAAB_20260103_BAY_TCU,KXNCAAMBGAME-26JAN03BAYTCU-TCU,2,1080,2026-01-03T20:08:51+00:00,PRIMARY_GRID,True,,PRE_80,HISTORICAL_RECONSTRUCT,NONE,,74,,,29,23,INSUFFICIENT_SAMPLE,NO_ENTRY_IN_FITTED_SPACE,,,,95% CI — weighted bootstrap,25,,,,,0.30434782608695654,UNAVAILABLE,NOT_APPLICABLE,20,20,VALUE,False,False,,,,False,UNAVAILABLE,False
NCAAB_H2_1_AUSTIN_TRANSFER_V1,DISCOVERY,51f1842c10eada58,NCAAB_20260103_BAY_TCU,KXNCAAMBGAME-26JAN03BAYTCU-TCU,2,960,2026-01-03T20:08:51+00:00,PRIMARY_GRID,True,,PRE_80,HISTORICAL_RECONSTRUCT,NONE,,74,,,29,23,INSUFFICIENT_SAMPLE,NO_ENTRY_IN_FITTED_SPACE,,,,95% CI — weighted bootstrap,25,,,,,0.30434782608695654,UNAVAILABLE,NOT_APPLICABLE,20,20,VALUE,False,False,,,,False,UNAVAILABLE,False
NCAAB_H2_1_AUSTIN_TRANSFER_V1,DISCOVERY,51f1842c10eada58,NCAAB_20260103_BAY_TCU,KXNCAAMBGAME-26JAN03BAYTCU-TCU,2,840,2026-01-03T20:23:32+00:00,PRIMARY_GRID,True,,POST_80,HISTORICAL_RECONSTRUCT,ASKED_SIX_FIRST80,83,83,0,286,44,36,OBSERVED,,11.681717917464546,0.0,20.0,95% CI — weighted bootstrap,25,25,23.739041493412387,0.6891160867324563,0.6494031301166284,0.9710144927536232,OBSERVED,VALUE,20,,NOT_APPLICABLE,True,True,11.681717917464546,11.681717917464546,0.0,False,UNAVAILABLE,False
NCAAB_H2_1_AUSTIN_TRANSFER_V1,DISCOVERY,51f1842c10eada58,NCAAB_20260103_BAY_TCU,KXNCAAMBGAME-26JAN03BAYTCU-TCU,2,720,2026-01-03T20:08:51+00:00,PRIMARY_GRID,True,,PRE_80,HISTORICAL_RECONSTRUCT,NONE,,74,,,29,23,INSUFFICIENT_SAMPLE,NO_ENTRY_IN_FITTED_SPACE,,,,95% CI — weighted bootstrap,25,,,,,0.30434782608695654,UNAVAILABLE,NOT_APPLICABLE,20,20,VALUE,False,False,11.681717917464546,,,False,UNAVAILABLE,False
NCAAB_H2_1_AUSTIN_TRANSFER_V1,DISCOVERY,51f1842c10eada58,NCAAB_20260103_BAY_TCU,KXNCAAMBGAME-26JAN03BAYTCU-TCU,2,600,2026-01-03T20:08:51+00:00,PRIMARY_GRID,True,,PRE_80,HISTORICAL_RECONSTRUCT,NONE,,74,,,29,23,INSUFFICIENT_SAMPLE,NO_ENTRY_IN_FITTED_SPACE,,,,95% CI — weighted bootstrap,25,,,,,0.30434782608695654,UNAVAILABLE,NOT_APPLICABLE,20,20,VALUE,False,False,11.681717917464546,,,False,UNAVAILABLE,False
NCAAB_H2_1_AUSTIN_TRANSFER_V1,DISCOVERY,51f1842c10eada58,NCAAB_20260103_BAY_TCU,KXNCAAMBGAME-26JAN03BAYTCU-TCU,2,480,2026-01-03T20:08:51+00:00,PRIMARY_GRID,True,,PRE_80,HISTORICAL_RECONSTRUCT,NONE,,74,,,29,23,INSUFFICIENT_SAMPLE,NO_ENTRY_IN_FITTED_SPACE,,,,95% CI — weighted bootstrap,25,,,,,0.30434782608695654,UNAVAILABLE,NOT_APPLICABLE,20,20,VALUE,False,False,11.681717917464546,,,False,UNAVAILABLE,False
NCAAB_H2_1_AUSTIN_TRANSFER_V1,DISCOVERY,51f1842c10eada58,NCAAB_20260103_BAY_TCU,KXNCAAMBGAME-26JAN03BAYTCU-TCU,2,360,2026-01-03T20:08:51+00:00,PRIMARY_GRID,True,,PRE_80,HISTORICAL_RECONSTRUCT,NONE,,74,,,29,23,INSUFFICIENT_SAMPLE,NO_ENTRY_IN_FITTED_SPACE,,,,95% CI — weighted bootstrap,25,,,,,0.30434782608695654,UNAVAILABLE,NOT_APPLICABLE,20,20,VALUE,False,False,11.681717917464546,,,False,UNAVAILABLE,False
NCAAB_H2_1_AUSTIN_TRANSFER_V1,DISCOVERY,51f1842c10eada58,NCAAB_20260103_BAY_TCU,KXNCAAMBGAME-26JAN03BAYTCU-TCU,2,240,2026-01-03T20:08:51+00:00,PRIMARY_GRID,True,,PRE_80,HISTORICAL_RECONSTRUCT,NONE,,74,,,29,23,INSUFFICIENT_SAMPLE,NO_ENTRY_IN_FITTED_SPACE,,,,95% CI — weighted bootstrap,25,,,,,0.30434782608695654,UNAVAILABLE,NOT_APPLICABLE,20,20,VALUE,False,False,11.681717917464546,,,False,UNAVAILABLE,False
NCAAB_H2_1_AUSTIN_TRANSFER_V1,DISCOVERY,51f1842c10eada58,NCAAB_20260103_BAY_TCU,KXNCAAMBGAME-26JAN03BAYTCU-TCU,2,120,2026-01-03T21:04:32+00:00,PRIMARY_GRID,True,,POST_80,HISTORICAL_RECONSTRUCT,ASKED_SIX_FIRST80,83,90,7,1006,64,60,OBSERVED,,19.999999999999996,20.0,20.0,95% CI — weighted bootstrap,25,25,24.74639891116826,0.582081117026276,0.5691123113283701,1.0,OBSERVED,VALUE,20,,NOT_APPLICABLE,True,True,11.681717917464546,19.999999999999996,8.31828208253545,False,UNAVAILABLE,False
NCAAB_H2_1_AUSTIN_TRANSFER_V1,DISCOVERY,51f1842c10eada58,NCAAB_20260103_BAY_TCU,KXNCAAMBGAME-26JAN03BAYTCU-TCU,2,0,2026-01-03T21:15:48+00:00,PRIMARY_GRID,True,,POST_80,HISTORICAL_RECONSTRUCT,ASKED_SIX_FIRST80,83,99,16,1126,69,63,OBSERVED,,16.053698755739216,8.0,20.0,95% CI — weighted bootstrap,25,25,24.979338648933155,1.0762700890598684,1.0772260087240035,1.0,OBSERVED,VALUE,20,,NOT_APPLICABLE,True,True,11.681717917464546,16.053698755739216,4.37198083827467,False,UNAVAILABLE,False
NCAAB_H2_1_AUSTIN_TRANSFER_V1,DISCOVERY,51f1842c10eada58,NCAAB_20260103_BAY_TCU,KXNCAAMBGAME-26JAN03BAYTCU-TCU,2,1126,2026-01-03T20:12:00+00:00,DIAGNOSTIC_EVENT,False,,POST_80,HISTORICAL_RECONSTRUCT,ASKED_SIX_FIRST80,83,79,-4,0,33,23,OBSERVED,,-6.947336543896068,-28.0,8.0,95% CI — weighted bootstrap,25,25,24.749505334857766,1.548354163859039,1.5261336382323156,0.7246376811594203,OBSERVED,VALUE,20,,NOT_APPLICABLE,True,True,11.681717917464546,-6.947336543896068,-18.629054461360614,False,UNAVAILABLE,False
NCAAB_H2_1_AUSTIN_TRANSFER_V1,DISCOVERY,0ee92416e1754f17,NCAAB_20260103_MINN_NW,KXNCAAMBGAME-26JAN03MINNNW-NW,1,1200,2026-01-03T22:02:12+00:00,PRE_ENTRY,False,PRE_ENTRY,PRE_80,HISTORICAL_RECONSTRUCT,ASKED_SIX_FIRST80,82,63,,,0,0,,,,,,,,,,,,,,UNAVAILABLE,,,,,,,,,False,UNAVAILABLE,False
NCAAB_H2_1_AUSTIN_TRANSFER_V1,DISCOVERY,0ee92416e1754f17,NCAAB_20260103_MINN_NW,KXNCAAMBGAME-26JAN03MINNNW-NW,1,1080,2026-01-03T22:02:12+00:00,PRE_ENTRY,False,PRE_ENTRY,PRE_80,HISTORICAL_RECONSTRUCT,ASKED_SIX_FIRST80,82,63,,,0,0,,,,,,,,,,,,,,UNAVAILABLE,,,,,,,,,False,UNAVAILABLE,False
NCAAB_H2_1_AUSTIN_TRANSFER_V1,DISCOVERY,0ee92416e1754f17,NCAAB_20260103_MINN_NW,KXNCAAMBGAME-26JAN03MINNNW-NW,1,960,2026-01-03T22:02:12+00:00,PRE_ENTRY,False,PRE_ENTRY,PRE_80,HISTORICAL_RECONSTRUCT,ASKED_SIX_FIRST80,82,63,,,0,0,,,,,,,,,,,,,,UNAVAILABLE,,,,,,,,,False,UNAVAILABLE,False
NCAAB_H2_1_AUSTIN_TRANSFER_V1,DISCOVERY,0ee92416e1754f17,NCAAB_20260103_MINN_NW,KXNCAAMBGAME-26JAN03MINNNW-NW,1,840,2026-01-03T22:02:12+00:00,PRE_ENTRY,False,PRE_ENTRY,PRE_80,HISTORICAL_RECONSTRUCT,ASKED_SIX_FIRST80,82,63,,,0,0,,,,,,,,,,,,,,UNAVAILABLE,,,,,,,,,False,UNAVAILABLE,False
NCAAB_H2_1_AUSTIN_TRANSFER_V1,DISCOVERY,0ee92416e1754f17,NCAAB_20260103_MINN_NW,KXNCAAMBGAME-26JAN03MINNNW-NW,1,720,2026-01-03T22:02:12+00:00,PRE_ENTRY,False,PRE_ENTRY,PRE_80,HISTORICAL_RECONSTRUCT,ASKED_SIX_FIRST80,82,63,,,0,0,,,,,,,,,,,,,,UNAVAILABLE,,,,,,,,,False,UNAVAILABLE,False
NCAAB_H2_1_AUSTIN_TRANSFER_V1,DISCOVERY,0ee92416e1754f17,NCAAB_20260103_MINN_NW,KXNCAAMBGAME-26JAN03MINNNW-NW,1,600,2026-01-03T22:02:12+00:00,PRE_ENTRY,False,PRE_ENTRY,PRE_80,HISTORICAL_RECONSTRUCT,ASKED_SIX_FIRST80,82,63,,,0,0,,,,,,,,,,,,,,UNAVAILABLE,,,,,,,,,False,UNAVAILABLE,False
NCAAB_H2_1_AUSTIN_TRANSFER_V1,DISCOVERY,0ee92416e1754f17,NCAAB_20260103_MINN_NW,KXNCAAMBGAME-26JAN03MINNNW-NW,1,480,2026-01-03T22:24:26+00:00,PRE_ENTRY,False,PRE_ENTRY,PRE_80,HISTORICAL_RECONSTRUCT,ASKED_SIX_FIRST80,82,71,,,19,17,,,,,,,,,,,,,,UNAVAILABLE,,,,,,,,,False,UNAVAILABLE,False
NCAAB_H2_1_AUSTIN_TRANSFER_V1,DISCOVERY,0ee92416e1754f17,NCAAB_20260103_MINN_NW,KXNCAAMBGAME-26JAN03MINNNW-NW,1,360,2026-01-03T22:02:12+00:00,PRE_ENTRY,False,PRE_ENTRY,PRE_80,HISTORICAL_RECONSTRUCT,ASKED_SIX_FIRST80,82,63,,,0,0,,,,,,,,,,,,,,UNAVAILABLE,,,,,,,,,False,UNAVAILABLE,False
NCAAB_H2_1_AUSTIN_TRANSFER_V1,DISCOVERY,0ee92416e1754f17,NCAAB_20260103_MINN_NW,KXNCAAMBGAME-26JAN03MINNNW-NW,1,240,2026-01-03T22:02:12+00:00,PRE_ENTRY,False,PRE_ENTRY,PRE_80,HISTORICAL_RECONSTRUCT,ASKED_SIX_FIRST80,82,63,,,0,0,,,,,,,,,,,,,,UNAVAILABLE,,,,,,,,,False,UNAVAILABLE,False
NCAAB_H2_1_AUSTIN_TRANSFER_V1,DISCOVERY,0ee92416e1754f17,NCAAB_20260103_MINN_NW,KXNCAAMBGAME-26JAN03MINNNW-NW,1,120,2026-01-03T22:02:12+00:00,PRE_ENTRY,False,PRE_ENTRY,PRE_80,HISTORICAL_RECONSTRUCT,ASKED_SIX_FIRST80,82,63,,,0,0,,,,,,,,,,,,,,UNAVAILABLE,,,,,,,,,False,UNAVAILABLE,False
NCAAB_H2_1_AUSTIN_TRANSFER_V1,DISCOVERY,0ee92416e1754f17,NCAAB_20260103_MINN_NW,KXNCAAMBGAME-26JAN03MINNNW-NW,1,0,2026-01-03T22:42:54+00:00,PRE_ENTRY,False,PRE_ENTRY,PRE_80,HISTORICAL_RECONSTRUCT,ASKED_SIX_FIRST80,82,53,,,34,34,,,,,,,,,,,,,,UNAVAILABLE,,,,,,,,,False,UNAVAILABLE,False
NCAAB_H2_1_AUSTIN_TRANSFER_V1,DISCOVERY,0ee92416e1754f17,NCAAB_20260103_MINN_NW,KXNCAAMBGAME-26JAN03MINNNW-NW,2,1200,2026-01-03T22:56:13+00:00,PRE_ENTRY,False,PRE_ENTRY,PRE_80,HISTORICAL_RECONSTRUCT,ASKED_SIX_FIRST80,82,60,,,34,34,,,,,,,,,,,,,,UNAVAILABLE,,,,,,,,,False,UNAVAILABLE,False
NCAAB_H2_1_AUSTIN_TRANSFER_V1,DISCOVERY,0ee92416e1754f17,NCAAB_20260103_MINN_NW,KXNCAAMBGAME-26JAN03MINNNW-NW,2,1080,2026-01-03T22:56:13+00:00,PRE_ENTRY,False,PRE_ENTRY,PRE_80,HISTORICAL_RECONSTRUCT,ASKED_SIX_FIRST80,82,60,,,34,34,,,,,,,,,,,,,,UNAVAILABLE,,,,,,,,,False,UNAVAILABLE,False
NCAAB_H2_1_AUSTIN_TRANSFER_V1,DISCOVERY,0ee92416e1754f17,NCAAB_20260103_MINN_NW,KXNCAAMBGAME-26JAN03MINNNW-NW,2,960,2026-01-03T22:56:13+00:00,PRE_ENTRY,False,PRE_ENTRY,PRE_80,HISTORICAL_RECONSTRUCT,ASKED_SIX_FIRST80,82,60,,,34,34,,,,,,,,,,,,,,UNAVAILABLE,,,,,,,,,False,UNAVAILABLE,False
NCAAB_H2_1_AUSTIN_TRANSFER_V1,DISCOVERY,0ee92416e1754f17,NCAAB_20260103_MINN_NW,KXNCAAMBGAME-26JAN03MINNNW-NW,2,840,2026-01-03T23:14:30+00:00,PRIMARY_GRID,True,,POST_80,HISTORICAL_RECONSTRUCT,ASKED_SIX_FIRST80,82,84,2,0,51,46,OBSERVED,,5.249034341519204,-8.0,16.0,95% CI — weighted bootstrap,25,25,24.819202759294537,0.9697689589745612,1.0062429099414618,0.7391304347826086,OBSERVED,VALUE,-80,,NOT_APPLICABLE,True,True,5.249034341519204,5.249034341519204,0.0,False,UNAVAILABLE,False
NCAAB_H2_1_AUSTIN_TRANSFER_V1,DISCOVERY,0ee92416e1754f17,NCAAB_20260103_MINN_NW,KXNCAAMBGAME-26JAN03MINNNW-NW,2,720,2026-01-03T22:56:13+00:00,PRIMARY_GRID,True,,PRE_80,HISTORICAL_RECONSTRUCT,NONE,,60,,,34,34,INSUFFICIENT_SAMPLE,NO_ENTRY_IN_FITTED_SPACE,,,,95% CI — weighted bootstrap,25,,,,,0.30434782608695654,UNAVAILABLE,NOT_APPLICABLE,-80,-80,VALUE,False,False,5.249034341519204,,,False,UNAVAILABLE,False
NCAAB_H2_1_AUSTIN_TRANSFER_V1,DISCOVERY,0ee92416e1754f17,NCAAB_20260103_MINN_NW,KXNCAAMBGAME-26JAN03MINNNW-NW,2,600,2026-01-03T22:56:13+00:00,PRIMARY_GRID,True,,PRE_80,HISTORICAL_RECONSTRUCT,NONE,,60,,,34,34,INSUFFICIENT_SAMPLE,NO_ENTRY_IN_FITTED_SPACE,,,,95% CI — weighted bootstrap,25,,,,,0.30434782608695654,UNAVAILABLE,NOT_APPLICABLE,-80,-80,VALUE,False,False,5.249034341519204,,,False,UNAVAILABLE,False
NCAAB_H2_1_AUSTIN_TRANSFER_V1,DISCOVERY,0ee92416e1754f17,NCAAB_20260103_MINN_NW,KXNCAAMBGAME-26JAN03MINNNW-NW,2,480,2026-01-03T22:56:13+00:00,PRIMARY_GRID,True,,PRE_80,HISTORICAL_RECONSTRUCT,NONE,,60,,,34,34,INSUFFICIENT_SAMPLE,NO_ENTRY_IN_FITTED_SPACE,,,,95% CI — weighted bootstrap,25,,,,,0.30434782608695654,UNAVAILABLE,NOT_APPLICABLE,-80,-80,VALUE,False,False,5.249034341519204,,,False,UNAVAILABLE,False
NCAAB_H2_1_AUSTIN_TRANSFER_V1,DISCOVERY,0ee92416e1754f17,NCAAB_20260103_MINN_NW,KXNCAAMBGAME-26JAN03MINNNW-NW,2,360,2026-01-03T22:56:13+00:00,PRIMARY_GRID,True,,PRE_80,HISTORICAL_RECONSTRUCT,NONE,,60,,,34,34,INSUFFICIENT_SAMPLE,NO_ENTRY_IN_FITTED_SPACE,,,,95% CI — weighted bootstrap,25,,,,,0.30434782608695654,UNAVAILABLE,NOT_APPLICABLE,-80,-80,VALUE,False,False,5.249034341519204,,,False,UNAVAILABLE,False
NCAAB_H2_1_AUSTIN_TRANSFER_V1,DISCOVERY,0ee92416e1754f17,NCAAB_20260103_MINN_NW,KXNCAAMBGAME-26JAN03MINNNW-NW,2,240,2026-01-03T23:38:43+00:00,PRIMARY_GRID,True,,POST_80,HISTORICAL_RECONSTRUCT,ASKED_SIX_FIRST80,82,87,5,600,67,62,OBSERVED,,-40.917576140547354,-60.0,-20.0,95% CI — weighted bootstrap,25,25,23.420653923257525,0.5682673390986682,0.5245802592894182,1.0,OBSERVED,VALUE,-80,,NOT_APPLICABLE,True,True,5.249034341519204,-40.917576140547354,-46.16661048206656,False,UNAVAILABLE,False
NCAAB_H2_1_AUSTIN_TRANSFER_V1,DISCOVERY,0ee92416e1754f17,NCAAB_20260103_MINN_NW,KXNCAAMBGAME-26JAN03MINNNW-NW,2,120,2026-01-03T22:56:13+00:00,PRIMARY_GRID,True,,PRE_80,HISTORICAL_RECONSTRUCT,NONE,,60,,,34,34,INSUFFICIENT_SAMPLE,NO_ENTRY_IN_FITTED_SPACE,,,,95% CI — weighted bootstrap,25,,,,,0.30434782608695654,UNAVAILABLE,NOT_APPLICABLE,-80,-80,VALUE,False,False,5.249034341519204,,,False,UNAVAILABLE,False
NCAAB_H2_1_AUSTIN_TRANSFER_V1,DISCOVERY,0ee92416e1754f17,NCAAB_20260103_MINN_NW,KXNCAAMBGAME-26JAN03MINNNW-NW,2,0,2026-01-04T00:06:08+00:00,AFTER_SETTLEMENT,False,AFTER_SETTLEMENT,,HISTORICAL_RECONSTRUCT,ASKED_SIX_FIRST80,82,11,,,78,84,,,,,,,,,,,,,,UNAVAILABLE,,,,,,5.249034341519204,,,False,UNAVAILABLE,False
NCAAB_H2_1_AUSTIN_TRANSFER_V1,DISCOVERY,0ee92416e1754f17,NCAAB_20260103_MINN_NW,KXNCAAMBGAME-26JAN03MINNNW-NW,2,840,2026-01-03T23:13:00+00:00,DIAGNOSTIC_EVENT,False,,POST_80,HISTORICAL_RECONSTRUCT,ASKED_SIX_FIRST80,82,77,-5,0,53,46,OBSERVED,,12.638466773372205,0.0,20.0,95% CI — weighted bootstrap,25,25,24.6858346101956,0.9615816420024529,0.9435968608629058,0.7246376811594203,OBSERVED,VALUE,-80,,NOT_APPLICABLE,True,True,5.249034341519204,12.638466773372205,7.389432431853001,False,UNAVAILABLE,False
NCAAB_H2_1_AUSTIN_TRANSFER_V1,DISCOVERY,0ee92416e1754f17,NCAAB_20260103_MINN_NW,KXNCAAMBGAME-26JAN03MINNNW-NW,2,459,2026-01-03T23:30:00+00:00,DIAGNOSTIC_EVENT,False,,POST_80,HISTORICAL_RECONSTRUCT,ASKED_SIX_FIRST80,82,73,-9,381,59,56,OBSERVED,,20.0,20.0,20.0,95% CI — weighted bootstrap,25,25,22.605534344543614,0.6848630764402334,0.6617384852377596,0.9855072463768116,OBSERVED,VALUE,-80,,NOT_APPLICABLE,True,True,5.249034341519204,20.0,14.750965658480796,False,UNAVAILABLE,False
NCAAB_H2_1_AUSTIN_TRANSFER_V1,DISCOVERY,0ee92416e1754f17,NCAAB_20260103_MINN_NW,KXNCAAMBGAME-26JAN03MINNNW-NW,2,205,2026-01-03T23:43:00+00:00,DIAGNOSTIC_EVENT,False,,POST_80,HISTORICAL_RECONSTRUCT,ASKED_SIX_FIRST80,82,77,-5,635,67,68,OBSERVED,,-27.820770199624203,-48.0,-8.0,95% CI — weighted bootstrap,25,25,24.467329549741606,0.8405130330482905,0.8350741177275832,1.0,OBSERVED,VALUE,-80,,NOT_APPLICABLE,True,True,5.249034341519204,-27.820770199624203,-33.069804541143405,False,UNAVAILABLE,False
NCAAB_H2_1_AUSTIN_TRANSFER_V1,DISCOVERY,0ee92416e1754f17,NCAAB_20260103_MINN_NW,KXNCAAMBGAME-26JAN03MINNNW-NW,2,123,2026-01-03T23:47:00+00:00,DIAGNOSTIC_EVENT,False,,POST_80,HISTORICAL_RECONSTRUCT,ASKED_SIX_FIRST80,82,53,-29,717,69,72,OBSERVED,,-3.8824113702977696,-20.0,12.0,95% CI — weighted bootstrap,25,25,24.096664894114987,1.0413152797000251,0.9658304390959701,1.0,OBSERVED,VALUE,-80,,NOT_APPLICABLE,True,True,5.249034341519204,-3.8824113702977696,-9.131445711816973,False,UNAVAILABLE,False
NCAAB_H2_1_AUSTIN_TRANSFER_V1,DISCOVERY,0ee92416e1754f17,NCAAB_20260103_MINN_NW,KXNCAAMBGAME-26JAN03MINNNW-NW,2,123,2026-01-03T23:47:00+00:00,DIAGNOSTIC_EVENT,False,,POST_80,HISTORICAL_RECONSTRUCT,ASKED_SIX_FIRST80,82,53,-29,717,69,72,OBSERVED,,-3.8824113702977696,-20.0,12.0,95% CI — weighted bootstrap,25,25,24.096664894114987,1.0413152797000251,0.9658304390959701,1.0,OBSERVED,VALUE,-80,,NOT_APPLICABLE,True,True,5.249034341519204,-3.8824113702977696,-9.131445711816973,False,UNAVAILABLE,False
NCAAB_H2_1_AUSTIN_TRANSFER_V1,DISCOVERY,0ee92416e1754f17,NCAAB_20260103_MINN_NW,KXNCAAMBGAME-26JAN03MINNNW-NW,2,123,2026-01-03T23:47:00+00:00,DIAGNOSTIC_EVENT,False,,POST_80,HISTORICAL_RECONSTRUCT,ASKED_SIX_FIRST80,82,53,-29,717,69,72,OBSERVED,,-3.8824113702977696,-20.0,12.0,95% CI — weighted bootstrap,25,25,24.096664894114987,1.0413152797000251,0.9658304390959701,1.0,OBSERVED,VALUE,-80,,NOT_APPLICABLE,True,True,5.249034341519204,-3.8824113702977696,-9.131445711816973,False,UNAVAILABLE,False
NCAAB_H2_1_AUSTIN_TRANSFER_V1,DISCOVERY,0ee92416e1754f17,NCAAB_20260103_MINN_NW,KXNCAAMBGAME-26JAN03MINNNW-NW,2,123,2026-01-03T23:47:00+00:00,DIAGNOSTIC_EVENT,False,,POST_80,HISTORICAL_RECONSTRUCT,ASKED_SIX_FIRST80,82,53,-29,717,69,72,OBSERVED,,-3.8824113702977696,-20.0,12.0,95% CI — weighted bootstrap,25,25,24.096664894114987,1.0413152797000251,0.9658304390959701,1.0,OBSERVED,VALUE,-80,,NOT_APPLICABLE,True,True,5.249034341519204,-3.8824113702977696,-9.131445711816973,False,UNAVAILABLE,False
NCAAB_H2_1_AUSTIN_TRANSFER_V1,DISCOVERY,2fcfab49eaaa3f1e,NCAAB_20260107_STAN_VT,KXNCAAMBGAME-26JAN07STANVT-VT,1,1200,2026-01-08T00:01:18+00:00,PRE_ENTRY,False,PRE_ENTRY,PRE_80,HISTORICAL_RECONSTRUCT,ASKED_SIX_FIRST80,80,60,,,0,0,,,,,,,,,,,,,,UNAVAILABLE,,,,,,,,,False,UNAVAILABLE,False
NCAAB_H2_1_AUSTIN_TRANSFER_V1,DISCOVERY,2fcfab49eaaa3f1e,NCAAB_20260107_STAN_VT,KXNCAAMBGAME-26JAN07STANVT-VT,1,1080,2026-01-08T00:01:18+00:00,PRE_ENTRY,False,PRE_ENTRY,PRE_80,HISTORICAL_RECONSTRUCT,ASKED_SIX_FIRST80,80,60,,,0,0,,,,,,,,,,,,,,UNAVAILABLE,,,,,,,,,False,UNAVAILABLE,False
NCAAB_H2_1_AUSTIN_TRANSFER_V1,DISCOVERY,2fcfab49eaaa3f1e,NCAAB_20260107_STAN_VT,KXNCAAMBGAME-26JAN07STANVT-VT,1,960,2026-01-08T00:01:18+00:00,PRE_ENTRY,False,PRE_ENTRY,PRE_80,HISTORICAL_RECONSTRUCT,ASKED_SIX_FIRST80,80,60,,,0,0,,,,,,,,,,,,,,UNAVAILABLE,,,,,,,,,False,UNAVAILABLE,False
NCAAB_H2_1_AUSTIN_TRANSFER_V1,DISCOVERY,2fcfab49eaaa3f1e,NCAAB_20260107_STAN_VT,KXNCAAMBGAME-26JAN07STANVT-VT,1,840,2026-01-08T00:01:18+00:00,PRE_ENTRY,False,PRE_ENTRY,PRE_80,HISTORICAL_RECONSTRUCT,ASKED_SIX_FIRST80,80,60,,,0,0,,,,,,,,,,,,,,UNAVAILABLE,,,,,,,,,False,UNAVAILABLE,False
NCAAB_H2_1_AUSTIN_TRANSFER_V1,DISCOVERY,2fcfab49eaaa3f1e,NCAAB_20260107_STAN_VT,KXNCAAMBGAME-26JAN07STANVT-VT,1,720,2026-01-08T00:01:18+00:00,PRE_ENTRY,False,PRE_ENTRY,PRE_80,HISTORICAL_RECONSTRUCT,ASKED_SIX_FIRST80,80,60,,,0,0,,,,,,,,,,,,,,UNAVAILABLE,,,,,,,,,False,UNAVAILABLE,False
NCAAB_H2_1_AUSTIN_TRANSFER_V1,DISCOVERY,2fcfab49eaaa3f1e,NCAAB_20260107_STAN_VT,KXNCAAMBGAME-26JAN07STANVT-VT,1,600,2026-01-08T00:01:18+00:00,PRE_ENTRY,False,PRE_ENTRY,PRE_80,HISTORICAL_RECONSTRUCT,ASKED_SIX_FIRST80,80,60,,,0,0,,,,,,,,,,,,,,UNAVAILABLE,,,,,,,,,False,UNAVAILABLE,False
NCAAB_H2_1_AUSTIN_TRANSFER_V1,DISCOVERY,2fcfab49eaaa3f1e,NCAAB_20260107_STAN_VT,KXNCAAMBGAME-26JAN07STANVT-VT,1,480,2026-01-08T00:01:18+00:00,PRE_ENTRY,False,PRE_ENTRY,PRE_80,HISTORICAL_RECONSTRUCT,ASKED_SIX_FIRST80,80,60,,,0,0,,,,,,,,,,,,,,UNAVAILABLE,,,,,,,,,False,UNAVAILABLE,False
NCAAB_H2_1_AUSTIN_TRANSFER_V1,DISCOVERY,2fcfab49eaaa3f1e,NCAAB_20260107_STAN_VT,KXNCAAMBGAME-26JAN07STANVT-VT,1,360,2026-01-08T00:01:18+00:00,PRE_ENTRY,False,PRE_ENTRY,PRE_80,HISTORICAL_RECONSTRUCT,ASKED_SIX_FIRST80,80,60,,,0,0,,,,,,,,,,,,,,UNAVAILABLE,,,,,,,,,False,UNAVAILABLE,False
NCAAB_H2_1_AUSTIN_TRANSFER_V1,DISCOVERY,2fcfab49eaaa3f1e,NCAAB_20260107_STAN_VT,KXNCAAMBGAME-26JAN07STANVT-VT,1,240,2026-01-08T00:01:18+00:00,PRE_ENTRY,False,PRE_ENTRY,PRE_80,HISTORICAL_RECONSTRUCT,ASKED_SIX_FIRST80,80,60,,,0,0,,,,,,,,,,,,,,UNAVAILABLE,,,,,,,,,False,UNAVAILABLE,False
NCAAB_H2_1_AUSTIN_TRANSFER_V1,DISCOVERY,2fcfab49eaaa3f1e,NCAAB_20260107_STAN_VT,KXNCAAMBGAME-26JAN07STANVT-VT,1,120,2026-01-08T00:41:55+00:00,PRE_ENTRY,False,PRE_ENTRY,PRE_80,HISTORICAL_RECONSTRUCT,ASKED_SIX_FIRST80,80,73,,,26,22,,,,,,,,,,,,,,UNAVAILABLE,,,,,,,,,False,UNAVAILABLE,False
NCAAB_H2_1_AUSTIN_TRANSFER_V1,DISCOVERY,2fcfab49eaaa3f1e,NCAAB_20260107_STAN_VT,KXNCAAMBGAME-26JAN07STANVT-VT,1,0,2026-01-08T00:46:04+00:00,PRE_ENTRY,False,PRE_ENTRY,PRE_80,HISTORICAL_RECONSTRUCT,ASKED_SIX_FIRST80,80,75,,,31,24,,,,,,,,,,,,,,UNAVAILABLE,,,,,,,,,False,UNAVAILABLE,False
NCAAB_H2_1_AUSTIN_TRANSFER_V1,DISCOVERY,2fcfab49eaaa3f1e,NCAAB_20260107_STAN_VT,KXNCAAMBGAME-26JAN07STANVT-VT,2,1200,2026-01-08T00:48:24+00:00,PRE_ENTRY,False,PRE_ENTRY,PRE_80,HISTORICAL_RECONSTRUCT,ASKED_SIX_FIRST80,80,76,,,31,24,,,,,,,,,,,,,,UNAVAILABLE,,,,,,,,,False,UNAVAILABLE,False
NCAAB_H2_1_AUSTIN_TRANSFER_V1,DISCOVERY,2fcfab49eaaa3f1e,NCAAB_20260107_STAN_VT,KXNCAAMBGAME-26JAN07STANVT-VT,2,1080,2026-01-08T00:48:24+00:00,PRE_ENTRY,False,PRE_ENTRY,PRE_80,HISTORICAL_RECONSTRUCT,ASKED_SIX_FIRST80,80,76,,,31,24,,,,,,,,,,,,,,UNAVAILABLE,,,,,,,,,False,UNAVAILABLE,False
NCAAB_H2_1_AUSTIN_TRANSFER_V1,DISCOVERY,2fcfab49eaaa3f1e,NCAAB_20260107_STAN_VT,KXNCAAMBGAME-26JAN07STANVT-VT,2,960,2026-01-08T00:48:24+00:00,PRIMARY_GRID,True,,PRE_80,HISTORICAL_RECONSTRUCT,NONE,,76,,,31,24,INSUFFICIENT_SAMPLE,NO_ENTRY_IN_FITTED_SPACE,,,,95% CI — weighted bootstrap,25,,,,,0.30434782608695654,UNAVAILABLE,NOT_APPLICABLE,-80,-80,VALUE,False,False,,,,False,UNAVAILABLE,False
NCAAB_H2_1_AUSTIN_TRANSFER_V1,DISCOVERY,2fcfab49eaaa3f1e,NCAAB_20260107_STAN_VT,KXNCAAMBGAME-26JAN07STANVT-VT,2,840,2026-01-08T00:48:24+00:00,PRIMARY_GRID,True,,PRE_80,HISTORICAL_RECONSTRUCT,NONE,,76,,,31,24,INSUFFICIENT_SAMPLE,NO_ENTRY_IN_FITTED_SPACE,,,,95% CI — weighted bootstrap,25,,,,,0.30434782608695654,UNAVAILABLE,NOT_APPLICABLE,-80,-80,VALUE,False,False,,,,False,UNAVAILABLE,False
NCAAB_H2_1_AUSTIN_TRANSFER_V1,DISCOVERY,2fcfab49eaaa3f1e,NCAAB_20260107_STAN_VT,KXNCAAMBGAME-26JAN07STANVT-VT,2,720,2026-01-08T00:48:24+00:00,PRIMARY_GRID,True,,PRE_80,HISTORICAL_RECONSTRUCT,NONE,,76,,,31,24,INSUFFICIENT_SAMPLE,NO_ENTRY_IN_FITTED_SPACE,,,,95% CI — weighted bootstrap,25,,,,,0.30434782608695654,UNAVAILABLE,NOT_APPLICABLE,-80,-80,VALUE,False,False,,,,False,UNAVAILABLE,False
NCAAB_H2_1_AUSTIN_TRANSFER_V1,DISCOVERY,2fcfab49eaaa3f1e,NCAAB_20260107_STAN_VT,KXNCAAMBGAME-26JAN07STANVT-VT,2,600,2026-01-08T00:48:24+00:00,PRIMARY_GRID,True,,PRE_80,HISTORICAL_RECONSTRUCT,NONE,,76,,,31,24,INSUFFICIENT_SAMPLE,NO_ENTRY_IN_FITTED_SPACE,,,,95% CI — weighted bootstrap,25,,,,,0.30434782608695654,UNAVAILABLE,NOT_APPLICABLE,-80,-80,VALUE,False,False,,,,False,UNAVAILABLE,False
NCAAB_H2_1_AUSTIN_TRANSFER_V1,DISCOVERY,2fcfab49eaaa3f1e,NCAAB_20260107_STAN_VT,KXNCAAMBGAME-26JAN07STANVT-VT,2,480,2026-01-08T00:48:24+00:00,PRIMARY_GRID,True,,PRE_80,HISTORICAL_RECONSTRUCT,NONE,,76,,,31,24,INSUFFICIENT_SAMPLE,NO_ENTRY_IN_FITTED_SPACE,,,,95% CI — weighted bootstrap,25,,,,,0.30434782608695654,UNAVAILABLE,NOT_APPLICABLE,-80,-80,VALUE,False,False,,,,False,UNAVAILABLE,False
NCAAB_H2_1_AUSTIN_TRANSFER_V1,DISCOVERY,2fcfab49eaaa3f1e,NCAAB_20260107_STAN_VT,KXNCAAMBGAME-26JAN07STANVT-VT,2,360,2026-01-08T00:48:24+00:00,PRIMARY_GRID,True,,PRE_80,HISTORICAL_RECONSTRUCT,NONE,,76,,,31,24,INSUFFICIENT_SAMPLE,NO_ENTRY_IN_FITTED_SPACE,,,,95% CI — weighted bootstrap,25,,,,,0.30434782608695654,UNAVAILABLE,NOT_APPLICABLE,-80,-80,VALUE,False,False,,,,False,UNAVAILABLE,False
NCAAB_H2_1_AUSTIN_TRANSFER_V1,DISCOVERY,2fcfab49eaaa3f1e,NCAAB_20260107_STAN_VT,KXNCAAMBGAME-26JAN07STANVT-VT,2,240,2026-01-08T00:48:24+00:00,PRIMARY_GRID,True,,PRE_80,HISTORICAL_RECONSTRUCT,NONE,,76,,,31,24,INSUFFICIENT_SAMPLE,NO_ENTRY_IN_FITTED_SPACE,,,,95% CI — weighted bootstrap,25,,,,,0.30434782608695654,UNAVAILABLE,NOT_APPLICABLE,-80,-80,VALUE,False,False,,,,False,UNAVAILABLE,False
NCAAB_H2_1_AUSTIN_TRANSFER_V1,DISCOVERY,2fcfab49eaaa3f1e,NCAAB_20260107_STAN_VT,KXNCAAMBGAME-26JAN07STANVT-VT,2,120,2026-01-08T00:48:24+00:00,PRIMARY_GRID,True,,PRE_80,HISTORICAL_RECONSTRUCT,NONE,,76,,,31,24,INSUFFICIENT_SAMPLE,NO_ENTRY_IN_FITTED_SPACE,,,,95% CI — weighted bootstrap,25,,,,,0.30434782608695654,UNAVAILABLE,NOT_APPLICABLE,-80,-80,VALUE,False,False,,,,False,UNAVAILABLE,False
NCAAB_H2_1_AUSTIN_TRANSFER_V1,DISCOVERY,2fcfab49eaaa3f1e,NCAAB_20260107_STAN_VT,KXNCAAMBGAME-26JAN07STANVT-VT,2,0,2026-01-08T02:08:39+00:00,PRIMARY_GRID,True,,POST_80,HISTORICAL_RECONSTRUCT,ASKED_SIX_FIRST80,80,1,-79,1019,68,69,OBSERVED,,-53.14111413183648,-68.0,-36.0,95% CI — weighted bootstrap,25,25,24.683576155664,1.488928574326067,1.4699072958216604,1.0,OBSERVED,VALUE,-80,,NOT_APPLICABLE,True,True,-53.14111413183648,-53.14111413183648,0.0,False,UNAVAILABLE,False
NCAAB_H2_1_AUSTIN_TRANSFER_V1,DISCOVERY,2fcfab49eaaa3f1e,NCAAB_20260107_STAN_VT,KXNCAAMBGAME-26JAN07STANVT-VT,2,1019,2026-01-08T01:08:00+00:00,DIAGNOSTIC_EVENT,False,,POST_80,HISTORICAL_RECONSTRUCT,ASKED_SIX_FIRST80,80,79,-1,0,35,27,OBSERVED,,0.1453507645457246,-16.0,16.0,95% CI — weighted bootstrap,25,25,24.816830045212082,0.893828631871365,0.8742040522293527,0.7246376811594203,OBSERVED,VALUE,-80,,NOT_APPLICABLE,True,True,-53.14111413183648,0.1453507645457246,53.286464896382206,False,UNAVAILABLE,False
NCAAB_H2_1_AUSTIN_TRANSFER_V1,DISCOVERY,2fcfab49eaaa3f1e,NCAAB_20260107_STAN_VT,KXNCAAMBGAME-26JAN07STANVT-VT,2,862,2026-01-08T01:17:00+00:00,DIAGNOSTIC_EVENT,False,,POST_80,HISTORICAL_RECONSTRUCT,ASKED_SIX_FIRST80,80,88,8,157,41,32,OBSERVED,,15.491888365460301,4.0,20.0,95% CI — weighted bootstrap,25,25,24.601139743159013,0.5942601727469535,0.5619703337488887,0.9565217391304348,OBSERVED,VALUE,-80,,NOT_APPLICABLE,True,True,-53.14111413183648,15.491888365460301,68.63300249729679,False,UNAVAILABLE,False
NCAAB_H2_1_AUSTIN_TRANSFER_V1,DISCOVERY,2fcfab49eaaa3f1e,NCAAB_20260107_STAN_VT,KXNCAAMBGAME-26JAN07STANVT-VT,2,3,2026-01-08T02:04:00+00:00,DIAGNOSTIC_EVENT,False,,POST_80,HISTORICAL_RECONSTRUCT,ASKED_SIX_FIRST80,80,74,-6,1016,68,69,OBSERVED,,20.000000000000004,20.0,20.0,95% CI — weighted bootstrap,25,25,18.30814524935203,0.5668352867835235,0.5303410967382516,1.0,OBSERVED,VALUE,-80,,NOT_APPLICABLE,True,True,-53.14111413183648,20.000000000000004,73.14111413183649,False,UNAVAILABLE,False
NCAAB_H2_1_AUSTIN_TRANSFER_V1,DISCOVERY,2fcfab49eaaa3f1e,NCAAB_20260107_STAN_VT,KXNCAAMBGAME-26JAN07STANVT-VT,2,3,2026-01-08T02:04:00+00:00,DIAGNOSTIC_EVENT,False,,POST_80,HISTORICAL_RECONSTRUCT,ASKED_SIX_FIRST80,80,74,-6,1016,68,69,OBSERVED,,20.000000000000004,20.0,20.0,95% CI — weighted bootstrap,25,25,18.30814524935203,0.5668352867835235,0.5303410967382516,1.0,OBSERVED,VALUE,-80,,NOT_APPLICABLE,True,True,-53.14111413183648,20.000000000000004,73.14111413183649,False,UNAVAILABLE,False
NCAAB_H2_1_AUSTIN_TRANSFER_V1,DISCOVERY,2fcfab49eaaa3f1e,NCAAB_20260107_STAN_VT,KXNCAAMBGAME-26JAN07STANVT-VT,2,3,2026-01-08T02:04:00+00:00,DIAGNOSTIC_EVENT,False,,POST_80,HISTORICAL_RECONSTRUCT,ASKED_SIX_FIRST80,80,74,-6,1016,68,69,OBSERVED,,20.000000000000004,20.0,20.0,95% CI — weighted bootstrap,25,25,18.30814524935203,0.5668352867835235,0.5303410967382516,1.0,OBSERVED,VALUE,-80,,NOT_APPLICABLE,True,True,-53.14111413183648,20.000000000000004,73.14111413183649,False,UNAVAILABLE,False
NCAAB_H2_1_AUSTIN_TRANSFER_V1,DISCOVERY,2fcfab49eaaa3f1e,NCAAB_20260107_STAN_VT,KXNCAAMBGAME-26JAN07STANVT-VT,2,3,2026-01-08T02:04:00+00:00,DIAGNOSTIC_EVENT,False,,POST_80,HISTORICAL_RECONSTRUCT,ASKED_SIX_FIRST80,80,74,-6,1016,68,69,OBSERVED,,20.000000000000004,20.0,20.0,95% CI — weighted bootstrap,25,25,18.30814524935203,0.5668352867835235,0.5303410967382516,1.0,OBSERVED,VALUE,-80,,NOT_APPLICABLE,True,True,-53.14111413183648,20.000000000000004,73.14111413183649,False,UNAVAILABLE,False
NCAAB_H2_1_AUSTIN_TRANSFER_V1,DISCOVERY,2fcfab49eaaa3f1e,NCAAB_20260107_STAN_VT,KXNCAAMBGAME-26JAN07STANVT-VT,2,3,2026-01-08T02:04:00+00:00,DIAGNOSTIC_EVENT,False,,POST_80,HISTORICAL_RECONSTRUCT,ASKED_SIX_FIRST80,80,74,-6,1016,68,69,OBSERVED,,20.000000000000004,20.0,20.0,95% CI — weighted bootstrap,25,25,18.30814524935203,0.5668352867835235,0.5303410967382516,1.0,OBSERVED,VALUE,-80,,NOT_APPLICABLE,True,True,-53.14111413183648,20.000000000000004,73.14111413183649,False,UNAVAILABLE,False
NCAAB_H2_1_AUSTIN_TRANSFER_V1,DISCOVERY,8e01765cf3c68869,NCAAB_20260107_MIZZ_UK,KXNCAAMBGAME-26JAN07MIZZUK-UK,1,1200,2026-01-08T00:00:57+00:00,PRE_ENTRY,False,PRE_ENTRY,PRE_80,HISTORICAL_RECONSTRUCT,ASKED_SIX_FIRST80,85,86,,,0,0,,,,,,,,,,,,,,UNAVAILABLE,,,,,,,,,False,UNAVAILABLE,False
NCAAB_H2_1_AUSTIN_TRANSFER_V1,DISCOVERY,8e01765cf3c68869,NCAAB_20260107_MIZZ_UK,KXNCAAMBGAME-26JAN07MIZZUK-UK,1,1080,2026-01-08T00:00:57+00:00,PRE_ENTRY,False,PRE_ENTRY,PRE_80,HISTORICAL_RECONSTRUCT,ASKED_SIX_FIRST80,85,86,,,0,0,,,,,,,,,,,,,,UNAVAILABLE,,,,,,,,,False,UNAVAILABLE,False
NCAAB_H2_1_AUSTIN_TRANSFER_V1,DISCOVERY,8e01765cf3c68869,NCAAB_20260107_MIZZ_UK,KXNCAAMBGAME-26JAN07MIZZUK-UK,1,960,2026-01-08T00:00:57+00:00,PRE_ENTRY,False,PRE_ENTRY,PRE_80,HISTORICAL_RECONSTRUCT,ASKED_SIX_FIRST80,85,86,,,0,0,,,,,,,,,,,,,,UNAVAILABLE,,,,,,,,,False,UNAVAILABLE,False
NCAAB_H2_1_AUSTIN_TRANSFER_V1,DISCOVERY,8e01765cf3c68869,NCAAB_20260107_MIZZ_UK,KXNCAAMBGAME-26JAN07MIZZUK-UK,1,840,2026-01-08T00:00:57+00:00,PRE_ENTRY,False,PRE_ENTRY,PRE_80,HISTORICAL_RECONSTRUCT,ASKED_SIX_FIRST80,85,86,,,0,0,,,,,,,,,,,,,,UNAVAILABLE,,,,,,,,,False,UNAVAILABLE,False
NCAAB_H2_1_AUSTIN_TRANSFER_V1,DISCOVERY,8e01765cf3c68869,NCAAB_20260107_MIZZ_UK,KXNCAAMBGAME-26JAN07MIZZUK-UK,1,720,2026-01-08T00:00:57+00:00,PRE_ENTRY,False,PRE_ENTRY,PRE_80,HISTORICAL_RECONSTRUCT,ASKED_SIX_FIRST80,85,86,,,0,0,,,,,,,,,,,,,,UNAVAILABLE,,,,,,,,,False,UNAVAILABLE,False
NCAAB_H2_1_AUSTIN_TRANSFER_V1,DISCOVERY,8e01765cf3c68869,NCAAB_20260107_MIZZ_UK,KXNCAAMBGAME-26JAN07MIZZUK-UK,1,600,2026-01-08T00:00:57+00:00,PRE_ENTRY,False,PRE_ENTRY,PRE_80,HISTORICAL_RECONSTRUCT,ASKED_SIX_FIRST80,85,86,,,0,0,,,,,,,,,,,,,,UNAVAILABLE,,,,,,,,,False,UNAVAILABLE,False
NCAAB_H2_1_AUSTIN_TRANSFER_V1,DISCOVERY,8e01765cf3c68869,NCAAB_20260107_MIZZ_UK,KXNCAAMBGAME-26JAN07MIZZUK-UK,1,480,2026-01-08T00:00:57+00:00,PRE_ENTRY,False,PRE_ENTRY,PRE_80,HISTORICAL_RECONSTRUCT,ASKED_SIX_FIRST80,85,86,,,0,0,,,,,,,,,,,,,,UNAVAILABLE,,,,,,,,,False,UNAVAILABLE,False
NCAAB_H2_1_AUSTIN_TRANSFER_V1,DISCOVERY,8e01765cf3c68869,NCAAB_20260107_MIZZ_UK,KXNCAAMBGAME-26JAN07MIZZUK-UK,1,360,2026-01-08T00:00:57+00:00,PRE_ENTRY,False,PRE_ENTRY,PRE_80,HISTORICAL_RECONSTRUCT,ASKED_SIX_FIRST80,85,86,,,0,0,,,,,,,,,,,,,,UNAVAILABLE,,,,,,,,,False,UNAVAILABLE,False
NCAAB_H2_1_AUSTIN_TRANSFER_V1,DISCOVERY,8e01765cf3c68869,NCAAB_20260107_MIZZ_UK,KXNCAAMBGAME-26JAN07MIZZUK-UK,1,240,2026-01-08T00:00:57+00:00,PRE_ENTRY,False,PRE_ENTRY,PRE_80,HISTORICAL_RECONSTRUCT,ASKED_SIX_FIRST80,85,86,,,0,0,,,,,,,,,,,,,,UNAVAILABLE,,,,,,,,,False,UNAVAILABLE,False
NCAAB_H2_1_AUSTIN_TRANSFER_V1,DISCOVERY,8e01765cf3c68869,NCAAB_20260107_MIZZ_UK,KXNCAAMBGAME-26JAN07MIZZUK-UK,1,120,2026-01-08T00:00:57+00:00,PRE_ENTRY,False,PRE_ENTRY,PRE_80,HISTORICAL_RECONSTRUCT,ASKED_SIX_FIRST80,85,86,,,0,0,,,,,,,,,,,,,,UNAVAILABLE,,,,,,,,,False,UNAVAILABLE,False
NCAAB_H2_1_AUSTIN_TRANSFER_V1,DISCOVERY,8e01765cf3c68869,NCAAB_20260107_MIZZ_UK,KXNCAAMBGAME-26JAN07MIZZUK-UK,1,0,2026-01-08T00:53:23+00:00,PRE_ENTRY,False,PRE_ENTRY,PRE_80,HISTORICAL_RECONSTRUCT,ASKED_SIX_FIRST80,85,63,,,32,33,,,,,,,,,,,,,,UNAVAILABLE,,,,,,,,,False,UNAVAILABLE,False
NCAAB_H2_1_AUSTIN_TRANSFER_V1,DISCOVERY,8e01765cf3c68869,NCAAB_20260107_MIZZ_UK,KXNCAAMBGAME-26JAN07MIZZUK-UK,2,1200,2026-01-08T01:09:38+00:00,PRE_ENTRY,False,PRE_ENTRY,PRE_80,HISTORICAL_RECONSTRUCT,ASKED_SIX_FIRST80,85,76,,,32,33,,,,,,,,,,,,,,UNAVAILABLE,,,,,,,,,False,UNAVAILABLE,False
NCAAB_H2_1_AUSTIN_TRANSFER_V1,DISCOVERY,8e01765cf3c68869,NCAAB_20260107_MIZZ_UK,KXNCAAMBGAME-26JAN07MIZZUK-UK,2,1080,2026-01-08T01:12:48+00:00,PRE_ENTRY,False,PRE_ENTRY,PRE_80,HISTORICAL_RECONSTRUCT,ASKED_SIX_FIRST80,85,77,,,36,33,,,,,,,,,,,,,,UNAVAILABLE,,,,,,,,,False,UNAVAILABLE,False
NCAAB_H2_1_AUSTIN_TRANSFER_V1,DISCOVERY,8e01765cf3c68869,NCAAB_20260107_MIZZ_UK,KXNCAAMBGAME-26JAN07MIZZUK-UK,2,960,2026-01-08T01:09:38+00:00,PRIMARY_GRID,True,,PRE_80,HISTORICAL_RECONSTRUCT,NONE,,76,,,32,33,INSUFFICIENT_SAMPLE,NO_ENTRY_IN_FITTED_SPACE,,,,95% CI — weighted bootstrap,25,,,,,0.30434782608695654,UNAVAILABLE,NOT_APPLICABLE,-80,-80,VALUE,False,False,,,,False,UNAVAILABLE,False
NCAAB_H2_1_AUSTIN_TRANSFER_V1,DISCOVERY,8e01765cf3c68869,NCAAB_20260107_MIZZ_UK,KXNCAAMBGAME-26JAN07MIZZUK-UK,2,840,2026-01-08T01:09:38+00:00,PRIMARY_GRID,True,,PRE_80,HISTORICAL_RECONSTRUCT,NONE,,76,,,32,33,INSUFFICIENT_SAMPLE,NO_ENTRY_IN_FITTED_SPACE,,,,95% CI — weighted bootstrap,25,,,,,0.30434782608695654,UNAVAILABLE,NOT_APPLICABLE,-80,-80,VALUE,False,False,,,,False,UNAVAILABLE,False
NCAAB_H2_1_AUSTIN_TRANSFER_V1,DISCOVERY,8e01765cf3c68869,NCAAB_20260107_MIZZ_UK,KXNCAAMBGAME-26JAN07MIZZUK-UK,2,720,2026-01-08T01:09:38+00:00,PRIMARY_GRID,True,,PRE_80,HISTORICAL_RECONSTRUCT,NONE,,76,,,32,33,INSUFFICIENT_SAMPLE,NO_ENTRY_IN_FITTED_SPACE,,,,95% CI — weighted bootstrap,25,,,,,0.30434782608695654,UNAVAILABLE,NOT_APPLICABLE,-80,-80,VALUE,False,False,,,,False,UNAVAILABLE,False
NCAAB_H2_1_AUSTIN_TRANSFER_V1,DISCOVERY,8e01765cf3c68869,NCAAB_20260107_MIZZ_UK,KXNCAAMBGAME-26JAN07MIZZUK-UK,2,600,2026-01-08T01:09:38+00:00,PRIMARY_GRID,True,,PRE_80,HISTORICAL_RECONSTRUCT,NONE,,76,,,32,33,INSUFFICIENT_SAMPLE,NO_ENTRY_IN_FITTED_SPACE,,,,95% CI — weighted bootstrap,25,,,,,0.30434782608695654,UNAVAILABLE,NOT_APPLICABLE,-80,-80,VALUE,False,False,,,,False,UNAVAILABLE,False
NCAAB_H2_1_AUSTIN_TRANSFER_V1,DISCOVERY,8e01765cf3c68869,NCAAB_20260107_MIZZ_UK,KXNCAAMBGAME-26JAN07MIZZUK-UK,2,480,2026-01-08T01:09:38+00:00,PRIMARY_GRID,True,,PRE_80,HISTORICAL_RECONSTRUCT,NONE,,76,,,32,33,INSUFFICIENT_SAMPLE,NO_ENTRY_IN_FITTED_SPACE,,,,95% CI — weighted bootstrap,25,,,,,0.30434782608695654,UNAVAILABLE,NOT_APPLICABLE,-80,-80,VALUE,False,False,,,,False,UNAVAILABLE,False
NCAAB_H2_1_AUSTIN_TRANSFER_V1,DISCOVERY,8e01765cf3c68869,NCAAB_20260107_MIZZ_UK,KXNCAAMBGAME-26JAN07MIZZUK-UK,2,360,2026-01-08T01:09:38+00:00,PRIMARY_GRID,True,,PRE_80,HISTORICAL_RECONSTRUCT,NONE,,76,,,32,33,INSUFFICIENT_SAMPLE,NO_ENTRY_IN_FITTED_SPACE,,,,95% CI — weighted bootstrap,25,,,,,0.30434782608695654,UNAVAILABLE,NOT_APPLICABLE,-80,-80,VALUE,False,False,,,,False,UNAVAILABLE,False
NCAAB_H2_1_AUSTIN_TRANSFER_V1,DISCOVERY,8e01765cf3c68869,NCAAB_20260107_MIZZ_UK,KXNCAAMBGAME-26JAN07MIZZUK-UK,2,240,2026-01-08T01:09:38+00:00,PRIMARY_GRID,True,,PRE_80,HISTORICAL_RECONSTRUCT,NONE,,76,,,32,33,INSUFFICIENT_SAMPLE,NO_ENTRY_IN_FITTED_SPACE,,,,95% CI — weighted bootstrap,25,,,,,0.30434782608695654,UNAVAILABLE,NOT_APPLICABLE,-80,-80,VALUE,False,False,,,,False,UNAVAILABLE,False
NCAAB_H2_1_AUSTIN_TRANSFER_V1,DISCOVERY,8e01765cf3c68869,NCAAB_20260107_MIZZ_UK,KXNCAAMBGAME-26JAN07MIZZUK-UK,2,120,2026-01-08T01:09:38+00:00,PRIMARY_GRID,True,,PRE_80,HISTORICAL_RECONSTRUCT,NONE,,76,,,32,33,INSUFFICIENT_SAMPLE,NO_ENTRY_IN_FITTED_SPACE,,,,95% CI — weighted bootstrap,25,,,,,0.30434782608695654,UNAVAILABLE,NOT_APPLICABLE,-80,-80,VALUE,False,False,,,,False,UNAVAILABLE,False
NCAAB_H2_1_AUSTIN_TRANSFER_V1,DISCOVERY,8e01765cf3c68869,NCAAB_20260107_MIZZ_UK,KXNCAAMBGAME-26JAN07MIZZUK-UK,2,0,2026-01-08T02:13:29+00:00,PRIMARY_GRID,True,,POST_80,HISTORICAL_RECONSTRUCT,ASKED_SIX_FIRST80,85,6,-79,1071,68,73,OBSERVED,,-22.065622731599845,-40.0,-4.0,95% CI — weighted bootstrap,25,25,24.654099594791752,1.7704540857229227,1.8534531150298437,1.0,OBSERVED,VALUE,-80,,NOT_APPLICABLE,True,True,-22.065622731599845,-22.065622731599845,0.0,False,UNAVAILABLE,False
NCAAB_H2_1_AUSTIN_TRANSFER_V1,DISCOVERY,8e01765cf3c68869,NCAAB_20260107_MIZZ_UK,KXNCAAMBGAME-26JAN07MIZZUK-UK,,,2026-01-06T20:05:00+00:00,DIAGNOSTIC_EVENT,False,,PRE_80,HISTORICAL_RECONSTRUCT,NONE,,78,,,,,INSUFFICIENT_SAMPLE,NO_ENTRY_IN_FITTED_SPACE,,,,95% CI — weighted bootstrap,25,,,,,0.057971014492753624,UNAVAILABLE,NOT_APPLICABLE,-80,-80,VALUE,False,False,-22.065622731599845,,,False,UNAVAILABLE,False
NCAAB_H2_1_AUSTIN_TRANSFER_V1,DISCOVERY,8e01765cf3c68869,NCAAB_20260107_MIZZ_UK,KXNCAAMBGAME-26JAN07MIZZUK-UK,2,561,2026-01-08T01:39:00+00:00,DIAGNOSTIC_EVENT,False,,POST_80,HISTORICAL_RECONSTRUCT,ASKED_SIX_FIRST80,85,76,-9,510,49,51,OBSERVED,,20.0,20.0,20.0,95% CI — weighted bootstrap,25,25,24.282235203094537,1.294797535256505,1.296280481691661,0.9855072463768116,OBSERVED,VALUE,-80,,NOT_APPLICABLE,True,True,-22.065622731599845,20.0,42.065622731599845,False,UNAVAILABLE,False
NCAAB_H2_1_AUSTIN_TRANSFER_V1,DISCOVERY,8e01765cf3c68869,NCAAB_20260107_MIZZ_UK,KXNCAAMBGAME-26JAN07MIZZUK-UK,2,28,2026-01-08T02:06:00+00:00,DIAGNOSTIC_EVENT,False,,POST_80,HISTORICAL_RECONSTRUCT,ASKED_SIX_FIRST80,85,71,-14,1043,68,69,OBSERVED,,-23.188857222474088,-44.0,-4.0,95% CI — weighted bootstrap,25,25,21.85288580769707,1.0976040811565568,0.9414782936804805,1.0,OBSERVED,VALUE,-80,,NOT_APPLICABLE,True,True,-22.065622731599845,-23.188857222474088,-1.1232344908742427,False,UNAVAILABLE,False
NCAAB_H2_1_AUSTIN_TRANSFER_V1,DISCOVERY,8e01765cf3c68869,NCAAB_20260107_MIZZ_UK,KXNCAAMBGAME-26JAN07MIZZUK-UK,2,28,2026-01-08T02:06:00+00:00,DIAGNOSTIC_EVENT,False,,POST_80,HISTORICAL_RECONSTRUCT,ASKED_SIX_FIRST80,85,71,-14,1043,68,69,OBSERVED,,-23.188857222474088,-44.0,-4.0,95% CI — weighted bootstrap,25,25,21.85288580769707,1.0976040811565568,0.9414782936804805,1.0,OBSERVED,VALUE,-80,,NOT_APPLICABLE,True,True,-22.065622731599845,-23.188857222474088,-1.1232344908742427,False,UNAVAILABLE,False
NCAAB_H2_1_AUSTIN_TRANSFER_V1,DISCOVERY,8e01765cf3c68869,NCAAB_20260107_MIZZ_UK,KXNCAAMBGAME-26JAN07MIZZUK-UK,2,28,2026-01-08T02:06:00+00:00,DIAGNOSTIC_EVENT,False,,POST_80,HISTORICAL_RECONSTRUCT,ASKED_SIX_FIRST80,85,71,-14,1043,68,69,OBSERVED,,-23.188857222474088,-44.0,-4.0,95% CI — weighted bootstrap,25,25,21.85288580769707,1.0976040811565568,0.9414782936804805,1.0,OBSERVED,VALUE,-80,,NOT_APPLICABLE,True,True,-22.065622731599845,-23.188857222474088,-1.1232344908742427,False,UNAVAILABLE,False
NCAAB_H2_1_AUSTIN_TRANSFER_V1,DISCOVERY,8e01765cf3c68869,NCAAB_20260107_MIZZ_UK,KXNCAAMBGAME-26JAN07MIZZUK-UK,2,28,2026-01-08T02:06:00+00:00,DIAGNOSTIC_EVENT,False,,POST_80,HISTORICAL_RECONSTRUCT,ASKED_SIX_FIRST80,85,71,-14,1043,68,69,OBSERVED,,-23.188857222474088,-44.0,-4.0,95% CI — weighted bootstrap,25,25,21.85288580769707,1.0976040811565568,0.9414782936804805,1.0,OBSERVED,VALUE,-80,,NOT_APPLICABLE,True,True,-22.065622731599845,-23.188857222474088,-1.1232344908742427,False,UNAVAILABLE,False
NCAAB_H2_1_AUSTIN_TRANSFER_V1,DISCOVERY,8e01765cf3c68869,NCAAB_20260107_MIZZ_UK,KXNCAAMBGAME-26JAN07MIZZUK-UK,2,28,2026-01-08T02:06:00+00:00,DIAGNOSTIC_EVENT,False,,POST_80,HISTORICAL_RECONSTRUCT,ASKED_SIX_FIRST80,85,71,-14,1043,68,69,OBSERVED,,-23.188857222474088,-44.0,-4.0,95% CI — weighted bootstrap,25,25,21.85288580769707,1.0976040811565568,0.9414782936804805,1.0,OBSERVED,VALUE,-80,,NOT_APPLICABLE,True,True,-22.065622731599845,-23.188857222474088,-1.1232344908742427,False,UNAVAILABLE,False
NCAAB_H2_1_AUSTIN_TRANSFER_V1,DISCOVERY,353cff5f8c388641,NCAAB_20260107_ISU_BAY,KXNCAAMBGAME-26JAN07ISUBAY-ISU,1,1200,2026-01-08T01:02:25+00:00,PRE_ENTRY,False,PRE_ENTRY,PRE_80,HISTORICAL_RECONSTRUCT,ASKED_SIX_FIRST80,84,64,,,0,0,,,,,,,,,,,,,,UNAVAILABLE,,,,,,,,,False,UNAVAILABLE,False
NCAAB_H2_1_AUSTIN_TRANSFER_V1,DISCOVERY,353cff5f8c388641,NCAAB_20260107_ISU_BAY,KXNCAAMBGAME-26JAN07ISUBAY-ISU,1,1080,2026-01-08T01:05:40+00:00,PRE_ENTRY,False,PRE_ENTRY,PRE_80,HISTORICAL_RECONSTRUCT,ASKED_SIX_FIRST80,84,64,,,3,0,,,,,,,,,,,,,,UNAVAILABLE,,,,,,,,,False,UNAVAILABLE,False
NCAAB_H2_1_AUSTIN_TRANSFER_V1,DISCOVERY,353cff5f8c388641,NCAAB_20260107_ISU_BAY,KXNCAAMBGAME-26JAN07ISUBAY-ISU,1,960,2026-01-08T01:02:25+00:00,PRE_ENTRY,False,PRE_ENTRY,PRE_80,HISTORICAL_RECONSTRUCT,ASKED_SIX_FIRST80,84,64,,,0,0,,,,,,,,,,,,,,UNAVAILABLE,,,,,,,,,False,UNAVAILABLE,False
NCAAB_H2_1_AUSTIN_TRANSFER_V1,DISCOVERY,353cff5f8c388641,NCAAB_20260107_ISU_BAY,KXNCAAMBGAME-26JAN07ISUBAY-ISU,1,840,2026-01-08T01:02:25+00:00,PRE_ENTRY,False,PRE_ENTRY,PRE_80,HISTORICAL_RECONSTRUCT,ASKED_SIX_FIRST80,84,64,,,0,0,,,,,,,,,,,,,,UNAVAILABLE,,,,,,,,,False,UNAVAILABLE,False
NCAAB_H2_1_AUSTIN_TRANSFER_V1,DISCOVERY,353cff5f8c388641,NCAAB_20260107_ISU_BAY,KXNCAAMBGAME-26JAN07ISUBAY-ISU,1,720,2026-01-08T01:02:25+00:00,PRE_ENTRY,False,PRE_ENTRY,PRE_80,HISTORICAL_RECONSTRUCT,ASKED_SIX_FIRST80,84,64,,,0,0,,,,,,,,,,,,,,UNAVAILABLE,,,,,,,,,False,UNAVAILABLE,False
NCAAB_H2_1_AUSTIN_TRANSFER_V1,DISCOVERY,353cff5f8c388641,NCAAB_20260107_ISU_BAY,KXNCAAMBGAME-26JAN07ISUBAY-ISU,1,600,2026-01-08T01:02:25+00:00,PRE_ENTRY,False,PRE_ENTRY,PRE_80,HISTORICAL_RECONSTRUCT,ASKED_SIX_FIRST80,84,64,,,0,0,,,,,,,,,,,,,,UNAVAILABLE,,,,,,,,,False,UNAVAILABLE,False
NCAAB_H2_1_AUSTIN_TRANSFER_V1,DISCOVERY,353cff5f8c388641,NCAAB_20260107_ISU_BAY,KXNCAAMBGAME-26JAN07ISUBAY-ISU,1,480,2026-01-08T01:31:20+00:00,PRE_ENTRY,False,PRE_ENTRY,PRE_80,HISTORICAL_RECONSTRUCT,ASKED_SIX_FIRST80,84,62,,,15,13,,,,,,,,,,,,,,UNAVAILABLE,,,,,,,,,False,UNAVAILABLE,False
NCAAB_H2_1_AUSTIN_TRANSFER_V1,DISCOVERY,353cff5f8c388641,NCAAB_20260107_ISU_BAY,KXNCAAMBGAME-26JAN07ISUBAY-ISU,1,360,2026-01-08T01:02:25+00:00,PRE_ENTRY,False,PRE_ENTRY,PRE_80,HISTORICAL_RECONSTRUCT,ASKED_SIX_FIRST80,84,64,,,0,0,,,,,,,,,,,,,,UNAVAILABLE,,,,,,,,,False,UNAVAILABLE,False
NCAAB_H2_1_AUSTIN_TRANSFER_V1,DISCOVERY,353cff5f8c388641,NCAAB_20260107_ISU_BAY,KXNCAAMBGAME-26JAN07ISUBAY-ISU,1,240,2026-01-08T01:45:26+00:00,PRE_ENTRY,False,PRE_ENTRY,PRE_80,HISTORICAL_RECONSTRUCT,ASKED_SIX_FIRST80,84,49,,,23,20,,,,,,,,,,,,,,UNAVAILABLE,,,,,,,,,False,UNAVAILABLE,False
NCAAB_H2_1_AUSTIN_TRANSFER_V1,DISCOVERY,353cff5f8c388641,NCAAB_20260107_ISU_BAY,KXNCAAMBGAME-26JAN07ISUBAY-ISU,1,120,2026-01-08T01:02:25+00:00,PRE_ENTRY,False,PRE_ENTRY,PRE_80,HISTORICAL_RECONSTRUCT,ASKED_SIX_FIRST80,84,64,,,0,0,,,,,,,,,,,,,,UNAVAILABLE,,,,,,,,,False,UNAVAILABLE,False
NCAAB_H2_1_AUSTIN_TRANSFER_V1,DISCOVERY,353cff5f8c388641,NCAAB_20260107_ISU_BAY,KXNCAAMBGAME-26JAN07ISUBAY-ISU,1,0,2026-01-08T02:05:57+00:00,PRE_ENTRY,False,PRE_ENTRY,PRE_80,HISTORICAL_RECONSTRUCT,ASKED_SIX_FIRST80,84,68,,,24,25,,,,,,,,,,,,,,UNAVAILABLE,,,,,,,,,False,UNAVAILABLE,False
NCAAB_H2_1_AUSTIN_TRANSFER_V1,DISCOVERY,353cff5f8c388641,NCAAB_20260107_ISU_BAY,KXNCAAMBGAME-26JAN07ISUBAY-ISU,2,1200,2026-01-08T02:10:08+00:00,PRE_ENTRY,False,PRE_ENTRY,PRE_80,HISTORICAL_RECONSTRUCT,ASKED_SIX_FIRST80,84,67,,,24,25,,,,,,,,,,,,,,UNAVAILABLE,,,,,,,,,False,UNAVAILABLE,False
NCAAB_H2_1_AUSTIN_TRANSFER_V1,DISCOVERY,353cff5f8c388641,NCAAB_20260107_ISU_BAY,KXNCAAMBGAME-26JAN07ISUBAY-ISU,2,1080,2026-01-08T02:10:08+00:00,PRE_ENTRY,False,PRE_ENTRY,PRE_80,HISTORICAL_RECONSTRUCT,ASKED_SIX_FIRST80,84,67,,,24,25,,,,,,,,,,,,,,UNAVAILABLE,,,,,,,,,False,UNAVAILABLE,False
NCAAB_H2_1_AUSTIN_TRANSFER_V1,DISCOVERY,353cff5f8c388641,NCAAB_20260107_ISU_BAY,KXNCAAMBGAME-26JAN07ISUBAY-ISU,2,960,2026-01-08T02:10:08+00:00,PRIMARY_GRID,True,,PRE_80,HISTORICAL_RECONSTRUCT,NONE,,67,,,24,25,INSUFFICIENT_SAMPLE,NO_ENTRY_IN_FITTED_SPACE,,,,95% CI — weighted bootstrap,25,,,,,0.30434782608695654,UNAVAILABLE,NOT_APPLICABLE,20,20,VALUE,False,False,,,,False,UNAVAILABLE,False
NCAAB_H2_1_AUSTIN_TRANSFER_V1,DISCOVERY,353cff5f8c388641,NCAAB_20260107_ISU_BAY,KXNCAAMBGAME-26JAN07ISUBAY-ISU,2,840,2026-01-08T02:10:08+00:00,PRIMARY_GRID,True,,PRE_80,HISTORICAL_RECONSTRUCT,NONE,,67,,,24,25,INSUFFICIENT_SAMPLE,NO_ENTRY_IN_FITTED_SPACE,,,,95% CI — weighted bootstrap,25,,,,,0.30434782608695654,UNAVAILABLE,NOT_APPLICABLE,20,20,VALUE,False,False,,,,False,UNAVAILABLE,False
NCAAB_H2_1_AUSTIN_TRANSFER_V1,DISCOVERY,353cff5f8c388641,NCAAB_20260107_ISU_BAY,KXNCAAMBGAME-26JAN07ISUBAY-ISU,2,720,2026-01-08T02:10:08+00:00,PRIMARY_GRID,True,,PRE_80,HISTORICAL_RECONSTRUCT,NONE,,67,,,24,25,INSUFFICIENT_SAMPLE,NO_ENTRY_IN_FITTED_SPACE,,,,95% CI — weighted bootstrap,25,,,,,0.30434782608695654,UNAVAILABLE,NOT_APPLICABLE,20,20,VALUE,False,False,,,,False,UNAVAILABLE,False
NCAAB_H2_1_AUSTIN_TRANSFER_V1,DISCOVERY,353cff5f8c388641,NCAAB_20260107_ISU_BAY,KXNCAAMBGAME-26JAN07ISUBAY-ISU,2,600,2026-01-08T02:10:08+00:00,PRIMARY_GRID,True,,PRE_80,HISTORICAL_RECONSTRUCT,NONE,,67,,,24,25,INSUFFICIENT_SAMPLE,NO_ENTRY_IN_FITTED_SPACE,,,,95% CI — weighted bootstrap,25,,,,,0.30434782608695654,UNAVAILABLE,NOT_APPLICABLE,20,20,VALUE,False,False,,,,False,UNAVAILABLE,False
NCAAB_H2_1_AUSTIN_TRANSFER_V1,DISCOVERY,353cff5f8c388641,NCAAB_20260107_ISU_BAY,KXNCAAMBGAME-26JAN07ISUBAY-ISU,2,480,2026-01-08T02:10:08+00:00,PRIMARY_GRID,True,,PRE_80,HISTORICAL_RECONSTRUCT,NONE,,67,,,24,25,INSUFFICIENT_SAMPLE,NO_ENTRY_IN_FITTED_SPACE,,,,95% CI — weighted bootstrap,25,,,,,0.30434782608695654,UNAVAILABLE,NOT_APPLICABLE,20,20,VALUE,False,False,,,,False,UNAVAILABLE,False
NCAAB_H2_1_AUSTIN_TRANSFER_V1,DISCOVERY,353cff5f8c388641,NCAAB_20260107_ISU_BAY,KXNCAAMBGAME-26JAN07ISUBAY-ISU,2,360,2026-01-08T02:10:08+00:00,PRIMARY_GRID,True,,PRE_80,HISTORICAL_RECONSTRUCT,NONE,,67,,,24,25,INSUFFICIENT_SAMPLE,NO_ENTRY_IN_FITTED_SPACE,,,,95% CI — weighted bootstrap,25,,,,,0.30434782608695654,UNAVAILABLE,NOT_APPLICABLE,20,20,VALUE,False,False,,,,False,UNAVAILABLE,False
NCAAB_H2_1_AUSTIN_TRANSFER_V1,DISCOVERY,353cff5f8c388641,NCAAB_20260107_ISU_BAY,KXNCAAMBGAME-26JAN07ISUBAY-ISU,2,240,2026-01-08T02:10:08+00:00,PRIMARY_GRID,True,,PRE_80,HISTORICAL_RECONSTRUCT,NONE,,67,,,24,25,INSUFFICIENT_SAMPLE,NO_ENTRY_IN_FITTED_SPACE,,,,95% CI — weighted bootstrap,25,,,,,0.30434782608695654,UNAVAILABLE,NOT_APPLICABLE,20,20,VALUE,False,False,,,,False,UNAVAILABLE,False
NCAAB_H2_1_AUSTIN_TRANSFER_V1,DISCOVERY,353cff5f8c388641,NCAAB_20260107_ISU_BAY,KXNCAAMBGAME-26JAN07ISUBAY-ISU,2,120,2026-01-08T02:10:08+00:00,PRIMARY_GRID,True,,PRE_80,HISTORICAL_RECONSTRUCT,NONE,,67,,,24,25,INSUFFICIENT_SAMPLE,NO_ENTRY_IN_FITTED_SPACE,,,,95% CI — weighted bootstrap,25,,,,,0.30434782608695654,UNAVAILABLE,NOT_APPLICABLE,20,20,VALUE,False,False,,,,False,UNAVAILABLE,False
NCAAB_H2_1_AUSTIN_TRANSFER_V1,DISCOVERY,353cff5f8c388641,NCAAB_20260107_ISU_BAY,KXNCAAMBGAME-26JAN07ISUBAY-ISU,2,0,2026-01-08T03:10:43+00:00,PRIMARY_GRID,True,,POST_80,HISTORICAL_RECONSTRUCT,ASKED_SIX_FIRST80,84,99,15,1070,60,70,OBSERVED,,5.46357392400262,-8.0,16.0,95% CI — weighted bootstrap,25,25,24.601436127808718,0.984969281093448,0.9632557963488249,1.0,OBSERVED,VALUE,20,,NOT_APPLICABLE,True,True,5.46357392400262,5.46357392400262,0.0,False,UNAVAILABLE,False
NCAAB_H2_1_AUSTIN_TRANSFER_V1,DISCOVERY,353cff5f8c388641,NCAAB_20260107_ISU_BAY,KXNCAAMBGAME-26JAN07ISUBAY-ISU,2,1070,2026-01-08T02:15:00+00:00,DIAGNOSTIC_EVENT,False,,POST_80,HISTORICAL_RECONSTRUCT,ASKED_SIX_FIRST80,84,76,-8,0,24,32,OBSERVED,,-5.875422564380099,-24.0,8.0,95% CI — weighted bootstrap,25,25,24.8267361270855,1.607299297396139,1.5733607044769247,0.7246376811594203,OBSERVED,VALUE,20,,NOT_APPLICABLE,True,True,5.46357392400262,-5.875422564380099,-11.338996488382719,False,UNAVAILABLE,False
NCAAB_H2_1_AUSTIN_TRANSFER_V1,DISCOVERY,303a8a5d4ba680ce,NCAAB_20260108_OSU_ORE,KXNCAAMBGAME-26JAN08OSUORE-OSU,1,1200,2026-01-09T03:40:23+00:00,PRE_ENTRY,False,PRE_ENTRY,PRE_80,HISTORICAL_RECONSTRUCT,ASKED_SIX_FIRST80,83,45,,,0,0,,,,,,,,,,,,,,UNAVAILABLE,,,,,,,,,False,UNAVAILABLE,False
NCAAB_H2_1_AUSTIN_TRANSFER_V1,DISCOVERY,303a8a5d4ba680ce,NCAAB_20260108_OSU_ORE,KXNCAAMBGAME-26JAN08OSUORE-OSU,1,1080,2026-01-09T03:40:23+00:00,PRE_ENTRY,False,PRE_ENTRY,PRE_80,HISTORICAL_RECONSTRUCT,ASKED_SIX_FIRST80,83,45,,,0,0,,,,,,,,,,,,,,UNAVAILABLE,,,,,,,,,False,UNAVAILABLE,False
NCAAB_H2_1_AUSTIN_TRANSFER_V1,DISCOVERY,303a8a5d4ba680ce,NCAAB_20260108_OSU_ORE,KXNCAAMBGAME-26JAN08OSUORE-OSU,1,960,2026-01-09T03:45:40+00:00,PRE_ENTRY,False,PRE_ENTRY,PRE_80,HISTORICAL_RECONSTRUCT,ASKED_SIX_FIRST80,83,47,,,2,7,,,,,,,,,,,,,,UNAVAILABLE,,,,,,,,,False,UNAVAILABLE,False
NCAAB_H2_1_AUSTIN_TRANSFER_V1,DISCOVERY,303a8a5d4ba680ce,NCAAB_20260108_OSU_ORE,KXNCAAMBGAME-26JAN08OSUORE-OSU,1,840,2026-01-09T03:52:16+00:00,PRE_ENTRY,False,PRE_ENTRY,PRE_80,HISTORICAL_RECONSTRUCT,ASKED_SIX_FIRST80,83,51,,,4,10,,,,,,,,,,,,,,UNAVAILABLE,,,,,,,,,False,UNAVAILABLE,False
NCAAB_H2_1_AUSTIN_TRANSFER_V1,DISCOVERY,303a8a5d4ba680ce,NCAAB_20260108_OSU_ORE,KXNCAAMBGAME-26JAN08OSUORE-OSU,1,720,2026-01-09T03:40:23+00:00,PRE_ENTRY,False,PRE_ENTRY,PRE_80,HISTORICAL_RECONSTRUCT,ASKED_SIX_FIRST80,83,45,,,0,0,,,,,,,,,,,,,,UNAVAILABLE,,,,,,,,,False,UNAVAILABLE,False
NCAAB_H2_1_AUSTIN_TRANSFER_V1,DISCOVERY,303a8a5d4ba680ce,NCAAB_20260108_OSU_ORE,KXNCAAMBGAME-26JAN08OSUORE-OSU,1,600,2026-01-09T03:40:23+00:00,PRE_ENTRY,False,PRE_ENTRY,PRE_80,HISTORICAL_RECONSTRUCT,ASKED_SIX_FIRST80,83,45,,,0,0,,,,,,,,,,,,,,UNAVAILABLE,,,,,,,,,False,UNAVAILABLE,False
NCAAB_H2_1_AUSTIN_TRANSFER_V1,DISCOVERY,303a8a5d4ba680ce,NCAAB_20260108_OSU_ORE,KXNCAAMBGAME-26JAN08OSUORE-OSU,1,480,2026-01-09T04:08:58+00:00,PRE_ENTRY,False,PRE_ENTRY,PRE_80,HISTORICAL_RECONSTRUCT,ASKED_SIX_FIRST80,83,61,,,11,18,,,,,,,,,,,,,,UNAVAILABLE,,,,,,,,,False,UNAVAILABLE,False
NCAAB_H2_1_AUSTIN_TRANSFER_V1,DISCOVERY,303a8a5d4ba680ce,NCAAB_20260108_OSU_ORE,KXNCAAMBGAME-26JAN08OSUORE-OSU,1,360,2026-01-09T03:40:23+00:00,PRE_ENTRY,False,PRE_ENTRY,PRE_80,HISTORICAL_RECONSTRUCT,ASKED_SIX_FIRST80,83,45,,,0,0,,,,,,,,,,,,,,UNAVAILABLE,,,,,,,,,False,UNAVAILABLE,False
NCAAB_H2_1_AUSTIN_TRANSFER_V1,DISCOVERY,303a8a5d4ba680ce,NCAAB_20260108_OSU_ORE,KXNCAAMBGAME-26JAN08OSUORE-OSU,1,240,2026-01-09T03:40:23+00:00,PRE_ENTRY,False,PRE_ENTRY,PRE_80,HISTORICAL_RECONSTRUCT,ASKED_SIX_FIRST80,83,45,,,0,0,,,,,,,,,,,,,,UNAVAILABLE,,,,,,,,,False,UNAVAILABLE,False
NCAAB_H2_1_AUSTIN_TRANSFER_V1,DISCOVERY,303a8a5d4ba680ce,NCAAB_20260108_OSU_ORE,KXNCAAMBGAME-26JAN08OSUORE-OSU,1,120,2026-01-09T03:40:23+00:00,PRE_ENTRY,False,PRE_ENTRY,PRE_80,HISTORICAL_RECONSTRUCT,ASKED_SIX_FIRST80,83,45,,,0,0,,,,,,,,,,,,,,UNAVAILABLE,,,,,,,,,False,UNAVAILABLE,False
NCAAB_H2_1_AUSTIN_TRANSFER_V1,DISCOVERY,303a8a5d4ba680ce,NCAAB_20260108_OSU_ORE,KXNCAAMBGAME-26JAN08OSUORE-OSU,1,0,2026-01-09T04:29:09+00:00,PRE_ENTRY,False,PRE_ENTRY,PRE_80,HISTORICAL_RECONSTRUCT,ASKED_SIX_FIRST80,83,63,,,29,34,,,,,,,,,,,,,,UNAVAILABLE,,,,,,,,,False,UNAVAILABLE,False
NCAAB_H2_1_AUSTIN_TRANSFER_V1,DISCOVERY,303a8a5d4ba680ce,NCAAB_20260108_OSU_ORE,KXNCAAMBGAME-26JAN08OSUORE-OSU,2,1200,2026-01-09T04:41:52+00:00,PRE_ENTRY,False,PRE_ENTRY,PRE_80,HISTORICAL_RECONSTRUCT,ASKED_SIX_FIRST80,83,62,,,29,34,,,,,,,,,,,,,,UNAVAILABLE,,,,,,,,,False,UNAVAILABLE,False
NCAAB_H2_1_AUSTIN_TRANSFER_V1,DISCOVERY,303a8a5d4ba680ce,NCAAB_20260108_OSU_ORE,KXNCAAMBGAME-26JAN08OSUORE-OSU,2,1080,2026-01-09T04:41:52+00:00,PRE_ENTRY,False,PRE_ENTRY,PRE_80,HISTORICAL_RECONSTRUCT,ASKED_SIX_FIRST80,83,62,,,29,34,,,,,,,,,,,,,,UNAVAILABLE,,,,,,,,,False,UNAVAILABLE,False
NCAAB_H2_1_AUSTIN_TRANSFER_V1,DISCOVERY,303a8a5d4ba680ce,NCAAB_20260108_OSU_ORE,KXNCAAMBGAME-26JAN08OSUORE-OSU,2,960,2026-01-09T04:41:52+00:00,PRE_ENTRY,False,PRE_ENTRY,PRE_80,HISTORICAL_RECONSTRUCT,ASKED_SIX_FIRST80,83,62,,,29,34,,,,,,,,,,,,,,UNAVAILABLE,,,,,,,,,False,UNAVAILABLE,False
NCAAB_H2_1_AUSTIN_TRANSFER_V1,DISCOVERY,303a8a5d4ba680ce,NCAAB_20260108_OSU_ORE,KXNCAAMBGAME-26JAN08OSUORE-OSU,2,840,2026-01-09T04:41:52+00:00,PRE_ENTRY,False,PRE_ENTRY,PRE_80,HISTORICAL_RECONSTRUCT,ASKED_SIX_FIRST80,83,62,,,29,34,,,,,,,,,,,,,,UNAVAILABLE,,,,,,,,,False,UNAVAILABLE,False
NCAAB_H2_1_AUSTIN_TRANSFER_V1,DISCOVERY,303a8a5d4ba680ce,NCAAB_20260108_OSU_ORE,KXNCAAMBGAME-26JAN08OSUORE-OSU,2,720,2026-01-09T04:41:52+00:00,PRE_ENTRY,False,PRE_ENTRY,PRE_80,HISTORICAL_RECONSTRUCT,ASKED_SIX_FIRST80,83,62,,,29,34,,,,,,,,,,,,,,UNAVAILABLE,,,,,,,,,False,UNAVAILABLE,False
NCAAB_H2_1_AUSTIN_TRANSFER_V1,DISCOVERY,303a8a5d4ba680ce,NCAAB_20260108_OSU_ORE,KXNCAAMBGAME-26JAN08OSUORE-OSU,2,600,2026-01-09T04:41:52+00:00,PRIMARY_GRID,True,,PRE_80,HISTORICAL_RECONSTRUCT,NONE,,62,,,29,34,INSUFFICIENT_SAMPLE,NO_ENTRY_IN_FITTED_SPACE,,,,95% CI — weighted bootstrap,25,,,,,0.30434782608695654,UNAVAILABLE,NOT_APPLICABLE,20,20,VALUE,False,False,,,,False,UNAVAILABLE,False
NCAAB_H2_1_AUSTIN_TRANSFER_V1,DISCOVERY,303a8a5d4ba680ce,NCAAB_20260108_OSU_ORE,KXNCAAMBGAME-26JAN08OSUORE-OSU,2,480,2026-01-09T04:41:52+00:00,PRIMARY_GRID,True,,PRE_80,HISTORICAL_RECONSTRUCT,NONE,,62,,,29,34,INSUFFICIENT_SAMPLE,NO_ENTRY_IN_FITTED_SPACE,,,,95% CI — weighted bootstrap,25,,,,,0.30434782608695654,UNAVAILABLE,NOT_APPLICABLE,20,20,VALUE,False,False,,,,False,UNAVAILABLE,False
NCAAB_H2_1_AUSTIN_TRANSFER_V1,DISCOVERY,303a8a5d4ba680ce,NCAAB_20260108_OSU_ORE,KXNCAAMBGAME-26JAN08OSUORE-OSU,2,360,2026-01-09T04:41:52+00:00,PRIMARY_GRID,True,,PRE_80,HISTORICAL_RECONSTRUCT,NONE,,62,,,29,34,INSUFFICIENT_SAMPLE,NO_ENTRY_IN_FITTED_SPACE,,,,95% CI — weighted bootstrap,25,,,,,0.30434782608695654,UNAVAILABLE,NOT_APPLICABLE,20,20,VALUE,False,False,,,,False,UNAVAILABLE,False
NCAAB_H2_1_AUSTIN_TRANSFER_V1,DISCOVERY,303a8a5d4ba680ce,NCAAB_20260108_OSU_ORE,KXNCAAMBGAME-26JAN08OSUORE-OSU,2,240,2026-01-09T05:27:53+00:00,PRIMARY_GRID,True,,POST_80,HISTORICAL_RECONSTRUCT,ASKED_SIX_FIRST80,83,99,16,475,53,69,OBSERVED,,20.0,20.0,20.0,95% CI — weighted bootstrap,25,25,24.77482829121298,0.8275171689623524,0.8327386291815219,0.9855072463768116,OBSERVED,VALUE,20,,NOT_APPLICABLE,True,True,20.0,20.0,0.0,False,UNAVAILABLE,False
NCAAB_H2_1_AUSTIN_TRANSFER_V1,DISCOVERY,303a8a5d4ba680ce,NCAAB_20260108_OSU_ORE,KXNCAAMBGAME-26JAN08OSUORE-OSU,2,120,2026-01-09T04:41:52+00:00,PRIMARY_GRID,True,,PRE_80,HISTORICAL_RECONSTRUCT,NONE,,62,,,29,34,INSUFFICIENT_SAMPLE,NO_ENTRY_IN_FITTED_SPACE,,,,95% CI — weighted bootstrap,25,,,,,0.30434782608695654,UNAVAILABLE,NOT_APPLICABLE,20,20,VALUE,False,False,20.0,,,False,UNAVAILABLE,False
NCAAB_H2_1_AUSTIN_TRANSFER_V1,DISCOVERY,303a8a5d4ba680ce,NCAAB_20260108_OSU_ORE,KXNCAAMBGAME-26JAN08OSUORE-OSU,2,0,2026-01-09T05:43:43+00:00,PRIMARY_GRID,True,,POST_80,HISTORICAL_RECONSTRUCT,ASKED_SIX_FIRST80,83,99,16,715,62,72,OBSERVED,,1.6396671062771215,-12.0,16.0,95% CI — weighted bootstrap,25,25,24.777367794561965,0.8097997016475444,0.7949208145398642,1.0,OBSERVED,VALUE,20,,NOT_APPLICABLE,True,True,20.0,1.6396671062771215,-18.360332893722877,False,UNAVAILABLE,False
NCAAB_H2_1_AUSTIN_TRANSFER_V1,DISCOVERY,303a8a5d4ba680ce,NCAAB_20260108_OSU_ORE,KXNCAAMBGAME-26JAN08OSUORE-OSU,2,715,2026-01-09T05:03:00+00:00,DIAGNOSTIC_EVENT,False,,POST_80,HISTORICAL_RECONSTRUCT,ASKED_SIX_FIRST80,83,77,-6,0,43,51,OBSERVED,,1.6976847398512032,-16.0,16.0,95% CI — weighted bootstrap,25,25,21.85292330128892,0.9722583102060617,0.8478854597054234,0.7246376811594203,OBSERVED,VALUE,20,,NOT_APPLICABLE,True,True,20.0,1.6976847398512032,-18.302315260148795,False,UNAVAILABLE,False
NCAAB_H2_1_AUSTIN_TRANSFER_V1,DISCOVERY,b56311a044354b03,NCAAB_20260109_USC_MINN,KXNCAAMBGAME-26JAN09USCMINN-USC,1,1200,2026-01-10T01:33:38+00:00,PRE_ENTRY,False,PRE_ENTRY,PRE_80,HISTORICAL_RECONSTRUCT,ASKED_SIX_FIRST80,84,39,,,0,0,,,,,,,,,,,,,,UNAVAILABLE,,,,,,,,,False,UNAVAILABLE,False
NCAAB_H2_1_AUSTIN_TRANSFER_V1,DISCOVERY,b56311a044354b03,NCAAB_20260109_USC_MINN,KXNCAAMBGAME-26JAN09USCMINN-USC,1,1080,2026-01-10T01:33:38+00:00,PRE_ENTRY,False,PRE_ENTRY,PRE_80,HISTORICAL_RECONSTRUCT,ASKED_SIX_FIRST80,84,39,,,0,0,,,,,,,,,,,,,,UNAVAILABLE,,,,,,,,,False,UNAVAILABLE,False
NCAAB_H2_1_AUSTIN_TRANSFER_V1,DISCOVERY,b56311a044354b03,NCAAB_20260109_USC_MINN,KXNCAAMBGAME-26JAN09USCMINN-USC,1,960,2026-01-10T01:33:38+00:00,PRE_ENTRY,False,PRE_ENTRY,PRE_80,HISTORICAL_RECONSTRUCT,ASKED_SIX_FIRST80,84,39,,,0,0,,,,,,,,,,,,,,UNAVAILABLE,,,,,,,,,False,UNAVAILABLE,False
NCAAB_H2_1_AUSTIN_TRANSFER_V1,DISCOVERY,b56311a044354b03,NCAAB_20260109_USC_MINN,KXNCAAMBGAME-26JAN09USCMINN-USC,1,840,2026-01-10T01:33:38+00:00,PRE_ENTRY,False,PRE_ENTRY,PRE_80,HISTORICAL_RECONSTRUCT,ASKED_SIX_FIRST80,84,39,,,0,0,,,,,,,,,,,,,,UNAVAILABLE,,,,,,,,,False,UNAVAILABLE,False
NCAAB_H2_1_AUSTIN_TRANSFER_V1,DISCOVERY,b56311a044354b03,NCAAB_20260109_USC_MINN,KXNCAAMBGAME-26JAN09USCMINN-USC,1,720,2026-01-10T01:33:38+00:00,PRE_ENTRY,False,PRE_ENTRY,PRE_80,HISTORICAL_RECONSTRUCT,ASKED_SIX_FIRST80,84,39,,,0,0,,,,,,,,,,,,,,UNAVAILABLE,,,,,,,,,False,UNAVAILABLE,False
NCAAB_H2_1_AUSTIN_TRANSFER_V1,DISCOVERY,b56311a044354b03,NCAAB_20260109_USC_MINN,KXNCAAMBGAME-26JAN09USCMINN-USC,1,600,2026-01-10T01:54:25+00:00,PRE_ENTRY,False,PRE_ENTRY,PRE_80,HISTORICAL_RECONSTRUCT,ASKED_SIX_FIRST80,84,41,,,22,21,,,,,,,,,,,,,,UNAVAILABLE,,,,,,,,,False,UNAVAILABLE,False
NCAAB_H2_1_AUSTIN_TRANSFER_V1,DISCOVERY,b56311a044354b03,NCAAB_20260109_USC_MINN,KXNCAAMBGAME-26JAN09USCMINN-USC,1,480,2026-01-10T01:57:53+00:00,PRE_ENTRY,False,PRE_ENTRY,PRE_80,HISTORICAL_RECONSTRUCT,ASKED_SIX_FIRST80,84,41,,,22,21,,,,,,,,,,,,,,UNAVAILABLE,,,,,,,,,False,UNAVAILABLE,False
NCAAB_H2_1_AUSTIN_TRANSFER_V1,DISCOVERY,b56311a044354b03,NCAAB_20260109_USC_MINN,KXNCAAMBGAME-26JAN09USCMINN-USC,1,360,2026-01-10T01:33:38+00:00,PRE_ENTRY,False,PRE_ENTRY,PRE_80,HISTORICAL_RECONSTRUCT,ASKED_SIX_FIRST80,84,39,,,0,0,,,,,,,,,,,,,,UNAVAILABLE,,,,,,,,,False,UNAVAILABLE,False
NCAAB_H2_1_AUSTIN_TRANSFER_V1,DISCOVERY,b56311a044354b03,NCAAB_20260109_USC_MINN,KXNCAAMBGAME-26JAN09USCMINN-USC,1,240,2026-01-10T01:33:38+00:00,PRE_ENTRY,False,PRE_ENTRY,PRE_80,HISTORICAL_RECONSTRUCT,ASKED_SIX_FIRST80,84,39,,,0,0,,,,,,,,,,,,,,UNAVAILABLE,,,,,,,,,False,UNAVAILABLE,False
NCAAB_H2_1_AUSTIN_TRANSFER_V1,DISCOVERY,b56311a044354b03,NCAAB_20260109_USC_MINN,KXNCAAMBGAME-26JAN09USCMINN-USC,1,120,2026-01-10T01:33:38+00:00,PRE_ENTRY,False,PRE_ENTRY,PRE_80,HISTORICAL_RECONSTRUCT,ASKED_SIX_FIRST80,84,39,,,0,0,,,,,,,,,,,,,,UNAVAILABLE,,,,,,,,,False,UNAVAILABLE,False
NCAAB_H2_1_AUSTIN_TRANSFER_V1,DISCOVERY,b56311a044354b03,NCAAB_20260109_USC_MINN,KXNCAAMBGAME-26JAN09USCMINN-USC,1,0,2026-01-10T02:17:57+00:00,PRE_ENTRY,False,PRE_ENTRY,PRE_80,HISTORICAL_RECONSTRUCT,ASKED_SIX_FIRST80,84,64,,,30,35,,,,,,,,,,,,,,UNAVAILABLE,,,,,,,,,False,UNAVAILABLE,False
NCAAB_H2_1_AUSTIN_TRANSFER_V1,DISCOVERY,b56311a044354b03,NCAAB_20260109_USC_MINN,KXNCAAMBGAME-26JAN09USCMINN-USC,2,1200,2026-01-10T02:31:38+00:00,PRE_ENTRY,False,PRE_ENTRY,PRE_80,HISTORICAL_RECONSTRUCT,ASKED_SIX_FIRST80,84,58,,,30,35,,,,,,,,,,,,,,UNAVAILABLE,,,,,,,,,False,UNAVAILABLE,False
NCAAB_H2_1_AUSTIN_TRANSFER_V1,DISCOVERY,b56311a044354b03,NCAAB_20260109_USC_MINN,KXNCAAMBGAME-26JAN09USCMINN-USC,2,1080,2026-01-10T02:31:38+00:00,PRE_ENTRY,False,PRE_ENTRY,PRE_80,HISTORICAL_RECONSTRUCT,ASKED_SIX_FIRST80,84,58,,,30,35,,,,,,,,,,,,,,UNAVAILABLE,,,,,,,,,False,UNAVAILABLE,False
NCAAB_H2_1_AUSTIN_TRANSFER_V1,DISCOVERY,b56311a044354b03,NCAAB_20260109_USC_MINN,KXNCAAMBGAME-26JAN09USCMINN-USC,2,960,2026-01-10T02:31:38+00:00,PRE_ENTRY,False,PRE_ENTRY,PRE_80,HISTORICAL_RECONSTRUCT,ASKED_SIX_FIRST80,84,58,,,30,35,,,,,,,,,,,,,,UNAVAILABLE,,,,,,,,,False,UNAVAILABLE,False
NCAAB_H2_1_AUSTIN_TRANSFER_V1,DISCOVERY,b56311a044354b03,NCAAB_20260109_USC_MINN,KXNCAAMBGAME-26JAN09USCMINN-USC,2,840,2026-01-10T02:31:38+00:00,PRE_ENTRY,False,PRE_ENTRY,PRE_80,HISTORICAL_RECONSTRUCT,ASKED_SIX_FIRST80,84,58,,,30,35,,,,,,,,,,,,,,UNAVAILABLE,,,,,,,,,False,UNAVAILABLE,False
NCAAB_H2_1_AUSTIN_TRANSFER_V1,DISCOVERY,b56311a044354b03,NCAAB_20260109_USC_MINN,KXNCAAMBGAME-26JAN09USCMINN-USC,2,720,2026-01-10T02:31:38+00:00,PRE_ENTRY,False,PRE_ENTRY,PRE_80,HISTORICAL_RECONSTRUCT,ASKED_SIX_FIRST80,84,58,,,30,35,,,,,,,,,,,,,,UNAVAILABLE,,,,,,,,,False,UNAVAILABLE,False
NCAAB_H2_1_AUSTIN_TRANSFER_V1,DISCOVERY,b56311a044354b03,NCAAB_20260109_USC_MINN,KXNCAAMBGAME-26JAN09USCMINN-USC,2,600,2026-01-10T02:31:38+00:00,PRIMARY_GRID,True,,PRE_80,HISTORICAL_RECONSTRUCT,NONE,,58,,,30,35,INSUFFICIENT_SAMPLE,NO_ENTRY_IN_FITTED_SPACE,,,,95% CI — weighted bootstrap,25,,,,,0.30434782608695654,UNAVAILABLE,NOT_APPLICABLE,20,20,VALUE,False,False,,,,False,UNAVAILABLE,False
NCAAB_H2_1_AUSTIN_TRANSFER_V1,DISCOVERY,b56311a044354b03,NCAAB_20260109_USC_MINN,KXNCAAMBGAME-26JAN09USCMINN-USC,2,480,2026-01-10T02:31:38+00:00,PRIMARY_GRID,True,,PRE_80,HISTORICAL_RECONSTRUCT,NONE,,58,,,30,35,INSUFFICIENT_SAMPLE,NO_ENTRY_IN_FITTED_SPACE,,,,95% CI — weighted bootstrap,25,,,,,0.30434782608695654,UNAVAILABLE,NOT_APPLICABLE,20,20,VALUE,False,False,,,,False,UNAVAILABLE,False
NCAAB_H2_1_AUSTIN_TRANSFER_V1,DISCOVERY,b56311a044354b03,NCAAB_20260109_USC_MINN,KXNCAAMBGAME-26JAN09USCMINN-USC,2,360,2026-01-10T02:31:38+00:00,PRIMARY_GRID,True,,PRE_80,HISTORICAL_RECONSTRUCT,NONE,,58,,,30,35,INSUFFICIENT_SAMPLE,NO_ENTRY_IN_FITTED_SPACE,,,,95% CI — weighted bootstrap,25,,,,,0.30434782608695654,UNAVAILABLE,NOT_APPLICABLE,20,20,VALUE,False,False,,,,False,UNAVAILABLE,False
NCAAB_H2_1_AUSTIN_TRANSFER_V1,DISCOVERY,b56311a044354b03,NCAAB_20260109_USC_MINN,KXNCAAMBGAME-26JAN09USCMINN-USC,2,240,2026-01-10T02:31:38+00:00,PRIMARY_GRID,True,,PRE_80,HISTORICAL_RECONSTRUCT,NONE,,58,,,30,35,INSUFFICIENT_SAMPLE,NO_ENTRY_IN_FITTED_SPACE,,,,95% CI — weighted bootstrap,25,,,,,0.30434782608695654,UNAVAILABLE,NOT_APPLICABLE,20,20,VALUE,False,False,,,,False,UNAVAILABLE,False
NCAAB_H2_1_AUSTIN_TRANSFER_V1,DISCOVERY,b56311a044354b03,NCAAB_20260109_USC_MINN,KXNCAAMBGAME-26JAN09USCMINN-USC,2,120,2026-01-10T02:31:38+00:00,PRIMARY_GRID,True,,PRE_80,HISTORICAL_RECONSTRUCT,NONE,,58,,,30,35,INSUFFICIENT_SAMPLE,NO_ENTRY_IN_FITTED_SPACE,,,,95% CI — weighted bootstrap,25,,,,,0.30434782608695654,UNAVAILABLE,NOT_APPLICABLE,20,20,VALUE,False,False,,,,False,UNAVAILABLE,False
NCAAB_H2_1_AUSTIN_TRANSFER_V1,DISCOVERY,b56311a044354b03,NCAAB_20260109_USC_MINN,KXNCAAMBGAME-26JAN09USCMINN-USC,2,0,2026-01-10T03:43:47+00:00,PRIMARY_GRID,True,,POST_80,HISTORICAL_RECONSTRUCT,ASKED_SIX_FIRST80,84,56,-28,669,63,63,OBSERVED,,-71.85154316702548,-80.0,-60.0,95% CI — weighted bootstrap,25,25,20.290291702354953,0.3097475490606384,0.5725737014583393,1.0,OBSERVED,VALUE,20,,NOT_APPLICABLE,True,True,-71.85154316702548,-71.85154316702548,0.0,False,UNAVAILABLE,False
NCAAB_H2_1_AUSTIN_TRANSFER_V1,DISCOVERY,b56311a044354b03,NCAAB_20260109_USC_MINN,KXNCAAMBGAME-26JAN09USCMINN-USC,3,300,2026-01-10T03:45:39+00:00,PRIMARY_GRID,True,,POST_80,HISTORICAL_RECONSTRUCT,ASKED_SIX_FIRST80,84,47,-37,669,63,63,OBSERVED,,-60.53560856490807,-76.0,-44.0,95% CI — weighted bootstrap,25,25,23.427763335487395,1.0177321213118196,0.9726830219124818,1.0,OBSERVED,VALUE,20,,NOT_APPLICABLE,True,True,-71.85154316702548,-60.53560856490807,11.315934602117416,False,UNAVAILABLE,False
NCAAB_H2_1_AUSTIN_TRANSFER_V1,DISCOVERY,b56311a044354b03,NCAAB_20260109_USC_MINN,KXNCAAMBGAME-26JAN09USCMINN-USC,3,180,2026-01-10T03:45:39+00:00,PRIMARY_GRID,True,,POST_80,HISTORICAL_RECONSTRUCT,ASKED_SIX_FIRST80,84,47,-37,669,63,63,OBSERVED,,-60.53560856490807,-76.0,-44.0,95% CI — weighted bootstrap,25,25,23.427763335487395,1.0177321213118196,0.9726830219124818,1.0,OBSERVED,VALUE,20,,NOT_APPLICABLE,True,True,-71.85154316702548,-60.53560856490807,11.315934602117416,False,UNAVAILABLE,False
NCAAB_H2_1_AUSTIN_TRANSFER_V1,DISCOVERY,b56311a044354b03,NCAAB_20260109_USC_MINN,KXNCAAMBGAME-26JAN09USCMINN-USC,3,60,2026-01-10T03:45:39+00:00,PRIMARY_GRID,True,,POST_80,HISTORICAL_RECONSTRUCT,ASKED_SIX_FIRST80,84,47,-37,669,63,63,OBSERVED,,-60.53560856490807,-76.0,-44.0,95% CI — weighted bootstrap,25,25,23.427763335487395,1.0177321213118196,0.9726830219124818,1.0,OBSERVED,VALUE,20,,NOT_APPLICABLE,True,True,-71.85154316702548,-60.53560856490807,11.315934602117416,False,UNAVAILABLE,False
NCAAB_H2_1_AUSTIN_TRANSFER_V1,DISCOVERY,b56311a044354b03,NCAAB_20260109_USC_MINN,KXNCAAMBGAME-26JAN09USCMINN-USC,2,669,2026-01-10T03:02:00+00:00,DIAGNOSTIC_EVENT,False,,POST_80,HISTORICAL_RECONSTRUCT,ASKED_SIX_FIRST80,84,72,-12,0,38,48,OBSERVED,,20.0,20.0,20.0,95% CI — weighted bootstrap,25,25,23.562524360882694,1.1042725176760746,1.025260832702463,0.7246376811594203,OBSERVED,VALUE,20,,NOT_APPLICABLE,True,True,-71.85154316702548,20.0,91.85154316702548,False,UNAVAILABLE,False
NCAAB_H2_1_AUSTIN_TRANSFER_V1,DISCOVERY,b56311a044354b03,NCAAB_20260109_USC_MINN,KXNCAAMBGAME-26JAN09USCMINN-USC,2,106,2026-01-10T03:32:00+00:00,DIAGNOSTIC_EVENT,False,,POST_80,HISTORICAL_RECONSTRUCT,ASKED_SIX_FIRST80,84,75,-9,563,61,62,OBSERVED,,-28.288975159902378,-48.0,-8.0,95% CI — weighted bootstrap,25,25,24.652951412661114,0.95846308769971,0.9367981735604316,0.9855072463768116,OBSERVED,VALUE,20,,NOT_APPLICABLE,True,True,-71.85154316702548,-28.288975159902378,43.562568007123105,False,UNAVAILABLE,False
NCAAB_H2_1_AUSTIN_TRANSFER_V1,DISCOVERY,b56311a044354b03,NCAAB_20260109_USC_MINN,KXNCAAMBGAME-26JAN09USCMINN-USC,2,106,2026-01-10T03:32:00+00:00,DIAGNOSTIC_EVENT,False,,POST_80,HISTORICAL_RECONSTRUCT,ASKED_SIX_FIRST80,84,75,-9,563,61,62,OBSERVED,,-28.288975159902378,-48.0,-8.0,95% CI — weighted bootstrap,25,25,24.652951412661114,0.95846308769971,0.9367981735604316,0.9855072463768116,OBSERVED,VALUE,20,,NOT_APPLICABLE,True,True,-71.85154316702548,-28.288975159902378,43.562568007123105,False,UNAVAILABLE,False
NCAAB_H2_1_AUSTIN_TRANSFER_V1,DISCOVERY,b56311a044354b03,NCAAB_20260109_USC_MINN,KXNCAAMBGAME-26JAN09USCMINN-USC,2,28,2026-01-10T03:38:00+00:00,DIAGNOSTIC_EVENT,False,,POST_80,HISTORICAL_RECONSTRUCT,ASKED_SIX_FIRST80,84,53,-31,641,63,63,OBSERVED,,-72.79659736752735,-80.0,-60.0,95% CI — weighted bootstrap,25,25,22.96765527627411,0.506664887652245,0.6830592110098437,1.0,OBSERVED,VALUE,20,,NOT_APPLICABLE,True,True,-71.85154316702548,-72.79659736752735,-0.9450542005018718,False,UNAVAILABLE,False
NCAAB_H2_1_AUSTIN_TRANSFER_V1,DISCOVERY,b56311a044354b03,NCAAB_20260109_USC_MINN,KXNCAAMBGAME-26JAN09USCMINN-USC,3,106,2026-01-10T03:50:00+00:00,DIAGNOSTIC_EVENT,False,,POST_80,HISTORICAL_RECONSTRUCT,ASKED_SIX_FIRST80,84,49,-35,863,66,66,OBSERVED,,-27.929403002749027,-48.0,-8.0,95% CI — weighted bootstrap,25,25,24.9009184280777,1.1348923530355597,1.1197079621808657,1.0,OBSERVED,VALUE,20,,NOT_APPLICABLE,True,True,-71.85154316702548,-27.929403002749027,43.922140164276456,False,UNAVAILABLE,False
NCAAB_H2_1_AUSTIN_TRANSFER_V1,DISCOVERY,1e55fd6f3005511c,NCAAB_20260110_KU_WVU,KXNCAAMBGAME-26JAN10KUWVU-KU,1,1200,2026-01-10T17:05:26+00:00,PRE_ENTRY,False,PRE_ENTRY,PRE_80,HISTORICAL_RECONSTRUCT,ASKED_SIX_FIRST80,80,55,,,0,0,,,,,,,,,,,,,,UNAVAILABLE,,,,,,,,,False,UNAVAILABLE,False
NCAAB_H2_1_AUSTIN_TRANSFER_V1,DISCOVERY,1e55fd6f3005511c,NCAAB_20260110_KU_WVU,KXNCAAMBGAME-26JAN10KUWVU-KU,1,1080,2026-01-10T17:05:26+00:00,PRE_ENTRY,False,PRE_ENTRY,PRE_80,HISTORICAL_RECONSTRUCT,ASKED_SIX_FIRST80,80,55,,,0,0,,,,,,,,,,,,,,UNAVAILABLE,,,,,,,,,False,UNAVAILABLE,False
NCAAB_H2_1_AUSTIN_TRANSFER_V1,DISCOVERY,1e55fd6f3005511c,NCAAB_20260110_KU_WVU,KXNCAAMBGAME-26JAN10KUWVU-KU,1,960,2026-01-10T17:05:26+00:00,PRE_ENTRY,False,PRE_ENTRY,PRE_80,HISTORICAL_RECONSTRUCT,ASKED_SIX_FIRST80,80,55,,,0,0,,,,,,,,,,,,,,UNAVAILABLE,,,,,,,,,False,UNAVAILABLE,False
NCAAB_H2_1_AUSTIN_TRANSFER_V1,DISCOVERY,1e55fd6f3005511c,NCAAB_20260110_KU_WVU,KXNCAAMBGAME-26JAN10KUWVU-KU,1,840,2026-01-10T17:05:26+00:00,PRE_ENTRY,False,PRE_ENTRY,PRE_80,HISTORICAL_RECONSTRUCT,ASKED_SIX_FIRST80,80,55,,,0,0,,,,,,,,,,,,,,UNAVAILABLE,,,,,,,,,False,UNAVAILABLE,False
NCAAB_H2_1_AUSTIN_TRANSFER_V1,DISCOVERY,1e55fd6f3005511c,NCAAB_20260110_KU_WVU,KXNCAAMBGAME-26JAN10KUWVU-KU,1,720,2026-01-10T17:05:26+00:00,PRE_ENTRY,False,PRE_ENTRY,PRE_80,HISTORICAL_RECONSTRUCT,ASKED_SIX_FIRST80,80,55,,,0,0,,,,,,,,,,,,,,UNAVAILABLE,,,,,,,,,False,UNAVAILABLE,False
NCAAB_H2_1_AUSTIN_TRANSFER_V1,DISCOVERY,1e55fd6f3005511c,NCAAB_20260110_KU_WVU,KXNCAAMBGAME-26JAN10KUWVU-KU,1,600,2026-01-10T17:05:26+00:00,PRE_ENTRY,False,PRE_ENTRY,PRE_80,HISTORICAL_RECONSTRUCT,ASKED_SIX_FIRST80,80,55,,,0,0,,,,,,,,,,,,,,UNAVAILABLE,,,,,,,,,False,UNAVAILABLE,False
NCAAB_H2_1_AUSTIN_TRANSFER_V1,DISCOVERY,1e55fd6f3005511c,NCAAB_20260110_KU_WVU,KXNCAAMBGAME-26JAN10KUWVU-KU,1,480,2026-01-10T17:05:26+00:00,PRE_ENTRY,False,PRE_ENTRY,PRE_80,HISTORICAL_RECONSTRUCT,ASKED_SIX_FIRST80,80,55,,,0,0,,,,,,,,,,,,,,UNAVAILABLE,,,,,,,,,False,UNAVAILABLE,False
NCAAB_H2_1_AUSTIN_TRANSFER_V1,DISCOVERY,1e55fd6f3005511c,NCAAB_20260110_KU_WVU,KXNCAAMBGAME-26JAN10KUWVU-KU,1,360,2026-01-10T17:05:26+00:00,PRE_ENTRY,False,PRE_ENTRY,PRE_80,HISTORICAL_RECONSTRUCT,ASKED_SIX_FIRST80,80,55,,,0,0,,,,,,,,,,,,,,UNAVAILABLE,,,,,,,,,False,UNAVAILABLE,False
NCAAB_H2_1_AUSTIN_TRANSFER_V1,DISCOVERY,1e55fd6f3005511c,NCAAB_20260110_KU_WVU,KXNCAAMBGAME-26JAN10KUWVU-KU,1,240,2026-01-10T17:05:26+00:00,PRE_ENTRY,False,PRE_ENTRY,PRE_80,HISTORICAL_RECONSTRUCT,ASKED_SIX_FIRST80,80,55,,,0,0,,,,,,,,,,,,,,UNAVAILABLE,,,,,,,,,False,UNAVAILABLE,False
NCAAB_H2_1_AUSTIN_TRANSFER_V1,DISCOVERY,1e55fd6f3005511c,NCAAB_20260110_KU_WVU,KXNCAAMBGAME-26JAN10KUWVU-KU,1,120,2026-01-10T17:48:37+00:00,PRE_ENTRY,False,PRE_ENTRY,PRE_80,HISTORICAL_RECONSTRUCT,ASKED_SIX_FIRST80,80,54,,,36,34,,,,,,,,,,,,,,UNAVAILABLE,,,,,,,,,False,UNAVAILABLE,False
NCAAB_H2_1_AUSTIN_TRANSFER_V1,DISCOVERY,1e55fd6f3005511c,NCAAB_20260110_KU_WVU,KXNCAAMBGAME-26JAN10KUWVU-KU,1,0,2026-01-10T17:53:13+00:00,PRE_ENTRY,False,PRE_ENTRY,PRE_80,HISTORICAL_RECONSTRUCT,ASKED_SIX_FIRST80,80,63,,,39,43,,,,,,,,,,,,,,UNAVAILABLE,,,,,,,,,False,UNAVAILABLE,False
NCAAB_H2_1_AUSTIN_TRANSFER_V1,DISCOVERY,1e55fd6f3005511c,NCAAB_20260110_KU_WVU,KXNCAAMBGAME-26JAN10KUWVU-KU,2,1200,2026-01-10T18:09:01+00:00,PRE_ENTRY,False,PRE_ENTRY,PRE_80,HISTORICAL_RECONSTRUCT,ASKED_SIX_FIRST80,80,69,,,39,43,,,,,,,,,,,,,,UNAVAILABLE,,,,,,,,,False,UNAVAILABLE,False
NCAAB_H2_1_AUSTIN_TRANSFER_V1,DISCOVERY,1e55fd6f3005511c,NCAAB_20260110_KU_WVU,KXNCAAMBGAME-26JAN10KUWVU-KU,2,1080,2026-01-10T18:09:01+00:00,PRE_ENTRY,False,PRE_ENTRY,PRE_80,HISTORICAL_RECONSTRUCT,ASKED_SIX_FIRST80,80,69,,,39,43,,,,,,,,,,,,,,UNAVAILABLE,,,,,,,,,False,UNAVAILABLE,False
NCAAB_H2_1_AUSTIN_TRANSFER_V1,DISCOVERY,1e55fd6f3005511c,NCAAB_20260110_KU_WVU,KXNCAAMBGAME-26JAN10KUWVU-KU,2,960,2026-01-10T18:09:01+00:00,PRE_ENTRY,False,PRE_ENTRY,PRE_80,HISTORICAL_RECONSTRUCT,ASKED_SIX_FIRST80,80,69,,,39,43,,,,,,,,,,,,,,UNAVAILABLE,,,,,,,,,False,UNAVAILABLE,False
NCAAB_H2_1_AUSTIN_TRANSFER_V1,DISCOVERY,1e55fd6f3005511c,NCAAB_20260110_KU_WVU,KXNCAAMBGAME-26JAN10KUWVU-KU,2,840,2026-01-10T18:09:01+00:00,PRIMARY_GRID,True,,PRE_80,HISTORICAL_RECONSTRUCT,NONE,,69,,,39,43,INSUFFICIENT_SAMPLE,NO_ENTRY_IN_FITTED_SPACE,,,,95% CI — weighted bootstrap,25,,,,,0.30434782608695654,UNAVAILABLE,NOT_APPLICABLE,-80,-80,VALUE,False,False,,,,False,UNAVAILABLE,False
NCAAB_H2_1_AUSTIN_TRANSFER_V1,DISCOVERY,1e55fd6f3005511c,NCAAB_20260110_KU_WVU,KXNCAAMBGAME-26JAN10KUWVU-KU,2,720,2026-01-10T18:09:01+00:00,PRIMARY_GRID,True,,PRE_80,HISTORICAL_RECONSTRUCT,NONE,,69,,,39,43,INSUFFICIENT_SAMPLE,NO_ENTRY_IN_FITTED_SPACE,,,,95% CI — weighted bootstrap,25,,,,,0.30434782608695654,UNAVAILABLE,NOT_APPLICABLE,-80,-80,VALUE,False,False,,,,False,UNAVAILABLE,False
NCAAB_H2_1_AUSTIN_TRANSFER_V1,DISCOVERY,1e55fd6f3005511c,NCAAB_20260110_KU_WVU,KXNCAAMBGAME-26JAN10KUWVU-KU,2,600,2026-01-10T18:09:01+00:00,PRIMARY_GRID,True,,PRE_80,HISTORICAL_RECONSTRUCT,NONE,,69,,,39,43,INSUFFICIENT_SAMPLE,NO_ENTRY_IN_FITTED_SPACE,,,,95% CI — weighted bootstrap,25,,,,,0.30434782608695654,UNAVAILABLE,NOT_APPLICABLE,-80,-80,VALUE,False,False,,,,False,UNAVAILABLE,False
NCAAB_H2_1_AUSTIN_TRANSFER_V1,DISCOVERY,1e55fd6f3005511c,NCAAB_20260110_KU_WVU,KXNCAAMBGAME-26JAN10KUWVU-KU,2,480,2026-01-10T18:09:01+00:00,PRIMARY_GRID,True,,PRE_80,HISTORICAL_RECONSTRUCT,NONE,,69,,,39,43,INSUFFICIENT_SAMPLE,NO_ENTRY_IN_FITTED_SPACE,,,,95% CI — weighted bootstrap,25,,,,,0.30434782608695654,UNAVAILABLE,NOT_APPLICABLE,-80,-80,VALUE,False,False,,,,False,UNAVAILABLE,False
NCAAB_H2_1_AUSTIN_TRANSFER_V1,DISCOVERY,1e55fd6f3005511c,NCAAB_20260110_KU_WVU,KXNCAAMBGAME-26JAN10KUWVU-KU,2,360,2026-01-10T18:09:01+00:00,PRIMARY_GRID,True,,PRE_80,HISTORICAL_RECONSTRUCT,NONE,,69,,,39,43,INSUFFICIENT_SAMPLE,NO_ENTRY_IN_FITTED_SPACE,,,,95% CI — weighted bootstrap,25,,,,,0.30434782608695654,UNAVAILABLE,NOT_APPLICABLE,-80,-80,VALUE,False,False,,,,False,UNAVAILABLE,False
NCAAB_H2_1_AUSTIN_TRANSFER_V1,DISCOVERY,1e55fd6f3005511c,NCAAB_20260110_KU_WVU,KXNCAAMBGAME-26JAN10KUWVU-KU,2,240,2026-01-10T18:09:01+00:00,PRIMARY_GRID,True,,PRE_80,HISTORICAL_RECONSTRUCT,NONE,,69,,,39,43,INSUFFICIENT_SAMPLE,NO_ENTRY_IN_FITTED_SPACE,,,,95% CI — weighted bootstrap,25,,,,,0.30434782608695654,UNAVAILABLE,NOT_APPLICABLE,-80,-80,VALUE,False,False,,,,False,UNAVAILABLE,False
NCAAB_H2_1_AUSTIN_TRANSFER_V1,DISCOVERY,1e55fd6f3005511c,NCAAB_20260110_KU_WVU,KXNCAAMBGAME-26JAN10KUWVU-KU,2,120,2026-01-10T18:09:01+00:00,PRIMARY_GRID,True,,PRE_80,HISTORICAL_RECONSTRUCT,NONE,,69,,,39,43,INSUFFICIENT_SAMPLE,NO_ENTRY_IN_FITTED_SPACE,,,,95% CI — weighted bootstrap,25,,,,,0.30434782608695654,UNAVAILABLE,NOT_APPLICABLE,-80,-80,VALUE,False,False,,,,False,UNAVAILABLE,False
NCAAB_H2_1_AUSTIN_TRANSFER_V1,DISCOVERY,1e55fd6f3005511c,NCAAB_20260110_KU_WVU,KXNCAAMBGAME-26JAN10KUWVU-KU,2,0,2026-01-10T19:08:54+00:00,PRIMARY_GRID,True,,POST_80,HISTORICAL_RECONSTRUCT,ASKED_SIX_FIRST80,80,1,-79,895,86,75,OBSERVED,,-79.99999999999999,-80.0,-80.0,95% CI — weighted bootstrap,25,25,22.722151086009816,1.7170518446191632,1.5819908514942898,1.0,OBSERVED,VALUE,-80,,NOT_APPLICABLE,True,True,-79.99999999999999,-79.99999999999999,0.0,False,UNAVAILABLE,False
NCAAB_H2_1_AUSTIN_TRANSFER_V1,DISCOVERY,1e55fd6f3005511c,NCAAB_20260110_KU_WVU,KXNCAAMBGAME-26JAN10KUWVU-KU,2,895,2026-01-10T18:23:00+00:00,DIAGNOSTIC_EVENT,False,,POST_80,HISTORICAL_RECONSTRUCT,ASKED_SIX_FIRST80,80,78,-2,0,51,59,OBSERVED,,12.273827059983855,0.0,20.0,95% CI — weighted bootstrap,25,25,21.88230014070433,0.6474036557846344,0.6176241175476369,0.7246376811594203,OBSERVED,VALUE,-80,,NOT_APPLICABLE,True,True,-79.99999999999999,12.273827059983855,92.27382705998384,False,UNAVAILABLE,False
NCAAB_H2_1_AUSTIN_TRANSFER_V1,DISCOVERY,1e55fd6f3005511c,NCAAB_20260110_KU_WVU,KXNCAAMBGAME-26JAN10KUWVU-KU,2,741,2026-01-10T18:27:00+00:00,DIAGNOSTIC_EVENT,False,,POST_80,HISTORICAL_RECONSTRUCT,ASKED_SIX_FIRST80,80,76,-4,154,56,59,OBSERVED,,17.01383607156906,8.0,20.0,95% CI — weighted bootstrap,25,25,22.28460213541501,0.48431136923209017,0.45127917901549486,0.9565217391304348,OBSERVED,VALUE,-80,,NOT_APPLICABLE,True,True,-79.99999999999999,17.01383607156906,97.01383607156905,False,UNAVAILABLE,False
NCAAB_H2_1_AUSTIN_TRANSFER_V1,DISCOVERY,1e55fd6f3005511c,NCAAB_20260110_KU_WVU,KXNCAAMBGAME-26JAN10KUWVU-KU,2,713,2026-01-10T18:29:00+00:00,DIAGNOSTIC_EVENT,False,,POST_80,HISTORICAL_RECONSTRUCT,ASKED_SIX_FIRST80,80,65,-15,182,58,59,OBSERVED,,6.800585896876626,-8.0,20.0,95% CI — weighted bootstrap,25,25,23.599425846901863,0.8370511699296006,0.7402316827899941,0.9710144927536232,OBSERVED,VALUE,-80,,NOT_APPLICABLE,True,True,-79.99999999999999,6.800585896876626,86.80058589687661,False,UNAVAILABLE,False
NCAAB_H2_1_AUSTIN_TRANSFER_V1,DISCOVERY,1e55fd6f3005511c,NCAAB_20260110_KU_WVU,KXNCAAMBGAME-26JAN10KUWVU-KU,2,625,2026-01-10T18:35:00+00:00,DIAGNOSTIC_EVENT,False,,POST_80,HISTORICAL_RECONSTRUCT,ASKED_SIX_FIRST80,80,51,-29,270,61,59,OBSERVED,,-36.94016694978907,-56.0,-16.0,95% CI — weighted bootstrap,25,25,24.900151808970477,1.1508024632120248,1.1429519571494842,0.9710144927536232,OBSERVED,VALUE,-80,,NOT_APPLICABLE,True,True,-79.99999999999999,-36.94016694978907,43.05983305021092,False,UNAVAILABLE,False
NCAAB_H2_1_AUSTIN_TRANSFER_V1,DISCOVERY,1e55fd6f3005511c,NCAAB_20260110_KU_WVU,KXNCAAMBGAME-26JAN10KUWVU-KU,2,561,2026-01-10T18:36:00+00:00,DIAGNOSTIC_EVENT,False,,POST_80,HISTORICAL_RECONSTRUCT,ASKED_SIX_FIRST80,80,50,-30,334,64,59,OBSERVED,,-45.597688131474015,-64.0,-24.0,95% CI — weighted bootstrap,25,25,24.694205362988225,1.0869455386666185,1.0768924650759082,0.9855072463768116,OBSERVED,VALUE,-80,,NOT_APPLICABLE,True,True,-79.99999999999999,-45.597688131474015,34.40231186852597,False,UNAVAILABLE,False
NCAAB_H2_1_AUSTIN_TRANSFER_V1,DISCOVERY,1e55fd6f3005511c,NCAAB_20260110_KU_WVU,KXNCAAMBGAME-26JAN10KUWVU-KU,2,561,2026-01-10T18:36:00+00:00,DIAGNOSTIC_EVENT,False,,POST_80,HISTORICAL_RECONSTRUCT,ASKED_SIX_FIRST80,80,50,-30,334,64,59,OBSERVED,,-45.597688131474015,-64.0,-24.0,95% CI — weighted bootstrap,25,25,24.694205362988225,1.0869455386666185,1.0768924650759082,0.9855072463768116,OBSERVED,VALUE,-80,,NOT_APPLICABLE,True,True,-79.99999999999999,-45.597688131474015,34.40231186852597,False,UNAVAILABLE,False
NCAAB_H2_1_AUSTIN_TRANSFER_V1,DISCOVERY,1e55fd6f3005511c,NCAAB_20260110_KU_WVU,KXNCAAMBGAME-26JAN10KUWVU-KU,2,561,2026-01-10T18:36:00+00:00,DIAGNOSTIC_EVENT,False,,POST_80,HISTORICAL_RECONSTRUCT,ASKED_SIX_FIRST80,80,50,-30,334,64,59,OBSERVED,,-45.597688131474015,-64.0,-24.0,95% CI — weighted bootstrap,25,25,24.694205362988225,1.0869455386666185,1.0768924650759082,0.9855072463768116,OBSERVED,VALUE,-80,,NOT_APPLICABLE,True,True,-79.99999999999999,-45.597688131474015,34.40231186852597,False,UNAVAILABLE,False
NCAAB_H2_1_AUSTIN_TRANSFER_V1,DISCOVERY,f333ff485b989bc2,NCAAB_20260110_WIS_MICH,KXNCAAMBGAME-26JAN10WISMICH-MICH,1,1200,2026-01-10T18:06:49+00:00,PRE_ENTRY,False,PRE_ENTRY,PRE_80,HISTORICAL_RECONSTRUCT,ASKED_SIX_FIRST80,82,95,,,0,0,,,,,,,,,,,,,,UNAVAILABLE,,,,,,,,,False,UNAVAILABLE,False
NCAAB_H2_1_AUSTIN_TRANSFER_V1,DISCOVERY,f333ff485b989bc2,NCAAB_20260110_WIS_MICH,KXNCAAMBGAME-26JAN10WISMICH-MICH,1,1080,2026-01-10T18:06:49+00:00,PRE_ENTRY,False,PRE_ENTRY,PRE_80,HISTORICAL_RECONSTRUCT,ASKED_SIX_FIRST80,82,95,,,0,0,,,,,,,,,,,,,,UNAVAILABLE,,,,,,,,,False,UNAVAILABLE,False
NCAAB_H2_1_AUSTIN_TRANSFER_V1,DISCOVERY,f333ff485b989bc2,NCAAB_20260110_WIS_MICH,KXNCAAMBGAME-26JAN10WISMICH-MICH,1,960,2026-01-10T18:06:49+00:00,PRE_ENTRY,False,PRE_ENTRY,PRE_80,HISTORICAL_RECONSTRUCT,ASKED_SIX_FIRST80,82,95,,,0,0,,,,,,,,,,,,,,UNAVAILABLE,,,,,,,,,False,UNAVAILABLE,False
NCAAB_H2_1_AUSTIN_TRANSFER_V1,DISCOVERY,f333ff485b989bc2,NCAAB_20260110_WIS_MICH,KXNCAAMBGAME-26JAN10WISMICH-MICH,1,840,2026-01-10T18:06:49+00:00,PRE_ENTRY,False,PRE_ENTRY,PRE_80,HISTORICAL_RECONSTRUCT,ASKED_SIX_FIRST80,82,95,,,0,0,,,,,,,,,,,,,,UNAVAILABLE,,,,,,,,,False,UNAVAILABLE,False
NCAAB_H2_1_AUSTIN_TRANSFER_V1,DISCOVERY,f333ff485b989bc2,NCAAB_20260110_WIS_MICH,KXNCAAMBGAME-26JAN10WISMICH-MICH,1,720,2026-01-10T18:06:49+00:00,PRE_ENTRY,False,PRE_ENTRY,PRE_80,HISTORICAL_RECONSTRUCT,ASKED_SIX_FIRST80,82,95,,,0,0,,,,,,,,,,,,,,UNAVAILABLE,,,,,,,,,False,UNAVAILABLE,False
NCAAB_H2_1_AUSTIN_TRANSFER_V1,DISCOVERY,f333ff485b989bc2,NCAAB_20260110_WIS_MICH,KXNCAAMBGAME-26JAN10WISMICH-MICH,1,600,2026-01-10T18:06:49+00:00,PRE_ENTRY,False,PRE_ENTRY,PRE_80,HISTORICAL_RECONSTRUCT,ASKED_SIX_FIRST80,82,95,,,0,0,,,,,,,,,,,,,,UNAVAILABLE,,,,,,,,,False,UNAVAILABLE,False
NCAAB_H2_1_AUSTIN_TRANSFER_V1,DISCOVERY,f333ff485b989bc2,NCAAB_20260110_WIS_MICH,KXNCAAMBGAME-26JAN10WISMICH-MICH,1,480,2026-01-10T18:06:49+00:00,PRE_ENTRY,False,PRE_ENTRY,PRE_80,HISTORICAL_RECONSTRUCT,ASKED_SIX_FIRST80,82,95,,,0,0,,,,,,,,,,,,,,UNAVAILABLE,,,,,,,,,False,UNAVAILABLE,False
NCAAB_H2_1_AUSTIN_TRANSFER_V1,DISCOVERY,f333ff485b989bc2,NCAAB_20260110_WIS_MICH,KXNCAAMBGAME-26JAN10WISMICH-MICH,1,360,2026-01-10T18:06:49+00:00,PRE_ENTRY,False,PRE_ENTRY,PRE_80,HISTORICAL_RECONSTRUCT,ASKED_SIX_FIRST80,82,95,,,0,0,,,,,,,,,,,,,,UNAVAILABLE,,,,,,,,,False,UNAVAILABLE,False
NCAAB_H2_1_AUSTIN_TRANSFER_V1,DISCOVERY,f333ff485b989bc2,NCAAB_20260110_WIS_MICH,KXNCAAMBGAME-26JAN10WISMICH-MICH,1,240,2026-01-10T18:06:49+00:00,PRE_ENTRY,False,PRE_ENTRY,PRE_80,HISTORICAL_RECONSTRUCT,ASKED_SIX_FIRST80,82,95,,,0,0,,,,,,,,,,,,,,UNAVAILABLE,,,,,,,,,False,UNAVAILABLE,False
NCAAB_H2_1_AUSTIN_TRANSFER_V1,DISCOVERY,f333ff485b989bc2,NCAAB_20260110_WIS_MICH,KXNCAAMBGAME-26JAN10WISMICH-MICH,1,120,2026-01-10T18:06:49+00:00,PRE_ENTRY,False,PRE_ENTRY,PRE_80,HISTORICAL_RECONSTRUCT,ASKED_SIX_FIRST80,82,95,,,0,0,,,,,,,,,,,,,,UNAVAILABLE,,,,,,,,,False,UNAVAILABLE,False
NCAAB_H2_1_AUSTIN_TRANSFER_V1,DISCOVERY,f333ff485b989bc2,NCAAB_20260110_WIS_MICH,KXNCAAMBGAME-26JAN10WISMICH-MICH,1,0,2026-01-10T19:05:34+00:00,PRE_ENTRY,False,PRE_ENTRY,PRE_80,HISTORICAL_RECONSTRUCT,ASKED_SIX_FIRST80,82,86,,,38,37,,,,,,,,,,,,,,UNAVAILABLE,,,,,,,,,False,UNAVAILABLE,False
NCAAB_H2_1_AUSTIN_TRANSFER_V1,DISCOVERY,f333ff485b989bc2,NCAAB_20260110_WIS_MICH,KXNCAAMBGAME-26JAN10WISMICH-MICH,2,1200,2026-01-10T19:10:46+00:00,PRE_ENTRY,False,PRE_ENTRY,PRE_80,HISTORICAL_RECONSTRUCT,ASKED_SIX_FIRST80,82,86,,,38,37,,,,,,,,,,,,,,UNAVAILABLE,,,,,,,,,False,UNAVAILABLE,False
NCAAB_H2_1_AUSTIN_TRANSFER_V1,DISCOVERY,f333ff485b989bc2,NCAAB_20260110_WIS_MICH,KXNCAAMBGAME-26JAN10WISMICH-MICH,2,1080,2026-01-10T19:10:46+00:00,PRE_ENTRY,False,PRE_ENTRY,PRE_80,HISTORICAL_RECONSTRUCT,ASKED_SIX_FIRST80,82,86,,,38,37,,,,,,,,,,,,,,UNAVAILABLE,,,,,,,,,False,UNAVAILABLE,False
NCAAB_H2_1_AUSTIN_TRANSFER_V1,DISCOVERY,f333ff485b989bc2,NCAAB_20260110_WIS_MICH,KXNCAAMBGAME-26JAN10WISMICH-MICH,2,960,2026-01-10T19:10:46+00:00,PRE_ENTRY,False,PRE_ENTRY,PRE_80,HISTORICAL_RECONSTRUCT,ASKED_SIX_FIRST80,82,86,,,38,37,,,,,,,,,,,,,,UNAVAILABLE,,,,,,,,,False,UNAVAILABLE,False
NCAAB_H2_1_AUSTIN_TRANSFER_V1,DISCOVERY,f333ff485b989bc2,NCAAB_20260110_WIS_MICH,KXNCAAMBGAME-26JAN10WISMICH-MICH,2,840,2026-01-10T19:10:46+00:00,PRE_ENTRY,False,PRE_ENTRY,PRE_80,HISTORICAL_RECONSTRUCT,ASKED_SIX_FIRST80,82,86,,,38,37,,,,,,,,,,,,,,UNAVAILABLE,,,,,,,,,False,UNAVAILABLE,False
NCAAB_H2_1_AUSTIN_TRANSFER_V1,DISCOVERY,f333ff485b989bc2,NCAAB_20260110_WIS_MICH,KXNCAAMBGAME-26JAN10WISMICH-MICH,2,720,2026-01-10T19:10:46+00:00,PRIMARY_GRID,True,,PRE_80,HISTORICAL_RECONSTRUCT,NONE,,86,,,38,37,INSUFFICIENT_SAMPLE,NO_ENTRY_IN_FITTED_SPACE,,,,95% CI — weighted bootstrap,25,,,,,0.30434782608695654,UNAVAILABLE,NOT_APPLICABLE,-80,-80,VALUE,False,False,,,,False,UNAVAILABLE,False
NCAAB_H2_1_AUSTIN_TRANSFER_V1,DISCOVERY,f333ff485b989bc2,NCAAB_20260110_WIS_MICH,KXNCAAMBGAME-26JAN10WISMICH-MICH,2,600,2026-01-10T19:10:46+00:00,PRIMARY_GRID,True,,PRE_80,HISTORICAL_RECONSTRUCT,NONE,,86,,,38,37,INSUFFICIENT_SAMPLE,NO_ENTRY_IN_FITTED_SPACE,,,,95% CI — weighted bootstrap,25,,,,,0.30434782608695654,UNAVAILABLE,NOT_APPLICABLE,-80,-80,VALUE,False,False,,,,False,UNAVAILABLE,False
NCAAB_H2_1_AUSTIN_TRANSFER_V1,DISCOVERY,f333ff485b989bc2,NCAAB_20260110_WIS_MICH,KXNCAAMBGAME-26JAN10WISMICH-MICH,2,480,2026-01-10T19:10:46+00:00,PRIMARY_GRID,True,,PRE_80,HISTORICAL_RECONSTRUCT,NONE,,86,,,38,37,INSUFFICIENT_SAMPLE,NO_ENTRY_IN_FITTED_SPACE,,,,95% CI — weighted bootstrap,25,,,,,0.30434782608695654,UNAVAILABLE,NOT_APPLICABLE,-80,-80,VALUE,False,False,,,,False,UNAVAILABLE,False
NCAAB_H2_1_AUSTIN_TRANSFER_V1,DISCOVERY,f333ff485b989bc2,NCAAB_20260110_WIS_MICH,KXNCAAMBGAME-26JAN10WISMICH-MICH,2,360,2026-01-10T19:10:46+00:00,PRIMARY_GRID,True,,PRE_80,HISTORICAL_RECONSTRUCT,NONE,,86,,,38,37,INSUFFICIENT_SAMPLE,NO_ENTRY_IN_FITTED_SPACE,,,,95% CI — weighted bootstrap,25,,,,,0.30434782608695654,UNAVAILABLE,NOT_APPLICABLE,-80,-80,VALUE,False,False,,,,False,UNAVAILABLE,False
NCAAB_H2_1_AUSTIN_TRANSFER_V1,DISCOVERY,f333ff485b989bc2,NCAAB_20260110_WIS_MICH,KXNCAAMBGAME-26JAN10WISMICH-MICH,2,240,2026-01-10T19:10:46+00:00,PRIMARY_GRID,True,,PRE_80,HISTORICAL_RECONSTRUCT,NONE,,86,,,38,37,INSUFFICIENT_SAMPLE,NO_ENTRY_IN_FITTED_SPACE,,,,95% CI — weighted bootstrap,25,,,,,0.30434782608695654,UNAVAILABLE,NOT_APPLICABLE,-80,-80,VALUE,False,False,,,,False,UNAVAILABLE,False
NCAAB_H2_1_AUSTIN_TRANSFER_V1,DISCOVERY,f333ff485b989bc2,NCAAB_20260110_WIS_MICH,KXNCAAMBGAME-26JAN10WISMICH-MICH,2,120,2026-01-10T20:05:57+00:00,PRIMARY_GRID,True,,POST_80,HISTORICAL_RECONSTRUCT,ASKED_SIX_FIRST80,82,29,-53,677,84,88,OBSERVED,,-27.10224699383906,-48.0,-8.0,95% CI — weighted bootstrap,25,25,21.55802539850948,1.3802958997064436,1.2618207523778646,1.0,OBSERVED,VALUE,-80,,NOT_APPLICABLE,True,True,-27.10224699383906,-27.10224699383906,0.0,False,UNAVAILABLE,False
NCAAB_H2_1_AUSTIN_TRANSFER_V1,DISCOVERY,f333ff485b989bc2,NCAAB_20260110_WIS_MICH,KXNCAAMBGAME-26JAN10WISMICH-MICH,2,0,2026-01-10T20:19:41+00:00,PRIMARY_GRID,True,,POST_80,HISTORICAL_RECONSTRUCT,ASKED_SIX_FIRST80,82,15,-67,797,88,91,OBSERVED,,-56.52707600270683,-72.0,-40.0,95% CI — weighted bootstrap,25,25,23.677224364776965,1.7134577024065627,1.6197530272508944,1.0,OBSERVED,VALUE,-80,,NOT_APPLICABLE,True,True,-27.10224699383906,-56.52707600270683,-29.424829008867768,False,UNAVAILABLE,False
NCAAB_H2_1_AUSTIN_TRANSFER_V1,DISCOVERY,f333ff485b989bc2,NCAAB_20260110_WIS_MICH,KXNCAAMBGAME-26JAN10WISMICH-MICH,,,2026-01-08T19:50:00+00:00,DIAGNOSTIC_EVENT,False,,PRE_80,HISTORICAL_RECONSTRUCT,NONE,,79,,,,,INSUFFICIENT_SAMPLE,NO_ENTRY_IN_FITTED_SPACE,,,,95% CI — weighted bootstrap,25,,,,,0.057971014492753624,UNAVAILABLE,NOT_APPLICABLE,-80,-80,VALUE,False,False,-27.10224699383906,,,False,UNAVAILABLE,False
NCAAB_H2_1_AUSTIN_TRANSFER_V1,DISCOVERY,f333ff485b989bc2,NCAAB_20260110_WIS_MICH,KXNCAAMBGAME-26JAN10WISMICH-MICH,2,477,2026-01-10T19:46:00+00:00,DIAGNOSTIC_EVENT,False,,POST_80,HISTORICAL_RECONSTRUCT,ASKED_SIX_FIRST80,82,71,-11,320,73,75,OBSERVED,,-5.450098948805934,-24.0,12.0,95% CI — weighted bootstrap,25,25,24.090993346522108,0.9195519431601805,0.8631600022328513,0.9855072463768116,OBSERVED,VALUE,-80,,NOT_APPLICABLE,True,True,-27.10224699383906,-5.450098948805934,21.652148045033126,False,UNAVAILABLE,False
NCAAB_H2_1_AUSTIN_TRANSFER_V1,DISCOVERY,f333ff485b989bc2,NCAAB_20260110_WIS_MICH,KXNCAAMBGAME-26JAN10WISMICH-MICH,2,131,2026-01-10T20:02:00+00:00,DIAGNOSTIC_EVENT,False,,POST_80,HISTORICAL_RECONSTRUCT,ASKED_SIX_FIRST80,82,62,-20,666,84,88,OBSERVED,,-10.3296927332114,-28.0,8.0,95% CI — weighted bootstrap,25,25,23.64835747699064,0.925604686992141,0.8783952610731405,1.0,OBSERVED,VALUE,-80,,NOT_APPLICABLE,True,True,-27.10224699383906,-10.3296927332114,16.772554260627658,False,UNAVAILABLE,False
NCAAB_H2_1_AUSTIN_TRANSFER_V1,DISCOVERY,f333ff485b989bc2,NCAAB_20260110_WIS_MICH,KXNCAAMBGAME-26JAN10WISMICH-MICH,2,131,2026-01-10T20:02:00+00:00,DIAGNOSTIC_EVENT,False,,POST_80,HISTORICAL_RECONSTRUCT,ASKED_SIX_FIRST80,82,62,-20,666,84,88,OBSERVED,,-10.3296927332114,-28.0,8.0,95% CI — weighted bootstrap,25,25,23.64835747699064,0.925604686992141,0.8783952610731405,1.0,OBSERVED,VALUE,-80,,NOT_APPLICABLE,True,True,-27.10224699383906,-10.3296927332114,16.772554260627658,False,UNAVAILABLE,False
NCAAB_H2_1_AUSTIN_TRANSFER_V1,DISCOVERY,f333ff485b989bc2,NCAAB_20260110_WIS_MICH,KXNCAAMBGAME-26JAN10WISMICH-MICH,2,131,2026-01-10T20:02:00+00:00,DIAGNOSTIC_EVENT,False,,POST_80,HISTORICAL_RECONSTRUCT,ASKED_SIX_FIRST80,82,62,-20,666,84,88,OBSERVED,,-10.3296927332114,-28.0,8.0,95% CI — weighted bootstrap,25,25,23.64835747699064,0.925604686992141,0.8783952610731405,1.0,OBSERVED,VALUE,-80,,NOT_APPLICABLE,True,True,-27.10224699383906,-10.3296927332114,16.772554260627658,False,UNAVAILABLE,False
NCAAB_H2_1_AUSTIN_TRANSFER_V1,DISCOVERY,f333ff485b989bc2,NCAAB_20260110_WIS_MICH,KXNCAAMBGAME-26JAN10WISMICH-MICH,2,131,2026-01-10T20:02:00+00:00,DIAGNOSTIC_EVENT,False,,POST_80,HISTORICAL_RECONSTRUCT,ASKED_SIX_FIRST80,82,62,-20,666,84,88,OBSERVED,,-10.3296927332114,-28.0,8.0,95% CI — weighted bootstrap,25,25,23.64835747699064,0.925604686992141,0.8783952610731405,1.0,OBSERVED,VALUE,-80,,NOT_APPLICABLE,True,True,-27.10224699383906,-10.3296927332114,16.772554260627658,False,UNAVAILABLE,False
NCAAB_H2_1_AUSTIN_TRANSFER_V1,DISCOVERY,f333ff485b989bc2,NCAAB_20260110_WIS_MICH,KXNCAAMBGAME-26JAN10WISMICH-MICH,2,122,2026-01-10T20:03:00+00:00,DIAGNOSTIC_EVENT,False,,POST_80,HISTORICAL_RECONSTRUCT,ASKED_SIX_FIRST80,82,41,-41,675,84,88,OBSERVED,,-1.2041717712231657,-20.0,12.0,95% CI — weighted bootstrap,25,25,24.564902332805776,1.1043976896979673,1.0848390929202498,1.0,OBSERVED,VALUE,-80,,NOT_APPLICABLE,True,True,-27.10224699383906,-1.2041717712231657,25.898075222615894,False,UNAVAILABLE,False
NCAAB_H2_1_AUSTIN_TRANSFER_V1,DISCOVERY,60f4f19f832f1746,NCAAB_20260110_CLEM_ND,KXNCAAMBGAME-26JAN10CLEMND-CLEM,1,1200,2026-01-10T23:10:32+00:00,PRE_ENTRY,False,PRE_ENTRY,PRE_80,HISTORICAL_RECONSTRUCT,ASKED_SIX_FIRST80,80,62,,,0,0,,,,,,,,,,,,,,UNAVAILABLE,,,,,,,,,False,UNAVAILABLE,False
NCAAB_H2_1_AUSTIN_TRANSFER_V1,DISCOVERY,60f4f19f832f1746,NCAAB_20260110_CLEM_ND,KXNCAAMBGAME-26JAN10CLEMND-CLEM,1,1080,2026-01-10T23:10:32+00:00,PRE_ENTRY,False,PRE_ENTRY,PRE_80,HISTORICAL_RECONSTRUCT,ASKED_SIX_FIRST80,80,62,,,0,0,,,,,,,,,,,,,,UNAVAILABLE,,,,,,,,,False,UNAVAILABLE,False
NCAAB_H2_1_AUSTIN_TRANSFER_V1,DISCOVERY,60f4f19f832f1746,NCAAB_20260110_CLEM_ND,KXNCAAMBGAME-26JAN10CLEMND-CLEM,1,960,2026-01-10T23:10:32+00:00,PRE_ENTRY,False,PRE_ENTRY,PRE_80,HISTORICAL_RECONSTRUCT,ASKED_SIX_FIRST80,80,62,,,0,0,,,,,,,,,,,,,,UNAVAILABLE,,,,,,,,,False,UNAVAILABLE,False
NCAAB_H2_1_AUSTIN_TRANSFER_V1,DISCOVERY,60f4f19f832f1746,NCAAB_20260110_CLEM_ND,KXNCAAMBGAME-26JAN10CLEMND-CLEM,1,840,2026-01-10T23:10:32+00:00,PRE_ENTRY,False,PRE_ENTRY,PRE_80,HISTORICAL_RECONSTRUCT,ASKED_SIX_FIRST80,80,62,,,0,0,,,,,,,,,,,,,,UNAVAILABLE,,,,,,,,,False,UNAVAILABLE,False
NCAAB_H2_1_AUSTIN_TRANSFER_V1,DISCOVERY,60f4f19f832f1746,NCAAB_20260110_CLEM_ND,KXNCAAMBGAME-26JAN10CLEMND-CLEM,1,720,2026-01-10T23:10:32+00:00,PRE_ENTRY,False,PRE_ENTRY,PRE_80,HISTORICAL_RECONSTRUCT,ASKED_SIX_FIRST80,80,62,,,0,0,,,,,,,,,,,,,,UNAVAILABLE,,,,,,,,,False,UNAVAILABLE,False
NCAAB_H2_1_AUSTIN_TRANSFER_V1,DISCOVERY,60f4f19f832f1746,NCAAB_20260110_CLEM_ND,KXNCAAMBGAME-26JAN10CLEMND-CLEM,1,600,2026-01-10T23:10:32+00:00,PRE_ENTRY,False,PRE_ENTRY,PRE_80,HISTORICAL_RECONSTRUCT,ASKED_SIX_FIRST80,80,62,,,0,0,,,,,,,,,,,,,,UNAVAILABLE,,,,,,,,,False,UNAVAILABLE,False
NCAAB_H2_1_AUSTIN_TRANSFER_V1,DISCOVERY,60f4f19f832f1746,NCAAB_20260110_CLEM_ND,KXNCAAMBGAME-26JAN10CLEMND-CLEM,1,480,2026-01-10T23:10:32+00:00,PRE_ENTRY,False,PRE_ENTRY,PRE_80,HISTORICAL_RECONSTRUCT,ASKED_SIX_FIRST80,80,62,,,0,0,,,,,,,,,,,,,,UNAVAILABLE,,,,,,,,,False,UNAVAILABLE,False
NCAAB_H2_1_AUSTIN_TRANSFER_V1,DISCOVERY,60f4f19f832f1746,NCAAB_20260110_CLEM_ND,KXNCAAMBGAME-26JAN10CLEMND-CLEM,1,360,2026-01-10T23:10:32+00:00,PRE_ENTRY,False,PRE_ENTRY,PRE_80,HISTORICAL_RECONSTRUCT,ASKED_SIX_FIRST80,80,62,,,0,0,,,,,,,,,,,,,,UNAVAILABLE,,,,,,,,,False,UNAVAILABLE,False
NCAAB_H2_1_AUSTIN_TRANSFER_V1,DISCOVERY,60f4f19f832f1746,NCAAB_20260110_CLEM_ND,KXNCAAMBGAME-26JAN10CLEMND-CLEM,1,240,2026-01-10T23:48:16+00:00,PRE_ENTRY,False,PRE_ENTRY,PRE_80,HISTORICAL_RECONSTRUCT,ASKED_SIX_FIRST80,80,69,,,26,30,,,,,,,,,,,,,,UNAVAILABLE,,,,,,,,,False,UNAVAILABLE,False
NCAAB_H2_1_AUSTIN_TRANSFER_V1,DISCOVERY,60f4f19f832f1746,NCAAB_20260110_CLEM_ND,KXNCAAMBGAME-26JAN10CLEMND-CLEM,1,120,2026-01-10T23:10:32+00:00,PRE_ENTRY,False,PRE_ENTRY,PRE_80,HISTORICAL_RECONSTRUCT,ASKED_SIX_FIRST80,80,62,,,0,0,,,,,,,,,,,,,,UNAVAILABLE,,,,,,,,,False,UNAVAILABLE,False
NCAAB_H2_1_AUSTIN_TRANSFER_V1,DISCOVERY,60f4f19f832f1746,NCAAB_20260110_CLEM_ND,KXNCAAMBGAME-26JAN10CLEMND-CLEM,1,0,2026-01-10T23:59:22+00:00,PRE_ENTRY,False,PRE_ENTRY,PRE_80,HISTORICAL_RECONSTRUCT,ASKED_SIX_FIRST80,80,79,,,34,39,,,,,,,,,,,,,,UNAVAILABLE,,,,,,,,,False,UNAVAILABLE,False
NCAAB_H2_1_AUSTIN_TRANSFER_V1,DISCOVERY,60f4f19f832f1746,NCAAB_20260110_CLEM_ND,KXNCAAMBGAME-26JAN10CLEMND-CLEM,2,1200,2026-01-11T00:15:34+00:00,PRE_ENTRY,False,PRE_ENTRY,PRE_80,HISTORICAL_RECONSTRUCT,ASKED_SIX_FIRST80,80,72,,,34,39,,,,,,,,,,,,,,UNAVAILABLE,,,,,,,,,False,UNAVAILABLE,False
NCAAB_H2_1_AUSTIN_TRANSFER_V1,DISCOVERY,60f4f19f832f1746,NCAAB_20260110_CLEM_ND,KXNCAAMBGAME-26JAN10CLEMND-CLEM,2,1080,2026-01-11T00:15:34+00:00,PRIMARY_GRID,True,,PRE_80,HISTORICAL_RECONSTRUCT,NONE,,72,,,34,39,INSUFFICIENT_SAMPLE,NO_ENTRY_IN_FITTED_SPACE,,,,95% CI — weighted bootstrap,25,,,,,0.30434782608695654,UNAVAILABLE,NOT_APPLICABLE,20,20,VALUE,False,False,,,,False,UNAVAILABLE,False
NCAAB_H2_1_AUSTIN_TRANSFER_V1,DISCOVERY,60f4f19f832f1746,NCAAB_20260110_CLEM_ND,KXNCAAMBGAME-26JAN10CLEMND-CLEM,2,960,2026-01-11T00:15:34+00:00,PRIMARY_GRID,True,,PRE_80,HISTORICAL_RECONSTRUCT,NONE,,72,,,34,39,INSUFFICIENT_SAMPLE,NO_ENTRY_IN_FITTED_SPACE,,,,95% CI — weighted bootstrap,25,,,,,0.30434782608695654,UNAVAILABLE,NOT_APPLICABLE,20,20,VALUE,False,False,,,,False,UNAVAILABLE,False
NCAAB_H2_1_AUSTIN_TRANSFER_V1,DISCOVERY,60f4f19f832f1746,NCAAB_20260110_CLEM_ND,KXNCAAMBGAME-26JAN10CLEMND-CLEM,2,840,2026-01-11T00:15:34+00:00,PRIMARY_GRID,True,,PRE_80,HISTORICAL_RECONSTRUCT,NONE,,72,,,34,39,INSUFFICIENT_SAMPLE,NO_ENTRY_IN_FITTED_SPACE,,,,95% CI — weighted bootstrap,25,,,,,0.30434782608695654,UNAVAILABLE,NOT_APPLICABLE,20,20,VALUE,False,False,,,,False,UNAVAILABLE,False
NCAAB_H2_1_AUSTIN_TRANSFER_V1,DISCOVERY,60f4f19f832f1746,NCAAB_20260110_CLEM_ND,KXNCAAMBGAME-26JAN10CLEMND-CLEM,2,720,2026-01-11T00:15:34+00:00,PRIMARY_GRID,True,,PRE_80,HISTORICAL_RECONSTRUCT,NONE,,72,,,34,39,INSUFFICIENT_SAMPLE,NO_ENTRY_IN_FITTED_SPACE,,,,95% CI — weighted bootstrap,25,,,,,0.30434782608695654,UNAVAILABLE,NOT_APPLICABLE,20,20,VALUE,False,False,,,,False,UNAVAILABLE,False
NCAAB_H2_1_AUSTIN_TRANSFER_V1,DISCOVERY,60f4f19f832f1746,NCAAB_20260110_CLEM_ND,KXNCAAMBGAME-26JAN10CLEMND-CLEM,2,600,2026-01-11T00:15:34+00:00,PRIMARY_GRID,True,,PRE_80,HISTORICAL_RECONSTRUCT,NONE,,72,,,34,39,INSUFFICIENT_SAMPLE,NO_ENTRY_IN_FITTED_SPACE,,,,95% CI — weighted bootstrap,25,,,,,0.30434782608695654,UNAVAILABLE,NOT_APPLICABLE,20,20,VALUE,False,False,,,,False,UNAVAILABLE,False
NCAAB_H2_1_AUSTIN_TRANSFER_V1,DISCOVERY,60f4f19f832f1746,NCAAB_20260110_CLEM_ND,KXNCAAMBGAME-26JAN10CLEMND-CLEM,2,480,2026-01-11T00:15:34+00:00,PRIMARY_GRID,True,,PRE_80,HISTORICAL_RECONSTRUCT,NONE,,72,,,34,39,INSUFFICIENT_SAMPLE,NO_ENTRY_IN_FITTED_SPACE,,,,95% CI — weighted bootstrap,25,,,,,0.30434782608695654,UNAVAILABLE,NOT_APPLICABLE,20,20,VALUE,False,False,,,,False,UNAVAILABLE,False
NCAAB_H2_1_AUSTIN_TRANSFER_V1,DISCOVERY,60f4f19f832f1746,NCAAB_20260110_CLEM_ND,KXNCAAMBGAME-26JAN10CLEMND-CLEM,2,360,2026-01-11T00:15:34+00:00,PRIMARY_GRID,True,,PRE_80,HISTORICAL_RECONSTRUCT,NONE,,72,,,34,39,INSUFFICIENT_SAMPLE,NO_ENTRY_IN_FITTED_SPACE,,,,95% CI — weighted bootstrap,25,,,,,0.30434782608695654,UNAVAILABLE,NOT_APPLICABLE,20,20,VALUE,False,False,,,,False,UNAVAILABLE,False
NCAAB_H2_1_AUSTIN_TRANSFER_V1,DISCOVERY,60f4f19f832f1746,NCAAB_20260110_CLEM_ND,KXNCAAMBGAME-26JAN10CLEMND-CLEM,2,240,2026-01-11T00:15:34+00:00,PRIMARY_GRID,True,,PRE_80,HISTORICAL_RECONSTRUCT,NONE,,72,,,34,39,INSUFFICIENT_SAMPLE,NO_ENTRY_IN_FITTED_SPACE,,,,95% CI — weighted bootstrap,25,,,,,0.30434782608695654,UNAVAILABLE,NOT_APPLICABLE,20,20,VALUE,False,False,,,,False,UNAVAILABLE,False
NCAAB_H2_1_AUSTIN_TRANSFER_V1,DISCOVERY,60f4f19f832f1746,NCAAB_20260110_CLEM_ND,KXNCAAMBGAME-26JAN10CLEMND-CLEM,2,120,2026-01-11T00:15:34+00:00,PRIMARY_GRID,True,,PRE_80,HISTORICAL_RECONSTRUCT,NONE,,72,,,34,39,INSUFFICIENT_SAMPLE,NO_ENTRY_IN_FITTED_SPACE,,,,95% CI — weighted bootstrap,25,,,,,0.30434782608695654,UNAVAILABLE,NOT_APPLICABLE,20,20,VALUE,False,False,,,,False,UNAVAILABLE,False
NCAAB_H2_1_AUSTIN_TRANSFER_V1,DISCOVERY,60f4f19f832f1746,NCAAB_20260110_CLEM_ND,KXNCAAMBGAME-26JAN10CLEMND-CLEM,2,0,2026-01-11T01:17:40+00:00,PRIMARY_GRID,True,,POST_80,HISTORICAL_RECONSTRUCT,ASKED_SIX_FIRST80,80,99,19,1119,61,76,OBSERVED,,15.899515793213505,8.0,20.0,95% CI — weighted bootstrap,25,25,24.914243299835558,0.5460949451018873,0.5452679597039984,1.0,OBSERVED,VALUE,20,,NOT_APPLICABLE,True,True,15.899515793213505,15.899515793213505,0.0,False,UNAVAILABLE,False
NCAAB_H2_1_AUSTIN_TRANSFER_V1,DISCOVERY,60f4f19f832f1746,NCAAB_20260110_CLEM_ND,KXNCAAMBGAME-26JAN10CLEMND-CLEM,2,1119,2026-01-11T00:19:00+00:00,DIAGNOSTIC_EVENT,False,,POST_80,HISTORICAL_RECONSTRUCT,ASKED_SIX_FIRST80,80,70,-10,0,35,44,OBSERVED,,11.944879455210463,0.0,20.0,95% CI — weighted bootstrap,25,25,24.98835948134562,1.2878887113978028,1.2867847153241443,0.7246376811594203,OBSERVED,VALUE,20,,NOT_APPLICABLE,True,True,15.899515793213505,11.944879455210463,-3.9546363380030414,False,UNAVAILABLE,False
NCAAB_H2_1_AUSTIN_TRANSFER_V1,DISCOVERY,d60e5522040abbfc,NCAAB_20260113_UVA_LOU,KXNCAAMBGAME-26JAN13UVALOU-UVA,1,1200,2026-01-14T00:02:08+00:00,PRE_ENTRY,False,PRE_ENTRY,PRE_80,HISTORICAL_RECONSTRUCT,ASKED_SIX_FIRST80,80,35,,,0,0,,,,,,,,,,,,,,UNAVAILABLE,,,,,,,,,False,UNAVAILABLE,False
NCAAB_H2_1_AUSTIN_TRANSFER_V1,DISCOVERY,d60e5522040abbfc,NCAAB_20260113_UVA_LOU,KXNCAAMBGAME-26JAN13UVALOU-UVA,1,1080,2026-01-14T00:02:08+00:00,PRE_ENTRY,False,PRE_ENTRY,PRE_80,HISTORICAL_RECONSTRUCT,ASKED_SIX_FIRST80,80,35,,,0,0,,,,,,,,,,,,,,UNAVAILABLE,,,,,,,,,False,UNAVAILABLE,False
NCAAB_H2_1_AUSTIN_TRANSFER_V1,DISCOVERY,d60e5522040abbfc,NCAAB_20260113_UVA_LOU,KXNCAAMBGAME-26JAN13UVALOU-UVA,1,960,2026-01-14T00:02:08+00:00,PRE_ENTRY,False,PRE_ENTRY,PRE_80,HISTORICAL_RECONSTRUCT,ASKED_SIX_FIRST80,80,35,,,0,0,,,,,,,,,,,,,,UNAVAILABLE,,,,,,,,,False,UNAVAILABLE,False
NCAAB_H2_1_AUSTIN_TRANSFER_V1,DISCOVERY,d60e5522040abbfc,NCAAB_20260113_UVA_LOU,KXNCAAMBGAME-26JAN13UVALOU-UVA,1,840,2026-01-14T00:02:08+00:00,PRE_ENTRY,False,PRE_ENTRY,PRE_80,HISTORICAL_RECONSTRUCT,ASKED_SIX_FIRST80,80,35,,,0,0,,,,,,,,,,,,,,UNAVAILABLE,,,,,,,,,False,UNAVAILABLE,False
NCAAB_H2_1_AUSTIN_TRANSFER_V1,DISCOVERY,d60e5522040abbfc,NCAAB_20260113_UVA_LOU,KXNCAAMBGAME-26JAN13UVALOU-UVA,1,720,2026-01-14T00:02:08+00:00,PRE_ENTRY,False,PRE_ENTRY,PRE_80,HISTORICAL_RECONSTRUCT,ASKED_SIX_FIRST80,80,35,,,0,0,,,,,,,,,,,,,,UNAVAILABLE,,,,,,,,,False,UNAVAILABLE,False
NCAAB_H2_1_AUSTIN_TRANSFER_V1,DISCOVERY,d60e5522040abbfc,NCAAB_20260113_UVA_LOU,KXNCAAMBGAME-26JAN13UVALOU-UVA,1,600,2026-01-14T00:02:08+00:00,PRE_ENTRY,False,PRE_ENTRY,PRE_80,HISTORICAL_RECONSTRUCT,ASKED_SIX_FIRST80,80,35,,,0,0,,,,,,,,,,,,,,UNAVAILABLE,,,,,,,,,False,UNAVAILABLE,False
NCAAB_H2_1_AUSTIN_TRANSFER_V1,DISCOVERY,d60e5522040abbfc,NCAAB_20260113_UVA_LOU,KXNCAAMBGAME-26JAN13UVALOU-UVA,1,480,2026-01-14T00:02:08+00:00,PRE_ENTRY,False,PRE_ENTRY,PRE_80,HISTORICAL_RECONSTRUCT,ASKED_SIX_FIRST80,80,35,,,0,0,,,,,,,,,,,,,,UNAVAILABLE,,,,,,,,,False,UNAVAILABLE,False
NCAAB_H2_1_AUSTIN_TRANSFER_V1,DISCOVERY,d60e5522040abbfc,NCAAB_20260113_UVA_LOU,KXNCAAMBGAME-26JAN13UVALOU-UVA,1,360,2026-01-14T00:02:08+00:00,PRE_ENTRY,False,PRE_ENTRY,PRE_80,HISTORICAL_RECONSTRUCT,ASKED_SIX_FIRST80,80,35,,,0,0,,,,,,,,,,,,,,UNAVAILABLE,,,,,,,,,False,UNAVAILABLE,False
NCAAB_H2_1_AUSTIN_TRANSFER_V1,DISCOVERY,d60e5522040abbfc,NCAAB_20260113_UVA_LOU,KXNCAAMBGAME-26JAN13UVALOU-UVA,1,240,2026-01-14T00:02:08+00:00,PRE_ENTRY,False,PRE_ENTRY,PRE_80,HISTORICAL_RECONSTRUCT,ASKED_SIX_FIRST80,80,35,,,0,0,,,,,,,,,,,,,,UNAVAILABLE,,,,,,,,,False,UNAVAILABLE,False
NCAAB_H2_1_AUSTIN_TRANSFER_V1,DISCOVERY,d60e5522040abbfc,NCAAB_20260113_UVA_LOU,KXNCAAMBGAME-26JAN13UVALOU-UVA,1,120,2026-01-14T00:02:08+00:00,PRE_ENTRY,False,PRE_ENTRY,PRE_80,HISTORICAL_RECONSTRUCT,ASKED_SIX_FIRST80,80,35,,,0,0,,,,,,,,,,,,,,UNAVAILABLE,,,,,,,,,False,UNAVAILABLE,False
NCAAB_H2_1_AUSTIN_TRANSFER_V1,DISCOVERY,d60e5522040abbfc,NCAAB_20260113_UVA_LOU,KXNCAAMBGAME-26JAN13UVALOU-UVA,1,0,2026-01-14T00:52:16+00:00,PRE_ENTRY,False,PRE_ENTRY,PRE_80,HISTORICAL_RECONSTRUCT,ASKED_SIX_FIRST80,80,55,,,28,33,,,,,,,,,,,,,,UNAVAILABLE,,,,,,,,,False,UNAVAILABLE,False
NCAAB_H2_1_AUSTIN_TRANSFER_V1,DISCOVERY,d60e5522040abbfc,NCAAB_20260113_UVA_LOU,KXNCAAMBGAME-26JAN13UVALOU-UVA,2,1200,2026-01-14T01:06:14+00:00,PRE_ENTRY,False,PRE_ENTRY,PRE_80,HISTORICAL_RECONSTRUCT,ASKED_SIX_FIRST80,80,51,,,28,33,,,,,,,,,,,,,,UNAVAILABLE,,,,,,,,,False,UNAVAILABLE,False
NCAAB_H2_1_AUSTIN_TRANSFER_V1,DISCOVERY,d60e5522040abbfc,NCAAB_20260113_UVA_LOU,KXNCAAMBGAME-26JAN13UVALOU-UVA,2,1080,2026-01-14T01:06:14+00:00,PRE_ENTRY,False,PRE_ENTRY,PRE_80,HISTORICAL_RECONSTRUCT,ASKED_SIX_FIRST80,80,51,,,28,33,,,,,,,,,,,,,,UNAVAILABLE,,,,,,,,,False,UNAVAILABLE,False
NCAAB_H2_1_AUSTIN_TRANSFER_V1,DISCOVERY,d60e5522040abbfc,NCAAB_20260113_UVA_LOU,KXNCAAMBGAME-26JAN13UVALOU-UVA,2,960,2026-01-14T01:06:14+00:00,PRE_ENTRY,False,PRE_ENTRY,PRE_80,HISTORICAL_RECONSTRUCT,ASKED_SIX_FIRST80,80,51,,,28,33,,,,,,,,,,,,,,UNAVAILABLE,,,,,,,,,False,UNAVAILABLE,False
NCAAB_H2_1_AUSTIN_TRANSFER_V1,DISCOVERY,d60e5522040abbfc,NCAAB_20260113_UVA_LOU,KXNCAAMBGAME-26JAN13UVALOU-UVA,2,840,2026-01-14T01:06:14+00:00,PRE_ENTRY,False,PRE_ENTRY,PRE_80,HISTORICAL_RECONSTRUCT,ASKED_SIX_FIRST80,80,51,,,28,33,,,,,,,,,,,,,,UNAVAILABLE,,,,,,,,,False,UNAVAILABLE,False
NCAAB_H2_1_AUSTIN_TRANSFER_V1,DISCOVERY,d60e5522040abbfc,NCAAB_20260113_UVA_LOU,KXNCAAMBGAME-26JAN13UVALOU-UVA,2,720,2026-01-14T01:33:19+00:00,PRIMARY_GRID,True,,POST_80,HISTORICAL_RECONSTRUCT,ASKED_SIX_FIRST80,80,88,8,39,41,56,OBSERVED,,10.403247482015844,-4.0,20.0,95% CI — weighted bootstrap,25,25,23.569996664700927,0.559170998734271,0.5260882024037196,0.8405797101449275,OBSERVED,VALUE,20,,NOT_APPLICABLE,True,True,10.403247482015844,10.403247482015844,0.0,False,UNAVAILABLE,False
NCAAB_H2_1_AUSTIN_TRANSFER_V1,DISCOVERY,d60e5522040abbfc,NCAAB_20260113_UVA_LOU,KXNCAAMBGAME-26JAN13UVALOU-UVA,2,600,2026-01-14T01:06:14+00:00,PRIMARY_GRID,True,,PRE_80,HISTORICAL_RECONSTRUCT,NONE,,51,,,28,33,INSUFFICIENT_SAMPLE,NO_ENTRY_IN_FITTED_SPACE,,,,95% CI — weighted bootstrap,25,,,,,0.30434782608695654,UNAVAILABLE,NOT_APPLICABLE,20,20,VALUE,False,False,10.403247482015844,,,False,UNAVAILABLE,False
NCAAB_H2_1_AUSTIN_TRANSFER_V1,DISCOVERY,d60e5522040abbfc,NCAAB_20260113_UVA_LOU,KXNCAAMBGAME-26JAN13UVALOU-UVA,2,480,2026-01-14T01:06:14+00:00,PRIMARY_GRID,True,,PRE_80,HISTORICAL_RECONSTRUCT,NONE,,51,,,28,33,INSUFFICIENT_SAMPLE,NO_ENTRY_IN_FITTED_SPACE,,,,95% CI — weighted bootstrap,25,,,,,0.30434782608695654,UNAVAILABLE,NOT_APPLICABLE,20,20,VALUE,False,False,10.403247482015844,,,False,UNAVAILABLE,False
NCAAB_H2_1_AUSTIN_TRANSFER_V1,DISCOVERY,d60e5522040abbfc,NCAAB_20260113_UVA_LOU,KXNCAAMBGAME-26JAN13UVALOU-UVA,2,360,2026-01-14T01:06:14+00:00,PRIMARY_GRID,True,,PRE_80,HISTORICAL_RECONSTRUCT,NONE,,51,,,28,33,INSUFFICIENT_SAMPLE,NO_ENTRY_IN_FITTED_SPACE,,,,95% CI — weighted bootstrap,25,,,,,0.30434782608695654,UNAVAILABLE,NOT_APPLICABLE,20,20,VALUE,False,False,10.403247482015844,,,False,UNAVAILABLE,False
NCAAB_H2_1_AUSTIN_TRANSFER_V1,DISCOVERY,d60e5522040abbfc,NCAAB_20260113_UVA_LOU,KXNCAAMBGAME-26JAN13UVALOU-UVA,2,240,2026-01-14T01:06:14+00:00,PRIMARY_GRID,True,,PRE_80,HISTORICAL_RECONSTRUCT,NONE,,51,,,28,33,INSUFFICIENT_SAMPLE,NO_ENTRY_IN_FITTED_SPACE,,,,95% CI — weighted bootstrap,25,,,,,0.30434782608695654,UNAVAILABLE,NOT_APPLICABLE,20,20,VALUE,False,False,10.403247482015844,,,False,UNAVAILABLE,False
NCAAB_H2_1_AUSTIN_TRANSFER_V1,DISCOVERY,d60e5522040abbfc,NCAAB_20260113_UVA_LOU,KXNCAAMBGAME-26JAN13UVALOU-UVA,2,120,2026-01-14T01:06:14+00:00,PRIMARY_GRID,True,,PRE_80,HISTORICAL_RECONSTRUCT,NONE,,51,,,28,33,INSUFFICIENT_SAMPLE,NO_ENTRY_IN_FITTED_SPACE,,,,95% CI — weighted bootstrap,25,,,,,0.30434782608695654,UNAVAILABLE,NOT_APPLICABLE,20,20,VALUE,False,False,10.403247482015844,,,False,UNAVAILABLE,False
NCAAB_H2_1_AUSTIN_TRANSFER_V1,DISCOVERY,d60e5522040abbfc,NCAAB_20260113_UVA_LOU,KXNCAAMBGAME-26JAN13UVALOU-UVA,2,0,2026-01-14T02:22:42+00:00,PRIMARY_GRID,True,,POST_80,HISTORICAL_RECONSTRUCT,ASKED_SIX_FIRST80,80,99,19,759,70,79,OBSERVED,,19.999999999999996,20.0,20.0,95% CI — weighted bootstrap,25,25,24.867129979186917,0.6354928021627033,0.6157215184922546,1.0,OBSERVED,VALUE,20,,NOT_APPLICABLE,True,True,10.403247482015844,19.999999999999996,9.596752517984152,False,UNAVAILABLE,False
NCAAB_H2_1_AUSTIN_TRANSFER_V1,DISCOVERY,d60e5522040abbfc,NCAAB_20260113_UVA_LOU,KXNCAAMBGAME-26JAN13UVALOU-UVA,2,759,2026-01-14T01:31:00+00:00,DIAGNOSTIC_EVENT,False,,POST_80,HISTORICAL_RECONSTRUCT,ASKED_SIX_FIRST80,80,77,-3,0,41,54,OBSERVED,,20.0,20.0,20.0,95% CI — weighted bootstrap,25,25,24.134982325511707,0.49769863043980817,0.5006165372494437,0.7246376811594203,OBSERVED,VALUE,20,,NOT_APPLICABLE,True,True,10.403247482015844,20.0,9.596752517984156,False,UNAVAILABLE,False
NCAAB_H2_1_AUSTIN_TRANSFER_V1,DISCOVERY,33504dad9e8bb140,NCAAB_20260113_FSU_SYR,KXNCAAMBGAME-26JAN13FSUSYR-SYR,1,1200,2026-01-14T02:05:58+00:00,PRE_ENTRY,False,PRE_ENTRY,PRE_80,HISTORICAL_RECONSTRUCT,ASKED_SIX_FIRST80,80,69,,,0,0,,,,,,,,,,,,,,UNAVAILABLE,,,,,,,,,False,UNAVAILABLE,False
NCAAB_H2_1_AUSTIN_TRANSFER_V1,DISCOVERY,33504dad9e8bb140,NCAAB_20260113_FSU_SYR,KXNCAAMBGAME-26JAN13FSUSYR-SYR,1,1080,2026-01-14T02:05:58+00:00,PRE_ENTRY,False,PRE_ENTRY,PRE_80,HISTORICAL_RECONSTRUCT,ASKED_SIX_FIRST80,80,69,,,0,0,,,,,,,,,,,,,,UNAVAILABLE,,,,,,,,,False,UNAVAILABLE,False
NCAAB_H2_1_AUSTIN_TRANSFER_V1,DISCOVERY,33504dad9e8bb140,NCAAB_20260113_FSU_SYR,KXNCAAMBGAME-26JAN13FSUSYR-SYR,1,960,2026-01-14T02:05:58+00:00,PRE_ENTRY,False,PRE_ENTRY,PRE_80,HISTORICAL_RECONSTRUCT,ASKED_SIX_FIRST80,80,69,,,0,0,,,,,,,,,,,,,,UNAVAILABLE,,,,,,,,,False,UNAVAILABLE,False
NCAAB_H2_1_AUSTIN_TRANSFER_V1,DISCOVERY,33504dad9e8bb140,NCAAB_20260113_FSU_SYR,KXNCAAMBGAME-26JAN13FSUSYR-SYR,1,840,2026-01-14T02:05:58+00:00,PRE_ENTRY,False,PRE_ENTRY,PRE_80,HISTORICAL_RECONSTRUCT,ASKED_SIX_FIRST80,80,69,,,0,0,,,,,,,,,,,,,,UNAVAILABLE,,,,,,,,,False,UNAVAILABLE,False
NCAAB_H2_1_AUSTIN_TRANSFER_V1,DISCOVERY,33504dad9e8bb140,NCAAB_20260113_FSU_SYR,KXNCAAMBGAME-26JAN13FSUSYR-SYR,1,720,2026-01-14T02:05:58+00:00,PRE_ENTRY,False,PRE_ENTRY,PRE_80,HISTORICAL_RECONSTRUCT,ASKED_SIX_FIRST80,80,69,,,0,0,,,,,,,,,,,,,,UNAVAILABLE,,,,,,,,,False,UNAVAILABLE,False
NCAAB_H2_1_AUSTIN_TRANSFER_V1,DISCOVERY,33504dad9e8bb140,NCAAB_20260113_FSU_SYR,KXNCAAMBGAME-26JAN13FSUSYR-SYR,1,600,2026-01-14T02:05:58+00:00,PRE_ENTRY,False,PRE_ENTRY,PRE_80,HISTORICAL_RECONSTRUCT,ASKED_SIX_FIRST80,80,69,,,0,0,,,,,,,,,,,,,,UNAVAILABLE,,,,,,,,,False,UNAVAILABLE,False
NCAAB_H2_1_AUSTIN_TRANSFER_V1,DISCOVERY,33504dad9e8bb140,NCAAB_20260113_FSU_SYR,KXNCAAMBGAME-26JAN13FSUSYR-SYR,1,480,2026-01-14T02:05:58+00:00,PRE_ENTRY,False,PRE_ENTRY,PRE_80,HISTORICAL_RECONSTRUCT,ASKED_SIX_FIRST80,80,69,,,0,0,,,,,,,,,,,,,,UNAVAILABLE,,,,,,,,,False,UNAVAILABLE,False
NCAAB_H2_1_AUSTIN_TRANSFER_V1,DISCOVERY,33504dad9e8bb140,NCAAB_20260113_FSU_SYR,KXNCAAMBGAME-26JAN13FSUSYR-SYR,1,360,2026-01-14T02:05:58+00:00,PRE_ENTRY,False,PRE_ENTRY,PRE_80,HISTORICAL_RECONSTRUCT,ASKED_SIX_FIRST80,80,69,,,0,0,,,,,,,,,,,,,,UNAVAILABLE,,,,,,,,,False,UNAVAILABLE,False
NCAAB_H2_1_AUSTIN_TRANSFER_V1,DISCOVERY,33504dad9e8bb140,NCAAB_20260113_FSU_SYR,KXNCAAMBGAME-26JAN13FSUSYR-SYR,1,240,2026-01-14T02:05:58+00:00,PRE_ENTRY,False,PRE_ENTRY,PRE_80,HISTORICAL_RECONSTRUCT,ASKED_SIX_FIRST80,80,69,,,0,0,,,,,,,,,,,,,,UNAVAILABLE,,,,,,,,,False,UNAVAILABLE,False
NCAAB_H2_1_AUSTIN_TRANSFER_V1,DISCOVERY,33504dad9e8bb140,NCAAB_20260113_FSU_SYR,KXNCAAMBGAME-26JAN13FSUSYR-SYR,1,120,2026-01-14T02:05:58+00:00,PRE_ENTRY,False,PRE_ENTRY,PRE_80,HISTORICAL_RECONSTRUCT,ASKED_SIX_FIRST80,80,69,,,0,0,,,,,,,,,,,,,,UNAVAILABLE,,,,,,,,,False,UNAVAILABLE,False
NCAAB_H2_1_AUSTIN_TRANSFER_V1,DISCOVERY,33504dad9e8bb140,NCAAB_20260113_FSU_SYR,KXNCAAMBGAME-26JAN13FSUSYR-SYR,1,0,2026-01-14T02:50:29+00:00,PRE_ENTRY,False,PRE_ENTRY,PRE_80,HISTORICAL_RECONSTRUCT,ASKED_SIX_FIRST80,80,77,,,43,40,,,,,,,,,,,,,,UNAVAILABLE,,,,,,,,,False,UNAVAILABLE,False
NCAAB_H2_1_AUSTIN_TRANSFER_V1,DISCOVERY,33504dad9e8bb140,NCAAB_20260113_FSU_SYR,KXNCAAMBGAME-26JAN13FSUSYR-SYR,2,1200,2026-01-14T03:03:36+00:00,PRE_ENTRY,False,PRE_ENTRY,PRE_80,HISTORICAL_RECONSTRUCT,ASKED_SIX_FIRST80,80,73,,,43,40,,,,,,,,,,,,,,UNAVAILABLE,,,,,,,,,False,UNAVAILABLE,False
NCAAB_H2_1_AUSTIN_TRANSFER_V1,DISCOVERY,33504dad9e8bb140,NCAAB_20260113_FSU_SYR,KXNCAAMBGAME-26JAN13FSUSYR-SYR,2,1080,2026-01-14T03:03:36+00:00,PRIMARY_GRID,True,,PRE_80,HISTORICAL_RECONSTRUCT,NONE,,73,,,43,40,INSUFFICIENT_SAMPLE,NO_ENTRY_IN_FITTED_SPACE,,,,95% CI — weighted bootstrap,25,,,,,0.30434782608695654,UNAVAILABLE,NOT_APPLICABLE,20,20,VALUE,False,False,,,,False,UNAVAILABLE,False
NCAAB_H2_1_AUSTIN_TRANSFER_V1,DISCOVERY,33504dad9e8bb140,NCAAB_20260113_FSU_SYR,KXNCAAMBGAME-26JAN13FSUSYR-SYR,2,960,2026-01-14T03:03:36+00:00,PRIMARY_GRID,True,,PRE_80,HISTORICAL_RECONSTRUCT,NONE,,73,,,43,40,INSUFFICIENT_SAMPLE,NO_ENTRY_IN_FITTED_SPACE,,,,95% CI — weighted bootstrap,25,,,,,0.30434782608695654,UNAVAILABLE,NOT_APPLICABLE,20,20,VALUE,False,False,,,,False,UNAVAILABLE,False
NCAAB_H2_1_AUSTIN_TRANSFER_V1,DISCOVERY,33504dad9e8bb140,NCAAB_20260113_FSU_SYR,KXNCAAMBGAME-26JAN13FSUSYR-SYR,2,840,2026-01-14T03:03:36+00:00,PRIMARY_GRID,True,,PRE_80,HISTORICAL_RECONSTRUCT,NONE,,73,,,43,40,INSUFFICIENT_SAMPLE,NO_ENTRY_IN_FITTED_SPACE,,,,95% CI — weighted bootstrap,25,,,,,0.30434782608695654,UNAVAILABLE,NOT_APPLICABLE,20,20,VALUE,False,False,,,,False,UNAVAILABLE,False
NCAAB_H2_1_AUSTIN_TRANSFER_V1,DISCOVERY,33504dad9e8bb140,NCAAB_20260113_FSU_SYR,KXNCAAMBGAME-26JAN13FSUSYR-SYR,2,720,2026-01-14T03:03:36+00:00,PRIMARY_GRID,True,,PRE_80,HISTORICAL_RECONSTRUCT,NONE,,73,,,43,40,INSUFFICIENT_SAMPLE,NO_ENTRY_IN_FITTED_SPACE,,,,95% CI — weighted bootstrap,25,,,,,0.30434782608695654,UNAVAILABLE,NOT_APPLICABLE,20,20,VALUE,False,False,,,,False,UNAVAILABLE,False
NCAAB_H2_1_AUSTIN_TRANSFER_V1,DISCOVERY,33504dad9e8bb140,NCAAB_20260113_FSU_SYR,KXNCAAMBGAME-26JAN13FSUSYR-SYR,2,600,2026-01-14T03:03:36+00:00,PRIMARY_GRID,True,,PRE_80,HISTORICAL_RECONSTRUCT,NONE,,73,,,43,40,INSUFFICIENT_SAMPLE,NO_ENTRY_IN_FITTED_SPACE,,,,95% CI — weighted bootstrap,25,,,,,0.30434782608695654,UNAVAILABLE,NOT_APPLICABLE,20,20,VALUE,False,False,,,,False,UNAVAILABLE,False
NCAAB_H2_1_AUSTIN_TRANSFER_V1,DISCOVERY,33504dad9e8bb140,NCAAB_20260113_FSU_SYR,KXNCAAMBGAME-26JAN13FSUSYR-SYR,2,480,2026-01-14T03:03:36+00:00,PRIMARY_GRID,True,,PRE_80,HISTORICAL_RECONSTRUCT,NONE,,73,,,43,40,INSUFFICIENT_SAMPLE,NO_ENTRY_IN_FITTED_SPACE,,,,95% CI — weighted bootstrap,25,,,,,0.30434782608695654,UNAVAILABLE,NOT_APPLICABLE,20,20,VALUE,False,False,,,,False,UNAVAILABLE,False
NCAAB_H2_1_AUSTIN_TRANSFER_V1,DISCOVERY,33504dad9e8bb140,NCAAB_20260113_FSU_SYR,KXNCAAMBGAME-26JAN13FSUSYR-SYR,2,360,2026-01-14T03:53:22+00:00,PRIMARY_GRID,True,,POST_80,HISTORICAL_RECONSTRUCT,ASKED_SIX_FIRST80,80,80,0,803,82,75,OBSERVED,,9.146440090544772,-4.0,20.0,95% CI — weighted bootstrap,25,25,24.6129263755281,0.39063849317443006,0.3886780645660082,1.0,OBSERVED,VALUE,20,,NOT_APPLICABLE,True,True,9.146440090544772,9.146440090544772,0.0,False,UNAVAILABLE,False
NCAAB_H2_1_AUSTIN_TRANSFER_V1,DISCOVERY,33504dad9e8bb140,NCAAB_20260113_FSU_SYR,KXNCAAMBGAME-26JAN13FSUSYR-SYR,2,240,2026-01-14T03:03:36+00:00,PRIMARY_GRID,True,,PRE_80,HISTORICAL_RECONSTRUCT,NONE,,73,,,43,40,INSUFFICIENT_SAMPLE,NO_ENTRY_IN_FITTED_SPACE,,,,95% CI — weighted bootstrap,25,,,,,0.30434782608695654,UNAVAILABLE,NOT_APPLICABLE,20,20,VALUE,False,False,9.146440090544772,,,False,UNAVAILABLE,False
NCAAB_H2_1_AUSTIN_TRANSFER_V1,DISCOVERY,33504dad9e8bb140,NCAAB_20260113_FSU_SYR,KXNCAAMBGAME-26JAN13FSUSYR-SYR,2,120,2026-01-14T03:03:36+00:00,PRIMARY_GRID,True,,PRE_80,HISTORICAL_RECONSTRUCT,NONE,,73,,,43,40,INSUFFICIENT_SAMPLE,NO_ENTRY_IN_FITTED_SPACE,,,,95% CI — weighted bootstrap,25,,,,,0.30434782608695654,UNAVAILABLE,NOT_APPLICABLE,20,20,VALUE,False,False,9.146440090544772,,,False,UNAVAILABLE,False
NCAAB_H2_1_AUSTIN_TRANSFER_V1,DISCOVERY,33504dad9e8bb140,NCAAB_20260113_FSU_SYR,KXNCAAMBGAME-26JAN13FSUSYR-SYR,2,0,2026-01-14T04:30:07+00:00,PRIMARY_GRID,True,,POST_80,HISTORICAL_RECONSTRUCT,ASKED_SIX_FIRST80,80,99,19,1163,94,86,OBSERVED,,20.0,20.0,20.0,95% CI — weighted bootstrap,25,25,24.971585320940815,0.8205826794242843,0.8096100580682167,1.0,OBSERVED,VALUE,20,,NOT_APPLICABLE,True,True,9.146440090544772,20.0,10.853559909455228,False,UNAVAILABLE,False
NCAAB_H2_1_AUSTIN_TRANSFER_V1,DISCOVERY,33504dad9e8bb140,NCAAB_20260113_FSU_SYR,KXNCAAMBGAME-26JAN13FSUSYR-SYR,2,1163,2026-01-14T03:09:00+00:00,DIAGNOSTIC_EVENT,False,,POST_80,HISTORICAL_RECONSTRUCT,ASKED_SIX_FIRST80,80,72,-8,0,46,40,OBSERVED,,11.859068039218613,0.0,20.0,95% CI — weighted bootstrap,25,25,24.99069536058334,1.388074938106358,1.380810574624939,0.7246376811594203,OBSERVED,VALUE,20,,NOT_APPLICABLE,True,True,9.146440090544772,11.859068039218613,2.712627948673841,False,UNAVAILABLE,False
NCAAB_H2_1_AUSTIN_TRANSFER_V1,DISCOVERY,33504dad9e8bb140,NCAAB_20260113_FSU_SYR,KXNCAAMBGAME-26JAN13FSUSYR-SYR,2,831,2026-01-14T03:27:00+00:00,DIAGNOSTIC_EVENT,False,,POST_80,HISTORICAL_RECONSTRUCT,ASKED_SIX_FIRST80,80,74,-6,332,60,58,OBSERVED,,-25.066603566448435,-44.0,-4.0,95% CI — weighted bootstrap,25,25,24.658237734749427,0.5905958729730222,0.5939438422943677,0.9855072463768116,OBSERVED,VALUE,20,,NOT_APPLICABLE,True,True,9.146440090544772,-25.066603566448435,-34.21304365699321,False,UNAVAILABLE,False
NCAAB_H2_1_AUSTIN_TRANSFER_V1,DISCOVERY,33504dad9e8bb140,NCAAB_20260113_FSU_SYR,KXNCAAMBGAME-26JAN13FSUSYR-SYR,2,793,2026-01-14T03:29:00+00:00,DIAGNOSTIC_EVENT,False,,POST_80,HISTORICAL_RECONSTRUCT,ASKED_SIX_FIRST80,80,70,-10,370,61,61,OBSERVED,,-37.19446922660746,-56.0,-20.0,95% CI — weighted bootstrap,25,25,23.987736338643604,0.6739652882815333,0.6622571867162922,0.9855072463768116,OBSERVED,VALUE,20,,NOT_APPLICABLE,True,True,9.146440090544772,-37.19446922660746,-46.34090931715223,False,UNAVAILABLE,False
NCAAB_H2_1_AUSTIN_TRANSFER_V1,DISCOVERY,33504dad9e8bb140,NCAAB_20260113_FSU_SYR,KXNCAAMBGAME-26JAN13FSUSYR-SYR,2,635,2026-01-14T03:40:00+00:00,DIAGNOSTIC_EVENT,False,,POST_80,HISTORICAL_RECONSTRUCT,ASKED_SIX_FIRST80,80,55,-25,528,64,67,OBSERVED,,-41.96480474214387,-60.0,-23.90000000000009,95% CI — weighted bootstrap,25,25,24.7151839879594,0.8081159935692247,0.7842054600957152,0.9855072463768116,OBSERVED,VALUE,20,,NOT_APPLICABLE,True,True,9.146440090544772,-41.96480474214387,-51.11124483268864,False,UNAVAILABLE,False
NCAAB_H2_1_AUSTIN_TRANSFER_V1,DISCOVERY,ee8d73683f535931,NCAAB_20260113_ALA_MSST,KXNCAAMBGAME-26JAN13ALAMSST-ALA,1,1200,2026-01-14T02:10:42+00:00,PRE_ENTRY,False,PRE_ENTRY,PRE_80,HISTORICAL_RECONSTRUCT,ASKED_SIX_FIRST80,84,66,,,0,0,,,,,,,,,,,,,,UNAVAILABLE,,,,,,,,,False,UNAVAILABLE,False
NCAAB_H2_1_AUSTIN_TRANSFER_V1,DISCOVERY,ee8d73683f535931,NCAAB_20260113_ALA_MSST,KXNCAAMBGAME-26JAN13ALAMSST-ALA,1,1080,2026-01-14T02:10:42+00:00,PRE_ENTRY,False,PRE_ENTRY,PRE_80,HISTORICAL_RECONSTRUCT,ASKED_SIX_FIRST80,84,66,,,0,0,,,,,,,,,,,,,,UNAVAILABLE,,,,,,,,,False,UNAVAILABLE,False
NCAAB_H2_1_AUSTIN_TRANSFER_V1,DISCOVERY,ee8d73683f535931,NCAAB_20260113_ALA_MSST,KXNCAAMBGAME-26JAN13ALAMSST-ALA,1,960,2026-01-14T02:10:42+00:00,PRE_ENTRY,False,PRE_ENTRY,PRE_80,HISTORICAL_RECONSTRUCT,ASKED_SIX_FIRST80,84,66,,,0,0,,,,,,,,,,,,,,UNAVAILABLE,,,,,,,,,False,UNAVAILABLE,False
NCAAB_H2_1_AUSTIN_TRANSFER_V1,DISCOVERY,ee8d73683f535931,NCAAB_20260113_ALA_MSST,KXNCAAMBGAME-26JAN13ALAMSST-ALA,1,840,2026-01-14T02:10:42+00:00,PRE_ENTRY,False,PRE_ENTRY,PRE_80,HISTORICAL_RECONSTRUCT,ASKED_SIX_FIRST80,84,66,,,0,0,,,,,,,,,,,,,,UNAVAILABLE,,,,,,,,,False,UNAVAILABLE,False
NCAAB_H2_1_AUSTIN_TRANSFER_V1,DISCOVERY,ee8d73683f535931,NCAAB_20260113_ALA_MSST,KXNCAAMBGAME-26JAN13ALAMSST-ALA,1,720,2026-01-14T02:10:42+00:00,PRE_ENTRY,False,PRE_ENTRY,PRE_80,HISTORICAL_RECONSTRUCT,ASKED_SIX_FIRST80,84,66,,,0,0,,,,,,,,,,,,,,UNAVAILABLE,,,,,,,,,False,UNAVAILABLE,False
NCAAB_H2_1_AUSTIN_TRANSFER_V1,DISCOVERY,ee8d73683f535931,NCAAB_20260113_ALA_MSST,KXNCAAMBGAME-26JAN13ALAMSST-ALA,1,600,2026-01-14T02:10:42+00:00,PRE_ENTRY,False,PRE_ENTRY,PRE_80,HISTORICAL_RECONSTRUCT,ASKED_SIX_FIRST80,84,66,,,0,0,,,,,,,,,,,,,,UNAVAILABLE,,,,,,,,,False,UNAVAILABLE,False
NCAAB_H2_1_AUSTIN_TRANSFER_V1,DISCOVERY,ee8d73683f535931,NCAAB_20260113_ALA_MSST,KXNCAAMBGAME-26JAN13ALAMSST-ALA,1,480,2026-01-14T02:10:42+00:00,PRE_ENTRY,False,PRE_ENTRY,PRE_80,HISTORICAL_RECONSTRUCT,ASKED_SIX_FIRST80,84,66,,,0,0,,,,,,,,,,,,,,UNAVAILABLE,,,,,,,,,False,UNAVAILABLE,False
NCAAB_H2_1_AUSTIN_TRANSFER_V1,DISCOVERY,ee8d73683f535931,NCAAB_20260113_ALA_MSST,KXNCAAMBGAME-26JAN13ALAMSST-ALA,1,360,2026-01-14T02:10:42+00:00,PRE_ENTRY,False,PRE_ENTRY,PRE_80,HISTORICAL_RECONSTRUCT,ASKED_SIX_FIRST80,84,66,,,0,0,,,,,,,,,,,,,,UNAVAILABLE,,,,,,,,,False,UNAVAILABLE,False
NCAAB_H2_1_AUSTIN_TRANSFER_V1,DISCOVERY,ee8d73683f535931,NCAAB_20260113_ALA_MSST,KXNCAAMBGAME-26JAN13ALAMSST-ALA,1,240,2026-01-14T02:10:42+00:00,PRE_ENTRY,False,PRE_ENTRY,PRE_80,HISTORICAL_RECONSTRUCT,ASKED_SIX_FIRST80,84,66,,,0,0,,,,,,,,,,,,,,UNAVAILABLE,,,,,,,,,False,UNAVAILABLE,False
NCAAB_H2_1_AUSTIN_TRANSFER_V1,DISCOVERY,ee8d73683f535931,NCAAB_20260113_ALA_MSST,KXNCAAMBGAME-26JAN13ALAMSST-ALA,1,120,2026-01-14T02:10:42+00:00,PRE_ENTRY,False,PRE_ENTRY,PRE_80,HISTORICAL_RECONSTRUCT,ASKED_SIX_FIRST80,84,66,,,0,0,,,,,,,,,,,,,,UNAVAILABLE,,,,,,,,,False,UNAVAILABLE,False
NCAAB_H2_1_AUSTIN_TRANSFER_V1,DISCOVERY,ee8d73683f535931,NCAAB_20260113_ALA_MSST,KXNCAAMBGAME-26JAN13ALAMSST-ALA,1,0,2026-01-14T03:09:53+00:00,PRE_ENTRY,False,PRE_ENTRY,PRE_80,HISTORICAL_RECONSTRUCT,ASKED_SIX_FIRST80,84,71,,,34,36,,,,,,,,,,,,,,UNAVAILABLE,,,,,,,,,False,UNAVAILABLE,False
NCAAB_H2_1_AUSTIN_TRANSFER_V1,DISCOVERY,ee8d73683f535931,NCAAB_20260113_ALA_MSST,KXNCAAMBGAME-26JAN13ALAMSST-ALA,2,1200,2026-01-14T03:11:45+00:00,PRE_ENTRY,False,PRE_ENTRY,PRE_80,HISTORICAL_RECONSTRUCT,ASKED_SIX_FIRST80,84,71,,,34,36,,,,,,,,,,,,,,UNAVAILABLE,,,,,,,,,False,UNAVAILABLE,False
NCAAB_H2_1_AUSTIN_TRANSFER_V1,DISCOVERY,ee8d73683f535931,NCAAB_20260113_ALA_MSST,KXNCAAMBGAME-26JAN13ALAMSST-ALA,2,1080,2026-01-14T03:11:45+00:00,PRIMARY_GRID,True,,PRE_80,HISTORICAL_RECONSTRUCT,NONE,,71,,,34,36,INSUFFICIENT_SAMPLE,NO_ENTRY_IN_FITTED_SPACE,,,,95% CI — weighted bootstrap,25,,,,,0.30434782608695654,UNAVAILABLE,NOT_APPLICABLE,20,20,VALUE,False,False,,,,False,UNAVAILABLE,False
NCAAB_H2_1_AUSTIN_TRANSFER_V1,DISCOVERY,ee8d73683f535931,NCAAB_20260113_ALA_MSST,KXNCAAMBGAME-26JAN13ALAMSST-ALA,2,960,2026-01-14T03:11:45+00:00,PRIMARY_GRID,True,,PRE_80,HISTORICAL_RECONSTRUCT,NONE,,71,,,34,36,INSUFFICIENT_SAMPLE,NO_ENTRY_IN_FITTED_SPACE,,,,95% CI — weighted bootstrap,25,,,,,0.30434782608695654,UNAVAILABLE,NOT_APPLICABLE,20,20,VALUE,False,False,,,,False,UNAVAILABLE,False
NCAAB_H2_1_AUSTIN_TRANSFER_V1,DISCOVERY,ee8d73683f535931,NCAAB_20260113_ALA_MSST,KXNCAAMBGAME-26JAN13ALAMSST-ALA,2,840,2026-01-14T03:34:58+00:00,PRIMARY_GRID,True,,POST_80,HISTORICAL_RECONSTRUCT,ASKED_SIX_FIRST80,84,95,11,268,42,57,OBSERVED,,5.96322404207766,-8.0,20.0,95% CI — weighted bootstrap,25,25,23.828439564463178,0.8254713441938616,0.7897764071308923,0.9710144927536232,OBSERVED,VALUE,20,,NOT_APPLICABLE,True,True,5.96322404207766,5.96322404207766,0.0,False,UNAVAILABLE,False
NCAAB_H2_1_AUSTIN_TRANSFER_V1,DISCOVERY,ee8d73683f535931,NCAAB_20260113_ALA_MSST,KXNCAAMBGAME-26JAN13ALAMSST-ALA,2,720,2026-01-14T03:42:08+00:00,PRIMARY_GRID,True,,POST_80,HISTORICAL_RECONSTRUCT,ASKED_SIX_FIRST80,84,93,9,388,52,62,OBSERVED,,20.000000000000004,20.0,20.0,95% CI — weighted bootstrap,25,25,24.296034643385656,0.6768484155697241,0.6574004999525631,0.9855072463768116,OBSERVED,VALUE,20,,NOT_APPLICABLE,True,True,5.96322404207766,20.000000000000004,14.036775957922345,False,UNAVAILABLE,False
NCAAB_H2_1_AUSTIN_TRANSFER_V1,DISCOVERY,ee8d73683f535931,NCAAB_20260113_ALA_MSST,KXNCAAMBGAME-26JAN13ALAMSST-ALA,2,600,2026-01-14T03:11:45+00:00,PRIMARY_GRID,True,,PRE_80,HISTORICAL_RECONSTRUCT,NONE,,71,,,34,36,INSUFFICIENT_SAMPLE,NO_ENTRY_IN_FITTED_SPACE,,,,95% CI — weighted bootstrap,25,,,,,0.30434782608695654,UNAVAILABLE,NOT_APPLICABLE,20,20,VALUE,False,False,5.96322404207766,,,False,UNAVAILABLE,False
NCAAB_H2_1_AUSTIN_TRANSFER_V1,DISCOVERY,ee8d73683f535931,NCAAB_20260113_ALA_MSST,KXNCAAMBGAME-26JAN13ALAMSST-ALA,2,480,2026-01-14T03:11:45+00:00,PRIMARY_GRID,True,,PRE_80,HISTORICAL_RECONSTRUCT,NONE,,71,,,34,36,INSUFFICIENT_SAMPLE,NO_ENTRY_IN_FITTED_SPACE,,,,95% CI — weighted bootstrap,25,,,,,0.30434782608695654,UNAVAILABLE,NOT_APPLICABLE,20,20,VALUE,False,False,5.96322404207766,,,False,UNAVAILABLE,False
NCAAB_H2_1_AUSTIN_TRANSFER_V1,DISCOVERY,ee8d73683f535931,NCAAB_20260113_ALA_MSST,KXNCAAMBGAME-26JAN13ALAMSST-ALA,2,360,2026-01-14T03:11:45+00:00,PRIMARY_GRID,True,,PRE_80,HISTORICAL_RECONSTRUCT,NONE,,71,,,34,36,INSUFFICIENT_SAMPLE,NO_ENTRY_IN_FITTED_SPACE,,,,95% CI — weighted bootstrap,25,,,,,0.30434782608695654,UNAVAILABLE,NOT_APPLICABLE,20,20,VALUE,False,False,5.96322404207766,,,False,UNAVAILABLE,False
NCAAB_H2_1_AUSTIN_TRANSFER_V1,DISCOVERY,ee8d73683f535931,NCAAB_20260113_ALA_MSST,KXNCAAMBGAME-26JAN13ALAMSST-ALA,2,240,2026-01-14T03:11:45+00:00,PRIMARY_GRID,True,,PRE_80,HISTORICAL_RECONSTRUCT,NONE,,71,,,34,36,INSUFFICIENT_SAMPLE,NO_ENTRY_IN_FITTED_SPACE,,,,95% CI — weighted bootstrap,25,,,,,0.30434782608695654,UNAVAILABLE,NOT_APPLICABLE,20,20,VALUE,False,False,5.96322404207766,,,False,UNAVAILABLE,False
NCAAB_H2_1_AUSTIN_TRANSFER_V1,DISCOVERY,ee8d73683f535931,NCAAB_20260113_ALA_MSST,KXNCAAMBGAME-26JAN13ALAMSST-ALA,2,120,2026-01-14T03:11:45+00:00,PRIMARY_GRID,True,,PRE_80,HISTORICAL_RECONSTRUCT,NONE,,71,,,34,36,INSUFFICIENT_SAMPLE,NO_ENTRY_IN_FITTED_SPACE,,,,95% CI — weighted bootstrap,25,,,,,0.30434782608695654,UNAVAILABLE,NOT_APPLICABLE,20,20,VALUE,False,False,5.96322404207766,,,False,UNAVAILABLE,False
NCAAB_H2_1_AUSTIN_TRANSFER_V1,DISCOVERY,ee8d73683f535931,NCAAB_20260113_ALA_MSST,KXNCAAMBGAME-26JAN13ALAMSST-ALA,2,0,2026-01-14T04:18:26+00:00,PRIMARY_GRID,True,,POST_80,HISTORICAL_RECONSTRUCT,ASKED_SIX_FIRST80,84,99,15,1108,82,97,OBSERVED,,20.0,20.0,20.0,95% CI — weighted bootstrap,25,25,24.57204048839995,0.9278045961309292,0.874424588698195,1.0,OBSERVED,VALUE,20,,NOT_APPLICABLE,True,True,5.96322404207766,20.0,14.036775957922341,False,UNAVAILABLE,False
NCAAB_H2_1_AUSTIN_TRANSFER_V1,DISCOVERY,ee8d73683f535931,NCAAB_20260113_ALA_MSST,KXNCAAMBGAME-26JAN13ALAMSST-ALA,,,2026-01-12T03:13:00+00:00,DIAGNOSTIC_EVENT,False,,PRE_80,HISTORICAL_RECONSTRUCT,NONE,,63,,,,,INSUFFICIENT_SAMPLE,NO_ENTRY_IN_FITTED_SPACE,,,,95% CI — weighted bootstrap,25,,,,,0.057971014492753624,UNAVAILABLE,NOT_APPLICABLE,20,20,VALUE,False,False,5.96322404207766,,,False,UNAVAILABLE,False
NCAAB_H2_1_AUSTIN_TRANSFER_V1,DISCOVERY,619f160a076816c9,NCAAB_20260114_AUB_MIZZ,KXNCAAMBGAME-26JAN14AUBMIZZ-MIZZ,1,1200,2026-01-15T00:01:48+00:00,PRE_ENTRY,False,PRE_ENTRY,PRE_80,HISTORICAL_RECONSTRUCT,ASKED_SIX_FIRST80,81,47,,,0,0,,,,,,,,,,,,,,UNAVAILABLE,,,,,,,,,False,UNAVAILABLE,False
NCAAB_H2_1_AUSTIN_TRANSFER_V1,DISCOVERY,619f160a076816c9,NCAAB_20260114_AUB_MIZZ,KXNCAAMBGAME-26JAN14AUBMIZZ-MIZZ,1,1080,2026-01-15T00:01:48+00:00,PRE_ENTRY,False,PRE_ENTRY,PRE_80,HISTORICAL_RECONSTRUCT,ASKED_SIX_FIRST80,81,47,,,0,0,,,,,,,,,,,,,,UNAVAILABLE,,,,,,,,,False,UNAVAILABLE,False
NCAAB_H2_1_AUSTIN_TRANSFER_V1,DISCOVERY,619f160a076816c9,NCAAB_20260114_AUB_MIZZ,KXNCAAMBGAME-26JAN14AUBMIZZ-MIZZ,1,960,2026-01-15T00:01:48+00:00,PRE_ENTRY,False,PRE_ENTRY,PRE_80,HISTORICAL_RECONSTRUCT,ASKED_SIX_FIRST80,81,47,,,0,0,,,,,,,,,,,,,,UNAVAILABLE,,,,,,,,,False,UNAVAILABLE,False
NCAAB_H2_1_AUSTIN_TRANSFER_V1,DISCOVERY,619f160a076816c9,NCAAB_20260114_AUB_MIZZ,KXNCAAMBGAME-26JAN14AUBMIZZ-MIZZ,1,840,2026-01-15T00:01:48+00:00,PRE_ENTRY,False,PRE_ENTRY,PRE_80,HISTORICAL_RECONSTRUCT,ASKED_SIX_FIRST80,81,47,,,0,0,,,,,,,,,,,,,,UNAVAILABLE,,,,,,,,,False,UNAVAILABLE,False
NCAAB_H2_1_AUSTIN_TRANSFER_V1,DISCOVERY,619f160a076816c9,NCAAB_20260114_AUB_MIZZ,KXNCAAMBGAME-26JAN14AUBMIZZ-MIZZ,1,720,2026-01-15T00:01:48+00:00,PRE_ENTRY,False,PRE_ENTRY,PRE_80,HISTORICAL_RECONSTRUCT,ASKED_SIX_FIRST80,81,47,,,0,0,,,,,,,,,,,,,,UNAVAILABLE,,,,,,,,,False,UNAVAILABLE,False
NCAAB_H2_1_AUSTIN_TRANSFER_V1,DISCOVERY,619f160a076816c9,NCAAB_20260114_AUB_MIZZ,KXNCAAMBGAME-26JAN14AUBMIZZ-MIZZ,1,600,2026-01-15T00:01:48+00:00,PRE_ENTRY,False,PRE_ENTRY,PRE_80,HISTORICAL_RECONSTRUCT,ASKED_SIX_FIRST80,81,47,,,0,0,,,,,,,,,,,,,,UNAVAILABLE,,,,,,,,,False,UNAVAILABLE,False
NCAAB_H2_1_AUSTIN_TRANSFER_V1,DISCOVERY,619f160a076816c9,NCAAB_20260114_AUB_MIZZ,KXNCAAMBGAME-26JAN14AUBMIZZ-MIZZ,1,480,2026-01-15T00:01:48+00:00,PRE_ENTRY,False,PRE_ENTRY,PRE_80,HISTORICAL_RECONSTRUCT,ASKED_SIX_FIRST80,81,47,,,0,0,,,,,,,,,,,,,,UNAVAILABLE,,,,,,,,,False,UNAVAILABLE,False
NCAAB_H2_1_AUSTIN_TRANSFER_V1,DISCOVERY,619f160a076816c9,NCAAB_20260114_AUB_MIZZ,KXNCAAMBGAME-26JAN14AUBMIZZ-MIZZ,1,360,2026-01-15T00:01:48+00:00,PRE_ENTRY,False,PRE_ENTRY,PRE_80,HISTORICAL_RECONSTRUCT,ASKED_SIX_FIRST80,81,47,,,0,0,,,,,,,,,,,,,,UNAVAILABLE,,,,,,,,,False,UNAVAILABLE,False
NCAAB_H2_1_AUSTIN_TRANSFER_V1,DISCOVERY,619f160a076816c9,NCAAB_20260114_AUB_MIZZ,KXNCAAMBGAME-26JAN14AUBMIZZ-MIZZ,1,240,2026-01-15T00:01:48+00:00,PRE_ENTRY,False,PRE_ENTRY,PRE_80,HISTORICAL_RECONSTRUCT,ASKED_SIX_FIRST80,81,47,,,0,0,,,,,,,,,,,,,,UNAVAILABLE,,,,,,,,,False,UNAVAILABLE,False
NCAAB_H2_1_AUSTIN_TRANSFER_V1,DISCOVERY,619f160a076816c9,NCAAB_20260114_AUB_MIZZ,KXNCAAMBGAME-26JAN14AUBMIZZ-MIZZ,1,120,2026-01-15T00:01:48+00:00,PRE_ENTRY,False,PRE_ENTRY,PRE_80,HISTORICAL_RECONSTRUCT,ASKED_SIX_FIRST80,81,47,,,0,0,,,,,,,,,,,,,,UNAVAILABLE,,,,,,,,,False,UNAVAILABLE,False
NCAAB_H2_1_AUSTIN_TRANSFER_V1,DISCOVERY,619f160a076816c9,NCAAB_20260114_AUB_MIZZ,KXNCAAMBGAME-26JAN14AUBMIZZ-MIZZ,1,0,2026-01-15T00:48:31+00:00,PRE_ENTRY,False,PRE_ENTRY,PRE_80,HISTORICAL_RECONSTRUCT,ASKED_SIX_FIRST80,81,57,,,38,34,,,,,,,,,,,,,,UNAVAILABLE,,,,,,,,,False,UNAVAILABLE,False
NCAAB_H2_1_AUSTIN_TRANSFER_V1,DISCOVERY,619f160a076816c9,NCAAB_20260114_AUB_MIZZ,KXNCAAMBGAME-26JAN14AUBMIZZ-MIZZ,2,1200,2026-01-15T01:02:38+00:00,PRE_ENTRY,False,PRE_ENTRY,PRE_80,HISTORICAL_RECONSTRUCT,ASKED_SIX_FIRST80,81,59,,,38,34,,,,,,,,,,,,,,UNAVAILABLE,,,,,,,,,False,UNAVAILABLE,False
NCAAB_H2_1_AUSTIN_TRANSFER_V1,DISCOVERY,619f160a076816c9,NCAAB_20260114_AUB_MIZZ,KXNCAAMBGAME-26JAN14AUBMIZZ-MIZZ,2,1080,2026-01-15T01:02:38+00:00,PRE_ENTRY,False,PRE_ENTRY,PRE_80,HISTORICAL_RECONSTRUCT,ASKED_SIX_FIRST80,81,59,,,38,34,,,,,,,,,,,,,,UNAVAILABLE,,,,,,,,,False,UNAVAILABLE,False
NCAAB_H2_1_AUSTIN_TRANSFER_V1,DISCOVERY,619f160a076816c9,NCAAB_20260114_AUB_MIZZ,KXNCAAMBGAME-26JAN14AUBMIZZ-MIZZ,2,960,2026-01-15T01:02:38+00:00,PRE_ENTRY,False,PRE_ENTRY,PRE_80,HISTORICAL_RECONSTRUCT,ASKED_SIX_FIRST80,81,59,,,38,34,,,,,,,,,,,,,,UNAVAILABLE,,,,,,,,,False,UNAVAILABLE,False
NCAAB_H2_1_AUSTIN_TRANSFER_V1,DISCOVERY,619f160a076816c9,NCAAB_20260114_AUB_MIZZ,KXNCAAMBGAME-26JAN14AUBMIZZ-MIZZ,2,840,2026-01-15T01:02:38+00:00,PRE_ENTRY,False,PRE_ENTRY,PRE_80,HISTORICAL_RECONSTRUCT,ASKED_SIX_FIRST80,81,59,,,38,34,,,,,,,,,,,,,,UNAVAILABLE,,,,,,,,,False,UNAVAILABLE,False
NCAAB_H2_1_AUSTIN_TRANSFER_V1,DISCOVERY,619f160a076816c9,NCAAB_20260114_AUB_MIZZ,KXNCAAMBGAME-26JAN14AUBMIZZ-MIZZ,2,720,2026-01-15T01:02:38+00:00,PRIMARY_GRID,True,,PRE_80,HISTORICAL_RECONSTRUCT,NONE,,59,,,38,34,INSUFFICIENT_SAMPLE,NO_ENTRY_IN_FITTED_SPACE,,,,95% CI — weighted bootstrap,25,,,,,0.30434782608695654,UNAVAILABLE,NOT_APPLICABLE,20,20,VALUE,False,False,,,,False,UNAVAILABLE,False
NCAAB_H2_1_AUSTIN_TRANSFER_V1,DISCOVERY,619f160a076816c9,NCAAB_20260114_AUB_MIZZ,KXNCAAMBGAME-26JAN14AUBMIZZ-MIZZ,2,600,2026-01-15T01:02:38+00:00,PRIMARY_GRID,True,,PRE_80,HISTORICAL_RECONSTRUCT,NONE,,59,,,38,34,INSUFFICIENT_SAMPLE,NO_ENTRY_IN_FITTED_SPACE,,,,95% CI — weighted bootstrap,25,,,,,0.30434782608695654,UNAVAILABLE,NOT_APPLICABLE,20,20,VALUE,False,False,,,,False,UNAVAILABLE,False
NCAAB_H2_1_AUSTIN_TRANSFER_V1,DISCOVERY,619f160a076816c9,NCAAB_20260114_AUB_MIZZ,KXNCAAMBGAME-26JAN14AUBMIZZ-MIZZ,2,480,2026-01-15T01:02:38+00:00,PRIMARY_GRID,True,,PRE_80,HISTORICAL_RECONSTRUCT,NONE,,59,,,38,34,INSUFFICIENT_SAMPLE,NO_ENTRY_IN_FITTED_SPACE,,,,95% CI — weighted bootstrap,25,,,,,0.30434782608695654,UNAVAILABLE,NOT_APPLICABLE,20,20,VALUE,False,False,,,,False,UNAVAILABLE,False
NCAAB_H2_1_AUSTIN_TRANSFER_V1,DISCOVERY,619f160a076816c9,NCAAB_20260114_AUB_MIZZ,KXNCAAMBGAME-26JAN14AUBMIZZ-MIZZ,2,360,2026-01-15T01:02:38+00:00,PRIMARY_GRID,True,,PRE_80,HISTORICAL_RECONSTRUCT,NONE,,59,,,38,34,INSUFFICIENT_SAMPLE,NO_ENTRY_IN_FITTED_SPACE,,,,95% CI — weighted bootstrap,25,,,,,0.30434782608695654,UNAVAILABLE,NOT_APPLICABLE,20,20,VALUE,False,False,,,,False,UNAVAILABLE,False
NCAAB_H2_1_AUSTIN_TRANSFER_V1,DISCOVERY,619f160a076816c9,NCAAB_20260114_AUB_MIZZ,KXNCAAMBGAME-26JAN14AUBMIZZ-MIZZ,2,240,2026-01-15T01:02:38+00:00,PRIMARY_GRID,True,,PRE_80,HISTORICAL_RECONSTRUCT,NONE,,59,,,38,34,INSUFFICIENT_SAMPLE,NO_ENTRY_IN_FITTED_SPACE,,,,95% CI — weighted bootstrap,25,,,,,0.30434782608695654,UNAVAILABLE,NOT_APPLICABLE,20,20,VALUE,False,False,,,,False,UNAVAILABLE,False
NCAAB_H2_1_AUSTIN_TRANSFER_V1,DISCOVERY,619f160a076816c9,NCAAB_20260114_AUB_MIZZ,KXNCAAMBGAME-26JAN14AUBMIZZ-MIZZ,2,120,2026-01-15T01:02:38+00:00,PRIMARY_GRID,True,,PRE_80,HISTORICAL_RECONSTRUCT,NONE,,59,,,38,34,INSUFFICIENT_SAMPLE,NO_ENTRY_IN_FITTED_SPACE,,,,95% CI — weighted bootstrap,25,,,,,0.30434782608695654,UNAVAILABLE,NOT_APPLICABLE,20,20,VALUE,False,False,,,,False,UNAVAILABLE,False
NCAAB_H2_1_AUSTIN_TRANSFER_V1,DISCOVERY,619f160a076816c9,NCAAB_20260114_AUB_MIZZ,KXNCAAMBGAME-26JAN14AUBMIZZ-MIZZ,2,0,2026-01-15T02:17:20+00:00,AFTER_SETTLEMENT,False,AFTER_SETTLEMENT,,HISTORICAL_RECONSTRUCT,ASKED_SIX_FIRST80,81,99,,,84,74,,,,,,,,,,,,,,UNAVAILABLE,,,,,,,,,False,UNAVAILABLE,False
NCAAB_H2_1_AUSTIN_TRANSFER_V1,DISCOVERY,619f160a076816c9,NCAAB_20260114_AUB_MIZZ,KXNCAAMBGAME-26JAN14AUBMIZZ-MIZZ,2,768,2026-01-15T01:22:00+00:00,DIAGNOSTIC_EVENT,False,,POST_80,HISTORICAL_RECONSTRUCT,ASKED_SIX_FIRST80,81,79,-2,0,54,46,OBSERVED,,1.3824061696489225,-16.0,16.0,95% CI — weighted bootstrap,25,25,20.554397409375998,0.42536680388274944,0.43932576091966924,0.7246376811594203,OBSERVED,VALUE,20,,NOT_APPLICABLE,True,True,,1.3824061696489225,,False,UNAVAILABLE,False
NCAAB_H2_1_AUSTIN_TRANSFER_V1,DISCOVERY,e58146cb09862306,NCAAB_20260117_ISU_CIN,KXNCAAMBGAME-26JAN17ISUCIN-CIN,1,1200,2026-01-17T19:02:04+00:00,PRE_ENTRY,False,PRE_ENTRY,PRE_80,HISTORICAL_RECONSTRUCT,ASKED_SIX_FIRST80,82,29,,,0,0,,,,,,,,,,,,,,UNAVAILABLE,,,,,,,,,False,UNAVAILABLE,False
NCAAB_H2_1_AUSTIN_TRANSFER_V1,DISCOVERY,e58146cb09862306,NCAAB_20260117_ISU_CIN,KXNCAAMBGAME-26JAN17ISUCIN-CIN,1,1080,2026-01-17T19:02:04+00:00,PRE_ENTRY,False,PRE_ENTRY,PRE_80,HISTORICAL_RECONSTRUCT,ASKED_SIX_FIRST80,82,29,,,0,0,,,,,,,,,,,,,,UNAVAILABLE,,,,,,,,,False,UNAVAILABLE,False
NCAAB_H2_1_AUSTIN_TRANSFER_V1,DISCOVERY,e58146cb09862306,NCAAB_20260117_ISU_CIN,KXNCAAMBGAME-26JAN17ISUCIN-CIN,1,960,2026-01-17T19:02:04+00:00,PRE_ENTRY,False,PRE_ENTRY,PRE_80,HISTORICAL_RECONSTRUCT,ASKED_SIX_FIRST80,82,29,,,0,0,,,,,,,,,,,,,,UNAVAILABLE,,,,,,,,,False,UNAVAILABLE,False
NCAAB_H2_1_AUSTIN_TRANSFER_V1,DISCOVERY,e58146cb09862306,NCAAB_20260117_ISU_CIN,KXNCAAMBGAME-26JAN17ISUCIN-CIN,1,840,2026-01-17T19:02:04+00:00,PRE_ENTRY,False,PRE_ENTRY,PRE_80,HISTORICAL_RECONSTRUCT,ASKED_SIX_FIRST80,82,29,,,0,0,,,,,,,,,,,,,,UNAVAILABLE,,,,,,,,,False,UNAVAILABLE,False
NCAAB_H2_1_AUSTIN_TRANSFER_V1,DISCOVERY,e58146cb09862306,NCAAB_20260117_ISU_CIN,KXNCAAMBGAME-26JAN17ISUCIN-CIN,1,720,2026-01-17T19:02:04+00:00,PRE_ENTRY,False,PRE_ENTRY,PRE_80,HISTORICAL_RECONSTRUCT,ASKED_SIX_FIRST80,82,29,,,0,0,,,,,,,,,,,,,,UNAVAILABLE,,,,,,,,,False,UNAVAILABLE,False
NCAAB_H2_1_AUSTIN_TRANSFER_V1,DISCOVERY,e58146cb09862306,NCAAB_20260117_ISU_CIN,KXNCAAMBGAME-26JAN17ISUCIN-CIN,1,600,2026-01-17T19:02:04+00:00,PRE_ENTRY,False,PRE_ENTRY,PRE_80,HISTORICAL_RECONSTRUCT,ASKED_SIX_FIRST80,82,29,,,0,0,,,,,,,,,,,,,,UNAVAILABLE,,,,,,,,,False,UNAVAILABLE,False
NCAAB_H2_1_AUSTIN_TRANSFER_V1,DISCOVERY,e58146cb09862306,NCAAB_20260117_ISU_CIN,KXNCAAMBGAME-26JAN17ISUCIN-CIN,1,480,2026-01-17T19:29:10+00:00,PRE_ENTRY,False,PRE_ENTRY,PRE_80,HISTORICAL_RECONSTRUCT,ASKED_SIX_FIRST80,82,49,,,25,17,,,,,,,,,,,,,,UNAVAILABLE,,,,,,,,,False,UNAVAILABLE,False
NCAAB_H2_1_AUSTIN_TRANSFER_V1,DISCOVERY,e58146cb09862306,NCAAB_20260117_ISU_CIN,KXNCAAMBGAME-26JAN17ISUCIN-CIN,1,360,2026-01-17T19:02:04+00:00,PRE_ENTRY,False,PRE_ENTRY,PRE_80,HISTORICAL_RECONSTRUCT,ASKED_SIX_FIRST80,82,29,,,0,0,,,,,,,,,,,,,,UNAVAILABLE,,,,,,,,,False,UNAVAILABLE,False
NCAAB_H2_1_AUSTIN_TRANSFER_V1,DISCOVERY,e58146cb09862306,NCAAB_20260117_ISU_CIN,KXNCAAMBGAME-26JAN17ISUCIN-CIN,1,240,2026-01-17T19:02:04+00:00,PRE_ENTRY,False,PRE_ENTRY,PRE_80,HISTORICAL_RECONSTRUCT,ASKED_SIX_FIRST80,82,29,,,0,0,,,,,,,,,,,,,,UNAVAILABLE,,,,,,,,,False,UNAVAILABLE,False
NCAAB_H2_1_AUSTIN_TRANSFER_V1,DISCOVERY,e58146cb09862306,NCAAB_20260117_ISU_CIN,KXNCAAMBGAME-26JAN17ISUCIN-CIN,1,120,2026-01-17T19:02:04+00:00,PRE_ENTRY,False,PRE_ENTRY,PRE_80,HISTORICAL_RECONSTRUCT,ASKED_SIX_FIRST80,82,29,,,0,0,,,,,,,,,,,,,,UNAVAILABLE,,,,,,,,,False,UNAVAILABLE,False
NCAAB_H2_1_AUSTIN_TRANSFER_V1,DISCOVERY,e58146cb09862306,NCAAB_20260117_ISU_CIN,KXNCAAMBGAME-26JAN17ISUCIN-CIN,1,0,2026-01-17T19:50:07+00:00,PRE_ENTRY,False,PRE_ENTRY,PRE_80,HISTORICAL_RECONSTRUCT,ASKED_SIX_FIRST80,82,42,,,35,31,,,,,,,,,,,,,,UNAVAILABLE,,,,,,,,,False,UNAVAILABLE,False
NCAAB_H2_1_AUSTIN_TRANSFER_V1,DISCOVERY,e58146cb09862306,NCAAB_20260117_ISU_CIN,KXNCAAMBGAME-26JAN17ISUCIN-CIN,2,1200,2026-01-17T20:05:26+00:00,PRE_ENTRY,False,PRE_ENTRY,PRE_80,HISTORICAL_RECONSTRUCT,ASKED_SIX_FIRST80,82,39,,,35,31,,,,,,,,,,,,,,UNAVAILABLE,,,,,,,,,False,UNAVAILABLE,False
NCAAB_H2_1_AUSTIN_TRANSFER_V1,DISCOVERY,e58146cb09862306,NCAAB_20260117_ISU_CIN,KXNCAAMBGAME-26JAN17ISUCIN-CIN,2,1080,2026-01-17T20:05:26+00:00,PRE_ENTRY,False,PRE_ENTRY,PRE_80,HISTORICAL_RECONSTRUCT,ASKED_SIX_FIRST80,82,39,,,35,31,,,,,,,,,,,,,,UNAVAILABLE,,,,,,,,,False,UNAVAILABLE,False
NCAAB_H2_1_AUSTIN_TRANSFER_V1,DISCOVERY,e58146cb09862306,NCAAB_20260117_ISU_CIN,KXNCAAMBGAME-26JAN17ISUCIN-CIN,2,960,2026-01-17T20:05:26+00:00,PRE_ENTRY,False,PRE_ENTRY,PRE_80,HISTORICAL_RECONSTRUCT,ASKED_SIX_FIRST80,82,39,,,35,31,,,,,,,,,,,,,,UNAVAILABLE,,,,,,,,,False,UNAVAILABLE,False
NCAAB_H2_1_AUSTIN_TRANSFER_V1,DISCOVERY,e58146cb09862306,NCAAB_20260117_ISU_CIN,KXNCAAMBGAME-26JAN17ISUCIN-CIN,2,840,2026-01-17T20:05:26+00:00,PRE_ENTRY,False,PRE_ENTRY,PRE_80,HISTORICAL_RECONSTRUCT,ASKED_SIX_FIRST80,82,39,,,35,31,,,,,,,,,,,,,,UNAVAILABLE,,,,,,,,,False,UNAVAILABLE,False
NCAAB_H2_1_AUSTIN_TRANSFER_V1,DISCOVERY,e58146cb09862306,NCAAB_20260117_ISU_CIN,KXNCAAMBGAME-26JAN17ISUCIN-CIN,2,720,2026-01-17T20:05:26+00:00,PRE_ENTRY,False,PRE_ENTRY,PRE_80,HISTORICAL_RECONSTRUCT,ASKED_SIX_FIRST80,82,39,,,35,31,,,,,,,,,,,,,,UNAVAILABLE,,,,,,,,,False,UNAVAILABLE,False
NCAAB_H2_1_AUSTIN_TRANSFER_V1,DISCOVERY,e58146cb09862306,NCAAB_20260117_ISU_CIN,KXNCAAMBGAME-26JAN17ISUCIN-CIN,2,600,2026-01-17T20:05:26+00:00,PRIMARY_GRID,True,,PRE_80,HISTORICAL_RECONSTRUCT,NONE,,39,,,35,31,INSUFFICIENT_SAMPLE,NO_ENTRY_IN_FITTED_SPACE,,,,95% CI — weighted bootstrap,25,,,,,0.30434782608695654,UNAVAILABLE,NOT_APPLICABLE,20,20,VALUE,False,False,,,,False,UNAVAILABLE,False
NCAAB_H2_1_AUSTIN_TRANSFER_V1,DISCOVERY,e58146cb09862306,NCAAB_20260117_ISU_CIN,KXNCAAMBGAME-26JAN17ISUCIN-CIN,2,480,2026-01-17T20:05:26+00:00,PRIMARY_GRID,True,,PRE_80,HISTORICAL_RECONSTRUCT,NONE,,39,,,35,31,INSUFFICIENT_SAMPLE,NO_ENTRY_IN_FITTED_SPACE,,,,95% CI — weighted bootstrap,25,,,,,0.30434782608695654,UNAVAILABLE,NOT_APPLICABLE,20,20,VALUE,False,False,,,,False,UNAVAILABLE,False
NCAAB_H2_1_AUSTIN_TRANSFER_V1,DISCOVERY,e58146cb09862306,NCAAB_20260117_ISU_CIN,KXNCAAMBGAME-26JAN17ISUCIN-CIN,2,360,2026-01-17T20:43:14+00:00,PRIMARY_GRID,True,,POST_80,HISTORICAL_RECONSTRUCT,ASKED_SIX_FIRST80,82,91,9,312,69,56,OBSERVED,,20.0,20.0,20.0,95% CI — weighted bootstrap,25,25,21.43632070832022,0.5559628893844696,0.5670696044170345,0.9855072463768116,OBSERVED,VALUE,20,,NOT_APPLICABLE,True,True,20.0,20.0,0.0,False,UNAVAILABLE,False
NCAAB_H2_1_AUSTIN_TRANSFER_V1,DISCOVERY,e58146cb09862306,NCAAB_20260117_ISU_CIN,KXNCAAMBGAME-26JAN17ISUCIN-CIN,2,240,2026-01-17T20:05:26+00:00,PRIMARY_GRID,True,,PRE_80,HISTORICAL_RECONSTRUCT,NONE,,39,,,35,31,INSUFFICIENT_SAMPLE,NO_ENTRY_IN_FITTED_SPACE,,,,95% CI — weighted bootstrap,25,,,,,0.30434782608695654,UNAVAILABLE,NOT_APPLICABLE,20,20,VALUE,False,False,20.0,,,False,UNAVAILABLE,False
NCAAB_H2_1_AUSTIN_TRANSFER_V1,DISCOVERY,e58146cb09862306,NCAAB_20260117_ISU_CIN,KXNCAAMBGAME-26JAN17ISUCIN-CIN,2,120,2026-01-17T20:05:26+00:00,PRIMARY_GRID,True,,PRE_80,HISTORICAL_RECONSTRUCT,NONE,,39,,,35,31,INSUFFICIENT_SAMPLE,NO_ENTRY_IN_FITTED_SPACE,,,,95% CI — weighted bootstrap,25,,,,,0.30434782608695654,UNAVAILABLE,NOT_APPLICABLE,20,20,VALUE,False,False,20.0,,,False,UNAVAILABLE,False
NCAAB_H2_1_AUSTIN_TRANSFER_V1,DISCOVERY,e58146cb09862306,NCAAB_20260117_ISU_CIN,KXNCAAMBGAME-26JAN17ISUCIN-CIN,2,0,2026-01-17T21:01:25+00:00,PRIMARY_GRID,True,,POST_80,HISTORICAL_RECONSTRUCT,ASKED_SIX_FIRST80,82,99,17,672,79,70,OBSERVED,,15.710872881031714,8.0,20.0,95% CI — weighted bootstrap,25,25,24.58542899497882,0.6154823058379782,0.6737953902750565,1.0,OBSERVED,VALUE,20,,NOT_APPLICABLE,True,True,20.0,15.710872881031714,-4.2891271189682865,False,UNAVAILABLE,False
NCAAB_H2_1_AUSTIN_TRANSFER_V1,DISCOVERY,e58146cb09862306,NCAAB_20260117_ISU_CIN,KXNCAAMBGAME-26JAN17ISUCIN-CIN,2,672,2026-01-17T20:33:00+00:00,DIAGNOSTIC_EVENT,False,,POST_80,HISTORICAL_RECONSTRUCT,ASKED_SIX_FIRST80,82,77,-5,0,58,45,OBSERVED,,20.0,20.0,20.0,95% CI — weighted bootstrap,25,25,23.76797882517651,0.585725504060305,0.5706052749165638,0.7246376811594203,OBSERVED,VALUE,20,,NOT_APPLICABLE,True,True,20.0,20.0,0.0,False,UNAVAILABLE,False
NCAAB_H2_1_AUSTIN_TRANSFER_V1,DISCOVERY,fe2407acb0aad4fc,NCAAB_20260117_NEB_NW,KXNCAAMBGAME-26JAN17NEBNW-NEB,1,1200,2026-01-17T21:08:21+00:00,PRE_ENTRY,False,PRE_ENTRY,PRE_80,HISTORICAL_RECONSTRUCT,ASKED_SIX_FIRST80,80,67,,,0,0,,,,,,,,,,,,,,UNAVAILABLE,,,,,,,,,False,UNAVAILABLE,False
NCAAB_H2_1_AUSTIN_TRANSFER_V1,DISCOVERY,fe2407acb0aad4fc,NCAAB_20260117_NEB_NW,KXNCAAMBGAME-26JAN17NEBNW-NEB,1,1080,2026-01-17T21:08:21+00:00,PRE_ENTRY,False,PRE_ENTRY,PRE_80,HISTORICAL_RECONSTRUCT,ASKED_SIX_FIRST80,80,67,,,0,0,,,,,,,,,,,,,,UNAVAILABLE,,,,,,,,,False,UNAVAILABLE,False
NCAAB_H2_1_AUSTIN_TRANSFER_V1,DISCOVERY,fe2407acb0aad4fc,NCAAB_20260117_NEB_NW,KXNCAAMBGAME-26JAN17NEBNW-NEB,1,960,2026-01-17T21:08:21+00:00,PRE_ENTRY,False,PRE_ENTRY,PRE_80,HISTORICAL_RECONSTRUCT,ASKED_SIX_FIRST80,80,67,,,0,0,,,,,,,,,,,,,,UNAVAILABLE,,,,,,,,,False,UNAVAILABLE,False
NCAAB_H2_1_AUSTIN_TRANSFER_V1,DISCOVERY,fe2407acb0aad4fc,NCAAB_20260117_NEB_NW,KXNCAAMBGAME-26JAN17NEBNW-NEB,1,840,2026-01-17T21:08:21+00:00,PRE_ENTRY,False,PRE_ENTRY,PRE_80,HISTORICAL_RECONSTRUCT,ASKED_SIX_FIRST80,80,67,,,0,0,,,,,,,,,,,,,,UNAVAILABLE,,,,,,,,,False,UNAVAILABLE,False
NCAAB_H2_1_AUSTIN_TRANSFER_V1,DISCOVERY,fe2407acb0aad4fc,NCAAB_20260117_NEB_NW,KXNCAAMBGAME-26JAN17NEBNW-NEB,1,720,2026-01-17T21:08:21+00:00,PRE_ENTRY,False,PRE_ENTRY,PRE_80,HISTORICAL_RECONSTRUCT,ASKED_SIX_FIRST80,80,67,,,0,0,,,,,,,,,,,,,,UNAVAILABLE,,,,,,,,,False,UNAVAILABLE,False
NCAAB_H2_1_AUSTIN_TRANSFER_V1,DISCOVERY,fe2407acb0aad4fc,NCAAB_20260117_NEB_NW,KXNCAAMBGAME-26JAN17NEBNW-NEB,1,600,2026-01-17T21:08:21+00:00,PRE_ENTRY,False,PRE_ENTRY,PRE_80,HISTORICAL_RECONSTRUCT,ASKED_SIX_FIRST80,80,67,,,0,0,,,,,,,,,,,,,,UNAVAILABLE,,,,,,,,,False,UNAVAILABLE,False
NCAAB_H2_1_AUSTIN_TRANSFER_V1,DISCOVERY,fe2407acb0aad4fc,NCAAB_20260117_NEB_NW,KXNCAAMBGAME-26JAN17NEBNW-NEB,1,480,2026-01-17T21:30:33+00:00,PRE_ENTRY,False,PRE_ENTRY,PRE_80,HISTORICAL_RECONSTRUCT,ASKED_SIX_FIRST80,80,66,,,20,21,,,,,,,,,,,,,,UNAVAILABLE,,,,,,,,,False,UNAVAILABLE,False
NCAAB_H2_1_AUSTIN_TRANSFER_V1,DISCOVERY,fe2407acb0aad4fc,NCAAB_20260117_NEB_NW,KXNCAAMBGAME-26JAN17NEBNW-NEB,1,360,2026-01-17T21:08:21+00:00,PRE_ENTRY,False,PRE_ENTRY,PRE_80,HISTORICAL_RECONSTRUCT,ASKED_SIX_FIRST80,80,67,,,0,0,,,,,,,,,,,,,,UNAVAILABLE,,,,,,,,,False,UNAVAILABLE,False
NCAAB_H2_1_AUSTIN_TRANSFER_V1,DISCOVERY,fe2407acb0aad4fc,NCAAB_20260117_NEB_NW,KXNCAAMBGAME-26JAN17NEBNW-NEB,1,240,2026-01-17T21:08:21+00:00,PRE_ENTRY,False,PRE_ENTRY,PRE_80,HISTORICAL_RECONSTRUCT,ASKED_SIX_FIRST80,80,67,,,0,0,,,,,,,,,,,,,,UNAVAILABLE,,,,,,,,,False,UNAVAILABLE,False
NCAAB_H2_1_AUSTIN_TRANSFER_V1,DISCOVERY,fe2407acb0aad4fc,NCAAB_20260117_NEB_NW,KXNCAAMBGAME-26JAN17NEBNW-NEB,1,120,2026-01-17T21:08:21+00:00,PRE_ENTRY,False,PRE_ENTRY,PRE_80,HISTORICAL_RECONSTRUCT,ASKED_SIX_FIRST80,80,67,,,0,0,,,,,,,,,,,,,,UNAVAILABLE,,,,,,,,,False,UNAVAILABLE,False
NCAAB_H2_1_AUSTIN_TRANSFER_V1,DISCOVERY,fe2407acb0aad4fc,NCAAB_20260117_NEB_NW,KXNCAAMBGAME-26JAN17NEBNW-NEB,1,0,2026-01-17T21:47:35+00:00,PRE_ENTRY,False,PRE_ENTRY,PRE_80,HISTORICAL_RECONSTRUCT,ASKED_SIX_FIRST80,80,74,,,29,34,,,,,,,,,,,,,,UNAVAILABLE,,,,,,,,,False,UNAVAILABLE,False
NCAAB_H2_1_AUSTIN_TRANSFER_V1,DISCOVERY,fe2407acb0aad4fc,NCAAB_20260117_NEB_NW,KXNCAAMBGAME-26JAN17NEBNW-NEB,2,1200,2026-01-17T22:01:31+00:00,PRE_ENTRY,False,PRE_ENTRY,PRE_80,HISTORICAL_RECONSTRUCT,ASKED_SIX_FIRST80,80,76,,,29,34,,,,,,,,,,,,,,UNAVAILABLE,,,,,,,,,False,UNAVAILABLE,False
NCAAB_H2_1_AUSTIN_TRANSFER_V1,DISCOVERY,fe2407acb0aad4fc,NCAAB_20260117_NEB_NW,KXNCAAMBGAME-26JAN17NEBNW-NEB,2,1080,2026-01-17T22:01:31+00:00,PRIMARY_GRID,True,,PRE_80,HISTORICAL_RECONSTRUCT,NONE,,76,,,29,34,INSUFFICIENT_SAMPLE,NO_ENTRY_IN_FITTED_SPACE,,,,95% CI — weighted bootstrap,25,,,,,0.30434782608695654,UNAVAILABLE,NOT_APPLICABLE,20,20,VALUE,False,False,,,,False,UNAVAILABLE,False
NCAAB_H2_1_AUSTIN_TRANSFER_V1,DISCOVERY,fe2407acb0aad4fc,NCAAB_20260117_NEB_NW,KXNCAAMBGAME-26JAN17NEBNW-NEB,2,960,2026-01-17T22:01:31+00:00,PRIMARY_GRID,True,,PRE_80,HISTORICAL_RECONSTRUCT,NONE,,76,,,29,34,INSUFFICIENT_SAMPLE,NO_ENTRY_IN_FITTED_SPACE,,,,95% CI — weighted bootstrap,25,,,,,0.30434782608695654,UNAVAILABLE,NOT_APPLICABLE,20,20,VALUE,False,False,,,,False,UNAVAILABLE,False
NCAAB_H2_1_AUSTIN_TRANSFER_V1,DISCOVERY,fe2407acb0aad4fc,NCAAB_20260117_NEB_NW,KXNCAAMBGAME-26JAN17NEBNW-NEB,2,840,2026-01-17T22:01:31+00:00,PRIMARY_GRID,True,,PRE_80,HISTORICAL_RECONSTRUCT,NONE,,76,,,29,34,INSUFFICIENT_SAMPLE,NO_ENTRY_IN_FITTED_SPACE,,,,95% CI — weighted bootstrap,25,,,,,0.30434782608695654,UNAVAILABLE,NOT_APPLICABLE,20,20,VALUE,False,False,,,,False,UNAVAILABLE,False
NCAAB_H2_1_AUSTIN_TRANSFER_V1,DISCOVERY,fe2407acb0aad4fc,NCAAB_20260117_NEB_NW,KXNCAAMBGAME-26JAN17NEBNW-NEB,2,720,2026-01-17T22:01:31+00:00,PRIMARY_GRID,True,,PRE_80,HISTORICAL_RECONSTRUCT,NONE,,76,,,29,34,INSUFFICIENT_SAMPLE,NO_ENTRY_IN_FITTED_SPACE,,,,95% CI — weighted bootstrap,25,,,,,0.30434782608695654,UNAVAILABLE,NOT_APPLICABLE,20,20,VALUE,False,False,,,,False,UNAVAILABLE,False
NCAAB_H2_1_AUSTIN_TRANSFER_V1,DISCOVERY,fe2407acb0aad4fc,NCAAB_20260117_NEB_NW,KXNCAAMBGAME-26JAN17NEBNW-NEB,2,600,2026-01-17T22:01:31+00:00,PRIMARY_GRID,True,,PRE_80,HISTORICAL_RECONSTRUCT,NONE,,76,,,29,34,INSUFFICIENT_SAMPLE,NO_ENTRY_IN_FITTED_SPACE,,,,95% CI — weighted bootstrap,25,,,,,0.30434782608695654,UNAVAILABLE,NOT_APPLICABLE,20,20,VALUE,False,False,,,,False,UNAVAILABLE,False
NCAAB_H2_1_AUSTIN_TRANSFER_V1,DISCOVERY,fe2407acb0aad4fc,NCAAB_20260117_NEB_NW,KXNCAAMBGAME-26JAN17NEBNW-NEB,2,480,2026-01-17T22:01:31+00:00,PRIMARY_GRID,True,,PRE_80,HISTORICAL_RECONSTRUCT,NONE,,76,,,29,34,INSUFFICIENT_SAMPLE,NO_ENTRY_IN_FITTED_SPACE,,,,95% CI — weighted bootstrap,25,,,,,0.30434782608695654,UNAVAILABLE,NOT_APPLICABLE,20,20,VALUE,False,False,,,,False,UNAVAILABLE,False
NCAAB_H2_1_AUSTIN_TRANSFER_V1,DISCOVERY,fe2407acb0aad4fc,NCAAB_20260117_NEB_NW,KXNCAAMBGAME-26JAN17NEBNW-NEB,2,360,2026-01-17T22:01:31+00:00,PRIMARY_GRID,True,,PRE_80,HISTORICAL_RECONSTRUCT,NONE,,76,,,29,34,INSUFFICIENT_SAMPLE,NO_ENTRY_IN_FITTED_SPACE,,,,95% CI — weighted bootstrap,25,,,,,0.30434782608695654,UNAVAILABLE,NOT_APPLICABLE,20,20,VALUE,False,False,,,,False,UNAVAILABLE,False
NCAAB_H2_1_AUSTIN_TRANSFER_V1,DISCOVERY,fe2407acb0aad4fc,NCAAB_20260117_NEB_NW,KXNCAAMBGAME-26JAN17NEBNW-NEB,2,240,2026-01-17T22:01:31+00:00,PRIMARY_GRID,True,,PRE_80,HISTORICAL_RECONSTRUCT,NONE,,76,,,29,34,INSUFFICIENT_SAMPLE,NO_ENTRY_IN_FITTED_SPACE,,,,95% CI — weighted bootstrap,25,,,,,0.30434782608695654,UNAVAILABLE,NOT_APPLICABLE,20,20,VALUE,False,False,,,,False,UNAVAILABLE,False
NCAAB_H2_1_AUSTIN_TRANSFER_V1,DISCOVERY,fe2407acb0aad4fc,NCAAB_20260117_NEB_NW,KXNCAAMBGAME-26JAN17NEBNW-NEB,2,120,2026-01-17T22:01:31+00:00,PRIMARY_GRID,True,,PRE_80,HISTORICAL_RECONSTRUCT,NONE,,76,,,29,34,INSUFFICIENT_SAMPLE,NO_ENTRY_IN_FITTED_SPACE,,,,95% CI — weighted bootstrap,25,,,,,0.30434782608695654,UNAVAILABLE,NOT_APPLICABLE,20,20,VALUE,False,False,,,,False,UNAVAILABLE,False
NCAAB_H2_1_AUSTIN_TRANSFER_V1,DISCOVERY,fe2407acb0aad4fc,NCAAB_20260117_NEB_NW,KXNCAAMBGAME-26JAN17NEBNW-NEB,2,0,2026-01-17T22:48:42+00:00,PRIMARY_GRID,True,,POST_80,HISTORICAL_RECONSTRUCT,ASKED_SIX_FIRST80,80,99,19,1104,58,77,OBSERVED,,20.0,20.0,20.0,95% CI — weighted bootstrap,25,25,24.95534528163903,0.4697506044001838,0.4783375973060833,1.0,OBSERVED,VALUE,20,,NOT_APPLICABLE,True,True,20.0,20.0,0.0,False,UNAVAILABLE,False
NCAAB_H2_1_AUSTIN_TRANSFER_V1,DISCOVERY,fe2407acb0aad4fc,NCAAB_20260117_NEB_NW,KXNCAAMBGAME-26JAN17NEBNW-NEB,2,1104,2026-01-17T22:06:00+00:00,DIAGNOSTIC_EVENT,False,,POST_80,HISTORICAL_RECONSTRUCT,ASKED_SIX_FIRST80,80,71,-9,0,32,38,OBSERVED,,11.865625093154263,0.0,20.0,95% CI — weighted bootstrap,25,25,24.98438473133315,1.2220868728864276,1.2133005400865167,0.7246376811594203,OBSERVED,VALUE,20,,NOT_APPLICABLE,True,True,20.0,11.865625093154263,-8.134374906845737,False,UNAVAILABLE,False
NCAAB_H2_1_AUSTIN_TRANSFER_V1,DISCOVERY,e3beafaf142f0774,NCAAB_20260117_TXAM_TEX,KXNCAAMBGAME-26JAN17TXAMTEX-TXAM,1,1200,2026-01-17T23:10:18+00:00,PRE_ENTRY,False,PRE_ENTRY,PRE_80,HISTORICAL_RECONSTRUCT,ASKED_SIX_FIRST80,83,34,,,0,0,,,,,,,,,,,,,,UNAVAILABLE,,,,,,,,,False,UNAVAILABLE,False
NCAAB_H2_1_AUSTIN_TRANSFER_V1,DISCOVERY,e3beafaf142f0774,NCAAB_20260117_TXAM_TEX,KXNCAAMBGAME-26JAN17TXAMTEX-TXAM,1,1080,2026-01-17T23:10:18+00:00,PRE_ENTRY,False,PRE_ENTRY,PRE_80,HISTORICAL_RECONSTRUCT,ASKED_SIX_FIRST80,83,34,,,0,0,,,,,,,,,,,,,,UNAVAILABLE,,,,,,,,,False,UNAVAILABLE,False
NCAAB_H2_1_AUSTIN_TRANSFER_V1,DISCOVERY,e3beafaf142f0774,NCAAB_20260117_TXAM_TEX,KXNCAAMBGAME-26JAN17TXAMTEX-TXAM,1,960,2026-01-17T23:10:18+00:00,PRE_ENTRY,False,PRE_ENTRY,PRE_80,HISTORICAL_RECONSTRUCT,ASKED_SIX_FIRST80,83,34,,,0,0,,,,,,,,,,,,,,UNAVAILABLE,,,,,,,,,False,UNAVAILABLE,False
NCAAB_H2_1_AUSTIN_TRANSFER_V1,DISCOVERY,e3beafaf142f0774,NCAAB_20260117_TXAM_TEX,KXNCAAMBGAME-26JAN17TXAMTEX-TXAM,1,840,2026-01-17T23:10:18+00:00,PRE_ENTRY,False,PRE_ENTRY,PRE_80,HISTORICAL_RECONSTRUCT,ASKED_SIX_FIRST80,83,34,,,0,0,,,,,,,,,,,,,,UNAVAILABLE,,,,,,,,,False,UNAVAILABLE,False
NCAAB_H2_1_AUSTIN_TRANSFER_V1,DISCOVERY,e3beafaf142f0774,NCAAB_20260117_TXAM_TEX,KXNCAAMBGAME-26JAN17TXAMTEX-TXAM,1,720,2026-01-17T23:26:17+00:00,PRE_ENTRY,False,PRE_ENTRY,PRE_80,HISTORICAL_RECONSTRUCT,ASKED_SIX_FIRST80,83,37,,,9,10,,,,,,,,,,,,,,UNAVAILABLE,,,,,,,,,False,UNAVAILABLE,False
NCAAB_H2_1_AUSTIN_TRANSFER_V1,DISCOVERY,e3beafaf142f0774,NCAAB_20260117_TXAM_TEX,KXNCAAMBGAME-26JAN17TXAMTEX-TXAM,1,600,2026-01-17T23:10:18+00:00,PRE_ENTRY,False,PRE_ENTRY,PRE_80,HISTORICAL_RECONSTRUCT,ASKED_SIX_FIRST80,83,34,,,0,0,,,,,,,,,,,,,,UNAVAILABLE,,,,,,,,,False,UNAVAILABLE,False
NCAAB_H2_1_AUSTIN_TRANSFER_V1,DISCOVERY,e3beafaf142f0774,NCAAB_20260117_TXAM_TEX,KXNCAAMBGAME-26JAN17TXAMTEX-TXAM,1,480,2026-01-17T23:10:18+00:00,PRE_ENTRY,False,PRE_ENTRY,PRE_80,HISTORICAL_RECONSTRUCT,ASKED_SIX_FIRST80,83,34,,,0,0,,,,,,,,,,,,,,UNAVAILABLE,,,,,,,,,False,UNAVAILABLE,False
NCAAB_H2_1_AUSTIN_TRANSFER_V1,DISCOVERY,e3beafaf142f0774,NCAAB_20260117_TXAM_TEX,KXNCAAMBGAME-26JAN17TXAMTEX-TXAM,1,360,2026-01-17T23:10:18+00:00,PRE_ENTRY,False,PRE_ENTRY,PRE_80,HISTORICAL_RECONSTRUCT,ASKED_SIX_FIRST80,83,34,,,0,0,,,,,,,,,,,,,,UNAVAILABLE,,,,,,,,,False,UNAVAILABLE,False
NCAAB_H2_1_AUSTIN_TRANSFER_V1,DISCOVERY,e3beafaf142f0774,NCAAB_20260117_TXAM_TEX,KXNCAAMBGAME-26JAN17TXAMTEX-TXAM,1,240,2026-01-17T23:10:18+00:00,PRE_ENTRY,False,PRE_ENTRY,PRE_80,HISTORICAL_RECONSTRUCT,ASKED_SIX_FIRST80,83,34,,,0,0,,,,,,,,,,,,,,UNAVAILABLE,,,,,,,,,False,UNAVAILABLE,False
NCAAB_H2_1_AUSTIN_TRANSFER_V1,DISCOVERY,e3beafaf142f0774,NCAAB_20260117_TXAM_TEX,KXNCAAMBGAME-26JAN17TXAMTEX-TXAM,1,120,2026-01-17T23:10:18+00:00,PRE_ENTRY,False,PRE_ENTRY,PRE_80,HISTORICAL_RECONSTRUCT,ASKED_SIX_FIRST80,83,34,,,0,0,,,,,,,,,,,,,,UNAVAILABLE,,,,,,,,,False,UNAVAILABLE,False
NCAAB_H2_1_AUSTIN_TRANSFER_V1,DISCOVERY,e3beafaf142f0774,NCAAB_20260117_TXAM_TEX,KXNCAAMBGAME-26JAN17TXAMTEX-TXAM,1,0,2026-01-18T00:00:00+00:00,PRE_ENTRY,False,PRE_ENTRY,PRE_80,HISTORICAL_RECONSTRUCT,ASKED_SIX_FIRST80,83,43,,,29,29,,,,,,,,,,,,,,UNAVAILABLE,,,,,,,,,False,UNAVAILABLE,False
NCAAB_H2_1_AUSTIN_TRANSFER_V1,DISCOVERY,e3beafaf142f0774,NCAAB_20260117_TXAM_TEX,KXNCAAMBGAME-26JAN17TXAMTEX-TXAM,2,1200,2026-01-18T00:16:33+00:00,PRE_ENTRY,False,PRE_ENTRY,PRE_80,HISTORICAL_RECONSTRUCT,ASKED_SIX_FIRST80,83,41,,,29,29,,,,,,,,,,,,,,UNAVAILABLE,,,,,,,,,False,UNAVAILABLE,False
NCAAB_H2_1_AUSTIN_TRANSFER_V1,DISCOVERY,e3beafaf142f0774,NCAAB_20260117_TXAM_TEX,KXNCAAMBGAME-26JAN17TXAMTEX-TXAM,2,1080,2026-01-18T00:16:33+00:00,PRE_ENTRY,False,PRE_ENTRY,PRE_80,HISTORICAL_RECONSTRUCT,ASKED_SIX_FIRST80,83,41,,,29,29,,,,,,,,,,,,,,UNAVAILABLE,,,,,,,,,False,UNAVAILABLE,False
NCAAB_H2_1_AUSTIN_TRANSFER_V1,DISCOVERY,e3beafaf142f0774,NCAAB_20260117_TXAM_TEX,KXNCAAMBGAME-26JAN17TXAMTEX-TXAM,2,960,2026-01-18T00:16:33+00:00,PRE_ENTRY,False,PRE_ENTRY,PRE_80,HISTORICAL_RECONSTRUCT,ASKED_SIX_FIRST80,83,41,,,29,29,,,,,,,,,,,,,,UNAVAILABLE,,,,,,,,,False,UNAVAILABLE,False
NCAAB_H2_1_AUSTIN_TRANSFER_V1,DISCOVERY,e3beafaf142f0774,NCAAB_20260117_TXAM_TEX,KXNCAAMBGAME-26JAN17TXAMTEX-TXAM,2,840,2026-01-18T00:16:33+00:00,PRE_ENTRY,False,PRE_ENTRY,PRE_80,HISTORICAL_RECONSTRUCT,ASKED_SIX_FIRST80,83,41,,,29,29,,,,,,,,,,,,,,UNAVAILABLE,,,,,,,,,False,UNAVAILABLE,False
NCAAB_H2_1_AUSTIN_TRANSFER_V1,DISCOVERY,e3beafaf142f0774,NCAAB_20260117_TXAM_TEX,KXNCAAMBGAME-26JAN17TXAMTEX-TXAM,2,720,2026-01-18T00:16:33+00:00,PRIMARY_GRID,True,,PRE_80,HISTORICAL_RECONSTRUCT,NONE,,41,,,29,29,INSUFFICIENT_SAMPLE,NO_ENTRY_IN_FITTED_SPACE,,,,95% CI — weighted bootstrap,25,,,,,0.30434782608695654,UNAVAILABLE,NOT_APPLICABLE,20,20,VALUE,False,False,,,,False,UNAVAILABLE,False
NCAAB_H2_1_AUSTIN_TRANSFER_V1,DISCOVERY,e3beafaf142f0774,NCAAB_20260117_TXAM_TEX,KXNCAAMBGAME-26JAN17TXAMTEX-TXAM,2,600,2026-01-18T00:16:33+00:00,PRIMARY_GRID,True,,PRE_80,HISTORICAL_RECONSTRUCT,NONE,,41,,,29,29,INSUFFICIENT_SAMPLE,NO_ENTRY_IN_FITTED_SPACE,,,,95% CI — weighted bootstrap,25,,,,,0.30434782608695654,UNAVAILABLE,NOT_APPLICABLE,20,20,VALUE,False,False,,,,False,UNAVAILABLE,False
NCAAB_H2_1_AUSTIN_TRANSFER_V1,DISCOVERY,e3beafaf142f0774,NCAAB_20260117_TXAM_TEX,KXNCAAMBGAME-26JAN17TXAMTEX-TXAM,2,480,2026-01-18T00:16:33+00:00,PRIMARY_GRID,True,,PRE_80,HISTORICAL_RECONSTRUCT,NONE,,41,,,29,29,INSUFFICIENT_SAMPLE,NO_ENTRY_IN_FITTED_SPACE,,,,95% CI — weighted bootstrap,25,,,,,0.30434782608695654,UNAVAILABLE,NOT_APPLICABLE,20,20,VALUE,False,False,,,,False,UNAVAILABLE,False
NCAAB_H2_1_AUSTIN_TRANSFER_V1,DISCOVERY,e3beafaf142f0774,NCAAB_20260117_TXAM_TEX,KXNCAAMBGAME-26JAN17TXAMTEX-TXAM,2,360,2026-01-18T00:16:33+00:00,PRIMARY_GRID,True,,PRE_80,HISTORICAL_RECONSTRUCT,NONE,,41,,,29,29,INSUFFICIENT_SAMPLE,NO_ENTRY_IN_FITTED_SPACE,,,,95% CI — weighted bootstrap,25,,,,,0.30434782608695654,UNAVAILABLE,NOT_APPLICABLE,20,20,VALUE,False,False,,,,False,UNAVAILABLE,False
NCAAB_H2_1_AUSTIN_TRANSFER_V1,DISCOVERY,e3beafaf142f0774,NCAAB_20260117_TXAM_TEX,KXNCAAMBGAME-26JAN17TXAMTEX-TXAM,2,240,2026-01-18T00:16:33+00:00,PRIMARY_GRID,True,,PRE_80,HISTORICAL_RECONSTRUCT,NONE,,41,,,29,29,INSUFFICIENT_SAMPLE,NO_ENTRY_IN_FITTED_SPACE,,,,95% CI — weighted bootstrap,25,,,,,0.30434782608695654,UNAVAILABLE,NOT_APPLICABLE,20,20,VALUE,False,False,,,,False,UNAVAILABLE,False
NCAAB_H2_1_AUSTIN_TRANSFER_V1,DISCOVERY,e3beafaf142f0774,NCAAB_20260117_TXAM_TEX,KXNCAAMBGAME-26JAN17TXAMTEX-TXAM,2,120,2026-01-18T00:16:33+00:00,PRIMARY_GRID,True,,PRE_80,HISTORICAL_RECONSTRUCT,NONE,,41,,,29,29,INSUFFICIENT_SAMPLE,NO_ENTRY_IN_FITTED_SPACE,,,,95% CI — weighted bootstrap,25,,,,,0.30434782608695654,UNAVAILABLE,NOT_APPLICABLE,20,20,VALUE,False,False,,,,False,UNAVAILABLE,False
NCAAB_H2_1_AUSTIN_TRANSFER_V1,DISCOVERY,e3beafaf142f0774,NCAAB_20260117_TXAM_TEX,KXNCAAMBGAME-26JAN17TXAMTEX-TXAM,2,0,2026-01-18T01:28:48+00:00,AFTER_SETTLEMENT,False,AFTER_SETTLEMENT,,HISTORICAL_RECONSTRUCT,ASKED_SIX_FIRST80,83,99,,,70,74,,,,,,,,,,,,,,UNAVAILABLE,,,,,,,,,False,UNAVAILABLE,False
NCAAB_H2_1_AUSTIN_TRANSFER_V1,DISCOVERY,e3beafaf142f0774,NCAAB_20260117_TXAM_TEX,KXNCAAMBGAME-26JAN17TXAMTEX-TXAM,2,751,2026-01-18T00:38:00+00:00,DIAGNOSTIC_EVENT,False,,POST_80,HISTORICAL_RECONSTRUCT,ASKED_SIX_FIRST80,83,77,-6,0,42,51,OBSERVED,,13.822476053835102,4.0,20.0,95% CI — weighted bootstrap,25,25,22.158165387444303,0.9421268038817654,0.8194302252984105,0.7246376811594203,OBSERVED,VALUE,20,,NOT_APPLICABLE,True,True,,13.822476053835102,,False,UNAVAILABLE,False
NCAAB_H2_1_AUSTIN_TRANSFER_V1,DISCOVERY,96559bc4be35b718,NCAAB_20260117_KSU_OKST,KXNCAAMBGAME-26JAN17KSUOKST-OKST,1,1200,2026-01-18T03:10:35+00:00,PRE_ENTRY,False,PRE_ENTRY,PRE_80,HISTORICAL_RECONSTRUCT,ASKED_SIX_FIRST80,85,58,,,0,0,,,,,,,,,,,,,,UNAVAILABLE,,,,,,,,,False,UNAVAILABLE,False
NCAAB_H2_1_AUSTIN_TRANSFER_V1,DISCOVERY,96559bc4be35b718,NCAAB_20260117_KSU_OKST,KXNCAAMBGAME-26JAN17KSUOKST-OKST,1,1080,2026-01-18T03:10:35+00:00,PRE_ENTRY,False,PRE_ENTRY,PRE_80,HISTORICAL_RECONSTRUCT,ASKED_SIX_FIRST80,85,58,,,0,0,,,,,,,,,,,,,,UNAVAILABLE,,,,,,,,,False,UNAVAILABLE,False
NCAAB_H2_1_AUSTIN_TRANSFER_V1,DISCOVERY,96559bc4be35b718,NCAAB_20260117_KSU_OKST,KXNCAAMBGAME-26JAN17KSUOKST-OKST,1,960,2026-01-18T03:10:35+00:00,PRE_ENTRY,False,PRE_ENTRY,PRE_80,HISTORICAL_RECONSTRUCT,ASKED_SIX_FIRST80,85,58,,,0,0,,,,,,,,,,,,,,UNAVAILABLE,,,,,,,,,False,UNAVAILABLE,False
NCAAB_H2_1_AUSTIN_TRANSFER_V1,DISCOVERY,96559bc4be35b718,NCAAB_20260117_KSU_OKST,KXNCAAMBGAME-26JAN17KSUOKST-OKST,1,840,2026-01-18T03:10:35+00:00,PRE_ENTRY,False,PRE_ENTRY,PRE_80,HISTORICAL_RECONSTRUCT,ASKED_SIX_FIRST80,85,58,,,0,0,,,,,,,,,,,,,,UNAVAILABLE,,,,,,,,,False,UNAVAILABLE,False
NCAAB_H2_1_AUSTIN_TRANSFER_V1,DISCOVERY,96559bc4be35b718,NCAAB_20260117_KSU_OKST,KXNCAAMBGAME-26JAN17KSUOKST-OKST,1,720,2026-01-18T03:10:35+00:00,PRE_ENTRY,False,PRE_ENTRY,PRE_80,HISTORICAL_RECONSTRUCT,ASKED_SIX_FIRST80,85,58,,,0,0,,,,,,,,,,,,,,UNAVAILABLE,,,,,,,,,False,UNAVAILABLE,False
NCAAB_H2_1_AUSTIN_TRANSFER_V1,DISCOVERY,96559bc4be35b718,NCAAB_20260117_KSU_OKST,KXNCAAMBGAME-26JAN17KSUOKST-OKST,1,600,2026-01-18T03:33:30+00:00,PRE_ENTRY,False,PRE_ENTRY,PRE_80,HISTORICAL_RECONSTRUCT,ASKED_SIX_FIRST80,85,74,,,29,22,,,,,,,,,,,,,,UNAVAILABLE,,,,,,,,,False,UNAVAILABLE,False
NCAAB_H2_1_AUSTIN_TRANSFER_V1,DISCOVERY,96559bc4be35b718,NCAAB_20260117_KSU_OKST,KXNCAAMBGAME-26JAN17KSUOKST-OKST,1,480,2026-01-18T03:10:35+00:00,PRE_ENTRY,False,PRE_ENTRY,PRE_80,HISTORICAL_RECONSTRUCT,ASKED_SIX_FIRST80,85,58,,,0,0,,,,,,,,,,,,,,UNAVAILABLE,,,,,,,,,False,UNAVAILABLE,False
NCAAB_H2_1_AUSTIN_TRANSFER_V1,DISCOVERY,96559bc4be35b718,NCAAB_20260117_KSU_OKST,KXNCAAMBGAME-26JAN17KSUOKST-OKST,1,360,2026-01-18T03:10:35+00:00,PRE_ENTRY,False,PRE_ENTRY,PRE_80,HISTORICAL_RECONSTRUCT,ASKED_SIX_FIRST80,85,58,,,0,0,,,,,,,,,,,,,,UNAVAILABLE,,,,,,,,,False,UNAVAILABLE,False
NCAAB_H2_1_AUSTIN_TRANSFER_V1,DISCOVERY,96559bc4be35b718,NCAAB_20260117_KSU_OKST,KXNCAAMBGAME-26JAN17KSUOKST-OKST,1,240,2026-01-18T03:10:35+00:00,PRE_ENTRY,False,PRE_ENTRY,PRE_80,HISTORICAL_RECONSTRUCT,ASKED_SIX_FIRST80,85,58,,,0,0,,,,,,,,,,,,,,UNAVAILABLE,,,,,,,,,False,UNAVAILABLE,False
NCAAB_H2_1_AUSTIN_TRANSFER_V1,DISCOVERY,96559bc4be35b718,NCAAB_20260117_KSU_OKST,KXNCAAMBGAME-26JAN17KSUOKST-OKST,1,120,2026-01-18T03:51:52+00:00,PRE_ENTRY,False,PRE_ENTRY,PRE_80,HISTORICAL_RECONSTRUCT,ASKED_SIX_FIRST80,85,59,,,43,41,,,,,,,,,,,,,,UNAVAILABLE,,,,,,,,,False,UNAVAILABLE,False
NCAAB_H2_1_AUSTIN_TRANSFER_V1,DISCOVERY,96559bc4be35b718,NCAAB_20260117_KSU_OKST,KXNCAAMBGAME-26JAN17KSUOKST-OKST,1,0,2026-01-18T03:57:16+00:00,PRE_ENTRY,False,PRE_ENTRY,PRE_80,HISTORICAL_RECONSTRUCT,ASKED_SIX_FIRST80,85,76,,,48,43,,,,,,,,,,,,,,UNAVAILABLE,,,,,,,,,False,UNAVAILABLE,False
NCAAB_H2_1_AUSTIN_TRANSFER_V1,DISCOVERY,96559bc4be35b718,NCAAB_20260117_KSU_OKST,KXNCAAMBGAME-26JAN17KSUOKST-OKST,2,1200,2026-01-18T04:12:18+00:00,PRE_ENTRY,False,PRE_ENTRY,PRE_80,HISTORICAL_RECONSTRUCT,ASKED_SIX_FIRST80,85,71,,,48,43,,,,,,,,,,,,,,UNAVAILABLE,,,,,,,,,False,UNAVAILABLE,False
NCAAB_H2_1_AUSTIN_TRANSFER_V1,DISCOVERY,96559bc4be35b718,NCAAB_20260117_KSU_OKST,KXNCAAMBGAME-26JAN17KSUOKST-OKST,2,1080,2026-01-18T04:12:18+00:00,PRE_ENTRY,False,PRE_ENTRY,PRE_80,HISTORICAL_RECONSTRUCT,ASKED_SIX_FIRST80,85,71,,,48,43,,,,,,,,,,,,,,UNAVAILABLE,,,,,,,,,False,UNAVAILABLE,False
NCAAB_H2_1_AUSTIN_TRANSFER_V1,DISCOVERY,96559bc4be35b718,NCAAB_20260117_KSU_OKST,KXNCAAMBGAME-26JAN17KSUOKST-OKST,2,960,2026-01-18T04:12:18+00:00,PRIMARY_GRID,True,,PRE_80,HISTORICAL_RECONSTRUCT,NONE,,71,,,48,43,INSUFFICIENT_SAMPLE,NO_ENTRY_IN_FITTED_SPACE,,,,95% CI — weighted bootstrap,25,,,,,0.30434782608695654,UNAVAILABLE,NOT_APPLICABLE,20,20,VALUE,False,False,,,,False,UNAVAILABLE,False
NCAAB_H2_1_AUSTIN_TRANSFER_V1,DISCOVERY,96559bc4be35b718,NCAAB_20260117_KSU_OKST,KXNCAAMBGAME-26JAN17KSUOKST-OKST,2,840,2026-01-18T04:12:18+00:00,PRIMARY_GRID,True,,PRE_80,HISTORICAL_RECONSTRUCT,NONE,,71,,,48,43,INSUFFICIENT_SAMPLE,NO_ENTRY_IN_FITTED_SPACE,,,,95% CI — weighted bootstrap,25,,,,,0.30434782608695654,UNAVAILABLE,NOT_APPLICABLE,20,20,VALUE,False,False,,,,False,UNAVAILABLE,False
NCAAB_H2_1_AUSTIN_TRANSFER_V1,DISCOVERY,96559bc4be35b718,NCAAB_20260117_KSU_OKST,KXNCAAMBGAME-26JAN17KSUOKST-OKST,2,720,2026-01-18T04:12:18+00:00,PRIMARY_GRID,True,,PRE_80,HISTORICAL_RECONSTRUCT,NONE,,71,,,48,43,INSUFFICIENT_SAMPLE,NO_ENTRY_IN_FITTED_SPACE,,,,95% CI — weighted bootstrap,25,,,,,0.30434782608695654,UNAVAILABLE,NOT_APPLICABLE,20,20,VALUE,False,False,,,,False,UNAVAILABLE,False
NCAAB_H2_1_AUSTIN_TRANSFER_V1,DISCOVERY,96559bc4be35b718,NCAAB_20260117_KSU_OKST,KXNCAAMBGAME-26JAN17KSUOKST-OKST,2,600,2026-01-18T04:12:18+00:00,PRIMARY_GRID,True,,PRE_80,HISTORICAL_RECONSTRUCT,NONE,,71,,,48,43,INSUFFICIENT_SAMPLE,NO_ENTRY_IN_FITTED_SPACE,,,,95% CI — weighted bootstrap,25,,,,,0.30434782608695654,UNAVAILABLE,NOT_APPLICABLE,20,20,VALUE,False,False,,,,False,UNAVAILABLE,False
NCAAB_H2_1_AUSTIN_TRANSFER_V1,DISCOVERY,96559bc4be35b718,NCAAB_20260117_KSU_OKST,KXNCAAMBGAME-26JAN17KSUOKST-OKST,2,480,2026-01-18T04:12:18+00:00,PRIMARY_GRID,True,,PRE_80,HISTORICAL_RECONSTRUCT,NONE,,71,,,48,43,INSUFFICIENT_SAMPLE,NO_ENTRY_IN_FITTED_SPACE,,,,95% CI — weighted bootstrap,25,,,,,0.30434782608695654,UNAVAILABLE,NOT_APPLICABLE,20,20,VALUE,False,False,,,,False,UNAVAILABLE,False
NCAAB_H2_1_AUSTIN_TRANSFER_V1,DISCOVERY,96559bc4be35b718,NCAAB_20260117_KSU_OKST,KXNCAAMBGAME-26JAN17KSUOKST-OKST,2,360,2026-01-18T04:12:18+00:00,PRIMARY_GRID,True,,PRE_80,HISTORICAL_RECONSTRUCT,NONE,,71,,,48,43,INSUFFICIENT_SAMPLE,NO_ENTRY_IN_FITTED_SPACE,,,,95% CI — weighted bootstrap,25,,,,,0.30434782608695654,UNAVAILABLE,NOT_APPLICABLE,20,20,VALUE,False,False,,,,False,UNAVAILABLE,False
NCAAB_H2_1_AUSTIN_TRANSFER_V1,DISCOVERY,96559bc4be35b718,NCAAB_20260117_KSU_OKST,KXNCAAMBGAME-26JAN17KSUOKST-OKST,2,240,2026-01-18T04:12:18+00:00,PRIMARY_GRID,True,,PRE_80,HISTORICAL_RECONSTRUCT,NONE,,71,,,48,43,INSUFFICIENT_SAMPLE,NO_ENTRY_IN_FITTED_SPACE,,,,95% CI — weighted bootstrap,25,,,,,0.30434782608695654,UNAVAILABLE,NOT_APPLICABLE,20,20,VALUE,False,False,,,,False,UNAVAILABLE,False
NCAAB_H2_1_AUSTIN_TRANSFER_V1,DISCOVERY,96559bc4be35b718,NCAAB_20260117_KSU_OKST,KXNCAAMBGAME-26JAN17KSUOKST-OKST,2,120,2026-01-18T04:12:18+00:00,PRIMARY_GRID,True,,PRE_80,HISTORICAL_RECONSTRUCT,NONE,,71,,,48,43,INSUFFICIENT_SAMPLE,NO_ENTRY_IN_FITTED_SPACE,,,,95% CI — weighted bootstrap,25,,,,,0.30434782608695654,UNAVAILABLE,NOT_APPLICABLE,20,20,VALUE,False,False,,,,False,UNAVAILABLE,False
NCAAB_H2_1_AUSTIN_TRANSFER_V1,DISCOVERY,96559bc4be35b718,NCAAB_20260117_KSU_OKST,KXNCAAMBGAME-26JAN17KSUOKST-OKST,2,0,2026-01-18T05:17:46+00:00,PRIMARY_GRID,True,,POST_80,HISTORICAL_RECONSTRUCT,ASKED_SIX_FIRST80,85,79,-6,1035,84,83,OBSERVED,,10.44684531919749,-4.0,20.0,95% CI — weighted bootstrap,25,25,22.83891731722925,1.2259986665881817,1.1124721225820797,1.0,OBSERVED,VALUE,20,,NOT_APPLICABLE,True,True,10.44684531919749,10.44684531919749,0.0,False,UNAVAILABLE,False
NCAAB_H2_1_AUSTIN_TRANSFER_V1,DISCOVERY,96559bc4be35b718,NCAAB_20260117_KSU_OKST,KXNCAAMBGAME-26JAN17KSUOKST-OKST,2,1035,2026-01-18T04:19:00+00:00,DIAGNOSTIC_EVENT,False,,POST_80,HISTORICAL_RECONSTRUCT,ASKED_SIX_FIRST80,85,77,-8,0,56,46,OBSERVED,,-11.890042384477091,-32.0,4.0,95% CI — weighted bootstrap,25,25,24.798078791397806,1.7365271446678674,1.757645260754784,0.7246376811594203,OBSERVED,VALUE,20,,NOT_APPLICABLE,True,True,10.44684531919749,-11.890042384477091,-22.33688770367458,False,UNAVAILABLE,False
NCAAB_H2_1_AUSTIN_TRANSFER_V1,DISCOVERY,96559bc4be35b718,NCAAB_20260117_KSU_OKST,KXNCAAMBGAME-26JAN17KSUOKST-OKST,2,837,2026-01-18T04:32:00+00:00,DIAGNOSTIC_EVENT,False,,POST_80,HISTORICAL_RECONSTRUCT,ASKED_SIX_FIRST80,85,79,-6,198,61,58,OBSERVED,,0.43340175374339085,-16.0,16.0,95% CI — weighted bootstrap,25,25,24.860711291570333,1.572390280588227,1.5507872707810133,0.9710144927536232,OBSERVED,VALUE,20,,NOT_APPLICABLE,True,True,10.44684531919749,0.43340175374339085,-10.013443565454098,False,UNAVAILABLE,False
NCAAB_H2_1_AUSTIN_TRANSFER_V1,DISCOVERY,96559bc4be35b718,NCAAB_20260117_KSU_OKST,KXNCAAMBGAME-26JAN17KSUOKST-OKST,2,606,2026-01-18T04:43:00+00:00,DIAGNOSTIC_EVENT,False,,POST_80,HISTORICAL_RECONSTRUCT,ASKED_SIX_FIRST80,85,61,-24,429,64,67,OBSERVED,,-22.310293015231746,-40.0,-4.0,95% CI — weighted bootstrap,25,25,24.67533704818619,1.770169018249523,1.6831616039677753,0.9855072463768116,OBSERVED,VALUE,20,,NOT_APPLICABLE,True,True,10.44684531919749,-22.310293015231746,-32.757138334429236,False,UNAVAILABLE,False
NCAAB_H2_1_AUSTIN_TRANSFER_V1,DISCOVERY,96559bc4be35b718,NCAAB_20260117_KSU_OKST,KXNCAAMBGAME-26JAN17KSUOKST-OKST,2,727,2026-01-18T04:45:00+00:00,DIAGNOSTIC_EVENT,False,,POST_80,HISTORICAL_RECONSTRUCT,ASKED_SIX_FIRST80,85,52,-33,308,64,61,OBSERVED,,-16.27138877848835,-36.0,0.0,95% CI — weighted bootstrap,25,25,24.921080390401563,1.9547670485320805,1.9076641066267803,0.9855072463768116,OBSERVED,VALUE,20,,NOT_APPLICABLE,True,True,10.44684531919749,-16.27138877848835,-26.71823409768584,False,UNAVAILABLE,False
NCAAB_H2_1_AUSTIN_TRANSFER_V1,DISCOVERY,96559bc4be35b718,NCAAB_20260117_KSU_OKST,KXNCAAMBGAME-26JAN17KSUOKST-OKST,2,115,2026-01-18T05:04:00+00:00,DIAGNOSTIC_EVENT,False,,POST_80,HISTORICAL_RECONSTRUCT,ASKED_SIX_FIRST80,85,64,-21,920,79,81,OBSERVED,,-35.51695909836931,-56.0,-16.0,95% CI — weighted bootstrap,25,25,23.87203493294842,1.0699090672280258,0.9625596555412983,1.0,OBSERVED,VALUE,20,,NOT_APPLICABLE,True,True,10.44684531919749,-35.51695909836931,-45.963804417566806,False,UNAVAILABLE,False
NCAAB_H2_1_AUSTIN_TRANSFER_V1,DISCOVERY,96559bc4be35b718,NCAAB_20260117_KSU_OKST,KXNCAAMBGAME-26JAN17KSUOKST-OKST,2,115,2026-01-18T05:04:00+00:00,DIAGNOSTIC_EVENT,False,,POST_80,HISTORICAL_RECONSTRUCT,ASKED_SIX_FIRST80,85,64,-21,920,79,81,OBSERVED,,-35.51695909836931,-56.0,-16.0,95% CI — weighted bootstrap,25,25,23.87203493294842,1.0699090672280258,0.9625596555412983,1.0,OBSERVED,VALUE,20,,NOT_APPLICABLE,True,True,10.44684531919749,-35.51695909836931,-45.963804417566806,False,UNAVAILABLE,False
NCAAB_H2_1_AUSTIN_TRANSFER_V1,DISCOVERY,96559bc4be35b718,NCAAB_20260117_KSU_OKST,KXNCAAMBGAME-26JAN17KSUOKST-OKST,2,115,2026-01-18T05:04:00+00:00,DIAGNOSTIC_EVENT,False,,POST_80,HISTORICAL_RECONSTRUCT,ASKED_SIX_FIRST80,85,64,-21,920,79,81,OBSERVED,,-35.51695909836931,-56.0,-16.0,95% CI — weighted bootstrap,25,25,23.87203493294842,1.0699090672280258,0.9625596555412983,1.0,OBSERVED,VALUE,20,,NOT_APPLICABLE,True,True,10.44684531919749,-35.51695909836931,-45.963804417566806,False,UNAVAILABLE,False
NCAAB_H2_1_AUSTIN_TRANSFER_V1,DISCOVERY,108390652954f62d,NCAAB_20260120_OKLA_SCAR,KXNCAAMBGAME-26JAN20OKLASCAR-SCAR,1,1200,2026-01-21T00:01:19+00:00,PRE_ENTRY,False,PRE_ENTRY,PRE_80,HISTORICAL_RECONSTRUCT,ASKED_SIX_FIRST80,81,43,,,0,0,,,,,,,,,,,,,,UNAVAILABLE,,,,,,,,,False,UNAVAILABLE,False
NCAAB_H2_1_AUSTIN_TRANSFER_V1,DISCOVERY,108390652954f62d,NCAAB_20260120_OKLA_SCAR,KXNCAAMBGAME-26JAN20OKLASCAR-SCAR,1,1080,2026-01-21T00:01:19+00:00,PRE_ENTRY,False,PRE_ENTRY,PRE_80,HISTORICAL_RECONSTRUCT,ASKED_SIX_FIRST80,81,43,,,0,0,,,,,,,,,,,,,,UNAVAILABLE,,,,,,,,,False,UNAVAILABLE,False
NCAAB_H2_1_AUSTIN_TRANSFER_V1,DISCOVERY,108390652954f62d,NCAAB_20260120_OKLA_SCAR,KXNCAAMBGAME-26JAN20OKLASCAR-SCAR,1,960,2026-01-21T00:01:19+00:00,PRE_ENTRY,False,PRE_ENTRY,PRE_80,HISTORICAL_RECONSTRUCT,ASKED_SIX_FIRST80,81,43,,,0,0,,,,,,,,,,,,,,UNAVAILABLE,,,,,,,,,False,UNAVAILABLE,False
NCAAB_H2_1_AUSTIN_TRANSFER_V1,DISCOVERY,108390652954f62d,NCAAB_20260120_OKLA_SCAR,KXNCAAMBGAME-26JAN20OKLASCAR-SCAR,1,840,2026-01-21T00:12:05+00:00,PRE_ENTRY,False,PRE_ENTRY,PRE_80,HISTORICAL_RECONSTRUCT,ASKED_SIX_FIRST80,81,60,,,17,9,,,,,,,,,,,,,,UNAVAILABLE,,,,,,,,,False,UNAVAILABLE,False
NCAAB_H2_1_AUSTIN_TRANSFER_V1,DISCOVERY,108390652954f62d,NCAAB_20260120_OKLA_SCAR,KXNCAAMBGAME-26JAN20OKLASCAR-SCAR,1,720,2026-01-21T00:01:19+00:00,PRE_ENTRY,False,PRE_ENTRY,PRE_80,HISTORICAL_RECONSTRUCT,ASKED_SIX_FIRST80,81,43,,,0,0,,,,,,,,,,,,,,UNAVAILABLE,,,,,,,,,False,UNAVAILABLE,False
NCAAB_H2_1_AUSTIN_TRANSFER_V1,DISCOVERY,108390652954f62d,NCAAB_20260120_OKLA_SCAR,KXNCAAMBGAME-26JAN20OKLASCAR-SCAR,1,600,2026-01-21T00:01:19+00:00,PRE_ENTRY,False,PRE_ENTRY,PRE_80,HISTORICAL_RECONSTRUCT,ASKED_SIX_FIRST80,81,43,,,0,0,,,,,,,,,,,,,,UNAVAILABLE,,,,,,,,,False,UNAVAILABLE,False
NCAAB_H2_1_AUSTIN_TRANSFER_V1,DISCOVERY,108390652954f62d,NCAAB_20260120_OKLA_SCAR,KXNCAAMBGAME-26JAN20OKLASCAR-SCAR,1,480,2026-01-21T00:01:19+00:00,PRE_ENTRY,False,PRE_ENTRY,PRE_80,HISTORICAL_RECONSTRUCT,ASKED_SIX_FIRST80,81,43,,,0,0,,,,,,,,,,,,,,UNAVAILABLE,,,,,,,,,False,UNAVAILABLE,False
NCAAB_H2_1_AUSTIN_TRANSFER_V1,DISCOVERY,108390652954f62d,NCAAB_20260120_OKLA_SCAR,KXNCAAMBGAME-26JAN20OKLASCAR-SCAR,1,360,2026-01-21T00:01:19+00:00,PRE_ENTRY,False,PRE_ENTRY,PRE_80,HISTORICAL_RECONSTRUCT,ASKED_SIX_FIRST80,81,43,,,0,0,,,,,,,,,,,,,,UNAVAILABLE,,,,,,,,,False,UNAVAILABLE,False
NCAAB_H2_1_AUSTIN_TRANSFER_V1,DISCOVERY,108390652954f62d,NCAAB_20260120_OKLA_SCAR,KXNCAAMBGAME-26JAN20OKLASCAR-SCAR,1,240,2026-01-21T00:01:19+00:00,PRE_ENTRY,False,PRE_ENTRY,PRE_80,HISTORICAL_RECONSTRUCT,ASKED_SIX_FIRST80,81,43,,,0,0,,,,,,,,,,,,,,UNAVAILABLE,,,,,,,,,False,UNAVAILABLE,False
NCAAB_H2_1_AUSTIN_TRANSFER_V1,DISCOVERY,108390652954f62d,NCAAB_20260120_OKLA_SCAR,KXNCAAMBGAME-26JAN20OKLASCAR-SCAR,1,120,2026-01-21T00:01:19+00:00,PRE_ENTRY,False,PRE_ENTRY,PRE_80,HISTORICAL_RECONSTRUCT,ASKED_SIX_FIRST80,81,43,,,0,0,,,,,,,,,,,,,,UNAVAILABLE,,,,,,,,,False,UNAVAILABLE,False
NCAAB_H2_1_AUSTIN_TRANSFER_V1,DISCOVERY,108390652954f62d,NCAAB_20260120_OKLA_SCAR,KXNCAAMBGAME-26JAN20OKLASCAR-SCAR,1,0,2026-01-21T00:44:14+00:00,PRE_ENTRY,False,PRE_ENTRY,PRE_80,HISTORICAL_RECONSTRUCT,ASKED_SIX_FIRST80,81,46,,,39,36,,,,,,,,,,,,,,UNAVAILABLE,,,,,,,,,False,UNAVAILABLE,False
NCAAB_H2_1_AUSTIN_TRANSFER_V1,DISCOVERY,108390652954f62d,NCAAB_20260120_OKLA_SCAR,KXNCAAMBGAME-26JAN20OKLASCAR-SCAR,2,1200,2026-01-21T00:59:58+00:00,PRE_ENTRY,False,PRE_ENTRY,PRE_80,HISTORICAL_RECONSTRUCT,ASKED_SIX_FIRST80,81,50,,,39,36,,,,,,,,,,,,,,UNAVAILABLE,,,,,,,,,False,UNAVAILABLE,False
NCAAB_H2_1_AUSTIN_TRANSFER_V1,DISCOVERY,108390652954f62d,NCAAB_20260120_OKLA_SCAR,KXNCAAMBGAME-26JAN20OKLASCAR-SCAR,2,1080,2026-01-21T00:59:58+00:00,PRE_ENTRY,False,PRE_ENTRY,PRE_80,HISTORICAL_RECONSTRUCT,ASKED_SIX_FIRST80,81,50,,,39,36,,,,,,,,,,,,,,UNAVAILABLE,,,,,,,,,False,UNAVAILABLE,False
NCAAB_H2_1_AUSTIN_TRANSFER_V1,DISCOVERY,108390652954f62d,NCAAB_20260120_OKLA_SCAR,KXNCAAMBGAME-26JAN20OKLASCAR-SCAR,2,960,2026-01-21T00:59:58+00:00,PRE_ENTRY,False,PRE_ENTRY,PRE_80,HISTORICAL_RECONSTRUCT,ASKED_SIX_FIRST80,81,50,,,39,36,,,,,,,,,,,,,,UNAVAILABLE,,,,,,,,,False,UNAVAILABLE,False
NCAAB_H2_1_AUSTIN_TRANSFER_V1,DISCOVERY,108390652954f62d,NCAAB_20260120_OKLA_SCAR,KXNCAAMBGAME-26JAN20OKLASCAR-SCAR,2,840,2026-01-21T00:59:58+00:00,PRE_ENTRY,False,PRE_ENTRY,PRE_80,HISTORICAL_RECONSTRUCT,ASKED_SIX_FIRST80,81,50,,,39,36,,,,,,,,,,,,,,UNAVAILABLE,,,,,,,,,False,UNAVAILABLE,False
NCAAB_H2_1_AUSTIN_TRANSFER_V1,DISCOVERY,108390652954f62d,NCAAB_20260120_OKLA_SCAR,KXNCAAMBGAME-26JAN20OKLASCAR-SCAR,2,720,2026-01-21T00:59:58+00:00,PRE_ENTRY,False,PRE_ENTRY,PRE_80,HISTORICAL_RECONSTRUCT,ASKED_SIX_FIRST80,81,50,,,39,36,,,,,,,,,,,,,,UNAVAILABLE,,,,,,,,,False,UNAVAILABLE,False
NCAAB_H2_1_AUSTIN_TRANSFER_V1,DISCOVERY,108390652954f62d,NCAAB_20260120_OKLA_SCAR,KXNCAAMBGAME-26JAN20OKLASCAR-SCAR,2,600,2026-01-21T00:59:58+00:00,PRIMARY_GRID,True,,PRE_80,HISTORICAL_RECONSTRUCT,NONE,,50,,,39,36,INSUFFICIENT_SAMPLE,NO_ENTRY_IN_FITTED_SPACE,,,,95% CI — weighted bootstrap,25,,,,,0.30434782608695654,UNAVAILABLE,NOT_APPLICABLE,20,20,VALUE,False,False,,,,False,UNAVAILABLE,False
NCAAB_H2_1_AUSTIN_TRANSFER_V1,DISCOVERY,108390652954f62d,NCAAB_20260120_OKLA_SCAR,KXNCAAMBGAME-26JAN20OKLASCAR-SCAR,2,480,2026-01-21T00:59:58+00:00,PRIMARY_GRID,True,,PRE_80,HISTORICAL_RECONSTRUCT,NONE,,50,,,39,36,INSUFFICIENT_SAMPLE,NO_ENTRY_IN_FITTED_SPACE,,,,95% CI — weighted bootstrap,25,,,,,0.30434782608695654,UNAVAILABLE,NOT_APPLICABLE,20,20,VALUE,False,False,,,,False,UNAVAILABLE,False
NCAAB_H2_1_AUSTIN_TRANSFER_V1,DISCOVERY,108390652954f62d,NCAAB_20260120_OKLA_SCAR,KXNCAAMBGAME-26JAN20OKLASCAR-SCAR,2,360,2026-01-21T00:59:58+00:00,PRIMARY_GRID,True,,PRE_80,HISTORICAL_RECONSTRUCT,NONE,,50,,,39,36,INSUFFICIENT_SAMPLE,NO_ENTRY_IN_FITTED_SPACE,,,,95% CI — weighted bootstrap,25,,,,,0.30434782608695654,UNAVAILABLE,NOT_APPLICABLE,20,20,VALUE,False,False,,,,False,UNAVAILABLE,False
NCAAB_H2_1_AUSTIN_TRANSFER_V1,DISCOVERY,108390652954f62d,NCAAB_20260120_OKLA_SCAR,KXNCAAMBGAME-26JAN20OKLASCAR-SCAR,2,240,2026-01-21T00:59:58+00:00,PRIMARY_GRID,True,,PRE_80,HISTORICAL_RECONSTRUCT,NONE,,50,,,39,36,INSUFFICIENT_SAMPLE,NO_ENTRY_IN_FITTED_SPACE,,,,95% CI — weighted bootstrap,25,,,,,0.30434782608695654,UNAVAILABLE,NOT_APPLICABLE,20,20,VALUE,False,False,,,,False,UNAVAILABLE,False
NCAAB_H2_1_AUSTIN_TRANSFER_V1,DISCOVERY,108390652954f62d,NCAAB_20260120_OKLA_SCAR,KXNCAAMBGAME-26JAN20OKLASCAR-SCAR,2,120,2026-01-21T00:59:58+00:00,PRIMARY_GRID,True,,PRE_80,HISTORICAL_RECONSTRUCT,NONE,,50,,,39,36,INSUFFICIENT_SAMPLE,NO_ENTRY_IN_FITTED_SPACE,,,,95% CI — weighted bootstrap,25,,,,,0.30434782608695654,UNAVAILABLE,NOT_APPLICABLE,20,20,VALUE,False,False,,,,False,UNAVAILABLE,False
NCAAB_H2_1_AUSTIN_TRANSFER_V1,DISCOVERY,108390652954f62d,NCAAB_20260120_OKLA_SCAR,KXNCAAMBGAME-26JAN20OKLASCAR-SCAR,2,0,2026-01-21T02:03:34+00:00,PRIMARY_GRID,True,,POST_80,HISTORICAL_RECONSTRUCT,ASKED_SIX_FIRST80,81,99,18,716,85,76,OBSERVED,,20.0,20.0,20.0,95% CI — weighted bootstrap,25,25,23.03983822306271,0.43363752044342285,0.594806824315524,1.0,OBSERVED,VALUE,20,,NOT_APPLICABLE,True,True,20.0,20.0,0.0,False,UNAVAILABLE,False
NCAAB_H2_1_AUSTIN_TRANSFER_V1,DISCOVERY,108390652954f62d,NCAAB_20260120_OKLA_SCAR,KXNCAAMBGAME-26JAN20OKLASCAR-SCAR,2,716,2026-01-21T01:20:00+00:00,DIAGNOSTIC_EVENT,False,,POST_80,HISTORICAL_RECONSTRUCT,ASKED_SIX_FIRST80,81,67,-14,0,59,49,OBSERVED,,4.795376379212311,-12.0,16.0,95% CI — weighted bootstrap,25,25,24.759236472252017,0.9363967289763814,0.8906569373648684,0.7246376811594203,OBSERVED,VALUE,20,,NOT_APPLICABLE,True,True,20.0,4.795376379212311,-15.20462362078769,False,UNAVAILABLE,False
NCAAB_H2_1_AUSTIN_TRANSFER_V1,DISCOVERY,833c7a16a2223840,NCAAB_20260120_RUTG_IOWA,KXNCAAMBGAME-26JAN20RUTGIOWA-IOWA,1,1200,2026-01-21T01:37:28+00:00,PRE_ENTRY,False,PRE_ENTRY,PRE_80,HISTORICAL_RECONSTRUCT,ASKED_SIX_FIRST80,83,94,,,0,0,,,,,,,,,,,,,,UNAVAILABLE,,,,,,,,,False,UNAVAILABLE,False
NCAAB_H2_1_AUSTIN_TRANSFER_V1,DISCOVERY,833c7a16a2223840,NCAAB_20260120_RUTG_IOWA,KXNCAAMBGAME-26JAN20RUTGIOWA-IOWA,1,1080,2026-01-21T01:37:28+00:00,PRE_ENTRY,False,PRE_ENTRY,PRE_80,HISTORICAL_RECONSTRUCT,ASKED_SIX_FIRST80,83,94,,,0,0,,,,,,,,,,,,,,UNAVAILABLE,,,,,,,,,False,UNAVAILABLE,False
NCAAB_H2_1_AUSTIN_TRANSFER_V1,DISCOVERY,833c7a16a2223840,NCAAB_20260120_RUTG_IOWA,KXNCAAMBGAME-26JAN20RUTGIOWA-IOWA,1,960,2026-01-21T01:37:28+00:00,PRE_ENTRY,False,PRE_ENTRY,PRE_80,HISTORICAL_RECONSTRUCT,ASKED_SIX_FIRST80,83,94,,,0,0,,,,,,,,,,,,,,UNAVAILABLE,,,,,,,,,False,UNAVAILABLE,False
NCAAB_H2_1_AUSTIN_TRANSFER_V1,DISCOVERY,833c7a16a2223840,NCAAB_20260120_RUTG_IOWA,KXNCAAMBGAME-26JAN20RUTGIOWA-IOWA,1,840,2026-01-21T01:48:57+00:00,PRE_ENTRY,False,PRE_ENTRY,PRE_80,HISTORICAL_RECONSTRUCT,ASKED_SIX_FIRST80,83,92,,,7,7,,,,,,,,,,,,,,UNAVAILABLE,,,,,,,,,False,UNAVAILABLE,False
NCAAB_H2_1_AUSTIN_TRANSFER_V1,DISCOVERY,833c7a16a2223840,NCAAB_20260120_RUTG_IOWA,KXNCAAMBGAME-26JAN20RUTGIOWA-IOWA,1,720,2026-01-21T01:37:28+00:00,PRE_ENTRY,False,PRE_ENTRY,PRE_80,HISTORICAL_RECONSTRUCT,ASKED_SIX_FIRST80,83,94,,,0,0,,,,,,,,,,,,,,UNAVAILABLE,,,,,,,,,False,UNAVAILABLE,False
NCAAB_H2_1_AUSTIN_TRANSFER_V1,DISCOVERY,833c7a16a2223840,NCAAB_20260120_RUTG_IOWA,KXNCAAMBGAME-26JAN20RUTGIOWA-IOWA,1,600,2026-01-21T01:37:28+00:00,PRE_ENTRY,False,PRE_ENTRY,PRE_80,HISTORICAL_RECONSTRUCT,ASKED_SIX_FIRST80,83,94,,,0,0,,,,,,,,,,,,,,UNAVAILABLE,,,,,,,,,False,UNAVAILABLE,False
NCAAB_H2_1_AUSTIN_TRANSFER_V1,DISCOVERY,833c7a16a2223840,NCAAB_20260120_RUTG_IOWA,KXNCAAMBGAME-26JAN20RUTGIOWA-IOWA,1,480,2026-01-21T01:37:28+00:00,PRE_ENTRY,False,PRE_ENTRY,PRE_80,HISTORICAL_RECONSTRUCT,ASKED_SIX_FIRST80,83,94,,,0,0,,,,,,,,,,,,,,UNAVAILABLE,,,,,,,,,False,UNAVAILABLE,False
NCAAB_H2_1_AUSTIN_TRANSFER_V1,DISCOVERY,833c7a16a2223840,NCAAB_20260120_RUTG_IOWA,KXNCAAMBGAME-26JAN20RUTGIOWA-IOWA,1,360,2026-01-21T01:37:28+00:00,PRE_ENTRY,False,PRE_ENTRY,PRE_80,HISTORICAL_RECONSTRUCT,ASKED_SIX_FIRST80,83,94,,,0,0,,,,,,,,,,,,,,UNAVAILABLE,,,,,,,,,False,UNAVAILABLE,False
NCAAB_H2_1_AUSTIN_TRANSFER_V1,DISCOVERY,833c7a16a2223840,NCAAB_20260120_RUTG_IOWA,KXNCAAMBGAME-26JAN20RUTGIOWA-IOWA,1,240,2026-01-21T01:37:28+00:00,PRE_ENTRY,False,PRE_ENTRY,PRE_80,HISTORICAL_RECONSTRUCT,ASKED_SIX_FIRST80,83,94,,,0,0,,,,,,,,,,,,,,UNAVAILABLE,,,,,,,,,False,UNAVAILABLE,False
NCAAB_H2_1_AUSTIN_TRANSFER_V1,DISCOVERY,833c7a16a2223840,NCAAB_20260120_RUTG_IOWA,KXNCAAMBGAME-26JAN20RUTGIOWA-IOWA,1,120,2026-01-21T01:37:28+00:00,PRE_ENTRY,False,PRE_ENTRY,PRE_80,HISTORICAL_RECONSTRUCT,ASKED_SIX_FIRST80,83,94,,,0,0,,,,,,,,,,,,,,UNAVAILABLE,,,,,,,,,False,UNAVAILABLE,False
NCAAB_H2_1_AUSTIN_TRANSFER_V1,DISCOVERY,833c7a16a2223840,NCAAB_20260120_RUTG_IOWA,KXNCAAMBGAME-26JAN20RUTGIOWA-IOWA,1,0,2026-01-21T02:19:41+00:00,PRE_ENTRY,False,PRE_ENTRY,PRE_80,HISTORICAL_RECONSTRUCT,ASKED_SIX_FIRST80,83,94,,,31,24,,,,,,,,,,,,,,UNAVAILABLE,,,,,,,,,False,UNAVAILABLE,False
NCAAB_H2_1_AUSTIN_TRANSFER_V1,DISCOVERY,833c7a16a2223840,NCAAB_20260120_RUTG_IOWA,KXNCAAMBGAME-26JAN20RUTGIOWA-IOWA,2,1200,2026-01-21T02:35:29+00:00,PRE_ENTRY,False,PRE_ENTRY,PRE_80,HISTORICAL_RECONSTRUCT,ASKED_SIX_FIRST80,83,93,,,31,24,,,,,,,,,,,,,,UNAVAILABLE,,,,,,,,,False,UNAVAILABLE,False
NCAAB_H2_1_AUSTIN_TRANSFER_V1,DISCOVERY,833c7a16a2223840,NCAAB_20260120_RUTG_IOWA,KXNCAAMBGAME-26JAN20RUTGIOWA-IOWA,2,1080,2026-01-21T02:35:29+00:00,PRE_ENTRY,False,PRE_ENTRY,PRE_80,HISTORICAL_RECONSTRUCT,ASKED_SIX_FIRST80,83,93,,,31,24,,,,,,,,,,,,,,UNAVAILABLE,,,,,,,,,False,UNAVAILABLE,False
NCAAB_H2_1_AUSTIN_TRANSFER_V1,DISCOVERY,833c7a16a2223840,NCAAB_20260120_RUTG_IOWA,KXNCAAMBGAME-26JAN20RUTGIOWA-IOWA,2,960,2026-01-21T02:35:29+00:00,PRE_ENTRY,False,PRE_ENTRY,PRE_80,HISTORICAL_RECONSTRUCT,ASKED_SIX_FIRST80,83,93,,,31,24,,,,,,,,,,,,,,UNAVAILABLE,,,,,,,,,False,UNAVAILABLE,False
NCAAB_H2_1_AUSTIN_TRANSFER_V1,DISCOVERY,833c7a16a2223840,NCAAB_20260120_RUTG_IOWA,KXNCAAMBGAME-26JAN20RUTGIOWA-IOWA,2,840,2026-01-21T02:35:29+00:00,PRIMARY_GRID,True,,PRE_80,HISTORICAL_RECONSTRUCT,NONE,,93,,,31,24,INSUFFICIENT_SAMPLE,NO_ENTRY_IN_FITTED_SPACE,,,,95% CI — weighted bootstrap,25,,,,,0.30434782608695654,UNAVAILABLE,NOT_APPLICABLE,20,20,VALUE,False,False,,,,False,UNAVAILABLE,False
NCAAB_H2_1_AUSTIN_TRANSFER_V1,DISCOVERY,833c7a16a2223840,NCAAB_20260120_RUTG_IOWA,KXNCAAMBGAME-26JAN20RUTGIOWA-IOWA,2,720,2026-01-21T02:35:29+00:00,PRIMARY_GRID,True,,PRE_80,HISTORICAL_RECONSTRUCT,NONE,,93,,,31,24,INSUFFICIENT_SAMPLE,NO_ENTRY_IN_FITTED_SPACE,,,,95% CI — weighted bootstrap,25,,,,,0.30434782608695654,UNAVAILABLE,NOT_APPLICABLE,20,20,VALUE,False,False,,,,False,UNAVAILABLE,False
NCAAB_H2_1_AUSTIN_TRANSFER_V1,DISCOVERY,833c7a16a2223840,NCAAB_20260120_RUTG_IOWA,KXNCAAMBGAME-26JAN20RUTGIOWA-IOWA,2,600,2026-01-21T02:35:29+00:00,PRIMARY_GRID,True,,PRE_80,HISTORICAL_RECONSTRUCT,NONE,,93,,,31,24,INSUFFICIENT_SAMPLE,NO_ENTRY_IN_FITTED_SPACE,,,,95% CI — weighted bootstrap,25,,,,,0.30434782608695654,UNAVAILABLE,NOT_APPLICABLE,20,20,VALUE,False,False,,,,False,UNAVAILABLE,False
NCAAB_H2_1_AUSTIN_TRANSFER_V1,DISCOVERY,833c7a16a2223840,NCAAB_20260120_RUTG_IOWA,KXNCAAMBGAME-26JAN20RUTGIOWA-IOWA,2,480,2026-01-21T02:35:29+00:00,PRIMARY_GRID,True,,PRE_80,HISTORICAL_RECONSTRUCT,NONE,,93,,,31,24,INSUFFICIENT_SAMPLE,NO_ENTRY_IN_FITTED_SPACE,,,,95% CI — weighted bootstrap,25,,,,,0.30434782608695654,UNAVAILABLE,NOT_APPLICABLE,20,20,VALUE,False,False,,,,False,UNAVAILABLE,False
NCAAB_H2_1_AUSTIN_TRANSFER_V1,DISCOVERY,833c7a16a2223840,NCAAB_20260120_RUTG_IOWA,KXNCAAMBGAME-26JAN20RUTGIOWA-IOWA,2,360,2026-01-21T02:35:29+00:00,PRIMARY_GRID,True,,PRE_80,HISTORICAL_RECONSTRUCT,NONE,,93,,,31,24,INSUFFICIENT_SAMPLE,NO_ENTRY_IN_FITTED_SPACE,,,,95% CI — weighted bootstrap,25,,,,,0.30434782608695654,UNAVAILABLE,NOT_APPLICABLE,20,20,VALUE,False,False,,,,False,UNAVAILABLE,False
NCAAB_H2_1_AUSTIN_TRANSFER_V1,DISCOVERY,833c7a16a2223840,NCAAB_20260120_RUTG_IOWA,KXNCAAMBGAME-26JAN20RUTGIOWA-IOWA,2,240,2026-01-21T02:35:29+00:00,PRIMARY_GRID,True,,PRE_80,HISTORICAL_RECONSTRUCT,NONE,,93,,,31,24,INSUFFICIENT_SAMPLE,NO_ENTRY_IN_FITTED_SPACE,,,,95% CI — weighted bootstrap,25,,,,,0.30434782608695654,UNAVAILABLE,NOT_APPLICABLE,20,20,VALUE,False,False,,,,False,UNAVAILABLE,False
NCAAB_H2_1_AUSTIN_TRANSFER_V1,DISCOVERY,833c7a16a2223840,NCAAB_20260120_RUTG_IOWA,KXNCAAMBGAME-26JAN20RUTGIOWA-IOWA,2,120,2026-01-21T02:35:29+00:00,PRIMARY_GRID,True,,PRE_80,HISTORICAL_RECONSTRUCT,NONE,,93,,,31,24,INSUFFICIENT_SAMPLE,NO_ENTRY_IN_FITTED_SPACE,,,,95% CI — weighted bootstrap,25,,,,,0.30434782608695654,UNAVAILABLE,NOT_APPLICABLE,20,20,VALUE,False,False,,,,False,UNAVAILABLE,False
NCAAB_H2_1_AUSTIN_TRANSFER_V1,DISCOVERY,833c7a16a2223840,NCAAB_20260120_RUTG_IOWA,KXNCAAMBGAME-26JAN20RUTGIOWA-IOWA,2,0,2026-01-21T03:37:05+00:00,PRIMARY_GRID,True,,POST_80,HISTORICAL_RECONSTRUCT,ASKED_SIX_FIRST80,83,99,16,955,68,62,OBSERVED,,-10.211217401126682,-28.0,8.0,95% CI — weighted bootstrap,25,25,24.79953289760344,1.0595923066491855,1.030053391358544,1.0,OBSERVED,VALUE,20,,NOT_APPLICABLE,True,True,-10.211217401126682,-10.211217401126682,0.0,False,UNAVAILABLE,False
NCAAB_H2_1_AUSTIN_TRANSFER_V1,DISCOVERY,833c7a16a2223840,NCAAB_20260120_RUTG_IOWA,KXNCAAMBGAME-26JAN20RUTGIOWA-IOWA,,,2026-01-19T03:30:00+00:00,DIAGNOSTIC_EVENT,False,,PRE_80,HISTORICAL_RECONSTRUCT,NONE,,78,,,,,INSUFFICIENT_SAMPLE,NO_ENTRY_IN_FITTED_SPACE,,,,95% CI — weighted bootstrap,25,,,,,0.057971014492753624,UNAVAILABLE,NOT_APPLICABLE,20,20,VALUE,False,False,-10.211217401126682,,,False,UNAVAILABLE,False
NCAAB_H2_1_AUSTIN_TRANSFER_V1,DISCOVERY,833c7a16a2223840,NCAAB_20260120_RUTG_IOWA,KXNCAAMBGAME-26JAN20RUTGIOWA-IOWA,2,769,2026-01-21T02:52:00+00:00,DIAGNOSTIC_EVENT,False,,POST_80,HISTORICAL_RECONSTRUCT,ASKED_SIX_FIRST80,83,71,-12,186,36,39,OBSERVED,,1.5131787428616617,-16.0,16.0,95% CI — weighted bootstrap,25,25,23.258791264499372,1.3035287827166404,1.1979028409627923,0.9710144927536232,OBSERVED,VALUE,20,,NOT_APPLICABLE,True,True,-10.211217401126682,1.5131787428616617,11.724396143988344,False,UNAVAILABLE,False
NCAAB_H2_1_AUSTIN_TRANSFER_V1,DISCOVERY,833c7a16a2223840,NCAAB_20260120_RUTG_IOWA,KXNCAAMBGAME-26JAN20RUTGIOWA-IOWA,2,590,2026-01-21T03:04:00+00:00,DIAGNOSTIC_EVENT,False,,POST_80,HISTORICAL_RECONSTRUCT,ASKED_SIX_FIRST80,83,62,-21,365,39,43,OBSERVED,,12.520693333845546,0.0,20.0,95% CI — weighted bootstrap,25,25,24.479872136844655,1.2024636286896575,1.1447973364499875,0.9855072463768116,OBSERVED,VALUE,20,,NOT_APPLICABLE,True,True,-10.211217401126682,12.520693333845546,22.731910734972228,False,UNAVAILABLE,False
NCAAB_H2_1_AUSTIN_TRANSFER_V1,DISCOVERY,ff6174e156c8eb62,NCAAB_20260120_SMU_WAKE,KXNCAAMBGAME-26JAN20SMUWAKE-SMU,1,1200,2026-01-21T02:06:16+00:00,PRE_ENTRY,False,PRE_ENTRY,PRE_80,HISTORICAL_RECONSTRUCT,ASKED_SIX_FIRST80,82,50,,,0,0,,,,,,,,,,,,,,UNAVAILABLE,,,,,,,,,False,UNAVAILABLE,False
NCAAB_H2_1_AUSTIN_TRANSFER_V1,DISCOVERY,ff6174e156c8eb62,NCAAB_20260120_SMU_WAKE,KXNCAAMBGAME-26JAN20SMUWAKE-SMU,1,1080,2026-01-21T02:06:16+00:00,PRE_ENTRY,False,PRE_ENTRY,PRE_80,HISTORICAL_RECONSTRUCT,ASKED_SIX_FIRST80,82,50,,,0,0,,,,,,,,,,,,,,UNAVAILABLE,,,,,,,,,False,UNAVAILABLE,False
NCAAB_H2_1_AUSTIN_TRANSFER_V1,DISCOVERY,ff6174e156c8eb62,NCAAB_20260120_SMU_WAKE,KXNCAAMBGAME-26JAN20SMUWAKE-SMU,1,960,2026-01-21T02:06:16+00:00,PRE_ENTRY,False,PRE_ENTRY,PRE_80,HISTORICAL_RECONSTRUCT,ASKED_SIX_FIRST80,82,50,,,0,0,,,,,,,,,,,,,,UNAVAILABLE,,,,,,,,,False,UNAVAILABLE,False
NCAAB_H2_1_AUSTIN_TRANSFER_V1,DISCOVERY,ff6174e156c8eb62,NCAAB_20260120_SMU_WAKE,KXNCAAMBGAME-26JAN20SMUWAKE-SMU,1,840,2026-01-21T02:06:16+00:00,PRE_ENTRY,False,PRE_ENTRY,PRE_80,HISTORICAL_RECONSTRUCT,ASKED_SIX_FIRST80,82,50,,,0,0,,,,,,,,,,,,,,UNAVAILABLE,,,,,,,,,False,UNAVAILABLE,False
NCAAB_H2_1_AUSTIN_TRANSFER_V1,DISCOVERY,ff6174e156c8eb62,NCAAB_20260120_SMU_WAKE,KXNCAAMBGAME-26JAN20SMUWAKE-SMU,1,720,2026-01-21T02:06:16+00:00,PRE_ENTRY,False,PRE_ENTRY,PRE_80,HISTORICAL_RECONSTRUCT,ASKED_SIX_FIRST80,82,50,,,0,0,,,,,,,,,,,,,,UNAVAILABLE,,,,,,,,,False,UNAVAILABLE,False
NCAAB_H2_1_AUSTIN_TRANSFER_V1,DISCOVERY,ff6174e156c8eb62,NCAAB_20260120_SMU_WAKE,KXNCAAMBGAME-26JAN20SMUWAKE-SMU,1,600,2026-01-21T02:06:16+00:00,PRE_ENTRY,False,PRE_ENTRY,PRE_80,HISTORICAL_RECONSTRUCT,ASKED_SIX_FIRST80,82,50,,,0,0,,,,,,,,,,,,,,UNAVAILABLE,,,,,,,,,False,UNAVAILABLE,False
NCAAB_H2_1_AUSTIN_TRANSFER_V1,DISCOVERY,ff6174e156c8eb62,NCAAB_20260120_SMU_WAKE,KXNCAAMBGAME-26JAN20SMUWAKE-SMU,1,480,2026-01-21T02:06:16+00:00,PRE_ENTRY,False,PRE_ENTRY,PRE_80,HISTORICAL_RECONSTRUCT,ASKED_SIX_FIRST80,82,50,,,0,0,,,,,,,,,,,,,,UNAVAILABLE,,,,,,,,,False,UNAVAILABLE,False
NCAAB_H2_1_AUSTIN_TRANSFER_V1,DISCOVERY,ff6174e156c8eb62,NCAAB_20260120_SMU_WAKE,KXNCAAMBGAME-26JAN20SMUWAKE-SMU,1,360,2026-01-21T02:06:16+00:00,PRE_ENTRY,False,PRE_ENTRY,PRE_80,HISTORICAL_RECONSTRUCT,ASKED_SIX_FIRST80,82,50,,,0,0,,,,,,,,,,,,,,UNAVAILABLE,,,,,,,,,False,UNAVAILABLE,False
NCAAB_H2_1_AUSTIN_TRANSFER_V1,DISCOVERY,ff6174e156c8eb62,NCAAB_20260120_SMU_WAKE,KXNCAAMBGAME-26JAN20SMUWAKE-SMU,1,240,2026-01-21T02:06:16+00:00,PRE_ENTRY,False,PRE_ENTRY,PRE_80,HISTORICAL_RECONSTRUCT,ASKED_SIX_FIRST80,82,50,,,0,0,,,,,,,,,,,,,,UNAVAILABLE,,,,,,,,,False,UNAVAILABLE,False
NCAAB_H2_1_AUSTIN_TRANSFER_V1,DISCOVERY,ff6174e156c8eb62,NCAAB_20260120_SMU_WAKE,KXNCAAMBGAME-26JAN20SMUWAKE-SMU,1,120,2026-01-21T02:06:16+00:00,PRE_ENTRY,False,PRE_ENTRY,PRE_80,HISTORICAL_RECONSTRUCT,ASKED_SIX_FIRST80,82,50,,,0,0,,,,,,,,,,,,,,UNAVAILABLE,,,,,,,,,False,UNAVAILABLE,False
NCAAB_H2_1_AUSTIN_TRANSFER_V1,DISCOVERY,ff6174e156c8eb62,NCAAB_20260120_SMU_WAKE,KXNCAAMBGAME-26JAN20SMUWAKE-SMU,1,0,2026-01-21T02:59:06+00:00,PRE_ENTRY,False,PRE_ENTRY,PRE_80,HISTORICAL_RECONSTRUCT,ASKED_SIX_FIRST80,82,77,,,36,45,,,,,,,,,,,,,,UNAVAILABLE,,,,,,,,,False,UNAVAILABLE,False
NCAAB_H2_1_AUSTIN_TRANSFER_V1,DISCOVERY,ff6174e156c8eb62,NCAAB_20260120_SMU_WAKE,KXNCAAMBGAME-26JAN20SMUWAKE-SMU,2,1200,2026-01-21T03:10:54+00:00,PRE_ENTRY,False,PRE_ENTRY,PRE_80,HISTORICAL_RECONSTRUCT,ASKED_SIX_FIRST80,82,79,,,36,45,,,,,,,,,,,,,,UNAVAILABLE,,,,,,,,,False,UNAVAILABLE,False
NCAAB_H2_1_AUSTIN_TRANSFER_V1,DISCOVERY,ff6174e156c8eb62,NCAAB_20260120_SMU_WAKE,KXNCAAMBGAME-26JAN20SMUWAKE-SMU,2,1080,2026-01-21T03:13:10+00:00,PRIMARY_GRID,True,,POST_80,HISTORICAL_RECONSTRUCT,ASKED_SIX_FIRST80,82,74,-8,74,40,47,OBSERVED,,12.284522726348328,0.0,20.0,95% CI — weighted bootstrap,25,25,24.867978891583167,1.5434894764786882,1.5123526087309807,0.8695652173913043,OBSERVED,VALUE,20,,NOT_APPLICABLE,True,True,12.284522726348328,12.284522726348328,0.0,False,UNAVAILABLE,False
NCAAB_H2_1_AUSTIN_TRANSFER_V1,DISCOVERY,ff6174e156c8eb62,NCAAB_20260120_SMU_WAKE,KXNCAAMBGAME-26JAN20SMUWAKE-SMU,2,960,2026-01-21T03:10:54+00:00,PRIMARY_GRID,True,,PRE_80,HISTORICAL_RECONSTRUCT,NONE,,79,,,36,45,INSUFFICIENT_SAMPLE,NO_ENTRY_IN_FITTED_SPACE,,,,95% CI — weighted bootstrap,25,,,,,0.30434782608695654,UNAVAILABLE,NOT_APPLICABLE,20,20,VALUE,False,False,12.284522726348328,,,False,UNAVAILABLE,False
NCAAB_H2_1_AUSTIN_TRANSFER_V1,DISCOVERY,ff6174e156c8eb62,NCAAB_20260120_SMU_WAKE,KXNCAAMBGAME-26JAN20SMUWAKE-SMU,2,840,2026-01-21T03:10:54+00:00,PRIMARY_GRID,True,,PRE_80,HISTORICAL_RECONSTRUCT,NONE,,79,,,36,45,INSUFFICIENT_SAMPLE,NO_ENTRY_IN_FITTED_SPACE,,,,95% CI — weighted bootstrap,25,,,,,0.30434782608695654,UNAVAILABLE,NOT_APPLICABLE,20,20,VALUE,False,False,12.284522726348328,,,False,UNAVAILABLE,False
NCAAB_H2_1_AUSTIN_TRANSFER_V1,DISCOVERY,ff6174e156c8eb62,NCAAB_20260120_SMU_WAKE,KXNCAAMBGAME-26JAN20SMUWAKE-SMU,2,720,2026-01-21T03:10:54+00:00,PRIMARY_GRID,True,,PRE_80,HISTORICAL_RECONSTRUCT,NONE,,79,,,36,45,INSUFFICIENT_SAMPLE,NO_ENTRY_IN_FITTED_SPACE,,,,95% CI — weighted bootstrap,25,,,,,0.30434782608695654,UNAVAILABLE,NOT_APPLICABLE,20,20,VALUE,False,False,12.284522726348328,,,False,UNAVAILABLE,False
NCAAB_H2_1_AUSTIN_TRANSFER_V1,DISCOVERY,ff6174e156c8eb62,NCAAB_20260120_SMU_WAKE,KXNCAAMBGAME-26JAN20SMUWAKE-SMU,2,600,2026-01-21T03:10:54+00:00,PRIMARY_GRID,True,,PRE_80,HISTORICAL_RECONSTRUCT,NONE,,79,,,36,45,INSUFFICIENT_SAMPLE,NO_ENTRY_IN_FITTED_SPACE,,,,95% CI — weighted bootstrap,25,,,,,0.30434782608695654,UNAVAILABLE,NOT_APPLICABLE,20,20,VALUE,False,False,12.284522726348328,,,False,UNAVAILABLE,False
NCAAB_H2_1_AUSTIN_TRANSFER_V1,DISCOVERY,ff6174e156c8eb62,NCAAB_20260120_SMU_WAKE,KXNCAAMBGAME-26JAN20SMUWAKE-SMU,2,480,2026-01-21T03:10:54+00:00,PRIMARY_GRID,True,,PRE_80,HISTORICAL_RECONSTRUCT,NONE,,79,,,36,45,INSUFFICIENT_SAMPLE,NO_ENTRY_IN_FITTED_SPACE,,,,95% CI — weighted bootstrap,25,,,,,0.30434782608695654,UNAVAILABLE,NOT_APPLICABLE,20,20,VALUE,False,False,12.284522726348328,,,False,UNAVAILABLE,False
NCAAB_H2_1_AUSTIN_TRANSFER_V1,DISCOVERY,ff6174e156c8eb62,NCAAB_20260120_SMU_WAKE,KXNCAAMBGAME-26JAN20SMUWAKE-SMU,2,360,2026-01-21T03:10:54+00:00,PRIMARY_GRID,True,,PRE_80,HISTORICAL_RECONSTRUCT,NONE,,79,,,36,45,INSUFFICIENT_SAMPLE,NO_ENTRY_IN_FITTED_SPACE,,,,95% CI — weighted bootstrap,25,,,,,0.30434782608695654,UNAVAILABLE,NOT_APPLICABLE,20,20,VALUE,False,False,12.284522726348328,,,False,UNAVAILABLE,False
NCAAB_H2_1_AUSTIN_TRANSFER_V1,DISCOVERY,ff6174e156c8eb62,NCAAB_20260120_SMU_WAKE,KXNCAAMBGAME-26JAN20SMUWAKE-SMU,2,240,2026-01-21T03:10:54+00:00,PRIMARY_GRID,True,,PRE_80,HISTORICAL_RECONSTRUCT,NONE,,79,,,36,45,INSUFFICIENT_SAMPLE,NO_ENTRY_IN_FITTED_SPACE,,,,95% CI — weighted bootstrap,25,,,,,0.30434782608695654,UNAVAILABLE,NOT_APPLICABLE,20,20,VALUE,False,False,12.284522726348328,,,False,UNAVAILABLE,False
NCAAB_H2_1_AUSTIN_TRANSFER_V1,DISCOVERY,ff6174e156c8eb62,NCAAB_20260120_SMU_WAKE,KXNCAAMBGAME-26JAN20SMUWAKE-SMU,2,120,2026-01-21T04:04:29+00:00,PRIMARY_GRID,True,,POST_80,HISTORICAL_RECONSTRUCT,ASKED_SIX_FIRST80,82,99,17,1034,71,91,OBSERVED,,20.0,20.0,20.0,95% CI — weighted bootstrap,25,25,21.487235913144197,0.6018285678171444,0.5445659381967555,1.0,OBSERVED,VALUE,20,,NOT_APPLICABLE,True,True,12.284522726348328,20.0,7.715477273651672,False,UNAVAILABLE,False
NCAAB_H2_1_AUSTIN_TRANSFER_V1,DISCOVERY,ff6174e156c8eb62,NCAAB_20260120_SMU_WAKE,KXNCAAMBGAME-26JAN20SMUWAKE-SMU,2,0,2026-01-21T04:07:57+00:00,PRIMARY_GRID,True,,POST_80,HISTORICAL_RECONSTRUCT,ASKED_SIX_FIRST80,82,99,17,1154,79,91,OBSERVED,,20.000000000000004,20.0,20.0,95% CI — weighted bootstrap,25,25,24.646836748263276,0.6811402164996302,0.6734042118331313,1.0,OBSERVED,VALUE,20,,NOT_APPLICABLE,True,True,12.284522726348328,20.000000000000004,7.7154772736516755,False,UNAVAILABLE,False
NCAAB_H2_1_AUSTIN_TRANSFER_V1,DISCOVERY,ff6174e156c8eb62,NCAAB_20260120_SMU_WAKE,KXNCAAMBGAME-26JAN20SMUWAKE-SMU,2,1154,2026-01-21T03:12:00+00:00,DIAGNOSTIC_EVENT,False,,POST_80,HISTORICAL_RECONSTRUCT,ASKED_SIX_FIRST80,82,79,-3,0,36,47,OBSERVED,,-6.134034657229584,-24.0,8.0,95% CI — weighted bootstrap,25,25,24.89362623310179,1.584889724578857,1.5535908734835437,0.7246376811594203,OBSERVED,VALUE,20,,NOT_APPLICABLE,True,True,12.284522726348328,-6.134034657229584,-18.418557383577912,False,UNAVAILABLE,False
NCAAB_H2_1_AUSTIN_TRANSFER_V1,DISCOVERY,ff6174e156c8eb62,NCAAB_20260120_SMU_WAKE,KXNCAAMBGAME-26JAN20SMUWAKE-SMU,2,1002,2026-01-21T03:16:00+00:00,DIAGNOSTIC_EVENT,False,,POST_80,HISTORICAL_RECONSTRUCT,ASKED_SIX_FIRST80,82,72,-10,152,46,50,OBSERVED,,-22.95036836178582,-40.0,-4.0,95% CI — weighted bootstrap,25,25,24.670654572282295,1.327731206778342,1.3203082776975643,0.9565217391304348,OBSERVED,VALUE,20,,NOT_APPLICABLE,True,True,12.284522726348328,-22.95036836178582,-35.23489108813415,False,UNAVAILABLE,False
NCAAB_H2_1_AUSTIN_TRANSFER_V1,DISCOVERY,a992a8ecc15857f7,NCAAB_20260120_KU_COLO,KXNCAAMBGAME-26JAN20KUCOLO-KU,1,1200,2026-01-21T04:10:52+00:00,PRE_ENTRY,False,PRE_ENTRY,PRE_80,HISTORICAL_RECONSTRUCT,ASKED_SIX_FIRST80,80,65,,,0,0,,,,,,,,,,,,,,UNAVAILABLE,,,,,,,,,False,UNAVAILABLE,False
NCAAB_H2_1_AUSTIN_TRANSFER_V1,DISCOVERY,a992a8ecc15857f7,NCAAB_20260120_KU_COLO,KXNCAAMBGAME-26JAN20KUCOLO-KU,1,1080,2026-01-21T04:10:52+00:00,PRE_ENTRY,False,PRE_ENTRY,PRE_80,HISTORICAL_RECONSTRUCT,ASKED_SIX_FIRST80,80,65,,,0,0,,,,,,,,,,,,,,UNAVAILABLE,,,,,,,,,False,UNAVAILABLE,False
NCAAB_H2_1_AUSTIN_TRANSFER_V1,DISCOVERY,a992a8ecc15857f7,NCAAB_20260120_KU_COLO,KXNCAAMBGAME-26JAN20KUCOLO-KU,1,960,2026-01-21T04:10:52+00:00,PRE_ENTRY,False,PRE_ENTRY,PRE_80,HISTORICAL_RECONSTRUCT,ASKED_SIX_FIRST80,80,65,,,0,0,,,,,,,,,,,,,,UNAVAILABLE,,,,,,,,,False,UNAVAILABLE,False
NCAAB_H2_1_AUSTIN_TRANSFER_V1,DISCOVERY,a992a8ecc15857f7,NCAAB_20260120_KU_COLO,KXNCAAMBGAME-26JAN20KUCOLO-KU,1,840,2026-01-21T04:10:52+00:00,PRE_ENTRY,False,PRE_ENTRY,PRE_80,HISTORICAL_RECONSTRUCT,ASKED_SIX_FIRST80,80,65,,,0,0,,,,,,,,,,,,,,UNAVAILABLE,,,,,,,,,False,UNAVAILABLE,False
NCAAB_H2_1_AUSTIN_TRANSFER_V1,DISCOVERY,a992a8ecc15857f7,NCAAB_20260120_KU_COLO,KXNCAAMBGAME-26JAN20KUCOLO-KU,1,720,2026-01-21T04:10:52+00:00,PRE_ENTRY,False,PRE_ENTRY,PRE_80,HISTORICAL_RECONSTRUCT,ASKED_SIX_FIRST80,80,65,,,0,0,,,,,,,,,,,,,,UNAVAILABLE,,,,,,,,,False,UNAVAILABLE,False
NCAAB_H2_1_AUSTIN_TRANSFER_V1,DISCOVERY,a992a8ecc15857f7,NCAAB_20260120_KU_COLO,KXNCAAMBGAME-26JAN20KUCOLO-KU,1,600,2026-01-21T04:10:52+00:00,PRE_ENTRY,False,PRE_ENTRY,PRE_80,HISTORICAL_RECONSTRUCT,ASKED_SIX_FIRST80,80,65,,,0,0,,,,,,,,,,,,,,UNAVAILABLE,,,,,,,,,False,UNAVAILABLE,False
NCAAB_H2_1_AUSTIN_TRANSFER_V1,DISCOVERY,a992a8ecc15857f7,NCAAB_20260120_KU_COLO,KXNCAAMBGAME-26JAN20KUCOLO-KU,1,480,2026-01-21T04:10:52+00:00,PRE_ENTRY,False,PRE_ENTRY,PRE_80,HISTORICAL_RECONSTRUCT,ASKED_SIX_FIRST80,80,65,,,0,0,,,,,,,,,,,,,,UNAVAILABLE,,,,,,,,,False,UNAVAILABLE,False
NCAAB_H2_1_AUSTIN_TRANSFER_V1,DISCOVERY,a992a8ecc15857f7,NCAAB_20260120_KU_COLO,KXNCAAMBGAME-26JAN20KUCOLO-KU,1,360,2026-01-21T04:10:52+00:00,PRE_ENTRY,False,PRE_ENTRY,PRE_80,HISTORICAL_RECONSTRUCT,ASKED_SIX_FIRST80,80,65,,,0,0,,,,,,,,,,,,,,UNAVAILABLE,,,,,,,,,False,UNAVAILABLE,False
NCAAB_H2_1_AUSTIN_TRANSFER_V1,DISCOVERY,a992a8ecc15857f7,NCAAB_20260120_KU_COLO,KXNCAAMBGAME-26JAN20KUCOLO-KU,1,240,2026-01-21T04:42:29+00:00,PRE_ENTRY,False,PRE_ENTRY,PRE_80,HISTORICAL_RECONSTRUCT,ASKED_SIX_FIRST80,80,70,,,28,31,,,,,,,,,,,,,,UNAVAILABLE,,,,,,,,,False,UNAVAILABLE,False
NCAAB_H2_1_AUSTIN_TRANSFER_V1,DISCOVERY,a992a8ecc15857f7,NCAAB_20260120_KU_COLO,KXNCAAMBGAME-26JAN20KUCOLO-KU,1,120,2026-01-21T04:10:52+00:00,PRE_ENTRY,False,PRE_ENTRY,PRE_80,HISTORICAL_RECONSTRUCT,ASKED_SIX_FIRST80,80,65,,,0,0,,,,,,,,,,,,,,UNAVAILABLE,,,,,,,,,False,UNAVAILABLE,False
NCAAB_H2_1_AUSTIN_TRANSFER_V1,DISCOVERY,a992a8ecc15857f7,NCAAB_20260120_KU_COLO,KXNCAAMBGAME-26JAN20KUCOLO-KU,1,0,2026-01-21T05:08:45+00:00,PRE_ENTRY,False,PRE_ENTRY,PRE_80,HISTORICAL_RECONSTRUCT,ASKED_SIX_FIRST80,80,66,,,38,40,,,,,,,,,,,,,,UNAVAILABLE,,,,,,,,,False,UNAVAILABLE,False
NCAAB_H2_1_AUSTIN_TRANSFER_V1,DISCOVERY,a992a8ecc15857f7,NCAAB_20260120_KU_COLO,KXNCAAMBGAME-26JAN20KUCOLO-KU,2,1200,2026-01-21T05:11:00+00:00,PRE_ENTRY,False,PRE_ENTRY,PRE_80,HISTORICAL_RECONSTRUCT,ASKED_SIX_FIRST80,80,66,,,38,40,,,,,,,,,,,,,,UNAVAILABLE,,,,,,,,,False,UNAVAILABLE,False
NCAAB_H2_1_AUSTIN_TRANSFER_V1,DISCOVERY,a992a8ecc15857f7,NCAAB_20260120_KU_COLO,KXNCAAMBGAME-26JAN20KUCOLO-KU,2,1080,2026-01-21T05:11:00+00:00,PRE_ENTRY,False,PRE_ENTRY,PRE_80,HISTORICAL_RECONSTRUCT,ASKED_SIX_FIRST80,80,66,,,38,40,,,,,,,,,,,,,,UNAVAILABLE,,,,,,,,,False,UNAVAILABLE,False
NCAAB_H2_1_AUSTIN_TRANSFER_V1,DISCOVERY,a992a8ecc15857f7,NCAAB_20260120_KU_COLO,KXNCAAMBGAME-26JAN20KUCOLO-KU,2,960,2026-01-21T05:11:00+00:00,PRE_ENTRY,False,PRE_ENTRY,PRE_80,HISTORICAL_RECONSTRUCT,ASKED_SIX_FIRST80,80,66,,,38,40,,,,,,,,,,,,,,UNAVAILABLE,,,,,,,,,False,UNAVAILABLE,False
NCAAB_H2_1_AUSTIN_TRANSFER_V1,DISCOVERY,a992a8ecc15857f7,NCAAB_20260120_KU_COLO,KXNCAAMBGAME-26JAN20KUCOLO-KU,2,840,2026-01-21T05:11:00+00:00,PRIMARY_GRID,True,,PRE_80,HISTORICAL_RECONSTRUCT,NONE,,66,,,38,40,INSUFFICIENT_SAMPLE,NO_ENTRY_IN_FITTED_SPACE,,,,95% CI — weighted bootstrap,25,,,,,0.30434782608695654,UNAVAILABLE,NOT_APPLICABLE,20,20,VALUE,False,False,,,,False,UNAVAILABLE,False
NCAAB_H2_1_AUSTIN_TRANSFER_V1,DISCOVERY,a992a8ecc15857f7,NCAAB_20260120_KU_COLO,KXNCAAMBGAME-26JAN20KUCOLO-KU,2,720,2026-01-21T05:11:00+00:00,PRIMARY_GRID,True,,PRE_80,HISTORICAL_RECONSTRUCT,NONE,,66,,,38,40,INSUFFICIENT_SAMPLE,NO_ENTRY_IN_FITTED_SPACE,,,,95% CI — weighted bootstrap,25,,,,,0.30434782608695654,UNAVAILABLE,NOT_APPLICABLE,20,20,VALUE,False,False,,,,False,UNAVAILABLE,False
NCAAB_H2_1_AUSTIN_TRANSFER_V1,DISCOVERY,a992a8ecc15857f7,NCAAB_20260120_KU_COLO,KXNCAAMBGAME-26JAN20KUCOLO-KU,2,600,2026-01-21T05:11:00+00:00,PRIMARY_GRID,True,,PRE_80,HISTORICAL_RECONSTRUCT,NONE,,66,,,38,40,INSUFFICIENT_SAMPLE,NO_ENTRY_IN_FITTED_SPACE,,,,95% CI — weighted bootstrap,25,,,,,0.30434782608695654,UNAVAILABLE,NOT_APPLICABLE,20,20,VALUE,False,False,,,,False,UNAVAILABLE,False
NCAAB_H2_1_AUSTIN_TRANSFER_V1,DISCOVERY,a992a8ecc15857f7,NCAAB_20260120_KU_COLO,KXNCAAMBGAME-26JAN20KUCOLO-KU,2,480,2026-01-21T05:11:00+00:00,PRIMARY_GRID,True,,PRE_80,HISTORICAL_RECONSTRUCT,NONE,,66,,,38,40,INSUFFICIENT_SAMPLE,NO_ENTRY_IN_FITTED_SPACE,,,,95% CI — weighted bootstrap,25,,,,,0.30434782608695654,UNAVAILABLE,NOT_APPLICABLE,20,20,VALUE,False,False,,,,False,UNAVAILABLE,False
NCAAB_H2_1_AUSTIN_TRANSFER_V1,DISCOVERY,a992a8ecc15857f7,NCAAB_20260120_KU_COLO,KXNCAAMBGAME-26JAN20KUCOLO-KU,2,360,2026-01-21T05:11:00+00:00,PRIMARY_GRID,True,,PRE_80,HISTORICAL_RECONSTRUCT,NONE,,66,,,38,40,INSUFFICIENT_SAMPLE,NO_ENTRY_IN_FITTED_SPACE,,,,95% CI — weighted bootstrap,25,,,,,0.30434782608695654,UNAVAILABLE,NOT_APPLICABLE,20,20,VALUE,False,False,,,,False,UNAVAILABLE,False
NCAAB_H2_1_AUSTIN_TRANSFER_V1,DISCOVERY,a992a8ecc15857f7,NCAAB_20260120_KU_COLO,KXNCAAMBGAME-26JAN20KUCOLO-KU,2,240,2026-01-21T05:11:00+00:00,PRIMARY_GRID,True,,PRE_80,HISTORICAL_RECONSTRUCT,NONE,,66,,,38,40,INSUFFICIENT_SAMPLE,NO_ENTRY_IN_FITTED_SPACE,,,,95% CI — weighted bootstrap,25,,,,,0.30434782608695654,UNAVAILABLE,NOT_APPLICABLE,20,20,VALUE,False,False,,,,False,UNAVAILABLE,False
NCAAB_H2_1_AUSTIN_TRANSFER_V1,DISCOVERY,a992a8ecc15857f7,NCAAB_20260120_KU_COLO,KXNCAAMBGAME-26JAN20KUCOLO-KU,2,120,2026-01-21T05:11:00+00:00,PRIMARY_GRID,True,,PRE_80,HISTORICAL_RECONSTRUCT,NONE,,66,,,38,40,INSUFFICIENT_SAMPLE,NO_ENTRY_IN_FITTED_SPACE,,,,95% CI — weighted bootstrap,25,,,,,0.30434782608695654,UNAVAILABLE,NOT_APPLICABLE,20,20,VALUE,False,False,,,,False,UNAVAILABLE,False
NCAAB_H2_1_AUSTIN_TRANSFER_V1,DISCOVERY,a992a8ecc15857f7,NCAAB_20260120_KU_COLO,KXNCAAMBGAME-26JAN20KUCOLO-KU,2,0,2026-01-21T06:16:16+00:00,AFTER_SETTLEMENT,False,AFTER_SETTLEMENT,,HISTORICAL_RECONSTRUCT,ASKED_SIX_FIRST80,80,99,,,69,75,,,,,,,,,,,,,,UNAVAILABLE,,,,,,,,,False,UNAVAILABLE,False
NCAAB_H2_1_AUSTIN_TRANSFER_V1,DISCOVERY,a992a8ecc15857f7,NCAAB_20260120_KU_COLO,KXNCAAMBGAME-26JAN20KUCOLO-KU,2,926,2026-01-21T05:24:00+00:00,DIAGNOSTIC_EVENT,False,,POST_80,HISTORICAL_RECONSTRUCT,ASKED_SIX_FIRST80,80,79,-1,0,41,47,OBSERVED,,1.688466904903863,-16.0,16.0,95% CI — weighted bootstrap,25,25,24.364722769333092,0.764427776759539,0.7355456955652491,0.7246376811594203,OBSERVED,VALUE,20,,NOT_APPLICABLE,True,True,,1.688466904903863,,False,UNAVAILABLE,False
NCAAB_H2_1_AUSTIN_TRANSFER_V1,DISCOVERY,a992a8ecc15857f7,NCAAB_20260120_KU_COLO,KXNCAAMBGAME-26JAN20KUCOLO-KU,2,736,2026-01-21T05:35:00+00:00,DIAGNOSTIC_EVENT,False,,POST_80,HISTORICAL_RECONSTRUCT,ASKED_SIX_FIRST80,80,76,-4,190,48,51,OBSERVED,,13.506045966041038,4.0,20.0,95% CI — weighted bootstrap,25,25,23.42062842639351,0.4244189004172977,0.42133355275874523,0.9710144927536232,OBSERVED,VALUE,20,,NOT_APPLICABLE,True,True,,13.506045966041038,,False,UNAVAILABLE,False
NCAAB_H2_1_AUSTIN_TRANSFER_V1,DISCOVERY,d46cf247bc386126,NCAAB_20260123_OSU_MICH,KXNCAAMBGAME-26JAN23OSUMICH-MICH,1,1200,2026-01-24T01:05:51+00:00,PRE_ENTRY,False,PRE_ENTRY,PRE_80,HISTORICAL_RECONSTRUCT,ASKED_SIX_FIRST80,83,92,,,0,0,,,,,,,,,,,,,,UNAVAILABLE,,,,,,,,,False,UNAVAILABLE,False
NCAAB_H2_1_AUSTIN_TRANSFER_V1,DISCOVERY,d46cf247bc386126,NCAAB_20260123_OSU_MICH,KXNCAAMBGAME-26JAN23OSUMICH-MICH,1,1080,2026-01-24T01:05:51+00:00,PRE_ENTRY,False,PRE_ENTRY,PRE_80,HISTORICAL_RECONSTRUCT,ASKED_SIX_FIRST80,83,92,,,0,0,,,,,,,,,,,,,,UNAVAILABLE,,,,,,,,,False,UNAVAILABLE,False
NCAAB_H2_1_AUSTIN_TRANSFER_V1,DISCOVERY,d46cf247bc386126,NCAAB_20260123_OSU_MICH,KXNCAAMBGAME-26JAN23OSUMICH-MICH,1,960,2026-01-24T01:13:31+00:00,PRE_ENTRY,False,PRE_ENTRY,PRE_80,HISTORICAL_RECONSTRUCT,ASKED_SIX_FIRST80,83,92,,,7,6,,,,,,,,,,,,,,UNAVAILABLE,,,,,,,,,False,UNAVAILABLE,False
NCAAB_H2_1_AUSTIN_TRANSFER_V1,DISCOVERY,d46cf247bc386126,NCAAB_20260123_OSU_MICH,KXNCAAMBGAME-26JAN23OSUMICH-MICH,1,840,2026-01-24T01:05:51+00:00,PRE_ENTRY,False,PRE_ENTRY,PRE_80,HISTORICAL_RECONSTRUCT,ASKED_SIX_FIRST80,83,92,,,0,0,,,,,,,,,,,,,,UNAVAILABLE,,,,,,,,,False,UNAVAILABLE,False
NCAAB_H2_1_AUSTIN_TRANSFER_V1,DISCOVERY,d46cf247bc386126,NCAAB_20260123_OSU_MICH,KXNCAAMBGAME-26JAN23OSUMICH-MICH,1,720,2026-01-24T01:05:51+00:00,PRE_ENTRY,False,PRE_ENTRY,PRE_80,HISTORICAL_RECONSTRUCT,ASKED_SIX_FIRST80,83,92,,,0,0,,,,,,,,,,,,,,UNAVAILABLE,,,,,,,,,False,UNAVAILABLE,False
NCAAB_H2_1_AUSTIN_TRANSFER_V1,DISCOVERY,d46cf247bc386126,NCAAB_20260123_OSU_MICH,KXNCAAMBGAME-26JAN23OSUMICH-MICH,1,600,2026-01-24T01:31:52+00:00,PRE_ENTRY,False,PRE_ENTRY,PRE_80,HISTORICAL_RECONSTRUCT,ASKED_SIX_FIRST80,83,88,,,14,17,,,,,,,,,,,,,,UNAVAILABLE,,,,,,,,,False,UNAVAILABLE,False
NCAAB_H2_1_AUSTIN_TRANSFER_V1,DISCOVERY,d46cf247bc386126,NCAAB_20260123_OSU_MICH,KXNCAAMBGAME-26JAN23OSUMICH-MICH,1,480,2026-01-24T01:05:51+00:00,PRE_ENTRY,False,PRE_ENTRY,PRE_80,HISTORICAL_RECONSTRUCT,ASKED_SIX_FIRST80,83,92,,,0,0,,,,,,,,,,,,,,UNAVAILABLE,,,,,,,,,False,UNAVAILABLE,False
NCAAB_H2_1_AUSTIN_TRANSFER_V1,DISCOVERY,d46cf247bc386126,NCAAB_20260123_OSU_MICH,KXNCAAMBGAME-26JAN23OSUMICH-MICH,1,360,2026-01-24T01:05:51+00:00,PRE_ENTRY,False,PRE_ENTRY,PRE_80,HISTORICAL_RECONSTRUCT,ASKED_SIX_FIRST80,83,92,,,0,0,,,,,,,,,,,,,,UNAVAILABLE,,,,,,,,,False,UNAVAILABLE,False
NCAAB_H2_1_AUSTIN_TRANSFER_V1,DISCOVERY,d46cf247bc386126,NCAAB_20260123_OSU_MICH,KXNCAAMBGAME-26JAN23OSUMICH-MICH,1,240,2026-01-24T01:05:51+00:00,PRE_ENTRY,False,PRE_ENTRY,PRE_80,HISTORICAL_RECONSTRUCT,ASKED_SIX_FIRST80,83,92,,,0,0,,,,,,,,,,,,,,UNAVAILABLE,,,,,,,,,False,UNAVAILABLE,False
NCAAB_H2_1_AUSTIN_TRANSFER_V1,DISCOVERY,d46cf247bc386126,NCAAB_20260123_OSU_MICH,KXNCAAMBGAME-26JAN23OSUMICH-MICH,1,120,2026-01-24T01:05:51+00:00,PRE_ENTRY,False,PRE_ENTRY,PRE_80,HISTORICAL_RECONSTRUCT,ASKED_SIX_FIRST80,83,92,,,0,0,,,,,,,,,,,,,,UNAVAILABLE,,,,,,,,,False,UNAVAILABLE,False
NCAAB_H2_1_AUSTIN_TRANSFER_V1,DISCOVERY,d46cf247bc386126,NCAAB_20260123_OSU_MICH,KXNCAAMBGAME-26JAN23OSUMICH-MICH,1,0,2026-01-24T01:58:19+00:00,PRE_ENTRY,False,PRE_ENTRY,PRE_80,HISTORICAL_RECONSTRUCT,ASKED_SIX_FIRST80,83,90,,,33,30,,,,,,,,,,,,,,UNAVAILABLE,,,,,,,,,False,UNAVAILABLE,False
NCAAB_H2_1_AUSTIN_TRANSFER_V1,DISCOVERY,d46cf247bc386126,NCAAB_20260123_OSU_MICH,KXNCAAMBGAME-26JAN23OSUMICH-MICH,2,1200,2026-01-24T02:13:42+00:00,PRE_ENTRY,False,PRE_ENTRY,PRE_80,HISTORICAL_RECONSTRUCT,ASKED_SIX_FIRST80,83,89,,,33,30,,,,,,,,,,,,,,UNAVAILABLE,,,,,,,,,False,UNAVAILABLE,False
NCAAB_H2_1_AUSTIN_TRANSFER_V1,DISCOVERY,d46cf247bc386126,NCAAB_20260123_OSU_MICH,KXNCAAMBGAME-26JAN23OSUMICH-MICH,2,1080,2026-01-24T02:13:42+00:00,PRE_ENTRY,False,PRE_ENTRY,PRE_80,HISTORICAL_RECONSTRUCT,ASKED_SIX_FIRST80,83,89,,,33,30,,,,,,,,,,,,,,UNAVAILABLE,,,,,,,,,False,UNAVAILABLE,False
NCAAB_H2_1_AUSTIN_TRANSFER_V1,DISCOVERY,d46cf247bc386126,NCAAB_20260123_OSU_MICH,KXNCAAMBGAME-26JAN23OSUMICH-MICH,2,960,2026-01-24T02:13:42+00:00,PRE_ENTRY,False,PRE_ENTRY,PRE_80,HISTORICAL_RECONSTRUCT,ASKED_SIX_FIRST80,83,89,,,33,30,,,,,,,,,,,,,,UNAVAILABLE,,,,,,,,,False,UNAVAILABLE,False
NCAAB_H2_1_AUSTIN_TRANSFER_V1,DISCOVERY,d46cf247bc386126,NCAAB_20260123_OSU_MICH,KXNCAAMBGAME-26JAN23OSUMICH-MICH,2,840,2026-01-24T02:34:02+00:00,PRIMARY_GRID,True,,POST_80,HISTORICAL_RECONSTRUCT,ASKED_SIX_FIRST80,83,84,1,110,45,43,OBSERVED,,2.86152033223338,-12.0,16.0,95% CI — weighted bootstrap,25,25,24.79499880934265,1.0868232572832812,1.060862849077461,0.8985507246376812,OBSERVED,VALUE,20,,NOT_APPLICABLE,True,True,2.86152033223338,2.86152033223338,0.0,False,UNAVAILABLE,False
NCAAB_H2_1_AUSTIN_TRANSFER_V1,DISCOVERY,d46cf247bc386126,NCAAB_20260123_OSU_MICH,KXNCAAMBGAME-26JAN23OSUMICH-MICH,2,720,2026-01-24T02:13:42+00:00,PRIMARY_GRID,True,,PRE_80,HISTORICAL_RECONSTRUCT,NONE,,89,,,33,30,INSUFFICIENT_SAMPLE,NO_ENTRY_IN_FITTED_SPACE,,,,95% CI — weighted bootstrap,25,,,,,0.30434782608695654,UNAVAILABLE,NOT_APPLICABLE,20,20,VALUE,False,False,2.86152033223338,,,False,UNAVAILABLE,False
NCAAB_H2_1_AUSTIN_TRANSFER_V1,DISCOVERY,d46cf247bc386126,NCAAB_20260123_OSU_MICH,KXNCAAMBGAME-26JAN23OSUMICH-MICH,2,600,2026-01-24T02:45:57+00:00,PRIMARY_GRID,True,,POST_80,HISTORICAL_RECONSTRUCT,ASKED_SIX_FIRST80,83,79,-4,350,50,48,OBSERVED,,-17.25918803101972,-36.0,0.0,95% CI — weighted bootstrap,25,25,22.96446754508104,0.8035427781097585,0.7582730389123337,0.9855072463768116,OBSERVED,VALUE,20,,NOT_APPLICABLE,True,True,2.86152033223338,-17.25918803101972,-20.120708363253097,False,UNAVAILABLE,False
NCAAB_H2_1_AUSTIN_TRANSFER_V1,DISCOVERY,d46cf247bc386126,NCAAB_20260123_OSU_MICH,KXNCAAMBGAME-26JAN23OSUMICH-MICH,2,480,2026-01-24T02:13:42+00:00,PRIMARY_GRID,True,,PRE_80,HISTORICAL_RECONSTRUCT,NONE,,89,,,33,30,INSUFFICIENT_SAMPLE,NO_ENTRY_IN_FITTED_SPACE,,,,95% CI — weighted bootstrap,25,,,,,0.30434782608695654,UNAVAILABLE,NOT_APPLICABLE,20,20,VALUE,False,False,2.86152033223338,,,False,UNAVAILABLE,False
NCAAB_H2_1_AUSTIN_TRANSFER_V1,DISCOVERY,d46cf247bc386126,NCAAB_20260123_OSU_MICH,KXNCAAMBGAME-26JAN23OSUMICH-MICH,2,360,2026-01-24T02:13:42+00:00,PRIMARY_GRID,True,,PRE_80,HISTORICAL_RECONSTRUCT,NONE,,89,,,33,30,INSUFFICIENT_SAMPLE,NO_ENTRY_IN_FITTED_SPACE,,,,95% CI — weighted bootstrap,25,,,,,0.30434782608695654,UNAVAILABLE,NOT_APPLICABLE,20,20,VALUE,False,False,2.86152033223338,,,False,UNAVAILABLE,False
NCAAB_H2_1_AUSTIN_TRANSFER_V1,DISCOVERY,d46cf247bc386126,NCAAB_20260123_OSU_MICH,KXNCAAMBGAME-26JAN23OSUMICH-MICH,2,240,2026-01-24T02:13:42+00:00,PRIMARY_GRID,True,,PRE_80,HISTORICAL_RECONSTRUCT,NONE,,89,,,33,30,INSUFFICIENT_SAMPLE,NO_ENTRY_IN_FITTED_SPACE,,,,95% CI — weighted bootstrap,25,,,,,0.30434782608695654,UNAVAILABLE,NOT_APPLICABLE,20,20,VALUE,False,False,2.86152033223338,,,False,UNAVAILABLE,False
NCAAB_H2_1_AUSTIN_TRANSFER_V1,DISCOVERY,d46cf247bc386126,NCAAB_20260123_OSU_MICH,KXNCAAMBGAME-26JAN23OSUMICH-MICH,2,120,2026-01-24T02:13:42+00:00,PRIMARY_GRID,True,,PRE_80,HISTORICAL_RECONSTRUCT,NONE,,89,,,33,30,INSUFFICIENT_SAMPLE,NO_ENTRY_IN_FITTED_SPACE,,,,95% CI — weighted bootstrap,25,,,,,0.30434782608695654,UNAVAILABLE,NOT_APPLICABLE,20,20,VALUE,False,False,2.86152033223338,,,False,UNAVAILABLE,False
NCAAB_H2_1_AUSTIN_TRANSFER_V1,DISCOVERY,d46cf247bc386126,NCAAB_20260123_OSU_MICH,KXNCAAMBGAME-26JAN23OSUMICH-MICH,2,0,2026-01-24T03:18:08+00:00,PRIMARY_GRID,True,,POST_80,HISTORICAL_RECONSTRUCT,ASKED_SIX_FIRST80,83,99,16,950,74,62,OBSERVED,,20.0,20.0,20.0,95% CI — weighted bootstrap,25,25,24.734308344038084,0.6553588319624611,0.6669136485243519,1.0,OBSERVED,VALUE,20,,NOT_APPLICABLE,True,True,2.86152033223338,20.0,17.13847966776662,False,UNAVAILABLE,False
NCAAB_H2_1_AUSTIN_TRANSFER_V1,DISCOVERY,d46cf247bc386126,NCAAB_20260123_OSU_MICH,KXNCAAMBGAME-26JAN23OSUMICH-MICH,,,2026-01-21T20:19:00+00:00,DIAGNOSTIC_EVENT,False,,PRE_80,HISTORICAL_RECONSTRUCT,NONE,,5,,,,,INSUFFICIENT_SAMPLE,NO_ENTRY_IN_FITTED_SPACE,,,,95% CI — weighted bootstrap,25,,,,,0.057971014492753624,UNAVAILABLE,NOT_APPLICABLE,20,20,VALUE,False,False,2.86152033223338,,,False,UNAVAILABLE,False
NCAAB_H2_1_AUSTIN_TRANSFER_V1,DISCOVERY,bfb54b613894a9ea,NCAAB_20260124_NEB_MINN,KXNCAAMBGAME-26JAN24NEBMINN-NEB,1,1200,2026-01-24T17:01:43+00:00,PRE_ENTRY,False,PRE_ENTRY,PRE_80,HISTORICAL_RECONSTRUCT,ASKED_SIX_FIRST80,82,66,,,0,0,,,,,,,,,,,,,,UNAVAILABLE,,,,,,,,,False,UNAVAILABLE,False
NCAAB_H2_1_AUSTIN_TRANSFER_V1,DISCOVERY,bfb54b613894a9ea,NCAAB_20260124_NEB_MINN,KXNCAAMBGAME-26JAN24NEBMINN-NEB,1,1080,2026-01-24T17:01:43+00:00,PRE_ENTRY,False,PRE_ENTRY,PRE_80,HISTORICAL_RECONSTRUCT,ASKED_SIX_FIRST80,82,66,,,0,0,,,,,,,,,,,,,,UNAVAILABLE,,,,,,,,,False,UNAVAILABLE,False
NCAAB_H2_1_AUSTIN_TRANSFER_V1,DISCOVERY,bfb54b613894a9ea,NCAAB_20260124_NEB_MINN,KXNCAAMBGAME-26JAN24NEBMINN-NEB,1,960,2026-01-24T17:07:05+00:00,PRE_ENTRY,False,PRE_ENTRY,PRE_80,HISTORICAL_RECONSTRUCT,ASKED_SIX_FIRST80,82,71,,,8,9,,,,,,,,,,,,,,UNAVAILABLE,,,,,,,,,False,UNAVAILABLE,False
NCAAB_H2_1_AUSTIN_TRANSFER_V1,DISCOVERY,bfb54b613894a9ea,NCAAB_20260124_NEB_MINN,KXNCAAMBGAME-26JAN24NEBMINN-NEB,1,840,2026-01-24T17:01:43+00:00,PRE_ENTRY,False,PRE_ENTRY,PRE_80,HISTORICAL_RECONSTRUCT,ASKED_SIX_FIRST80,82,66,,,0,0,,,,,,,,,,,,,,UNAVAILABLE,,,,,,,,,False,UNAVAILABLE,False
NCAAB_H2_1_AUSTIN_TRANSFER_V1,DISCOVERY,bfb54b613894a9ea,NCAAB_20260124_NEB_MINN,KXNCAAMBGAME-26JAN24NEBMINN-NEB,1,720,2026-01-24T17:01:43+00:00,PRE_ENTRY,False,PRE_ENTRY,PRE_80,HISTORICAL_RECONSTRUCT,ASKED_SIX_FIRST80,82,66,,,0,0,,,,,,,,,,,,,,UNAVAILABLE,,,,,,,,,False,UNAVAILABLE,False
NCAAB_H2_1_AUSTIN_TRANSFER_V1,DISCOVERY,bfb54b613894a9ea,NCAAB_20260124_NEB_MINN,KXNCAAMBGAME-26JAN24NEBMINN-NEB,1,600,2026-01-24T17:01:43+00:00,PRE_ENTRY,False,PRE_ENTRY,PRE_80,HISTORICAL_RECONSTRUCT,ASKED_SIX_FIRST80,82,66,,,0,0,,,,,,,,,,,,,,UNAVAILABLE,,,,,,,,,False,UNAVAILABLE,False
NCAAB_H2_1_AUSTIN_TRANSFER_V1,DISCOVERY,bfb54b613894a9ea,NCAAB_20260124_NEB_MINN,KXNCAAMBGAME-26JAN24NEBMINN-NEB,1,480,2026-01-24T17:01:43+00:00,PRE_ENTRY,False,PRE_ENTRY,PRE_80,HISTORICAL_RECONSTRUCT,ASKED_SIX_FIRST80,82,66,,,0,0,,,,,,,,,,,,,,UNAVAILABLE,,,,,,,,,False,UNAVAILABLE,False
NCAAB_H2_1_AUSTIN_TRANSFER_V1,DISCOVERY,bfb54b613894a9ea,NCAAB_20260124_NEB_MINN,KXNCAAMBGAME-26JAN24NEBMINN-NEB,1,360,2026-01-24T17:01:43+00:00,PRE_ENTRY,False,PRE_ENTRY,PRE_80,HISTORICAL_RECONSTRUCT,ASKED_SIX_FIRST80,82,66,,,0,0,,,,,,,,,,,,,,UNAVAILABLE,,,,,,,,,False,UNAVAILABLE,False
NCAAB_H2_1_AUSTIN_TRANSFER_V1,DISCOVERY,bfb54b613894a9ea,NCAAB_20260124_NEB_MINN,KXNCAAMBGAME-26JAN24NEBMINN-NEB,1,240,2026-01-24T17:01:43+00:00,PRE_ENTRY,False,PRE_ENTRY,PRE_80,HISTORICAL_RECONSTRUCT,ASKED_SIX_FIRST80,82,66,,,0,0,,,,,,,,,,,,,,UNAVAILABLE,,,,,,,,,False,UNAVAILABLE,False
NCAAB_H2_1_AUSTIN_TRANSFER_V1,DISCOVERY,bfb54b613894a9ea,NCAAB_20260124_NEB_MINN,KXNCAAMBGAME-26JAN24NEBMINN-NEB,1,120,2026-01-24T17:01:43+00:00,PRE_ENTRY,False,PRE_ENTRY,PRE_80,HISTORICAL_RECONSTRUCT,ASKED_SIX_FIRST80,82,66,,,0,0,,,,,,,,,,,,,,UNAVAILABLE,,,,,,,,,False,UNAVAILABLE,False
NCAAB_H2_1_AUSTIN_TRANSFER_V1,DISCOVERY,bfb54b613894a9ea,NCAAB_20260124_NEB_MINN,KXNCAAMBGAME-26JAN24NEBMINN-NEB,1,0,2026-01-24T17:44:25+00:00,PRE_ENTRY,False,PRE_ENTRY,PRE_80,HISTORICAL_RECONSTRUCT,ASKED_SIX_FIRST80,82,44,,,36,30,,,,,,,,,,,,,,UNAVAILABLE,,,,,,,,,False,UNAVAILABLE,False
NCAAB_H2_1_AUSTIN_TRANSFER_V1,DISCOVERY,bfb54b613894a9ea,NCAAB_20260124_NEB_MINN,KXNCAAMBGAME-26JAN24NEBMINN-NEB,2,1200,2026-01-24T17:57:10+00:00,PRE_ENTRY,False,PRE_ENTRY,PRE_80,HISTORICAL_RECONSTRUCT,ASKED_SIX_FIRST80,82,44,,,36,30,,,,,,,,,,,,,,UNAVAILABLE,,,,,,,,,False,UNAVAILABLE,False
NCAAB_H2_1_AUSTIN_TRANSFER_V1,DISCOVERY,bfb54b613894a9ea,NCAAB_20260124_NEB_MINN,KXNCAAMBGAME-26JAN24NEBMINN-NEB,2,1080,2026-01-24T18:05:58+00:00,PRE_ENTRY,False,PRE_ENTRY,PRE_80,HISTORICAL_RECONSTRUCT,ASKED_SIX_FIRST80,82,41,,,38,32,,,,,,,,,,,,,,UNAVAILABLE,,,,,,,,,False,UNAVAILABLE,False
NCAAB_H2_1_AUSTIN_TRANSFER_V1,DISCOVERY,bfb54b613894a9ea,NCAAB_20260124_NEB_MINN,KXNCAAMBGAME-26JAN24NEBMINN-NEB,2,960,2026-01-24T17:57:10+00:00,PRE_ENTRY,False,PRE_ENTRY,PRE_80,HISTORICAL_RECONSTRUCT,ASKED_SIX_FIRST80,82,44,,,36,30,,,,,,,,,,,,,,UNAVAILABLE,,,,,,,,,False,UNAVAILABLE,False
NCAAB_H2_1_AUSTIN_TRANSFER_V1,DISCOVERY,bfb54b613894a9ea,NCAAB_20260124_NEB_MINN,KXNCAAMBGAME-26JAN24NEBMINN-NEB,2,840,2026-01-24T17:57:10+00:00,PRE_ENTRY,False,PRE_ENTRY,PRE_80,HISTORICAL_RECONSTRUCT,ASKED_SIX_FIRST80,82,44,,,36,30,,,,,,,,,,,,,,UNAVAILABLE,,,,,,,,,False,UNAVAILABLE,False
NCAAB_H2_1_AUSTIN_TRANSFER_V1,DISCOVERY,bfb54b613894a9ea,NCAAB_20260124_NEB_MINN,KXNCAAMBGAME-26JAN24NEBMINN-NEB,2,720,2026-01-24T17:57:10+00:00,PRE_ENTRY,False,PRE_ENTRY,PRE_80,HISTORICAL_RECONSTRUCT,ASKED_SIX_FIRST80,82,44,,,36,30,,,,,,,,,,,,,,UNAVAILABLE,,,,,,,,,False,UNAVAILABLE,False
NCAAB_H2_1_AUSTIN_TRANSFER_V1,DISCOVERY,bfb54b613894a9ea,NCAAB_20260124_NEB_MINN,KXNCAAMBGAME-26JAN24NEBMINN-NEB,2,600,2026-01-24T18:28:48+00:00,PRIMARY_GRID,True,,POST_80,HISTORICAL_RECONSTRUCT,ASKED_SIX_FIRST80,82,91,9,89,44,53,OBSERVED,,20.0,20.0,20.0,95% CI — weighted bootstrap,25,25,21.553145868198648,0.673149651349191,0.6238943598872235,0.8985507246376812,OBSERVED,VALUE,20,,NOT_APPLICABLE,True,True,20.0,20.0,0.0,False,UNAVAILABLE,False
NCAAB_H2_1_AUSTIN_TRANSFER_V1,DISCOVERY,bfb54b613894a9ea,NCAAB_20260124_NEB_MINN,KXNCAAMBGAME-26JAN24NEBMINN-NEB,2,480,2026-01-24T17:57:10+00:00,PRIMARY_GRID,True,,PRE_80,HISTORICAL_RECONSTRUCT,NONE,,44,,,36,30,INSUFFICIENT_SAMPLE,NO_ENTRY_IN_FITTED_SPACE,,,,95% CI — weighted bootstrap,25,,,,,0.30434782608695654,UNAVAILABLE,NOT_APPLICABLE,20,20,VALUE,False,False,20.0,,,False,UNAVAILABLE,False
NCAAB_H2_1_AUSTIN_TRANSFER_V1,DISCOVERY,bfb54b613894a9ea,NCAAB_20260124_NEB_MINN,KXNCAAMBGAME-26JAN24NEBMINN-NEB,2,360,2026-01-24T17:57:10+00:00,PRIMARY_GRID,True,,PRE_80,HISTORICAL_RECONSTRUCT,NONE,,44,,,36,30,INSUFFICIENT_SAMPLE,NO_ENTRY_IN_FITTED_SPACE,,,,95% CI — weighted bootstrap,25,,,,,0.30434782608695654,UNAVAILABLE,NOT_APPLICABLE,20,20,VALUE,False,False,20.0,,,False,UNAVAILABLE,False
NCAAB_H2_1_AUSTIN_TRANSFER_V1,DISCOVERY,bfb54b613894a9ea,NCAAB_20260124_NEB_MINN,KXNCAAMBGAME-26JAN24NEBMINN-NEB,2,240,2026-01-24T17:57:10+00:00,PRIMARY_GRID,True,,PRE_80,HISTORICAL_RECONSTRUCT,NONE,,44,,,36,30,INSUFFICIENT_SAMPLE,NO_ENTRY_IN_FITTED_SPACE,,,,95% CI — weighted bootstrap,25,,,,,0.30434782608695654,UNAVAILABLE,NOT_APPLICABLE,20,20,VALUE,False,False,20.0,,,False,UNAVAILABLE,False
NCAAB_H2_1_AUSTIN_TRANSFER_V1,DISCOVERY,bfb54b613894a9ea,NCAAB_20260124_NEB_MINN,KXNCAAMBGAME-26JAN24NEBMINN-NEB,2,120,2026-01-24T17:57:10+00:00,PRIMARY_GRID,True,,PRE_80,HISTORICAL_RECONSTRUCT,NONE,,44,,,36,30,INSUFFICIENT_SAMPLE,NO_ENTRY_IN_FITTED_SPACE,,,,95% CI — weighted bootstrap,25,,,,,0.30434782608695654,UNAVAILABLE,NOT_APPLICABLE,20,20,VALUE,False,False,20.0,,,False,UNAVAILABLE,False
NCAAB_H2_1_AUSTIN_TRANSFER_V1,DISCOVERY,bfb54b613894a9ea,NCAAB_20260124_NEB_MINN,KXNCAAMBGAME-26JAN24NEBMINN-NEB,2,0,2026-01-24T18:52:31+00:00,PRIMARY_GRID,True,,POST_80,HISTORICAL_RECONSTRUCT,ASKED_SIX_FIRST80,82,99,17,689,57,76,OBSERVED,,19.999999999999996,20.0,20.0,95% CI — weighted bootstrap,25,25,24.890064001217073,0.4791400623501336,0.45729322842544895,1.0,OBSERVED,VALUE,20,,NOT_APPLICABLE,True,True,20.0,19.999999999999996,-3.552713678800501e-15,False,UNAVAILABLE,False
NCAAB_H2_1_AUSTIN_TRANSFER_V1,DISCOVERY,bfb54b613894a9ea,NCAAB_20260124_NEB_MINN,KXNCAAMBGAME-26JAN24NEBMINN-NEB,,,2026-01-22T14:10:00+00:00,DIAGNOSTIC_EVENT,False,,PRE_80,HISTORICAL_RECONSTRUCT,NONE,,79,,,,,INSUFFICIENT_SAMPLE,NO_ENTRY_IN_FITTED_SPACE,,,,95% CI — weighted bootstrap,25,,,,,0.057971014492753624,UNAVAILABLE,NOT_APPLICABLE,20,20,VALUE,False,False,20.0,,,False,UNAVAILABLE,False
NCAAB_H2_1_AUSTIN_TRANSFER_V1,DISCOVERY,6d8991e0d09b00b9,NCAAB_20260124_MIA_SYR,KXNCAAMBGAME-26JAN24MIASYR-MIA,1,1200,2026-01-24T19:05:26+00:00,PRE_ENTRY,False,PRE_ENTRY,PRE_80,HISTORICAL_RECONSTRUCT,ASKED_SIX_FIRST80,81,58,,,0,0,,,,,,,,,,,,,,UNAVAILABLE,,,,,,,,,False,UNAVAILABLE,False
NCAAB_H2_1_AUSTIN_TRANSFER_V1,DISCOVERY,6d8991e0d09b00b9,NCAAB_20260124_MIA_SYR,KXNCAAMBGAME-26JAN24MIASYR-MIA,1,1080,2026-01-24T19:05:26+00:00,PRE_ENTRY,False,PRE_ENTRY,PRE_80,HISTORICAL_RECONSTRUCT,ASKED_SIX_FIRST80,81,58,,,0,0,,,,,,,,,,,,,,UNAVAILABLE,,,,,,,,,False,UNAVAILABLE,False
NCAAB_H2_1_AUSTIN_TRANSFER_V1,DISCOVERY,6d8991e0d09b00b9,NCAAB_20260124_MIA_SYR,KXNCAAMBGAME-26JAN24MIASYR-MIA,1,960,2026-01-24T19:05:26+00:00,PRE_ENTRY,False,PRE_ENTRY,PRE_80,HISTORICAL_RECONSTRUCT,ASKED_SIX_FIRST80,81,58,,,0,0,,,,,,,,,,,,,,UNAVAILABLE,,,,,,,,,False,UNAVAILABLE,False
NCAAB_H2_1_AUSTIN_TRANSFER_V1,DISCOVERY,6d8991e0d09b00b9,NCAAB_20260124_MIA_SYR,KXNCAAMBGAME-26JAN24MIASYR-MIA,1,840,2026-01-24T19:05:26+00:00,PRE_ENTRY,False,PRE_ENTRY,PRE_80,HISTORICAL_RECONSTRUCT,ASKED_SIX_FIRST80,81,58,,,0,0,,,,,,,,,,,,,,UNAVAILABLE,,,,,,,,,False,UNAVAILABLE,False
NCAAB_H2_1_AUSTIN_TRANSFER_V1,DISCOVERY,6d8991e0d09b00b9,NCAAB_20260124_MIA_SYR,KXNCAAMBGAME-26JAN24MIASYR-MIA,1,720,2026-01-24T19:05:26+00:00,PRE_ENTRY,False,PRE_ENTRY,PRE_80,HISTORICAL_RECONSTRUCT,ASKED_SIX_FIRST80,81,58,,,0,0,,,,,,,,,,,,,,UNAVAILABLE,,,,,,,,,False,UNAVAILABLE,False
NCAAB_H2_1_AUSTIN_TRANSFER_V1,DISCOVERY,6d8991e0d09b00b9,NCAAB_20260124_MIA_SYR,KXNCAAMBGAME-26JAN24MIASYR-MIA,1,600,2026-01-24T19:05:26+00:00,PRE_ENTRY,False,PRE_ENTRY,PRE_80,HISTORICAL_RECONSTRUCT,ASKED_SIX_FIRST80,81,58,,,0,0,,,,,,,,,,,,,,UNAVAILABLE,,,,,,,,,False,UNAVAILABLE,False
NCAAB_H2_1_AUSTIN_TRANSFER_V1,DISCOVERY,6d8991e0d09b00b9,NCAAB_20260124_MIA_SYR,KXNCAAMBGAME-26JAN24MIASYR-MIA,1,480,2026-01-24T19:05:26+00:00,PRE_ENTRY,False,PRE_ENTRY,PRE_80,HISTORICAL_RECONSTRUCT,ASKED_SIX_FIRST80,81,58,,,0,0,,,,,,,,,,,,,,UNAVAILABLE,,,,,,,,,False,UNAVAILABLE,False
NCAAB_H2_1_AUSTIN_TRANSFER_V1,DISCOVERY,6d8991e0d09b00b9,NCAAB_20260124_MIA_SYR,KXNCAAMBGAME-26JAN24MIASYR-MIA,1,360,2026-01-24T19:05:26+00:00,PRE_ENTRY,False,PRE_ENTRY,PRE_80,HISTORICAL_RECONSTRUCT,ASKED_SIX_FIRST80,81,58,,,0,0,,,,,,,,,,,,,,UNAVAILABLE,,,,,,,,,False,UNAVAILABLE,False
NCAAB_H2_1_AUSTIN_TRANSFER_V1,DISCOVERY,6d8991e0d09b00b9,NCAAB_20260124_MIA_SYR,KXNCAAMBGAME-26JAN24MIASYR-MIA,1,240,2026-01-24T19:05:26+00:00,PRE_ENTRY,False,PRE_ENTRY,PRE_80,HISTORICAL_RECONSTRUCT,ASKED_SIX_FIRST80,81,58,,,0,0,,,,,,,,,,,,,,UNAVAILABLE,,,,,,,,,False,UNAVAILABLE,False
NCAAB_H2_1_AUSTIN_TRANSFER_V1,DISCOVERY,6d8991e0d09b00b9,NCAAB_20260124_MIA_SYR,KXNCAAMBGAME-26JAN24MIASYR-MIA,1,120,2026-01-24T19:05:26+00:00,PRE_ENTRY,False,PRE_ENTRY,PRE_80,HISTORICAL_RECONSTRUCT,ASKED_SIX_FIRST80,81,58,,,0,0,,,,,,,,,,,,,,UNAVAILABLE,,,,,,,,,False,UNAVAILABLE,False
NCAAB_H2_1_AUSTIN_TRANSFER_V1,DISCOVERY,6d8991e0d09b00b9,NCAAB_20260124_MIA_SYR,KXNCAAMBGAME-26JAN24MIASYR-MIA,1,0,2026-01-24T19:57:20+00:00,PRE_ENTRY,False,PRE_ENTRY,PRE_80,HISTORICAL_RECONSTRUCT,ASKED_SIX_FIRST80,81,73,,,36,41,,,,,,,,,,,,,,UNAVAILABLE,,,,,,,,,False,UNAVAILABLE,False
NCAAB_H2_1_AUSTIN_TRANSFER_V1,DISCOVERY,6d8991e0d09b00b9,NCAAB_20260124_MIA_SYR,KXNCAAMBGAME-26JAN24MIASYR-MIA,2,1200,2026-01-24T20:13:30+00:00,PRE_ENTRY,False,PRE_ENTRY,PRE_80,HISTORICAL_RECONSTRUCT,ASKED_SIX_FIRST80,81,67,,,36,41,,,,,,,,,,,,,,UNAVAILABLE,,,,,,,,,False,UNAVAILABLE,False
NCAAB_H2_1_AUSTIN_TRANSFER_V1,DISCOVERY,6d8991e0d09b00b9,NCAAB_20260124_MIA_SYR,KXNCAAMBGAME-26JAN24MIASYR-MIA,2,1080,2026-01-24T20:11:49+00:00,PRE_ENTRY,False,PRE_ENTRY,PRE_80,HISTORICAL_RECONSTRUCT,ASKED_SIX_FIRST80,81,68,,,36,41,,,,,,,,,,,,,,UNAVAILABLE,,,,,,,,,False,UNAVAILABLE,False
NCAAB_H2_1_AUSTIN_TRANSFER_V1,DISCOVERY,6d8991e0d09b00b9,NCAAB_20260124_MIA_SYR,KXNCAAMBGAME-26JAN24MIASYR-MIA,2,960,2026-01-24T20:11:49+00:00,PRE_ENTRY,False,PRE_ENTRY,PRE_80,HISTORICAL_RECONSTRUCT,ASKED_SIX_FIRST80,81,68,,,36,41,,,,,,,,,,,,,,UNAVAILABLE,,,,,,,,,False,UNAVAILABLE,False
NCAAB_H2_1_AUSTIN_TRANSFER_V1,DISCOVERY,6d8991e0d09b00b9,NCAAB_20260124_MIA_SYR,KXNCAAMBGAME-26JAN24MIASYR-MIA,2,840,2026-01-24T20:11:49+00:00,PRE_ENTRY,False,PRE_ENTRY,PRE_80,HISTORICAL_RECONSTRUCT,ASKED_SIX_FIRST80,81,68,,,36,41,,,,,,,,,,,,,,UNAVAILABLE,,,,,,,,,False,UNAVAILABLE,False
NCAAB_H2_1_AUSTIN_TRANSFER_V1,DISCOVERY,6d8991e0d09b00b9,NCAAB_20260124_MIA_SYR,KXNCAAMBGAME-26JAN24MIASYR-MIA,2,720,2026-01-24T20:11:49+00:00,PRE_ENTRY,False,PRE_ENTRY,PRE_80,HISTORICAL_RECONSTRUCT,ASKED_SIX_FIRST80,81,68,,,36,41,,,,,,,,,,,,,,UNAVAILABLE,,,,,,,,,False,UNAVAILABLE,False
NCAAB_H2_1_AUSTIN_TRANSFER_V1,DISCOVERY,6d8991e0d09b00b9,NCAAB_20260124_MIA_SYR,KXNCAAMBGAME-26JAN24MIASYR-MIA,2,600,2026-01-24T20:11:49+00:00,PRIMARY_GRID,True,,PRE_80,HISTORICAL_RECONSTRUCT,NONE,,68,,,36,41,INSUFFICIENT_SAMPLE,NO_ENTRY_IN_FITTED_SPACE,,,,95% CI — weighted bootstrap,25,,,,,0.30434782608695654,UNAVAILABLE,NOT_APPLICABLE,20,20,VALUE,False,False,,,,False,UNAVAILABLE,False
NCAAB_H2_1_AUSTIN_TRANSFER_V1,DISCOVERY,6d8991e0d09b00b9,NCAAB_20260124_MIA_SYR,KXNCAAMBGAME-26JAN24MIASYR-MIA,2,480,2026-01-24T20:11:49+00:00,PRIMARY_GRID,True,,PRE_80,HISTORICAL_RECONSTRUCT,NONE,,68,,,36,41,INSUFFICIENT_SAMPLE,NO_ENTRY_IN_FITTED_SPACE,,,,95% CI — weighted bootstrap,25,,,,,0.30434782608695654,UNAVAILABLE,NOT_APPLICABLE,20,20,VALUE,False,False,,,,False,UNAVAILABLE,False
NCAAB_H2_1_AUSTIN_TRANSFER_V1,DISCOVERY,6d8991e0d09b00b9,NCAAB_20260124_MIA_SYR,KXNCAAMBGAME-26JAN24MIASYR-MIA,2,360,2026-01-24T20:11:49+00:00,PRIMARY_GRID,True,,PRE_80,HISTORICAL_RECONSTRUCT,NONE,,68,,,36,41,INSUFFICIENT_SAMPLE,NO_ENTRY_IN_FITTED_SPACE,,,,95% CI — weighted bootstrap,25,,,,,0.30434782608695654,UNAVAILABLE,NOT_APPLICABLE,20,20,VALUE,False,False,,,,False,UNAVAILABLE,False
NCAAB_H2_1_AUSTIN_TRANSFER_V1,DISCOVERY,6d8991e0d09b00b9,NCAAB_20260124_MIA_SYR,KXNCAAMBGAME-26JAN24MIASYR-MIA,2,240,2026-01-24T20:11:49+00:00,PRIMARY_GRID,True,,PRE_80,HISTORICAL_RECONSTRUCT,NONE,,68,,,36,41,INSUFFICIENT_SAMPLE,NO_ENTRY_IN_FITTED_SPACE,,,,95% CI — weighted bootstrap,25,,,,,0.30434782608695654,UNAVAILABLE,NOT_APPLICABLE,20,20,VALUE,False,False,,,,False,UNAVAILABLE,False
NCAAB_H2_1_AUSTIN_TRANSFER_V1,DISCOVERY,6d8991e0d09b00b9,NCAAB_20260124_MIA_SYR,KXNCAAMBGAME-26JAN24MIASYR-MIA,2,120,2026-01-24T20:11:49+00:00,PRIMARY_GRID,True,,PRE_80,HISTORICAL_RECONSTRUCT,NONE,,68,,,36,41,INSUFFICIENT_SAMPLE,NO_ENTRY_IN_FITTED_SPACE,,,,95% CI — weighted bootstrap,25,,,,,0.30434782608695654,UNAVAILABLE,NOT_APPLICABLE,20,20,VALUE,False,False,,,,False,UNAVAILABLE,False
NCAAB_H2_1_AUSTIN_TRANSFER_V1,DISCOVERY,6d8991e0d09b00b9,NCAAB_20260124_MIA_SYR,KXNCAAMBGAME-26JAN24MIASYR-MIA,2,0,2026-01-24T21:05:46+00:00,PRIMARY_GRID,True,,POST_80,HISTORICAL_RECONSTRUCT,ASKED_SIX_FIRST80,81,99,18,667,76,85,OBSERVED,,20.000000000000004,20.0,20.0,95% CI — weighted bootstrap,25,25,23.460286855514923,0.4408716335891856,0.5751647881801348,1.0,OBSERVED,VALUE,20,,NOT_APPLICABLE,True,True,20.000000000000004,20.000000000000004,0.0,False,UNAVAILABLE,False
NCAAB_H2_1_AUSTIN_TRANSFER_V1,DISCOVERY,6d8991e0d09b00b9,NCAAB_20260124_MIA_SYR,KXNCAAMBGAME-26JAN24MIASYR-MIA,2,667,2026-01-24T20:36:00+00:00,DIAGNOSTIC_EVENT,False,,POST_80,HISTORICAL_RECONSTRUCT,ASKED_SIX_FIRST80,81,77,-4,0,56,63,OBSERVED,,-2.649193139272078,-20.0,12.0,95% CI — weighted bootstrap,25,25,21.45130340914972,0.49184649731453195,0.4784044417209249,0.7246376811594203,OBSERVED,VALUE,20,,NOT_APPLICABLE,True,True,20.000000000000004,-2.649193139272078,-22.649193139272082,False,UNAVAILABLE,False
NCAAB_H2_1_AUSTIN_TRANSFER_V1,DISCOVERY,19cb3a7b260b8876,NCAAB_20260124_UCF_COLO,KXNCAAMBGAME-26JAN24UCFCOLO-UCF,1,1200,2026-01-24T20:01:58+00:00,PRE_ENTRY,False,PRE_ENTRY,PRE_80,HISTORICAL_RECONSTRUCT,ASKED_SIX_FIRST80,88,38,,,0,0,,,,,,,,,,,,,,UNAVAILABLE,,,,,,,,,False,UNAVAILABLE,False
NCAAB_H2_1_AUSTIN_TRANSFER_V1,DISCOVERY,19cb3a7b260b8876,NCAAB_20260124_UCF_COLO,KXNCAAMBGAME-26JAN24UCFCOLO-UCF,1,1080,2026-01-24T20:01:58+00:00,PRE_ENTRY,False,PRE_ENTRY,PRE_80,HISTORICAL_RECONSTRUCT,ASKED_SIX_FIRST80,88,38,,,0,0,,,,,,,,,,,,,,UNAVAILABLE,,,,,,,,,False,UNAVAILABLE,False
NCAAB_H2_1_AUSTIN_TRANSFER_V1,DISCOVERY,19cb3a7b260b8876,NCAAB_20260124_UCF_COLO,KXNCAAMBGAME-26JAN24UCFCOLO-UCF,1,960,2026-01-24T20:01:58+00:00,PRE_ENTRY,False,PRE_ENTRY,PRE_80,HISTORICAL_RECONSTRUCT,ASKED_SIX_FIRST80,88,38,,,0,0,,,,,,,,,,,,,,UNAVAILABLE,,,,,,,,,False,UNAVAILABLE,False
NCAAB_H2_1_AUSTIN_TRANSFER_V1,DISCOVERY,19cb3a7b260b8876,NCAAB_20260124_UCF_COLO,KXNCAAMBGAME-26JAN24UCFCOLO-UCF,1,840,2026-01-24T20:01:58+00:00,PRE_ENTRY,False,PRE_ENTRY,PRE_80,HISTORICAL_RECONSTRUCT,ASKED_SIX_FIRST80,88,38,,,0,0,,,,,,,,,,,,,,UNAVAILABLE,,,,,,,,,False,UNAVAILABLE,False
NCAAB_H2_1_AUSTIN_TRANSFER_V1,DISCOVERY,19cb3a7b260b8876,NCAAB_20260124_UCF_COLO,KXNCAAMBGAME-26JAN24UCFCOLO-UCF,1,720,2026-01-24T20:01:58+00:00,PRE_ENTRY,False,PRE_ENTRY,PRE_80,HISTORICAL_RECONSTRUCT,ASKED_SIX_FIRST80,88,38,,,0,0,,,,,,,,,,,,,,UNAVAILABLE,,,,,,,,,False,UNAVAILABLE,False
NCAAB_H2_1_AUSTIN_TRANSFER_V1,DISCOVERY,19cb3a7b260b8876,NCAAB_20260124_UCF_COLO,KXNCAAMBGAME-26JAN24UCFCOLO-UCF,1,600,2026-01-24T20:01:58+00:00,PRE_ENTRY,False,PRE_ENTRY,PRE_80,HISTORICAL_RECONSTRUCT,ASKED_SIX_FIRST80,88,38,,,0,0,,,,,,,,,,,,,,UNAVAILABLE,,,,,,,,,False,UNAVAILABLE,False
NCAAB_H2_1_AUSTIN_TRANSFER_V1,DISCOVERY,19cb3a7b260b8876,NCAAB_20260124_UCF_COLO,KXNCAAMBGAME-26JAN24UCFCOLO-UCF,1,480,2026-01-24T20:01:58+00:00,PRE_ENTRY,False,PRE_ENTRY,PRE_80,HISTORICAL_RECONSTRUCT,ASKED_SIX_FIRST80,88,38,,,0,0,,,,,,,,,,,,,,UNAVAILABLE,,,,,,,,,False,UNAVAILABLE,False
NCAAB_H2_1_AUSTIN_TRANSFER_V1,DISCOVERY,19cb3a7b260b8876,NCAAB_20260124_UCF_COLO,KXNCAAMBGAME-26JAN24UCFCOLO-UCF,1,360,2026-01-24T20:01:58+00:00,PRE_ENTRY,False,PRE_ENTRY,PRE_80,HISTORICAL_RECONSTRUCT,ASKED_SIX_FIRST80,88,38,,,0,0,,,,,,,,,,,,,,UNAVAILABLE,,,,,,,,,False,UNAVAILABLE,False
NCAAB_H2_1_AUSTIN_TRANSFER_V1,DISCOVERY,19cb3a7b260b8876,NCAAB_20260124_UCF_COLO,KXNCAAMBGAME-26JAN24UCFCOLO-UCF,1,240,2026-01-24T20:01:58+00:00,PRE_ENTRY,False,PRE_ENTRY,PRE_80,HISTORICAL_RECONSTRUCT,ASKED_SIX_FIRST80,88,38,,,0,0,,,,,,,,,,,,,,UNAVAILABLE,,,,,,,,,False,UNAVAILABLE,False
NCAAB_H2_1_AUSTIN_TRANSFER_V1,DISCOVERY,19cb3a7b260b8876,NCAAB_20260124_UCF_COLO,KXNCAAMBGAME-26JAN24UCFCOLO-UCF,1,120,2026-01-24T20:01:58+00:00,PRE_ENTRY,False,PRE_ENTRY,PRE_80,HISTORICAL_RECONSTRUCT,ASKED_SIX_FIRST80,88,38,,,0,0,,,,,,,,,,,,,,UNAVAILABLE,,,,,,,,,False,UNAVAILABLE,False
NCAAB_H2_1_AUSTIN_TRANSFER_V1,DISCOVERY,19cb3a7b260b8876,NCAAB_20260124_UCF_COLO,KXNCAAMBGAME-26JAN24UCFCOLO-UCF,1,0,2026-01-24T20:48:04+00:00,PRE_ENTRY,False,PRE_ENTRY,PRE_80,HISTORICAL_RECONSTRUCT,ASKED_SIX_FIRST80,88,52,,,47,49,,,,,,,,,,,,,,UNAVAILABLE,,,,,,,,,False,UNAVAILABLE,False
NCAAB_H2_1_AUSTIN_TRANSFER_V1,DISCOVERY,19cb3a7b260b8876,NCAAB_20260124_UCF_COLO,KXNCAAMBGAME-26JAN24UCFCOLO-UCF,2,1200,2026-01-24T21:03:28+00:00,PRE_ENTRY,False,PRE_ENTRY,PRE_80,HISTORICAL_RECONSTRUCT,ASKED_SIX_FIRST80,88,49,,,47,49,,,,,,,,,,,,,,UNAVAILABLE,,,,,,,,,False,UNAVAILABLE,False
NCAAB_H2_1_AUSTIN_TRANSFER_V1,DISCOVERY,19cb3a7b260b8876,NCAAB_20260124_UCF_COLO,KXNCAAMBGAME-26JAN24UCFCOLO-UCF,2,1080,2026-01-24T21:03:28+00:00,PRE_ENTRY,False,PRE_ENTRY,PRE_80,HISTORICAL_RECONSTRUCT,ASKED_SIX_FIRST80,88,49,,,47,49,,,,,,,,,,,,,,UNAVAILABLE,,,,,,,,,False,UNAVAILABLE,False
NCAAB_H2_1_AUSTIN_TRANSFER_V1,DISCOVERY,19cb3a7b260b8876,NCAAB_20260124_UCF_COLO,KXNCAAMBGAME-26JAN24UCFCOLO-UCF,2,960,2026-01-24T21:03:28+00:00,PRE_ENTRY,False,PRE_ENTRY,PRE_80,HISTORICAL_RECONSTRUCT,ASKED_SIX_FIRST80,88,49,,,47,49,,,,,,,,,,,,,,UNAVAILABLE,,,,,,,,,False,UNAVAILABLE,False
NCAAB_H2_1_AUSTIN_TRANSFER_V1,DISCOVERY,19cb3a7b260b8876,NCAAB_20260124_UCF_COLO,KXNCAAMBGAME-26JAN24UCFCOLO-UCF,2,840,2026-01-24T21:03:28+00:00,PRE_ENTRY,False,PRE_ENTRY,PRE_80,HISTORICAL_RECONSTRUCT,ASKED_SIX_FIRST80,88,49,,,47,49,,,,,,,,,,,,,,UNAVAILABLE,,,,,,,,,False,UNAVAILABLE,False
NCAAB_H2_1_AUSTIN_TRANSFER_V1,DISCOVERY,19cb3a7b260b8876,NCAAB_20260124_UCF_COLO,KXNCAAMBGAME-26JAN24UCFCOLO-UCF,2,720,2026-01-24T21:03:28+00:00,PRE_ENTRY,False,PRE_ENTRY,PRE_80,HISTORICAL_RECONSTRUCT,ASKED_SIX_FIRST80,88,49,,,47,49,,,,,,,,,,,,,,UNAVAILABLE,,,,,,,,,False,UNAVAILABLE,False
NCAAB_H2_1_AUSTIN_TRANSFER_V1,DISCOVERY,19cb3a7b260b8876,NCAAB_20260124_UCF_COLO,KXNCAAMBGAME-26JAN24UCFCOLO-UCF,2,600,2026-01-24T21:03:28+00:00,PRIMARY_GRID,True,,PRE_80,HISTORICAL_RECONSTRUCT,NONE,,49,,,47,49,INSUFFICIENT_SAMPLE,NO_ENTRY_IN_FITTED_SPACE,,,,95% CI — weighted bootstrap,25,,,,,0.30434782608695654,UNAVAILABLE,NOT_APPLICABLE,20,20,VALUE,False,False,,,,False,UNAVAILABLE,False
NCAAB_H2_1_AUSTIN_TRANSFER_V1,DISCOVERY,19cb3a7b260b8876,NCAAB_20260124_UCF_COLO,KXNCAAMBGAME-26JAN24UCFCOLO-UCF,2,480,2026-01-24T21:03:28+00:00,PRIMARY_GRID,True,,PRE_80,HISTORICAL_RECONSTRUCT,NONE,,49,,,47,49,INSUFFICIENT_SAMPLE,NO_ENTRY_IN_FITTED_SPACE,,,,95% CI — weighted bootstrap,25,,,,,0.30434782608695654,UNAVAILABLE,NOT_APPLICABLE,20,20,VALUE,False,False,,,,False,UNAVAILABLE,False
NCAAB_H2_1_AUSTIN_TRANSFER_V1,DISCOVERY,19cb3a7b260b8876,NCAAB_20260124_UCF_COLO,KXNCAAMBGAME-26JAN24UCFCOLO-UCF,2,360,2026-01-24T21:03:28+00:00,PRIMARY_GRID,True,,PRE_80,HISTORICAL_RECONSTRUCT,NONE,,49,,,47,49,INSUFFICIENT_SAMPLE,NO_ENTRY_IN_FITTED_SPACE,,,,95% CI — weighted bootstrap,25,,,,,0.30434782608695654,UNAVAILABLE,NOT_APPLICABLE,20,20,VALUE,False,False,,,,False,UNAVAILABLE,False
NCAAB_H2_1_AUSTIN_TRANSFER_V1,DISCOVERY,19cb3a7b260b8876,NCAAB_20260124_UCF_COLO,KXNCAAMBGAME-26JAN24UCFCOLO-UCF,2,240,2026-01-24T21:03:28+00:00,PRIMARY_GRID,True,,PRE_80,HISTORICAL_RECONSTRUCT,NONE,,49,,,47,49,INSUFFICIENT_SAMPLE,NO_ENTRY_IN_FITTED_SPACE,,,,95% CI — weighted bootstrap,25,,,,,0.30434782608695654,UNAVAILABLE,NOT_APPLICABLE,20,20,VALUE,False,False,,,,False,UNAVAILABLE,False
NCAAB_H2_1_AUSTIN_TRANSFER_V1,DISCOVERY,19cb3a7b260b8876,NCAAB_20260124_UCF_COLO,KXNCAAMBGAME-26JAN24UCFCOLO-UCF,2,120,2026-01-24T21:03:28+00:00,PRIMARY_GRID,True,,PRE_80,HISTORICAL_RECONSTRUCT,NONE,,49,,,47,49,INSUFFICIENT_SAMPLE,NO_ENTRY_IN_FITTED_SPACE,,,,95% CI — weighted bootstrap,25,,,,,0.30434782608695654,UNAVAILABLE,NOT_APPLICABLE,20,20,VALUE,False,False,,,,False,UNAVAILABLE,False
NCAAB_H2_1_AUSTIN_TRANSFER_V1,DISCOVERY,19cb3a7b260b8876,NCAAB_20260124_UCF_COLO,KXNCAAMBGAME-26JAN24UCFCOLO-UCF,2,0,2026-01-24T22:06:29+00:00,PRIMARY_GRID,True,,POST_80,HISTORICAL_RECONSTRUCT,ASKED_SIX_FIRST80,88,99,11,606,86,95,OBSERVED,,1.6280770665599538,-16.0,16.0,95% CI — weighted bootstrap,25,25,23.23496317055097,1.550717635507477,1.5010885506057492,1.0,OBSERVED,VALUE,20,,NOT_APPLICABLE,True,True,1.6280770665599538,1.6280770665599538,0.0,False,UNAVAILABLE,False
NCAAB_H2_1_AUSTIN_TRANSFER_V1,DISCOVERY,19cb3a7b260b8876,NCAAB_20260124_UCF_COLO,KXNCAAMBGAME-26JAN24UCFCOLO-UCF,2,606,2026-01-24T21:29:00+00:00,DIAGNOSTIC_EVENT,False,,POST_80,HISTORICAL_RECONSTRUCT,ASKED_SIX_FIRST80,88,78,-10,0,58,70,OBSERVED,,16.40895303207178,8.0,20.0,95% CI — weighted bootstrap,25,25,24.567083545406586,2.050807624253099,1.96743397817709,0.7246376811594203,OBSERVED,VALUE,20,,NOT_APPLICABLE,True,True,1.6280770665599538,16.40895303207178,14.780875965511825,False,UNAVAILABLE,False
NCAAB_H2_1_AUSTIN_TRANSFER_V1,DISCOVERY,602c6b8b3a9e6cad,NCAAB_20260124_KU_KSU,KXNCAAMBGAME-26JAN24KUKSU-KU,1,1200,2026-01-25T01:05:31+00:00,PRE_ENTRY,False,PRE_ENTRY,PRE_80,HISTORICAL_RECONSTRUCT,ASKED_SIX_FIRST80,82,66,,,0,0,,,,,,,,,,,,,,UNAVAILABLE,,,,,,,,,False,UNAVAILABLE,False
NCAAB_H2_1_AUSTIN_TRANSFER_V1,DISCOVERY,602c6b8b3a9e6cad,NCAAB_20260124_KU_KSU,KXNCAAMBGAME-26JAN24KUKSU-KU,1,1080,2026-01-25T01:05:31+00:00,PRE_ENTRY,False,PRE_ENTRY,PRE_80,HISTORICAL_RECONSTRUCT,ASKED_SIX_FIRST80,82,66,,,0,0,,,,,,,,,,,,,,UNAVAILABLE,,,,,,,,,False,UNAVAILABLE,False
NCAAB_H2_1_AUSTIN_TRANSFER_V1,DISCOVERY,602c6b8b3a9e6cad,NCAAB_20260124_KU_KSU,KXNCAAMBGAME-26JAN24KUKSU-KU,1,960,2026-01-25T01:05:31+00:00,PRE_ENTRY,False,PRE_ENTRY,PRE_80,HISTORICAL_RECONSTRUCT,ASKED_SIX_FIRST80,82,66,,,0,0,,,,,,,,,,,,,,UNAVAILABLE,,,,,,,,,False,UNAVAILABLE,False
NCAAB_H2_1_AUSTIN_TRANSFER_V1,DISCOVERY,602c6b8b3a9e6cad,NCAAB_20260124_KU_KSU,KXNCAAMBGAME-26JAN24KUKSU-KU,1,840,2026-01-25T01:17:15+00:00,PRE_ENTRY,False,PRE_ENTRY,PRE_80,HISTORICAL_RECONSTRUCT,ASKED_SIX_FIRST80,82,77,,,8,11,,,,,,,,,,,,,,UNAVAILABLE,,,,,,,,,False,UNAVAILABLE,False
NCAAB_H2_1_AUSTIN_TRANSFER_V1,DISCOVERY,602c6b8b3a9e6cad,NCAAB_20260124_KU_KSU,KXNCAAMBGAME-26JAN24KUKSU-KU,1,720,2026-01-25T01:05:31+00:00,PRE_ENTRY,False,PRE_ENTRY,PRE_80,HISTORICAL_RECONSTRUCT,ASKED_SIX_FIRST80,82,66,,,0,0,,,,,,,,,,,,,,UNAVAILABLE,,,,,,,,,False,UNAVAILABLE,False
NCAAB_H2_1_AUSTIN_TRANSFER_V1,DISCOVERY,602c6b8b3a9e6cad,NCAAB_20260124_KU_KSU,KXNCAAMBGAME-26JAN24KUKSU-KU,1,600,2026-01-25T01:05:31+00:00,PRE_ENTRY,False,PRE_ENTRY,PRE_80,HISTORICAL_RECONSTRUCT,ASKED_SIX_FIRST80,82,66,,,0,0,,,,,,,,,,,,,,UNAVAILABLE,,,,,,,,,False,UNAVAILABLE,False
NCAAB_H2_1_AUSTIN_TRANSFER_V1,DISCOVERY,602c6b8b3a9e6cad,NCAAB_20260124_KU_KSU,KXNCAAMBGAME-26JAN24KUKSU-KU,1,480,2026-01-25T01:05:31+00:00,PRE_ENTRY,False,PRE_ENTRY,PRE_80,HISTORICAL_RECONSTRUCT,ASKED_SIX_FIRST80,82,66,,,0,0,,,,,,,,,,,,,,UNAVAILABLE,,,,,,,,,False,UNAVAILABLE,False
NCAAB_H2_1_AUSTIN_TRANSFER_V1,DISCOVERY,602c6b8b3a9e6cad,NCAAB_20260124_KU_KSU,KXNCAAMBGAME-26JAN24KUKSU-KU,1,360,2026-01-25T01:05:31+00:00,PRE_ENTRY,False,PRE_ENTRY,PRE_80,HISTORICAL_RECONSTRUCT,ASKED_SIX_FIRST80,82,66,,,0,0,,,,,,,,,,,,,,UNAVAILABLE,,,,,,,,,False,UNAVAILABLE,False
NCAAB_H2_1_AUSTIN_TRANSFER_V1,DISCOVERY,602c6b8b3a9e6cad,NCAAB_20260124_KU_KSU,KXNCAAMBGAME-26JAN24KUKSU-KU,1,240,2026-01-25T01:05:31+00:00,PRE_ENTRY,False,PRE_ENTRY,PRE_80,HISTORICAL_RECONSTRUCT,ASKED_SIX_FIRST80,82,66,,,0,0,,,,,,,,,,,,,,UNAVAILABLE,,,,,,,,,False,UNAVAILABLE,False
NCAAB_H2_1_AUSTIN_TRANSFER_V1,DISCOVERY,602c6b8b3a9e6cad,NCAAB_20260124_KU_KSU,KXNCAAMBGAME-26JAN24KUKSU-KU,1,120,2026-01-25T01:05:31+00:00,PRE_ENTRY,False,PRE_ENTRY,PRE_80,HISTORICAL_RECONSTRUCT,ASKED_SIX_FIRST80,82,66,,,0,0,,,,,,,,,,,,,,UNAVAILABLE,,,,,,,,,False,UNAVAILABLE,False
NCAAB_H2_1_AUSTIN_TRANSFER_V1,DISCOVERY,602c6b8b3a9e6cad,NCAAB_20260124_KU_KSU,KXNCAAMBGAME-26JAN24KUKSU-KU,1,0,2026-01-25T01:57:27+00:00,PRE_ENTRY,False,PRE_ENTRY,PRE_80,HISTORICAL_RECONSTRUCT,ASKED_SIX_FIRST80,82,68,,,35,37,,,,,,,,,,,,,,UNAVAILABLE,,,,,,,,,False,UNAVAILABLE,False
NCAAB_H2_1_AUSTIN_TRANSFER_V1,DISCOVERY,602c6b8b3a9e6cad,NCAAB_20260124_KU_KSU,KXNCAAMBGAME-26JAN24KUKSU-KU,2,1200,2026-01-25T02:13:48+00:00,PRE_ENTRY,False,PRE_ENTRY,PRE_80,HISTORICAL_RECONSTRUCT,ASKED_SIX_FIRST80,82,69,,,35,37,,,,,,,,,,,,,,UNAVAILABLE,,,,,,,,,False,UNAVAILABLE,False
NCAAB_H2_1_AUSTIN_TRANSFER_V1,DISCOVERY,602c6b8b3a9e6cad,NCAAB_20260124_KU_KSU,KXNCAAMBGAME-26JAN24KUKSU-KU,2,1080,2026-01-25T02:13:48+00:00,PRE_ENTRY,False,PRE_ENTRY,PRE_80,HISTORICAL_RECONSTRUCT,ASKED_SIX_FIRST80,82,69,,,35,37,,,,,,,,,,,,,,UNAVAILABLE,,,,,,,,,False,UNAVAILABLE,False
NCAAB_H2_1_AUSTIN_TRANSFER_V1,DISCOVERY,602c6b8b3a9e6cad,NCAAB_20260124_KU_KSU,KXNCAAMBGAME-26JAN24KUKSU-KU,2,960,2026-01-25T02:13:48+00:00,PRE_ENTRY,False,PRE_ENTRY,PRE_80,HISTORICAL_RECONSTRUCT,ASKED_SIX_FIRST80,82,69,,,35,37,,,,,,,,,,,,,,UNAVAILABLE,,,,,,,,,False,UNAVAILABLE,False
NCAAB_H2_1_AUSTIN_TRANSFER_V1,DISCOVERY,602c6b8b3a9e6cad,NCAAB_20260124_KU_KSU,KXNCAAMBGAME-26JAN24KUKSU-KU,2,840,2026-01-25T02:13:48+00:00,PRIMARY_GRID,True,,PRE_80,HISTORICAL_RECONSTRUCT,NONE,,69,,,35,37,INSUFFICIENT_SAMPLE,NO_ENTRY_IN_FITTED_SPACE,,,,95% CI — weighted bootstrap,25,,,,,0.30434782608695654,UNAVAILABLE,NOT_APPLICABLE,20,20,VALUE,False,False,,,,False,UNAVAILABLE,False
NCAAB_H2_1_AUSTIN_TRANSFER_V1,DISCOVERY,602c6b8b3a9e6cad,NCAAB_20260124_KU_KSU,KXNCAAMBGAME-26JAN24KUKSU-KU,2,720,2026-01-25T02:13:48+00:00,PRIMARY_GRID,True,,PRE_80,HISTORICAL_RECONSTRUCT,NONE,,69,,,35,37,INSUFFICIENT_SAMPLE,NO_ENTRY_IN_FITTED_SPACE,,,,95% CI — weighted bootstrap,25,,,,,0.30434782608695654,UNAVAILABLE,NOT_APPLICABLE,20,20,VALUE,False,False,,,,False,UNAVAILABLE,False
NCAAB_H2_1_AUSTIN_TRANSFER_V1,DISCOVERY,602c6b8b3a9e6cad,NCAAB_20260124_KU_KSU,KXNCAAMBGAME-26JAN24KUKSU-KU,2,600,2026-01-25T02:13:48+00:00,PRIMARY_GRID,True,,PRE_80,HISTORICAL_RECONSTRUCT,NONE,,69,,,35,37,INSUFFICIENT_SAMPLE,NO_ENTRY_IN_FITTED_SPACE,,,,95% CI — weighted bootstrap,25,,,,,0.30434782608695654,UNAVAILABLE,NOT_APPLICABLE,20,20,VALUE,False,False,,,,False,UNAVAILABLE,False
NCAAB_H2_1_AUSTIN_TRANSFER_V1,DISCOVERY,602c6b8b3a9e6cad,NCAAB_20260124_KU_KSU,KXNCAAMBGAME-26JAN24KUKSU-KU,2,480,2026-01-25T02:13:48+00:00,PRIMARY_GRID,True,,PRE_80,HISTORICAL_RECONSTRUCT,NONE,,69,,,35,37,INSUFFICIENT_SAMPLE,NO_ENTRY_IN_FITTED_SPACE,,,,95% CI — weighted bootstrap,25,,,,,0.30434782608695654,UNAVAILABLE,NOT_APPLICABLE,20,20,VALUE,False,False,,,,False,UNAVAILABLE,False
NCAAB_H2_1_AUSTIN_TRANSFER_V1,DISCOVERY,602c6b8b3a9e6cad,NCAAB_20260124_KU_KSU,KXNCAAMBGAME-26JAN24KUKSU-KU,2,360,2026-01-25T02:13:48+00:00,PRIMARY_GRID,True,,PRE_80,HISTORICAL_RECONSTRUCT,NONE,,69,,,35,37,INSUFFICIENT_SAMPLE,NO_ENTRY_IN_FITTED_SPACE,,,,95% CI — weighted bootstrap,25,,,,,0.30434782608695654,UNAVAILABLE,NOT_APPLICABLE,20,20,VALUE,False,False,,,,False,UNAVAILABLE,False
NCAAB_H2_1_AUSTIN_TRANSFER_V1,DISCOVERY,602c6b8b3a9e6cad,NCAAB_20260124_KU_KSU,KXNCAAMBGAME-26JAN24KUKSU-KU,2,240,2026-01-25T02:13:48+00:00,PRIMARY_GRID,True,,PRE_80,HISTORICAL_RECONSTRUCT,NONE,,69,,,35,37,INSUFFICIENT_SAMPLE,NO_ENTRY_IN_FITTED_SPACE,,,,95% CI — weighted bootstrap,25,,,,,0.30434782608695654,UNAVAILABLE,NOT_APPLICABLE,20,20,VALUE,False,False,,,,False,UNAVAILABLE,False
NCAAB_H2_1_AUSTIN_TRANSFER_V1,DISCOVERY,602c6b8b3a9e6cad,NCAAB_20260124_KU_KSU,KXNCAAMBGAME-26JAN24KUKSU-KU,2,120,2026-01-25T02:13:48+00:00,PRIMARY_GRID,True,,PRE_80,HISTORICAL_RECONSTRUCT,NONE,,69,,,35,37,INSUFFICIENT_SAMPLE,NO_ENTRY_IN_FITTED_SPACE,,,,95% CI — weighted bootstrap,25,,,,,0.30434782608695654,UNAVAILABLE,NOT_APPLICABLE,20,20,VALUE,False,False,,,,False,UNAVAILABLE,False
NCAAB_H2_1_AUSTIN_TRANSFER_V1,DISCOVERY,602c6b8b3a9e6cad,NCAAB_20260124_KU_KSU,KXNCAAMBGAME-26JAN24KUKSU-KU,2,0,2026-01-25T03:11:13+00:00,PRIMARY_GRID,True,,POST_80,HISTORICAL_RECONSTRUCT,ASKED_SIX_FIRST80,82,99,17,911,62,86,OBSERVED,,20.0,20.0,20.0,95% CI — weighted bootstrap,25,25,24.440724209115555,0.8235459258268076,0.8001523871416338,1.0,OBSERVED,VALUE,20,,NOT_APPLICABLE,True,True,20.0,20.0,0.0,False,UNAVAILABLE,False
NCAAB_H2_1_AUSTIN_TRANSFER_V1,DISCOVERY,602c6b8b3a9e6cad,NCAAB_20260124_KU_KSU,KXNCAAMBGAME-26JAN24KUKSU-KU,2,911,2026-01-25T02:26:00+00:00,DIAGNOSTIC_EVENT,False,,POST_80,HISTORICAL_RECONSTRUCT,ASKED_SIX_FIRST80,82,77,-5,0,39,45,OBSERVED,,12.127549330208437,0.0,20.0,95% CI — weighted bootstrap,25,25,24.744411722053737,1.1540556245288485,1.1210753079663822,0.7246376811594203,OBSERVED,VALUE,20,,NOT_APPLICABLE,True,True,20.0,12.127549330208437,-7.872450669791563,False,UNAVAILABLE,False
NCAAB_H2_1_AUSTIN_TRANSFER_V1,DISCOVERY,5c8c42fd3b9d2646,NCAAB_20260124_CIN_ASU,KXNCAAMBGAME-26JAN24CINASU-ASU,1,1200,2026-01-25T03:10:51+00:00,PRE_ENTRY,False,PRE_ENTRY,PRE_80,HISTORICAL_RECONSTRUCT,ASKED_SIX_FIRST80,87,40,,,0,0,,,,,,,,,,,,,,UNAVAILABLE,,,,,,,,,False,UNAVAILABLE,False
NCAAB_H2_1_AUSTIN_TRANSFER_V1,DISCOVERY,5c8c42fd3b9d2646,NCAAB_20260124_CIN_ASU,KXNCAAMBGAME-26JAN24CINASU-ASU,1,1080,2026-01-25T03:10:51+00:00,PRE_ENTRY,False,PRE_ENTRY,PRE_80,HISTORICAL_RECONSTRUCT,ASKED_SIX_FIRST80,87,40,,,0,0,,,,,,,,,,,,,,UNAVAILABLE,,,,,,,,,False,UNAVAILABLE,False
NCAAB_H2_1_AUSTIN_TRANSFER_V1,DISCOVERY,5c8c42fd3b9d2646,NCAAB_20260124_CIN_ASU,KXNCAAMBGAME-26JAN24CINASU-ASU,1,960,2026-01-25T03:10:51+00:00,PRE_ENTRY,False,PRE_ENTRY,PRE_80,HISTORICAL_RECONSTRUCT,ASKED_SIX_FIRST80,87,40,,,0,0,,,,,,,,,,,,,,UNAVAILABLE,,,,,,,,,False,UNAVAILABLE,False
NCAAB_H2_1_AUSTIN_TRANSFER_V1,DISCOVERY,5c8c42fd3b9d2646,NCAAB_20260124_CIN_ASU,KXNCAAMBGAME-26JAN24CINASU-ASU,1,840,2026-01-25T03:10:51+00:00,PRE_ENTRY,False,PRE_ENTRY,PRE_80,HISTORICAL_RECONSTRUCT,ASKED_SIX_FIRST80,87,40,,,0,0,,,,,,,,,,,,,,UNAVAILABLE,,,,,,,,,False,UNAVAILABLE,False
NCAAB_H2_1_AUSTIN_TRANSFER_V1,DISCOVERY,5c8c42fd3b9d2646,NCAAB_20260124_CIN_ASU,KXNCAAMBGAME-26JAN24CINASU-ASU,1,720,2026-01-25T03:10:51+00:00,PRE_ENTRY,False,PRE_ENTRY,PRE_80,HISTORICAL_RECONSTRUCT,ASKED_SIX_FIRST80,87,40,,,0,0,,,,,,,,,,,,,,UNAVAILABLE,,,,,,,,,False,UNAVAILABLE,False
NCAAB_H2_1_AUSTIN_TRANSFER_V1,DISCOVERY,5c8c42fd3b9d2646,NCAAB_20260124_CIN_ASU,KXNCAAMBGAME-26JAN24CINASU-ASU,1,600,2026-01-25T03:10:51+00:00,PRE_ENTRY,False,PRE_ENTRY,PRE_80,HISTORICAL_RECONSTRUCT,ASKED_SIX_FIRST80,87,40,,,0,0,,,,,,,,,,,,,,UNAVAILABLE,,,,,,,,,False,UNAVAILABLE,False
NCAAB_H2_1_AUSTIN_TRANSFER_V1,DISCOVERY,5c8c42fd3b9d2646,NCAAB_20260124_CIN_ASU,KXNCAAMBGAME-26JAN24CINASU-ASU,1,480,2026-01-25T03:10:51+00:00,PRE_ENTRY,False,PRE_ENTRY,PRE_80,HISTORICAL_RECONSTRUCT,ASKED_SIX_FIRST80,87,40,,,0,0,,,,,,,,,,,,,,UNAVAILABLE,,,,,,,,,False,UNAVAILABLE,False
NCAAB_H2_1_AUSTIN_TRANSFER_V1,DISCOVERY,5c8c42fd3b9d2646,NCAAB_20260124_CIN_ASU,KXNCAAMBGAME-26JAN24CINASU-ASU,1,360,2026-01-25T03:10:51+00:00,PRE_ENTRY,False,PRE_ENTRY,PRE_80,HISTORICAL_RECONSTRUCT,ASKED_SIX_FIRST80,87,40,,,0,0,,,,,,,,,,,,,,UNAVAILABLE,,,,,,,,,False,UNAVAILABLE,False
NCAAB_H2_1_AUSTIN_TRANSFER_V1,DISCOVERY,5c8c42fd3b9d2646,NCAAB_20260124_CIN_ASU,KXNCAAMBGAME-26JAN24CINASU-ASU,1,240,2026-01-25T03:10:51+00:00,PRE_ENTRY,False,PRE_ENTRY,PRE_80,HISTORICAL_RECONSTRUCT,ASKED_SIX_FIRST80,87,40,,,0,0,,,,,,,,,,,,,,UNAVAILABLE,,,,,,,,,False,UNAVAILABLE,False
NCAAB_H2_1_AUSTIN_TRANSFER_V1,DISCOVERY,5c8c42fd3b9d2646,NCAAB_20260124_CIN_ASU,KXNCAAMBGAME-26JAN24CINASU-ASU,1,120,2026-01-25T03:10:51+00:00,PRE_ENTRY,False,PRE_ENTRY,PRE_80,HISTORICAL_RECONSTRUCT,ASKED_SIX_FIRST80,87,40,,,0,0,,,,,,,,,,,,,,UNAVAILABLE,,,,,,,,,False,UNAVAILABLE,False
NCAAB_H2_1_AUSTIN_TRANSFER_V1,DISCOVERY,5c8c42fd3b9d2646,NCAAB_20260124_CIN_ASU,KXNCAAMBGAME-26JAN24CINASU-ASU,1,0,2026-01-25T04:00:36+00:00,PRE_ENTRY,False,PRE_ENTRY,PRE_80,HISTORICAL_RECONSTRUCT,ASKED_SIX_FIRST80,87,57,,,37,33,,,,,,,,,,,,,,UNAVAILABLE,,,,,,,,,False,UNAVAILABLE,False
NCAAB_H2_1_AUSTIN_TRANSFER_V1,DISCOVERY,5c8c42fd3b9d2646,NCAAB_20260124_CIN_ASU,KXNCAAMBGAME-26JAN24CINASU-ASU,2,1200,2026-01-25T04:15:00+00:00,PRE_ENTRY,False,PRE_ENTRY,PRE_80,HISTORICAL_RECONSTRUCT,ASKED_SIX_FIRST80,87,55,,,37,33,,,,,,,,,,,,,,UNAVAILABLE,,,,,,,,,False,UNAVAILABLE,False
NCAAB_H2_1_AUSTIN_TRANSFER_V1,DISCOVERY,5c8c42fd3b9d2646,NCAAB_20260124_CIN_ASU,KXNCAAMBGAME-26JAN24CINASU-ASU,2,1080,2026-01-25T04:15:00+00:00,PRE_ENTRY,False,PRE_ENTRY,PRE_80,HISTORICAL_RECONSTRUCT,ASKED_SIX_FIRST80,87,55,,,37,33,,,,,,,,,,,,,,UNAVAILABLE,,,,,,,,,False,UNAVAILABLE,False
NCAAB_H2_1_AUSTIN_TRANSFER_V1,DISCOVERY,5c8c42fd3b9d2646,NCAAB_20260124_CIN_ASU,KXNCAAMBGAME-26JAN24CINASU-ASU,2,960,2026-01-25T04:15:00+00:00,PRE_ENTRY,False,PRE_ENTRY,PRE_80,HISTORICAL_RECONSTRUCT,ASKED_SIX_FIRST80,87,55,,,37,33,,,,,,,,,,,,,,UNAVAILABLE,,,,,,,,,False,UNAVAILABLE,False
NCAAB_H2_1_AUSTIN_TRANSFER_V1,DISCOVERY,5c8c42fd3b9d2646,NCAAB_20260124_CIN_ASU,KXNCAAMBGAME-26JAN24CINASU-ASU,2,840,2026-01-25T04:15:00+00:00,PRE_ENTRY,False,PRE_ENTRY,PRE_80,HISTORICAL_RECONSTRUCT,ASKED_SIX_FIRST80,87,55,,,37,33,,,,,,,,,,,,,,UNAVAILABLE,,,,,,,,,False,UNAVAILABLE,False
NCAAB_H2_1_AUSTIN_TRANSFER_V1,DISCOVERY,5c8c42fd3b9d2646,NCAAB_20260124_CIN_ASU,KXNCAAMBGAME-26JAN24CINASU-ASU,2,720,2026-01-25T04:15:00+00:00,PRE_ENTRY,False,PRE_ENTRY,PRE_80,HISTORICAL_RECONSTRUCT,ASKED_SIX_FIRST80,87,55,,,37,33,,,,,,,,,,,,,,UNAVAILABLE,,,,,,,,,False,UNAVAILABLE,False
NCAAB_H2_1_AUSTIN_TRANSFER_V1,DISCOVERY,5c8c42fd3b9d2646,NCAAB_20260124_CIN_ASU,KXNCAAMBGAME-26JAN24CINASU-ASU,2,600,2026-01-25T04:15:00+00:00,PRIMARY_GRID,True,,PRE_80,HISTORICAL_RECONSTRUCT,NONE,,55,,,37,33,INSUFFICIENT_SAMPLE,NO_ENTRY_IN_FITTED_SPACE,,,,95% CI — weighted bootstrap,25,,,,,0.30434782608695654,UNAVAILABLE,NOT_APPLICABLE,20,20,VALUE,False,False,,,,False,UNAVAILABLE,False
NCAAB_H2_1_AUSTIN_TRANSFER_V1,DISCOVERY,5c8c42fd3b9d2646,NCAAB_20260124_CIN_ASU,KXNCAAMBGAME-26JAN24CINASU-ASU,2,480,2026-01-25T04:48:44+00:00,PRIMARY_GRID,True,,POST_80,HISTORICAL_RECONSTRUCT,ASKED_SIX_FIRST80,87,91,4,187,64,57,OBSERVED,,5.138548364159042,-12.0,16.0,95% CI — weighted bootstrap,25,25,24.500603031168446,1.6031833166653817,1.5637764519149027,0.9710144927536232,OBSERVED,VALUE,20,,NOT_APPLICABLE,True,True,5.138548364159042,5.138548364159042,0.0,False,UNAVAILABLE,False
NCAAB_H2_1_AUSTIN_TRANSFER_V1,DISCOVERY,5c8c42fd3b9d2646,NCAAB_20260124_CIN_ASU,KXNCAAMBGAME-26JAN24CINASU-ASU,2,360,2026-01-25T04:54:30+00:00,PRIMARY_GRID,True,,POST_80,HISTORICAL_RECONSTRUCT,ASKED_SIX_FIRST80,87,67,-20,307,67,61,OBSERVED,,-18.327801498953512,-36.0,0.0,95% CI — weighted bootstrap,25,25,24.620211010797895,1.8278239095981272,1.768034676655783,0.9855072463768116,OBSERVED,VALUE,20,,NOT_APPLICABLE,True,True,5.138548364159042,-18.327801498953512,-23.466349863112555,False,UNAVAILABLE,False
NCAAB_H2_1_AUSTIN_TRANSFER_V1,DISCOVERY,5c8c42fd3b9d2646,NCAAB_20260124_CIN_ASU,KXNCAAMBGAME-26JAN24CINASU-ASU,2,240,2026-01-25T04:15:00+00:00,PRIMARY_GRID,True,,PRE_80,HISTORICAL_RECONSTRUCT,NONE,,55,,,37,33,INSUFFICIENT_SAMPLE,NO_ENTRY_IN_FITTED_SPACE,,,,95% CI — weighted bootstrap,25,,,,,0.30434782608695654,UNAVAILABLE,NOT_APPLICABLE,20,20,VALUE,False,False,5.138548364159042,,,False,UNAVAILABLE,False
NCAAB_H2_1_AUSTIN_TRANSFER_V1,DISCOVERY,5c8c42fd3b9d2646,NCAAB_20260124_CIN_ASU,KXNCAAMBGAME-26JAN24CINASU-ASU,2,120,2026-01-25T04:15:00+00:00,PRIMARY_GRID,True,,PRE_80,HISTORICAL_RECONSTRUCT,NONE,,55,,,37,33,INSUFFICIENT_SAMPLE,NO_ENTRY_IN_FITTED_SPACE,,,,95% CI — weighted bootstrap,25,,,,,0.30434782608695654,UNAVAILABLE,NOT_APPLICABLE,20,20,VALUE,False,False,5.138548364159042,,,False,UNAVAILABLE,False
NCAAB_H2_1_AUSTIN_TRANSFER_V1,DISCOVERY,5c8c42fd3b9d2646,NCAAB_20260124_CIN_ASU,KXNCAAMBGAME-26JAN24CINASU-ASU,2,0,2026-01-25T05:11:57+00:00,PRIMARY_GRID,True,,POST_80,HISTORICAL_RECONSTRUCT,ASKED_SIX_FIRST80,87,99,12,667,82,68,OBSERVED,,0.6233798291224804,-16.0,16.0,95% CI — weighted bootstrap,25,25,24.41691325734967,0.9679069564535583,0.9747363632153281,1.0,OBSERVED,VALUE,20,,NOT_APPLICABLE,True,True,5.138548364159042,0.6233798291224804,-4.515168535036562,False,UNAVAILABLE,False
NCAAB_H2_1_AUSTIN_TRANSFER_V1,DISCOVERY,5c8c42fd3b9d2646,NCAAB_20260124_CIN_ASU,KXNCAAMBGAME-26JAN24CINASU-ASU,2,667,2026-01-25T04:36:00+00:00,DIAGNOSTIC_EVENT,False,,POST_80,HISTORICAL_RECONSTRUCT,ASKED_SIX_FIRST80,87,76,-11,0,59,48,OBSERVED,,12.543249708375889,0.0,20.0,95% CI — weighted bootstrap,25,25,24.573190156552453,1.84322285614045,1.7695546456722955,0.7246376811594203,OBSERVED,VALUE,20,,NOT_APPLICABLE,True,True,5.138548364159042,12.543249708375889,7.404701344216847,False,UNAVAILABLE,False
NCAAB_H2_1_AUSTIN_TRANSFER_V1,DISCOVERY,5c8c42fd3b9d2646,NCAAB_20260124_CIN_ASU,KXNCAAMBGAME-26JAN24CINASU-ASU,2,391,2026-01-25T04:54:00+00:00,DIAGNOSTIC_EVENT,False,,POST_80,HISTORICAL_RECONSTRUCT,ASKED_SIX_FIRST80,87,75,-12,276,64,61,OBSERVED,,3.2178972158364187,-12.0,16.0,95% CI — weighted bootstrap,25,25,24.928168169977532,1.8367552895285195,1.809199878220766,0.9710144927536232,OBSERVED,VALUE,20,,NOT_APPLICABLE,True,True,5.138548364159042,3.2178972158364187,-1.920651148322623,False,UNAVAILABLE,False
NCAAB_H2_1_AUSTIN_TRANSFER_V1,DISCOVERY,4cdbb911b2751bd9,NCAAB_20260127_PUR_IND,KXNCAAMBGAME-26JAN27PURIND-IND,1,1200,2026-01-28T02:02:16+00:00,PRE_ENTRY,False,PRE_ENTRY,PRE_80,HISTORICAL_RECONSTRUCT,ASKED_SIX_FIRST80,80,32,,,0,0,,,,,,,,,,,,,,UNAVAILABLE,,,,,,,,,False,UNAVAILABLE,False
NCAAB_H2_1_AUSTIN_TRANSFER_V1,DISCOVERY,4cdbb911b2751bd9,NCAAB_20260127_PUR_IND,KXNCAAMBGAME-26JAN27PURIND-IND,1,1080,2026-01-28T02:02:16+00:00,PRE_ENTRY,False,PRE_ENTRY,PRE_80,HISTORICAL_RECONSTRUCT,ASKED_SIX_FIRST80,80,32,,,0,0,,,,,,,,,,,,,,UNAVAILABLE,,,,,,,,,False,UNAVAILABLE,False
NCAAB_H2_1_AUSTIN_TRANSFER_V1,DISCOVERY,4cdbb911b2751bd9,NCAAB_20260127_PUR_IND,KXNCAAMBGAME-26JAN27PURIND-IND,1,960,2026-01-28T02:02:16+00:00,PRE_ENTRY,False,PRE_ENTRY,PRE_80,HISTORICAL_RECONSTRUCT,ASKED_SIX_FIRST80,80,32,,,0,0,,,,,,,,,,,,,,UNAVAILABLE,,,,,,,,,False,UNAVAILABLE,False
NCAAB_H2_1_AUSTIN_TRANSFER_V1,DISCOVERY,4cdbb911b2751bd9,NCAAB_20260127_PUR_IND,KXNCAAMBGAME-26JAN27PURIND-IND,1,840,2026-01-28T02:02:16+00:00,PRE_ENTRY,False,PRE_ENTRY,PRE_80,HISTORICAL_RECONSTRUCT,ASKED_SIX_FIRST80,80,32,,,0,0,,,,,,,,,,,,,,UNAVAILABLE,,,,,,,,,False,UNAVAILABLE,False
NCAAB_H2_1_AUSTIN_TRANSFER_V1,DISCOVERY,4cdbb911b2751bd9,NCAAB_20260127_PUR_IND,KXNCAAMBGAME-26JAN27PURIND-IND,1,720,2026-01-28T02:02:16+00:00,PRE_ENTRY,False,PRE_ENTRY,PRE_80,HISTORICAL_RECONSTRUCT,ASKED_SIX_FIRST80,80,32,,,0,0,,,,,,,,,,,,,,UNAVAILABLE,,,,,,,,,False,UNAVAILABLE,False
NCAAB_H2_1_AUSTIN_TRANSFER_V1,DISCOVERY,4cdbb911b2751bd9,NCAAB_20260127_PUR_IND,KXNCAAMBGAME-26JAN27PURIND-IND,1,600,2026-01-28T02:02:16+00:00,PRE_ENTRY,False,PRE_ENTRY,PRE_80,HISTORICAL_RECONSTRUCT,ASKED_SIX_FIRST80,80,32,,,0,0,,,,,,,,,,,,,,UNAVAILABLE,,,,,,,,,False,UNAVAILABLE,False
NCAAB_H2_1_AUSTIN_TRANSFER_V1,DISCOVERY,4cdbb911b2751bd9,NCAAB_20260127_PUR_IND,KXNCAAMBGAME-26JAN27PURIND-IND,1,480,2026-01-28T02:02:16+00:00,PRE_ENTRY,False,PRE_ENTRY,PRE_80,HISTORICAL_RECONSTRUCT,ASKED_SIX_FIRST80,80,32,,,0,0,,,,,,,,,,,,,,UNAVAILABLE,,,,,,,,,False,UNAVAILABLE,False
NCAAB_H2_1_AUSTIN_TRANSFER_V1,DISCOVERY,4cdbb911b2751bd9,NCAAB_20260127_PUR_IND,KXNCAAMBGAME-26JAN27PURIND-IND,1,360,2026-01-28T02:02:16+00:00,PRE_ENTRY,False,PRE_ENTRY,PRE_80,HISTORICAL_RECONSTRUCT,ASKED_SIX_FIRST80,80,32,,,0,0,,,,,,,,,,,,,,UNAVAILABLE,,,,,,,,,False,UNAVAILABLE,False
NCAAB_H2_1_AUSTIN_TRANSFER_V1,DISCOVERY,4cdbb911b2751bd9,NCAAB_20260127_PUR_IND,KXNCAAMBGAME-26JAN27PURIND-IND,1,240,2026-01-28T02:39:03+00:00,PRE_ENTRY,False,PRE_ENTRY,PRE_80,HISTORICAL_RECONSTRUCT,ASKED_SIX_FIRST80,80,43,,,29,23,,,,,,,,,,,,,,UNAVAILABLE,,,,,,,,,False,UNAVAILABLE,False
NCAAB_H2_1_AUSTIN_TRANSFER_V1,DISCOVERY,4cdbb911b2751bd9,NCAAB_20260127_PUR_IND,KXNCAAMBGAME-26JAN27PURIND-IND,1,120,2026-01-28T02:02:16+00:00,PRE_ENTRY,False,PRE_ENTRY,PRE_80,HISTORICAL_RECONSTRUCT,ASKED_SIX_FIRST80,80,32,,,0,0,,,,,,,,,,,,,,UNAVAILABLE,,,,,,,,,False,UNAVAILABLE,False
NCAAB_H2_1_AUSTIN_TRANSFER_V1,DISCOVERY,4cdbb911b2751bd9,NCAAB_20260127_PUR_IND,KXNCAAMBGAME-26JAN27PURIND-IND,1,0,2026-01-28T02:48:27+00:00,PRE_ENTRY,False,PRE_ENTRY,PRE_80,HISTORICAL_RECONSTRUCT,ASKED_SIX_FIRST80,80,61,,,40,29,,,,,,,,,,,,,,UNAVAILABLE,,,,,,,,,False,UNAVAILABLE,False
NCAAB_H2_1_AUSTIN_TRANSFER_V1,DISCOVERY,4cdbb911b2751bd9,NCAAB_20260127_PUR_IND,KXNCAAMBGAME-26JAN27PURIND-IND,2,1200,2026-01-28T03:04:01+00:00,PRE_ENTRY,False,PRE_ENTRY,PRE_80,HISTORICAL_RECONSTRUCT,ASKED_SIX_FIRST80,80,70,,,40,29,,,,,,,,,,,,,,UNAVAILABLE,,,,,,,,,False,UNAVAILABLE,False
NCAAB_H2_1_AUSTIN_TRANSFER_V1,DISCOVERY,4cdbb911b2751bd9,NCAAB_20260127_PUR_IND,KXNCAAMBGAME-26JAN27PURIND-IND,2,1080,2026-01-28T03:04:01+00:00,PRE_ENTRY,False,PRE_ENTRY,PRE_80,HISTORICAL_RECONSTRUCT,ASKED_SIX_FIRST80,80,70,,,40,29,,,,,,,,,,,,,,UNAVAILABLE,,,,,,,,,False,UNAVAILABLE,False
NCAAB_H2_1_AUSTIN_TRANSFER_V1,DISCOVERY,4cdbb911b2751bd9,NCAAB_20260127_PUR_IND,KXNCAAMBGAME-26JAN27PURIND-IND,2,960,2026-01-28T03:04:01+00:00,PRIMARY_GRID,True,,PRE_80,HISTORICAL_RECONSTRUCT,NONE,,70,,,40,29,INSUFFICIENT_SAMPLE,NO_ENTRY_IN_FITTED_SPACE,,,,95% CI — weighted bootstrap,25,,,,,0.30434782608695654,UNAVAILABLE,NOT_APPLICABLE,20,20,VALUE,False,False,,,,False,UNAVAILABLE,False
NCAAB_H2_1_AUSTIN_TRANSFER_V1,DISCOVERY,4cdbb911b2751bd9,NCAAB_20260127_PUR_IND,KXNCAAMBGAME-26JAN27PURIND-IND,2,840,2026-01-28T03:04:01+00:00,PRIMARY_GRID,True,,PRE_80,HISTORICAL_RECONSTRUCT,NONE,,70,,,40,29,INSUFFICIENT_SAMPLE,NO_ENTRY_IN_FITTED_SPACE,,,,95% CI — weighted bootstrap,25,,,,,0.30434782608695654,UNAVAILABLE,NOT_APPLICABLE,20,20,VALUE,False,False,,,,False,UNAVAILABLE,False
NCAAB_H2_1_AUSTIN_TRANSFER_V1,DISCOVERY,4cdbb911b2751bd9,NCAAB_20260127_PUR_IND,KXNCAAMBGAME-26JAN27PURIND-IND,2,720,2026-01-28T03:04:01+00:00,PRIMARY_GRID,True,,PRE_80,HISTORICAL_RECONSTRUCT,NONE,,70,,,40,29,INSUFFICIENT_SAMPLE,NO_ENTRY_IN_FITTED_SPACE,,,,95% CI — weighted bootstrap,25,,,,,0.30434782608695654,UNAVAILABLE,NOT_APPLICABLE,20,20,VALUE,False,False,,,,False,UNAVAILABLE,False
NCAAB_H2_1_AUSTIN_TRANSFER_V1,DISCOVERY,4cdbb911b2751bd9,NCAAB_20260127_PUR_IND,KXNCAAMBGAME-26JAN27PURIND-IND,2,600,2026-01-28T03:04:01+00:00,PRIMARY_GRID,True,,PRE_80,HISTORICAL_RECONSTRUCT,NONE,,70,,,40,29,INSUFFICIENT_SAMPLE,NO_ENTRY_IN_FITTED_SPACE,,,,95% CI — weighted bootstrap,25,,,,,0.30434782608695654,UNAVAILABLE,NOT_APPLICABLE,20,20,VALUE,False,False,,,,False,UNAVAILABLE,False
NCAAB_H2_1_AUSTIN_TRANSFER_V1,DISCOVERY,4cdbb911b2751bd9,NCAAB_20260127_PUR_IND,KXNCAAMBGAME-26JAN27PURIND-IND,2,480,2026-01-28T03:04:01+00:00,PRIMARY_GRID,True,,PRE_80,HISTORICAL_RECONSTRUCT,NONE,,70,,,40,29,INSUFFICIENT_SAMPLE,NO_ENTRY_IN_FITTED_SPACE,,,,95% CI — weighted bootstrap,25,,,,,0.30434782608695654,UNAVAILABLE,NOT_APPLICABLE,20,20,VALUE,False,False,,,,False,UNAVAILABLE,False
NCAAB_H2_1_AUSTIN_TRANSFER_V1,DISCOVERY,4cdbb911b2751bd9,NCAAB_20260127_PUR_IND,KXNCAAMBGAME-26JAN27PURIND-IND,2,360,2026-01-28T03:36:46+00:00,PRIMARY_GRID,True,,POST_80,HISTORICAL_RECONSTRUCT,ASKED_SIX_FIRST80,80,84,4,683,63,53,OBSERVED,,16.03761193198993,8.0,20.0,95% CI — weighted bootstrap,25,25,24.033442079097103,0.3823318129434476,0.370347522460597,1.0,OBSERVED,VALUE,20,,NOT_APPLICABLE,True,True,16.03761193198993,16.03761193198993,0.0,False,UNAVAILABLE,False
NCAAB_H2_1_AUSTIN_TRANSFER_V1,DISCOVERY,4cdbb911b2751bd9,NCAAB_20260127_PUR_IND,KXNCAAMBGAME-26JAN27PURIND-IND,2,240,2026-01-28T03:42:26+00:00,PRIMARY_GRID,True,,POST_80,HISTORICAL_RECONSTRUCT,ASKED_SIX_FIRST80,80,85,5,803,65,58,OBSERVED,,20.000000000000004,20.0,20.0,95% CI — weighted bootstrap,25,25,24.85414535691798,0.3765106934620224,0.3718898440536473,1.0,OBSERVED,VALUE,20,,NOT_APPLICABLE,True,True,16.03761193198993,20.000000000000004,3.9623880680100747,False,UNAVAILABLE,False
NCAAB_H2_1_AUSTIN_TRANSFER_V1,DISCOVERY,4cdbb911b2751bd9,NCAAB_20260127_PUR_IND,KXNCAAMBGAME-26JAN27PURIND-IND,2,120,2026-01-28T03:04:01+00:00,PRIMARY_GRID,True,,PRE_80,HISTORICAL_RECONSTRUCT,NONE,,70,,,40,29,INSUFFICIENT_SAMPLE,NO_ENTRY_IN_FITTED_SPACE,,,,95% CI — weighted bootstrap,25,,,,,0.30434782608695654,UNAVAILABLE,NOT_APPLICABLE,20,20,VALUE,False,False,16.03761193198993,,,False,UNAVAILABLE,False
NCAAB_H2_1_AUSTIN_TRANSFER_V1,DISCOVERY,4cdbb911b2751bd9,NCAAB_20260127_PUR_IND,KXNCAAMBGAME-26JAN27PURIND-IND,2,0,2026-01-28T04:01:14+00:00,PRIMARY_GRID,True,,POST_80,HISTORICAL_RECONSTRUCT,ASKED_SIX_FIRST80,80,97,17,1043,72,67,OBSERVED,,20.0,20.0,20.0,95% CI — weighted bootstrap,25,25,24.556492423201004,0.8146399168149113,0.8059799417923921,1.0,OBSERVED,VALUE,20,,NOT_APPLICABLE,True,True,16.03761193198993,20.0,3.962388068010071,False,UNAVAILABLE,False
NCAAB_H2_1_AUSTIN_TRANSFER_V1,DISCOVERY,4cdbb911b2751bd9,NCAAB_20260127_PUR_IND,KXNCAAMBGAME-26JAN27PURIND-IND,2,1043,2026-01-28T03:08:00+00:00,DIAGNOSTIC_EVENT,False,,POST_80,HISTORICAL_RECONSTRUCT,ASKED_SIX_FIRST80,80,70,-10,0,45,34,OBSERVED,,19.999999999999996,20.0,20.0,95% CI — weighted bootstrap,25,25,24.939458505141623,1.0355507558334578,1.0585846606999207,0.7246376811594203,OBSERVED,VALUE,20,,NOT_APPLICABLE,True,True,16.03761193198993,19.999999999999996,3.9623880680100676,False,UNAVAILABLE,False
NCAAB_H2_1_AUSTIN_TRANSFER_V1,DISCOVERY,4cdbb911b2751bd9,NCAAB_20260127_PUR_IND,KXNCAAMBGAME-26JAN27PURIND-IND,2,924,2026-01-28T03:11:00+00:00,DIAGNOSTIC_EVENT,False,,POST_80,HISTORICAL_RECONSTRUCT,ASKED_SIX_FIRST80,80,71,-9,119,47,39,OBSERVED,,4.025044969104763,-12.0,16.0,95% CI — weighted bootstrap,25,25,24.890233510342146,0.8124361560529307,0.8023465005006233,0.8840579710144928,OBSERVED,VALUE,20,,NOT_APPLICABLE,True,True,16.03761193198993,4.025044969104763,-12.012566962885167,False,UNAVAILABLE,False
NCAAB_H2_1_AUSTIN_TRANSFER_V1,DISCOVERY,4cdbb911b2751bd9,NCAAB_20260127_PUR_IND,KXNCAAMBGAME-26JAN27PURIND-IND,2,861,2026-01-28T03:15:00+00:00,DIAGNOSTIC_EVENT,False,,POST_80,HISTORICAL_RECONSTRUCT,ASKED_SIX_FIRST80,80,65,-15,182,47,41,OBSERVED,,-8.747626567878353,-24.0,8.0,95% CI — weighted bootstrap,25,25,24.233800275136815,1.0051363783926202,0.9438256947211607,0.9710144927536232,OBSERVED,VALUE,20,,NOT_APPLICABLE,True,True,16.03761193198993,-8.747626567878353,-24.78523849986828,False,UNAVAILABLE,False
NCAAB_H2_1_AUSTIN_TRANSFER_V1,DISCOVERY,b96e5bfb6d2a3874,NCAAB_20260128_USC_IOWA,KXNCAAMBGAME-26JAN28USCIOWA-IOWA,1,1200,2026-01-29T00:01:51+00:00,PRE_ENTRY,False,PRE_ENTRY,PRE_80,HISTORICAL_RECONSTRUCT,ASKED_SIX_FIRST80,81,79,,,0,0,,,,,,,,,,,,,,UNAVAILABLE,,,,,,,,,False,UNAVAILABLE,False
NCAAB_H2_1_AUSTIN_TRANSFER_V1,DISCOVERY,b96e5bfb6d2a3874,NCAAB_20260128_USC_IOWA,KXNCAAMBGAME-26JAN28USCIOWA-IOWA,1,1080,2026-01-29T00:01:51+00:00,PRE_ENTRY,False,PRE_ENTRY,PRE_80,HISTORICAL_RECONSTRUCT,ASKED_SIX_FIRST80,81,79,,,0,0,,,,,,,,,,,,,,UNAVAILABLE,,,,,,,,,False,UNAVAILABLE,False
NCAAB_H2_1_AUSTIN_TRANSFER_V1,DISCOVERY,b96e5bfb6d2a3874,NCAAB_20260128_USC_IOWA,KXNCAAMBGAME-26JAN28USCIOWA-IOWA,1,960,2026-01-29T00:01:51+00:00,PRE_ENTRY,False,PRE_ENTRY,PRE_80,HISTORICAL_RECONSTRUCT,ASKED_SIX_FIRST80,81,79,,,0,0,,,,,,,,,,,,,,UNAVAILABLE,,,,,,,,,False,UNAVAILABLE,False
NCAAB_H2_1_AUSTIN_TRANSFER_V1,DISCOVERY,b96e5bfb6d2a3874,NCAAB_20260128_USC_IOWA,KXNCAAMBGAME-26JAN28USCIOWA-IOWA,1,840,2026-01-29T00:01:51+00:00,PRE_ENTRY,False,PRE_ENTRY,PRE_80,HISTORICAL_RECONSTRUCT,ASKED_SIX_FIRST80,81,79,,,0,0,,,,,,,,,,,,,,UNAVAILABLE,,,,,,,,,False,UNAVAILABLE,False
NCAAB_H2_1_AUSTIN_TRANSFER_V1,DISCOVERY,b96e5bfb6d2a3874,NCAAB_20260128_USC_IOWA,KXNCAAMBGAME-26JAN28USCIOWA-IOWA,1,720,2026-01-29T00:01:51+00:00,PRE_ENTRY,False,PRE_ENTRY,PRE_80,HISTORICAL_RECONSTRUCT,ASKED_SIX_FIRST80,81,79,,,0,0,,,,,,,,,,,,,,UNAVAILABLE,,,,,,,,,False,UNAVAILABLE,False
NCAAB_H2_1_AUSTIN_TRANSFER_V1,DISCOVERY,b96e5bfb6d2a3874,NCAAB_20260128_USC_IOWA,KXNCAAMBGAME-26JAN28USCIOWA-IOWA,1,600,2026-01-29T00:01:51+00:00,PRE_ENTRY,False,PRE_ENTRY,PRE_80,HISTORICAL_RECONSTRUCT,ASKED_SIX_FIRST80,81,79,,,0,0,,,,,,,,,,,,,,UNAVAILABLE,,,,,,,,,False,UNAVAILABLE,False
NCAAB_H2_1_AUSTIN_TRANSFER_V1,DISCOVERY,b96e5bfb6d2a3874,NCAAB_20260128_USC_IOWA,KXNCAAMBGAME-26JAN28USCIOWA-IOWA,1,480,2026-01-29T00:01:51+00:00,PRE_ENTRY,False,PRE_ENTRY,PRE_80,HISTORICAL_RECONSTRUCT,ASKED_SIX_FIRST80,81,79,,,0,0,,,,,,,,,,,,,,UNAVAILABLE,,,,,,,,,False,UNAVAILABLE,False
NCAAB_H2_1_AUSTIN_TRANSFER_V1,DISCOVERY,b96e5bfb6d2a3874,NCAAB_20260128_USC_IOWA,KXNCAAMBGAME-26JAN28USCIOWA-IOWA,1,360,2026-01-29T00:01:51+00:00,PRE_ENTRY,False,PRE_ENTRY,PRE_80,HISTORICAL_RECONSTRUCT,ASKED_SIX_FIRST80,81,79,,,0,0,,,,,,,,,,,,,,UNAVAILABLE,,,,,,,,,False,UNAVAILABLE,False
NCAAB_H2_1_AUSTIN_TRANSFER_V1,DISCOVERY,b96e5bfb6d2a3874,NCAAB_20260128_USC_IOWA,KXNCAAMBGAME-26JAN28USCIOWA-IOWA,1,240,2026-01-29T00:01:51+00:00,PRE_ENTRY,False,PRE_ENTRY,PRE_80,HISTORICAL_RECONSTRUCT,ASKED_SIX_FIRST80,81,79,,,0,0,,,,,,,,,,,,,,UNAVAILABLE,,,,,,,,,False,UNAVAILABLE,False
NCAAB_H2_1_AUSTIN_TRANSFER_V1,DISCOVERY,b96e5bfb6d2a3874,NCAAB_20260128_USC_IOWA,KXNCAAMBGAME-26JAN28USCIOWA-IOWA,1,120,2026-01-29T00:01:51+00:00,PRE_ENTRY,False,PRE_ENTRY,PRE_80,HISTORICAL_RECONSTRUCT,ASKED_SIX_FIRST80,81,79,,,0,0,,,,,,,,,,,,,,UNAVAILABLE,,,,,,,,,False,UNAVAILABLE,False
NCAAB_H2_1_AUSTIN_TRANSFER_V1,DISCOVERY,b96e5bfb6d2a3874,NCAAB_20260128_USC_IOWA,KXNCAAMBGAME-26JAN28USCIOWA-IOWA,1,0,2026-01-29T00:46:11+00:00,PRE_ENTRY,False,PRE_ENTRY,PRE_80,HISTORICAL_RECONSTRUCT,ASKED_SIX_FIRST80,81,70,,,27,28,,,,,,,,,,,,,,UNAVAILABLE,,,,,,,,,False,UNAVAILABLE,False
NCAAB_H2_1_AUSTIN_TRANSFER_V1,DISCOVERY,b96e5bfb6d2a3874,NCAAB_20260128_USC_IOWA,KXNCAAMBGAME-26JAN28USCIOWA-IOWA,2,1200,2026-01-29T01:02:56+00:00,PRE_ENTRY,False,PRE_ENTRY,PRE_80,HISTORICAL_RECONSTRUCT,ASKED_SIX_FIRST80,81,68,,,27,28,,,,,,,,,,,,,,UNAVAILABLE,,,,,,,,,False,UNAVAILABLE,False
NCAAB_H2_1_AUSTIN_TRANSFER_V1,DISCOVERY,b96e5bfb6d2a3874,NCAAB_20260128_USC_IOWA,KXNCAAMBGAME-26JAN28USCIOWA-IOWA,2,1080,2026-01-29T01:02:56+00:00,PRE_ENTRY,False,PRE_ENTRY,PRE_80,HISTORICAL_RECONSTRUCT,ASKED_SIX_FIRST80,81,68,,,27,28,,,,,,,,,,,,,,UNAVAILABLE,,,,,,,,,False,UNAVAILABLE,False
NCAAB_H2_1_AUSTIN_TRANSFER_V1,DISCOVERY,b96e5bfb6d2a3874,NCAAB_20260128_USC_IOWA,KXNCAAMBGAME-26JAN28USCIOWA-IOWA,2,960,2026-01-29T01:12:34+00:00,PRIMARY_GRID,True,,POST_80,HISTORICAL_RECONSTRUCT,ASKED_SIX_FIRST80,81,83,2,46,37,32,OBSERVED,,11.37115323775579,0.0,20.0,95% CI — weighted bootstrap,25,25,24.876842216781036,1.0278713961817245,0.9885132467836031,0.855072463768116,OBSERVED,VALUE,20,,NOT_APPLICABLE,True,True,11.37115323775579,11.37115323775579,0.0,False,UNAVAILABLE,False
NCAAB_H2_1_AUSTIN_TRANSFER_V1,DISCOVERY,b96e5bfb6d2a3874,NCAAB_20260128_USC_IOWA,KXNCAAMBGAME-26JAN28USCIOWA-IOWA,2,840,2026-01-29T01:02:56+00:00,PRIMARY_GRID,True,,PRE_80,HISTORICAL_RECONSTRUCT,NONE,,68,,,27,28,INSUFFICIENT_SAMPLE,NO_ENTRY_IN_FITTED_SPACE,,,,95% CI — weighted bootstrap,25,,,,,0.30434782608695654,UNAVAILABLE,NOT_APPLICABLE,20,20,VALUE,False,False,11.37115323775579,,,False,UNAVAILABLE,False
NCAAB_H2_1_AUSTIN_TRANSFER_V1,DISCOVERY,b96e5bfb6d2a3874,NCAAB_20260128_USC_IOWA,KXNCAAMBGAME-26JAN28USCIOWA-IOWA,2,720,2026-01-29T01:02:56+00:00,PRIMARY_GRID,True,,PRE_80,HISTORICAL_RECONSTRUCT,NONE,,68,,,27,28,INSUFFICIENT_SAMPLE,NO_ENTRY_IN_FITTED_SPACE,,,,95% CI — weighted bootstrap,25,,,,,0.30434782608695654,UNAVAILABLE,NOT_APPLICABLE,20,20,VALUE,False,False,11.37115323775579,,,False,UNAVAILABLE,False
NCAAB_H2_1_AUSTIN_TRANSFER_V1,DISCOVERY,b96e5bfb6d2a3874,NCAAB_20260128_USC_IOWA,KXNCAAMBGAME-26JAN28USCIOWA-IOWA,2,600,2026-01-29T01:02:56+00:00,PRIMARY_GRID,True,,PRE_80,HISTORICAL_RECONSTRUCT,NONE,,68,,,27,28,INSUFFICIENT_SAMPLE,NO_ENTRY_IN_FITTED_SPACE,,,,95% CI — weighted bootstrap,25,,,,,0.30434782608695654,UNAVAILABLE,NOT_APPLICABLE,20,20,VALUE,False,False,11.37115323775579,,,False,UNAVAILABLE,False
NCAAB_H2_1_AUSTIN_TRANSFER_V1,DISCOVERY,b96e5bfb6d2a3874,NCAAB_20260128_USC_IOWA,KXNCAAMBGAME-26JAN28USCIOWA-IOWA,2,480,2026-01-29T01:02:56+00:00,PRIMARY_GRID,True,,PRE_80,HISTORICAL_RECONSTRUCT,NONE,,68,,,27,28,INSUFFICIENT_SAMPLE,NO_ENTRY_IN_FITTED_SPACE,,,,95% CI — weighted bootstrap,25,,,,,0.30434782608695654,UNAVAILABLE,NOT_APPLICABLE,20,20,VALUE,False,False,11.37115323775579,,,False,UNAVAILABLE,False
NCAAB_H2_1_AUSTIN_TRANSFER_V1,DISCOVERY,b96e5bfb6d2a3874,NCAAB_20260128_USC_IOWA,KXNCAAMBGAME-26JAN28USCIOWA-IOWA,2,360,2026-01-29T01:02:56+00:00,PRIMARY_GRID,True,,PRE_80,HISTORICAL_RECONSTRUCT,NONE,,68,,,27,28,INSUFFICIENT_SAMPLE,NO_ENTRY_IN_FITTED_SPACE,,,,95% CI — weighted bootstrap,25,,,,,0.30434782608695654,UNAVAILABLE,NOT_APPLICABLE,20,20,VALUE,False,False,11.37115323775579,,,False,UNAVAILABLE,False
NCAAB_H2_1_AUSTIN_TRANSFER_V1,DISCOVERY,b96e5bfb6d2a3874,NCAAB_20260128_USC_IOWA,KXNCAAMBGAME-26JAN28USCIOWA-IOWA,2,240,2026-01-29T01:02:56+00:00,PRIMARY_GRID,True,,PRE_80,HISTORICAL_RECONSTRUCT,NONE,,68,,,27,28,INSUFFICIENT_SAMPLE,NO_ENTRY_IN_FITTED_SPACE,,,,95% CI — weighted bootstrap,25,,,,,0.30434782608695654,UNAVAILABLE,NOT_APPLICABLE,20,20,VALUE,False,False,11.37115323775579,,,False,UNAVAILABLE,False
NCAAB_H2_1_AUSTIN_TRANSFER_V1,DISCOVERY,b96e5bfb6d2a3874,NCAAB_20260128_USC_IOWA,KXNCAAMBGAME-26JAN28USCIOWA-IOWA,2,120,2026-01-29T01:02:56+00:00,PRIMARY_GRID,True,,PRE_80,HISTORICAL_RECONSTRUCT,NONE,,68,,,27,28,INSUFFICIENT_SAMPLE,NO_ENTRY_IN_FITTED_SPACE,,,,95% CI — weighted bootstrap,25,,,,,0.30434782608695654,UNAVAILABLE,NOT_APPLICABLE,20,20,VALUE,False,False,11.37115323775579,,,False,UNAVAILABLE,False
NCAAB_H2_1_AUSTIN_TRANSFER_V1,DISCOVERY,b96e5bfb6d2a3874,NCAAB_20260128_USC_IOWA,KXNCAAMBGAME-26JAN28USCIOWA-IOWA,2,0,2026-01-29T02:05:26+00:00,PRIMARY_GRID,True,,POST_80,HISTORICAL_RECONSTRUCT,ASKED_SIX_FIRST80,81,99,18,1006,73,72,OBSERVED,,19.999999999999993,20.0,20.0,95% CI — weighted bootstrap,25,25,24.97751146381808,1.2218630884134616,1.229322071931562,1.0,OBSERVED,VALUE,20,,NOT_APPLICABLE,True,True,11.37115323775579,19.999999999999993,8.628846762244203,False,UNAVAILABLE,False
NCAAB_H2_1_AUSTIN_TRANSFER_V1,DISCOVERY,b96e5bfb6d2a3874,NCAAB_20260128_USC_IOWA,KXNCAAMBGAME-26JAN28USCIOWA-IOWA,,,2026-01-27T22:54:00+00:00,DIAGNOSTIC_EVENT,False,,PRE_80,HISTORICAL_RECONSTRUCT,NONE,,77,,,,,INSUFFICIENT_SAMPLE,NO_ENTRY_IN_FITTED_SPACE,,,,95% CI — weighted bootstrap,25,,,,,0.057971014492753624,UNAVAILABLE,NOT_APPLICABLE,20,20,VALUE,False,False,11.37115323775579,,,False,UNAVAILABLE,False
NCAAB_H2_1_AUSTIN_TRANSFER_V1,DISCOVERY,b96e5bfb6d2a3874,NCAAB_20260128_USC_IOWA,KXNCAAMBGAME-26JAN28USCIOWA-IOWA,2,4,2026-01-29T02:03:00+00:00,DIAGNOSTIC_EVENT,False,,POST_80,HISTORICAL_RECONSTRUCT,ASKED_SIX_FIRST80,81,75,-6,1002,71,72,OBSERVED,,-47.94704652962692,-64.0,-28.0,95% CI — weighted bootstrap,25,25,24.552789685827467,0.7090843001393149,0.7410220782815512,1.0,OBSERVED,VALUE,20,,NOT_APPLICABLE,True,True,11.37115323775579,-47.94704652962692,-59.31819976738271,False,UNAVAILABLE,False
NCAAB_H2_1_AUSTIN_TRANSFER_V1,DISCOVERY,4a26bb0fc7fe9daa,NCAAB_20260131_SMU_LOU,KXNCAAMBGAME-26JAN31SMULOU-LOU,1,1200,2026-01-31T19:05:30+00:00,PRE_ENTRY,False,PRE_ENTRY,PRE_80,HISTORICAL_RECONSTRUCT,ASKED_SIX_FIRST80,82,84,,,0,0,,,,,,,,,,,,,,UNAVAILABLE,,,,,,,,,False,UNAVAILABLE,False
NCAAB_H2_1_AUSTIN_TRANSFER_V1,DISCOVERY,4a26bb0fc7fe9daa,NCAAB_20260131_SMU_LOU,KXNCAAMBGAME-26JAN31SMULOU-LOU,1,1080,2026-01-31T19:05:30+00:00,PRE_ENTRY,False,PRE_ENTRY,PRE_80,HISTORICAL_RECONSTRUCT,ASKED_SIX_FIRST80,82,84,,,0,0,,,,,,,,,,,,,,UNAVAILABLE,,,,,,,,,False,UNAVAILABLE,False
NCAAB_H2_1_AUSTIN_TRANSFER_V1,DISCOVERY,4a26bb0fc7fe9daa,NCAAB_20260131_SMU_LOU,KXNCAAMBGAME-26JAN31SMULOU-LOU,1,960,2026-01-31T19:05:30+00:00,PRE_ENTRY,False,PRE_ENTRY,PRE_80,HISTORICAL_RECONSTRUCT,ASKED_SIX_FIRST80,82,84,,,0,0,,,,,,,,,,,,,,UNAVAILABLE,,,,,,,,,False,UNAVAILABLE,False
NCAAB_H2_1_AUSTIN_TRANSFER_V1,DISCOVERY,4a26bb0fc7fe9daa,NCAAB_20260131_SMU_LOU,KXNCAAMBGAME-26JAN31SMULOU-LOU,1,840,2026-01-31T19:05:30+00:00,PRE_ENTRY,False,PRE_ENTRY,PRE_80,HISTORICAL_RECONSTRUCT,ASKED_SIX_FIRST80,82,84,,,0,0,,,,,,,,,,,,,,UNAVAILABLE,,,,,,,,,False,UNAVAILABLE,False
NCAAB_H2_1_AUSTIN_TRANSFER_V1,DISCOVERY,4a26bb0fc7fe9daa,NCAAB_20260131_SMU_LOU,KXNCAAMBGAME-26JAN31SMULOU-LOU,1,720,2026-01-31T19:23:14+00:00,PRE_ENTRY,False,PRE_ENTRY,PRE_80,HISTORICAL_RECONSTRUCT,ASKED_SIX_FIRST80,82,59,,,13,21,,,,,,,,,,,,,,UNAVAILABLE,,,,,,,,,False,UNAVAILABLE,False
NCAAB_H2_1_AUSTIN_TRANSFER_V1,DISCOVERY,4a26bb0fc7fe9daa,NCAAB_20260131_SMU_LOU,KXNCAAMBGAME-26JAN31SMULOU-LOU,1,600,2026-01-31T19:05:30+00:00,PRE_ENTRY,False,PRE_ENTRY,PRE_80,HISTORICAL_RECONSTRUCT,ASKED_SIX_FIRST80,82,84,,,0,0,,,,,,,,,,,,,,UNAVAILABLE,,,,,,,,,False,UNAVAILABLE,False
NCAAB_H2_1_AUSTIN_TRANSFER_V1,DISCOVERY,4a26bb0fc7fe9daa,NCAAB_20260131_SMU_LOU,KXNCAAMBGAME-26JAN31SMULOU-LOU,1,480,2026-01-31T19:05:30+00:00,PRE_ENTRY,False,PRE_ENTRY,PRE_80,HISTORICAL_RECONSTRUCT,ASKED_SIX_FIRST80,82,84,,,0,0,,,,,,,,,,,,,,UNAVAILABLE,,,,,,,,,False,UNAVAILABLE,False
NCAAB_H2_1_AUSTIN_TRANSFER_V1,DISCOVERY,4a26bb0fc7fe9daa,NCAAB_20260131_SMU_LOU,KXNCAAMBGAME-26JAN31SMULOU-LOU,1,360,2026-01-31T19:40:39+00:00,PRE_ENTRY,False,PRE_ENTRY,PRE_80,HISTORICAL_RECONSTRUCT,ASKED_SIX_FIRST80,82,60,,,25,33,,,,,,,,,,,,,,UNAVAILABLE,,,,,,,,,False,UNAVAILABLE,False
NCAAB_H2_1_AUSTIN_TRANSFER_V1,DISCOVERY,4a26bb0fc7fe9daa,NCAAB_20260131_SMU_LOU,KXNCAAMBGAME-26JAN31SMULOU-LOU,1,240,2026-01-31T19:47:51+00:00,PRE_ENTRY,False,PRE_ENTRY,PRE_80,HISTORICAL_RECONSTRUCT,ASKED_SIX_FIRST80,82,60,,,31,37,,,,,,,,,,,,,,UNAVAILABLE,,,,,,,,,False,UNAVAILABLE,False
NCAAB_H2_1_AUSTIN_TRANSFER_V1,DISCOVERY,4a26bb0fc7fe9daa,NCAAB_20260131_SMU_LOU,KXNCAAMBGAME-26JAN31SMULOU-LOU,1,120,2026-01-31T19:05:30+00:00,PRE_ENTRY,False,PRE_ENTRY,PRE_80,HISTORICAL_RECONSTRUCT,ASKED_SIX_FIRST80,82,84,,,0,0,,,,,,,,,,,,,,UNAVAILABLE,,,,,,,,,False,UNAVAILABLE,False
NCAAB_H2_1_AUSTIN_TRANSFER_V1,DISCOVERY,4a26bb0fc7fe9daa,NCAAB_20260131_SMU_LOU,KXNCAAMBGAME-26JAN31SMULOU-LOU,1,0,2026-01-31T19:56:05+00:00,PRE_ENTRY,False,PRE_ENTRY,PRE_80,HISTORICAL_RECONSTRUCT,ASKED_SIX_FIRST80,82,60,,,44,47,,,,,,,,,,,,,,UNAVAILABLE,,,,,,,,,False,UNAVAILABLE,False
NCAAB_H2_1_AUSTIN_TRANSFER_V1,DISCOVERY,4a26bb0fc7fe9daa,NCAAB_20260131_SMU_LOU,KXNCAAMBGAME-26JAN31SMULOU-LOU,2,1200,2026-01-31T20:09:38+00:00,PRE_ENTRY,False,PRE_ENTRY,PRE_80,HISTORICAL_RECONSTRUCT,ASKED_SIX_FIRST80,82,65,,,44,47,,,,,,,,,,,,,,UNAVAILABLE,,,,,,,,,False,UNAVAILABLE,False
NCAAB_H2_1_AUSTIN_TRANSFER_V1,DISCOVERY,4a26bb0fc7fe9daa,NCAAB_20260131_SMU_LOU,KXNCAAMBGAME-26JAN31SMULOU-LOU,2,1080,2026-01-31T20:09:38+00:00,PRE_ENTRY,False,PRE_ENTRY,PRE_80,HISTORICAL_RECONSTRUCT,ASKED_SIX_FIRST80,82,65,,,44,47,,,,,,,,,,,,,,UNAVAILABLE,,,,,,,,,False,UNAVAILABLE,False
NCAAB_H2_1_AUSTIN_TRANSFER_V1,DISCOVERY,4a26bb0fc7fe9daa,NCAAB_20260131_SMU_LOU,KXNCAAMBGAME-26JAN31SMULOU-LOU,2,960,2026-01-31T20:23:32+00:00,PRE_ENTRY,False,PRE_ENTRY,PRE_80,HISTORICAL_RECONSTRUCT,ASKED_SIX_FIRST80,82,69,,,49,49,,,,,,,,,,,,,,UNAVAILABLE,,,,,,,,,False,UNAVAILABLE,False
NCAAB_H2_1_AUSTIN_TRANSFER_V1,DISCOVERY,4a26bb0fc7fe9daa,NCAAB_20260131_SMU_LOU,KXNCAAMBGAME-26JAN31SMULOU-LOU,2,840,2026-01-31T20:09:38+00:00,PRIMARY_GRID,True,,PRE_80,HISTORICAL_RECONSTRUCT,NONE,,65,,,44,47,INSUFFICIENT_SAMPLE,NO_ENTRY_IN_FITTED_SPACE,,,,95% CI — weighted bootstrap,25,,,,,0.30434782608695654,UNAVAILABLE,NOT_APPLICABLE,20,20,VALUE,False,False,,,,False,UNAVAILABLE,False
NCAAB_H2_1_AUSTIN_TRANSFER_V1,DISCOVERY,4a26bb0fc7fe9daa,NCAAB_20260131_SMU_LOU,KXNCAAMBGAME-26JAN31SMULOU-LOU,2,720,2026-01-31T20:09:38+00:00,PRIMARY_GRID,True,,PRE_80,HISTORICAL_RECONSTRUCT,NONE,,65,,,44,47,INSUFFICIENT_SAMPLE,NO_ENTRY_IN_FITTED_SPACE,,,,95% CI — weighted bootstrap,25,,,,,0.30434782608695654,UNAVAILABLE,NOT_APPLICABLE,20,20,VALUE,False,False,,,,False,UNAVAILABLE,False
NCAAB_H2_1_AUSTIN_TRANSFER_V1,DISCOVERY,4a26bb0fc7fe9daa,NCAAB_20260131_SMU_LOU,KXNCAAMBGAME-26JAN31SMULOU-LOU,2,600,2026-01-31T20:09:38+00:00,PRIMARY_GRID,True,,PRE_80,HISTORICAL_RECONSTRUCT,NONE,,65,,,44,47,INSUFFICIENT_SAMPLE,NO_ENTRY_IN_FITTED_SPACE,,,,95% CI — weighted bootstrap,25,,,,,0.30434782608695654,UNAVAILABLE,NOT_APPLICABLE,20,20,VALUE,False,False,,,,False,UNAVAILABLE,False
NCAAB_H2_1_AUSTIN_TRANSFER_V1,DISCOVERY,4a26bb0fc7fe9daa,NCAAB_20260131_SMU_LOU,KXNCAAMBGAME-26JAN31SMULOU-LOU,2,480,2026-01-31T20:09:38+00:00,PRIMARY_GRID,True,,PRE_80,HISTORICAL_RECONSTRUCT,NONE,,65,,,44,47,INSUFFICIENT_SAMPLE,NO_ENTRY_IN_FITTED_SPACE,,,,95% CI — weighted bootstrap,25,,,,,0.30434782608695654,UNAVAILABLE,NOT_APPLICABLE,20,20,VALUE,False,False,,,,False,UNAVAILABLE,False
NCAAB_H2_1_AUSTIN_TRANSFER_V1,DISCOVERY,4a26bb0fc7fe9daa,NCAAB_20260131_SMU_LOU,KXNCAAMBGAME-26JAN31SMULOU-LOU,2,360,2026-01-31T20:09:38+00:00,PRIMARY_GRID,True,,PRE_80,HISTORICAL_RECONSTRUCT,NONE,,65,,,44,47,INSUFFICIENT_SAMPLE,NO_ENTRY_IN_FITTED_SPACE,,,,95% CI — weighted bootstrap,25,,,,,0.30434782608695654,UNAVAILABLE,NOT_APPLICABLE,20,20,VALUE,False,False,,,,False,UNAVAILABLE,False
NCAAB_H2_1_AUSTIN_TRANSFER_V1,DISCOVERY,4a26bb0fc7fe9daa,NCAAB_20260131_SMU_LOU,KXNCAAMBGAME-26JAN31SMULOU-LOU,2,240,2026-01-31T20:09:38+00:00,PRIMARY_GRID,True,,PRE_80,HISTORICAL_RECONSTRUCT,NONE,,65,,,44,47,INSUFFICIENT_SAMPLE,NO_ENTRY_IN_FITTED_SPACE,,,,95% CI — weighted bootstrap,25,,,,,0.30434782608695654,UNAVAILABLE,NOT_APPLICABLE,20,20,VALUE,False,False,,,,False,UNAVAILABLE,False
NCAAB_H2_1_AUSTIN_TRANSFER_V1,DISCOVERY,4a26bb0fc7fe9daa,NCAAB_20260131_SMU_LOU,KXNCAAMBGAME-26JAN31SMULOU-LOU,2,120,2026-01-31T20:09:38+00:00,PRIMARY_GRID,True,,PRE_80,HISTORICAL_RECONSTRUCT,NONE,,65,,,44,47,INSUFFICIENT_SAMPLE,NO_ENTRY_IN_FITTED_SPACE,,,,95% CI — weighted bootstrap,25,,,,,0.30434782608695654,UNAVAILABLE,NOT_APPLICABLE,20,20,VALUE,False,False,,,,False,UNAVAILABLE,False
NCAAB_H2_1_AUSTIN_TRANSFER_V1,DISCOVERY,4a26bb0fc7fe9daa,NCAAB_20260131_SMU_LOU,KXNCAAMBGAME-26JAN31SMULOU-LOU,2,0,2026-01-31T21:14:07+00:00,PRIMARY_GRID,True,,POST_80,HISTORICAL_RECONSTRUCT,ASKED_SIX_FIRST80,82,99,17,841,88,74,OBSERVED,,20.0,20.0,20.0,95% CI — weighted bootstrap,25,25,24.71982940041054,0.5002623777528937,0.5344574895403672,1.0,OBSERVED,VALUE,20,,NOT_APPLICABLE,True,True,20.0,20.0,0.0,False,UNAVAILABLE,False
NCAAB_H2_1_AUSTIN_TRANSFER_V1,DISCOVERY,4a26bb0fc7fe9daa,NCAAB_20260131_SMU_LOU,KXNCAAMBGAME-26JAN31SMULOU-LOU,,,2026-01-30T16:54:00+00:00,DIAGNOSTIC_EVENT,False,,PRE_80,HISTORICAL_RECONSTRUCT,NONE,,74,,,,,INSUFFICIENT_SAMPLE,NO_ENTRY_IN_FITTED_SPACE,,,,95% CI — weighted bootstrap,25,,,,,0.057971014492753624,UNAVAILABLE,NOT_APPLICABLE,20,20,VALUE,False,False,20.0,,,False,UNAVAILABLE,False
NCAAB_H2_1_AUSTIN_TRANSFER_V1,DISCOVERY,4a26bb0fc7fe9daa,NCAAB_20260131_SMU_LOU,KXNCAAMBGAME-26JAN31SMULOU-LOU,2,624,2026-01-31T20:45:00+00:00,DIAGNOSTIC_EVENT,False,,POST_80,HISTORICAL_RECONSTRUCT,ASKED_SIX_FIRST80,82,71,-11,217,59,58,OBSERVED,,4.651324045398982,-8.099999999999909,16.0,95% CI — weighted bootstrap,25,25,24.519082195691123,0.9081122720726049,0.900653999906164,0.9710144927536232,OBSERVED,VALUE,20,,NOT_APPLICABLE,True,True,20.0,4.651324045398982,-15.348675954601017,False,UNAVAILABLE,False
NCAAB_H2_1_AUSTIN_TRANSFER_V1,DISCOVERY,723791053b9d29ed,NCAAB_20260131_BAY_WVU,KXNCAAMBGAME-26JAN31BAYWVU-BAY,1,1200,2026-01-31T21:06:54+00:00,PRE_ENTRY,False,PRE_ENTRY,PRE_80,HISTORICAL_RECONSTRUCT,ASKED_SIX_FIRST80,81,43,,,0,0,,,,,,,,,,,,,,UNAVAILABLE,,,,,,,,,False,UNAVAILABLE,False
NCAAB_H2_1_AUSTIN_TRANSFER_V1,DISCOVERY,723791053b9d29ed,NCAAB_20260131_BAY_WVU,KXNCAAMBGAME-26JAN31BAYWVU-BAY,1,1080,2026-01-31T21:06:54+00:00,PRE_ENTRY,False,PRE_ENTRY,PRE_80,HISTORICAL_RECONSTRUCT,ASKED_SIX_FIRST80,81,43,,,0,0,,,,,,,,,,,,,,UNAVAILABLE,,,,,,,,,False,UNAVAILABLE,False
NCAAB_H2_1_AUSTIN_TRANSFER_V1,DISCOVERY,723791053b9d29ed,NCAAB_20260131_BAY_WVU,KXNCAAMBGAME-26JAN31BAYWVU-BAY,1,960,2026-01-31T21:06:54+00:00,PRE_ENTRY,False,PRE_ENTRY,PRE_80,HISTORICAL_RECONSTRUCT,ASKED_SIX_FIRST80,81,43,,,0,0,,,,,,,,,,,,,,UNAVAILABLE,,,,,,,,,False,UNAVAILABLE,False
NCAAB_H2_1_AUSTIN_TRANSFER_V1,DISCOVERY,723791053b9d29ed,NCAAB_20260131_BAY_WVU,KXNCAAMBGAME-26JAN31BAYWVU-BAY,1,840,2026-01-31T21:20:42+00:00,PRE_ENTRY,False,PRE_ENTRY,PRE_80,HISTORICAL_RECONSTRUCT,ASKED_SIX_FIRST80,81,61,,,8,15,,,,,,,,,,,,,,UNAVAILABLE,,,,,,,,,False,UNAVAILABLE,False
NCAAB_H2_1_AUSTIN_TRANSFER_V1,DISCOVERY,723791053b9d29ed,NCAAB_20260131_BAY_WVU,KXNCAAMBGAME-26JAN31BAYWVU-BAY,1,720,2026-01-31T21:06:54+00:00,PRE_ENTRY,False,PRE_ENTRY,PRE_80,HISTORICAL_RECONSTRUCT,ASKED_SIX_FIRST80,81,43,,,0,0,,,,,,,,,,,,,,UNAVAILABLE,,,,,,,,,False,UNAVAILABLE,False
NCAAB_H2_1_AUSTIN_TRANSFER_V1,DISCOVERY,723791053b9d29ed,NCAAB_20260131_BAY_WVU,KXNCAAMBGAME-26JAN31BAYWVU-BAY,1,600,2026-01-31T21:31:48+00:00,PRE_ENTRY,False,PRE_ENTRY,PRE_80,HISTORICAL_RECONSTRUCT,ASKED_SIX_FIRST80,81,44,,,14,15,,,,,,,,,,,,,,UNAVAILABLE,,,,,,,,,False,UNAVAILABLE,False
NCAAB_H2_1_AUSTIN_TRANSFER_V1,DISCOVERY,723791053b9d29ed,NCAAB_20260131_BAY_WVU,KXNCAAMBGAME-26JAN31BAYWVU-BAY,1,480,2026-01-31T21:06:54+00:00,PRE_ENTRY,False,PRE_ENTRY,PRE_80,HISTORICAL_RECONSTRUCT,ASKED_SIX_FIRST80,81,43,,,0,0,,,,,,,,,,,,,,UNAVAILABLE,,,,,,,,,False,UNAVAILABLE,False
NCAAB_H2_1_AUSTIN_TRANSFER_V1,DISCOVERY,723791053b9d29ed,NCAAB_20260131_BAY_WVU,KXNCAAMBGAME-26JAN31BAYWVU-BAY,1,360,2026-01-31T21:06:54+00:00,PRE_ENTRY,False,PRE_ENTRY,PRE_80,HISTORICAL_RECONSTRUCT,ASKED_SIX_FIRST80,81,43,,,0,0,,,,,,,,,,,,,,UNAVAILABLE,,,,,,,,,False,UNAVAILABLE,False
NCAAB_H2_1_AUSTIN_TRANSFER_V1,DISCOVERY,723791053b9d29ed,NCAAB_20260131_BAY_WVU,KXNCAAMBGAME-26JAN31BAYWVU-BAY,1,240,2026-01-31T21:06:54+00:00,PRE_ENTRY,False,PRE_ENTRY,PRE_80,HISTORICAL_RECONSTRUCT,ASKED_SIX_FIRST80,81,43,,,0,0,,,,,,,,,,,,,,UNAVAILABLE,,,,,,,,,False,UNAVAILABLE,False
NCAAB_H2_1_AUSTIN_TRANSFER_V1,DISCOVERY,723791053b9d29ed,NCAAB_20260131_BAY_WVU,KXNCAAMBGAME-26JAN31BAYWVU-BAY,1,120,2026-01-31T21:06:54+00:00,PRE_ENTRY,False,PRE_ENTRY,PRE_80,HISTORICAL_RECONSTRUCT,ASKED_SIX_FIRST80,81,43,,,0,0,,,,,,,,,,,,,,UNAVAILABLE,,,,,,,,,False,UNAVAILABLE,False
NCAAB_H2_1_AUSTIN_TRANSFER_V1,DISCOVERY,723791053b9d29ed,NCAAB_20260131_BAY_WVU,KXNCAAMBGAME-26JAN31BAYWVU-BAY,1,0,2026-01-31T21:58:11+00:00,PRE_ENTRY,False,PRE_ENTRY,PRE_80,HISTORICAL_RECONSTRUCT,ASKED_SIX_FIRST80,81,69,,,30,38,,,,,,,,,,,,,,UNAVAILABLE,,,,,,,,,False,UNAVAILABLE,False
NCAAB_H2_1_AUSTIN_TRANSFER_V1,DISCOVERY,723791053b9d29ed,NCAAB_20260131_BAY_WVU,KXNCAAMBGAME-26JAN31BAYWVU-BAY,2,1200,2026-01-31T22:13:37+00:00,PRE_ENTRY,False,PRE_ENTRY,PRE_80,HISTORICAL_RECONSTRUCT,ASKED_SIX_FIRST80,81,68,,,30,38,,,,,,,,,,,,,,UNAVAILABLE,,,,,,,,,False,UNAVAILABLE,False
NCAAB_H2_1_AUSTIN_TRANSFER_V1,DISCOVERY,723791053b9d29ed,NCAAB_20260131_BAY_WVU,KXNCAAMBGAME-26JAN31BAYWVU-BAY,2,1080,2026-01-31T22:13:37+00:00,PRIMARY_GRID,True,,PRE_80,HISTORICAL_RECONSTRUCT,NONE,,68,,,30,38,INSUFFICIENT_SAMPLE,NO_ENTRY_IN_FITTED_SPACE,,,,95% CI — weighted bootstrap,25,,,,,0.30434782608695654,UNAVAILABLE,NOT_APPLICABLE,20,20,VALUE,False,False,,,,False,UNAVAILABLE,False
NCAAB_H2_1_AUSTIN_TRANSFER_V1,DISCOVERY,723791053b9d29ed,NCAAB_20260131_BAY_WVU,KXNCAAMBGAME-26JAN31BAYWVU-BAY,2,960,2026-01-31T22:13:37+00:00,PRIMARY_GRID,True,,PRE_80,HISTORICAL_RECONSTRUCT,NONE,,68,,,30,38,INSUFFICIENT_SAMPLE,NO_ENTRY_IN_FITTED_SPACE,,,,95% CI — weighted bootstrap,25,,,,,0.30434782608695654,UNAVAILABLE,NOT_APPLICABLE,20,20,VALUE,False,False,,,,False,UNAVAILABLE,False
NCAAB_H2_1_AUSTIN_TRANSFER_V1,DISCOVERY,723791053b9d29ed,NCAAB_20260131_BAY_WVU,KXNCAAMBGAME-26JAN31BAYWVU-BAY,2,840,2026-01-31T22:13:37+00:00,PRIMARY_GRID,True,,PRE_80,HISTORICAL_RECONSTRUCT,NONE,,68,,,30,38,INSUFFICIENT_SAMPLE,NO_ENTRY_IN_FITTED_SPACE,,,,95% CI — weighted bootstrap,25,,,,,0.30434782608695654,UNAVAILABLE,NOT_APPLICABLE,20,20,VALUE,False,False,,,,False,UNAVAILABLE,False
NCAAB_H2_1_AUSTIN_TRANSFER_V1,DISCOVERY,723791053b9d29ed,NCAAB_20260131_BAY_WVU,KXNCAAMBGAME-26JAN31BAYWVU-BAY,2,720,2026-01-31T22:13:37+00:00,PRIMARY_GRID,True,,PRE_80,HISTORICAL_RECONSTRUCT,NONE,,68,,,30,38,INSUFFICIENT_SAMPLE,NO_ENTRY_IN_FITTED_SPACE,,,,95% CI — weighted bootstrap,25,,,,,0.30434782608695654,UNAVAILABLE,NOT_APPLICABLE,20,20,VALUE,False,False,,,,False,UNAVAILABLE,False
NCAAB_H2_1_AUSTIN_TRANSFER_V1,DISCOVERY,723791053b9d29ed,NCAAB_20260131_BAY_WVU,KXNCAAMBGAME-26JAN31BAYWVU-BAY,2,600,2026-01-31T22:13:37+00:00,PRIMARY_GRID,True,,PRE_80,HISTORICAL_RECONSTRUCT,NONE,,68,,,30,38,INSUFFICIENT_SAMPLE,NO_ENTRY_IN_FITTED_SPACE,,,,95% CI — weighted bootstrap,25,,,,,0.30434782608695654,UNAVAILABLE,NOT_APPLICABLE,20,20,VALUE,False,False,,,,False,UNAVAILABLE,False
NCAAB_H2_1_AUSTIN_TRANSFER_V1,DISCOVERY,723791053b9d29ed,NCAAB_20260131_BAY_WVU,KXNCAAMBGAME-26JAN31BAYWVU-BAY,2,480,2026-01-31T22:13:37+00:00,PRIMARY_GRID,True,,PRE_80,HISTORICAL_RECONSTRUCT,NONE,,68,,,30,38,INSUFFICIENT_SAMPLE,NO_ENTRY_IN_FITTED_SPACE,,,,95% CI — weighted bootstrap,25,,,,,0.30434782608695654,UNAVAILABLE,NOT_APPLICABLE,20,20,VALUE,False,False,,,,False,UNAVAILABLE,False
NCAAB_H2_1_AUSTIN_TRANSFER_V1,DISCOVERY,723791053b9d29ed,NCAAB_20260131_BAY_WVU,KXNCAAMBGAME-26JAN31BAYWVU-BAY,2,360,2026-01-31T22:13:37+00:00,PRIMARY_GRID,True,,PRE_80,HISTORICAL_RECONSTRUCT,NONE,,68,,,30,38,INSUFFICIENT_SAMPLE,NO_ENTRY_IN_FITTED_SPACE,,,,95% CI — weighted bootstrap,25,,,,,0.30434782608695654,UNAVAILABLE,NOT_APPLICABLE,20,20,VALUE,False,False,,,,False,UNAVAILABLE,False
NCAAB_H2_1_AUSTIN_TRANSFER_V1,DISCOVERY,723791053b9d29ed,NCAAB_20260131_BAY_WVU,KXNCAAMBGAME-26JAN31BAYWVU-BAY,2,240,2026-01-31T22:13:37+00:00,PRIMARY_GRID,True,,PRE_80,HISTORICAL_RECONSTRUCT,NONE,,68,,,30,38,INSUFFICIENT_SAMPLE,NO_ENTRY_IN_FITTED_SPACE,,,,95% CI — weighted bootstrap,25,,,,,0.30434782608695654,UNAVAILABLE,NOT_APPLICABLE,20,20,VALUE,False,False,,,,False,UNAVAILABLE,False
NCAAB_H2_1_AUSTIN_TRANSFER_V1,DISCOVERY,723791053b9d29ed,NCAAB_20260131_BAY_WVU,KXNCAAMBGAME-26JAN31BAYWVU-BAY,2,120,2026-01-31T22:13:37+00:00,PRIMARY_GRID,True,,PRE_80,HISTORICAL_RECONSTRUCT,NONE,,68,,,30,38,INSUFFICIENT_SAMPLE,NO_ENTRY_IN_FITTED_SPACE,,,,95% CI — weighted bootstrap,25,,,,,0.30434782608695654,UNAVAILABLE,NOT_APPLICABLE,20,20,VALUE,False,False,,,,False,UNAVAILABLE,False
NCAAB_H2_1_AUSTIN_TRANSFER_V1,DISCOVERY,723791053b9d29ed,NCAAB_20260131_BAY_WVU,KXNCAAMBGAME-26JAN31BAYWVU-BAY,2,0,2026-01-31T23:17:49+00:00,PRIMARY_GRID,True,,POST_80,HISTORICAL_RECONSTRUCT,ASKED_SIX_FIRST80,81,99,18,1116,53,63,OBSERVED,,20.0,20.0,20.0,95% CI — weighted bootstrap,25,25,24.98790794987949,0.6879003628644859,0.6894366976846815,1.0,OBSERVED,VALUE,20,,NOT_APPLICABLE,True,True,20.0,20.0,0.0,False,UNAVAILABLE,False
NCAAB_H2_1_AUSTIN_TRANSFER_V1,DISCOVERY,723791053b9d29ed,NCAAB_20260131_BAY_WVU,KXNCAAMBGAME-26JAN31BAYWVU-BAY,2,1116,2026-01-31T22:17:00+00:00,DIAGNOSTIC_EVENT,False,,POST_80,HISTORICAL_RECONSTRUCT,ASKED_SIX_FIRST80,81,77,-4,0,30,42,OBSERVED,,20.000000000000004,20.0,20.0,95% CI — weighted bootstrap,25,25,24.9541155577506,1.306946728318285,1.3107138999855468,0.7246376811594203,OBSERVED,VALUE,20,,NOT_APPLICABLE,True,True,20.0,20.000000000000004,3.552713678800501e-15,False,UNAVAILABLE,False
NCAAB_H2_1_AUSTIN_TRANSFER_V1,DISCOVERY,723791053b9d29ed,NCAAB_20260131_BAY_WVU,KXNCAAMBGAME-26JAN31BAYWVU-BAY,2,913,2026-01-31T22:30:00+00:00,DIAGNOSTIC_EVENT,False,,POST_80,HISTORICAL_RECONSTRUCT,ASKED_SIX_FIRST80,81,72,-9,203,38,43,OBSERVED,,-17.021433344086528,-36.0,0.0,95% CI — weighted bootstrap,25,25,24.88320510213459,1.022541863481254,0.9968345788581281,0.9710144927536232,OBSERVED,VALUE,20,,NOT_APPLICABLE,True,True,20.0,-17.021433344086528,-37.02143334408653,False,UNAVAILABLE,False
NCAAB_H2_1_AUSTIN_TRANSFER_V1,DISCOVERY,723791053b9d29ed,NCAAB_20260131_BAY_WVU,KXNCAAMBGAME-26JAN31BAYWVU-BAY,2,663,2026-01-31T22:39:00+00:00,DIAGNOSTIC_EVENT,False,,POST_80,HISTORICAL_RECONSTRUCT,ASKED_SIX_FIRST80,81,64,-17,453,44,47,OBSERVED,,-11.614110526992505,-32.0,4.0,95% CI — weighted bootstrap,25,25,24.326792614799885,0.7845203608649398,0.7562867832978233,0.9855072463768116,OBSERVED,VALUE,20,,NOT_APPLICABLE,True,True,20.0,-11.614110526992505,-31.614110526992505,False,UNAVAILABLE,False
NCAAB_H2_1_AUSTIN_TRANSFER_V1,DISCOVERY,b5f0cea7155c4ba5,NCAAB_20260131_CAL_MIA,KXNCAAMBGAME-26JAN31CALMIA-MIA,1,1200,2026-01-31T21:05:51+00:00,PRE_ENTRY,False,PRE_ENTRY,PRE_80,HISTORICAL_RECONSTRUCT,ASKED_SIX_FIRST80,82,82,,,0,0,,,,,,,,,,,,,,UNAVAILABLE,,,,,,,,,False,UNAVAILABLE,False
NCAAB_H2_1_AUSTIN_TRANSFER_V1,DISCOVERY,b5f0cea7155c4ba5,NCAAB_20260131_CAL_MIA,KXNCAAMBGAME-26JAN31CALMIA-MIA,1,1080,2026-01-31T21:05:51+00:00,PRE_ENTRY,False,PRE_ENTRY,PRE_80,HISTORICAL_RECONSTRUCT,ASKED_SIX_FIRST80,82,82,,,0,0,,,,,,,,,,,,,,UNAVAILABLE,,,,,,,,,False,UNAVAILABLE,False
NCAAB_H2_1_AUSTIN_TRANSFER_V1,DISCOVERY,b5f0cea7155c4ba5,NCAAB_20260131_CAL_MIA,KXNCAAMBGAME-26JAN31CALMIA-MIA,1,960,2026-01-31T21:05:51+00:00,PRE_ENTRY,False,PRE_ENTRY,PRE_80,HISTORICAL_RECONSTRUCT,ASKED_SIX_FIRST80,82,82,,,0,0,,,,,,,,,,,,,,UNAVAILABLE,,,,,,,,,False,UNAVAILABLE,False
NCAAB_H2_1_AUSTIN_TRANSFER_V1,DISCOVERY,b5f0cea7155c4ba5,NCAAB_20260131_CAL_MIA,KXNCAAMBGAME-26JAN31CALMIA-MIA,1,840,2026-01-31T21:05:51+00:00,PRE_ENTRY,False,PRE_ENTRY,PRE_80,HISTORICAL_RECONSTRUCT,ASKED_SIX_FIRST80,82,82,,,0,0,,,,,,,,,,,,,,UNAVAILABLE,,,,,,,,,False,UNAVAILABLE,False
NCAAB_H2_1_AUSTIN_TRANSFER_V1,DISCOVERY,b5f0cea7155c4ba5,NCAAB_20260131_CAL_MIA,KXNCAAMBGAME-26JAN31CALMIA-MIA,1,720,2026-01-31T21:05:51+00:00,PRE_ENTRY,False,PRE_ENTRY,PRE_80,HISTORICAL_RECONSTRUCT,ASKED_SIX_FIRST80,82,82,,,0,0,,,,,,,,,,,,,,UNAVAILABLE,,,,,,,,,False,UNAVAILABLE,False
NCAAB_H2_1_AUSTIN_TRANSFER_V1,DISCOVERY,b5f0cea7155c4ba5,NCAAB_20260131_CAL_MIA,KXNCAAMBGAME-26JAN31CALMIA-MIA,1,600,2026-01-31T21:05:51+00:00,PRE_ENTRY,False,PRE_ENTRY,PRE_80,HISTORICAL_RECONSTRUCT,ASKED_SIX_FIRST80,82,82,,,0,0,,,,,,,,,,,,,,UNAVAILABLE,,,,,,,,,False,UNAVAILABLE,False
NCAAB_H2_1_AUSTIN_TRANSFER_V1,DISCOVERY,b5f0cea7155c4ba5,NCAAB_20260131_CAL_MIA,KXNCAAMBGAME-26JAN31CALMIA-MIA,1,480,2026-01-31T21:05:51+00:00,PRE_ENTRY,False,PRE_ENTRY,PRE_80,HISTORICAL_RECONSTRUCT,ASKED_SIX_FIRST80,82,82,,,0,0,,,,,,,,,,,,,,UNAVAILABLE,,,,,,,,,False,UNAVAILABLE,False
NCAAB_H2_1_AUSTIN_TRANSFER_V1,DISCOVERY,b5f0cea7155c4ba5,NCAAB_20260131_CAL_MIA,KXNCAAMBGAME-26JAN31CALMIA-MIA,1,360,2026-01-31T21:05:51+00:00,PRE_ENTRY,False,PRE_ENTRY,PRE_80,HISTORICAL_RECONSTRUCT,ASKED_SIX_FIRST80,82,82,,,0,0,,,,,,,,,,,,,,UNAVAILABLE,,,,,,,,,False,UNAVAILABLE,False
NCAAB_H2_1_AUSTIN_TRANSFER_V1,DISCOVERY,b5f0cea7155c4ba5,NCAAB_20260131_CAL_MIA,KXNCAAMBGAME-26JAN31CALMIA-MIA,1,240,2026-01-31T21:05:51+00:00,PRE_ENTRY,False,PRE_ENTRY,PRE_80,HISTORICAL_RECONSTRUCT,ASKED_SIX_FIRST80,82,82,,,0,0,,,,,,,,,,,,,,UNAVAILABLE,,,,,,,,,False,UNAVAILABLE,False
NCAAB_H2_1_AUSTIN_TRANSFER_V1,DISCOVERY,b5f0cea7155c4ba5,NCAAB_20260131_CAL_MIA,KXNCAAMBGAME-26JAN31CALMIA-MIA,1,120,2026-01-31T21:05:51+00:00,PRE_ENTRY,False,PRE_ENTRY,PRE_80,HISTORICAL_RECONSTRUCT,ASKED_SIX_FIRST80,82,82,,,0,0,,,,,,,,,,,,,,UNAVAILABLE,,,,,,,,,False,UNAVAILABLE,False
NCAAB_H2_1_AUSTIN_TRANSFER_V1,DISCOVERY,b5f0cea7155c4ba5,NCAAB_20260131_CAL_MIA,KXNCAAMBGAME-26JAN31CALMIA-MIA,1,0,2026-01-31T22:08:25+00:00,PRE_ENTRY,False,PRE_ENTRY,PRE_80,HISTORICAL_RECONSTRUCT,ASKED_SIX_FIRST80,82,71,,,44,45,,,,,,,,,,,,,,UNAVAILABLE,,,,,,,,,False,UNAVAILABLE,False
NCAAB_H2_1_AUSTIN_TRANSFER_V1,DISCOVERY,b5f0cea7155c4ba5,NCAAB_20260131_CAL_MIA,KXNCAAMBGAME-26JAN31CALMIA-MIA,2,1200,2026-01-31T22:09:44+00:00,PRE_ENTRY,False,PRE_ENTRY,PRE_80,HISTORICAL_RECONSTRUCT,ASKED_SIX_FIRST80,82,73,,,44,45,,,,,,,,,,,,,,UNAVAILABLE,,,,,,,,,False,UNAVAILABLE,False
NCAAB_H2_1_AUSTIN_TRANSFER_V1,DISCOVERY,b5f0cea7155c4ba5,NCAAB_20260131_CAL_MIA,KXNCAAMBGAME-26JAN31CALMIA-MIA,2,1080,2026-01-31T22:09:44+00:00,PRE_ENTRY,False,PRE_ENTRY,PRE_80,HISTORICAL_RECONSTRUCT,ASKED_SIX_FIRST80,82,73,,,44,45,,,,,,,,,,,,,,UNAVAILABLE,,,,,,,,,False,UNAVAILABLE,False
NCAAB_H2_1_AUSTIN_TRANSFER_V1,DISCOVERY,b5f0cea7155c4ba5,NCAAB_20260131_CAL_MIA,KXNCAAMBGAME-26JAN31CALMIA-MIA,2,960,2026-01-31T22:09:44+00:00,PRIMARY_GRID,True,,PRE_80,HISTORICAL_RECONSTRUCT,NONE,,73,,,44,45,INSUFFICIENT_SAMPLE,NO_ENTRY_IN_FITTED_SPACE,,,,95% CI — weighted bootstrap,25,,,,,0.30434782608695654,UNAVAILABLE,NOT_APPLICABLE,-80,-80,VALUE,False,False,,,,False,UNAVAILABLE,False
NCAAB_H2_1_AUSTIN_TRANSFER_V1,DISCOVERY,b5f0cea7155c4ba5,NCAAB_20260131_CAL_MIA,KXNCAAMBGAME-26JAN31CALMIA-MIA,2,840,2026-01-31T22:09:44+00:00,PRIMARY_GRID,True,,PRE_80,HISTORICAL_RECONSTRUCT,NONE,,73,,,44,45,INSUFFICIENT_SAMPLE,NO_ENTRY_IN_FITTED_SPACE,,,,95% CI — weighted bootstrap,25,,,,,0.30434782608695654,UNAVAILABLE,NOT_APPLICABLE,-80,-80,VALUE,False,False,,,,False,UNAVAILABLE,False
NCAAB_H2_1_AUSTIN_TRANSFER_V1,DISCOVERY,b5f0cea7155c4ba5,NCAAB_20260131_CAL_MIA,KXNCAAMBGAME-26JAN31CALMIA-MIA,2,720,2026-01-31T22:09:44+00:00,PRIMARY_GRID,True,,PRE_80,HISTORICAL_RECONSTRUCT,NONE,,73,,,44,45,INSUFFICIENT_SAMPLE,NO_ENTRY_IN_FITTED_SPACE,,,,95% CI — weighted bootstrap,25,,,,,0.30434782608695654,UNAVAILABLE,NOT_APPLICABLE,-80,-80,VALUE,False,False,,,,False,UNAVAILABLE,False
NCAAB_H2_1_AUSTIN_TRANSFER_V1,DISCOVERY,b5f0cea7155c4ba5,NCAAB_20260131_CAL_MIA,KXNCAAMBGAME-26JAN31CALMIA-MIA,2,600,2026-01-31T22:09:44+00:00,PRIMARY_GRID,True,,PRE_80,HISTORICAL_RECONSTRUCT,NONE,,73,,,44,45,INSUFFICIENT_SAMPLE,NO_ENTRY_IN_FITTED_SPACE,,,,95% CI — weighted bootstrap,25,,,,,0.30434782608695654,UNAVAILABLE,NOT_APPLICABLE,-80,-80,VALUE,False,False,,,,False,UNAVAILABLE,False
NCAAB_H2_1_AUSTIN_TRANSFER_V1,DISCOVERY,b5f0cea7155c4ba5,NCAAB_20260131_CAL_MIA,KXNCAAMBGAME-26JAN31CALMIA-MIA,2,480,2026-01-31T22:09:44+00:00,PRIMARY_GRID,True,,PRE_80,HISTORICAL_RECONSTRUCT,NONE,,73,,,44,45,INSUFFICIENT_SAMPLE,NO_ENTRY_IN_FITTED_SPACE,,,,95% CI — weighted bootstrap,25,,,,,0.30434782608695654,UNAVAILABLE,NOT_APPLICABLE,-80,-80,VALUE,False,False,,,,False,UNAVAILABLE,False
NCAAB_H2_1_AUSTIN_TRANSFER_V1,DISCOVERY,b5f0cea7155c4ba5,NCAAB_20260131_CAL_MIA,KXNCAAMBGAME-26JAN31CALMIA-MIA,2,360,2026-01-31T22:09:44+00:00,PRIMARY_GRID,True,,PRE_80,HISTORICAL_RECONSTRUCT,NONE,,73,,,44,45,INSUFFICIENT_SAMPLE,NO_ENTRY_IN_FITTED_SPACE,,,,95% CI — weighted bootstrap,25,,,,,0.30434782608695654,UNAVAILABLE,NOT_APPLICABLE,-80,-80,VALUE,False,False,,,,False,UNAVAILABLE,False
NCAAB_H2_1_AUSTIN_TRANSFER_V1,DISCOVERY,b5f0cea7155c4ba5,NCAAB_20260131_CAL_MIA,KXNCAAMBGAME-26JAN31CALMIA-MIA,2,240,2026-01-31T23:12:30+00:00,PRIMARY_GRID,True,,POST_80,HISTORICAL_RECONSTRUCT,ASKED_SIX_FIRST80,82,84,2,773,81,79,OBSERVED,,-28.45716421846954,-48.0,-12.0,95% CI — weighted bootstrap,25,25,22.865821762432514,0.6846792157065014,0.6551791015967434,1.0,OBSERVED,VALUE,-80,,NOT_APPLICABLE,True,True,-28.45716421846954,-28.45716421846954,0.0,False,UNAVAILABLE,False
NCAAB_H2_1_AUSTIN_TRANSFER_V1,DISCOVERY,b5f0cea7155c4ba5,NCAAB_20260131_CAL_MIA,KXNCAAMBGAME-26JAN31CALMIA-MIA,2,120,2026-01-31T22:09:44+00:00,PRIMARY_GRID,True,,PRE_80,HISTORICAL_RECONSTRUCT,NONE,,73,,,44,45,INSUFFICIENT_SAMPLE,NO_ENTRY_IN_FITTED_SPACE,,,,95% CI — weighted bootstrap,25,,,,,0.30434782608695654,UNAVAILABLE,NOT_APPLICABLE,-80,-80,VALUE,False,False,-28.45716421846954,,,False,UNAVAILABLE,False
NCAAB_H2_1_AUSTIN_TRANSFER_V1,DISCOVERY,b5f0cea7155c4ba5,NCAAB_20260131_CAL_MIA,KXNCAAMBGAME-26JAN31CALMIA-MIA,2,0,2026-01-31T23:33:14+00:00,AFTER_SETTLEMENT,False,AFTER_SETTLEMENT,,HISTORICAL_RECONSTRUCT,ASKED_SIX_FIRST80,82,38,,,85,86,,,,,,,,,,,,,,UNAVAILABLE,,,,,,-28.45716421846954,,,False,UNAVAILABLE,False
NCAAB_H2_1_AUSTIN_TRANSFER_V1,DISCOVERY,b5f0cea7155c4ba5,NCAAB_20260131_CAL_MIA,KXNCAAMBGAME-26JAN31CALMIA-MIA,,,2026-01-30T22:07:00+00:00,DIAGNOSTIC_EVENT,False,,PRE_80,HISTORICAL_RECONSTRUCT,NONE,,75,,,,,INSUFFICIENT_SAMPLE,NO_ENTRY_IN_FITTED_SPACE,,,,95% CI — weighted bootstrap,25,,,,,0.057971014492753624,UNAVAILABLE,NOT_APPLICABLE,-80,-80,VALUE,False,False,-28.45716421846954,,,False,UNAVAILABLE,False
NCAAB_H2_1_AUSTIN_TRANSFER_V1,DISCOVERY,b5f0cea7155c4ba5,NCAAB_20260131_CAL_MIA,KXNCAAMBGAME-26JAN31CALMIA-MIA,2,221,2026-01-31T23:13:00+00:00,DIAGNOSTIC_EVENT,False,,POST_80,HISTORICAL_RECONSTRUCT,ASKED_SIX_FIRST80,82,84,2,792,81,82,OBSERVED,,-2.122507753064202,-20.0,12.0,95% CI — weighted bootstrap,25,25,24.40339558978668,0.878419133621331,0.8383216013746965,1.0,OBSERVED,VALUE,-80,,NOT_APPLICABLE,True,True,-28.45716421846954,-2.122507753064202,26.334656465405338,False,UNAVAILABLE,False
NCAAB_H2_1_AUSTIN_TRANSFER_V1,DISCOVERY,b5f0cea7155c4ba5,NCAAB_20260131_CAL_MIA,KXNCAAMBGAME-26JAN31CALMIA-MIA,2,221,2026-01-31T23:13:00+00:00,DIAGNOSTIC_EVENT,False,,POST_80,HISTORICAL_RECONSTRUCT,ASKED_SIX_FIRST80,82,84,2,792,81,82,OBSERVED,,-2.122507753064202,-20.0,12.0,95% CI — weighted bootstrap,25,25,24.40339558978668,0.878419133621331,0.8383216013746965,1.0,OBSERVED,VALUE,-80,,NOT_APPLICABLE,True,True,-28.45716421846954,-2.122507753064202,26.334656465405338,False,UNAVAILABLE,False
NCAAB_H2_1_AUSTIN_TRANSFER_V1,DISCOVERY,b5f0cea7155c4ba5,NCAAB_20260131_CAL_MIA,KXNCAAMBGAME-26JAN31CALMIA-MIA,2,131,2026-01-31T23:17:00+00:00,DIAGNOSTIC_EVENT,False,,POST_80,HISTORICAL_RECONSTRUCT,ASKED_SIX_FIRST80,82,59,-23,882,82,83,OBSERVED,,2.7930644396955095,-12.0,16.0,95% CI — weighted bootstrap,25,25,21.590934455790006,0.7437838492999892,0.6501900782685195,1.0,OBSERVED,VALUE,-80,,NOT_APPLICABLE,True,True,-28.45716421846954,2.7930644396955095,31.25022865816505,False,UNAVAILABLE,False
NCAAB_H2_1_AUSTIN_TRANSFER_V1,DISCOVERY,b5f0cea7155c4ba5,NCAAB_20260131_CAL_MIA,KXNCAAMBGAME-26JAN31CALMIA-MIA,2,12,2026-01-31T23:24:00+00:00,DIAGNOSTIC_EVENT,False,,POST_80,HISTORICAL_RECONSTRUCT,ASKED_SIX_FIRST80,82,53,-29,1001,85,86,OBSERVED,,2.172941869365525,-12.0,16.0,95% CI — weighted bootstrap,25,25,22.953215261396508,0.9349642274435902,0.8583130335204079,1.0,OBSERVED,VALUE,-80,,NOT_APPLICABLE,True,True,-28.45716421846954,2.172941869365525,30.630106087835067,False,UNAVAILABLE,False
NCAAB_H2_1_AUSTIN_TRANSFER_V1,DISCOVERY,b5f0cea7155c4ba5,NCAAB_20260131_CAL_MIA,KXNCAAMBGAME-26JAN31CALMIA-MIA,2,12,2026-01-31T23:24:00+00:00,DIAGNOSTIC_EVENT,False,,POST_80,HISTORICAL_RECONSTRUCT,ASKED_SIX_FIRST80,82,53,-29,1001,85,86,OBSERVED,,2.172941869365525,-12.0,16.0,95% CI — weighted bootstrap,25,25,22.953215261396508,0.9349642274435902,0.8583130335204079,1.0,OBSERVED,VALUE,-80,,NOT_APPLICABLE,True,True,-28.45716421846954,2.172941869365525,30.630106087835067,False,UNAVAILABLE,False
NCAAB_H2_1_AUSTIN_TRANSFER_V1,DISCOVERY,b5f0cea7155c4ba5,NCAAB_20260131_CAL_MIA,KXNCAAMBGAME-26JAN31CALMIA-MIA,2,12,2026-01-31T23:24:00+00:00,DIAGNOSTIC_EVENT,False,,POST_80,HISTORICAL_RECONSTRUCT,ASKED_SIX_FIRST80,82,53,-29,1001,85,86,OBSERVED,,2.172941869365525,-12.0,16.0,95% CI — weighted bootstrap,25,25,22.953215261396508,0.9349642274435902,0.8583130335204079,1.0,OBSERVED,VALUE,-80,,NOT_APPLICABLE,True,True,-28.45716421846954,2.172941869365525,30.630106087835067,False,UNAVAILABLE,False
NCAAB_H2_1_AUSTIN_TRANSFER_V1,DISCOVERY,fe73251ab6c037f8,NCAAB_20260131_UK_ARK,KXNCAAMBGAME-26JAN31UKARK-ARK,1,1200,2026-01-31T23:37:01+00:00,PRE_ENTRY,False,PRE_ENTRY,PRE_80,HISTORICAL_RECONSTRUCT,ASKED_SIX_FIRST80,80,74,,,0,0,,,,,,,,,,,,,,UNAVAILABLE,,,,,,,,,False,UNAVAILABLE,False
NCAAB_H2_1_AUSTIN_TRANSFER_V1,DISCOVERY,fe73251ab6c037f8,NCAAB_20260131_UK_ARK,KXNCAAMBGAME-26JAN31UKARK-ARK,1,1080,2026-01-31T23:37:01+00:00,PRE_ENTRY,False,PRE_ENTRY,PRE_80,HISTORICAL_RECONSTRUCT,ASKED_SIX_FIRST80,80,74,,,0,0,,,,,,,,,,,,,,UNAVAILABLE,,,,,,,,,False,UNAVAILABLE,False
NCAAB_H2_1_AUSTIN_TRANSFER_V1,DISCOVERY,fe73251ab6c037f8,NCAAB_20260131_UK_ARK,KXNCAAMBGAME-26JAN31UKARK-ARK,1,960,2026-01-31T23:37:01+00:00,PRE_ENTRY,False,PRE_ENTRY,PRE_80,HISTORICAL_RECONSTRUCT,ASKED_SIX_FIRST80,80,74,,,0,0,,,,,,,,,,,,,,UNAVAILABLE,,,,,,,,,False,UNAVAILABLE,False
NCAAB_H2_1_AUSTIN_TRANSFER_V1,DISCOVERY,fe73251ab6c037f8,NCAAB_20260131_UK_ARK,KXNCAAMBGAME-26JAN31UKARK-ARK,1,840,2026-01-31T23:37:01+00:00,PRE_ENTRY,False,PRE_ENTRY,PRE_80,HISTORICAL_RECONSTRUCT,ASKED_SIX_FIRST80,80,74,,,0,0,,,,,,,,,,,,,,UNAVAILABLE,,,,,,,,,False,UNAVAILABLE,False
NCAAB_H2_1_AUSTIN_TRANSFER_V1,DISCOVERY,fe73251ab6c037f8,NCAAB_20260131_UK_ARK,KXNCAAMBGAME-26JAN31UKARK-ARK,1,720,2026-01-31T23:37:01+00:00,PRE_ENTRY,False,PRE_ENTRY,PRE_80,HISTORICAL_RECONSTRUCT,ASKED_SIX_FIRST80,80,74,,,0,0,,,,,,,,,,,,,,UNAVAILABLE,,,,,,,,,False,UNAVAILABLE,False
NCAAB_H2_1_AUSTIN_TRANSFER_V1,DISCOVERY,fe73251ab6c037f8,NCAAB_20260131_UK_ARK,KXNCAAMBGAME-26JAN31UKARK-ARK,1,600,2026-01-31T23:37:01+00:00,PRE_ENTRY,False,PRE_ENTRY,PRE_80,HISTORICAL_RECONSTRUCT,ASKED_SIX_FIRST80,80,74,,,0,0,,,,,,,,,,,,,,UNAVAILABLE,,,,,,,,,False,UNAVAILABLE,False
NCAAB_H2_1_AUSTIN_TRANSFER_V1,DISCOVERY,fe73251ab6c037f8,NCAAB_20260131_UK_ARK,KXNCAAMBGAME-26JAN31UKARK-ARK,1,480,2026-01-31T23:37:01+00:00,PRE_ENTRY,False,PRE_ENTRY,PRE_80,HISTORICAL_RECONSTRUCT,ASKED_SIX_FIRST80,80,74,,,0,0,,,,,,,,,,,,,,UNAVAILABLE,,,,,,,,,False,UNAVAILABLE,False
NCAAB_H2_1_AUSTIN_TRANSFER_V1,DISCOVERY,fe73251ab6c037f8,NCAAB_20260131_UK_ARK,KXNCAAMBGAME-26JAN31UKARK-ARK,1,360,2026-01-31T23:37:01+00:00,PRE_ENTRY,False,PRE_ENTRY,PRE_80,HISTORICAL_RECONSTRUCT,ASKED_SIX_FIRST80,80,74,,,0,0,,,,,,,,,,,,,,UNAVAILABLE,,,,,,,,,False,UNAVAILABLE,False
NCAAB_H2_1_AUSTIN_TRANSFER_V1,DISCOVERY,fe73251ab6c037f8,NCAAB_20260131_UK_ARK,KXNCAAMBGAME-26JAN31UKARK-ARK,1,240,2026-01-31T23:37:01+00:00,PRE_ENTRY,False,PRE_ENTRY,PRE_80,HISTORICAL_RECONSTRUCT,ASKED_SIX_FIRST80,80,74,,,0,0,,,,,,,,,,,,,,UNAVAILABLE,,,,,,,,,False,UNAVAILABLE,False
NCAAB_H2_1_AUSTIN_TRANSFER_V1,DISCOVERY,fe73251ab6c037f8,NCAAB_20260131_UK_ARK,KXNCAAMBGAME-26JAN31UKARK-ARK,1,120,2026-01-31T23:37:01+00:00,PRE_ENTRY,False,PRE_ENTRY,PRE_80,HISTORICAL_RECONSTRUCT,ASKED_SIX_FIRST80,80,74,,,0,0,,,,,,,,,,,,,,UNAVAILABLE,,,,,,,,,False,UNAVAILABLE,False
NCAAB_H2_1_AUSTIN_TRANSFER_V1,DISCOVERY,fe73251ab6c037f8,NCAAB_20260131_UK_ARK,KXNCAAMBGAME-26JAN31UKARK-ARK,1,0,2026-02-01T00:30:30+00:00,PRE_ENTRY,False,PRE_ENTRY,PRE_80,HISTORICAL_RECONSTRUCT,ASKED_SIX_FIRST80,80,41,,,35,42,,,,,,,,,,,,,,UNAVAILABLE,,,,,,,,,False,UNAVAILABLE,False
NCAAB_H2_1_AUSTIN_TRANSFER_V1,DISCOVERY,fe73251ab6c037f8,NCAAB_20260131_UK_ARK,KXNCAAMBGAME-26JAN31UKARK-ARK,2,1200,2026-02-01T00:44:33+00:00,PRE_ENTRY,False,PRE_ENTRY,PRE_80,HISTORICAL_RECONSTRUCT,ASKED_SIX_FIRST80,80,47,,,35,42,,,,,,,,,,,,,,UNAVAILABLE,,,,,,,,,False,UNAVAILABLE,False
NCAAB_H2_1_AUSTIN_TRANSFER_V1,DISCOVERY,fe73251ab6c037f8,NCAAB_20260131_UK_ARK,KXNCAAMBGAME-26JAN31UKARK-ARK,2,1080,2026-02-01T00:44:33+00:00,PRE_ENTRY,False,PRE_ENTRY,PRE_80,HISTORICAL_RECONSTRUCT,ASKED_SIX_FIRST80,80,47,,,35,42,,,,,,,,,,,,,,UNAVAILABLE,,,,,,,,,False,UNAVAILABLE,False
NCAAB_H2_1_AUSTIN_TRANSFER_V1,DISCOVERY,fe73251ab6c037f8,NCAAB_20260131_UK_ARK,KXNCAAMBGAME-26JAN31UKARK-ARK,2,960,2026-02-01T00:44:33+00:00,PRE_ENTRY,False,PRE_ENTRY,PRE_80,HISTORICAL_RECONSTRUCT,ASKED_SIX_FIRST80,80,47,,,35,42,,,,,,,,,,,,,,UNAVAILABLE,,,,,,,,,False,UNAVAILABLE,False
NCAAB_H2_1_AUSTIN_TRANSFER_V1,DISCOVERY,fe73251ab6c037f8,NCAAB_20260131_UK_ARK,KXNCAAMBGAME-26JAN31UKARK-ARK,2,840,2026-02-01T00:44:33+00:00,PRE_ENTRY,False,PRE_ENTRY,PRE_80,HISTORICAL_RECONSTRUCT,ASKED_SIX_FIRST80,80,47,,,35,42,,,,,,,,,,,,,,UNAVAILABLE,,,,,,,,,False,UNAVAILABLE,False
NCAAB_H2_1_AUSTIN_TRANSFER_V1,DISCOVERY,fe73251ab6c037f8,NCAAB_20260131_UK_ARK,KXNCAAMBGAME-26JAN31UKARK-ARK,2,720,2026-02-01T00:44:33+00:00,PRIMARY_GRID,True,,PRE_80,HISTORICAL_RECONSTRUCT,NONE,,47,,,35,42,INSUFFICIENT_SAMPLE,NO_ENTRY_IN_FITTED_SPACE,,,,95% CI — weighted bootstrap,25,,,,,0.30434782608695654,UNAVAILABLE,NOT_APPLICABLE,-80,-80,VALUE,False,False,,,,False,UNAVAILABLE,False
NCAAB_H2_1_AUSTIN_TRANSFER_V1,DISCOVERY,fe73251ab6c037f8,NCAAB_20260131_UK_ARK,KXNCAAMBGAME-26JAN31UKARK-ARK,2,600,2026-02-01T00:44:33+00:00,PRIMARY_GRID,True,,PRE_80,HISTORICAL_RECONSTRUCT,NONE,,47,,,35,42,INSUFFICIENT_SAMPLE,NO_ENTRY_IN_FITTED_SPACE,,,,95% CI — weighted bootstrap,25,,,,,0.30434782608695654,UNAVAILABLE,NOT_APPLICABLE,-80,-80,VALUE,False,False,,,,False,UNAVAILABLE,False
NCAAB_H2_1_AUSTIN_TRANSFER_V1,DISCOVERY,fe73251ab6c037f8,NCAAB_20260131_UK_ARK,KXNCAAMBGAME-26JAN31UKARK-ARK,2,480,2026-02-01T00:44:33+00:00,PRIMARY_GRID,True,,PRE_80,HISTORICAL_RECONSTRUCT,NONE,,47,,,35,42,INSUFFICIENT_SAMPLE,NO_ENTRY_IN_FITTED_SPACE,,,,95% CI — weighted bootstrap,25,,,,,0.30434782608695654,UNAVAILABLE,NOT_APPLICABLE,-80,-80,VALUE,False,False,,,,False,UNAVAILABLE,False
NCAAB_H2_1_AUSTIN_TRANSFER_V1,DISCOVERY,fe73251ab6c037f8,NCAAB_20260131_UK_ARK,KXNCAAMBGAME-26JAN31UKARK-ARK,2,360,2026-02-01T00:44:33+00:00,PRIMARY_GRID,True,,PRE_80,HISTORICAL_RECONSTRUCT,NONE,,47,,,35,42,INSUFFICIENT_SAMPLE,NO_ENTRY_IN_FITTED_SPACE,,,,95% CI — weighted bootstrap,25,,,,,0.30434782608695654,UNAVAILABLE,NOT_APPLICABLE,-80,-80,VALUE,False,False,,,,False,UNAVAILABLE,False
NCAAB_H2_1_AUSTIN_TRANSFER_V1,DISCOVERY,fe73251ab6c037f8,NCAAB_20260131_UK_ARK,KXNCAAMBGAME-26JAN31UKARK-ARK,2,240,2026-02-01T00:44:33+00:00,PRIMARY_GRID,True,,PRE_80,HISTORICAL_RECONSTRUCT,NONE,,47,,,35,42,INSUFFICIENT_SAMPLE,NO_ENTRY_IN_FITTED_SPACE,,,,95% CI — weighted bootstrap,25,,,,,0.30434782608695654,UNAVAILABLE,NOT_APPLICABLE,-80,-80,VALUE,False,False,,,,False,UNAVAILABLE,False
NCAAB_H2_1_AUSTIN_TRANSFER_V1,DISCOVERY,fe73251ab6c037f8,NCAAB_20260131_UK_ARK,KXNCAAMBGAME-26JAN31UKARK-ARK,2,120,2026-02-01T00:44:33+00:00,PRIMARY_GRID,True,,PRE_80,HISTORICAL_RECONSTRUCT,NONE,,47,,,35,42,INSUFFICIENT_SAMPLE,NO_ENTRY_IN_FITTED_SPACE,,,,95% CI — weighted bootstrap,25,,,,,0.30434782608695654,UNAVAILABLE,NOT_APPLICABLE,-80,-80,VALUE,False,False,,,,False,UNAVAILABLE,False
NCAAB_H2_1_AUSTIN_TRANSFER_V1,DISCOVERY,fe73251ab6c037f8,NCAAB_20260131_UK_ARK,KXNCAAMBGAME-26JAN31UKARK-ARK,2,0,2026-02-01T01:58:24+00:00,PRIMARY_GRID,True,,POST_80,HISTORICAL_RECONSTRUCT,ASKED_SIX_FIRST80,80,2,-78,738,77,85,OBSERVED,,-80.0,-80.0,-80.0,95% CI — weighted bootstrap,25,25,24.41481855934826,1.6958848387749557,1.5917389007795688,1.0,OBSERVED,VALUE,-80,,NOT_APPLICABLE,True,True,-80.0,-80.0,0.0,False,UNAVAILABLE,False
NCAAB_H2_1_AUSTIN_TRANSFER_V1,DISCOVERY,fe73251ab6c037f8,NCAAB_20260131_UK_ARK,KXNCAAMBGAME-26JAN31UKARK-ARK,2,738,2026-02-01T01:08:00+00:00,DIAGNOSTIC_EVENT,False,,POST_80,HISTORICAL_RECONSTRUCT,ASKED_SIX_FIRST80,80,79,-1,0,57,53,OBSERVED,,11.006900222676519,0.0,20.0,95% CI — weighted bootstrap,25,25,23.904292220525857,0.45667553942300054,0.4689607453819202,0.7246376811594203,OBSERVED,VALUE,-80,,NOT_APPLICABLE,True,True,-80.0,11.006900222676519,91.00690022267652,False,UNAVAILABLE,False
NCAAB_H2_1_AUSTIN_TRANSFER_V1,DISCOVERY,fe73251ab6c037f8,NCAAB_20260131_UK_ARK,KXNCAAMBGAME-26JAN31UKARK-ARK,2,571,2026-02-01T01:20:00+00:00,DIAGNOSTIC_EVENT,False,,POST_80,HISTORICAL_RECONSTRUCT,ASKED_SIX_FIRST80,80,74,-6,167,59,59,OBSERVED,,10.60836820548722,-4.0,20.0,95% CI — weighted bootstrap,25,25,23.591288929267947,0.6577895635004838,0.5957002733791317,0.9565217391304348,OBSERVED,VALUE,-80,,NOT_APPLICABLE,True,True,-80.0,10.60836820548722,90.60836820548722,False,UNAVAILABLE,False
NCAAB_H2_1_AUSTIN_TRANSFER_V1,DISCOVERY,fe73251ab6c037f8,NCAAB_20260131_UK_ARK,KXNCAAMBGAME-26JAN31UKARK-ARK,2,571,2026-02-01T01:21:00+00:00,DIAGNOSTIC_EVENT,False,,POST_80,HISTORICAL_RECONSTRUCT,ASKED_SIX_FIRST80,80,68,-12,167,59,61,OBSERVED,,9.858381106292487,-4.0,20.0,95% CI — weighted bootstrap,25,25,23.170972517670396,0.6831933301271111,0.6661786991130705,0.9565217391304348,OBSERVED,VALUE,-80,,NOT_APPLICABLE,True,True,-80.0,9.858381106292487,89.85838110629248,False,UNAVAILABLE,False
NCAAB_H2_1_AUSTIN_TRANSFER_V1,DISCOVERY,fe73251ab6c037f8,NCAAB_20260131_UK_ARK,KXNCAAMBGAME-26JAN31UKARK-ARK,2,482,2026-02-01T01:29:00+00:00,DIAGNOSTIC_EVENT,False,,POST_80,HISTORICAL_RECONSTRUCT,ASKED_SIX_FIRST80,80,58,-22,256,63,67,OBSERVED,,-28.208105019969107,-48.0,-8.0,95% CI — weighted bootstrap,25,25,15.851411146322514,0.8312992618445664,0.751459392945673,0.9710144927536232,OBSERVED,VALUE,-80,,NOT_APPLICABLE,True,True,-80.0,-28.208105019969107,51.79189498003089,False,UNAVAILABLE,False
NCAAB_H2_1_AUSTIN_TRANSFER_V1,DISCOVERY,fe73251ab6c037f8,NCAAB_20260131_UK_ARK,KXNCAAMBGAME-26JAN31UKARK-ARK,2,482,2026-02-01T01:29:00+00:00,DIAGNOSTIC_EVENT,False,,POST_80,HISTORICAL_RECONSTRUCT,ASKED_SIX_FIRST80,80,58,-22,256,63,67,OBSERVED,,-28.208105019969107,-48.0,-8.0,95% CI — weighted bootstrap,25,25,15.851411146322514,0.8312992618445664,0.751459392945673,0.9710144927536232,OBSERVED,VALUE,-80,,NOT_APPLICABLE,True,True,-80.0,-28.208105019969107,51.79189498003089,False,UNAVAILABLE,False
NCAAB_H2_1_AUSTIN_TRANSFER_V1,DISCOVERY,fe73251ab6c037f8,NCAAB_20260131_UK_ARK,KXNCAAMBGAME-26JAN31UKARK-ARK,2,462,2026-02-01T01:30:00+00:00,DIAGNOSTIC_EVENT,False,,POST_80,HISTORICAL_RECONSTRUCT,ASKED_SIX_FIRST80,80,42,-38,276,63,68,OBSERVED,,-52.919274635968705,-68.0,-36.0,95% CI — weighted bootstrap,25,25,24.890321274862142,1.1467349574208334,1.144244962679019,0.9710144927536232,OBSERVED,VALUE,-80,,NOT_APPLICABLE,True,True,-80.0,-52.919274635968705,27.080725364031295,False,UNAVAILABLE,False
NCAAB_H2_1_AUSTIN_TRANSFER_V1,DISCOVERY,fe73251ab6c037f8,NCAAB_20260131_UK_ARK,KXNCAAMBGAME-26JAN31UKARK-ARK,2,462,2026-02-01T01:30:00+00:00,DIAGNOSTIC_EVENT,False,,POST_80,HISTORICAL_RECONSTRUCT,ASKED_SIX_FIRST80,80,42,-38,276,63,68,OBSERVED,,-52.919274635968705,-68.0,-36.0,95% CI — weighted bootstrap,25,25,24.890321274862142,1.1467349574208334,1.144244962679019,0.9710144927536232,OBSERVED,VALUE,-80,,NOT_APPLICABLE,True,True,-80.0,-52.919274635968705,27.080725364031295,False,UNAVAILABLE,False
NCAAB_H2_1_AUSTIN_TRANSFER_V1,DISCOVERY,cc0f6caa668e02e0,NCAAB_20260202_KU_TTU,KXNCAAMBGAME-26FEB02KUTTU-TTU,1,1200,2026-02-03T02:08:04+00:00,PRE_ENTRY,False,PRE_ENTRY,PRE_80,HISTORICAL_RECONSTRUCT,ASKED_SIX_FIRST80,80,65,,,0,0,,,,,,,,,,,,,,UNAVAILABLE,,,,,,,,,False,UNAVAILABLE,False
NCAAB_H2_1_AUSTIN_TRANSFER_V1,DISCOVERY,cc0f6caa668e02e0,NCAAB_20260202_KU_TTU,KXNCAAMBGAME-26FEB02KUTTU-TTU,1,1080,2026-02-03T02:08:04+00:00,PRE_ENTRY,False,PRE_ENTRY,PRE_80,HISTORICAL_RECONSTRUCT,ASKED_SIX_FIRST80,80,65,,,0,0,,,,,,,,,,,,,,UNAVAILABLE,,,,,,,,,False,UNAVAILABLE,False
NCAAB_H2_1_AUSTIN_TRANSFER_V1,DISCOVERY,cc0f6caa668e02e0,NCAAB_20260202_KU_TTU,KXNCAAMBGAME-26FEB02KUTTU-TTU,1,960,2026-02-03T02:08:04+00:00,PRE_ENTRY,False,PRE_ENTRY,PRE_80,HISTORICAL_RECONSTRUCT,ASKED_SIX_FIRST80,80,65,,,0,0,,,,,,,,,,,,,,UNAVAILABLE,,,,,,,,,False,UNAVAILABLE,False
NCAAB_H2_1_AUSTIN_TRANSFER_V1,DISCOVERY,cc0f6caa668e02e0,NCAAB_20260202_KU_TTU,KXNCAAMBGAME-26FEB02KUTTU-TTU,1,840,2026-02-03T02:08:04+00:00,PRE_ENTRY,False,PRE_ENTRY,PRE_80,HISTORICAL_RECONSTRUCT,ASKED_SIX_FIRST80,80,65,,,0,0,,,,,,,,,,,,,,UNAVAILABLE,,,,,,,,,False,UNAVAILABLE,False
NCAAB_H2_1_AUSTIN_TRANSFER_V1,DISCOVERY,cc0f6caa668e02e0,NCAAB_20260202_KU_TTU,KXNCAAMBGAME-26FEB02KUTTU-TTU,1,720,2026-02-03T02:08:04+00:00,PRE_ENTRY,False,PRE_ENTRY,PRE_80,HISTORICAL_RECONSTRUCT,ASKED_SIX_FIRST80,80,65,,,0,0,,,,,,,,,,,,,,UNAVAILABLE,,,,,,,,,False,UNAVAILABLE,False
NCAAB_H2_1_AUSTIN_TRANSFER_V1,DISCOVERY,cc0f6caa668e02e0,NCAAB_20260202_KU_TTU,KXNCAAMBGAME-26FEB02KUTTU-TTU,1,600,2026-02-03T02:08:04+00:00,PRE_ENTRY,False,PRE_ENTRY,PRE_80,HISTORICAL_RECONSTRUCT,ASKED_SIX_FIRST80,80,65,,,0,0,,,,,,,,,,,,,,UNAVAILABLE,,,,,,,,,False,UNAVAILABLE,False
NCAAB_H2_1_AUSTIN_TRANSFER_V1,DISCOVERY,cc0f6caa668e02e0,NCAAB_20260202_KU_TTU,KXNCAAMBGAME-26FEB02KUTTU-TTU,1,480,2026-02-03T02:08:04+00:00,PRE_ENTRY,False,PRE_ENTRY,PRE_80,HISTORICAL_RECONSTRUCT,ASKED_SIX_FIRST80,80,65,,,0,0,,,,,,,,,,,,,,UNAVAILABLE,,,,,,,,,False,UNAVAILABLE,False
NCAAB_H2_1_AUSTIN_TRANSFER_V1,DISCOVERY,cc0f6caa668e02e0,NCAAB_20260202_KU_TTU,KXNCAAMBGAME-26FEB02KUTTU-TTU,1,360,2026-02-03T02:08:04+00:00,PRE_ENTRY,False,PRE_ENTRY,PRE_80,HISTORICAL_RECONSTRUCT,ASKED_SIX_FIRST80,80,65,,,0,0,,,,,,,,,,,,,,UNAVAILABLE,,,,,,,,,False,UNAVAILABLE,False
NCAAB_H2_1_AUSTIN_TRANSFER_V1,DISCOVERY,cc0f6caa668e02e0,NCAAB_20260202_KU_TTU,KXNCAAMBGAME-26FEB02KUTTU-TTU,1,240,2026-02-03T02:08:04+00:00,PRE_ENTRY,False,PRE_ENTRY,PRE_80,HISTORICAL_RECONSTRUCT,ASKED_SIX_FIRST80,80,65,,,0,0,,,,,,,,,,,,,,UNAVAILABLE,,,,,,,,,False,UNAVAILABLE,False
NCAAB_H2_1_AUSTIN_TRANSFER_V1,DISCOVERY,cc0f6caa668e02e0,NCAAB_20260202_KU_TTU,KXNCAAMBGAME-26FEB02KUTTU-TTU,1,120,2026-02-03T02:08:04+00:00,PRE_ENTRY,False,PRE_ENTRY,PRE_80,HISTORICAL_RECONSTRUCT,ASKED_SIX_FIRST80,80,65,,,0,0,,,,,,,,,,,,,,UNAVAILABLE,,,,,,,,,False,UNAVAILABLE,False
NCAAB_H2_1_AUSTIN_TRANSFER_V1,DISCOVERY,cc0f6caa668e02e0,NCAAB_20260202_KU_TTU,KXNCAAMBGAME-26FEB02KUTTU-TTU,1,0,2026-02-03T02:57:44+00:00,PRE_ENTRY,False,PRE_ENTRY,PRE_80,HISTORICAL_RECONSTRUCT,ASKED_SIX_FIRST80,80,51,,,29,32,,,,,,,,,,,,,,UNAVAILABLE,,,,,,,,,False,UNAVAILABLE,False
NCAAB_H2_1_AUSTIN_TRANSFER_V1,DISCOVERY,cc0f6caa668e02e0,NCAAB_20260202_KU_TTU,KXNCAAMBGAME-26FEB02KUTTU-TTU,2,1200,2026-02-03T03:12:35+00:00,PRE_ENTRY,False,PRE_ENTRY,PRE_80,HISTORICAL_RECONSTRUCT,ASKED_SIX_FIRST80,80,53,,,29,32,,,,,,,,,,,,,,UNAVAILABLE,,,,,,,,,False,UNAVAILABLE,False
NCAAB_H2_1_AUSTIN_TRANSFER_V1,DISCOVERY,cc0f6caa668e02e0,NCAAB_20260202_KU_TTU,KXNCAAMBGAME-26FEB02KUTTU-TTU,2,1080,2026-02-03T03:12:35+00:00,PRE_ENTRY,False,PRE_ENTRY,PRE_80,HISTORICAL_RECONSTRUCT,ASKED_SIX_FIRST80,80,53,,,29,32,,,,,,,,,,,,,,UNAVAILABLE,,,,,,,,,False,UNAVAILABLE,False
NCAAB_H2_1_AUSTIN_TRANSFER_V1,DISCOVERY,cc0f6caa668e02e0,NCAAB_20260202_KU_TTU,KXNCAAMBGAME-26FEB02KUTTU-TTU,2,960,2026-02-03T03:12:35+00:00,PRE_ENTRY,False,PRE_ENTRY,PRE_80,HISTORICAL_RECONSTRUCT,ASKED_SIX_FIRST80,80,53,,,29,32,,,,,,,,,,,,,,UNAVAILABLE,,,,,,,,,False,UNAVAILABLE,False
NCAAB_H2_1_AUSTIN_TRANSFER_V1,DISCOVERY,cc0f6caa668e02e0,NCAAB_20260202_KU_TTU,KXNCAAMBGAME-26FEB02KUTTU-TTU,2,840,2026-02-03T03:12:35+00:00,PRE_ENTRY,False,PRE_ENTRY,PRE_80,HISTORICAL_RECONSTRUCT,ASKED_SIX_FIRST80,80,53,,,29,32,,,,,,,,,,,,,,UNAVAILABLE,,,,,,,,,False,UNAVAILABLE,False
NCAAB_H2_1_AUSTIN_TRANSFER_V1,DISCOVERY,cc0f6caa668e02e0,NCAAB_20260202_KU_TTU,KXNCAAMBGAME-26FEB02KUTTU-TTU,2,720,2026-02-03T03:12:35+00:00,PRIMARY_GRID,True,,PRE_80,HISTORICAL_RECONSTRUCT,NONE,,53,,,29,32,INSUFFICIENT_SAMPLE,NO_ENTRY_IN_FITTED_SPACE,,,,95% CI — weighted bootstrap,25,,,,,0.30434782608695654,UNAVAILABLE,NOT_APPLICABLE,-80,-80,VALUE,False,False,,,,False,UNAVAILABLE,False
NCAAB_H2_1_AUSTIN_TRANSFER_V1,DISCOVERY,cc0f6caa668e02e0,NCAAB_20260202_KU_TTU,KXNCAAMBGAME-26FEB02KUTTU-TTU,2,600,2026-02-03T03:12:35+00:00,PRIMARY_GRID,True,,PRE_80,HISTORICAL_RECONSTRUCT,NONE,,53,,,29,32,INSUFFICIENT_SAMPLE,NO_ENTRY_IN_FITTED_SPACE,,,,95% CI — weighted bootstrap,25,,,,,0.30434782608695654,UNAVAILABLE,NOT_APPLICABLE,-80,-80,VALUE,False,False,,,,False,UNAVAILABLE,False
NCAAB_H2_1_AUSTIN_TRANSFER_V1,DISCOVERY,cc0f6caa668e02e0,NCAAB_20260202_KU_TTU,KXNCAAMBGAME-26FEB02KUTTU-TTU,2,480,2026-02-03T03:12:35+00:00,PRIMARY_GRID,True,,PRE_80,HISTORICAL_RECONSTRUCT,NONE,,53,,,29,32,INSUFFICIENT_SAMPLE,NO_ENTRY_IN_FITTED_SPACE,,,,95% CI — weighted bootstrap,25,,,,,0.30434782608695654,UNAVAILABLE,NOT_APPLICABLE,-80,-80,VALUE,False,False,,,,False,UNAVAILABLE,False
NCAAB_H2_1_AUSTIN_TRANSFER_V1,DISCOVERY,cc0f6caa668e02e0,NCAAB_20260202_KU_TTU,KXNCAAMBGAME-26FEB02KUTTU-TTU,2,360,2026-02-03T03:12:35+00:00,PRIMARY_GRID,True,,PRE_80,HISTORICAL_RECONSTRUCT,NONE,,53,,,29,32,INSUFFICIENT_SAMPLE,NO_ENTRY_IN_FITTED_SPACE,,,,95% CI — weighted bootstrap,25,,,,,0.30434782608695654,UNAVAILABLE,NOT_APPLICABLE,-80,-80,VALUE,False,False,,,,False,UNAVAILABLE,False
NCAAB_H2_1_AUSTIN_TRANSFER_V1,DISCOVERY,cc0f6caa668e02e0,NCAAB_20260202_KU_TTU,KXNCAAMBGAME-26FEB02KUTTU-TTU,2,240,2026-02-03T03:12:35+00:00,PRIMARY_GRID,True,,PRE_80,HISTORICAL_RECONSTRUCT,NONE,,53,,,29,32,INSUFFICIENT_SAMPLE,NO_ENTRY_IN_FITTED_SPACE,,,,95% CI — weighted bootstrap,25,,,,,0.30434782608695654,UNAVAILABLE,NOT_APPLICABLE,-80,-80,VALUE,False,False,,,,False,UNAVAILABLE,False
NCAAB_H2_1_AUSTIN_TRANSFER_V1,DISCOVERY,cc0f6caa668e02e0,NCAAB_20260202_KU_TTU,KXNCAAMBGAME-26FEB02KUTTU-TTU,2,120,2026-02-03T03:12:35+00:00,PRIMARY_GRID,True,,PRE_80,HISTORICAL_RECONSTRUCT,NONE,,53,,,29,32,INSUFFICIENT_SAMPLE,NO_ENTRY_IN_FITTED_SPACE,,,,95% CI — weighted bootstrap,25,,,,,0.30434782608695654,UNAVAILABLE,NOT_APPLICABLE,-80,-80,VALUE,False,False,,,,False,UNAVAILABLE,False
NCAAB_H2_1_AUSTIN_TRANSFER_V1,DISCOVERY,cc0f6caa668e02e0,NCAAB_20260202_KU_TTU,KXNCAAMBGAME-26FEB02KUTTU-TTU,2,0,2026-02-03T04:11:46+00:00,PRIMARY_GRID,True,,POST_80,HISTORICAL_RECONSTRUCT,ASKED_SIX_FIRST80,80,10,-70,794,61,64,OBSERVED,,-80.0,-80.0,-80.0,95% CI — weighted bootstrap,25,25,24.871473889499452,1.6649535003300395,1.6377594268586932,1.0,OBSERVED,VALUE,-80,,NOT_APPLICABLE,True,True,-80.0,-80.0,0.0,False,UNAVAILABLE,False
NCAAB_H2_1_AUSTIN_TRANSFER_V1,DISCOVERY,cc0f6caa668e02e0,NCAAB_20260202_KU_TTU,KXNCAAMBGAME-26FEB02KUTTU-TTU,2,794,2026-02-03T03:32:00+00:00,DIAGNOSTIC_EVENT,False,,POST_80,HISTORICAL_RECONSTRUCT,ASKED_SIX_FIRST80,80,74,-6,0,45,38,OBSERVED,,5.138133903229054,-8.099999999999909,16.0,95% CI — weighted bootstrap,25,25,24.2864029441645,0.616005952139342,0.5970885538647766,0.7246376811594203,OBSERVED,VALUE,-80,,NOT_APPLICABLE,True,True,-80.0,5.138133903229054,85.13813390322906,False,UNAVAILABLE,False
NCAAB_H2_1_AUSTIN_TRANSFER_V1,DISCOVERY,cc0f6caa668e02e0,NCAAB_20260202_KU_TTU,KXNCAAMBGAME-26FEB02KUTTU-TTU,2,722,2026-02-03T03:34:00+00:00,DIAGNOSTIC_EVENT,False,,POST_80,HISTORICAL_RECONSTRUCT,ASKED_SIX_FIRST80,80,71,-9,72,47,45,OBSERVED,,9.848986425000263,-4.0,20.0,95% CI — weighted bootstrap,25,25,24.185584365733487,0.5727856688791148,0.5602881749830168,0.8695652173913043,OBSERVED,VALUE,-80,,NOT_APPLICABLE,True,True,-80.0,9.848986425000263,89.84898642500026,False,UNAVAILABLE,False
NCAAB_H2_1_AUSTIN_TRANSFER_V1,DISCOVERY,cc0f6caa668e02e0,NCAAB_20260202_KU_TTU,KXNCAAMBGAME-26FEB02KUTTU-TTU,2,44,2026-02-03T04:06:00+00:00,DIAGNOSTIC_EVENT,False,,POST_80,HISTORICAL_RECONSTRUCT,ASKED_SIX_FIRST80,80,79,-1,750,61,64,OBSERVED,,20.0,20.0,20.0,95% CI — weighted bootstrap,25,25,22.76701228877258,0.24247634183356803,0.3388325717978487,1.0,OBSERVED,VALUE,-80,,NOT_APPLICABLE,True,True,-80.0,20.0,100.0,False,UNAVAILABLE,False
NCAAB_H2_1_AUSTIN_TRANSFER_V1,DISCOVERY,cc0f6caa668e02e0,NCAAB_20260202_KU_TTU,KXNCAAMBGAME-26FEB02KUTTU-TTU,2,44,2026-02-03T04:06:00+00:00,DIAGNOSTIC_EVENT,False,,POST_80,HISTORICAL_RECONSTRUCT,ASKED_SIX_FIRST80,80,79,-1,750,61,64,OBSERVED,,20.0,20.0,20.0,95% CI — weighted bootstrap,25,25,22.76701228877258,0.24247634183356803,0.3388325717978487,1.0,OBSERVED,VALUE,-80,,NOT_APPLICABLE,True,True,-80.0,20.0,100.0,False,UNAVAILABLE,False
NCAAB_H2_1_AUSTIN_TRANSFER_V1,DISCOVERY,cc0f6caa668e02e0,NCAAB_20260202_KU_TTU,KXNCAAMBGAME-26FEB02KUTTU-TTU,2,44,2026-02-03T04:06:00+00:00,DIAGNOSTIC_EVENT,False,,POST_80,HISTORICAL_RECONSTRUCT,ASKED_SIX_FIRST80,80,79,-1,750,61,64,OBSERVED,,20.0,20.0,20.0,95% CI — weighted bootstrap,25,25,22.76701228877258,0.24247634183356803,0.3388325717978487,1.0,OBSERVED,VALUE,-80,,NOT_APPLICABLE,True,True,-80.0,20.0,100.0,False,UNAVAILABLE,False
NCAAB_H2_1_AUSTIN_TRANSFER_V1,DISCOVERY,cc0f6caa668e02e0,NCAAB_20260202_KU_TTU,KXNCAAMBGAME-26FEB02KUTTU-TTU,2,44,2026-02-03T04:06:00+00:00,DIAGNOSTIC_EVENT,False,,POST_80,HISTORICAL_RECONSTRUCT,ASKED_SIX_FIRST80,80,79,-1,750,61,64,OBSERVED,,20.0,20.0,20.0,95% CI — weighted bootstrap,25,25,22.76701228877258,0.24247634183356803,0.3388325717978487,1.0,OBSERVED,VALUE,-80,,NOT_APPLICABLE,True,True,-80.0,20.0,100.0,False,UNAVAILABLE,False
NCAAB_H2_1_AUSTIN_TRANSFER_V1,DISCOVERY,cc0f6caa668e02e0,NCAAB_20260202_KU_TTU,KXNCAAMBGAME-26FEB02KUTTU-TTU,2,44,2026-02-03T04:06:00+00:00,DIAGNOSTIC_EVENT,False,,POST_80,HISTORICAL_RECONSTRUCT,ASKED_SIX_FIRST80,80,79,-1,750,61,64,OBSERVED,,20.0,20.0,20.0,95% CI — weighted bootstrap,25,25,22.76701228877258,0.24247634183356803,0.3388325717978487,1.0,OBSERVED,VALUE,-80,,NOT_APPLICABLE,True,True,-80.0,20.0,100.0,False,UNAVAILABLE,False
NCAAB_H2_1_AUSTIN_TRANSFER_V1,DISCOVERY,065411b461d0d13a,NCAAB_20260203_IND_USC,KXNCAAMBGAME-26FEB03INDUSC-USC,1,1200,2026-02-04T03:02:45+00:00,PRE_ENTRY,False,PRE_ENTRY,PRE_80,HISTORICAL_RECONSTRUCT,ASKED_SIX_FIRST80,80,45,,,0,0,,,,,,,,,,,,,,UNAVAILABLE,,,,,,,,,False,UNAVAILABLE,False
NCAAB_H2_1_AUSTIN_TRANSFER_V1,DISCOVERY,065411b461d0d13a,NCAAB_20260203_IND_USC,KXNCAAMBGAME-26FEB03INDUSC-USC,1,1080,2026-02-04T03:02:45+00:00,PRE_ENTRY,False,PRE_ENTRY,PRE_80,HISTORICAL_RECONSTRUCT,ASKED_SIX_FIRST80,80,45,,,0,0,,,,,,,,,,,,,,UNAVAILABLE,,,,,,,,,False,UNAVAILABLE,False
NCAAB_H2_1_AUSTIN_TRANSFER_V1,DISCOVERY,065411b461d0d13a,NCAAB_20260203_IND_USC,KXNCAAMBGAME-26FEB03INDUSC-USC,1,960,2026-02-04T03:07:06+00:00,PRE_ENTRY,False,PRE_ENTRY,PRE_80,HISTORICAL_RECONSTRUCT,ASKED_SIX_FIRST80,80,48,,,11,8,,,,,,,,,,,,,,UNAVAILABLE,,,,,,,,,False,UNAVAILABLE,False
NCAAB_H2_1_AUSTIN_TRANSFER_V1,DISCOVERY,065411b461d0d13a,NCAAB_20260203_IND_USC,KXNCAAMBGAME-26FEB03INDUSC-USC,1,840,2026-02-04T03:02:45+00:00,PRE_ENTRY,False,PRE_ENTRY,PRE_80,HISTORICAL_RECONSTRUCT,ASKED_SIX_FIRST80,80,45,,,0,0,,,,,,,,,,,,,,UNAVAILABLE,,,,,,,,,False,UNAVAILABLE,False
NCAAB_H2_1_AUSTIN_TRANSFER_V1,DISCOVERY,065411b461d0d13a,NCAAB_20260203_IND_USC,KXNCAAMBGAME-26FEB03INDUSC-USC,1,720,2026-02-04T03:02:45+00:00,PRE_ENTRY,False,PRE_ENTRY,PRE_80,HISTORICAL_RECONSTRUCT,ASKED_SIX_FIRST80,80,45,,,0,0,,,,,,,,,,,,,,UNAVAILABLE,,,,,,,,,False,UNAVAILABLE,False
NCAAB_H2_1_AUSTIN_TRANSFER_V1,DISCOVERY,065411b461d0d13a,NCAAB_20260203_IND_USC,KXNCAAMBGAME-26FEB03INDUSC-USC,1,600,2026-02-04T03:02:45+00:00,PRE_ENTRY,False,PRE_ENTRY,PRE_80,HISTORICAL_RECONSTRUCT,ASKED_SIX_FIRST80,80,45,,,0,0,,,,,,,,,,,,,,UNAVAILABLE,,,,,,,,,False,UNAVAILABLE,False
NCAAB_H2_1_AUSTIN_TRANSFER_V1,DISCOVERY,065411b461d0d13a,NCAAB_20260203_IND_USC,KXNCAAMBGAME-26FEB03INDUSC-USC,1,480,2026-02-04T03:02:45+00:00,PRE_ENTRY,False,PRE_ENTRY,PRE_80,HISTORICAL_RECONSTRUCT,ASKED_SIX_FIRST80,80,45,,,0,0,,,,,,,,,,,,,,UNAVAILABLE,,,,,,,,,False,UNAVAILABLE,False
NCAAB_H2_1_AUSTIN_TRANSFER_V1,DISCOVERY,065411b461d0d13a,NCAAB_20260203_IND_USC,KXNCAAMBGAME-26FEB03INDUSC-USC,1,360,2026-02-04T03:02:45+00:00,PRE_ENTRY,False,PRE_ENTRY,PRE_80,HISTORICAL_RECONSTRUCT,ASKED_SIX_FIRST80,80,45,,,0,0,,,,,,,,,,,,,,UNAVAILABLE,,,,,,,,,False,UNAVAILABLE,False
NCAAB_H2_1_AUSTIN_TRANSFER_V1,DISCOVERY,065411b461d0d13a,NCAAB_20260203_IND_USC,KXNCAAMBGAME-26FEB03INDUSC-USC,1,240,2026-02-04T03:02:45+00:00,PRE_ENTRY,False,PRE_ENTRY,PRE_80,HISTORICAL_RECONSTRUCT,ASKED_SIX_FIRST80,80,45,,,0,0,,,,,,,,,,,,,,UNAVAILABLE,,,,,,,,,False,UNAVAILABLE,False
NCAAB_H2_1_AUSTIN_TRANSFER_V1,DISCOVERY,065411b461d0d13a,NCAAB_20260203_IND_USC,KXNCAAMBGAME-26FEB03INDUSC-USC,1,120,2026-02-04T03:02:45+00:00,PRE_ENTRY,False,PRE_ENTRY,PRE_80,HISTORICAL_RECONSTRUCT,ASKED_SIX_FIRST80,80,45,,,0,0,,,,,,,,,,,,,,UNAVAILABLE,,,,,,,,,False,UNAVAILABLE,False
NCAAB_H2_1_AUSTIN_TRANSFER_V1,DISCOVERY,065411b461d0d13a,NCAAB_20260203_IND_USC,KXNCAAMBGAME-26FEB03INDUSC-USC,1,0,2026-02-04T03:51:40+00:00,PRE_ENTRY,False,PRE_ENTRY,PRE_80,HISTORICAL_RECONSTRUCT,ASKED_SIX_FIRST80,80,60,,,35,30,,,,,,,,,,,,,,UNAVAILABLE,,,,,,,,,False,UNAVAILABLE,False
NCAAB_H2_1_AUSTIN_TRANSFER_V1,DISCOVERY,065411b461d0d13a,NCAAB_20260203_IND_USC,KXNCAAMBGAME-26FEB03INDUSC-USC,2,1200,2026-02-04T04:07:57+00:00,PRE_ENTRY,False,PRE_ENTRY,PRE_80,HISTORICAL_RECONSTRUCT,ASKED_SIX_FIRST80,80,60,,,35,30,,,,,,,,,,,,,,UNAVAILABLE,,,,,,,,,False,UNAVAILABLE,False
NCAAB_H2_1_AUSTIN_TRANSFER_V1,DISCOVERY,065411b461d0d13a,NCAAB_20260203_IND_USC,KXNCAAMBGAME-26FEB03INDUSC-USC,2,1080,2026-02-04T04:07:57+00:00,PRE_ENTRY,False,PRE_ENTRY,PRE_80,HISTORICAL_RECONSTRUCT,ASKED_SIX_FIRST80,80,60,,,35,30,,,,,,,,,,,,,,UNAVAILABLE,,,,,,,,,False,UNAVAILABLE,False
NCAAB_H2_1_AUSTIN_TRANSFER_V1,DISCOVERY,065411b461d0d13a,NCAAB_20260203_IND_USC,KXNCAAMBGAME-26FEB03INDUSC-USC,2,960,2026-02-04T04:07:57+00:00,PRE_ENTRY,False,PRE_ENTRY,PRE_80,HISTORICAL_RECONSTRUCT,ASKED_SIX_FIRST80,80,60,,,35,30,,,,,,,,,,,,,,UNAVAILABLE,,,,,,,,,False,UNAVAILABLE,False
NCAAB_H2_1_AUSTIN_TRANSFER_V1,DISCOVERY,065411b461d0d13a,NCAAB_20260203_IND_USC,KXNCAAMBGAME-26FEB03INDUSC-USC,2,840,2026-02-04T04:07:57+00:00,PRE_ENTRY,False,PRE_ENTRY,PRE_80,HISTORICAL_RECONSTRUCT,ASKED_SIX_FIRST80,80,60,,,35,30,,,,,,,,,,,,,,UNAVAILABLE,,,,,,,,,False,UNAVAILABLE,False
NCAAB_H2_1_AUSTIN_TRANSFER_V1,DISCOVERY,065411b461d0d13a,NCAAB_20260203_IND_USC,KXNCAAMBGAME-26FEB03INDUSC-USC,2,720,2026-02-04T04:07:57+00:00,PRIMARY_GRID,True,,PRE_80,HISTORICAL_RECONSTRUCT,NONE,,60,,,35,30,INSUFFICIENT_SAMPLE,NO_ENTRY_IN_FITTED_SPACE,,,,95% CI — weighted bootstrap,25,,,,,0.30434782608695654,UNAVAILABLE,NOT_APPLICABLE,20,20,VALUE,False,False,,,,False,UNAVAILABLE,False
NCAAB_H2_1_AUSTIN_TRANSFER_V1,DISCOVERY,065411b461d0d13a,NCAAB_20260203_IND_USC,KXNCAAMBGAME-26FEB03INDUSC-USC,2,600,2026-02-04T04:07:57+00:00,PRIMARY_GRID,True,,PRE_80,HISTORICAL_RECONSTRUCT,NONE,,60,,,35,30,INSUFFICIENT_SAMPLE,NO_ENTRY_IN_FITTED_SPACE,,,,95% CI — weighted bootstrap,25,,,,,0.30434782608695654,UNAVAILABLE,NOT_APPLICABLE,20,20,VALUE,False,False,,,,False,UNAVAILABLE,False
NCAAB_H2_1_AUSTIN_TRANSFER_V1,DISCOVERY,065411b461d0d13a,NCAAB_20260203_IND_USC,KXNCAAMBGAME-26FEB03INDUSC-USC,2,480,2026-02-04T04:07:57+00:00,PRIMARY_GRID,True,,PRE_80,HISTORICAL_RECONSTRUCT,NONE,,60,,,35,30,INSUFFICIENT_SAMPLE,NO_ENTRY_IN_FITTED_SPACE,,,,95% CI — weighted bootstrap,25,,,,,0.30434782608695654,UNAVAILABLE,NOT_APPLICABLE,20,20,VALUE,False,False,,,,False,UNAVAILABLE,False
NCAAB_H2_1_AUSTIN_TRANSFER_V1,DISCOVERY,065411b461d0d13a,NCAAB_20260203_IND_USC,KXNCAAMBGAME-26FEB03INDUSC-USC,2,360,2026-02-04T04:07:57+00:00,PRIMARY_GRID,True,,PRE_80,HISTORICAL_RECONSTRUCT,NONE,,60,,,35,30,INSUFFICIENT_SAMPLE,NO_ENTRY_IN_FITTED_SPACE,,,,95% CI — weighted bootstrap,25,,,,,0.30434782608695654,UNAVAILABLE,NOT_APPLICABLE,20,20,VALUE,False,False,,,,False,UNAVAILABLE,False
NCAAB_H2_1_AUSTIN_TRANSFER_V1,DISCOVERY,065411b461d0d13a,NCAAB_20260203_IND_USC,KXNCAAMBGAME-26FEB03INDUSC-USC,2,240,2026-02-04T04:07:57+00:00,PRIMARY_GRID,True,,PRE_80,HISTORICAL_RECONSTRUCT,NONE,,60,,,35,30,INSUFFICIENT_SAMPLE,NO_ENTRY_IN_FITTED_SPACE,,,,95% CI — weighted bootstrap,25,,,,,0.30434782608695654,UNAVAILABLE,NOT_APPLICABLE,20,20,VALUE,False,False,,,,False,UNAVAILABLE,False
NCAAB_H2_1_AUSTIN_TRANSFER_V1,DISCOVERY,065411b461d0d13a,NCAAB_20260203_IND_USC,KXNCAAMBGAME-26FEB03INDUSC-USC,2,120,2026-02-04T04:07:57+00:00,PRIMARY_GRID,True,,PRE_80,HISTORICAL_RECONSTRUCT,NONE,,60,,,35,30,INSUFFICIENT_SAMPLE,NO_ENTRY_IN_FITTED_SPACE,,,,95% CI — weighted bootstrap,25,,,,,0.30434782608695654,UNAVAILABLE,NOT_APPLICABLE,20,20,VALUE,False,False,,,,False,UNAVAILABLE,False
NCAAB_H2_1_AUSTIN_TRANSFER_V1,DISCOVERY,065411b461d0d13a,NCAAB_20260203_IND_USC,KXNCAAMBGAME-26FEB03INDUSC-USC,2,0,2026-02-04T05:14:22+00:00,PRIMARY_GRID,True,,POST_80,HISTORICAL_RECONSTRUCT,ASKED_SIX_FIRST80,80,99,19,833,81,75,OBSERVED,,20.0,20.0,20.0,95% CI — weighted bootstrap,25,25,24.27140978722028,0.8909373971909634,0.823685027208442,1.0,OBSERVED,VALUE,20,,NOT_APPLICABLE,True,True,20.0,20.0,0.0,False,UNAVAILABLE,False
NCAAB_H2_1_AUSTIN_TRANSFER_V1,DISCOVERY,065411b461d0d13a,NCAAB_20260203_IND_USC,KXNCAAMBGAME-26FEB03INDUSC-USC,2,833,2026-02-04T04:25:00+00:00,DIAGNOSTIC_EVENT,False,,POST_80,HISTORICAL_RECONSTRUCT,ASKED_SIX_FIRST80,80,70,-10,0,49,39,OBSERVED,,11.414702052176985,0.0,20.0,95% CI — weighted bootstrap,25,25,24.684751989241907,0.7049490092201707,0.6999414153340168,0.7246376811594203,OBSERVED,VALUE,20,,NOT_APPLICABLE,True,True,20.0,11.414702052176985,-8.585297947823015,False,UNAVAILABLE,False
NCAAB_H2_1_AUSTIN_TRANSFER_V1,DISCOVERY,42b0b2306bc97af2,NCAAB_20260204_BYU_OKST,KXNCAAMBGAME-26FEB04BYUOKST-BYU,1,1200,2026-02-05T02:10:39+00:00,PRE_ENTRY,False,PRE_ENTRY,PRE_80,HISTORICAL_RECONSTRUCT,ASKED_SIX_FIRST80,81,76,,,0,0,,,,,,,,,,,,,,UNAVAILABLE,,,,,,,,,False,UNAVAILABLE,False
NCAAB_H2_1_AUSTIN_TRANSFER_V1,DISCOVERY,42b0b2306bc97af2,NCAAB_20260204_BYU_OKST,KXNCAAMBGAME-26FEB04BYUOKST-BYU,1,1080,2026-02-05T02:10:39+00:00,PRE_ENTRY,False,PRE_ENTRY,PRE_80,HISTORICAL_RECONSTRUCT,ASKED_SIX_FIRST80,81,76,,,0,0,,,,,,,,,,,,,,UNAVAILABLE,,,,,,,,,False,UNAVAILABLE,False
NCAAB_H2_1_AUSTIN_TRANSFER_V1,DISCOVERY,42b0b2306bc97af2,NCAAB_20260204_BYU_OKST,KXNCAAMBGAME-26FEB04BYUOKST-BYU,1,960,2026-02-05T02:10:39+00:00,PRE_ENTRY,False,PRE_ENTRY,PRE_80,HISTORICAL_RECONSTRUCT,ASKED_SIX_FIRST80,81,76,,,0,0,,,,,,,,,,,,,,UNAVAILABLE,,,,,,,,,False,UNAVAILABLE,False
NCAAB_H2_1_AUSTIN_TRANSFER_V1,DISCOVERY,42b0b2306bc97af2,NCAAB_20260204_BYU_OKST,KXNCAAMBGAME-26FEB04BYUOKST-BYU,1,840,2026-02-05T02:24:47+00:00,PRE_ENTRY,False,PRE_ENTRY,PRE_80,HISTORICAL_RECONSTRUCT,ASKED_SIX_FIRST80,81,70,,,9,4,,,,,,,,,,,,,,UNAVAILABLE,,,,,,,,,False,UNAVAILABLE,False
NCAAB_H2_1_AUSTIN_TRANSFER_V1,DISCOVERY,42b0b2306bc97af2,NCAAB_20260204_BYU_OKST,KXNCAAMBGAME-26FEB04BYUOKST-BYU,1,720,2026-02-05T02:10:39+00:00,PRE_ENTRY,False,PRE_ENTRY,PRE_80,HISTORICAL_RECONSTRUCT,ASKED_SIX_FIRST80,81,76,,,0,0,,,,,,,,,,,,,,UNAVAILABLE,,,,,,,,,False,UNAVAILABLE,False
NCAAB_H2_1_AUSTIN_TRANSFER_V1,DISCOVERY,42b0b2306bc97af2,NCAAB_20260204_BYU_OKST,KXNCAAMBGAME-26FEB04BYUOKST-BYU,1,600,2026-02-05T02:10:39+00:00,PRE_ENTRY,False,PRE_ENTRY,PRE_80,HISTORICAL_RECONSTRUCT,ASKED_SIX_FIRST80,81,76,,,0,0,,,,,,,,,,,,,,UNAVAILABLE,,,,,,,,,False,UNAVAILABLE,False
NCAAB_H2_1_AUSTIN_TRANSFER_V1,DISCOVERY,42b0b2306bc97af2,NCAAB_20260204_BYU_OKST,KXNCAAMBGAME-26FEB04BYUOKST-BYU,1,480,2026-02-05T02:10:39+00:00,PRE_ENTRY,False,PRE_ENTRY,PRE_80,HISTORICAL_RECONSTRUCT,ASKED_SIX_FIRST80,81,76,,,0,0,,,,,,,,,,,,,,UNAVAILABLE,,,,,,,,,False,UNAVAILABLE,False
NCAAB_H2_1_AUSTIN_TRANSFER_V1,DISCOVERY,42b0b2306bc97af2,NCAAB_20260204_BYU_OKST,KXNCAAMBGAME-26FEB04BYUOKST-BYU,1,360,2026-02-05T02:10:39+00:00,PRE_ENTRY,False,PRE_ENTRY,PRE_80,HISTORICAL_RECONSTRUCT,ASKED_SIX_FIRST80,81,76,,,0,0,,,,,,,,,,,,,,UNAVAILABLE,,,,,,,,,False,UNAVAILABLE,False
NCAAB_H2_1_AUSTIN_TRANSFER_V1,DISCOVERY,42b0b2306bc97af2,NCAAB_20260204_BYU_OKST,KXNCAAMBGAME-26FEB04BYUOKST-BYU,1,240,2026-02-05T02:10:39+00:00,PRE_ENTRY,False,PRE_ENTRY,PRE_80,HISTORICAL_RECONSTRUCT,ASKED_SIX_FIRST80,81,76,,,0,0,,,,,,,,,,,,,,UNAVAILABLE,,,,,,,,,False,UNAVAILABLE,False
NCAAB_H2_1_AUSTIN_TRANSFER_V1,DISCOVERY,42b0b2306bc97af2,NCAAB_20260204_BYU_OKST,KXNCAAMBGAME-26FEB04BYUOKST-BYU,1,120,2026-02-05T02:52:52+00:00,PRE_ENTRY,False,PRE_ENTRY,PRE_80,HISTORICAL_RECONSTRUCT,ASKED_SIX_FIRST80,81,57,,,41,37,,,,,,,,,,,,,,UNAVAILABLE,,,,,,,,,False,UNAVAILABLE,False
NCAAB_H2_1_AUSTIN_TRANSFER_V1,DISCOVERY,42b0b2306bc97af2,NCAAB_20260204_BYU_OKST,KXNCAAMBGAME-26FEB04BYUOKST-BYU,1,0,2026-02-05T02:58:18+00:00,PRE_ENTRY,False,PRE_ENTRY,PRE_80,HISTORICAL_RECONSTRUCT,ASKED_SIX_FIRST80,81,74,,,41,41,,,,,,,,,,,,,,UNAVAILABLE,,,,,,,,,False,UNAVAILABLE,False
NCAAB_H2_1_AUSTIN_TRANSFER_V1,DISCOVERY,42b0b2306bc97af2,NCAAB_20260204_BYU_OKST,KXNCAAMBGAME-26FEB04BYUOKST-BYU,2,1200,2026-02-05T03:12:39+00:00,PRE_ENTRY,False,PRE_ENTRY,PRE_80,HISTORICAL_RECONSTRUCT,ASKED_SIX_FIRST80,81,76,,,41,41,,,,,,,,,,,,,,UNAVAILABLE,,,,,,,,,False,UNAVAILABLE,False
NCAAB_H2_1_AUSTIN_TRANSFER_V1,DISCOVERY,42b0b2306bc97af2,NCAAB_20260204_BYU_OKST,KXNCAAMBGAME-26FEB04BYUOKST-BYU,2,1080,2026-02-05T03:12:39+00:00,PRE_ENTRY,False,PRE_ENTRY,PRE_80,HISTORICAL_RECONSTRUCT,ASKED_SIX_FIRST80,81,76,,,41,41,,,,,,,,,,,,,,UNAVAILABLE,,,,,,,,,False,UNAVAILABLE,False
NCAAB_H2_1_AUSTIN_TRANSFER_V1,DISCOVERY,42b0b2306bc97af2,NCAAB_20260204_BYU_OKST,KXNCAAMBGAME-26FEB04BYUOKST-BYU,2,960,2026-02-05T03:12:39+00:00,PRIMARY_GRID,True,,PRE_80,HISTORICAL_RECONSTRUCT,NONE,,76,,,41,41,INSUFFICIENT_SAMPLE,NO_ENTRY_IN_FITTED_SPACE,,,,95% CI — weighted bootstrap,25,,,,,0.30434782608695654,UNAVAILABLE,NOT_APPLICABLE,-80,-80,VALUE,False,False,,,,False,UNAVAILABLE,False
NCAAB_H2_1_AUSTIN_TRANSFER_V1,DISCOVERY,42b0b2306bc97af2,NCAAB_20260204_BYU_OKST,KXNCAAMBGAME-26FEB04BYUOKST-BYU,2,840,2026-02-05T03:29:56+00:00,PRIMARY_GRID,True,,POST_80,HISTORICAL_RECONSTRUCT,ASKED_SIX_FIRST80,81,67,-14,218,54,53,OBSERVED,,-13.338101602283079,-32.0,4.0,95% CI — weighted bootstrap,25,25,24.705577818354154,0.9727018115371884,0.9811538605319634,0.9710144927536232,OBSERVED,VALUE,-80,,NOT_APPLICABLE,True,True,-13.338101602283079,-13.338101602283079,0.0,False,UNAVAILABLE,False
NCAAB_H2_1_AUSTIN_TRANSFER_V1,DISCOVERY,42b0b2306bc97af2,NCAAB_20260204_BYU_OKST,KXNCAAMBGAME-26FEB04BYUOKST-BYU,2,720,2026-02-05T03:12:39+00:00,PRIMARY_GRID,True,,PRE_80,HISTORICAL_RECONSTRUCT,NONE,,76,,,41,41,INSUFFICIENT_SAMPLE,NO_ENTRY_IN_FITTED_SPACE,,,,95% CI — weighted bootstrap,25,,,,,0.30434782608695654,UNAVAILABLE,NOT_APPLICABLE,-80,-80,VALUE,False,False,-13.338101602283079,,,False,UNAVAILABLE,False
NCAAB_H2_1_AUSTIN_TRANSFER_V1,DISCOVERY,42b0b2306bc97af2,NCAAB_20260204_BYU_OKST,KXNCAAMBGAME-26FEB04BYUOKST-BYU,2,600,2026-02-05T03:12:39+00:00,PRIMARY_GRID,True,,PRE_80,HISTORICAL_RECONSTRUCT,NONE,,76,,,41,41,INSUFFICIENT_SAMPLE,NO_ENTRY_IN_FITTED_SPACE,,,,95% CI — weighted bootstrap,25,,,,,0.30434782608695654,UNAVAILABLE,NOT_APPLICABLE,-80,-80,VALUE,False,False,-13.338101602283079,,,False,UNAVAILABLE,False
NCAAB_H2_1_AUSTIN_TRANSFER_V1,DISCOVERY,42b0b2306bc97af2,NCAAB_20260204_BYU_OKST,KXNCAAMBGAME-26FEB04BYUOKST-BYU,2,480,2026-02-05T03:12:39+00:00,PRIMARY_GRID,True,,PRE_80,HISTORICAL_RECONSTRUCT,NONE,,76,,,41,41,INSUFFICIENT_SAMPLE,NO_ENTRY_IN_FITTED_SPACE,,,,95% CI — weighted bootstrap,25,,,,,0.30434782608695654,UNAVAILABLE,NOT_APPLICABLE,-80,-80,VALUE,False,False,-13.338101602283079,,,False,UNAVAILABLE,False
NCAAB_H2_1_AUSTIN_TRANSFER_V1,DISCOVERY,42b0b2306bc97af2,NCAAB_20260204_BYU_OKST,KXNCAAMBGAME-26FEB04BYUOKST-BYU,2,360,2026-02-05T03:12:39+00:00,PRIMARY_GRID,True,,PRE_80,HISTORICAL_RECONSTRUCT,NONE,,76,,,41,41,INSUFFICIENT_SAMPLE,NO_ENTRY_IN_FITTED_SPACE,,,,95% CI — weighted bootstrap,25,,,,,0.30434782608695654,UNAVAILABLE,NOT_APPLICABLE,-80,-80,VALUE,False,False,-13.338101602283079,,,False,UNAVAILABLE,False
NCAAB_H2_1_AUSTIN_TRANSFER_V1,DISCOVERY,42b0b2306bc97af2,NCAAB_20260204_BYU_OKST,KXNCAAMBGAME-26FEB04BYUOKST-BYU,2,240,2026-02-05T04:01:08+00:00,PRIMARY_GRID,True,,POST_80,HISTORICAL_RECONSTRUCT,ASKED_SIX_FIRST80,81,5,-76,818,81,69,OBSERVED,,-80.0,-80.0,-80.0,95% CI — weighted bootstrap,25,25,23.865909559468623,1.4328475106005802,1.3426506130701754,1.0,OBSERVED,VALUE,-80,,NOT_APPLICABLE,True,True,-13.338101602283079,-80.0,-66.66189839771693,False,UNAVAILABLE,False
NCAAB_H2_1_AUSTIN_TRANSFER_V1,DISCOVERY,42b0b2306bc97af2,NCAAB_20260204_BYU_OKST,KXNCAAMBGAME-26FEB04BYUOKST-BYU,2,120,2026-02-05T04:13:34+00:00,PRIMARY_GRID,True,,POST_80,HISTORICAL_RECONSTRUCT,ASKED_SIX_FIRST80,81,1,-80,938,88,80,OBSERVED,,-80.0,-80.0,-80.0,95% CI — weighted bootstrap,25,25,24.889268813693715,1.391157234007699,1.3480217247429878,1.0,OBSERVED,VALUE,-80,,NOT_APPLICABLE,True,True,-13.338101602283079,-80.0,-66.66189839771693,False,UNAVAILABLE,False
NCAAB_H2_1_AUSTIN_TRANSFER_V1,DISCOVERY,42b0b2306bc97af2,NCAAB_20260204_BYU_OKST,KXNCAAMBGAME-26FEB04BYUOKST-BYU,2,0,2026-02-05T04:27:12+00:00,PRIMARY_GRID,True,,POST_80,HISTORICAL_RECONSTRUCT,ASKED_SIX_FIRST80,81,1,-80,1058,99,92,OBSERVED,,-79.99999999999999,-80.0,-80.0,95% CI — weighted bootstrap,25,25,24.898718443756863,1.360807868926048,1.3422502724687357,1.0,OBSERVED,VALUE,-80,,NOT_APPLICABLE,True,True,-13.338101602283079,-79.99999999999999,-66.66189839771691,False,UNAVAILABLE,False
NCAAB_H2_1_AUSTIN_TRANSFER_V1,DISCOVERY,42b0b2306bc97af2,NCAAB_20260204_BYU_OKST,KXNCAAMBGAME-26FEB04BYUOKST-BYU,2,1058,2026-02-05T03:19:00+00:00,DIAGNOSTIC_EVENT,False,,POST_80,HISTORICAL_RECONSTRUCT,ASKED_SIX_FIRST80,81,77,-4,0,45,48,OBSERVED,,-2.227495433416596,-20.0,12.0,95% CI — weighted bootstrap,25,25,24.944192270028704,1.1761020275922456,1.2064274463075604,0.7246376811594203,OBSERVED,VALUE,-80,,NOT_APPLICABLE,True,True,-13.338101602283079,-2.227495433416596,11.110606168866482,False,UNAVAILABLE,False
NCAAB_H2_1_AUSTIN_TRANSFER_V1,DISCOVERY,42b0b2306bc97af2,NCAAB_20260204_BYU_OKST,KXNCAAMBGAME-26FEB04BYUOKST-BYU,2,883,2026-02-05T03:29:00+00:00,DIAGNOSTIC_EVENT,False,,POST_80,HISTORICAL_RECONSTRUCT,ASKED_SIX_FIRST80,81,72,-9,175,54,53,OBSERVED,,-21.966814719769413,-40.0,-4.0,95% CI — weighted bootstrap,25,25,24.67529688779242,0.937418473354338,0.9309878725314122,0.9565217391304348,OBSERVED,VALUE,-80,,NOT_APPLICABLE,True,True,-13.338101602283079,-21.966814719769413,-8.628713117486335,False,UNAVAILABLE,False
NCAAB_H2_1_AUSTIN_TRANSFER_V1,DISCOVERY,42b0b2306bc97af2,NCAAB_20260204_BYU_OKST,KXNCAAMBGAME-26FEB04BYUOKST-BYU,2,818,2026-02-05T03:31:00+00:00,DIAGNOSTIC_EVENT,False,,POST_80,HISTORICAL_RECONSTRUCT,ASKED_SIX_FIRST80,81,68,-13,240,56,53,OBSERVED,,-3.5024567901594903,-20.0,12.0,95% CI — weighted bootstrap,25,25,23.79584111773315,1.005118045808977,0.9256547816653763,0.9710144927536232,OBSERVED,VALUE,-80,,NOT_APPLICABLE,True,True,-13.338101602283079,-3.5024567901594903,9.835644812123588,False,UNAVAILABLE,False
NCAAB_H2_1_AUSTIN_TRANSFER_V1,DISCOVERY,42b0b2306bc97af2,NCAAB_20260204_BYU_OKST,KXNCAAMBGAME-26FEB04BYUOKST-BYU,2,586,2026-02-05T03:39:00+00:00,DIAGNOSTIC_EVENT,False,,POST_80,HISTORICAL_RECONSTRUCT,ASKED_SIX_FIRST80,81,54,-27,472,67,61,OBSERVED,,-39.8786468439369,-56.0,-20.0,95% CI — weighted bootstrap,25,25,24.569288088416474,0.9967849964773062,0.9731002194326819,0.9855072463768116,OBSERVED,VALUE,-80,,NOT_APPLICABLE,True,True,-13.338101602283079,-39.8786468439369,-26.54054524165382,False,UNAVAILABLE,False
NCAAB_H2_1_AUSTIN_TRANSFER_V1,DISCOVERY,42b0b2306bc97af2,NCAAB_20260204_BYU_OKST,KXNCAAMBGAME-26FEB04BYUOKST-BYU,2,586,2026-02-05T03:42:00+00:00,DIAGNOSTIC_EVENT,False,,POST_80,HISTORICAL_RECONSTRUCT,ASKED_SIX_FIRST80,81,44,-37,472,67,61,OBSERVED,,-47.9763877445408,-64.0,-28.0,95% CI — weighted bootstrap,25,25,24.739537741518724,1.16079007259519,1.1245165685742635,0.9855072463768116,OBSERVED,VALUE,-80,,NOT_APPLICABLE,True,True,-13.338101602283079,-47.9763877445408,-34.638286142257726,False,UNAVAILABLE,False
NCAAB_H2_1_AUSTIN_TRANSFER_V1,DISCOVERY,42b0b2306bc97af2,NCAAB_20260204_BYU_OKST,KXNCAAMBGAME-26FEB04BYUOKST-BYU,2,513,2026-02-05T03:45:00+00:00,DIAGNOSTIC_EVENT,False,,POST_80,HISTORICAL_RECONSTRUCT,ASKED_SIX_FIRST80,81,52,-29,545,71,64,OBSERVED,,-48.48289038271125,-68.0,-28.0,95% CI — weighted bootstrap,25,25,24.67275747192186,0.9557253782161884,0.9535423881668383,0.9855072463768116,OBSERVED,VALUE,-80,,NOT_APPLICABLE,True,True,-13.338101602283079,-48.48289038271125,-35.14478878042817,False,UNAVAILABLE,False
NCAAB_H2_1_AUSTIN_TRANSFER_V1,DISCOVERY,42b0b2306bc97af2,NCAAB_20260204_BYU_OKST,KXNCAAMBGAME-26FEB04BYUOKST-BYU,2,513,2026-02-05T03:45:00+00:00,DIAGNOSTIC_EVENT,False,,POST_80,HISTORICAL_RECONSTRUCT,ASKED_SIX_FIRST80,81,52,-29,545,71,64,OBSERVED,,-48.48289038271125,-68.0,-28.0,95% CI — weighted bootstrap,25,25,24.67275747192186,0.9557253782161884,0.9535423881668383,0.9855072463768116,OBSERVED,VALUE,-80,,NOT_APPLICABLE,True,True,-13.338101602283079,-48.48289038271125,-35.14478878042817,False,UNAVAILABLE,False
NCAAB_H2_1_AUSTIN_TRANSFER_V1,DISCOVERY,b90e2ef66a563198,NCAAB_20260204_IOWA_WASH,KXNCAAMBGAME-26FEB04IOWAWASH-IOWA,1,1200,2026-02-05T04:10:36+00:00,PRE_ENTRY,False,PRE_ENTRY,PRE_80,HISTORICAL_RECONSTRUCT,ASKED_SIX_FIRST80,83,57,,,0,0,,,,,,,,,,,,,,UNAVAILABLE,,,,,,,,,False,UNAVAILABLE,False
NCAAB_H2_1_AUSTIN_TRANSFER_V1,DISCOVERY,b90e2ef66a563198,NCAAB_20260204_IOWA_WASH,KXNCAAMBGAME-26FEB04IOWAWASH-IOWA,1,1080,2026-02-05T04:10:36+00:00,PRE_ENTRY,False,PRE_ENTRY,PRE_80,HISTORICAL_RECONSTRUCT,ASKED_SIX_FIRST80,83,57,,,0,0,,,,,,,,,,,,,,UNAVAILABLE,,,,,,,,,False,UNAVAILABLE,False
NCAAB_H2_1_AUSTIN_TRANSFER_V1,DISCOVERY,b90e2ef66a563198,NCAAB_20260204_IOWA_WASH,KXNCAAMBGAME-26FEB04IOWAWASH-IOWA,1,960,2026-02-05T04:10:36+00:00,PRE_ENTRY,False,PRE_ENTRY,PRE_80,HISTORICAL_RECONSTRUCT,ASKED_SIX_FIRST80,83,57,,,0,0,,,,,,,,,,,,,,UNAVAILABLE,,,,,,,,,False,UNAVAILABLE,False
NCAAB_H2_1_AUSTIN_TRANSFER_V1,DISCOVERY,b90e2ef66a563198,NCAAB_20260204_IOWA_WASH,KXNCAAMBGAME-26FEB04IOWAWASH-IOWA,1,840,2026-02-05T04:10:36+00:00,PRE_ENTRY,False,PRE_ENTRY,PRE_80,HISTORICAL_RECONSTRUCT,ASKED_SIX_FIRST80,83,57,,,0,0,,,,,,,,,,,,,,UNAVAILABLE,,,,,,,,,False,UNAVAILABLE,False
NCAAB_H2_1_AUSTIN_TRANSFER_V1,DISCOVERY,b90e2ef66a563198,NCAAB_20260204_IOWA_WASH,KXNCAAMBGAME-26FEB04IOWAWASH-IOWA,1,720,2026-02-05T04:10:36+00:00,PRE_ENTRY,False,PRE_ENTRY,PRE_80,HISTORICAL_RECONSTRUCT,ASKED_SIX_FIRST80,83,57,,,0,0,,,,,,,,,,,,,,UNAVAILABLE,,,,,,,,,False,UNAVAILABLE,False
NCAAB_H2_1_AUSTIN_TRANSFER_V1,DISCOVERY,b90e2ef66a563198,NCAAB_20260204_IOWA_WASH,KXNCAAMBGAME-26FEB04IOWAWASH-IOWA,1,600,2026-02-05T04:10:36+00:00,PRE_ENTRY,False,PRE_ENTRY,PRE_80,HISTORICAL_RECONSTRUCT,ASKED_SIX_FIRST80,83,57,,,0,0,,,,,,,,,,,,,,UNAVAILABLE,,,,,,,,,False,UNAVAILABLE,False
NCAAB_H2_1_AUSTIN_TRANSFER_V1,DISCOVERY,b90e2ef66a563198,NCAAB_20260204_IOWA_WASH,KXNCAAMBGAME-26FEB04IOWAWASH-IOWA,1,480,2026-02-05T04:10:36+00:00,PRE_ENTRY,False,PRE_ENTRY,PRE_80,HISTORICAL_RECONSTRUCT,ASKED_SIX_FIRST80,83,57,,,0,0,,,,,,,,,,,,,,UNAVAILABLE,,,,,,,,,False,UNAVAILABLE,False
NCAAB_H2_1_AUSTIN_TRANSFER_V1,DISCOVERY,b90e2ef66a563198,NCAAB_20260204_IOWA_WASH,KXNCAAMBGAME-26FEB04IOWAWASH-IOWA,1,360,2026-02-05T04:10:36+00:00,PRE_ENTRY,False,PRE_ENTRY,PRE_80,HISTORICAL_RECONSTRUCT,ASKED_SIX_FIRST80,83,57,,,0,0,,,,,,,,,,,,,,UNAVAILABLE,,,,,,,,,False,UNAVAILABLE,False
NCAAB_H2_1_AUSTIN_TRANSFER_V1,DISCOVERY,b90e2ef66a563198,NCAAB_20260204_IOWA_WASH,KXNCAAMBGAME-26FEB04IOWAWASH-IOWA,1,240,2026-02-05T04:10:36+00:00,PRE_ENTRY,False,PRE_ENTRY,PRE_80,HISTORICAL_RECONSTRUCT,ASKED_SIX_FIRST80,83,57,,,0,0,,,,,,,,,,,,,,UNAVAILABLE,,,,,,,,,False,UNAVAILABLE,False
NCAAB_H2_1_AUSTIN_TRANSFER_V1,DISCOVERY,b90e2ef66a563198,NCAAB_20260204_IOWA_WASH,KXNCAAMBGAME-26FEB04IOWAWASH-IOWA,1,120,2026-02-05T04:10:36+00:00,PRE_ENTRY,False,PRE_ENTRY,PRE_80,HISTORICAL_RECONSTRUCT,ASKED_SIX_FIRST80,83,57,,,0,0,,,,,,,,,,,,,,UNAVAILABLE,,,,,,,,,False,UNAVAILABLE,False
NCAAB_H2_1_AUSTIN_TRANSFER_V1,DISCOVERY,b90e2ef66a563198,NCAAB_20260204_IOWA_WASH,KXNCAAMBGAME-26FEB04IOWAWASH-IOWA,1,0,2026-02-05T04:51:32+00:00,PRE_ENTRY,False,PRE_ENTRY,PRE_80,HISTORICAL_RECONSTRUCT,ASKED_SIX_FIRST80,83,33,,,48,41,,,,,,,,,,,,,,UNAVAILABLE,,,,,,,,,False,UNAVAILABLE,False
NCAAB_H2_1_AUSTIN_TRANSFER_V1,DISCOVERY,b90e2ef66a563198,NCAAB_20260204_IOWA_WASH,KXNCAAMBGAME-26FEB04IOWAWASH-IOWA,2,1200,2026-02-05T05:06:42+00:00,PRE_ENTRY,False,PRE_ENTRY,PRE_80,HISTORICAL_RECONSTRUCT,ASKED_SIX_FIRST80,83,34,,,48,41,,,,,,,,,,,,,,UNAVAILABLE,,,,,,,,,False,UNAVAILABLE,False
NCAAB_H2_1_AUSTIN_TRANSFER_V1,DISCOVERY,b90e2ef66a563198,NCAAB_20260204_IOWA_WASH,KXNCAAMBGAME-26FEB04IOWAWASH-IOWA,2,1080,2026-02-05T05:06:42+00:00,PRE_ENTRY,False,PRE_ENTRY,PRE_80,HISTORICAL_RECONSTRUCT,ASKED_SIX_FIRST80,83,34,,,48,41,,,,,,,,,,,,,,UNAVAILABLE,,,,,,,,,False,UNAVAILABLE,False
NCAAB_H2_1_AUSTIN_TRANSFER_V1,DISCOVERY,b90e2ef66a563198,NCAAB_20260204_IOWA_WASH,KXNCAAMBGAME-26FEB04IOWAWASH-IOWA,2,960,2026-02-05T05:06:42+00:00,PRE_ENTRY,False,PRE_ENTRY,PRE_80,HISTORICAL_RECONSTRUCT,ASKED_SIX_FIRST80,83,34,,,48,41,,,,,,,,,,,,,,UNAVAILABLE,,,,,,,,,False,UNAVAILABLE,False
NCAAB_H2_1_AUSTIN_TRANSFER_V1,DISCOVERY,b90e2ef66a563198,NCAAB_20260204_IOWA_WASH,KXNCAAMBGAME-26FEB04IOWAWASH-IOWA,2,840,2026-02-05T05:06:42+00:00,PRE_ENTRY,False,PRE_ENTRY,PRE_80,HISTORICAL_RECONSTRUCT,ASKED_SIX_FIRST80,83,34,,,48,41,,,,,,,,,,,,,,UNAVAILABLE,,,,,,,,,False,UNAVAILABLE,False
NCAAB_H2_1_AUSTIN_TRANSFER_V1,DISCOVERY,b90e2ef66a563198,NCAAB_20260204_IOWA_WASH,KXNCAAMBGAME-26FEB04IOWAWASH-IOWA,2,720,2026-02-05T05:06:42+00:00,PRIMARY_GRID,True,,PRE_80,HISTORICAL_RECONSTRUCT,NONE,,34,,,48,41,INSUFFICIENT_SAMPLE,NO_ENTRY_IN_FITTED_SPACE,,,,95% CI — weighted bootstrap,25,,,,,0.30434782608695654,UNAVAILABLE,NOT_APPLICABLE,20,20,VALUE,False,False,,,,False,UNAVAILABLE,False
NCAAB_H2_1_AUSTIN_TRANSFER_V1,DISCOVERY,b90e2ef66a563198,NCAAB_20260204_IOWA_WASH,KXNCAAMBGAME-26FEB04IOWAWASH-IOWA,2,600,2026-02-05T05:06:42+00:00,PRIMARY_GRID,True,,PRE_80,HISTORICAL_RECONSTRUCT,NONE,,34,,,48,41,INSUFFICIENT_SAMPLE,NO_ENTRY_IN_FITTED_SPACE,,,,95% CI — weighted bootstrap,25,,,,,0.30434782608695654,UNAVAILABLE,NOT_APPLICABLE,20,20,VALUE,False,False,,,,False,UNAVAILABLE,False
NCAAB_H2_1_AUSTIN_TRANSFER_V1,DISCOVERY,b90e2ef66a563198,NCAAB_20260204_IOWA_WASH,KXNCAAMBGAME-26FEB04IOWAWASH-IOWA,2,480,2026-02-05T05:06:42+00:00,PRIMARY_GRID,True,,PRE_80,HISTORICAL_RECONSTRUCT,NONE,,34,,,48,41,INSUFFICIENT_SAMPLE,NO_ENTRY_IN_FITTED_SPACE,,,,95% CI — weighted bootstrap,25,,,,,0.30434782608695654,UNAVAILABLE,NOT_APPLICABLE,20,20,VALUE,False,False,,,,False,UNAVAILABLE,False
NCAAB_H2_1_AUSTIN_TRANSFER_V1,DISCOVERY,b90e2ef66a563198,NCAAB_20260204_IOWA_WASH,KXNCAAMBGAME-26FEB04IOWAWASH-IOWA,2,360,2026-02-05T05:06:42+00:00,PRIMARY_GRID,True,,PRE_80,HISTORICAL_RECONSTRUCT,NONE,,34,,,48,41,INSUFFICIENT_SAMPLE,NO_ENTRY_IN_FITTED_SPACE,,,,95% CI — weighted bootstrap,25,,,,,0.30434782608695654,UNAVAILABLE,NOT_APPLICABLE,20,20,VALUE,False,False,,,,False,UNAVAILABLE,False
NCAAB_H2_1_AUSTIN_TRANSFER_V1,DISCOVERY,b90e2ef66a563198,NCAAB_20260204_IOWA_WASH,KXNCAAMBGAME-26FEB04IOWAWASH-IOWA,2,240,2026-02-05T05:06:42+00:00,PRIMARY_GRID,True,,PRE_80,HISTORICAL_RECONSTRUCT,NONE,,34,,,48,41,INSUFFICIENT_SAMPLE,NO_ENTRY_IN_FITTED_SPACE,,,,95% CI — weighted bootstrap,25,,,,,0.30434782608695654,UNAVAILABLE,NOT_APPLICABLE,20,20,VALUE,False,False,,,,False,UNAVAILABLE,False
NCAAB_H2_1_AUSTIN_TRANSFER_V1,DISCOVERY,b90e2ef66a563198,NCAAB_20260204_IOWA_WASH,KXNCAAMBGAME-26FEB04IOWAWASH-IOWA,2,120,2026-02-05T05:06:42+00:00,PRIMARY_GRID,True,,PRE_80,HISTORICAL_RECONSTRUCT,NONE,,34,,,48,41,INSUFFICIENT_SAMPLE,NO_ENTRY_IN_FITTED_SPACE,,,,95% CI — weighted bootstrap,25,,,,,0.30434782608695654,UNAVAILABLE,NOT_APPLICABLE,20,20,VALUE,False,False,,,,False,UNAVAILABLE,False
NCAAB_H2_1_AUSTIN_TRANSFER_V1,DISCOVERY,b90e2ef66a563198,NCAAB_20260204_IOWA_WASH,KXNCAAMBGAME-26FEB04IOWAWASH-IOWA,2,0,2026-02-05T05:59:57+00:00,PRIMARY_GRID,True,,POST_80,HISTORICAL_RECONSTRUCT,ASKED_SIX_FIRST80,83,99,16,772,74,84,OBSERVED,,1.0470412698796108,-16.0,16.0,95% CI — weighted bootstrap,25,25,24.717218150901278,0.8349950815901998,0.8137271580773282,1.0,OBSERVED,VALUE,20,,NOT_APPLICABLE,True,True,1.0470412698796108,1.0470412698796108,0.0,False,UNAVAILABLE,False
NCAAB_H2_1_AUSTIN_TRANSFER_V1,DISCOVERY,b90e2ef66a563198,NCAAB_20260204_IOWA_WASH,KXNCAAMBGAME-26FEB04IOWAWASH-IOWA,2,772,2026-02-05T05:24:00+00:00,DIAGNOSTIC_EVENT,False,,POST_80,HISTORICAL_RECONSTRUCT,ASKED_SIX_FIRST80,83,76,-7,0,56,63,OBSERVED,,2.991435959381744,-12.0,16.0,95% CI — weighted bootstrap,25,25,23.652586539710118,0.9756036750802664,0.922405236009914,0.7246376811594203,OBSERVED,VALUE,20,,NOT_APPLICABLE,True,True,1.0470412698796108,2.991435959381744,1.9443946895021331,False,UNAVAILABLE,False
NCAAB_H2_1_AUSTIN_TRANSFER_V1,DISCOVERY,b90e2ef66a563198,NCAAB_20260204_IOWA_WASH,KXNCAAMBGAME-26FEB04IOWAWASH-IOWA,2,649,2026-02-05T05:29:00+00:00,DIAGNOSTIC_EVENT,False,,POST_80,HISTORICAL_RECONSTRUCT,ASKED_SIX_FIRST80,83,79,-4,123,60,63,OBSERVED,,-32.282232287160745,-52.0,-12.0,95% CI — weighted bootstrap,25,25,17.4479720952936,0.96788300949066,0.8369688236591135,0.9565217391304348,OBSERVED,VALUE,20,,NOT_APPLICABLE,True,True,1.0470412698796108,-32.282232287160745,-33.32927355704036,False,UNAVAILABLE,False
NCAAB_H2_1_AUSTIN_TRANSFER_V1,DISCOVERY,85c318a9a4fe8355,NCAAB_20260207_SMU_PITT,KXNCAAMBGAME-26FEB07SMUPITT-SMU,1,1200,2026-02-07T19:11:21+00:00,PRE_ENTRY,False,PRE_ENTRY,PRE_80,HISTORICAL_RECONSTRUCT,ASKED_SIX_FIRST80,81,68,,,0,0,,,,,,,,,,,,,,UNAVAILABLE,,,,,,,,,False,UNAVAILABLE,False
NCAAB_H2_1_AUSTIN_TRANSFER_V1,DISCOVERY,85c318a9a4fe8355,NCAAB_20260207_SMU_PITT,KXNCAAMBGAME-26FEB07SMUPITT-SMU,1,1080,2026-02-07T19:11:21+00:00,PRE_ENTRY,False,PRE_ENTRY,PRE_80,HISTORICAL_RECONSTRUCT,ASKED_SIX_FIRST80,81,68,,,0,0,,,,,,,,,,,,,,UNAVAILABLE,,,,,,,,,False,UNAVAILABLE,False
NCAAB_H2_1_AUSTIN_TRANSFER_V1,DISCOVERY,85c318a9a4fe8355,NCAAB_20260207_SMU_PITT,KXNCAAMBGAME-26FEB07SMUPITT-SMU,1,960,2026-02-07T19:11:21+00:00,PRE_ENTRY,False,PRE_ENTRY,PRE_80,HISTORICAL_RECONSTRUCT,ASKED_SIX_FIRST80,81,68,,,0,0,,,,,,,,,,,,,,UNAVAILABLE,,,,,,,,,False,UNAVAILABLE,False
NCAAB_H2_1_AUSTIN_TRANSFER_V1,DISCOVERY,85c318a9a4fe8355,NCAAB_20260207_SMU_PITT,KXNCAAMBGAME-26FEB07SMUPITT-SMU,1,840,2026-02-07T19:11:21+00:00,PRE_ENTRY,False,PRE_ENTRY,PRE_80,HISTORICAL_RECONSTRUCT,ASKED_SIX_FIRST80,81,68,,,0,0,,,,,,,,,,,,,,UNAVAILABLE,,,,,,,,,False,UNAVAILABLE,False
NCAAB_H2_1_AUSTIN_TRANSFER_V1,DISCOVERY,85c318a9a4fe8355,NCAAB_20260207_SMU_PITT,KXNCAAMBGAME-26FEB07SMUPITT-SMU,1,720,2026-02-07T19:27:33+00:00,PRE_ENTRY,False,PRE_ENTRY,PRE_80,HISTORICAL_RECONSTRUCT,ASKED_SIX_FIRST80,81,60,,,14,9,,,,,,,,,,,,,,UNAVAILABLE,,,,,,,,,False,UNAVAILABLE,False
NCAAB_H2_1_AUSTIN_TRANSFER_V1,DISCOVERY,85c318a9a4fe8355,NCAAB_20260207_SMU_PITT,KXNCAAMBGAME-26FEB07SMUPITT-SMU,1,600,2026-02-07T19:11:21+00:00,PRE_ENTRY,False,PRE_ENTRY,PRE_80,HISTORICAL_RECONSTRUCT,ASKED_SIX_FIRST80,81,68,,,0,0,,,,,,,,,,,,,,UNAVAILABLE,,,,,,,,,False,UNAVAILABLE,False
NCAAB_H2_1_AUSTIN_TRANSFER_V1,DISCOVERY,85c318a9a4fe8355,NCAAB_20260207_SMU_PITT,KXNCAAMBGAME-26FEB07SMUPITT-SMU,1,480,2026-02-07T19:11:21+00:00,PRE_ENTRY,False,PRE_ENTRY,PRE_80,HISTORICAL_RECONSTRUCT,ASKED_SIX_FIRST80,81,68,,,0,0,,,,,,,,,,,,,,UNAVAILABLE,,,,,,,,,False,UNAVAILABLE,False
NCAAB_H2_1_AUSTIN_TRANSFER_V1,DISCOVERY,85c318a9a4fe8355,NCAAB_20260207_SMU_PITT,KXNCAAMBGAME-26FEB07SMUPITT-SMU,1,360,2026-02-07T19:11:21+00:00,PRE_ENTRY,False,PRE_ENTRY,PRE_80,HISTORICAL_RECONSTRUCT,ASKED_SIX_FIRST80,81,68,,,0,0,,,,,,,,,,,,,,UNAVAILABLE,,,,,,,,,False,UNAVAILABLE,False
NCAAB_H2_1_AUSTIN_TRANSFER_V1,DISCOVERY,85c318a9a4fe8355,NCAAB_20260207_SMU_PITT,KXNCAAMBGAME-26FEB07SMUPITT-SMU,1,240,2026-02-07T19:11:21+00:00,PRE_ENTRY,False,PRE_ENTRY,PRE_80,HISTORICAL_RECONSTRUCT,ASKED_SIX_FIRST80,81,68,,,0,0,,,,,,,,,,,,,,UNAVAILABLE,,,,,,,,,False,UNAVAILABLE,False
NCAAB_H2_1_AUSTIN_TRANSFER_V1,DISCOVERY,85c318a9a4fe8355,NCAAB_20260207_SMU_PITT,KXNCAAMBGAME-26FEB07SMUPITT-SMU,1,120,2026-02-07T19:11:21+00:00,PRE_ENTRY,False,PRE_ENTRY,PRE_80,HISTORICAL_RECONSTRUCT,ASKED_SIX_FIRST80,81,68,,,0,0,,,,,,,,,,,,,,UNAVAILABLE,,,,,,,,,False,UNAVAILABLE,False
NCAAB_H2_1_AUSTIN_TRANSFER_V1,DISCOVERY,85c318a9a4fe8355,NCAAB_20260207_SMU_PITT,KXNCAAMBGAME-26FEB07SMUPITT-SMU,1,0,2026-02-07T19:57:10+00:00,PRE_ENTRY,False,PRE_ENTRY,PRE_80,HISTORICAL_RECONSTRUCT,ASKED_SIX_FIRST80,81,71,,,32,34,,,,,,,,,,,,,,UNAVAILABLE,,,,,,,,,False,UNAVAILABLE,False
NCAAB_H2_1_AUSTIN_TRANSFER_V1,DISCOVERY,85c318a9a4fe8355,NCAAB_20260207_SMU_PITT,KXNCAAMBGAME-26FEB07SMUPITT-SMU,2,1200,2026-02-07T20:11:05+00:00,PRE_ENTRY,False,PRE_ENTRY,PRE_80,HISTORICAL_RECONSTRUCT,ASKED_SIX_FIRST80,81,70,,,32,34,,,,,,,,,,,,,,UNAVAILABLE,,,,,,,,,False,UNAVAILABLE,False
NCAAB_H2_1_AUSTIN_TRANSFER_V1,DISCOVERY,85c318a9a4fe8355,NCAAB_20260207_SMU_PITT,KXNCAAMBGAME-26FEB07SMUPITT-SMU,2,1080,2026-02-07T20:11:05+00:00,PRIMARY_GRID,True,,PRE_80,HISTORICAL_RECONSTRUCT,NONE,,70,,,32,34,INSUFFICIENT_SAMPLE,NO_ENTRY_IN_FITTED_SPACE,,,,95% CI — weighted bootstrap,25,,,,,0.30434782608695654,UNAVAILABLE,NOT_APPLICABLE,20,20,VALUE,False,False,,,,False,UNAVAILABLE,False
NCAAB_H2_1_AUSTIN_TRANSFER_V1,DISCOVERY,85c318a9a4fe8355,NCAAB_20260207_SMU_PITT,KXNCAAMBGAME-26FEB07SMUPITT-SMU,2,960,2026-02-07T20:11:05+00:00,PRIMARY_GRID,True,,PRE_80,HISTORICAL_RECONSTRUCT,NONE,,70,,,32,34,INSUFFICIENT_SAMPLE,NO_ENTRY_IN_FITTED_SPACE,,,,95% CI — weighted bootstrap,25,,,,,0.30434782608695654,UNAVAILABLE,NOT_APPLICABLE,20,20,VALUE,False,False,,,,False,UNAVAILABLE,False
NCAAB_H2_1_AUSTIN_TRANSFER_V1,DISCOVERY,85c318a9a4fe8355,NCAAB_20260207_SMU_PITT,KXNCAAMBGAME-26FEB07SMUPITT-SMU,2,840,2026-02-07T20:11:05+00:00,PRIMARY_GRID,True,,PRE_80,HISTORICAL_RECONSTRUCT,NONE,,70,,,32,34,INSUFFICIENT_SAMPLE,NO_ENTRY_IN_FITTED_SPACE,,,,95% CI — weighted bootstrap,25,,,,,0.30434782608695654,UNAVAILABLE,NOT_APPLICABLE,20,20,VALUE,False,False,,,,False,UNAVAILABLE,False
NCAAB_H2_1_AUSTIN_TRANSFER_V1,DISCOVERY,85c318a9a4fe8355,NCAAB_20260207_SMU_PITT,KXNCAAMBGAME-26FEB07SMUPITT-SMU,2,720,2026-02-07T20:11:05+00:00,PRIMARY_GRID,True,,PRE_80,HISTORICAL_RECONSTRUCT,NONE,,70,,,32,34,INSUFFICIENT_SAMPLE,NO_ENTRY_IN_FITTED_SPACE,,,,95% CI — weighted bootstrap,25,,,,,0.30434782608695654,UNAVAILABLE,NOT_APPLICABLE,20,20,VALUE,False,False,,,,False,UNAVAILABLE,False
NCAAB_H2_1_AUSTIN_TRANSFER_V1,DISCOVERY,85c318a9a4fe8355,NCAAB_20260207_SMU_PITT,KXNCAAMBGAME-26FEB07SMUPITT-SMU,2,600,2026-02-07T20:11:05+00:00,PRIMARY_GRID,True,,PRE_80,HISTORICAL_RECONSTRUCT,NONE,,70,,,32,34,INSUFFICIENT_SAMPLE,NO_ENTRY_IN_FITTED_SPACE,,,,95% CI — weighted bootstrap,25,,,,,0.30434782608695654,UNAVAILABLE,NOT_APPLICABLE,20,20,VALUE,False,False,,,,False,UNAVAILABLE,False
NCAAB_H2_1_AUSTIN_TRANSFER_V1,DISCOVERY,85c318a9a4fe8355,NCAAB_20260207_SMU_PITT,KXNCAAMBGAME-26FEB07SMUPITT-SMU,2,480,2026-02-07T20:11:05+00:00,PRIMARY_GRID,True,,PRE_80,HISTORICAL_RECONSTRUCT,NONE,,70,,,32,34,INSUFFICIENT_SAMPLE,NO_ENTRY_IN_FITTED_SPACE,,,,95% CI — weighted bootstrap,25,,,,,0.30434782608695654,UNAVAILABLE,NOT_APPLICABLE,20,20,VALUE,False,False,,,,False,UNAVAILABLE,False
NCAAB_H2_1_AUSTIN_TRANSFER_V1,DISCOVERY,85c318a9a4fe8355,NCAAB_20260207_SMU_PITT,KXNCAAMBGAME-26FEB07SMUPITT-SMU,2,360,2026-02-07T20:11:05+00:00,PRIMARY_GRID,True,,PRE_80,HISTORICAL_RECONSTRUCT,NONE,,70,,,32,34,INSUFFICIENT_SAMPLE,NO_ENTRY_IN_FITTED_SPACE,,,,95% CI — weighted bootstrap,25,,,,,0.30434782608695654,UNAVAILABLE,NOT_APPLICABLE,20,20,VALUE,False,False,,,,False,UNAVAILABLE,False
NCAAB_H2_1_AUSTIN_TRANSFER_V1,DISCOVERY,85c318a9a4fe8355,NCAAB_20260207_SMU_PITT,KXNCAAMBGAME-26FEB07SMUPITT-SMU,2,240,2026-02-07T20:11:05+00:00,PRIMARY_GRID,True,,PRE_80,HISTORICAL_RECONSTRUCT,NONE,,70,,,32,34,INSUFFICIENT_SAMPLE,NO_ENTRY_IN_FITTED_SPACE,,,,95% CI — weighted bootstrap,25,,,,,0.30434782608695654,UNAVAILABLE,NOT_APPLICABLE,20,20,VALUE,False,False,,,,False,UNAVAILABLE,False
NCAAB_H2_1_AUSTIN_TRANSFER_V1,DISCOVERY,85c318a9a4fe8355,NCAAB_20260207_SMU_PITT,KXNCAAMBGAME-26FEB07SMUPITT-SMU,2,120,2026-02-07T20:11:05+00:00,PRIMARY_GRID,True,,PRE_80,HISTORICAL_RECONSTRUCT,NONE,,70,,,32,34,INSUFFICIENT_SAMPLE,NO_ENTRY_IN_FITTED_SPACE,,,,95% CI — weighted bootstrap,25,,,,,0.30434782608695654,UNAVAILABLE,NOT_APPLICABLE,20,20,VALUE,False,False,,,,False,UNAVAILABLE,False
NCAAB_H2_1_AUSTIN_TRANSFER_V1,DISCOVERY,85c318a9a4fe8355,NCAAB_20260207_SMU_PITT,KXNCAAMBGAME-26FEB07SMUPITT-SMU,2,0,2026-02-07T21:03:15+00:00,PRIMARY_GRID,True,,POST_80,HISTORICAL_RECONSTRUCT,ASKED_SIX_FIRST80,81,99,18,1122,67,86,OBSERVED,,20.000000000000004,20.0,20.0,95% CI — weighted bootstrap,25,25,24.27628842165094,0.678506610632871,0.6604330738261782,1.0,OBSERVED,VALUE,20,,NOT_APPLICABLE,True,True,20.000000000000004,20.000000000000004,0.0,False,UNAVAILABLE,False
NCAAB_H2_1_AUSTIN_TRANSFER_V1,DISCOVERY,85c318a9a4fe8355,NCAAB_20260207_SMU_PITT,KXNCAAMBGAME-26FEB07SMUPITT-SMU,2,1122,2026-02-07T20:15:00+00:00,DIAGNOSTIC_EVENT,False,,POST_80,HISTORICAL_RECONSTRUCT,ASKED_SIX_FIRST80,81,70,-11,0,32,39,OBSERVED,,11.825192342414983,0.0,20.0,95% CI — weighted bootstrap,25,25,24.97075809930615,1.527131392100353,1.503432015967099,0.7246376811594203,OBSERVED,VALUE,20,,NOT_APPLICABLE,True,True,20.000000000000004,11.825192342414983,-8.17480765758502,False,UNAVAILABLE,False
NCAAB_H2_1_AUSTIN_TRANSFER_V1,DISCOVERY,1c6a6d46c26003e4,NCAAB_20260207_OKLA_VAN,KXNCAAMBGAME-26FEB07OKLAVAN-OKLA,1,1200,2026-02-07T20:32:42+00:00,PRE_ENTRY,False,PRE_ENTRY,PRE_80,HISTORICAL_RECONSTRUCT,ASKED_SIX_FIRST80,80,12,,,0,0,,,,,,,,,,,,,,UNAVAILABLE,,,,,,,,,False,UNAVAILABLE,False
NCAAB_H2_1_AUSTIN_TRANSFER_V1,DISCOVERY,1c6a6d46c26003e4,NCAAB_20260207_OKLA_VAN,KXNCAAMBGAME-26FEB07OKLAVAN-OKLA,1,1080,2026-02-07T20:37:32+00:00,PRE_ENTRY,False,PRE_ENTRY,PRE_80,HISTORICAL_RECONSTRUCT,ASKED_SIX_FIRST80,80,19,,,2,8,,,,,,,,,,,,,,UNAVAILABLE,,,,,,,,,False,UNAVAILABLE,False
NCAAB_H2_1_AUSTIN_TRANSFER_V1,DISCOVERY,1c6a6d46c26003e4,NCAAB_20260207_OKLA_VAN,KXNCAAMBGAME-26FEB07OKLAVAN-OKLA,1,960,2026-02-07T20:32:42+00:00,PRE_ENTRY,False,PRE_ENTRY,PRE_80,HISTORICAL_RECONSTRUCT,ASKED_SIX_FIRST80,80,12,,,0,0,,,,,,,,,,,,,,UNAVAILABLE,,,,,,,,,False,UNAVAILABLE,False
NCAAB_H2_1_AUSTIN_TRANSFER_V1,DISCOVERY,1c6a6d46c26003e4,NCAAB_20260207_OKLA_VAN,KXNCAAMBGAME-26FEB07OKLAVAN-OKLA,1,840,2026-02-07T20:32:42+00:00,PRE_ENTRY,False,PRE_ENTRY,PRE_80,HISTORICAL_RECONSTRUCT,ASKED_SIX_FIRST80,80,12,,,0,0,,,,,,,,,,,,,,UNAVAILABLE,,,,,,,,,False,UNAVAILABLE,False
NCAAB_H2_1_AUSTIN_TRANSFER_V1,DISCOVERY,1c6a6d46c26003e4,NCAAB_20260207_OKLA_VAN,KXNCAAMBGAME-26FEB07OKLAVAN-OKLA,1,720,2026-02-07T20:32:42+00:00,PRE_ENTRY,False,PRE_ENTRY,PRE_80,HISTORICAL_RECONSTRUCT,ASKED_SIX_FIRST80,80,12,,,0,0,,,,,,,,,,,,,,UNAVAILABLE,,,,,,,,,False,UNAVAILABLE,False
NCAAB_H2_1_AUSTIN_TRANSFER_V1,DISCOVERY,1c6a6d46c26003e4,NCAAB_20260207_OKLA_VAN,KXNCAAMBGAME-26FEB07OKLAVAN-OKLA,1,600,2026-02-07T20:32:42+00:00,PRE_ENTRY,False,PRE_ENTRY,PRE_80,HISTORICAL_RECONSTRUCT,ASKED_SIX_FIRST80,80,12,,,0,0,,,,,,,,,,,,,,UNAVAILABLE,,,,,,,,,False,UNAVAILABLE,False
NCAAB_H2_1_AUSTIN_TRANSFER_V1,DISCOVERY,1c6a6d46c26003e4,NCAAB_20260207_OKLA_VAN,KXNCAAMBGAME-26FEB07OKLAVAN-OKLA,1,480,2026-02-07T20:32:42+00:00,PRE_ENTRY,False,PRE_ENTRY,PRE_80,HISTORICAL_RECONSTRUCT,ASKED_SIX_FIRST80,80,12,,,0,0,,,,,,,,,,,,,,UNAVAILABLE,,,,,,,,,False,UNAVAILABLE,False
NCAAB_H2_1_AUSTIN_TRANSFER_V1,DISCOVERY,1c6a6d46c26003e4,NCAAB_20260207_OKLA_VAN,KXNCAAMBGAME-26FEB07OKLAVAN-OKLA,1,360,2026-02-07T20:32:42+00:00,PRE_ENTRY,False,PRE_ENTRY,PRE_80,HISTORICAL_RECONSTRUCT,ASKED_SIX_FIRST80,80,12,,,0,0,,,,,,,,,,,,,,UNAVAILABLE,,,,,,,,,False,UNAVAILABLE,False
NCAAB_H2_1_AUSTIN_TRANSFER_V1,DISCOVERY,1c6a6d46c26003e4,NCAAB_20260207_OKLA_VAN,KXNCAAMBGAME-26FEB07OKLAVAN-OKLA,1,240,2026-02-07T20:32:42+00:00,PRE_ENTRY,False,PRE_ENTRY,PRE_80,HISTORICAL_RECONSTRUCT,ASKED_SIX_FIRST80,80,12,,,0,0,,,,,,,,,,,,,,UNAVAILABLE,,,,,,,,,False,UNAVAILABLE,False
NCAAB_H2_1_AUSTIN_TRANSFER_V1,DISCOVERY,1c6a6d46c26003e4,NCAAB_20260207_OKLA_VAN,KXNCAAMBGAME-26FEB07OKLAVAN-OKLA,1,120,2026-02-07T20:32:42+00:00,PRE_ENTRY,False,PRE_ENTRY,PRE_80,HISTORICAL_RECONSTRUCT,ASKED_SIX_FIRST80,80,12,,,0,0,,,,,,,,,,,,,,UNAVAILABLE,,,,,,,,,False,UNAVAILABLE,False
NCAAB_H2_1_AUSTIN_TRANSFER_V1,DISCOVERY,1c6a6d46c26003e4,NCAAB_20260207_OKLA_VAN,KXNCAAMBGAME-26FEB07OKLAVAN-OKLA,1,0,2026-02-07T21:27:06+00:00,PRE_ENTRY,False,PRE_ENTRY,PRE_80,HISTORICAL_RECONSTRUCT,ASKED_SIX_FIRST80,80,61,,,34,48,,,,,,,,,,,,,,UNAVAILABLE,,,,,,,,,False,UNAVAILABLE,False
NCAAB_H2_1_AUSTIN_TRANSFER_V1,DISCOVERY,1c6a6d46c26003e4,NCAAB_20260207_OKLA_VAN,KXNCAAMBGAME-26FEB07OKLAVAN-OKLA,2,1200,2026-02-07T21:43:09+00:00,PRE_ENTRY,False,PRE_ENTRY,PRE_80,HISTORICAL_RECONSTRUCT,ASKED_SIX_FIRST80,80,64,,,34,48,,,,,,,,,,,,,,UNAVAILABLE,,,,,,,,,False,UNAVAILABLE,False
NCAAB_H2_1_AUSTIN_TRANSFER_V1,DISCOVERY,1c6a6d46c26003e4,NCAAB_20260207_OKLA_VAN,KXNCAAMBGAME-26FEB07OKLAVAN-OKLA,2,1080,2026-02-07T21:43:09+00:00,PRE_ENTRY,False,PRE_ENTRY,PRE_80,HISTORICAL_RECONSTRUCT,ASKED_SIX_FIRST80,80,64,,,34,48,,,,,,,,,,,,,,UNAVAILABLE,,,,,,,,,False,UNAVAILABLE,False
NCAAB_H2_1_AUSTIN_TRANSFER_V1,DISCOVERY,1c6a6d46c26003e4,NCAAB_20260207_OKLA_VAN,KXNCAAMBGAME-26FEB07OKLAVAN-OKLA,2,960,2026-02-07T21:43:09+00:00,PRIMARY_GRID,True,,PRE_80,HISTORICAL_RECONSTRUCT,NONE,,64,,,34,48,INSUFFICIENT_SAMPLE,NO_ENTRY_IN_FITTED_SPACE,,,,95% CI — weighted bootstrap,25,,,,,0.30434782608695654,UNAVAILABLE,NOT_APPLICABLE,20,20,VALUE,False,False,,,,False,UNAVAILABLE,False
NCAAB_H2_1_AUSTIN_TRANSFER_V1,DISCOVERY,1c6a6d46c26003e4,NCAAB_20260207_OKLA_VAN,KXNCAAMBGAME-26FEB07OKLAVAN-OKLA,2,840,2026-02-07T21:43:09+00:00,PRIMARY_GRID,True,,PRE_80,HISTORICAL_RECONSTRUCT,NONE,,64,,,34,48,INSUFFICIENT_SAMPLE,NO_ENTRY_IN_FITTED_SPACE,,,,95% CI — weighted bootstrap,25,,,,,0.30434782608695654,UNAVAILABLE,NOT_APPLICABLE,20,20,VALUE,False,False,,,,False,UNAVAILABLE,False
NCAAB_H2_1_AUSTIN_TRANSFER_V1,DISCOVERY,1c6a6d46c26003e4,NCAAB_20260207_OKLA_VAN,KXNCAAMBGAME-26FEB07OKLAVAN-OKLA,2,720,2026-02-07T21:43:09+00:00,PRIMARY_GRID,True,,PRE_80,HISTORICAL_RECONSTRUCT,NONE,,64,,,34,48,INSUFFICIENT_SAMPLE,NO_ENTRY_IN_FITTED_SPACE,,,,95% CI — weighted bootstrap,25,,,,,0.30434782608695654,UNAVAILABLE,NOT_APPLICABLE,20,20,VALUE,False,False,,,,False,UNAVAILABLE,False
NCAAB_H2_1_AUSTIN_TRANSFER_V1,DISCOVERY,1c6a6d46c26003e4,NCAAB_20260207_OKLA_VAN,KXNCAAMBGAME-26FEB07OKLAVAN-OKLA,2,600,2026-02-07T21:43:09+00:00,PRIMARY_GRID,True,,PRE_80,HISTORICAL_RECONSTRUCT,NONE,,64,,,34,48,INSUFFICIENT_SAMPLE,NO_ENTRY_IN_FITTED_SPACE,,,,95% CI — weighted bootstrap,25,,,,,0.30434782608695654,UNAVAILABLE,NOT_APPLICABLE,20,20,VALUE,False,False,,,,False,UNAVAILABLE,False
NCAAB_H2_1_AUSTIN_TRANSFER_V1,DISCOVERY,1c6a6d46c26003e4,NCAAB_20260207_OKLA_VAN,KXNCAAMBGAME-26FEB07OKLAVAN-OKLA,2,480,2026-02-07T21:43:09+00:00,PRIMARY_GRID,True,,PRE_80,HISTORICAL_RECONSTRUCT,NONE,,64,,,34,48,INSUFFICIENT_SAMPLE,NO_ENTRY_IN_FITTED_SPACE,,,,95% CI — weighted bootstrap,25,,,,,0.30434782608695654,UNAVAILABLE,NOT_APPLICABLE,20,20,VALUE,False,False,,,,False,UNAVAILABLE,False
NCAAB_H2_1_AUSTIN_TRANSFER_V1,DISCOVERY,1c6a6d46c26003e4,NCAAB_20260207_OKLA_VAN,KXNCAAMBGAME-26FEB07OKLAVAN-OKLA,2,360,2026-02-07T21:43:09+00:00,PRIMARY_GRID,True,,PRE_80,HISTORICAL_RECONSTRUCT,NONE,,64,,,34,48,INSUFFICIENT_SAMPLE,NO_ENTRY_IN_FITTED_SPACE,,,,95% CI — weighted bootstrap,25,,,,,0.30434782608695654,UNAVAILABLE,NOT_APPLICABLE,20,20,VALUE,False,False,,,,False,UNAVAILABLE,False
NCAAB_H2_1_AUSTIN_TRANSFER_V1,DISCOVERY,1c6a6d46c26003e4,NCAAB_20260207_OKLA_VAN,KXNCAAMBGAME-26FEB07OKLAVAN-OKLA,2,240,2026-02-07T21:43:09+00:00,PRIMARY_GRID,True,,PRE_80,HISTORICAL_RECONSTRUCT,NONE,,64,,,34,48,INSUFFICIENT_SAMPLE,NO_ENTRY_IN_FITTED_SPACE,,,,95% CI — weighted bootstrap,25,,,,,0.30434782608695654,UNAVAILABLE,NOT_APPLICABLE,20,20,VALUE,False,False,,,,False,UNAVAILABLE,False
NCAAB_H2_1_AUSTIN_TRANSFER_V1,DISCOVERY,1c6a6d46c26003e4,NCAAB_20260207_OKLA_VAN,KXNCAAMBGAME-26FEB07OKLAVAN-OKLA,2,120,2026-02-07T21:43:09+00:00,PRIMARY_GRID,True,,PRE_80,HISTORICAL_RECONSTRUCT,NONE,,64,,,34,48,INSUFFICIENT_SAMPLE,NO_ENTRY_IN_FITTED_SPACE,,,,95% CI — weighted bootstrap,25,,,,,0.30434782608695654,UNAVAILABLE,NOT_APPLICABLE,20,20,VALUE,False,False,,,,False,UNAVAILABLE,False
NCAAB_H2_1_AUSTIN_TRANSFER_V1,DISCOVERY,1c6a6d46c26003e4,NCAAB_20260207_OKLA_VAN,KXNCAAMBGAME-26FEB07OKLAVAN-OKLA,2,0,2026-02-07T23:15:40+00:00,AFTER_SETTLEMENT,False,AFTER_SETTLEMENT,,HISTORICAL_RECONSTRUCT,ASKED_SIX_FIRST80,80,99,,,91,92,,,,,,,,,,,,,,UNAVAILABLE,,,,,,,,,False,UNAVAILABLE,False
NCAAB_H2_1_AUSTIN_TRANSFER_V1,DISCOVERY,1c6a6d46c26003e4,NCAAB_20260207_OKLA_VAN,KXNCAAMBGAME-26FEB07OKLAVAN-OKLA,2,978,2026-02-07T21:48:00+00:00,DIAGNOSTIC_EVENT,False,,POST_80,HISTORICAL_RECONSTRUCT,ASKED_SIX_FIRST80,80,73,-7,0,40,56,OBSERVED,,20.0,20.0,20.0,95% CI — weighted bootstrap,25,25,24.872985730333347,1.01642251544971,0.9859897164498935,0.7246376811594203,OBSERVED,VALUE,20,,NOT_APPLICABLE,True,True,,20.0,,False,UNAVAILABLE,False
NCAAB_H2_1_AUSTIN_TRANSFER_V1,DISCOVERY,11749a0518eb8f9e,NCAAB_20260210_VAN_AUB,KXNCAAMBGAME-26FEB10VANAUB-VAN,1,1200,2026-02-11T00:01:24+00:00,PRE_ENTRY,False,PRE_ENTRY,PRE_80,HISTORICAL_RECONSTRUCT,ASKED_SIX_FIRST80,82,38,,,0,0,,,,,,,,,,,,,,UNAVAILABLE,,,,,,,,,False,UNAVAILABLE,False
NCAAB_H2_1_AUSTIN_TRANSFER_V1,DISCOVERY,11749a0518eb8f9e,NCAAB_20260210_VAN_AUB,KXNCAAMBGAME-26FEB10VANAUB-VAN,1,1080,2026-02-11T00:01:24+00:00,PRE_ENTRY,False,PRE_ENTRY,PRE_80,HISTORICAL_RECONSTRUCT,ASKED_SIX_FIRST80,82,38,,,0,0,,,,,,,,,,,,,,UNAVAILABLE,,,,,,,,,False,UNAVAILABLE,False
NCAAB_H2_1_AUSTIN_TRANSFER_V1,DISCOVERY,11749a0518eb8f9e,NCAAB_20260210_VAN_AUB,KXNCAAMBGAME-26FEB10VANAUB-VAN,1,960,2026-02-11T00:01:24+00:00,PRE_ENTRY,False,PRE_ENTRY,PRE_80,HISTORICAL_RECONSTRUCT,ASKED_SIX_FIRST80,82,38,,,0,0,,,,,,,,,,,,,,UNAVAILABLE,,,,,,,,,False,UNAVAILABLE,False
NCAAB_H2_1_AUSTIN_TRANSFER_V1,DISCOVERY,11749a0518eb8f9e,NCAAB_20260210_VAN_AUB,KXNCAAMBGAME-26FEB10VANAUB-VAN,1,840,2026-02-11T00:01:24+00:00,PRE_ENTRY,False,PRE_ENTRY,PRE_80,HISTORICAL_RECONSTRUCT,ASKED_SIX_FIRST80,82,38,,,0,0,,,,,,,,,,,,,,UNAVAILABLE,,,,,,,,,False,UNAVAILABLE,False
NCAAB_H2_1_AUSTIN_TRANSFER_V1,DISCOVERY,11749a0518eb8f9e,NCAAB_20260210_VAN_AUB,KXNCAAMBGAME-26FEB10VANAUB-VAN,1,720,2026-02-11T00:18:16+00:00,PRE_ENTRY,False,PRE_ENTRY,PRE_80,HISTORICAL_RECONSTRUCT,ASKED_SIX_FIRST80,82,48,,,11,15,,,,,,,,,,,,,,UNAVAILABLE,,,,,,,,,False,UNAVAILABLE,False
NCAAB_H2_1_AUSTIN_TRANSFER_V1,DISCOVERY,11749a0518eb8f9e,NCAAB_20260210_VAN_AUB,KXNCAAMBGAME-26FEB10VANAUB-VAN,1,600,2026-02-11T00:01:24+00:00,PRE_ENTRY,False,PRE_ENTRY,PRE_80,HISTORICAL_RECONSTRUCT,ASKED_SIX_FIRST80,82,38,,,0,0,,,,,,,,,,,,,,UNAVAILABLE,,,,,,,,,False,UNAVAILABLE,False
NCAAB_H2_1_AUSTIN_TRANSFER_V1,DISCOVERY,11749a0518eb8f9e,NCAAB_20260210_VAN_AUB,KXNCAAMBGAME-26FEB10VANAUB-VAN,1,480,2026-02-11T00:01:24+00:00,PRE_ENTRY,False,PRE_ENTRY,PRE_80,HISTORICAL_RECONSTRUCT,ASKED_SIX_FIRST80,82,38,,,0,0,,,,,,,,,,,,,,UNAVAILABLE,,,,,,,,,False,UNAVAILABLE,False
NCAAB_H2_1_AUSTIN_TRANSFER_V1,DISCOVERY,11749a0518eb8f9e,NCAAB_20260210_VAN_AUB,KXNCAAMBGAME-26FEB10VANAUB-VAN,1,360,2026-02-11T00:01:24+00:00,PRE_ENTRY,False,PRE_ENTRY,PRE_80,HISTORICAL_RECONSTRUCT,ASKED_SIX_FIRST80,82,38,,,0,0,,,,,,,,,,,,,,UNAVAILABLE,,,,,,,,,False,UNAVAILABLE,False
NCAAB_H2_1_AUSTIN_TRANSFER_V1,DISCOVERY,11749a0518eb8f9e,NCAAB_20260210_VAN_AUB,KXNCAAMBGAME-26FEB10VANAUB-VAN,1,240,2026-02-11T00:01:24+00:00,PRE_ENTRY,False,PRE_ENTRY,PRE_80,HISTORICAL_RECONSTRUCT,ASKED_SIX_FIRST80,82,38,,,0,0,,,,,,,,,,,,,,UNAVAILABLE,,,,,,,,,False,UNAVAILABLE,False
NCAAB_H2_1_AUSTIN_TRANSFER_V1,DISCOVERY,11749a0518eb8f9e,NCAAB_20260210_VAN_AUB,KXNCAAMBGAME-26FEB10VANAUB-VAN,1,120,2026-02-11T00:01:24+00:00,PRE_ENTRY,False,PRE_ENTRY,PRE_80,HISTORICAL_RECONSTRUCT,ASKED_SIX_FIRST80,82,38,,,0,0,,,,,,,,,,,,,,UNAVAILABLE,,,,,,,,,False,UNAVAILABLE,False
NCAAB_H2_1_AUSTIN_TRANSFER_V1,DISCOVERY,11749a0518eb8f9e,NCAAB_20260210_VAN_AUB,KXNCAAMBGAME-26FEB10VANAUB-VAN,1,0,2026-02-11T00:52:36+00:00,PRE_ENTRY,False,PRE_ENTRY,PRE_80,HISTORICAL_RECONSTRUCT,ASKED_SIX_FIRST80,82,71,,,31,42,,,,,,,,,,,,,,UNAVAILABLE,,,,,,,,,False,UNAVAILABLE,False
NCAAB_H2_1_AUSTIN_TRANSFER_V1,DISCOVERY,11749a0518eb8f9e,NCAAB_20260210_VAN_AUB,KXNCAAMBGAME-26FEB10VANAUB-VAN,2,1200,2026-02-11T01:06:25+00:00,PRE_ENTRY,False,PRE_ENTRY,PRE_80,HISTORICAL_RECONSTRUCT,ASKED_SIX_FIRST80,82,74,,,31,42,,,,,,,,,,,,,,UNAVAILABLE,,,,,,,,,False,UNAVAILABLE,False
NCAAB_H2_1_AUSTIN_TRANSFER_V1,DISCOVERY,11749a0518eb8f9e,NCAAB_20260210_VAN_AUB,KXNCAAMBGAME-26FEB10VANAUB-VAN,2,1080,2026-02-11T01:06:25+00:00,PRIMARY_GRID,True,,PRE_80,HISTORICAL_RECONSTRUCT,NONE,,74,,,31,42,INSUFFICIENT_SAMPLE,NO_ENTRY_IN_FITTED_SPACE,,,,95% CI — weighted bootstrap,25,,,,,0.30434782608695654,UNAVAILABLE,NOT_APPLICABLE,20,20,VALUE,False,False,,,,False,UNAVAILABLE,False
NCAAB_H2_1_AUSTIN_TRANSFER_V1,DISCOVERY,11749a0518eb8f9e,NCAAB_20260210_VAN_AUB,KXNCAAMBGAME-26FEB10VANAUB-VAN,2,960,2026-02-11T01:06:25+00:00,PRIMARY_GRID,True,,PRE_80,HISTORICAL_RECONSTRUCT,NONE,,74,,,31,42,INSUFFICIENT_SAMPLE,NO_ENTRY_IN_FITTED_SPACE,,,,95% CI — weighted bootstrap,25,,,,,0.30434782608695654,UNAVAILABLE,NOT_APPLICABLE,20,20,VALUE,False,False,,,,False,UNAVAILABLE,False
NCAAB_H2_1_AUSTIN_TRANSFER_V1,DISCOVERY,11749a0518eb8f9e,NCAAB_20260210_VAN_AUB,KXNCAAMBGAME-26FEB10VANAUB-VAN,2,840,2026-02-11T01:06:25+00:00,PRIMARY_GRID,True,,PRE_80,HISTORICAL_RECONSTRUCT,NONE,,74,,,31,42,INSUFFICIENT_SAMPLE,NO_ENTRY_IN_FITTED_SPACE,,,,95% CI — weighted bootstrap,25,,,,,0.30434782608695654,UNAVAILABLE,NOT_APPLICABLE,20,20,VALUE,False,False,,,,False,UNAVAILABLE,False
NCAAB_H2_1_AUSTIN_TRANSFER_V1,DISCOVERY,11749a0518eb8f9e,NCAAB_20260210_VAN_AUB,KXNCAAMBGAME-26FEB10VANAUB-VAN,2,720,2026-02-11T01:06:25+00:00,PRIMARY_GRID,True,,PRE_80,HISTORICAL_RECONSTRUCT,NONE,,74,,,31,42,INSUFFICIENT_SAMPLE,NO_ENTRY_IN_FITTED_SPACE,,,,95% CI — weighted bootstrap,25,,,,,0.30434782608695654,UNAVAILABLE,NOT_APPLICABLE,20,20,VALUE,False,False,,,,False,UNAVAILABLE,False
NCAAB_H2_1_AUSTIN_TRANSFER_V1,DISCOVERY,11749a0518eb8f9e,NCAAB_20260210_VAN_AUB,KXNCAAMBGAME-26FEB10VANAUB-VAN,2,600,2026-02-11T01:06:25+00:00,PRIMARY_GRID,True,,PRE_80,HISTORICAL_RECONSTRUCT,NONE,,74,,,31,42,INSUFFICIENT_SAMPLE,NO_ENTRY_IN_FITTED_SPACE,,,,95% CI — weighted bootstrap,25,,,,,0.30434782608695654,UNAVAILABLE,NOT_APPLICABLE,20,20,VALUE,False,False,,,,False,UNAVAILABLE,False
NCAAB_H2_1_AUSTIN_TRANSFER_V1,DISCOVERY,11749a0518eb8f9e,NCAAB_20260210_VAN_AUB,KXNCAAMBGAME-26FEB10VANAUB-VAN,2,480,2026-02-11T01:06:25+00:00,PRIMARY_GRID,True,,PRE_80,HISTORICAL_RECONSTRUCT,NONE,,74,,,31,42,INSUFFICIENT_SAMPLE,NO_ENTRY_IN_FITTED_SPACE,,,,95% CI — weighted bootstrap,25,,,,,0.30434782608695654,UNAVAILABLE,NOT_APPLICABLE,20,20,VALUE,False,False,,,,False,UNAVAILABLE,False
NCAAB_H2_1_AUSTIN_TRANSFER_V1,DISCOVERY,11749a0518eb8f9e,NCAAB_20260210_VAN_AUB,KXNCAAMBGAME-26FEB10VANAUB-VAN,2,360,2026-02-11T01:06:25+00:00,PRIMARY_GRID,True,,PRE_80,HISTORICAL_RECONSTRUCT,NONE,,74,,,31,42,INSUFFICIENT_SAMPLE,NO_ENTRY_IN_FITTED_SPACE,,,,95% CI — weighted bootstrap,25,,,,,0.30434782608695654,UNAVAILABLE,NOT_APPLICABLE,20,20,VALUE,False,False,,,,False,UNAVAILABLE,False
NCAAB_H2_1_AUSTIN_TRANSFER_V1,DISCOVERY,11749a0518eb8f9e,NCAAB_20260210_VAN_AUB,KXNCAAMBGAME-26FEB10VANAUB-VAN,2,240,2026-02-11T01:06:25+00:00,PRIMARY_GRID,True,,PRE_80,HISTORICAL_RECONSTRUCT,NONE,,74,,,31,42,INSUFFICIENT_SAMPLE,NO_ENTRY_IN_FITTED_SPACE,,,,95% CI — weighted bootstrap,25,,,,,0.30434782608695654,UNAVAILABLE,NOT_APPLICABLE,20,20,VALUE,False,False,,,,False,UNAVAILABLE,False
NCAAB_H2_1_AUSTIN_TRANSFER_V1,DISCOVERY,11749a0518eb8f9e,NCAAB_20260210_VAN_AUB,KXNCAAMBGAME-26FEB10VANAUB-VAN,2,120,2026-02-11T01:06:25+00:00,PRIMARY_GRID,True,,PRE_80,HISTORICAL_RECONSTRUCT,NONE,,74,,,31,42,INSUFFICIENT_SAMPLE,NO_ENTRY_IN_FITTED_SPACE,,,,95% CI — weighted bootstrap,25,,,,,0.30434782608695654,UNAVAILABLE,NOT_APPLICABLE,20,20,VALUE,False,False,,,,False,UNAVAILABLE,False
NCAAB_H2_1_AUSTIN_TRANSFER_V1,DISCOVERY,11749a0518eb8f9e,NCAAB_20260210_VAN_AUB,KXNCAAMBGAME-26FEB10VANAUB-VAN,2,0,2026-02-11T02:14:08+00:00,PRIMARY_GRID,True,,POST_80,HISTORICAL_RECONSTRUCT,ASKED_SIX_FIRST80,82,99,17,1099,76,84,OBSERVED,,16.285824777152683,8.0,20.0,95% CI — weighted bootstrap,25,25,24.668488634683026,0.9923195596685491,0.9349463706609058,1.0,OBSERVED,VALUE,20,,NOT_APPLICABLE,True,False,16.285824777152683,16.285824777152683,0.0,False,UNAVAILABLE,False
NCAAB_H2_1_AUSTIN_TRANSFER_V1,DISCOVERY,11749a0518eb8f9e,NCAAB_20260210_VAN_AUB,KXNCAAMBGAME-26FEB10VANAUB-VAN,2,1099,2026-02-11T01:12:00+00:00,DIAGNOSTIC_EVENT,False,,POST_80,HISTORICAL_RECONSTRUCT,ASKED_SIX_FIRST80,82,75,-7,0,33,46,OBSERVED,,-6.992323023650315,-28.0,8.0,95% CI — weighted bootstrap,25,25,24.846663224070323,1.376155147421325,1.3629691428817472,0.7246376811594203,OBSERVED,VALUE,20,,NOT_APPLICABLE,True,False,16.285824777152683,-6.992323023650315,-23.278147800802998,False,UNAVAILABLE,False
NCAAB_H2_1_AUSTIN_TRANSFER_V1,DISCOVERY,954c7109bbde5b8d,NCAAB_20260210_BYU_BAY,KXNCAAMBGAME-26FEB10BYUBAY-BYU,1,1200,2026-02-11T00:01:47+00:00,PRE_ENTRY,False,PRE_ENTRY,PRE_80,HISTORICAL_RECONSTRUCT,ASKED_SIX_FIRST80,80,62,,,0,0,,,,,,,,,,,,,,UNAVAILABLE,,,,,,,,,False,UNAVAILABLE,False
NCAAB_H2_1_AUSTIN_TRANSFER_V1,DISCOVERY,954c7109bbde5b8d,NCAAB_20260210_BYU_BAY,KXNCAAMBGAME-26FEB10BYUBAY-BYU,1,1080,2026-02-11T00:01:47+00:00,PRE_ENTRY,False,PRE_ENTRY,PRE_80,HISTORICAL_RECONSTRUCT,ASKED_SIX_FIRST80,80,62,,,0,0,,,,,,,,,,,,,,UNAVAILABLE,,,,,,,,,False,UNAVAILABLE,False
NCAAB_H2_1_AUSTIN_TRANSFER_V1,DISCOVERY,954c7109bbde5b8d,NCAAB_20260210_BYU_BAY,KXNCAAMBGAME-26FEB10BYUBAY-BYU,1,960,2026-02-11T00:01:47+00:00,PRE_ENTRY,False,PRE_ENTRY,PRE_80,HISTORICAL_RECONSTRUCT,ASKED_SIX_FIRST80,80,62,,,0,0,,,,,,,,,,,,,,UNAVAILABLE,,,,,,,,,False,UNAVAILABLE,False
NCAAB_H2_1_AUSTIN_TRANSFER_V1,DISCOVERY,954c7109bbde5b8d,NCAAB_20260210_BYU_BAY,KXNCAAMBGAME-26FEB10BYUBAY-BYU,1,840,2026-02-11T00:01:47+00:00,PRE_ENTRY,False,PRE_ENTRY,PRE_80,HISTORICAL_RECONSTRUCT,ASKED_SIX_FIRST80,80,62,,,0,0,,,,,,,,,,,,,,UNAVAILABLE,,,,,,,,,False,UNAVAILABLE,False
NCAAB_H2_1_AUSTIN_TRANSFER_V1,DISCOVERY,954c7109bbde5b8d,NCAAB_20260210_BYU_BAY,KXNCAAMBGAME-26FEB10BYUBAY-BYU,1,720,2026-02-11T00:01:47+00:00,PRE_ENTRY,False,PRE_ENTRY,PRE_80,HISTORICAL_RECONSTRUCT,ASKED_SIX_FIRST80,80,62,,,0,0,,,,,,,,,,,,,,UNAVAILABLE,,,,,,,,,False,UNAVAILABLE,False
NCAAB_H2_1_AUSTIN_TRANSFER_V1,DISCOVERY,954c7109bbde5b8d,NCAAB_20260210_BYU_BAY,KXNCAAMBGAME-26FEB10BYUBAY-BYU,1,600,2026-02-11T00:01:47+00:00,PRE_ENTRY,False,PRE_ENTRY,PRE_80,HISTORICAL_RECONSTRUCT,ASKED_SIX_FIRST80,80,62,,,0,0,,,,,,,,,,,,,,UNAVAILABLE,,,,,,,,,False,UNAVAILABLE,False
NCAAB_H2_1_AUSTIN_TRANSFER_V1,DISCOVERY,954c7109bbde5b8d,NCAAB_20260210_BYU_BAY,KXNCAAMBGAME-26FEB10BYUBAY-BYU,1,480,2026-02-11T00:01:47+00:00,PRE_ENTRY,False,PRE_ENTRY,PRE_80,HISTORICAL_RECONSTRUCT,ASKED_SIX_FIRST80,80,62,,,0,0,,,,,,,,,,,,,,UNAVAILABLE,,,,,,,,,False,UNAVAILABLE,False
NCAAB_H2_1_AUSTIN_TRANSFER_V1,DISCOVERY,954c7109bbde5b8d,NCAAB_20260210_BYU_BAY,KXNCAAMBGAME-26FEB10BYUBAY-BYU,1,360,2026-02-11T00:01:47+00:00,PRE_ENTRY,False,PRE_ENTRY,PRE_80,HISTORICAL_RECONSTRUCT,ASKED_SIX_FIRST80,80,62,,,0,0,,,,,,,,,,,,,,UNAVAILABLE,,,,,,,,,False,UNAVAILABLE,False
NCAAB_H2_1_AUSTIN_TRANSFER_V1,DISCOVERY,954c7109bbde5b8d,NCAAB_20260210_BYU_BAY,KXNCAAMBGAME-26FEB10BYUBAY-BYU,1,240,2026-02-11T00:01:47+00:00,PRE_ENTRY,False,PRE_ENTRY,PRE_80,HISTORICAL_RECONSTRUCT,ASKED_SIX_FIRST80,80,62,,,0,0,,,,,,,,,,,,,,UNAVAILABLE,,,,,,,,,False,UNAVAILABLE,False
NCAAB_H2_1_AUSTIN_TRANSFER_V1,DISCOVERY,954c7109bbde5b8d,NCAAB_20260210_BYU_BAY,KXNCAAMBGAME-26FEB10BYUBAY-BYU,1,120,2026-02-11T00:49:58+00:00,PRE_ENTRY,False,PRE_ENTRY,PRE_80,HISTORICAL_RECONSTRUCT,ASKED_SIX_FIRST80,80,48,,,40,37,,,,,,,,,,,,,,UNAVAILABLE,,,,,,,,,False,UNAVAILABLE,False
NCAAB_H2_1_AUSTIN_TRANSFER_V1,DISCOVERY,954c7109bbde5b8d,NCAAB_20260210_BYU_BAY,KXNCAAMBGAME-26FEB10BYUBAY-BYU,1,0,2026-02-11T00:57:49+00:00,PRE_ENTRY,False,PRE_ENTRY,PRE_80,HISTORICAL_RECONSTRUCT,ASKED_SIX_FIRST80,80,62,,,41,41,,,,,,,,,,,,,,UNAVAILABLE,,,,,,,,,False,UNAVAILABLE,False
NCAAB_H2_1_AUSTIN_TRANSFER_V1,DISCOVERY,954c7109bbde5b8d,NCAAB_20260210_BYU_BAY,KXNCAAMBGAME-26FEB10BYUBAY-BYU,2,1200,2026-02-11T01:10:03+00:00,PRE_ENTRY,False,PRE_ENTRY,PRE_80,HISTORICAL_RECONSTRUCT,ASKED_SIX_FIRST80,80,62,,,41,41,,,,,,,,,,,,,,UNAVAILABLE,,,,,,,,,False,UNAVAILABLE,False
NCAAB_H2_1_AUSTIN_TRANSFER_V1,DISCOVERY,954c7109bbde5b8d,NCAAB_20260210_BYU_BAY,KXNCAAMBGAME-26FEB10BYUBAY-BYU,2,1080,2026-02-11T01:10:03+00:00,PRE_ENTRY,False,PRE_ENTRY,PRE_80,HISTORICAL_RECONSTRUCT,ASKED_SIX_FIRST80,80,62,,,41,41,,,,,,,,,,,,,,UNAVAILABLE,,,,,,,,,False,UNAVAILABLE,False
NCAAB_H2_1_AUSTIN_TRANSFER_V1,DISCOVERY,954c7109bbde5b8d,NCAAB_20260210_BYU_BAY,KXNCAAMBGAME-26FEB10BYUBAY-BYU,2,960,2026-02-11T01:10:03+00:00,PRE_ENTRY,False,PRE_ENTRY,PRE_80,HISTORICAL_RECONSTRUCT,ASKED_SIX_FIRST80,80,62,,,41,41,,,,,,,,,,,,,,UNAVAILABLE,,,,,,,,,False,UNAVAILABLE,False
NCAAB_H2_1_AUSTIN_TRANSFER_V1,DISCOVERY,954c7109bbde5b8d,NCAAB_20260210_BYU_BAY,KXNCAAMBGAME-26FEB10BYUBAY-BYU,2,840,2026-02-11T01:10:03+00:00,PRIMARY_GRID,True,,PRE_80,HISTORICAL_RECONSTRUCT,NONE,,62,,,41,41,INSUFFICIENT_SAMPLE,NO_ENTRY_IN_FITTED_SPACE,,,,95% CI — weighted bootstrap,25,,,,,0.30434782608695654,UNAVAILABLE,NOT_APPLICABLE,20,20,VALUE,False,False,,,,False,UNAVAILABLE,False
NCAAB_H2_1_AUSTIN_TRANSFER_V1,DISCOVERY,954c7109bbde5b8d,NCAAB_20260210_BYU_BAY,KXNCAAMBGAME-26FEB10BYUBAY-BYU,2,720,2026-02-11T01:10:03+00:00,PRIMARY_GRID,True,,PRE_80,HISTORICAL_RECONSTRUCT,NONE,,62,,,41,41,INSUFFICIENT_SAMPLE,NO_ENTRY_IN_FITTED_SPACE,,,,95% CI — weighted bootstrap,25,,,,,0.30434782608695654,UNAVAILABLE,NOT_APPLICABLE,20,20,VALUE,False,False,,,,False,UNAVAILABLE,False
NCAAB_H2_1_AUSTIN_TRANSFER_V1,DISCOVERY,954c7109bbde5b8d,NCAAB_20260210_BYU_BAY,KXNCAAMBGAME-26FEB10BYUBAY-BYU,2,600,2026-02-11T01:37:57+00:00,PRIMARY_GRID,True,,POST_80,HISTORICAL_RECONSTRUCT,ASKED_SIX_FIRST80,80,90,10,259,59,67,OBSERVED,,20.0,20.0,20.0,95% CI — weighted bootstrap,25,25,24.657096890029024,0.5640383271232728,0.5565079144773809,0.9710144927536232,OBSERVED,VALUE,20,,NOT_APPLICABLE,True,False,20.0,20.0,0.0,False,UNAVAILABLE,False
NCAAB_H2_1_AUSTIN_TRANSFER_V1,DISCOVERY,954c7109bbde5b8d,NCAAB_20260210_BYU_BAY,KXNCAAMBGAME-26FEB10BYUBAY-BYU,2,480,2026-02-11T01:10:03+00:00,PRIMARY_GRID,True,,PRE_80,HISTORICAL_RECONSTRUCT,NONE,,62,,,41,41,INSUFFICIENT_SAMPLE,NO_ENTRY_IN_FITTED_SPACE,,,,95% CI — weighted bootstrap,25,,,,,0.30434782608695654,UNAVAILABLE,NOT_APPLICABLE,20,20,VALUE,False,False,20.0,,,False,UNAVAILABLE,False
NCAAB_H2_1_AUSTIN_TRANSFER_V1,DISCOVERY,954c7109bbde5b8d,NCAAB_20260210_BYU_BAY,KXNCAAMBGAME-26FEB10BYUBAY-BYU,2,360,2026-02-11T01:10:03+00:00,PRIMARY_GRID,True,,PRE_80,HISTORICAL_RECONSTRUCT,NONE,,62,,,41,41,INSUFFICIENT_SAMPLE,NO_ENTRY_IN_FITTED_SPACE,,,,95% CI — weighted bootstrap,25,,,,,0.30434782608695654,UNAVAILABLE,NOT_APPLICABLE,20,20,VALUE,False,False,20.0,,,False,UNAVAILABLE,False
NCAAB_H2_1_AUSTIN_TRANSFER_V1,DISCOVERY,954c7109bbde5b8d,NCAAB_20260210_BYU_BAY,KXNCAAMBGAME-26FEB10BYUBAY-BYU,2,240,2026-02-11T01:10:03+00:00,PRIMARY_GRID,True,,PRE_80,HISTORICAL_RECONSTRUCT,NONE,,62,,,41,41,INSUFFICIENT_SAMPLE,NO_ENTRY_IN_FITTED_SPACE,,,,95% CI — weighted bootstrap,25,,,,,0.30434782608695654,UNAVAILABLE,NOT_APPLICABLE,20,20,VALUE,False,False,20.0,,,False,UNAVAILABLE,False
NCAAB_H2_1_AUSTIN_TRANSFER_V1,DISCOVERY,954c7109bbde5b8d,NCAAB_20260210_BYU_BAY,KXNCAAMBGAME-26FEB10BYUBAY-BYU,2,120,2026-02-11T01:10:03+00:00,PRIMARY_GRID,True,,PRE_80,HISTORICAL_RECONSTRUCT,NONE,,62,,,41,41,INSUFFICIENT_SAMPLE,NO_ENTRY_IN_FITTED_SPACE,,,,95% CI — weighted bootstrap,25,,,,,0.30434782608695654,UNAVAILABLE,NOT_APPLICABLE,20,20,VALUE,False,False,20.0,,,False,UNAVAILABLE,False
NCAAB_H2_1_AUSTIN_TRANSFER_V1,DISCOVERY,954c7109bbde5b8d,NCAAB_20260210_BYU_BAY,KXNCAAMBGAME-26FEB10BYUBAY-BYU,2,0,2026-02-11T02:18:11+00:00,AFTER_SETTLEMENT,False,AFTER_SETTLEMENT,,HISTORICAL_RECONSTRUCT,ASKED_SIX_FIRST80,80,99,,,94,99,,,,,,,,,,,,,,UNAVAILABLE,,,,,,20.0,,,False,UNAVAILABLE,False
NCAAB_H2_1_AUSTIN_TRANSFER_V1,DISCOVERY,954c7109bbde5b8d,NCAAB_20260210_BYU_BAY,KXNCAAMBGAME-26FEB10BYUBAY-BYU,2,859,2026-02-11T01:27:00+00:00,DIAGNOSTIC_EVENT,False,,POST_80,HISTORICAL_RECONSTRUCT,ASKED_SIX_FIRST80,80,79,-1,0,50,56,OBSERVED,,16.955377846529633,8.0,20.0,95% CI — weighted bootstrap,25,25,21.39770883741974,0.6659375515550284,0.5969301713665829,0.7246376811594203,OBSERVED,VALUE,20,,NOT_APPLICABLE,True,False,20.0,16.955377846529633,-3.0446221534703675,False,UNAVAILABLE,False
NCAAB_H2_1_AUSTIN_TRANSFER_V1,DISCOVERY,51ba3b0862e0d6a8,NCAAB_20260211_USC_OSU,KXNCAAMBGAME-26FEB11USCOSU-OSU,1,1200,2026-02-11T23:31:24+00:00,PRE_ENTRY,False,PRE_ENTRY,PRE_80,HISTORICAL_RECONSTRUCT,ASKED_SIX_FIRST80,80,76,,,0,0,,,,,,,,,,,,,,UNAVAILABLE,,,,,,,,,False,UNAVAILABLE,False
NCAAB_H2_1_AUSTIN_TRANSFER_V1,DISCOVERY,51ba3b0862e0d6a8,NCAAB_20260211_USC_OSU,KXNCAAMBGAME-26FEB11USCOSU-OSU,1,1080,2026-02-11T23:31:24+00:00,PRE_ENTRY,False,PRE_ENTRY,PRE_80,HISTORICAL_RECONSTRUCT,ASKED_SIX_FIRST80,80,76,,,0,0,,,,,,,,,,,,,,UNAVAILABLE,,,,,,,,,False,UNAVAILABLE,False
NCAAB_H2_1_AUSTIN_TRANSFER_V1,DISCOVERY,51ba3b0862e0d6a8,NCAAB_20260211_USC_OSU,KXNCAAMBGAME-26FEB11USCOSU-OSU,1,960,2026-02-11T23:41:01+00:00,PRE_ENTRY,False,PRE_ENTRY,PRE_80,HISTORICAL_RECONSTRUCT,ASKED_SIX_FIRST80,80,64,,,4,11,,,,,,,,,,,,,,UNAVAILABLE,,,,,,,,,False,UNAVAILABLE,False
NCAAB_H2_1_AUSTIN_TRANSFER_V1,DISCOVERY,51ba3b0862e0d6a8,NCAAB_20260211_USC_OSU,KXNCAAMBGAME-26FEB11USCOSU-OSU,1,840,2026-02-11T23:31:24+00:00,PRE_ENTRY,False,PRE_ENTRY,PRE_80,HISTORICAL_RECONSTRUCT,ASKED_SIX_FIRST80,80,76,,,0,0,,,,,,,,,,,,,,UNAVAILABLE,,,,,,,,,False,UNAVAILABLE,False
NCAAB_H2_1_AUSTIN_TRANSFER_V1,DISCOVERY,51ba3b0862e0d6a8,NCAAB_20260211_USC_OSU,KXNCAAMBGAME-26FEB11USCOSU-OSU,1,720,2026-02-11T23:31:24+00:00,PRE_ENTRY,False,PRE_ENTRY,PRE_80,HISTORICAL_RECONSTRUCT,ASKED_SIX_FIRST80,80,76,,,0,0,,,,,,,,,,,,,,UNAVAILABLE,,,,,,,,,False,UNAVAILABLE,False
NCAAB_H2_1_AUSTIN_TRANSFER_V1,DISCOVERY,51ba3b0862e0d6a8,NCAAB_20260211_USC_OSU,KXNCAAMBGAME-26FEB11USCOSU-OSU,1,600,2026-02-11T23:31:24+00:00,PRE_ENTRY,False,PRE_ENTRY,PRE_80,HISTORICAL_RECONSTRUCT,ASKED_SIX_FIRST80,80,76,,,0,0,,,,,,,,,,,,,,UNAVAILABLE,,,,,,,,,False,UNAVAILABLE,False
NCAAB_H2_1_AUSTIN_TRANSFER_V1,DISCOVERY,51ba3b0862e0d6a8,NCAAB_20260211_USC_OSU,KXNCAAMBGAME-26FEB11USCOSU-OSU,1,480,2026-02-11T23:31:24+00:00,PRE_ENTRY,False,PRE_ENTRY,PRE_80,HISTORICAL_RECONSTRUCT,ASKED_SIX_FIRST80,80,76,,,0,0,,,,,,,,,,,,,,UNAVAILABLE,,,,,,,,,False,UNAVAILABLE,False
NCAAB_H2_1_AUSTIN_TRANSFER_V1,DISCOVERY,51ba3b0862e0d6a8,NCAAB_20260211_USC_OSU,KXNCAAMBGAME-26FEB11USCOSU-OSU,1,360,2026-02-11T23:31:24+00:00,PRE_ENTRY,False,PRE_ENTRY,PRE_80,HISTORICAL_RECONSTRUCT,ASKED_SIX_FIRST80,80,76,,,0,0,,,,,,,,,,,,,,UNAVAILABLE,,,,,,,,,False,UNAVAILABLE,False
NCAAB_H2_1_AUSTIN_TRANSFER_V1,DISCOVERY,51ba3b0862e0d6a8,NCAAB_20260211_USC_OSU,KXNCAAMBGAME-26FEB11USCOSU-OSU,1,240,2026-02-11T23:31:24+00:00,PRE_ENTRY,False,PRE_ENTRY,PRE_80,HISTORICAL_RECONSTRUCT,ASKED_SIX_FIRST80,80,76,,,0,0,,,,,,,,,,,,,,UNAVAILABLE,,,,,,,,,False,UNAVAILABLE,False
NCAAB_H2_1_AUSTIN_TRANSFER_V1,DISCOVERY,51ba3b0862e0d6a8,NCAAB_20260211_USC_OSU,KXNCAAMBGAME-26FEB11USCOSU-OSU,1,120,2026-02-11T23:31:24+00:00,PRE_ENTRY,False,PRE_ENTRY,PRE_80,HISTORICAL_RECONSTRUCT,ASKED_SIX_FIRST80,80,76,,,0,0,,,,,,,,,,,,,,UNAVAILABLE,,,,,,,,,False,UNAVAILABLE,False
NCAAB_H2_1_AUSTIN_TRANSFER_V1,DISCOVERY,51ba3b0862e0d6a8,NCAAB_20260211_USC_OSU,KXNCAAMBGAME-26FEB11USCOSU-OSU,1,0,2026-02-12T00:25:12+00:00,PRE_ENTRY,False,PRE_ENTRY,PRE_80,HISTORICAL_RECONSTRUCT,ASKED_SIX_FIRST80,80,59,,,40,43,,,,,,,,,,,,,,UNAVAILABLE,,,,,,,,,False,UNAVAILABLE,False
NCAAB_H2_1_AUSTIN_TRANSFER_V1,DISCOVERY,51ba3b0862e0d6a8,NCAAB_20260211_USC_OSU,KXNCAAMBGAME-26FEB11USCOSU-OSU,2,1200,2026-02-12T00:41:13+00:00,PRE_ENTRY,False,PRE_ENTRY,PRE_80,HISTORICAL_RECONSTRUCT,ASKED_SIX_FIRST80,80,62,,,40,43,,,,,,,,,,,,,,UNAVAILABLE,,,,,,,,,False,UNAVAILABLE,False
NCAAB_H2_1_AUSTIN_TRANSFER_V1,DISCOVERY,51ba3b0862e0d6a8,NCAAB_20260211_USC_OSU,KXNCAAMBGAME-26FEB11USCOSU-OSU,2,1080,2026-02-12T00:41:13+00:00,PRE_ENTRY,False,PRE_ENTRY,PRE_80,HISTORICAL_RECONSTRUCT,ASKED_SIX_FIRST80,80,62,,,40,43,,,,,,,,,,,,,,UNAVAILABLE,,,,,,,,,False,UNAVAILABLE,False
NCAAB_H2_1_AUSTIN_TRANSFER_V1,DISCOVERY,51ba3b0862e0d6a8,NCAAB_20260211_USC_OSU,KXNCAAMBGAME-26FEB11USCOSU-OSU,2,960,2026-02-12T00:41:13+00:00,PRE_ENTRY,False,PRE_ENTRY,PRE_80,HISTORICAL_RECONSTRUCT,ASKED_SIX_FIRST80,80,62,,,40,43,,,,,,,,,,,,,,UNAVAILABLE,,,,,,,,,False,UNAVAILABLE,False
NCAAB_H2_1_AUSTIN_TRANSFER_V1,DISCOVERY,51ba3b0862e0d6a8,NCAAB_20260211_USC_OSU,KXNCAAMBGAME-26FEB11USCOSU-OSU,2,840,2026-02-12T00:41:13+00:00,PRE_ENTRY,False,PRE_ENTRY,PRE_80,HISTORICAL_RECONSTRUCT,ASKED_SIX_FIRST80,80,62,,,40,43,,,,,,,,,,,,,,UNAVAILABLE,,,,,,,,,False,UNAVAILABLE,False
NCAAB_H2_1_AUSTIN_TRANSFER_V1,DISCOVERY,51ba3b0862e0d6a8,NCAAB_20260211_USC_OSU,KXNCAAMBGAME-26FEB11USCOSU-OSU,2,720,2026-02-12T00:41:13+00:00,PRIMARY_GRID,True,,PRE_80,HISTORICAL_RECONSTRUCT,NONE,,62,,,40,43,INSUFFICIENT_SAMPLE,NO_ENTRY_IN_FITTED_SPACE,,,,95% CI — weighted bootstrap,25,,,,,0.30434782608695654,UNAVAILABLE,NOT_APPLICABLE,20,20,VALUE,False,False,,,,False,UNAVAILABLE,False
NCAAB_H2_1_AUSTIN_TRANSFER_V1,DISCOVERY,51ba3b0862e0d6a8,NCAAB_20260211_USC_OSU,KXNCAAMBGAME-26FEB11USCOSU-OSU,2,600,2026-02-12T00:41:13+00:00,PRIMARY_GRID,True,,PRE_80,HISTORICAL_RECONSTRUCT,NONE,,62,,,40,43,INSUFFICIENT_SAMPLE,NO_ENTRY_IN_FITTED_SPACE,,,,95% CI — weighted bootstrap,25,,,,,0.30434782608695654,UNAVAILABLE,NOT_APPLICABLE,20,20,VALUE,False,False,,,,False,UNAVAILABLE,False
NCAAB_H2_1_AUSTIN_TRANSFER_V1,DISCOVERY,51ba3b0862e0d6a8,NCAAB_20260211_USC_OSU,KXNCAAMBGAME-26FEB11USCOSU-OSU,2,480,2026-02-12T00:41:13+00:00,PRIMARY_GRID,True,,PRE_80,HISTORICAL_RECONSTRUCT,NONE,,62,,,40,43,INSUFFICIENT_SAMPLE,NO_ENTRY_IN_FITTED_SPACE,,,,95% CI — weighted bootstrap,25,,,,,0.30434782608695654,UNAVAILABLE,NOT_APPLICABLE,20,20,VALUE,False,False,,,,False,UNAVAILABLE,False
NCAAB_H2_1_AUSTIN_TRANSFER_V1,DISCOVERY,51ba3b0862e0d6a8,NCAAB_20260211_USC_OSU,KXNCAAMBGAME-26FEB11USCOSU-OSU,2,360,2026-02-12T00:41:13+00:00,PRIMARY_GRID,True,,PRE_80,HISTORICAL_RECONSTRUCT,NONE,,62,,,40,43,INSUFFICIENT_SAMPLE,NO_ENTRY_IN_FITTED_SPACE,,,,95% CI — weighted bootstrap,25,,,,,0.30434782608695654,UNAVAILABLE,NOT_APPLICABLE,20,20,VALUE,False,False,,,,False,UNAVAILABLE,False
NCAAB_H2_1_AUSTIN_TRANSFER_V1,DISCOVERY,51ba3b0862e0d6a8,NCAAB_20260211_USC_OSU,KXNCAAMBGAME-26FEB11USCOSU-OSU,2,240,2026-02-12T01:24:52+00:00,PRIMARY_GRID,True,,POST_80,HISTORICAL_RECONSTRUCT,ASKED_SIX_FIRST80,80,88,8,579,78,69,OBSERVED,,12.437029548628292,0.0,20.0,95% CI — weighted bootstrap,25,25,24.184679254539066,0.408857545731081,0.38176907800814897,0.9855072463768116,OBSERVED,VALUE,20,20,VALUE,False,False,12.437029548628292,12.437029548628292,0.0,False,UNAVAILABLE,False
NCAAB_H2_1_AUSTIN_TRANSFER_V1,DISCOVERY,51ba3b0862e0d6a8,NCAAB_20260211_USC_OSU,KXNCAAMBGAME-26FEB11USCOSU-OSU,2,120,2026-02-12T00:41:13+00:00,PRIMARY_GRID,True,,PRE_80,HISTORICAL_RECONSTRUCT,NONE,,62,,,40,43,INSUFFICIENT_SAMPLE,NO_ENTRY_IN_FITTED_SPACE,,,,95% CI — weighted bootstrap,25,,,,,0.30434782608695654,UNAVAILABLE,NOT_APPLICABLE,20,20,VALUE,False,False,12.437029548628292,,,False,UNAVAILABLE,False
NCAAB_H2_1_AUSTIN_TRANSFER_V1,DISCOVERY,51ba3b0862e0d6a8,NCAAB_20260211_USC_OSU,KXNCAAMBGAME-26FEB11USCOSU-OSU,2,0,2026-02-12T01:54:36+00:00,PRIMARY_GRID,True,,POST_80,HISTORICAL_RECONSTRUCT,ASKED_SIX_FIRST80,80,99,19,819,89,82,OBSERVED,,19.999999999999996,20.0,20.0,95% CI — weighted bootstrap,25,25,24.74749311302443,0.7374429930109264,0.6968060268307761,1.0,OBSERVED,VALUE,20,20,VALUE,False,False,12.437029548628292,19.999999999999996,7.562970451371704,False,UNAVAILABLE,False
NCAAB_H2_1_AUSTIN_TRANSFER_V1,DISCOVERY,51ba3b0862e0d6a8,NCAAB_20260211_USC_OSU,KXNCAAMBGAME-26FEB11USCOSU-OSU,2,819,2026-02-12T00:55:00+00:00,DIAGNOSTIC_EVENT,False,,POST_80,HISTORICAL_RECONSTRUCT,ASKED_SIX_FIRST80,80,71,-9,0,54,49,OBSERVED,,6.225563469120335,-8.0,20.0,95% CI — weighted bootstrap,25,25,24.580994558708756,0.7657517991251418,0.7441031967684668,0.7246376811594203,OBSERVED,VALUE,20,20,VALUE,False,False,12.437029548628292,6.225563469120335,-6.211466079507957,False,UNAVAILABLE,False
NCAAB_H2_1_AUSTIN_TRANSFER_V1,DISCOVERY,51ba3b0862e0d6a8,NCAAB_20260211_USC_OSU,KXNCAAMBGAME-26FEB11USCOSU-OSU,2,778,2026-02-12T00:57:00+00:00,DIAGNOSTIC_EVENT,False,,POST_80,HISTORICAL_RECONSTRUCT,ASKED_SIX_FIRST80,80,77,-3,41,54,53,OBSERVED,,20.0,20.0,20.0,95% CI — weighted bootstrap,25,25,22.459112087762467,0.5901312458579795,0.532087864961904,0.8260869565217391,OBSERVED,VALUE,20,20,VALUE,False,False,12.437029548628292,20.0,7.562970451371708,False,UNAVAILABLE,False
NCAAB_H2_1_AUSTIN_TRANSFER_V1,DISCOVERY,83e7e687a5a06e59,NCAAB_20260211_ALA_MISS,KXNCAAMBGAME-26FEB11ALAMISS-ALA,1,1200,2026-02-12T00:01:59+00:00,PRE_ENTRY,False,PRE_ENTRY,PRE_80,HISTORICAL_RECONSTRUCT,ASKED_SIX_FIRST80,81,74,,,0,0,,,,,,,,,,,,,,UNAVAILABLE,,,,,,,,,False,UNAVAILABLE,False
NCAAB_H2_1_AUSTIN_TRANSFER_V1,DISCOVERY,83e7e687a5a06e59,NCAAB_20260211_ALA_MISS,KXNCAAMBGAME-26FEB11ALAMISS-ALA,1,1080,2026-02-12T00:01:59+00:00,PRE_ENTRY,False,PRE_ENTRY,PRE_80,HISTORICAL_RECONSTRUCT,ASKED_SIX_FIRST80,81,74,,,0,0,,,,,,,,,,,,,,UNAVAILABLE,,,,,,,,,False,UNAVAILABLE,False
NCAAB_H2_1_AUSTIN_TRANSFER_V1,DISCOVERY,83e7e687a5a06e59,NCAAB_20260211_ALA_MISS,KXNCAAMBGAME-26FEB11ALAMISS-ALA,1,960,2026-02-12T00:01:59+00:00,PRE_ENTRY,False,PRE_ENTRY,PRE_80,HISTORICAL_RECONSTRUCT,ASKED_SIX_FIRST80,81,74,,,0,0,,,,,,,,,,,,,,UNAVAILABLE,,,,,,,,,False,UNAVAILABLE,False
NCAAB_H2_1_AUSTIN_TRANSFER_V1,DISCOVERY,83e7e687a5a06e59,NCAAB_20260211_ALA_MISS,KXNCAAMBGAME-26FEB11ALAMISS-ALA,1,840,2026-02-12T00:01:59+00:00,PRE_ENTRY,False,PRE_ENTRY,PRE_80,HISTORICAL_RECONSTRUCT,ASKED_SIX_FIRST80,81,74,,,0,0,,,,,,,,,,,,,,UNAVAILABLE,,,,,,,,,False,UNAVAILABLE,False
NCAAB_H2_1_AUSTIN_TRANSFER_V1,DISCOVERY,83e7e687a5a06e59,NCAAB_20260211_ALA_MISS,KXNCAAMBGAME-26FEB11ALAMISS-ALA,1,720,2026-02-12T00:19:23+00:00,PRE_ENTRY,False,PRE_ENTRY,PRE_80,HISTORICAL_RECONSTRUCT,ASKED_SIX_FIRST80,81,66,,,14,11,,,,,,,,,,,,,,UNAVAILABLE,,,,,,,,,False,UNAVAILABLE,False
NCAAB_H2_1_AUSTIN_TRANSFER_V1,DISCOVERY,83e7e687a5a06e59,NCAAB_20260211_ALA_MISS,KXNCAAMBGAME-26FEB11ALAMISS-ALA,1,600,2026-02-12T00:01:59+00:00,PRE_ENTRY,False,PRE_ENTRY,PRE_80,HISTORICAL_RECONSTRUCT,ASKED_SIX_FIRST80,81,74,,,0,0,,,,,,,,,,,,,,UNAVAILABLE,,,,,,,,,False,UNAVAILABLE,False
NCAAB_H2_1_AUSTIN_TRANSFER_V1,DISCOVERY,83e7e687a5a06e59,NCAAB_20260211_ALA_MISS,KXNCAAMBGAME-26FEB11ALAMISS-ALA,1,480,2026-02-12T00:01:59+00:00,PRE_ENTRY,False,PRE_ENTRY,PRE_80,HISTORICAL_RECONSTRUCT,ASKED_SIX_FIRST80,81,74,,,0,0,,,,,,,,,,,,,,UNAVAILABLE,,,,,,,,,False,UNAVAILABLE,False
NCAAB_H2_1_AUSTIN_TRANSFER_V1,DISCOVERY,83e7e687a5a06e59,NCAAB_20260211_ALA_MISS,KXNCAAMBGAME-26FEB11ALAMISS-ALA,1,360,2026-02-12T00:01:59+00:00,PRE_ENTRY,False,PRE_ENTRY,PRE_80,HISTORICAL_RECONSTRUCT,ASKED_SIX_FIRST80,81,74,,,0,0,,,,,,,,,,,,,,UNAVAILABLE,,,,,,,,,False,UNAVAILABLE,False
NCAAB_H2_1_AUSTIN_TRANSFER_V1,DISCOVERY,83e7e687a5a06e59,NCAAB_20260211_ALA_MISS,KXNCAAMBGAME-26FEB11ALAMISS-ALA,1,240,2026-02-12T00:01:59+00:00,PRE_ENTRY,False,PRE_ENTRY,PRE_80,HISTORICAL_RECONSTRUCT,ASKED_SIX_FIRST80,81,74,,,0,0,,,,,,,,,,,,,,UNAVAILABLE,,,,,,,,,False,UNAVAILABLE,False
NCAAB_H2_1_AUSTIN_TRANSFER_V1,DISCOVERY,83e7e687a5a06e59,NCAAB_20260211_ALA_MISS,KXNCAAMBGAME-26FEB11ALAMISS-ALA,1,120,2026-02-12T00:01:59+00:00,PRE_ENTRY,False,PRE_ENTRY,PRE_80,HISTORICAL_RECONSTRUCT,ASKED_SIX_FIRST80,81,74,,,0,0,,,,,,,,,,,,,,UNAVAILABLE,,,,,,,,,False,UNAVAILABLE,False
NCAAB_H2_1_AUSTIN_TRANSFER_V1,DISCOVERY,83e7e687a5a06e59,NCAAB_20260211_ALA_MISS,KXNCAAMBGAME-26FEB11ALAMISS-ALA,1,0,2026-02-12T00:49:31+00:00,PRE_ENTRY,False,PRE_ENTRY,PRE_80,HISTORICAL_RECONSTRUCT,ASKED_SIX_FIRST80,81,74,,,30,32,,,,,,,,,,,,,,UNAVAILABLE,,,,,,,,,False,UNAVAILABLE,False
NCAAB_H2_1_AUSTIN_TRANSFER_V1,DISCOVERY,83e7e687a5a06e59,NCAAB_20260211_ALA_MISS,KXNCAAMBGAME-26FEB11ALAMISS-ALA,2,1200,2026-02-12T01:05:06+00:00,PRE_ENTRY,False,PRE_ENTRY,PRE_80,HISTORICAL_RECONSTRUCT,ASKED_SIX_FIRST80,81,73,,,30,32,,,,,,,,,,,,,,UNAVAILABLE,,,,,,,,,False,UNAVAILABLE,False
NCAAB_H2_1_AUSTIN_TRANSFER_V1,DISCOVERY,83e7e687a5a06e59,NCAAB_20260211_ALA_MISS,KXNCAAMBGAME-26FEB11ALAMISS-ALA,2,1080,2026-02-12T01:05:06+00:00,PRE_ENTRY,False,PRE_ENTRY,PRE_80,HISTORICAL_RECONSTRUCT,ASKED_SIX_FIRST80,81,73,,,30,32,,,,,,,,,,,,,,UNAVAILABLE,,,,,,,,,False,UNAVAILABLE,False
NCAAB_H2_1_AUSTIN_TRANSFER_V1,DISCOVERY,83e7e687a5a06e59,NCAAB_20260211_ALA_MISS,KXNCAAMBGAME-26FEB11ALAMISS-ALA,2,960,2026-02-12T01:05:06+00:00,PRIMARY_GRID,True,,PRE_80,HISTORICAL_RECONSTRUCT,NONE,,73,,,30,32,INSUFFICIENT_SAMPLE,NO_ENTRY_IN_FITTED_SPACE,,,,95% CI — weighted bootstrap,25,,,,,0.30434782608695654,UNAVAILABLE,NOT_APPLICABLE,20,20,VALUE,False,False,,,,False,UNAVAILABLE,False
NCAAB_H2_1_AUSTIN_TRANSFER_V1,DISCOVERY,83e7e687a5a06e59,NCAAB_20260211_ALA_MISS,KXNCAAMBGAME-26FEB11ALAMISS-ALA,2,840,2026-02-12T01:05:06+00:00,PRIMARY_GRID,True,,PRE_80,HISTORICAL_RECONSTRUCT,NONE,,73,,,30,32,INSUFFICIENT_SAMPLE,NO_ENTRY_IN_FITTED_SPACE,,,,95% CI — weighted bootstrap,25,,,,,0.30434782608695654,UNAVAILABLE,NOT_APPLICABLE,20,20,VALUE,False,False,,,,False,UNAVAILABLE,False
NCAAB_H2_1_AUSTIN_TRANSFER_V1,DISCOVERY,83e7e687a5a06e59,NCAAB_20260211_ALA_MISS,KXNCAAMBGAME-26FEB11ALAMISS-ALA,2,720,2026-02-12T01:05:06+00:00,PRIMARY_GRID,True,,PRE_80,HISTORICAL_RECONSTRUCT,NONE,,73,,,30,32,INSUFFICIENT_SAMPLE,NO_ENTRY_IN_FITTED_SPACE,,,,95% CI — weighted bootstrap,25,,,,,0.30434782608695654,UNAVAILABLE,NOT_APPLICABLE,20,20,VALUE,False,False,,,,False,UNAVAILABLE,False
NCAAB_H2_1_AUSTIN_TRANSFER_V1,DISCOVERY,83e7e687a5a06e59,NCAAB_20260211_ALA_MISS,KXNCAAMBGAME-26FEB11ALAMISS-ALA,2,600,2026-02-12T01:05:06+00:00,PRIMARY_GRID,True,,PRE_80,HISTORICAL_RECONSTRUCT,NONE,,73,,,30,32,INSUFFICIENT_SAMPLE,NO_ENTRY_IN_FITTED_SPACE,,,,95% CI — weighted bootstrap,25,,,,,0.30434782608695654,UNAVAILABLE,NOT_APPLICABLE,20,20,VALUE,False,False,,,,False,UNAVAILABLE,False
NCAAB_H2_1_AUSTIN_TRANSFER_V1,DISCOVERY,83e7e687a5a06e59,NCAAB_20260211_ALA_MISS,KXNCAAMBGAME-26FEB11ALAMISS-ALA,2,480,2026-02-12T01:05:06+00:00,PRIMARY_GRID,True,,PRE_80,HISTORICAL_RECONSTRUCT,NONE,,73,,,30,32,INSUFFICIENT_SAMPLE,NO_ENTRY_IN_FITTED_SPACE,,,,95% CI — weighted bootstrap,25,,,,,0.30434782608695654,UNAVAILABLE,NOT_APPLICABLE,20,20,VALUE,False,False,,,,False,UNAVAILABLE,False
NCAAB_H2_1_AUSTIN_TRANSFER_V1,DISCOVERY,83e7e687a5a06e59,NCAAB_20260211_ALA_MISS,KXNCAAMBGAME-26FEB11ALAMISS-ALA,2,360,2026-02-12T01:05:06+00:00,PRIMARY_GRID,True,,PRE_80,HISTORICAL_RECONSTRUCT,NONE,,73,,,30,32,INSUFFICIENT_SAMPLE,NO_ENTRY_IN_FITTED_SPACE,,,,95% CI — weighted bootstrap,25,,,,,0.30434782608695654,UNAVAILABLE,NOT_APPLICABLE,20,20,VALUE,False,False,,,,False,UNAVAILABLE,False
NCAAB_H2_1_AUSTIN_TRANSFER_V1,DISCOVERY,83e7e687a5a06e59,NCAAB_20260211_ALA_MISS,KXNCAAMBGAME-26FEB11ALAMISS-ALA,2,240,2026-02-12T01:05:06+00:00,PRIMARY_GRID,True,,PRE_80,HISTORICAL_RECONSTRUCT,NONE,,73,,,30,32,INSUFFICIENT_SAMPLE,NO_ENTRY_IN_FITTED_SPACE,,,,95% CI — weighted bootstrap,25,,,,,0.30434782608695654,UNAVAILABLE,NOT_APPLICABLE,20,20,VALUE,False,False,,,,False,UNAVAILABLE,False
NCAAB_H2_1_AUSTIN_TRANSFER_V1,DISCOVERY,83e7e687a5a06e59,NCAAB_20260211_ALA_MISS,KXNCAAMBGAME-26FEB11ALAMISS-ALA,2,120,2026-02-12T01:05:06+00:00,PRIMARY_GRID,True,,PRE_80,HISTORICAL_RECONSTRUCT,NONE,,73,,,30,32,INSUFFICIENT_SAMPLE,NO_ENTRY_IN_FITTED_SPACE,,,,95% CI — weighted bootstrap,25,,,,,0.30434782608695654,UNAVAILABLE,NOT_APPLICABLE,20,20,VALUE,False,False,,,,False,UNAVAILABLE,False
NCAAB_H2_1_AUSTIN_TRANSFER_V1,DISCOVERY,83e7e687a5a06e59,NCAAB_20260211_ALA_MISS,KXNCAAMBGAME-26FEB11ALAMISS-ALA,2,0,2026-02-12T02:10:57+00:00,AFTER_SETTLEMENT,False,AFTER_SETTLEMENT,,HISTORICAL_RECONSTRUCT,ASKED_SIX_FIRST80,81,99,,,74,93,,,,,,,,,,,,,,UNAVAILABLE,,,,,,,,,False,UNAVAILABLE,False
NCAAB_H2_1_AUSTIN_TRANSFER_V1,DISCOVERY,83e7e687a5a06e59,NCAAB_20260211_ALA_MISS,KXNCAAMBGAME-26FEB11ALAMISS-ALA,2,1046,2026-02-12T01:09:00+00:00,DIAGNOSTIC_EVENT,False,,POST_80,HISTORICAL_RECONSTRUCT,ASKED_SIX_FIRST80,81,70,-11,0,32,37,OBSERVED,,12.13714029015641,0.0,20.0,95% CI — weighted bootstrap,25,25,24.989213956183775,1.3271563106409723,1.3185483217622496,0.7246376811594203,OBSERVED,VALUE,20,,NOT_APPLICABLE,True,False,,12.13714029015641,,False,UNAVAILABLE,False
