record_type,strategy_name,sport,league,season,date_from,date_to,universe,observation_basis,resolution,pit_field,entry_operation,entry_parameters,win_exit_operation,win_exit_parameters,loss_exit_operation,loss_exit_parameters,terminal_behavior,plan_hash,compiler_version,warehouse_version,identity_version,catalog_version,execution_version,data_fingerprint,backtest_status,population,wins,losses,win_rate,loss_rate,average_win,average_loss,risk_reward,gross_ev,internal_game_id,market_id,entry_timestamp,entry_value,entry_operation_row,entry_period,entry_clock,win_exit_timestamp,win_exit_value,win_exit_operation_row,loss_exit_timestamp,loss_exit_value,loss_exit_operation_row,classification,settlement_status,settlement_value,result_hash,risk_mode,risk_seed,risk_result_hash,static_weekly_sizing,initial_bankroll,trade_allocation,trades_per_week,win_return,loss_return,risk_win_probability,target_weekly_ev,weeks_per_year,monte_carlo_paths,capital_per_trade,win_pnl,loss_pnl,R_w,R_l,break_even_probability,trade_ev,trade_ev_dollars,weekly_ev,weekly_ev_dollars,min_wins_for_target,P_target_week,P_below_target,P_negative_week,weekly_volatility,deterministic_compound_if_ev_realized,fees,slippage,fills,net_ev,correlation_status,mc_bankroll_p5,mc_bankroll_p10,mc_bankroll_p25,mc_bankroll_p50,mc_bankroll_p75,mc_bankroll_p90,mc_bankroll_p95,mc_bankroll_p99,mc_bankroll_mean,mc_bankroll_median,mc_bankroll_min,mc_bankroll_max,mc_return_p5,mc_return_p10,mc_return_p25,mc_return_p50,mc_return_p75,mc_return_p90,mc_return_p95,mc_return_p99,mc_return_mean,mc_return_median,mc_return_min,mc_return_max,mc_mdd_p5,mc_mdd_p10,mc_mdd_p25,mc_mdd_p50,mc_mdd_p75,mc_mdd_p90,mc_mdd_p95,mc_mdd_p99,mc_mdd_mean,mc_mdd_median,mc_mdd_min,mc_mdd_max,P_final_ge_1_5x,P_final_lt_B0,P_mdd_le_neg_5,P_mdd_le_neg_10,P_mdd_le_neg_20,risk_not,weekly_wins,weekly_losses,weekly_return,weekly_probability
risk,913 ITI-01,NBA,NBA,2025-2026,2025-03-18,2026-09-01,"{""date_from"":""2025-03-18"",""date_to"":""2026-09-01"",""game_data"":[""pbp""],""leagues"":[""NBA""],""market_data"":[""candles""],""markets"":[""kalshi""],""seasons"":[""2025-2026""],""sports"":[""NBA""]}",TRADABLE_YES_BID,1_MINUTE_CANDLE,available_at,FIRST_TOUCH,"{""id"":""entry_mtw2zh6b_f4q8g"",""op"":""FIRST_TOUCH"",""ordinal"":""FIRST_TOUCH"",""period"":""Q2"",""price_e4"":6800,""source_vocabulary"":""TOUCH""}",REACH,"{""id"":""exit_mty0bwbw_mvfqe"",""op"":""REACH"",""outcome"":""win"",""price_e4"":9500}",REACH,"{""id"":""exit_mtug1t99_aq1lv"",""op"":""REACH"",""outcome"":""loss"",""price_e4"":4500}",HOLD_TO_SETTLEMENT,c5430eb845ac4cefb3c281ac543b383aad9652b9d0817d0605ab42bca6970657,1.0.0,2026-09-13T06:28:48Z,1.0.0,1.0.0,1.0.0,2026-09-13T06:28:48Z,READY,224,116,108,0.517857,0.482143,2700,2300,1.173913,289.285714,,,,,,,,,,,,,,,,,a1bee2f832bba4fbfbee499c6c89c2cf1a011d365a81efc1b5ef04b1ed6b0236,A,20260913,eaeb39bcd047938855e49243665a0dd1fa46c0a2b461a0b24dfebaf2291492fd,true,20000.000000,0.050000,10,0.200000,-0.400000,0.700000,0.010000,52,100000,1000.000000,200.000000,-400.000000,0.010000,-0.020000,0.666667,0.001000,20.000000,0.010000,200.000000,7,0.649611,0.350389,0.350389,0.043474,33553.778429,UNAVAILABLE,UNAVAILABLE,UNAVAILABLE,NOT_COMPUTABLE,CORRELATION_DATA_REQUIRED,19126.525079,21468.837375,25958.319718,32059.137255,39526.248213,47518.108962,53161.755653,65560.602242,33582.938578,32059.137255,7826.941033,122645.286512,-0.043674,0.073442,0.297916,0.602957,0.976312,1.375905,1.658088,2.278030,0.679147,0.602957,-0.608653,5.132264,-0.327662,-0.286117,-0.227463,-0.173266,-0.133501,-0.106706,-0.091040,-0.069000,-0.187003,-0.173266,-0.657810,-0.020000,0.585860,0.066780,0.999660,0.912850,0.361930,candle_path_not_fill,,,,
weekly,913 ITI-01,NBA,NBA,2025-2026,2025-03-18,2026-09-01,"{""date_from"":""2025-03-18"",""date_to"":""2026-09-01"",""game_data"":[""pbp""],""leagues"":[""NBA""],""market_data"":[""candles""],""markets"":[""kalshi""],""seasons"":[""2025-2026""],""sports"":[""NBA""]}",TRADABLE_YES_BID,1_MINUTE_CANDLE,available_at,FIRST_TOUCH,"{""id"":""entry_mtw2zh6b_f4q8g"",""op"":""FIRST_TOUCH"",""ordinal"":""FIRST_TOUCH"",""period"":""Q2"",""price_e4"":6800,""source_vocabulary"":""TOUCH""}",REACH,"{""id"":""exit_mty0bwbw_mvfqe"",""op"":""REACH"",""outcome"":""win"",""price_e4"":9500}",REACH,"{""id"":""exit_mtug1t99_aq1lv"",""op"":""REACH"",""outcome"":""loss"",""price_e4"":4500}",HOLD_TO_SETTLEMENT,c5430eb845ac4cefb3c281ac543b383aad9652b9d0817d0605ab42bca6970657,1.0.0,2026-09-13T06:28:48Z,1.0.0,1.0.0,1.0.0,2026-09-13T06:28:48Z,READY,224,116,108,0.517857,0.482143,2700,2300,1.173913,289.285714,,,,,,,,,,,,,,,,,a1bee2f832bba4fbfbee499c6c89c2cf1a011d365a81efc1b5ef04b1ed6b0236,,,,,,,,,,,,,,,,,,,,,,,,,,,,,,,,,,,,,,,,,,,,,,,,,,,,,,,,,,,,,,,,,,,,,,,,,,,,,0,10,-0.200000,0.000006
weekly,913 ITI-01,NBA,NBA,2025-2026,2025-03-18,2026-09-01,"{""date_from"":""2025-03-18"",""date_to"":""2026-09-01"",""game_data"":[""pbp""],""leagues"":[""NBA""],""market_data"":[""candles""],""markets"":[""kalshi""],""seasons"":[""2025-2026""],""sports"":[""NBA""]}",TRADABLE_YES_BID,1_MINUTE_CANDLE,available_at,FIRST_TOUCH,"{""id"":""entry_mtw2zh6b_f4q8g"",""op"":""FIRST_TOUCH"",""ordinal"":""FIRST_TOUCH"",""period"":""Q2"",""price_e4"":6800,""source_vocabulary"":""TOUCH""}",REACH,"{""id"":""exit_mty0bwbw_mvfqe"",""op"":""REACH"",""outcome"":""win"",""price_e4"":9500}",REACH,"{""id"":""exit_mtug1t99_aq1lv"",""op"":""REACH"",""outcome"":""loss"",""price_e4"":4500}",HOLD_TO_SETTLEMENT,c5430eb845ac4cefb3c281ac543b383aad9652b9d0817d0605ab42bca6970657,1.0.0,2026-09-13T06:28:48Z,1.0.0,1.0.0,1.0.0,2026-09-13T06:28:48Z,READY,224,116,108,0.517857,0.482143,2700,2300,1.173913,289.285714,,,,,,,,,,,,,,,,,a1bee2f832bba4fbfbee499c6c89c2cf1a011d365a81efc1b5ef04b1ed6b0236,,,,,,,,,,,,,,,,,,,,,,,,,,,,,,,,,,,,,,,,,,,,,,,,,,,,,,,,,,,,,,,,,,,,,,,,,,,,,1,9,-0.170000,0.000138
weekly,913 ITI-01,NBA,NBA,2025-2026,2025-03-18,2026-09-01,"{""date_from"":""2025-03-18"",""date_to"":""2026-09-01"",""game_data"":[""pbp""],""leagues"":[""NBA""],""market_data"":[""candles""],""markets"":[""kalshi""],""seasons"":[""2025-2026""],""sports"":[""NBA""]}",TRADABLE_YES_BID,1_MINUTE_CANDLE,available_at,FIRST_TOUCH,"{""id"":""entry_mtw2zh6b_f4q8g"",""op"":""FIRST_TOUCH"",""ordinal"":""FIRST_TOUCH"",""period"":""Q2"",""price_e4"":6800,""source_vocabulary"":""TOUCH""}",REACH,"{""id"":""exit_mty0bwbw_mvfqe"",""op"":""REACH"",""outcome"":""win"",""price_e4"":9500}",REACH,"{""id"":""exit_mtug1t99_aq1lv"",""op"":""REACH"",""outcome"":""loss"",""price_e4"":4500}",HOLD_TO_SETTLEMENT,c5430eb845ac4cefb3c281ac543b383aad9652b9d0817d0605ab42bca6970657,1.0.0,2026-09-13T06:28:48Z,1.0.0,1.0.0,1.0.0,2026-09-13T06:28:48Z,READY,224,116,108,0.517857,0.482143,2700,2300,1.173913,289.285714,,,,,,,,,,,,,,,,,a1bee2f832bba4fbfbee499c6c89c2cf1a011d365a81efc1b5ef04b1ed6b0236,,,,,,,,,,,,,,,,,,,,,,,,,,,,,,,,,,,,,,,,,,,,,,,,,,,,,,,,,,,,,,,,,,,,,,,,,,,,,2,8,-0.140000,0.001447
weekly,913 ITI-01,NBA,NBA,2025-2026,2025-03-18,2026-09-01,"{""date_from"":""2025-03-18"",""date_to"":""2026-09-01"",""game_data"":[""pbp""],""leagues"":[""NBA""],""market_data"":[""candles""],""markets"":[""kalshi""],""seasons"":[""2025-2026""],""sports"":[""NBA""]}",TRADABLE_YES_BID,1_MINUTE_CANDLE,available_at,FIRST_TOUCH,"{""id"":""entry_mtw2zh6b_f4q8g"",""op"":""FIRST_TOUCH"",""ordinal"":""FIRST_TOUCH"",""period"":""Q2"",""price_e4"":6800,""source_vocabulary"":""TOUCH""}",REACH,"{""id"":""exit_mty0bwbw_mvfqe"",""op"":""REACH"",""outcome"":""win"",""price_e4"":9500}",REACH,"{""id"":""exit_mtug1t99_aq1lv"",""op"":""REACH"",""outcome"":""loss"",""price_e4"":4500}",HOLD_TO_SETTLEMENT,c5430eb845ac4cefb3c281ac543b383aad9652b9d0817d0605ab42bca6970657,1.0.0,2026-09-13T06:28:48Z,1.0.0,1.0.0,1.0.0,2026-09-13T06:28:48Z,READY,224,116,108,0.517857,0.482143,2700,2300,1.173913,289.285714,,,,,,,,,,,,,,,,,a1bee2f832bba4fbfbee499c6c89c2cf1a011d365a81efc1b5ef04b1ed6b0236,,,,,,,,,,,,,,,,,,,,,,,,,,,,,,,,,,,,,,,,,,,,,,,,,,,,,,,,,,,,,,,,,,,,,,,,,,,,,3,7,-0.110000,0.009002
weekly,913 ITI-01,NBA,NBA,2025-2026,2025-03-18,2026-09-01,"{""date_from"":""2025-03-18"",""date_to"":""2026-09-01"",""game_data"":[""pbp""],""leagues"":[""NBA""],""market_data"":[""candles""],""markets"":[""kalshi""],""seasons"":[""2025-2026""],""sports"":[""NBA""]}",TRADABLE_YES_BID,1_MINUTE_CANDLE,available_at,FIRST_TOUCH,"{""id"":""entry_mtw2zh6b_f4q8g"",""op"":""FIRST_TOUCH"",""ordinal"":""FIRST_TOUCH"",""period"":""Q2"",""price_e4"":6800,""source_vocabulary"":""TOUCH""}",REACH,"{""id"":""exit_mty0bwbw_mvfqe"",""op"":""REACH"",""outcome"":""win"",""price_e4"":9500}",REACH,"{""id"":""exit_mtug1t99_aq1lv"",""op"":""REACH"",""outcome"":""loss"",""price_e4"":4500}",HOLD_TO_SETTLEMENT,c5430eb845ac4cefb3c281ac543b383aad9652b9d0817d0605ab42bca6970657,1.0.0,2026-09-13T06:28:48Z,1.0.0,1.0.0,1.0.0,2026-09-13T06:28:48Z,READY,224,116,108,0.517857,0.482143,2700,2300,1.173913,289.285714,,,,,,,,,,,,,,,,,a1bee2f832bba4fbfbee499c6c89c2cf1a011d365a81efc1b5ef04b1ed6b0236,,,,,,,,,,,,,,,,,,,,,,,,,,,,,,,,,,,,,,,,,,,,,,,,,,,,,,,,,,,,,,,,,,,,,,,,,,,,,4,6,-0.080000,0.036757
weekly,913 ITI-01,NBA,NBA,2025-2026,2025-03-18,2026-09-01,"{""date_from"":""2025-03-18"",""date_to"":""2026-09-01"",""game_data"":[""pbp""],""leagues"":[""NBA""],""market_data"":[""candles""],""markets"":[""kalshi""],""seasons"":[""2025-2026""],""sports"":[""NBA""]}",TRADABLE_YES_BID,1_MINUTE_CANDLE,available_at,FIRST_TOUCH,"{""id"":""entry_mtw2zh6b_f4q8g"",""op"":""FIRST_TOUCH"",""ordinal"":""FIRST_TOUCH"",""period"":""Q2"",""price_e4"":6800,""source_vocabulary"":""TOUCH""}",REACH,"{""id"":""exit_mty0bwbw_mvfqe"",""op"":""REACH"",""outcome"":""win"",""price_e4"":9500}",REACH,"{""id"":""exit_mtug1t99_aq1lv"",""op"":""REACH"",""outcome"":""loss"",""price_e4"":4500}",HOLD_TO_SETTLEMENT,c5430eb845ac4cefb3c281ac543b383aad9652b9d0817d0605ab42bca6970657,1.0.0,2026-09-13T06:28:48Z,1.0.0,1.0.0,1.0.0,2026-09-13T06:28:48Z,READY,224,116,108,0.517857,0.482143,2700,2300,1.173913,289.285714,,,,,,,,,,,,,,,,,a1bee2f832bba4fbfbee499c6c89c2cf1a011d365a81efc1b5ef04b1ed6b0236,,,,,,,,,,,,,,,,,,,,,,,,,,,,,,,,,,,,,,,,,,,,,,,,,,,,,,,,,,,,,,,,,,,,,,,,,,,,,5,5,-0.050000,0.102919
weekly,913 ITI-01,NBA,NBA,2025-2026,2025-03-18,2026-09-01,"{""date_from"":""2025-03-18"",""date_to"":""2026-09-01"",""game_data"":[""pbp""],""leagues"":[""NBA""],""market_data"":[""candles""],""markets"":[""kalshi""],""seasons"":[""2025-2026""],""sports"":[""NBA""]}",TRADABLE_YES_BID,1_MINUTE_CANDLE,available_at,FIRST_TOUCH,"{""id"":""entry_mtw2zh6b_f4q8g"",""op"":""FIRST_TOUCH"",""ordinal"":""FIRST_TOUCH"",""period"":""Q2"",""price_e4"":6800,""source_vocabulary"":""TOUCH""}",REACH,"{""id"":""exit_mty0bwbw_mvfqe"",""op"":""REACH"",""outcome"":""win"",""price_e4"":9500}",REACH,"{""id"":""exit_mtug1t99_aq1lv"",""op"":""REACH"",""outcome"":""loss"",""price_e4"":4500}",HOLD_TO_SETTLEMENT,c5430eb845ac4cefb3c281ac543b383aad9652b9d0817d0605ab42bca6970657,1.0.0,2026-09-13T06:28:48Z,1.0.0,1.0.0,1.0.0,2026-09-13T06:28:48Z,READY,224,116,108,0.517857,0.482143,2700,2300,1.173913,289.285714,,,,,,,,,,,,,,,,,a1bee2f832bba4fbfbee499c6c89c2cf1a011d365a81efc1b5ef04b1ed6b0236,,,,,,,,,,,,,,,,,,,,,,,,,,,,,,,,,,,,,,,,,,,,,,,,,,,,,,,,,,,,,,,,,,,,,,,,,,,,,6,4,-0.020000,0.200121
weekly,913 ITI-01,NBA,NBA,2025-2026,2025-03-18,2026-09-01,"{""date_from"":""2025-03-18"",""date_to"":""2026-09-01"",""game_data"":[""pbp""],""leagues"":[""NBA""],""market_data"":[""candles""],""markets"":[""kalshi""],""seasons"":[""2025-2026""],""sports"":[""NBA""]}",TRADABLE_YES_BID,1_MINUTE_CANDLE,available_at,FIRST_TOUCH,"{""id"":""entry_mtw2zh6b_f4q8g"",""op"":""FIRST_TOUCH"",""ordinal"":""FIRST_TOUCH"",""period"":""Q2"",""price_e4"":6800,""source_vocabulary"":""TOUCH""}",REACH,"{""id"":""exit_mty0bwbw_mvfqe"",""op"":""REACH"",""outcome"":""win"",""price_e4"":9500}",REACH,"{""id"":""exit_mtug1t99_aq1lv"",""op"":""REACH"",""outcome"":""loss"",""price_e4"":4500}",HOLD_TO_SETTLEMENT,c5430eb845ac4cefb3c281ac543b383aad9652b9d0817d0605ab42bca6970657,1.0.0,2026-09-13T06:28:48Z,1.0.0,1.0.0,1.0.0,2026-09-13T06:28:48Z,READY,224,116,108,0.517857,0.482143,2700,2300,1.173913,289.285714,,,,,,,,,,,,,,,,,a1bee2f832bba4fbfbee499c6c89c2cf1a011d365a81efc1b5ef04b1ed6b0236,,,,,,,,,,,,,,,,,,,,,,,,,,,,,,,,,,,,,,,,,,,,,,,,,,,,,,,,,,,,,,,,,,,,,,,,,,,,,7,3,0.010000,0.266828
weekly,913 ITI-01,NBA,NBA,2025-2026,2025-03-18,2026-09-01,"{""date_from"":""2025-03-18"",""date_to"":""2026-09-01"",""game_data"":[""pbp""],""leagues"":[""NBA""],""market_data"":[""candles""],""markets"":[""kalshi""],""seasons"":[""2025-2026""],""sports"":[""NBA""]}",TRADABLE_YES_BID,1_MINUTE_CANDLE,available_at,FIRST_TOUCH,"{""id"":""entry_mtw2zh6b_f4q8g"",""op"":""FIRST_TOUCH"",""ordinal"":""FIRST_TOUCH"",""period"":""Q2"",""price_e4"":6800,""source_vocabulary"":""TOUCH""}",REACH,"{""id"":""exit_mty0bwbw_mvfqe"",""op"":""REACH"",""outcome"":""win"",""price_e4"":9500}",REACH,"{""id"":""exit_mtug1t99_aq1lv"",""op"":""REACH"",""outcome"":""loss"",""price_e4"":4500}",HOLD_TO_SETTLEMENT,c5430eb845ac4cefb3c281ac543b383aad9652b9d0817d0605ab42bca6970657,1.0.0,2026-09-13T06:28:48Z,1.0.0,1.0.0,1.0.0,2026-09-13T06:28:48Z,READY,224,116,108,0.517857,0.482143,2700,2300,1.173913,289.285714,,,,,,,,,,,,,,,,,a1bee2f832bba4fbfbee499c6c89c2cf1a011d365a81efc1b5ef04b1ed6b0236,,,,,,,,,,,,,,,,,,,,,,,,,,,,,,,,,,,,,,,,,,,,,,,,,,,,,,,,,,,,,,,,,,,,,,,,,,,,,8,2,0.040000,0.233474
weekly,913 ITI-01,NBA,NBA,2025-2026,2025-03-18,2026-09-01,"{""date_from"":""2025-03-18"",""date_to"":""2026-09-01"",""game_data"":[""pbp""],""leagues"":[""NBA""],""market_data"":[""candles""],""markets"":[""kalshi""],""seasons"":[""2025-2026""],""sports"":[""NBA""]}",TRADABLE_YES_BID,1_MINUTE_CANDLE,available_at,FIRST_TOUCH,"{""id"":""entry_mtw2zh6b_f4q8g"",""op"":""FIRST_TOUCH"",""ordinal"":""FIRST_TOUCH"",""period"":""Q2"",""price_e4"":6800,""source_vocabulary"":""TOUCH""}",REACH,"{""id"":""exit_mty0bwbw_mvfqe"",""op"":""REACH"",""outcome"":""win"",""price_e4"":9500}",REACH,"{""id"":""exit_mtug1t99_aq1lv"",""op"":""REACH"",""outcome"":""loss"",""price_e4"":4500}",HOLD_TO_SETTLEMENT,c5430eb845ac4cefb3c281ac543b383aad9652b9d0817d0605ab42bca6970657,1.0.0,2026-09-13T06:28:48Z,1.0.0,1.0.0,1.0.0,2026-09-13T06:28:48Z,READY,224,116,108,0.517857,0.482143,2700,2300,1.173913,289.285714,,,,,,,,,,,,,,,,,a1bee2f832bba4fbfbee499c6c89c2cf1a011d365a81efc1b5ef04b1ed6b0236,,,,,,,,,,,,,,,,,,,,,,,,,,,,,,,,,,,,,,,,,,,,,,,,,,,,,,,,,,,,,,,,,,,,,,,,,,,,,9,1,0.070000,0.121061
weekly,913 ITI-01,NBA,NBA,2025-2026,2025-03-18,2026-09-01,"{""date_from"":""2025-03-18"",""date_to"":""2026-09-01"",""game_data"":[""pbp""],""leagues"":[""NBA""],""market_data"":[""candles""],""markets"":[""kalshi""],""seasons"":[""2025-2026""],""sports"":[""NBA""]}",TRADABLE_YES_BID,1_MINUTE_CANDLE,available_at,FIRST_TOUCH,"{""id"":""entry_mtw2zh6b_f4q8g"",""op"":""FIRST_TOUCH"",""ordinal"":""FIRST_TOUCH"",""period"":""Q2"",""price_e4"":6800,""source_vocabulary"":""TOUCH""}",REACH,"{""id"":""exit_mty0bwbw_mvfqe"",""op"":""REACH"",""outcome"":""win"",""price_e4"":9500}",REACH,"{""id"":""exit_mtug1t99_aq1lv"",""op"":""REACH"",""outcome"":""loss"",""price_e4"":4500}",HOLD_TO_SETTLEMENT,c5430eb845ac4cefb3c281ac543b383aad9652b9d0817d0605ab42bca6970657,1.0.0,2026-09-13T06:28:48Z,1.0.0,1.0.0,1.0.0,2026-09-13T06:28:48Z,READY,224,116,108,0.517857,0.482143,2700,2300,1.173913,289.285714,,,,,,,,,,,,,,,,,a1bee2f832bba4fbfbee499c6c89c2cf1a011d365a81efc1b5ef04b1ed6b0236,,,,,,,,,,,,,,,,,,,,,,,,,,,,,,,,,,,,,,,,,,,,,,,,,,,,,,,,,,,,,,,,,,,,,,,,,,,,,10,0,0.100000,0.028248
row,913 ITI-01,NBA,NBA,2025-2026,2025-03-18,2026-09-01,"{""date_from"":""2025-03-18"",""date_to"":""2026-09-01"",""game_data"":[""pbp""],""leagues"":[""NBA""],""market_data"":[""candles""],""markets"":[""kalshi""],""seasons"":[""2025-2026""],""sports"":[""NBA""]}",TRADABLE_YES_BID,1_MINUTE_CANDLE,available_at,FIRST_TOUCH,"{""id"":""entry_mtw2zh6b_f4q8g"",""op"":""FIRST_TOUCH"",""ordinal"":""FIRST_TOUCH"",""period"":""Q2"",""price_e4"":6800,""source_vocabulary"":""TOUCH""}",REACH,"{""id"":""exit_mty0bwbw_mvfqe"",""op"":""REACH"",""outcome"":""win"",""price_e4"":9500}",REACH,"{""id"":""exit_mtug1t99_aq1lv"",""op"":""REACH"",""outcome"":""loss"",""price_e4"":4500}",HOLD_TO_SETTLEMENT,c5430eb845ac4cefb3c281ac543b383aad9652b9d0817d0605ab42bca6970657,1.0.0,2026-09-13T06:28:48Z,1.0.0,1.0.0,1.0.0,2026-09-13T06:28:48Z,READY,224,116,108,0.517857,0.482143,2700,2300,1.173913,289.285714,NBA_20251013_DAL_UTA,KXNBAGAME-25OCT13DALUTA-DAL,2025-10-14T02:03:00Z,7400,FIRST_TOUCH,Q2,PT04M11.00S,2025-10-14T02:57:00Z,9500,REACH,,,,WIN,YES,10000,a1bee2f832bba4fbfbee499c6c89c2cf1a011d365a81efc1b5ef04b1ed6b0236,,,,,,,,,,,,,,,,,,,,,,,,,,,,,,,,,,,,,,,,,,,,,,,,,,,,,,,,,,,,,,,,,,,,,,,,,,,,,,,,
row,913 ITI-01,NBA,NBA,2025-2026,2025-03-18,2026-09-01,"{""date_from"":""2025-03-18"",""date_to"":""2026-09-01"",""game_data"":[""pbp""],""leagues"":[""NBA""],""market_data"":[""candles""],""markets"":[""kalshi""],""seasons"":[""2025-2026""],""sports"":[""NBA""]}",TRADABLE_YES_BID,1_MINUTE_CANDLE,available_at,FIRST_TOUCH,"{""id"":""entry_mtw2zh6b_f4q8g"",""op"":""FIRST_TOUCH"",""ordinal"":""FIRST_TOUCH"",""period"":""Q2"",""price_e4"":6800,""source_vocabulary"":""TOUCH""}",REACH,"{""id"":""exit_mty0bwbw_mvfqe"",""op"":""REACH"",""outcome"":""win"",""price_e4"":9500}",REACH,"{""id"":""exit_mtug1t99_aq1lv"",""op"":""REACH"",""outcome"":""loss"",""price_e4"":4500}",HOLD_TO_SETTLEMENT,c5430eb845ac4cefb3c281ac543b383aad9652b9d0817d0605ab42bca6970657,1.0.0,2026-09-13T06:28:48Z,1.0.0,1.0.0,1.0.0,2026-09-13T06:28:48Z,READY,224,116,108,0.517857,0.482143,2700,2300,1.173913,289.285714,NBA_20251013_MIA_ATL,KXNBAGAME-25OCT13MIAATL-MIA,2025-10-13T22:45:00Z,6900,FIRST_TOUCH,Q2,PT06M30.00S,,,,2025-10-13T23:42:00Z,4500,REACH,LOSS,NO,0,a1bee2f832bba4fbfbee499c6c89c2cf1a011d365a81efc1b5ef04b1ed6b0236,,,,,,,,,,,,,,,,,,,,,,,,,,,,,,,,,,,,,,,,,,,,,,,,,,,,,,,,,,,,,,,,,,,,,,,,,,,,,,,,
row,913 ITI-01,NBA,NBA,2025-2026,2025-03-18,2026-09-01,"{""date_from"":""2025-03-18"",""date_to"":""2026-09-01"",""game_data"":[""pbp""],""leagues"":[""NBA""],""market_data"":[""candles""],""markets"":[""kalshi""],""seasons"":[""2025-2026""],""sports"":[""NBA""]}",TRADABLE_YES_BID,1_MINUTE_CANDLE,available_at,FIRST_TOUCH,"{""id"":""entry_mtw2zh6b_f4q8g"",""op"":""FIRST_TOUCH"",""ordinal"":""FIRST_TOUCH"",""period"":""Q2"",""price_e4"":6800,""source_vocabulary"":""TOUCH""}",REACH,"{""id"":""exit_mty0bwbw_mvfqe"",""op"":""REACH"",""outcome"":""win"",""price_e4"":9500}",REACH,"{""id"":""exit_mtug1t99_aq1lv"",""op"":""REACH"",""outcome"":""loss"",""price_e4"":4500}",HOLD_TO_SETTLEMENT,c5430eb845ac4cefb3c281ac543b383aad9652b9d0817d0605ab42bca6970657,1.0.0,2026-09-13T06:28:48Z,1.0.0,1.0.0,1.0.0,2026-09-13T06:28:48Z,READY,224,116,108,0.517857,0.482143,2700,2300,1.173913,289.285714,NBA_20251013_WAS_NYK,KXNBAGAME-25OCT13WASNYK-WAS,2025-10-14T00:29:00Z,7000,FIRST_TOUCH,Q2,PT04M17.00S,2025-10-14T00:58:00Z,9600,REACH,,,,WIN,YES,10000,a1bee2f832bba4fbfbee499c6c89c2cf1a011d365a81efc1b5ef04b1ed6b0236,,,,,,,,,,,,,,,,,,,,,,,,,,,,,,,,,,,,,,,,,,,,,,,,,,,,,,,,,,,,,,,,,,,,,,,,,,,,,,,,
row,913 ITI-01,NBA,NBA,2025-2026,2025-03-18,2026-09-01,"{""date_from"":""2025-03-18"",""date_to"":""2026-09-01"",""game_data"":[""pbp""],""leagues"":[""NBA""],""market_data"":[""candles""],""markets"":[""kalshi""],""seasons"":[""2025-2026""],""sports"":[""NBA""]}",TRADABLE_YES_BID,1_MINUTE_CANDLE,available_at,FIRST_TOUCH,"{""id"":""entry_mtw2zh6b_f4q8g"",""op"":""FIRST_TOUCH"",""ordinal"":""FIRST_TOUCH"",""period"":""Q2"",""price_e4"":6800,""source_vocabulary"":""TOUCH""}",REACH,"{""id"":""exit_mty0bwbw_mvfqe"",""op"":""REACH"",""outcome"":""win"",""price_e4"":9500}",REACH,"{""id"":""exit_mtug1t99_aq1lv"",""op"":""REACH"",""outcome"":""loss"",""price_e4"":4500}",HOLD_TO_SETTLEMENT,c5430eb845ac4cefb3c281ac543b383aad9652b9d0817d0605ab42bca6970657,1.0.0,2026-09-13T06:28:48Z,1.0.0,1.0.0,1.0.0,2026-09-13T06:28:48Z,READY,224,116,108,0.517857,0.482143,2700,2300,1.173913,289.285714,NBA_20251014_GSW_POR,KXNBAGAME-25OCT14GSWPOR-POR,2025-10-15T02:51:00Z,6800,FIRST_TOUCH,Q2,PT10M26.00S,,,,2025-10-15T03:22:00Z,4100,REACH,LOSS,NO,0,a1bee2f832bba4fbfbee499c6c89c2cf1a011d365a81efc1b5ef04b1ed6b0236,,,,,,,,,,,,,,,,,,,,,,,,,,,,,,,,,,,,,,,,,,,,,,,,,,,,,,,,,,,,,,,,,,,,,,,,,,,,,,,,
row,913 ITI-01,NBA,NBA,2025-2026,2025-03-18,2026-09-01,"{""date_from"":""2025-03-18"",""date_to"":""2026-09-01"",""game_data"":[""pbp""],""leagues"":[""NBA""],""market_data"":[""candles""],""markets"":[""kalshi""],""seasons"":[""2025-2026""],""sports"":[""NBA""]}",TRADABLE_YES_BID,1_MINUTE_CANDLE,available_at,FIRST_TOUCH,"{""id"":""entry_mtw2zh6b_f4q8g"",""op"":""FIRST_TOUCH"",""ordinal"":""FIRST_TOUCH"",""period"":""Q2"",""price_e4"":6800,""source_vocabulary"":""TOUCH""}",REACH,"{""id"":""exit_mty0bwbw_mvfqe"",""op"":""REACH"",""outcome"":""win"",""price_e4"":9500}",REACH,"{""id"":""exit_mtug1t99_aq1lv"",""op"":""REACH"",""outcome"":""loss"",""price_e4"":4500}",HOLD_TO_SETTLEMENT,c5430eb845ac4cefb3c281ac543b383aad9652b9d0817d0605ab42bca6970657,1.0.0,2026-09-13T06:28:48Z,1.0.0,1.0.0,1.0.0,2026-09-13T06:28:48Z,READY,224,116,108,0.517857,0.482143,2700,2300,1.173913,289.285714,NBA_20251015_DAL_LAL,KXNBAGAME-25OCT15DALLAL-LAL,2025-10-16T03:54:00Z,6800,FIRST_TOUCH,Q2,PT00M00.00S,,,,2025-10-16T04:15:00Z,4000,REACH,LOSS,NO,0,a1bee2f832bba4fbfbee499c6c89c2cf1a011d365a81efc1b5ef04b1ed6b0236,,,,,,,,,,,,,,,,,,,,,,,,,,,,,,,,,,,,,,,,,,,,,,,,,,,,,,,,,,,,,,,,,,,,,,,,,,,,,,,,
row,913 ITI-01,NBA,NBA,2025-2026,2025-03-18,2026-09-01,"{""date_from"":""2025-03-18"",""date_to"":""2026-09-01"",""game_data"":[""pbp""],""leagues"":[""NBA""],""market_data"":[""candles""],""markets"":[""kalshi""],""seasons"":[""2025-2026""],""sports"":[""NBA""]}",TRADABLE_YES_BID,1_MINUTE_CANDLE,available_at,FIRST_TOUCH,"{""id"":""entry_mtw2zh6b_f4q8g"",""op"":""FIRST_TOUCH"",""ordinal"":""FIRST_TOUCH"",""period"":""Q2"",""price_e4"":6800,""source_vocabulary"":""TOUCH""}",REACH,"{""id"":""exit_mty0bwbw_mvfqe"",""op"":""REACH"",""outcome"":""win"",""price_e4"":9500}",REACH,"{""id"":""exit_mtug1t99_aq1lv"",""op"":""REACH"",""outcome"":""loss"",""price_e4"":4500}",HOLD_TO_SETTLEMENT,c5430eb845ac4cefb3c281ac543b383aad9652b9d0817d0605ab42bca6970657,1.0.0,2026-09-13T06:28:48Z,1.0.0,1.0.0,1.0.0,2026-09-13T06:28:48Z,READY,224,116,108,0.517857,0.482143,2700,2300,1.173913,289.285714,NBA_20251016_POR_UTA,KXNBAGAME-25OCT16PORUTA-POR,2025-10-17T01:51:00Z,6800,FIRST_TOUCH,Q2,PT08M26.00S,,,,2025-10-17T02:30:00Z,4500,REACH,LOSS,NO,0,a1bee2f832bba4fbfbee499c6c89c2cf1a011d365a81efc1b5ef04b1ed6b0236,,,,,,,,,,,,,,,,,,,,,,,,,,,,,,,,,,,,,,,,,,,,,,,,,,,,,,,,,,,,,,,,,,,,,,,,,,,,,,,,
row,913 ITI-01,NBA,NBA,2025-2026,2025-03-18,2026-09-01,"{""date_from"":""2025-03-18"",""date_to"":""2026-09-01"",""game_data"":[""pbp""],""leagues"":[""NBA""],""market_data"":[""candles""],""markets"":[""kalshi""],""seasons"":[""2025-2026""],""sports"":[""NBA""]}",TRADABLE_YES_BID,1_MINUTE_CANDLE,available_at,FIRST_TOUCH,"{""id"":""entry_mtw2zh6b_f4q8g"",""op"":""FIRST_TOUCH"",""ordinal"":""FIRST_TOUCH"",""period"":""Q2"",""price_e4"":6800,""source_vocabulary"":""TOUCH""}",REACH,"{""id"":""exit_mty0bwbw_mvfqe"",""op"":""REACH"",""outcome"":""win"",""price_e4"":9500}",REACH,"{""id"":""exit_mtug1t99_aq1lv"",""op"":""REACH"",""outcome"":""loss"",""price_e4"":4500}",HOLD_TO_SETTLEMENT,c5430eb845ac4cefb3c281ac543b383aad9652b9d0817d0605ab42bca6970657,1.0.0,2026-09-13T06:28:48Z,1.0.0,1.0.0,1.0.0,2026-09-13T06:28:48Z,READY,224,116,108,0.517857,0.482143,2700,2300,1.173913,289.285714,NBA_20251017_LAC_GSW,KXNBAGAME-25OCT17LACGSW-LAC,2025-10-18T02:57:00Z,6900,FIRST_TOUCH,Q2,PT04M32.00S,,,,2025-10-18T03:59:00Z,3800,REACH,LOSS,YES,10000,a1bee2f832bba4fbfbee499c6c89c2cf1a011d365a81efc1b5ef04b1ed6b0236,,,,,,,,,,,,,,,,,,,,,,,,,,,,,,,,,,,,,,,,,,,,,,,,,,,,,,,,,,,,,,,,,,,,,,,,,,,,,,,,
row,913 ITI-01,NBA,NBA,2025-2026,2025-03-18,2026-09-01,"{""date_from"":""2025-03-18"",""date_to"":""2026-09-01"",""game_data"":[""pbp""],""leagues"":[""NBA""],""market_data"":[""candles""],""markets"":[""kalshi""],""seasons"":[""2025-2026""],""sports"":[""NBA""]}",TRADABLE_YES_BID,1_MINUTE_CANDLE,available_at,FIRST_TOUCH,"{""id"":""entry_mtw2zh6b_f4q8g"",""op"":""FIRST_TOUCH"",""ordinal"":""FIRST_TOUCH"",""period"":""Q2"",""price_e4"":6800,""source_vocabulary"":""TOUCH""}",REACH,"{""id"":""exit_mty0bwbw_mvfqe"",""op"":""REACH"",""outcome"":""win"",""price_e4"":9500}",REACH,"{""id"":""exit_mtug1t99_aq1lv"",""op"":""REACH"",""outcome"":""loss"",""price_e4"":4500}",HOLD_TO_SETTLEMENT,c5430eb845ac4cefb3c281ac543b383aad9652b9d0817d0605ab42bca6970657,1.0.0,2026-09-13T06:28:48Z,1.0.0,1.0.0,1.0.0,2026-09-13T06:28:48Z,READY,224,116,108,0.517857,0.482143,2700,2300,1.173913,289.285714,NBA_20251022_CLE_NYK,KXNBAGAME-25OCT22CLENYK-NYK,2025-10-22T23:48:00Z,6900,FIRST_TOUCH,Q2,PT10M43.00S,,,,2025-10-23T01:00:00Z,4100,REACH,LOSS,YES,10000,a1bee2f832bba4fbfbee499c6c89c2cf1a011d365a81efc1b5ef04b1ed6b0236,,,,,,,,,,,,,,,,,,,,,,,,,,,,,,,,,,,,,,,,,,,,,,,,,,,,,,,,,,,,,,,,,,,,,,,,,,,,,,,,
row,913 ITI-01,NBA,NBA,2025-2026,2025-03-18,2026-09-01,"{""date_from"":""2025-03-18"",""date_to"":""2026-09-01"",""game_data"":[""pbp""],""leagues"":[""NBA""],""market_data"":[""candles""],""markets"":[""kalshi""],""seasons"":[""2025-2026""],""sports"":[""NBA""]}",TRADABLE_YES_BID,1_MINUTE_CANDLE,available_at,FIRST_TOUCH,"{""id"":""entry_mtw2zh6b_f4q8g"",""op"":""FIRST_TOUCH"",""ordinal"":""FIRST_TOUCH"",""period"":""Q2"",""price_e4"":6800,""source_vocabulary"":""TOUCH""}",REACH,"{""id"":""exit_mty0bwbw_mvfqe"",""op"":""REACH"",""outcome"":""win"",""price_e4"":9500}",REACH,"{""id"":""exit_mtug1t99_aq1lv"",""op"":""REACH"",""outcome"":""loss"",""price_e4"":4500}",HOLD_TO_SETTLEMENT,c5430eb845ac4cefb3c281ac543b383aad9652b9d0817d0605ab42bca6970657,1.0.0,2026-09-13T06:28:48Z,1.0.0,1.0.0,1.0.0,2026-09-13T06:28:48Z,READY,224,116,108,0.517857,0.482143,2700,2300,1.173913,289.285714,NBA_20251022_NOP_MEM,KXNBAGAME-25OCT22NOPMEM-NOP,2025-10-23T01:19:00Z,7000,FIRST_TOUCH,Q2,PT00M00.00S,,,,2025-10-23T01:51:00Z,4300,REACH,LOSS,NO,0,a1bee2f832bba4fbfbee499c6c89c2cf1a011d365a81efc1b5ef04b1ed6b0236,,,,,,,,,,,,,,,,,,,,,,,,,,,,,,,,,,,,,,,,,,,,,,,,,,,,,,,,,,,,,,,,,,,,,,,,,,,,,,,,
row,913 ITI-01,NBA,NBA,2025-2026,2025-03-18,2026-09-01,"{""date_from"":""2025-03-18"",""date_to"":""2026-09-01"",""game_data"":[""pbp""],""leagues"":[""NBA""],""market_data"":[""candles""],""markets"":[""kalshi""],""seasons"":[""2025-2026""],""sports"":[""NBA""]}",TRADABLE_YES_BID,1_MINUTE_CANDLE,available_at,FIRST_TOUCH,"{""id"":""entry_mtw2zh6b_f4q8g"",""op"":""FIRST_TOUCH"",""ordinal"":""FIRST_TOUCH"",""period"":""Q2"",""price_e4"":6800,""source_vocabulary"":""TOUCH""}",REACH,"{""id"":""exit_mty0bwbw_mvfqe"",""op"":""REACH"",""outcome"":""win"",""price_e4"":9500}",REACH,"{""id"":""exit_mtug1t99_aq1lv"",""op"":""REACH"",""outcome"":""loss"",""price_e4"":4500}",HOLD_TO_SETTLEMENT,c5430eb845ac4cefb3c281ac543b383aad9652b9d0817d0605ab42bca6970657,1.0.0,2026-09-13T06:28:48Z,1.0.0,1.0.0,1.0.0,2026-09-13T06:28:48Z,READY,224,116,108,0.517857,0.482143,2700,2300,1.173913,289.285714,NBA_20251022_PHI_BOS,KXNBAGAME-25OCT22PHIBOS-BOS,2025-10-23T00:19:00Z,6900,FIRST_TOUCH,Q2,PT08M09.00S,,,,2025-10-23T00:31:00Z,4500,REACH,LOSS,NO,0,a1bee2f832bba4fbfbee499c6c89c2cf1a011d365a81efc1b5ef04b1ed6b0236,,,,,,,,,,,,,,,,,,,,,,,,,,,,,,,,,,,,,,,,,,,,,,,,,,,,,,,,,,,,,,,,,,,,,,,,,,,,,,,,
row,913 ITI-01,NBA,NBA,2025-2026,2025-03-18,2026-09-01,"{""date_from"":""2025-03-18"",""date_to"":""2026-09-01"",""game_data"":[""pbp""],""leagues"":[""NBA""],""market_data"":[""candles""],""markets"":[""kalshi""],""seasons"":[""2025-2026""],""sports"":[""NBA""]}",TRADABLE_YES_BID,1_MINUTE_CANDLE,available_at,FIRST_TOUCH,"{""id"":""entry_mtw2zh6b_f4q8g"",""op"":""FIRST_TOUCH"",""ordinal"":""FIRST_TOUCH"",""period"":""Q2"",""price_e4"":6800,""source_vocabulary"":""TOUCH""}",REACH,"{""id"":""exit_mty0bwbw_mvfqe"",""op"":""REACH"",""outcome"":""win"",""price_e4"":9500}",REACH,"{""id"":""exit_mtug1t99_aq1lv"",""op"":""REACH"",""outcome"":""loss"",""price_e4"":4500}",HOLD_TO_SETTLEMENT,c5430eb845ac4cefb3c281ac543b383aad9652b9d0817d0605ab42bca6970657,1.0.0,2026-09-13T06:28:48Z,1.0.0,1.0.0,1.0.0,2026-09-13T06:28:48Z,READY,224,116,108,0.517857,0.482143,2700,2300,1.173913,289.285714,NBA_20251022_SAC_PHX,KXNBAGAME-25OCT22SACPHX-SAC,2025-10-23T02:44:00Z,7100,FIRST_TOUCH,Q2,PT10M52.00S,,,,2025-10-23T03:56:00Z,4500,REACH,LOSS,NO,0,a1bee2f832bba4fbfbee499c6c89c2cf1a011d365a81efc1b5ef04b1ed6b0236,,,,,,,,,,,,,,,,,,,,,,,,,,,,,,,,,,,,,,,,,,,,,,,,,,,,,,,,,,,,,,,,,,,,,,,,,,,,,,,,
row,913 ITI-01,NBA,NBA,2025-2026,2025-03-18,2026-09-01,"{""date_from"":""2025-03-18"",""date_to"":""2026-09-01"",""game_data"":[""pbp""],""leagues"":[""NBA""],""market_data"":[""candles""],""markets"":[""kalshi""],""seasons"":[""2025-2026""],""sports"":[""NBA""]}",TRADABLE_YES_BID,1_MINUTE_CANDLE,available_at,FIRST_TOUCH,"{""id"":""entry_mtw2zh6b_f4q8g"",""op"":""FIRST_TOUCH"",""ordinal"":""FIRST_TOUCH"",""period"":""Q2"",""price_e4"":6800,""source_vocabulary"":""TOUCH""}",REACH,"{""id"":""exit_mty0bwbw_mvfqe"",""op"":""REACH"",""outcome"":""win"",""price_e4"":9500}",REACH,"{""id"":""exit_mtug1t99_aq1lv"",""op"":""REACH"",""outcome"":""loss"",""price_e4"":4500}",HOLD_TO_SETTLEMENT,c5430eb845ac4cefb3c281ac543b383aad9652b9d0817d0605ab42bca6970657,1.0.0,2026-09-13T06:28:48Z,1.0.0,1.0.0,1.0.0,2026-09-13T06:28:48Z,READY,224,116,108,0.517857,0.482143,2700,2300,1.173913,289.285714,NBA_20251022_SAS_DAL,KXNBAGAME-25OCT22SASDAL-SAS,2025-10-23T03:09:00Z,6800,FIRST_TOUCH,Q2,PT00M00.00S,2025-10-23T03:32:00Z,9500,REACH,,,,WIN,YES,10000,a1bee2f832bba4fbfbee499c6c89c2cf1a011d365a81efc1b5ef04b1ed6b0236,,,,,,,,,,,,,,,,,,,,,,,,,,,,,,,,,,,,,,,,,,,,,,,,,,,,,,,,,,,,,,,,,,,,,,,,,,,,,,,,
row,913 ITI-01,NBA,NBA,2025-2026,2025-03-18,2026-09-01,"{""date_from"":""2025-03-18"",""date_to"":""2026-09-01"",""game_data"":[""pbp""],""leagues"":[""NBA""],""market_data"":[""candles""],""markets"":[""kalshi""],""seasons"":[""2025-2026""],""sports"":[""NBA""]}",TRADABLE_YES_BID,1_MINUTE_CANDLE,available_at,FIRST_TOUCH,"{""id"":""entry_mtw2zh6b_f4q8g"",""op"":""FIRST_TOUCH"",""ordinal"":""FIRST_TOUCH"",""period"":""Q2"",""price_e4"":6800,""source_vocabulary"":""TOUCH""}",REACH,"{""id"":""exit_mty0bwbw_mvfqe"",""op"":""REACH"",""outcome"":""win"",""price_e4"":9500}",REACH,"{""id"":""exit_mtug1t99_aq1lv"",""op"":""REACH"",""outcome"":""loss"",""price_e4"":4500}",HOLD_TO_SETTLEMENT,c5430eb845ac4cefb3c281ac543b383aad9652b9d0817d0605ab42bca6970657,1.0.0,2026-09-13T06:28:48Z,1.0.0,1.0.0,1.0.0,2026-09-13T06:28:48Z,READY,224,116,108,0.517857,0.482143,2700,2300,1.173913,289.285714,NBA_20251023_DEN_GSW,KXNBAGAME-25OCT23DENGSW-DEN,2025-10-24T03:03:00Z,6800,FIRST_TOUCH,Q2,PT04M14.00S,,,,2025-10-24T03:51:00Z,3900,REACH,LOSS,NO,0,a1bee2f832bba4fbfbee499c6c89c2cf1a011d365a81efc1b5ef04b1ed6b0236,,,,,,,,,,,,,,,,,,,,,,,,,,,,,,,,,,,,,,,,,,,,,,,,,,,,,,,,,,,,,,,,,,,,,,,,,,,,,,,,
row,913 ITI-01,NBA,NBA,2025-2026,2025-03-18,2026-09-01,"{""date_from"":""2025-03-18"",""date_to"":""2026-09-01"",""game_data"":[""pbp""],""leagues"":[""NBA""],""market_data"":[""candles""],""markets"":[""kalshi""],""seasons"":[""2025-2026""],""sports"":[""NBA""]}",TRADABLE_YES_BID,1_MINUTE_CANDLE,available_at,FIRST_TOUCH,"{""id"":""entry_mtw2zh6b_f4q8g"",""op"":""FIRST_TOUCH"",""ordinal"":""FIRST_TOUCH"",""period"":""Q2"",""price_e4"":6800,""source_vocabulary"":""TOUCH""}",REACH,"{""id"":""exit_mty0bwbw_mvfqe"",""op"":""REACH"",""outcome"":""win"",""price_e4"":9500}",REACH,"{""id"":""exit_mtug1t99_aq1lv"",""op"":""REACH"",""outcome"":""loss"",""price_e4"":4500}",HOLD_TO_SETTLEMENT,c5430eb845ac4cefb3c281ac543b383aad9652b9d0817d0605ab42bca6970657,1.0.0,2026-09-13T06:28:48Z,1.0.0,1.0.0,1.0.0,2026-09-13T06:28:48Z,READY,224,116,108,0.517857,0.482143,2700,2300,1.173913,289.285714,NBA_20251024_GSW_POR,KXNBAGAME-25OCT24GSWPOR-POR,2025-10-25T03:12:00Z,6800,FIRST_TOUCH,Q2,PT00M00.00S,2025-10-25T04:07:00Z,9500,REACH,,,,WIN,YES,10000,a1bee2f832bba4fbfbee499c6c89c2cf1a011d365a81efc1b5ef04b1ed6b0236,,,,,,,,,,,,,,,,,,,,,,,,,,,,,,,,,,,,,,,,,,,,,,,,,,,,,,,,,,,,,,,,,,,,,,,,,,,,,,,,
row,913 ITI-01,NBA,NBA,2025-2026,2025-03-18,2026-09-01,"{""date_from"":""2025-03-18"",""date_to"":""2026-09-01"",""game_data"":[""pbp""],""leagues"":[""NBA""],""market_data"":[""candles""],""markets"":[""kalshi""],""seasons"":[""2025-2026""],""sports"":[""NBA""]}",TRADABLE_YES_BID,1_MINUTE_CANDLE,available_at,FIRST_TOUCH,"{""id"":""entry_mtw2zh6b_f4q8g"",""op"":""FIRST_TOUCH"",""ordinal"":""FIRST_TOUCH"",""period"":""Q2"",""price_e4"":6800,""source_vocabulary"":""TOUCH""}",REACH,"{""id"":""exit_mty0bwbw_mvfqe"",""op"":""REACH"",""outcome"":""win"",""price_e4"":9500}",REACH,"{""id"":""exit_mtug1t99_aq1lv"",""op"":""REACH"",""outcome"":""loss"",""price_e4"":4500}",HOLD_TO_SETTLEMENT,c5430eb845ac4cefb3c281ac543b383aad9652b9d0817d0605ab42bca6970657,1.0.0,2026-09-13T06:28:48Z,1.0.0,1.0.0,1.0.0,2026-09-13T06:28:48Z,READY,224,116,108,0.517857,0.482143,2700,2300,1.173913,289.285714,NBA_20251025_IND_MEM,KXNBAGAME-25OCT25INDMEM-MEM,2025-10-26T00:48:00Z,6800,FIRST_TOUCH,Q2,PT07M40.00S,2025-10-26T01:55:00Z,9500,REACH,,,,WIN,YES,10000,a1bee2f832bba4fbfbee499c6c89c2cf1a011d365a81efc1b5ef04b1ed6b0236,,,,,,,,,,,,,,,,,,,,,,,,,,,,,,,,,,,,,,,,,,,,,,,,,,,,,,,,,,,,,,,,,,,,,,,,,,,,,,,,
row,913 ITI-01,NBA,NBA,2025-2026,2025-03-18,2026-09-01,"{""date_from"":""2025-03-18"",""date_to"":""2026-09-01"",""game_data"":[""pbp""],""leagues"":[""NBA""],""market_data"":[""candles""],""markets"":[""kalshi""],""seasons"":[""2025-2026""],""sports"":[""NBA""]}",TRADABLE_YES_BID,1_MINUTE_CANDLE,available_at,FIRST_TOUCH,"{""id"":""entry_mtw2zh6b_f4q8g"",""op"":""FIRST_TOUCH"",""ordinal"":""FIRST_TOUCH"",""period"":""Q2"",""price_e4"":6800,""source_vocabulary"":""TOUCH""}",REACH,"{""id"":""exit_mty0bwbw_mvfqe"",""op"":""REACH"",""outcome"":""win"",""price_e4"":9500}",REACH,"{""id"":""exit_mtug1t99_aq1lv"",""op"":""REACH"",""outcome"":""loss"",""price_e4"":4500}",HOLD_TO_SETTLEMENT,c5430eb845ac4cefb3c281ac543b383aad9652b9d0817d0605ab42bca6970657,1.0.0,2026-09-13T06:28:48Z,1.0.0,1.0.0,1.0.0,2026-09-13T06:28:48Z,READY,224,116,108,0.517857,0.482143,2700,2300,1.173913,289.285714,NBA_20251026_CHA_WAS,KXNBAGAME-25OCT26CHAWAS-WAS,2025-10-26T23:19:00Z,6800,FIRST_TOUCH,Q2,PT00M02.40S,,,,2025-10-26T23:58:00Z,4200,REACH,LOSS,NO,0,a1bee2f832bba4fbfbee499c6c89c2cf1a011d365a81efc1b5ef04b1ed6b0236,,,,,,,,,,,,,,,,,,,,,,,,,,,,,,,,,,,,,,,,,,,,,,,,,,,,,,,,,,,,,,,,,,,,,,,,,,,,,,,,
row,913 ITI-01,NBA,NBA,2025-2026,2025-03-18,2026-09-01,"{""date_from"":""2025-03-18"",""date_to"":""2026-09-01"",""game_data"":[""pbp""],""leagues"":[""NBA""],""market_data"":[""candles""],""markets"":[""kalshi""],""seasons"":[""2025-2026""],""sports"":[""NBA""]}",TRADABLE_YES_BID,1_MINUTE_CANDLE,available_at,FIRST_TOUCH,"{""id"":""entry_mtw2zh6b_f4q8g"",""op"":""FIRST_TOUCH"",""ordinal"":""FIRST_TOUCH"",""period"":""Q2"",""price_e4"":6800,""source_vocabulary"":""TOUCH""}",REACH,"{""id"":""exit_mty0bwbw_mvfqe"",""op"":""REACH"",""outcome"":""win"",""price_e4"":9500}",REACH,"{""id"":""exit_mtug1t99_aq1lv"",""op"":""REACH"",""outcome"":""loss"",""price_e4"":4500}",HOLD_TO_SETTLEMENT,c5430eb845ac4cefb3c281ac543b383aad9652b9d0817d0605ab42bca6970657,1.0.0,2026-09-13T06:28:48Z,1.0.0,1.0.0,1.0.0,2026-09-13T06:28:48Z,READY,224,116,108,0.517857,0.482143,2700,2300,1.173913,289.285714,NBA_20251026_LAL_SAC,KXNBAGAME-25OCT26LALSAC-SAC,2025-10-27T02:02:00Z,6800,FIRST_TOUCH,Q2,PT03M18.00S,,,,2025-10-27T02:56:00Z,4500,REACH,LOSS,NO,0,a1bee2f832bba4fbfbee499c6c89c2cf1a011d365a81efc1b5ef04b1ed6b0236,,,,,,,,,,,,,,,,,,,,,,,,,,,,,,,,,,,,,,,,,,,,,,,,,,,,,,,,,,,,,,,,,,,,,,,,,,,,,,,,
row,913 ITI-01,NBA,NBA,2025-2026,2025-03-18,2026-09-01,"{""date_from"":""2025-03-18"",""date_to"":""2026-09-01"",""game_data"":[""pbp""],""leagues"":[""NBA""],""market_data"":[""candles""],""markets"":[""kalshi""],""seasons"":[""2025-2026""],""sports"":[""NBA""]}",TRADABLE_YES_BID,1_MINUTE_CANDLE,available_at,FIRST_TOUCH,"{""id"":""entry_mtw2zh6b_f4q8g"",""op"":""FIRST_TOUCH"",""ordinal"":""FIRST_TOUCH"",""period"":""Q2"",""price_e4"":6800,""source_vocabulary"":""TOUCH""}",REACH,"{""id"":""exit_mty0bwbw_mvfqe"",""op"":""REACH"",""outcome"":""win"",""price_e4"":9500}",REACH,"{""id"":""exit_mtug1t99_aq1lv"",""op"":""REACH"",""outcome"":""loss"",""price_e4"":4500}",HOLD_TO_SETTLEMENT,c5430eb845ac4cefb3c281ac543b383aad9652b9d0817d0605ab42bca6970657,1.0.0,2026-09-13T06:28:48Z,1.0.0,1.0.0,1.0.0,2026-09-13T06:28:48Z,READY,224,116,108,0.517857,0.482143,2700,2300,1.173913,289.285714,NBA_20251027_ORL_PHI,KXNBAGAME-25OCT27ORLPHI-PHI,2025-10-28T00:13:00Z,6900,FIRST_TOUCH,Q2,PT01M29.00S,2025-10-28T01:33:00Z,9900,REACH,,,,WIN,YES,10000,a1bee2f832bba4fbfbee499c6c89c2cf1a011d365a81efc1b5ef04b1ed6b0236,,,,,,,,,,,,,,,,,,,,,,,,,,,,,,,,,,,,,,,,,,,,,,,,,,,,,,,,,,,,,,,,,,,,,,,,,,,,,,,,
row,913 ITI-01,NBA,NBA,2025-2026,2025-03-18,2026-09-01,"{""date_from"":""2025-03-18"",""date_to"":""2026-09-01"",""game_data"":[""pbp""],""leagues"":[""NBA""],""market_data"":[""candles""],""markets"":[""kalshi""],""seasons"":[""2025-2026""],""sports"":[""NBA""]}",TRADABLE_YES_BID,1_MINUTE_CANDLE,available_at,FIRST_TOUCH,"{""id"":""entry_mtw2zh6b_f4q8g"",""op"":""FIRST_TOUCH"",""ordinal"":""FIRST_TOUCH"",""period"":""Q2"",""price_e4"":6800,""source_vocabulary"":""TOUCH""}",REACH,"{""id"":""exit_mty0bwbw_mvfqe"",""op"":""REACH"",""outcome"":""win"",""price_e4"":9500}",REACH,"{""id"":""exit_mtug1t99_aq1lv"",""op"":""REACH"",""outcome"":""loss"",""price_e4"":4500}",HOLD_TO_SETTLEMENT,c5430eb845ac4cefb3c281ac543b383aad9652b9d0817d0605ab42bca6970657,1.0.0,2026-09-13T06:28:48Z,1.0.0,1.0.0,1.0.0,2026-09-13T06:28:48Z,READY,224,116,108,0.517857,0.482143,2700,2300,1.173913,289.285714,NBA_20251027_POR_LAL,KXNBAGAME-25OCT27PORLAL-POR,2025-10-28T03:15:00Z,6800,FIRST_TOUCH,Q2,PT10M45.00S,2025-10-28T04:30:00Z,9500,REACH,,,,WIN,YES,10000,a1bee2f832bba4fbfbee499c6c89c2cf1a011d365a81efc1b5ef04b1ed6b0236,,,,,,,,,,,,,,,,,,,,,,,,,,,,,,,,,,,,,,,,,,,,,,,,,,,,,,,,,,,,,,,,,,,,,,,,,,,,,,,,
row,913 ITI-01,NBA,NBA,2025-2026,2025-03-18,2026-09-01,"{""date_from"":""2025-03-18"",""date_to"":""2026-09-01"",""game_data"":[""pbp""],""leagues"":[""NBA""],""market_data"":[""candles""],""markets"":[""kalshi""],""seasons"":[""2025-2026""],""sports"":[""NBA""]}",TRADABLE_YES_BID,1_MINUTE_CANDLE,available_at,FIRST_TOUCH,"{""id"":""entry_mtw2zh6b_f4q8g"",""op"":""FIRST_TOUCH"",""ordinal"":""FIRST_TOUCH"",""period"":""Q2"",""price_e4"":6800,""source_vocabulary"":""TOUCH""}",REACH,"{""id"":""exit_mty0bwbw_mvfqe"",""op"":""REACH"",""outcome"":""win"",""price_e4"":9500}",REACH,"{""id"":""exit_mtug1t99_aq1lv"",""op"":""REACH"",""outcome"":""loss"",""price_e4"":4500}",HOLD_TO_SETTLEMENT,c5430eb845ac4cefb3c281ac543b383aad9652b9d0817d0605ab42bca6970657,1.0.0,2026-09-13T06:28:48Z,1.0.0,1.0.0,1.0.0,2026-09-13T06:28:48Z,READY,224,116,108,0.517857,0.482143,2700,2300,1.173913,289.285714,NBA_20251028_NYK_MIL,KXNBAGAME-25OCT28NYKMIL-NYK,2025-10-29T01:04:00Z,7600,FIRST_TOUCH,Q2,PT05M03.00S,,,,2025-10-29T01:57:00Z,3500,REACH,LOSS,NO,0,a1bee2f832bba4fbfbee499c6c89c2cf1a011d365a81efc1b5ef04b1ed6b0236,,,,,,,,,,,,,,,,,,,,,,,,,,,,,,,,,,,,,,,,,,,,,,,,,,,,,,,,,,,,,,,,,,,,,,,,,,,,,,,,
row,913 ITI-01,NBA,NBA,2025-2026,2025-03-18,2026-09-01,"{""date_from"":""2025-03-18"",""date_to"":""2026-09-01"",""game_data"":[""pbp""],""leagues"":[""NBA""],""market_data"":[""candles""],""markets"":[""kalshi""],""seasons"":[""2025-2026""],""sports"":[""NBA""]}",TRADABLE_YES_BID,1_MINUTE_CANDLE,available_at,FIRST_TOUCH,"{""id"":""entry_mtw2zh6b_f4q8g"",""op"":""FIRST_TOUCH"",""ordinal"":""FIRST_TOUCH"",""period"":""Q2"",""price_e4"":6800,""source_vocabulary"":""TOUCH""}",REACH,"{""id"":""exit_mty0bwbw_mvfqe"",""op"":""REACH"",""outcome"":""win"",""price_e4"":9500}",REACH,"{""id"":""exit_mtug1t99_aq1lv"",""op"":""REACH"",""outcome"":""loss"",""price_e4"":4500}",HOLD_TO_SETTLEMENT,c5430eb845ac4cefb3c281ac543b383aad9652b9d0817d0605ab42bca6970657,1.0.0,2026-09-13T06:28:48Z,1.0.0,1.0.0,1.0.0,2026-09-13T06:28:48Z,READY,224,116,108,0.517857,0.482143,2700,2300,1.173913,289.285714,NBA_20251029_CLE_BOS,KXNBAGAME-25OCT29CLEBOS-BOS,2025-10-30T00:09:00Z,7000,FIRST_TOUCH,Q2,PT00M16.90S,2025-10-30T01:23:00Z,9800,REACH,,,,WIN,YES,10000,a1bee2f832bba4fbfbee499c6c89c2cf1a011d365a81efc1b5ef04b1ed6b0236,,,,,,,,,,,,,,,,,,,,,,,,,,,,,,,,,,,,,,,,,,,,,,,,,,,,,,,,,,,,,,,,,,,,,,,,,,,,,,,,
row,913 ITI-01,NBA,NBA,2025-2026,2025-03-18,2026-09-01,"{""date_from"":""2025-03-18"",""date_to"":""2026-09-01"",""game_data"":[""pbp""],""leagues"":[""NBA""],""market_data"":[""candles""],""markets"":[""kalshi""],""seasons"":[""2025-2026""],""sports"":[""NBA""]}",TRADABLE_YES_BID,1_MINUTE_CANDLE,available_at,FIRST_TOUCH,"{""id"":""entry_mtw2zh6b_f4q8g"",""op"":""FIRST_TOUCH"",""ordinal"":""FIRST_TOUCH"",""period"":""Q2"",""price_e4"":6800,""source_vocabulary"":""TOUCH""}",REACH,"{""id"":""exit_mty0bwbw_mvfqe"",""op"":""REACH"",""outcome"":""win"",""price_e4"":9500}",REACH,"{""id"":""exit_mtug1t99_aq1lv"",""op"":""REACH"",""outcome"":""loss"",""price_e4"":4500}",HOLD_TO_SETTLEMENT,c5430eb845ac4cefb3c281ac543b383aad9652b9d0817d0605ab42bca6970657,1.0.0,2026-09-13T06:28:48Z,1.0.0,1.0.0,1.0.0,2026-09-13T06:28:48Z,READY,224,116,108,0.517857,0.482143,2700,2300,1.173913,289.285714,NBA_20251029_ORL_DET,KXNBAGAME-25OCT29ORLDET-ORL,2025-10-29T23:46:00Z,6800,FIRST_TOUCH,Q2,PT10M20.00S,,,,2025-10-30T00:41:00Z,4000,REACH,LOSS,NO,0,a1bee2f832bba4fbfbee499c6c89c2cf1a011d365a81efc1b5ef04b1ed6b0236,,,,,,,,,,,,,,,,,,,,,,,,,,,,,,,,,,,,,,,,,,,,,,,,,,,,,,,,,,,,,,,,,,,,,,,,,,,,,,,,
row,913 ITI-01,NBA,NBA,2025-2026,2025-03-18,2026-09-01,"{""date_from"":""2025-03-18"",""date_to"":""2026-09-01"",""game_data"":[""pbp""],""leagues"":[""NBA""],""market_data"":[""candles""],""markets"":[""kalshi""],""seasons"":[""2025-2026""],""sports"":[""NBA""]}",TRADABLE_YES_BID,1_MINUTE_CANDLE,available_at,FIRST_TOUCH,"{""id"":""entry_mtw2zh6b_f4q8g"",""op"":""FIRST_TOUCH"",""ordinal"":""FIRST_TOUCH"",""period"":""Q2"",""price_e4"":6800,""source_vocabulary"":""TOUCH""}",REACH,"{""id"":""exit_mty0bwbw_mvfqe"",""op"":""REACH"",""outcome"":""win"",""price_e4"":9500}",REACH,"{""id"":""exit_mtug1t99_aq1lv"",""op"":""REACH"",""outcome"":""loss"",""price_e4"":4500}",HOLD_TO_SETTLEMENT,c5430eb845ac4cefb3c281ac543b383aad9652b9d0817d0605ab42bca6970657,1.0.0,2026-09-13T06:28:48Z,1.0.0,1.0.0,1.0.0,2026-09-13T06:28:48Z,READY,224,116,108,0.517857,0.482143,2700,2300,1.173913,289.285714,NBA_20251029_POR_UTA,KXNBAGAME-25OCT29PORUTA-POR,2025-10-30T02:17:00Z,7000,FIRST_TOUCH,Q2,PT00M00.00S,2025-10-30T02:49:00Z,9500,REACH,,,,WIN,YES,10000,a1bee2f832bba4fbfbee499c6c89c2cf1a011d365a81efc1b5ef04b1ed6b0236,,,,,,,,,,,,,,,,,,,,,,,,,,,,,,,,,,,,,,,,,,,,,,,,,,,,,,,,,,,,,,,,,,,,,,,,,,,,,,,,
row,913 ITI-01,NBA,NBA,2025-2026,2025-03-18,2026-09-01,"{""date_from"":""2025-03-18"",""date_to"":""2026-09-01"",""game_data"":[""pbp""],""leagues"":[""NBA""],""market_data"":[""candles""],""markets"":[""kalshi""],""seasons"":[""2025-2026""],""sports"":[""NBA""]}",TRADABLE_YES_BID,1_MINUTE_CANDLE,available_at,FIRST_TOUCH,"{""id"":""entry_mtw2zh6b_f4q8g"",""op"":""FIRST_TOUCH"",""ordinal"":""FIRST_TOUCH"",""period"":""Q2"",""price_e4"":6800,""source_vocabulary"":""TOUCH""}",REACH,"{""id"":""exit_mty0bwbw_mvfqe"",""op"":""REACH"",""outcome"":""win"",""price_e4"":9500}",REACH,"{""id"":""exit_mtug1t99_aq1lv"",""op"":""REACH"",""outcome"":""loss"",""price_e4"":4500}",HOLD_TO_SETTLEMENT,c5430eb845ac4cefb3c281ac543b383aad9652b9d0817d0605ab42bca6970657,1.0.0,2026-09-13T06:28:48Z,1.0.0,1.0.0,1.0.0,2026-09-13T06:28:48Z,READY,224,116,108,0.517857,0.482143,2700,2300,1.173913,289.285714,NBA_20251031_LAL_MEM,KXNBAGAME-25OCT31LALMEM-LAL,2025-11-01T02:26:00Z,6800,FIRST_TOUCH,Q2,PT07M13.00S,,,,2025-11-01T02:35:00Z,4000,REACH,LOSS,YES,10000,a1bee2f832bba4fbfbee499c6c89c2cf1a011d365a81efc1b5ef04b1ed6b0236,,,,,,,,,,,,,,,,,,,,,,,,,,,,,,,,,,,,,,,,,,,,,,,,,,,,,,,,,,,,,,,,,,,,,,,,,,,,,,,,
row,913 ITI-01,NBA,NBA,2025-2026,2025-03-18,2026-09-01,"{""date_from"":""2025-03-18"",""date_to"":""2026-09-01"",""game_data"":[""pbp""],""leagues"":[""NBA""],""market_data"":[""candles""],""markets"":[""kalshi""],""seasons"":[""2025-2026""],""sports"":[""NBA""]}",TRADABLE_YES_BID,1_MINUTE_CANDLE,available_at,FIRST_TOUCH,"{""id"":""entry_mtw2zh6b_f4q8g"",""op"":""FIRST_TOUCH"",""ordinal"":""FIRST_TOUCH"",""period"":""Q2"",""price_e4"":6800,""source_vocabulary"":""TOUCH""}",REACH,"{""id"":""exit_mty0bwbw_mvfqe"",""op"":""REACH"",""outcome"":""win"",""price_e4"":9500}",REACH,"{""id"":""exit_mtug1t99_aq1lv"",""op"":""REACH"",""outcome"":""loss"",""price_e4"":4500}",HOLD_TO_SETTLEMENT,c5430eb845ac4cefb3c281ac543b383aad9652b9d0817d0605ab42bca6970657,1.0.0,2026-09-13T06:28:48Z,1.0.0,1.0.0,1.0.0,2026-09-13T06:28:48Z,READY,224,116,108,0.517857,0.482143,2700,2300,1.173913,289.285714,NBA_20251031_LAL_MEM,KXNBAGAME-25OCT31LALMEM-MEM,2025-11-01T02:39:00Z,7500,FIRST_TOUCH,Q2,PT01M55.00S,,,,2025-11-01T03:14:00Z,4500,REACH,LOSS,NO,0,a1bee2f832bba4fbfbee499c6c89c2cf1a011d365a81efc1b5ef04b1ed6b0236,,,,,,,,,,,,,,,,,,,,,,,,,,,,,,,,,,,,,,,,,,,,,,,,,,,,,,,,,,,,,,,,,,,,,,,,,,,,,,,,
row,913 ITI-01,NBA,NBA,2025-2026,2025-03-18,2026-09-01,"{""date_from"":""2025-03-18"",""date_to"":""2026-09-01"",""game_data"":[""pbp""],""leagues"":[""NBA""],""market_data"":[""candles""],""markets"":[""kalshi""],""seasons"":[""2025-2026""],""sports"":[""NBA""]}",TRADABLE_YES_BID,1_MINUTE_CANDLE,available_at,FIRST_TOUCH,"{""id"":""entry_mtw2zh6b_f4q8g"",""op"":""FIRST_TOUCH"",""ordinal"":""FIRST_TOUCH"",""period"":""Q2"",""price_e4"":6800,""source_vocabulary"":""TOUCH""}",REACH,"{""id"":""exit_mty0bwbw_mvfqe"",""op"":""REACH"",""outcome"":""win"",""price_e4"":9500}",REACH,"{""id"":""exit_mtug1t99_aq1lv"",""op"":""REACH"",""outcome"":""loss"",""price_e4"":4500}",HOLD_TO_SETTLEMENT,c5430eb845ac4cefb3c281ac543b383aad9652b9d0817d0605ab42bca6970657,1.0.0,2026-09-13T06:28:48Z,1.0.0,1.0.0,1.0.0,2026-09-13T06:28:48Z,READY,224,116,108,0.517857,0.482143,2700,2300,1.173913,289.285714,NBA_20251031_NYK_CHI,KXNBAGAME-25OCT31NYKCHI-CHI,2025-11-01T00:57:00Z,6800,FIRST_TOUCH,Q2,PT04M36.00S,,,,2025-11-01T02:21:00Z,3600,REACH,LOSS,YES,10000,a1bee2f832bba4fbfbee499c6c89c2cf1a011d365a81efc1b5ef04b1ed6b0236,,,,,,,,,,,,,,,,,,,,,,,,,,,,,,,,,,,,,,,,,,,,,,,,,,,,,,,,,,,,,,,,,,,,,,,,,,,,,,,,
row,913 ITI-01,NBA,NBA,2025-2026,2025-03-18,2026-09-01,"{""date_from"":""2025-03-18"",""date_to"":""2026-09-01"",""game_data"":[""pbp""],""leagues"":[""NBA""],""market_data"":[""candles""],""markets"":[""kalshi""],""seasons"":[""2025-2026""],""sports"":[""NBA""]}",TRADABLE_YES_BID,1_MINUTE_CANDLE,available_at,FIRST_TOUCH,"{""id"":""entry_mtw2zh6b_f4q8g"",""op"":""FIRST_TOUCH"",""ordinal"":""FIRST_TOUCH"",""period"":""Q2"",""price_e4"":6800,""source_vocabulary"":""TOUCH""}",REACH,"{""id"":""exit_mty0bwbw_mvfqe"",""op"":""REACH"",""outcome"":""win"",""price_e4"":9500}",REACH,"{""id"":""exit_mtug1t99_aq1lv"",""op"":""REACH"",""outcome"":""loss"",""price_e4"":4500}",HOLD_TO_SETTLEMENT,c5430eb845ac4cefb3c281ac543b383aad9652b9d0817d0605ab42bca6970657,1.0.0,2026-09-13T06:28:48Z,1.0.0,1.0.0,1.0.0,2026-09-13T06:28:48Z,READY,224,116,108,0.517857,0.482143,2700,2300,1.173913,289.285714,NBA_20251102_SAS_PHX,KXNBAGAME-25NOV02SASPHX-PHX,2025-11-03T01:57:00Z,6900,FIRST_TOUCH,Q2,PT02M41.00S,2025-11-03T02:42:00Z,9500,REACH,,,,WIN,YES,10000,a1bee2f832bba4fbfbee499c6c89c2cf1a011d365a81efc1b5ef04b1ed6b0236,,,,,,,,,,,,,,,,,,,,,,,,,,,,,,,,,,,,,,,,,,,,,,,,,,,,,,,,,,,,,,,,,,,,,,,,,,,,,,,,
row,913 ITI-01,NBA,NBA,2025-2026,2025-03-18,2026-09-01,"{""date_from"":""2025-03-18"",""date_to"":""2026-09-01"",""game_data"":[""pbp""],""leagues"":[""NBA""],""market_data"":[""candles""],""markets"":[""kalshi""],""seasons"":[""2025-2026""],""sports"":[""NBA""]}",TRADABLE_YES_BID,1_MINUTE_CANDLE,available_at,FIRST_TOUCH,"{""id"":""entry_mtw2zh6b_f4q8g"",""op"":""FIRST_TOUCH"",""ordinal"":""FIRST_TOUCH"",""period"":""Q2"",""price_e4"":6800,""source_vocabulary"":""TOUCH""}",REACH,"{""id"":""exit_mty0bwbw_mvfqe"",""op"":""REACH"",""outcome"":""win"",""price_e4"":9500}",REACH,"{""id"":""exit_mtug1t99_aq1lv"",""op"":""REACH"",""outcome"":""loss"",""price_e4"":4500}",HOLD_TO_SETTLEMENT,c5430eb845ac4cefb3c281ac543b383aad9652b9d0817d0605ab42bca6970657,1.0.0,2026-09-13T06:28:48Z,1.0.0,1.0.0,1.0.0,2026-09-13T06:28:48Z,READY,224,116,108,0.517857,0.482143,2700,2300,1.173913,289.285714,NBA_20251104_CHA_NOP,KXNBAGAME-25NOV04CHANOP-NOP,2025-11-05T01:50:00Z,6900,FIRST_TOUCH,Q2,PT07M34.00S,,,,2025-11-05T02:31:00Z,4300,REACH,LOSS,YES,10000,a1bee2f832bba4fbfbee499c6c89c2cf1a011d365a81efc1b5ef04b1ed6b0236,,,,,,,,,,,,,,,,,,,,,,,,,,,,,,,,,,,,,,,,,,,,,,,,,,,,,,,,,,,,,,,,,,,,,,,,,,,,,,,,
row,913 ITI-01,NBA,NBA,2025-2026,2025-03-18,2026-09-01,"{""date_from"":""2025-03-18"",""date_to"":""2026-09-01"",""game_data"":[""pbp""],""leagues"":[""NBA""],""market_data"":[""candles""],""markets"":[""kalshi""],""seasons"":[""2025-2026""],""sports"":[""NBA""]}",TRADABLE_YES_BID,1_MINUTE_CANDLE,available_at,FIRST_TOUCH,"{""id"":""entry_mtw2zh6b_f4q8g"",""op"":""FIRST_TOUCH"",""ordinal"":""FIRST_TOUCH"",""period"":""Q2"",""price_e4"":6800,""source_vocabulary"":""TOUCH""}",REACH,"{""id"":""exit_mty0bwbw_mvfqe"",""op"":""REACH"",""outcome"":""win"",""price_e4"":9500}",REACH,"{""id"":""exit_mtug1t99_aq1lv"",""op"":""REACH"",""outcome"":""loss"",""price_e4"":4500}",HOLD_TO_SETTLEMENT,c5430eb845ac4cefb3c281ac543b383aad9652b9d0817d0605ab42bca6970657,1.0.0,2026-09-13T06:28:48Z,1.0.0,1.0.0,1.0.0,2026-09-13T06:28:48Z,READY,224,116,108,0.517857,0.482143,2700,2300,1.173913,289.285714,NBA_20251104_MIL_TOR,KXNBAGAME-25NOV04MILTOR-TOR,2025-11-05T01:13:00Z,6900,FIRST_TOUCH,Q2,PT12M00.00S,2025-11-05T02:19:00Z,9500,REACH,,,,WIN,YES,10000,a1bee2f832bba4fbfbee499c6c89c2cf1a011d365a81efc1b5ef04b1ed6b0236,,,,,,,,,,,,,,,,,,,,,,,,,,,,,,,,,,,,,,,,,,,,,,,,,,,,,,,,,,,,,,,,,,,,,,,,,,,,,,,,
row,913 ITI-01,NBA,NBA,2025-2026,2025-03-18,2026-09-01,"{""date_from"":""2025-03-18"",""date_to"":""2026-09-01"",""game_data"":[""pbp""],""leagues"":[""NBA""],""market_data"":[""candles""],""markets"":[""kalshi""],""seasons"":[""2025-2026""],""sports"":[""NBA""]}",TRADABLE_YES_BID,1_MINUTE_CANDLE,available_at,FIRST_TOUCH,"{""id"":""entry_mtw2zh6b_f4q8g"",""op"":""FIRST_TOUCH"",""ordinal"":""FIRST_TOUCH"",""period"":""Q2"",""price_e4"":6800,""source_vocabulary"":""TOUCH""}",REACH,"{""id"":""exit_mty0bwbw_mvfqe"",""op"":""REACH"",""outcome"":""win"",""price_e4"":9500}",REACH,"{""id"":""exit_mtug1t99_aq1lv"",""op"":""REACH"",""outcome"":""loss"",""price_e4"":4500}",HOLD_TO_SETTLEMENT,c5430eb845ac4cefb3c281ac543b383aad9652b9d0817d0605ab42bca6970657,1.0.0,2026-09-13T06:28:48Z,1.0.0,1.0.0,1.0.0,2026-09-13T06:28:48Z,READY,224,116,108,0.517857,0.482143,2700,2300,1.173913,289.285714,NBA_20251104_ORL_ATL,KXNBAGAME-25NOV04ORLATL-ATL,2025-11-05T01:48:00Z,6800,FIRST_TOUCH,Q2,PT09M34.00S,2025-11-05T03:09:00Z,9600,REACH,,,,WIN,YES,10000,a1bee2f832bba4fbfbee499c6c89c2cf1a011d365a81efc1b5ef04b1ed6b0236,,,,,,,,,,,,,,,,,,,,,,,,,,,,,,,,,,,,,,,,,,,,,,,,,,,,,,,,,,,,,,,,,,,,,,,,,,,,,,,,
row,913 ITI-01,NBA,NBA,2025-2026,2025-03-18,2026-09-01,"{""date_from"":""2025-03-18"",""date_to"":""2026-09-01"",""game_data"":[""pbp""],""leagues"":[""NBA""],""market_data"":[""candles""],""markets"":[""kalshi""],""seasons"":[""2025-2026""],""sports"":[""NBA""]}",TRADABLE_YES_BID,1_MINUTE_CANDLE,available_at,FIRST_TOUCH,"{""id"":""entry_mtw2zh6b_f4q8g"",""op"":""FIRST_TOUCH"",""ordinal"":""FIRST_TOUCH"",""period"":""Q2"",""price_e4"":6800,""source_vocabulary"":""TOUCH""}",REACH,"{""id"":""exit_mty0bwbw_mvfqe"",""op"":""REACH"",""outcome"":""win"",""price_e4"":9500}",REACH,"{""id"":""exit_mtug1t99_aq1lv"",""op"":""REACH"",""outcome"":""loss"",""price_e4"":4500}",HOLD_TO_SETTLEMENT,c5430eb845ac4cefb3c281ac543b383aad9652b9d0817d0605ab42bca6970657,1.0.0,2026-09-13T06:28:48Z,1.0.0,1.0.0,1.0.0,2026-09-13T06:28:48Z,READY,224,116,108,0.517857,0.482143,2700,2300,1.173913,289.285714,NBA_20251105_MIN_NYK,KXNBAGAME-25NOV05MINNYK-NYK,2025-11-06T01:26:00Z,7400,FIRST_TOUCH,Q2,PT06M00.00S,,,,2025-11-06T01:31:00Z,4400,REACH,LOSS,YES,10000,a1bee2f832bba4fbfbee499c6c89c2cf1a011d365a81efc1b5ef04b1ed6b0236,,,,,,,,,,,,,,,,,,,,,,,,,,,,,,,,,,,,,,,,,,,,,,,,,,,,,,,,,,,,,,,,,,,,,,,,,,,,,,,,
row,913 ITI-01,NBA,NBA,2025-2026,2025-03-18,2026-09-01,"{""date_from"":""2025-03-18"",""date_to"":""2026-09-01"",""game_data"":[""pbp""],""leagues"":[""NBA""],""market_data"":[""candles""],""markets"":[""kalshi""],""seasons"":[""2025-2026""],""sports"":[""NBA""]}",TRADABLE_YES_BID,1_MINUTE_CANDLE,available_at,FIRST_TOUCH,"{""id"":""entry_mtw2zh6b_f4q8g"",""op"":""FIRST_TOUCH"",""ordinal"":""FIRST_TOUCH"",""period"":""Q2"",""price_e4"":6800,""source_vocabulary"":""TOUCH""}",REACH,"{""id"":""exit_mty0bwbw_mvfqe"",""op"":""REACH"",""outcome"":""win"",""price_e4"":9500}",REACH,"{""id"":""exit_mtug1t99_aq1lv"",""op"":""REACH"",""outcome"":""loss"",""price_e4"":4500}",HOLD_TO_SETTLEMENT,c5430eb845ac4cefb3c281ac543b383aad9652b9d0817d0605ab42bca6970657,1.0.0,2026-09-13T06:28:48Z,1.0.0,1.0.0,1.0.0,2026-09-13T06:28:48Z,READY,224,116,108,0.517857,0.482143,2700,2300,1.173913,289.285714,NBA_20251106_LAC_PHX,KXNBAGAME-25NOV06LACPHX-PHX,2025-11-07T02:44:00Z,6800,FIRST_TOUCH,Q2,PT09M59.00S,,,,2025-11-07T02:57:00Z,4200,REACH,LOSS,YES,10000,a1bee2f832bba4fbfbee499c6c89c2cf1a011d365a81efc1b5ef04b1ed6b0236,,,,,,,,,,,,,,,,,,,,,,,,,,,,,,,,,,,,,,,,,,,,,,,,,,,,,,,,,,,,,,,,,,,,,,,,,,,,,,,,
row,913 ITI-01,NBA,NBA,2025-2026,2025-03-18,2026-09-01,"{""date_from"":""2025-03-18"",""date_to"":""2026-09-01"",""game_data"":[""pbp""],""leagues"":[""NBA""],""market_data"":[""candles""],""markets"":[""kalshi""],""seasons"":[""2025-2026""],""sports"":[""NBA""]}",TRADABLE_YES_BID,1_MINUTE_CANDLE,available_at,FIRST_TOUCH,"{""id"":""entry_mtw2zh6b_f4q8g"",""op"":""FIRST_TOUCH"",""ordinal"":""FIRST_TOUCH"",""period"":""Q2"",""price_e4"":6800,""source_vocabulary"":""TOUCH""}",REACH,"{""id"":""exit_mty0bwbw_mvfqe"",""op"":""REACH"",""outcome"":""win"",""price_e4"":9500}",REACH,"{""id"":""exit_mtug1t99_aq1lv"",""op"":""REACH"",""outcome"":""loss"",""price_e4"":4500}",HOLD_TO_SETTLEMENT,c5430eb845ac4cefb3c281ac543b383aad9652b9d0817d0605ab42bca6970657,1.0.0,2026-09-13T06:28:48Z,1.0.0,1.0.0,1.0.0,2026-09-13T06:28:48Z,READY,224,116,108,0.517857,0.482143,2700,2300,1.173913,289.285714,NBA_20251107_CHI_MIL,KXNBAGAME-25NOV07CHIMIL-MIL,2025-11-08T01:54:00Z,7200,FIRST_TOUCH,Q2,PT03M47.00S,2025-11-08T03:08:00Z,9700,REACH,,,,WIN,YES,10000,a1bee2f832bba4fbfbee499c6c89c2cf1a011d365a81efc1b5ef04b1ed6b0236,,,,,,,,,,,,,,,,,,,,,,,,,,,,,,,,,,,,,,,,,,,,,,,,,,,,,,,,,,,,,,,,,,,,,,,,,,,,,,,,
row,913 ITI-01,NBA,NBA,2025-2026,2025-03-18,2026-09-01,"{""date_from"":""2025-03-18"",""date_to"":""2026-09-01"",""game_data"":[""pbp""],""leagues"":[""NBA""],""market_data"":[""candles""],""markets"":[""kalshi""],""seasons"":[""2025-2026""],""sports"":[""NBA""]}",TRADABLE_YES_BID,1_MINUTE_CANDLE,available_at,FIRST_TOUCH,"{""id"":""entry_mtw2zh6b_f4q8g"",""op"":""FIRST_TOUCH"",""ordinal"":""FIRST_TOUCH"",""period"":""Q2"",""price_e4"":6800,""source_vocabulary"":""TOUCH""}",REACH,"{""id"":""exit_mty0bwbw_mvfqe"",""op"":""REACH"",""outcome"":""win"",""price_e4"":9500}",REACH,"{""id"":""exit_mtug1t99_aq1lv"",""op"":""REACH"",""outcome"":""loss"",""price_e4"":4500}",HOLD_TO_SETTLEMENT,c5430eb845ac4cefb3c281ac543b383aad9652b9d0817d0605ab42bca6970657,1.0.0,2026-09-13T06:28:48Z,1.0.0,1.0.0,1.0.0,2026-09-13T06:28:48Z,READY,224,116,108,0.517857,0.482143,2700,2300,1.173913,289.285714,NBA_20251107_TOR_ATL,KXNBAGAME-25NOV07TORATL-ATL,2025-11-08T01:17:00Z,6800,FIRST_TOUCH,Q2,PT09M36.00S,,,,2025-11-08T02:34:00Z,3400,REACH,LOSS,NO,0,a1bee2f832bba4fbfbee499c6c89c2cf1a011d365a81efc1b5ef04b1ed6b0236,,,,,,,,,,,,,,,,,,,,,,,,,,,,,,,,,,,,,,,,,,,,,,,,,,,,,,,,,,,,,,,,,,,,,,,,,,,,,,,,
row,913 ITI-01,NBA,NBA,2025-2026,2025-03-18,2026-09-01,"{""date_from"":""2025-03-18"",""date_to"":""2026-09-01"",""game_data"":[""pbp""],""leagues"":[""NBA""],""market_data"":[""candles""],""markets"":[""kalshi""],""seasons"":[""2025-2026""],""sports"":[""NBA""]}",TRADABLE_YES_BID,1_MINUTE_CANDLE,available_at,FIRST_TOUCH,"{""id"":""entry_mtw2zh6b_f4q8g"",""op"":""FIRST_TOUCH"",""ordinal"":""FIRST_TOUCH"",""period"":""Q2"",""price_e4"":6800,""source_vocabulary"":""TOUCH""}",REACH,"{""id"":""exit_mty0bwbw_mvfqe"",""op"":""REACH"",""outcome"":""win"",""price_e4"":9500}",REACH,"{""id"":""exit_mtug1t99_aq1lv"",""op"":""REACH"",""outcome"":""loss"",""price_e4"":4500}",HOLD_TO_SETTLEMENT,c5430eb845ac4cefb3c281ac543b383aad9652b9d0817d0605ab42bca6970657,1.0.0,2026-09-13T06:28:48Z,1.0.0,1.0.0,1.0.0,2026-09-13T06:28:48Z,READY,224,116,108,0.517857,0.482143,2700,2300,1.173913,289.285714,NBA_20251108_CHI_CLE,KXNBAGAME-25NOV08CHICLE-CHI,2025-11-09T02:10:00Z,6800,FIRST_TOUCH,Q2,PT02M18.00S,,,,2025-11-09T02:42:00Z,4300,REACH,LOSS,NO,0,a1bee2f832bba4fbfbee499c6c89c2cf1a011d365a81efc1b5ef04b1ed6b0236,,,,,,,,,,,,,,,,,,,,,,,,,,,,,,,,,,,,,,,,,,,,,,,,,,,,,,,,,,,,,,,,,,,,,,,,,,,,,,,,
row,913 ITI-01,NBA,NBA,2025-2026,2025-03-18,2026-09-01,"{""date_from"":""2025-03-18"",""date_to"":""2026-09-01"",""game_data"":[""pbp""],""leagues"":[""NBA""],""market_data"":[""candles""],""markets"":[""kalshi""],""seasons"":[""2025-2026""],""sports"":[""NBA""]}",TRADABLE_YES_BID,1_MINUTE_CANDLE,available_at,FIRST_TOUCH,"{""id"":""entry_mtw2zh6b_f4q8g"",""op"":""FIRST_TOUCH"",""ordinal"":""FIRST_TOUCH"",""period"":""Q2"",""price_e4"":6800,""source_vocabulary"":""TOUCH""}",REACH,"{""id"":""exit_mty0bwbw_mvfqe"",""op"":""REACH"",""outcome"":""win"",""price_e4"":9500}",REACH,"{""id"":""exit_mtug1t99_aq1lv"",""op"":""REACH"",""outcome"":""loss"",""price_e4"":4500}",HOLD_TO_SETTLEMENT,c5430eb845ac4cefb3c281ac543b383aad9652b9d0817d0605ab42bca6970657,1.0.0,2026-09-13T06:28:48Z,1.0.0,1.0.0,1.0.0,2026-09-13T06:28:48Z,READY,224,116,108,0.517857,0.482143,2700,2300,1.173913,289.285714,NBA_20251108_LAL_ATL,KXNBAGAME-25NOV08LALATL-ATL,2025-11-09T02:02:00Z,7100,FIRST_TOUCH,Q2,PT01M27.00S,2025-11-09T02:38:00Z,9600,REACH,,,,WIN,YES,10000,a1bee2f832bba4fbfbee499c6c89c2cf1a011d365a81efc1b5ef04b1ed6b0236,,,,,,,,,,,,,,,,,,,,,,,,,,,,,,,,,,,,,,,,,,,,,,,,,,,,,,,,,,,,,,,,,,,,,,,,,,,,,,,,
row,913 ITI-01,NBA,NBA,2025-2026,2025-03-18,2026-09-01,"{""date_from"":""2025-03-18"",""date_to"":""2026-09-01"",""game_data"":[""pbp""],""leagues"":[""NBA""],""market_data"":[""candles""],""markets"":[""kalshi""],""seasons"":[""2025-2026""],""sports"":[""NBA""]}",TRADABLE_YES_BID,1_MINUTE_CANDLE,available_at,FIRST_TOUCH,"{""id"":""entry_mtw2zh6b_f4q8g"",""op"":""FIRST_TOUCH"",""ordinal"":""FIRST_TOUCH"",""period"":""Q2"",""price_e4"":6800,""source_vocabulary"":""TOUCH""}",REACH,"{""id"":""exit_mty0bwbw_mvfqe"",""op"":""REACH"",""outcome"":""win"",""price_e4"":9500}",REACH,"{""id"":""exit_mtug1t99_aq1lv"",""op"":""REACH"",""outcome"":""loss"",""price_e4"":4500}",HOLD_TO_SETTLEMENT,c5430eb845ac4cefb3c281ac543b383aad9652b9d0817d0605ab42bca6970657,1.0.0,2026-09-13T06:28:48Z,1.0.0,1.0.0,1.0.0,2026-09-13T06:28:48Z,READY,224,116,108,0.517857,0.482143,2700,2300,1.173913,289.285714,NBA_20251108_PHX_LAC,KXNBAGAME-25NOV08PHXLAC-PHX,2025-11-09T04:38:00Z,7100,FIRST_TOUCH,Q2,PT00M59.90S,2025-11-09T06:00:00Z,9900,REACH,,,,WIN,YES,10000,a1bee2f832bba4fbfbee499c6c89c2cf1a011d365a81efc1b5ef04b1ed6b0236,,,,,,,,,,,,,,,,,,,,,,,,,,,,,,,,,,,,,,,,,,,,,,,,,,,,,,,,,,,,,,,,,,,,,,,,,,,,,,,,
row,913 ITI-01,NBA,NBA,2025-2026,2025-03-18,2026-09-01,"{""date_from"":""2025-03-18"",""date_to"":""2026-09-01"",""game_data"":[""pbp""],""leagues"":[""NBA""],""market_data"":[""candles""],""markets"":[""kalshi""],""seasons"":[""2025-2026""],""sports"":[""NBA""]}",TRADABLE_YES_BID,1_MINUTE_CANDLE,available_at,FIRST_TOUCH,"{""id"":""entry_mtw2zh6b_f4q8g"",""op"":""FIRST_TOUCH"",""ordinal"":""FIRST_TOUCH"",""period"":""Q2"",""price_e4"":6800,""source_vocabulary"":""TOUCH""}",REACH,"{""id"":""exit_mty0bwbw_mvfqe"",""op"":""REACH"",""outcome"":""win"",""price_e4"":9500}",REACH,"{""id"":""exit_mtug1t99_aq1lv"",""op"":""REACH"",""outcome"":""loss"",""price_e4"":4500}",HOLD_TO_SETTLEMENT,c5430eb845ac4cefb3c281ac543b383aad9652b9d0817d0605ab42bca6970657,1.0.0,2026-09-13T06:28:48Z,1.0.0,1.0.0,1.0.0,2026-09-13T06:28:48Z,READY,224,116,108,0.517857,0.482143,2700,2300,1.173913,289.285714,NBA_20251109_HOU_MIL,KXNBAGAME-25NOV09HOUMIL-MIL,2025-11-09T21:22:00Z,6900,FIRST_TOUCH,Q2,PT05M35.00S,,,,2025-11-09T22:55:00Z,4200,REACH,LOSS,NO,0,a1bee2f832bba4fbfbee499c6c89c2cf1a011d365a81efc1b5ef04b1ed6b0236,,,,,,,,,,,,,,,,,,,,,,,,,,,,,,,,,,,,,,,,,,,,,,,,,,,,,,,,,,,,,,,,,,,,,,,,,,,,,,,,
row,913 ITI-01,NBA,NBA,2025-2026,2025-03-18,2026-09-01,"{""date_from"":""2025-03-18"",""date_to"":""2026-09-01"",""game_data"":[""pbp""],""leagues"":[""NBA""],""market_data"":[""candles""],""markets"":[""kalshi""],""seasons"":[""2025-2026""],""sports"":[""NBA""]}",TRADABLE_YES_BID,1_MINUTE_CANDLE,available_at,FIRST_TOUCH,"{""id"":""entry_mtw2zh6b_f4q8g"",""op"":""FIRST_TOUCH"",""ordinal"":""FIRST_TOUCH"",""period"":""Q2"",""price_e4"":6800,""source_vocabulary"":""TOUCH""}",REACH,"{""id"":""exit_mty0bwbw_mvfqe"",""op"":""REACH"",""outcome"":""win"",""price_e4"":9500}",REACH,"{""id"":""exit_mtug1t99_aq1lv"",""op"":""REACH"",""outcome"":""loss"",""price_e4"":4500}",HOLD_TO_SETTLEMENT,c5430eb845ac4cefb3c281ac543b383aad9652b9d0817d0605ab42bca6970657,1.0.0,2026-09-13T06:28:48Z,1.0.0,1.0.0,1.0.0,2026-09-13T06:28:48Z,READY,224,116,108,0.517857,0.482143,2700,2300,1.173913,289.285714,NBA_20251110_POR_ORL,KXNBAGAME-25NOV10PORORL-ORL,2025-11-11T00:56:00Z,7200,FIRST_TOUCH,Q2,PT06M10.00S,2025-11-11T02:21:00Z,9700,REACH,,,,WIN,YES,10000,a1bee2f832bba4fbfbee499c6c89c2cf1a011d365a81efc1b5ef04b1ed6b0236,,,,,,,,,,,,,,,,,,,,,,,,,,,,,,,,,,,,,,,,,,,,,,,,,,,,,,,,,,,,,,,,,,,,,,,,,,,,,,,,
row,913 ITI-01,NBA,NBA,2025-2026,2025-03-18,2026-09-01,"{""date_from"":""2025-03-18"",""date_to"":""2026-09-01"",""game_data"":[""pbp""],""leagues"":[""NBA""],""market_data"":[""candles""],""markets"":[""kalshi""],""seasons"":[""2025-2026""],""sports"":[""NBA""]}",TRADABLE_YES_BID,1_MINUTE_CANDLE,available_at,FIRST_TOUCH,"{""id"":""entry_mtw2zh6b_f4q8g"",""op"":""FIRST_TOUCH"",""ordinal"":""FIRST_TOUCH"",""period"":""Q2"",""price_e4"":6800,""source_vocabulary"":""TOUCH""}",REACH,"{""id"":""exit_mty0bwbw_mvfqe"",""op"":""REACH"",""outcome"":""win"",""price_e4"":9500}",REACH,"{""id"":""exit_mtug1t99_aq1lv"",""op"":""REACH"",""outcome"":""loss"",""price_e4"":4500}",HOLD_TO_SETTLEMENT,c5430eb845ac4cefb3c281ac543b383aad9652b9d0817d0605ab42bca6970657,1.0.0,2026-09-13T06:28:48Z,1.0.0,1.0.0,1.0.0,2026-09-13T06:28:48Z,READY,224,116,108,0.517857,0.482143,2700,2300,1.173913,289.285714,NBA_20251111_BOS_PHI,KXNBAGAME-25NOV11BOSPHI-PHI,2025-11-12T01:58:00Z,6900,FIRST_TOUCH,Q2,PT04M31.00S,,,,2025-11-12T02:49:00Z,3600,REACH,LOSS,YES,10000,a1bee2f832bba4fbfbee499c6c89c2cf1a011d365a81efc1b5ef04b1ed6b0236,,,,,,,,,,,,,,,,,,,,,,,,,,,,,,,,,,,,,,,,,,,,,,,,,,,,,,,,,,,,,,,,,,,,,,,,,,,,,,,,
row,913 ITI-01,NBA,NBA,2025-2026,2025-03-18,2026-09-01,"{""date_from"":""2025-03-18"",""date_to"":""2026-09-01"",""game_data"":[""pbp""],""leagues"":[""NBA""],""market_data"":[""candles""],""markets"":[""kalshi""],""seasons"":[""2025-2026""],""sports"":[""NBA""]}",TRADABLE_YES_BID,1_MINUTE_CANDLE,available_at,FIRST_TOUCH,"{""id"":""entry_mtw2zh6b_f4q8g"",""op"":""FIRST_TOUCH"",""ordinal"":""FIRST_TOUCH"",""period"":""Q2"",""price_e4"":6800,""source_vocabulary"":""TOUCH""}",REACH,"{""id"":""exit_mty0bwbw_mvfqe"",""op"":""REACH"",""outcome"":""win"",""price_e4"":9500}",REACH,"{""id"":""exit_mtug1t99_aq1lv"",""op"":""REACH"",""outcome"":""loss"",""price_e4"":4500}",HOLD_TO_SETTLEMENT,c5430eb845ac4cefb3c281ac543b383aad9652b9d0817d0605ab42bca6970657,1.0.0,2026-09-13T06:28:48Z,1.0.0,1.0.0,1.0.0,2026-09-13T06:28:48Z,READY,224,116,108,0.517857,0.482143,2700,2300,1.173913,289.285714,NBA_20251111_IND_UTA,KXNBAGAME-25NOV11INDUTA-UTA,2025-11-12T02:54:00Z,7200,FIRST_TOUCH,Q2,PT07M11.00S,2025-11-12T03:48:00Z,9500,REACH,,,,WIN,YES,10000,a1bee2f832bba4fbfbee499c6c89c2cf1a011d365a81efc1b5ef04b1ed6b0236,,,,,,,,,,,,,,,,,,,,,,,,,,,,,,,,,,,,,,,,,,,,,,,,,,,,,,,,,,,,,,,,,,,,,,,,,,,,,,,,
row,913 ITI-01,NBA,NBA,2025-2026,2025-03-18,2026-09-01,"{""date_from"":""2025-03-18"",""date_to"":""2026-09-01"",""game_data"":[""pbp""],""leagues"":[""NBA""],""market_data"":[""candles""],""markets"":[""kalshi""],""seasons"":[""2025-2026""],""sports"":[""NBA""]}",TRADABLE_YES_BID,1_MINUTE_CANDLE,available_at,FIRST_TOUCH,"{""id"":""entry_mtw2zh6b_f4q8g"",""op"":""FIRST_TOUCH"",""ordinal"":""FIRST_TOUCH"",""period"":""Q2"",""price_e4"":6800,""source_vocabulary"":""TOUCH""}",REACH,"{""id"":""exit_mty0bwbw_mvfqe"",""op"":""REACH"",""outcome"":""win"",""price_e4"":9500}",REACH,"{""id"":""exit_mtug1t99_aq1lv"",""op"":""REACH"",""outcome"":""loss"",""price_e4"":4500}",HOLD_TO_SETTLEMENT,c5430eb845ac4cefb3c281ac543b383aad9652b9d0817d0605ab42bca6970657,1.0.0,2026-09-13T06:28:48Z,1.0.0,1.0.0,1.0.0,2026-09-13T06:28:48Z,READY,224,116,108,0.517857,0.482143,2700,2300,1.173913,289.285714,NBA_20251112_MIL_CHA,KXNBAGAME-25NOV12MILCHA-CHA,2025-11-13T00:47:00Z,6800,FIRST_TOUCH,Q2,PT06M54.00S,2025-11-13T01:56:00Z,9600,REACH,,,,WIN,YES,10000,a1bee2f832bba4fbfbee499c6c89c2cf1a011d365a81efc1b5ef04b1ed6b0236,,,,,,,,,,,,,,,,,,,,,,,,,,,,,,,,,,,,,,,,,,,,,,,,,,,,,,,,,,,,,,,,,,,,,,,,,,,,,,,,
row,913 ITI-01,NBA,NBA,2025-2026,2025-03-18,2026-09-01,"{""date_from"":""2025-03-18"",""date_to"":""2026-09-01"",""game_data"":[""pbp""],""leagues"":[""NBA""],""market_data"":[""candles""],""markets"":[""kalshi""],""seasons"":[""2025-2026""],""sports"":[""NBA""]}",TRADABLE_YES_BID,1_MINUTE_CANDLE,available_at,FIRST_TOUCH,"{""id"":""entry_mtw2zh6b_f4q8g"",""op"":""FIRST_TOUCH"",""ordinal"":""FIRST_TOUCH"",""period"":""Q2"",""price_e4"":6800,""source_vocabulary"":""TOUCH""}",REACH,"{""id"":""exit_mty0bwbw_mvfqe"",""op"":""REACH"",""outcome"":""win"",""price_e4"":9500}",REACH,"{""id"":""exit_mtug1t99_aq1lv"",""op"":""REACH"",""outcome"":""loss"",""price_e4"":4500}",HOLD_TO_SETTLEMENT,c5430eb845ac4cefb3c281ac543b383aad9652b9d0817d0605ab42bca6970657,1.0.0,2026-09-13T06:28:48Z,1.0.0,1.0.0,1.0.0,2026-09-13T06:28:48Z,READY,224,116,108,0.517857,0.482143,2700,2300,1.173913,289.285714,NBA_20251112_ORL_NYK,KXNBAGAME-25NOV12ORLNYK-ORL,2025-11-13T00:59:00Z,7200,FIRST_TOUCH,Q2,PT05M43.00S,2025-11-13T02:01:00Z,9500,REACH,,,,WIN,YES,10000,a1bee2f832bba4fbfbee499c6c89c2cf1a011d365a81efc1b5ef04b1ed6b0236,,,,,,,,,,,,,,,,,,,,,,,,,,,,,,,,,,,,,,,,,,,,,,,,,,,,,,,,,,,,,,,,,,,,,,,,,,,,,,,,
row,913 ITI-01,NBA,NBA,2025-2026,2025-03-18,2026-09-01,"{""date_from"":""2025-03-18"",""date_to"":""2026-09-01"",""game_data"":[""pbp""],""leagues"":[""NBA""],""market_data"":[""candles""],""markets"":[""kalshi""],""seasons"":[""2025-2026""],""sports"":[""NBA""]}",TRADABLE_YES_BID,1_MINUTE_CANDLE,available_at,FIRST_TOUCH,"{""id"":""entry_mtw2zh6b_f4q8g"",""op"":""FIRST_TOUCH"",""ordinal"":""FIRST_TOUCH"",""period"":""Q2"",""price_e4"":6800,""source_vocabulary"":""TOUCH""}",REACH,"{""id"":""exit_mty0bwbw_mvfqe"",""op"":""REACH"",""outcome"":""win"",""price_e4"":9500}",REACH,"{""id"":""exit_mtug1t99_aq1lv"",""op"":""REACH"",""outcome"":""loss"",""price_e4"":4500}",HOLD_TO_SETTLEMENT,c5430eb845ac4cefb3c281ac543b383aad9652b9d0817d0605ab42bca6970657,1.0.0,2026-09-13T06:28:48Z,1.0.0,1.0.0,1.0.0,2026-09-13T06:28:48Z,READY,224,116,108,0.517857,0.482143,2700,2300,1.173913,289.285714,NBA_20251112_PHX_DAL,KXNBAGAME-25NOV12PHXDAL-PHX,2025-11-13T02:15:00Z,6900,FIRST_TOUCH,Q2,PT08M21.00S,2025-11-13T03:10:00Z,9500,REACH,,,,WIN,YES,10000,a1bee2f832bba4fbfbee499c6c89c2cf1a011d365a81efc1b5ef04b1ed6b0236,,,,,,,,,,,,,,,,,,,,,,,,,,,,,,,,,,,,,,,,,,,,,,,,,,,,,,,,,,,,,,,,,,,,,,,,,,,,,,,,
row,913 ITI-01,NBA,NBA,2025-2026,2025-03-18,2026-09-01,"{""date_from"":""2025-03-18"",""date_to"":""2026-09-01"",""game_data"":[""pbp""],""leagues"":[""NBA""],""market_data"":[""candles""],""markets"":[""kalshi""],""seasons"":[""2025-2026""],""sports"":[""NBA""]}",TRADABLE_YES_BID,1_MINUTE_CANDLE,available_at,FIRST_TOUCH,"{""id"":""entry_mtw2zh6b_f4q8g"",""op"":""FIRST_TOUCH"",""ordinal"":""FIRST_TOUCH"",""period"":""Q2"",""price_e4"":6800,""source_vocabulary"":""TOUCH""}",REACH,"{""id"":""exit_mty0bwbw_mvfqe"",""op"":""REACH"",""outcome"":""win"",""price_e4"":9500}",REACH,"{""id"":""exit_mtug1t99_aq1lv"",""op"":""REACH"",""outcome"":""loss"",""price_e4"":4500}",HOLD_TO_SETTLEMENT,c5430eb845ac4cefb3c281ac543b383aad9652b9d0817d0605ab42bca6970657,1.0.0,2026-09-13T06:28:48Z,1.0.0,1.0.0,1.0.0,2026-09-13T06:28:48Z,READY,224,116,108,0.517857,0.482143,2700,2300,1.173913,289.285714,NBA_20251114_PHI_DET,KXNBAGAME-25NOV14PHIDET-DET,2025-11-15T01:40:00Z,7000,FIRST_TOUCH,Q2,PT00M21.20S,,,,2025-11-15T02:04:00Z,4500,REACH,LOSS,YES,10000,a1bee2f832bba4fbfbee499c6c89c2cf1a011d365a81efc1b5ef04b1ed6b0236,,,,,,,,,,,,,,,,,,,,,,,,,,,,,,,,,,,,,,,,,,,,,,,,,,,,,,,,,,,,,,,,,,,,,,,,,,,,,,,,
row,913 ITI-01,NBA,NBA,2025-2026,2025-03-18,2026-09-01,"{""date_from"":""2025-03-18"",""date_to"":""2026-09-01"",""game_data"":[""pbp""],""leagues"":[""NBA""],""market_data"":[""candles""],""markets"":[""kalshi""],""seasons"":[""2025-2026""],""sports"":[""NBA""]}",TRADABLE_YES_BID,1_MINUTE_CANDLE,available_at,FIRST_TOUCH,"{""id"":""entry_mtw2zh6b_f4q8g"",""op"":""FIRST_TOUCH"",""ordinal"":""FIRST_TOUCH"",""period"":""Q2"",""price_e4"":6800,""source_vocabulary"":""TOUCH""}",REACH,"{""id"":""exit_mty0bwbw_mvfqe"",""op"":""REACH"",""outcome"":""win"",""price_e4"":9500}",REACH,"{""id"":""exit_mtug1t99_aq1lv"",""op"":""REACH"",""outcome"":""loss"",""price_e4"":4500}",HOLD_TO_SETTLEMENT,c5430eb845ac4cefb3c281ac543b383aad9652b9d0817d0605ab42bca6970657,1.0.0,2026-09-13T06:28:48Z,1.0.0,1.0.0,1.0.0,2026-09-13T06:28:48Z,READY,224,116,108,0.517857,0.482143,2700,2300,1.173913,289.285714,NBA_20251116_ATL_PHX,KXNBAGAME-25NOV16ATLPHX-ATL,2025-11-17T02:00:00Z,7300,FIRST_TOUCH,Q2,PT04M32.00S,,,,2025-11-17T02:16:00Z,4500,REACH,LOSS,YES,10000,a1bee2f832bba4fbfbee499c6c89c2cf1a011d365a81efc1b5ef04b1ed6b0236,,,,,,,,,,,,,,,,,,,,,,,,,,,,,,,,,,,,,,,,,,,,,,,,,,,,,,,,,,,,,,,,,,,,,,,,,,,,,,,,
row,913 ITI-01,NBA,NBA,2025-2026,2025-03-18,2026-09-01,"{""date_from"":""2025-03-18"",""date_to"":""2026-09-01"",""game_data"":[""pbp""],""leagues"":[""NBA""],""market_data"":[""candles""],""markets"":[""kalshi""],""seasons"":[""2025-2026""],""sports"":[""NBA""]}",TRADABLE_YES_BID,1_MINUTE_CANDLE,available_at,FIRST_TOUCH,"{""id"":""entry_mtw2zh6b_f4q8g"",""op"":""FIRST_TOUCH"",""ordinal"":""FIRST_TOUCH"",""period"":""Q2"",""price_e4"":6800,""source_vocabulary"":""TOUCH""}",REACH,"{""id"":""exit_mty0bwbw_mvfqe"",""op"":""REACH"",""outcome"":""win"",""price_e4"":9500}",REACH,"{""id"":""exit_mtug1t99_aq1lv"",""op"":""REACH"",""outcome"":""loss"",""price_e4"":4500}",HOLD_TO_SETTLEMENT,c5430eb845ac4cefb3c281ac543b383aad9652b9d0817d0605ab42bca6970657,1.0.0,2026-09-13T06:28:48Z,1.0.0,1.0.0,1.0.0,2026-09-13T06:28:48Z,READY,224,116,108,0.517857,0.482143,2700,2300,1.173913,289.285714,NBA_20251116_BKN_WAS,KXNBAGAME-25NOV16BKNWAS-BKN,2025-11-16T23:56:00Z,7000,FIRST_TOUCH,Q2,PT05M42.00S,2025-11-17T01:05:00Z,9500,REACH,,,,WIN,YES,10000,a1bee2f832bba4fbfbee499c6c89c2cf1a011d365a81efc1b5ef04b1ed6b0236,,,,,,,,,,,,,,,,,,,,,,,,,,,,,,,,,,,,,,,,,,,,,,,,,,,,,,,,,,,,,,,,,,,,,,,,,,,,,,,,
row,913 ITI-01,NBA,NBA,2025-2026,2025-03-18,2026-09-01,"{""date_from"":""2025-03-18"",""date_to"":""2026-09-01"",""game_data"":[""pbp""],""leagues"":[""NBA""],""market_data"":[""candles""],""markets"":[""kalshi""],""seasons"":[""2025-2026""],""sports"":[""NBA""]}",TRADABLE_YES_BID,1_MINUTE_CANDLE,available_at,FIRST_TOUCH,"{""id"":""entry_mtw2zh6b_f4q8g"",""op"":""FIRST_TOUCH"",""ordinal"":""FIRST_TOUCH"",""period"":""Q2"",""price_e4"":6800,""source_vocabulary"":""TOUCH""}",REACH,"{""id"":""exit_mty0bwbw_mvfqe"",""op"":""REACH"",""outcome"":""win"",""price_e4"":9500}",REACH,"{""id"":""exit_mtug1t99_aq1lv"",""op"":""REACH"",""outcome"":""loss"",""price_e4"":4500}",HOLD_TO_SETTLEMENT,c5430eb845ac4cefb3c281ac543b383aad9652b9d0817d0605ab42bca6970657,1.0.0,2026-09-13T06:28:48Z,1.0.0,1.0.0,1.0.0,2026-09-13T06:28:48Z,READY,224,116,108,0.517857,0.482143,2700,2300,1.173913,289.285714,NBA_20251118_DET_ATL,KXNBAGAME-25NOV18DETATL-DET,2025-11-19T01:15:00Z,7000,FIRST_TOUCH,Q2,PT10M05.00S,2025-11-19T02:42:00Z,9500,REACH,,,,WIN,YES,10000,a1bee2f832bba4fbfbee499c6c89c2cf1a011d365a81efc1b5ef04b1ed6b0236,,,,,,,,,,,,,,,,,,,,,,,,,,,,,,,,,,,,,,,,,,,,,,,,,,,,,,,,,,,,,,,,,,,,,,,,,,,,,,,,
row,913 ITI-01,NBA,NBA,2025-2026,2025-03-18,2026-09-01,"{""date_from"":""2025-03-18"",""date_to"":""2026-09-01"",""game_data"":[""pbp""],""leagues"":[""NBA""],""market_data"":[""candles""],""markets"":[""kalshi""],""seasons"":[""2025-2026""],""sports"":[""NBA""]}",TRADABLE_YES_BID,1_MINUTE_CANDLE,available_at,FIRST_TOUCH,"{""id"":""entry_mtw2zh6b_f4q8g"",""op"":""FIRST_TOUCH"",""ordinal"":""FIRST_TOUCH"",""period"":""Q2"",""price_e4"":6800,""source_vocabulary"":""TOUCH""}",REACH,"{""id"":""exit_mty0bwbw_mvfqe"",""op"":""REACH"",""outcome"":""win"",""price_e4"":9500}",REACH,"{""id"":""exit_mtug1t99_aq1lv"",""op"":""REACH"",""outcome"":""loss"",""price_e4"":4500}",HOLD_TO_SETTLEMENT,c5430eb845ac4cefb3c281ac543b383aad9652b9d0817d0605ab42bca6970657,1.0.0,2026-09-13T06:28:48Z,1.0.0,1.0.0,1.0.0,2026-09-13T06:28:48Z,READY,224,116,108,0.517857,0.482143,2700,2300,1.173913,289.285714,NBA_20251118_GSW_ORL,KXNBAGAME-25NOV18GSWORL-ORL,2025-11-19T00:54:00Z,6800,FIRST_TOUCH,Q2,PT05M57.00S,2025-11-19T02:16:00Z,9500,REACH,,,,WIN,YES,10000,a1bee2f832bba4fbfbee499c6c89c2cf1a011d365a81efc1b5ef04b1ed6b0236,,,,,,,,,,,,,,,,,,,,,,,,,,,,,,,,,,,,,,,,,,,,,,,,,,,,,,,,,,,,,,,,,,,,,,,,,,,,,,,,
row,913 ITI-01,NBA,NBA,2025-2026,2025-03-18,2026-09-01,"{""date_from"":""2025-03-18"",""date_to"":""2026-09-01"",""game_data"":[""pbp""],""leagues"":[""NBA""],""market_data"":[""candles""],""markets"":[""kalshi""],""seasons"":[""2025-2026""],""sports"":[""NBA""]}",TRADABLE_YES_BID,1_MINUTE_CANDLE,available_at,FIRST_TOUCH,"{""id"":""entry_mtw2zh6b_f4q8g"",""op"":""FIRST_TOUCH"",""ordinal"":""FIRST_TOUCH"",""period"":""Q2"",""price_e4"":6800,""source_vocabulary"":""TOUCH""}",REACH,"{""id"":""exit_mty0bwbw_mvfqe"",""op"":""REACH"",""outcome"":""win"",""price_e4"":9500}",REACH,"{""id"":""exit_mtug1t99_aq1lv"",""op"":""REACH"",""outcome"":""loss"",""price_e4"":4500}",HOLD_TO_SETTLEMENT,c5430eb845ac4cefb3c281ac543b383aad9652b9d0817d0605ab42bca6970657,1.0.0,2026-09-13T06:28:48Z,1.0.0,1.0.0,1.0.0,2026-09-13T06:28:48Z,READY,224,116,108,0.517857,0.482143,2700,2300,1.173913,289.285714,NBA_20251118_PHX_POR,KXNBAGAME-25NOV18PHXPOR-PHX,2025-11-19T05:08:00Z,7000,FIRST_TOUCH,Q2,PT02M53.00S,2025-11-19T05:58:00Z,9500,REACH,,,,WIN,YES,10000,a1bee2f832bba4fbfbee499c6c89c2cf1a011d365a81efc1b5ef04b1ed6b0236,,,,,,,,,,,,,,,,,,,,,,,,,,,,,,,,,,,,,,,,,,,,,,,,,,,,,,,,,,,,,,,,,,,,,,,,,,,,,,,,
row,913 ITI-01,NBA,NBA,2025-2026,2025-03-18,2026-09-01,"{""date_from"":""2025-03-18"",""date_to"":""2026-09-01"",""game_data"":[""pbp""],""leagues"":[""NBA""],""market_data"":[""candles""],""markets"":[""kalshi""],""seasons"":[""2025-2026""],""sports"":[""NBA""]}",TRADABLE_YES_BID,1_MINUTE_CANDLE,available_at,FIRST_TOUCH,"{""id"":""entry_mtw2zh6b_f4q8g"",""op"":""FIRST_TOUCH"",""ordinal"":""FIRST_TOUCH"",""period"":""Q2"",""price_e4"":6800,""source_vocabulary"":""TOUCH""}",REACH,"{""id"":""exit_mty0bwbw_mvfqe"",""op"":""REACH"",""outcome"":""win"",""price_e4"":9500}",REACH,"{""id"":""exit_mtug1t99_aq1lv"",""op"":""REACH"",""outcome"":""loss"",""price_e4"":4500}",HOLD_TO_SETTLEMENT,c5430eb845ac4cefb3c281ac543b383aad9652b9d0817d0605ab42bca6970657,1.0.0,2026-09-13T06:28:48Z,1.0.0,1.0.0,1.0.0,2026-09-13T06:28:48Z,READY,224,116,108,0.517857,0.482143,2700,2300,1.173913,289.285714,NBA_20251119_CHA_IND,KXNBAGAME-25NOV19CHAIND-IND,2025-11-20T00:56:00Z,6800,FIRST_TOUCH,Q2,PT05M16.00S,2025-11-20T01:35:00Z,9600,REACH,,,,WIN,YES,10000,a1bee2f832bba4fbfbee499c6c89c2cf1a011d365a81efc1b5ef04b1ed6b0236,,,,,,,,,,,,,,,,,,,,,,,,,,,,,,,,,,,,,,,,,,,,,,,,,,,,,,,,,,,,,,,,,,,,,,,,,,,,,,,,
row,913 ITI-01,NBA,NBA,2025-2026,2025-03-18,2026-09-01,"{""date_from"":""2025-03-18"",""date_to"":""2026-09-01"",""game_data"":[""pbp""],""leagues"":[""NBA""],""market_data"":[""candles""],""markets"":[""kalshi""],""seasons"":[""2025-2026""],""sports"":[""NBA""]}",TRADABLE_YES_BID,1_MINUTE_CANDLE,available_at,FIRST_TOUCH,"{""id"":""entry_mtw2zh6b_f4q8g"",""op"":""FIRST_TOUCH"",""ordinal"":""FIRST_TOUCH"",""period"":""Q2"",""price_e4"":6800,""source_vocabulary"":""TOUCH""}",REACH,"{""id"":""exit_mty0bwbw_mvfqe"",""op"":""REACH"",""outcome"":""win"",""price_e4"":9500}",REACH,"{""id"":""exit_mtug1t99_aq1lv"",""op"":""REACH"",""outcome"":""loss"",""price_e4"":4500}",HOLD_TO_SETTLEMENT,c5430eb845ac4cefb3c281ac543b383aad9652b9d0817d0605ab42bca6970657,1.0.0,2026-09-13T06:28:48Z,1.0.0,1.0.0,1.0.0,2026-09-13T06:28:48Z,READY,224,116,108,0.517857,0.482143,2700,2300,1.173913,289.285714,NBA_20251119_CHI_POR,KXNBAGAME-25NOV19CHIPOR-CHI,2025-11-20T04:00:00Z,6800,FIRST_TOUCH,Q2,PT03M49.00S,2025-11-20T04:54:00Z,9600,REACH,,,,WIN,YES,10000,a1bee2f832bba4fbfbee499c6c89c2cf1a011d365a81efc1b5ef04b1ed6b0236,,,,,,,,,,,,,,,,,,,,,,,,,,,,,,,,,,,,,,,,,,,,,,,,,,,,,,,,,,,,,,,,,,,,,,,,,,,,,,,,
row,913 ITI-01,NBA,NBA,2025-2026,2025-03-18,2026-09-01,"{""date_from"":""2025-03-18"",""date_to"":""2026-09-01"",""game_data"":[""pbp""],""leagues"":[""NBA""],""market_data"":[""candles""],""markets"":[""kalshi""],""seasons"":[""2025-2026""],""sports"":[""NBA""]}",TRADABLE_YES_BID,1_MINUTE_CANDLE,available_at,FIRST_TOUCH,"{""id"":""entry_mtw2zh6b_f4q8g"",""op"":""FIRST_TOUCH"",""ordinal"":""FIRST_TOUCH"",""period"":""Q2"",""price_e4"":6800,""source_vocabulary"":""TOUCH""}",REACH,"{""id"":""exit_mty0bwbw_mvfqe"",""op"":""REACH"",""outcome"":""win"",""price_e4"":9500}",REACH,"{""id"":""exit_mtug1t99_aq1lv"",""op"":""REACH"",""outcome"":""loss"",""price_e4"":4500}",HOLD_TO_SETTLEMENT,c5430eb845ac4cefb3c281ac543b383aad9652b9d0817d0605ab42bca6970657,1.0.0,2026-09-13T06:28:48Z,1.0.0,1.0.0,1.0.0,2026-09-13T06:28:48Z,READY,224,116,108,0.517857,0.482143,2700,2300,1.173913,289.285714,NBA_20251120_ATL_SAS,KXNBAGAME-25NOV20ATLSAS-SAS,2025-11-21T01:48:00Z,7200,FIRST_TOUCH,Q2,PT06M49.00S,2025-11-21T03:07:00Z,9500,REACH,,,,WIN,YES,10000,a1bee2f832bba4fbfbee499c6c89c2cf1a011d365a81efc1b5ef04b1ed6b0236,,,,,,,,,,,,,,,,,,,,,,,,,,,,,,,,,,,,,,,,,,,,,,,,,,,,,,,,,,,,,,,,,,,,,,,,,,,,,,,,
row,913 ITI-01,NBA,NBA,2025-2026,2025-03-18,2026-09-01,"{""date_from"":""2025-03-18"",""date_to"":""2026-09-01"",""game_data"":[""pbp""],""leagues"":[""NBA""],""market_data"":[""candles""],""markets"":[""kalshi""],""seasons"":[""2025-2026""],""sports"":[""NBA""]}",TRADABLE_YES_BID,1_MINUTE_CANDLE,available_at,FIRST_TOUCH,"{""id"":""entry_mtw2zh6b_f4q8g"",""op"":""FIRST_TOUCH"",""ordinal"":""FIRST_TOUCH"",""period"":""Q2"",""price_e4"":6800,""source_vocabulary"":""TOUCH""}",REACH,"{""id"":""exit_mty0bwbw_mvfqe"",""op"":""REACH"",""outcome"":""win"",""price_e4"":9500}",REACH,"{""id"":""exit_mtug1t99_aq1lv"",""op"":""REACH"",""outcome"":""loss"",""price_e4"":4500}",HOLD_TO_SETTLEMENT,c5430eb845ac4cefb3c281ac543b383aad9652b9d0817d0605ab42bca6970657,1.0.0,2026-09-13T06:28:48Z,1.0.0,1.0.0,1.0.0,2026-09-13T06:28:48Z,READY,224,116,108,0.517857,0.482143,2700,2300,1.173913,289.285714,NBA_20251121_MIA_CHI,KXNBAGAME-25NOV21MIACHI-MIA,2025-11-22T01:57:00Z,7100,FIRST_TOUCH,Q2,PT06M40.00S,2025-11-22T02:41:00Z,9500,REACH,,,,WIN,YES,10000,a1bee2f832bba4fbfbee499c6c89c2cf1a011d365a81efc1b5ef04b1ed6b0236,,,,,,,,,,,,,,,,,,,,,,,,,,,,,,,,,,,,,,,,,,,,,,,,,,,,,,,,,,,,,,,,,,,,,,,,,,,,,,,,
row,913 ITI-01,NBA,NBA,2025-2026,2025-03-18,2026-09-01,"{""date_from"":""2025-03-18"",""date_to"":""2026-09-01"",""game_data"":[""pbp""],""leagues"":[""NBA""],""market_data"":[""candles""],""markets"":[""kalshi""],""seasons"":[""2025-2026""],""sports"":[""NBA""]}",TRADABLE_YES_BID,1_MINUTE_CANDLE,available_at,FIRST_TOUCH,"{""id"":""entry_mtw2zh6b_f4q8g"",""op"":""FIRST_TOUCH"",""ordinal"":""FIRST_TOUCH"",""period"":""Q2"",""price_e4"":6800,""source_vocabulary"":""TOUCH""}",REACH,"{""id"":""exit_mty0bwbw_mvfqe"",""op"":""REACH"",""outcome"":""win"",""price_e4"":9500}",REACH,"{""id"":""exit_mtug1t99_aq1lv"",""op"":""REACH"",""outcome"":""loss"",""price_e4"":4500}",HOLD_TO_SETTLEMENT,c5430eb845ac4cefb3c281ac543b383aad9652b9d0817d0605ab42bca6970657,1.0.0,2026-09-13T06:28:48Z,1.0.0,1.0.0,1.0.0,2026-09-13T06:28:48Z,READY,224,116,108,0.517857,0.482143,2700,2300,1.173913,289.285714,NBA_20251121_MIN_PHX,KXNBAGAME-25NOV21MINPHX-PHX,2025-11-22T02:49:00Z,6800,FIRST_TOUCH,Q2,PT08M29.00S,,,,2025-11-22T03:32:00Z,4300,REACH,LOSS,YES,10000,a1bee2f832bba4fbfbee499c6c89c2cf1a011d365a81efc1b5ef04b1ed6b0236,,,,,,,,,,,,,,,,,,,,,,,,,,,,,,,,,,,,,,,,,,,,,,,,,,,,,,,,,,,,,,,,,,,,,,,,,,,,,,,,
row,913 ITI-01,NBA,NBA,2025-2026,2025-03-18,2026-09-01,"{""date_from"":""2025-03-18"",""date_to"":""2026-09-01"",""game_data"":[""pbp""],""leagues"":[""NBA""],""market_data"":[""candles""],""markets"":[""kalshi""],""seasons"":[""2025-2026""],""sports"":[""NBA""]}",TRADABLE_YES_BID,1_MINUTE_CANDLE,available_at,FIRST_TOUCH,"{""id"":""entry_mtw2zh6b_f4q8g"",""op"":""FIRST_TOUCH"",""ordinal"":""FIRST_TOUCH"",""period"":""Q2"",""price_e4"":6800,""source_vocabulary"":""TOUCH""}",REACH,"{""id"":""exit_mty0bwbw_mvfqe"",""op"":""REACH"",""outcome"":""win"",""price_e4"":9500}",REACH,"{""id"":""exit_mtug1t99_aq1lv"",""op"":""REACH"",""outcome"":""loss"",""price_e4"":4500}",HOLD_TO_SETTLEMENT,c5430eb845ac4cefb3c281ac543b383aad9652b9d0817d0605ab42bca6970657,1.0.0,2026-09-13T06:28:48Z,1.0.0,1.0.0,1.0.0,2026-09-13T06:28:48Z,READY,224,116,108,0.517857,0.482143,2700,2300,1.173913,289.285714,NBA_20251121_NOP_DAL,KXNBAGAME-25NOV21NOPDAL-NOP,2025-11-22T02:21:00Z,7100,FIRST_TOUCH,Q2,PT06M10.00S,,,,2025-11-22T03:11:00Z,4500,REACH,LOSS,NO,0,a1bee2f832bba4fbfbee499c6c89c2cf1a011d365a81efc1b5ef04b1ed6b0236,,,,,,,,,,,,,,,,,,,,,,,,,,,,,,,,,,,,,,,,,,,,,,,,,,,,,,,,,,,,,,,,,,,,,,,,,,,,,,,,
row,913 ITI-01,NBA,NBA,2025-2026,2025-03-18,2026-09-01,"{""date_from"":""2025-03-18"",""date_to"":""2026-09-01"",""game_data"":[""pbp""],""leagues"":[""NBA""],""market_data"":[""candles""],""markets"":[""kalshi""],""seasons"":[""2025-2026""],""sports"":[""NBA""]}",TRADABLE_YES_BID,1_MINUTE_CANDLE,available_at,FIRST_TOUCH,"{""id"":""entry_mtw2zh6b_f4q8g"",""op"":""FIRST_TOUCH"",""ordinal"":""FIRST_TOUCH"",""period"":""Q2"",""price_e4"":6800,""source_vocabulary"":""TOUCH""}",REACH,"{""id"":""exit_mty0bwbw_mvfqe"",""op"":""REACH"",""outcome"":""win"",""price_e4"":9500}",REACH,"{""id"":""exit_mtug1t99_aq1lv"",""op"":""REACH"",""outcome"":""loss"",""price_e4"":4500}",HOLD_TO_SETTLEMENT,c5430eb845ac4cefb3c281ac543b383aad9652b9d0817d0605ab42bca6970657,1.0.0,2026-09-13T06:28:48Z,1.0.0,1.0.0,1.0.0,2026-09-13T06:28:48Z,READY,224,116,108,0.517857,0.482143,2700,2300,1.173913,289.285714,NBA_20251122_LAC_CHA,KXNBAGAME-25NOV22LACCHA-LAC,2025-11-22T18:44:00Z,6900,FIRST_TOUCH,Q2,PT10M22.00S,2025-11-22T19:57:00Z,9700,REACH,,,,WIN,YES,10000,a1bee2f832bba4fbfbee499c6c89c2cf1a011d365a81efc1b5ef04b1ed6b0236,,,,,,,,,,,,,,,,,,,,,,,,,,,,,,,,,,,,,,,,,,,,,,,,,,,,,,,,,,,,,,,,,,,,,,,,,,,,,,,,
row,913 ITI-01,NBA,NBA,2025-2026,2025-03-18,2026-09-01,"{""date_from"":""2025-03-18"",""date_to"":""2026-09-01"",""game_data"":[""pbp""],""leagues"":[""NBA""],""market_data"":[""candles""],""markets"":[""kalshi""],""seasons"":[""2025-2026""],""sports"":[""NBA""]}",TRADABLE_YES_BID,1_MINUTE_CANDLE,available_at,FIRST_TOUCH,"{""id"":""entry_mtw2zh6b_f4q8g"",""op"":""FIRST_TOUCH"",""ordinal"":""FIRST_TOUCH"",""period"":""Q2"",""price_e4"":6800,""source_vocabulary"":""TOUCH""}",REACH,"{""id"":""exit_mty0bwbw_mvfqe"",""op"":""REACH"",""outcome"":""win"",""price_e4"":9500}",REACH,"{""id"":""exit_mtug1t99_aq1lv"",""op"":""REACH"",""outcome"":""loss"",""price_e4"":4500}",HOLD_TO_SETTLEMENT,c5430eb845ac4cefb3c281ac543b383aad9652b9d0817d0605ab42bca6970657,1.0.0,2026-09-13T06:28:48Z,1.0.0,1.0.0,1.0.0,2026-09-13T06:28:48Z,READY,224,116,108,0.517857,0.482143,2700,2300,1.173913,289.285714,NBA_20251124_CHI_NOP,KXNBAGAME-25NOV24CHINOP-NOP,2025-11-25T01:48:00Z,7500,FIRST_TOUCH,Q2,PT07M31.00S,2025-11-25T03:07:00Z,9500,REACH,,,,WIN,YES,10000,a1bee2f832bba4fbfbee499c6c89c2cf1a011d365a81efc1b5ef04b1ed6b0236,,,,,,,,,,,,,,,,,,,,,,,,,,,,,,,,,,,,,,,,,,,,,,,,,,,,,,,,,,,,,,,,,,,,,,,,,,,,,,,,
row,913 ITI-01,NBA,NBA,2025-2026,2025-03-18,2026-09-01,"{""date_from"":""2025-03-18"",""date_to"":""2026-09-01"",""game_data"":[""pbp""],""leagues"":[""NBA""],""market_data"":[""candles""],""markets"":[""kalshi""],""seasons"":[""2025-2026""],""sports"":[""NBA""]}",TRADABLE_YES_BID,1_MINUTE_CANDLE,available_at,FIRST_TOUCH,"{""id"":""entry_mtw2zh6b_f4q8g"",""op"":""FIRST_TOUCH"",""ordinal"":""FIRST_TOUCH"",""period"":""Q2"",""price_e4"":6800,""source_vocabulary"":""TOUCH""}",REACH,"{""id"":""exit_mty0bwbw_mvfqe"",""op"":""REACH"",""outcome"":""win"",""price_e4"":9500}",REACH,"{""id"":""exit_mtug1t99_aq1lv"",""op"":""REACH"",""outcome"":""loss"",""price_e4"":4500}",HOLD_TO_SETTLEMENT,c5430eb845ac4cefb3c281ac543b383aad9652b9d0817d0605ab42bca6970657,1.0.0,2026-09-13T06:28:48Z,1.0.0,1.0.0,1.0.0,2026-09-13T06:28:48Z,READY,224,116,108,0.517857,0.482143,2700,2300,1.173913,289.285714,NBA_20251124_POR_MIL,KXNBAGAME-25NOV24PORMIL-POR,2025-11-25T01:56:00Z,7100,FIRST_TOUCH,Q2,PT03M11.00S,2025-11-25T02:48:00Z,9500,REACH,,,,WIN,YES,10000,a1bee2f832bba4fbfbee499c6c89c2cf1a011d365a81efc1b5ef04b1ed6b0236,,,,,,,,,,,,,,,,,,,,,,,,,,,,,,,,,,,,,,,,,,,,,,,,,,,,,,,,,,,,,,,,,,,,,,,,,,,,,,,,
row,913 ITI-01,NBA,NBA,2025-2026,2025-03-18,2026-09-01,"{""date_from"":""2025-03-18"",""date_to"":""2026-09-01"",""game_data"":[""pbp""],""leagues"":[""NBA""],""market_data"":[""candles""],""markets"":[""kalshi""],""seasons"":[""2025-2026""],""sports"":[""NBA""]}",TRADABLE_YES_BID,1_MINUTE_CANDLE,available_at,FIRST_TOUCH,"{""id"":""entry_mtw2zh6b_f4q8g"",""op"":""FIRST_TOUCH"",""ordinal"":""FIRST_TOUCH"",""period"":""Q2"",""price_e4"":6800,""source_vocabulary"":""TOUCH""}",REACH,"{""id"":""exit_mty0bwbw_mvfqe"",""op"":""REACH"",""outcome"":""win"",""price_e4"":9500}",REACH,"{""id"":""exit_mtug1t99_aq1lv"",""op"":""REACH"",""outcome"":""loss"",""price_e4"":4500}",HOLD_TO_SETTLEMENT,c5430eb845ac4cefb3c281ac543b383aad9652b9d0817d0605ab42bca6970657,1.0.0,2026-09-13T06:28:48Z,1.0.0,1.0.0,1.0.0,2026-09-13T06:28:48Z,READY,224,116,108,0.517857,0.482143,2700,2300,1.173913,289.285714,NBA_20251126_MEM_NOP,KXNBAGAME-25NOV26MEMNOP-NOP,2025-11-27T01:43:00Z,7000,FIRST_TOUCH,Q2,PT10M03.00S,,,,2025-11-27T01:57:00Z,4500,REACH,LOSS,NO,0,a1bee2f832bba4fbfbee499c6c89c2cf1a011d365a81efc1b5ef04b1ed6b0236,,,,,,,,,,,,,,,,,,,,,,,,,,,,,,,,,,,,,,,,,,,,,,,,,,,,,,,,,,,,,,,,,,,,,,,,,,,,,,,,
row,913 ITI-01,NBA,NBA,2025-2026,2025-03-18,2026-09-01,"{""date_from"":""2025-03-18"",""date_to"":""2026-09-01"",""game_data"":[""pbp""],""leagues"":[""NBA""],""market_data"":[""candles""],""markets"":[""kalshi""],""seasons"":[""2025-2026""],""sports"":[""NBA""]}",TRADABLE_YES_BID,1_MINUTE_CANDLE,available_at,FIRST_TOUCH,"{""id"":""entry_mtw2zh6b_f4q8g"",""op"":""FIRST_TOUCH"",""ordinal"":""FIRST_TOUCH"",""period"":""Q2"",""price_e4"":6800,""source_vocabulary"":""TOUCH""}",REACH,"{""id"":""exit_mty0bwbw_mvfqe"",""op"":""REACH"",""outcome"":""win"",""price_e4"":9500}",REACH,"{""id"":""exit_mtug1t99_aq1lv"",""op"":""REACH"",""outcome"":""loss"",""price_e4"":4500}",HOLD_TO_SETTLEMENT,c5430eb845ac4cefb3c281ac543b383aad9652b9d0817d0605ab42bca6970657,1.0.0,2026-09-13T06:28:48Z,1.0.0,1.0.0,1.0.0,2026-09-13T06:28:48Z,READY,224,116,108,0.517857,0.482143,2700,2300,1.173913,289.285714,NBA_20251128_CHI_CHA,KXNBAGAME-25NOV28CHICHA-CHA,2025-11-29T01:34:00Z,6900,FIRST_TOUCH,Q2,PT02M02.00S,,,,2025-11-29T02:10:00Z,4000,REACH,LOSS,YES,10000,a1bee2f832bba4fbfbee499c6c89c2cf1a011d365a81efc1b5ef04b1ed6b0236,,,,,,,,,,,,,,,,,,,,,,,,,,,,,,,,,,,,,,,,,,,,,,,,,,,,,,,,,,,,,,,,,,,,,,,,,,,,,,,,
row,913 ITI-01,NBA,NBA,2025-2026,2025-03-18,2026-09-01,"{""date_from"":""2025-03-18"",""date_to"":""2026-09-01"",""game_data"":[""pbp""],""leagues"":[""NBA""],""market_data"":[""candles""],""markets"":[""kalshi""],""seasons"":[""2025-2026""],""sports"":[""NBA""]}",TRADABLE_YES_BID,1_MINUTE_CANDLE,available_at,FIRST_TOUCH,"{""id"":""entry_mtw2zh6b_f4q8g"",""op"":""FIRST_TOUCH"",""ordinal"":""FIRST_TOUCH"",""period"":""Q2"",""price_e4"":6800,""source_vocabulary"":""TOUCH""}",REACH,"{""id"":""exit_mty0bwbw_mvfqe"",""op"":""REACH"",""outcome"":""win"",""price_e4"":9500}",REACH,"{""id"":""exit_mtug1t99_aq1lv"",""op"":""REACH"",""outcome"":""loss"",""price_e4"":4500}",HOLD_TO_SETTLEMENT,c5430eb845ac4cefb3c281ac543b383aad9652b9d0817d0605ab42bca6970657,1.0.0,2026-09-13T06:28:48Z,1.0.0,1.0.0,1.0.0,2026-09-13T06:28:48Z,READY,224,116,108,0.517857,0.482143,2700,2300,1.173913,289.285714,NBA_20251128_SAC_UTA,KXNBAGAME-25NOV28SACUTA-UTA,2025-11-29T03:16:00Z,7200,FIRST_TOUCH,Q2,PT09M40.00S,2025-11-29T04:28:00Z,9500,REACH,,,,WIN,YES,10000,a1bee2f832bba4fbfbee499c6c89c2cf1a011d365a81efc1b5ef04b1ed6b0236,,,,,,,,,,,,,,,,,,,,,,,,,,,,,,,,,,,,,,,,,,,,,,,,,,,,,,,,,,,,,,,,,,,,,,,,,,,,,,,,
row,913 ITI-01,NBA,NBA,2025-2026,2025-03-18,2026-09-01,"{""date_from"":""2025-03-18"",""date_to"":""2026-09-01"",""game_data"":[""pbp""],""leagues"":[""NBA""],""market_data"":[""candles""],""markets"":[""kalshi""],""seasons"":[""2025-2026""],""sports"":[""NBA""]}",TRADABLE_YES_BID,1_MINUTE_CANDLE,available_at,FIRST_TOUCH,"{""id"":""entry_mtw2zh6b_f4q8g"",""op"":""FIRST_TOUCH"",""ordinal"":""FIRST_TOUCH"",""period"":""Q2"",""price_e4"":6800,""source_vocabulary"":""TOUCH""}",REACH,"{""id"":""exit_mty0bwbw_mvfqe"",""op"":""REACH"",""outcome"":""win"",""price_e4"":9500}",REACH,"{""id"":""exit_mtug1t99_aq1lv"",""op"":""REACH"",""outcome"":""loss"",""price_e4"":4500}",HOLD_TO_SETTLEMENT,c5430eb845ac4cefb3c281ac543b383aad9652b9d0817d0605ab42bca6970657,1.0.0,2026-09-13T06:28:48Z,1.0.0,1.0.0,1.0.0,2026-09-13T06:28:48Z,READY,224,116,108,0.517857,0.482143,2700,2300,1.173913,289.285714,NBA_20251130_ATL_PHI,KXNBAGAME-25NOV30ATLPHI-PHI,2025-11-30T23:46:00Z,6800,FIRST_TOUCH,Q2,PT07M25.00S,,,,2025-12-01T00:55:00Z,4500,REACH,LOSS,NO,0,a1bee2f832bba4fbfbee499c6c89c2cf1a011d365a81efc1b5ef04b1ed6b0236,,,,,,,,,,,,,,,,,,,,,,,,,,,,,,,,,,,,,,,,,,,,,,,,,,,,,,,,,,,,,,,,,,,,,,,,,,,,,,,,
row,913 ITI-01,NBA,NBA,2025-2026,2025-03-18,2026-09-01,"{""date_from"":""2025-03-18"",""date_to"":""2026-09-01"",""game_data"":[""pbp""],""leagues"":[""NBA""],""market_data"":[""candles""],""markets"":[""kalshi""],""seasons"":[""2025-2026""],""sports"":[""NBA""]}",TRADABLE_YES_BID,1_MINUTE_CANDLE,available_at,FIRST_TOUCH,"{""id"":""entry_mtw2zh6b_f4q8g"",""op"":""FIRST_TOUCH"",""ordinal"":""FIRST_TOUCH"",""period"":""Q2"",""price_e4"":6800,""source_vocabulary"":""TOUCH""}",REACH,"{""id"":""exit_mty0bwbw_mvfqe"",""op"":""REACH"",""outcome"":""win"",""price_e4"":9500}",REACH,"{""id"":""exit_mtug1t99_aq1lv"",""op"":""REACH"",""outcome"":""loss"",""price_e4"":4500}",HOLD_TO_SETTLEMENT,c5430eb845ac4cefb3c281ac543b383aad9652b9d0817d0605ab42bca6970657,1.0.0,2026-09-13T06:28:48Z,1.0.0,1.0.0,1.0.0,2026-09-13T06:28:48Z,READY,224,116,108,0.517857,0.482143,2700,2300,1.173913,289.285714,NBA_20251203_LAC_ATL,KXNBAGAME-25DEC03LACATL-LAC,2025-12-04T01:34:00Z,7700,FIRST_TOUCH,Q2,PT01M27.00S,2025-12-04T02:19:00Z,9500,REACH,,,,WIN,YES,10000,a1bee2f832bba4fbfbee499c6c89c2cf1a011d365a81efc1b5ef04b1ed6b0236,,,,,,,,,,,,,,,,,,,,,,,,,,,,,,,,,,,,,,,,,,,,,,,,,,,,,,,,,,,,,,,,,,,,,,,,,,,,,,,,
row,913 ITI-01,NBA,NBA,2025-2026,2025-03-18,2026-09-01,"{""date_from"":""2025-03-18"",""date_to"":""2026-09-01"",""game_data"":[""pbp""],""leagues"":[""NBA""],""market_data"":[""candles""],""markets"":[""kalshi""],""seasons"":[""2025-2026""],""sports"":[""NBA""]}",TRADABLE_YES_BID,1_MINUTE_CANDLE,available_at,FIRST_TOUCH,"{""id"":""entry_mtw2zh6b_f4q8g"",""op"":""FIRST_TOUCH"",""ordinal"":""FIRST_TOUCH"",""period"":""Q2"",""price_e4"":6800,""source_vocabulary"":""TOUCH""}",REACH,"{""id"":""exit_mty0bwbw_mvfqe"",""op"":""REACH"",""outcome"":""win"",""price_e4"":9500}",REACH,"{""id"":""exit_mtug1t99_aq1lv"",""op"":""REACH"",""outcome"":""loss"",""price_e4"":4500}",HOLD_TO_SETTLEMENT,c5430eb845ac4cefb3c281ac543b383aad9652b9d0817d0605ab42bca6970657,1.0.0,2026-09-13T06:28:48Z,1.0.0,1.0.0,1.0.0,2026-09-13T06:28:48Z,READY,224,116,108,0.517857,0.482143,2700,2300,1.173913,289.285714,NBA_20251204_LAL_TOR,KXNBAGAME-25DEC04LALTOR-LAL,2025-12-05T01:31:00Z,7300,FIRST_TOUCH,Q2,PT02M27.00S,,,,2025-12-05T02:39:00Z,3600,REACH,LOSS,YES,10000,a1bee2f832bba4fbfbee499c6c89c2cf1a011d365a81efc1b5ef04b1ed6b0236,,,,,,,,,,,,,,,,,,,,,,,,,,,,,,,,,,,,,,,,,,,,,,,,,,,,,,,,,,,,,,,,,,,,,,,,,,,,,,,,
row,913 ITI-01,NBA,NBA,2025-2026,2025-03-18,2026-09-01,"{""date_from"":""2025-03-18"",""date_to"":""2026-09-01"",""game_data"":[""pbp""],""leagues"":[""NBA""],""market_data"":[""candles""],""markets"":[""kalshi""],""seasons"":[""2025-2026""],""sports"":[""NBA""]}",TRADABLE_YES_BID,1_MINUTE_CANDLE,available_at,FIRST_TOUCH,"{""id"":""entry_mtw2zh6b_f4q8g"",""op"":""FIRST_TOUCH"",""ordinal"":""FIRST_TOUCH"",""period"":""Q2"",""price_e4"":6800,""source_vocabulary"":""TOUCH""}",REACH,"{""id"":""exit_mty0bwbw_mvfqe"",""op"":""REACH"",""outcome"":""win"",""price_e4"":9500}",REACH,"{""id"":""exit_mtug1t99_aq1lv"",""op"":""REACH"",""outcome"":""loss"",""price_e4"":4500}",HOLD_TO_SETTLEMENT,c5430eb845ac4cefb3c281ac543b383aad9652b9d0817d0605ab42bca6970657,1.0.0,2026-09-13T06:28:48Z,1.0.0,1.0.0,1.0.0,2026-09-13T06:28:48Z,READY,224,116,108,0.517857,0.482143,2700,2300,1.173913,289.285714,NBA_20251204_UTA_BKN,KXNBAGAME-25DEC04UTABKN-BKN,2025-12-05T01:20:00Z,6900,FIRST_TOUCH,Q2,PT06M04.00S,,,,2025-12-05T01:58:00Z,4500,REACH,LOSS,NO,0,a1bee2f832bba4fbfbee499c6c89c2cf1a011d365a81efc1b5ef04b1ed6b0236,,,,,,,,,,,,,,,,,,,,,,,,,,,,,,,,,,,,,,,,,,,,,,,,,,,,,,,,,,,,,,,,,,,,,,,,,,,,,,,,
row,913 ITI-01,NBA,NBA,2025-2026,2025-03-18,2026-09-01,"{""date_from"":""2025-03-18"",""date_to"":""2026-09-01"",""game_data"":[""pbp""],""leagues"":[""NBA""],""market_data"":[""candles""],""markets"":[""kalshi""],""seasons"":[""2025-2026""],""sports"":[""NBA""]}",TRADABLE_YES_BID,1_MINUTE_CANDLE,available_at,FIRST_TOUCH,"{""id"":""entry_mtw2zh6b_f4q8g"",""op"":""FIRST_TOUCH"",""ordinal"":""FIRST_TOUCH"",""period"":""Q2"",""price_e4"":6800,""source_vocabulary"":""TOUCH""}",REACH,"{""id"":""exit_mty0bwbw_mvfqe"",""op"":""REACH"",""outcome"":""win"",""price_e4"":9500}",REACH,"{""id"":""exit_mtug1t99_aq1lv"",""op"":""REACH"",""outcome"":""loss"",""price_e4"":4500}",HOLD_TO_SETTLEMENT,c5430eb845ac4cefb3c281ac543b383aad9652b9d0817d0605ab42bca6970657,1.0.0,2026-09-13T06:28:48Z,1.0.0,1.0.0,1.0.0,2026-09-13T06:28:48Z,READY,224,116,108,0.517857,0.482143,2700,2300,1.173913,289.285714,NBA_20251205_LAC_MEM,KXNBAGAME-25DEC05LACMEM-LAC,2025-12-06T01:48:00Z,6800,FIRST_TOUCH,Q2,PT06M15.00S,,,,2025-12-06T02:25:00Z,4000,REACH,LOSS,NO,0,a1bee2f832bba4fbfbee499c6c89c2cf1a011d365a81efc1b5ef04b1ed6b0236,,,,,,,,,,,,,,,,,,,,,,,,,,,,,,,,,,,,,,,,,,,,,,,,,,,,,,,,,,,,,,,,,,,,,,,,,,,,,,,,
row,913 ITI-01,NBA,NBA,2025-2026,2025-03-18,2026-09-01,"{""date_from"":""2025-03-18"",""date_to"":""2026-09-01"",""game_data"":[""pbp""],""leagues"":[""NBA""],""market_data"":[""candles""],""markets"":[""kalshi""],""seasons"":[""2025-2026""],""sports"":[""NBA""]}",TRADABLE_YES_BID,1_MINUTE_CANDLE,available_at,FIRST_TOUCH,"{""id"":""entry_mtw2zh6b_f4q8g"",""op"":""FIRST_TOUCH"",""ordinal"":""FIRST_TOUCH"",""period"":""Q2"",""price_e4"":6800,""source_vocabulary"":""TOUCH""}",REACH,"{""id"":""exit_mty0bwbw_mvfqe"",""op"":""REACH"",""outcome"":""win"",""price_e4"":9500}",REACH,"{""id"":""exit_mtug1t99_aq1lv"",""op"":""REACH"",""outcome"":""loss"",""price_e4"":4500}",HOLD_TO_SETTLEMENT,c5430eb845ac4cefb3c281ac543b383aad9652b9d0817d0605ab42bca6970657,1.0.0,2026-09-13T06:28:48Z,1.0.0,1.0.0,1.0.0,2026-09-13T06:28:48Z,READY,224,116,108,0.517857,0.482143,2700,2300,1.173913,289.285714,NBA_20251206_LAC_MIN,KXNBAGAME-25DEC06LACMIN-LAC,2025-12-07T01:54:00Z,7000,FIRST_TOUCH,Q2,PT03M54.00S,,,,2025-12-07T02:43:00Z,4500,REACH,LOSS,NO,0,a1bee2f832bba4fbfbee499c6c89c2cf1a011d365a81efc1b5ef04b1ed6b0236,,,,,,,,,,,,,,,,,,,,,,,,,,,,,,,,,,,,,,,,,,,,,,,,,,,,,,,,,,,,,,,,,,,,,,,,,,,,,,,,
row,913 ITI-01,NBA,NBA,2025-2026,2025-03-18,2026-09-01,"{""date_from"":""2025-03-18"",""date_to"":""2026-09-01"",""game_data"":[""pbp""],""leagues"":[""NBA""],""market_data"":[""candles""],""markets"":[""kalshi""],""seasons"":[""2025-2026""],""sports"":[""NBA""]}",TRADABLE_YES_BID,1_MINUTE_CANDLE,available_at,FIRST_TOUCH,"{""id"":""entry_mtw2zh6b_f4q8g"",""op"":""FIRST_TOUCH"",""ordinal"":""FIRST_TOUCH"",""period"":""Q2"",""price_e4"":6800,""source_vocabulary"":""TOUCH""}",REACH,"{""id"":""exit_mty0bwbw_mvfqe"",""op"":""REACH"",""outcome"":""win"",""price_e4"":9500}",REACH,"{""id"":""exit_mtug1t99_aq1lv"",""op"":""REACH"",""outcome"":""loss"",""price_e4"":4500}",HOLD_TO_SETTLEMENT,c5430eb845ac4cefb3c281ac543b383aad9652b9d0817d0605ab42bca6970657,1.0.0,2026-09-13T06:28:48Z,1.0.0,1.0.0,1.0.0,2026-09-13T06:28:48Z,READY,224,116,108,0.517857,0.482143,2700,2300,1.173913,289.285714,NBA_20251206_SAC_MIA,KXNBAGAME-25DEC06SACMIA-SAC,2025-12-07T02:08:00Z,7200,FIRST_TOUCH,Q2,PT00M22.50S,2025-12-07T02:44:00Z,9600,REACH,,,,WIN,YES,10000,a1bee2f832bba4fbfbee499c6c89c2cf1a011d365a81efc1b5ef04b1ed6b0236,,,,,,,,,,,,,,,,,,,,,,,,,,,,,,,,,,,,,,,,,,,,,,,,,,,,,,,,,,,,,,,,,,,,,,,,,,,,,,,,
row,913 ITI-01,NBA,NBA,2025-2026,2025-03-18,2026-09-01,"{""date_from"":""2025-03-18"",""date_to"":""2026-09-01"",""game_data"":[""pbp""],""leagues"":[""NBA""],""market_data"":[""candles""],""markets"":[""kalshi""],""seasons"":[""2025-2026""],""sports"":[""NBA""]}",TRADABLE_YES_BID,1_MINUTE_CANDLE,available_at,FIRST_TOUCH,"{""id"":""entry_mtw2zh6b_f4q8g"",""op"":""FIRST_TOUCH"",""ordinal"":""FIRST_TOUCH"",""period"":""Q2"",""price_e4"":6800,""source_vocabulary"":""TOUCH""}",REACH,"{""id"":""exit_mty0bwbw_mvfqe"",""op"":""REACH"",""outcome"":""win"",""price_e4"":9500}",REACH,"{""id"":""exit_mtug1t99_aq1lv"",""op"":""REACH"",""outcome"":""loss"",""price_e4"":4500}",HOLD_TO_SETTLEMENT,c5430eb845ac4cefb3c281ac543b383aad9652b9d0817d0605ab42bca6970657,1.0.0,2026-09-13T06:28:48Z,1.0.0,1.0.0,1.0.0,2026-09-13T06:28:48Z,READY,224,116,108,0.517857,0.482143,2700,2300,1.173913,289.285714,NBA_20251207_ORL_NYK,KXNBAGAME-25DEC07ORLNYK-NYK,2025-12-07T17:51:00Z,7100,FIRST_TOUCH,Q2,PT09M47.00S,2025-12-07T19:02:00Z,9500,REACH,,,,WIN,YES,10000,a1bee2f832bba4fbfbee499c6c89c2cf1a011d365a81efc1b5ef04b1ed6b0236,,,,,,,,,,,,,,,,,,,,,,,,,,,,,,,,,,,,,,,,,,,,,,,,,,,,,,,,,,,,,,,,,,,,,,,,,,,,,,,,
row,913 ITI-01,NBA,NBA,2025-2026,2025-03-18,2026-09-01,"{""date_from"":""2025-03-18"",""date_to"":""2026-09-01"",""game_data"":[""pbp""],""leagues"":[""NBA""],""market_data"":[""candles""],""markets"":[""kalshi""],""seasons"":[""2025-2026""],""sports"":[""NBA""]}",TRADABLE_YES_BID,1_MINUTE_CANDLE,available_at,FIRST_TOUCH,"{""id"":""entry_mtw2zh6b_f4q8g"",""op"":""FIRST_TOUCH"",""ordinal"":""FIRST_TOUCH"",""period"":""Q2"",""price_e4"":6800,""source_vocabulary"":""TOUCH""}",REACH,"{""id"":""exit_mty0bwbw_mvfqe"",""op"":""REACH"",""outcome"":""win"",""price_e4"":9500}",REACH,"{""id"":""exit_mtug1t99_aq1lv"",""op"":""REACH"",""outcome"":""loss"",""price_e4"":4500}",HOLD_TO_SETTLEMENT,c5430eb845ac4cefb3c281ac543b383aad9652b9d0817d0605ab42bca6970657,1.0.0,2026-09-13T06:28:48Z,1.0.0,1.0.0,1.0.0,2026-09-13T06:28:48Z,READY,224,116,108,0.517857,0.482143,2700,2300,1.173913,289.285714,NBA_20251210_SAS_LAL,KXNBAGAME-25DEC10SASLAL-SAS,2025-12-11T03:59:00Z,6800,FIRST_TOUCH,Q2,PT07M40.00S,2025-12-11T05:11:00Z,9500,REACH,,,,WIN,YES,10000,a1bee2f832bba4fbfbee499c6c89c2cf1a011d365a81efc1b5ef04b1ed6b0236,,,,,,,,,,,,,,,,,,,,,,,,,,,,,,,,,,,,,,,,,,,,,,,,,,,,,,,,,,,,,,,,,,,,,,,,,,,,,,,,
row,913 ITI-01,NBA,NBA,2025-2026,2025-03-18,2026-09-01,"{""date_from"":""2025-03-18"",""date_to"":""2026-09-01"",""game_data"":[""pbp""],""leagues"":[""NBA""],""market_data"":[""candles""],""markets"":[""kalshi""],""seasons"":[""2025-2026""],""sports"":[""NBA""]}",TRADABLE_YES_BID,1_MINUTE_CANDLE,available_at,FIRST_TOUCH,"{""id"":""entry_mtw2zh6b_f4q8g"",""op"":""FIRST_TOUCH"",""ordinal"":""FIRST_TOUCH"",""period"":""Q2"",""price_e4"":6800,""source_vocabulary"":""TOUCH""}",REACH,"{""id"":""exit_mty0bwbw_mvfqe"",""op"":""REACH"",""outcome"":""win"",""price_e4"":9500}",REACH,"{""id"":""exit_mtug1t99_aq1lv"",""op"":""REACH"",""outcome"":""loss"",""price_e4"":4500}",HOLD_TO_SETTLEMENT,c5430eb845ac4cefb3c281ac543b383aad9652b9d0817d0605ab42bca6970657,1.0.0,2026-09-13T06:28:48Z,1.0.0,1.0.0,1.0.0,2026-09-13T06:28:48Z,READY,224,116,108,0.517857,0.482143,2700,2300,1.173913,289.285714,NBA_20251213_NYK_ORL,KXNBAGAME-25DEC13NYKORL-NYK,2025-12-13T23:24:00Z,6900,FIRST_TOUCH,Q2,PT07M46.00S,2025-12-14T00:50:00Z,9500,REACH,,,,WIN,YES,10000,a1bee2f832bba4fbfbee499c6c89c2cf1a011d365a81efc1b5ef04b1ed6b0236,,,,,,,,,,,,,,,,,,,,,,,,,,,,,,,,,,,,,,,,,,,,,,,,,,,,,,,,,,,,,,,,,,,,,,,,,,,,,,,,
row,913 ITI-01,NBA,NBA,2025-2026,2025-03-18,2026-09-01,"{""date_from"":""2025-03-18"",""date_to"":""2026-09-01"",""game_data"":[""pbp""],""leagues"":[""NBA""],""market_data"":[""candles""],""markets"":[""kalshi""],""seasons"":[""2025-2026""],""sports"":[""NBA""]}",TRADABLE_YES_BID,1_MINUTE_CANDLE,available_at,FIRST_TOUCH,"{""id"":""entry_mtw2zh6b_f4q8g"",""op"":""FIRST_TOUCH"",""ordinal"":""FIRST_TOUCH"",""period"":""Q2"",""price_e4"":6800,""source_vocabulary"":""TOUCH""}",REACH,"{""id"":""exit_mty0bwbw_mvfqe"",""op"":""REACH"",""outcome"":""win"",""price_e4"":9500}",REACH,"{""id"":""exit_mtug1t99_aq1lv"",""op"":""REACH"",""outcome"":""loss"",""price_e4"":4500}",HOLD_TO_SETTLEMENT,c5430eb845ac4cefb3c281ac543b383aad9652b9d0817d0605ab42bca6970657,1.0.0,2026-09-13T06:28:48Z,1.0.0,1.0.0,1.0.0,2026-09-13T06:28:48Z,READY,224,116,108,0.517857,0.482143,2700,2300,1.173913,289.285714,NBA_20251215_HOU_DEN,KXNBAGAME-25DEC15HOUDEN-DEN,2025-12-16T03:38:00Z,6800,FIRST_TOUCH,Q2,PT00M24.30S,,,,2025-12-16T04:16:00Z,4500,REACH,LOSS,YES,10000,a1bee2f832bba4fbfbee499c6c89c2cf1a011d365a81efc1b5ef04b1ed6b0236,,,,,,,,,,,,,,,,,,,,,,,,,,,,,,,,,,,,,,,,,,,,,,,,,,,,,,,,,,,,,,,,,,,,,,,,,,,,,,,,
row,913 ITI-01,NBA,NBA,2025-2026,2025-03-18,2026-09-01,"{""date_from"":""2025-03-18"",""date_to"":""2026-09-01"",""game_data"":[""pbp""],""leagues"":[""NBA""],""market_data"":[""candles""],""markets"":[""kalshi""],""seasons"":[""2025-2026""],""sports"":[""NBA""]}",TRADABLE_YES_BID,1_MINUTE_CANDLE,available_at,FIRST_TOUCH,"{""id"":""entry_mtw2zh6b_f4q8g"",""op"":""FIRST_TOUCH"",""ordinal"":""FIRST_TOUCH"",""period"":""Q2"",""price_e4"":6800,""source_vocabulary"":""TOUCH""}",REACH,"{""id"":""exit_mty0bwbw_mvfqe"",""op"":""REACH"",""outcome"":""win"",""price_e4"":9500}",REACH,"{""id"":""exit_mtug1t99_aq1lv"",""op"":""REACH"",""outcome"":""loss"",""price_e4"":4500}",HOLD_TO_SETTLEMENT,c5430eb845ac4cefb3c281ac543b383aad9652b9d0817d0605ab42bca6970657,1.0.0,2026-09-13T06:28:48Z,1.0.0,1.0.0,1.0.0,2026-09-13T06:28:48Z,READY,224,116,108,0.517857,0.482143,2700,2300,1.173913,289.285714,NBA_20251218_ATL_CHA,KXNBAGAME-25DEC18ATLCHA-CHA,2025-12-19T00:45:00Z,6800,FIRST_TOUCH,Q2,PT09M10.00S,2025-12-19T02:20:00Z,9900,REACH,,,,WIN,YES,10000,a1bee2f832bba4fbfbee499c6c89c2cf1a011d365a81efc1b5ef04b1ed6b0236,,,,,,,,,,,,,,,,,,,,,,,,,,,,,,,,,,,,,,,,,,,,,,,,,,,,,,,,,,,,,,,,,,,,,,,,,,,,,,,,
row,913 ITI-01,NBA,NBA,2025-2026,2025-03-18,2026-09-01,"{""date_from"":""2025-03-18"",""date_to"":""2026-09-01"",""game_data"":[""pbp""],""leagues"":[""NBA""],""market_data"":[""candles""],""markets"":[""kalshi""],""seasons"":[""2025-2026""],""sports"":[""NBA""]}",TRADABLE_YES_BID,1_MINUTE_CANDLE,available_at,FIRST_TOUCH,"{""id"":""entry_mtw2zh6b_f4q8g"",""op"":""FIRST_TOUCH"",""ordinal"":""FIRST_TOUCH"",""period"":""Q2"",""price_e4"":6800,""source_vocabulary"":""TOUCH""}",REACH,"{""id"":""exit_mty0bwbw_mvfqe"",""op"":""REACH"",""outcome"":""win"",""price_e4"":9500}",REACH,"{""id"":""exit_mtug1t99_aq1lv"",""op"":""REACH"",""outcome"":""loss"",""price_e4"":4500}",HOLD_TO_SETTLEMENT,c5430eb845ac4cefb3c281ac543b383aad9652b9d0817d0605ab42bca6970657,1.0.0,2026-09-13T06:28:48Z,1.0.0,1.0.0,1.0.0,2026-09-13T06:28:48Z,READY,224,116,108,0.517857,0.482143,2700,2300,1.173913,289.285714,NBA_20251218_DET_DAL,KXNBAGAME-25DEC18DETDAL-DAL,2025-12-19T02:34:00Z,6800,FIRST_TOUCH,Q2,PT02M53.00S,,,,2025-12-19T03:45:00Z,4500,REACH,LOSS,YES,10000,a1bee2f832bba4fbfbee499c6c89c2cf1a011d365a81efc1b5ef04b1ed6b0236,,,,,,,,,,,,,,,,,,,,,,,,,,,,,,,,,,,,,,,,,,,,,,,,,,,,,,,,,,,,,,,,,,,,,,,,,,,,,,,,
row,913 ITI-01,NBA,NBA,2025-2026,2025-03-18,2026-09-01,"{""date_from"":""2025-03-18"",""date_to"":""2026-09-01"",""game_data"":[""pbp""],""leagues"":[""NBA""],""market_data"":[""candles""],""markets"":[""kalshi""],""seasons"":[""2025-2026""],""sports"":[""NBA""]}",TRADABLE_YES_BID,1_MINUTE_CANDLE,available_at,FIRST_TOUCH,"{""id"":""entry_mtw2zh6b_f4q8g"",""op"":""FIRST_TOUCH"",""ordinal"":""FIRST_TOUCH"",""period"":""Q2"",""price_e4"":6800,""source_vocabulary"":""TOUCH""}",REACH,"{""id"":""exit_mty0bwbw_mvfqe"",""op"":""REACH"",""outcome"":""win"",""price_e4"":9500}",REACH,"{""id"":""exit_mtug1t99_aq1lv"",""op"":""REACH"",""outcome"":""loss"",""price_e4"":4500}",HOLD_TO_SETTLEMENT,c5430eb845ac4cefb3c281ac543b383aad9652b9d0817d0605ab42bca6970657,1.0.0,2026-09-13T06:28:48Z,1.0.0,1.0.0,1.0.0,2026-09-13T06:28:48Z,READY,224,116,108,0.517857,0.482143,2700,2300,1.173913,289.285714,NBA_20251218_GSW_PHX,KXNBAGAME-25DEC18GSWPHX-GSW,2025-12-19T03:01:00Z,6800,FIRST_TOUCH,Q2,PT01M19.00S,,,,2025-12-19T03:59:00Z,4000,REACH,LOSS,NO,0,a1bee2f832bba4fbfbee499c6c89c2cf1a011d365a81efc1b5ef04b1ed6b0236,,,,,,,,,,,,,,,,,,,,,,,,,,,,,,,,,,,,,,,,,,,,,,,,,,,,,,,,,,,,,,,,,,,,,,,,,,,,,,,,
row,913 ITI-01,NBA,NBA,2025-2026,2025-03-18,2026-09-01,"{""date_from"":""2025-03-18"",""date_to"":""2026-09-01"",""game_data"":[""pbp""],""leagues"":[""NBA""],""market_data"":[""candles""],""markets"":[""kalshi""],""seasons"":[""2025-2026""],""sports"":[""NBA""]}",TRADABLE_YES_BID,1_MINUTE_CANDLE,available_at,FIRST_TOUCH,"{""id"":""entry_mtw2zh6b_f4q8g"",""op"":""FIRST_TOUCH"",""ordinal"":""FIRST_TOUCH"",""period"":""Q2"",""price_e4"":6800,""source_vocabulary"":""TOUCH""}",REACH,"{""id"":""exit_mty0bwbw_mvfqe"",""op"":""REACH"",""outcome"":""win"",""price_e4"":9500}",REACH,"{""id"":""exit_mtug1t99_aq1lv"",""op"":""REACH"",""outcome"":""loss"",""price_e4"":4500}",HOLD_TO_SETTLEMENT,c5430eb845ac4cefb3c281ac543b383aad9652b9d0817d0605ab42bca6970657,1.0.0,2026-09-13T06:28:48Z,1.0.0,1.0.0,1.0.0,2026-09-13T06:28:48Z,READY,224,116,108,0.517857,0.482143,2700,2300,1.173913,289.285714,NBA_20251220_HOU_DEN,KXNBAGAME-25DEC20HOUDEN-HOU,2025-12-20T22:55:00Z,6800,FIRST_TOUCH,Q2,PT03M53.00S,2025-12-20T23:54:00Z,9500,REACH,,,,WIN,YES,10000,a1bee2f832bba4fbfbee499c6c89c2cf1a011d365a81efc1b5ef04b1ed6b0236,,,,,,,,,,,,,,,,,,,,,,,,,,,,,,,,,,,,,,,,,,,,,,,,,,,,,,,,,,,,,,,,,,,,,,,,,,,,,,,,
row,913 ITI-01,NBA,NBA,2025-2026,2025-03-18,2026-09-01,"{""date_from"":""2025-03-18"",""date_to"":""2026-09-01"",""game_data"":[""pbp""],""leagues"":[""NBA""],""market_data"":[""candles""],""markets"":[""kalshi""],""seasons"":[""2025-2026""],""sports"":[""NBA""]}",TRADABLE_YES_BID,1_MINUTE_CANDLE,available_at,FIRST_TOUCH,"{""id"":""entry_mtw2zh6b_f4q8g"",""op"":""FIRST_TOUCH"",""ordinal"":""FIRST_TOUCH"",""period"":""Q2"",""price_e4"":6800,""source_vocabulary"":""TOUCH""}",REACH,"{""id"":""exit_mty0bwbw_mvfqe"",""op"":""REACH"",""outcome"":""win"",""price_e4"":9500}",REACH,"{""id"":""exit_mtug1t99_aq1lv"",""op"":""REACH"",""outcome"":""loss"",""price_e4"":4500}",HOLD_TO_SETTLEMENT,c5430eb845ac4cefb3c281ac543b383aad9652b9d0817d0605ab42bca6970657,1.0.0,2026-09-13T06:28:48Z,1.0.0,1.0.0,1.0.0,2026-09-13T06:28:48Z,READY,224,116,108,0.517857,0.482143,2700,2300,1.173913,289.285714,NBA_20251221_CHI_ATL,KXNBAGAME-25DEC21CHIATL-CHI,2025-12-21T21:41:00Z,6800,FIRST_TOUCH,Q2,PT00M00.00S,,,,2025-12-21T22:11:00Z,4400,REACH,LOSS,YES,10000,a1bee2f832bba4fbfbee499c6c89c2cf1a011d365a81efc1b5ef04b1ed6b0236,,,,,,,,,,,,,,,,,,,,,,,,,,,,,,,,,,,,,,,,,,,,,,,,,,,,,,,,,,,,,,,,,,,,,,,,,,,,,,,,
row,913 ITI-01,NBA,NBA,2025-2026,2025-03-18,2026-09-01,"{""date_from"":""2025-03-18"",""date_to"":""2026-09-01"",""game_data"":[""pbp""],""leagues"":[""NBA""],""market_data"":[""candles""],""markets"":[""kalshi""],""seasons"":[""2025-2026""],""sports"":[""NBA""]}",TRADABLE_YES_BID,1_MINUTE_CANDLE,available_at,FIRST_TOUCH,"{""id"":""entry_mtw2zh6b_f4q8g"",""op"":""FIRST_TOUCH"",""ordinal"":""FIRST_TOUCH"",""period"":""Q2"",""price_e4"":6800,""source_vocabulary"":""TOUCH""}",REACH,"{""id"":""exit_mty0bwbw_mvfqe"",""op"":""REACH"",""outcome"":""win"",""price_e4"":9500}",REACH,"{""id"":""exit_mtug1t99_aq1lv"",""op"":""REACH"",""outcome"":""loss"",""price_e4"":4500}",HOLD_TO_SETTLEMENT,c5430eb845ac4cefb3c281ac543b383aad9652b9d0817d0605ab42bca6970657,1.0.0,2026-09-13T06:28:48Z,1.0.0,1.0.0,1.0.0,2026-09-13T06:28:48Z,READY,224,116,108,0.517857,0.482143,2700,2300,1.173913,289.285714,NBA_20251222_DAL_NOP,KXNBAGAME-25DEC22DALNOP-DAL,2025-12-23T02:03:00Z,7100,FIRST_TOUCH,Q2,PT00M59.70S,,,,2025-12-23T03:06:00Z,3500,REACH,LOSS,NO,0,a1bee2f832bba4fbfbee499c6c89c2cf1a011d365a81efc1b5ef04b1ed6b0236,,,,,,,,,,,,,,,,,,,,,,,,,,,,,,,,,,,,,,,,,,,,,,,,,,,,,,,,,,,,,,,,,,,,,,,,,,,,,,,,
row,913 ITI-01,NBA,NBA,2025-2026,2025-03-18,2026-09-01,"{""date_from"":""2025-03-18"",""date_to"":""2026-09-01"",""game_data"":[""pbp""],""leagues"":[""NBA""],""market_data"":[""candles""],""markets"":[""kalshi""],""seasons"":[""2025-2026""],""sports"":[""NBA""]}",TRADABLE_YES_BID,1_MINUTE_CANDLE,available_at,FIRST_TOUCH,"{""id"":""entry_mtw2zh6b_f4q8g"",""op"":""FIRST_TOUCH"",""ordinal"":""FIRST_TOUCH"",""period"":""Q2"",""price_e4"":6800,""source_vocabulary"":""TOUCH""}",REACH,"{""id"":""exit_mty0bwbw_mvfqe"",""op"":""REACH"",""outcome"":""win"",""price_e4"":9500}",REACH,"{""id"":""exit_mtug1t99_aq1lv"",""op"":""REACH"",""outcome"":""loss"",""price_e4"":4500}",HOLD_TO_SETTLEMENT,c5430eb845ac4cefb3c281ac543b383aad9652b9d0817d0605ab42bca6970657,1.0.0,2026-09-13T06:28:48Z,1.0.0,1.0.0,1.0.0,2026-09-13T06:28:48Z,READY,224,116,108,0.517857,0.482143,2700,2300,1.173913,289.285714,NBA_20251222_IND_BOS,KXNBAGAME-25DEC22INDBOS-IND,2025-12-23T01:33:00Z,6900,FIRST_TOUCH,Q2,PT01M22.00S,,,,2025-12-23T02:13:00Z,4300,REACH,LOSS,NO,0,a1bee2f832bba4fbfbee499c6c89c2cf1a011d365a81efc1b5ef04b1ed6b0236,,,,,,,,,,,,,,,,,,,,,,,,,,,,,,,,,,,,,,,,,,,,,,,,,,,,,,,,,,,,,,,,,,,,,,,,,,,,,,,,
row,913 ITI-01,NBA,NBA,2025-2026,2025-03-18,2026-09-01,"{""date_from"":""2025-03-18"",""date_to"":""2026-09-01"",""game_data"":[""pbp""],""leagues"":[""NBA""],""market_data"":[""candles""],""markets"":[""kalshi""],""seasons"":[""2025-2026""],""sports"":[""NBA""]}",TRADABLE_YES_BID,1_MINUTE_CANDLE,available_at,FIRST_TOUCH,"{""id"":""entry_mtw2zh6b_f4q8g"",""op"":""FIRST_TOUCH"",""ordinal"":""FIRST_TOUCH"",""period"":""Q2"",""price_e4"":6800,""source_vocabulary"":""TOUCH""}",REACH,"{""id"":""exit_mty0bwbw_mvfqe"",""op"":""REACH"",""outcome"":""win"",""price_e4"":9500}",REACH,"{""id"":""exit_mtug1t99_aq1lv"",""op"":""REACH"",""outcome"":""loss"",""price_e4"":4500}",HOLD_TO_SETTLEMENT,c5430eb845ac4cefb3c281ac543b383aad9652b9d0817d0605ab42bca6970657,1.0.0,2026-09-13T06:28:48Z,1.0.0,1.0.0,1.0.0,2026-09-13T06:28:48Z,READY,224,116,108,0.517857,0.482143,2700,2300,1.173913,289.285714,NBA_20251223_DEN_DAL,KXNBAGAME-25DEC23DENDAL-DAL,2025-12-24T01:46:00Z,6800,FIRST_TOUCH,Q2,PT10M07.00S,,,,2025-12-24T02:24:00Z,4000,REACH,LOSS,YES,10000,a1bee2f832bba4fbfbee499c6c89c2cf1a011d365a81efc1b5ef04b1ed6b0236,,,,,,,,,,,,,,,,,,,,,,,,,,,,,,,,,,,,,,,,,,,,,,,,,,,,,,,,,,,,,,,,,,,,,,,,,,,,,,,,
row,913 ITI-01,NBA,NBA,2025-2026,2025-03-18,2026-09-01,"{""date_from"":""2025-03-18"",""date_to"":""2026-09-01"",""game_data"":[""pbp""],""leagues"":[""NBA""],""market_data"":[""candles""],""markets"":[""kalshi""],""seasons"":[""2025-2026""],""sports"":[""NBA""]}",TRADABLE_YES_BID,1_MINUTE_CANDLE,available_at,FIRST_TOUCH,"{""id"":""entry_mtw2zh6b_f4q8g"",""op"":""FIRST_TOUCH"",""ordinal"":""FIRST_TOUCH"",""period"":""Q2"",""price_e4"":6800,""source_vocabulary"":""TOUCH""}",REACH,"{""id"":""exit_mty0bwbw_mvfqe"",""op"":""REACH"",""outcome"":""win"",""price_e4"":9500}",REACH,"{""id"":""exit_mtug1t99_aq1lv"",""op"":""REACH"",""outcome"":""loss"",""price_e4"":4500}",HOLD_TO_SETTLEMENT,c5430eb845ac4cefb3c281ac543b383aad9652b9d0817d0605ab42bca6970657,1.0.0,2026-09-13T06:28:48Z,1.0.0,1.0.0,1.0.0,2026-09-13T06:28:48Z,READY,224,116,108,0.517857,0.482143,2700,2300,1.173913,289.285714,NBA_20251223_MIL_IND,KXNBAGAME-25DEC23MILIND-MIL,2025-12-24T01:15:00Z,7100,FIRST_TOUCH,Q2,PT10M29.00S,2025-12-24T02:21:00Z,9500,REACH,,,,WIN,YES,10000,a1bee2f832bba4fbfbee499c6c89c2cf1a011d365a81efc1b5ef04b1ed6b0236,,,,,,,,,,,,,,,,,,,,,,,,,,,,,,,,,,,,,,,,,,,,,,,,,,,,,,,,,,,,,,,,,,,,,,,,,,,,,,,,
row,913 ITI-01,NBA,NBA,2025-2026,2025-03-18,2026-09-01,"{""date_from"":""2025-03-18"",""date_to"":""2026-09-01"",""game_data"":[""pbp""],""leagues"":[""NBA""],""market_data"":[""candles""],""markets"":[""kalshi""],""seasons"":[""2025-2026""],""sports"":[""NBA""]}",TRADABLE_YES_BID,1_MINUTE_CANDLE,available_at,FIRST_TOUCH,"{""id"":""entry_mtw2zh6b_f4q8g"",""op"":""FIRST_TOUCH"",""ordinal"":""FIRST_TOUCH"",""period"":""Q2"",""price_e4"":6800,""source_vocabulary"":""TOUCH""}",REACH,"{""id"":""exit_mty0bwbw_mvfqe"",""op"":""REACH"",""outcome"":""win"",""price_e4"":9500}",REACH,"{""id"":""exit_mtug1t99_aq1lv"",""op"":""REACH"",""outcome"":""loss"",""price_e4"":4500}",HOLD_TO_SETTLEMENT,c5430eb845ac4cefb3c281ac543b383aad9652b9d0817d0605ab42bca6970657,1.0.0,2026-09-13T06:28:48Z,1.0.0,1.0.0,1.0.0,2026-09-13T06:28:48Z,READY,224,116,108,0.517857,0.482143,2700,2300,1.173913,289.285714,NBA_20251223_ORL_POR,KXNBAGAME-25DEC23ORLPOR-ORL,2025-12-24T03:51:00Z,6800,FIRST_TOUCH,Q2,PT06M03.00S,2025-12-24T05:24:00Z,9700,REACH,,,,WIN,YES,10000,a1bee2f832bba4fbfbee499c6c89c2cf1a011d365a81efc1b5ef04b1ed6b0236,,,,,,,,,,,,,,,,,,,,,,,,,,,,,,,,,,,,,,,,,,,,,,,,,,,,,,,,,,,,,,,,,,,,,,,,,,,,,,,,
row,913 ITI-01,NBA,NBA,2025-2026,2025-03-18,2026-09-01,"{""date_from"":""2025-03-18"",""date_to"":""2026-09-01"",""game_data"":[""pbp""],""leagues"":[""NBA""],""market_data"":[""candles""],""markets"":[""kalshi""],""seasons"":[""2025-2026""],""sports"":[""NBA""]}",TRADABLE_YES_BID,1_MINUTE_CANDLE,available_at,FIRST_TOUCH,"{""id"":""entry_mtw2zh6b_f4q8g"",""op"":""FIRST_TOUCH"",""ordinal"":""FIRST_TOUCH"",""period"":""Q2"",""price_e4"":6800,""source_vocabulary"":""TOUCH""}",REACH,"{""id"":""exit_mty0bwbw_mvfqe"",""op"":""REACH"",""outcome"":""win"",""price_e4"":9500}",REACH,"{""id"":""exit_mtug1t99_aq1lv"",""op"":""REACH"",""outcome"":""loss"",""price_e4"":4500}",HOLD_TO_SETTLEMENT,c5430eb845ac4cefb3c281ac543b383aad9652b9d0817d0605ab42bca6970657,1.0.0,2026-09-13T06:28:48Z,1.0.0,1.0.0,1.0.0,2026-09-13T06:28:48Z,READY,224,116,108,0.517857,0.482143,2700,2300,1.173913,289.285714,NBA_20251226_CHA_ORL,KXNBAGAME-25DEC26CHAORL-CHA,2025-12-27T00:47:00Z,7000,FIRST_TOUCH,Q2,PT06M19.00S,2025-12-27T01:49:00Z,9500,REACH,,,,WIN,YES,10000,a1bee2f832bba4fbfbee499c6c89c2cf1a011d365a81efc1b5ef04b1ed6b0236,,,,,,,,,,,,,,,,,,,,,,,,,,,,,,,,,,,,,,,,,,,,,,,,,,,,,,,,,,,,,,,,,,,,,,,,,,,,,,,,
row,913 ITI-01,NBA,NBA,2025-2026,2025-03-18,2026-09-01,"{""date_from"":""2025-03-18"",""date_to"":""2026-09-01"",""game_data"":[""pbp""],""leagues"":[""NBA""],""market_data"":[""candles""],""markets"":[""kalshi""],""seasons"":[""2025-2026""],""sports"":[""NBA""]}",TRADABLE_YES_BID,1_MINUTE_CANDLE,available_at,FIRST_TOUCH,"{""id"":""entry_mtw2zh6b_f4q8g"",""op"":""FIRST_TOUCH"",""ordinal"":""FIRST_TOUCH"",""period"":""Q2"",""price_e4"":6800,""source_vocabulary"":""TOUCH""}",REACH,"{""id"":""exit_mty0bwbw_mvfqe"",""op"":""REACH"",""outcome"":""win"",""price_e4"":9500}",REACH,"{""id"":""exit_mtug1t99_aq1lv"",""op"":""REACH"",""outcome"":""loss"",""price_e4"":4500}",HOLD_TO_SETTLEMENT,c5430eb845ac4cefb3c281ac543b383aad9652b9d0817d0605ab42bca6970657,1.0.0,2026-09-13T06:28:48Z,1.0.0,1.0.0,1.0.0,2026-09-13T06:28:48Z,READY,224,116,108,0.517857,0.482143,2700,2300,1.173913,289.285714,NBA_20251226_LAC_POR,KXNBAGAME-25DEC26LACPOR-POR,2025-12-27T03:47:00Z,6800,FIRST_TOUCH,Q2,PT09M00.00S,,,,2025-12-27T04:52:00Z,4000,REACH,LOSS,NO,0,a1bee2f832bba4fbfbee499c6c89c2cf1a011d365a81efc1b5ef04b1ed6b0236,,,,,,,,,,,,,,,,,,,,,,,,,,,,,,,,,,,,,,,,,,,,,,,,,,,,,,,,,,,,,,,,,,,,,,,,,,,,,,,,
row,913 ITI-01,NBA,NBA,2025-2026,2025-03-18,2026-09-01,"{""date_from"":""2025-03-18"",""date_to"":""2026-09-01"",""game_data"":[""pbp""],""leagues"":[""NBA""],""market_data"":[""candles""],""markets"":[""kalshi""],""seasons"":[""2025-2026""],""sports"":[""NBA""]}",TRADABLE_YES_BID,1_MINUTE_CANDLE,available_at,FIRST_TOUCH,"{""id"":""entry_mtw2zh6b_f4q8g"",""op"":""FIRST_TOUCH"",""ordinal"":""FIRST_TOUCH"",""period"":""Q2"",""price_e4"":6800,""source_vocabulary"":""TOUCH""}",REACH,"{""id"":""exit_mty0bwbw_mvfqe"",""op"":""REACH"",""outcome"":""win"",""price_e4"":9500}",REACH,"{""id"":""exit_mtug1t99_aq1lv"",""op"":""REACH"",""outcome"":""loss"",""price_e4"":4500}",HOLD_TO_SETTLEMENT,c5430eb845ac4cefb3c281ac543b383aad9652b9d0817d0605ab42bca6970657,1.0.0,2026-09-13T06:28:48Z,1.0.0,1.0.0,1.0.0,2026-09-13T06:28:48Z,READY,224,116,108,0.517857,0.482143,2700,2300,1.173913,289.285714,NBA_20251226_MIA_ATL,KXNBAGAME-25DEC26MIAATL-MIA,2025-12-27T01:03:00Z,6900,FIRST_TOUCH,Q2,PT01M46.00S,2025-12-27T02:07:00Z,9600,REACH,,,,WIN,YES,10000,a1bee2f832bba4fbfbee499c6c89c2cf1a011d365a81efc1b5ef04b1ed6b0236,,,,,,,,,,,,,,,,,,,,,,,,,,,,,,,,,,,,,,,,,,,,,,,,,,,,,,,,,,,,,,,,,,,,,,,,,,,,,,,,
row,913 ITI-01,NBA,NBA,2025-2026,2025-03-18,2026-09-01,"{""date_from"":""2025-03-18"",""date_to"":""2026-09-01"",""game_data"":[""pbp""],""leagues"":[""NBA""],""market_data"":[""candles""],""markets"":[""kalshi""],""seasons"":[""2025-2026""],""sports"":[""NBA""]}",TRADABLE_YES_BID,1_MINUTE_CANDLE,available_at,FIRST_TOUCH,"{""id"":""entry_mtw2zh6b_f4q8g"",""op"":""FIRST_TOUCH"",""ordinal"":""FIRST_TOUCH"",""period"":""Q2"",""price_e4"":6800,""source_vocabulary"":""TOUCH""}",REACH,"{""id"":""exit_mty0bwbw_mvfqe"",""op"":""REACH"",""outcome"":""win"",""price_e4"":9500}",REACH,"{""id"":""exit_mtug1t99_aq1lv"",""op"":""REACH"",""outcome"":""loss"",""price_e4"":4500}",HOLD_TO_SETTLEMENT,c5430eb845ac4cefb3c281ac543b383aad9652b9d0817d0605ab42bca6970657,1.0.0,2026-09-13T06:28:48Z,1.0.0,1.0.0,1.0.0,2026-09-13T06:28:48Z,READY,224,116,108,0.517857,0.482143,2700,2300,1.173913,289.285714,NBA_20251226_MIL_MEM,KXNBAGAME-25DEC26MILMEM-MEM,2025-12-27T01:56:00Z,7200,FIRST_TOUCH,Q2,PT05M43.00S,2025-12-27T03:12:00Z,9600,REACH,,,,WIN,YES,10000,a1bee2f832bba4fbfbee499c6c89c2cf1a011d365a81efc1b5ef04b1ed6b0236,,,,,,,,,,,,,,,,,,,,,,,,,,,,,,,,,,,,,,,,,,,,,,,,,,,,,,,,,,,,,,,,,,,,,,,,,,,,,,,,
row,913 ITI-01,NBA,NBA,2025-2026,2025-03-18,2026-09-01,"{""date_from"":""2025-03-18"",""date_to"":""2026-09-01"",""game_data"":[""pbp""],""leagues"":[""NBA""],""market_data"":[""candles""],""markets"":[""kalshi""],""seasons"":[""2025-2026""],""sports"":[""NBA""]}",TRADABLE_YES_BID,1_MINUTE_CANDLE,available_at,FIRST_TOUCH,"{""id"":""entry_mtw2zh6b_f4q8g"",""op"":""FIRST_TOUCH"",""ordinal"":""FIRST_TOUCH"",""period"":""Q2"",""price_e4"":6800,""source_vocabulary"":""TOUCH""}",REACH,"{""id"":""exit_mty0bwbw_mvfqe"",""op"":""REACH"",""outcome"":""win"",""price_e4"":9500}",REACH,"{""id"":""exit_mtug1t99_aq1lv"",""op"":""REACH"",""outcome"":""loss"",""price_e4"":4500}",HOLD_TO_SETTLEMENT,c5430eb845ac4cefb3c281ac543b383aad9652b9d0817d0605ab42bca6970657,1.0.0,2026-09-13T06:28:48Z,1.0.0,1.0.0,1.0.0,2026-09-13T06:28:48Z,READY,224,116,108,0.517857,0.482143,2700,2300,1.173913,289.285714,NBA_20251226_PHI_CHI,KXNBAGAME-25DEC26PHICHI-CHI,2025-12-27T01:20:00Z,6800,FIRST_TOUCH,Q2,PT09M40.00S,,,,2025-12-27T01:41:00Z,4500,REACH,LOSS,YES,10000,a1bee2f832bba4fbfbee499c6c89c2cf1a011d365a81efc1b5ef04b1ed6b0236,,,,,,,,,,,,,,,,,,,,,,,,,,,,,,,,,,,,,,,,,,,,,,,,,,,,,,,,,,,,,,,,,,,,,,,,,,,,,,,,
row,913 ITI-01,NBA,NBA,2025-2026,2025-03-18,2026-09-01,"{""date_from"":""2025-03-18"",""date_to"":""2026-09-01"",""game_data"":[""pbp""],""leagues"":[""NBA""],""market_data"":[""candles""],""markets"":[""kalshi""],""seasons"":[""2025-2026""],""sports"":[""NBA""]}",TRADABLE_YES_BID,1_MINUTE_CANDLE,available_at,FIRST_TOUCH,"{""id"":""entry_mtw2zh6b_f4q8g"",""op"":""FIRST_TOUCH"",""ordinal"":""FIRST_TOUCH"",""period"":""Q2"",""price_e4"":6800,""source_vocabulary"":""TOUCH""}",REACH,"{""id"":""exit_mty0bwbw_mvfqe"",""op"":""REACH"",""outcome"":""win"",""price_e4"":9500}",REACH,"{""id"":""exit_mtug1t99_aq1lv"",""op"":""REACH"",""outcome"":""loss"",""price_e4"":4500}",HOLD_TO_SETTLEMENT,c5430eb845ac4cefb3c281ac543b383aad9652b9d0817d0605ab42bca6970657,1.0.0,2026-09-13T06:28:48Z,1.0.0,1.0.0,1.0.0,2026-09-13T06:28:48Z,READY,224,116,108,0.517857,0.482143,2700,2300,1.173913,289.285714,NBA_20251227_MIL_CHI,KXNBAGAME-25DEC27MILCHI-MIL,2025-12-28T01:47:00Z,7300,FIRST_TOUCH,Q2,PT06M28.00S,,,,2025-12-28T02:39:00Z,4500,REACH,LOSS,YES,10000,a1bee2f832bba4fbfbee499c6c89c2cf1a011d365a81efc1b5ef04b1ed6b0236,,,,,,,,,,,,,,,,,,,,,,,,,,,,,,,,,,,,,,,,,,,,,,,,,,,,,,,,,,,,,,,,,,,,,,,,,,,,,,,,
row,913 ITI-01,NBA,NBA,2025-2026,2025-03-18,2026-09-01,"{""date_from"":""2025-03-18"",""date_to"":""2026-09-01"",""game_data"":[""pbp""],""leagues"":[""NBA""],""market_data"":[""candles""],""markets"":[""kalshi""],""seasons"":[""2025-2026""],""sports"":[""NBA""]}",TRADABLE_YES_BID,1_MINUTE_CANDLE,available_at,FIRST_TOUCH,"{""id"":""entry_mtw2zh6b_f4q8g"",""op"":""FIRST_TOUCH"",""ordinal"":""FIRST_TOUCH"",""period"":""Q2"",""price_e4"":6800,""source_vocabulary"":""TOUCH""}",REACH,"{""id"":""exit_mty0bwbw_mvfqe"",""op"":""REACH"",""outcome"":""win"",""price_e4"":9500}",REACH,"{""id"":""exit_mtug1t99_aq1lv"",""op"":""REACH"",""outcome"":""loss"",""price_e4"":4500}",HOLD_TO_SETTLEMENT,c5430eb845ac4cefb3c281ac543b383aad9652b9d0817d0605ab42bca6970657,1.0.0,2026-09-13T06:28:48Z,1.0.0,1.0.0,1.0.0,2026-09-13T06:28:48Z,READY,224,116,108,0.517857,0.482143,2700,2300,1.173913,289.285714,NBA_20251229_CLE_SAS,KXNBAGAME-25DEC29CLESAS-SAS,2025-12-30T02:06:00Z,6900,FIRST_TOUCH,Q2,PT02M59.00S,,,,2025-12-30T03:09:00Z,3500,REACH,LOSS,NO,0,a1bee2f832bba4fbfbee499c6c89c2cf1a011d365a81efc1b5ef04b1ed6b0236,,,,,,,,,,,,,,,,,,,,,,,,,,,,,,,,,,,,,,,,,,,,,,,,,,,,,,,,,,,,,,,,,,,,,,,,,,,,,,,,
row,913 ITI-01,NBA,NBA,2025-2026,2025-03-18,2026-09-01,"{""date_from"":""2025-03-18"",""date_to"":""2026-09-01"",""game_data"":[""pbp""],""leagues"":[""NBA""],""market_data"":[""candles""],""markets"":[""kalshi""],""seasons"":[""2025-2026""],""sports"":[""NBA""]}",TRADABLE_YES_BID,1_MINUTE_CANDLE,available_at,FIRST_TOUCH,"{""id"":""entry_mtw2zh6b_f4q8g"",""op"":""FIRST_TOUCH"",""ordinal"":""FIRST_TOUCH"",""period"":""Q2"",""price_e4"":6800,""source_vocabulary"":""TOUCH""}",REACH,"{""id"":""exit_mty0bwbw_mvfqe"",""op"":""REACH"",""outcome"":""win"",""price_e4"":9500}",REACH,"{""id"":""exit_mtug1t99_aq1lv"",""op"":""REACH"",""outcome"":""loss"",""price_e4"":4500}",HOLD_TO_SETTLEMENT,c5430eb845ac4cefb3c281ac543b383aad9652b9d0817d0605ab42bca6970657,1.0.0,2026-09-13T06:28:48Z,1.0.0,1.0.0,1.0.0,2026-09-13T06:28:48Z,READY,224,116,108,0.517857,0.482143,2700,2300,1.173913,289.285714,NBA_20251229_MIL_CHA,KXNBAGAME-25DEC29MILCHA-CHA,2025-12-30T01:02:00Z,6900,FIRST_TOUCH,Q2,PT03M12.00S,,,,2025-12-30T01:27:00Z,4500,REACH,LOSS,NO,0,a1bee2f832bba4fbfbee499c6c89c2cf1a011d365a81efc1b5ef04b1ed6b0236,,,,,,,,,,,,,,,,,,,,,,,,,,,,,,,,,,,,,,,,,,,,,,,,,,,,,,,,,,,,,,,,,,,,,,,,,,,,,,,,
row,913 ITI-01,NBA,NBA,2025-2026,2025-03-18,2026-09-01,"{""date_from"":""2025-03-18"",""date_to"":""2026-09-01"",""game_data"":[""pbp""],""leagues"":[""NBA""],""market_data"":[""candles""],""markets"":[""kalshi""],""seasons"":[""2025-2026""],""sports"":[""NBA""]}",TRADABLE_YES_BID,1_MINUTE_CANDLE,available_at,FIRST_TOUCH,"{""id"":""entry_mtw2zh6b_f4q8g"",""op"":""FIRST_TOUCH"",""ordinal"":""FIRST_TOUCH"",""period"":""Q2"",""price_e4"":6800,""source_vocabulary"":""TOUCH""}",REACH,"{""id"":""exit_mty0bwbw_mvfqe"",""op"":""REACH"",""outcome"":""win"",""price_e4"":9500}",REACH,"{""id"":""exit_mtug1t99_aq1lv"",""op"":""REACH"",""outcome"":""loss"",""price_e4"":4500}",HOLD_TO_SETTLEMENT,c5430eb845ac4cefb3c281ac543b383aad9652b9d0817d0605ab42bca6970657,1.0.0,2026-09-13T06:28:48Z,1.0.0,1.0.0,1.0.0,2026-09-13T06:28:48Z,READY,224,116,108,0.517857,0.482143,2700,2300,1.173913,289.285714,NBA_20251230_DET_LAL,KXNBAGAME-25DEC30DETLAL-DET,2025-12-31T04:21:00Z,7200,FIRST_TOUCH,Q2,PT10M26.00S,2025-12-31T05:59:00Z,9600,REACH,,,,WIN,YES,10000,a1bee2f832bba4fbfbee499c6c89c2cf1a011d365a81efc1b5ef04b1ed6b0236,,,,,,,,,,,,,,,,,,,,,,,,,,,,,,,,,,,,,,,,,,,,,,,,,,,,,,,,,,,,,,,,,,,,,,,,,,,,,,,,
row,913 ITI-01,NBA,NBA,2025-2026,2025-03-18,2026-09-01,"{""date_from"":""2025-03-18"",""date_to"":""2026-09-01"",""game_data"":[""pbp""],""leagues"":[""NBA""],""market_data"":[""candles""],""markets"":[""kalshi""],""seasons"":[""2025-2026""],""sports"":[""NBA""]}",TRADABLE_YES_BID,1_MINUTE_CANDLE,available_at,FIRST_TOUCH,"{""id"":""entry_mtw2zh6b_f4q8g"",""op"":""FIRST_TOUCH"",""ordinal"":""FIRST_TOUCH"",""period"":""Q2"",""price_e4"":6800,""source_vocabulary"":""TOUCH""}",REACH,"{""id"":""exit_mty0bwbw_mvfqe"",""op"":""REACH"",""outcome"":""win"",""price_e4"":9500}",REACH,"{""id"":""exit_mtug1t99_aq1lv"",""op"":""REACH"",""outcome"":""loss"",""price_e4"":4500}",HOLD_TO_SETTLEMENT,c5430eb845ac4cefb3c281ac543b383aad9652b9d0817d0605ab42bca6970657,1.0.0,2026-09-13T06:28:48Z,1.0.0,1.0.0,1.0.0,2026-09-13T06:28:48Z,READY,224,116,108,0.517857,0.482143,2700,2300,1.173913,289.285714,NBA_20251231_MIN_ATL,KXNBAGAME-25DEC31MINATL-ATL,2025-12-31T20:47:00Z,7500,FIRST_TOUCH,Q2,PT06M28.00S,2025-12-31T21:38:00Z,9600,REACH,,,,WIN,YES,10000,a1bee2f832bba4fbfbee499c6c89c2cf1a011d365a81efc1b5ef04b1ed6b0236,,,,,,,,,,,,,,,,,,,,,,,,,,,,,,,,,,,,,,,,,,,,,,,,,,,,,,,,,,,,,,,,,,,,,,,,,,,,,,,,
row,913 ITI-01,NBA,NBA,2025-2026,2025-03-18,2026-09-01,"{""date_from"":""2025-03-18"",""date_to"":""2026-09-01"",""game_data"":[""pbp""],""leagues"":[""NBA""],""market_data"":[""candles""],""markets"":[""kalshi""],""seasons"":[""2025-2026""],""sports"":[""NBA""]}",TRADABLE_YES_BID,1_MINUTE_CANDLE,available_at,FIRST_TOUCH,"{""id"":""entry_mtw2zh6b_f4q8g"",""op"":""FIRST_TOUCH"",""ordinal"":""FIRST_TOUCH"",""period"":""Q2"",""price_e4"":6800,""source_vocabulary"":""TOUCH""}",REACH,"{""id"":""exit_mty0bwbw_mvfqe"",""op"":""REACH"",""outcome"":""win"",""price_e4"":9500}",REACH,"{""id"":""exit_mtug1t99_aq1lv"",""op"":""REACH"",""outcome"":""loss"",""price_e4"":4500}",HOLD_TO_SETTLEMENT,c5430eb845ac4cefb3c281ac543b383aad9652b9d0817d0605ab42bca6970657,1.0.0,2026-09-13T06:28:48Z,1.0.0,1.0.0,1.0.0,2026-09-13T06:28:48Z,READY,224,116,108,0.517857,0.482143,2700,2300,1.173913,289.285714,NBA_20251231_NYK_SAS,KXNBAGAME-25DEC31NYKSAS-NYK,2026-01-01T01:11:00Z,7100,FIRST_TOUCH,Q2,PT04M24.00S,,,,2026-01-01T01:53:00Z,4400,REACH,LOSS,NO,0,a1bee2f832bba4fbfbee499c6c89c2cf1a011d365a81efc1b5ef04b1ed6b0236,,,,,,,,,,,,,,,,,,,,,,,,,,,,,,,,,,,,,,,,,,,,,,,,,,,,,,,,,,,,,,,,,,,,,,,,,,,,,,,,
row,913 ITI-01,NBA,NBA,2025-2026,2025-03-18,2026-09-01,"{""date_from"":""2025-03-18"",""date_to"":""2026-09-01"",""game_data"":[""pbp""],""leagues"":[""NBA""],""market_data"":[""candles""],""markets"":[""kalshi""],""seasons"":[""2025-2026""],""sports"":[""NBA""]}",TRADABLE_YES_BID,1_MINUTE_CANDLE,available_at,FIRST_TOUCH,"{""id"":""entry_mtw2zh6b_f4q8g"",""op"":""FIRST_TOUCH"",""ordinal"":""FIRST_TOUCH"",""period"":""Q2"",""price_e4"":6800,""source_vocabulary"":""TOUCH""}",REACH,"{""id"":""exit_mty0bwbw_mvfqe"",""op"":""REACH"",""outcome"":""win"",""price_e4"":9500}",REACH,"{""id"":""exit_mtug1t99_aq1lv"",""op"":""REACH"",""outcome"":""loss"",""price_e4"":4500}",HOLD_TO_SETTLEMENT,c5430eb845ac4cefb3c281ac543b383aad9652b9d0817d0605ab42bca6970657,1.0.0,2026-09-13T06:28:48Z,1.0.0,1.0.0,1.0.0,2026-09-13T06:28:48Z,READY,224,116,108,0.517857,0.482143,2700,2300,1.173913,289.285714,NBA_20260101_PHI_DAL,KXNBAGAME-26JAN01PHIDAL-PHI,2026-01-02T02:16:00Z,6800,FIRST_TOUCH,Q2,PT07M49.00S,2026-01-02T03:34:00Z,9700,REACH,,,,WIN,YES,10000,a1bee2f832bba4fbfbee499c6c89c2cf1a011d365a81efc1b5ef04b1ed6b0236,,,,,,,,,,,,,,,,,,,,,,,,,,,,,,,,,,,,,,,,,,,,,,,,,,,,,,,,,,,,,,,,,,,,,,,,,,,,,,,,
row,913 ITI-01,NBA,NBA,2025-2026,2025-03-18,2026-09-01,"{""date_from"":""2025-03-18"",""date_to"":""2026-09-01"",""game_data"":[""pbp""],""leagues"":[""NBA""],""market_data"":[""candles""],""markets"":[""kalshi""],""seasons"":[""2025-2026""],""sports"":[""NBA""]}",TRADABLE_YES_BID,1_MINUTE_CANDLE,available_at,FIRST_TOUCH,"{""id"":""entry_mtw2zh6b_f4q8g"",""op"":""FIRST_TOUCH"",""ordinal"":""FIRST_TOUCH"",""period"":""Q2"",""price_e4"":6800,""source_vocabulary"":""TOUCH""}",REACH,"{""id"":""exit_mty0bwbw_mvfqe"",""op"":""REACH"",""outcome"":""win"",""price_e4"":9500}",REACH,"{""id"":""exit_mtug1t99_aq1lv"",""op"":""REACH"",""outcome"":""loss"",""price_e4"":4500}",HOLD_TO_SETTLEMENT,c5430eb845ac4cefb3c281ac543b383aad9652b9d0817d0605ab42bca6970657,1.0.0,2026-09-13T06:28:48Z,1.0.0,1.0.0,1.0.0,2026-09-13T06:28:48Z,READY,224,116,108,0.517857,0.482143,2700,2300,1.173913,289.285714,NBA_20260102_ATL_NYK,KXNBAGAME-26JAN02ATLNYK-ATL,2026-01-03T01:36:00Z,7000,FIRST_TOUCH,Q2,PT01M26.00S,2026-01-03T02:15:00Z,9600,REACH,,,,WIN,YES,10000,a1bee2f832bba4fbfbee499c6c89c2cf1a011d365a81efc1b5ef04b1ed6b0236,,,,,,,,,,,,,,,,,,,,,,,,,,,,,,,,,,,,,,,,,,,,,,,,,,,,,,,,,,,,,,,,,,,,,,,,,,,,,,,,
row,913 ITI-01,NBA,NBA,2025-2026,2025-03-18,2026-09-01,"{""date_from"":""2025-03-18"",""date_to"":""2026-09-01"",""game_data"":[""pbp""],""leagues"":[""NBA""],""market_data"":[""candles""],""markets"":[""kalshi""],""seasons"":[""2025-2026""],""sports"":[""NBA""]}",TRADABLE_YES_BID,1_MINUTE_CANDLE,available_at,FIRST_TOUCH,"{""id"":""entry_mtw2zh6b_f4q8g"",""op"":""FIRST_TOUCH"",""ordinal"":""FIRST_TOUCH"",""period"":""Q2"",""price_e4"":6800,""source_vocabulary"":""TOUCH""}",REACH,"{""id"":""exit_mty0bwbw_mvfqe"",""op"":""REACH"",""outcome"":""win"",""price_e4"":9500}",REACH,"{""id"":""exit_mtug1t99_aq1lv"",""op"":""REACH"",""outcome"":""loss"",""price_e4"":4500}",HOLD_TO_SETTLEMENT,c5430eb845ac4cefb3c281ac543b383aad9652b9d0817d0605ab42bca6970657,1.0.0,2026-09-13T06:28:48Z,1.0.0,1.0.0,1.0.0,2026-09-13T06:28:48Z,READY,224,116,108,0.517857,0.482143,2700,2300,1.173913,289.285714,NBA_20260102_CHA_MIL,KXNBAGAME-26JAN02CHAMIL-CHA,2026-01-03T01:47:00Z,6900,FIRST_TOUCH,Q2,PT09M54.00S,,,,2026-01-03T02:36:00Z,3800,REACH,LOSS,NO,0,a1bee2f832bba4fbfbee499c6c89c2cf1a011d365a81efc1b5ef04b1ed6b0236,,,,,,,,,,,,,,,,,,,,,,,,,,,,,,,,,,,,,,,,,,,,,,,,,,,,,,,,,,,,,,,,,,,,,,,,,,,,,,,,
row,913 ITI-01,NBA,NBA,2025-2026,2025-03-18,2026-09-01,"{""date_from"":""2025-03-18"",""date_to"":""2026-09-01"",""game_data"":[""pbp""],""leagues"":[""NBA""],""market_data"":[""candles""],""markets"":[""kalshi""],""seasons"":[""2025-2026""],""sports"":[""NBA""]}",TRADABLE_YES_BID,1_MINUTE_CANDLE,available_at,FIRST_TOUCH,"{""id"":""entry_mtw2zh6b_f4q8g"",""op"":""FIRST_TOUCH"",""ordinal"":""FIRST_TOUCH"",""period"":""Q2"",""price_e4"":6800,""source_vocabulary"":""TOUCH""}",REACH,"{""id"":""exit_mty0bwbw_mvfqe"",""op"":""REACH"",""outcome"":""win"",""price_e4"":9500}",REACH,"{""id"":""exit_mtug1t99_aq1lv"",""op"":""REACH"",""outcome"":""loss"",""price_e4"":4500}",HOLD_TO_SETTLEMENT,c5430eb845ac4cefb3c281ac543b383aad9652b9d0817d0605ab42bca6970657,1.0.0,2026-09-13T06:28:48Z,1.0.0,1.0.0,1.0.0,2026-09-13T06:28:48Z,READY,224,116,108,0.517857,0.482143,2700,2300,1.173913,289.285714,NBA_20260102_POR_NOP,KXNBAGAME-26JAN02PORNOP-POR,2026-01-03T02:16:00Z,7200,FIRST_TOUCH,Q2,PT00M14.60S,2026-01-03T03:07:00Z,9600,REACH,,,,WIN,YES,10000,a1bee2f832bba4fbfbee499c6c89c2cf1a011d365a81efc1b5ef04b1ed6b0236,,,,,,,,,,,,,,,,,,,,,,,,,,,,,,,,,,,,,,,,,,,,,,,,,,,,,,,,,,,,,,,,,,,,,,,,,,,,,,,,
row,913 ITI-01,NBA,NBA,2025-2026,2025-03-18,2026-09-01,"{""date_from"":""2025-03-18"",""date_to"":""2026-09-01"",""game_data"":[""pbp""],""leagues"":[""NBA""],""market_data"":[""candles""],""markets"":[""kalshi""],""seasons"":[""2025-2026""],""sports"":[""NBA""]}",TRADABLE_YES_BID,1_MINUTE_CANDLE,available_at,FIRST_TOUCH,"{""id"":""entry_mtw2zh6b_f4q8g"",""op"":""FIRST_TOUCH"",""ordinal"":""FIRST_TOUCH"",""period"":""Q2"",""price_e4"":6800,""source_vocabulary"":""TOUCH""}",REACH,"{""id"":""exit_mty0bwbw_mvfqe"",""op"":""REACH"",""outcome"":""win"",""price_e4"":9500}",REACH,"{""id"":""exit_mtug1t99_aq1lv"",""op"":""REACH"",""outcome"":""loss"",""price_e4"":4500}",HOLD_TO_SETTLEMENT,c5430eb845ac4cefb3c281ac543b383aad9652b9d0817d0605ab42bca6970657,1.0.0,2026-09-13T06:28:48Z,1.0.0,1.0.0,1.0.0,2026-09-13T06:28:48Z,READY,224,116,108,0.517857,0.482143,2700,2300,1.173913,289.285714,NBA_20260103_PHI_NYK,KXNBAGAME-26JAN03PHINYK-PHI,2026-01-04T01:34:00Z,6800,FIRST_TOUCH,Q2,PT01M49.00S,2026-01-04T02:41:00Z,9500,REACH,,,,WIN,YES,10000,a1bee2f832bba4fbfbee499c6c89c2cf1a011d365a81efc1b5ef04b1ed6b0236,,,,,,,,,,,,,,,,,,,,,,,,,,,,,,,,,,,,,,,,,,,,,,,,,,,,,,,,,,,,,,,,,,,,,,,,,,,,,,,,
row,913 ITI-01,NBA,NBA,2025-2026,2025-03-18,2026-09-01,"{""date_from"":""2025-03-18"",""date_to"":""2026-09-01"",""game_data"":[""pbp""],""leagues"":[""NBA""],""market_data"":[""candles""],""markets"":[""kalshi""],""seasons"":[""2025-2026""],""sports"":[""NBA""]}",TRADABLE_YES_BID,1_MINUTE_CANDLE,available_at,FIRST_TOUCH,"{""id"":""entry_mtw2zh6b_f4q8g"",""op"":""FIRST_TOUCH"",""ordinal"":""FIRST_TOUCH"",""period"":""Q2"",""price_e4"":6800,""source_vocabulary"":""TOUCH""}",REACH,"{""id"":""exit_mty0bwbw_mvfqe"",""op"":""REACH"",""outcome"":""win"",""price_e4"":9500}",REACH,"{""id"":""exit_mtug1t99_aq1lv"",""op"":""REACH"",""outcome"":""loss"",""price_e4"":4500}",HOLD_TO_SETTLEMENT,c5430eb845ac4cefb3c281ac543b383aad9652b9d0817d0605ab42bca6970657,1.0.0,2026-09-13T06:28:48Z,1.0.0,1.0.0,1.0.0,2026-09-13T06:28:48Z,READY,224,116,108,0.517857,0.482143,2700,2300,1.173913,289.285714,NBA_20260104_DEN_BKN,KXNBAGAME-26JAN04DENBKN-BKN,2026-01-04T21:35:00Z,7200,FIRST_TOUCH,Q2,PT01M17.00S,2026-01-04T22:31:00Z,9500,REACH,,,,WIN,YES,10000,a1bee2f832bba4fbfbee499c6c89c2cf1a011d365a81efc1b5ef04b1ed6b0236,,,,,,,,,,,,,,,,,,,,,,,,,,,,,,,,,,,,,,,,,,,,,,,,,,,,,,,,,,,,,,,,,,,,,,,,,,,,,,,,
row,913 ITI-01,NBA,NBA,2025-2026,2025-03-18,2026-09-01,"{""date_from"":""2025-03-18"",""date_to"":""2026-09-01"",""game_data"":[""pbp""],""leagues"":[""NBA""],""market_data"":[""candles""],""markets"":[""kalshi""],""seasons"":[""2025-2026""],""sports"":[""NBA""]}",TRADABLE_YES_BID,1_MINUTE_CANDLE,available_at,FIRST_TOUCH,"{""id"":""entry_mtw2zh6b_f4q8g"",""op"":""FIRST_TOUCH"",""ordinal"":""FIRST_TOUCH"",""period"":""Q2"",""price_e4"":6800,""source_vocabulary"":""TOUCH""}",REACH,"{""id"":""exit_mty0bwbw_mvfqe"",""op"":""REACH"",""outcome"":""win"",""price_e4"":9500}",REACH,"{""id"":""exit_mtug1t99_aq1lv"",""op"":""REACH"",""outcome"":""loss"",""price_e4"":4500}",HOLD_TO_SETTLEMENT,c5430eb845ac4cefb3c281ac543b383aad9652b9d0817d0605ab42bca6970657,1.0.0,2026-09-13T06:28:48Z,1.0.0,1.0.0,1.0.0,2026-09-13T06:28:48Z,READY,224,116,108,0.517857,0.482143,2700,2300,1.173913,289.285714,NBA_20260104_MEM_LAL,KXNBAGAME-26JAN04MEMLAL-MEM,2026-01-05T03:28:00Z,7100,FIRST_TOUCH,Q2,PT04M23.00S,,,,2026-01-05T04:35:00Z,4300,REACH,LOSS,NO,0,a1bee2f832bba4fbfbee499c6c89c2cf1a011d365a81efc1b5ef04b1ed6b0236,,,,,,,,,,,,,,,,,,,,,,,,,,,,,,,,,,,,,,,,,,,,,,,,,,,,,,,,,,,,,,,,,,,,,,,,,,,,,,,,
row,913 ITI-01,NBA,NBA,2025-2026,2025-03-18,2026-09-01,"{""date_from"":""2025-03-18"",""date_to"":""2026-09-01"",""game_data"":[""pbp""],""leagues"":[""NBA""],""market_data"":[""candles""],""markets"":[""kalshi""],""seasons"":[""2025-2026""],""sports"":[""NBA""]}",TRADABLE_YES_BID,1_MINUTE_CANDLE,available_at,FIRST_TOUCH,"{""id"":""entry_mtw2zh6b_f4q8g"",""op"":""FIRST_TOUCH"",""ordinal"":""FIRST_TOUCH"",""period"":""Q2"",""price_e4"":6800,""source_vocabulary"":""TOUCH""}",REACH,"{""id"":""exit_mty0bwbw_mvfqe"",""op"":""REACH"",""outcome"":""win"",""price_e4"":9500}",REACH,"{""id"":""exit_mtug1t99_aq1lv"",""op"":""REACH"",""outcome"":""loss"",""price_e4"":4500}",HOLD_TO_SETTLEMENT,c5430eb845ac4cefb3c281ac543b383aad9652b9d0817d0605ab42bca6970657,1.0.0,2026-09-13T06:28:48Z,1.0.0,1.0.0,1.0.0,2026-09-13T06:28:48Z,READY,224,116,108,0.517857,0.482143,2700,2300,1.173913,289.285714,NBA_20260105_NYK_DET,KXNBAGAME-26JAN05NYKDET-DET,2026-01-06T01:06:00Z,6800,FIRST_TOUCH,Q2,PT00M40.60S,2026-01-06T01:40:00Z,9500,REACH,,,,WIN,YES,10000,a1bee2f832bba4fbfbee499c6c89c2cf1a011d365a81efc1b5ef04b1ed6b0236,,,,,,,,,,,,,,,,,,,,,,,,,,,,,,,,,,,,,,,,,,,,,,,,,,,,,,,,,,,,,,,,,,,,,,,,,,,,,,,,
row,913 ITI-01,NBA,NBA,2025-2026,2025-03-18,2026-09-01,"{""date_from"":""2025-03-18"",""date_to"":""2026-09-01"",""game_data"":[""pbp""],""leagues"":[""NBA""],""market_data"":[""candles""],""markets"":[""kalshi""],""seasons"":[""2025-2026""],""sports"":[""NBA""]}",TRADABLE_YES_BID,1_MINUTE_CANDLE,available_at,FIRST_TOUCH,"{""id"":""entry_mtw2zh6b_f4q8g"",""op"":""FIRST_TOUCH"",""ordinal"":""FIRST_TOUCH"",""period"":""Q2"",""price_e4"":6800,""source_vocabulary"":""TOUCH""}",REACH,"{""id"":""exit_mty0bwbw_mvfqe"",""op"":""REACH"",""outcome"":""win"",""price_e4"":9500}",REACH,"{""id"":""exit_mtug1t99_aq1lv"",""op"":""REACH"",""outcome"":""loss"",""price_e4"":4500}",HOLD_TO_SETTLEMENT,c5430eb845ac4cefb3c281ac543b383aad9652b9d0817d0605ab42bca6970657,1.0.0,2026-09-13T06:28:48Z,1.0.0,1.0.0,1.0.0,2026-09-13T06:28:48Z,READY,224,116,108,0.517857,0.482143,2700,2300,1.173913,289.285714,NBA_20260106_DAL_SAC,KXNBAGAME-26JAN06DALSAC-SAC,2026-01-07T05:18:00Z,6900,FIRST_TOUCH,Q2,PT00M00.00S,,,,2026-01-07T06:01:00Z,4500,REACH,LOSS,NO,0,a1bee2f832bba4fbfbee499c6c89c2cf1a011d365a81efc1b5ef04b1ed6b0236,,,,,,,,,,,,,,,,,,,,,,,,,,,,,,,,,,,,,,,,,,,,,,,,,,,,,,,,,,,,,,,,,,,,,,,,,,,,,,,,
row,913 ITI-01,NBA,NBA,2025-2026,2025-03-18,2026-09-01,"{""date_from"":""2025-03-18"",""date_to"":""2026-09-01"",""game_data"":[""pbp""],""leagues"":[""NBA""],""market_data"":[""candles""],""markets"":[""kalshi""],""seasons"":[""2025-2026""],""sports"":[""NBA""]}",TRADABLE_YES_BID,1_MINUTE_CANDLE,available_at,FIRST_TOUCH,"{""id"":""entry_mtw2zh6b_f4q8g"",""op"":""FIRST_TOUCH"",""ordinal"":""FIRST_TOUCH"",""period"":""Q2"",""price_e4"":6800,""source_vocabulary"":""TOUCH""}",REACH,"{""id"":""exit_mty0bwbw_mvfqe"",""op"":""REACH"",""outcome"":""win"",""price_e4"":9500}",REACH,"{""id"":""exit_mtug1t99_aq1lv"",""op"":""REACH"",""outcome"":""loss"",""price_e4"":4500}",HOLD_TO_SETTLEMENT,c5430eb845ac4cefb3c281ac543b383aad9652b9d0817d0605ab42bca6970657,1.0.0,2026-09-13T06:28:48Z,1.0.0,1.0.0,1.0.0,2026-09-13T06:28:48Z,READY,224,116,108,0.517857,0.482143,2700,2300,1.173913,289.285714,NBA_20260107_ORL_BKN,KXNBAGAME-26JAN07ORLBKN-ORL,2026-01-08T01:27:00Z,6900,FIRST_TOUCH,Q2,PT03M39.00S,2026-01-08T02:18:00Z,9500,REACH,,,,WIN,YES,10000,a1bee2f832bba4fbfbee499c6c89c2cf1a011d365a81efc1b5ef04b1ed6b0236,,,,,,,,,,,,,,,,,,,,,,,,,,,,,,,,,,,,,,,,,,,,,,,,,,,,,,,,,,,,,,,,,,,,,,,,,,,,,,,,
row,913 ITI-01,NBA,NBA,2025-2026,2025-03-18,2026-09-01,"{""date_from"":""2025-03-18"",""date_to"":""2026-09-01"",""game_data"":[""pbp""],""leagues"":[""NBA""],""market_data"":[""candles""],""markets"":[""kalshi""],""seasons"":[""2025-2026""],""sports"":[""NBA""]}",TRADABLE_YES_BID,1_MINUTE_CANDLE,available_at,FIRST_TOUCH,"{""id"":""entry_mtw2zh6b_f4q8g"",""op"":""FIRST_TOUCH"",""ordinal"":""FIRST_TOUCH"",""period"":""Q2"",""price_e4"":6800,""source_vocabulary"":""TOUCH""}",REACH,"{""id"":""exit_mty0bwbw_mvfqe"",""op"":""REACH"",""outcome"":""win"",""price_e4"":9500}",REACH,"{""id"":""exit_mtug1t99_aq1lv"",""op"":""REACH"",""outcome"":""loss"",""price_e4"":4500}",HOLD_TO_SETTLEMENT,c5430eb845ac4cefb3c281ac543b383aad9652b9d0817d0605ab42bca6970657,1.0.0,2026-09-13T06:28:48Z,1.0.0,1.0.0,1.0.0,2026-09-13T06:28:48Z,READY,224,116,108,0.517857,0.482143,2700,2300,1.173913,289.285714,NBA_20260107_TOR_CHA,KXNBAGAME-26JAN07TORCHA-CHA,2026-01-08T01:02:00Z,6900,FIRST_TOUCH,Q2,PT04M22.00S,,,,2026-01-08T02:13:00Z,3300,REACH,LOSS,NO,0,a1bee2f832bba4fbfbee499c6c89c2cf1a011d365a81efc1b5ef04b1ed6b0236,,,,,,,,,,,,,,,,,,,,,,,,,,,,,,,,,,,,,,,,,,,,,,,,,,,,,,,,,,,,,,,,,,,,,,,,,,,,,,,,
row,913 ITI-01,NBA,NBA,2025-2026,2025-03-18,2026-09-01,"{""date_from"":""2025-03-18"",""date_to"":""2026-09-01"",""game_data"":[""pbp""],""leagues"":[""NBA""],""market_data"":[""candles""],""markets"":[""kalshi""],""seasons"":[""2025-2026""],""sports"":[""NBA""]}",TRADABLE_YES_BID,1_MINUTE_CANDLE,available_at,FIRST_TOUCH,"{""id"":""entry_mtw2zh6b_f4q8g"",""op"":""FIRST_TOUCH"",""ordinal"":""FIRST_TOUCH"",""period"":""Q2"",""price_e4"":6800,""source_vocabulary"":""TOUCH""}",REACH,"{""id"":""exit_mty0bwbw_mvfqe"",""op"":""REACH"",""outcome"":""win"",""price_e4"":9500}",REACH,"{""id"":""exit_mtug1t99_aq1lv"",""op"":""REACH"",""outcome"":""loss"",""price_e4"":4500}",HOLD_TO_SETTLEMENT,c5430eb845ac4cefb3c281ac543b383aad9652b9d0817d0605ab42bca6970657,1.0.0,2026-09-13T06:28:48Z,1.0.0,1.0.0,1.0.0,2026-09-13T06:28:48Z,READY,224,116,108,0.517857,0.482143,2700,2300,1.173913,289.285714,NBA_20260109_ATL_DEN,KXNBAGAME-26JAN09ATLDEN-ATL,2026-01-10T02:39:00Z,6900,FIRST_TOUCH,Q2,PT08M34.00S,,,,2026-01-10T03:42:00Z,4300,REACH,LOSS,YES,10000,a1bee2f832bba4fbfbee499c6c89c2cf1a011d365a81efc1b5ef04b1ed6b0236,,,,,,,,,,,,,,,,,,,,,,,,,,,,,,,,,,,,,,,,,,,,,,,,,,,,,,,,,,,,,,,,,,,,,,,,,,,,,,,,
row,913 ITI-01,NBA,NBA,2025-2026,2025-03-18,2026-09-01,"{""date_from"":""2025-03-18"",""date_to"":""2026-09-01"",""game_data"":[""pbp""],""leagues"":[""NBA""],""market_data"":[""candles""],""markets"":[""kalshi""],""seasons"":[""2025-2026""],""sports"":[""NBA""]}",TRADABLE_YES_BID,1_MINUTE_CANDLE,available_at,FIRST_TOUCH,"{""id"":""entry_mtw2zh6b_f4q8g"",""op"":""FIRST_TOUCH"",""ordinal"":""FIRST_TOUCH"",""period"":""Q2"",""price_e4"":6800,""source_vocabulary"":""TOUCH""}",REACH,"{""id"":""exit_mty0bwbw_mvfqe"",""op"":""REACH"",""outcome"":""win"",""price_e4"":9500}",REACH,"{""id"":""exit_mtug1t99_aq1lv"",""op"":""REACH"",""outcome"":""loss"",""price_e4"":4500}",HOLD_TO_SETTLEMENT,c5430eb845ac4cefb3c281ac543b383aad9652b9d0817d0605ab42bca6970657,1.0.0,2026-09-13T06:28:48Z,1.0.0,1.0.0,1.0.0,2026-09-13T06:28:48Z,READY,224,116,108,0.517857,0.482143,2700,2300,1.173913,289.285714,NBA_20260109_OKC_MEM,KXNBAGAME-26JAN09OKCMEM-MEM,2026-01-10T01:44:00Z,6800,FIRST_TOUCH,Q2,PT09M54.00S,2026-01-10T03:17:00Z,9500,REACH,,,,WIN,NO,0,a1bee2f832bba4fbfbee499c6c89c2cf1a011d365a81efc1b5ef04b1ed6b0236,,,,,,,,,,,,,,,,,,,,,,,,,,,,,,,,,,,,,,,,,,,,,,,,,,,,,,,,,,,,,,,,,,,,,,,,,,,,,,,,
row,913 ITI-01,NBA,NBA,2025-2026,2025-03-18,2026-09-01,"{""date_from"":""2025-03-18"",""date_to"":""2026-09-01"",""game_data"":[""pbp""],""leagues"":[""NBA""],""market_data"":[""candles""],""markets"":[""kalshi""],""seasons"":[""2025-2026""],""sports"":[""NBA""]}",TRADABLE_YES_BID,1_MINUTE_CANDLE,available_at,FIRST_TOUCH,"{""id"":""entry_mtw2zh6b_f4q8g"",""op"":""FIRST_TOUCH"",""ordinal"":""FIRST_TOUCH"",""period"":""Q2"",""price_e4"":6800,""source_vocabulary"":""TOUCH""}",REACH,"{""id"":""exit_mty0bwbw_mvfqe"",""op"":""REACH"",""outcome"":""win"",""price_e4"":9500}",REACH,"{""id"":""exit_mtug1t99_aq1lv"",""op"":""REACH"",""outcome"":""loss"",""price_e4"":4500}",HOLD_TO_SETTLEMENT,c5430eb845ac4cefb3c281ac543b383aad9652b9d0817d0605ab42bca6970657,1.0.0,2026-09-13T06:28:48Z,1.0.0,1.0.0,1.0.0,2026-09-13T06:28:48Z,READY,224,116,108,0.517857,0.482143,2700,2300,1.173913,289.285714,NBA_20260110_MIN_CLE,KXNBAGAME-26JAN10MINCLE-MIN,2026-01-10T18:48:00Z,6800,FIRST_TOUCH,Q2,PT08M13.00S,,,,2026-01-10T19:29:00Z,4500,REACH,LOSS,NO,0,a1bee2f832bba4fbfbee499c6c89c2cf1a011d365a81efc1b5ef04b1ed6b0236,,,,,,,,,,,,,,,,,,,,,,,,,,,,,,,,,,,,,,,,,,,,,,,,,,,,,,,,,,,,,,,,,,,,,,,,,,,,,,,,
row,913 ITI-01,NBA,NBA,2025-2026,2025-03-18,2026-09-01,"{""date_from"":""2025-03-18"",""date_to"":""2026-09-01"",""game_data"":[""pbp""],""leagues"":[""NBA""],""market_data"":[""candles""],""markets"":[""kalshi""],""seasons"":[""2025-2026""],""sports"":[""NBA""]}",TRADABLE_YES_BID,1_MINUTE_CANDLE,available_at,FIRST_TOUCH,"{""id"":""entry_mtw2zh6b_f4q8g"",""op"":""FIRST_TOUCH"",""ordinal"":""FIRST_TOUCH"",""period"":""Q2"",""price_e4"":6800,""source_vocabulary"":""TOUCH""}",REACH,"{""id"":""exit_mty0bwbw_mvfqe"",""op"":""REACH"",""outcome"":""win"",""price_e4"":9500}",REACH,"{""id"":""exit_mtug1t99_aq1lv"",""op"":""REACH"",""outcome"":""loss"",""price_e4"":4500}",HOLD_TO_SETTLEMENT,c5430eb845ac4cefb3c281ac543b383aad9652b9d0817d0605ab42bca6970657,1.0.0,2026-09-13T06:28:48Z,1.0.0,1.0.0,1.0.0,2026-09-13T06:28:48Z,READY,224,116,108,0.517857,0.482143,2700,2300,1.173913,289.285714,NBA_20260111_PHI_TOR,KXNBAGAME-26JAN11PHITOR-TOR,2026-01-11T23:58:00Z,6800,FIRST_TOUCH,Q2,PT06M00.00S,,,,2026-01-12T00:47:00Z,4400,REACH,LOSS,YES,10000,a1bee2f832bba4fbfbee499c6c89c2cf1a011d365a81efc1b5ef04b1ed6b0236,,,,,,,,,,,,,,,,,,,,,,,,,,,,,,,,,,,,,,,,,,,,,,,,,,,,,,,,,,,,,,,,,,,,,,,,,,,,,,,,
row,913 ITI-01,NBA,NBA,2025-2026,2025-03-18,2026-09-01,"{""date_from"":""2025-03-18"",""date_to"":""2026-09-01"",""game_data"":[""pbp""],""leagues"":[""NBA""],""market_data"":[""candles""],""markets"":[""kalshi""],""seasons"":[""2025-2026""],""sports"":[""NBA""]}",TRADABLE_YES_BID,1_MINUTE_CANDLE,available_at,FIRST_TOUCH,"{""id"":""entry_mtw2zh6b_f4q8g"",""op"":""FIRST_TOUCH"",""ordinal"":""FIRST_TOUCH"",""period"":""Q2"",""price_e4"":6800,""source_vocabulary"":""TOUCH""}",REACH,"{""id"":""exit_mty0bwbw_mvfqe"",""op"":""REACH"",""outcome"":""win"",""price_e4"":9500}",REACH,"{""id"":""exit_mtug1t99_aq1lv"",""op"":""REACH"",""outcome"":""loss"",""price_e4"":4500}",HOLD_TO_SETTLEMENT,c5430eb845ac4cefb3c281ac543b383aad9652b9d0817d0605ab42bca6970657,1.0.0,2026-09-13T06:28:48Z,1.0.0,1.0.0,1.0.0,2026-09-13T06:28:48Z,READY,224,116,108,0.517857,0.482143,2700,2300,1.173913,289.285714,NBA_20260111_SAS_MIN,KXNBAGAME-26JAN11SASMIN-SAS,2026-01-12T01:05:00Z,7400,FIRST_TOUCH,Q2,PT01M10.00S,,,,2026-01-12T02:28:00Z,3400,REACH,LOSS,NO,0,a1bee2f832bba4fbfbee499c6c89c2cf1a011d365a81efc1b5ef04b1ed6b0236,,,,,,,,,,,,,,,,,,,,,,,,,,,,,,,,,,,,,,,,,,,,,,,,,,,,,,,,,,,,,,,,,,,,,,,,,,,,,,,,
row,913 ITI-01,NBA,NBA,2025-2026,2025-03-18,2026-09-01,"{""date_from"":""2025-03-18"",""date_to"":""2026-09-01"",""game_data"":[""pbp""],""leagues"":[""NBA""],""market_data"":[""candles""],""markets"":[""kalshi""],""seasons"":[""2025-2026""],""sports"":[""NBA""]}",TRADABLE_YES_BID,1_MINUTE_CANDLE,available_at,FIRST_TOUCH,"{""id"":""entry_mtw2zh6b_f4q8g"",""op"":""FIRST_TOUCH"",""ordinal"":""FIRST_TOUCH"",""period"":""Q2"",""price_e4"":6800,""source_vocabulary"":""TOUCH""}",REACH,"{""id"":""exit_mty0bwbw_mvfqe"",""op"":""REACH"",""outcome"":""win"",""price_e4"":9500}",REACH,"{""id"":""exit_mtug1t99_aq1lv"",""op"":""REACH"",""outcome"":""loss"",""price_e4"":4500}",HOLD_TO_SETTLEMENT,c5430eb845ac4cefb3c281ac543b383aad9652b9d0817d0605ab42bca6970657,1.0.0,2026-09-13T06:28:48Z,1.0.0,1.0.0,1.0.0,2026-09-13T06:28:48Z,READY,224,116,108,0.517857,0.482143,2700,2300,1.173913,289.285714,NBA_20260114_DEN_DAL,KXNBAGAME-26JAN14DENDAL-DEN,2026-01-15T03:14:00Z,7000,FIRST_TOUCH,Q2,PT11M16.00S,2026-01-15T04:13:00Z,9500,REACH,,,,WIN,YES,10000,a1bee2f832bba4fbfbee499c6c89c2cf1a011d365a81efc1b5ef04b1ed6b0236,,,,,,,,,,,,,,,,,,,,,,,,,,,,,,,,,,,,,,,,,,,,,,,,,,,,,,,,,,,,,,,,,,,,,,,,,,,,,,,,
row,913 ITI-01,NBA,NBA,2025-2026,2025-03-18,2026-09-01,"{""date_from"":""2025-03-18"",""date_to"":""2026-09-01"",""game_data"":[""pbp""],""leagues"":[""NBA""],""market_data"":[""candles""],""markets"":[""kalshi""],""seasons"":[""2025-2026""],""sports"":[""NBA""]}",TRADABLE_YES_BID,1_MINUTE_CANDLE,available_at,FIRST_TOUCH,"{""id"":""entry_mtw2zh6b_f4q8g"",""op"":""FIRST_TOUCH"",""ordinal"":""FIRST_TOUCH"",""period"":""Q2"",""price_e4"":6800,""source_vocabulary"":""TOUCH""}",REACH,"{""id"":""exit_mty0bwbw_mvfqe"",""op"":""REACH"",""outcome"":""win"",""price_e4"":9500}",REACH,"{""id"":""exit_mtug1t99_aq1lv"",""op"":""REACH"",""outcome"":""loss"",""price_e4"":4500}",HOLD_TO_SETTLEMENT,c5430eb845ac4cefb3c281ac543b383aad9652b9d0817d0605ab42bca6970657,1.0.0,2026-09-13T06:28:48Z,1.0.0,1.0.0,1.0.0,2026-09-13T06:28:48Z,READY,224,116,108,0.517857,0.482143,2700,2300,1.173913,289.285714,NBA_20260114_NYK_SAC,KXNBAGAME-26JAN14NYKSAC-SAC,2026-01-15T04:03:00Z,6800,FIRST_TOUCH,Q2,PT03M17.00S,2026-01-15T04:50:00Z,9600,REACH,,,,WIN,YES,10000,a1bee2f832bba4fbfbee499c6c89c2cf1a011d365a81efc1b5ef04b1ed6b0236,,,,,,,,,,,,,,,,,,,,,,,,,,,,,,,,,,,,,,,,,,,,,,,,,,,,,,,,,,,,,,,,,,,,,,,,,,,,,,,,
row,913 ITI-01,NBA,NBA,2025-2026,2025-03-18,2026-09-01,"{""date_from"":""2025-03-18"",""date_to"":""2026-09-01"",""game_data"":[""pbp""],""leagues"":[""NBA""],""market_data"":[""candles""],""markets"":[""kalshi""],""seasons"":[""2025-2026""],""sports"":[""NBA""]}",TRADABLE_YES_BID,1_MINUTE_CANDLE,available_at,FIRST_TOUCH,"{""id"":""entry_mtw2zh6b_f4q8g"",""op"":""FIRST_TOUCH"",""ordinal"":""FIRST_TOUCH"",""period"":""Q2"",""price_e4"":6800,""source_vocabulary"":""TOUCH""}",REACH,"{""id"":""exit_mty0bwbw_mvfqe"",""op"":""REACH"",""outcome"":""win"",""price_e4"":9500}",REACH,"{""id"":""exit_mtug1t99_aq1lv"",""op"":""REACH"",""outcome"":""loss"",""price_e4"":4500}",HOLD_TO_SETTLEMENT,c5430eb845ac4cefb3c281ac543b383aad9652b9d0817d0605ab42bca6970657,1.0.0,2026-09-13T06:28:48Z,1.0.0,1.0.0,1.0.0,2026-09-13T06:28:48Z,READY,224,116,108,0.517857,0.482143,2700,2300,1.173913,289.285714,NBA_20260115_ATL_POR,KXNBAGAME-26JAN15ATLPOR-ATL,2026-01-16T04:11:00Z,6800,FIRST_TOUCH,Q2,PT00M13.10S,,,,2026-01-16T04:54:00Z,4300,REACH,LOSS,NO,0,a1bee2f832bba4fbfbee499c6c89c2cf1a011d365a81efc1b5ef04b1ed6b0236,,,,,,,,,,,,,,,,,,,,,,,,,,,,,,,,,,,,,,,,,,,,,,,,,,,,,,,,,,,,,,,,,,,,,,,,,,,,,,,,
row,913 ITI-01,NBA,NBA,2025-2026,2025-03-18,2026-09-01,"{""date_from"":""2025-03-18"",""date_to"":""2026-09-01"",""game_data"":[""pbp""],""leagues"":[""NBA""],""market_data"":[""candles""],""markets"":[""kalshi""],""seasons"":[""2025-2026""],""sports"":[""NBA""]}",TRADABLE_YES_BID,1_MINUTE_CANDLE,available_at,FIRST_TOUCH,"{""id"":""entry_mtw2zh6b_f4q8g"",""op"":""FIRST_TOUCH"",""ordinal"":""FIRST_TOUCH"",""period"":""Q2"",""price_e4"":6800,""source_vocabulary"":""TOUCH""}",REACH,"{""id"":""exit_mty0bwbw_mvfqe"",""op"":""REACH"",""outcome"":""win"",""price_e4"":9500}",REACH,"{""id"":""exit_mtug1t99_aq1lv"",""op"":""REACH"",""outcome"":""loss"",""price_e4"":4500}",HOLD_TO_SETTLEMENT,c5430eb845ac4cefb3c281ac543b383aad9652b9d0817d0605ab42bca6970657,1.0.0,2026-09-13T06:28:48Z,1.0.0,1.0.0,1.0.0,2026-09-13T06:28:48Z,READY,224,116,108,0.517857,0.482143,2700,2300,1.173913,289.285714,NBA_20260115_OKC_HOU,KXNBAGAME-26JAN15OKCHOU-OKC,2026-01-16T01:14:00Z,6800,FIRST_TOUCH,Q2,PT10M46.00S,2026-01-16T02:41:00Z,9500,REACH,,,,WIN,YES,10000,a1bee2f832bba4fbfbee499c6c89c2cf1a011d365a81efc1b5ef04b1ed6b0236,,,,,,,,,,,,,,,,,,,,,,,,,,,,,,,,,,,,,,,,,,,,,,,,,,,,,,,,,,,,,,,,,,,,,,,,,,,,,,,,
row,913 ITI-01,NBA,NBA,2025-2026,2025-03-18,2026-09-01,"{""date_from"":""2025-03-18"",""date_to"":""2026-09-01"",""game_data"":[""pbp""],""leagues"":[""NBA""],""market_data"":[""candles""],""markets"":[""kalshi""],""seasons"":[""2025-2026""],""sports"":[""NBA""]}",TRADABLE_YES_BID,1_MINUTE_CANDLE,available_at,FIRST_TOUCH,"{""id"":""entry_mtw2zh6b_f4q8g"",""op"":""FIRST_TOUCH"",""ordinal"":""FIRST_TOUCH"",""period"":""Q2"",""price_e4"":6800,""source_vocabulary"":""TOUCH""}",REACH,"{""id"":""exit_mty0bwbw_mvfqe"",""op"":""REACH"",""outcome"":""win"",""price_e4"":9500}",REACH,"{""id"":""exit_mtug1t99_aq1lv"",""op"":""REACH"",""outcome"":""loss"",""price_e4"":4500}",HOLD_TO_SETTLEMENT,c5430eb845ac4cefb3c281ac543b383aad9652b9d0817d0605ab42bca6970657,1.0.0,2026-09-13T06:28:48Z,1.0.0,1.0.0,1.0.0,2026-09-13T06:28:48Z,READY,224,116,108,0.517857,0.482143,2700,2300,1.173913,289.285714,NBA_20260115_PHX_DET,KXNBAGAME-26JAN15PHXDET-PHX,2026-01-16T01:05:00Z,6800,FIRST_TOUCH,Q2,PT05M00.00S,,,,2026-01-16T01:15:00Z,4400,REACH,LOSS,NO,0,a1bee2f832bba4fbfbee499c6c89c2cf1a011d365a81efc1b5ef04b1ed6b0236,,,,,,,,,,,,,,,,,,,,,,,,,,,,,,,,,,,,,,,,,,,,,,,,,,,,,,,,,,,,,,,,,,,,,,,,,,,,,,,,
row,913 ITI-01,NBA,NBA,2025-2026,2025-03-18,2026-09-01,"{""date_from"":""2025-03-18"",""date_to"":""2026-09-01"",""game_data"":[""pbp""],""leagues"":[""NBA""],""market_data"":[""candles""],""markets"":[""kalshi""],""seasons"":[""2025-2026""],""sports"":[""NBA""]}",TRADABLE_YES_BID,1_MINUTE_CANDLE,available_at,FIRST_TOUCH,"{""id"":""entry_mtw2zh6b_f4q8g"",""op"":""FIRST_TOUCH"",""ordinal"":""FIRST_TOUCH"",""period"":""Q2"",""price_e4"":6800,""source_vocabulary"":""TOUCH""}",REACH,"{""id"":""exit_mty0bwbw_mvfqe"",""op"":""REACH"",""outcome"":""win"",""price_e4"":9500}",REACH,"{""id"":""exit_mtug1t99_aq1lv"",""op"":""REACH"",""outcome"":""loss"",""price_e4"":4500}",HOLD_TO_SETTLEMENT,c5430eb845ac4cefb3c281ac543b383aad9652b9d0817d0605ab42bca6970657,1.0.0,2026-09-13T06:28:48Z,1.0.0,1.0.0,1.0.0,2026-09-13T06:28:48Z,READY,224,116,108,0.517857,0.482143,2700,2300,1.173913,289.285714,NBA_20260116_CHI_BKN,KXNBAGAME-26JAN16CHIBKN-BKN,2026-01-17T01:24:00Z,6900,FIRST_TOUCH,Q2,PT03M12.00S,2026-01-17T02:16:00Z,9500,REACH,,,,WIN,YES,10000,a1bee2f832bba4fbfbee499c6c89c2cf1a011d365a81efc1b5ef04b1ed6b0236,,,,,,,,,,,,,,,,,,,,,,,,,,,,,,,,,,,,,,,,,,,,,,,,,,,,,,,,,,,,,,,,,,,,,,,,,,,,,,,,
row,913 ITI-01,NBA,NBA,2025-2026,2025-03-18,2026-09-01,"{""date_from"":""2025-03-18"",""date_to"":""2026-09-01"",""game_data"":[""pbp""],""leagues"":[""NBA""],""market_data"":[""candles""],""markets"":[""kalshi""],""seasons"":[""2025-2026""],""sports"":[""NBA""]}",TRADABLE_YES_BID,1_MINUTE_CANDLE,available_at,FIRST_TOUCH,"{""id"":""entry_mtw2zh6b_f4q8g"",""op"":""FIRST_TOUCH"",""ordinal"":""FIRST_TOUCH"",""period"":""Q2"",""price_e4"":6800,""source_vocabulary"":""TOUCH""}",REACH,"{""id"":""exit_mty0bwbw_mvfqe"",""op"":""REACH"",""outcome"":""win"",""price_e4"":9500}",REACH,"{""id"":""exit_mtug1t99_aq1lv"",""op"":""REACH"",""outcome"":""loss"",""price_e4"":4500}",HOLD_TO_SETTLEMENT,c5430eb845ac4cefb3c281ac543b383aad9652b9d0817d0605ab42bca6970657,1.0.0,2026-09-13T06:28:48Z,1.0.0,1.0.0,1.0.0,2026-09-13T06:28:48Z,READY,224,116,108,0.517857,0.482143,2700,2300,1.173913,289.285714,NBA_20260116_NOP_IND,KXNBAGAME-26JAN16NOPIND-IND,2026-01-17T00:48:00Z,7000,FIRST_TOUCH,Q2,PT06M30.00S,2026-01-17T02:03:00Z,9600,REACH,,,,WIN,YES,10000,a1bee2f832bba4fbfbee499c6c89c2cf1a011d365a81efc1b5ef04b1ed6b0236,,,,,,,,,,,,,,,,,,,,,,,,,,,,,,,,,,,,,,,,,,,,,,,,,,,,,,,,,,,,,,,,,,,,,,,,,,,,,,,,
row,913 ITI-01,NBA,NBA,2025-2026,2025-03-18,2026-09-01,"{""date_from"":""2025-03-18"",""date_to"":""2026-09-01"",""game_data"":[""pbp""],""leagues"":[""NBA""],""market_data"":[""candles""],""markets"":[""kalshi""],""seasons"":[""2025-2026""],""sports"":[""NBA""]}",TRADABLE_YES_BID,1_MINUTE_CANDLE,available_at,FIRST_TOUCH,"{""id"":""entry_mtw2zh6b_f4q8g"",""op"":""FIRST_TOUCH"",""ordinal"":""FIRST_TOUCH"",""period"":""Q2"",""price_e4"":6800,""source_vocabulary"":""TOUCH""}",REACH,"{""id"":""exit_mty0bwbw_mvfqe"",""op"":""REACH"",""outcome"":""win"",""price_e4"":9500}",REACH,"{""id"":""exit_mtug1t99_aq1lv"",""op"":""REACH"",""outcome"":""loss"",""price_e4"":4500}",HOLD_TO_SETTLEMENT,c5430eb845ac4cefb3c281ac543b383aad9652b9d0817d0605ab42bca6970657,1.0.0,2026-09-13T06:28:48Z,1.0.0,1.0.0,1.0.0,2026-09-13T06:28:48Z,READY,224,116,108,0.517857,0.482143,2700,2300,1.173913,289.285714,NBA_20260118_POR_SAC,KXNBAGAME-26JAN18PORSAC-POR,2026-01-19T03:03:00Z,6800,FIRST_TOUCH,Q2,PT02M14.00S,2026-01-19T04:04:00Z,9600,REACH,,,,WIN,YES,10000,a1bee2f832bba4fbfbee499c6c89c2cf1a011d365a81efc1b5ef04b1ed6b0236,,,,,,,,,,,,,,,,,,,,,,,,,,,,,,,,,,,,,,,,,,,,,,,,,,,,,,,,,,,,,,,,,,,,,,,,,,,,,,,,
row,913 ITI-01,NBA,NBA,2025-2026,2025-03-18,2026-09-01,"{""date_from"":""2025-03-18"",""date_to"":""2026-09-01"",""game_data"":[""pbp""],""leagues"":[""NBA""],""market_data"":[""candles""],""markets"":[""kalshi""],""seasons"":[""2025-2026""],""sports"":[""NBA""]}",TRADABLE_YES_BID,1_MINUTE_CANDLE,available_at,FIRST_TOUCH,"{""id"":""entry_mtw2zh6b_f4q8g"",""op"":""FIRST_TOUCH"",""ordinal"":""FIRST_TOUCH"",""period"":""Q2"",""price_e4"":6800,""source_vocabulary"":""TOUCH""}",REACH,"{""id"":""exit_mty0bwbw_mvfqe"",""op"":""REACH"",""outcome"":""win"",""price_e4"":9500}",REACH,"{""id"":""exit_mtug1t99_aq1lv"",""op"":""REACH"",""outcome"":""loss"",""price_e4"":4500}",HOLD_TO_SETTLEMENT,c5430eb845ac4cefb3c281ac543b383aad9652b9d0817d0605ab42bca6970657,1.0.0,2026-09-13T06:28:48Z,1.0.0,1.0.0,1.0.0,2026-09-13T06:28:48Z,READY,224,116,108,0.517857,0.482143,2700,2300,1.173913,289.285714,NBA_20260118_TOR_LAL,KXNBAGAME-26JAN18TORLAL-LAL,2026-01-19T03:18:00Z,7000,FIRST_TOUCH,Q2,PT08M30.00S,2026-01-19T04:35:00Z,9500,REACH,,,,WIN,YES,10000,a1bee2f832bba4fbfbee499c6c89c2cf1a011d365a81efc1b5ef04b1ed6b0236,,,,,,,,,,,,,,,,,,,,,,,,,,,,,,,,,,,,,,,,,,,,,,,,,,,,,,,,,,,,,,,,,,,,,,,,,,,,,,,,
row,913 ITI-01,NBA,NBA,2025-2026,2025-03-18,2026-09-01,"{""date_from"":""2025-03-18"",""date_to"":""2026-09-01"",""game_data"":[""pbp""],""leagues"":[""NBA""],""market_data"":[""candles""],""markets"":[""kalshi""],""seasons"":[""2025-2026""],""sports"":[""NBA""]}",TRADABLE_YES_BID,1_MINUTE_CANDLE,available_at,FIRST_TOUCH,"{""id"":""entry_mtw2zh6b_f4q8g"",""op"":""FIRST_TOUCH"",""ordinal"":""FIRST_TOUCH"",""period"":""Q2"",""price_e4"":6800,""source_vocabulary"":""TOUCH""}",REACH,"{""id"":""exit_mty0bwbw_mvfqe"",""op"":""REACH"",""outcome"":""win"",""price_e4"":9500}",REACH,"{""id"":""exit_mtug1t99_aq1lv"",""op"":""REACH"",""outcome"":""loss"",""price_e4"":4500}",HOLD_TO_SETTLEMENT,c5430eb845ac4cefb3c281ac543b383aad9652b9d0817d0605ab42bca6970657,1.0.0,2026-09-13T06:28:48Z,1.0.0,1.0.0,1.0.0,2026-09-13T06:28:48Z,READY,224,116,108,0.517857,0.482143,2700,2300,1.173913,289.285714,NBA_20260119_BOS_DET,KXNBAGAME-26JAN19BOSDET-DET,2026-01-20T02:15:00Z,7300,FIRST_TOUCH,Q2,PT01M35.00S,,,,2026-01-20T03:10:00Z,4400,REACH,LOSS,YES,10000,a1bee2f832bba4fbfbee499c6c89c2cf1a011d365a81efc1b5ef04b1ed6b0236,,,,,,,,,,,,,,,,,,,,,,,,,,,,,,,,,,,,,,,,,,,,,,,,,,,,,,,,,,,,,,,,,,,,,,,,,,,,,,,,
row,913 ITI-01,NBA,NBA,2025-2026,2025-03-18,2026-09-01,"{""date_from"":""2025-03-18"",""date_to"":""2026-09-01"",""game_data"":[""pbp""],""leagues"":[""NBA""],""market_data"":[""candles""],""markets"":[""kalshi""],""seasons"":[""2025-2026""],""sports"":[""NBA""]}",TRADABLE_YES_BID,1_MINUTE_CANDLE,available_at,FIRST_TOUCH,"{""id"":""entry_mtw2zh6b_f4q8g"",""op"":""FIRST_TOUCH"",""ordinal"":""FIRST_TOUCH"",""period"":""Q2"",""price_e4"":6800,""source_vocabulary"":""TOUCH""}",REACH,"{""id"":""exit_mty0bwbw_mvfqe"",""op"":""REACH"",""outcome"":""win"",""price_e4"":9500}",REACH,"{""id"":""exit_mtug1t99_aq1lv"",""op"":""REACH"",""outcome"":""loss"",""price_e4"":4500}",HOLD_TO_SETTLEMENT,c5430eb845ac4cefb3c281ac543b383aad9652b9d0817d0605ab42bca6970657,1.0.0,2026-09-13T06:28:48Z,1.0.0,1.0.0,1.0.0,2026-09-13T06:28:48Z,READY,224,116,108,0.517857,0.482143,2700,2300,1.173913,289.285714,NBA_20260119_DAL_NYK,KXNBAGAME-26JAN19DALNYK-DAL,2026-01-19T23:09:00Z,7000,FIRST_TOUCH,Q2,PT03M17.00S,2026-01-19T23:40:00Z,9500,REACH,,,,WIN,YES,10000,a1bee2f832bba4fbfbee499c6c89c2cf1a011d365a81efc1b5ef04b1ed6b0236,,,,,,,,,,,,,,,,,,,,,,,,,,,,,,,,,,,,,,,,,,,,,,,,,,,,,,,,,,,,,,,,,,,,,,,,,,,,,,,,
row,913 ITI-01,NBA,NBA,2025-2026,2025-03-18,2026-09-01,"{""date_from"":""2025-03-18"",""date_to"":""2026-09-01"",""game_data"":[""pbp""],""leagues"":[""NBA""],""market_data"":[""candles""],""markets"":[""kalshi""],""seasons"":[""2025-2026""],""sports"":[""NBA""]}",TRADABLE_YES_BID,1_MINUTE_CANDLE,available_at,FIRST_TOUCH,"{""id"":""entry_mtw2zh6b_f4q8g"",""op"":""FIRST_TOUCH"",""ordinal"":""FIRST_TOUCH"",""period"":""Q2"",""price_e4"":6800,""source_vocabulary"":""TOUCH""}",REACH,"{""id"":""exit_mty0bwbw_mvfqe"",""op"":""REACH"",""outcome"":""win"",""price_e4"":9500}",REACH,"{""id"":""exit_mtug1t99_aq1lv"",""op"":""REACH"",""outcome"":""loss"",""price_e4"":4500}",HOLD_TO_SETTLEMENT,c5430eb845ac4cefb3c281ac543b383aad9652b9d0817d0605ab42bca6970657,1.0.0,2026-09-13T06:28:48Z,1.0.0,1.0.0,1.0.0,2026-09-13T06:28:48Z,READY,224,116,108,0.517857,0.482143,2700,2300,1.173913,289.285714,NBA_20260119_MIL_ATL,KXNBAGAME-26JAN19MILATL-MIL,2026-01-19T18:46:00Z,7100,FIRST_TOUCH,Q2,PT08M54.00S,,,,2026-01-19T20:27:00Z,4500,REACH,LOSS,YES,10000,a1bee2f832bba4fbfbee499c6c89c2cf1a011d365a81efc1b5ef04b1ed6b0236,,,,,,,,,,,,,,,,,,,,,,,,,,,,,,,,,,,,,,,,,,,,,,,,,,,,,,,,,,,,,,,,,,,,,,,,,,,,,,,,
row,913 ITI-01,NBA,NBA,2025-2026,2025-03-18,2026-09-01,"{""date_from"":""2025-03-18"",""date_to"":""2026-09-01"",""game_data"":[""pbp""],""leagues"":[""NBA""],""market_data"":[""candles""],""markets"":[""kalshi""],""seasons"":[""2025-2026""],""sports"":[""NBA""]}",TRADABLE_YES_BID,1_MINUTE_CANDLE,available_at,FIRST_TOUCH,"{""id"":""entry_mtw2zh6b_f4q8g"",""op"":""FIRST_TOUCH"",""ordinal"":""FIRST_TOUCH"",""period"":""Q2"",""price_e4"":6800,""source_vocabulary"":""TOUCH""}",REACH,"{""id"":""exit_mty0bwbw_mvfqe"",""op"":""REACH"",""outcome"":""win"",""price_e4"":9500}",REACH,"{""id"":""exit_mtug1t99_aq1lv"",""op"":""REACH"",""outcome"":""loss"",""price_e4"":4500}",HOLD_TO_SETTLEMENT,c5430eb845ac4cefb3c281ac543b383aad9652b9d0817d0605ab42bca6970657,1.0.0,2026-09-13T06:28:48Z,1.0.0,1.0.0,1.0.0,2026-09-13T06:28:48Z,READY,224,116,108,0.517857,0.482143,2700,2300,1.173913,289.285714,NBA_20260120_LAC_CHI,KXNBAGAME-26JAN20LACCHI-CHI,2026-01-21T01:48:00Z,7100,FIRST_TOUCH,Q2,PT06M37.00S,2026-01-21T02:40:00Z,9700,REACH,,,,WIN,YES,10000,a1bee2f832bba4fbfbee499c6c89c2cf1a011d365a81efc1b5ef04b1ed6b0236,,,,,,,,,,,,,,,,,,,,,,,,,,,,,,,,,,,,,,,,,,,,,,,,,,,,,,,,,,,,,,,,,,,,,,,,,,,,,,,,
row,913 ITI-01,NBA,NBA,2025-2026,2025-03-18,2026-09-01,"{""date_from"":""2025-03-18"",""date_to"":""2026-09-01"",""game_data"":[""pbp""],""leagues"":[""NBA""],""market_data"":[""candles""],""markets"":[""kalshi""],""seasons"":[""2025-2026""],""sports"":[""NBA""]}",TRADABLE_YES_BID,1_MINUTE_CANDLE,available_at,FIRST_TOUCH,"{""id"":""entry_mtw2zh6b_f4q8g"",""op"":""FIRST_TOUCH"",""ordinal"":""FIRST_TOUCH"",""period"":""Q2"",""price_e4"":6800,""source_vocabulary"":""TOUCH""}",REACH,"{""id"":""exit_mty0bwbw_mvfqe"",""op"":""REACH"",""outcome"":""win"",""price_e4"":9500}",REACH,"{""id"":""exit_mtug1t99_aq1lv"",""op"":""REACH"",""outcome"":""loss"",""price_e4"":4500}",HOLD_TO_SETTLEMENT,c5430eb845ac4cefb3c281ac543b383aad9652b9d0817d0605ab42bca6970657,1.0.0,2026-09-13T06:28:48Z,1.0.0,1.0.0,1.0.0,2026-09-13T06:28:48Z,READY,224,116,108,0.517857,0.482143,2700,2300,1.173913,289.285714,NBA_20260120_LAL_DEN,KXNBAGAME-26JAN20LALDEN-DEN,2026-01-21T04:12:00Z,7100,FIRST_TOUCH,Q2,PT00M00.00S,,,,2026-01-21T04:58:00Z,4300,REACH,LOSS,NO,0,a1bee2f832bba4fbfbee499c6c89c2cf1a011d365a81efc1b5ef04b1ed6b0236,,,,,,,,,,,,,,,,,,,,,,,,,,,,,,,,,,,,,,,,,,,,,,,,,,,,,,,,,,,,,,,,,,,,,,,,,,,,,,,,
row,913 ITI-01,NBA,NBA,2025-2026,2025-03-18,2026-09-01,"{""date_from"":""2025-03-18"",""date_to"":""2026-09-01"",""game_data"":[""pbp""],""leagues"":[""NBA""],""market_data"":[""candles""],""markets"":[""kalshi""],""seasons"":[""2025-2026""],""sports"":[""NBA""]}",TRADABLE_YES_BID,1_MINUTE_CANDLE,available_at,FIRST_TOUCH,"{""id"":""entry_mtw2zh6b_f4q8g"",""op"":""FIRST_TOUCH"",""ordinal"":""FIRST_TOUCH"",""period"":""Q2"",""price_e4"":6800,""source_vocabulary"":""TOUCH""}",REACH,"{""id"":""exit_mty0bwbw_mvfqe"",""op"":""REACH"",""outcome"":""win"",""price_e4"":9500}",REACH,"{""id"":""exit_mtug1t99_aq1lv"",""op"":""REACH"",""outcome"":""loss"",""price_e4"":4500}",HOLD_TO_SETTLEMENT,c5430eb845ac4cefb3c281ac543b383aad9652b9d0817d0605ab42bca6970657,1.0.0,2026-09-13T06:28:48Z,1.0.0,1.0.0,1.0.0,2026-09-13T06:28:48Z,READY,224,116,108,0.517857,0.482143,2700,2300,1.173913,289.285714,NBA_20260120_SAS_HOU,KXNBAGAME-26JAN20SASHOU-SAS,2026-01-21T02:21:00Z,6800,FIRST_TOUCH,Q2,PT05M58.00S,,,,2026-01-21T03:41:00Z,4300,REACH,LOSS,NO,0,a1bee2f832bba4fbfbee499c6c89c2cf1a011d365a81efc1b5ef04b1ed6b0236,,,,,,,,,,,,,,,,,,,,,,,,,,,,,,,,,,,,,,,,,,,,,,,,,,,,,,,,,,,,,,,,,,,,,,,,,,,,,,,,
row,913 ITI-01,NBA,NBA,2025-2026,2025-03-18,2026-09-01,"{""date_from"":""2025-03-18"",""date_to"":""2026-09-01"",""game_data"":[""pbp""],""leagues"":[""NBA""],""market_data"":[""candles""],""markets"":[""kalshi""],""seasons"":[""2025-2026""],""sports"":[""NBA""]}",TRADABLE_YES_BID,1_MINUTE_CANDLE,available_at,FIRST_TOUCH,"{""id"":""entry_mtw2zh6b_f4q8g"",""op"":""FIRST_TOUCH"",""ordinal"":""FIRST_TOUCH"",""period"":""Q2"",""price_e4"":6800,""source_vocabulary"":""TOUCH""}",REACH,"{""id"":""exit_mty0bwbw_mvfqe"",""op"":""REACH"",""outcome"":""win"",""price_e4"":9500}",REACH,"{""id"":""exit_mtug1t99_aq1lv"",""op"":""REACH"",""outcome"":""loss"",""price_e4"":4500}",HOLD_TO_SETTLEMENT,c5430eb845ac4cefb3c281ac543b383aad9652b9d0817d0605ab42bca6970657,1.0.0,2026-09-13T06:28:48Z,1.0.0,1.0.0,1.0.0,2026-09-13T06:28:48Z,READY,224,116,108,0.517857,0.482143,2700,2300,1.173913,289.285714,NBA_20260121_ATL_MEM,KXNBAGAME-26JAN21ATLMEM-ATL,2026-01-22T02:11:00Z,7100,FIRST_TOUCH,Q2,PT00M30.70S,,,,2026-01-22T02:37:00Z,4500,REACH,LOSS,YES,10000,a1bee2f832bba4fbfbee499c6c89c2cf1a011d365a81efc1b5ef04b1ed6b0236,,,,,,,,,,,,,,,,,,,,,,,,,,,,,,,,,,,,,,,,,,,,,,,,,,,,,,,,,,,,,,,,,,,,,,,,,,,,,,,,
row,913 ITI-01,NBA,NBA,2025-2026,2025-03-18,2026-09-01,"{""date_from"":""2025-03-18"",""date_to"":""2026-09-01"",""game_data"":[""pbp""],""leagues"":[""NBA""],""market_data"":[""candles""],""markets"":[""kalshi""],""seasons"":[""2025-2026""],""sports"":[""NBA""]}",TRADABLE_YES_BID,1_MINUTE_CANDLE,available_at,FIRST_TOUCH,"{""id"":""entry_mtw2zh6b_f4q8g"",""op"":""FIRST_TOUCH"",""ordinal"":""FIRST_TOUCH"",""period"":""Q2"",""price_e4"":6800,""source_vocabulary"":""TOUCH""}",REACH,"{""id"":""exit_mty0bwbw_mvfqe"",""op"":""REACH"",""outcome"":""win"",""price_e4"":9500}",REACH,"{""id"":""exit_mtug1t99_aq1lv"",""op"":""REACH"",""outcome"":""loss"",""price_e4"":4500}",HOLD_TO_SETTLEMENT,c5430eb845ac4cefb3c281ac543b383aad9652b9d0817d0605ab42bca6970657,1.0.0,2026-09-13T06:28:48Z,1.0.0,1.0.0,1.0.0,2026-09-13T06:28:48Z,READY,224,116,108,0.517857,0.482143,2700,2300,1.173913,289.285714,NBA_20260121_TOR_SAC,KXNBAGAME-26JAN21TORSAC-SAC,2026-01-22T04:00:00Z,6800,FIRST_TOUCH,Q2,PT01M44.00S,,,,2026-01-22T04:32:00Z,4500,REACH,LOSS,NO,0,a1bee2f832bba4fbfbee499c6c89c2cf1a011d365a81efc1b5ef04b1ed6b0236,,,,,,,,,,,,,,,,,,,,,,,,,,,,,,,,,,,,,,,,,,,,,,,,,,,,,,,,,,,,,,,,,,,,,,,,,,,,,,,,
row,913 ITI-01,NBA,NBA,2025-2026,2025-03-18,2026-09-01,"{""date_from"":""2025-03-18"",""date_to"":""2026-09-01"",""game_data"":[""pbp""],""leagues"":[""NBA""],""market_data"":[""candles""],""markets"":[""kalshi""],""seasons"":[""2025-2026""],""sports"":[""NBA""]}",TRADABLE_YES_BID,1_MINUTE_CANDLE,available_at,FIRST_TOUCH,"{""id"":""entry_mtw2zh6b_f4q8g"",""op"":""FIRST_TOUCH"",""ordinal"":""FIRST_TOUCH"",""period"":""Q2"",""price_e4"":6800,""source_vocabulary"":""TOUCH""}",REACH,"{""id"":""exit_mty0bwbw_mvfqe"",""op"":""REACH"",""outcome"":""win"",""price_e4"":9500}",REACH,"{""id"":""exit_mtug1t99_aq1lv"",""op"":""REACH"",""outcome"":""loss"",""price_e4"":4500}",HOLD_TO_SETTLEMENT,c5430eb845ac4cefb3c281ac543b383aad9652b9d0817d0605ab42bca6970657,1.0.0,2026-09-13T06:28:48Z,1.0.0,1.0.0,1.0.0,2026-09-13T06:28:48Z,READY,224,116,108,0.517857,0.482143,2700,2300,1.173913,289.285714,NBA_20260124_BOS_CHI,KXNBAGAME-26JAN24BOSCHI-BOS,2026-01-25T01:59:00Z,6900,FIRST_TOUCH,Q2,PT03M25.00S,,,,2026-01-25T02:44:00Z,3700,REACH,LOSS,NO,0,a1bee2f832bba4fbfbee499c6c89c2cf1a011d365a81efc1b5ef04b1ed6b0236,,,,,,,,,,,,,,,,,,,,,,,,,,,,,,,,,,,,,,,,,,,,,,,,,,,,,,,,,,,,,,,,,,,,,,,,,,,,,,,,
row,913 ITI-01,NBA,NBA,2025-2026,2025-03-18,2026-09-01,"{""date_from"":""2025-03-18"",""date_to"":""2026-09-01"",""game_data"":[""pbp""],""leagues"":[""NBA""],""market_data"":[""candles""],""markets"":[""kalshi""],""seasons"":[""2025-2026""],""sports"":[""NBA""]}",TRADABLE_YES_BID,1_MINUTE_CANDLE,available_at,FIRST_TOUCH,"{""id"":""entry_mtw2zh6b_f4q8g"",""op"":""FIRST_TOUCH"",""ordinal"":""FIRST_TOUCH"",""period"":""Q2"",""price_e4"":6800,""source_vocabulary"":""TOUCH""}",REACH,"{""id"":""exit_mty0bwbw_mvfqe"",""op"":""REACH"",""outcome"":""win"",""price_e4"":9500}",REACH,"{""id"":""exit_mtug1t99_aq1lv"",""op"":""REACH"",""outcome"":""loss"",""price_e4"":4500}",HOLD_TO_SETTLEMENT,c5430eb845ac4cefb3c281ac543b383aad9652b9d0817d0605ab42bca6970657,1.0.0,2026-09-13T06:28:48Z,1.0.0,1.0.0,1.0.0,2026-09-13T06:28:48Z,READY,224,116,108,0.517857,0.482143,2700,2300,1.173913,289.285714,NBA_20260124_CLE_ORL,KXNBAGAME-26JAN24CLEORL-CLE,2026-01-25T01:07:00Z,6900,FIRST_TOUCH,Q2,PT02M26.00S,2026-01-25T02:10:00Z,9700,REACH,,,,WIN,YES,10000,a1bee2f832bba4fbfbee499c6c89c2cf1a011d365a81efc1b5ef04b1ed6b0236,,,,,,,,,,,,,,,,,,,,,,,,,,,,,,,,,,,,,,,,,,,,,,,,,,,,,,,,,,,,,,,,,,,,,,,,,,,,,,,,
row,913 ITI-01,NBA,NBA,2025-2026,2025-03-18,2026-09-01,"{""date_from"":""2025-03-18"",""date_to"":""2026-09-01"",""game_data"":[""pbp""],""leagues"":[""NBA""],""market_data"":[""candles""],""markets"":[""kalshi""],""seasons"":[""2025-2026""],""sports"":[""NBA""]}",TRADABLE_YES_BID,1_MINUTE_CANDLE,available_at,FIRST_TOUCH,"{""id"":""entry_mtw2zh6b_f4q8g"",""op"":""FIRST_TOUCH"",""ordinal"":""FIRST_TOUCH"",""period"":""Q2"",""price_e4"":6800,""source_vocabulary"":""TOUCH""}",REACH,"{""id"":""exit_mty0bwbw_mvfqe"",""op"":""REACH"",""outcome"":""win"",""price_e4"":9500}",REACH,"{""id"":""exit_mtug1t99_aq1lv"",""op"":""REACH"",""outcome"":""loss"",""price_e4"":4500}",HOLD_TO_SETTLEMENT,c5430eb845ac4cefb3c281ac543b383aad9652b9d0817d0605ab42bca6970657,1.0.0,2026-09-13T06:28:48Z,1.0.0,1.0.0,1.0.0,2026-09-13T06:28:48Z,READY,224,116,108,0.517857,0.482143,2700,2300,1.173913,289.285714,NBA_20260125_MIA_PHX,KXNBAGAME-26JAN25MIAPHX-MIA,2026-01-26T02:22:00Z,6800,FIRST_TOUCH,Q2,PT00M00.00S,2026-01-26T03:16:00Z,9500,REACH,,,,WIN,YES,10000,a1bee2f832bba4fbfbee499c6c89c2cf1a011d365a81efc1b5ef04b1ed6b0236,,,,,,,,,,,,,,,,,,,,,,,,,,,,,,,,,,,,,,,,,,,,,,,,,,,,,,,,,,,,,,,,,,,,,,,,,,,,,,,,
row,913 ITI-01,NBA,NBA,2025-2026,2025-03-18,2026-09-01,"{""date_from"":""2025-03-18"",""date_to"":""2026-09-01"",""game_data"":[""pbp""],""leagues"":[""NBA""],""market_data"":[""candles""],""markets"":[""kalshi""],""seasons"":[""2025-2026""],""sports"":[""NBA""]}",TRADABLE_YES_BID,1_MINUTE_CANDLE,available_at,FIRST_TOUCH,"{""id"":""entry_mtw2zh6b_f4q8g"",""op"":""FIRST_TOUCH"",""ordinal"":""FIRST_TOUCH"",""period"":""Q2"",""price_e4"":6800,""source_vocabulary"":""TOUCH""}",REACH,"{""id"":""exit_mty0bwbw_mvfqe"",""op"":""REACH"",""outcome"":""win"",""price_e4"":9500}",REACH,"{""id"":""exit_mtug1t99_aq1lv"",""op"":""REACH"",""outcome"":""loss"",""price_e4"":4500}",HOLD_TO_SETTLEMENT,c5430eb845ac4cefb3c281ac543b383aad9652b9d0817d0605ab42bca6970657,1.0.0,2026-09-13T06:28:48Z,1.0.0,1.0.0,1.0.0,2026-09-13T06:28:48Z,READY,224,116,108,0.517857,0.482143,2700,2300,1.173913,289.285714,NBA_20260126_LAL_CHI,KXNBAGAME-26JAN26LALCHI-LAL,2026-01-27T01:38:00Z,7000,FIRST_TOUCH,Q2,PT10M28.00S,2026-01-27T03:10:00Z,9500,REACH,,,,WIN,YES,10000,a1bee2f832bba4fbfbee499c6c89c2cf1a011d365a81efc1b5ef04b1ed6b0236,,,,,,,,,,,,,,,,,,,,,,,,,,,,,,,,,,,,,,,,,,,,,,,,,,,,,,,,,,,,,,,,,,,,,,,,,,,,,,,,
row,913 ITI-01,NBA,NBA,2025-2026,2025-03-18,2026-09-01,"{""date_from"":""2025-03-18"",""date_to"":""2026-09-01"",""game_data"":[""pbp""],""leagues"":[""NBA""],""market_data"":[""candles""],""markets"":[""kalshi""],""seasons"":[""2025-2026""],""sports"":[""NBA""]}",TRADABLE_YES_BID,1_MINUTE_CANDLE,available_at,FIRST_TOUCH,"{""id"":""entry_mtw2zh6b_f4q8g"",""op"":""FIRST_TOUCH"",""ordinal"":""FIRST_TOUCH"",""period"":""Q2"",""price_e4"":6800,""source_vocabulary"":""TOUCH""}",REACH,"{""id"":""exit_mty0bwbw_mvfqe"",""op"":""REACH"",""outcome"":""win"",""price_e4"":9500}",REACH,"{""id"":""exit_mtug1t99_aq1lv"",""op"":""REACH"",""outcome"":""loss"",""price_e4"":4500}",HOLD_TO_SETTLEMENT,c5430eb845ac4cefb3c281ac543b383aad9652b9d0817d0605ab42bca6970657,1.0.0,2026-09-13T06:28:48Z,1.0.0,1.0.0,1.0.0,2026-09-13T06:28:48Z,READY,224,116,108,0.517857,0.482143,2700,2300,1.173913,289.285714,NBA_20260128_ORL_MIA,KXNBAGAME-26JAN28ORLMIA-MIA,2026-01-29T01:44:00Z,7300,FIRST_TOUCH,Q2,PT00M23.00S,,,,2026-01-29T02:19:00Z,3700,REACH,LOSS,NO,0,a1bee2f832bba4fbfbee499c6c89c2cf1a011d365a81efc1b5ef04b1ed6b0236,,,,,,,,,,,,,,,,,,,,,,,,,,,,,,,,,,,,,,,,,,,,,,,,,,,,,,,,,,,,,,,,,,,,,,,,,,,,,,,,
row,913 ITI-01,NBA,NBA,2025-2026,2025-03-18,2026-09-01,"{""date_from"":""2025-03-18"",""date_to"":""2026-09-01"",""game_data"":[""pbp""],""leagues"":[""NBA""],""market_data"":[""candles""],""markets"":[""kalshi""],""seasons"":[""2025-2026""],""sports"":[""NBA""]}",TRADABLE_YES_BID,1_MINUTE_CANDLE,available_at,FIRST_TOUCH,"{""id"":""entry_mtw2zh6b_f4q8g"",""op"":""FIRST_TOUCH"",""ordinal"":""FIRST_TOUCH"",""period"":""Q2"",""price_e4"":6800,""source_vocabulary"":""TOUCH""}",REACH,"{""id"":""exit_mty0bwbw_mvfqe"",""op"":""REACH"",""outcome"":""win"",""price_e4"":9500}",REACH,"{""id"":""exit_mtug1t99_aq1lv"",""op"":""REACH"",""outcome"":""loss"",""price_e4"":4500}",HOLD_TO_SETTLEMENT,c5430eb845ac4cefb3c281ac543b383aad9652b9d0817d0605ab42bca6970657,1.0.0,2026-09-13T06:28:48Z,1.0.0,1.0.0,1.0.0,2026-09-13T06:28:48Z,READY,224,116,108,0.517857,0.482143,2700,2300,1.173913,289.285714,NBA_20260129_DET_PHX,KXNBAGAME-26JAN29DETPHX-PHX,2026-01-30T02:49:00Z,6800,FIRST_TOUCH,Q2,PT07M20.00S,2026-01-30T04:11:00Z,9700,REACH,,,,WIN,YES,10000,a1bee2f832bba4fbfbee499c6c89c2cf1a011d365a81efc1b5ef04b1ed6b0236,,,,,,,,,,,,,,,,,,,,,,,,,,,,,,,,,,,,,,,,,,,,,,,,,,,,,,,,,,,,,,,,,,,,,,,,,,,,,,,,
row,913 ITI-01,NBA,NBA,2025-2026,2025-03-18,2026-09-01,"{""date_from"":""2025-03-18"",""date_to"":""2026-09-01"",""game_data"":[""pbp""],""leagues"":[""NBA""],""market_data"":[""candles""],""markets"":[""kalshi""],""seasons"":[""2025-2026""],""sports"":[""NBA""]}",TRADABLE_YES_BID,1_MINUTE_CANDLE,available_at,FIRST_TOUCH,"{""id"":""entry_mtw2zh6b_f4q8g"",""op"":""FIRST_TOUCH"",""ordinal"":""FIRST_TOUCH"",""period"":""Q2"",""price_e4"":6800,""source_vocabulary"":""TOUCH""}",REACH,"{""id"":""exit_mty0bwbw_mvfqe"",""op"":""REACH"",""outcome"":""win"",""price_e4"":9500}",REACH,"{""id"":""exit_mtug1t99_aq1lv"",""op"":""REACH"",""outcome"":""loss"",""price_e4"":4500}",HOLD_TO_SETTLEMENT,c5430eb845ac4cefb3c281ac543b383aad9652b9d0817d0605ab42bca6970657,1.0.0,2026-09-13T06:28:48Z,1.0.0,1.0.0,1.0.0,2026-09-13T06:28:48Z,READY,224,116,108,0.517857,0.482143,2700,2300,1.173913,289.285714,NBA_20260129_MIA_CHI,KXNBAGAME-26JAN29MIACHI-MIA,2026-01-30T01:49:00Z,7400,FIRST_TOUCH,Q2,PT06M37.00S,2026-01-30T03:14:00Z,9500,REACH,,,,WIN,YES,10000,a1bee2f832bba4fbfbee499c6c89c2cf1a011d365a81efc1b5ef04b1ed6b0236,,,,,,,,,,,,,,,,,,,,,,,,,,,,,,,,,,,,,,,,,,,,,,,,,,,,,,,,,,,,,,,,,,,,,,,,,,,,,,,,
row,913 ITI-01,NBA,NBA,2025-2026,2025-03-18,2026-09-01,"{""date_from"":""2025-03-18"",""date_to"":""2026-09-01"",""game_data"":[""pbp""],""leagues"":[""NBA""],""market_data"":[""candles""],""markets"":[""kalshi""],""seasons"":[""2025-2026""],""sports"":[""NBA""]}",TRADABLE_YES_BID,1_MINUTE_CANDLE,available_at,FIRST_TOUCH,"{""id"":""entry_mtw2zh6b_f4q8g"",""op"":""FIRST_TOUCH"",""ordinal"":""FIRST_TOUCH"",""period"":""Q2"",""price_e4"":6800,""source_vocabulary"":""TOUCH""}",REACH,"{""id"":""exit_mty0bwbw_mvfqe"",""op"":""REACH"",""outcome"":""win"",""price_e4"":9500}",REACH,"{""id"":""exit_mtug1t99_aq1lv"",""op"":""REACH"",""outcome"":""loss"",""price_e4"":4500}",HOLD_TO_SETTLEMENT,c5430eb845ac4cefb3c281ac543b383aad9652b9d0817d0605ab42bca6970657,1.0.0,2026-09-13T06:28:48Z,1.0.0,1.0.0,1.0.0,2026-09-13T06:28:48Z,READY,224,116,108,0.517857,0.482143,2700,2300,1.173913,289.285714,NBA_20260129_MIL_WAS,KXNBAGAME-26JAN29MILWAS-WAS,2026-01-30T01:05:00Z,7200,FIRST_TOUCH,Q2,PT04M53.00S,2026-01-30T02:32:00Z,9800,REACH,,,,WIN,YES,10000,a1bee2f832bba4fbfbee499c6c89c2cf1a011d365a81efc1b5ef04b1ed6b0236,,,,,,,,,,,,,,,,,,,,,,,,,,,,,,,,,,,,,,,,,,,,,,,,,,,,,,,,,,,,,,,,,,,,,,,,,,,,,,,,
row,913 ITI-01,NBA,NBA,2025-2026,2025-03-18,2026-09-01,"{""date_from"":""2025-03-18"",""date_to"":""2026-09-01"",""game_data"":[""pbp""],""leagues"":[""NBA""],""market_data"":[""candles""],""markets"":[""kalshi""],""seasons"":[""2025-2026""],""sports"":[""NBA""]}",TRADABLE_YES_BID,1_MINUTE_CANDLE,available_at,FIRST_TOUCH,"{""id"":""entry_mtw2zh6b_f4q8g"",""op"":""FIRST_TOUCH"",""ordinal"":""FIRST_TOUCH"",""period"":""Q2"",""price_e4"":6800,""source_vocabulary"":""TOUCH""}",REACH,"{""id"":""exit_mty0bwbw_mvfqe"",""op"":""REACH"",""outcome"":""win"",""price_e4"":9500}",REACH,"{""id"":""exit_mtug1t99_aq1lv"",""op"":""REACH"",""outcome"":""loss"",""price_e4"":4500}",HOLD_TO_SETTLEMENT,c5430eb845ac4cefb3c281ac543b383aad9652b9d0817d0605ab42bca6970657,1.0.0,2026-09-13T06:28:48Z,1.0.0,1.0.0,1.0.0,2026-09-13T06:28:48Z,READY,224,116,108,0.517857,0.482143,2700,2300,1.173913,289.285714,NBA_20260129_OKC_MIN,KXNBAGAME-26JAN29OKCMIN-MIN,2026-01-30T03:16:00Z,6900,FIRST_TOUCH,Q2,PT08M50.00S,2026-01-30T04:24:00Z,9500,REACH,,,,WIN,YES,10000,a1bee2f832bba4fbfbee499c6c89c2cf1a011d365a81efc1b5ef04b1ed6b0236,,,,,,,,,,,,,,,,,,,,,,,,,,,,,,,,,,,,,,,,,,,,,,,,,,,,,,,,,,,,,,,,,,,,,,,,,,,,,,,,
row,913 ITI-01,NBA,NBA,2025-2026,2025-03-18,2026-09-01,"{""date_from"":""2025-03-18"",""date_to"":""2026-09-01"",""game_data"":[""pbp""],""leagues"":[""NBA""],""market_data"":[""candles""],""markets"":[""kalshi""],""seasons"":[""2025-2026""],""sports"":[""NBA""]}",TRADABLE_YES_BID,1_MINUTE_CANDLE,available_at,FIRST_TOUCH,"{""id"":""entry_mtw2zh6b_f4q8g"",""op"":""FIRST_TOUCH"",""ordinal"":""FIRST_TOUCH"",""period"":""Q2"",""price_e4"":6800,""source_vocabulary"":""TOUCH""}",REACH,"{""id"":""exit_mty0bwbw_mvfqe"",""op"":""REACH"",""outcome"":""win"",""price_e4"":9500}",REACH,"{""id"":""exit_mtug1t99_aq1lv"",""op"":""REACH"",""outcome"":""loss"",""price_e4"":4500}",HOLD_TO_SETTLEMENT,c5430eb845ac4cefb3c281ac543b383aad9652b9d0817d0605ab42bca6970657,1.0.0,2026-09-13T06:28:48Z,1.0.0,1.0.0,1.0.0,2026-09-13T06:28:48Z,READY,224,116,108,0.517857,0.482143,2700,2300,1.173913,289.285714,NBA_20260130_BKN_UTA,KXNBAGAME-26JAN30BKNUTA-BKN,2026-01-31T03:25:00Z,6800,FIRST_TOUCH,Q2,PT05M46.00S,,,,2026-01-31T03:54:00Z,4500,REACH,LOSS,YES,10000,a1bee2f832bba4fbfbee499c6c89c2cf1a011d365a81efc1b5ef04b1ed6b0236,,,,,,,,,,,,,,,,,,,,,,,,,,,,,,,,,,,,,,,,,,,,,,,,,,,,,,,,,,,,,,,,,,,,,,,,,,,,,,,,
row,913 ITI-01,NBA,NBA,2025-2026,2025-03-18,2026-09-01,"{""date_from"":""2025-03-18"",""date_to"":""2026-09-01"",""game_data"":[""pbp""],""leagues"":[""NBA""],""market_data"":[""candles""],""markets"":[""kalshi""],""seasons"":[""2025-2026""],""sports"":[""NBA""]}",TRADABLE_YES_BID,1_MINUTE_CANDLE,available_at,FIRST_TOUCH,"{""id"":""entry_mtw2zh6b_f4q8g"",""op"":""FIRST_TOUCH"",""ordinal"":""FIRST_TOUCH"",""period"":""Q2"",""price_e4"":6800,""source_vocabulary"":""TOUCH""}",REACH,"{""id"":""exit_mty0bwbw_mvfqe"",""op"":""REACH"",""outcome"":""win"",""price_e4"":9500}",REACH,"{""id"":""exit_mtug1t99_aq1lv"",""op"":""REACH"",""outcome"":""loss"",""price_e4"":4500}",HOLD_TO_SETTLEMENT,c5430eb845ac4cefb3c281ac543b383aad9652b9d0817d0605ab42bca6970657,1.0.0,2026-09-13T06:28:48Z,1.0.0,1.0.0,1.0.0,2026-09-13T06:28:48Z,READY,224,116,108,0.517857,0.482143,2700,2300,1.173913,289.285714,NBA_20260130_DET_GSW,KXNBAGAME-26JAN30DETGSW-DET,2026-01-31T03:54:00Z,6800,FIRST_TOUCH,Q2,PT11M00.00S,2026-01-31T05:21:00Z,9500,REACH,,,,WIN,YES,10000,a1bee2f832bba4fbfbee499c6c89c2cf1a011d365a81efc1b5ef04b1ed6b0236,,,,,,,,,,,,,,,,,,,,,,,,,,,,,,,,,,,,,,,,,,,,,,,,,,,,,,,,,,,,,,,,,,,,,,,,,,,,,,,,
row,913 ITI-01,NBA,NBA,2025-2026,2025-03-18,2026-09-01,"{""date_from"":""2025-03-18"",""date_to"":""2026-09-01"",""game_data"":[""pbp""],""leagues"":[""NBA""],""market_data"":[""candles""],""markets"":[""kalshi""],""seasons"":[""2025-2026""],""sports"":[""NBA""]}",TRADABLE_YES_BID,1_MINUTE_CANDLE,available_at,FIRST_TOUCH,"{""id"":""entry_mtw2zh6b_f4q8g"",""op"":""FIRST_TOUCH"",""ordinal"":""FIRST_TOUCH"",""period"":""Q2"",""price_e4"":6800,""source_vocabulary"":""TOUCH""}",REACH,"{""id"":""exit_mty0bwbw_mvfqe"",""op"":""REACH"",""outcome"":""win"",""price_e4"":9500}",REACH,"{""id"":""exit_mtug1t99_aq1lv"",""op"":""REACH"",""outcome"":""loss"",""price_e4"":4500}",HOLD_TO_SETTLEMENT,c5430eb845ac4cefb3c281ac543b383aad9652b9d0817d0605ab42bca6970657,1.0.0,2026-09-13T06:28:48Z,1.0.0,1.0.0,1.0.0,2026-09-13T06:28:48Z,READY,224,116,108,0.517857,0.482143,2700,2300,1.173913,289.285714,NBA_20260130_LAC_DEN,KXNBAGAME-26JAN30LACDEN-DEN,2026-01-31T02:48:00Z,6800,FIRST_TOUCH,Q2,PT05M26.00S,2026-01-31T04:09:00Z,9500,REACH,,,,WIN,YES,10000,a1bee2f832bba4fbfbee499c6c89c2cf1a011d365a81efc1b5ef04b1ed6b0236,,,,,,,,,,,,,,,,,,,,,,,,,,,,,,,,,,,,,,,,,,,,,,,,,,,,,,,,,,,,,,,,,,,,,,,,,,,,,,,,
row,913 ITI-01,NBA,NBA,2025-2026,2025-03-18,2026-09-01,"{""date_from"":""2025-03-18"",""date_to"":""2026-09-01"",""game_data"":[""pbp""],""leagues"":[""NBA""],""market_data"":[""candles""],""markets"":[""kalshi""],""seasons"":[""2025-2026""],""sports"":[""NBA""]}",TRADABLE_YES_BID,1_MINUTE_CANDLE,available_at,FIRST_TOUCH,"{""id"":""entry_mtw2zh6b_f4q8g"",""op"":""FIRST_TOUCH"",""ordinal"":""FIRST_TOUCH"",""period"":""Q2"",""price_e4"":6800,""source_vocabulary"":""TOUCH""}",REACH,"{""id"":""exit_mty0bwbw_mvfqe"",""op"":""REACH"",""outcome"":""win"",""price_e4"":9500}",REACH,"{""id"":""exit_mtug1t99_aq1lv"",""op"":""REACH"",""outcome"":""loss"",""price_e4"":4500}",HOLD_TO_SETTLEMENT,c5430eb845ac4cefb3c281ac543b383aad9652b9d0817d0605ab42bca6970657,1.0.0,2026-09-13T06:28:48Z,1.0.0,1.0.0,1.0.0,2026-09-13T06:28:48Z,READY,224,116,108,0.517857,0.482143,2700,2300,1.173913,289.285714,NBA_20260131_ATL_IND,KXNBAGAME-26JAN31ATLIND-ATL,2026-02-01T00:48:00Z,6800,FIRST_TOUCH,Q2,PT09M27.00S,,,,2026-02-01T00:57:00Z,4300,REACH,LOSS,NO,0,a1bee2f832bba4fbfbee499c6c89c2cf1a011d365a81efc1b5ef04b1ed6b0236,,,,,,,,,,,,,,,,,,,,,,,,,,,,,,,,,,,,,,,,,,,,,,,,,,,,,,,,,,,,,,,,,,,,,,,,,,,,,,,,
row,913 ITI-01,NBA,NBA,2025-2026,2025-03-18,2026-09-01,"{""date_from"":""2025-03-18"",""date_to"":""2026-09-01"",""game_data"":[""pbp""],""leagues"":[""NBA""],""market_data"":[""candles""],""markets"":[""kalshi""],""seasons"":[""2025-2026""],""sports"":[""NBA""]}",TRADABLE_YES_BID,1_MINUTE_CANDLE,available_at,FIRST_TOUCH,"{""id"":""entry_mtw2zh6b_f4q8g"",""op"":""FIRST_TOUCH"",""ordinal"":""FIRST_TOUCH"",""period"":""Q2"",""price_e4"":6800,""source_vocabulary"":""TOUCH""}",REACH,"{""id"":""exit_mty0bwbw_mvfqe"",""op"":""REACH"",""outcome"":""win"",""price_e4"":9500}",REACH,"{""id"":""exit_mtug1t99_aq1lv"",""op"":""REACH"",""outcome"":""loss"",""price_e4"":4500}",HOLD_TO_SETTLEMENT,c5430eb845ac4cefb3c281ac543b383aad9652b9d0817d0605ab42bca6970657,1.0.0,2026-09-13T06:28:48Z,1.0.0,1.0.0,1.0.0,2026-09-13T06:28:48Z,READY,224,116,108,0.517857,0.482143,2700,2300,1.173913,289.285714,NBA_20260131_SAS_CHA,KXNBAGAME-26JAN31SASCHA-CHA,2026-01-31T18:14:00Z,7200,FIRST_TOUCH,Q2,PT00M26.70S,2026-01-31T19:34:00Z,9800,REACH,,,,WIN,YES,10000,a1bee2f832bba4fbfbee499c6c89c2cf1a011d365a81efc1b5ef04b1ed6b0236,,,,,,,,,,,,,,,,,,,,,,,,,,,,,,,,,,,,,,,,,,,,,,,,,,,,,,,,,,,,,,,,,,,,,,,,,,,,,,,,
row,913 ITI-01,NBA,NBA,2025-2026,2025-03-18,2026-09-01,"{""date_from"":""2025-03-18"",""date_to"":""2026-09-01"",""game_data"":[""pbp""],""leagues"":[""NBA""],""market_data"":[""candles""],""markets"":[""kalshi""],""seasons"":[""2025-2026""],""sports"":[""NBA""]}",TRADABLE_YES_BID,1_MINUTE_CANDLE,available_at,FIRST_TOUCH,"{""id"":""entry_mtw2zh6b_f4q8g"",""op"":""FIRST_TOUCH"",""ordinal"":""FIRST_TOUCH"",""period"":""Q2"",""price_e4"":6800,""source_vocabulary"":""TOUCH""}",REACH,"{""id"":""exit_mty0bwbw_mvfqe"",""op"":""REACH"",""outcome"":""win"",""price_e4"":9500}",REACH,"{""id"":""exit_mtug1t99_aq1lv"",""op"":""REACH"",""outcome"":""loss"",""price_e4"":4500}",HOLD_TO_SETTLEMENT,c5430eb845ac4cefb3c281ac543b383aad9652b9d0817d0605ab42bca6970657,1.0.0,2026-09-13T06:28:48Z,1.0.0,1.0.0,1.0.0,2026-09-13T06:28:48Z,READY,224,116,108,0.517857,0.482143,2700,2300,1.173913,289.285714,NBA_20260201_LAC_PHX,KXNBAGAME-26FEB01LACPHX-LAC,2026-02-02T01:45:00Z,6900,FIRST_TOUCH,Q2,PT08M08.00S,,,,2026-02-02T02:03:00Z,4500,REACH,LOSS,YES,10000,a1bee2f832bba4fbfbee499c6c89c2cf1a011d365a81efc1b5ef04b1ed6b0236,,,,,,,,,,,,,,,,,,,,,,,,,,,,,,,,,,,,,,,,,,,,,,,,,,,,,,,,,,,,,,,,,,,,,,,,,,,,,,,,
row,913 ITI-01,NBA,NBA,2025-2026,2025-03-18,2026-09-01,"{""date_from"":""2025-03-18"",""date_to"":""2026-09-01"",""game_data"":[""pbp""],""leagues"":[""NBA""],""market_data"":[""candles""],""markets"":[""kalshi""],""seasons"":[""2025-2026""],""sports"":[""NBA""]}",TRADABLE_YES_BID,1_MINUTE_CANDLE,available_at,FIRST_TOUCH,"{""id"":""entry_mtw2zh6b_f4q8g"",""op"":""FIRST_TOUCH"",""ordinal"":""FIRST_TOUCH"",""period"":""Q2"",""price_e4"":6800,""source_vocabulary"":""TOUCH""}",REACH,"{""id"":""exit_mty0bwbw_mvfqe"",""op"":""REACH"",""outcome"":""win"",""price_e4"":9500}",REACH,"{""id"":""exit_mtug1t99_aq1lv"",""op"":""REACH"",""outcome"":""loss"",""price_e4"":4500}",HOLD_TO_SETTLEMENT,c5430eb845ac4cefb3c281ac543b383aad9652b9d0817d0605ab42bca6970657,1.0.0,2026-09-13T06:28:48Z,1.0.0,1.0.0,1.0.0,2026-09-13T06:28:48Z,READY,224,116,108,0.517857,0.482143,2700,2300,1.173913,289.285714,NBA_20260201_SAC_WAS,KXNBAGAME-26FEB01SACWAS-WAS,2026-02-01T23:43:00Z,7100,FIRST_TOUCH,Q2,PT09M36.00S,,,,2026-02-02T01:06:00Z,4400,REACH,LOSS,YES,10000,a1bee2f832bba4fbfbee499c6c89c2cf1a011d365a81efc1b5ef04b1ed6b0236,,,,,,,,,,,,,,,,,,,,,,,,,,,,,,,,,,,,,,,,,,,,,,,,,,,,,,,,,,,,,,,,,,,,,,,,,,,,,,,,
row,913 ITI-01,NBA,NBA,2025-2026,2025-03-18,2026-09-01,"{""date_from"":""2025-03-18"",""date_to"":""2026-09-01"",""game_data"":[""pbp""],""leagues"":[""NBA""],""market_data"":[""candles""],""markets"":[""kalshi""],""seasons"":[""2025-2026""],""sports"":[""NBA""]}",TRADABLE_YES_BID,1_MINUTE_CANDLE,available_at,FIRST_TOUCH,"{""id"":""entry_mtw2zh6b_f4q8g"",""op"":""FIRST_TOUCH"",""ordinal"":""FIRST_TOUCH"",""period"":""Q2"",""price_e4"":6800,""source_vocabulary"":""TOUCH""}",REACH,"{""id"":""exit_mty0bwbw_mvfqe"",""op"":""REACH"",""outcome"":""win"",""price_e4"":9500}",REACH,"{""id"":""exit_mtug1t99_aq1lv"",""op"":""REACH"",""outcome"":""loss"",""price_e4"":4500}",HOLD_TO_SETTLEMENT,c5430eb845ac4cefb3c281ac543b383aad9652b9d0817d0605ab42bca6970657,1.0.0,2026-09-13T06:28:48Z,1.0.0,1.0.0,1.0.0,2026-09-13T06:28:48Z,READY,224,116,108,0.517857,0.482143,2700,2300,1.173913,289.285714,NBA_20260202_NOP_CHA,KXNBAGAME-26FEB02NOPCHA-NOP,2026-02-02T20:55:00Z,6800,FIRST_TOUCH,Q2,PT05M33.00S,,,,2026-02-02T21:44:00Z,3900,REACH,LOSS,NO,0,a1bee2f832bba4fbfbee499c6c89c2cf1a011d365a81efc1b5ef04b1ed6b0236,,,,,,,,,,,,,,,,,,,,,,,,,,,,,,,,,,,,,,,,,,,,,,,,,,,,,,,,,,,,,,,,,,,,,,,,,,,,,,,,
row,913 ITI-01,NBA,NBA,2025-2026,2025-03-18,2026-09-01,"{""date_from"":""2025-03-18"",""date_to"":""2026-09-01"",""game_data"":[""pbp""],""leagues"":[""NBA""],""market_data"":[""candles""],""markets"":[""kalshi""],""seasons"":[""2025-2026""],""sports"":[""NBA""]}",TRADABLE_YES_BID,1_MINUTE_CANDLE,available_at,FIRST_TOUCH,"{""id"":""entry_mtw2zh6b_f4q8g"",""op"":""FIRST_TOUCH"",""ordinal"":""FIRST_TOUCH"",""period"":""Q2"",""price_e4"":6800,""source_vocabulary"":""TOUCH""}",REACH,"{""id"":""exit_mty0bwbw_mvfqe"",""op"":""REACH"",""outcome"":""win"",""price_e4"":9500}",REACH,"{""id"":""exit_mtug1t99_aq1lv"",""op"":""REACH"",""outcome"":""loss"",""price_e4"":4500}",HOLD_TO_SETTLEMENT,c5430eb845ac4cefb3c281ac543b383aad9652b9d0817d0605ab42bca6970657,1.0.0,2026-09-13T06:28:48Z,1.0.0,1.0.0,1.0.0,2026-09-13T06:28:48Z,READY,224,116,108,0.517857,0.482143,2700,2300,1.173913,289.285714,NBA_20260203_PHI_GSW,KXNBAGAME-26FEB03PHIGSW-PHI,2026-02-04T03:50:00Z,7100,FIRST_TOUCH,Q2,PT05M20.00S,,,,2026-02-04T04:01:00Z,4400,REACH,LOSS,YES,10000,a1bee2f832bba4fbfbee499c6c89c2cf1a011d365a81efc1b5ef04b1ed6b0236,,,,,,,,,,,,,,,,,,,,,,,,,,,,,,,,,,,,,,,,,,,,,,,,,,,,,,,,,,,,,,,,,,,,,,,,,,,,,,,,
row,913 ITI-01,NBA,NBA,2025-2026,2025-03-18,2026-09-01,"{""date_from"":""2025-03-18"",""date_to"":""2026-09-01"",""game_data"":[""pbp""],""leagues"":[""NBA""],""market_data"":[""candles""],""markets"":[""kalshi""],""seasons"":[""2025-2026""],""sports"":[""NBA""]}",TRADABLE_YES_BID,1_MINUTE_CANDLE,available_at,FIRST_TOUCH,"{""id"":""entry_mtw2zh6b_f4q8g"",""op"":""FIRST_TOUCH"",""ordinal"":""FIRST_TOUCH"",""period"":""Q2"",""price_e4"":6800,""source_vocabulary"":""TOUCH""}",REACH,"{""id"":""exit_mty0bwbw_mvfqe"",""op"":""REACH"",""outcome"":""win"",""price_e4"":9500}",REACH,"{""id"":""exit_mtug1t99_aq1lv"",""op"":""REACH"",""outcome"":""loss"",""price_e4"":4500}",HOLD_TO_SETTLEMENT,c5430eb845ac4cefb3c281ac543b383aad9652b9d0817d0605ab42bca6970657,1.0.0,2026-09-13T06:28:48Z,1.0.0,1.0.0,1.0.0,2026-09-13T06:28:48Z,READY,224,116,108,0.517857,0.482143,2700,2300,1.173913,289.285714,NBA_20260204_MIN_TOR,KXNBAGAME-26FEB04MINTOR-TOR,2026-02-05T01:22:00Z,6800,FIRST_TOUCH,Q2,PT05M28.00S,,,,2026-02-05T02:47:00Z,4200,REACH,LOSS,NO,0,a1bee2f832bba4fbfbee499c6c89c2cf1a011d365a81efc1b5ef04b1ed6b0236,,,,,,,,,,,,,,,,,,,,,,,,,,,,,,,,,,,,,,,,,,,,,,,,,,,,,,,,,,,,,,,,,,,,,,,,,,,,,,,,
row,913 ITI-01,NBA,NBA,2025-2026,2025-03-18,2026-09-01,"{""date_from"":""2025-03-18"",""date_to"":""2026-09-01"",""game_data"":[""pbp""],""leagues"":[""NBA""],""market_data"":[""candles""],""markets"":[""kalshi""],""seasons"":[""2025-2026""],""sports"":[""NBA""]}",TRADABLE_YES_BID,1_MINUTE_CANDLE,available_at,FIRST_TOUCH,"{""id"":""entry_mtw2zh6b_f4q8g"",""op"":""FIRST_TOUCH"",""ordinal"":""FIRST_TOUCH"",""period"":""Q2"",""price_e4"":6800,""source_vocabulary"":""TOUCH""}",REACH,"{""id"":""exit_mty0bwbw_mvfqe"",""op"":""REACH"",""outcome"":""win"",""price_e4"":9500}",REACH,"{""id"":""exit_mtug1t99_aq1lv"",""op"":""REACH"",""outcome"":""loss"",""price_e4"":4500}",HOLD_TO_SETTLEMENT,c5430eb845ac4cefb3c281ac543b383aad9652b9d0817d0605ab42bca6970657,1.0.0,2026-09-13T06:28:48Z,1.0.0,1.0.0,1.0.0,2026-09-13T06:28:48Z,READY,224,116,108,0.517857,0.482143,2700,2300,1.173913,289.285714,NBA_20260205_CHA_HOU,KXNBAGAME-26FEB05CHAHOU-CHA,2026-02-06T01:52:00Z,6900,FIRST_TOUCH,Q2,PT05M08.00S,2026-02-06T02:56:00Z,9500,REACH,,,,WIN,YES,10000,a1bee2f832bba4fbfbee499c6c89c2cf1a011d365a81efc1b5ef04b1ed6b0236,,,,,,,,,,,,,,,,,,,,,,,,,,,,,,,,,,,,,,,,,,,,,,,,,,,,,,,,,,,,,,,,,,,,,,,,,,,,,,,,
row,913 ITI-01,NBA,NBA,2025-2026,2025-03-18,2026-09-01,"{""date_from"":""2025-03-18"",""date_to"":""2026-09-01"",""game_data"":[""pbp""],""leagues"":[""NBA""],""market_data"":[""candles""],""markets"":[""kalshi""],""seasons"":[""2025-2026""],""sports"":[""NBA""]}",TRADABLE_YES_BID,1_MINUTE_CANDLE,available_at,FIRST_TOUCH,"{""id"":""entry_mtw2zh6b_f4q8g"",""op"":""FIRST_TOUCH"",""ordinal"":""FIRST_TOUCH"",""period"":""Q2"",""price_e4"":6800,""source_vocabulary"":""TOUCH""}",REACH,"{""id"":""exit_mty0bwbw_mvfqe"",""op"":""REACH"",""outcome"":""win"",""price_e4"":9500}",REACH,"{""id"":""exit_mtug1t99_aq1lv"",""op"":""REACH"",""outcome"":""loss"",""price_e4"":4500}",HOLD_TO_SETTLEMENT,c5430eb845ac4cefb3c281ac543b383aad9652b9d0817d0605ab42bca6970657,1.0.0,2026-09-13T06:28:48Z,1.0.0,1.0.0,1.0.0,2026-09-13T06:28:48Z,READY,224,116,108,0.517857,0.482143,2700,2300,1.173913,289.285714,NBA_20260205_PHI_LAL,KXNBAGAME-26FEB05PHILAL-PHI,2026-02-06T04:13:00Z,6800,FIRST_TOUCH,Q2,PT00M00.00S,,,,2026-02-06T04:56:00Z,3100,REACH,LOSS,NO,0,a1bee2f832bba4fbfbee499c6c89c2cf1a011d365a81efc1b5ef04b1ed6b0236,,,,,,,,,,,,,,,,,,,,,,,,,,,,,,,,,,,,,,,,,,,,,,,,,,,,,,,,,,,,,,,,,,,,,,,,,,,,,,,,
row,913 ITI-01,NBA,NBA,2025-2026,2025-03-18,2026-09-01,"{""date_from"":""2025-03-18"",""date_to"":""2026-09-01"",""game_data"":[""pbp""],""leagues"":[""NBA""],""market_data"":[""candles""],""markets"":[""kalshi""],""seasons"":[""2025-2026""],""sports"":[""NBA""]}",TRADABLE_YES_BID,1_MINUTE_CANDLE,available_at,FIRST_TOUCH,"{""id"":""entry_mtw2zh6b_f4q8g"",""op"":""FIRST_TOUCH"",""ordinal"":""FIRST_TOUCH"",""period"":""Q2"",""price_e4"":6800,""source_vocabulary"":""TOUCH""}",REACH,"{""id"":""exit_mty0bwbw_mvfqe"",""op"":""REACH"",""outcome"":""win"",""price_e4"":9500}",REACH,"{""id"":""exit_mtug1t99_aq1lv"",""op"":""REACH"",""outcome"":""loss"",""price_e4"":4500}",HOLD_TO_SETTLEMENT,c5430eb845ac4cefb3c281ac543b383aad9652b9d0817d0605ab42bca6970657,1.0.0,2026-09-13T06:28:48Z,1.0.0,1.0.0,1.0.0,2026-09-13T06:28:48Z,READY,224,116,108,0.517857,0.482143,2700,2300,1.173913,289.285714,NBA_20260206_IND_MIL,KXNBAGAME-26FEB06INDMIL-MIL,2026-02-07T02:03:00Z,7200,FIRST_TOUCH,Q2,PT00M40.30S,2026-02-07T02:45:00Z,9600,REACH,,,,WIN,YES,10000,a1bee2f832bba4fbfbee499c6c89c2cf1a011d365a81efc1b5ef04b1ed6b0236,,,,,,,,,,,,,,,,,,,,,,,,,,,,,,,,,,,,,,,,,,,,,,,,,,,,,,,,,,,,,,,,,,,,,,,,,,,,,,,,
row,913 ITI-01,NBA,NBA,2025-2026,2025-03-18,2026-09-01,"{""date_from"":""2025-03-18"",""date_to"":""2026-09-01"",""game_data"":[""pbp""],""leagues"":[""NBA""],""market_data"":[""candles""],""markets"":[""kalshi""],""seasons"":[""2025-2026""],""sports"":[""NBA""]}",TRADABLE_YES_BID,1_MINUTE_CANDLE,available_at,FIRST_TOUCH,"{""id"":""entry_mtw2zh6b_f4q8g"",""op"":""FIRST_TOUCH"",""ordinal"":""FIRST_TOUCH"",""period"":""Q2"",""price_e4"":6800,""source_vocabulary"":""TOUCH""}",REACH,"{""id"":""exit_mty0bwbw_mvfqe"",""op"":""REACH"",""outcome"":""win"",""price_e4"":9500}",REACH,"{""id"":""exit_mtug1t99_aq1lv"",""op"":""REACH"",""outcome"":""loss"",""price_e4"":4500}",HOLD_TO_SETTLEMENT,c5430eb845ac4cefb3c281ac543b383aad9652b9d0817d0605ab42bca6970657,1.0.0,2026-09-13T06:28:48Z,1.0.0,1.0.0,1.0.0,2026-09-13T06:28:48Z,READY,224,116,108,0.517857,0.482143,2700,2300,1.173913,289.285714,NBA_20260206_MIA_BOS,KXNBAGAME-26FEB06MIABOS-MIA,2026-02-07T01:14:00Z,6900,FIRST_TOUCH,Q2,PT08M31.00S,,,,2026-02-07T02:24:00Z,4000,REACH,LOSS,NO,0,a1bee2f832bba4fbfbee499c6c89c2cf1a011d365a81efc1b5ef04b1ed6b0236,,,,,,,,,,,,,,,,,,,,,,,,,,,,,,,,,,,,,,,,,,,,,,,,,,,,,,,,,,,,,,,,,,,,,,,,,,,,,,,,
row,913 ITI-01,NBA,NBA,2025-2026,2025-03-18,2026-09-01,"{""date_from"":""2025-03-18"",""date_to"":""2026-09-01"",""game_data"":[""pbp""],""leagues"":[""NBA""],""market_data"":[""candles""],""markets"":[""kalshi""],""seasons"":[""2025-2026""],""sports"":[""NBA""]}",TRADABLE_YES_BID,1_MINUTE_CANDLE,available_at,FIRST_TOUCH,"{""id"":""entry_mtw2zh6b_f4q8g"",""op"":""FIRST_TOUCH"",""ordinal"":""FIRST_TOUCH"",""period"":""Q2"",""price_e4"":6800,""source_vocabulary"":""TOUCH""}",REACH,"{""id"":""exit_mty0bwbw_mvfqe"",""op"":""REACH"",""outcome"":""win"",""price_e4"":9500}",REACH,"{""id"":""exit_mtug1t99_aq1lv"",""op"":""REACH"",""outcome"":""loss"",""price_e4"":4500}",HOLD_TO_SETTLEMENT,c5430eb845ac4cefb3c281ac543b383aad9652b9d0817d0605ab42bca6970657,1.0.0,2026-09-13T06:28:48Z,1.0.0,1.0.0,1.0.0,2026-09-13T06:28:48Z,READY,224,116,108,0.517857,0.482143,2700,2300,1.173913,289.285714,NBA_20260207_HOU_OKC,KXNBAGAME-26FEB07HOUOKC-OKC,2026-02-07T21:12:00Z,6800,FIRST_TOUCH,Q2,PT10M06.00S,,,,2026-02-07T22:22:00Z,4400,REACH,LOSS,NO,0,a1bee2f832bba4fbfbee499c6c89c2cf1a011d365a81efc1b5ef04b1ed6b0236,,,,,,,,,,,,,,,,,,,,,,,,,,,,,,,,,,,,,,,,,,,,,,,,,,,,,,,,,,,,,,,,,,,,,,,,,,,,,,,,
row,913 ITI-01,NBA,NBA,2025-2026,2025-03-18,2026-09-01,"{""date_from"":""2025-03-18"",""date_to"":""2026-09-01"",""game_data"":[""pbp""],""leagues"":[""NBA""],""market_data"":[""candles""],""markets"":[""kalshi""],""seasons"":[""2025-2026""],""sports"":[""NBA""]}",TRADABLE_YES_BID,1_MINUTE_CANDLE,available_at,FIRST_TOUCH,"{""id"":""entry_mtw2zh6b_f4q8g"",""op"":""FIRST_TOUCH"",""ordinal"":""FIRST_TOUCH"",""period"":""Q2"",""price_e4"":6800,""source_vocabulary"":""TOUCH""}",REACH,"{""id"":""exit_mty0bwbw_mvfqe"",""op"":""REACH"",""outcome"":""win"",""price_e4"":9500}",REACH,"{""id"":""exit_mtug1t99_aq1lv"",""op"":""REACH"",""outcome"":""loss"",""price_e4"":4500}",HOLD_TO_SETTLEMENT,c5430eb845ac4cefb3c281ac543b383aad9652b9d0817d0605ab42bca6970657,1.0.0,2026-09-13T06:28:48Z,1.0.0,1.0.0,1.0.0,2026-09-13T06:28:48Z,READY,224,116,108,0.517857,0.482143,2700,2300,1.173913,289.285714,NBA_20260207_PHI_PHX,KXNBAGAME-26FEB07PHIPHX-PHI,2026-02-08T02:49:00Z,7100,FIRST_TOUCH,Q2,PT08M29.00S,2026-02-08T04:05:00Z,9500,REACH,,,,WIN,YES,10000,a1bee2f832bba4fbfbee499c6c89c2cf1a011d365a81efc1b5ef04b1ed6b0236,,,,,,,,,,,,,,,,,,,,,,,,,,,,,,,,,,,,,,,,,,,,,,,,,,,,,,,,,,,,,,,,,,,,,,,,,,,,,,,,
row,913 ITI-01,NBA,NBA,2025-2026,2025-03-18,2026-09-01,"{""date_from"":""2025-03-18"",""date_to"":""2026-09-01"",""game_data"":[""pbp""],""leagues"":[""NBA""],""market_data"":[""candles""],""markets"":[""kalshi""],""seasons"":[""2025-2026""],""sports"":[""NBA""]}",TRADABLE_YES_BID,1_MINUTE_CANDLE,available_at,FIRST_TOUCH,"{""id"":""entry_mtw2zh6b_f4q8g"",""op"":""FIRST_TOUCH"",""ordinal"":""FIRST_TOUCH"",""period"":""Q2"",""price_e4"":6800,""source_vocabulary"":""TOUCH""}",REACH,"{""id"":""exit_mty0bwbw_mvfqe"",""op"":""REACH"",""outcome"":""win"",""price_e4"":9500}",REACH,"{""id"":""exit_mtug1t99_aq1lv"",""op"":""REACH"",""outcome"":""loss"",""price_e4"":4500}",HOLD_TO_SETTLEMENT,c5430eb845ac4cefb3c281ac543b383aad9652b9d0817d0605ab42bca6970657,1.0.0,2026-09-13T06:28:48Z,1.0.0,1.0.0,1.0.0,2026-09-13T06:28:48Z,READY,224,116,108,0.517857,0.482143,2700,2300,1.173913,289.285714,NBA_20260208_NYK_BOS,KXNBAGAME-26FEB08NYKBOS-NYK,2026-02-08T18:22:00Z,7500,FIRST_TOUCH,Q2,PT07M43.00S,2026-02-08T19:44:00Z,9500,REACH,,,,WIN,YES,10000,a1bee2f832bba4fbfbee499c6c89c2cf1a011d365a81efc1b5ef04b1ed6b0236,,,,,,,,,,,,,,,,,,,,,,,,,,,,,,,,,,,,,,,,,,,,,,,,,,,,,,,,,,,,,,,,,,,,,,,,,,,,,,,,
row,913 ITI-01,NBA,NBA,2025-2026,2025-03-18,2026-09-01,"{""date_from"":""2025-03-18"",""date_to"":""2026-09-01"",""game_data"":[""pbp""],""leagues"":[""NBA""],""market_data"":[""candles""],""markets"":[""kalshi""],""seasons"":[""2025-2026""],""sports"":[""NBA""]}",TRADABLE_YES_BID,1_MINUTE_CANDLE,available_at,FIRST_TOUCH,"{""id"":""entry_mtw2zh6b_f4q8g"",""op"":""FIRST_TOUCH"",""ordinal"":""FIRST_TOUCH"",""period"":""Q2"",""price_e4"":6800,""source_vocabulary"":""TOUCH""}",REACH,"{""id"":""exit_mty0bwbw_mvfqe"",""op"":""REACH"",""outcome"":""win"",""price_e4"":9500}",REACH,"{""id"":""exit_mtug1t99_aq1lv"",""op"":""REACH"",""outcome"":""loss"",""price_e4"":4500}",HOLD_TO_SETTLEMENT,c5430eb845ac4cefb3c281ac543b383aad9652b9d0817d0605ab42bca6970657,1.0.0,2026-09-13T06:28:48Z,1.0.0,1.0.0,1.0.0,2026-09-13T06:28:48Z,READY,224,116,108,0.517857,0.482143,2700,2300,1.173913,289.285714,NBA_20260209_CHI_BKN,KXNBAGAME-26FEB09CHIBKN-CHI,2026-02-10T01:12:00Z,6900,FIRST_TOUCH,Q2,PT11M32.00S,,,,2026-02-10T01:32:00Z,4100,REACH,LOSS,NO,0,a1bee2f832bba4fbfbee499c6c89c2cf1a011d365a81efc1b5ef04b1ed6b0236,,,,,,,,,,,,,,,,,,,,,,,,,,,,,,,,,,,,,,,,,,,,,,,,,,,,,,,,,,,,,,,,,,,,,,,,,,,,,,,,
row,913 ITI-01,NBA,NBA,2025-2026,2025-03-18,2026-09-01,"{""date_from"":""2025-03-18"",""date_to"":""2026-09-01"",""game_data"":[""pbp""],""leagues"":[""NBA""],""market_data"":[""candles""],""markets"":[""kalshi""],""seasons"":[""2025-2026""],""sports"":[""NBA""]}",TRADABLE_YES_BID,1_MINUTE_CANDLE,available_at,FIRST_TOUCH,"{""id"":""entry_mtw2zh6b_f4q8g"",""op"":""FIRST_TOUCH"",""ordinal"":""FIRST_TOUCH"",""period"":""Q2"",""price_e4"":6800,""source_vocabulary"":""TOUCH""}",REACH,"{""id"":""exit_mty0bwbw_mvfqe"",""op"":""REACH"",""outcome"":""win"",""price_e4"":9500}",REACH,"{""id"":""exit_mtug1t99_aq1lv"",""op"":""REACH"",""outcome"":""loss"",""price_e4"":4500}",HOLD_TO_SETTLEMENT,c5430eb845ac4cefb3c281ac543b383aad9652b9d0817d0605ab42bca6970657,1.0.0,2026-09-13T06:28:48Z,1.0.0,1.0.0,1.0.0,2026-09-13T06:28:48Z,READY,224,116,108,0.517857,0.482143,2700,2300,1.173913,289.285714,NBA_20260219_ATL_PHI,KXNBAGAME-26FEB19ATLPHI-ATL,2026-02-20T01:14:00Z,6800,FIRST_TOUCH,Q2,PT00M30.90S,2026-02-20T02:32:00Z,9700,REACH,,,,WIN,YES,10000,a1bee2f832bba4fbfbee499c6c89c2cf1a011d365a81efc1b5ef04b1ed6b0236,,,,,,,,,,,,,,,,,,,,,,,,,,,,,,,,,,,,,,,,,,,,,,,,,,,,,,,,,,,,,,,,,,,,,,,,,,,,,,,,
row,913 ITI-01,NBA,NBA,2025-2026,2025-03-18,2026-09-01,"{""date_from"":""2025-03-18"",""date_to"":""2026-09-01"",""game_data"":[""pbp""],""leagues"":[""NBA""],""market_data"":[""candles""],""markets"":[""kalshi""],""seasons"":[""2025-2026""],""sports"":[""NBA""]}",TRADABLE_YES_BID,1_MINUTE_CANDLE,available_at,FIRST_TOUCH,"{""id"":""entry_mtw2zh6b_f4q8g"",""op"":""FIRST_TOUCH"",""ordinal"":""FIRST_TOUCH"",""period"":""Q2"",""price_e4"":6800,""source_vocabulary"":""TOUCH""}",REACH,"{""id"":""exit_mty0bwbw_mvfqe"",""op"":""REACH"",""outcome"":""win"",""price_e4"":9500}",REACH,"{""id"":""exit_mtug1t99_aq1lv"",""op"":""REACH"",""outcome"":""loss"",""price_e4"":4500}",HOLD_TO_SETTLEMENT,c5430eb845ac4cefb3c281ac543b383aad9652b9d0817d0605ab42bca6970657,1.0.0,2026-09-13T06:28:48Z,1.0.0,1.0.0,1.0.0,2026-09-13T06:28:48Z,READY,224,116,108,0.517857,0.482143,2700,2300,1.173913,289.285714,NBA_20260219_DET_NYK,KXNBAGAME-26FEB19DETNYK-DET,2026-02-20T01:47:00Z,6800,FIRST_TOUCH,Q2,PT00M00.00S,2026-02-20T02:43:00Z,9500,REACH,,,,WIN,YES,10000,a1bee2f832bba4fbfbee499c6c89c2cf1a011d365a81efc1b5ef04b1ed6b0236,,,,,,,,,,,,,,,,,,,,,,,,,,,,,,,,,,,,,,,,,,,,,,,,,,,,,,,,,,,,,,,,,,,,,,,,,,,,,,,,
row,913 ITI-01,NBA,NBA,2025-2026,2025-03-18,2026-09-01,"{""date_from"":""2025-03-18"",""date_to"":""2026-09-01"",""game_data"":[""pbp""],""leagues"":[""NBA""],""market_data"":[""candles""],""markets"":[""kalshi""],""seasons"":[""2025-2026""],""sports"":[""NBA""]}",TRADABLE_YES_BID,1_MINUTE_CANDLE,available_at,FIRST_TOUCH,"{""id"":""entry_mtw2zh6b_f4q8g"",""op"":""FIRST_TOUCH"",""ordinal"":""FIRST_TOUCH"",""period"":""Q2"",""price_e4"":6800,""source_vocabulary"":""TOUCH""}",REACH,"{""id"":""exit_mty0bwbw_mvfqe"",""op"":""REACH"",""outcome"":""win"",""price_e4"":9500}",REACH,"{""id"":""exit_mtug1t99_aq1lv"",""op"":""REACH"",""outcome"":""loss"",""price_e4"":4500}",HOLD_TO_SETTLEMENT,c5430eb845ac4cefb3c281ac543b383aad9652b9d0817d0605ab42bca6970657,1.0.0,2026-09-13T06:28:48Z,1.0.0,1.0.0,1.0.0,2026-09-13T06:28:48Z,READY,224,116,108,0.517857,0.482143,2700,2300,1.173913,289.285714,NBA_20260219_HOU_CHA,KXNBAGAME-26FEB19HOUCHA-HOU,2026-02-20T01:00:00Z,7000,FIRST_TOUCH,Q2,PT02M28.00S,,,,2026-02-20T01:27:00Z,4400,REACH,LOSS,YES,10000,a1bee2f832bba4fbfbee499c6c89c2cf1a011d365a81efc1b5ef04b1ed6b0236,,,,,,,,,,,,,,,,,,,,,,,,,,,,,,,,,,,,,,,,,,,,,,,,,,,,,,,,,,,,,,,,,,,,,,,,,,,,,,,,
row,913 ITI-01,NBA,NBA,2025-2026,2025-03-18,2026-09-01,"{""date_from"":""2025-03-18"",""date_to"":""2026-09-01"",""game_data"":[""pbp""],""leagues"":[""NBA""],""market_data"":[""candles""],""markets"":[""kalshi""],""seasons"":[""2025-2026""],""sports"":[""NBA""]}",TRADABLE_YES_BID,1_MINUTE_CANDLE,available_at,FIRST_TOUCH,"{""id"":""entry_mtw2zh6b_f4q8g"",""op"":""FIRST_TOUCH"",""ordinal"":""FIRST_TOUCH"",""period"":""Q2"",""price_e4"":6800,""source_vocabulary"":""TOUCH""}",REACH,"{""id"":""exit_mty0bwbw_mvfqe"",""op"":""REACH"",""outcome"":""win"",""price_e4"":9500}",REACH,"{""id"":""exit_mtug1t99_aq1lv"",""op"":""REACH"",""outcome"":""loss"",""price_e4"":4500}",HOLD_TO_SETTLEMENT,c5430eb845ac4cefb3c281ac543b383aad9652b9d0817d0605ab42bca6970657,1.0.0,2026-09-13T06:28:48Z,1.0.0,1.0.0,1.0.0,2026-09-13T06:28:48Z,READY,224,116,108,0.517857,0.482143,2700,2300,1.173913,289.285714,NBA_20260219_IND_WAS,KXNBAGAME-26FEB19INDWAS-WAS,2026-02-20T01:06:00Z,7600,FIRST_TOUCH,Q2,PT00M00.00S,,,,2026-02-20T02:02:00Z,4500,REACH,LOSS,YES,10000,a1bee2f832bba4fbfbee499c6c89c2cf1a011d365a81efc1b5ef04b1ed6b0236,,,,,,,,,,,,,,,,,,,,,,,,,,,,,,,,,,,,,,,,,,,,,,,,,,,,,,,,,,,,,,,,,,,,,,,,,,,,,,,,
row,913 ITI-01,NBA,NBA,2025-2026,2025-03-18,2026-09-01,"{""date_from"":""2025-03-18"",""date_to"":""2026-09-01"",""game_data"":[""pbp""],""leagues"":[""NBA""],""market_data"":[""candles""],""markets"":[""kalshi""],""seasons"":[""2025-2026""],""sports"":[""NBA""]}",TRADABLE_YES_BID,1_MINUTE_CANDLE,available_at,FIRST_TOUCH,"{""id"":""entry_mtw2zh6b_f4q8g"",""op"":""FIRST_TOUCH"",""ordinal"":""FIRST_TOUCH"",""period"":""Q2"",""price_e4"":6800,""source_vocabulary"":""TOUCH""}",REACH,"{""id"":""exit_mty0bwbw_mvfqe"",""op"":""REACH"",""outcome"":""win"",""price_e4"":9500}",REACH,"{""id"":""exit_mtug1t99_aq1lv"",""op"":""REACH"",""outcome"":""loss"",""price_e4"":4500}",HOLD_TO_SETTLEMENT,c5430eb845ac4cefb3c281ac543b383aad9652b9d0817d0605ab42bca6970657,1.0.0,2026-09-13T06:28:48Z,1.0.0,1.0.0,1.0.0,2026-09-13T06:28:48Z,READY,224,116,108,0.517857,0.482143,2700,2300,1.173913,289.285714,NBA_20260220_UTA_MEM,KXNBAGAME-26FEB20UTAMEM-UTA,2026-02-21T00:52:00Z,6800,FIRST_TOUCH,Q2,PT05M42.00S,,,,2026-02-21T01:49:00Z,4300,REACH,LOSS,NO,0,a1bee2f832bba4fbfbee499c6c89c2cf1a011d365a81efc1b5ef04b1ed6b0236,,,,,,,,,,,,,,,,,,,,,,,,,,,,,,,,,,,,,,,,,,,,,,,,,,,,,,,,,,,,,,,,,,,,,,,,,,,,,,,,
row,913 ITI-01,NBA,NBA,2025-2026,2025-03-18,2026-09-01,"{""date_from"":""2025-03-18"",""date_to"":""2026-09-01"",""game_data"":[""pbp""],""leagues"":[""NBA""],""market_data"":[""candles""],""markets"":[""kalshi""],""seasons"":[""2025-2026""],""sports"":[""NBA""]}",TRADABLE_YES_BID,1_MINUTE_CANDLE,available_at,FIRST_TOUCH,"{""id"":""entry_mtw2zh6b_f4q8g"",""op"":""FIRST_TOUCH"",""ordinal"":""FIRST_TOUCH"",""period"":""Q2"",""price_e4"":6800,""source_vocabulary"":""TOUCH""}",REACH,"{""id"":""exit_mty0bwbw_mvfqe"",""op"":""REACH"",""outcome"":""win"",""price_e4"":9500}",REACH,"{""id"":""exit_mtug1t99_aq1lv"",""op"":""REACH"",""outcome"":""loss"",""price_e4"":4500}",HOLD_TO_SETTLEMENT,c5430eb845ac4cefb3c281ac543b383aad9652b9d0817d0605ab42bca6970657,1.0.0,2026-09-13T06:28:48Z,1.0.0,1.0.0,1.0.0,2026-09-13T06:28:48Z,READY,224,116,108,0.517857,0.482143,2700,2300,1.173913,289.285714,NBA_20260221_ORL_PHX,KXNBAGAME-26FEB21ORLPHX-ORL,2026-02-21T23:00:00Z,6800,FIRST_TOUCH,Q2,PT02M43.00S,,,,2026-02-21T23:30:00Z,3900,REACH,LOSS,NO,0,a1bee2f832bba4fbfbee499c6c89c2cf1a011d365a81efc1b5ef04b1ed6b0236,,,,,,,,,,,,,,,,,,,,,,,,,,,,,,,,,,,,,,,,,,,,,,,,,,,,,,,,,,,,,,,,,,,,,,,,,,,,,,,,
row,913 ITI-01,NBA,NBA,2025-2026,2025-03-18,2026-09-01,"{""date_from"":""2025-03-18"",""date_to"":""2026-09-01"",""game_data"":[""pbp""],""leagues"":[""NBA""],""market_data"":[""candles""],""markets"":[""kalshi""],""seasons"":[""2025-2026""],""sports"":[""NBA""]}",TRADABLE_YES_BID,1_MINUTE_CANDLE,available_at,FIRST_TOUCH,"{""id"":""entry_mtw2zh6b_f4q8g"",""op"":""FIRST_TOUCH"",""ordinal"":""FIRST_TOUCH"",""period"":""Q2"",""price_e4"":6800,""source_vocabulary"":""TOUCH""}",REACH,"{""id"":""exit_mty0bwbw_mvfqe"",""op"":""REACH"",""outcome"":""win"",""price_e4"":9500}",REACH,"{""id"":""exit_mtug1t99_aq1lv"",""op"":""REACH"",""outcome"":""loss"",""price_e4"":4500}",HOLD_TO_SETTLEMENT,c5430eb845ac4cefb3c281ac543b383aad9652b9d0817d0605ab42bca6970657,1.0.0,2026-09-13T06:28:48Z,1.0.0,1.0.0,1.0.0,2026-09-13T06:28:48Z,READY,224,116,108,0.517857,0.482143,2700,2300,1.173913,289.285714,NBA_20260222_BOS_LAL,KXNBAGAME-26FEB22BOSLAL-BOS,2026-02-23T00:33:00Z,6800,FIRST_TOUCH,Q2,PT01M56.00S,2026-02-23T01:40:00Z,9500,REACH,,,,WIN,YES,10000,a1bee2f832bba4fbfbee499c6c89c2cf1a011d365a81efc1b5ef04b1ed6b0236,,,,,,,,,,,,,,,,,,,,,,,,,,,,,,,,,,,,,,,,,,,,,,,,,,,,,,,,,,,,,,,,,,,,,,,,,,,,,,,,
row,913 ITI-01,NBA,NBA,2025-2026,2025-03-18,2026-09-01,"{""date_from"":""2025-03-18"",""date_to"":""2026-09-01"",""game_data"":[""pbp""],""leagues"":[""NBA""],""market_data"":[""candles""],""markets"":[""kalshi""],""seasons"":[""2025-2026""],""sports"":[""NBA""]}",TRADABLE_YES_BID,1_MINUTE_CANDLE,available_at,FIRST_TOUCH,"{""id"":""entry_mtw2zh6b_f4q8g"",""op"":""FIRST_TOUCH"",""ordinal"":""FIRST_TOUCH"",""period"":""Q2"",""price_e4"":6800,""source_vocabulary"":""TOUCH""}",REACH,"{""id"":""exit_mty0bwbw_mvfqe"",""op"":""REACH"",""outcome"":""win"",""price_e4"":9500}",REACH,"{""id"":""exit_mtug1t99_aq1lv"",""op"":""REACH"",""outcome"":""loss"",""price_e4"":4500}",HOLD_TO_SETTLEMENT,c5430eb845ac4cefb3c281ac543b383aad9652b9d0817d0605ab42bca6970657,1.0.0,2026-09-13T06:28:48Z,1.0.0,1.0.0,1.0.0,2026-09-13T06:28:48Z,READY,224,116,108,0.517857,0.482143,2700,2300,1.173913,289.285714,NBA_20260222_POR_PHX,KXNBAGAME-26FEB22PORPHX-POR,2026-02-23T01:52:00Z,6800,FIRST_TOUCH,Q2,PT03M34.00S,2026-02-23T02:34:00Z,9500,REACH,,,,WIN,YES,10000,a1bee2f832bba4fbfbee499c6c89c2cf1a011d365a81efc1b5ef04b1ed6b0236,,,,,,,,,,,,,,,,,,,,,,,,,,,,,,,,,,,,,,,,,,,,,,,,,,,,,,,,,,,,,,,,,,,,,,,,,,,,,,,,
row,913 ITI-01,NBA,NBA,2025-2026,2025-03-18,2026-09-01,"{""date_from"":""2025-03-18"",""date_to"":""2026-09-01"",""game_data"":[""pbp""],""leagues"":[""NBA""],""market_data"":[""candles""],""markets"":[""kalshi""],""seasons"":[""2025-2026""],""sports"":[""NBA""]}",TRADABLE_YES_BID,1_MINUTE_CANDLE,available_at,FIRST_TOUCH,"{""id"":""entry_mtw2zh6b_f4q8g"",""op"":""FIRST_TOUCH"",""ordinal"":""FIRST_TOUCH"",""period"":""Q2"",""price_e4"":6800,""source_vocabulary"":""TOUCH""}",REACH,"{""id"":""exit_mty0bwbw_mvfqe"",""op"":""REACH"",""outcome"":""win"",""price_e4"":9500}",REACH,"{""id"":""exit_mtug1t99_aq1lv"",""op"":""REACH"",""outcome"":""loss"",""price_e4"":4500}",HOLD_TO_SETTLEMENT,c5430eb845ac4cefb3c281ac543b383aad9652b9d0817d0605ab42bca6970657,1.0.0,2026-09-13T06:28:48Z,1.0.0,1.0.0,1.0.0,2026-09-13T06:28:48Z,READY,224,116,108,0.517857,0.482143,2700,2300,1.173913,289.285714,NBA_20260224_DAL_BKN,KXNBAGAME-26FEB24DALBKN-DAL,2026-02-25T01:15:00Z,6900,FIRST_TOUCH,Q2,PT11M26.00S,2026-02-25T02:48:00Z,9700,REACH,,,,WIN,YES,10000,a1bee2f832bba4fbfbee499c6c89c2cf1a011d365a81efc1b5ef04b1ed6b0236,,,,,,,,,,,,,,,,,,,,,,,,,,,,,,,,,,,,,,,,,,,,,,,,,,,,,,,,,,,,,,,,,,,,,,,,,,,,,,,,
row,913 ITI-01,NBA,NBA,2025-2026,2025-03-18,2026-09-01,"{""date_from"":""2025-03-18"",""date_to"":""2026-09-01"",""game_data"":[""pbp""],""leagues"":[""NBA""],""market_data"":[""candles""],""markets"":[""kalshi""],""seasons"":[""2025-2026""],""sports"":[""NBA""]}",TRADABLE_YES_BID,1_MINUTE_CANDLE,available_at,FIRST_TOUCH,"{""id"":""entry_mtw2zh6b_f4q8g"",""op"":""FIRST_TOUCH"",""ordinal"":""FIRST_TOUCH"",""period"":""Q2"",""price_e4"":6800,""source_vocabulary"":""TOUCH""}",REACH,"{""id"":""exit_mty0bwbw_mvfqe"",""op"":""REACH"",""outcome"":""win"",""price_e4"":9500}",REACH,"{""id"":""exit_mtug1t99_aq1lv"",""op"":""REACH"",""outcome"":""loss"",""price_e4"":4500}",HOLD_TO_SETTLEMENT,c5430eb845ac4cefb3c281ac543b383aad9652b9d0817d0605ab42bca6970657,1.0.0,2026-09-13T06:28:48Z,1.0.0,1.0.0,1.0.0,2026-09-13T06:28:48Z,READY,224,116,108,0.517857,0.482143,2700,2300,1.173913,289.285714,NBA_20260224_OKC_TOR,KXNBAGAME-26FEB24OKCTOR-OKC,2026-02-25T01:35:00Z,7300,FIRST_TOUCH,Q2,PT00M22.00S,2026-02-25T02:13:00Z,9500,REACH,,,,WIN,YES,10000,a1bee2f832bba4fbfbee499c6c89c2cf1a011d365a81efc1b5ef04b1ed6b0236,,,,,,,,,,,,,,,,,,,,,,,,,,,,,,,,,,,,,,,,,,,,,,,,,,,,,,,,,,,,,,,,,,,,,,,,,,,,,,,,
row,913 ITI-01,NBA,NBA,2025-2026,2025-03-18,2026-09-01,"{""date_from"":""2025-03-18"",""date_to"":""2026-09-01"",""game_data"":[""pbp""],""leagues"":[""NBA""],""market_data"":[""candles""],""markets"":[""kalshi""],""seasons"":[""2025-2026""],""sports"":[""NBA""]}",TRADABLE_YES_BID,1_MINUTE_CANDLE,available_at,FIRST_TOUCH,"{""id"":""entry_mtw2zh6b_f4q8g"",""op"":""FIRST_TOUCH"",""ordinal"":""FIRST_TOUCH"",""period"":""Q2"",""price_e4"":6800,""source_vocabulary"":""TOUCH""}",REACH,"{""id"":""exit_mty0bwbw_mvfqe"",""op"":""REACH"",""outcome"":""win"",""price_e4"":9500}",REACH,"{""id"":""exit_mtug1t99_aq1lv"",""op"":""REACH"",""outcome"":""loss"",""price_e4"":4500}",HOLD_TO_SETTLEMENT,c5430eb845ac4cefb3c281ac543b383aad9652b9d0817d0605ab42bca6970657,1.0.0,2026-09-13T06:28:48Z,1.0.0,1.0.0,1.0.0,2026-09-13T06:28:48Z,READY,224,116,108,0.517857,0.482143,2700,2300,1.173913,289.285714,NBA_20260226_HOU_ORL,KXNBAGAME-26FEB26HOUORL-ORL,2026-02-27T01:29:00Z,6800,FIRST_TOUCH,Q2,PT05M45.00S,,,,2026-02-27T02:26:00Z,3900,REACH,LOSS,NO,0,a1bee2f832bba4fbfbee499c6c89c2cf1a011d365a81efc1b5ef04b1ed6b0236,,,,,,,,,,,,,,,,,,,,,,,,,,,,,,,,,,,,,,,,,,,,,,,,,,,,,,,,,,,,,,,,,,,,,,,,,,,,,,,,
row,913 ITI-01,NBA,NBA,2025-2026,2025-03-18,2026-09-01,"{""date_from"":""2025-03-18"",""date_to"":""2026-09-01"",""game_data"":[""pbp""],""leagues"":[""NBA""],""market_data"":[""candles""],""markets"":[""kalshi""],""seasons"":[""2025-2026""],""sports"":[""NBA""]}",TRADABLE_YES_BID,1_MINUTE_CANDLE,available_at,FIRST_TOUCH,"{""id"":""entry_mtw2zh6b_f4q8g"",""op"":""FIRST_TOUCH"",""ordinal"":""FIRST_TOUCH"",""period"":""Q2"",""price_e4"":6800,""source_vocabulary"":""TOUCH""}",REACH,"{""id"":""exit_mty0bwbw_mvfqe"",""op"":""REACH"",""outcome"":""win"",""price_e4"":9500}",REACH,"{""id"":""exit_mtug1t99_aq1lv"",""op"":""REACH"",""outcome"":""loss"",""price_e4"":4500}",HOLD_TO_SETTLEMENT,c5430eb845ac4cefb3c281ac543b383aad9652b9d0817d0605ab42bca6970657,1.0.0,2026-09-13T06:28:48Z,1.0.0,1.0.0,1.0.0,2026-09-13T06:28:48Z,READY,224,116,108,0.517857,0.482143,2700,2300,1.173913,289.285714,NBA_20260226_MIA_PHI,KXNBAGAME-26FEB26MIAPHI-PHI,2026-02-27T00:49:00Z,7100,FIRST_TOUCH,Q2,PT08M10.00S,2026-02-27T02:20:00Z,9600,REACH,,,,WIN,YES,10000,a1bee2f832bba4fbfbee499c6c89c2cf1a011d365a81efc1b5ef04b1ed6b0236,,,,,,,,,,,,,,,,,,,,,,,,,,,,,,,,,,,,,,,,,,,,,,,,,,,,,,,,,,,,,,,,,,,,,,,,,,,,,,,,
row,913 ITI-01,NBA,NBA,2025-2026,2025-03-18,2026-09-01,"{""date_from"":""2025-03-18"",""date_to"":""2026-09-01"",""game_data"":[""pbp""],""leagues"":[""NBA""],""market_data"":[""candles""],""markets"":[""kalshi""],""seasons"":[""2025-2026""],""sports"":[""NBA""]}",TRADABLE_YES_BID,1_MINUTE_CANDLE,available_at,FIRST_TOUCH,"{""id"":""entry_mtw2zh6b_f4q8g"",""op"":""FIRST_TOUCH"",""ordinal"":""FIRST_TOUCH"",""period"":""Q2"",""price_e4"":6800,""source_vocabulary"":""TOUCH""}",REACH,"{""id"":""exit_mty0bwbw_mvfqe"",""op"":""REACH"",""outcome"":""win"",""price_e4"":9500}",REACH,"{""id"":""exit_mtug1t99_aq1lv"",""op"":""REACH"",""outcome"":""loss"",""price_e4"":4500}",HOLD_TO_SETTLEMENT,c5430eb845ac4cefb3c281ac543b383aad9652b9d0817d0605ab42bca6970657,1.0.0,2026-09-13T06:28:48Z,1.0.0,1.0.0,1.0.0,2026-09-13T06:28:48Z,READY,224,116,108,0.517857,0.482143,2700,2300,1.173913,289.285714,NBA_20260226_SAC_DAL,KXNBAGAME-26FEB26SACDAL-SAC,2026-02-27T02:20:00Z,6900,FIRST_TOUCH,Q2,PT06M51.00S,2026-02-27T03:25:00Z,9500,REACH,,,,WIN,YES,10000,a1bee2f832bba4fbfbee499c6c89c2cf1a011d365a81efc1b5ef04b1ed6b0236,,,,,,,,,,,,,,,,,,,,,,,,,,,,,,,,,,,,,,,,,,,,,,,,,,,,,,,,,,,,,,,,,,,,,,,,,,,,,,,,
row,913 ITI-01,NBA,NBA,2025-2026,2025-03-18,2026-09-01,"{""date_from"":""2025-03-18"",""date_to"":""2026-09-01"",""game_data"":[""pbp""],""leagues"":[""NBA""],""market_data"":[""candles""],""markets"":[""kalshi""],""seasons"":[""2025-2026""],""sports"":[""NBA""]}",TRADABLE_YES_BID,1_MINUTE_CANDLE,available_at,FIRST_TOUCH,"{""id"":""entry_mtw2zh6b_f4q8g"",""op"":""FIRST_TOUCH"",""ordinal"":""FIRST_TOUCH"",""period"":""Q2"",""price_e4"":6800,""source_vocabulary"":""TOUCH""}",REACH,"{""id"":""exit_mty0bwbw_mvfqe"",""op"":""REACH"",""outcome"":""win"",""price_e4"":9500}",REACH,"{""id"":""exit_mtug1t99_aq1lv"",""op"":""REACH"",""outcome"":""loss"",""price_e4"":4500}",HOLD_TO_SETTLEMENT,c5430eb845ac4cefb3c281ac543b383aad9652b9d0817d0605ab42bca6970657,1.0.0,2026-09-13T06:28:48Z,1.0.0,1.0.0,1.0.0,2026-09-13T06:28:48Z,READY,224,116,108,0.517857,0.482143,2700,2300,1.173913,289.285714,NBA_20260227_MEM_DAL,KXNBAGAME-26FEB27MEMDAL-MEM,2026-02-28T02:11:00Z,6800,FIRST_TOUCH,Q2,PT12M00.00S,2026-02-28T02:59:00Z,9500,REACH,,,,WIN,YES,10000,a1bee2f832bba4fbfbee499c6c89c2cf1a011d365a81efc1b5ef04b1ed6b0236,,,,,,,,,,,,,,,,,,,,,,,,,,,,,,,,,,,,,,,,,,,,,,,,,,,,,,,,,,,,,,,,,,,,,,,,,,,,,,,,
row,913 ITI-01,NBA,NBA,2025-2026,2025-03-18,2026-09-01,"{""date_from"":""2025-03-18"",""date_to"":""2026-09-01"",""game_data"":[""pbp""],""leagues"":[""NBA""],""market_data"":[""candles""],""markets"":[""kalshi""],""seasons"":[""2025-2026""],""sports"":[""NBA""]}",TRADABLE_YES_BID,1_MINUTE_CANDLE,available_at,FIRST_TOUCH,"{""id"":""entry_mtw2zh6b_f4q8g"",""op"":""FIRST_TOUCH"",""ordinal"":""FIRST_TOUCH"",""period"":""Q2"",""price_e4"":6800,""source_vocabulary"":""TOUCH""}",REACH,"{""id"":""exit_mty0bwbw_mvfqe"",""op"":""REACH"",""outcome"":""win"",""price_e4"":9500}",REACH,"{""id"":""exit_mtug1t99_aq1lv"",""op"":""REACH"",""outcome"":""loss"",""price_e4"":4500}",HOLD_TO_SETTLEMENT,c5430eb845ac4cefb3c281ac543b383aad9652b9d0817d0605ab42bca6970657,1.0.0,2026-09-13T06:28:48Z,1.0.0,1.0.0,1.0.0,2026-09-13T06:28:48Z,READY,224,116,108,0.517857,0.482143,2700,2300,1.173913,289.285714,NBA_20260228_HOU_MIA,KXNBAGAME-26FEB28HOUMIA-MIA,2026-02-28T21:28:00Z,6800,FIRST_TOUCH,Q2,PT08M28.00S,,,,2026-02-28T21:40:00Z,4400,REACH,LOSS,YES,10000,a1bee2f832bba4fbfbee499c6c89c2cf1a011d365a81efc1b5ef04b1ed6b0236,,,,,,,,,,,,,,,,,,,,,,,,,,,,,,,,,,,,,,,,,,,,,,,,,,,,,,,,,,,,,,,,,,,,,,,,,,,,,,,,
row,913 ITI-01,NBA,NBA,2025-2026,2025-03-18,2026-09-01,"{""date_from"":""2025-03-18"",""date_to"":""2026-09-01"",""game_data"":[""pbp""],""leagues"":[""NBA""],""market_data"":[""candles""],""markets"":[""kalshi""],""seasons"":[""2025-2026""],""sports"":[""NBA""]}",TRADABLE_YES_BID,1_MINUTE_CANDLE,available_at,FIRST_TOUCH,"{""id"":""entry_mtw2zh6b_f4q8g"",""op"":""FIRST_TOUCH"",""ordinal"":""FIRST_TOUCH"",""period"":""Q2"",""price_e4"":6800,""source_vocabulary"":""TOUCH""}",REACH,"{""id"":""exit_mty0bwbw_mvfqe"",""op"":""REACH"",""outcome"":""win"",""price_e4"":9500}",REACH,"{""id"":""exit_mtug1t99_aq1lv"",""op"":""REACH"",""outcome"":""loss"",""price_e4"":4500}",HOLD_TO_SETTLEMENT,c5430eb845ac4cefb3c281ac543b383aad9652b9d0817d0605ab42bca6970657,1.0.0,2026-09-13T06:28:48Z,1.0.0,1.0.0,1.0.0,2026-09-13T06:28:48Z,READY,224,116,108,0.517857,0.482143,2700,2300,1.173913,289.285714,NBA_20260301_MIL_CHI,KXNBAGAME-26MAR01MILCHI-MIL,2026-03-01T21:16:00Z,7100,FIRST_TOUCH,Q2,PT07M47.00S,,,,2026-03-01T22:22:00Z,4400,REACH,LOSS,NO,0,a1bee2f832bba4fbfbee499c6c89c2cf1a011d365a81efc1b5ef04b1ed6b0236,,,,,,,,,,,,,,,,,,,,,,,,,,,,,,,,,,,,,,,,,,,,,,,,,,,,,,,,,,,,,,,,,,,,,,,,,,,,,,,,
row,913 ITI-01,NBA,NBA,2025-2026,2025-03-18,2026-09-01,"{""date_from"":""2025-03-18"",""date_to"":""2026-09-01"",""game_data"":[""pbp""],""leagues"":[""NBA""],""market_data"":[""candles""],""markets"":[""kalshi""],""seasons"":[""2025-2026""],""sports"":[""NBA""]}",TRADABLE_YES_BID,1_MINUTE_CANDLE,available_at,FIRST_TOUCH,"{""id"":""entry_mtw2zh6b_f4q8g"",""op"":""FIRST_TOUCH"",""ordinal"":""FIRST_TOUCH"",""period"":""Q2"",""price_e4"":6800,""source_vocabulary"":""TOUCH""}",REACH,"{""id"":""exit_mty0bwbw_mvfqe"",""op"":""REACH"",""outcome"":""win"",""price_e4"":9500}",REACH,"{""id"":""exit_mtug1t99_aq1lv"",""op"":""REACH"",""outcome"":""loss"",""price_e4"":4500}",HOLD_TO_SETTLEMENT,c5430eb845ac4cefb3c281ac543b383aad9652b9d0817d0605ab42bca6970657,1.0.0,2026-09-13T06:28:48Z,1.0.0,1.0.0,1.0.0,2026-09-13T06:28:48Z,READY,224,116,108,0.517857,0.482143,2700,2300,1.173913,289.285714,NBA_20260301_SAS_NYK,KXNBAGAME-26MAR01SASNYK-NYK,2026-03-01T18:52:00Z,6800,FIRST_TOUCH,Q2,PT08M17.00S,2026-03-01T20:16:00Z,9500,REACH,,,,WIN,YES,10000,a1bee2f832bba4fbfbee499c6c89c2cf1a011d365a81efc1b5ef04b1ed6b0236,,,,,,,,,,,,,,,,,,,,,,,,,,,,,,,,,,,,,,,,,,,,,,,,,,,,,,,,,,,,,,,,,,,,,,,,,,,,,,,,
row,913 ITI-01,NBA,NBA,2025-2026,2025-03-18,2026-09-01,"{""date_from"":""2025-03-18"",""date_to"":""2026-09-01"",""game_data"":[""pbp""],""leagues"":[""NBA""],""market_data"":[""candles""],""markets"":[""kalshi""],""seasons"":[""2025-2026""],""sports"":[""NBA""]}",TRADABLE_YES_BID,1_MINUTE_CANDLE,available_at,FIRST_TOUCH,"{""id"":""entry_mtw2zh6b_f4q8g"",""op"":""FIRST_TOUCH"",""ordinal"":""FIRST_TOUCH"",""period"":""Q2"",""price_e4"":6800,""source_vocabulary"":""TOUCH""}",REACH,"{""id"":""exit_mty0bwbw_mvfqe"",""op"":""REACH"",""outcome"":""win"",""price_e4"":9500}",REACH,"{""id"":""exit_mtug1t99_aq1lv"",""op"":""REACH"",""outcome"":""loss"",""price_e4"":4500}",HOLD_TO_SETTLEMENT,c5430eb845ac4cefb3c281ac543b383aad9652b9d0817d0605ab42bca6970657,1.0.0,2026-09-13T06:28:48Z,1.0.0,1.0.0,1.0.0,2026-09-13T06:28:48Z,READY,224,116,108,0.517857,0.482143,2700,2300,1.173913,289.285714,NBA_20260303_NYK_TOR,KXNBAGAME-26MAR03NYKTOR-NYK,2026-03-04T01:26:00Z,7400,FIRST_TOUCH,Q2,PT06M53.00S,2026-03-04T02:48:00Z,9700,REACH,,,,WIN,YES,10000,a1bee2f832bba4fbfbee499c6c89c2cf1a011d365a81efc1b5ef04b1ed6b0236,,,,,,,,,,,,,,,,,,,,,,,,,,,,,,,,,,,,,,,,,,,,,,,,,,,,,,,,,,,,,,,,,,,,,,,,,,,,,,,,
row,913 ITI-01,NBA,NBA,2025-2026,2025-03-18,2026-09-01,"{""date_from"":""2025-03-18"",""date_to"":""2026-09-01"",""game_data"":[""pbp""],""leagues"":[""NBA""],""market_data"":[""candles""],""markets"":[""kalshi""],""seasons"":[""2025-2026""],""sports"":[""NBA""]}",TRADABLE_YES_BID,1_MINUTE_CANDLE,available_at,FIRST_TOUCH,"{""id"":""entry_mtw2zh6b_f4q8g"",""op"":""FIRST_TOUCH"",""ordinal"":""FIRST_TOUCH"",""period"":""Q2"",""price_e4"":6800,""source_vocabulary"":""TOUCH""}",REACH,"{""id"":""exit_mty0bwbw_mvfqe"",""op"":""REACH"",""outcome"":""win"",""price_e4"":9500}",REACH,"{""id"":""exit_mtug1t99_aq1lv"",""op"":""REACH"",""outcome"":""loss"",""price_e4"":4500}",HOLD_TO_SETTLEMENT,c5430eb845ac4cefb3c281ac543b383aad9652b9d0817d0605ab42bca6970657,1.0.0,2026-09-13T06:28:48Z,1.0.0,1.0.0,1.0.0,2026-09-13T06:28:48Z,READY,224,116,108,0.517857,0.482143,2700,2300,1.173913,289.285714,NBA_20260304_CHA_BOS,KXNBAGAME-26MAR04CHABOS-CHA,2026-03-05T01:15:00Z,6900,FIRST_TOUCH,Q2,PT10M20.00S,2026-03-05T02:00:00Z,9500,REACH,,,,WIN,YES,10000,a1bee2f832bba4fbfbee499c6c89c2cf1a011d365a81efc1b5ef04b1ed6b0236,,,,,,,,,,,,,,,,,,,,,,,,,,,,,,,,,,,,,,,,,,,,,,,,,,,,,,,,,,,,,,,,,,,,,,,,,,,,,,,,
row,913 ITI-01,NBA,NBA,2025-2026,2025-03-18,2026-09-01,"{""date_from"":""2025-03-18"",""date_to"":""2026-09-01"",""game_data"":[""pbp""],""leagues"":[""NBA""],""market_data"":[""candles""],""markets"":[""kalshi""],""seasons"":[""2025-2026""],""sports"":[""NBA""]}",TRADABLE_YES_BID,1_MINUTE_CANDLE,available_at,FIRST_TOUCH,"{""id"":""entry_mtw2zh6b_f4q8g"",""op"":""FIRST_TOUCH"",""ordinal"":""FIRST_TOUCH"",""period"":""Q2"",""price_e4"":6800,""source_vocabulary"":""TOUCH""}",REACH,"{""id"":""exit_mty0bwbw_mvfqe"",""op"":""REACH"",""outcome"":""win"",""price_e4"":9500}",REACH,"{""id"":""exit_mtug1t99_aq1lv"",""op"":""REACH"",""outcome"":""loss"",""price_e4"":4500}",HOLD_TO_SETTLEMENT,c5430eb845ac4cefb3c281ac543b383aad9652b9d0817d0605ab42bca6970657,1.0.0,2026-09-13T06:28:48Z,1.0.0,1.0.0,1.0.0,2026-09-13T06:28:48Z,READY,224,116,108,0.517857,0.482143,2700,2300,1.173913,289.285714,NBA_20260305_UTA_WAS,KXNBAGAME-26MAR05UTAWAS-UTA,2026-03-06T00:50:00Z,7100,FIRST_TOUCH,Q2,PT06M36.00S,2026-03-06T02:14:00Z,9600,REACH,,,,WIN,YES,10000,a1bee2f832bba4fbfbee499c6c89c2cf1a011d365a81efc1b5ef04b1ed6b0236,,,,,,,,,,,,,,,,,,,,,,,,,,,,,,,,,,,,,,,,,,,,,,,,,,,,,,,,,,,,,,,,,,,,,,,,,,,,,,,,
row,913 ITI-01,NBA,NBA,2025-2026,2025-03-18,2026-09-01,"{""date_from"":""2025-03-18"",""date_to"":""2026-09-01"",""game_data"":[""pbp""],""leagues"":[""NBA""],""market_data"":[""candles""],""markets"":[""kalshi""],""seasons"":[""2025-2026""],""sports"":[""NBA""]}",TRADABLE_YES_BID,1_MINUTE_CANDLE,available_at,FIRST_TOUCH,"{""id"":""entry_mtw2zh6b_f4q8g"",""op"":""FIRST_TOUCH"",""ordinal"":""FIRST_TOUCH"",""period"":""Q2"",""price_e4"":6800,""source_vocabulary"":""TOUCH""}",REACH,"{""id"":""exit_mty0bwbw_mvfqe"",""op"":""REACH"",""outcome"":""win"",""price_e4"":9500}",REACH,"{""id"":""exit_mtug1t99_aq1lv"",""op"":""REACH"",""outcome"":""loss"",""price_e4"":4500}",HOLD_TO_SETTLEMENT,c5430eb845ac4cefb3c281ac543b383aad9652b9d0817d0605ab42bca6970657,1.0.0,2026-09-13T06:28:48Z,1.0.0,1.0.0,1.0.0,2026-09-13T06:28:48Z,READY,224,116,108,0.517857,0.482143,2700,2300,1.173913,289.285714,NBA_20260306_LAC_SAS,KXNBAGAME-26MAR06LACSAS-LAC,2026-03-07T03:31:00Z,7000,FIRST_TOUCH,Q2,PT03M57.00S,,,,2026-03-07T04:33:00Z,4100,REACH,LOSS,NO,0,a1bee2f832bba4fbfbee499c6c89c2cf1a011d365a81efc1b5ef04b1ed6b0236,,,,,,,,,,,,,,,,,,,,,,,,,,,,,,,,,,,,,,,,,,,,,,,,,,,,,,,,,,,,,,,,,,,,,,,,,,,,,,,,
row,913 ITI-01,NBA,NBA,2025-2026,2025-03-18,2026-09-01,"{""date_from"":""2025-03-18"",""date_to"":""2026-09-01"",""game_data"":[""pbp""],""leagues"":[""NBA""],""market_data"":[""candles""],""markets"":[""kalshi""],""seasons"":[""2025-2026""],""sports"":[""NBA""]}",TRADABLE_YES_BID,1_MINUTE_CANDLE,available_at,FIRST_TOUCH,"{""id"":""entry_mtw2zh6b_f4q8g"",""op"":""FIRST_TOUCH"",""ordinal"":""FIRST_TOUCH"",""period"":""Q2"",""price_e4"":6800,""source_vocabulary"":""TOUCH""}",REACH,"{""id"":""exit_mty0bwbw_mvfqe"",""op"":""REACH"",""outcome"":""win"",""price_e4"":9500}",REACH,"{""id"":""exit_mtug1t99_aq1lv"",""op"":""REACH"",""outcome"":""loss"",""price_e4"":4500}",HOLD_TO_SETTLEMENT,c5430eb845ac4cefb3c281ac543b383aad9652b9d0817d0605ab42bca6970657,1.0.0,2026-09-13T06:28:48Z,1.0.0,1.0.0,1.0.0,2026-09-13T06:28:48Z,READY,224,116,108,0.517857,0.482143,2700,2300,1.173913,289.285714,NBA_20260306_NYK_DEN,KXNBAGAME-26MAR06NYKDEN-NYK,2026-03-07T03:07:00Z,6800,FIRST_TOUCH,Q2,PT03M31.00S,2026-03-07T03:49:00Z,9500,REACH,,,,WIN,YES,10000,a1bee2f832bba4fbfbee499c6c89c2cf1a011d365a81efc1b5ef04b1ed6b0236,,,,,,,,,,,,,,,,,,,,,,,,,,,,,,,,,,,,,,,,,,,,,,,,,,,,,,,,,,,,,,,,,,,,,,,,,,,,,,,,
row,913 ITI-01,NBA,NBA,2025-2026,2025-03-18,2026-09-01,"{""date_from"":""2025-03-18"",""date_to"":""2026-09-01"",""game_data"":[""pbp""],""leagues"":[""NBA""],""market_data"":[""candles""],""markets"":[""kalshi""],""seasons"":[""2025-2026""],""sports"":[""NBA""]}",TRADABLE_YES_BID,1_MINUTE_CANDLE,available_at,FIRST_TOUCH,"{""id"":""entry_mtw2zh6b_f4q8g"",""op"":""FIRST_TOUCH"",""ordinal"":""FIRST_TOUCH"",""period"":""Q2"",""price_e4"":6800,""source_vocabulary"":""TOUCH""}",REACH,"{""id"":""exit_mty0bwbw_mvfqe"",""op"":""REACH"",""outcome"":""win"",""price_e4"":9500}",REACH,"{""id"":""exit_mtug1t99_aq1lv"",""op"":""REACH"",""outcome"":""loss"",""price_e4"":4500}",HOLD_TO_SETTLEMENT,c5430eb845ac4cefb3c281ac543b383aad9652b9d0817d0605ab42bca6970657,1.0.0,2026-09-13T06:28:48Z,1.0.0,1.0.0,1.0.0,2026-09-13T06:28:48Z,READY,224,116,108,0.517857,0.482143,2700,2300,1.173913,289.285714,NBA_20260308_BOS_CLE,KXNBAGAME-26MAR08BOSCLE-BOS,2026-03-08T17:47:00Z,6900,FIRST_TOUCH,Q2,PT09M21.00S,2026-03-08T18:51:00Z,9700,REACH,,,,WIN,YES,10000,a1bee2f832bba4fbfbee499c6c89c2cf1a011d365a81efc1b5ef04b1ed6b0236,,,,,,,,,,,,,,,,,,,,,,,,,,,,,,,,,,,,,,,,,,,,,,,,,,,,,,,,,,,,,,,,,,,,,,,,,,,,,,,,
row,913 ITI-01,NBA,NBA,2025-2026,2025-03-18,2026-09-01,"{""date_from"":""2025-03-18"",""date_to"":""2026-09-01"",""game_data"":[""pbp""],""leagues"":[""NBA""],""market_data"":[""candles""],""markets"":[""kalshi""],""seasons"":[""2025-2026""],""sports"":[""NBA""]}",TRADABLE_YES_BID,1_MINUTE_CANDLE,available_at,FIRST_TOUCH,"{""id"":""entry_mtw2zh6b_f4q8g"",""op"":""FIRST_TOUCH"",""ordinal"":""FIRST_TOUCH"",""period"":""Q2"",""price_e4"":6800,""source_vocabulary"":""TOUCH""}",REACH,"{""id"":""exit_mty0bwbw_mvfqe"",""op"":""REACH"",""outcome"":""win"",""price_e4"":9500}",REACH,"{""id"":""exit_mtug1t99_aq1lv"",""op"":""REACH"",""outcome"":""loss"",""price_e4"":4500}",HOLD_TO_SETTLEMENT,c5430eb845ac4cefb3c281ac543b383aad9652b9d0817d0605ab42bca6970657,1.0.0,2026-09-13T06:28:48Z,1.0.0,1.0.0,1.0.0,2026-09-13T06:28:48Z,READY,224,116,108,0.517857,0.482143,2700,2300,1.173913,289.285714,NBA_20260308_CHI_SAC,KXNBAGAME-26MAR08CHISAC-SAC,2026-03-09T01:58:00Z,6900,FIRST_TOUCH,Q2,PT05M23.00S,2026-03-09T03:02:00Z,9600,REACH,,,,WIN,YES,10000,a1bee2f832bba4fbfbee499c6c89c2cf1a011d365a81efc1b5ef04b1ed6b0236,,,,,,,,,,,,,,,,,,,,,,,,,,,,,,,,,,,,,,,,,,,,,,,,,,,,,,,,,,,,,,,,,,,,,,,,,,,,,,,,
row,913 ITI-01,NBA,NBA,2025-2026,2025-03-18,2026-09-01,"{""date_from"":""2025-03-18"",""date_to"":""2026-09-01"",""game_data"":[""pbp""],""leagues"":[""NBA""],""market_data"":[""candles""],""markets"":[""kalshi""],""seasons"":[""2025-2026""],""sports"":[""NBA""]}",TRADABLE_YES_BID,1_MINUTE_CANDLE,available_at,FIRST_TOUCH,"{""id"":""entry_mtw2zh6b_f4q8g"",""op"":""FIRST_TOUCH"",""ordinal"":""FIRST_TOUCH"",""period"":""Q2"",""price_e4"":6800,""source_vocabulary"":""TOUCH""}",REACH,"{""id"":""exit_mty0bwbw_mvfqe"",""op"":""REACH"",""outcome"":""win"",""price_e4"":9500}",REACH,"{""id"":""exit_mtug1t99_aq1lv"",""op"":""REACH"",""outcome"":""loss"",""price_e4"":4500}",HOLD_TO_SETTLEMENT,c5430eb845ac4cefb3c281ac543b383aad9652b9d0817d0605ab42bca6970657,1.0.0,2026-09-13T06:28:48Z,1.0.0,1.0.0,1.0.0,2026-09-13T06:28:48Z,READY,224,116,108,0.517857,0.482143,2700,2300,1.173913,289.285714,NBA_20260309_MEM_BKN,KXNBAGAME-26MAR09MEMBKN-BKN,2026-03-10T00:18:00Z,6800,FIRST_TOUCH,Q2,PT07M18.00S,2026-03-10T01:28:00Z,9600,REACH,,,,WIN,YES,10000,a1bee2f832bba4fbfbee499c6c89c2cf1a011d365a81efc1b5ef04b1ed6b0236,,,,,,,,,,,,,,,,,,,,,,,,,,,,,,,,,,,,,,,,,,,,,,,,,,,,,,,,,,,,,,,,,,,,,,,,,,,,,,,,
row,913 ITI-01,NBA,NBA,2025-2026,2025-03-18,2026-09-01,"{""date_from"":""2025-03-18"",""date_to"":""2026-09-01"",""game_data"":[""pbp""],""leagues"":[""NBA""],""market_data"":[""candles""],""markets"":[""kalshi""],""seasons"":[""2025-2026""],""sports"":[""NBA""]}",TRADABLE_YES_BID,1_MINUTE_CANDLE,available_at,FIRST_TOUCH,"{""id"":""entry_mtw2zh6b_f4q8g"",""op"":""FIRST_TOUCH"",""ordinal"":""FIRST_TOUCH"",""period"":""Q2"",""price_e4"":6800,""source_vocabulary"":""TOUCH""}",REACH,"{""id"":""exit_mty0bwbw_mvfqe"",""op"":""REACH"",""outcome"":""win"",""price_e4"":9500}",REACH,"{""id"":""exit_mtug1t99_aq1lv"",""op"":""REACH"",""outcome"":""loss"",""price_e4"":4500}",HOLD_TO_SETTLEMENT,c5430eb845ac4cefb3c281ac543b383aad9652b9d0817d0605ab42bca6970657,1.0.0,2026-09-13T06:28:48Z,1.0.0,1.0.0,1.0.0,2026-09-13T06:28:48Z,READY,224,116,108,0.517857,0.482143,2700,2300,1.173913,289.285714,NBA_20260309_NYK_LAC,KXNBAGAME-26MAR09NYKLAC-LAC,2026-03-10T03:11:00Z,6800,FIRST_TOUCH,Q2,PT01M24.00S,2026-03-10T04:11:00Z,9600,REACH,,,,WIN,YES,10000,a1bee2f832bba4fbfbee499c6c89c2cf1a011d365a81efc1b5ef04b1ed6b0236,,,,,,,,,,,,,,,,,,,,,,,,,,,,,,,,,,,,,,,,,,,,,,,,,,,,,,,,,,,,,,,,,,,,,,,,,,,,,,,,
row,913 ITI-01,NBA,NBA,2025-2026,2025-03-18,2026-09-01,"{""date_from"":""2025-03-18"",""date_to"":""2026-09-01"",""game_data"":[""pbp""],""leagues"":[""NBA""],""market_data"":[""candles""],""markets"":[""kalshi""],""seasons"":[""2025-2026""],""sports"":[""NBA""]}",TRADABLE_YES_BID,1_MINUTE_CANDLE,available_at,FIRST_TOUCH,"{""id"":""entry_mtw2zh6b_f4q8g"",""op"":""FIRST_TOUCH"",""ordinal"":""FIRST_TOUCH"",""period"":""Q2"",""price_e4"":6800,""source_vocabulary"":""TOUCH""}",REACH,"{""id"":""exit_mty0bwbw_mvfqe"",""op"":""REACH"",""outcome"":""win"",""price_e4"":9500}",REACH,"{""id"":""exit_mtug1t99_aq1lv"",""op"":""REACH"",""outcome"":""loss"",""price_e4"":4500}",HOLD_TO_SETTLEMENT,c5430eb845ac4cefb3c281ac543b383aad9652b9d0817d0605ab42bca6970657,1.0.0,2026-09-13T06:28:48Z,1.0.0,1.0.0,1.0.0,2026-09-13T06:28:48Z,READY,224,116,108,0.517857,0.482143,2700,2300,1.173913,289.285714,NBA_20260310_IND_SAC,KXNBAGAME-26MAR10INDSAC-IND,2026-03-11T02:59:00Z,7100,FIRST_TOUCH,Q2,PT02M10.00S,,,,2026-03-11T04:14:00Z,4300,REACH,LOSS,NO,0,a1bee2f832bba4fbfbee499c6c89c2cf1a011d365a81efc1b5ef04b1ed6b0236,,,,,,,,,,,,,,,,,,,,,,,,,,,,,,,,,,,,,,,,,,,,,,,,,,,,,,,,,,,,,,,,,,,,,,,,,,,,,,,,
row,913 ITI-01,NBA,NBA,2025-2026,2025-03-18,2026-09-01,"{""date_from"":""2025-03-18"",""date_to"":""2026-09-01"",""game_data"":[""pbp""],""leagues"":[""NBA""],""market_data"":[""candles""],""markets"":[""kalshi""],""seasons"":[""2025-2026""],""sports"":[""NBA""]}",TRADABLE_YES_BID,1_MINUTE_CANDLE,available_at,FIRST_TOUCH,"{""id"":""entry_mtw2zh6b_f4q8g"",""op"":""FIRST_TOUCH"",""ordinal"":""FIRST_TOUCH"",""period"":""Q2"",""price_e4"":6800,""source_vocabulary"":""TOUCH""}",REACH,"{""id"":""exit_mty0bwbw_mvfqe"",""op"":""REACH"",""outcome"":""win"",""price_e4"":9500}",REACH,"{""id"":""exit_mtug1t99_aq1lv"",""op"":""REACH"",""outcome"":""loss"",""price_e4"":4500}",HOLD_TO_SETTLEMENT,c5430eb845ac4cefb3c281ac543b383aad9652b9d0817d0605ab42bca6970657,1.0.0,2026-09-13T06:28:48Z,1.0.0,1.0.0,1.0.0,2026-09-13T06:28:48Z,READY,224,116,108,0.517857,0.482143,2700,2300,1.173913,289.285714,NBA_20260314_DEN_LAL,KXNBAGAME-26MAR14DENLAL-LAL,2026-03-15T01:12:00Z,6900,FIRST_TOUCH,Q2,PT10M10.00S,,,,2026-03-15T02:27:00Z,4400,REACH,LOSS,YES,10000,a1bee2f832bba4fbfbee499c6c89c2cf1a011d365a81efc1b5ef04b1ed6b0236,,,,,,,,,,,,,,,,,,,,,,,,,,,,,,,,,,,,,,,,,,,,,,,,,,,,,,,,,,,,,,,,,,,,,,,,,,,,,,,,
row,913 ITI-01,NBA,NBA,2025-2026,2025-03-18,2026-09-01,"{""date_from"":""2025-03-18"",""date_to"":""2026-09-01"",""game_data"":[""pbp""],""leagues"":[""NBA""],""market_data"":[""candles""],""markets"":[""kalshi""],""seasons"":[""2025-2026""],""sports"":[""NBA""]}",TRADABLE_YES_BID,1_MINUTE_CANDLE,available_at,FIRST_TOUCH,"{""id"":""entry_mtw2zh6b_f4q8g"",""op"":""FIRST_TOUCH"",""ordinal"":""FIRST_TOUCH"",""period"":""Q2"",""price_e4"":6800,""source_vocabulary"":""TOUCH""}",REACH,"{""id"":""exit_mty0bwbw_mvfqe"",""op"":""REACH"",""outcome"":""win"",""price_e4"":9500}",REACH,"{""id"":""exit_mtug1t99_aq1lv"",""op"":""REACH"",""outcome"":""loss"",""price_e4"":4500}",HOLD_TO_SETTLEMENT,c5430eb845ac4cefb3c281ac543b383aad9652b9d0817d0605ab42bca6970657,1.0.0,2026-09-13T06:28:48Z,1.0.0,1.0.0,1.0.0,2026-09-13T06:28:48Z,READY,224,116,108,0.517857,0.482143,2700,2300,1.173913,289.285714,NBA_20260314_ORL_MIA,KXNBAGAME-26MAR14ORLMIA-ORL,2026-03-15T00:47:00Z,7300,FIRST_TOUCH,Q2,PT08M57.00S,2026-03-15T02:04:00Z,9500,REACH,,,,WIN,YES,10000,a1bee2f832bba4fbfbee499c6c89c2cf1a011d365a81efc1b5ef04b1ed6b0236,,,,,,,,,,,,,,,,,,,,,,,,,,,,,,,,,,,,,,,,,,,,,,,,,,,,,,,,,,,,,,,,,,,,,,,,,,,,,,,,
row,913 ITI-01,NBA,NBA,2025-2026,2025-03-18,2026-09-01,"{""date_from"":""2025-03-18"",""date_to"":""2026-09-01"",""game_data"":[""pbp""],""leagues"":[""NBA""],""market_data"":[""candles""],""markets"":[""kalshi""],""seasons"":[""2025-2026""],""sports"":[""NBA""]}",TRADABLE_YES_BID,1_MINUTE_CANDLE,available_at,FIRST_TOUCH,"{""id"":""entry_mtw2zh6b_f4q8g"",""op"":""FIRST_TOUCH"",""ordinal"":""FIRST_TOUCH"",""period"":""Q2"",""price_e4"":6800,""source_vocabulary"":""TOUCH""}",REACH,"{""id"":""exit_mty0bwbw_mvfqe"",""op"":""REACH"",""outcome"":""win"",""price_e4"":9500}",REACH,"{""id"":""exit_mtug1t99_aq1lv"",""op"":""REACH"",""outcome"":""loss"",""price_e4"":4500}",HOLD_TO_SETTLEMENT,c5430eb845ac4cefb3c281ac543b383aad9652b9d0817d0605ab42bca6970657,1.0.0,2026-09-13T06:28:48Z,1.0.0,1.0.0,1.0.0,2026-09-13T06:28:48Z,READY,224,116,108,0.517857,0.482143,2700,2300,1.173913,289.285714,NBA_20260315_DET_TOR,KXNBAGAME-26MAR15DETTOR-DET,2026-03-15T20:45:00Z,6800,FIRST_TOUCH,Q2,PT00M27.60S,,,,2026-03-15T21:14:00Z,4100,REACH,LOSS,NO,0,a1bee2f832bba4fbfbee499c6c89c2cf1a011d365a81efc1b5ef04b1ed6b0236,,,,,,,,,,,,,,,,,,,,,,,,,,,,,,,,,,,,,,,,,,,,,,,,,,,,,,,,,,,,,,,,,,,,,,,,,,,,,,,,
row,913 ITI-01,NBA,NBA,2025-2026,2025-03-18,2026-09-01,"{""date_from"":""2025-03-18"",""date_to"":""2026-09-01"",""game_data"":[""pbp""],""leagues"":[""NBA""],""market_data"":[""candles""],""markets"":[""kalshi""],""seasons"":[""2025-2026""],""sports"":[""NBA""]}",TRADABLE_YES_BID,1_MINUTE_CANDLE,available_at,FIRST_TOUCH,"{""id"":""entry_mtw2zh6b_f4q8g"",""op"":""FIRST_TOUCH"",""ordinal"":""FIRST_TOUCH"",""period"":""Q2"",""price_e4"":6800,""source_vocabulary"":""TOUCH""}",REACH,"{""id"":""exit_mty0bwbw_mvfqe"",""op"":""REACH"",""outcome"":""win"",""price_e4"":9500}",REACH,"{""id"":""exit_mtug1t99_aq1lv"",""op"":""REACH"",""outcome"":""loss"",""price_e4"":4500}",HOLD_TO_SETTLEMENT,c5430eb845ac4cefb3c281ac543b383aad9652b9d0817d0605ab42bca6970657,1.0.0,2026-09-13T06:28:48Z,1.0.0,1.0.0,1.0.0,2026-09-13T06:28:48Z,READY,224,116,108,0.517857,0.482143,2700,2300,1.173913,289.285714,NBA_20260315_UTA_SAC,KXNBAGAME-26MAR15UTASAC-SAC,2026-03-16T02:59:00Z,6800,FIRST_TOUCH,Q2,PT01M12.00S,2026-03-16T04:01:00Z,9500,REACH,,,,WIN,YES,10000,a1bee2f832bba4fbfbee499c6c89c2cf1a011d365a81efc1b5ef04b1ed6b0236,,,,,,,,,,,,,,,,,,,,,,,,,,,,,,,,,,,,,,,,,,,,,,,,,,,,,,,,,,,,,,,,,,,,,,,,,,,,,,,,
row,913 ITI-01,NBA,NBA,2025-2026,2025-03-18,2026-09-01,"{""date_from"":""2025-03-18"",""date_to"":""2026-09-01"",""game_data"":[""pbp""],""leagues"":[""NBA""],""market_data"":[""candles""],""markets"":[""kalshi""],""seasons"":[""2025-2026""],""sports"":[""NBA""]}",TRADABLE_YES_BID,1_MINUTE_CANDLE,available_at,FIRST_TOUCH,"{""id"":""entry_mtw2zh6b_f4q8g"",""op"":""FIRST_TOUCH"",""ordinal"":""FIRST_TOUCH"",""period"":""Q2"",""price_e4"":6800,""source_vocabulary"":""TOUCH""}",REACH,"{""id"":""exit_mty0bwbw_mvfqe"",""op"":""REACH"",""outcome"":""win"",""price_e4"":9500}",REACH,"{""id"":""exit_mtug1t99_aq1lv"",""op"":""REACH"",""outcome"":""loss"",""price_e4"":4500}",HOLD_TO_SETTLEMENT,c5430eb845ac4cefb3c281ac543b383aad9652b9d0817d0605ab42bca6970657,1.0.0,2026-09-13T06:28:48Z,1.0.0,1.0.0,1.0.0,2026-09-13T06:28:48Z,READY,224,116,108,0.517857,0.482143,2700,2300,1.173913,289.285714,NBA_20260318_LAL_HOU,KXNBAGAME-26MAR18LALHOU-LAL,2026-03-19T02:17:00Z,7100,FIRST_TOUCH,Q2,PT08M54.00S,,,,2026-03-19T03:11:00Z,4400,REACH,LOSS,YES,10000,a1bee2f832bba4fbfbee499c6c89c2cf1a011d365a81efc1b5ef04b1ed6b0236,,,,,,,,,,,,,,,,,,,,,,,,,,,,,,,,,,,,,,,,,,,,,,,,,,,,,,,,,,,,,,,,,,,,,,,,,,,,,,,,
row,913 ITI-01,NBA,NBA,2025-2026,2025-03-18,2026-09-01,"{""date_from"":""2025-03-18"",""date_to"":""2026-09-01"",""game_data"":[""pbp""],""leagues"":[""NBA""],""market_data"":[""candles""],""markets"":[""kalshi""],""seasons"":[""2025-2026""],""sports"":[""NBA""]}",TRADABLE_YES_BID,1_MINUTE_CANDLE,available_at,FIRST_TOUCH,"{""id"":""entry_mtw2zh6b_f4q8g"",""op"":""FIRST_TOUCH"",""ordinal"":""FIRST_TOUCH"",""period"":""Q2"",""price_e4"":6800,""source_vocabulary"":""TOUCH""}",REACH,"{""id"":""exit_mty0bwbw_mvfqe"",""op"":""REACH"",""outcome"":""win"",""price_e4"":9500}",REACH,"{""id"":""exit_mtug1t99_aq1lv"",""op"":""REACH"",""outcome"":""loss"",""price_e4"":4500}",HOLD_TO_SETTLEMENT,c5430eb845ac4cefb3c281ac543b383aad9652b9d0817d0605ab42bca6970657,1.0.0,2026-09-13T06:28:48Z,1.0.0,1.0.0,1.0.0,2026-09-13T06:28:48Z,READY,224,116,108,0.517857,0.482143,2700,2300,1.173913,289.285714,NBA_20260319_LAC_NOP,KXNBAGAME-26MAR19LACNOP-NOP,2026-03-20T00:57:00Z,6800,FIRST_TOUCH,Q2,PT02M54.00S,,,,2026-03-20T01:59:00Z,4500,REACH,LOSS,YES,10000,a1bee2f832bba4fbfbee499c6c89c2cf1a011d365a81efc1b5ef04b1ed6b0236,,,,,,,,,,,,,,,,,,,,,,,,,,,,,,,,,,,,,,,,,,,,,,,,,,,,,,,,,,,,,,,,,,,,,,,,,,,,,,,,
row,913 ITI-01,NBA,NBA,2025-2026,2025-03-18,2026-09-01,"{""date_from"":""2025-03-18"",""date_to"":""2026-09-01"",""game_data"":[""pbp""],""leagues"":[""NBA""],""market_data"":[""candles""],""markets"":[""kalshi""],""seasons"":[""2025-2026""],""sports"":[""NBA""]}",TRADABLE_YES_BID,1_MINUTE_CANDLE,available_at,FIRST_TOUCH,"{""id"":""entry_mtw2zh6b_f4q8g"",""op"":""FIRST_TOUCH"",""ordinal"":""FIRST_TOUCH"",""period"":""Q2"",""price_e4"":6800,""source_vocabulary"":""TOUCH""}",REACH,"{""id"":""exit_mty0bwbw_mvfqe"",""op"":""REACH"",""outcome"":""win"",""price_e4"":9500}",REACH,"{""id"":""exit_mtug1t99_aq1lv"",""op"":""REACH"",""outcome"":""loss"",""price_e4"":4500}",HOLD_TO_SETTLEMENT,c5430eb845ac4cefb3c281ac543b383aad9652b9d0817d0605ab42bca6970657,1.0.0,2026-09-13T06:28:48Z,1.0.0,1.0.0,1.0.0,2026-09-13T06:28:48Z,READY,224,116,108,0.517857,0.482143,2700,2300,1.173913,289.285714,NBA_20260319_MIL_UTA,KXNBAGAME-26MAR19MILUTA-UTA,2026-03-20T02:06:00Z,6800,FIRST_TOUCH,Q2,PT01M54.00S,2026-03-20T02:47:00Z,9500,REACH,,,,WIN,YES,10000,a1bee2f832bba4fbfbee499c6c89c2cf1a011d365a81efc1b5ef04b1ed6b0236,,,,,,,,,,,,,,,,,,,,,,,,,,,,,,,,,,,,,,,,,,,,,,,,,,,,,,,,,,,,,,,,,,,,,,,,,,,,,,,,
row,913 ITI-01,NBA,NBA,2025-2026,2025-03-18,2026-09-01,"{""date_from"":""2025-03-18"",""date_to"":""2026-09-01"",""game_data"":[""pbp""],""leagues"":[""NBA""],""market_data"":[""candles""],""markets"":[""kalshi""],""seasons"":[""2025-2026""],""sports"":[""NBA""]}",TRADABLE_YES_BID,1_MINUTE_CANDLE,available_at,FIRST_TOUCH,"{""id"":""entry_mtw2zh6b_f4q8g"",""op"":""FIRST_TOUCH"",""ordinal"":""FIRST_TOUCH"",""period"":""Q2"",""price_e4"":6800,""source_vocabulary"":""TOUCH""}",REACH,"{""id"":""exit_mty0bwbw_mvfqe"",""op"":""REACH"",""outcome"":""win"",""price_e4"":9500}",REACH,"{""id"":""exit_mtug1t99_aq1lv"",""op"":""REACH"",""outcome"":""loss"",""price_e4"":4500}",HOLD_TO_SETTLEMENT,c5430eb845ac4cefb3c281ac543b383aad9652b9d0817d0605ab42bca6970657,1.0.0,2026-09-13T06:28:48Z,1.0.0,1.0.0,1.0.0,2026-09-13T06:28:48Z,READY,224,116,108,0.517857,0.482143,2700,2300,1.173913,289.285714,NBA_20260320_POR_MIN,KXNBAGAME-26MAR20PORMIN-POR,2026-03-21T00:47:00Z,6900,FIRST_TOUCH,Q2,PT07M55.00S,,,,2026-03-21T01:46:00Z,4000,REACH,LOSS,YES,10000,a1bee2f832bba4fbfbee499c6c89c2cf1a011d365a81efc1b5ef04b1ed6b0236,,,,,,,,,,,,,,,,,,,,,,,,,,,,,,,,,,,,,,,,,,,,,,,,,,,,,,,,,,,,,,,,,,,,,,,,,,,,,,,,
row,913 ITI-01,NBA,NBA,2025-2026,2025-03-18,2026-09-01,"{""date_from"":""2025-03-18"",""date_to"":""2026-09-01"",""game_data"":[""pbp""],""leagues"":[""NBA""],""market_data"":[""candles""],""markets"":[""kalshi""],""seasons"":[""2025-2026""],""sports"":[""NBA""]}",TRADABLE_YES_BID,1_MINUTE_CANDLE,available_at,FIRST_TOUCH,"{""id"":""entry_mtw2zh6b_f4q8g"",""op"":""FIRST_TOUCH"",""ordinal"":""FIRST_TOUCH"",""period"":""Q2"",""price_e4"":6800,""source_vocabulary"":""TOUCH""}",REACH,"{""id"":""exit_mty0bwbw_mvfqe"",""op"":""REACH"",""outcome"":""win"",""price_e4"":9500}",REACH,"{""id"":""exit_mtug1t99_aq1lv"",""op"":""REACH"",""outcome"":""loss"",""price_e4"":4500}",HOLD_TO_SETTLEMENT,c5430eb845ac4cefb3c281ac543b383aad9652b9d0817d0605ab42bca6970657,1.0.0,2026-09-13T06:28:48Z,1.0.0,1.0.0,1.0.0,2026-09-13T06:28:48Z,READY,224,116,108,0.517857,0.482143,2700,2300,1.173913,289.285714,NBA_20260321_MIA_HOU,KXNBAGAME-26MAR21MIAHOU-HOU,2026-03-22T01:04:00Z,6900,FIRST_TOUCH,Q2,PT03M38.00S,,,,2026-03-22T01:39:00Z,4400,REACH,LOSS,YES,10000,a1bee2f832bba4fbfbee499c6c89c2cf1a011d365a81efc1b5ef04b1ed6b0236,,,,,,,,,,,,,,,,,,,,,,,,,,,,,,,,,,,,,,,,,,,,,,,,,,,,,,,,,,,,,,,,,,,,,,,,,,,,,,,,
row,913 ITI-01,NBA,NBA,2025-2026,2025-03-18,2026-09-01,"{""date_from"":""2025-03-18"",""date_to"":""2026-09-01"",""game_data"":[""pbp""],""leagues"":[""NBA""],""market_data"":[""candles""],""markets"":[""kalshi""],""seasons"":[""2025-2026""],""sports"":[""NBA""]}",TRADABLE_YES_BID,1_MINUTE_CANDLE,available_at,FIRST_TOUCH,"{""id"":""entry_mtw2zh6b_f4q8g"",""op"":""FIRST_TOUCH"",""ordinal"":""FIRST_TOUCH"",""period"":""Q2"",""price_e4"":6800,""source_vocabulary"":""TOUCH""}",REACH,"{""id"":""exit_mty0bwbw_mvfqe"",""op"":""REACH"",""outcome"":""win"",""price_e4"":9500}",REACH,"{""id"":""exit_mtug1t99_aq1lv"",""op"":""REACH"",""outcome"":""loss"",""price_e4"":4500}",HOLD_TO_SETTLEMENT,c5430eb845ac4cefb3c281ac543b383aad9652b9d0817d0605ab42bca6970657,1.0.0,2026-09-13T06:28:48Z,1.0.0,1.0.0,1.0.0,2026-09-13T06:28:48Z,READY,224,116,108,0.517857,0.482143,2700,2300,1.173913,289.285714,NBA_20260323_GSW_DAL,KXNBAGAME-26MAR23GSWDAL-DAL,2026-03-24T02:35:00Z,7300,FIRST_TOUCH,Q2,PT03M27.00S,,,,2026-03-24T03:25:00Z,4500,REACH,LOSS,NO,0,a1bee2f832bba4fbfbee499c6c89c2cf1a011d365a81efc1b5ef04b1ed6b0236,,,,,,,,,,,,,,,,,,,,,,,,,,,,,,,,,,,,,,,,,,,,,,,,,,,,,,,,,,,,,,,,,,,,,,,,,,,,,,,,
row,913 ITI-01,NBA,NBA,2025-2026,2025-03-18,2026-09-01,"{""date_from"":""2025-03-18"",""date_to"":""2026-09-01"",""game_data"":[""pbp""],""leagues"":[""NBA""],""market_data"":[""candles""],""markets"":[""kalshi""],""seasons"":[""2025-2026""],""sports"":[""NBA""]}",TRADABLE_YES_BID,1_MINUTE_CANDLE,available_at,FIRST_TOUCH,"{""id"":""entry_mtw2zh6b_f4q8g"",""op"":""FIRST_TOUCH"",""ordinal"":""FIRST_TOUCH"",""period"":""Q2"",""price_e4"":6800,""source_vocabulary"":""TOUCH""}",REACH,"{""id"":""exit_mty0bwbw_mvfqe"",""op"":""REACH"",""outcome"":""win"",""price_e4"":9500}",REACH,"{""id"":""exit_mtug1t99_aq1lv"",""op"":""REACH"",""outcome"":""loss"",""price_e4"":4500}",HOLD_TO_SETTLEMENT,c5430eb845ac4cefb3c281ac543b383aad9652b9d0817d0605ab42bca6970657,1.0.0,2026-09-13T06:28:48Z,1.0.0,1.0.0,1.0.0,2026-09-13T06:28:48Z,READY,224,116,108,0.517857,0.482143,2700,2300,1.173913,289.285714,NBA_20260323_HOU_CHI,KXNBAGAME-26MAR23HOUCHI-CHI,2026-03-24T00:59:00Z,7200,FIRST_TOUCH,Q2,PT05M05.00S,,,,2026-03-24T01:57:00Z,4400,REACH,LOSS,YES,10000,a1bee2f832bba4fbfbee499c6c89c2cf1a011d365a81efc1b5ef04b1ed6b0236,,,,,,,,,,,,,,,,,,,,,,,,,,,,,,,,,,,,,,,,,,,,,,,,,,,,,,,,,,,,,,,,,,,,,,,,,,,,,,,,
row,913 ITI-01,NBA,NBA,2025-2026,2025-03-18,2026-09-01,"{""date_from"":""2025-03-18"",""date_to"":""2026-09-01"",""game_data"":[""pbp""],""leagues"":[""NBA""],""market_data"":[""candles""],""markets"":[""kalshi""],""seasons"":[""2025-2026""],""sports"":[""NBA""]}",TRADABLE_YES_BID,1_MINUTE_CANDLE,available_at,FIRST_TOUCH,"{""id"":""entry_mtw2zh6b_f4q8g"",""op"":""FIRST_TOUCH"",""ordinal"":""FIRST_TOUCH"",""period"":""Q2"",""price_e4"":6800,""source_vocabulary"":""TOUCH""}",REACH,"{""id"":""exit_mty0bwbw_mvfqe"",""op"":""REACH"",""outcome"":""win"",""price_e4"":9500}",REACH,"{""id"":""exit_mtug1t99_aq1lv"",""op"":""REACH"",""outcome"":""loss"",""price_e4"":4500}",HOLD_TO_SETTLEMENT,c5430eb845ac4cefb3c281ac543b383aad9652b9d0817d0605ab42bca6970657,1.0.0,2026-09-13T06:28:48Z,1.0.0,1.0.0,1.0.0,2026-09-13T06:28:48Z,READY,224,116,108,0.517857,0.482143,2700,2300,1.173913,289.285714,NBA_20260323_LAL_DET,KXNBAGAME-26MAR23LALDET-DET,2026-03-24T00:10:00Z,6900,FIRST_TOUCH,Q2,PT01M10.00S,,,,2026-03-24T00:50:00Z,4400,REACH,LOSS,YES,10000,a1bee2f832bba4fbfbee499c6c89c2cf1a011d365a81efc1b5ef04b1ed6b0236,,,,,,,,,,,,,,,,,,,,,,,,,,,,,,,,,,,,,,,,,,,,,,,,,,,,,,,,,,,,,,,,,,,,,,,,,,,,,,,,
row,913 ITI-01,NBA,NBA,2025-2026,2025-03-18,2026-09-01,"{""date_from"":""2025-03-18"",""date_to"":""2026-09-01"",""game_data"":[""pbp""],""leagues"":[""NBA""],""market_data"":[""candles""],""markets"":[""kalshi""],""seasons"":[""2025-2026""],""sports"":[""NBA""]}",TRADABLE_YES_BID,1_MINUTE_CANDLE,available_at,FIRST_TOUCH,"{""id"":""entry_mtw2zh6b_f4q8g"",""op"":""FIRST_TOUCH"",""ordinal"":""FIRST_TOUCH"",""period"":""Q2"",""price_e4"":6800,""source_vocabulary"":""TOUCH""}",REACH,"{""id"":""exit_mty0bwbw_mvfqe"",""op"":""REACH"",""outcome"":""win"",""price_e4"":9500}",REACH,"{""id"":""exit_mtug1t99_aq1lv"",""op"":""REACH"",""outcome"":""loss"",""price_e4"":4500}",HOLD_TO_SETTLEMENT,c5430eb845ac4cefb3c281ac543b383aad9652b9d0817d0605ab42bca6970657,1.0.0,2026-09-13T06:28:48Z,1.0.0,1.0.0,1.0.0,2026-09-13T06:28:48Z,READY,224,116,108,0.517857,0.482143,2700,2300,1.173913,289.285714,NBA_20260325_ATL_DET,KXNBAGAME-26MAR25ATLDET-ATL,2026-03-25T23:56:00Z,6900,FIRST_TOUCH,Q2,PT05M37.00S,,,,2026-03-26T00:38:00Z,4200,REACH,LOSS,YES,10000,a1bee2f832bba4fbfbee499c6c89c2cf1a011d365a81efc1b5ef04b1ed6b0236,,,,,,,,,,,,,,,,,,,,,,,,,,,,,,,,,,,,,,,,,,,,,,,,,,,,,,,,,,,,,,,,,,,,,,,,,,,,,,,,
row,913 ITI-01,NBA,NBA,2025-2026,2025-03-18,2026-09-01,"{""date_from"":""2025-03-18"",""date_to"":""2026-09-01"",""game_data"":[""pbp""],""leagues"":[""NBA""],""market_data"":[""candles""],""markets"":[""kalshi""],""seasons"":[""2025-2026""],""sports"":[""NBA""]}",TRADABLE_YES_BID,1_MINUTE_CANDLE,available_at,FIRST_TOUCH,"{""id"":""entry_mtw2zh6b_f4q8g"",""op"":""FIRST_TOUCH"",""ordinal"":""FIRST_TOUCH"",""period"":""Q2"",""price_e4"":6800,""source_vocabulary"":""TOUCH""}",REACH,"{""id"":""exit_mty0bwbw_mvfqe"",""op"":""REACH"",""outcome"":""win"",""price_e4"":9500}",REACH,"{""id"":""exit_mtug1t99_aq1lv"",""op"":""REACH"",""outcome"":""loss"",""price_e4"":4500}",HOLD_TO_SETTLEMENT,c5430eb845ac4cefb3c281ac543b383aad9652b9d0817d0605ab42bca6970657,1.0.0,2026-09-13T06:28:48Z,1.0.0,1.0.0,1.0.0,2026-09-13T06:28:48Z,READY,224,116,108,0.517857,0.482143,2700,2300,1.173913,289.285714,NBA_20260325_MIA_CLE,KXNBAGAME-26MAR25MIACLE-MIA,2026-03-26T00:14:00Z,6900,FIRST_TOUCH,Q2,PT09M22.00S,,,,2026-03-26T01:24:00Z,4400,REACH,LOSS,YES,10000,a1bee2f832bba4fbfbee499c6c89c2cf1a011d365a81efc1b5ef04b1ed6b0236,,,,,,,,,,,,,,,,,,,,,,,,,,,,,,,,,,,,,,,,,,,,,,,,,,,,,,,,,,,,,,,,,,,,,,,,,,,,,,,,
row,913 ITI-01,NBA,NBA,2025-2026,2025-03-18,2026-09-01,"{""date_from"":""2025-03-18"",""date_to"":""2026-09-01"",""game_data"":[""pbp""],""leagues"":[""NBA""],""market_data"":[""candles""],""markets"":[""kalshi""],""seasons"":[""2025-2026""],""sports"":[""NBA""]}",TRADABLE_YES_BID,1_MINUTE_CANDLE,available_at,FIRST_TOUCH,"{""id"":""entry_mtw2zh6b_f4q8g"",""op"":""FIRST_TOUCH"",""ordinal"":""FIRST_TOUCH"",""period"":""Q2"",""price_e4"":6800,""source_vocabulary"":""TOUCH""}",REACH,"{""id"":""exit_mty0bwbw_mvfqe"",""op"":""REACH"",""outcome"":""win"",""price_e4"":9500}",REACH,"{""id"":""exit_mtug1t99_aq1lv"",""op"":""REACH"",""outcome"":""loss"",""price_e4"":4500}",HOLD_TO_SETTLEMENT,c5430eb845ac4cefb3c281ac543b383aad9652b9d0817d0605ab42bca6970657,1.0.0,2026-09-13T06:28:48Z,1.0.0,1.0.0,1.0.0,2026-09-13T06:28:48Z,READY,224,116,108,0.517857,0.482143,2700,2300,1.173913,289.285714,NBA_20260327_LAC_IND,KXNBAGAME-26MAR27LACIND-IND,2026-03-27T23:41:00Z,7100,FIRST_TOUCH,Q2,PT10M10.00S,,,,2026-03-28T00:29:00Z,4000,REACH,LOSS,NO,0,a1bee2f832bba4fbfbee499c6c89c2cf1a011d365a81efc1b5ef04b1ed6b0236,,,,,,,,,,,,,,,,,,,,,,,,,,,,,,,,,,,,,,,,,,,,,,,,,,,,,,,,,,,,,,,,,,,,,,,,,,,,,,,,
row,913 ITI-01,NBA,NBA,2025-2026,2025-03-18,2026-09-01,"{""date_from"":""2025-03-18"",""date_to"":""2026-09-01"",""game_data"":[""pbp""],""leagues"":[""NBA""],""market_data"":[""candles""],""markets"":[""kalshi""],""seasons"":[""2025-2026""],""sports"":[""NBA""]}",TRADABLE_YES_BID,1_MINUTE_CANDLE,available_at,FIRST_TOUCH,"{""id"":""entry_mtw2zh6b_f4q8g"",""op"":""FIRST_TOUCH"",""ordinal"":""FIRST_TOUCH"",""period"":""Q2"",""price_e4"":6800,""source_vocabulary"":""TOUCH""}",REACH,"{""id"":""exit_mty0bwbw_mvfqe"",""op"":""REACH"",""outcome"":""win"",""price_e4"":9500}",REACH,"{""id"":""exit_mtug1t99_aq1lv"",""op"":""REACH"",""outcome"":""loss"",""price_e4"":4500}",HOLD_TO_SETTLEMENT,c5430eb845ac4cefb3c281ac543b383aad9652b9d0817d0605ab42bca6970657,1.0.0,2026-09-13T06:28:48Z,1.0.0,1.0.0,1.0.0,2026-09-13T06:28:48Z,READY,224,116,108,0.517857,0.482143,2700,2300,1.173913,289.285714,NBA_20260329_BOS_CHA,KXNBAGAME-26MAR29BOSCHA-BOS,2026-03-29T22:39:00Z,6800,FIRST_TOUCH,Q2,PT10M26.00S,2026-03-29T23:38:00Z,9500,REACH,,,,WIN,YES,10000,a1bee2f832bba4fbfbee499c6c89c2cf1a011d365a81efc1b5ef04b1ed6b0236,,,,,,,,,,,,,,,,,,,,,,,,,,,,,,,,,,,,,,,,,,,,,,,,,,,,,,,,,,,,,,,,,,,,,,,,,,,,,,,,
row,913 ITI-01,NBA,NBA,2025-2026,2025-03-18,2026-09-01,"{""date_from"":""2025-03-18"",""date_to"":""2026-09-01"",""game_data"":[""pbp""],""leagues"":[""NBA""],""market_data"":[""candles""],""markets"":[""kalshi""],""seasons"":[""2025-2026""],""sports"":[""NBA""]}",TRADABLE_YES_BID,1_MINUTE_CANDLE,available_at,FIRST_TOUCH,"{""id"":""entry_mtw2zh6b_f4q8g"",""op"":""FIRST_TOUCH"",""ordinal"":""FIRST_TOUCH"",""period"":""Q2"",""price_e4"":6800,""source_vocabulary"":""TOUCH""}",REACH,"{""id"":""exit_mty0bwbw_mvfqe"",""op"":""REACH"",""outcome"":""win"",""price_e4"":9500}",REACH,"{""id"":""exit_mtug1t99_aq1lv"",""op"":""REACH"",""outcome"":""loss"",""price_e4"":4500}",HOLD_TO_SETTLEMENT,c5430eb845ac4cefb3c281ac543b383aad9652b9d0817d0605ab42bca6970657,1.0.0,2026-09-13T06:28:48Z,1.0.0,1.0.0,1.0.0,2026-09-13T06:28:48Z,READY,224,116,108,0.517857,0.482143,2700,2300,1.173913,289.285714,NBA_20260329_GSW_DEN,KXNBAGAME-26MAR29GSWDEN-DEN,2026-03-30T03:18:00Z,6900,FIRST_TOUCH,Q2,PT02M51.00S,2026-03-30T04:07:00Z,9500,REACH,,,,WIN,YES,10000,a1bee2f832bba4fbfbee499c6c89c2cf1a011d365a81efc1b5ef04b1ed6b0236,,,,,,,,,,,,,,,,,,,,,,,,,,,,,,,,,,,,,,,,,,,,,,,,,,,,,,,,,,,,,,,,,,,,,,,,,,,,,,,,
row,913 ITI-01,NBA,NBA,2025-2026,2025-03-18,2026-09-01,"{""date_from"":""2025-03-18"",""date_to"":""2026-09-01"",""game_data"":[""pbp""],""leagues"":[""NBA""],""market_data"":[""candles""],""markets"":[""kalshi""],""seasons"":[""2025-2026""],""sports"":[""NBA""]}",TRADABLE_YES_BID,1_MINUTE_CANDLE,available_at,FIRST_TOUCH,"{""id"":""entry_mtw2zh6b_f4q8g"",""op"":""FIRST_TOUCH"",""ordinal"":""FIRST_TOUCH"",""period"":""Q2"",""price_e4"":6800,""source_vocabulary"":""TOUCH""}",REACH,"{""id"":""exit_mty0bwbw_mvfqe"",""op"":""REACH"",""outcome"":""win"",""price_e4"":9500}",REACH,"{""id"":""exit_mtug1t99_aq1lv"",""op"":""REACH"",""outcome"":""loss"",""price_e4"":4500}",HOLD_TO_SETTLEMENT,c5430eb845ac4cefb3c281ac543b383aad9652b9d0817d0605ab42bca6970657,1.0.0,2026-09-13T06:28:48Z,1.0.0,1.0.0,1.0.0,2026-09-13T06:28:48Z,READY,224,116,108,0.517857,0.482143,2700,2300,1.173913,289.285714,NBA_20260330_PHI_MIA,KXNBAGAME-26MAR30PHIMIA-PHI,2026-03-31T00:00:00Z,6900,FIRST_TOUCH,Q2,PT04M16.00S,,,,2026-03-31T00:32:00Z,4500,REACH,LOSS,NO,0,a1bee2f832bba4fbfbee499c6c89c2cf1a011d365a81efc1b5ef04b1ed6b0236,,,,,,,,,,,,,,,,,,,,,,,,,,,,,,,,,,,,,,,,,,,,,,,,,,,,,,,,,,,,,,,,,,,,,,,,,,,,,,,,
row,913 ITI-01,NBA,NBA,2025-2026,2025-03-18,2026-09-01,"{""date_from"":""2025-03-18"",""date_to"":""2026-09-01"",""game_data"":[""pbp""],""leagues"":[""NBA""],""market_data"":[""candles""],""markets"":[""kalshi""],""seasons"":[""2025-2026""],""sports"":[""NBA""]}",TRADABLE_YES_BID,1_MINUTE_CANDLE,available_at,FIRST_TOUCH,"{""id"":""entry_mtw2zh6b_f4q8g"",""op"":""FIRST_TOUCH"",""ordinal"":""FIRST_TOUCH"",""period"":""Q2"",""price_e4"":6800,""source_vocabulary"":""TOUCH""}",REACH,"{""id"":""exit_mty0bwbw_mvfqe"",""op"":""REACH"",""outcome"":""win"",""price_e4"":9500}",REACH,"{""id"":""exit_mtug1t99_aq1lv"",""op"":""REACH"",""outcome"":""loss"",""price_e4"":4500}",HOLD_TO_SETTLEMENT,c5430eb845ac4cefb3c281ac543b383aad9652b9d0817d0605ab42bca6970657,1.0.0,2026-09-13T06:28:48Z,1.0.0,1.0.0,1.0.0,2026-09-13T06:28:48Z,READY,224,116,108,0.517857,0.482143,2700,2300,1.173913,289.285714,NBA_20260331_CLE_LAL,KXNBAGAME-26MAR31CLELAL-LAL,2026-04-01T03:21:00Z,6800,FIRST_TOUCH,Q2,PT06M55.00S,2026-04-01T04:06:00Z,9500,REACH,,,,WIN,YES,10000,a1bee2f832bba4fbfbee499c6c89c2cf1a011d365a81efc1b5ef04b1ed6b0236,,,,,,,,,,,,,,,,,,,,,,,,,,,,,,,,,,,,,,,,,,,,,,,,,,,,,,,,,,,,,,,,,,,,,,,,,,,,,,,,
row,913 ITI-01,NBA,NBA,2025-2026,2025-03-18,2026-09-01,"{""date_from"":""2025-03-18"",""date_to"":""2026-09-01"",""game_data"":[""pbp""],""leagues"":[""NBA""],""market_data"":[""candles""],""markets"":[""kalshi""],""seasons"":[""2025-2026""],""sports"":[""NBA""]}",TRADABLE_YES_BID,1_MINUTE_CANDLE,available_at,FIRST_TOUCH,"{""id"":""entry_mtw2zh6b_f4q8g"",""op"":""FIRST_TOUCH"",""ordinal"":""FIRST_TOUCH"",""period"":""Q2"",""price_e4"":6800,""source_vocabulary"":""TOUCH""}",REACH,"{""id"":""exit_mty0bwbw_mvfqe"",""op"":""REACH"",""outcome"":""win"",""price_e4"":9500}",REACH,"{""id"":""exit_mtug1t99_aq1lv"",""op"":""REACH"",""outcome"":""loss"",""price_e4"":4500}",HOLD_TO_SETTLEMENT,c5430eb845ac4cefb3c281ac543b383aad9652b9d0817d0605ab42bca6970657,1.0.0,2026-09-13T06:28:48Z,1.0.0,1.0.0,1.0.0,2026-09-13T06:28:48Z,READY,224,116,108,0.517857,0.482143,2700,2300,1.173913,289.285714,NBA_20260331_DAL_MIL,KXNBAGAME-26MAR31DALMIL-MIL,2026-04-01T00:49:00Z,6900,FIRST_TOUCH,Q2,PT09M13.00S,2026-04-01T01:42:00Z,9500,REACH,,,,WIN,YES,10000,a1bee2f832bba4fbfbee499c6c89c2cf1a011d365a81efc1b5ef04b1ed6b0236,,,,,,,,,,,,,,,,,,,,,,,,,,,,,,,,,,,,,,,,,,,,,,,,,,,,,,,,,,,,,,,,,,,,,,,,,,,,,,,,
row,913 ITI-01,NBA,NBA,2025-2026,2025-03-18,2026-09-01,"{""date_from"":""2025-03-18"",""date_to"":""2026-09-01"",""game_data"":[""pbp""],""leagues"":[""NBA""],""market_data"":[""candles""],""markets"":[""kalshi""],""seasons"":[""2025-2026""],""sports"":[""NBA""]}",TRADABLE_YES_BID,1_MINUTE_CANDLE,available_at,FIRST_TOUCH,"{""id"":""entry_mtw2zh6b_f4q8g"",""op"":""FIRST_TOUCH"",""ordinal"":""FIRST_TOUCH"",""period"":""Q2"",""price_e4"":6800,""source_vocabulary"":""TOUCH""}",REACH,"{""id"":""exit_mty0bwbw_mvfqe"",""op"":""REACH"",""outcome"":""win"",""price_e4"":9500}",REACH,"{""id"":""exit_mtug1t99_aq1lv"",""op"":""REACH"",""outcome"":""loss"",""price_e4"":4500}",HOLD_TO_SETTLEMENT,c5430eb845ac4cefb3c281ac543b383aad9652b9d0817d0605ab42bca6970657,1.0.0,2026-09-13T06:28:48Z,1.0.0,1.0.0,1.0.0,2026-09-13T06:28:48Z,READY,224,116,108,0.517857,0.482143,2700,2300,1.173913,289.285714,NBA_20260331_POR_LAC,KXNBAGAME-26MAR31PORLAC-POR,2026-04-01T04:01:00Z,7000,FIRST_TOUCH,Q2,PT05M01.00S,2026-04-01T05:02:00Z,9600,REACH,,,,WIN,YES,10000,a1bee2f832bba4fbfbee499c6c89c2cf1a011d365a81efc1b5ef04b1ed6b0236,,,,,,,,,,,,,,,,,,,,,,,,,,,,,,,,,,,,,,,,,,,,,,,,,,,,,,,,,,,,,,,,,,,,,,,,,,,,,,,,
row,913 ITI-01,NBA,NBA,2025-2026,2025-03-18,2026-09-01,"{""date_from"":""2025-03-18"",""date_to"":""2026-09-01"",""game_data"":[""pbp""],""leagues"":[""NBA""],""market_data"":[""candles""],""markets"":[""kalshi""],""seasons"":[""2025-2026""],""sports"":[""NBA""]}",TRADABLE_YES_BID,1_MINUTE_CANDLE,available_at,FIRST_TOUCH,"{""id"":""entry_mtw2zh6b_f4q8g"",""op"":""FIRST_TOUCH"",""ordinal"":""FIRST_TOUCH"",""period"":""Q2"",""price_e4"":6800,""source_vocabulary"":""TOUCH""}",REACH,"{""id"":""exit_mty0bwbw_mvfqe"",""op"":""REACH"",""outcome"":""win"",""price_e4"":9500}",REACH,"{""id"":""exit_mtug1t99_aq1lv"",""op"":""REACH"",""outcome"":""loss"",""price_e4"":4500}",HOLD_TO_SETTLEMENT,c5430eb845ac4cefb3c281ac543b383aad9652b9d0817d0605ab42bca6970657,1.0.0,2026-09-13T06:28:48Z,1.0.0,1.0.0,1.0.0,2026-09-13T06:28:48Z,READY,224,116,108,0.517857,0.482143,2700,2300,1.173913,289.285714,NBA_20260401_ATL_ORL,KXNBAGAME-26APR01ATLORL-ATL,2026-04-01T23:49:00Z,6900,FIRST_TOUCH,Q2,PT07M45.00S,2026-04-02T00:31:00Z,9500,REACH,,,,WIN,YES,10000,a1bee2f832bba4fbfbee499c6c89c2cf1a011d365a81efc1b5ef04b1ed6b0236,,,,,,,,,,,,,,,,,,,,,,,,,,,,,,,,,,,,,,,,,,,,,,,,,,,,,,,,,,,,,,,,,,,,,,,,,,,,,,,,
row,913 ITI-01,NBA,NBA,2025-2026,2025-03-18,2026-09-01,"{""date_from"":""2025-03-18"",""date_to"":""2026-09-01"",""game_data"":[""pbp""],""leagues"":[""NBA""],""market_data"":[""candles""],""markets"":[""kalshi""],""seasons"":[""2025-2026""],""sports"":[""NBA""]}",TRADABLE_YES_BID,1_MINUTE_CANDLE,available_at,FIRST_TOUCH,"{""id"":""entry_mtw2zh6b_f4q8g"",""op"":""FIRST_TOUCH"",""ordinal"":""FIRST_TOUCH"",""period"":""Q2"",""price_e4"":6800,""source_vocabulary"":""TOUCH""}",REACH,"{""id"":""exit_mty0bwbw_mvfqe"",""op"":""REACH"",""outcome"":""win"",""price_e4"":9500}",REACH,"{""id"":""exit_mtug1t99_aq1lv"",""op"":""REACH"",""outcome"":""loss"",""price_e4"":4500}",HOLD_TO_SETTLEMENT,c5430eb845ac4cefb3c281ac543b383aad9652b9d0817d0605ab42bca6970657,1.0.0,2026-09-13T06:28:48Z,1.0.0,1.0.0,1.0.0,2026-09-13T06:28:48Z,READY,224,116,108,0.517857,0.482143,2700,2300,1.173913,289.285714,NBA_20260401_IND_CHI,KXNBAGAME-26APR01INDCHI-IND,2026-04-02T00:58:00Z,6900,FIRST_TOUCH,Q2,PT03M19.00S,2026-04-02T01:33:00Z,9500,REACH,,,,WIN,YES,10000,a1bee2f832bba4fbfbee499c6c89c2cf1a011d365a81efc1b5ef04b1ed6b0236,,,,,,,,,,,,,,,,,,,,,,,,,,,,,,,,,,,,,,,,,,,,,,,,,,,,,,,,,,,,,,,,,,,,,,,,,,,,,,,,
row,913 ITI-01,NBA,NBA,2025-2026,2025-03-18,2026-09-01,"{""date_from"":""2025-03-18"",""date_to"":""2026-09-01"",""game_data"":[""pbp""],""leagues"":[""NBA""],""market_data"":[""candles""],""markets"":[""kalshi""],""seasons"":[""2025-2026""],""sports"":[""NBA""]}",TRADABLE_YES_BID,1_MINUTE_CANDLE,available_at,FIRST_TOUCH,"{""id"":""entry_mtw2zh6b_f4q8g"",""op"":""FIRST_TOUCH"",""ordinal"":""FIRST_TOUCH"",""period"":""Q2"",""price_e4"":6800,""source_vocabulary"":""TOUCH""}",REACH,"{""id"":""exit_mty0bwbw_mvfqe"",""op"":""REACH"",""outcome"":""win"",""price_e4"":9500}",REACH,"{""id"":""exit_mtug1t99_aq1lv"",""op"":""REACH"",""outcome"":""loss"",""price_e4"":4500}",HOLD_TO_SETTLEMENT,c5430eb845ac4cefb3c281ac543b383aad9652b9d0817d0605ab42bca6970657,1.0.0,2026-09-13T06:28:48Z,1.0.0,1.0.0,1.0.0,2026-09-13T06:28:48Z,READY,224,116,108,0.517857,0.482143,2700,2300,1.173913,289.285714,NBA_20260402_SAS_LAC,KXNBAGAME-26APR02SASLAC-SAS,2026-04-03T03:09:00Z,6800,FIRST_TOUCH,Q2,PT10M26.00S,2026-04-03T03:55:00Z,9500,REACH,,,,WIN,YES,10000,a1bee2f832bba4fbfbee499c6c89c2cf1a011d365a81efc1b5ef04b1ed6b0236,,,,,,,,,,,,,,,,,,,,,,,,,,,,,,,,,,,,,,,,,,,,,,,,,,,,,,,,,,,,,,,,,,,,,,,,,,,,,,,,
row,913 ITI-01,NBA,NBA,2025-2026,2025-03-18,2026-09-01,"{""date_from"":""2025-03-18"",""date_to"":""2026-09-01"",""game_data"":[""pbp""],""leagues"":[""NBA""],""market_data"":[""candles""],""markets"":[""kalshi""],""seasons"":[""2025-2026""],""sports"":[""NBA""]}",TRADABLE_YES_BID,1_MINUTE_CANDLE,available_at,FIRST_TOUCH,"{""id"":""entry_mtw2zh6b_f4q8g"",""op"":""FIRST_TOUCH"",""ordinal"":""FIRST_TOUCH"",""period"":""Q2"",""price_e4"":6800,""source_vocabulary"":""TOUCH""}",REACH,"{""id"":""exit_mty0bwbw_mvfqe"",""op"":""REACH"",""outcome"":""win"",""price_e4"":9500}",REACH,"{""id"":""exit_mtug1t99_aq1lv"",""op"":""REACH"",""outcome"":""loss"",""price_e4"":4500}",HOLD_TO_SETTLEMENT,c5430eb845ac4cefb3c281ac543b383aad9652b9d0817d0605ab42bca6970657,1.0.0,2026-09-13T06:28:48Z,1.0.0,1.0.0,1.0.0,2026-09-13T06:28:48Z,READY,224,116,108,0.517857,0.482143,2700,2300,1.173913,289.285714,NBA_20260404_SAS_DEN,KXNBAGAME-26APR04SASDEN-SAS,2026-04-04T19:48:00Z,6800,FIRST_TOUCH,Q2,PT11M04.00S,,,,2026-04-04T21:32:00Z,4200,REACH,LOSS,NO,0,a1bee2f832bba4fbfbee499c6c89c2cf1a011d365a81efc1b5ef04b1ed6b0236,,,,,,,,,,,,,,,,,,,,,,,,,,,,,,,,,,,,,,,,,,,,,,,,,,,,,,,,,,,,,,,,,,,,,,,,,,,,,,,,
row,913 ITI-01,NBA,NBA,2025-2026,2025-03-18,2026-09-01,"{""date_from"":""2025-03-18"",""date_to"":""2026-09-01"",""game_data"":[""pbp""],""leagues"":[""NBA""],""market_data"":[""candles""],""markets"":[""kalshi""],""seasons"":[""2025-2026""],""sports"":[""NBA""]}",TRADABLE_YES_BID,1_MINUTE_CANDLE,available_at,FIRST_TOUCH,"{""id"":""entry_mtw2zh6b_f4q8g"",""op"":""FIRST_TOUCH"",""ordinal"":""FIRST_TOUCH"",""period"":""Q2"",""price_e4"":6800,""source_vocabulary"":""TOUCH""}",REACH,"{""id"":""exit_mty0bwbw_mvfqe"",""op"":""REACH"",""outcome"":""win"",""price_e4"":9500}",REACH,"{""id"":""exit_mtug1t99_aq1lv"",""op"":""REACH"",""outcome"":""loss"",""price_e4"":4500}",HOLD_TO_SETTLEMENT,c5430eb845ac4cefb3c281ac543b383aad9652b9d0817d0605ab42bca6970657,1.0.0,2026-09-13T06:28:48Z,1.0.0,1.0.0,1.0.0,2026-09-13T06:28:48Z,READY,224,116,108,0.517857,0.482143,2700,2300,1.173913,289.285714,NBA_20260405_HOU_GSW,KXNBAGAME-26APR05HOUGSW-HOU,2026-04-06T02:44:00Z,7100,FIRST_TOUCH,Q2,PT09M46.00S,2026-04-06T04:17:00Z,9500,REACH,,,,WIN,YES,10000,a1bee2f832bba4fbfbee499c6c89c2cf1a011d365a81efc1b5ef04b1ed6b0236,,,,,,,,,,,,,,,,,,,,,,,,,,,,,,,,,,,,,,,,,,,,,,,,,,,,,,,,,,,,,,,,,,,,,,,,,,,,,,,,
row,913 ITI-01,NBA,NBA,2025-2026,2025-03-18,2026-09-01,"{""date_from"":""2025-03-18"",""date_to"":""2026-09-01"",""game_data"":[""pbp""],""leagues"":[""NBA""],""market_data"":[""candles""],""markets"":[""kalshi""],""seasons"":[""2025-2026""],""sports"":[""NBA""]}",TRADABLE_YES_BID,1_MINUTE_CANDLE,available_at,FIRST_TOUCH,"{""id"":""entry_mtw2zh6b_f4q8g"",""op"":""FIRST_TOUCH"",""ordinal"":""FIRST_TOUCH"",""period"":""Q2"",""price_e4"":6800,""source_vocabulary"":""TOUCH""}",REACH,"{""id"":""exit_mty0bwbw_mvfqe"",""op"":""REACH"",""outcome"":""win"",""price_e4"":9500}",REACH,"{""id"":""exit_mtug1t99_aq1lv"",""op"":""REACH"",""outcome"":""loss"",""price_e4"":4500}",HOLD_TO_SETTLEMENT,c5430eb845ac4cefb3c281ac543b383aad9652b9d0817d0605ab42bca6970657,1.0.0,2026-09-13T06:28:48Z,1.0.0,1.0.0,1.0.0,2026-09-13T06:28:48Z,READY,224,116,108,0.517857,0.482143,2700,2300,1.173913,289.285714,NBA_20260406_DET_ORL,KXNBAGAME-26APR06DETORL-ORL,2026-04-07T00:05:00Z,6800,FIRST_TOUCH,Q2,PT04M05.00S,2026-04-07T00:46:00Z,9500,REACH,,,,WIN,YES,10000,a1bee2f832bba4fbfbee499c6c89c2cf1a011d365a81efc1b5ef04b1ed6b0236,,,,,,,,,,,,,,,,,,,,,,,,,,,,,,,,,,,,,,,,,,,,,,,,,,,,,,,,,,,,,,,,,,,,,,,,,,,,,,,,
row,913 ITI-01,NBA,NBA,2025-2026,2025-03-18,2026-09-01,"{""date_from"":""2025-03-18"",""date_to"":""2026-09-01"",""game_data"":[""pbp""],""leagues"":[""NBA""],""market_data"":[""candles""],""markets"":[""kalshi""],""seasons"":[""2025-2026""],""sports"":[""NBA""]}",TRADABLE_YES_BID,1_MINUTE_CANDLE,available_at,FIRST_TOUCH,"{""id"":""entry_mtw2zh6b_f4q8g"",""op"":""FIRST_TOUCH"",""ordinal"":""FIRST_TOUCH"",""period"":""Q2"",""price_e4"":6800,""source_vocabulary"":""TOUCH""}",REACH,"{""id"":""exit_mty0bwbw_mvfqe"",""op"":""REACH"",""outcome"":""win"",""price_e4"":9500}",REACH,"{""id"":""exit_mtug1t99_aq1lv"",""op"":""REACH"",""outcome"":""loss"",""price_e4"":4500}",HOLD_TO_SETTLEMENT,c5430eb845ac4cefb3c281ac543b383aad9652b9d0817d0605ab42bca6970657,1.0.0,2026-09-13T06:28:48Z,1.0.0,1.0.0,1.0.0,2026-09-13T06:28:48Z,READY,224,116,108,0.517857,0.482143,2700,2300,1.173913,289.285714,NBA_20260407_MIA_TOR,KXNBAGAME-26APR07MIATOR-TOR,2026-04-08T00:24:00Z,6900,FIRST_TOUCH,Q2,PT06M29.00S,2026-04-08T01:15:00Z,9500,REACH,,,,WIN,YES,10000,a1bee2f832bba4fbfbee499c6c89c2cf1a011d365a81efc1b5ef04b1ed6b0236,,,,,,,,,,,,,,,,,,,,,,,,,,,,,,,,,,,,,,,,,,,,,,,,,,,,,,,,,,,,,,,,,,,,,,,,,,,,,,,,
row,913 ITI-01,NBA,NBA,2025-2026,2025-03-18,2026-09-01,"{""date_from"":""2025-03-18"",""date_to"":""2026-09-01"",""game_data"":[""pbp""],""leagues"":[""NBA""],""market_data"":[""candles""],""markets"":[""kalshi""],""seasons"":[""2025-2026""],""sports"":[""NBA""]}",TRADABLE_YES_BID,1_MINUTE_CANDLE,available_at,FIRST_TOUCH,"{""id"":""entry_mtw2zh6b_f4q8g"",""op"":""FIRST_TOUCH"",""ordinal"":""FIRST_TOUCH"",""period"":""Q2"",""price_e4"":6800,""source_vocabulary"":""TOUCH""}",REACH,"{""id"":""exit_mty0bwbw_mvfqe"",""op"":""REACH"",""outcome"":""win"",""price_e4"":9500}",REACH,"{""id"":""exit_mtug1t99_aq1lv"",""op"":""REACH"",""outcome"":""loss"",""price_e4"":4500}",HOLD_TO_SETTLEMENT,c5430eb845ac4cefb3c281ac543b383aad9652b9d0817d0605ab42bca6970657,1.0.0,2026-09-13T06:28:48Z,1.0.0,1.0.0,1.0.0,2026-09-13T06:28:48Z,READY,224,116,108,0.517857,0.482143,2700,2300,1.173913,289.285714,NBA_20260407_MIL_BKN,KXNBAGAME-26APR07MILBKN-BKN,2026-04-08T00:25:00Z,6800,FIRST_TOUCH,Q2,PT03M32.00S,2026-04-08T01:45:00Z,9800,REACH,,,,WIN,YES,10000,a1bee2f832bba4fbfbee499c6c89c2cf1a011d365a81efc1b5ef04b1ed6b0236,,,,,,,,,,,,,,,,,,,,,,,,,,,,,,,,,,,,,,,,,,,,,,,,,,,,,,,,,,,,,,,,,,,,,,,,,,,,,,,,
row,913 ITI-01,NBA,NBA,2025-2026,2025-03-18,2026-09-01,"{""date_from"":""2025-03-18"",""date_to"":""2026-09-01"",""game_data"":[""pbp""],""leagues"":[""NBA""],""market_data"":[""candles""],""markets"":[""kalshi""],""seasons"":[""2025-2026""],""sports"":[""NBA""]}",TRADABLE_YES_BID,1_MINUTE_CANDLE,available_at,FIRST_TOUCH,"{""id"":""entry_mtw2zh6b_f4q8g"",""op"":""FIRST_TOUCH"",""ordinal"":""FIRST_TOUCH"",""period"":""Q2"",""price_e4"":6800,""source_vocabulary"":""TOUCH""}",REACH,"{""id"":""exit_mty0bwbw_mvfqe"",""op"":""REACH"",""outcome"":""win"",""price_e4"":9500}",REACH,"{""id"":""exit_mtug1t99_aq1lv"",""op"":""REACH"",""outcome"":""loss"",""price_e4"":4500}",HOLD_TO_SETTLEMENT,c5430eb845ac4cefb3c281ac543b383aad9652b9d0817d0605ab42bca6970657,1.0.0,2026-09-13T06:28:48Z,1.0.0,1.0.0,1.0.0,2026-09-13T06:28:48Z,READY,224,116,108,0.517857,0.482143,2700,2300,1.173913,289.285714,NBA_20260410_LAC_POR,KXNBAGAME-26APR10LACPOR-POR,2026-04-11T02:45:00Z,7300,FIRST_TOUCH,Q2,PT10M25.00S,,,,2026-04-11T04:00:00Z,4500,REACH,LOSS,YES,10000,a1bee2f832bba4fbfbee499c6c89c2cf1a011d365a81efc1b5ef04b1ed6b0236,,,,,,,,,,,,,,,,,,,,,,,,,,,,,,,,,,,,,,,,,,,,,,,,,,,,,,,,,,,,,,,,,,,,,,,,,,,,,,,,
row,913 ITI-01,NBA,NBA,2025-2026,2025-03-18,2026-09-01,"{""date_from"":""2025-03-18"",""date_to"":""2026-09-01"",""game_data"":[""pbp""],""leagues"":[""NBA""],""market_data"":[""candles""],""markets"":[""kalshi""],""seasons"":[""2025-2026""],""sports"":[""NBA""]}",TRADABLE_YES_BID,1_MINUTE_CANDLE,available_at,FIRST_TOUCH,"{""id"":""entry_mtw2zh6b_f4q8g"",""op"":""FIRST_TOUCH"",""ordinal"":""FIRST_TOUCH"",""period"":""Q2"",""price_e4"":6800,""source_vocabulary"":""TOUCH""}",REACH,"{""id"":""exit_mty0bwbw_mvfqe"",""op"":""REACH"",""outcome"":""win"",""price_e4"":9500}",REACH,"{""id"":""exit_mtug1t99_aq1lv"",""op"":""REACH"",""outcome"":""loss"",""price_e4"":4500}",HOLD_TO_SETTLEMENT,c5430eb845ac4cefb3c281ac543b383aad9652b9d0817d0605ab42bca6970657,1.0.0,2026-09-13T06:28:48Z,1.0.0,1.0.0,1.0.0,2026-09-13T06:28:48Z,READY,224,116,108,0.517857,0.482143,2700,2300,1.173913,289.285714,NBA_20260410_MEM_UTA,KXNBAGAME-26APR10MEMUTA-UTA,2026-04-11T02:15:00Z,7600,FIRST_TOUCH,Q2,PT07M39.00S,2026-04-11T02:26:00Z,9500,REACH,,,,WIN,YES,10000,a1bee2f832bba4fbfbee499c6c89c2cf1a011d365a81efc1b5ef04b1ed6b0236,,,,,,,,,,,,,,,,,,,,,,,,,,,,,,,,,,,,,,,,,,,,,,,,,,,,,,,,,,,,,,,,,,,,,,,,,,,,,,,,
row,913 ITI-01,NBA,NBA,2025-2026,2025-03-18,2026-09-01,"{""date_from"":""2025-03-18"",""date_to"":""2026-09-01"",""game_data"":[""pbp""],""leagues"":[""NBA""],""market_data"":[""candles""],""markets"":[""kalshi""],""seasons"":[""2025-2026""],""sports"":[""NBA""]}",TRADABLE_YES_BID,1_MINUTE_CANDLE,available_at,FIRST_TOUCH,"{""id"":""entry_mtw2zh6b_f4q8g"",""op"":""FIRST_TOUCH"",""ordinal"":""FIRST_TOUCH"",""period"":""Q2"",""price_e4"":6800,""source_vocabulary"":""TOUCH""}",REACH,"{""id"":""exit_mty0bwbw_mvfqe"",""op"":""REACH"",""outcome"":""win"",""price_e4"":9500}",REACH,"{""id"":""exit_mtug1t99_aq1lv"",""op"":""REACH"",""outcome"":""loss"",""price_e4"":4500}",HOLD_TO_SETTLEMENT,c5430eb845ac4cefb3c281ac543b383aad9652b9d0817d0605ab42bca6970657,1.0.0,2026-09-13T06:28:48Z,1.0.0,1.0.0,1.0.0,2026-09-13T06:28:48Z,READY,224,116,108,0.517857,0.482143,2700,2300,1.173913,289.285714,NBA_20260412_DEN_SAS,KXNBAGAME-26APR12DENSAS-DEN,2026-04-13T01:32:00Z,6800,FIRST_TOUCH,Q2,PT05M18.00S,2026-04-13T02:37:00Z,9500,REACH,,,,WIN,YES,10000,a1bee2f832bba4fbfbee499c6c89c2cf1a011d365a81efc1b5ef04b1ed6b0236,,,,,,,,,,,,,,,,,,,,,,,,,,,,,,,,,,,,,,,,,,,,,,,,,,,,,,,,,,,,,,,,,,,,,,,,,,,,,,,,
row,913 ITI-01,NBA,NBA,2025-2026,2025-03-18,2026-09-01,"{""date_from"":""2025-03-18"",""date_to"":""2026-09-01"",""game_data"":[""pbp""],""leagues"":[""NBA""],""market_data"":[""candles""],""markets"":[""kalshi""],""seasons"":[""2025-2026""],""sports"":[""NBA""]}",TRADABLE_YES_BID,1_MINUTE_CANDLE,available_at,FIRST_TOUCH,"{""id"":""entry_mtw2zh6b_f4q8g"",""op"":""FIRST_TOUCH"",""ordinal"":""FIRST_TOUCH"",""period"":""Q2"",""price_e4"":6800,""source_vocabulary"":""TOUCH""}",REACH,"{""id"":""exit_mty0bwbw_mvfqe"",""op"":""REACH"",""outcome"":""win"",""price_e4"":9500}",REACH,"{""id"":""exit_mtug1t99_aq1lv"",""op"":""REACH"",""outcome"":""loss"",""price_e4"":4500}",HOLD_TO_SETTLEMENT,c5430eb845ac4cefb3c281ac543b383aad9652b9d0817d0605ab42bca6970657,1.0.0,2026-09-13T06:28:48Z,1.0.0,1.0.0,1.0.0,2026-09-13T06:28:48Z,READY,224,116,108,0.517857,0.482143,2700,2300,1.173913,289.285714,NBA_20260418_HOU_LAL,KXNBAGAME-26APR18HOULAL-LAL,2026-04-19T01:41:00Z,7100,FIRST_TOUCH,Q2,PT04M24.00S,2026-04-19T02:53:00Z,9500,REACH,,,,WIN,YES,10000,a1bee2f832bba4fbfbee499c6c89c2cf1a011d365a81efc1b5ef04b1ed6b0236,,,,,,,,,,,,,,,,,,,,,,,,,,,,,,,,,,,,,,,,,,,,,,,,,,,,,,,,,,,,,,,,,,,,,,,,,,,,,,,,
row,913 ITI-01,NBA,NBA,2025-2026,2025-03-18,2026-09-01,"{""date_from"":""2025-03-18"",""date_to"":""2026-09-01"",""game_data"":[""pbp""],""leagues"":[""NBA""],""market_data"":[""candles""],""markets"":[""kalshi""],""seasons"":[""2025-2026""],""sports"":[""NBA""]}",TRADABLE_YES_BID,1_MINUTE_CANDLE,available_at,FIRST_TOUCH,"{""id"":""entry_mtw2zh6b_f4q8g"",""op"":""FIRST_TOUCH"",""ordinal"":""FIRST_TOUCH"",""period"":""Q2"",""price_e4"":6800,""source_vocabulary"":""TOUCH""}",REACH,"{""id"":""exit_mty0bwbw_mvfqe"",""op"":""REACH"",""outcome"":""win"",""price_e4"":9500}",REACH,"{""id"":""exit_mtug1t99_aq1lv"",""op"":""REACH"",""outcome"":""loss"",""price_e4"":4500}",HOLD_TO_SETTLEMENT,c5430eb845ac4cefb3c281ac543b383aad9652b9d0817d0605ab42bca6970657,1.0.0,2026-09-13T06:28:48Z,1.0.0,1.0.0,1.0.0,2026-09-13T06:28:48Z,READY,224,116,108,0.517857,0.482143,2700,2300,1.173913,289.285714,NBA_20260424_LAL_HOU,KXNBAGAME-26APR24LALHOU-LAL,2026-04-25T00:53:00Z,6900,FIRST_TOUCH,Q2,PT06M16.00S,,,,2026-04-25T02:18:00Z,4300,REACH,LOSS,YES,10000,a1bee2f832bba4fbfbee499c6c89c2cf1a011d365a81efc1b5ef04b1ed6b0236,,,,,,,,,,,,,,,,,,,,,,,,,,,,,,,,,,,,,,,,,,,,,,,,,,,,,,,,,,,,,,,,,,,,,,,,,,,,,,,,
row,913 ITI-01,NBA,NBA,2025-2026,2025-03-18,2026-09-01,"{""date_from"":""2025-03-18"",""date_to"":""2026-09-01"",""game_data"":[""pbp""],""leagues"":[""NBA""],""market_data"":[""candles""],""markets"":[""kalshi""],""seasons"":[""2025-2026""],""sports"":[""NBA""]}",TRADABLE_YES_BID,1_MINUTE_CANDLE,available_at,FIRST_TOUCH,"{""id"":""entry_mtw2zh6b_f4q8g"",""op"":""FIRST_TOUCH"",""ordinal"":""FIRST_TOUCH"",""period"":""Q2"",""price_e4"":6800,""source_vocabulary"":""TOUCH""}",REACH,"{""id"":""exit_mty0bwbw_mvfqe"",""op"":""REACH"",""outcome"":""win"",""price_e4"":9500}",REACH,"{""id"":""exit_mtug1t99_aq1lv"",""op"":""REACH"",""outcome"":""loss"",""price_e4"":4500}",HOLD_TO_SETTLEMENT,c5430eb845ac4cefb3c281ac543b383aad9652b9d0817d0605ab42bca6970657,1.0.0,2026-09-13T06:28:48Z,1.0.0,1.0.0,1.0.0,2026-09-13T06:28:48Z,READY,224,116,108,0.517857,0.482143,2700,2300,1.173913,289.285714,NBA_20260424_SAS_POR,KXNBAGAME-26APR24SASPOR-POR,2026-04-25T03:49:00Z,6900,FIRST_TOUCH,Q2,PT02M08.00S,,,,2026-04-25T04:52:00Z,4500,REACH,LOSS,NO,0,a1bee2f832bba4fbfbee499c6c89c2cf1a011d365a81efc1b5ef04b1ed6b0236,,,,,,,,,,,,,,,,,,,,,,,,,,,,,,,,,,,,,,,,,,,,,,,,,,,,,,,,,,,,,,,,,,,,,,,,,,,,,,,,
row,913 ITI-01,NBA,NBA,2025-2026,2025-03-18,2026-09-01,"{""date_from"":""2025-03-18"",""date_to"":""2026-09-01"",""game_data"":[""pbp""],""leagues"":[""NBA""],""market_data"":[""candles""],""markets"":[""kalshi""],""seasons"":[""2025-2026""],""sports"":[""NBA""]}",TRADABLE_YES_BID,1_MINUTE_CANDLE,available_at,FIRST_TOUCH,"{""id"":""entry_mtw2zh6b_f4q8g"",""op"":""FIRST_TOUCH"",""ordinal"":""FIRST_TOUCH"",""period"":""Q2"",""price_e4"":6800,""source_vocabulary"":""TOUCH""}",REACH,"{""id"":""exit_mty0bwbw_mvfqe"",""op"":""REACH"",""outcome"":""win"",""price_e4"":9500}",REACH,"{""id"":""exit_mtug1t99_aq1lv"",""op"":""REACH"",""outcome"":""loss"",""price_e4"":4500}",HOLD_TO_SETTLEMENT,c5430eb845ac4cefb3c281ac543b383aad9652b9d0817d0605ab42bca6970657,1.0.0,2026-09-13T06:28:48Z,1.0.0,1.0.0,1.0.0,2026-09-13T06:28:48Z,READY,224,116,108,0.517857,0.482143,2700,2300,1.173913,289.285714,NBA_20260425_DET_ORL,KXNBAGAME-26APR25DETORL-ORL,2026-04-25T18:10:00Z,7100,FIRST_TOUCH,Q2,PT00M53.80S,2026-04-25T19:20:00Z,9600,REACH,,,,WIN,YES,10000,a1bee2f832bba4fbfbee499c6c89c2cf1a011d365a81efc1b5ef04b1ed6b0236,,,,,,,,,,,,,,,,,,,,,,,,,,,,,,,,,,,,,,,,,,,,,,,,,,,,,,,,,,,,,,,,,,,,,,,,,,,,,,,,
row,913 ITI-01,NBA,NBA,2025-2026,2025-03-18,2026-09-01,"{""date_from"":""2025-03-18"",""date_to"":""2026-09-01"",""game_data"":[""pbp""],""leagues"":[""NBA""],""market_data"":[""candles""],""markets"":[""kalshi""],""seasons"":[""2025-2026""],""sports"":[""NBA""]}",TRADABLE_YES_BID,1_MINUTE_CANDLE,available_at,FIRST_TOUCH,"{""id"":""entry_mtw2zh6b_f4q8g"",""op"":""FIRST_TOUCH"",""ordinal"":""FIRST_TOUCH"",""period"":""Q2"",""price_e4"":6800,""source_vocabulary"":""TOUCH""}",REACH,"{""id"":""exit_mty0bwbw_mvfqe"",""op"":""REACH"",""outcome"":""win"",""price_e4"":9500}",REACH,"{""id"":""exit_mtug1t99_aq1lv"",""op"":""REACH"",""outcome"":""loss"",""price_e4"":4500}",HOLD_TO_SETTLEMENT,c5430eb845ac4cefb3c281ac543b383aad9652b9d0817d0605ab42bca6970657,1.0.0,2026-09-13T06:28:48Z,1.0.0,1.0.0,1.0.0,2026-09-13T06:28:48Z,READY,224,116,108,0.517857,0.482143,2700,2300,1.173913,289.285714,NBA_20260426_SAS_POR,KXNBAGAME-26APR26SASPOR-POR,2026-04-26T20:39:00Z,7100,FIRST_TOUCH,Q2,PT05M30.00S,,,,2026-04-26T21:20:00Z,4200,REACH,LOSS,NO,0,a1bee2f832bba4fbfbee499c6c89c2cf1a011d365a81efc1b5ef04b1ed6b0236,,,,,,,,,,,,,,,,,,,,,,,,,,,,,,,,,,,,,,,,,,,,,,,,,,,,,,,,,,,,,,,,,,,,,,,,,,,,,,,,
row,913 ITI-01,NBA,NBA,2025-2026,2025-03-18,2026-09-01,"{""date_from"":""2025-03-18"",""date_to"":""2026-09-01"",""game_data"":[""pbp""],""leagues"":[""NBA""],""market_data"":[""candles""],""markets"":[""kalshi""],""seasons"":[""2025-2026""],""sports"":[""NBA""]}",TRADABLE_YES_BID,1_MINUTE_CANDLE,available_at,FIRST_TOUCH,"{""id"":""entry_mtw2zh6b_f4q8g"",""op"":""FIRST_TOUCH"",""ordinal"":""FIRST_TOUCH"",""period"":""Q2"",""price_e4"":6800,""source_vocabulary"":""TOUCH""}",REACH,"{""id"":""exit_mty0bwbw_mvfqe"",""op"":""REACH"",""outcome"":""win"",""price_e4"":9500}",REACH,"{""id"":""exit_mtug1t99_aq1lv"",""op"":""REACH"",""outcome"":""loss"",""price_e4"":4500}",HOLD_TO_SETTLEMENT,c5430eb845ac4cefb3c281ac543b383aad9652b9d0817d0605ab42bca6970657,1.0.0,2026-09-13T06:28:48Z,1.0.0,1.0.0,1.0.0,2026-09-13T06:28:48Z,READY,224,116,108,0.517857,0.482143,2700,2300,1.173913,289.285714,NBA_20260501_DET_ORL,KXNBAGAME-26MAY01DETORL-ORL,2026-05-01T23:52:00Z,6900,FIRST_TOUCH,Q2,PT07M03.00S,,,,2026-05-02T01:13:00Z,3400,REACH,LOSS,NO,0,a1bee2f832bba4fbfbee499c6c89c2cf1a011d365a81efc1b5ef04b1ed6b0236,,,,,,,,,,,,,,,,,,,,,,,,,,,,,,,,,,,,,,,,,,,,,,,,,,,,,,,,,,,,,,,,,,,,,,,,,,,,,,,,
row,913 ITI-01,NBA,NBA,2025-2026,2025-03-18,2026-09-01,"{""date_from"":""2025-03-18"",""date_to"":""2026-09-01"",""game_data"":[""pbp""],""leagues"":[""NBA""],""market_data"":[""candles""],""markets"":[""kalshi""],""seasons"":[""2025-2026""],""sports"":[""NBA""]}",TRADABLE_YES_BID,1_MINUTE_CANDLE,available_at,FIRST_TOUCH,"{""id"":""entry_mtw2zh6b_f4q8g"",""op"":""FIRST_TOUCH"",""ordinal"":""FIRST_TOUCH"",""period"":""Q2"",""price_e4"":6800,""source_vocabulary"":""TOUCH""}",REACH,"{""id"":""exit_mty0bwbw_mvfqe"",""op"":""REACH"",""outcome"":""win"",""price_e4"":9500}",REACH,"{""id"":""exit_mtug1t99_aq1lv"",""op"":""REACH"",""outcome"":""loss"",""price_e4"":4500}",HOLD_TO_SETTLEMENT,c5430eb845ac4cefb3c281ac543b383aad9652b9d0817d0605ab42bca6970657,1.0.0,2026-09-13T06:28:48Z,1.0.0,1.0.0,1.0.0,2026-09-13T06:28:48Z,READY,224,116,108,0.517857,0.482143,2700,2300,1.173913,289.285714,NBA_20260501_LAL_HOU,KXNBAGAME-26MAY01LALHOU-LAL,2026-05-02T02:22:00Z,6800,FIRST_TOUCH,Q2,PT09M26.00S,2026-05-02T03:18:00Z,9500,REACH,,,,WIN,YES,10000,a1bee2f832bba4fbfbee499c6c89c2cf1a011d365a81efc1b5ef04b1ed6b0236,,,,,,,,,,,,,,,,,,,,,,,,,,,,,,,,,,,,,,,,,,,,,,,,,,,,,,,,,,,,,,,,,,,,,,,,,,,,,,,,
row,913 ITI-01,NBA,NBA,2025-2026,2025-03-18,2026-09-01,"{""date_from"":""2025-03-18"",""date_to"":""2026-09-01"",""game_data"":[""pbp""],""leagues"":[""NBA""],""market_data"":[""candles""],""markets"":[""kalshi""],""seasons"":[""2025-2026""],""sports"":[""NBA""]}",TRADABLE_YES_BID,1_MINUTE_CANDLE,available_at,FIRST_TOUCH,"{""id"":""entry_mtw2zh6b_f4q8g"",""op"":""FIRST_TOUCH"",""ordinal"":""FIRST_TOUCH"",""period"":""Q2"",""price_e4"":6800,""source_vocabulary"":""TOUCH""}",REACH,"{""id"":""exit_mty0bwbw_mvfqe"",""op"":""REACH"",""outcome"":""win"",""price_e4"":9500}",REACH,"{""id"":""exit_mtug1t99_aq1lv"",""op"":""REACH"",""outcome"":""loss"",""price_e4"":4500}",HOLD_TO_SETTLEMENT,c5430eb845ac4cefb3c281ac543b383aad9652b9d0817d0605ab42bca6970657,1.0.0,2026-09-13T06:28:48Z,1.0.0,1.0.0,1.0.0,2026-09-13T06:28:48Z,READY,224,116,108,0.517857,0.482143,2700,2300,1.173913,289.285714,NBA_20260509_DET_CLE,KXNBAGAME-26MAY09DETCLE-CLE,2026-05-09T19:57:00Z,7100,FIRST_TOUCH,Q2,PT07M36.00S,2026-05-09T21:50:00Z,9800,REACH,,,,WIN,YES,10000,a1bee2f832bba4fbfbee499c6c89c2cf1a011d365a81efc1b5ef04b1ed6b0236,,,,,,,,,,,,,,,,,,,,,,,,,,,,,,,,,,,,,,,,,,,,,,,,,,,,,,,,,,,,,,,,,,,,,,,,,,,,,,,,
row,913 ITI-01,NBA,NBA,2025-2026,2025-03-18,2026-09-01,"{""date_from"":""2025-03-18"",""date_to"":""2026-09-01"",""game_data"":[""pbp""],""leagues"":[""NBA""],""market_data"":[""candles""],""markets"":[""kalshi""],""seasons"":[""2025-2026""],""sports"":[""NBA""]}",TRADABLE_YES_BID,1_MINUTE_CANDLE,available_at,FIRST_TOUCH,"{""id"":""entry_mtw2zh6b_f4q8g"",""op"":""FIRST_TOUCH"",""ordinal"":""FIRST_TOUCH"",""period"":""Q2"",""price_e4"":6800,""source_vocabulary"":""TOUCH""}",REACH,"{""id"":""exit_mty0bwbw_mvfqe"",""op"":""REACH"",""outcome"":""win"",""price_e4"":9500}",REACH,"{""id"":""exit_mtug1t99_aq1lv"",""op"":""REACH"",""outcome"":""loss"",""price_e4"":4500}",HOLD_TO_SETTLEMENT,c5430eb845ac4cefb3c281ac543b383aad9652b9d0817d0605ab42bca6970657,1.0.0,2026-09-13T06:28:48Z,1.0.0,1.0.0,1.0.0,2026-09-13T06:28:48Z,READY,224,116,108,0.517857,0.482143,2700,2300,1.173913,289.285714,NBA_20260510_SAS_MIN,KXNBAGAME-26MAY10SASMIN-MIN,2026-05-11T00:26:00Z,6800,FIRST_TOUCH,Q2,PT08M37.00S,,,,2026-05-11T01:22:00Z,4400,REACH,LOSS,YES,10000,a1bee2f832bba4fbfbee499c6c89c2cf1a011d365a81efc1b5ef04b1ed6b0236,,,,,,,,,,,,,,,,,,,,,,,,,,,,,,,,,,,,,,,,,,,,,,,,,,,,,,,,,,,,,,,,,,,,,,,,,,,,,,,,
row,913 ITI-01,NBA,NBA,2025-2026,2025-03-18,2026-09-01,"{""date_from"":""2025-03-18"",""date_to"":""2026-09-01"",""game_data"":[""pbp""],""leagues"":[""NBA""],""market_data"":[""candles""],""markets"":[""kalshi""],""seasons"":[""2025-2026""],""sports"":[""NBA""]}",TRADABLE_YES_BID,1_MINUTE_CANDLE,available_at,FIRST_TOUCH,"{""id"":""entry_mtw2zh6b_f4q8g"",""op"":""FIRST_TOUCH"",""ordinal"":""FIRST_TOUCH"",""period"":""Q2"",""price_e4"":6800,""source_vocabulary"":""TOUCH""}",REACH,"{""id"":""exit_mty0bwbw_mvfqe"",""op"":""REACH"",""outcome"":""win"",""price_e4"":9500}",REACH,"{""id"":""exit_mtug1t99_aq1lv"",""op"":""REACH"",""outcome"":""loss"",""price_e4"":4500}",HOLD_TO_SETTLEMENT,c5430eb845ac4cefb3c281ac543b383aad9652b9d0817d0605ab42bca6970657,1.0.0,2026-09-13T06:28:48Z,1.0.0,1.0.0,1.0.0,2026-09-13T06:28:48Z,READY,224,116,108,0.517857,0.482143,2700,2300,1.173913,289.285714,NBA_20260513_CLE_DET,KXNBAGAME-26MAY13CLEDET-DET,2026-05-14T00:49:00Z,6800,FIRST_TOUCH,Q2,PT10M44.00S,,,,2026-05-14T02:06:00Z,4100,REACH,LOSS,NO,0,a1bee2f832bba4fbfbee499c6c89c2cf1a011d365a81efc1b5ef04b1ed6b0236,,,,,,,,,,,,,,,,,,,,,,,,,,,,,,,,,,,,,,,,,,,,,,,,,,,,,,,,,,,,,,,,,,,,,,,,,,,,,,,,
row,913 ITI-01,NBA,NBA,2025-2026,2025-03-18,2026-09-01,"{""date_from"":""2025-03-18"",""date_to"":""2026-09-01"",""game_data"":[""pbp""],""leagues"":[""NBA""],""market_data"":[""candles""],""markets"":[""kalshi""],""seasons"":[""2025-2026""],""sports"":[""NBA""]}",TRADABLE_YES_BID,1_MINUTE_CANDLE,available_at,FIRST_TOUCH,"{""id"":""entry_mtw2zh6b_f4q8g"",""op"":""FIRST_TOUCH"",""ordinal"":""FIRST_TOUCH"",""period"":""Q2"",""price_e4"":6800,""source_vocabulary"":""TOUCH""}",REACH,"{""id"":""exit_mty0bwbw_mvfqe"",""op"":""REACH"",""outcome"":""win"",""price_e4"":9500}",REACH,"{""id"":""exit_mtug1t99_aq1lv"",""op"":""REACH"",""outcome"":""loss"",""price_e4"":4500}",HOLD_TO_SETTLEMENT,c5430eb845ac4cefb3c281ac543b383aad9652b9d0817d0605ab42bca6970657,1.0.0,2026-09-13T06:28:48Z,1.0.0,1.0.0,1.0.0,2026-09-13T06:28:48Z,READY,224,116,108,0.517857,0.482143,2700,2300,1.173913,289.285714,NBA_20260608_SAS_NYK,KXNBAGAME-26JUN08SASNYK-NYK,2026-06-09T01:49:00Z,6800,FIRST_TOUCH,Q2,PT00M00.00S,,,,2026-06-09T02:25:00Z,4200,REACH,LOSS,NO,0,a1bee2f832bba4fbfbee499c6c89c2cf1a011d365a81efc1b5ef04b1ed6b0236,,,,,,,,,,,,,,,,,,,,,,,,,,,,,,,,,,,,,,,,,,,,,,,,,,,,,,,,,,,,,,,,,,,,,,,,,,,,,,,,
