record_type,evidence_layer,program,metric,value,unit,source,superasi_version,grade_config_version,created_at,source_lab_id,phase_a_result_id,source_csv_sha256,abase_sha256,debase_sha256,strategy_name,sport,league,season,date_from,date_to,universe,observation_basis,resolution,pit_field,entry_operation,entry_parameters,win_exit_operation,win_exit_parameters,loss_exit_operation,loss_exit_parameters,terminal_behavior,plan_hash,compiler_version,warehouse_version,identity_version,catalog_version,execution_version,data_fingerprint,backtest_status,population,wins,losses,win_rate,loss_rate,average_win,average_loss,risk_reward,gross_ev,result_hash,risk_not,fees,slippage,fills,net_ev,live_grade
meta,,base_devalidation,superasi_version,superasi_bdebase_v1.0.0,,superasi,superasi_bdebase_v1.0.0,grade_config_v1,2026-09-13T13:03:03Z,77f6004823dc43509371df35ae2da858,913 ITI-01,520b4e76a9cc28b0c6569db6ee1d2b69ec97dac331fccf5f85a35ae2b53f260a,06ebb9644a2a3cec47351c00887dac177c54978adde1aa4c271a07d233dd8b72,79c4ae48c45e15f21346022d19dde6aa9329703681a8cd3921524af45d8891c9,913 ITI-01,NBA,NBA,2025-2026,2025-03-18,2026-09-01,"{""date_from"":""2025-03-18"",""date_to"":""2026-09-01"",""game_data"":[""pbp""],""leagues"":[""NBA""],""market_data"":[""candles""],""markets"":[""kalshi""],""seasons"":[""2025-2026""],""sports"":[""NBA""]}",TRADABLE_YES_BID,1_MINUTE_CANDLE,available_at,FIRST_TOUCH,"{""id"":""entry_mtw2zh6b_f4q8g"",""op"":""FIRST_TOUCH"",""ordinal"":""FIRST_TOUCH"",""period"":""Q2"",""price_e4"":6800,""source_vocabulary"":""TOUCH""}",REACH,"{""id"":""exit_mty0bwbw_mvfqe"",""op"":""REACH"",""outcome"":""win"",""price_e4"":9500}",REACH,"{""id"":""exit_mtug1t99_aq1lv"",""op"":""REACH"",""outcome"":""loss"",""price_e4"":4500}",HOLD_TO_SETTLEMENT,c5430eb845ac4cefb3c281ac543b383aad9652b9d0817d0605ab42bca6970657,1.0.0,2026-09-13T06:28:48Z,1.0.0,1.0.0,1.0.0,2026-09-13T06:28:48Z,READY,224,116,108,0.517857,0.482143,2700,2300,1.173913,289.285714,a1bee2f832bba4fbfbee499c6c89c2cf1a011d365a81efc1b5ef04b1ed6b0236,candle_path_not_fill,UNAVAILABLE,UNAVAILABLE,UNAVAILABLE,NOT_COMPUTABLE,UNAVAILABLE
meta,,base_devalidation,grade_config_version,grade_config_v1,,superasi,superasi_bdebase_v1.0.0,grade_config_v1,2026-09-13T13:03:03Z,77f6004823dc43509371df35ae2da858,913 ITI-01,520b4e76a9cc28b0c6569db6ee1d2b69ec97dac331fccf5f85a35ae2b53f260a,06ebb9644a2a3cec47351c00887dac177c54978adde1aa4c271a07d233dd8b72,79c4ae48c45e15f21346022d19dde6aa9329703681a8cd3921524af45d8891c9,913 ITI-01,NBA,NBA,2025-2026,2025-03-18,2026-09-01,"{""date_from"":""2025-03-18"",""date_to"":""2026-09-01"",""game_data"":[""pbp""],""leagues"":[""NBA""],""market_data"":[""candles""],""markets"":[""kalshi""],""seasons"":[""2025-2026""],""sports"":[""NBA""]}",TRADABLE_YES_BID,1_MINUTE_CANDLE,available_at,FIRST_TOUCH,"{""id"":""entry_mtw2zh6b_f4q8g"",""op"":""FIRST_TOUCH"",""ordinal"":""FIRST_TOUCH"",""period"":""Q2"",""price_e4"":6800,""source_vocabulary"":""TOUCH""}",REACH,"{""id"":""exit_mty0bwbw_mvfqe"",""op"":""REACH"",""outcome"":""win"",""price_e4"":9500}",REACH,"{""id"":""exit_mtug1t99_aq1lv"",""op"":""REACH"",""outcome"":""loss"",""price_e4"":4500}",HOLD_TO_SETTLEMENT,c5430eb845ac4cefb3c281ac543b383aad9652b9d0817d0605ab42bca6970657,1.0.0,2026-09-13T06:28:48Z,1.0.0,1.0.0,1.0.0,2026-09-13T06:28:48Z,READY,224,116,108,0.517857,0.482143,2700,2300,1.173913,289.285714,a1bee2f832bba4fbfbee499c6c89c2cf1a011d365a81efc1b5ef04b1ed6b0236,candle_path_not_fill,UNAVAILABLE,UNAVAILABLE,UNAVAILABLE,NOT_COMPUTABLE,UNAVAILABLE
meta,OBSERVED,base_devalidation,phase_a_result_id,913 ITI-01,,phase_a,superasi_bdebase_v1.0.0,grade_config_v1,2026-09-13T13:03:03Z,77f6004823dc43509371df35ae2da858,913 ITI-01,520b4e76a9cc28b0c6569db6ee1d2b69ec97dac331fccf5f85a35ae2b53f260a,06ebb9644a2a3cec47351c00887dac177c54978adde1aa4c271a07d233dd8b72,79c4ae48c45e15f21346022d19dde6aa9329703681a8cd3921524af45d8891c9,913 ITI-01,NBA,NBA,2025-2026,2025-03-18,2026-09-01,"{""date_from"":""2025-03-18"",""date_to"":""2026-09-01"",""game_data"":[""pbp""],""leagues"":[""NBA""],""market_data"":[""candles""],""markets"":[""kalshi""],""seasons"":[""2025-2026""],""sports"":[""NBA""]}",TRADABLE_YES_BID,1_MINUTE_CANDLE,available_at,FIRST_TOUCH,"{""id"":""entry_mtw2zh6b_f4q8g"",""op"":""FIRST_TOUCH"",""ordinal"":""FIRST_TOUCH"",""period"":""Q2"",""price_e4"":6800,""source_vocabulary"":""TOUCH""}",REACH,"{""id"":""exit_mty0bwbw_mvfqe"",""op"":""REACH"",""outcome"":""win"",""price_e4"":9500}",REACH,"{""id"":""exit_mtug1t99_aq1lv"",""op"":""REACH"",""outcome"":""loss"",""price_e4"":4500}",HOLD_TO_SETTLEMENT,c5430eb845ac4cefb3c281ac543b383aad9652b9d0817d0605ab42bca6970657,1.0.0,2026-09-13T06:28:48Z,1.0.0,1.0.0,1.0.0,2026-09-13T06:28:48Z,READY,224,116,108,0.517857,0.482143,2700,2300,1.173913,289.285714,a1bee2f832bba4fbfbee499c6c89c2cf1a011d365a81efc1b5ef04b1ed6b0236,candle_path_not_fill,UNAVAILABLE,UNAVAILABLE,UNAVAILABLE,NOT_COMPUTABLE,UNAVAILABLE
meta,OBSERVED,base_devalidation,source_lab_id,77f6004823dc43509371df35ae2da858,,labs_csv,superasi_bdebase_v1.0.0,grade_config_v1,2026-09-13T13:03:03Z,77f6004823dc43509371df35ae2da858,913 ITI-01,520b4e76a9cc28b0c6569db6ee1d2b69ec97dac331fccf5f85a35ae2b53f260a,06ebb9644a2a3cec47351c00887dac177c54978adde1aa4c271a07d233dd8b72,79c4ae48c45e15f21346022d19dde6aa9329703681a8cd3921524af45d8891c9,913 ITI-01,NBA,NBA,2025-2026,2025-03-18,2026-09-01,"{""date_from"":""2025-03-18"",""date_to"":""2026-09-01"",""game_data"":[""pbp""],""leagues"":[""NBA""],""market_data"":[""candles""],""markets"":[""kalshi""],""seasons"":[""2025-2026""],""sports"":[""NBA""]}",TRADABLE_YES_BID,1_MINUTE_CANDLE,available_at,FIRST_TOUCH,"{""id"":""entry_mtw2zh6b_f4q8g"",""op"":""FIRST_TOUCH"",""ordinal"":""FIRST_TOUCH"",""period"":""Q2"",""price_e4"":6800,""source_vocabulary"":""TOUCH""}",REACH,"{""id"":""exit_mty0bwbw_mvfqe"",""op"":""REACH"",""outcome"":""win"",""price_e4"":9500}",REACH,"{""id"":""exit_mtug1t99_aq1lv"",""op"":""REACH"",""outcome"":""loss"",""price_e4"":4500}",HOLD_TO_SETTLEMENT,c5430eb845ac4cefb3c281ac543b383aad9652b9d0817d0605ab42bca6970657,1.0.0,2026-09-13T06:28:48Z,1.0.0,1.0.0,1.0.0,2026-09-13T06:28:48Z,READY,224,116,108,0.517857,0.482143,2700,2300,1.173913,289.285714,a1bee2f832bba4fbfbee499c6c89c2cf1a011d365a81efc1b5ef04b1ed6b0236,candle_path_not_fill,UNAVAILABLE,UNAVAILABLE,UNAVAILABLE,NOT_COMPUTABLE,UNAVAILABLE
meta,OBSERVED,base_devalidation,question_status,PRESENT,,labs_metadata,superasi_bdebase_v1.0.0,grade_config_v1,2026-09-13T13:03:03Z,77f6004823dc43509371df35ae2da858,913 ITI-01,520b4e76a9cc28b0c6569db6ee1d2b69ec97dac331fccf5f85a35ae2b53f260a,06ebb9644a2a3cec47351c00887dac177c54978adde1aa4c271a07d233dd8b72,79c4ae48c45e15f21346022d19dde6aa9329703681a8cd3921524af45d8891c9,913 ITI-01,NBA,NBA,2025-2026,2025-03-18,2026-09-01,"{""date_from"":""2025-03-18"",""date_to"":""2026-09-01"",""game_data"":[""pbp""],""leagues"":[""NBA""],""market_data"":[""candles""],""markets"":[""kalshi""],""seasons"":[""2025-2026""],""sports"":[""NBA""]}",TRADABLE_YES_BID,1_MINUTE_CANDLE,available_at,FIRST_TOUCH,"{""id"":""entry_mtw2zh6b_f4q8g"",""op"":""FIRST_TOUCH"",""ordinal"":""FIRST_TOUCH"",""period"":""Q2"",""price_e4"":6800,""source_vocabulary"":""TOUCH""}",REACH,"{""id"":""exit_mty0bwbw_mvfqe"",""op"":""REACH"",""outcome"":""win"",""price_e4"":9500}",REACH,"{""id"":""exit_mtug1t99_aq1lv"",""op"":""REACH"",""outcome"":""loss"",""price_e4"":4500}",HOLD_TO_SETTLEMENT,c5430eb845ac4cefb3c281ac543b383aad9652b9d0817d0605ab42bca6970657,1.0.0,2026-09-13T06:28:48Z,1.0.0,1.0.0,1.0.0,2026-09-13T06:28:48Z,READY,224,116,108,0.517857,0.482143,2700,2300,1.173913,289.285714,a1bee2f832bba4fbfbee499c6c89c2cf1a011d365a81efc1b5ef04b1ed6b0236,candle_path_not_fill,UNAVAILABLE,UNAVAILABLE,UNAVAILABLE,NOT_COMPUTABLE,UNAVAILABLE
meta,OBSERVED,base_devalidation,question_sha256,8a0073870e7ac24d06505c1a8bd82f660a8024de340564fd1506009294f5d83a,,labs_metadata,superasi_bdebase_v1.0.0,grade_config_v1,2026-09-13T13:03:03Z,77f6004823dc43509371df35ae2da858,913 ITI-01,520b4e76a9cc28b0c6569db6ee1d2b69ec97dac331fccf5f85a35ae2b53f260a,06ebb9644a2a3cec47351c00887dac177c54978adde1aa4c271a07d233dd8b72,79c4ae48c45e15f21346022d19dde6aa9329703681a8cd3921524af45d8891c9,913 ITI-01,NBA,NBA,2025-2026,2025-03-18,2026-09-01,"{""date_from"":""2025-03-18"",""date_to"":""2026-09-01"",""game_data"":[""pbp""],""leagues"":[""NBA""],""market_data"":[""candles""],""markets"":[""kalshi""],""seasons"":[""2025-2026""],""sports"":[""NBA""]}",TRADABLE_YES_BID,1_MINUTE_CANDLE,available_at,FIRST_TOUCH,"{""id"":""entry_mtw2zh6b_f4q8g"",""op"":""FIRST_TOUCH"",""ordinal"":""FIRST_TOUCH"",""period"":""Q2"",""price_e4"":6800,""source_vocabulary"":""TOUCH""}",REACH,"{""id"":""exit_mty0bwbw_mvfqe"",""op"":""REACH"",""outcome"":""win"",""price_e4"":9500}",REACH,"{""id"":""exit_mtug1t99_aq1lv"",""op"":""REACH"",""outcome"":""loss"",""price_e4"":4500}",HOLD_TO_SETTLEMENT,c5430eb845ac4cefb3c281ac543b383aad9652b9d0817d0605ab42bca6970657,1.0.0,2026-09-13T06:28:48Z,1.0.0,1.0.0,1.0.0,2026-09-13T06:28:48Z,READY,224,116,108,0.517857,0.482143,2700,2300,1.173913,289.285714,a1bee2f832bba4fbfbee499c6c89c2cf1a011d365a81efc1b5ef04b1ed6b0236,candle_path_not_fill,UNAVAILABLE,UNAVAILABLE,UNAVAILABLE,NOT_COMPUTABLE,UNAVAILABLE
meta,OBSERVED,base_devalidation,plan_hash,c5430eb845ac4cefb3c281ac543b383aad9652b9d0817d0605ab42bca6970657,,labs_csv,superasi_bdebase_v1.0.0,grade_config_v1,2026-09-13T13:03:03Z,77f6004823dc43509371df35ae2da858,913 ITI-01,520b4e76a9cc28b0c6569db6ee1d2b69ec97dac331fccf5f85a35ae2b53f260a,06ebb9644a2a3cec47351c00887dac177c54978adde1aa4c271a07d233dd8b72,79c4ae48c45e15f21346022d19dde6aa9329703681a8cd3921524af45d8891c9,913 ITI-01,NBA,NBA,2025-2026,2025-03-18,2026-09-01,"{""date_from"":""2025-03-18"",""date_to"":""2026-09-01"",""game_data"":[""pbp""],""leagues"":[""NBA""],""market_data"":[""candles""],""markets"":[""kalshi""],""seasons"":[""2025-2026""],""sports"":[""NBA""]}",TRADABLE_YES_BID,1_MINUTE_CANDLE,available_at,FIRST_TOUCH,"{""id"":""entry_mtw2zh6b_f4q8g"",""op"":""FIRST_TOUCH"",""ordinal"":""FIRST_TOUCH"",""period"":""Q2"",""price_e4"":6800,""source_vocabulary"":""TOUCH""}",REACH,"{""id"":""exit_mty0bwbw_mvfqe"",""op"":""REACH"",""outcome"":""win"",""price_e4"":9500}",REACH,"{""id"":""exit_mtug1t99_aq1lv"",""op"":""REACH"",""outcome"":""loss"",""price_e4"":4500}",HOLD_TO_SETTLEMENT,c5430eb845ac4cefb3c281ac543b383aad9652b9d0817d0605ab42bca6970657,1.0.0,2026-09-13T06:28:48Z,1.0.0,1.0.0,1.0.0,2026-09-13T06:28:48Z,READY,224,116,108,0.517857,0.482143,2700,2300,1.173913,289.285714,a1bee2f832bba4fbfbee499c6c89c2cf1a011d365a81efc1b5ef04b1ed6b0236,candle_path_not_fill,UNAVAILABLE,UNAVAILABLE,UNAVAILABLE,NOT_COMPUTABLE,UNAVAILABLE
meta,OBSERVED,base_devalidation,result_hash,a1bee2f832bba4fbfbee499c6c89c2cf1a011d365a81efc1b5ef04b1ed6b0236,,labs_csv,superasi_bdebase_v1.0.0,grade_config_v1,2026-09-13T13:03:03Z,77f6004823dc43509371df35ae2da858,913 ITI-01,520b4e76a9cc28b0c6569db6ee1d2b69ec97dac331fccf5f85a35ae2b53f260a,06ebb9644a2a3cec47351c00887dac177c54978adde1aa4c271a07d233dd8b72,79c4ae48c45e15f21346022d19dde6aa9329703681a8cd3921524af45d8891c9,913 ITI-01,NBA,NBA,2025-2026,2025-03-18,2026-09-01,"{""date_from"":""2025-03-18"",""date_to"":""2026-09-01"",""game_data"":[""pbp""],""leagues"":[""NBA""],""market_data"":[""candles""],""markets"":[""kalshi""],""seasons"":[""2025-2026""],""sports"":[""NBA""]}",TRADABLE_YES_BID,1_MINUTE_CANDLE,available_at,FIRST_TOUCH,"{""id"":""entry_mtw2zh6b_f4q8g"",""op"":""FIRST_TOUCH"",""ordinal"":""FIRST_TOUCH"",""period"":""Q2"",""price_e4"":6800,""source_vocabulary"":""TOUCH""}",REACH,"{""id"":""exit_mty0bwbw_mvfqe"",""op"":""REACH"",""outcome"":""win"",""price_e4"":9500}",REACH,"{""id"":""exit_mtug1t99_aq1lv"",""op"":""REACH"",""outcome"":""loss"",""price_e4"":4500}",HOLD_TO_SETTLEMENT,c5430eb845ac4cefb3c281ac543b383aad9652b9d0817d0605ab42bca6970657,1.0.0,2026-09-13T06:28:48Z,1.0.0,1.0.0,1.0.0,2026-09-13T06:28:48Z,READY,224,116,108,0.517857,0.482143,2700,2300,1.173913,289.285714,a1bee2f832bba4fbfbee499c6c89c2cf1a011d365a81efc1b5ef04b1ed6b0236,candle_path_not_fill,UNAVAILABLE,UNAVAILABLE,UNAVAILABLE,NOT_COMPUTABLE,UNAVAILABLE
meta,OBSERVED,base_devalidation,candle_path_not_fill,candle_path_not_fill,,honesty,superasi_bdebase_v1.0.0,grade_config_v1,2026-09-13T13:03:03Z,77f6004823dc43509371df35ae2da858,913 ITI-01,520b4e76a9cc28b0c6569db6ee1d2b69ec97dac331fccf5f85a35ae2b53f260a,06ebb9644a2a3cec47351c00887dac177c54978adde1aa4c271a07d233dd8b72,79c4ae48c45e15f21346022d19dde6aa9329703681a8cd3921524af45d8891c9,913 ITI-01,NBA,NBA,2025-2026,2025-03-18,2026-09-01,"{""date_from"":""2025-03-18"",""date_to"":""2026-09-01"",""game_data"":[""pbp""],""leagues"":[""NBA""],""market_data"":[""candles""],""markets"":[""kalshi""],""seasons"":[""2025-2026""],""sports"":[""NBA""]}",TRADABLE_YES_BID,1_MINUTE_CANDLE,available_at,FIRST_TOUCH,"{""id"":""entry_mtw2zh6b_f4q8g"",""op"":""FIRST_TOUCH"",""ordinal"":""FIRST_TOUCH"",""period"":""Q2"",""price_e4"":6800,""source_vocabulary"":""TOUCH""}",REACH,"{""id"":""exit_mty0bwbw_mvfqe"",""op"":""REACH"",""outcome"":""win"",""price_e4"":9500}",REACH,"{""id"":""exit_mtug1t99_aq1lv"",""op"":""REACH"",""outcome"":""loss"",""price_e4"":4500}",HOLD_TO_SETTLEMENT,c5430eb845ac4cefb3c281ac543b383aad9652b9d0817d0605ab42bca6970657,1.0.0,2026-09-13T06:28:48Z,1.0.0,1.0.0,1.0.0,2026-09-13T06:28:48Z,READY,224,116,108,0.517857,0.482143,2700,2300,1.173913,289.285714,a1bee2f832bba4fbfbee499c6c89c2cf1a011d365a81efc1b5ef04b1ed6b0236,candle_path_not_fill,UNAVAILABLE,UNAVAILABLE,UNAVAILABLE,NOT_COMPUTABLE,UNAVAILABLE
meta,OBSERVED,base_devalidation,live_grade,UNAVAILABLE,,honesty,superasi_bdebase_v1.0.0,grade_config_v1,2026-09-13T13:03:03Z,77f6004823dc43509371df35ae2da858,913 ITI-01,520b4e76a9cc28b0c6569db6ee1d2b69ec97dac331fccf5f85a35ae2b53f260a,06ebb9644a2a3cec47351c00887dac177c54978adde1aa4c271a07d233dd8b72,79c4ae48c45e15f21346022d19dde6aa9329703681a8cd3921524af45d8891c9,913 ITI-01,NBA,NBA,2025-2026,2025-03-18,2026-09-01,"{""date_from"":""2025-03-18"",""date_to"":""2026-09-01"",""game_data"":[""pbp""],""leagues"":[""NBA""],""market_data"":[""candles""],""markets"":[""kalshi""],""seasons"":[""2025-2026""],""sports"":[""NBA""]}",TRADABLE_YES_BID,1_MINUTE_CANDLE,available_at,FIRST_TOUCH,"{""id"":""entry_mtw2zh6b_f4q8g"",""op"":""FIRST_TOUCH"",""ordinal"":""FIRST_TOUCH"",""period"":""Q2"",""price_e4"":6800,""source_vocabulary"":""TOUCH""}",REACH,"{""id"":""exit_mty0bwbw_mvfqe"",""op"":""REACH"",""outcome"":""win"",""price_e4"":9500}",REACH,"{""id"":""exit_mtug1t99_aq1lv"",""op"":""REACH"",""outcome"":""loss"",""price_e4"":4500}",HOLD_TO_SETTLEMENT,c5430eb845ac4cefb3c281ac543b383aad9652b9d0817d0605ab42bca6970657,1.0.0,2026-09-13T06:28:48Z,1.0.0,1.0.0,1.0.0,2026-09-13T06:28:48Z,READY,224,116,108,0.517857,0.482143,2700,2300,1.173913,289.285714,a1bee2f832bba4fbfbee499c6c89c2cf1a011d365a81efc1b5ef04b1ed6b0236,candle_path_not_fill,UNAVAILABLE,UNAVAILABLE,UNAVAILABLE,NOT_COMPUTABLE,UNAVAILABLE
observed,OBSERVED,base_decomposition,population,224,count,labs_row,superasi_bdebase_v1.0.0,grade_config_v1,2026-09-13T13:03:03Z,77f6004823dc43509371df35ae2da858,913 ITI-01,520b4e76a9cc28b0c6569db6ee1d2b69ec97dac331fccf5f85a35ae2b53f260a,06ebb9644a2a3cec47351c00887dac177c54978adde1aa4c271a07d233dd8b72,79c4ae48c45e15f21346022d19dde6aa9329703681a8cd3921524af45d8891c9,913 ITI-01,NBA,NBA,2025-2026,2025-03-18,2026-09-01,"{""date_from"":""2025-03-18"",""date_to"":""2026-09-01"",""game_data"":[""pbp""],""leagues"":[""NBA""],""market_data"":[""candles""],""markets"":[""kalshi""],""seasons"":[""2025-2026""],""sports"":[""NBA""]}",TRADABLE_YES_BID,1_MINUTE_CANDLE,available_at,FIRST_TOUCH,"{""id"":""entry_mtw2zh6b_f4q8g"",""op"":""FIRST_TOUCH"",""ordinal"":""FIRST_TOUCH"",""period"":""Q2"",""price_e4"":6800,""source_vocabulary"":""TOUCH""}",REACH,"{""id"":""exit_mty0bwbw_mvfqe"",""op"":""REACH"",""outcome"":""win"",""price_e4"":9500}",REACH,"{""id"":""exit_mtug1t99_aq1lv"",""op"":""REACH"",""outcome"":""loss"",""price_e4"":4500}",HOLD_TO_SETTLEMENT,c5430eb845ac4cefb3c281ac543b383aad9652b9d0817d0605ab42bca6970657,1.0.0,2026-09-13T06:28:48Z,1.0.0,1.0.0,1.0.0,2026-09-13T06:28:48Z,READY,224,116,108,0.517857,0.482143,2700,2300,1.173913,289.285714,a1bee2f832bba4fbfbee499c6c89c2cf1a011d365a81efc1b5ef04b1ed6b0236,candle_path_not_fill,UNAVAILABLE,UNAVAILABLE,UNAVAILABLE,NOT_COMPUTABLE,UNAVAILABLE
observed,OBSERVED,base_decomposition,wins,116,count,labs_row,superasi_bdebase_v1.0.0,grade_config_v1,2026-09-13T13:03:03Z,77f6004823dc43509371df35ae2da858,913 ITI-01,520b4e76a9cc28b0c6569db6ee1d2b69ec97dac331fccf5f85a35ae2b53f260a,06ebb9644a2a3cec47351c00887dac177c54978adde1aa4c271a07d233dd8b72,79c4ae48c45e15f21346022d19dde6aa9329703681a8cd3921524af45d8891c9,913 ITI-01,NBA,NBA,2025-2026,2025-03-18,2026-09-01,"{""date_from"":""2025-03-18"",""date_to"":""2026-09-01"",""game_data"":[""pbp""],""leagues"":[""NBA""],""market_data"":[""candles""],""markets"":[""kalshi""],""seasons"":[""2025-2026""],""sports"":[""NBA""]}",TRADABLE_YES_BID,1_MINUTE_CANDLE,available_at,FIRST_TOUCH,"{""id"":""entry_mtw2zh6b_f4q8g"",""op"":""FIRST_TOUCH"",""ordinal"":""FIRST_TOUCH"",""period"":""Q2"",""price_e4"":6800,""source_vocabulary"":""TOUCH""}",REACH,"{""id"":""exit_mty0bwbw_mvfqe"",""op"":""REACH"",""outcome"":""win"",""price_e4"":9500}",REACH,"{""id"":""exit_mtug1t99_aq1lv"",""op"":""REACH"",""outcome"":""loss"",""price_e4"":4500}",HOLD_TO_SETTLEMENT,c5430eb845ac4cefb3c281ac543b383aad9652b9d0817d0605ab42bca6970657,1.0.0,2026-09-13T06:28:48Z,1.0.0,1.0.0,1.0.0,2026-09-13T06:28:48Z,READY,224,116,108,0.517857,0.482143,2700,2300,1.173913,289.285714,a1bee2f832bba4fbfbee499c6c89c2cf1a011d365a81efc1b5ef04b1ed6b0236,candle_path_not_fill,UNAVAILABLE,UNAVAILABLE,UNAVAILABLE,NOT_COMPUTABLE,UNAVAILABLE
observed,OBSERVED,base_decomposition,losses,108,count,labs_row,superasi_bdebase_v1.0.0,grade_config_v1,2026-09-13T13:03:03Z,77f6004823dc43509371df35ae2da858,913 ITI-01,520b4e76a9cc28b0c6569db6ee1d2b69ec97dac331fccf5f85a35ae2b53f260a,06ebb9644a2a3cec47351c00887dac177c54978adde1aa4c271a07d233dd8b72,79c4ae48c45e15f21346022d19dde6aa9329703681a8cd3921524af45d8891c9,913 ITI-01,NBA,NBA,2025-2026,2025-03-18,2026-09-01,"{""date_from"":""2025-03-18"",""date_to"":""2026-09-01"",""game_data"":[""pbp""],""leagues"":[""NBA""],""market_data"":[""candles""],""markets"":[""kalshi""],""seasons"":[""2025-2026""],""sports"":[""NBA""]}",TRADABLE_YES_BID,1_MINUTE_CANDLE,available_at,FIRST_TOUCH,"{""id"":""entry_mtw2zh6b_f4q8g"",""op"":""FIRST_TOUCH"",""ordinal"":""FIRST_TOUCH"",""period"":""Q2"",""price_e4"":6800,""source_vocabulary"":""TOUCH""}",REACH,"{""id"":""exit_mty0bwbw_mvfqe"",""op"":""REACH"",""outcome"":""win"",""price_e4"":9500}",REACH,"{""id"":""exit_mtug1t99_aq1lv"",""op"":""REACH"",""outcome"":""loss"",""price_e4"":4500}",HOLD_TO_SETTLEMENT,c5430eb845ac4cefb3c281ac543b383aad9652b9d0817d0605ab42bca6970657,1.0.0,2026-09-13T06:28:48Z,1.0.0,1.0.0,1.0.0,2026-09-13T06:28:48Z,READY,224,116,108,0.517857,0.482143,2700,2300,1.173913,289.285714,a1bee2f832bba4fbfbee499c6c89c2cf1a011d365a81efc1b5ef04b1ed6b0236,candle_path_not_fill,UNAVAILABLE,UNAVAILABLE,UNAVAILABLE,NOT_COMPUTABLE,UNAVAILABLE
observed,OBSERVED,base_decomposition,decided,224,count,labs_row,superasi_bdebase_v1.0.0,grade_config_v1,2026-09-13T13:03:03Z,77f6004823dc43509371df35ae2da858,913 ITI-01,520b4e76a9cc28b0c6569db6ee1d2b69ec97dac331fccf5f85a35ae2b53f260a,06ebb9644a2a3cec47351c00887dac177c54978adde1aa4c271a07d233dd8b72,79c4ae48c45e15f21346022d19dde6aa9329703681a8cd3921524af45d8891c9,913 ITI-01,NBA,NBA,2025-2026,2025-03-18,2026-09-01,"{""date_from"":""2025-03-18"",""date_to"":""2026-09-01"",""game_data"":[""pbp""],""leagues"":[""NBA""],""market_data"":[""candles""],""markets"":[""kalshi""],""seasons"":[""2025-2026""],""sports"":[""NBA""]}",TRADABLE_YES_BID,1_MINUTE_CANDLE,available_at,FIRST_TOUCH,"{""id"":""entry_mtw2zh6b_f4q8g"",""op"":""FIRST_TOUCH"",""ordinal"":""FIRST_TOUCH"",""period"":""Q2"",""price_e4"":6800,""source_vocabulary"":""TOUCH""}",REACH,"{""id"":""exit_mty0bwbw_mvfqe"",""op"":""REACH"",""outcome"":""win"",""price_e4"":9500}",REACH,"{""id"":""exit_mtug1t99_aq1lv"",""op"":""REACH"",""outcome"":""loss"",""price_e4"":4500}",HOLD_TO_SETTLEMENT,c5430eb845ac4cefb3c281ac543b383aad9652b9d0817d0605ab42bca6970657,1.0.0,2026-09-13T06:28:48Z,1.0.0,1.0.0,1.0.0,2026-09-13T06:28:48Z,READY,224,116,108,0.517857,0.482143,2700,2300,1.173913,289.285714,a1bee2f832bba4fbfbee499c6c89c2cf1a011d365a81efc1b5ef04b1ed6b0236,candle_path_not_fill,UNAVAILABLE,UNAVAILABLE,UNAVAILABLE,NOT_COMPUTABLE,UNAVAILABLE
observed,OBSERVED,base_decomposition,win_rate,0.517857,fraction,labs_row,superasi_bdebase_v1.0.0,grade_config_v1,2026-09-13T13:03:03Z,77f6004823dc43509371df35ae2da858,913 ITI-01,520b4e76a9cc28b0c6569db6ee1d2b69ec97dac331fccf5f85a35ae2b53f260a,06ebb9644a2a3cec47351c00887dac177c54978adde1aa4c271a07d233dd8b72,79c4ae48c45e15f21346022d19dde6aa9329703681a8cd3921524af45d8891c9,913 ITI-01,NBA,NBA,2025-2026,2025-03-18,2026-09-01,"{""date_from"":""2025-03-18"",""date_to"":""2026-09-01"",""game_data"":[""pbp""],""leagues"":[""NBA""],""market_data"":[""candles""],""markets"":[""kalshi""],""seasons"":[""2025-2026""],""sports"":[""NBA""]}",TRADABLE_YES_BID,1_MINUTE_CANDLE,available_at,FIRST_TOUCH,"{""id"":""entry_mtw2zh6b_f4q8g"",""op"":""FIRST_TOUCH"",""ordinal"":""FIRST_TOUCH"",""period"":""Q2"",""price_e4"":6800,""source_vocabulary"":""TOUCH""}",REACH,"{""id"":""exit_mty0bwbw_mvfqe"",""op"":""REACH"",""outcome"":""win"",""price_e4"":9500}",REACH,"{""id"":""exit_mtug1t99_aq1lv"",""op"":""REACH"",""outcome"":""loss"",""price_e4"":4500}",HOLD_TO_SETTLEMENT,c5430eb845ac4cefb3c281ac543b383aad9652b9d0817d0605ab42bca6970657,1.0.0,2026-09-13T06:28:48Z,1.0.0,1.0.0,1.0.0,2026-09-13T06:28:48Z,READY,224,116,108,0.517857,0.482143,2700,2300,1.173913,289.285714,a1bee2f832bba4fbfbee499c6c89c2cf1a011d365a81efc1b5ef04b1ed6b0236,candle_path_not_fill,UNAVAILABLE,UNAVAILABLE,UNAVAILABLE,NOT_COMPUTABLE,UNAVAILABLE
observed,OBSERVED,base_decomposition,gross_ev,289.285714,e4,labs_row,superasi_bdebase_v1.0.0,grade_config_v1,2026-09-13T13:03:03Z,77f6004823dc43509371df35ae2da858,913 ITI-01,520b4e76a9cc28b0c6569db6ee1d2b69ec97dac331fccf5f85a35ae2b53f260a,06ebb9644a2a3cec47351c00887dac177c54978adde1aa4c271a07d233dd8b72,79c4ae48c45e15f21346022d19dde6aa9329703681a8cd3921524af45d8891c9,913 ITI-01,NBA,NBA,2025-2026,2025-03-18,2026-09-01,"{""date_from"":""2025-03-18"",""date_to"":""2026-09-01"",""game_data"":[""pbp""],""leagues"":[""NBA""],""market_data"":[""candles""],""markets"":[""kalshi""],""seasons"":[""2025-2026""],""sports"":[""NBA""]}",TRADABLE_YES_BID,1_MINUTE_CANDLE,available_at,FIRST_TOUCH,"{""id"":""entry_mtw2zh6b_f4q8g"",""op"":""FIRST_TOUCH"",""ordinal"":""FIRST_TOUCH"",""period"":""Q2"",""price_e4"":6800,""source_vocabulary"":""TOUCH""}",REACH,"{""id"":""exit_mty0bwbw_mvfqe"",""op"":""REACH"",""outcome"":""win"",""price_e4"":9500}",REACH,"{""id"":""exit_mtug1t99_aq1lv"",""op"":""REACH"",""outcome"":""loss"",""price_e4"":4500}",HOLD_TO_SETTLEMENT,c5430eb845ac4cefb3c281ac543b383aad9652b9d0817d0605ab42bca6970657,1.0.0,2026-09-13T06:28:48Z,1.0.0,1.0.0,1.0.0,2026-09-13T06:28:48Z,READY,224,116,108,0.517857,0.482143,2700,2300,1.173913,289.285714,a1bee2f832bba4fbfbee499c6c89c2cf1a011d365a81efc1b5ef04b1ed6b0236,candle_path_not_fill,UNAVAILABLE,UNAVAILABLE,UNAVAILABLE,NOT_COMPUTABLE,UNAVAILABLE
observed,OBSERVED,base_decomposition,average_win,2700.000000,e4,labs_row,superasi_bdebase_v1.0.0,grade_config_v1,2026-09-13T13:03:03Z,77f6004823dc43509371df35ae2da858,913 ITI-01,520b4e76a9cc28b0c6569db6ee1d2b69ec97dac331fccf5f85a35ae2b53f260a,06ebb9644a2a3cec47351c00887dac177c54978adde1aa4c271a07d233dd8b72,79c4ae48c45e15f21346022d19dde6aa9329703681a8cd3921524af45d8891c9,913 ITI-01,NBA,NBA,2025-2026,2025-03-18,2026-09-01,"{""date_from"":""2025-03-18"",""date_to"":""2026-09-01"",""game_data"":[""pbp""],""leagues"":[""NBA""],""market_data"":[""candles""],""markets"":[""kalshi""],""seasons"":[""2025-2026""],""sports"":[""NBA""]}",TRADABLE_YES_BID,1_MINUTE_CANDLE,available_at,FIRST_TOUCH,"{""id"":""entry_mtw2zh6b_f4q8g"",""op"":""FIRST_TOUCH"",""ordinal"":""FIRST_TOUCH"",""period"":""Q2"",""price_e4"":6800,""source_vocabulary"":""TOUCH""}",REACH,"{""id"":""exit_mty0bwbw_mvfqe"",""op"":""REACH"",""outcome"":""win"",""price_e4"":9500}",REACH,"{""id"":""exit_mtug1t99_aq1lv"",""op"":""REACH"",""outcome"":""loss"",""price_e4"":4500}",HOLD_TO_SETTLEMENT,c5430eb845ac4cefb3c281ac543b383aad9652b9d0817d0605ab42bca6970657,1.0.0,2026-09-13T06:28:48Z,1.0.0,1.0.0,1.0.0,2026-09-13T06:28:48Z,READY,224,116,108,0.517857,0.482143,2700,2300,1.173913,289.285714,a1bee2f832bba4fbfbee499c6c89c2cf1a011d365a81efc1b5ef04b1ed6b0236,candle_path_not_fill,UNAVAILABLE,UNAVAILABLE,UNAVAILABLE,NOT_COMPUTABLE,UNAVAILABLE
observed,OBSERVED,base_decomposition,average_loss,2300.000000,e4,labs_row,superasi_bdebase_v1.0.0,grade_config_v1,2026-09-13T13:03:03Z,77f6004823dc43509371df35ae2da858,913 ITI-01,520b4e76a9cc28b0c6569db6ee1d2b69ec97dac331fccf5f85a35ae2b53f260a,06ebb9644a2a3cec47351c00887dac177c54978adde1aa4c271a07d233dd8b72,79c4ae48c45e15f21346022d19dde6aa9329703681a8cd3921524af45d8891c9,913 ITI-01,NBA,NBA,2025-2026,2025-03-18,2026-09-01,"{""date_from"":""2025-03-18"",""date_to"":""2026-09-01"",""game_data"":[""pbp""],""leagues"":[""NBA""],""market_data"":[""candles""],""markets"":[""kalshi""],""seasons"":[""2025-2026""],""sports"":[""NBA""]}",TRADABLE_YES_BID,1_MINUTE_CANDLE,available_at,FIRST_TOUCH,"{""id"":""entry_mtw2zh6b_f4q8g"",""op"":""FIRST_TOUCH"",""ordinal"":""FIRST_TOUCH"",""period"":""Q2"",""price_e4"":6800,""source_vocabulary"":""TOUCH""}",REACH,"{""id"":""exit_mty0bwbw_mvfqe"",""op"":""REACH"",""outcome"":""win"",""price_e4"":9500}",REACH,"{""id"":""exit_mtug1t99_aq1lv"",""op"":""REACH"",""outcome"":""loss"",""price_e4"":4500}",HOLD_TO_SETTLEMENT,c5430eb845ac4cefb3c281ac543b383aad9652b9d0817d0605ab42bca6970657,1.0.0,2026-09-13T06:28:48Z,1.0.0,1.0.0,1.0.0,2026-09-13T06:28:48Z,READY,224,116,108,0.517857,0.482143,2700,2300,1.173913,289.285714,a1bee2f832bba4fbfbee499c6c89c2cf1a011d365a81efc1b5ef04b1ed6b0236,candle_path_not_fill,UNAVAILABLE,UNAVAILABLE,UNAVAILABLE,NOT_COMPUTABLE,UNAVAILABLE
observed,OBSERVED,base_decomposition,risk_reward,1.038379,ratio,labs_row,superasi_bdebase_v1.0.0,grade_config_v1,2026-09-13T13:03:03Z,77f6004823dc43509371df35ae2da858,913 ITI-01,520b4e76a9cc28b0c6569db6ee1d2b69ec97dac331fccf5f85a35ae2b53f260a,06ebb9644a2a3cec47351c00887dac177c54978adde1aa4c271a07d233dd8b72,79c4ae48c45e15f21346022d19dde6aa9329703681a8cd3921524af45d8891c9,913 ITI-01,NBA,NBA,2025-2026,2025-03-18,2026-09-01,"{""date_from"":""2025-03-18"",""date_to"":""2026-09-01"",""game_data"":[""pbp""],""leagues"":[""NBA""],""market_data"":[""candles""],""markets"":[""kalshi""],""seasons"":[""2025-2026""],""sports"":[""NBA""]}",TRADABLE_YES_BID,1_MINUTE_CANDLE,available_at,FIRST_TOUCH,"{""id"":""entry_mtw2zh6b_f4q8g"",""op"":""FIRST_TOUCH"",""ordinal"":""FIRST_TOUCH"",""period"":""Q2"",""price_e4"":6800,""source_vocabulary"":""TOUCH""}",REACH,"{""id"":""exit_mty0bwbw_mvfqe"",""op"":""REACH"",""outcome"":""win"",""price_e4"":9500}",REACH,"{""id"":""exit_mtug1t99_aq1lv"",""op"":""REACH"",""outcome"":""loss"",""price_e4"":4500}",HOLD_TO_SETTLEMENT,c5430eb845ac4cefb3c281ac543b383aad9652b9d0817d0605ab42bca6970657,1.0.0,2026-09-13T06:28:48Z,1.0.0,1.0.0,1.0.0,2026-09-13T06:28:48Z,READY,224,116,108,0.517857,0.482143,2700,2300,1.173913,289.285714,a1bee2f832bba4fbfbee499c6c89c2cf1a011d365a81efc1b5ef04b1ed6b0236,candle_path_not_fill,UNAVAILABLE,UNAVAILABLE,UNAVAILABLE,NOT_COMPUTABLE,UNAVAILABLE
observed,OBSERVED,base_decomposition,wilson_lower,0.452672,fraction,labs_row,superasi_bdebase_v1.0.0,grade_config_v1,2026-09-13T13:03:03Z,77f6004823dc43509371df35ae2da858,913 ITI-01,520b4e76a9cc28b0c6569db6ee1d2b69ec97dac331fccf5f85a35ae2b53f260a,06ebb9644a2a3cec47351c00887dac177c54978adde1aa4c271a07d233dd8b72,79c4ae48c45e15f21346022d19dde6aa9329703681a8cd3921524af45d8891c9,913 ITI-01,NBA,NBA,2025-2026,2025-03-18,2026-09-01,"{""date_from"":""2025-03-18"",""date_to"":""2026-09-01"",""game_data"":[""pbp""],""leagues"":[""NBA""],""market_data"":[""candles""],""markets"":[""kalshi""],""seasons"":[""2025-2026""],""sports"":[""NBA""]}",TRADABLE_YES_BID,1_MINUTE_CANDLE,available_at,FIRST_TOUCH,"{""id"":""entry_mtw2zh6b_f4q8g"",""op"":""FIRST_TOUCH"",""ordinal"":""FIRST_TOUCH"",""period"":""Q2"",""price_e4"":6800,""source_vocabulary"":""TOUCH""}",REACH,"{""id"":""exit_mty0bwbw_mvfqe"",""op"":""REACH"",""outcome"":""win"",""price_e4"":9500}",REACH,"{""id"":""exit_mtug1t99_aq1lv"",""op"":""REACH"",""outcome"":""loss"",""price_e4"":4500}",HOLD_TO_SETTLEMENT,c5430eb845ac4cefb3c281ac543b383aad9652b9d0817d0605ab42bca6970657,1.0.0,2026-09-13T06:28:48Z,1.0.0,1.0.0,1.0.0,2026-09-13T06:28:48Z,READY,224,116,108,0.517857,0.482143,2700,2300,1.173913,289.285714,a1bee2f832bba4fbfbee499c6c89c2cf1a011d365a81efc1b5ef04b1ed6b0236,candle_path_not_fill,UNAVAILABLE,UNAVAILABLE,UNAVAILABLE,NOT_COMPUTABLE,UNAVAILABLE
observed,OBSERVED,base_decomposition,wilson_upper,0.582440,fraction,labs_row,superasi_bdebase_v1.0.0,grade_config_v1,2026-09-13T13:03:03Z,77f6004823dc43509371df35ae2da858,913 ITI-01,520b4e76a9cc28b0c6569db6ee1d2b69ec97dac331fccf5f85a35ae2b53f260a,06ebb9644a2a3cec47351c00887dac177c54978adde1aa4c271a07d233dd8b72,79c4ae48c45e15f21346022d19dde6aa9329703681a8cd3921524af45d8891c9,913 ITI-01,NBA,NBA,2025-2026,2025-03-18,2026-09-01,"{""date_from"":""2025-03-18"",""date_to"":""2026-09-01"",""game_data"":[""pbp""],""leagues"":[""NBA""],""market_data"":[""candles""],""markets"":[""kalshi""],""seasons"":[""2025-2026""],""sports"":[""NBA""]}",TRADABLE_YES_BID,1_MINUTE_CANDLE,available_at,FIRST_TOUCH,"{""id"":""entry_mtw2zh6b_f4q8g"",""op"":""FIRST_TOUCH"",""ordinal"":""FIRST_TOUCH"",""period"":""Q2"",""price_e4"":6800,""source_vocabulary"":""TOUCH""}",REACH,"{""id"":""exit_mty0bwbw_mvfqe"",""op"":""REACH"",""outcome"":""win"",""price_e4"":9500}",REACH,"{""id"":""exit_mtug1t99_aq1lv"",""op"":""REACH"",""outcome"":""loss"",""price_e4"":4500}",HOLD_TO_SETTLEMENT,c5430eb845ac4cefb3c281ac543b383aad9652b9d0817d0605ab42bca6970657,1.0.0,2026-09-13T06:28:48Z,1.0.0,1.0.0,1.0.0,2026-09-13T06:28:48Z,READY,224,116,108,0.517857,0.482143,2700,2300,1.173913,289.285714,a1bee2f832bba4fbfbee499c6c89c2cf1a011d365a81efc1b5ef04b1ed6b0236,candle_path_not_fill,UNAVAILABLE,UNAVAILABLE,UNAVAILABLE,NOT_COMPUTABLE,UNAVAILABLE
observed,OBSERVED,base_decomposition,wilson_width,0.129768,fraction,labs_row,superasi_bdebase_v1.0.0,grade_config_v1,2026-09-13T13:03:03Z,77f6004823dc43509371df35ae2da858,913 ITI-01,520b4e76a9cc28b0c6569db6ee1d2b69ec97dac331fccf5f85a35ae2b53f260a,06ebb9644a2a3cec47351c00887dac177c54978adde1aa4c271a07d233dd8b72,79c4ae48c45e15f21346022d19dde6aa9329703681a8cd3921524af45d8891c9,913 ITI-01,NBA,NBA,2025-2026,2025-03-18,2026-09-01,"{""date_from"":""2025-03-18"",""date_to"":""2026-09-01"",""game_data"":[""pbp""],""leagues"":[""NBA""],""market_data"":[""candles""],""markets"":[""kalshi""],""seasons"":[""2025-2026""],""sports"":[""NBA""]}",TRADABLE_YES_BID,1_MINUTE_CANDLE,available_at,FIRST_TOUCH,"{""id"":""entry_mtw2zh6b_f4q8g"",""op"":""FIRST_TOUCH"",""ordinal"":""FIRST_TOUCH"",""period"":""Q2"",""price_e4"":6800,""source_vocabulary"":""TOUCH""}",REACH,"{""id"":""exit_mty0bwbw_mvfqe"",""op"":""REACH"",""outcome"":""win"",""price_e4"":9500}",REACH,"{""id"":""exit_mtug1t99_aq1lv"",""op"":""REACH"",""outcome"":""loss"",""price_e4"":4500}",HOLD_TO_SETTLEMENT,c5430eb845ac4cefb3c281ac543b383aad9652b9d0817d0605ab42bca6970657,1.0.0,2026-09-13T06:28:48Z,1.0.0,1.0.0,1.0.0,2026-09-13T06:28:48Z,READY,224,116,108,0.517857,0.482143,2700,2300,1.173913,289.285714,a1bee2f832bba4fbfbee499c6c89c2cf1a011d365a81efc1b5ef04b1ed6b0236,candle_path_not_fill,UNAVAILABLE,UNAVAILABLE,UNAVAILABLE,NOT_COMPUTABLE,UNAVAILABLE
observed,OBSERVED,base_decomposition,p_working,0.452672,fraction,labs_row,superasi_bdebase_v1.0.0,grade_config_v1,2026-09-13T13:03:03Z,77f6004823dc43509371df35ae2da858,913 ITI-01,520b4e76a9cc28b0c6569db6ee1d2b69ec97dac331fccf5f85a35ae2b53f260a,06ebb9644a2a3cec47351c00887dac177c54978adde1aa4c271a07d233dd8b72,79c4ae48c45e15f21346022d19dde6aa9329703681a8cd3921524af45d8891c9,913 ITI-01,NBA,NBA,2025-2026,2025-03-18,2026-09-01,"{""date_from"":""2025-03-18"",""date_to"":""2026-09-01"",""game_data"":[""pbp""],""leagues"":[""NBA""],""market_data"":[""candles""],""markets"":[""kalshi""],""seasons"":[""2025-2026""],""sports"":[""NBA""]}",TRADABLE_YES_BID,1_MINUTE_CANDLE,available_at,FIRST_TOUCH,"{""id"":""entry_mtw2zh6b_f4q8g"",""op"":""FIRST_TOUCH"",""ordinal"":""FIRST_TOUCH"",""period"":""Q2"",""price_e4"":6800,""source_vocabulary"":""TOUCH""}",REACH,"{""id"":""exit_mty0bwbw_mvfqe"",""op"":""REACH"",""outcome"":""win"",""price_e4"":9500}",REACH,"{""id"":""exit_mtug1t99_aq1lv"",""op"":""REACH"",""outcome"":""loss"",""price_e4"":4500}",HOLD_TO_SETTLEMENT,c5430eb845ac4cefb3c281ac543b383aad9652b9d0817d0605ab42bca6970657,1.0.0,2026-09-13T06:28:48Z,1.0.0,1.0.0,1.0.0,2026-09-13T06:28:48Z,READY,224,116,108,0.517857,0.482143,2700,2300,1.173913,289.285714,a1bee2f832bba4fbfbee499c6c89c2cf1a011d365a81efc1b5ef04b1ed6b0236,candle_path_not_fill,UNAVAILABLE,UNAVAILABLE,UNAVAILABLE,NOT_COMPUTABLE,UNAVAILABLE
observed,OBSERVED,base_decomposition,ev_debase,-36.639325,e4,labs_row,superasi_bdebase_v1.0.0,grade_config_v1,2026-09-13T13:03:03Z,77f6004823dc43509371df35ae2da858,913 ITI-01,520b4e76a9cc28b0c6569db6ee1d2b69ec97dac331fccf5f85a35ae2b53f260a,06ebb9644a2a3cec47351c00887dac177c54978adde1aa4c271a07d233dd8b72,79c4ae48c45e15f21346022d19dde6aa9329703681a8cd3921524af45d8891c9,913 ITI-01,NBA,NBA,2025-2026,2025-03-18,2026-09-01,"{""date_from"":""2025-03-18"",""date_to"":""2026-09-01"",""game_data"":[""pbp""],""leagues"":[""NBA""],""market_data"":[""candles""],""markets"":[""kalshi""],""seasons"":[""2025-2026""],""sports"":[""NBA""]}",TRADABLE_YES_BID,1_MINUTE_CANDLE,available_at,FIRST_TOUCH,"{""id"":""entry_mtw2zh6b_f4q8g"",""op"":""FIRST_TOUCH"",""ordinal"":""FIRST_TOUCH"",""period"":""Q2"",""price_e4"":6800,""source_vocabulary"":""TOUCH""}",REACH,"{""id"":""exit_mty0bwbw_mvfqe"",""op"":""REACH"",""outcome"":""win"",""price_e4"":9500}",REACH,"{""id"":""exit_mtug1t99_aq1lv"",""op"":""REACH"",""outcome"":""loss"",""price_e4"":4500}",HOLD_TO_SETTLEMENT,c5430eb845ac4cefb3c281ac543b383aad9652b9d0817d0605ab42bca6970657,1.0.0,2026-09-13T06:28:48Z,1.0.0,1.0.0,1.0.0,2026-09-13T06:28:48Z,READY,224,116,108,0.517857,0.482143,2700,2300,1.173913,289.285714,a1bee2f832bba4fbfbee499c6c89c2cf1a011d365a81efc1b5ef04b1ed6b0236,candle_path_not_fill,UNAVAILABLE,UNAVAILABLE,UNAVAILABLE,NOT_COMPUTABLE,UNAVAILABLE
observed,OBSERVED,base_decomposition,ev_recomputed,289.285714,e4,labs_row,superasi_bdebase_v1.0.0,grade_config_v1,2026-09-13T13:03:03Z,77f6004823dc43509371df35ae2da858,913 ITI-01,520b4e76a9cc28b0c6569db6ee1d2b69ec97dac331fccf5f85a35ae2b53f260a,06ebb9644a2a3cec47351c00887dac177c54978adde1aa4c271a07d233dd8b72,79c4ae48c45e15f21346022d19dde6aa9329703681a8cd3921524af45d8891c9,913 ITI-01,NBA,NBA,2025-2026,2025-03-18,2026-09-01,"{""date_from"":""2025-03-18"",""date_to"":""2026-09-01"",""game_data"":[""pbp""],""leagues"":[""NBA""],""market_data"":[""candles""],""markets"":[""kalshi""],""seasons"":[""2025-2026""],""sports"":[""NBA""]}",TRADABLE_YES_BID,1_MINUTE_CANDLE,available_at,FIRST_TOUCH,"{""id"":""entry_mtw2zh6b_f4q8g"",""op"":""FIRST_TOUCH"",""ordinal"":""FIRST_TOUCH"",""period"":""Q2"",""price_e4"":6800,""source_vocabulary"":""TOUCH""}",REACH,"{""id"":""exit_mty0bwbw_mvfqe"",""op"":""REACH"",""outcome"":""win"",""price_e4"":9500}",REACH,"{""id"":""exit_mtug1t99_aq1lv"",""op"":""REACH"",""outcome"":""loss"",""price_e4"":4500}",HOLD_TO_SETTLEMENT,c5430eb845ac4cefb3c281ac543b383aad9652b9d0817d0605ab42bca6970657,1.0.0,2026-09-13T06:28:48Z,1.0.0,1.0.0,1.0.0,2026-09-13T06:28:48Z,READY,224,116,108,0.517857,0.482143,2700,2300,1.173913,289.285714,a1bee2f832bba4fbfbee499c6c89c2cf1a011d365a81efc1b5ef04b1ed6b0236,candle_path_not_fill,UNAVAILABLE,UNAVAILABLE,UNAVAILABLE,NOT_COMPUTABLE,UNAVAILABLE
observed,OBSERVED,base_decomposition,p_be_roller,0.460000,fraction,labs_row,superasi_bdebase_v1.0.0,grade_config_v1,2026-09-13T13:03:03Z,77f6004823dc43509371df35ae2da858,913 ITI-01,520b4e76a9cc28b0c6569db6ee1d2b69ec97dac331fccf5f85a35ae2b53f260a,06ebb9644a2a3cec47351c00887dac177c54978adde1aa4c271a07d233dd8b72,79c4ae48c45e15f21346022d19dde6aa9329703681a8cd3921524af45d8891c9,913 ITI-01,NBA,NBA,2025-2026,2025-03-18,2026-09-01,"{""date_from"":""2025-03-18"",""date_to"":""2026-09-01"",""game_data"":[""pbp""],""leagues"":[""NBA""],""market_data"":[""candles""],""markets"":[""kalshi""],""seasons"":[""2025-2026""],""sports"":[""NBA""]}",TRADABLE_YES_BID,1_MINUTE_CANDLE,available_at,FIRST_TOUCH,"{""id"":""entry_mtw2zh6b_f4q8g"",""op"":""FIRST_TOUCH"",""ordinal"":""FIRST_TOUCH"",""period"":""Q2"",""price_e4"":6800,""source_vocabulary"":""TOUCH""}",REACH,"{""id"":""exit_mty0bwbw_mvfqe"",""op"":""REACH"",""outcome"":""win"",""price_e4"":9500}",REACH,"{""id"":""exit_mtug1t99_aq1lv"",""op"":""REACH"",""outcome"":""loss"",""price_e4"":4500}",HOLD_TO_SETTLEMENT,c5430eb845ac4cefb3c281ac543b383aad9652b9d0817d0605ab42bca6970657,1.0.0,2026-09-13T06:28:48Z,1.0.0,1.0.0,1.0.0,2026-09-13T06:28:48Z,READY,224,116,108,0.517857,0.482143,2700,2300,1.173913,289.285714,a1bee2f832bba4fbfbee499c6c89c2cf1a011d365a81efc1b5ef04b1ed6b0236,candle_path_not_fill,UNAVAILABLE,UNAVAILABLE,UNAVAILABLE,NOT_COMPUTABLE,UNAVAILABLE
observed,OBSERVED,base_decomposition,p_worst,0.517857,fraction,labs_row,superasi_bdebase_v1.0.0,grade_config_v1,2026-09-13T13:03:03Z,77f6004823dc43509371df35ae2da858,913 ITI-01,520b4e76a9cc28b0c6569db6ee1d2b69ec97dac331fccf5f85a35ae2b53f260a,06ebb9644a2a3cec47351c00887dac177c54978adde1aa4c271a07d233dd8b72,79c4ae48c45e15f21346022d19dde6aa9329703681a8cd3921524af45d8891c9,913 ITI-01,NBA,NBA,2025-2026,2025-03-18,2026-09-01,"{""date_from"":""2025-03-18"",""date_to"":""2026-09-01"",""game_data"":[""pbp""],""leagues"":[""NBA""],""market_data"":[""candles""],""markets"":[""kalshi""],""seasons"":[""2025-2026""],""sports"":[""NBA""]}",TRADABLE_YES_BID,1_MINUTE_CANDLE,available_at,FIRST_TOUCH,"{""id"":""entry_mtw2zh6b_f4q8g"",""op"":""FIRST_TOUCH"",""ordinal"":""FIRST_TOUCH"",""period"":""Q2"",""price_e4"":6800,""source_vocabulary"":""TOUCH""}",REACH,"{""id"":""exit_mty0bwbw_mvfqe"",""op"":""REACH"",""outcome"":""win"",""price_e4"":9500}",REACH,"{""id"":""exit_mtug1t99_aq1lv"",""op"":""REACH"",""outcome"":""loss"",""price_e4"":4500}",HOLD_TO_SETTLEMENT,c5430eb845ac4cefb3c281ac543b383aad9652b9d0817d0605ab42bca6970657,1.0.0,2026-09-13T06:28:48Z,1.0.0,1.0.0,1.0.0,2026-09-13T06:28:48Z,READY,224,116,108,0.517857,0.482143,2700,2300,1.173913,289.285714,a1bee2f832bba4fbfbee499c6c89c2cf1a011d365a81efc1b5ef04b1ed6b0236,candle_path_not_fill,UNAVAILABLE,UNAVAILABLE,UNAVAILABLE,NOT_COMPUTABLE,UNAVAILABLE
observed,OBSERVED,base_decomposition,decided_rate,1.000000,fraction,labs_row,superasi_bdebase_v1.0.0,grade_config_v1,2026-09-13T13:03:03Z,77f6004823dc43509371df35ae2da858,913 ITI-01,520b4e76a9cc28b0c6569db6ee1d2b69ec97dac331fccf5f85a35ae2b53f260a,06ebb9644a2a3cec47351c00887dac177c54978adde1aa4c271a07d233dd8b72,79c4ae48c45e15f21346022d19dde6aa9329703681a8cd3921524af45d8891c9,913 ITI-01,NBA,NBA,2025-2026,2025-03-18,2026-09-01,"{""date_from"":""2025-03-18"",""date_to"":""2026-09-01"",""game_data"":[""pbp""],""leagues"":[""NBA""],""market_data"":[""candles""],""markets"":[""kalshi""],""seasons"":[""2025-2026""],""sports"":[""NBA""]}",TRADABLE_YES_BID,1_MINUTE_CANDLE,available_at,FIRST_TOUCH,"{""id"":""entry_mtw2zh6b_f4q8g"",""op"":""FIRST_TOUCH"",""ordinal"":""FIRST_TOUCH"",""period"":""Q2"",""price_e4"":6800,""source_vocabulary"":""TOUCH""}",REACH,"{""id"":""exit_mty0bwbw_mvfqe"",""op"":""REACH"",""outcome"":""win"",""price_e4"":9500}",REACH,"{""id"":""exit_mtug1t99_aq1lv"",""op"":""REACH"",""outcome"":""loss"",""price_e4"":4500}",HOLD_TO_SETTLEMENT,c5430eb845ac4cefb3c281ac543b383aad9652b9d0817d0605ab42bca6970657,1.0.0,2026-09-13T06:28:48Z,1.0.0,1.0.0,1.0.0,2026-09-13T06:28:48Z,READY,224,116,108,0.517857,0.482143,2700,2300,1.173913,289.285714,a1bee2f832bba4fbfbee499c6c89c2cf1a011d365a81efc1b5ef04b1ed6b0236,candle_path_not_fill,UNAVAILABLE,UNAVAILABLE,UNAVAILABLE,NOT_COMPUTABLE,UNAVAILABLE
observed,OBSERVED,base_decomposition,bad_settle_rate,0.000000,fraction,labs_row,superasi_bdebase_v1.0.0,grade_config_v1,2026-09-13T13:03:03Z,77f6004823dc43509371df35ae2da858,913 ITI-01,520b4e76a9cc28b0c6569db6ee1d2b69ec97dac331fccf5f85a35ae2b53f260a,06ebb9644a2a3cec47351c00887dac177c54978adde1aa4c271a07d233dd8b72,79c4ae48c45e15f21346022d19dde6aa9329703681a8cd3921524af45d8891c9,913 ITI-01,NBA,NBA,2025-2026,2025-03-18,2026-09-01,"{""date_from"":""2025-03-18"",""date_to"":""2026-09-01"",""game_data"":[""pbp""],""leagues"":[""NBA""],""market_data"":[""candles""],""markets"":[""kalshi""],""seasons"":[""2025-2026""],""sports"":[""NBA""]}",TRADABLE_YES_BID,1_MINUTE_CANDLE,available_at,FIRST_TOUCH,"{""id"":""entry_mtw2zh6b_f4q8g"",""op"":""FIRST_TOUCH"",""ordinal"":""FIRST_TOUCH"",""period"":""Q2"",""price_e4"":6800,""source_vocabulary"":""TOUCH""}",REACH,"{""id"":""exit_mty0bwbw_mvfqe"",""op"":""REACH"",""outcome"":""win"",""price_e4"":9500}",REACH,"{""id"":""exit_mtug1t99_aq1lv"",""op"":""REACH"",""outcome"":""loss"",""price_e4"":4500}",HOLD_TO_SETTLEMENT,c5430eb845ac4cefb3c281ac543b383aad9652b9d0817d0605ab42bca6970657,1.0.0,2026-09-13T06:28:48Z,1.0.0,1.0.0,1.0.0,2026-09-13T06:28:48Z,READY,224,116,108,0.517857,0.482143,2700,2300,1.173913,289.285714,a1bee2f832bba4fbfbee499c6c89c2cf1a011d365a81efc1b5ef04b1ed6b0236,candle_path_not_fill,UNAVAILABLE,UNAVAILABLE,UNAVAILABLE,NOT_COMPUTABLE,UNAVAILABLE
observed,OBSERVED,base_decomposition,risk_reward_plan,1.173913,ratio,labs_row,superasi_bdebase_v1.0.0,grade_config_v1,2026-09-13T13:03:03Z,77f6004823dc43509371df35ae2da858,913 ITI-01,520b4e76a9cc28b0c6569db6ee1d2b69ec97dac331fccf5f85a35ae2b53f260a,06ebb9644a2a3cec47351c00887dac177c54978adde1aa4c271a07d233dd8b72,79c4ae48c45e15f21346022d19dde6aa9329703681a8cd3921524af45d8891c9,913 ITI-01,NBA,NBA,2025-2026,2025-03-18,2026-09-01,"{""date_from"":""2025-03-18"",""date_to"":""2026-09-01"",""game_data"":[""pbp""],""leagues"":[""NBA""],""market_data"":[""candles""],""markets"":[""kalshi""],""seasons"":[""2025-2026""],""sports"":[""NBA""]}",TRADABLE_YES_BID,1_MINUTE_CANDLE,available_at,FIRST_TOUCH,"{""id"":""entry_mtw2zh6b_f4q8g"",""op"":""FIRST_TOUCH"",""ordinal"":""FIRST_TOUCH"",""period"":""Q2"",""price_e4"":6800,""source_vocabulary"":""TOUCH""}",REACH,"{""id"":""exit_mty0bwbw_mvfqe"",""op"":""REACH"",""outcome"":""win"",""price_e4"":9500}",REACH,"{""id"":""exit_mtug1t99_aq1lv"",""op"":""REACH"",""outcome"":""loss"",""price_e4"":4500}",HOLD_TO_SETTLEMENT,c5430eb845ac4cefb3c281ac543b383aad9652b9d0817d0605ab42bca6970657,1.0.0,2026-09-13T06:28:48Z,1.0.0,1.0.0,1.0.0,2026-09-13T06:28:48Z,READY,224,116,108,0.517857,0.482143,2700,2300,1.173913,289.285714,a1bee2f832bba4fbfbee499c6c89c2cf1a011d365a81efc1b5ef04b1ed6b0236,candle_path_not_fill,UNAVAILABLE,UNAVAILABLE,UNAVAILABLE,NOT_COMPUTABLE,UNAVAILABLE
observed,OBSERVED,base_decomposition,risk_reward_trade_mean,1.038379,ratio,labs_row,superasi_bdebase_v1.0.0,grade_config_v1,2026-09-13T13:03:03Z,77f6004823dc43509371df35ae2da858,913 ITI-01,520b4e76a9cc28b0c6569db6ee1d2b69ec97dac331fccf5f85a35ae2b53f260a,06ebb9644a2a3cec47351c00887dac177c54978adde1aa4c271a07d233dd8b72,79c4ae48c45e15f21346022d19dde6aa9329703681a8cd3921524af45d8891c9,913 ITI-01,NBA,NBA,2025-2026,2025-03-18,2026-09-01,"{""date_from"":""2025-03-18"",""date_to"":""2026-09-01"",""game_data"":[""pbp""],""leagues"":[""NBA""],""market_data"":[""candles""],""markets"":[""kalshi""],""seasons"":[""2025-2026""],""sports"":[""NBA""]}",TRADABLE_YES_BID,1_MINUTE_CANDLE,available_at,FIRST_TOUCH,"{""id"":""entry_mtw2zh6b_f4q8g"",""op"":""FIRST_TOUCH"",""ordinal"":""FIRST_TOUCH"",""period"":""Q2"",""price_e4"":6800,""source_vocabulary"":""TOUCH""}",REACH,"{""id"":""exit_mty0bwbw_mvfqe"",""op"":""REACH"",""outcome"":""win"",""price_e4"":9500}",REACH,"{""id"":""exit_mtug1t99_aq1lv"",""op"":""REACH"",""outcome"":""loss"",""price_e4"":4500}",HOLD_TO_SETTLEMENT,c5430eb845ac4cefb3c281ac543b383aad9652b9d0817d0605ab42bca6970657,1.0.0,2026-09-13T06:28:48Z,1.0.0,1.0.0,1.0.0,2026-09-13T06:28:48Z,READY,224,116,108,0.517857,0.482143,2700,2300,1.173913,289.285714,a1bee2f832bba4fbfbee499c6c89c2cf1a011d365a81efc1b5ef04b1ed6b0236,candle_path_not_fill,UNAVAILABLE,UNAVAILABLE,UNAVAILABLE,NOT_COMPUTABLE,UNAVAILABLE
observed,OBSERVED,base_decomposition,risk_reward_display,1.04:1,,labs_row,superasi_bdebase_v1.0.0,grade_config_v1,2026-09-13T13:03:03Z,77f6004823dc43509371df35ae2da858,913 ITI-01,520b4e76a9cc28b0c6569db6ee1d2b69ec97dac331fccf5f85a35ae2b53f260a,06ebb9644a2a3cec47351c00887dac177c54978adde1aa4c271a07d233dd8b72,79c4ae48c45e15f21346022d19dde6aa9329703681a8cd3921524af45d8891c9,913 ITI-01,NBA,NBA,2025-2026,2025-03-18,2026-09-01,"{""date_from"":""2025-03-18"",""date_to"":""2026-09-01"",""game_data"":[""pbp""],""leagues"":[""NBA""],""market_data"":[""candles""],""markets"":[""kalshi""],""seasons"":[""2025-2026""],""sports"":[""NBA""]}",TRADABLE_YES_BID,1_MINUTE_CANDLE,available_at,FIRST_TOUCH,"{""id"":""entry_mtw2zh6b_f4q8g"",""op"":""FIRST_TOUCH"",""ordinal"":""FIRST_TOUCH"",""period"":""Q2"",""price_e4"":6800,""source_vocabulary"":""TOUCH""}",REACH,"{""id"":""exit_mty0bwbw_mvfqe"",""op"":""REACH"",""outcome"":""win"",""price_e4"":9500}",REACH,"{""id"":""exit_mtug1t99_aq1lv"",""op"":""REACH"",""outcome"":""loss"",""price_e4"":4500}",HOLD_TO_SETTLEMENT,c5430eb845ac4cefb3c281ac543b383aad9652b9d0817d0605ab42bca6970657,1.0.0,2026-09-13T06:28:48Z,1.0.0,1.0.0,1.0.0,2026-09-13T06:28:48Z,READY,224,116,108,0.517857,0.482143,2700,2300,1.173913,289.285714,a1bee2f832bba4fbfbee499c6c89c2cf1a011d365a81efc1b5ef04b1ed6b0236,candle_path_not_fill,UNAVAILABLE,UNAVAILABLE,UNAVAILABLE,NOT_COMPUTABLE,UNAVAILABLE
observed,OBSERVED,base_decomposition,risk_reward_basis,trade_mean,,labs_row,superasi_bdebase_v1.0.0,grade_config_v1,2026-09-13T13:03:03Z,77f6004823dc43509371df35ae2da858,913 ITI-01,520b4e76a9cc28b0c6569db6ee1d2b69ec97dac331fccf5f85a35ae2b53f260a,06ebb9644a2a3cec47351c00887dac177c54978adde1aa4c271a07d233dd8b72,79c4ae48c45e15f21346022d19dde6aa9329703681a8cd3921524af45d8891c9,913 ITI-01,NBA,NBA,2025-2026,2025-03-18,2026-09-01,"{""date_from"":""2025-03-18"",""date_to"":""2026-09-01"",""game_data"":[""pbp""],""leagues"":[""NBA""],""market_data"":[""candles""],""markets"":[""kalshi""],""seasons"":[""2025-2026""],""sports"":[""NBA""]}",TRADABLE_YES_BID,1_MINUTE_CANDLE,available_at,FIRST_TOUCH,"{""id"":""entry_mtw2zh6b_f4q8g"",""op"":""FIRST_TOUCH"",""ordinal"":""FIRST_TOUCH"",""period"":""Q2"",""price_e4"":6800,""source_vocabulary"":""TOUCH""}",REACH,"{""id"":""exit_mty0bwbw_mvfqe"",""op"":""REACH"",""outcome"":""win"",""price_e4"":9500}",REACH,"{""id"":""exit_mtug1t99_aq1lv"",""op"":""REACH"",""outcome"":""loss"",""price_e4"":4500}",HOLD_TO_SETTLEMENT,c5430eb845ac4cefb3c281ac543b383aad9652b9d0817d0605ab42bca6970657,1.0.0,2026-09-13T06:28:48Z,1.0.0,1.0.0,1.0.0,2026-09-13T06:28:48Z,READY,224,116,108,0.517857,0.482143,2700,2300,1.173913,289.285714,a1bee2f832bba4fbfbee499c6c89c2cf1a011d365a81efc1b5ef04b1ed6b0236,candle_path_not_fill,UNAVAILABLE,UNAVAILABLE,UNAVAILABLE,NOT_COMPUTABLE,UNAVAILABLE
observed,OBSERVED,base_decomposition,risk_reward_methods_disagree,true,,labs_row,superasi_bdebase_v1.0.0,grade_config_v1,2026-09-13T13:03:03Z,77f6004823dc43509371df35ae2da858,913 ITI-01,520b4e76a9cc28b0c6569db6ee1d2b69ec97dac331fccf5f85a35ae2b53f260a,06ebb9644a2a3cec47351c00887dac177c54978adde1aa4c271a07d233dd8b72,79c4ae48c45e15f21346022d19dde6aa9329703681a8cd3921524af45d8891c9,913 ITI-01,NBA,NBA,2025-2026,2025-03-18,2026-09-01,"{""date_from"":""2025-03-18"",""date_to"":""2026-09-01"",""game_data"":[""pbp""],""leagues"":[""NBA""],""market_data"":[""candles""],""markets"":[""kalshi""],""seasons"":[""2025-2026""],""sports"":[""NBA""]}",TRADABLE_YES_BID,1_MINUTE_CANDLE,available_at,FIRST_TOUCH,"{""id"":""entry_mtw2zh6b_f4q8g"",""op"":""FIRST_TOUCH"",""ordinal"":""FIRST_TOUCH"",""period"":""Q2"",""price_e4"":6800,""source_vocabulary"":""TOUCH""}",REACH,"{""id"":""exit_mty0bwbw_mvfqe"",""op"":""REACH"",""outcome"":""win"",""price_e4"":9500}",REACH,"{""id"":""exit_mtug1t99_aq1lv"",""op"":""REACH"",""outcome"":""loss"",""price_e4"":4500}",HOLD_TO_SETTLEMENT,c5430eb845ac4cefb3c281ac543b383aad9652b9d0817d0605ab42bca6970657,1.0.0,2026-09-13T06:28:48Z,1.0.0,1.0.0,1.0.0,2026-09-13T06:28:48Z,READY,224,116,108,0.517857,0.482143,2700,2300,1.173913,289.285714,a1bee2f832bba4fbfbee499c6c89c2cf1a011d365a81efc1b5ef04b1ed6b0236,candle_path_not_fill,UNAVAILABLE,UNAVAILABLE,UNAVAILABLE,NOT_COMPUTABLE,UNAVAILABLE
decomposition,THEORETICAL,base_decomposition,entry,6800.000000,e4,roller_payoff,superasi_bdebase_v1.0.0,grade_config_v1,2026-09-13T13:03:03Z,77f6004823dc43509371df35ae2da858,913 ITI-01,520b4e76a9cc28b0c6569db6ee1d2b69ec97dac331fccf5f85a35ae2b53f260a,06ebb9644a2a3cec47351c00887dac177c54978adde1aa4c271a07d233dd8b72,79c4ae48c45e15f21346022d19dde6aa9329703681a8cd3921524af45d8891c9,913 ITI-01,NBA,NBA,2025-2026,2025-03-18,2026-09-01,"{""date_from"":""2025-03-18"",""date_to"":""2026-09-01"",""game_data"":[""pbp""],""leagues"":[""NBA""],""market_data"":[""candles""],""markets"":[""kalshi""],""seasons"":[""2025-2026""],""sports"":[""NBA""]}",TRADABLE_YES_BID,1_MINUTE_CANDLE,available_at,FIRST_TOUCH,"{""id"":""entry_mtw2zh6b_f4q8g"",""op"":""FIRST_TOUCH"",""ordinal"":""FIRST_TOUCH"",""period"":""Q2"",""price_e4"":6800,""source_vocabulary"":""TOUCH""}",REACH,"{""id"":""exit_mty0bwbw_mvfqe"",""op"":""REACH"",""outcome"":""win"",""price_e4"":9500}",REACH,"{""id"":""exit_mtug1t99_aq1lv"",""op"":""REACH"",""outcome"":""loss"",""price_e4"":4500}",HOLD_TO_SETTLEMENT,c5430eb845ac4cefb3c281ac543b383aad9652b9d0817d0605ab42bca6970657,1.0.0,2026-09-13T06:28:48Z,1.0.0,1.0.0,1.0.0,2026-09-13T06:28:48Z,READY,224,116,108,0.517857,0.482143,2700,2300,1.173913,289.285714,a1bee2f832bba4fbfbee499c6c89c2cf1a011d365a81efc1b5ef04b1ed6b0236,candle_path_not_fill,UNAVAILABLE,UNAVAILABLE,UNAVAILABLE,NOT_COMPUTABLE,UNAVAILABLE
decomposition,THEORETICAL,base_decomposition,win_return_on_capital,0.397059,fraction,roller_payoff,superasi_bdebase_v1.0.0,grade_config_v1,2026-09-13T13:03:03Z,77f6004823dc43509371df35ae2da858,913 ITI-01,520b4e76a9cc28b0c6569db6ee1d2b69ec97dac331fccf5f85a35ae2b53f260a,06ebb9644a2a3cec47351c00887dac177c54978adde1aa4c271a07d233dd8b72,79c4ae48c45e15f21346022d19dde6aa9329703681a8cd3921524af45d8891c9,913 ITI-01,NBA,NBA,2025-2026,2025-03-18,2026-09-01,"{""date_from"":""2025-03-18"",""date_to"":""2026-09-01"",""game_data"":[""pbp""],""leagues"":[""NBA""],""market_data"":[""candles""],""markets"":[""kalshi""],""seasons"":[""2025-2026""],""sports"":[""NBA""]}",TRADABLE_YES_BID,1_MINUTE_CANDLE,available_at,FIRST_TOUCH,"{""id"":""entry_mtw2zh6b_f4q8g"",""op"":""FIRST_TOUCH"",""ordinal"":""FIRST_TOUCH"",""period"":""Q2"",""price_e4"":6800,""source_vocabulary"":""TOUCH""}",REACH,"{""id"":""exit_mty0bwbw_mvfqe"",""op"":""REACH"",""outcome"":""win"",""price_e4"":9500}",REACH,"{""id"":""exit_mtug1t99_aq1lv"",""op"":""REACH"",""outcome"":""loss"",""price_e4"":4500}",HOLD_TO_SETTLEMENT,c5430eb845ac4cefb3c281ac543b383aad9652b9d0817d0605ab42bca6970657,1.0.0,2026-09-13T06:28:48Z,1.0.0,1.0.0,1.0.0,2026-09-13T06:28:48Z,READY,224,116,108,0.517857,0.482143,2700,2300,1.173913,289.285714,a1bee2f832bba4fbfbee499c6c89c2cf1a011d365a81efc1b5ef04b1ed6b0236,candle_path_not_fill,UNAVAILABLE,UNAVAILABLE,UNAVAILABLE,NOT_COMPUTABLE,UNAVAILABLE
decomposition,THEORETICAL,base_decomposition,loss_return_on_capital,-0.338235,fraction,roller_payoff,superasi_bdebase_v1.0.0,grade_config_v1,2026-09-13T13:03:03Z,77f6004823dc43509371df35ae2da858,913 ITI-01,520b4e76a9cc28b0c6569db6ee1d2b69ec97dac331fccf5f85a35ae2b53f260a,06ebb9644a2a3cec47351c00887dac177c54978adde1aa4c271a07d233dd8b72,79c4ae48c45e15f21346022d19dde6aa9329703681a8cd3921524af45d8891c9,913 ITI-01,NBA,NBA,2025-2026,2025-03-18,2026-09-01,"{""date_from"":""2025-03-18"",""date_to"":""2026-09-01"",""game_data"":[""pbp""],""leagues"":[""NBA""],""market_data"":[""candles""],""markets"":[""kalshi""],""seasons"":[""2025-2026""],""sports"":[""NBA""]}",TRADABLE_YES_BID,1_MINUTE_CANDLE,available_at,FIRST_TOUCH,"{""id"":""entry_mtw2zh6b_f4q8g"",""op"":""FIRST_TOUCH"",""ordinal"":""FIRST_TOUCH"",""period"":""Q2"",""price_e4"":6800,""source_vocabulary"":""TOUCH""}",REACH,"{""id"":""exit_mty0bwbw_mvfqe"",""op"":""REACH"",""outcome"":""win"",""price_e4"":9500}",REACH,"{""id"":""exit_mtug1t99_aq1lv"",""op"":""REACH"",""outcome"":""loss"",""price_e4"":4500}",HOLD_TO_SETTLEMENT,c5430eb845ac4cefb3c281ac543b383aad9652b9d0817d0605ab42bca6970657,1.0.0,2026-09-13T06:28:48Z,1.0.0,1.0.0,1.0.0,2026-09-13T06:28:48Z,READY,224,116,108,0.517857,0.482143,2700,2300,1.173913,289.285714,a1bee2f832bba4fbfbee499c6c89c2cf1a011d365a81efc1b5ef04b1ed6b0236,candle_path_not_fill,UNAVAILABLE,UNAVAILABLE,UNAVAILABLE,NOT_COMPUTABLE,UNAVAILABLE
decomposition,THEORETICAL,base_decomposition,R_w,0.019853,fraction,roller_payoff,superasi_bdebase_v1.0.0,grade_config_v1,2026-09-13T13:03:03Z,77f6004823dc43509371df35ae2da858,913 ITI-01,520b4e76a9cc28b0c6569db6ee1d2b69ec97dac331fccf5f85a35ae2b53f260a,06ebb9644a2a3cec47351c00887dac177c54978adde1aa4c271a07d233dd8b72,79c4ae48c45e15f21346022d19dde6aa9329703681a8cd3921524af45d8891c9,913 ITI-01,NBA,NBA,2025-2026,2025-03-18,2026-09-01,"{""date_from"":""2025-03-18"",""date_to"":""2026-09-01"",""game_data"":[""pbp""],""leagues"":[""NBA""],""market_data"":[""candles""],""markets"":[""kalshi""],""seasons"":[""2025-2026""],""sports"":[""NBA""]}",TRADABLE_YES_BID,1_MINUTE_CANDLE,available_at,FIRST_TOUCH,"{""id"":""entry_mtw2zh6b_f4q8g"",""op"":""FIRST_TOUCH"",""ordinal"":""FIRST_TOUCH"",""period"":""Q2"",""price_e4"":6800,""source_vocabulary"":""TOUCH""}",REACH,"{""id"":""exit_mty0bwbw_mvfqe"",""op"":""REACH"",""outcome"":""win"",""price_e4"":9500}",REACH,"{""id"":""exit_mtug1t99_aq1lv"",""op"":""REACH"",""outcome"":""loss"",""price_e4"":4500}",HOLD_TO_SETTLEMENT,c5430eb845ac4cefb3c281ac543b383aad9652b9d0817d0605ab42bca6970657,1.0.0,2026-09-13T06:28:48Z,1.0.0,1.0.0,1.0.0,2026-09-13T06:28:48Z,READY,224,116,108,0.517857,0.482143,2700,2300,1.173913,289.285714,a1bee2f832bba4fbfbee499c6c89c2cf1a011d365a81efc1b5ef04b1ed6b0236,candle_path_not_fill,UNAVAILABLE,UNAVAILABLE,UNAVAILABLE,NOT_COMPUTABLE,UNAVAILABLE
decomposition,THEORETICAL,base_decomposition,R_l,-0.016912,fraction,roller_payoff,superasi_bdebase_v1.0.0,grade_config_v1,2026-09-13T13:03:03Z,77f6004823dc43509371df35ae2da858,913 ITI-01,520b4e76a9cc28b0c6569db6ee1d2b69ec97dac331fccf5f85a35ae2b53f260a,06ebb9644a2a3cec47351c00887dac177c54978adde1aa4c271a07d233dd8b72,79c4ae48c45e15f21346022d19dde6aa9329703681a8cd3921524af45d8891c9,913 ITI-01,NBA,NBA,2025-2026,2025-03-18,2026-09-01,"{""date_from"":""2025-03-18"",""date_to"":""2026-09-01"",""game_data"":[""pbp""],""leagues"":[""NBA""],""market_data"":[""candles""],""markets"":[""kalshi""],""seasons"":[""2025-2026""],""sports"":[""NBA""]}",TRADABLE_YES_BID,1_MINUTE_CANDLE,available_at,FIRST_TOUCH,"{""id"":""entry_mtw2zh6b_f4q8g"",""op"":""FIRST_TOUCH"",""ordinal"":""FIRST_TOUCH"",""period"":""Q2"",""price_e4"":6800,""source_vocabulary"":""TOUCH""}",REACH,"{""id"":""exit_mty0bwbw_mvfqe"",""op"":""REACH"",""outcome"":""win"",""price_e4"":9500}",REACH,"{""id"":""exit_mtug1t99_aq1lv"",""op"":""REACH"",""outcome"":""loss"",""price_e4"":4500}",HOLD_TO_SETTLEMENT,c5430eb845ac4cefb3c281ac543b383aad9652b9d0817d0605ab42bca6970657,1.0.0,2026-09-13T06:28:48Z,1.0.0,1.0.0,1.0.0,2026-09-13T06:28:48Z,READY,224,116,108,0.517857,0.482143,2700,2300,1.173913,289.285714,a1bee2f832bba4fbfbee499c6c89c2cf1a011d365a81efc1b5ef04b1ed6b0236,candle_path_not_fill,UNAVAILABLE,UNAVAILABLE,UNAVAILABLE,NOT_COMPUTABLE,UNAVAILABLE
decomposition,THEORETICAL,base_decomposition,p_be,0.460000,fraction,roller_payoff,superasi_bdebase_v1.0.0,grade_config_v1,2026-09-13T13:03:03Z,77f6004823dc43509371df35ae2da858,913 ITI-01,520b4e76a9cc28b0c6569db6ee1d2b69ec97dac331fccf5f85a35ae2b53f260a,06ebb9644a2a3cec47351c00887dac177c54978adde1aa4c271a07d233dd8b72,79c4ae48c45e15f21346022d19dde6aa9329703681a8cd3921524af45d8891c9,913 ITI-01,NBA,NBA,2025-2026,2025-03-18,2026-09-01,"{""date_from"":""2025-03-18"",""date_to"":""2026-09-01"",""game_data"":[""pbp""],""leagues"":[""NBA""],""market_data"":[""candles""],""markets"":[""kalshi""],""seasons"":[""2025-2026""],""sports"":[""NBA""]}",TRADABLE_YES_BID,1_MINUTE_CANDLE,available_at,FIRST_TOUCH,"{""id"":""entry_mtw2zh6b_f4q8g"",""op"":""FIRST_TOUCH"",""ordinal"":""FIRST_TOUCH"",""period"":""Q2"",""price_e4"":6800,""source_vocabulary"":""TOUCH""}",REACH,"{""id"":""exit_mty0bwbw_mvfqe"",""op"":""REACH"",""outcome"":""win"",""price_e4"":9500}",REACH,"{""id"":""exit_mtug1t99_aq1lv"",""op"":""REACH"",""outcome"":""loss"",""price_e4"":4500}",HOLD_TO_SETTLEMENT,c5430eb845ac4cefb3c281ac543b383aad9652b9d0817d0605ab42bca6970657,1.0.0,2026-09-13T06:28:48Z,1.0.0,1.0.0,1.0.0,2026-09-13T06:28:48Z,READY,224,116,108,0.517857,0.482143,2700,2300,1.173913,289.285714,a1bee2f832bba4fbfbee499c6c89c2cf1a011d365a81efc1b5ef04b1ed6b0236,candle_path_not_fill,UNAVAILABLE,UNAVAILABLE,UNAVAILABLE,NOT_COMPUTABLE,UNAVAILABLE
decomposition,THEORETICAL,base_decomposition,risk_reward,1.038379,ratio,roller_payoff,superasi_bdebase_v1.0.0,grade_config_v1,2026-09-13T13:03:03Z,77f6004823dc43509371df35ae2da858,913 ITI-01,520b4e76a9cc28b0c6569db6ee1d2b69ec97dac331fccf5f85a35ae2b53f260a,06ebb9644a2a3cec47351c00887dac177c54978adde1aa4c271a07d233dd8b72,79c4ae48c45e15f21346022d19dde6aa9329703681a8cd3921524af45d8891c9,913 ITI-01,NBA,NBA,2025-2026,2025-03-18,2026-09-01,"{""date_from"":""2025-03-18"",""date_to"":""2026-09-01"",""game_data"":[""pbp""],""leagues"":[""NBA""],""market_data"":[""candles""],""markets"":[""kalshi""],""seasons"":[""2025-2026""],""sports"":[""NBA""]}",TRADABLE_YES_BID,1_MINUTE_CANDLE,available_at,FIRST_TOUCH,"{""id"":""entry_mtw2zh6b_f4q8g"",""op"":""FIRST_TOUCH"",""ordinal"":""FIRST_TOUCH"",""period"":""Q2"",""price_e4"":6800,""source_vocabulary"":""TOUCH""}",REACH,"{""id"":""exit_mty0bwbw_mvfqe"",""op"":""REACH"",""outcome"":""win"",""price_e4"":9500}",REACH,"{""id"":""exit_mtug1t99_aq1lv"",""op"":""REACH"",""outcome"":""loss"",""price_e4"":4500}",HOLD_TO_SETTLEMENT,c5430eb845ac4cefb3c281ac543b383aad9652b9d0817d0605ab42bca6970657,1.0.0,2026-09-13T06:28:48Z,1.0.0,1.0.0,1.0.0,2026-09-13T06:28:48Z,READY,224,116,108,0.517857,0.482143,2700,2300,1.173913,289.285714,a1bee2f832bba4fbfbee499c6c89c2cf1a011d365a81efc1b5ef04b1ed6b0236,candle_path_not_fill,UNAVAILABLE,UNAVAILABLE,UNAVAILABLE,NOT_COMPUTABLE,UNAVAILABLE
decomposition,THEORETICAL,base_decomposition,risk_reward_plan,1.173913,ratio,roller_payoff,superasi_bdebase_v1.0.0,grade_config_v1,2026-09-13T13:03:03Z,77f6004823dc43509371df35ae2da858,913 ITI-01,520b4e76a9cc28b0c6569db6ee1d2b69ec97dac331fccf5f85a35ae2b53f260a,06ebb9644a2a3cec47351c00887dac177c54978adde1aa4c271a07d233dd8b72,79c4ae48c45e15f21346022d19dde6aa9329703681a8cd3921524af45d8891c9,913 ITI-01,NBA,NBA,2025-2026,2025-03-18,2026-09-01,"{""date_from"":""2025-03-18"",""date_to"":""2026-09-01"",""game_data"":[""pbp""],""leagues"":[""NBA""],""market_data"":[""candles""],""markets"":[""kalshi""],""seasons"":[""2025-2026""],""sports"":[""NBA""]}",TRADABLE_YES_BID,1_MINUTE_CANDLE,available_at,FIRST_TOUCH,"{""id"":""entry_mtw2zh6b_f4q8g"",""op"":""FIRST_TOUCH"",""ordinal"":""FIRST_TOUCH"",""period"":""Q2"",""price_e4"":6800,""source_vocabulary"":""TOUCH""}",REACH,"{""id"":""exit_mty0bwbw_mvfqe"",""op"":""REACH"",""outcome"":""win"",""price_e4"":9500}",REACH,"{""id"":""exit_mtug1t99_aq1lv"",""op"":""REACH"",""outcome"":""loss"",""price_e4"":4500}",HOLD_TO_SETTLEMENT,c5430eb845ac4cefb3c281ac543b383aad9652b9d0817d0605ab42bca6970657,1.0.0,2026-09-13T06:28:48Z,1.0.0,1.0.0,1.0.0,2026-09-13T06:28:48Z,READY,224,116,108,0.517857,0.482143,2700,2300,1.173913,289.285714,a1bee2f832bba4fbfbee499c6c89c2cf1a011d365a81efc1b5ef04b1ed6b0236,candle_path_not_fill,UNAVAILABLE,UNAVAILABLE,UNAVAILABLE,NOT_COMPUTABLE,UNAVAILABLE
decomposition,THEORETICAL,base_decomposition,risk_reward_trade_mean,1.038379,ratio,roller_payoff,superasi_bdebase_v1.0.0,grade_config_v1,2026-09-13T13:03:03Z,77f6004823dc43509371df35ae2da858,913 ITI-01,520b4e76a9cc28b0c6569db6ee1d2b69ec97dac331fccf5f85a35ae2b53f260a,06ebb9644a2a3cec47351c00887dac177c54978adde1aa4c271a07d233dd8b72,79c4ae48c45e15f21346022d19dde6aa9329703681a8cd3921524af45d8891c9,913 ITI-01,NBA,NBA,2025-2026,2025-03-18,2026-09-01,"{""date_from"":""2025-03-18"",""date_to"":""2026-09-01"",""game_data"":[""pbp""],""leagues"":[""NBA""],""market_data"":[""candles""],""markets"":[""kalshi""],""seasons"":[""2025-2026""],""sports"":[""NBA""]}",TRADABLE_YES_BID,1_MINUTE_CANDLE,available_at,FIRST_TOUCH,"{""id"":""entry_mtw2zh6b_f4q8g"",""op"":""FIRST_TOUCH"",""ordinal"":""FIRST_TOUCH"",""period"":""Q2"",""price_e4"":6800,""source_vocabulary"":""TOUCH""}",REACH,"{""id"":""exit_mty0bwbw_mvfqe"",""op"":""REACH"",""outcome"":""win"",""price_e4"":9500}",REACH,"{""id"":""exit_mtug1t99_aq1lv"",""op"":""REACH"",""outcome"":""loss"",""price_e4"":4500}",HOLD_TO_SETTLEMENT,c5430eb845ac4cefb3c281ac543b383aad9652b9d0817d0605ab42bca6970657,1.0.0,2026-09-13T06:28:48Z,1.0.0,1.0.0,1.0.0,2026-09-13T06:28:48Z,READY,224,116,108,0.517857,0.482143,2700,2300,1.173913,289.285714,a1bee2f832bba4fbfbee499c6c89c2cf1a011d365a81efc1b5ef04b1ed6b0236,candle_path_not_fill,UNAVAILABLE,UNAVAILABLE,UNAVAILABLE,NOT_COMPUTABLE,UNAVAILABLE
decomposition,THEORETICAL,base_decomposition,risk_reward_ratio_of_means,1.026416,ratio,roller_payoff,superasi_bdebase_v1.0.0,grade_config_v1,2026-09-13T13:03:03Z,77f6004823dc43509371df35ae2da858,913 ITI-01,520b4e76a9cc28b0c6569db6ee1d2b69ec97dac331fccf5f85a35ae2b53f260a,06ebb9644a2a3cec47351c00887dac177c54978adde1aa4c271a07d233dd8b72,79c4ae48c45e15f21346022d19dde6aa9329703681a8cd3921524af45d8891c9,913 ITI-01,NBA,NBA,2025-2026,2025-03-18,2026-09-01,"{""date_from"":""2025-03-18"",""date_to"":""2026-09-01"",""game_data"":[""pbp""],""leagues"":[""NBA""],""market_data"":[""candles""],""markets"":[""kalshi""],""seasons"":[""2025-2026""],""sports"":[""NBA""]}",TRADABLE_YES_BID,1_MINUTE_CANDLE,available_at,FIRST_TOUCH,"{""id"":""entry_mtw2zh6b_f4q8g"",""op"":""FIRST_TOUCH"",""ordinal"":""FIRST_TOUCH"",""period"":""Q2"",""price_e4"":6800,""source_vocabulary"":""TOUCH""}",REACH,"{""id"":""exit_mty0bwbw_mvfqe"",""op"":""REACH"",""outcome"":""win"",""price_e4"":9500}",REACH,"{""id"":""exit_mtug1t99_aq1lv"",""op"":""REACH"",""outcome"":""loss"",""price_e4"":4500}",HOLD_TO_SETTLEMENT,c5430eb845ac4cefb3c281ac543b383aad9652b9d0817d0605ab42bca6970657,1.0.0,2026-09-13T06:28:48Z,1.0.0,1.0.0,1.0.0,2026-09-13T06:28:48Z,READY,224,116,108,0.517857,0.482143,2700,2300,1.173913,289.285714,a1bee2f832bba4fbfbee499c6c89c2cf1a011d365a81efc1b5ef04b1ed6b0236,candle_path_not_fill,UNAVAILABLE,UNAVAILABLE,UNAVAILABLE,NOT_COMPUTABLE,UNAVAILABLE
decomposition,THEORETICAL,base_decomposition,risk_reward_display,1.04:1,,roller_payoff,superasi_bdebase_v1.0.0,grade_config_v1,2026-09-13T13:03:03Z,77f6004823dc43509371df35ae2da858,913 ITI-01,520b4e76a9cc28b0c6569db6ee1d2b69ec97dac331fccf5f85a35ae2b53f260a,06ebb9644a2a3cec47351c00887dac177c54978adde1aa4c271a07d233dd8b72,79c4ae48c45e15f21346022d19dde6aa9329703681a8cd3921524af45d8891c9,913 ITI-01,NBA,NBA,2025-2026,2025-03-18,2026-09-01,"{""date_from"":""2025-03-18"",""date_to"":""2026-09-01"",""game_data"":[""pbp""],""leagues"":[""NBA""],""market_data"":[""candles""],""markets"":[""kalshi""],""seasons"":[""2025-2026""],""sports"":[""NBA""]}",TRADABLE_YES_BID,1_MINUTE_CANDLE,available_at,FIRST_TOUCH,"{""id"":""entry_mtw2zh6b_f4q8g"",""op"":""FIRST_TOUCH"",""ordinal"":""FIRST_TOUCH"",""period"":""Q2"",""price_e4"":6800,""source_vocabulary"":""TOUCH""}",REACH,"{""id"":""exit_mty0bwbw_mvfqe"",""op"":""REACH"",""outcome"":""win"",""price_e4"":9500}",REACH,"{""id"":""exit_mtug1t99_aq1lv"",""op"":""REACH"",""outcome"":""loss"",""price_e4"":4500}",HOLD_TO_SETTLEMENT,c5430eb845ac4cefb3c281ac543b383aad9652b9d0817d0605ab42bca6970657,1.0.0,2026-09-13T06:28:48Z,1.0.0,1.0.0,1.0.0,2026-09-13T06:28:48Z,READY,224,116,108,0.517857,0.482143,2700,2300,1.173913,289.285714,a1bee2f832bba4fbfbee499c6c89c2cf1a011d365a81efc1b5ef04b1ed6b0236,candle_path_not_fill,UNAVAILABLE,UNAVAILABLE,UNAVAILABLE,NOT_COMPUTABLE,UNAVAILABLE
decomposition,THEORETICAL,base_decomposition,allocation_rate,0.050000,fraction,roller_payoff,superasi_bdebase_v1.0.0,grade_config_v1,2026-09-13T13:03:03Z,77f6004823dc43509371df35ae2da858,913 ITI-01,520b4e76a9cc28b0c6569db6ee1d2b69ec97dac331fccf5f85a35ae2b53f260a,06ebb9644a2a3cec47351c00887dac177c54978adde1aa4c271a07d233dd8b72,79c4ae48c45e15f21346022d19dde6aa9329703681a8cd3921524af45d8891c9,913 ITI-01,NBA,NBA,2025-2026,2025-03-18,2026-09-01,"{""date_from"":""2025-03-18"",""date_to"":""2026-09-01"",""game_data"":[""pbp""],""leagues"":[""NBA""],""market_data"":[""candles""],""markets"":[""kalshi""],""seasons"":[""2025-2026""],""sports"":[""NBA""]}",TRADABLE_YES_BID,1_MINUTE_CANDLE,available_at,FIRST_TOUCH,"{""id"":""entry_mtw2zh6b_f4q8g"",""op"":""FIRST_TOUCH"",""ordinal"":""FIRST_TOUCH"",""period"":""Q2"",""price_e4"":6800,""source_vocabulary"":""TOUCH""}",REACH,"{""id"":""exit_mty0bwbw_mvfqe"",""op"":""REACH"",""outcome"":""win"",""price_e4"":9500}",REACH,"{""id"":""exit_mtug1t99_aq1lv"",""op"":""REACH"",""outcome"":""loss"",""price_e4"":4500}",HOLD_TO_SETTLEMENT,c5430eb845ac4cefb3c281ac543b383aad9652b9d0817d0605ab42bca6970657,1.0.0,2026-09-13T06:28:48Z,1.0.0,1.0.0,1.0.0,2026-09-13T06:28:48Z,READY,224,116,108,0.517857,0.482143,2700,2300,1.173913,289.285714,a1bee2f832bba4fbfbee499c6c89c2cf1a011d365a81efc1b5ef04b1ed6b0236,candle_path_not_fill,UNAVAILABLE,UNAVAILABLE,UNAVAILABLE,NOT_COMPUTABLE,UNAVAILABLE
decomposition,THEORETICAL,base_decomposition,p,0.452672,fraction,roller_payoff,superasi_bdebase_v1.0.0,grade_config_v1,2026-09-13T13:03:03Z,77f6004823dc43509371df35ae2da858,913 ITI-01,520b4e76a9cc28b0c6569db6ee1d2b69ec97dac331fccf5f85a35ae2b53f260a,06ebb9644a2a3cec47351c00887dac177c54978adde1aa4c271a07d233dd8b72,79c4ae48c45e15f21346022d19dde6aa9329703681a8cd3921524af45d8891c9,913 ITI-01,NBA,NBA,2025-2026,2025-03-18,2026-09-01,"{""date_from"":""2025-03-18"",""date_to"":""2026-09-01"",""game_data"":[""pbp""],""leagues"":[""NBA""],""market_data"":[""candles""],""markets"":[""kalshi""],""seasons"":[""2025-2026""],""sports"":[""NBA""]}",TRADABLE_YES_BID,1_MINUTE_CANDLE,available_at,FIRST_TOUCH,"{""id"":""entry_mtw2zh6b_f4q8g"",""op"":""FIRST_TOUCH"",""ordinal"":""FIRST_TOUCH"",""period"":""Q2"",""price_e4"":6800,""source_vocabulary"":""TOUCH""}",REACH,"{""id"":""exit_mty0bwbw_mvfqe"",""op"":""REACH"",""outcome"":""win"",""price_e4"":9500}",REACH,"{""id"":""exit_mtug1t99_aq1lv"",""op"":""REACH"",""outcome"":""loss"",""price_e4"":4500}",HOLD_TO_SETTLEMENT,c5430eb845ac4cefb3c281ac543b383aad9652b9d0817d0605ab42bca6970657,1.0.0,2026-09-13T06:28:48Z,1.0.0,1.0.0,1.0.0,2026-09-13T06:28:48Z,READY,224,116,108,0.517857,0.482143,2700,2300,1.173913,289.285714,a1bee2f832bba4fbfbee499c6c89c2cf1a011d365a81efc1b5ef04b1ed6b0236,candle_path_not_fill,UNAVAILABLE,UNAVAILABLE,UNAVAILABLE,NOT_COMPUTABLE,UNAVAILABLE
decomposition,THEORETICAL,base_decomposition,trade_ev_bankroll,-0.000269,fraction,roller_payoff,superasi_bdebase_v1.0.0,grade_config_v1,2026-09-13T13:03:03Z,77f6004823dc43509371df35ae2da858,913 ITI-01,520b4e76a9cc28b0c6569db6ee1d2b69ec97dac331fccf5f85a35ae2b53f260a,06ebb9644a2a3cec47351c00887dac177c54978adde1aa4c271a07d233dd8b72,79c4ae48c45e15f21346022d19dde6aa9329703681a8cd3921524af45d8891c9,913 ITI-01,NBA,NBA,2025-2026,2025-03-18,2026-09-01,"{""date_from"":""2025-03-18"",""date_to"":""2026-09-01"",""game_data"":[""pbp""],""leagues"":[""NBA""],""market_data"":[""candles""],""markets"":[""kalshi""],""seasons"":[""2025-2026""],""sports"":[""NBA""]}",TRADABLE_YES_BID,1_MINUTE_CANDLE,available_at,FIRST_TOUCH,"{""id"":""entry_mtw2zh6b_f4q8g"",""op"":""FIRST_TOUCH"",""ordinal"":""FIRST_TOUCH"",""period"":""Q2"",""price_e4"":6800,""source_vocabulary"":""TOUCH""}",REACH,"{""id"":""exit_mty0bwbw_mvfqe"",""op"":""REACH"",""outcome"":""win"",""price_e4"":9500}",REACH,"{""id"":""exit_mtug1t99_aq1lv"",""op"":""REACH"",""outcome"":""loss"",""price_e4"":4500}",HOLD_TO_SETTLEMENT,c5430eb845ac4cefb3c281ac543b383aad9652b9d0817d0605ab42bca6970657,1.0.0,2026-09-13T06:28:48Z,1.0.0,1.0.0,1.0.0,2026-09-13T06:28:48Z,READY,224,116,108,0.517857,0.482143,2700,2300,1.173913,289.285714,a1bee2f832bba4fbfbee499c6c89c2cf1a011d365a81efc1b5ef04b1ed6b0236,candle_path_not_fill,UNAVAILABLE,UNAVAILABLE,UNAVAILABLE,NOT_COMPUTABLE,UNAVAILABLE
decomposition,THEORETICAL,base_decomposition,weekly_ev,-0.002694,fraction,roller_payoff,superasi_bdebase_v1.0.0,grade_config_v1,2026-09-13T13:03:03Z,77f6004823dc43509371df35ae2da858,913 ITI-01,520b4e76a9cc28b0c6569db6ee1d2b69ec97dac331fccf5f85a35ae2b53f260a,06ebb9644a2a3cec47351c00887dac177c54978adde1aa4c271a07d233dd8b72,79c4ae48c45e15f21346022d19dde6aa9329703681a8cd3921524af45d8891c9,913 ITI-01,NBA,NBA,2025-2026,2025-03-18,2026-09-01,"{""date_from"":""2025-03-18"",""date_to"":""2026-09-01"",""game_data"":[""pbp""],""leagues"":[""NBA""],""market_data"":[""candles""],""markets"":[""kalshi""],""seasons"":[""2025-2026""],""sports"":[""NBA""]}",TRADABLE_YES_BID,1_MINUTE_CANDLE,available_at,FIRST_TOUCH,"{""id"":""entry_mtw2zh6b_f4q8g"",""op"":""FIRST_TOUCH"",""ordinal"":""FIRST_TOUCH"",""period"":""Q2"",""price_e4"":6800,""source_vocabulary"":""TOUCH""}",REACH,"{""id"":""exit_mty0bwbw_mvfqe"",""op"":""REACH"",""outcome"":""win"",""price_e4"":9500}",REACH,"{""id"":""exit_mtug1t99_aq1lv"",""op"":""REACH"",""outcome"":""loss"",""price_e4"":4500}",HOLD_TO_SETTLEMENT,c5430eb845ac4cefb3c281ac543b383aad9652b9d0817d0605ab42bca6970657,1.0.0,2026-09-13T06:28:48Z,1.0.0,1.0.0,1.0.0,2026-09-13T06:28:48Z,READY,224,116,108,0.517857,0.482143,2700,2300,1.173913,289.285714,a1bee2f832bba4fbfbee499c6c89c2cf1a011d365a81efc1b5ef04b1ed6b0236,candle_path_not_fill,UNAVAILABLE,UNAVAILABLE,UNAVAILABLE,NOT_COMPUTABLE,UNAVAILABLE
decomposition,THEORETICAL,base_decomposition,required_p_for_target_week,0.487200,fraction,roller_payoff,superasi_bdebase_v1.0.0,grade_config_v1,2026-09-13T13:03:03Z,77f6004823dc43509371df35ae2da858,913 ITI-01,520b4e76a9cc28b0c6569db6ee1d2b69ec97dac331fccf5f85a35ae2b53f260a,06ebb9644a2a3cec47351c00887dac177c54978adde1aa4c271a07d233dd8b72,79c4ae48c45e15f21346022d19dde6aa9329703681a8cd3921524af45d8891c9,913 ITI-01,NBA,NBA,2025-2026,2025-03-18,2026-09-01,"{""date_from"":""2025-03-18"",""date_to"":""2026-09-01"",""game_data"":[""pbp""],""leagues"":[""NBA""],""market_data"":[""candles""],""markets"":[""kalshi""],""seasons"":[""2025-2026""],""sports"":[""NBA""]}",TRADABLE_YES_BID,1_MINUTE_CANDLE,available_at,FIRST_TOUCH,"{""id"":""entry_mtw2zh6b_f4q8g"",""op"":""FIRST_TOUCH"",""ordinal"":""FIRST_TOUCH"",""period"":""Q2"",""price_e4"":6800,""source_vocabulary"":""TOUCH""}",REACH,"{""id"":""exit_mty0bwbw_mvfqe"",""op"":""REACH"",""outcome"":""win"",""price_e4"":9500}",REACH,"{""id"":""exit_mtug1t99_aq1lv"",""op"":""REACH"",""outcome"":""loss"",""price_e4"":4500}",HOLD_TO_SETTLEMENT,c5430eb845ac4cefb3c281ac543b383aad9652b9d0817d0605ab42bca6970657,1.0.0,2026-09-13T06:28:48Z,1.0.0,1.0.0,1.0.0,2026-09-13T06:28:48Z,READY,224,116,108,0.517857,0.482143,2700,2300,1.173913,289.285714,a1bee2f832bba4fbfbee499c6c89c2cf1a011d365a81efc1b5ef04b1ed6b0236,candle_path_not_fill,UNAVAILABLE,UNAVAILABLE,UNAVAILABLE,NOT_COMPUTABLE,UNAVAILABLE
decomposition,THEORETICAL,base_decomposition,arithmetic_20_week,-0.053881,fraction,roller_payoff,superasi_bdebase_v1.0.0,grade_config_v1,2026-09-13T13:03:03Z,77f6004823dc43509371df35ae2da858,913 ITI-01,520b4e76a9cc28b0c6569db6ee1d2b69ec97dac331fccf5f85a35ae2b53f260a,06ebb9644a2a3cec47351c00887dac177c54978adde1aa4c271a07d233dd8b72,79c4ae48c45e15f21346022d19dde6aa9329703681a8cd3921524af45d8891c9,913 ITI-01,NBA,NBA,2025-2026,2025-03-18,2026-09-01,"{""date_from"":""2025-03-18"",""date_to"":""2026-09-01"",""game_data"":[""pbp""],""leagues"":[""NBA""],""market_data"":[""candles""],""markets"":[""kalshi""],""seasons"":[""2025-2026""],""sports"":[""NBA""]}",TRADABLE_YES_BID,1_MINUTE_CANDLE,available_at,FIRST_TOUCH,"{""id"":""entry_mtw2zh6b_f4q8g"",""op"":""FIRST_TOUCH"",""ordinal"":""FIRST_TOUCH"",""period"":""Q2"",""price_e4"":6800,""source_vocabulary"":""TOUCH""}",REACH,"{""id"":""exit_mty0bwbw_mvfqe"",""op"":""REACH"",""outcome"":""win"",""price_e4"":9500}",REACH,"{""id"":""exit_mtug1t99_aq1lv"",""op"":""REACH"",""outcome"":""loss"",""price_e4"":4500}",HOLD_TO_SETTLEMENT,c5430eb845ac4cefb3c281ac543b383aad9652b9d0817d0605ab42bca6970657,1.0.0,2026-09-13T06:28:48Z,1.0.0,1.0.0,1.0.0,2026-09-13T06:28:48Z,READY,224,116,108,0.517857,0.482143,2700,2300,1.173913,289.285714,a1bee2f832bba4fbfbee499c6c89c2cf1a011d365a81efc1b5ef04b1ed6b0236,candle_path_not_fill,UNAVAILABLE,UNAVAILABLE,UNAVAILABLE,NOT_COMPUTABLE,UNAVAILABLE
decomposition,THEORETICAL,base_decomposition,compounded_20_week,-0.052524,fraction,roller_payoff,superasi_bdebase_v1.0.0,grade_config_v1,2026-09-13T13:03:03Z,77f6004823dc43509371df35ae2da858,913 ITI-01,520b4e76a9cc28b0c6569db6ee1d2b69ec97dac331fccf5f85a35ae2b53f260a,06ebb9644a2a3cec47351c00887dac177c54978adde1aa4c271a07d233dd8b72,79c4ae48c45e15f21346022d19dde6aa9329703681a8cd3921524af45d8891c9,913 ITI-01,NBA,NBA,2025-2026,2025-03-18,2026-09-01,"{""date_from"":""2025-03-18"",""date_to"":""2026-09-01"",""game_data"":[""pbp""],""leagues"":[""NBA""],""market_data"":[""candles""],""markets"":[""kalshi""],""seasons"":[""2025-2026""],""sports"":[""NBA""]}",TRADABLE_YES_BID,1_MINUTE_CANDLE,available_at,FIRST_TOUCH,"{""id"":""entry_mtw2zh6b_f4q8g"",""op"":""FIRST_TOUCH"",""ordinal"":""FIRST_TOUCH"",""period"":""Q2"",""price_e4"":6800,""source_vocabulary"":""TOUCH""}",REACH,"{""id"":""exit_mty0bwbw_mvfqe"",""op"":""REACH"",""outcome"":""win"",""price_e4"":9500}",REACH,"{""id"":""exit_mtug1t99_aq1lv"",""op"":""REACH"",""outcome"":""loss"",""price_e4"":4500}",HOLD_TO_SETTLEMENT,c5430eb845ac4cefb3c281ac543b383aad9652b9d0817d0605ab42bca6970657,1.0.0,2026-09-13T06:28:48Z,1.0.0,1.0.0,1.0.0,2026-09-13T06:28:48Z,READY,224,116,108,0.517857,0.482143,2700,2300,1.173913,289.285714,a1bee2f832bba4fbfbee499c6c89c2cf1a011d365a81efc1b5ef04b1ed6b0236,candle_path_not_fill,UNAVAILABLE,UNAVAILABLE,UNAVAILABLE,NOT_COMPUTABLE,UNAVAILABLE
decomposition,THEORETICAL,base_decomposition,compounded_terminal,18949.512437,usd,roller_payoff,superasi_bdebase_v1.0.0,grade_config_v1,2026-09-13T13:03:03Z,77f6004823dc43509371df35ae2da858,913 ITI-01,520b4e76a9cc28b0c6569db6ee1d2b69ec97dac331fccf5f85a35ae2b53f260a,06ebb9644a2a3cec47351c00887dac177c54978adde1aa4c271a07d233dd8b72,79c4ae48c45e15f21346022d19dde6aa9329703681a8cd3921524af45d8891c9,913 ITI-01,NBA,NBA,2025-2026,2025-03-18,2026-09-01,"{""date_from"":""2025-03-18"",""date_to"":""2026-09-01"",""game_data"":[""pbp""],""leagues"":[""NBA""],""market_data"":[""candles""],""markets"":[""kalshi""],""seasons"":[""2025-2026""],""sports"":[""NBA""]}",TRADABLE_YES_BID,1_MINUTE_CANDLE,available_at,FIRST_TOUCH,"{""id"":""entry_mtw2zh6b_f4q8g"",""op"":""FIRST_TOUCH"",""ordinal"":""FIRST_TOUCH"",""period"":""Q2"",""price_e4"":6800,""source_vocabulary"":""TOUCH""}",REACH,"{""id"":""exit_mty0bwbw_mvfqe"",""op"":""REACH"",""outcome"":""win"",""price_e4"":9500}",REACH,"{""id"":""exit_mtug1t99_aq1lv"",""op"":""REACH"",""outcome"":""loss"",""price_e4"":4500}",HOLD_TO_SETTLEMENT,c5430eb845ac4cefb3c281ac543b383aad9652b9d0817d0605ab42bca6970657,1.0.0,2026-09-13T06:28:48Z,1.0.0,1.0.0,1.0.0,2026-09-13T06:28:48Z,READY,224,116,108,0.517857,0.482143,2700,2300,1.173913,289.285714,a1bee2f832bba4fbfbee499c6c89c2cf1a011d365a81efc1b5ef04b1ed6b0236,candle_path_not_fill,UNAVAILABLE,UNAVAILABLE,UNAVAILABLE,NOT_COMPUTABLE,UNAVAILABLE
decomposition,THEORETICAL,base_decomposition,desk_break_even_probability,0.666667,fraction,superasi_abase,superasi_bdebase_v1.0.0,grade_config_v1,2026-09-13T13:03:03Z,77f6004823dc43509371df35ae2da858,913 ITI-01,520b4e76a9cc28b0c6569db6ee1d2b69ec97dac331fccf5f85a35ae2b53f260a,06ebb9644a2a3cec47351c00887dac177c54978adde1aa4c271a07d233dd8b72,79c4ae48c45e15f21346022d19dde6aa9329703681a8cd3921524af45d8891c9,913 ITI-01,NBA,NBA,2025-2026,2025-03-18,2026-09-01,"{""date_from"":""2025-03-18"",""date_to"":""2026-09-01"",""game_data"":[""pbp""],""leagues"":[""NBA""],""market_data"":[""candles""],""markets"":[""kalshi""],""seasons"":[""2025-2026""],""sports"":[""NBA""]}",TRADABLE_YES_BID,1_MINUTE_CANDLE,available_at,FIRST_TOUCH,"{""id"":""entry_mtw2zh6b_f4q8g"",""op"":""FIRST_TOUCH"",""ordinal"":""FIRST_TOUCH"",""period"":""Q2"",""price_e4"":6800,""source_vocabulary"":""TOUCH""}",REACH,"{""id"":""exit_mty0bwbw_mvfqe"",""op"":""REACH"",""outcome"":""win"",""price_e4"":9500}",REACH,"{""id"":""exit_mtug1t99_aq1lv"",""op"":""REACH"",""outcome"":""loss"",""price_e4"":4500}",HOLD_TO_SETTLEMENT,c5430eb845ac4cefb3c281ac543b383aad9652b9d0817d0605ab42bca6970657,1.0.0,2026-09-13T06:28:48Z,1.0.0,1.0.0,1.0.0,2026-09-13T06:28:48Z,READY,224,116,108,0.517857,0.482143,2700,2300,1.173913,289.285714,a1bee2f832bba4fbfbee499c6c89c2cf1a011d365a81efc1b5ef04b1ed6b0236,candle_path_not_fill,UNAVAILABLE,UNAVAILABLE,UNAVAILABLE,NOT_COMPUTABLE,UNAVAILABLE
decomposition,THEORETICAL,base_decomposition,desk_trade_ev,0.001000,fraction,superasi_abase,superasi_bdebase_v1.0.0,grade_config_v1,2026-09-13T13:03:03Z,77f6004823dc43509371df35ae2da858,913 ITI-01,520b4e76a9cc28b0c6569db6ee1d2b69ec97dac331fccf5f85a35ae2b53f260a,06ebb9644a2a3cec47351c00887dac177c54978adde1aa4c271a07d233dd8b72,79c4ae48c45e15f21346022d19dde6aa9329703681a8cd3921524af45d8891c9,913 ITI-01,NBA,NBA,2025-2026,2025-03-18,2026-09-01,"{""date_from"":""2025-03-18"",""date_to"":""2026-09-01"",""game_data"":[""pbp""],""leagues"":[""NBA""],""market_data"":[""candles""],""markets"":[""kalshi""],""seasons"":[""2025-2026""],""sports"":[""NBA""]}",TRADABLE_YES_BID,1_MINUTE_CANDLE,available_at,FIRST_TOUCH,"{""id"":""entry_mtw2zh6b_f4q8g"",""op"":""FIRST_TOUCH"",""ordinal"":""FIRST_TOUCH"",""period"":""Q2"",""price_e4"":6800,""source_vocabulary"":""TOUCH""}",REACH,"{""id"":""exit_mty0bwbw_mvfqe"",""op"":""REACH"",""outcome"":""win"",""price_e4"":9500}",REACH,"{""id"":""exit_mtug1t99_aq1lv"",""op"":""REACH"",""outcome"":""loss"",""price_e4"":4500}",HOLD_TO_SETTLEMENT,c5430eb845ac4cefb3c281ac543b383aad9652b9d0817d0605ab42bca6970657,1.0.0,2026-09-13T06:28:48Z,1.0.0,1.0.0,1.0.0,2026-09-13T06:28:48Z,READY,224,116,108,0.517857,0.482143,2700,2300,1.173913,289.285714,a1bee2f832bba4fbfbee499c6c89c2cf1a011d365a81efc1b5ef04b1ed6b0236,candle_path_not_fill,UNAVAILABLE,UNAVAILABLE,UNAVAILABLE,NOT_COMPUTABLE,UNAVAILABLE
decomposition,THEORETICAL,base_decomposition,desk_weekly_ev,0.010000,fraction,superasi_abase,superasi_bdebase_v1.0.0,grade_config_v1,2026-09-13T13:03:03Z,77f6004823dc43509371df35ae2da858,913 ITI-01,520b4e76a9cc28b0c6569db6ee1d2b69ec97dac331fccf5f85a35ae2b53f260a,06ebb9644a2a3cec47351c00887dac177c54978adde1aa4c271a07d233dd8b72,79c4ae48c45e15f21346022d19dde6aa9329703681a8cd3921524af45d8891c9,913 ITI-01,NBA,NBA,2025-2026,2025-03-18,2026-09-01,"{""date_from"":""2025-03-18"",""date_to"":""2026-09-01"",""game_data"":[""pbp""],""leagues"":[""NBA""],""market_data"":[""candles""],""markets"":[""kalshi""],""seasons"":[""2025-2026""],""sports"":[""NBA""]}",TRADABLE_YES_BID,1_MINUTE_CANDLE,available_at,FIRST_TOUCH,"{""id"":""entry_mtw2zh6b_f4q8g"",""op"":""FIRST_TOUCH"",""ordinal"":""FIRST_TOUCH"",""period"":""Q2"",""price_e4"":6800,""source_vocabulary"":""TOUCH""}",REACH,"{""id"":""exit_mty0bwbw_mvfqe"",""op"":""REACH"",""outcome"":""win"",""price_e4"":9500}",REACH,"{""id"":""exit_mtug1t99_aq1lv"",""op"":""REACH"",""outcome"":""loss"",""price_e4"":4500}",HOLD_TO_SETTLEMENT,c5430eb845ac4cefb3c281ac543b383aad9652b9d0817d0605ab42bca6970657,1.0.0,2026-09-13T06:28:48Z,1.0.0,1.0.0,1.0.0,2026-09-13T06:28:48Z,READY,224,116,108,0.517857,0.482143,2700,2300,1.173913,289.285714,a1bee2f832bba4fbfbee499c6c89c2cf1a011d365a81efc1b5ef04b1ed6b0236,candle_path_not_fill,UNAVAILABLE,UNAVAILABLE,UNAVAILABLE,NOT_COMPUTABLE,UNAVAILABLE
meta,THEORETICAL,base_decomposition,bankroll_cents,2000000,usd_cents,desk_settings,superasi_bdebase_v1.0.0,grade_config_v1,2026-09-13T13:03:03Z,77f6004823dc43509371df35ae2da858,913 ITI-01,520b4e76a9cc28b0c6569db6ee1d2b69ec97dac331fccf5f85a35ae2b53f260a,06ebb9644a2a3cec47351c00887dac177c54978adde1aa4c271a07d233dd8b72,79c4ae48c45e15f21346022d19dde6aa9329703681a8cd3921524af45d8891c9,913 ITI-01,NBA,NBA,2025-2026,2025-03-18,2026-09-01,"{""date_from"":""2025-03-18"",""date_to"":""2026-09-01"",""game_data"":[""pbp""],""leagues"":[""NBA""],""market_data"":[""candles""],""markets"":[""kalshi""],""seasons"":[""2025-2026""],""sports"":[""NBA""]}",TRADABLE_YES_BID,1_MINUTE_CANDLE,available_at,FIRST_TOUCH,"{""id"":""entry_mtw2zh6b_f4q8g"",""op"":""FIRST_TOUCH"",""ordinal"":""FIRST_TOUCH"",""period"":""Q2"",""price_e4"":6800,""source_vocabulary"":""TOUCH""}",REACH,"{""id"":""exit_mty0bwbw_mvfqe"",""op"":""REACH"",""outcome"":""win"",""price_e4"":9500}",REACH,"{""id"":""exit_mtug1t99_aq1lv"",""op"":""REACH"",""outcome"":""loss"",""price_e4"":4500}",HOLD_TO_SETTLEMENT,c5430eb845ac4cefb3c281ac543b383aad9652b9d0817d0605ab42bca6970657,1.0.0,2026-09-13T06:28:48Z,1.0.0,1.0.0,1.0.0,2026-09-13T06:28:48Z,READY,224,116,108,0.517857,0.482143,2700,2300,1.173913,289.285714,a1bee2f832bba4fbfbee499c6c89c2cf1a011d365a81efc1b5ef04b1ed6b0236,candle_path_not_fill,UNAVAILABLE,UNAVAILABLE,UNAVAILABLE,NOT_COMPUTABLE,UNAVAILABLE
meta,THEORETICAL,base_decomposition,allocation_bps,500,bps,desk_settings,superasi_bdebase_v1.0.0,grade_config_v1,2026-09-13T13:03:03Z,77f6004823dc43509371df35ae2da858,913 ITI-01,520b4e76a9cc28b0c6569db6ee1d2b69ec97dac331fccf5f85a35ae2b53f260a,06ebb9644a2a3cec47351c00887dac177c54978adde1aa4c271a07d233dd8b72,79c4ae48c45e15f21346022d19dde6aa9329703681a8cd3921524af45d8891c9,913 ITI-01,NBA,NBA,2025-2026,2025-03-18,2026-09-01,"{""date_from"":""2025-03-18"",""date_to"":""2026-09-01"",""game_data"":[""pbp""],""leagues"":[""NBA""],""market_data"":[""candles""],""markets"":[""kalshi""],""seasons"":[""2025-2026""],""sports"":[""NBA""]}",TRADABLE_YES_BID,1_MINUTE_CANDLE,available_at,FIRST_TOUCH,"{""id"":""entry_mtw2zh6b_f4q8g"",""op"":""FIRST_TOUCH"",""ordinal"":""FIRST_TOUCH"",""period"":""Q2"",""price_e4"":6800,""source_vocabulary"":""TOUCH""}",REACH,"{""id"":""exit_mty0bwbw_mvfqe"",""op"":""REACH"",""outcome"":""win"",""price_e4"":9500}",REACH,"{""id"":""exit_mtug1t99_aq1lv"",""op"":""REACH"",""outcome"":""loss"",""price_e4"":4500}",HOLD_TO_SETTLEMENT,c5430eb845ac4cefb3c281ac543b383aad9652b9d0817d0605ab42bca6970657,1.0.0,2026-09-13T06:28:48Z,1.0.0,1.0.0,1.0.0,2026-09-13T06:28:48Z,READY,224,116,108,0.517857,0.482143,2700,2300,1.173913,289.285714,a1bee2f832bba4fbfbee499c6c89c2cf1a011d365a81efc1b5ef04b1ed6b0236,candle_path_not_fill,UNAVAILABLE,UNAVAILABLE,UNAVAILABLE,NOT_COMPUTABLE,UNAVAILABLE
meta,THEORETICAL,base_decomposition,floor_cents,1500000,usd_cents,desk_settings,superasi_bdebase_v1.0.0,grade_config_v1,2026-09-13T13:03:03Z,77f6004823dc43509371df35ae2da858,913 ITI-01,520b4e76a9cc28b0c6569db6ee1d2b69ec97dac331fccf5f85a35ae2b53f260a,06ebb9644a2a3cec47351c00887dac177c54978adde1aa4c271a07d233dd8b72,79c4ae48c45e15f21346022d19dde6aa9329703681a8cd3921524af45d8891c9,913 ITI-01,NBA,NBA,2025-2026,2025-03-18,2026-09-01,"{""date_from"":""2025-03-18"",""date_to"":""2026-09-01"",""game_data"":[""pbp""],""leagues"":[""NBA""],""market_data"":[""candles""],""markets"":[""kalshi""],""seasons"":[""2025-2026""],""sports"":[""NBA""]}",TRADABLE_YES_BID,1_MINUTE_CANDLE,available_at,FIRST_TOUCH,"{""id"":""entry_mtw2zh6b_f4q8g"",""op"":""FIRST_TOUCH"",""ordinal"":""FIRST_TOUCH"",""period"":""Q2"",""price_e4"":6800,""source_vocabulary"":""TOUCH""}",REACH,"{""id"":""exit_mty0bwbw_mvfqe"",""op"":""REACH"",""outcome"":""win"",""price_e4"":9500}",REACH,"{""id"":""exit_mtug1t99_aq1lv"",""op"":""REACH"",""outcome"":""loss"",""price_e4"":4500}",HOLD_TO_SETTLEMENT,c5430eb845ac4cefb3c281ac543b383aad9652b9d0817d0605ab42bca6970657,1.0.0,2026-09-13T06:28:48Z,1.0.0,1.0.0,1.0.0,2026-09-13T06:28:48Z,READY,224,116,108,0.517857,0.482143,2700,2300,1.173913,289.285714,a1bee2f832bba4fbfbee499c6c89c2cf1a011d365a81efc1b5ef04b1ed6b0236,candle_path_not_fill,UNAVAILABLE,UNAVAILABLE,UNAVAILABLE,NOT_COMPUTABLE,UNAVAILABLE
meta,THEORETICAL,base_decomposition,target_cents,3000000,usd_cents,desk_settings,superasi_bdebase_v1.0.0,grade_config_v1,2026-09-13T13:03:03Z,77f6004823dc43509371df35ae2da858,913 ITI-01,520b4e76a9cc28b0c6569db6ee1d2b69ec97dac331fccf5f85a35ae2b53f260a,06ebb9644a2a3cec47351c00887dac177c54978adde1aa4c271a07d233dd8b72,79c4ae48c45e15f21346022d19dde6aa9329703681a8cd3921524af45d8891c9,913 ITI-01,NBA,NBA,2025-2026,2025-03-18,2026-09-01,"{""date_from"":""2025-03-18"",""date_to"":""2026-09-01"",""game_data"":[""pbp""],""leagues"":[""NBA""],""market_data"":[""candles""],""markets"":[""kalshi""],""seasons"":[""2025-2026""],""sports"":[""NBA""]}",TRADABLE_YES_BID,1_MINUTE_CANDLE,available_at,FIRST_TOUCH,"{""id"":""entry_mtw2zh6b_f4q8g"",""op"":""FIRST_TOUCH"",""ordinal"":""FIRST_TOUCH"",""period"":""Q2"",""price_e4"":6800,""source_vocabulary"":""TOUCH""}",REACH,"{""id"":""exit_mty0bwbw_mvfqe"",""op"":""REACH"",""outcome"":""win"",""price_e4"":9500}",REACH,"{""id"":""exit_mtug1t99_aq1lv"",""op"":""REACH"",""outcome"":""loss"",""price_e4"":4500}",HOLD_TO_SETTLEMENT,c5430eb845ac4cefb3c281ac543b383aad9652b9d0817d0605ab42bca6970657,1.0.0,2026-09-13T06:28:48Z,1.0.0,1.0.0,1.0.0,2026-09-13T06:28:48Z,READY,224,116,108,0.517857,0.482143,2700,2300,1.173913,289.285714,a1bee2f832bba4fbfbee499c6c89c2cf1a011d365a81efc1b5ef04b1ed6b0236,candle_path_not_fill,UNAVAILABLE,UNAVAILABLE,UNAVAILABLE,NOT_COMPUTABLE,UNAVAILABLE
weekly,THEORETICAL,base_decomposition,wins_0,-0.169118,fraction,binomial_roller_payoff,superasi_bdebase_v1.0.0,grade_config_v1,2026-09-13T13:03:03Z,77f6004823dc43509371df35ae2da858,913 ITI-01,520b4e76a9cc28b0c6569db6ee1d2b69ec97dac331fccf5f85a35ae2b53f260a,06ebb9644a2a3cec47351c00887dac177c54978adde1aa4c271a07d233dd8b72,79c4ae48c45e15f21346022d19dde6aa9329703681a8cd3921524af45d8891c9,913 ITI-01,NBA,NBA,2025-2026,2025-03-18,2026-09-01,"{""date_from"":""2025-03-18"",""date_to"":""2026-09-01"",""game_data"":[""pbp""],""leagues"":[""NBA""],""market_data"":[""candles""],""markets"":[""kalshi""],""seasons"":[""2025-2026""],""sports"":[""NBA""]}",TRADABLE_YES_BID,1_MINUTE_CANDLE,available_at,FIRST_TOUCH,"{""id"":""entry_mtw2zh6b_f4q8g"",""op"":""FIRST_TOUCH"",""ordinal"":""FIRST_TOUCH"",""period"":""Q2"",""price_e4"":6800,""source_vocabulary"":""TOUCH""}",REACH,"{""id"":""exit_mty0bwbw_mvfqe"",""op"":""REACH"",""outcome"":""win"",""price_e4"":9500}",REACH,"{""id"":""exit_mtug1t99_aq1lv"",""op"":""REACH"",""outcome"":""loss"",""price_e4"":4500}",HOLD_TO_SETTLEMENT,c5430eb845ac4cefb3c281ac543b383aad9652b9d0817d0605ab42bca6970657,1.0.0,2026-09-13T06:28:48Z,1.0.0,1.0.0,1.0.0,2026-09-13T06:28:48Z,READY,224,116,108,0.517857,0.482143,2700,2300,1.173913,289.285714,a1bee2f832bba4fbfbee499c6c89c2cf1a011d365a81efc1b5ef04b1ed6b0236,candle_path_not_fill,UNAVAILABLE,UNAVAILABLE,UNAVAILABLE,NOT_COMPUTABLE,UNAVAILABLE
weekly,THEORETICAL,base_decomposition,wins_0_probability,0.002413,fraction,binomial_roller_payoff,superasi_bdebase_v1.0.0,grade_config_v1,2026-09-13T13:03:03Z,77f6004823dc43509371df35ae2da858,913 ITI-01,520b4e76a9cc28b0c6569db6ee1d2b69ec97dac331fccf5f85a35ae2b53f260a,06ebb9644a2a3cec47351c00887dac177c54978adde1aa4c271a07d233dd8b72,79c4ae48c45e15f21346022d19dde6aa9329703681a8cd3921524af45d8891c9,913 ITI-01,NBA,NBA,2025-2026,2025-03-18,2026-09-01,"{""date_from"":""2025-03-18"",""date_to"":""2026-09-01"",""game_data"":[""pbp""],""leagues"":[""NBA""],""market_data"":[""candles""],""markets"":[""kalshi""],""seasons"":[""2025-2026""],""sports"":[""NBA""]}",TRADABLE_YES_BID,1_MINUTE_CANDLE,available_at,FIRST_TOUCH,"{""id"":""entry_mtw2zh6b_f4q8g"",""op"":""FIRST_TOUCH"",""ordinal"":""FIRST_TOUCH"",""period"":""Q2"",""price_e4"":6800,""source_vocabulary"":""TOUCH""}",REACH,"{""id"":""exit_mty0bwbw_mvfqe"",""op"":""REACH"",""outcome"":""win"",""price_e4"":9500}",REACH,"{""id"":""exit_mtug1t99_aq1lv"",""op"":""REACH"",""outcome"":""loss"",""price_e4"":4500}",HOLD_TO_SETTLEMENT,c5430eb845ac4cefb3c281ac543b383aad9652b9d0817d0605ab42bca6970657,1.0.0,2026-09-13T06:28:48Z,1.0.0,1.0.0,1.0.0,2026-09-13T06:28:48Z,READY,224,116,108,0.517857,0.482143,2700,2300,1.173913,289.285714,a1bee2f832bba4fbfbee499c6c89c2cf1a011d365a81efc1b5ef04b1ed6b0236,candle_path_not_fill,UNAVAILABLE,UNAVAILABLE,UNAVAILABLE,NOT_COMPUTABLE,UNAVAILABLE
weekly,THEORETICAL,base_decomposition,wins_1,-0.132353,fraction,binomial_roller_payoff,superasi_bdebase_v1.0.0,grade_config_v1,2026-09-13T13:03:03Z,77f6004823dc43509371df35ae2da858,913 ITI-01,520b4e76a9cc28b0c6569db6ee1d2b69ec97dac331fccf5f85a35ae2b53f260a,06ebb9644a2a3cec47351c00887dac177c54978adde1aa4c271a07d233dd8b72,79c4ae48c45e15f21346022d19dde6aa9329703681a8cd3921524af45d8891c9,913 ITI-01,NBA,NBA,2025-2026,2025-03-18,2026-09-01,"{""date_from"":""2025-03-18"",""date_to"":""2026-09-01"",""game_data"":[""pbp""],""leagues"":[""NBA""],""market_data"":[""candles""],""markets"":[""kalshi""],""seasons"":[""2025-2026""],""sports"":[""NBA""]}",TRADABLE_YES_BID,1_MINUTE_CANDLE,available_at,FIRST_TOUCH,"{""id"":""entry_mtw2zh6b_f4q8g"",""op"":""FIRST_TOUCH"",""ordinal"":""FIRST_TOUCH"",""period"":""Q2"",""price_e4"":6800,""source_vocabulary"":""TOUCH""}",REACH,"{""id"":""exit_mty0bwbw_mvfqe"",""op"":""REACH"",""outcome"":""win"",""price_e4"":9500}",REACH,"{""id"":""exit_mtug1t99_aq1lv"",""op"":""REACH"",""outcome"":""loss"",""price_e4"":4500}",HOLD_TO_SETTLEMENT,c5430eb845ac4cefb3c281ac543b383aad9652b9d0817d0605ab42bca6970657,1.0.0,2026-09-13T06:28:48Z,1.0.0,1.0.0,1.0.0,2026-09-13T06:28:48Z,READY,224,116,108,0.517857,0.482143,2700,2300,1.173913,289.285714,a1bee2f832bba4fbfbee499c6c89c2cf1a011d365a81efc1b5ef04b1ed6b0236,candle_path_not_fill,UNAVAILABLE,UNAVAILABLE,UNAVAILABLE,NOT_COMPUTABLE,UNAVAILABLE
weekly,THEORETICAL,base_decomposition,wins_1_probability,0.019953,fraction,binomial_roller_payoff,superasi_bdebase_v1.0.0,grade_config_v1,2026-09-13T13:03:03Z,77f6004823dc43509371df35ae2da858,913 ITI-01,520b4e76a9cc28b0c6569db6ee1d2b69ec97dac331fccf5f85a35ae2b53f260a,06ebb9644a2a3cec47351c00887dac177c54978adde1aa4c271a07d233dd8b72,79c4ae48c45e15f21346022d19dde6aa9329703681a8cd3921524af45d8891c9,913 ITI-01,NBA,NBA,2025-2026,2025-03-18,2026-09-01,"{""date_from"":""2025-03-18"",""date_to"":""2026-09-01"",""game_data"":[""pbp""],""leagues"":[""NBA""],""market_data"":[""candles""],""markets"":[""kalshi""],""seasons"":[""2025-2026""],""sports"":[""NBA""]}",TRADABLE_YES_BID,1_MINUTE_CANDLE,available_at,FIRST_TOUCH,"{""id"":""entry_mtw2zh6b_f4q8g"",""op"":""FIRST_TOUCH"",""ordinal"":""FIRST_TOUCH"",""period"":""Q2"",""price_e4"":6800,""source_vocabulary"":""TOUCH""}",REACH,"{""id"":""exit_mty0bwbw_mvfqe"",""op"":""REACH"",""outcome"":""win"",""price_e4"":9500}",REACH,"{""id"":""exit_mtug1t99_aq1lv"",""op"":""REACH"",""outcome"":""loss"",""price_e4"":4500}",HOLD_TO_SETTLEMENT,c5430eb845ac4cefb3c281ac543b383aad9652b9d0817d0605ab42bca6970657,1.0.0,2026-09-13T06:28:48Z,1.0.0,1.0.0,1.0.0,2026-09-13T06:28:48Z,READY,224,116,108,0.517857,0.482143,2700,2300,1.173913,289.285714,a1bee2f832bba4fbfbee499c6c89c2cf1a011d365a81efc1b5ef04b1ed6b0236,candle_path_not_fill,UNAVAILABLE,UNAVAILABLE,UNAVAILABLE,NOT_COMPUTABLE,UNAVAILABLE
weekly,THEORETICAL,base_decomposition,wins_2,-0.095588,fraction,binomial_roller_payoff,superasi_bdebase_v1.0.0,grade_config_v1,2026-09-13T13:03:03Z,77f6004823dc43509371df35ae2da858,913 ITI-01,520b4e76a9cc28b0c6569db6ee1d2b69ec97dac331fccf5f85a35ae2b53f260a,06ebb9644a2a3cec47351c00887dac177c54978adde1aa4c271a07d233dd8b72,79c4ae48c45e15f21346022d19dde6aa9329703681a8cd3921524af45d8891c9,913 ITI-01,NBA,NBA,2025-2026,2025-03-18,2026-09-01,"{""date_from"":""2025-03-18"",""date_to"":""2026-09-01"",""game_data"":[""pbp""],""leagues"":[""NBA""],""market_data"":[""candles""],""markets"":[""kalshi""],""seasons"":[""2025-2026""],""sports"":[""NBA""]}",TRADABLE_YES_BID,1_MINUTE_CANDLE,available_at,FIRST_TOUCH,"{""id"":""entry_mtw2zh6b_f4q8g"",""op"":""FIRST_TOUCH"",""ordinal"":""FIRST_TOUCH"",""period"":""Q2"",""price_e4"":6800,""source_vocabulary"":""TOUCH""}",REACH,"{""id"":""exit_mty0bwbw_mvfqe"",""op"":""REACH"",""outcome"":""win"",""price_e4"":9500}",REACH,"{""id"":""exit_mtug1t99_aq1lv"",""op"":""REACH"",""outcome"":""loss"",""price_e4"":4500}",HOLD_TO_SETTLEMENT,c5430eb845ac4cefb3c281ac543b383aad9652b9d0817d0605ab42bca6970657,1.0.0,2026-09-13T06:28:48Z,1.0.0,1.0.0,1.0.0,2026-09-13T06:28:48Z,READY,224,116,108,0.517857,0.482143,2700,2300,1.173913,289.285714,a1bee2f832bba4fbfbee499c6c89c2cf1a011d365a81efc1b5ef04b1ed6b0236,candle_path_not_fill,UNAVAILABLE,UNAVAILABLE,UNAVAILABLE,NOT_COMPUTABLE,UNAVAILABLE
weekly,THEORETICAL,base_decomposition,wins_2_probability,0.074261,fraction,binomial_roller_payoff,superasi_bdebase_v1.0.0,grade_config_v1,2026-09-13T13:03:03Z,77f6004823dc43509371df35ae2da858,913 ITI-01,520b4e76a9cc28b0c6569db6ee1d2b69ec97dac331fccf5f85a35ae2b53f260a,06ebb9644a2a3cec47351c00887dac177c54978adde1aa4c271a07d233dd8b72,79c4ae48c45e15f21346022d19dde6aa9329703681a8cd3921524af45d8891c9,913 ITI-01,NBA,NBA,2025-2026,2025-03-18,2026-09-01,"{""date_from"":""2025-03-18"",""date_to"":""2026-09-01"",""game_data"":[""pbp""],""leagues"":[""NBA""],""market_data"":[""candles""],""markets"":[""kalshi""],""seasons"":[""2025-2026""],""sports"":[""NBA""]}",TRADABLE_YES_BID,1_MINUTE_CANDLE,available_at,FIRST_TOUCH,"{""id"":""entry_mtw2zh6b_f4q8g"",""op"":""FIRST_TOUCH"",""ordinal"":""FIRST_TOUCH"",""period"":""Q2"",""price_e4"":6800,""source_vocabulary"":""TOUCH""}",REACH,"{""id"":""exit_mty0bwbw_mvfqe"",""op"":""REACH"",""outcome"":""win"",""price_e4"":9500}",REACH,"{""id"":""exit_mtug1t99_aq1lv"",""op"":""REACH"",""outcome"":""loss"",""price_e4"":4500}",HOLD_TO_SETTLEMENT,c5430eb845ac4cefb3c281ac543b383aad9652b9d0817d0605ab42bca6970657,1.0.0,2026-09-13T06:28:48Z,1.0.0,1.0.0,1.0.0,2026-09-13T06:28:48Z,READY,224,116,108,0.517857,0.482143,2700,2300,1.173913,289.285714,a1bee2f832bba4fbfbee499c6c89c2cf1a011d365a81efc1b5ef04b1ed6b0236,candle_path_not_fill,UNAVAILABLE,UNAVAILABLE,UNAVAILABLE,NOT_COMPUTABLE,UNAVAILABLE
weekly,THEORETICAL,base_decomposition,wins_3,-0.058824,fraction,binomial_roller_payoff,superasi_bdebase_v1.0.0,grade_config_v1,2026-09-13T13:03:03Z,77f6004823dc43509371df35ae2da858,913 ITI-01,520b4e76a9cc28b0c6569db6ee1d2b69ec97dac331fccf5f85a35ae2b53f260a,06ebb9644a2a3cec47351c00887dac177c54978adde1aa4c271a07d233dd8b72,79c4ae48c45e15f21346022d19dde6aa9329703681a8cd3921524af45d8891c9,913 ITI-01,NBA,NBA,2025-2026,2025-03-18,2026-09-01,"{""date_from"":""2025-03-18"",""date_to"":""2026-09-01"",""game_data"":[""pbp""],""leagues"":[""NBA""],""market_data"":[""candles""],""markets"":[""kalshi""],""seasons"":[""2025-2026""],""sports"":[""NBA""]}",TRADABLE_YES_BID,1_MINUTE_CANDLE,available_at,FIRST_TOUCH,"{""id"":""entry_mtw2zh6b_f4q8g"",""op"":""FIRST_TOUCH"",""ordinal"":""FIRST_TOUCH"",""period"":""Q2"",""price_e4"":6800,""source_vocabulary"":""TOUCH""}",REACH,"{""id"":""exit_mty0bwbw_mvfqe"",""op"":""REACH"",""outcome"":""win"",""price_e4"":9500}",REACH,"{""id"":""exit_mtug1t99_aq1lv"",""op"":""REACH"",""outcome"":""loss"",""price_e4"":4500}",HOLD_TO_SETTLEMENT,c5430eb845ac4cefb3c281ac543b383aad9652b9d0817d0605ab42bca6970657,1.0.0,2026-09-13T06:28:48Z,1.0.0,1.0.0,1.0.0,2026-09-13T06:28:48Z,READY,224,116,108,0.517857,0.482143,2700,2300,1.173913,289.285714,a1bee2f832bba4fbfbee499c6c89c2cf1a011d365a81efc1b5ef04b1ed6b0236,candle_path_not_fill,UNAVAILABLE,UNAVAILABLE,UNAVAILABLE,NOT_COMPUTABLE,UNAVAILABLE
weekly,THEORETICAL,base_decomposition,wins_3_probability,0.163782,fraction,binomial_roller_payoff,superasi_bdebase_v1.0.0,grade_config_v1,2026-09-13T13:03:03Z,77f6004823dc43509371df35ae2da858,913 ITI-01,520b4e76a9cc28b0c6569db6ee1d2b69ec97dac331fccf5f85a35ae2b53f260a,06ebb9644a2a3cec47351c00887dac177c54978adde1aa4c271a07d233dd8b72,79c4ae48c45e15f21346022d19dde6aa9329703681a8cd3921524af45d8891c9,913 ITI-01,NBA,NBA,2025-2026,2025-03-18,2026-09-01,"{""date_from"":""2025-03-18"",""date_to"":""2026-09-01"",""game_data"":[""pbp""],""leagues"":[""NBA""],""market_data"":[""candles""],""markets"":[""kalshi""],""seasons"":[""2025-2026""],""sports"":[""NBA""]}",TRADABLE_YES_BID,1_MINUTE_CANDLE,available_at,FIRST_TOUCH,"{""id"":""entry_mtw2zh6b_f4q8g"",""op"":""FIRST_TOUCH"",""ordinal"":""FIRST_TOUCH"",""period"":""Q2"",""price_e4"":6800,""source_vocabulary"":""TOUCH""}",REACH,"{""id"":""exit_mty0bwbw_mvfqe"",""op"":""REACH"",""outcome"":""win"",""price_e4"":9500}",REACH,"{""id"":""exit_mtug1t99_aq1lv"",""op"":""REACH"",""outcome"":""loss"",""price_e4"":4500}",HOLD_TO_SETTLEMENT,c5430eb845ac4cefb3c281ac543b383aad9652b9d0817d0605ab42bca6970657,1.0.0,2026-09-13T06:28:48Z,1.0.0,1.0.0,1.0.0,2026-09-13T06:28:48Z,READY,224,116,108,0.517857,0.482143,2700,2300,1.173913,289.285714,a1bee2f832bba4fbfbee499c6c89c2cf1a011d365a81efc1b5ef04b1ed6b0236,candle_path_not_fill,UNAVAILABLE,UNAVAILABLE,UNAVAILABLE,NOT_COMPUTABLE,UNAVAILABLE
weekly,THEORETICAL,base_decomposition,wins_4,-0.022059,fraction,binomial_roller_payoff,superasi_bdebase_v1.0.0,grade_config_v1,2026-09-13T13:03:03Z,77f6004823dc43509371df35ae2da858,913 ITI-01,520b4e76a9cc28b0c6569db6ee1d2b69ec97dac331fccf5f85a35ae2b53f260a,06ebb9644a2a3cec47351c00887dac177c54978adde1aa4c271a07d233dd8b72,79c4ae48c45e15f21346022d19dde6aa9329703681a8cd3921524af45d8891c9,913 ITI-01,NBA,NBA,2025-2026,2025-03-18,2026-09-01,"{""date_from"":""2025-03-18"",""date_to"":""2026-09-01"",""game_data"":[""pbp""],""leagues"":[""NBA""],""market_data"":[""candles""],""markets"":[""kalshi""],""seasons"":[""2025-2026""],""sports"":[""NBA""]}",TRADABLE_YES_BID,1_MINUTE_CANDLE,available_at,FIRST_TOUCH,"{""id"":""entry_mtw2zh6b_f4q8g"",""op"":""FIRST_TOUCH"",""ordinal"":""FIRST_TOUCH"",""period"":""Q2"",""price_e4"":6800,""source_vocabulary"":""TOUCH""}",REACH,"{""id"":""exit_mty0bwbw_mvfqe"",""op"":""REACH"",""outcome"":""win"",""price_e4"":9500}",REACH,"{""id"":""exit_mtug1t99_aq1lv"",""op"":""REACH"",""outcome"":""loss"",""price_e4"":4500}",HOLD_TO_SETTLEMENT,c5430eb845ac4cefb3c281ac543b383aad9652b9d0817d0605ab42bca6970657,1.0.0,2026-09-13T06:28:48Z,1.0.0,1.0.0,1.0.0,2026-09-13T06:28:48Z,READY,224,116,108,0.517857,0.482143,2700,2300,1.173913,289.285714,a1bee2f832bba4fbfbee499c6c89c2cf1a011d365a81efc1b5ef04b1ed6b0236,candle_path_not_fill,UNAVAILABLE,UNAVAILABLE,UNAVAILABLE,NOT_COMPUTABLE,UNAVAILABLE
weekly,THEORETICAL,base_decomposition,wins_4_probability,0.237050,fraction,binomial_roller_payoff,superasi_bdebase_v1.0.0,grade_config_v1,2026-09-13T13:03:03Z,77f6004823dc43509371df35ae2da858,913 ITI-01,520b4e76a9cc28b0c6569db6ee1d2b69ec97dac331fccf5f85a35ae2b53f260a,06ebb9644a2a3cec47351c00887dac177c54978adde1aa4c271a07d233dd8b72,79c4ae48c45e15f21346022d19dde6aa9329703681a8cd3921524af45d8891c9,913 ITI-01,NBA,NBA,2025-2026,2025-03-18,2026-09-01,"{""date_from"":""2025-03-18"",""date_to"":""2026-09-01"",""game_data"":[""pbp""],""leagues"":[""NBA""],""market_data"":[""candles""],""markets"":[""kalshi""],""seasons"":[""2025-2026""],""sports"":[""NBA""]}",TRADABLE_YES_BID,1_MINUTE_CANDLE,available_at,FIRST_TOUCH,"{""id"":""entry_mtw2zh6b_f4q8g"",""op"":""FIRST_TOUCH"",""ordinal"":""FIRST_TOUCH"",""period"":""Q2"",""price_e4"":6800,""source_vocabulary"":""TOUCH""}",REACH,"{""id"":""exit_mty0bwbw_mvfqe"",""op"":""REACH"",""outcome"":""win"",""price_e4"":9500}",REACH,"{""id"":""exit_mtug1t99_aq1lv"",""op"":""REACH"",""outcome"":""loss"",""price_e4"":4500}",HOLD_TO_SETTLEMENT,c5430eb845ac4cefb3c281ac543b383aad9652b9d0817d0605ab42bca6970657,1.0.0,2026-09-13T06:28:48Z,1.0.0,1.0.0,1.0.0,2026-09-13T06:28:48Z,READY,224,116,108,0.517857,0.482143,2700,2300,1.173913,289.285714,a1bee2f832bba4fbfbee499c6c89c2cf1a011d365a81efc1b5ef04b1ed6b0236,candle_path_not_fill,UNAVAILABLE,UNAVAILABLE,UNAVAILABLE,NOT_COMPUTABLE,UNAVAILABLE
weekly,THEORETICAL,base_decomposition,wins_5,0.014706,fraction,binomial_roller_payoff,superasi_bdebase_v1.0.0,grade_config_v1,2026-09-13T13:03:03Z,77f6004823dc43509371df35ae2da858,913 ITI-01,520b4e76a9cc28b0c6569db6ee1d2b69ec97dac331fccf5f85a35ae2b53f260a,06ebb9644a2a3cec47351c00887dac177c54978adde1aa4c271a07d233dd8b72,79c4ae48c45e15f21346022d19dde6aa9329703681a8cd3921524af45d8891c9,913 ITI-01,NBA,NBA,2025-2026,2025-03-18,2026-09-01,"{""date_from"":""2025-03-18"",""date_to"":""2026-09-01"",""game_data"":[""pbp""],""leagues"":[""NBA""],""market_data"":[""candles""],""markets"":[""kalshi""],""seasons"":[""2025-2026""],""sports"":[""NBA""]}",TRADABLE_YES_BID,1_MINUTE_CANDLE,available_at,FIRST_TOUCH,"{""id"":""entry_mtw2zh6b_f4q8g"",""op"":""FIRST_TOUCH"",""ordinal"":""FIRST_TOUCH"",""period"":""Q2"",""price_e4"":6800,""source_vocabulary"":""TOUCH""}",REACH,"{""id"":""exit_mty0bwbw_mvfqe"",""op"":""REACH"",""outcome"":""win"",""price_e4"":9500}",REACH,"{""id"":""exit_mtug1t99_aq1lv"",""op"":""REACH"",""outcome"":""loss"",""price_e4"":4500}",HOLD_TO_SETTLEMENT,c5430eb845ac4cefb3c281ac543b383aad9652b9d0817d0605ab42bca6970657,1.0.0,2026-09-13T06:28:48Z,1.0.0,1.0.0,1.0.0,2026-09-13T06:28:48Z,READY,224,116,108,0.517857,0.482143,2700,2300,1.173913,289.285714,a1bee2f832bba4fbfbee499c6c89c2cf1a011d365a81efc1b5ef04b1ed6b0236,candle_path_not_fill,UNAVAILABLE,UNAVAILABLE,UNAVAILABLE,NOT_COMPUTABLE,UNAVAILABLE
weekly,THEORETICAL,base_decomposition,wins_5_probability,0.235265,fraction,binomial_roller_payoff,superasi_bdebase_v1.0.0,grade_config_v1,2026-09-13T13:03:03Z,77f6004823dc43509371df35ae2da858,913 ITI-01,520b4e76a9cc28b0c6569db6ee1d2b69ec97dac331fccf5f85a35ae2b53f260a,06ebb9644a2a3cec47351c00887dac177c54978adde1aa4c271a07d233dd8b72,79c4ae48c45e15f21346022d19dde6aa9329703681a8cd3921524af45d8891c9,913 ITI-01,NBA,NBA,2025-2026,2025-03-18,2026-09-01,"{""date_from"":""2025-03-18"",""date_to"":""2026-09-01"",""game_data"":[""pbp""],""leagues"":[""NBA""],""market_data"":[""candles""],""markets"":[""kalshi""],""seasons"":[""2025-2026""],""sports"":[""NBA""]}",TRADABLE_YES_BID,1_MINUTE_CANDLE,available_at,FIRST_TOUCH,"{""id"":""entry_mtw2zh6b_f4q8g"",""op"":""FIRST_TOUCH"",""ordinal"":""FIRST_TOUCH"",""period"":""Q2"",""price_e4"":6800,""source_vocabulary"":""TOUCH""}",REACH,"{""id"":""exit_mty0bwbw_mvfqe"",""op"":""REACH"",""outcome"":""win"",""price_e4"":9500}",REACH,"{""id"":""exit_mtug1t99_aq1lv"",""op"":""REACH"",""outcome"":""loss"",""price_e4"":4500}",HOLD_TO_SETTLEMENT,c5430eb845ac4cefb3c281ac543b383aad9652b9d0817d0605ab42bca6970657,1.0.0,2026-09-13T06:28:48Z,1.0.0,1.0.0,1.0.0,2026-09-13T06:28:48Z,READY,224,116,108,0.517857,0.482143,2700,2300,1.173913,289.285714,a1bee2f832bba4fbfbee499c6c89c2cf1a011d365a81efc1b5ef04b1ed6b0236,candle_path_not_fill,UNAVAILABLE,UNAVAILABLE,UNAVAILABLE,NOT_COMPUTABLE,UNAVAILABLE
weekly,THEORETICAL,base_decomposition,wins_6,0.051471,fraction,binomial_roller_payoff,superasi_bdebase_v1.0.0,grade_config_v1,2026-09-13T13:03:03Z,77f6004823dc43509371df35ae2da858,913 ITI-01,520b4e76a9cc28b0c6569db6ee1d2b69ec97dac331fccf5f85a35ae2b53f260a,06ebb9644a2a3cec47351c00887dac177c54978adde1aa4c271a07d233dd8b72,79c4ae48c45e15f21346022d19dde6aa9329703681a8cd3921524af45d8891c9,913 ITI-01,NBA,NBA,2025-2026,2025-03-18,2026-09-01,"{""date_from"":""2025-03-18"",""date_to"":""2026-09-01"",""game_data"":[""pbp""],""leagues"":[""NBA""],""market_data"":[""candles""],""markets"":[""kalshi""],""seasons"":[""2025-2026""],""sports"":[""NBA""]}",TRADABLE_YES_BID,1_MINUTE_CANDLE,available_at,FIRST_TOUCH,"{""id"":""entry_mtw2zh6b_f4q8g"",""op"":""FIRST_TOUCH"",""ordinal"":""FIRST_TOUCH"",""period"":""Q2"",""price_e4"":6800,""source_vocabulary"":""TOUCH""}",REACH,"{""id"":""exit_mty0bwbw_mvfqe"",""op"":""REACH"",""outcome"":""win"",""price_e4"":9500}",REACH,"{""id"":""exit_mtug1t99_aq1lv"",""op"":""REACH"",""outcome"":""loss"",""price_e4"":4500}",HOLD_TO_SETTLEMENT,c5430eb845ac4cefb3c281ac543b383aad9652b9d0817d0605ab42bca6970657,1.0.0,2026-09-13T06:28:48Z,1.0.0,1.0.0,1.0.0,2026-09-13T06:28:48Z,READY,224,116,108,0.517857,0.482143,2700,2300,1.173913,289.285714,a1bee2f832bba4fbfbee499c6c89c2cf1a011d365a81efc1b5ef04b1ed6b0236,candle_path_not_fill,UNAVAILABLE,UNAVAILABLE,UNAVAILABLE,NOT_COMPUTABLE,UNAVAILABLE
weekly,THEORETICAL,base_decomposition,wins_6_probability,0.162148,fraction,binomial_roller_payoff,superasi_bdebase_v1.0.0,grade_config_v1,2026-09-13T13:03:03Z,77f6004823dc43509371df35ae2da858,913 ITI-01,520b4e76a9cc28b0c6569db6ee1d2b69ec97dac331fccf5f85a35ae2b53f260a,06ebb9644a2a3cec47351c00887dac177c54978adde1aa4c271a07d233dd8b72,79c4ae48c45e15f21346022d19dde6aa9329703681a8cd3921524af45d8891c9,913 ITI-01,NBA,NBA,2025-2026,2025-03-18,2026-09-01,"{""date_from"":""2025-03-18"",""date_to"":""2026-09-01"",""game_data"":[""pbp""],""leagues"":[""NBA""],""market_data"":[""candles""],""markets"":[""kalshi""],""seasons"":[""2025-2026""],""sports"":[""NBA""]}",TRADABLE_YES_BID,1_MINUTE_CANDLE,available_at,FIRST_TOUCH,"{""id"":""entry_mtw2zh6b_f4q8g"",""op"":""FIRST_TOUCH"",""ordinal"":""FIRST_TOUCH"",""period"":""Q2"",""price_e4"":6800,""source_vocabulary"":""TOUCH""}",REACH,"{""id"":""exit_mty0bwbw_mvfqe"",""op"":""REACH"",""outcome"":""win"",""price_e4"":9500}",REACH,"{""id"":""exit_mtug1t99_aq1lv"",""op"":""REACH"",""outcome"":""loss"",""price_e4"":4500}",HOLD_TO_SETTLEMENT,c5430eb845ac4cefb3c281ac543b383aad9652b9d0817d0605ab42bca6970657,1.0.0,2026-09-13T06:28:48Z,1.0.0,1.0.0,1.0.0,2026-09-13T06:28:48Z,READY,224,116,108,0.517857,0.482143,2700,2300,1.173913,289.285714,a1bee2f832bba4fbfbee499c6c89c2cf1a011d365a81efc1b5ef04b1ed6b0236,candle_path_not_fill,UNAVAILABLE,UNAVAILABLE,UNAVAILABLE,NOT_COMPUTABLE,UNAVAILABLE
weekly,THEORETICAL,base_decomposition,wins_7,0.088235,fraction,binomial_roller_payoff,superasi_bdebase_v1.0.0,grade_config_v1,2026-09-13T13:03:03Z,77f6004823dc43509371df35ae2da858,913 ITI-01,520b4e76a9cc28b0c6569db6ee1d2b69ec97dac331fccf5f85a35ae2b53f260a,06ebb9644a2a3cec47351c00887dac177c54978adde1aa4c271a07d233dd8b72,79c4ae48c45e15f21346022d19dde6aa9329703681a8cd3921524af45d8891c9,913 ITI-01,NBA,NBA,2025-2026,2025-03-18,2026-09-01,"{""date_from"":""2025-03-18"",""date_to"":""2026-09-01"",""game_data"":[""pbp""],""leagues"":[""NBA""],""market_data"":[""candles""],""markets"":[""kalshi""],""seasons"":[""2025-2026""],""sports"":[""NBA""]}",TRADABLE_YES_BID,1_MINUTE_CANDLE,available_at,FIRST_TOUCH,"{""id"":""entry_mtw2zh6b_f4q8g"",""op"":""FIRST_TOUCH"",""ordinal"":""FIRST_TOUCH"",""period"":""Q2"",""price_e4"":6800,""source_vocabulary"":""TOUCH""}",REACH,"{""id"":""exit_mty0bwbw_mvfqe"",""op"":""REACH"",""outcome"":""win"",""price_e4"":9500}",REACH,"{""id"":""exit_mtug1t99_aq1lv"",""op"":""REACH"",""outcome"":""loss"",""price_e4"":4500}",HOLD_TO_SETTLEMENT,c5430eb845ac4cefb3c281ac543b383aad9652b9d0817d0605ab42bca6970657,1.0.0,2026-09-13T06:28:48Z,1.0.0,1.0.0,1.0.0,2026-09-13T06:28:48Z,READY,224,116,108,0.517857,0.482143,2700,2300,1.173913,289.285714,a1bee2f832bba4fbfbee499c6c89c2cf1a011d365a81efc1b5ef04b1ed6b0236,candle_path_not_fill,UNAVAILABLE,UNAVAILABLE,UNAVAILABLE,NOT_COMPUTABLE,UNAVAILABLE
weekly,THEORETICAL,base_decomposition,wins_7_probability,0.076632,fraction,binomial_roller_payoff,superasi_bdebase_v1.0.0,grade_config_v1,2026-09-13T13:03:03Z,77f6004823dc43509371df35ae2da858,913 ITI-01,520b4e76a9cc28b0c6569db6ee1d2b69ec97dac331fccf5f85a35ae2b53f260a,06ebb9644a2a3cec47351c00887dac177c54978adde1aa4c271a07d233dd8b72,79c4ae48c45e15f21346022d19dde6aa9329703681a8cd3921524af45d8891c9,913 ITI-01,NBA,NBA,2025-2026,2025-03-18,2026-09-01,"{""date_from"":""2025-03-18"",""date_to"":""2026-09-01"",""game_data"":[""pbp""],""leagues"":[""NBA""],""market_data"":[""candles""],""markets"":[""kalshi""],""seasons"":[""2025-2026""],""sports"":[""NBA""]}",TRADABLE_YES_BID,1_MINUTE_CANDLE,available_at,FIRST_TOUCH,"{""id"":""entry_mtw2zh6b_f4q8g"",""op"":""FIRST_TOUCH"",""ordinal"":""FIRST_TOUCH"",""period"":""Q2"",""price_e4"":6800,""source_vocabulary"":""TOUCH""}",REACH,"{""id"":""exit_mty0bwbw_mvfqe"",""op"":""REACH"",""outcome"":""win"",""price_e4"":9500}",REACH,"{""id"":""exit_mtug1t99_aq1lv"",""op"":""REACH"",""outcome"":""loss"",""price_e4"":4500}",HOLD_TO_SETTLEMENT,c5430eb845ac4cefb3c281ac543b383aad9652b9d0817d0605ab42bca6970657,1.0.0,2026-09-13T06:28:48Z,1.0.0,1.0.0,1.0.0,2026-09-13T06:28:48Z,READY,224,116,108,0.517857,0.482143,2700,2300,1.173913,289.285714,a1bee2f832bba4fbfbee499c6c89c2cf1a011d365a81efc1b5ef04b1ed6b0236,candle_path_not_fill,UNAVAILABLE,UNAVAILABLE,UNAVAILABLE,NOT_COMPUTABLE,UNAVAILABLE
weekly,THEORETICAL,base_decomposition,wins_8,0.125000,fraction,binomial_roller_payoff,superasi_bdebase_v1.0.0,grade_config_v1,2026-09-13T13:03:03Z,77f6004823dc43509371df35ae2da858,913 ITI-01,520b4e76a9cc28b0c6569db6ee1d2b69ec97dac331fccf5f85a35ae2b53f260a,06ebb9644a2a3cec47351c00887dac177c54978adde1aa4c271a07d233dd8b72,79c4ae48c45e15f21346022d19dde6aa9329703681a8cd3921524af45d8891c9,913 ITI-01,NBA,NBA,2025-2026,2025-03-18,2026-09-01,"{""date_from"":""2025-03-18"",""date_to"":""2026-09-01"",""game_data"":[""pbp""],""leagues"":[""NBA""],""market_data"":[""candles""],""markets"":[""kalshi""],""seasons"":[""2025-2026""],""sports"":[""NBA""]}",TRADABLE_YES_BID,1_MINUTE_CANDLE,available_at,FIRST_TOUCH,"{""id"":""entry_mtw2zh6b_f4q8g"",""op"":""FIRST_TOUCH"",""ordinal"":""FIRST_TOUCH"",""period"":""Q2"",""price_e4"":6800,""source_vocabulary"":""TOUCH""}",REACH,"{""id"":""exit_mty0bwbw_mvfqe"",""op"":""REACH"",""outcome"":""win"",""price_e4"":9500}",REACH,"{""id"":""exit_mtug1t99_aq1lv"",""op"":""REACH"",""outcome"":""loss"",""price_e4"":4500}",HOLD_TO_SETTLEMENT,c5430eb845ac4cefb3c281ac543b383aad9652b9d0817d0605ab42bca6970657,1.0.0,2026-09-13T06:28:48Z,1.0.0,1.0.0,1.0.0,2026-09-13T06:28:48Z,READY,224,116,108,0.517857,0.482143,2700,2300,1.173913,289.285714,a1bee2f832bba4fbfbee499c6c89c2cf1a011d365a81efc1b5ef04b1ed6b0236,candle_path_not_fill,UNAVAILABLE,UNAVAILABLE,UNAVAILABLE,NOT_COMPUTABLE,UNAVAILABLE
weekly,THEORETICAL,base_decomposition,wins_8_probability,0.023767,fraction,binomial_roller_payoff,superasi_bdebase_v1.0.0,grade_config_v1,2026-09-13T13:03:03Z,77f6004823dc43509371df35ae2da858,913 ITI-01,520b4e76a9cc28b0c6569db6ee1d2b69ec97dac331fccf5f85a35ae2b53f260a,06ebb9644a2a3cec47351c00887dac177c54978adde1aa4c271a07d233dd8b72,79c4ae48c45e15f21346022d19dde6aa9329703681a8cd3921524af45d8891c9,913 ITI-01,NBA,NBA,2025-2026,2025-03-18,2026-09-01,"{""date_from"":""2025-03-18"",""date_to"":""2026-09-01"",""game_data"":[""pbp""],""leagues"":[""NBA""],""market_data"":[""candles""],""markets"":[""kalshi""],""seasons"":[""2025-2026""],""sports"":[""NBA""]}",TRADABLE_YES_BID,1_MINUTE_CANDLE,available_at,FIRST_TOUCH,"{""id"":""entry_mtw2zh6b_f4q8g"",""op"":""FIRST_TOUCH"",""ordinal"":""FIRST_TOUCH"",""period"":""Q2"",""price_e4"":6800,""source_vocabulary"":""TOUCH""}",REACH,"{""id"":""exit_mty0bwbw_mvfqe"",""op"":""REACH"",""outcome"":""win"",""price_e4"":9500}",REACH,"{""id"":""exit_mtug1t99_aq1lv"",""op"":""REACH"",""outcome"":""loss"",""price_e4"":4500}",HOLD_TO_SETTLEMENT,c5430eb845ac4cefb3c281ac543b383aad9652b9d0817d0605ab42bca6970657,1.0.0,2026-09-13T06:28:48Z,1.0.0,1.0.0,1.0.0,2026-09-13T06:28:48Z,READY,224,116,108,0.517857,0.482143,2700,2300,1.173913,289.285714,a1bee2f832bba4fbfbee499c6c89c2cf1a011d365a81efc1b5ef04b1ed6b0236,candle_path_not_fill,UNAVAILABLE,UNAVAILABLE,UNAVAILABLE,NOT_COMPUTABLE,UNAVAILABLE
weekly,THEORETICAL,base_decomposition,wins_9,0.161765,fraction,binomial_roller_payoff,superasi_bdebase_v1.0.0,grade_config_v1,2026-09-13T13:03:03Z,77f6004823dc43509371df35ae2da858,913 ITI-01,520b4e76a9cc28b0c6569db6ee1d2b69ec97dac331fccf5f85a35ae2b53f260a,06ebb9644a2a3cec47351c00887dac177c54978adde1aa4c271a07d233dd8b72,79c4ae48c45e15f21346022d19dde6aa9329703681a8cd3921524af45d8891c9,913 ITI-01,NBA,NBA,2025-2026,2025-03-18,2026-09-01,"{""date_from"":""2025-03-18"",""date_to"":""2026-09-01"",""game_data"":[""pbp""],""leagues"":[""NBA""],""market_data"":[""candles""],""markets"":[""kalshi""],""seasons"":[""2025-2026""],""sports"":[""NBA""]}",TRADABLE_YES_BID,1_MINUTE_CANDLE,available_at,FIRST_TOUCH,"{""id"":""entry_mtw2zh6b_f4q8g"",""op"":""FIRST_TOUCH"",""ordinal"":""FIRST_TOUCH"",""period"":""Q2"",""price_e4"":6800,""source_vocabulary"":""TOUCH""}",REACH,"{""id"":""exit_mty0bwbw_mvfqe"",""op"":""REACH"",""outcome"":""win"",""price_e4"":9500}",REACH,"{""id"":""exit_mtug1t99_aq1lv"",""op"":""REACH"",""outcome"":""loss"",""price_e4"":4500}",HOLD_TO_SETTLEMENT,c5430eb845ac4cefb3c281ac543b383aad9652b9d0817d0605ab42bca6970657,1.0.0,2026-09-13T06:28:48Z,1.0.0,1.0.0,1.0.0,2026-09-13T06:28:48Z,READY,224,116,108,0.517857,0.482143,2700,2300,1.173913,289.285714,a1bee2f832bba4fbfbee499c6c89c2cf1a011d365a81efc1b5ef04b1ed6b0236,candle_path_not_fill,UNAVAILABLE,UNAVAILABLE,UNAVAILABLE,NOT_COMPUTABLE,UNAVAILABLE
weekly,THEORETICAL,base_decomposition,wins_9_probability,0.004368,fraction,binomial_roller_payoff,superasi_bdebase_v1.0.0,grade_config_v1,2026-09-13T13:03:03Z,77f6004823dc43509371df35ae2da858,913 ITI-01,520b4e76a9cc28b0c6569db6ee1d2b69ec97dac331fccf5f85a35ae2b53f260a,06ebb9644a2a3cec47351c00887dac177c54978adde1aa4c271a07d233dd8b72,79c4ae48c45e15f21346022d19dde6aa9329703681a8cd3921524af45d8891c9,913 ITI-01,NBA,NBA,2025-2026,2025-03-18,2026-09-01,"{""date_from"":""2025-03-18"",""date_to"":""2026-09-01"",""game_data"":[""pbp""],""leagues"":[""NBA""],""market_data"":[""candles""],""markets"":[""kalshi""],""seasons"":[""2025-2026""],""sports"":[""NBA""]}",TRADABLE_YES_BID,1_MINUTE_CANDLE,available_at,FIRST_TOUCH,"{""id"":""entry_mtw2zh6b_f4q8g"",""op"":""FIRST_TOUCH"",""ordinal"":""FIRST_TOUCH"",""period"":""Q2"",""price_e4"":6800,""source_vocabulary"":""TOUCH""}",REACH,"{""id"":""exit_mty0bwbw_mvfqe"",""op"":""REACH"",""outcome"":""win"",""price_e4"":9500}",REACH,"{""id"":""exit_mtug1t99_aq1lv"",""op"":""REACH"",""outcome"":""loss"",""price_e4"":4500}",HOLD_TO_SETTLEMENT,c5430eb845ac4cefb3c281ac543b383aad9652b9d0817d0605ab42bca6970657,1.0.0,2026-09-13T06:28:48Z,1.0.0,1.0.0,1.0.0,2026-09-13T06:28:48Z,READY,224,116,108,0.517857,0.482143,2700,2300,1.173913,289.285714,a1bee2f832bba4fbfbee499c6c89c2cf1a011d365a81efc1b5ef04b1ed6b0236,candle_path_not_fill,UNAVAILABLE,UNAVAILABLE,UNAVAILABLE,NOT_COMPUTABLE,UNAVAILABLE
weekly,THEORETICAL,base_decomposition,wins_10,0.198529,fraction,binomial_roller_payoff,superasi_bdebase_v1.0.0,grade_config_v1,2026-09-13T13:03:03Z,77f6004823dc43509371df35ae2da858,913 ITI-01,520b4e76a9cc28b0c6569db6ee1d2b69ec97dac331fccf5f85a35ae2b53f260a,06ebb9644a2a3cec47351c00887dac177c54978adde1aa4c271a07d233dd8b72,79c4ae48c45e15f21346022d19dde6aa9329703681a8cd3921524af45d8891c9,913 ITI-01,NBA,NBA,2025-2026,2025-03-18,2026-09-01,"{""date_from"":""2025-03-18"",""date_to"":""2026-09-01"",""game_data"":[""pbp""],""leagues"":[""NBA""],""market_data"":[""candles""],""markets"":[""kalshi""],""seasons"":[""2025-2026""],""sports"":[""NBA""]}",TRADABLE_YES_BID,1_MINUTE_CANDLE,available_at,FIRST_TOUCH,"{""id"":""entry_mtw2zh6b_f4q8g"",""op"":""FIRST_TOUCH"",""ordinal"":""FIRST_TOUCH"",""period"":""Q2"",""price_e4"":6800,""source_vocabulary"":""TOUCH""}",REACH,"{""id"":""exit_mty0bwbw_mvfqe"",""op"":""REACH"",""outcome"":""win"",""price_e4"":9500}",REACH,"{""id"":""exit_mtug1t99_aq1lv"",""op"":""REACH"",""outcome"":""loss"",""price_e4"":4500}",HOLD_TO_SETTLEMENT,c5430eb845ac4cefb3c281ac543b383aad9652b9d0817d0605ab42bca6970657,1.0.0,2026-09-13T06:28:48Z,1.0.0,1.0.0,1.0.0,2026-09-13T06:28:48Z,READY,224,116,108,0.517857,0.482143,2700,2300,1.173913,289.285714,a1bee2f832bba4fbfbee499c6c89c2cf1a011d365a81efc1b5ef04b1ed6b0236,candle_path_not_fill,UNAVAILABLE,UNAVAILABLE,UNAVAILABLE,NOT_COMPUTABLE,UNAVAILABLE
weekly,THEORETICAL,base_decomposition,wins_10_probability,0.000361,fraction,binomial_roller_payoff,superasi_bdebase_v1.0.0,grade_config_v1,2026-09-13T13:03:03Z,77f6004823dc43509371df35ae2da858,913 ITI-01,520b4e76a9cc28b0c6569db6ee1d2b69ec97dac331fccf5f85a35ae2b53f260a,06ebb9644a2a3cec47351c00887dac177c54978adde1aa4c271a07d233dd8b72,79c4ae48c45e15f21346022d19dde6aa9329703681a8cd3921524af45d8891c9,913 ITI-01,NBA,NBA,2025-2026,2025-03-18,2026-09-01,"{""date_from"":""2025-03-18"",""date_to"":""2026-09-01"",""game_data"":[""pbp""],""leagues"":[""NBA""],""market_data"":[""candles""],""markets"":[""kalshi""],""seasons"":[""2025-2026""],""sports"":[""NBA""]}",TRADABLE_YES_BID,1_MINUTE_CANDLE,available_at,FIRST_TOUCH,"{""id"":""entry_mtw2zh6b_f4q8g"",""op"":""FIRST_TOUCH"",""ordinal"":""FIRST_TOUCH"",""period"":""Q2"",""price_e4"":6800,""source_vocabulary"":""TOUCH""}",REACH,"{""id"":""exit_mty0bwbw_mvfqe"",""op"":""REACH"",""outcome"":""win"",""price_e4"":9500}",REACH,"{""id"":""exit_mtug1t99_aq1lv"",""op"":""REACH"",""outcome"":""loss"",""price_e4"":4500}",HOLD_TO_SETTLEMENT,c5430eb845ac4cefb3c281ac543b383aad9652b9d0817d0605ab42bca6970657,1.0.0,2026-09-13T06:28:48Z,1.0.0,1.0.0,1.0.0,2026-09-13T06:28:48Z,READY,224,116,108,0.517857,0.482143,2700,2300,1.173913,289.285714,a1bee2f832bba4fbfbee499c6c89c2cf1a011d365a81efc1b5ef04b1ed6b0236,candle_path_not_fill,UNAVAILABLE,UNAVAILABLE,UNAVAILABLE,NOT_COMPUTABLE,UNAVAILABLE
weekly_observed,OBSERVED,base_decomposition,status,OBSERVED,,iso_week,superasi_bdebase_v1.0.0,grade_config_v1,2026-09-13T13:03:03Z,77f6004823dc43509371df35ae2da858,913 ITI-01,520b4e76a9cc28b0c6569db6ee1d2b69ec97dac331fccf5f85a35ae2b53f260a,06ebb9644a2a3cec47351c00887dac177c54978adde1aa4c271a07d233dd8b72,79c4ae48c45e15f21346022d19dde6aa9329703681a8cd3921524af45d8891c9,913 ITI-01,NBA,NBA,2025-2026,2025-03-18,2026-09-01,"{""date_from"":""2025-03-18"",""date_to"":""2026-09-01"",""game_data"":[""pbp""],""leagues"":[""NBA""],""market_data"":[""candles""],""markets"":[""kalshi""],""seasons"":[""2025-2026""],""sports"":[""NBA""]}",TRADABLE_YES_BID,1_MINUTE_CANDLE,available_at,FIRST_TOUCH,"{""id"":""entry_mtw2zh6b_f4q8g"",""op"":""FIRST_TOUCH"",""ordinal"":""FIRST_TOUCH"",""period"":""Q2"",""price_e4"":6800,""source_vocabulary"":""TOUCH""}",REACH,"{""id"":""exit_mty0bwbw_mvfqe"",""op"":""REACH"",""outcome"":""win"",""price_e4"":9500}",REACH,"{""id"":""exit_mtug1t99_aq1lv"",""op"":""REACH"",""outcome"":""loss"",""price_e4"":4500}",HOLD_TO_SETTLEMENT,c5430eb845ac4cefb3c281ac543b383aad9652b9d0817d0605ab42bca6970657,1.0.0,2026-09-13T06:28:48Z,1.0.0,1.0.0,1.0.0,2026-09-13T06:28:48Z,READY,224,116,108,0.517857,0.482143,2700,2300,1.173913,289.285714,a1bee2f832bba4fbfbee499c6c89c2cf1a011d365a81efc1b5ef04b1ed6b0236,candle_path_not_fill,UNAVAILABLE,UNAVAILABLE,UNAVAILABLE,NOT_COMPUTABLE,UNAVAILABLE
weekly_observed,OBSERVED,base_decomposition,observed_weekly_return_mean,0.014890,fraction,iso_week,superasi_bdebase_v1.0.0,grade_config_v1,2026-09-13T13:03:03Z,77f6004823dc43509371df35ae2da858,913 ITI-01,520b4e76a9cc28b0c6569db6ee1d2b69ec97dac331fccf5f85a35ae2b53f260a,06ebb9644a2a3cec47351c00887dac177c54978adde1aa4c271a07d233dd8b72,79c4ae48c45e15f21346022d19dde6aa9329703681a8cd3921524af45d8891c9,913 ITI-01,NBA,NBA,2025-2026,2025-03-18,2026-09-01,"{""date_from"":""2025-03-18"",""date_to"":""2026-09-01"",""game_data"":[""pbp""],""leagues"":[""NBA""],""market_data"":[""candles""],""markets"":[""kalshi""],""seasons"":[""2025-2026""],""sports"":[""NBA""]}",TRADABLE_YES_BID,1_MINUTE_CANDLE,available_at,FIRST_TOUCH,"{""id"":""entry_mtw2zh6b_f4q8g"",""op"":""FIRST_TOUCH"",""ordinal"":""FIRST_TOUCH"",""period"":""Q2"",""price_e4"":6800,""source_vocabulary"":""TOUCH""}",REACH,"{""id"":""exit_mty0bwbw_mvfqe"",""op"":""REACH"",""outcome"":""win"",""price_e4"":9500}",REACH,"{""id"":""exit_mtug1t99_aq1lv"",""op"":""REACH"",""outcome"":""loss"",""price_e4"":4500}",HOLD_TO_SETTLEMENT,c5430eb845ac4cefb3c281ac543b383aad9652b9d0817d0605ab42bca6970657,1.0.0,2026-09-13T06:28:48Z,1.0.0,1.0.0,1.0.0,2026-09-13T06:28:48Z,READY,224,116,108,0.517857,0.482143,2700,2300,1.173913,289.285714,a1bee2f832bba4fbfbee499c6c89c2cf1a011d365a81efc1b5ef04b1ed6b0236,candle_path_not_fill,UNAVAILABLE,UNAVAILABLE,UNAVAILABLE,NOT_COMPUTABLE,UNAVAILABLE
weekly_observed,OBSERVED,base_decomposition,2025-W42,-0.044853,fraction,iso_week,superasi_bdebase_v1.0.0,grade_config_v1,2026-09-13T13:03:03Z,77f6004823dc43509371df35ae2da858,913 ITI-01,520b4e76a9cc28b0c6569db6ee1d2b69ec97dac331fccf5f85a35ae2b53f260a,06ebb9644a2a3cec47351c00887dac177c54978adde1aa4c271a07d233dd8b72,79c4ae48c45e15f21346022d19dde6aa9329703681a8cd3921524af45d8891c9,913 ITI-01,NBA,NBA,2025-2026,2025-03-18,2026-09-01,"{""date_from"":""2025-03-18"",""date_to"":""2026-09-01"",""game_data"":[""pbp""],""leagues"":[""NBA""],""market_data"":[""candles""],""markets"":[""kalshi""],""seasons"":[""2025-2026""],""sports"":[""NBA""]}",TRADABLE_YES_BID,1_MINUTE_CANDLE,available_at,FIRST_TOUCH,"{""id"":""entry_mtw2zh6b_f4q8g"",""op"":""FIRST_TOUCH"",""ordinal"":""FIRST_TOUCH"",""period"":""Q2"",""price_e4"":6800,""source_vocabulary"":""TOUCH""}",REACH,"{""id"":""exit_mty0bwbw_mvfqe"",""op"":""REACH"",""outcome"":""win"",""price_e4"":9500}",REACH,"{""id"":""exit_mtug1t99_aq1lv"",""op"":""REACH"",""outcome"":""loss"",""price_e4"":4500}",HOLD_TO_SETTLEMENT,c5430eb845ac4cefb3c281ac543b383aad9652b9d0817d0605ab42bca6970657,1.0.0,2026-09-13T06:28:48Z,1.0.0,1.0.0,1.0.0,2026-09-13T06:28:48Z,READY,224,116,108,0.517857,0.482143,2700,2300,1.173913,289.285714,a1bee2f832bba4fbfbee499c6c89c2cf1a011d365a81efc1b5ef04b1ed6b0236,candle_path_not_fill,UNAVAILABLE,UNAVAILABLE,UNAVAILABLE,NOT_COMPUTABLE,UNAVAILABLE
weekly_observed,OBSERVED,base_decomposition,2025-W43,-0.041912,fraction,iso_week,superasi_bdebase_v1.0.0,grade_config_v1,2026-09-13T13:03:03Z,77f6004823dc43509371df35ae2da858,913 ITI-01,520b4e76a9cc28b0c6569db6ee1d2b69ec97dac331fccf5f85a35ae2b53f260a,06ebb9644a2a3cec47351c00887dac177c54978adde1aa4c271a07d233dd8b72,79c4ae48c45e15f21346022d19dde6aa9329703681a8cd3921524af45d8891c9,913 ITI-01,NBA,NBA,2025-2026,2025-03-18,2026-09-01,"{""date_from"":""2025-03-18"",""date_to"":""2026-09-01"",""game_data"":[""pbp""],""leagues"":[""NBA""],""market_data"":[""candles""],""markets"":[""kalshi""],""seasons"":[""2025-2026""],""sports"":[""NBA""]}",TRADABLE_YES_BID,1_MINUTE_CANDLE,available_at,FIRST_TOUCH,"{""id"":""entry_mtw2zh6b_f4q8g"",""op"":""FIRST_TOUCH"",""ordinal"":""FIRST_TOUCH"",""period"":""Q2"",""price_e4"":6800,""source_vocabulary"":""TOUCH""}",REACH,"{""id"":""exit_mty0bwbw_mvfqe"",""op"":""REACH"",""outcome"":""win"",""price_e4"":9500}",REACH,"{""id"":""exit_mtug1t99_aq1lv"",""op"":""REACH"",""outcome"":""loss"",""price_e4"":4500}",HOLD_TO_SETTLEMENT,c5430eb845ac4cefb3c281ac543b383aad9652b9d0817d0605ab42bca6970657,1.0.0,2026-09-13T06:28:48Z,1.0.0,1.0.0,1.0.0,2026-09-13T06:28:48Z,READY,224,116,108,0.517857,0.482143,2700,2300,1.173913,289.285714,a1bee2f832bba4fbfbee499c6c89c2cf1a011d365a81efc1b5ef04b1ed6b0236,candle_path_not_fill,UNAVAILABLE,UNAVAILABLE,UNAVAILABLE,NOT_COMPUTABLE,UNAVAILABLE
weekly_observed,OBSERVED,base_decomposition,2025-W44,-0.022059,fraction,iso_week,superasi_bdebase_v1.0.0,grade_config_v1,2026-09-13T13:03:03Z,77f6004823dc43509371df35ae2da858,913 ITI-01,520b4e76a9cc28b0c6569db6ee1d2b69ec97dac331fccf5f85a35ae2b53f260a,06ebb9644a2a3cec47351c00887dac177c54978adde1aa4c271a07d233dd8b72,79c4ae48c45e15f21346022d19dde6aa9329703681a8cd3921524af45d8891c9,913 ITI-01,NBA,NBA,2025-2026,2025-03-18,2026-09-01,"{""date_from"":""2025-03-18"",""date_to"":""2026-09-01"",""game_data"":[""pbp""],""leagues"":[""NBA""],""market_data"":[""candles""],""markets"":[""kalshi""],""seasons"":[""2025-2026""],""sports"":[""NBA""]}",TRADABLE_YES_BID,1_MINUTE_CANDLE,available_at,FIRST_TOUCH,"{""id"":""entry_mtw2zh6b_f4q8g"",""op"":""FIRST_TOUCH"",""ordinal"":""FIRST_TOUCH"",""period"":""Q2"",""price_e4"":6800,""source_vocabulary"":""TOUCH""}",REACH,"{""id"":""exit_mty0bwbw_mvfqe"",""op"":""REACH"",""outcome"":""win"",""price_e4"":9500}",REACH,"{""id"":""exit_mtug1t99_aq1lv"",""op"":""REACH"",""outcome"":""loss"",""price_e4"":4500}",HOLD_TO_SETTLEMENT,c5430eb845ac4cefb3c281ac543b383aad9652b9d0817d0605ab42bca6970657,1.0.0,2026-09-13T06:28:48Z,1.0.0,1.0.0,1.0.0,2026-09-13T06:28:48Z,READY,224,116,108,0.517857,0.482143,2700,2300,1.173913,289.285714,a1bee2f832bba4fbfbee499c6c89c2cf1a011d365a81efc1b5ef04b1ed6b0236,candle_path_not_fill,UNAVAILABLE,UNAVAILABLE,UNAVAILABLE,NOT_COMPUTABLE,UNAVAILABLE
weekly_observed,OBSERVED,base_decomposition,2025-W45,0.017647,fraction,iso_week,superasi_bdebase_v1.0.0,grade_config_v1,2026-09-13T13:03:03Z,77f6004823dc43509371df35ae2da858,913 ITI-01,520b4e76a9cc28b0c6569db6ee1d2b69ec97dac331fccf5f85a35ae2b53f260a,06ebb9644a2a3cec47351c00887dac177c54978adde1aa4c271a07d233dd8b72,79c4ae48c45e15f21346022d19dde6aa9329703681a8cd3921524af45d8891c9,913 ITI-01,NBA,NBA,2025-2026,2025-03-18,2026-09-01,"{""date_from"":""2025-03-18"",""date_to"":""2026-09-01"",""game_data"":[""pbp""],""leagues"":[""NBA""],""market_data"":[""candles""],""markets"":[""kalshi""],""seasons"":[""2025-2026""],""sports"":[""NBA""]}",TRADABLE_YES_BID,1_MINUTE_CANDLE,available_at,FIRST_TOUCH,"{""id"":""entry_mtw2zh6b_f4q8g"",""op"":""FIRST_TOUCH"",""ordinal"":""FIRST_TOUCH"",""period"":""Q2"",""price_e4"":6800,""source_vocabulary"":""TOUCH""}",REACH,"{""id"":""exit_mty0bwbw_mvfqe"",""op"":""REACH"",""outcome"":""win"",""price_e4"":9500}",REACH,"{""id"":""exit_mtug1t99_aq1lv"",""op"":""REACH"",""outcome"":""loss"",""price_e4"":4500}",HOLD_TO_SETTLEMENT,c5430eb845ac4cefb3c281ac543b383aad9652b9d0817d0605ab42bca6970657,1.0.0,2026-09-13T06:28:48Z,1.0.0,1.0.0,1.0.0,2026-09-13T06:28:48Z,READY,224,116,108,0.517857,0.482143,2700,2300,1.173913,289.285714,a1bee2f832bba4fbfbee499c6c89c2cf1a011d365a81efc1b5ef04b1ed6b0236,candle_path_not_fill,UNAVAILABLE,UNAVAILABLE,UNAVAILABLE,NOT_COMPUTABLE,UNAVAILABLE
weekly_observed,OBSERVED,base_decomposition,2025-W46,0.085294,fraction,iso_week,superasi_bdebase_v1.0.0,grade_config_v1,2026-09-13T13:03:03Z,77f6004823dc43509371df35ae2da858,913 ITI-01,520b4e76a9cc28b0c6569db6ee1d2b69ec97dac331fccf5f85a35ae2b53f260a,06ebb9644a2a3cec47351c00887dac177c54978adde1aa4c271a07d233dd8b72,79c4ae48c45e15f21346022d19dde6aa9329703681a8cd3921524af45d8891c9,913 ITI-01,NBA,NBA,2025-2026,2025-03-18,2026-09-01,"{""date_from"":""2025-03-18"",""date_to"":""2026-09-01"",""game_data"":[""pbp""],""leagues"":[""NBA""],""market_data"":[""candles""],""markets"":[""kalshi""],""seasons"":[""2025-2026""],""sports"":[""NBA""]}",TRADABLE_YES_BID,1_MINUTE_CANDLE,available_at,FIRST_TOUCH,"{""id"":""entry_mtw2zh6b_f4q8g"",""op"":""FIRST_TOUCH"",""ordinal"":""FIRST_TOUCH"",""period"":""Q2"",""price_e4"":6800,""source_vocabulary"":""TOUCH""}",REACH,"{""id"":""exit_mty0bwbw_mvfqe"",""op"":""REACH"",""outcome"":""win"",""price_e4"":9500}",REACH,"{""id"":""exit_mtug1t99_aq1lv"",""op"":""REACH"",""outcome"":""loss"",""price_e4"":4500}",HOLD_TO_SETTLEMENT,c5430eb845ac4cefb3c281ac543b383aad9652b9d0817d0605ab42bca6970657,1.0.0,2026-09-13T06:28:48Z,1.0.0,1.0.0,1.0.0,2026-09-13T06:28:48Z,READY,224,116,108,0.517857,0.482143,2700,2300,1.173913,289.285714,a1bee2f832bba4fbfbee499c6c89c2cf1a011d365a81efc1b5ef04b1ed6b0236,candle_path_not_fill,UNAVAILABLE,UNAVAILABLE,UNAVAILABLE,NOT_COMPUTABLE,UNAVAILABLE
weekly_observed,OBSERVED,base_decomposition,2025-W47,0.108088,fraction,iso_week,superasi_bdebase_v1.0.0,grade_config_v1,2026-09-13T13:03:03Z,77f6004823dc43509371df35ae2da858,913 ITI-01,520b4e76a9cc28b0c6569db6ee1d2b69ec97dac331fccf5f85a35ae2b53f260a,06ebb9644a2a3cec47351c00887dac177c54978adde1aa4c271a07d233dd8b72,79c4ae48c45e15f21346022d19dde6aa9329703681a8cd3921524af45d8891c9,913 ITI-01,NBA,NBA,2025-2026,2025-03-18,2026-09-01,"{""date_from"":""2025-03-18"",""date_to"":""2026-09-01"",""game_data"":[""pbp""],""leagues"":[""NBA""],""market_data"":[""candles""],""markets"":[""kalshi""],""seasons"":[""2025-2026""],""sports"":[""NBA""]}",TRADABLE_YES_BID,1_MINUTE_CANDLE,available_at,FIRST_TOUCH,"{""id"":""entry_mtw2zh6b_f4q8g"",""op"":""FIRST_TOUCH"",""ordinal"":""FIRST_TOUCH"",""period"":""Q2"",""price_e4"":6800,""source_vocabulary"":""TOUCH""}",REACH,"{""id"":""exit_mty0bwbw_mvfqe"",""op"":""REACH"",""outcome"":""win"",""price_e4"":9500}",REACH,"{""id"":""exit_mtug1t99_aq1lv"",""op"":""REACH"",""outcome"":""loss"",""price_e4"":4500}",HOLD_TO_SETTLEMENT,c5430eb845ac4cefb3c281ac543b383aad9652b9d0817d0605ab42bca6970657,1.0.0,2026-09-13T06:28:48Z,1.0.0,1.0.0,1.0.0,2026-09-13T06:28:48Z,READY,224,116,108,0.517857,0.482143,2700,2300,1.173913,289.285714,a1bee2f832bba4fbfbee499c6c89c2cf1a011d365a81efc1b5ef04b1ed6b0236,candle_path_not_fill,UNAVAILABLE,UNAVAILABLE,UNAVAILABLE,NOT_COMPUTABLE,UNAVAILABLE
weekly_observed,OBSERVED,base_decomposition,2025-W48,0.008824,fraction,iso_week,superasi_bdebase_v1.0.0,grade_config_v1,2026-09-13T13:03:03Z,77f6004823dc43509371df35ae2da858,913 ITI-01,520b4e76a9cc28b0c6569db6ee1d2b69ec97dac331fccf5f85a35ae2b53f260a,06ebb9644a2a3cec47351c00887dac177c54978adde1aa4c271a07d233dd8b72,79c4ae48c45e15f21346022d19dde6aa9329703681a8cd3921524af45d8891c9,913 ITI-01,NBA,NBA,2025-2026,2025-03-18,2026-09-01,"{""date_from"":""2025-03-18"",""date_to"":""2026-09-01"",""game_data"":[""pbp""],""leagues"":[""NBA""],""market_data"":[""candles""],""markets"":[""kalshi""],""seasons"":[""2025-2026""],""sports"":[""NBA""]}",TRADABLE_YES_BID,1_MINUTE_CANDLE,available_at,FIRST_TOUCH,"{""id"":""entry_mtw2zh6b_f4q8g"",""op"":""FIRST_TOUCH"",""ordinal"":""FIRST_TOUCH"",""period"":""Q2"",""price_e4"":6800,""source_vocabulary"":""TOUCH""}",REACH,"{""id"":""exit_mty0bwbw_mvfqe"",""op"":""REACH"",""outcome"":""win"",""price_e4"":9500}",REACH,"{""id"":""exit_mtug1t99_aq1lv"",""op"":""REACH"",""outcome"":""loss"",""price_e4"":4500}",HOLD_TO_SETTLEMENT,c5430eb845ac4cefb3c281ac543b383aad9652b9d0817d0605ab42bca6970657,1.0.0,2026-09-13T06:28:48Z,1.0.0,1.0.0,1.0.0,2026-09-13T06:28:48Z,READY,224,116,108,0.517857,0.482143,2700,2300,1.173913,289.285714,a1bee2f832bba4fbfbee499c6c89c2cf1a011d365a81efc1b5ef04b1ed6b0236,candle_path_not_fill,UNAVAILABLE,UNAVAILABLE,UNAVAILABLE,NOT_COMPUTABLE,UNAVAILABLE
weekly_observed,OBSERVED,base_decomposition,2025-W49,-0.008088,fraction,iso_week,superasi_bdebase_v1.0.0,grade_config_v1,2026-09-13T13:03:03Z,77f6004823dc43509371df35ae2da858,913 ITI-01,520b4e76a9cc28b0c6569db6ee1d2b69ec97dac331fccf5f85a35ae2b53f260a,06ebb9644a2a3cec47351c00887dac177c54978adde1aa4c271a07d233dd8b72,79c4ae48c45e15f21346022d19dde6aa9329703681a8cd3921524af45d8891c9,913 ITI-01,NBA,NBA,2025-2026,2025-03-18,2026-09-01,"{""date_from"":""2025-03-18"",""date_to"":""2026-09-01"",""game_data"":[""pbp""],""leagues"":[""NBA""],""market_data"":[""candles""],""markets"":[""kalshi""],""seasons"":[""2025-2026""],""sports"":[""NBA""]}",TRADABLE_YES_BID,1_MINUTE_CANDLE,available_at,FIRST_TOUCH,"{""id"":""entry_mtw2zh6b_f4q8g"",""op"":""FIRST_TOUCH"",""ordinal"":""FIRST_TOUCH"",""period"":""Q2"",""price_e4"":6800,""source_vocabulary"":""TOUCH""}",REACH,"{""id"":""exit_mty0bwbw_mvfqe"",""op"":""REACH"",""outcome"":""win"",""price_e4"":9500}",REACH,"{""id"":""exit_mtug1t99_aq1lv"",""op"":""REACH"",""outcome"":""loss"",""price_e4"":4500}",HOLD_TO_SETTLEMENT,c5430eb845ac4cefb3c281ac543b383aad9652b9d0817d0605ab42bca6970657,1.0.0,2026-09-13T06:28:48Z,1.0.0,1.0.0,1.0.0,2026-09-13T06:28:48Z,READY,224,116,108,0.517857,0.482143,2700,2300,1.173913,289.285714,a1bee2f832bba4fbfbee499c6c89c2cf1a011d365a81efc1b5ef04b1ed6b0236,candle_path_not_fill,UNAVAILABLE,UNAVAILABLE,UNAVAILABLE,NOT_COMPUTABLE,UNAVAILABLE
weekly_observed,OBSERVED,base_decomposition,2025-W50,0.039706,fraction,iso_week,superasi_bdebase_v1.0.0,grade_config_v1,2026-09-13T13:03:03Z,77f6004823dc43509371df35ae2da858,913 ITI-01,520b4e76a9cc28b0c6569db6ee1d2b69ec97dac331fccf5f85a35ae2b53f260a,06ebb9644a2a3cec47351c00887dac177c54978adde1aa4c271a07d233dd8b72,79c4ae48c45e15f21346022d19dde6aa9329703681a8cd3921524af45d8891c9,913 ITI-01,NBA,NBA,2025-2026,2025-03-18,2026-09-01,"{""date_from"":""2025-03-18"",""date_to"":""2026-09-01"",""game_data"":[""pbp""],""leagues"":[""NBA""],""market_data"":[""candles""],""markets"":[""kalshi""],""seasons"":[""2025-2026""],""sports"":[""NBA""]}",TRADABLE_YES_BID,1_MINUTE_CANDLE,available_at,FIRST_TOUCH,"{""id"":""entry_mtw2zh6b_f4q8g"",""op"":""FIRST_TOUCH"",""ordinal"":""FIRST_TOUCH"",""period"":""Q2"",""price_e4"":6800,""source_vocabulary"":""TOUCH""}",REACH,"{""id"":""exit_mty0bwbw_mvfqe"",""op"":""REACH"",""outcome"":""win"",""price_e4"":9500}",REACH,"{""id"":""exit_mtug1t99_aq1lv"",""op"":""REACH"",""outcome"":""loss"",""price_e4"":4500}",HOLD_TO_SETTLEMENT,c5430eb845ac4cefb3c281ac543b383aad9652b9d0817d0605ab42bca6970657,1.0.0,2026-09-13T06:28:48Z,1.0.0,1.0.0,1.0.0,2026-09-13T06:28:48Z,READY,224,116,108,0.517857,0.482143,2700,2300,1.173913,289.285714,a1bee2f832bba4fbfbee499c6c89c2cf1a011d365a81efc1b5ef04b1ed6b0236,candle_path_not_fill,UNAVAILABLE,UNAVAILABLE,UNAVAILABLE,NOT_COMPUTABLE,UNAVAILABLE
weekly_observed,OBSERVED,base_decomposition,2025-W51,-0.027941,fraction,iso_week,superasi_bdebase_v1.0.0,grade_config_v1,2026-09-13T13:03:03Z,77f6004823dc43509371df35ae2da858,913 ITI-01,520b4e76a9cc28b0c6569db6ee1d2b69ec97dac331fccf5f85a35ae2b53f260a,06ebb9644a2a3cec47351c00887dac177c54978adde1aa4c271a07d233dd8b72,79c4ae48c45e15f21346022d19dde6aa9329703681a8cd3921524af45d8891c9,913 ITI-01,NBA,NBA,2025-2026,2025-03-18,2026-09-01,"{""date_from"":""2025-03-18"",""date_to"":""2026-09-01"",""game_data"":[""pbp""],""leagues"":[""NBA""],""market_data"":[""candles""],""markets"":[""kalshi""],""seasons"":[""2025-2026""],""sports"":[""NBA""]}",TRADABLE_YES_BID,1_MINUTE_CANDLE,available_at,FIRST_TOUCH,"{""id"":""entry_mtw2zh6b_f4q8g"",""op"":""FIRST_TOUCH"",""ordinal"":""FIRST_TOUCH"",""period"":""Q2"",""price_e4"":6800,""source_vocabulary"":""TOUCH""}",REACH,"{""id"":""exit_mty0bwbw_mvfqe"",""op"":""REACH"",""outcome"":""win"",""price_e4"":9500}",REACH,"{""id"":""exit_mtug1t99_aq1lv"",""op"":""REACH"",""outcome"":""loss"",""price_e4"":4500}",HOLD_TO_SETTLEMENT,c5430eb845ac4cefb3c281ac543b383aad9652b9d0817d0605ab42bca6970657,1.0.0,2026-09-13T06:28:48Z,1.0.0,1.0.0,1.0.0,2026-09-13T06:28:48Z,READY,224,116,108,0.517857,0.482143,2700,2300,1.173913,289.285714,a1bee2f832bba4fbfbee499c6c89c2cf1a011d365a81efc1b5ef04b1ed6b0236,candle_path_not_fill,UNAVAILABLE,UNAVAILABLE,UNAVAILABLE,NOT_COMPUTABLE,UNAVAILABLE
weekly_observed,OBSERVED,base_decomposition,2025-W52,-0.002206,fraction,iso_week,superasi_bdebase_v1.0.0,grade_config_v1,2026-09-13T13:03:03Z,77f6004823dc43509371df35ae2da858,913 ITI-01,520b4e76a9cc28b0c6569db6ee1d2b69ec97dac331fccf5f85a35ae2b53f260a,06ebb9644a2a3cec47351c00887dac177c54978adde1aa4c271a07d233dd8b72,79c4ae48c45e15f21346022d19dde6aa9329703681a8cd3921524af45d8891c9,913 ITI-01,NBA,NBA,2025-2026,2025-03-18,2026-09-01,"{""date_from"":""2025-03-18"",""date_to"":""2026-09-01"",""game_data"":[""pbp""],""leagues"":[""NBA""],""market_data"":[""candles""],""markets"":[""kalshi""],""seasons"":[""2025-2026""],""sports"":[""NBA""]}",TRADABLE_YES_BID,1_MINUTE_CANDLE,available_at,FIRST_TOUCH,"{""id"":""entry_mtw2zh6b_f4q8g"",""op"":""FIRST_TOUCH"",""ordinal"":""FIRST_TOUCH"",""period"":""Q2"",""price_e4"":6800,""source_vocabulary"":""TOUCH""}",REACH,"{""id"":""exit_mty0bwbw_mvfqe"",""op"":""REACH"",""outcome"":""win"",""price_e4"":9500}",REACH,"{""id"":""exit_mtug1t99_aq1lv"",""op"":""REACH"",""outcome"":""loss"",""price_e4"":4500}",HOLD_TO_SETTLEMENT,c5430eb845ac4cefb3c281ac543b383aad9652b9d0817d0605ab42bca6970657,1.0.0,2026-09-13T06:28:48Z,1.0.0,1.0.0,1.0.0,2026-09-13T06:28:48Z,READY,224,116,108,0.517857,0.482143,2700,2300,1.173913,289.285714,a1bee2f832bba4fbfbee499c6c89c2cf1a011d365a81efc1b5ef04b1ed6b0236,candle_path_not_fill,UNAVAILABLE,UNAVAILABLE,UNAVAILABLE,NOT_COMPUTABLE,UNAVAILABLE
weekly_observed,OBSERVED,base_decomposition,2026-W01,0.071324,fraction,iso_week,superasi_bdebase_v1.0.0,grade_config_v1,2026-09-13T13:03:03Z,77f6004823dc43509371df35ae2da858,913 ITI-01,520b4e76a9cc28b0c6569db6ee1d2b69ec97dac331fccf5f85a35ae2b53f260a,06ebb9644a2a3cec47351c00887dac177c54978adde1aa4c271a07d233dd8b72,79c4ae48c45e15f21346022d19dde6aa9329703681a8cd3921524af45d8891c9,913 ITI-01,NBA,NBA,2025-2026,2025-03-18,2026-09-01,"{""date_from"":""2025-03-18"",""date_to"":""2026-09-01"",""game_data"":[""pbp""],""leagues"":[""NBA""],""market_data"":[""candles""],""markets"":[""kalshi""],""seasons"":[""2025-2026""],""sports"":[""NBA""]}",TRADABLE_YES_BID,1_MINUTE_CANDLE,available_at,FIRST_TOUCH,"{""id"":""entry_mtw2zh6b_f4q8g"",""op"":""FIRST_TOUCH"",""ordinal"":""FIRST_TOUCH"",""period"":""Q2"",""price_e4"":6800,""source_vocabulary"":""TOUCH""}",REACH,"{""id"":""exit_mty0bwbw_mvfqe"",""op"":""REACH"",""outcome"":""win"",""price_e4"":9500}",REACH,"{""id"":""exit_mtug1t99_aq1lv"",""op"":""REACH"",""outcome"":""loss"",""price_e4"":4500}",HOLD_TO_SETTLEMENT,c5430eb845ac4cefb3c281ac543b383aad9652b9d0817d0605ab42bca6970657,1.0.0,2026-09-13T06:28:48Z,1.0.0,1.0.0,1.0.0,2026-09-13T06:28:48Z,READY,224,116,108,0.517857,0.482143,2700,2300,1.173913,289.285714,a1bee2f832bba4fbfbee499c6c89c2cf1a011d365a81efc1b5ef04b1ed6b0236,candle_path_not_fill,UNAVAILABLE,UNAVAILABLE,UNAVAILABLE,NOT_COMPUTABLE,UNAVAILABLE
weekly_observed,OBSERVED,base_decomposition,2026-W02,-0.041912,fraction,iso_week,superasi_bdebase_v1.0.0,grade_config_v1,2026-09-13T13:03:03Z,77f6004823dc43509371df35ae2da858,913 ITI-01,520b4e76a9cc28b0c6569db6ee1d2b69ec97dac331fccf5f85a35ae2b53f260a,06ebb9644a2a3cec47351c00887dac177c54978adde1aa4c271a07d233dd8b72,79c4ae48c45e15f21346022d19dde6aa9329703681a8cd3921524af45d8891c9,913 ITI-01,NBA,NBA,2025-2026,2025-03-18,2026-09-01,"{""date_from"":""2025-03-18"",""date_to"":""2026-09-01"",""game_data"":[""pbp""],""leagues"":[""NBA""],""market_data"":[""candles""],""markets"":[""kalshi""],""seasons"":[""2025-2026""],""sports"":[""NBA""]}",TRADABLE_YES_BID,1_MINUTE_CANDLE,available_at,FIRST_TOUCH,"{""id"":""entry_mtw2zh6b_f4q8g"",""op"":""FIRST_TOUCH"",""ordinal"":""FIRST_TOUCH"",""period"":""Q2"",""price_e4"":6800,""source_vocabulary"":""TOUCH""}",REACH,"{""id"":""exit_mty0bwbw_mvfqe"",""op"":""REACH"",""outcome"":""win"",""price_e4"":9500}",REACH,"{""id"":""exit_mtug1t99_aq1lv"",""op"":""REACH"",""outcome"":""loss"",""price_e4"":4500}",HOLD_TO_SETTLEMENT,c5430eb845ac4cefb3c281ac543b383aad9652b9d0817d0605ab42bca6970657,1.0.0,2026-09-13T06:28:48Z,1.0.0,1.0.0,1.0.0,2026-09-13T06:28:48Z,READY,224,116,108,0.517857,0.482143,2700,2300,1.173913,289.285714,a1bee2f832bba4fbfbee499c6c89c2cf1a011d365a81efc1b5ef04b1ed6b0236,candle_path_not_fill,UNAVAILABLE,UNAVAILABLE,UNAVAILABLE,NOT_COMPUTABLE,UNAVAILABLE
weekly_observed,OBSERVED,base_decomposition,2026-W03,0.048529,fraction,iso_week,superasi_bdebase_v1.0.0,grade_config_v1,2026-09-13T13:03:03Z,77f6004823dc43509371df35ae2da858,913 ITI-01,520b4e76a9cc28b0c6569db6ee1d2b69ec97dac331fccf5f85a35ae2b53f260a,06ebb9644a2a3cec47351c00887dac177c54978adde1aa4c271a07d233dd8b72,79c4ae48c45e15f21346022d19dde6aa9329703681a8cd3921524af45d8891c9,913 ITI-01,NBA,NBA,2025-2026,2025-03-18,2026-09-01,"{""date_from"":""2025-03-18"",""date_to"":""2026-09-01"",""game_data"":[""pbp""],""leagues"":[""NBA""],""market_data"":[""candles""],""markets"":[""kalshi""],""seasons"":[""2025-2026""],""sports"":[""NBA""]}",TRADABLE_YES_BID,1_MINUTE_CANDLE,available_at,FIRST_TOUCH,"{""id"":""entry_mtw2zh6b_f4q8g"",""op"":""FIRST_TOUCH"",""ordinal"":""FIRST_TOUCH"",""period"":""Q2"",""price_e4"":6800,""source_vocabulary"":""TOUCH""}",REACH,"{""id"":""exit_mty0bwbw_mvfqe"",""op"":""REACH"",""outcome"":""win"",""price_e4"":9500}",REACH,"{""id"":""exit_mtug1t99_aq1lv"",""op"":""REACH"",""outcome"":""loss"",""price_e4"":4500}",HOLD_TO_SETTLEMENT,c5430eb845ac4cefb3c281ac543b383aad9652b9d0817d0605ab42bca6970657,1.0.0,2026-09-13T06:28:48Z,1.0.0,1.0.0,1.0.0,2026-09-13T06:28:48Z,READY,224,116,108,0.517857,0.482143,2700,2300,1.173913,289.285714,a1bee2f832bba4fbfbee499c6c89c2cf1a011d365a81efc1b5ef04b1ed6b0236,candle_path_not_fill,UNAVAILABLE,UNAVAILABLE,UNAVAILABLE,NOT_COMPUTABLE,UNAVAILABLE
weekly_observed,OBSERVED,base_decomposition,2026-W04,-0.019118,fraction,iso_week,superasi_bdebase_v1.0.0,grade_config_v1,2026-09-13T13:03:03Z,77f6004823dc43509371df35ae2da858,913 ITI-01,520b4e76a9cc28b0c6569db6ee1d2b69ec97dac331fccf5f85a35ae2b53f260a,06ebb9644a2a3cec47351c00887dac177c54978adde1aa4c271a07d233dd8b72,79c4ae48c45e15f21346022d19dde6aa9329703681a8cd3921524af45d8891c9,913 ITI-01,NBA,NBA,2025-2026,2025-03-18,2026-09-01,"{""date_from"":""2025-03-18"",""date_to"":""2026-09-01"",""game_data"":[""pbp""],""leagues"":[""NBA""],""market_data"":[""candles""],""markets"":[""kalshi""],""seasons"":[""2025-2026""],""sports"":[""NBA""]}",TRADABLE_YES_BID,1_MINUTE_CANDLE,available_at,FIRST_TOUCH,"{""id"":""entry_mtw2zh6b_f4q8g"",""op"":""FIRST_TOUCH"",""ordinal"":""FIRST_TOUCH"",""period"":""Q2"",""price_e4"":6800,""source_vocabulary"":""TOUCH""}",REACH,"{""id"":""exit_mty0bwbw_mvfqe"",""op"":""REACH"",""outcome"":""win"",""price_e4"":9500}",REACH,"{""id"":""exit_mtug1t99_aq1lv"",""op"":""REACH"",""outcome"":""loss"",""price_e4"":4500}",HOLD_TO_SETTLEMENT,c5430eb845ac4cefb3c281ac543b383aad9652b9d0817d0605ab42bca6970657,1.0.0,2026-09-13T06:28:48Z,1.0.0,1.0.0,1.0.0,2026-09-13T06:28:48Z,READY,224,116,108,0.517857,0.482143,2700,2300,1.173913,289.285714,a1bee2f832bba4fbfbee499c6c89c2cf1a011d365a81efc1b5ef04b1ed6b0236,candle_path_not_fill,UNAVAILABLE,UNAVAILABLE,UNAVAILABLE,NOT_COMPUTABLE,UNAVAILABLE
weekly_observed,OBSERVED,base_decomposition,2026-W05,0.111029,fraction,iso_week,superasi_bdebase_v1.0.0,grade_config_v1,2026-09-13T13:03:03Z,77f6004823dc43509371df35ae2da858,913 ITI-01,520b4e76a9cc28b0c6569db6ee1d2b69ec97dac331fccf5f85a35ae2b53f260a,06ebb9644a2a3cec47351c00887dac177c54978adde1aa4c271a07d233dd8b72,79c4ae48c45e15f21346022d19dde6aa9329703681a8cd3921524af45d8891c9,913 ITI-01,NBA,NBA,2025-2026,2025-03-18,2026-09-01,"{""date_from"":""2025-03-18"",""date_to"":""2026-09-01"",""game_data"":[""pbp""],""leagues"":[""NBA""],""market_data"":[""candles""],""markets"":[""kalshi""],""seasons"":[""2025-2026""],""sports"":[""NBA""]}",TRADABLE_YES_BID,1_MINUTE_CANDLE,available_at,FIRST_TOUCH,"{""id"":""entry_mtw2zh6b_f4q8g"",""op"":""FIRST_TOUCH"",""ordinal"":""FIRST_TOUCH"",""period"":""Q2"",""price_e4"":6800,""source_vocabulary"":""TOUCH""}",REACH,"{""id"":""exit_mty0bwbw_mvfqe"",""op"":""REACH"",""outcome"":""win"",""price_e4"":9500}",REACH,"{""id"":""exit_mtug1t99_aq1lv"",""op"":""REACH"",""outcome"":""loss"",""price_e4"":4500}",HOLD_TO_SETTLEMENT,c5430eb845ac4cefb3c281ac543b383aad9652b9d0817d0605ab42bca6970657,1.0.0,2026-09-13T06:28:48Z,1.0.0,1.0.0,1.0.0,2026-09-13T06:28:48Z,READY,224,116,108,0.517857,0.482143,2700,2300,1.173913,289.285714,a1bee2f832bba4fbfbee499c6c89c2cf1a011d365a81efc1b5ef04b1ed6b0236,candle_path_not_fill,UNAVAILABLE,UNAVAILABLE,UNAVAILABLE,NOT_COMPUTABLE,UNAVAILABLE
weekly_observed,OBSERVED,base_decomposition,2026-W06,-0.038971,fraction,iso_week,superasi_bdebase_v1.0.0,grade_config_v1,2026-09-13T13:03:03Z,77f6004823dc43509371df35ae2da858,913 ITI-01,520b4e76a9cc28b0c6569db6ee1d2b69ec97dac331fccf5f85a35ae2b53f260a,06ebb9644a2a3cec47351c00887dac177c54978adde1aa4c271a07d233dd8b72,79c4ae48c45e15f21346022d19dde6aa9329703681a8cd3921524af45d8891c9,913 ITI-01,NBA,NBA,2025-2026,2025-03-18,2026-09-01,"{""date_from"":""2025-03-18"",""date_to"":""2026-09-01"",""game_data"":[""pbp""],""leagues"":[""NBA""],""market_data"":[""candles""],""markets"":[""kalshi""],""seasons"":[""2025-2026""],""sports"":[""NBA""]}",TRADABLE_YES_BID,1_MINUTE_CANDLE,available_at,FIRST_TOUCH,"{""id"":""entry_mtw2zh6b_f4q8g"",""op"":""FIRST_TOUCH"",""ordinal"":""FIRST_TOUCH"",""period"":""Q2"",""price_e4"":6800,""source_vocabulary"":""TOUCH""}",REACH,"{""id"":""exit_mty0bwbw_mvfqe"",""op"":""REACH"",""outcome"":""win"",""price_e4"":9500}",REACH,"{""id"":""exit_mtug1t99_aq1lv"",""op"":""REACH"",""outcome"":""loss"",""price_e4"":4500}",HOLD_TO_SETTLEMENT,c5430eb845ac4cefb3c281ac543b383aad9652b9d0817d0605ab42bca6970657,1.0.0,2026-09-13T06:28:48Z,1.0.0,1.0.0,1.0.0,2026-09-13T06:28:48Z,READY,224,116,108,0.517857,0.482143,2700,2300,1.173913,289.285714,a1bee2f832bba4fbfbee499c6c89c2cf1a011d365a81efc1b5ef04b1ed6b0236,candle_path_not_fill,UNAVAILABLE,UNAVAILABLE,UNAVAILABLE,NOT_COMPUTABLE,UNAVAILABLE
weekly_observed,OBSERVED,base_decomposition,2026-W07,-0.016912,fraction,iso_week,superasi_bdebase_v1.0.0,grade_config_v1,2026-09-13T13:03:03Z,77f6004823dc43509371df35ae2da858,913 ITI-01,520b4e76a9cc28b0c6569db6ee1d2b69ec97dac331fccf5f85a35ae2b53f260a,06ebb9644a2a3cec47351c00887dac177c54978adde1aa4c271a07d233dd8b72,79c4ae48c45e15f21346022d19dde6aa9329703681a8cd3921524af45d8891c9,913 ITI-01,NBA,NBA,2025-2026,2025-03-18,2026-09-01,"{""date_from"":""2025-03-18"",""date_to"":""2026-09-01"",""game_data"":[""pbp""],""leagues"":[""NBA""],""market_data"":[""candles""],""markets"":[""kalshi""],""seasons"":[""2025-2026""],""sports"":[""NBA""]}",TRADABLE_YES_BID,1_MINUTE_CANDLE,available_at,FIRST_TOUCH,"{""id"":""entry_mtw2zh6b_f4q8g"",""op"":""FIRST_TOUCH"",""ordinal"":""FIRST_TOUCH"",""period"":""Q2"",""price_e4"":6800,""source_vocabulary"":""TOUCH""}",REACH,"{""id"":""exit_mty0bwbw_mvfqe"",""op"":""REACH"",""outcome"":""win"",""price_e4"":9500}",REACH,"{""id"":""exit_mtug1t99_aq1lv"",""op"":""REACH"",""outcome"":""loss"",""price_e4"":4500}",HOLD_TO_SETTLEMENT,c5430eb845ac4cefb3c281ac543b383aad9652b9d0817d0605ab42bca6970657,1.0.0,2026-09-13T06:28:48Z,1.0.0,1.0.0,1.0.0,2026-09-13T06:28:48Z,READY,224,116,108,0.517857,0.482143,2700,2300,1.173913,289.285714,a1bee2f832bba4fbfbee499c6c89c2cf1a011d365a81efc1b5ef04b1ed6b0236,candle_path_not_fill,UNAVAILABLE,UNAVAILABLE,UNAVAILABLE,NOT_COMPUTABLE,UNAVAILABLE
weekly_observed,OBSERVED,base_decomposition,2026-W08,-0.027941,fraction,iso_week,superasi_bdebase_v1.0.0,grade_config_v1,2026-09-13T13:03:03Z,77f6004823dc43509371df35ae2da858,913 ITI-01,520b4e76a9cc28b0c6569db6ee1d2b69ec97dac331fccf5f85a35ae2b53f260a,06ebb9644a2a3cec47351c00887dac177c54978adde1aa4c271a07d233dd8b72,79c4ae48c45e15f21346022d19dde6aa9329703681a8cd3921524af45d8891c9,913 ITI-01,NBA,NBA,2025-2026,2025-03-18,2026-09-01,"{""date_from"":""2025-03-18"",""date_to"":""2026-09-01"",""game_data"":[""pbp""],""leagues"":[""NBA""],""market_data"":[""candles""],""markets"":[""kalshi""],""seasons"":[""2025-2026""],""sports"":[""NBA""]}",TRADABLE_YES_BID,1_MINUTE_CANDLE,available_at,FIRST_TOUCH,"{""id"":""entry_mtw2zh6b_f4q8g"",""op"":""FIRST_TOUCH"",""ordinal"":""FIRST_TOUCH"",""period"":""Q2"",""price_e4"":6800,""source_vocabulary"":""TOUCH""}",REACH,"{""id"":""exit_mty0bwbw_mvfqe"",""op"":""REACH"",""outcome"":""win"",""price_e4"":9500}",REACH,"{""id"":""exit_mtug1t99_aq1lv"",""op"":""REACH"",""outcome"":""loss"",""price_e4"":4500}",HOLD_TO_SETTLEMENT,c5430eb845ac4cefb3c281ac543b383aad9652b9d0817d0605ab42bca6970657,1.0.0,2026-09-13T06:28:48Z,1.0.0,1.0.0,1.0.0,2026-09-13T06:28:48Z,READY,224,116,108,0.517857,0.482143,2700,2300,1.173913,289.285714,a1bee2f832bba4fbfbee499c6c89c2cf1a011d365a81efc1b5ef04b1ed6b0236,candle_path_not_fill,UNAVAILABLE,UNAVAILABLE,UNAVAILABLE,NOT_COMPUTABLE,UNAVAILABLE
weekly_observed,OBSERVED,base_decomposition,2026-W09,0.108088,fraction,iso_week,superasi_bdebase_v1.0.0,grade_config_v1,2026-09-13T13:03:03Z,77f6004823dc43509371df35ae2da858,913 ITI-01,520b4e76a9cc28b0c6569db6ee1d2b69ec97dac331fccf5f85a35ae2b53f260a,06ebb9644a2a3cec47351c00887dac177c54978adde1aa4c271a07d233dd8b72,79c4ae48c45e15f21346022d19dde6aa9329703681a8cd3921524af45d8891c9,913 ITI-01,NBA,NBA,2025-2026,2025-03-18,2026-09-01,"{""date_from"":""2025-03-18"",""date_to"":""2026-09-01"",""game_data"":[""pbp""],""leagues"":[""NBA""],""market_data"":[""candles""],""markets"":[""kalshi""],""seasons"":[""2025-2026""],""sports"":[""NBA""]}",TRADABLE_YES_BID,1_MINUTE_CANDLE,available_at,FIRST_TOUCH,"{""id"":""entry_mtw2zh6b_f4q8g"",""op"":""FIRST_TOUCH"",""ordinal"":""FIRST_TOUCH"",""period"":""Q2"",""price_e4"":6800,""source_vocabulary"":""TOUCH""}",REACH,"{""id"":""exit_mty0bwbw_mvfqe"",""op"":""REACH"",""outcome"":""win"",""price_e4"":9500}",REACH,"{""id"":""exit_mtug1t99_aq1lv"",""op"":""REACH"",""outcome"":""loss"",""price_e4"":4500}",HOLD_TO_SETTLEMENT,c5430eb845ac4cefb3c281ac543b383aad9652b9d0817d0605ab42bca6970657,1.0.0,2026-09-13T06:28:48Z,1.0.0,1.0.0,1.0.0,2026-09-13T06:28:48Z,READY,224,116,108,0.517857,0.482143,2700,2300,1.173913,289.285714,a1bee2f832bba4fbfbee499c6c89c2cf1a011d365a81efc1b5ef04b1ed6b0236,candle_path_not_fill,UNAVAILABLE,UNAVAILABLE,UNAVAILABLE,NOT_COMPUTABLE,UNAVAILABLE
weekly_observed,OBSERVED,base_decomposition,2026-W10,0.082353,fraction,iso_week,superasi_bdebase_v1.0.0,grade_config_v1,2026-09-13T13:03:03Z,77f6004823dc43509371df35ae2da858,913 ITI-01,520b4e76a9cc28b0c6569db6ee1d2b69ec97dac331fccf5f85a35ae2b53f260a,06ebb9644a2a3cec47351c00887dac177c54978adde1aa4c271a07d233dd8b72,79c4ae48c45e15f21346022d19dde6aa9329703681a8cd3921524af45d8891c9,913 ITI-01,NBA,NBA,2025-2026,2025-03-18,2026-09-01,"{""date_from"":""2025-03-18"",""date_to"":""2026-09-01"",""game_data"":[""pbp""],""leagues"":[""NBA""],""market_data"":[""candles""],""markets"":[""kalshi""],""seasons"":[""2025-2026""],""sports"":[""NBA""]}",TRADABLE_YES_BID,1_MINUTE_CANDLE,available_at,FIRST_TOUCH,"{""id"":""entry_mtw2zh6b_f4q8g"",""op"":""FIRST_TOUCH"",""ordinal"":""FIRST_TOUCH"",""period"":""Q2"",""price_e4"":6800,""source_vocabulary"":""TOUCH""}",REACH,"{""id"":""exit_mty0bwbw_mvfqe"",""op"":""REACH"",""outcome"":""win"",""price_e4"":9500}",REACH,"{""id"":""exit_mtug1t99_aq1lv"",""op"":""REACH"",""outcome"":""loss"",""price_e4"":4500}",HOLD_TO_SETTLEMENT,c5430eb845ac4cefb3c281ac543b383aad9652b9d0817d0605ab42bca6970657,1.0.0,2026-09-13T06:28:48Z,1.0.0,1.0.0,1.0.0,2026-09-13T06:28:48Z,READY,224,116,108,0.517857,0.482143,2700,2300,1.173913,289.285714,a1bee2f832bba4fbfbee499c6c89c2cf1a011d365a81efc1b5ef04b1ed6b0236,candle_path_not_fill,UNAVAILABLE,UNAVAILABLE,UNAVAILABLE,NOT_COMPUTABLE,UNAVAILABLE
weekly_observed,OBSERVED,base_decomposition,2026-W11,0.028676,fraction,iso_week,superasi_bdebase_v1.0.0,grade_config_v1,2026-09-13T13:03:03Z,77f6004823dc43509371df35ae2da858,913 ITI-01,520b4e76a9cc28b0c6569db6ee1d2b69ec97dac331fccf5f85a35ae2b53f260a,06ebb9644a2a3cec47351c00887dac177c54978adde1aa4c271a07d233dd8b72,79c4ae48c45e15f21346022d19dde6aa9329703681a8cd3921524af45d8891c9,913 ITI-01,NBA,NBA,2025-2026,2025-03-18,2026-09-01,"{""date_from"":""2025-03-18"",""date_to"":""2026-09-01"",""game_data"":[""pbp""],""leagues"":[""NBA""],""market_data"":[""candles""],""markets"":[""kalshi""],""seasons"":[""2025-2026""],""sports"":[""NBA""]}",TRADABLE_YES_BID,1_MINUTE_CANDLE,available_at,FIRST_TOUCH,"{""id"":""entry_mtw2zh6b_f4q8g"",""op"":""FIRST_TOUCH"",""ordinal"":""FIRST_TOUCH"",""period"":""Q2"",""price_e4"":6800,""source_vocabulary"":""TOUCH""}",REACH,"{""id"":""exit_mty0bwbw_mvfqe"",""op"":""REACH"",""outcome"":""win"",""price_e4"":9500}",REACH,"{""id"":""exit_mtug1t99_aq1lv"",""op"":""REACH"",""outcome"":""loss"",""price_e4"":4500}",HOLD_TO_SETTLEMENT,c5430eb845ac4cefb3c281ac543b383aad9652b9d0817d0605ab42bca6970657,1.0.0,2026-09-13T06:28:48Z,1.0.0,1.0.0,1.0.0,2026-09-13T06:28:48Z,READY,224,116,108,0.517857,0.482143,2700,2300,1.173913,289.285714,a1bee2f832bba4fbfbee499c6c89c2cf1a011d365a81efc1b5ef04b1ed6b0236,candle_path_not_fill,UNAVAILABLE,UNAVAILABLE,UNAVAILABLE,NOT_COMPUTABLE,UNAVAILABLE
weekly_observed,OBSERVED,base_decomposition,2026-W12,-0.027941,fraction,iso_week,superasi_bdebase_v1.0.0,grade_config_v1,2026-09-13T13:03:03Z,77f6004823dc43509371df35ae2da858,913 ITI-01,520b4e76a9cc28b0c6569db6ee1d2b69ec97dac331fccf5f85a35ae2b53f260a,06ebb9644a2a3cec47351c00887dac177c54978adde1aa4c271a07d233dd8b72,79c4ae48c45e15f21346022d19dde6aa9329703681a8cd3921524af45d8891c9,913 ITI-01,NBA,NBA,2025-2026,2025-03-18,2026-09-01,"{""date_from"":""2025-03-18"",""date_to"":""2026-09-01"",""game_data"":[""pbp""],""leagues"":[""NBA""],""market_data"":[""candles""],""markets"":[""kalshi""],""seasons"":[""2025-2026""],""sports"":[""NBA""]}",TRADABLE_YES_BID,1_MINUTE_CANDLE,available_at,FIRST_TOUCH,"{""id"":""entry_mtw2zh6b_f4q8g"",""op"":""FIRST_TOUCH"",""ordinal"":""FIRST_TOUCH"",""period"":""Q2"",""price_e4"":6800,""source_vocabulary"":""TOUCH""}",REACH,"{""id"":""exit_mty0bwbw_mvfqe"",""op"":""REACH"",""outcome"":""win"",""price_e4"":9500}",REACH,"{""id"":""exit_mtug1t99_aq1lv"",""op"":""REACH"",""outcome"":""loss"",""price_e4"":4500}",HOLD_TO_SETTLEMENT,c5430eb845ac4cefb3c281ac543b383aad9652b9d0817d0605ab42bca6970657,1.0.0,2026-09-13T06:28:48Z,1.0.0,1.0.0,1.0.0,2026-09-13T06:28:48Z,READY,224,116,108,0.517857,0.482143,2700,2300,1.173913,289.285714,a1bee2f832bba4fbfbee499c6c89c2cf1a011d365a81efc1b5ef04b1ed6b0236,candle_path_not_fill,UNAVAILABLE,UNAVAILABLE,UNAVAILABLE,NOT_COMPUTABLE,UNAVAILABLE
weekly_observed,OBSERVED,base_decomposition,2026-W13,-0.081618,fraction,iso_week,superasi_bdebase_v1.0.0,grade_config_v1,2026-09-13T13:03:03Z,77f6004823dc43509371df35ae2da858,913 ITI-01,520b4e76a9cc28b0c6569db6ee1d2b69ec97dac331fccf5f85a35ae2b53f260a,06ebb9644a2a3cec47351c00887dac177c54978adde1aa4c271a07d233dd8b72,79c4ae48c45e15f21346022d19dde6aa9329703681a8cd3921524af45d8891c9,913 ITI-01,NBA,NBA,2025-2026,2025-03-18,2026-09-01,"{""date_from"":""2025-03-18"",""date_to"":""2026-09-01"",""game_data"":[""pbp""],""leagues"":[""NBA""],""market_data"":[""candles""],""markets"":[""kalshi""],""seasons"":[""2025-2026""],""sports"":[""NBA""]}",TRADABLE_YES_BID,1_MINUTE_CANDLE,available_at,FIRST_TOUCH,"{""id"":""entry_mtw2zh6b_f4q8g"",""op"":""FIRST_TOUCH"",""ordinal"":""FIRST_TOUCH"",""period"":""Q2"",""price_e4"":6800,""source_vocabulary"":""TOUCH""}",REACH,"{""id"":""exit_mty0bwbw_mvfqe"",""op"":""REACH"",""outcome"":""win"",""price_e4"":9500}",REACH,"{""id"":""exit_mtug1t99_aq1lv"",""op"":""REACH"",""outcome"":""loss"",""price_e4"":4500}",HOLD_TO_SETTLEMENT,c5430eb845ac4cefb3c281ac543b383aad9652b9d0817d0605ab42bca6970657,1.0.0,2026-09-13T06:28:48Z,1.0.0,1.0.0,1.0.0,2026-09-13T06:28:48Z,READY,224,116,108,0.517857,0.482143,2700,2300,1.173913,289.285714,a1bee2f832bba4fbfbee499c6c89c2cf1a011d365a81efc1b5ef04b1ed6b0236,candle_path_not_fill,UNAVAILABLE,UNAVAILABLE,UNAVAILABLE,NOT_COMPUTABLE,UNAVAILABLE
weekly_observed,OBSERVED,base_decomposition,2026-W14,0.105147,fraction,iso_week,superasi_bdebase_v1.0.0,grade_config_v1,2026-09-13T13:03:03Z,77f6004823dc43509371df35ae2da858,913 ITI-01,520b4e76a9cc28b0c6569db6ee1d2b69ec97dac331fccf5f85a35ae2b53f260a,06ebb9644a2a3cec47351c00887dac177c54978adde1aa4c271a07d233dd8b72,79c4ae48c45e15f21346022d19dde6aa9329703681a8cd3921524af45d8891c9,913 ITI-01,NBA,NBA,2025-2026,2025-03-18,2026-09-01,"{""date_from"":""2025-03-18"",""date_to"":""2026-09-01"",""game_data"":[""pbp""],""leagues"":[""NBA""],""market_data"":[""candles""],""markets"":[""kalshi""],""seasons"":[""2025-2026""],""sports"":[""NBA""]}",TRADABLE_YES_BID,1_MINUTE_CANDLE,available_at,FIRST_TOUCH,"{""id"":""entry_mtw2zh6b_f4q8g"",""op"":""FIRST_TOUCH"",""ordinal"":""FIRST_TOUCH"",""period"":""Q2"",""price_e4"":6800,""source_vocabulary"":""TOUCH""}",REACH,"{""id"":""exit_mty0bwbw_mvfqe"",""op"":""REACH"",""outcome"":""win"",""price_e4"":9500}",REACH,"{""id"":""exit_mtug1t99_aq1lv"",""op"":""REACH"",""outcome"":""loss"",""price_e4"":4500}",HOLD_TO_SETTLEMENT,c5430eb845ac4cefb3c281ac543b383aad9652b9d0817d0605ab42bca6970657,1.0.0,2026-09-13T06:28:48Z,1.0.0,1.0.0,1.0.0,2026-09-13T06:28:48Z,READY,224,116,108,0.517857,0.482143,2700,2300,1.173913,289.285714,a1bee2f832bba4fbfbee499c6c89c2cf1a011d365a81efc1b5ef04b1ed6b0236,candle_path_not_fill,UNAVAILABLE,UNAVAILABLE,UNAVAILABLE,NOT_COMPUTABLE,UNAVAILABLE
weekly_observed,OBSERVED,base_decomposition,2026-W15,0.082353,fraction,iso_week,superasi_bdebase_v1.0.0,grade_config_v1,2026-09-13T13:03:03Z,77f6004823dc43509371df35ae2da858,913 ITI-01,520b4e76a9cc28b0c6569db6ee1d2b69ec97dac331fccf5f85a35ae2b53f260a,06ebb9644a2a3cec47351c00887dac177c54978adde1aa4c271a07d233dd8b72,79c4ae48c45e15f21346022d19dde6aa9329703681a8cd3921524af45d8891c9,913 ITI-01,NBA,NBA,2025-2026,2025-03-18,2026-09-01,"{""date_from"":""2025-03-18"",""date_to"":""2026-09-01"",""game_data"":[""pbp""],""leagues"":[""NBA""],""market_data"":[""candles""],""markets"":[""kalshi""],""seasons"":[""2025-2026""],""sports"":[""NBA""]}",TRADABLE_YES_BID,1_MINUTE_CANDLE,available_at,FIRST_TOUCH,"{""id"":""entry_mtw2zh6b_f4q8g"",""op"":""FIRST_TOUCH"",""ordinal"":""FIRST_TOUCH"",""period"":""Q2"",""price_e4"":6800,""source_vocabulary"":""TOUCH""}",REACH,"{""id"":""exit_mty0bwbw_mvfqe"",""op"":""REACH"",""outcome"":""win"",""price_e4"":9500}",REACH,"{""id"":""exit_mtug1t99_aq1lv"",""op"":""REACH"",""outcome"":""loss"",""price_e4"":4500}",HOLD_TO_SETTLEMENT,c5430eb845ac4cefb3c281ac543b383aad9652b9d0817d0605ab42bca6970657,1.0.0,2026-09-13T06:28:48Z,1.0.0,1.0.0,1.0.0,2026-09-13T06:28:48Z,READY,224,116,108,0.517857,0.482143,2700,2300,1.173913,289.285714,a1bee2f832bba4fbfbee499c6c89c2cf1a011d365a81efc1b5ef04b1ed6b0236,candle_path_not_fill,UNAVAILABLE,UNAVAILABLE,UNAVAILABLE,NOT_COMPUTABLE,UNAVAILABLE
weekly_observed,OBSERVED,base_decomposition,2026-W16,0.039706,fraction,iso_week,superasi_bdebase_v1.0.0,grade_config_v1,2026-09-13T13:03:03Z,77f6004823dc43509371df35ae2da858,913 ITI-01,520b4e76a9cc28b0c6569db6ee1d2b69ec97dac331fccf5f85a35ae2b53f260a,06ebb9644a2a3cec47351c00887dac177c54978adde1aa4c271a07d233dd8b72,79c4ae48c45e15f21346022d19dde6aa9329703681a8cd3921524af45d8891c9,913 ITI-01,NBA,NBA,2025-2026,2025-03-18,2026-09-01,"{""date_from"":""2025-03-18"",""date_to"":""2026-09-01"",""game_data"":[""pbp""],""leagues"":[""NBA""],""market_data"":[""candles""],""markets"":[""kalshi""],""seasons"":[""2025-2026""],""sports"":[""NBA""]}",TRADABLE_YES_BID,1_MINUTE_CANDLE,available_at,FIRST_TOUCH,"{""id"":""entry_mtw2zh6b_f4q8g"",""op"":""FIRST_TOUCH"",""ordinal"":""FIRST_TOUCH"",""period"":""Q2"",""price_e4"":6800,""source_vocabulary"":""TOUCH""}",REACH,"{""id"":""exit_mty0bwbw_mvfqe"",""op"":""REACH"",""outcome"":""win"",""price_e4"":9500}",REACH,"{""id"":""exit_mtug1t99_aq1lv"",""op"":""REACH"",""outcome"":""loss"",""price_e4"":4500}",HOLD_TO_SETTLEMENT,c5430eb845ac4cefb3c281ac543b383aad9652b9d0817d0605ab42bca6970657,1.0.0,2026-09-13T06:28:48Z,1.0.0,1.0.0,1.0.0,2026-09-13T06:28:48Z,READY,224,116,108,0.517857,0.482143,2700,2300,1.173913,289.285714,a1bee2f832bba4fbfbee499c6c89c2cf1a011d365a81efc1b5ef04b1ed6b0236,candle_path_not_fill,UNAVAILABLE,UNAVAILABLE,UNAVAILABLE,NOT_COMPUTABLE,UNAVAILABLE
weekly_observed,OBSERVED,base_decomposition,2026-W17,-0.030882,fraction,iso_week,superasi_bdebase_v1.0.0,grade_config_v1,2026-09-13T13:03:03Z,77f6004823dc43509371df35ae2da858,913 ITI-01,520b4e76a9cc28b0c6569db6ee1d2b69ec97dac331fccf5f85a35ae2b53f260a,06ebb9644a2a3cec47351c00887dac177c54978adde1aa4c271a07d233dd8b72,79c4ae48c45e15f21346022d19dde6aa9329703681a8cd3921524af45d8891c9,913 ITI-01,NBA,NBA,2025-2026,2025-03-18,2026-09-01,"{""date_from"":""2025-03-18"",""date_to"":""2026-09-01"",""game_data"":[""pbp""],""leagues"":[""NBA""],""market_data"":[""candles""],""markets"":[""kalshi""],""seasons"":[""2025-2026""],""sports"":[""NBA""]}",TRADABLE_YES_BID,1_MINUTE_CANDLE,available_at,FIRST_TOUCH,"{""id"":""entry_mtw2zh6b_f4q8g"",""op"":""FIRST_TOUCH"",""ordinal"":""FIRST_TOUCH"",""period"":""Q2"",""price_e4"":6800,""source_vocabulary"":""TOUCH""}",REACH,"{""id"":""exit_mty0bwbw_mvfqe"",""op"":""REACH"",""outcome"":""win"",""price_e4"":9500}",REACH,"{""id"":""exit_mtug1t99_aq1lv"",""op"":""REACH"",""outcome"":""loss"",""price_e4"":4500}",HOLD_TO_SETTLEMENT,c5430eb845ac4cefb3c281ac543b383aad9652b9d0817d0605ab42bca6970657,1.0.0,2026-09-13T06:28:48Z,1.0.0,1.0.0,1.0.0,2026-09-13T06:28:48Z,READY,224,116,108,0.517857,0.482143,2700,2300,1.173913,289.285714,a1bee2f832bba4fbfbee499c6c89c2cf1a011d365a81efc1b5ef04b1ed6b0236,candle_path_not_fill,UNAVAILABLE,UNAVAILABLE,UNAVAILABLE,NOT_COMPUTABLE,UNAVAILABLE
weekly_observed,OBSERVED,base_decomposition,2026-W18,0.002941,fraction,iso_week,superasi_bdebase_v1.0.0,grade_config_v1,2026-09-13T13:03:03Z,77f6004823dc43509371df35ae2da858,913 ITI-01,520b4e76a9cc28b0c6569db6ee1d2b69ec97dac331fccf5f85a35ae2b53f260a,06ebb9644a2a3cec47351c00887dac177c54978adde1aa4c271a07d233dd8b72,79c4ae48c45e15f21346022d19dde6aa9329703681a8cd3921524af45d8891c9,913 ITI-01,NBA,NBA,2025-2026,2025-03-18,2026-09-01,"{""date_from"":""2025-03-18"",""date_to"":""2026-09-01"",""game_data"":[""pbp""],""leagues"":[""NBA""],""market_data"":[""candles""],""markets"":[""kalshi""],""seasons"":[""2025-2026""],""sports"":[""NBA""]}",TRADABLE_YES_BID,1_MINUTE_CANDLE,available_at,FIRST_TOUCH,"{""id"":""entry_mtw2zh6b_f4q8g"",""op"":""FIRST_TOUCH"",""ordinal"":""FIRST_TOUCH"",""period"":""Q2"",""price_e4"":6800,""source_vocabulary"":""TOUCH""}",REACH,"{""id"":""exit_mty0bwbw_mvfqe"",""op"":""REACH"",""outcome"":""win"",""price_e4"":9500}",REACH,"{""id"":""exit_mtug1t99_aq1lv"",""op"":""REACH"",""outcome"":""loss"",""price_e4"":4500}",HOLD_TO_SETTLEMENT,c5430eb845ac4cefb3c281ac543b383aad9652b9d0817d0605ab42bca6970657,1.0.0,2026-09-13T06:28:48Z,1.0.0,1.0.0,1.0.0,2026-09-13T06:28:48Z,READY,224,116,108,0.517857,0.482143,2700,2300,1.173913,289.285714,a1bee2f832bba4fbfbee499c6c89c2cf1a011d365a81efc1b5ef04b1ed6b0236,candle_path_not_fill,UNAVAILABLE,UNAVAILABLE,UNAVAILABLE,NOT_COMPUTABLE,UNAVAILABLE
weekly_observed,OBSERVED,base_decomposition,2026-W19,0.019853,fraction,iso_week,superasi_bdebase_v1.0.0,grade_config_v1,2026-09-13T13:03:03Z,77f6004823dc43509371df35ae2da858,913 ITI-01,520b4e76a9cc28b0c6569db6ee1d2b69ec97dac331fccf5f85a35ae2b53f260a,06ebb9644a2a3cec47351c00887dac177c54978adde1aa4c271a07d233dd8b72,79c4ae48c45e15f21346022d19dde6aa9329703681a8cd3921524af45d8891c9,913 ITI-01,NBA,NBA,2025-2026,2025-03-18,2026-09-01,"{""date_from"":""2025-03-18"",""date_to"":""2026-09-01"",""game_data"":[""pbp""],""leagues"":[""NBA""],""market_data"":[""candles""],""markets"":[""kalshi""],""seasons"":[""2025-2026""],""sports"":[""NBA""]}",TRADABLE_YES_BID,1_MINUTE_CANDLE,available_at,FIRST_TOUCH,"{""id"":""entry_mtw2zh6b_f4q8g"",""op"":""FIRST_TOUCH"",""ordinal"":""FIRST_TOUCH"",""period"":""Q2"",""price_e4"":6800,""source_vocabulary"":""TOUCH""}",REACH,"{""id"":""exit_mty0bwbw_mvfqe"",""op"":""REACH"",""outcome"":""win"",""price_e4"":9500}",REACH,"{""id"":""exit_mtug1t99_aq1lv"",""op"":""REACH"",""outcome"":""loss"",""price_e4"":4500}",HOLD_TO_SETTLEMENT,c5430eb845ac4cefb3c281ac543b383aad9652b9d0817d0605ab42bca6970657,1.0.0,2026-09-13T06:28:48Z,1.0.0,1.0.0,1.0.0,2026-09-13T06:28:48Z,READY,224,116,108,0.517857,0.482143,2700,2300,1.173913,289.285714,a1bee2f832bba4fbfbee499c6c89c2cf1a011d365a81efc1b5ef04b1ed6b0236,candle_path_not_fill,UNAVAILABLE,UNAVAILABLE,UNAVAILABLE,NOT_COMPUTABLE,UNAVAILABLE
weekly_observed,OBSERVED,base_decomposition,2026-W20,-0.033824,fraction,iso_week,superasi_bdebase_v1.0.0,grade_config_v1,2026-09-13T13:03:03Z,77f6004823dc43509371df35ae2da858,913 ITI-01,520b4e76a9cc28b0c6569db6ee1d2b69ec97dac331fccf5f85a35ae2b53f260a,06ebb9644a2a3cec47351c00887dac177c54978adde1aa4c271a07d233dd8b72,79c4ae48c45e15f21346022d19dde6aa9329703681a8cd3921524af45d8891c9,913 ITI-01,NBA,NBA,2025-2026,2025-03-18,2026-09-01,"{""date_from"":""2025-03-18"",""date_to"":""2026-09-01"",""game_data"":[""pbp""],""leagues"":[""NBA""],""market_data"":[""candles""],""markets"":[""kalshi""],""seasons"":[""2025-2026""],""sports"":[""NBA""]}",TRADABLE_YES_BID,1_MINUTE_CANDLE,available_at,FIRST_TOUCH,"{""id"":""entry_mtw2zh6b_f4q8g"",""op"":""FIRST_TOUCH"",""ordinal"":""FIRST_TOUCH"",""period"":""Q2"",""price_e4"":6800,""source_vocabulary"":""TOUCH""}",REACH,"{""id"":""exit_mty0bwbw_mvfqe"",""op"":""REACH"",""outcome"":""win"",""price_e4"":9500}",REACH,"{""id"":""exit_mtug1t99_aq1lv"",""op"":""REACH"",""outcome"":""loss"",""price_e4"":4500}",HOLD_TO_SETTLEMENT,c5430eb845ac4cefb3c281ac543b383aad9652b9d0817d0605ab42bca6970657,1.0.0,2026-09-13T06:28:48Z,1.0.0,1.0.0,1.0.0,2026-09-13T06:28:48Z,READY,224,116,108,0.517857,0.482143,2700,2300,1.173913,289.285714,a1bee2f832bba4fbfbee499c6c89c2cf1a011d365a81efc1b5ef04b1ed6b0236,candle_path_not_fill,UNAVAILABLE,UNAVAILABLE,UNAVAILABLE,NOT_COMPUTABLE,UNAVAILABLE
weekly_observed,OBSERVED,base_decomposition,2026-W24,-0.016912,fraction,iso_week,superasi_bdebase_v1.0.0,grade_config_v1,2026-09-13T13:03:03Z,77f6004823dc43509371df35ae2da858,913 ITI-01,520b4e76a9cc28b0c6569db6ee1d2b69ec97dac331fccf5f85a35ae2b53f260a,06ebb9644a2a3cec47351c00887dac177c54978adde1aa4c271a07d233dd8b72,79c4ae48c45e15f21346022d19dde6aa9329703681a8cd3921524af45d8891c9,913 ITI-01,NBA,NBA,2025-2026,2025-03-18,2026-09-01,"{""date_from"":""2025-03-18"",""date_to"":""2026-09-01"",""game_data"":[""pbp""],""leagues"":[""NBA""],""market_data"":[""candles""],""markets"":[""kalshi""],""seasons"":[""2025-2026""],""sports"":[""NBA""]}",TRADABLE_YES_BID,1_MINUTE_CANDLE,available_at,FIRST_TOUCH,"{""id"":""entry_mtw2zh6b_f4q8g"",""op"":""FIRST_TOUCH"",""ordinal"":""FIRST_TOUCH"",""period"":""Q2"",""price_e4"":6800,""source_vocabulary"":""TOUCH""}",REACH,"{""id"":""exit_mty0bwbw_mvfqe"",""op"":""REACH"",""outcome"":""win"",""price_e4"":9500}",REACH,"{""id"":""exit_mtug1t99_aq1lv"",""op"":""REACH"",""outcome"":""loss"",""price_e4"":4500}",HOLD_TO_SETTLEMENT,c5430eb845ac4cefb3c281ac543b383aad9652b9d0817d0605ab42bca6970657,1.0.0,2026-09-13T06:28:48Z,1.0.0,1.0.0,1.0.0,2026-09-13T06:28:48Z,READY,224,116,108,0.517857,0.482143,2700,2300,1.173913,289.285714,a1bee2f832bba4fbfbee499c6c89c2cf1a011d365a81efc1b5ef04b1ed6b0236,candle_path_not_fill,UNAVAILABLE,UNAVAILABLE,UNAVAILABLE,NOT_COMPUTABLE,UNAVAILABLE
grading,OBSERVED,base_degrading,BASE_GRADE,F,letter,superasi_abase,superasi_bdebase_v1.0.0,grade_config_v1,2026-09-13T13:03:03Z,77f6004823dc43509371df35ae2da858,913 ITI-01,520b4e76a9cc28b0c6569db6ee1d2b69ec97dac331fccf5f85a35ae2b53f260a,06ebb9644a2a3cec47351c00887dac177c54978adde1aa4c271a07d233dd8b72,79c4ae48c45e15f21346022d19dde6aa9329703681a8cd3921524af45d8891c9,913 ITI-01,NBA,NBA,2025-2026,2025-03-18,2026-09-01,"{""date_from"":""2025-03-18"",""date_to"":""2026-09-01"",""game_data"":[""pbp""],""leagues"":[""NBA""],""market_data"":[""candles""],""markets"":[""kalshi""],""seasons"":[""2025-2026""],""sports"":[""NBA""]}",TRADABLE_YES_BID,1_MINUTE_CANDLE,available_at,FIRST_TOUCH,"{""id"":""entry_mtw2zh6b_f4q8g"",""op"":""FIRST_TOUCH"",""ordinal"":""FIRST_TOUCH"",""period"":""Q2"",""price_e4"":6800,""source_vocabulary"":""TOUCH""}",REACH,"{""id"":""exit_mty0bwbw_mvfqe"",""op"":""REACH"",""outcome"":""win"",""price_e4"":9500}",REACH,"{""id"":""exit_mtug1t99_aq1lv"",""op"":""REACH"",""outcome"":""loss"",""price_e4"":4500}",HOLD_TO_SETTLEMENT,c5430eb845ac4cefb3c281ac543b383aad9652b9d0817d0605ab42bca6970657,1.0.0,2026-09-13T06:28:48Z,1.0.0,1.0.0,1.0.0,2026-09-13T06:28:48Z,READY,224,116,108,0.517857,0.482143,2700,2300,1.173913,289.285714,a1bee2f832bba4fbfbee499c6c89c2cf1a011d365a81efc1b5ef04b1ed6b0236,candle_path_not_fill,UNAVAILABLE,UNAVAILABLE,UNAVAILABLE,NOT_COMPUTABLE,UNAVAILABLE
grading,OBSERVED,base_degrading,phase_a_coverage_grade,A+,letter,superasi_abase,superasi_bdebase_v1.0.0,grade_config_v1,2026-09-13T13:03:03Z,77f6004823dc43509371df35ae2da858,913 ITI-01,520b4e76a9cc28b0c6569db6ee1d2b69ec97dac331fccf5f85a35ae2b53f260a,06ebb9644a2a3cec47351c00887dac177c54978adde1aa4c271a07d233dd8b72,79c4ae48c45e15f21346022d19dde6aa9329703681a8cd3921524af45d8891c9,913 ITI-01,NBA,NBA,2025-2026,2025-03-18,2026-09-01,"{""date_from"":""2025-03-18"",""date_to"":""2026-09-01"",""game_data"":[""pbp""],""leagues"":[""NBA""],""market_data"":[""candles""],""markets"":[""kalshi""],""seasons"":[""2025-2026""],""sports"":[""NBA""]}",TRADABLE_YES_BID,1_MINUTE_CANDLE,available_at,FIRST_TOUCH,"{""id"":""entry_mtw2zh6b_f4q8g"",""op"":""FIRST_TOUCH"",""ordinal"":""FIRST_TOUCH"",""period"":""Q2"",""price_e4"":6800,""source_vocabulary"":""TOUCH""}",REACH,"{""id"":""exit_mty0bwbw_mvfqe"",""op"":""REACH"",""outcome"":""win"",""price_e4"":9500}",REACH,"{""id"":""exit_mtug1t99_aq1lv"",""op"":""REACH"",""outcome"":""loss"",""price_e4"":4500}",HOLD_TO_SETTLEMENT,c5430eb845ac4cefb3c281ac543b383aad9652b9d0817d0605ab42bca6970657,1.0.0,2026-09-13T06:28:48Z,1.0.0,1.0.0,1.0.0,2026-09-13T06:28:48Z,READY,224,116,108,0.517857,0.482143,2700,2300,1.173913,289.285714,a1bee2f832bba4fbfbee499c6c89c2cf1a011d365a81efc1b5ef04b1ed6b0236,candle_path_not_fill,UNAVAILABLE,UNAVAILABLE,UNAVAILABLE,NOT_COMPUTABLE,UNAVAILABLE
grading,OBSERVED,base_degrading,phase_a_research_evidence_grade,F,letter,superasi_abase,superasi_bdebase_v1.0.0,grade_config_v1,2026-09-13T13:03:03Z,77f6004823dc43509371df35ae2da858,913 ITI-01,520b4e76a9cc28b0c6569db6ee1d2b69ec97dac331fccf5f85a35ae2b53f260a,06ebb9644a2a3cec47351c00887dac177c54978adde1aa4c271a07d233dd8b72,79c4ae48c45e15f21346022d19dde6aa9329703681a8cd3921524af45d8891c9,913 ITI-01,NBA,NBA,2025-2026,2025-03-18,2026-09-01,"{""date_from"":""2025-03-18"",""date_to"":""2026-09-01"",""game_data"":[""pbp""],""leagues"":[""NBA""],""market_data"":[""candles""],""markets"":[""kalshi""],""seasons"":[""2025-2026""],""sports"":[""NBA""]}",TRADABLE_YES_BID,1_MINUTE_CANDLE,available_at,FIRST_TOUCH,"{""id"":""entry_mtw2zh6b_f4q8g"",""op"":""FIRST_TOUCH"",""ordinal"":""FIRST_TOUCH"",""period"":""Q2"",""price_e4"":6800,""source_vocabulary"":""TOUCH""}",REACH,"{""id"":""exit_mty0bwbw_mvfqe"",""op"":""REACH"",""outcome"":""win"",""price_e4"":9500}",REACH,"{""id"":""exit_mtug1t99_aq1lv"",""op"":""REACH"",""outcome"":""loss"",""price_e4"":4500}",HOLD_TO_SETTLEMENT,c5430eb845ac4cefb3c281ac543b383aad9652b9d0817d0605ab42bca6970657,1.0.0,2026-09-13T06:28:48Z,1.0.0,1.0.0,1.0.0,2026-09-13T06:28:48Z,READY,224,116,108,0.517857,0.482143,2700,2300,1.173913,289.285714,a1bee2f832bba4fbfbee499c6c89c2cf1a011d365a81efc1b5ef04b1ed6b0236,candle_path_not_fill,UNAVAILABLE,UNAVAILABLE,UNAVAILABLE,NOT_COMPUTABLE,UNAVAILABLE
grading,OBSERVED,base_degrading,phase_a_robustness_grade,A-,letter,superasi_abase,superasi_bdebase_v1.0.0,grade_config_v1,2026-09-13T13:03:03Z,77f6004823dc43509371df35ae2da858,913 ITI-01,520b4e76a9cc28b0c6569db6ee1d2b69ec97dac331fccf5f85a35ae2b53f260a,06ebb9644a2a3cec47351c00887dac177c54978adde1aa4c271a07d233dd8b72,79c4ae48c45e15f21346022d19dde6aa9329703681a8cd3921524af45d8891c9,913 ITI-01,NBA,NBA,2025-2026,2025-03-18,2026-09-01,"{""date_from"":""2025-03-18"",""date_to"":""2026-09-01"",""game_data"":[""pbp""],""leagues"":[""NBA""],""market_data"":[""candles""],""markets"":[""kalshi""],""seasons"":[""2025-2026""],""sports"":[""NBA""]}",TRADABLE_YES_BID,1_MINUTE_CANDLE,available_at,FIRST_TOUCH,"{""id"":""entry_mtw2zh6b_f4q8g"",""op"":""FIRST_TOUCH"",""ordinal"":""FIRST_TOUCH"",""period"":""Q2"",""price_e4"":6800,""source_vocabulary"":""TOUCH""}",REACH,"{""id"":""exit_mty0bwbw_mvfqe"",""op"":""REACH"",""outcome"":""win"",""price_e4"":9500}",REACH,"{""id"":""exit_mtug1t99_aq1lv"",""op"":""REACH"",""outcome"":""loss"",""price_e4"":4500}",HOLD_TO_SETTLEMENT,c5430eb845ac4cefb3c281ac543b383aad9652b9d0817d0605ab42bca6970657,1.0.0,2026-09-13T06:28:48Z,1.0.0,1.0.0,1.0.0,2026-09-13T06:28:48Z,READY,224,116,108,0.517857,0.482143,2700,2300,1.173913,289.285714,a1bee2f832bba4fbfbee499c6c89c2cf1a011d365a81efc1b5ef04b1ed6b0236,candle_path_not_fill,UNAVAILABLE,UNAVAILABLE,UNAVAILABLE,NOT_COMPUTABLE,UNAVAILABLE
grading,OBSERVED,base_degrading,phase_a_theoretical_alignment_grade,F,letter,superasi_abase,superasi_bdebase_v1.0.0,grade_config_v1,2026-09-13T13:03:03Z,77f6004823dc43509371df35ae2da858,913 ITI-01,520b4e76a9cc28b0c6569db6ee1d2b69ec97dac331fccf5f85a35ae2b53f260a,06ebb9644a2a3cec47351c00887dac177c54978adde1aa4c271a07d233dd8b72,79c4ae48c45e15f21346022d19dde6aa9329703681a8cd3921524af45d8891c9,913 ITI-01,NBA,NBA,2025-2026,2025-03-18,2026-09-01,"{""date_from"":""2025-03-18"",""date_to"":""2026-09-01"",""game_data"":[""pbp""],""leagues"":[""NBA""],""market_data"":[""candles""],""markets"":[""kalshi""],""seasons"":[""2025-2026""],""sports"":[""NBA""]}",TRADABLE_YES_BID,1_MINUTE_CANDLE,available_at,FIRST_TOUCH,"{""id"":""entry_mtw2zh6b_f4q8g"",""op"":""FIRST_TOUCH"",""ordinal"":""FIRST_TOUCH"",""period"":""Q2"",""price_e4"":6800,""source_vocabulary"":""TOUCH""}",REACH,"{""id"":""exit_mty0bwbw_mvfqe"",""op"":""REACH"",""outcome"":""win"",""price_e4"":9500}",REACH,"{""id"":""exit_mtug1t99_aq1lv"",""op"":""REACH"",""outcome"":""loss"",""price_e4"":4500}",HOLD_TO_SETTLEMENT,c5430eb845ac4cefb3c281ac543b383aad9652b9d0817d0605ab42bca6970657,1.0.0,2026-09-13T06:28:48Z,1.0.0,1.0.0,1.0.0,2026-09-13T06:28:48Z,READY,224,116,108,0.517857,0.482143,2700,2300,1.173913,289.285714,a1bee2f832bba4fbfbee499c6c89c2cf1a011d365a81efc1b5ef04b1ed6b0236,candle_path_not_fill,UNAVAILABLE,UNAVAILABLE,UNAVAILABLE,NOT_COMPUTABLE,UNAVAILABLE
grading,OBSERVED,base_degrading,phase_a_validation_grade,A+,letter,superasi_abase,superasi_bdebase_v1.0.0,grade_config_v1,2026-09-13T13:03:03Z,77f6004823dc43509371df35ae2da858,913 ITI-01,520b4e76a9cc28b0c6569db6ee1d2b69ec97dac331fccf5f85a35ae2b53f260a,06ebb9644a2a3cec47351c00887dac177c54978adde1aa4c271a07d233dd8b72,79c4ae48c45e15f21346022d19dde6aa9329703681a8cd3921524af45d8891c9,913 ITI-01,NBA,NBA,2025-2026,2025-03-18,2026-09-01,"{""date_from"":""2025-03-18"",""date_to"":""2026-09-01"",""game_data"":[""pbp""],""leagues"":[""NBA""],""market_data"":[""candles""],""markets"":[""kalshi""],""seasons"":[""2025-2026""],""sports"":[""NBA""]}",TRADABLE_YES_BID,1_MINUTE_CANDLE,available_at,FIRST_TOUCH,"{""id"":""entry_mtw2zh6b_f4q8g"",""op"":""FIRST_TOUCH"",""ordinal"":""FIRST_TOUCH"",""period"":""Q2"",""price_e4"":6800,""source_vocabulary"":""TOUCH""}",REACH,"{""id"":""exit_mty0bwbw_mvfqe"",""op"":""REACH"",""outcome"":""win"",""price_e4"":9500}",REACH,"{""id"":""exit_mtug1t99_aq1lv"",""op"":""REACH"",""outcome"":""loss"",""price_e4"":4500}",HOLD_TO_SETTLEMENT,c5430eb845ac4cefb3c281ac543b383aad9652b9d0817d0605ab42bca6970657,1.0.0,2026-09-13T06:28:48Z,1.0.0,1.0.0,1.0.0,2026-09-13T06:28:48Z,READY,224,116,108,0.517857,0.482143,2700,2300,1.173913,289.285714,a1bee2f832bba4fbfbee499c6c89c2cf1a011d365a81efc1b5ef04b1ed6b0236,candle_path_not_fill,UNAVAILABLE,UNAVAILABLE,UNAVAILABLE,NOT_COMPUTABLE,UNAVAILABLE
degrading,OBSERVED,base_degrading,DEBASE_GRADE,F,letter,grade_config_v1,superasi_bdebase_v1.0.0,grade_config_v1,2026-09-13T13:03:03Z,77f6004823dc43509371df35ae2da858,913 ITI-01,520b4e76a9cc28b0c6569db6ee1d2b69ec97dac331fccf5f85a35ae2b53f260a,06ebb9644a2a3cec47351c00887dac177c54978adde1aa4c271a07d233dd8b72,79c4ae48c45e15f21346022d19dde6aa9329703681a8cd3921524af45d8891c9,913 ITI-01,NBA,NBA,2025-2026,2025-03-18,2026-09-01,"{""date_from"":""2025-03-18"",""date_to"":""2026-09-01"",""game_data"":[""pbp""],""leagues"":[""NBA""],""market_data"":[""candles""],""markets"":[""kalshi""],""seasons"":[""2025-2026""],""sports"":[""NBA""]}",TRADABLE_YES_BID,1_MINUTE_CANDLE,available_at,FIRST_TOUCH,"{""id"":""entry_mtw2zh6b_f4q8g"",""op"":""FIRST_TOUCH"",""ordinal"":""FIRST_TOUCH"",""period"":""Q2"",""price_e4"":6800,""source_vocabulary"":""TOUCH""}",REACH,"{""id"":""exit_mty0bwbw_mvfqe"",""op"":""REACH"",""outcome"":""win"",""price_e4"":9500}",REACH,"{""id"":""exit_mtug1t99_aq1lv"",""op"":""REACH"",""outcome"":""loss"",""price_e4"":4500}",HOLD_TO_SETTLEMENT,c5430eb845ac4cefb3c281ac543b383aad9652b9d0817d0605ab42bca6970657,1.0.0,2026-09-13T06:28:48Z,1.0.0,1.0.0,1.0.0,2026-09-13T06:28:48Z,READY,224,116,108,0.517857,0.482143,2700,2300,1.173913,289.285714,a1bee2f832bba4fbfbee499c6c89c2cf1a011d365a81efc1b5ef04b1ed6b0236,candle_path_not_fill,UNAVAILABLE,UNAVAILABLE,UNAVAILABLE,NOT_COMPUTABLE,UNAVAILABLE
degrading,OBSERVED,base_degrading,DEBASE_GRADE_uncapped,F,letter,grade_config_v1,superasi_bdebase_v1.0.0,grade_config_v1,2026-09-13T13:03:03Z,77f6004823dc43509371df35ae2da858,913 ITI-01,520b4e76a9cc28b0c6569db6ee1d2b69ec97dac331fccf5f85a35ae2b53f260a,06ebb9644a2a3cec47351c00887dac177c54978adde1aa4c271a07d233dd8b72,79c4ae48c45e15f21346022d19dde6aa9329703681a8cd3921524af45d8891c9,913 ITI-01,NBA,NBA,2025-2026,2025-03-18,2026-09-01,"{""date_from"":""2025-03-18"",""date_to"":""2026-09-01"",""game_data"":[""pbp""],""leagues"":[""NBA""],""market_data"":[""candles""],""markets"":[""kalshi""],""seasons"":[""2025-2026""],""sports"":[""NBA""]}",TRADABLE_YES_BID,1_MINUTE_CANDLE,available_at,FIRST_TOUCH,"{""id"":""entry_mtw2zh6b_f4q8g"",""op"":""FIRST_TOUCH"",""ordinal"":""FIRST_TOUCH"",""period"":""Q2"",""price_e4"":6800,""source_vocabulary"":""TOUCH""}",REACH,"{""id"":""exit_mty0bwbw_mvfqe"",""op"":""REACH"",""outcome"":""win"",""price_e4"":9500}",REACH,"{""id"":""exit_mtug1t99_aq1lv"",""op"":""REACH"",""outcome"":""loss"",""price_e4"":4500}",HOLD_TO_SETTLEMENT,c5430eb845ac4cefb3c281ac543b383aad9652b9d0817d0605ab42bca6970657,1.0.0,2026-09-13T06:28:48Z,1.0.0,1.0.0,1.0.0,2026-09-13T06:28:48Z,READY,224,116,108,0.517857,0.482143,2700,2300,1.173913,289.285714,a1bee2f832bba4fbfbee499c6c89c2cf1a011d365a81efc1b5ef04b1ed6b0236,candle_path_not_fill,UNAVAILABLE,UNAVAILABLE,UNAVAILABLE,NOT_COMPUTABLE,UNAVAILABLE
degrading,OBSERVED,base_degrading,capped_to_base,false,,grade_config_v1,superasi_bdebase_v1.0.0,grade_config_v1,2026-09-13T13:03:03Z,77f6004823dc43509371df35ae2da858,913 ITI-01,520b4e76a9cc28b0c6569db6ee1d2b69ec97dac331fccf5f85a35ae2b53f260a,06ebb9644a2a3cec47351c00887dac177c54978adde1aa4c271a07d233dd8b72,79c4ae48c45e15f21346022d19dde6aa9329703681a8cd3921524af45d8891c9,913 ITI-01,NBA,NBA,2025-2026,2025-03-18,2026-09-01,"{""date_from"":""2025-03-18"",""date_to"":""2026-09-01"",""game_data"":[""pbp""],""leagues"":[""NBA""],""market_data"":[""candles""],""markets"":[""kalshi""],""seasons"":[""2025-2026""],""sports"":[""NBA""]}",TRADABLE_YES_BID,1_MINUTE_CANDLE,available_at,FIRST_TOUCH,"{""id"":""entry_mtw2zh6b_f4q8g"",""op"":""FIRST_TOUCH"",""ordinal"":""FIRST_TOUCH"",""period"":""Q2"",""price_e4"":6800,""source_vocabulary"":""TOUCH""}",REACH,"{""id"":""exit_mty0bwbw_mvfqe"",""op"":""REACH"",""outcome"":""win"",""price_e4"":9500}",REACH,"{""id"":""exit_mtug1t99_aq1lv"",""op"":""REACH"",""outcome"":""loss"",""price_e4"":4500}",HOLD_TO_SETTLEMENT,c5430eb845ac4cefb3c281ac543b383aad9652b9d0817d0605ab42bca6970657,1.0.0,2026-09-13T06:28:48Z,1.0.0,1.0.0,1.0.0,2026-09-13T06:28:48Z,READY,224,116,108,0.517857,0.482143,2700,2300,1.173913,289.285714,a1bee2f832bba4fbfbee499c6c89c2cf1a011d365a81efc1b5ef04b1ed6b0236,candle_path_not_fill,UNAVAILABLE,UNAVAILABLE,UNAVAILABLE,NOT_COMPUTABLE,UNAVAILABLE
degrading,OBSERVED,base_degrading,composite_score,48.000000,score,grade_config_v1,superasi_bdebase_v1.0.0,grade_config_v1,2026-09-13T13:03:03Z,77f6004823dc43509371df35ae2da858,913 ITI-01,520b4e76a9cc28b0c6569db6ee1d2b69ec97dac331fccf5f85a35ae2b53f260a,06ebb9644a2a3cec47351c00887dac177c54978adde1aa4c271a07d233dd8b72,79c4ae48c45e15f21346022d19dde6aa9329703681a8cd3921524af45d8891c9,913 ITI-01,NBA,NBA,2025-2026,2025-03-18,2026-09-01,"{""date_from"":""2025-03-18"",""date_to"":""2026-09-01"",""game_data"":[""pbp""],""leagues"":[""NBA""],""market_data"":[""candles""],""markets"":[""kalshi""],""seasons"":[""2025-2026""],""sports"":[""NBA""]}",TRADABLE_YES_BID,1_MINUTE_CANDLE,available_at,FIRST_TOUCH,"{""id"":""entry_mtw2zh6b_f4q8g"",""op"":""FIRST_TOUCH"",""ordinal"":""FIRST_TOUCH"",""period"":""Q2"",""price_e4"":6800,""source_vocabulary"":""TOUCH""}",REACH,"{""id"":""exit_mty0bwbw_mvfqe"",""op"":""REACH"",""outcome"":""win"",""price_e4"":9500}",REACH,"{""id"":""exit_mtug1t99_aq1lv"",""op"":""REACH"",""outcome"":""loss"",""price_e4"":4500}",HOLD_TO_SETTLEMENT,c5430eb845ac4cefb3c281ac543b383aad9652b9d0817d0605ab42bca6970657,1.0.0,2026-09-13T06:28:48Z,1.0.0,1.0.0,1.0.0,2026-09-13T06:28:48Z,READY,224,116,108,0.517857,0.482143,2700,2300,1.173913,289.285714,a1bee2f832bba4fbfbee499c6c89c2cf1a011d365a81efc1b5ef04b1ed6b0236,candle_path_not_fill,UNAVAILABLE,UNAVAILABLE,UNAVAILABLE,NOT_COMPUTABLE,UNAVAILABLE
degrading,OBSERVED,base_degrading,bottleneck,F,letter,grade_config_v1,superasi_bdebase_v1.0.0,grade_config_v1,2026-09-13T13:03:03Z,77f6004823dc43509371df35ae2da858,913 ITI-01,520b4e76a9cc28b0c6569db6ee1d2b69ec97dac331fccf5f85a35ae2b53f260a,06ebb9644a2a3cec47351c00887dac177c54978adde1aa4c271a07d233dd8b72,79c4ae48c45e15f21346022d19dde6aa9329703681a8cd3921524af45d8891c9,913 ITI-01,NBA,NBA,2025-2026,2025-03-18,2026-09-01,"{""date_from"":""2025-03-18"",""date_to"":""2026-09-01"",""game_data"":[""pbp""],""leagues"":[""NBA""],""market_data"":[""candles""],""markets"":[""kalshi""],""seasons"":[""2025-2026""],""sports"":[""NBA""]}",TRADABLE_YES_BID,1_MINUTE_CANDLE,available_at,FIRST_TOUCH,"{""id"":""entry_mtw2zh6b_f4q8g"",""op"":""FIRST_TOUCH"",""ordinal"":""FIRST_TOUCH"",""period"":""Q2"",""price_e4"":6800,""source_vocabulary"":""TOUCH""}",REACH,"{""id"":""exit_mty0bwbw_mvfqe"",""op"":""REACH"",""outcome"":""win"",""price_e4"":9500}",REACH,"{""id"":""exit_mtug1t99_aq1lv"",""op"":""REACH"",""outcome"":""loss"",""price_e4"":4500}",HOLD_TO_SETTLEMENT,c5430eb845ac4cefb3c281ac543b383aad9652b9d0817d0605ab42bca6970657,1.0.0,2026-09-13T06:28:48Z,1.0.0,1.0.0,1.0.0,2026-09-13T06:28:48Z,READY,224,116,108,0.517857,0.482143,2700,2300,1.173913,289.285714,a1bee2f832bba4fbfbee499c6c89c2cf1a011d365a81efc1b5ef04b1ed6b0236,candle_path_not_fill,UNAVAILABLE,UNAVAILABLE,UNAVAILABLE,NOT_COMPUTABLE,UNAVAILABLE
degrading,OBSERVED,base_degrading,raise_requires,raise research_evidence above F,,grade_config_v1,superasi_bdebase_v1.0.0,grade_config_v1,2026-09-13T13:03:03Z,77f6004823dc43509371df35ae2da858,913 ITI-01,520b4e76a9cc28b0c6569db6ee1d2b69ec97dac331fccf5f85a35ae2b53f260a,06ebb9644a2a3cec47351c00887dac177c54978adde1aa4c271a07d233dd8b72,79c4ae48c45e15f21346022d19dde6aa9329703681a8cd3921524af45d8891c9,913 ITI-01,NBA,NBA,2025-2026,2025-03-18,2026-09-01,"{""date_from"":""2025-03-18"",""date_to"":""2026-09-01"",""game_data"":[""pbp""],""leagues"":[""NBA""],""market_data"":[""candles""],""markets"":[""kalshi""],""seasons"":[""2025-2026""],""sports"":[""NBA""]}",TRADABLE_YES_BID,1_MINUTE_CANDLE,available_at,FIRST_TOUCH,"{""id"":""entry_mtw2zh6b_f4q8g"",""op"":""FIRST_TOUCH"",""ordinal"":""FIRST_TOUCH"",""period"":""Q2"",""price_e4"":6800,""source_vocabulary"":""TOUCH""}",REACH,"{""id"":""exit_mty0bwbw_mvfqe"",""op"":""REACH"",""outcome"":""win"",""price_e4"":9500}",REACH,"{""id"":""exit_mtug1t99_aq1lv"",""op"":""REACH"",""outcome"":""loss"",""price_e4"":4500}",HOLD_TO_SETTLEMENT,c5430eb845ac4cefb3c281ac543b383aad9652b9d0817d0605ab42bca6970657,1.0.0,2026-09-13T06:28:48Z,1.0.0,1.0.0,1.0.0,2026-09-13T06:28:48Z,READY,224,116,108,0.517857,0.482143,2700,2300,1.173913,289.285714,a1bee2f832bba4fbfbee499c6c89c2cf1a011d365a81efc1b5ef04b1ed6b0236,candle_path_not_fill,UNAVAILABLE,UNAVAILABLE,UNAVAILABLE,NOT_COMPUTABLE,UNAVAILABLE
degrading,OBSERVED,base_degrading,research_evidence_grade,F,letter,grade_config_v1,superasi_bdebase_v1.0.0,grade_config_v1,2026-09-13T13:03:03Z,77f6004823dc43509371df35ae2da858,913 ITI-01,520b4e76a9cc28b0c6569db6ee1d2b69ec97dac331fccf5f85a35ae2b53f260a,06ebb9644a2a3cec47351c00887dac177c54978adde1aa4c271a07d233dd8b72,79c4ae48c45e15f21346022d19dde6aa9329703681a8cd3921524af45d8891c9,913 ITI-01,NBA,NBA,2025-2026,2025-03-18,2026-09-01,"{""date_from"":""2025-03-18"",""date_to"":""2026-09-01"",""game_data"":[""pbp""],""leagues"":[""NBA""],""market_data"":[""candles""],""markets"":[""kalshi""],""seasons"":[""2025-2026""],""sports"":[""NBA""]}",TRADABLE_YES_BID,1_MINUTE_CANDLE,available_at,FIRST_TOUCH,"{""id"":""entry_mtw2zh6b_f4q8g"",""op"":""FIRST_TOUCH"",""ordinal"":""FIRST_TOUCH"",""period"":""Q2"",""price_e4"":6800,""source_vocabulary"":""TOUCH""}",REACH,"{""id"":""exit_mty0bwbw_mvfqe"",""op"":""REACH"",""outcome"":""win"",""price_e4"":9500}",REACH,"{""id"":""exit_mtug1t99_aq1lv"",""op"":""REACH"",""outcome"":""loss"",""price_e4"":4500}",HOLD_TO_SETTLEMENT,c5430eb845ac4cefb3c281ac543b383aad9652b9d0817d0605ab42bca6970657,1.0.0,2026-09-13T06:28:48Z,1.0.0,1.0.0,1.0.0,2026-09-13T06:28:48Z,READY,224,116,108,0.517857,0.482143,2700,2300,1.173913,289.285714,a1bee2f832bba4fbfbee499c6c89c2cf1a011d365a81efc1b5ef04b1ed6b0236,candle_path_not_fill,UNAVAILABLE,UNAVAILABLE,UNAVAILABLE,NOT_COMPUTABLE,UNAVAILABLE
degrading,OBSERVED,base_degrading,coverage_grade,A+,letter,grade_config_v1,superasi_bdebase_v1.0.0,grade_config_v1,2026-09-13T13:03:03Z,77f6004823dc43509371df35ae2da858,913 ITI-01,520b4e76a9cc28b0c6569db6ee1d2b69ec97dac331fccf5f85a35ae2b53f260a,06ebb9644a2a3cec47351c00887dac177c54978adde1aa4c271a07d233dd8b72,79c4ae48c45e15f21346022d19dde6aa9329703681a8cd3921524af45d8891c9,913 ITI-01,NBA,NBA,2025-2026,2025-03-18,2026-09-01,"{""date_from"":""2025-03-18"",""date_to"":""2026-09-01"",""game_data"":[""pbp""],""leagues"":[""NBA""],""market_data"":[""candles""],""markets"":[""kalshi""],""seasons"":[""2025-2026""],""sports"":[""NBA""]}",TRADABLE_YES_BID,1_MINUTE_CANDLE,available_at,FIRST_TOUCH,"{""id"":""entry_mtw2zh6b_f4q8g"",""op"":""FIRST_TOUCH"",""ordinal"":""FIRST_TOUCH"",""period"":""Q2"",""price_e4"":6800,""source_vocabulary"":""TOUCH""}",REACH,"{""id"":""exit_mty0bwbw_mvfqe"",""op"":""REACH"",""outcome"":""win"",""price_e4"":9500}",REACH,"{""id"":""exit_mtug1t99_aq1lv"",""op"":""REACH"",""outcome"":""loss"",""price_e4"":4500}",HOLD_TO_SETTLEMENT,c5430eb845ac4cefb3c281ac543b383aad9652b9d0817d0605ab42bca6970657,1.0.0,2026-09-13T06:28:48Z,1.0.0,1.0.0,1.0.0,2026-09-13T06:28:48Z,READY,224,116,108,0.517857,0.482143,2700,2300,1.173913,289.285714,a1bee2f832bba4fbfbee499c6c89c2cf1a011d365a81efc1b5ef04b1ed6b0236,candle_path_not_fill,UNAVAILABLE,UNAVAILABLE,UNAVAILABLE,NOT_COMPUTABLE,UNAVAILABLE
degrading,OBSERVED,base_degrading,robustness_grade,A-,letter,grade_config_v1,superasi_bdebase_v1.0.0,grade_config_v1,2026-09-13T13:03:03Z,77f6004823dc43509371df35ae2da858,913 ITI-01,520b4e76a9cc28b0c6569db6ee1d2b69ec97dac331fccf5f85a35ae2b53f260a,06ebb9644a2a3cec47351c00887dac177c54978adde1aa4c271a07d233dd8b72,79c4ae48c45e15f21346022d19dde6aa9329703681a8cd3921524af45d8891c9,913 ITI-01,NBA,NBA,2025-2026,2025-03-18,2026-09-01,"{""date_from"":""2025-03-18"",""date_to"":""2026-09-01"",""game_data"":[""pbp""],""leagues"":[""NBA""],""market_data"":[""candles""],""markets"":[""kalshi""],""seasons"":[""2025-2026""],""sports"":[""NBA""]}",TRADABLE_YES_BID,1_MINUTE_CANDLE,available_at,FIRST_TOUCH,"{""id"":""entry_mtw2zh6b_f4q8g"",""op"":""FIRST_TOUCH"",""ordinal"":""FIRST_TOUCH"",""period"":""Q2"",""price_e4"":6800,""source_vocabulary"":""TOUCH""}",REACH,"{""id"":""exit_mty0bwbw_mvfqe"",""op"":""REACH"",""outcome"":""win"",""price_e4"":9500}",REACH,"{""id"":""exit_mtug1t99_aq1lv"",""op"":""REACH"",""outcome"":""loss"",""price_e4"":4500}",HOLD_TO_SETTLEMENT,c5430eb845ac4cefb3c281ac543b383aad9652b9d0817d0605ab42bca6970657,1.0.0,2026-09-13T06:28:48Z,1.0.0,1.0.0,1.0.0,2026-09-13T06:28:48Z,READY,224,116,108,0.517857,0.482143,2700,2300,1.173913,289.285714,a1bee2f832bba4fbfbee499c6c89c2cf1a011d365a81efc1b5ef04b1ed6b0236,candle_path_not_fill,UNAVAILABLE,UNAVAILABLE,UNAVAILABLE,NOT_COMPUTABLE,UNAVAILABLE
degrading,OBSERVED,base_degrading,theoretical_alignment_grade,F,letter,grade_config_v1,superasi_bdebase_v1.0.0,grade_config_v1,2026-09-13T13:03:03Z,77f6004823dc43509371df35ae2da858,913 ITI-01,520b4e76a9cc28b0c6569db6ee1d2b69ec97dac331fccf5f85a35ae2b53f260a,06ebb9644a2a3cec47351c00887dac177c54978adde1aa4c271a07d233dd8b72,79c4ae48c45e15f21346022d19dde6aa9329703681a8cd3921524af45d8891c9,913 ITI-01,NBA,NBA,2025-2026,2025-03-18,2026-09-01,"{""date_from"":""2025-03-18"",""date_to"":""2026-09-01"",""game_data"":[""pbp""],""leagues"":[""NBA""],""market_data"":[""candles""],""markets"":[""kalshi""],""seasons"":[""2025-2026""],""sports"":[""NBA""]}",TRADABLE_YES_BID,1_MINUTE_CANDLE,available_at,FIRST_TOUCH,"{""id"":""entry_mtw2zh6b_f4q8g"",""op"":""FIRST_TOUCH"",""ordinal"":""FIRST_TOUCH"",""period"":""Q2"",""price_e4"":6800,""source_vocabulary"":""TOUCH""}",REACH,"{""id"":""exit_mty0bwbw_mvfqe"",""op"":""REACH"",""outcome"":""win"",""price_e4"":9500}",REACH,"{""id"":""exit_mtug1t99_aq1lv"",""op"":""REACH"",""outcome"":""loss"",""price_e4"":4500}",HOLD_TO_SETTLEMENT,c5430eb845ac4cefb3c281ac543b383aad9652b9d0817d0605ab42bca6970657,1.0.0,2026-09-13T06:28:48Z,1.0.0,1.0.0,1.0.0,2026-09-13T06:28:48Z,READY,224,116,108,0.517857,0.482143,2700,2300,1.173913,289.285714,a1bee2f832bba4fbfbee499c6c89c2cf1a011d365a81efc1b5ef04b1ed6b0236,candle_path_not_fill,UNAVAILABLE,UNAVAILABLE,UNAVAILABLE,NOT_COMPUTABLE,UNAVAILABLE
degrading,OBSERVED,base_degrading,validation_grade,A+,letter,grade_config_v1,superasi_bdebase_v1.0.0,grade_config_v1,2026-09-13T13:03:03Z,77f6004823dc43509371df35ae2da858,913 ITI-01,520b4e76a9cc28b0c6569db6ee1d2b69ec97dac331fccf5f85a35ae2b53f260a,06ebb9644a2a3cec47351c00887dac177c54978adde1aa4c271a07d233dd8b72,79c4ae48c45e15f21346022d19dde6aa9329703681a8cd3921524af45d8891c9,913 ITI-01,NBA,NBA,2025-2026,2025-03-18,2026-09-01,"{""date_from"":""2025-03-18"",""date_to"":""2026-09-01"",""game_data"":[""pbp""],""leagues"":[""NBA""],""market_data"":[""candles""],""markets"":[""kalshi""],""seasons"":[""2025-2026""],""sports"":[""NBA""]}",TRADABLE_YES_BID,1_MINUTE_CANDLE,available_at,FIRST_TOUCH,"{""id"":""entry_mtw2zh6b_f4q8g"",""op"":""FIRST_TOUCH"",""ordinal"":""FIRST_TOUCH"",""period"":""Q2"",""price_e4"":6800,""source_vocabulary"":""TOUCH""}",REACH,"{""id"":""exit_mty0bwbw_mvfqe"",""op"":""REACH"",""outcome"":""win"",""price_e4"":9500}",REACH,"{""id"":""exit_mtug1t99_aq1lv"",""op"":""REACH"",""outcome"":""loss"",""price_e4"":4500}",HOLD_TO_SETTLEMENT,c5430eb845ac4cefb3c281ac543b383aad9652b9d0817d0605ab42bca6970657,1.0.0,2026-09-13T06:28:48Z,1.0.0,1.0.0,1.0.0,2026-09-13T06:28:48Z,READY,224,116,108,0.517857,0.482143,2700,2300,1.173913,289.285714,a1bee2f832bba4fbfbee499c6c89c2cf1a011d365a81efc1b5ef04b1ed6b0236,candle_path_not_fill,UNAVAILABLE,UNAVAILABLE,UNAVAILABLE,NOT_COMPUTABLE,UNAVAILABLE
degrading,MONTE_CARLO,base_degrading,A_PLUS_INSTRUMENT_GATE,FAIL,,valuation_gate,superasi_bdebase_v1.0.0,grade_config_v1,2026-09-13T13:03:03Z,77f6004823dc43509371df35ae2da858,913 ITI-01,520b4e76a9cc28b0c6569db6ee1d2b69ec97dac331fccf5f85a35ae2b53f260a,06ebb9644a2a3cec47351c00887dac177c54978adde1aa4c271a07d233dd8b72,79c4ae48c45e15f21346022d19dde6aa9329703681a8cd3921524af45d8891c9,913 ITI-01,NBA,NBA,2025-2026,2025-03-18,2026-09-01,"{""date_from"":""2025-03-18"",""date_to"":""2026-09-01"",""game_data"":[""pbp""],""leagues"":[""NBA""],""market_data"":[""candles""],""markets"":[""kalshi""],""seasons"":[""2025-2026""],""sports"":[""NBA""]}",TRADABLE_YES_BID,1_MINUTE_CANDLE,available_at,FIRST_TOUCH,"{""id"":""entry_mtw2zh6b_f4q8g"",""op"":""FIRST_TOUCH"",""ordinal"":""FIRST_TOUCH"",""period"":""Q2"",""price_e4"":6800,""source_vocabulary"":""TOUCH""}",REACH,"{""id"":""exit_mty0bwbw_mvfqe"",""op"":""REACH"",""outcome"":""win"",""price_e4"":9500}",REACH,"{""id"":""exit_mtug1t99_aq1lv"",""op"":""REACH"",""outcome"":""loss"",""price_e4"":4500}",HOLD_TO_SETTLEMENT,c5430eb845ac4cefb3c281ac543b383aad9652b9d0817d0605ab42bca6970657,1.0.0,2026-09-13T06:28:48Z,1.0.0,1.0.0,1.0.0,2026-09-13T06:28:48Z,READY,224,116,108,0.517857,0.482143,2700,2300,1.173913,289.285714,a1bee2f832bba4fbfbee499c6c89c2cf1a011d365a81efc1b5ef04b1ed6b0236,candle_path_not_fill,UNAVAILABLE,UNAVAILABLE,UNAVAILABLE,NOT_COMPUTABLE,UNAVAILABLE
degrading,MONTE_CARLO,base_degrading,A_PLUS_INSTRUMENT_GATE_reasons,"expected_20_week_return_below_67pct,p_floor_at_or_above_5_50pct",,valuation_gate,superasi_bdebase_v1.0.0,grade_config_v1,2026-09-13T13:03:03Z,77f6004823dc43509371df35ae2da858,913 ITI-01,520b4e76a9cc28b0c6569db6ee1d2b69ec97dac331fccf5f85a35ae2b53f260a,06ebb9644a2a3cec47351c00887dac177c54978adde1aa4c271a07d233dd8b72,79c4ae48c45e15f21346022d19dde6aa9329703681a8cd3921524af45d8891c9,913 ITI-01,NBA,NBA,2025-2026,2025-03-18,2026-09-01,"{""date_from"":""2025-03-18"",""date_to"":""2026-09-01"",""game_data"":[""pbp""],""leagues"":[""NBA""],""market_data"":[""candles""],""markets"":[""kalshi""],""seasons"":[""2025-2026""],""sports"":[""NBA""]}",TRADABLE_YES_BID,1_MINUTE_CANDLE,available_at,FIRST_TOUCH,"{""id"":""entry_mtw2zh6b_f4q8g"",""op"":""FIRST_TOUCH"",""ordinal"":""FIRST_TOUCH"",""period"":""Q2"",""price_e4"":6800,""source_vocabulary"":""TOUCH""}",REACH,"{""id"":""exit_mty0bwbw_mvfqe"",""op"":""REACH"",""outcome"":""win"",""price_e4"":9500}",REACH,"{""id"":""exit_mtug1t99_aq1lv"",""op"":""REACH"",""outcome"":""loss"",""price_e4"":4500}",HOLD_TO_SETTLEMENT,c5430eb845ac4cefb3c281ac543b383aad9652b9d0817d0605ab42bca6970657,1.0.0,2026-09-13T06:28:48Z,1.0.0,1.0.0,1.0.0,2026-09-13T06:28:48Z,READY,224,116,108,0.517857,0.482143,2700,2300,1.173913,289.285714,a1bee2f832bba4fbfbee499c6c89c2cf1a011d365a81efc1b5ef04b1ed6b0236,candle_path_not_fill,UNAVAILABLE,UNAVAILABLE,UNAVAILABLE,NOT_COMPUTABLE,UNAVAILABLE
devalidation,OBSERVED,base_devalidation,labs_header,PASS,,hard,superasi_bdebase_v1.0.0,grade_config_v1,2026-09-13T13:03:03Z,77f6004823dc43509371df35ae2da858,913 ITI-01,520b4e76a9cc28b0c6569db6ee1d2b69ec97dac331fccf5f85a35ae2b53f260a,06ebb9644a2a3cec47351c00887dac177c54978adde1aa4c271a07d233dd8b72,79c4ae48c45e15f21346022d19dde6aa9329703681a8cd3921524af45d8891c9,913 ITI-01,NBA,NBA,2025-2026,2025-03-18,2026-09-01,"{""date_from"":""2025-03-18"",""date_to"":""2026-09-01"",""game_data"":[""pbp""],""leagues"":[""NBA""],""market_data"":[""candles""],""markets"":[""kalshi""],""seasons"":[""2025-2026""],""sports"":[""NBA""]}",TRADABLE_YES_BID,1_MINUTE_CANDLE,available_at,FIRST_TOUCH,"{""id"":""entry_mtw2zh6b_f4q8g"",""op"":""FIRST_TOUCH"",""ordinal"":""FIRST_TOUCH"",""period"":""Q2"",""price_e4"":6800,""source_vocabulary"":""TOUCH""}",REACH,"{""id"":""exit_mty0bwbw_mvfqe"",""op"":""REACH"",""outcome"":""win"",""price_e4"":9500}",REACH,"{""id"":""exit_mtug1t99_aq1lv"",""op"":""REACH"",""outcome"":""loss"",""price_e4"":4500}",HOLD_TO_SETTLEMENT,c5430eb845ac4cefb3c281ac543b383aad9652b9d0817d0605ab42bca6970657,1.0.0,2026-09-13T06:28:48Z,1.0.0,1.0.0,1.0.0,2026-09-13T06:28:48Z,READY,224,116,108,0.517857,0.482143,2700,2300,1.173913,289.285714,a1bee2f832bba4fbfbee499c6c89c2cf1a011d365a81efc1b5ef04b1ed6b0236,candle_path_not_fill,UNAVAILABLE,UNAVAILABLE,UNAVAILABLE,NOT_COMPUTABLE,UNAVAILABLE
devalidation,OBSERVED,base_devalidation,population_matches_rows,PASS,,hard,superasi_bdebase_v1.0.0,grade_config_v1,2026-09-13T13:03:03Z,77f6004823dc43509371df35ae2da858,913 ITI-01,520b4e76a9cc28b0c6569db6ee1d2b69ec97dac331fccf5f85a35ae2b53f260a,06ebb9644a2a3cec47351c00887dac177c54978adde1aa4c271a07d233dd8b72,79c4ae48c45e15f21346022d19dde6aa9329703681a8cd3921524af45d8891c9,913 ITI-01,NBA,NBA,2025-2026,2025-03-18,2026-09-01,"{""date_from"":""2025-03-18"",""date_to"":""2026-09-01"",""game_data"":[""pbp""],""leagues"":[""NBA""],""market_data"":[""candles""],""markets"":[""kalshi""],""seasons"":[""2025-2026""],""sports"":[""NBA""]}",TRADABLE_YES_BID,1_MINUTE_CANDLE,available_at,FIRST_TOUCH,"{""id"":""entry_mtw2zh6b_f4q8g"",""op"":""FIRST_TOUCH"",""ordinal"":""FIRST_TOUCH"",""period"":""Q2"",""price_e4"":6800,""source_vocabulary"":""TOUCH""}",REACH,"{""id"":""exit_mty0bwbw_mvfqe"",""op"":""REACH"",""outcome"":""win"",""price_e4"":9500}",REACH,"{""id"":""exit_mtug1t99_aq1lv"",""op"":""REACH"",""outcome"":""loss"",""price_e4"":4500}",HOLD_TO_SETTLEMENT,c5430eb845ac4cefb3c281ac543b383aad9652b9d0817d0605ab42bca6970657,1.0.0,2026-09-13T06:28:48Z,1.0.0,1.0.0,1.0.0,2026-09-13T06:28:48Z,READY,224,116,108,0.517857,0.482143,2700,2300,1.173913,289.285714,a1bee2f832bba4fbfbee499c6c89c2cf1a011d365a81efc1b5ef04b1ed6b0236,candle_path_not_fill,UNAVAILABLE,UNAVAILABLE,UNAVAILABLE,NOT_COMPUTABLE,UNAVAILABLE
devalidation,OBSERVED,base_devalidation,wins_match_recount,PASS,,hard,superasi_bdebase_v1.0.0,grade_config_v1,2026-09-13T13:03:03Z,77f6004823dc43509371df35ae2da858,913 ITI-01,520b4e76a9cc28b0c6569db6ee1d2b69ec97dac331fccf5f85a35ae2b53f260a,06ebb9644a2a3cec47351c00887dac177c54978adde1aa4c271a07d233dd8b72,79c4ae48c45e15f21346022d19dde6aa9329703681a8cd3921524af45d8891c9,913 ITI-01,NBA,NBA,2025-2026,2025-03-18,2026-09-01,"{""date_from"":""2025-03-18"",""date_to"":""2026-09-01"",""game_data"":[""pbp""],""leagues"":[""NBA""],""market_data"":[""candles""],""markets"":[""kalshi""],""seasons"":[""2025-2026""],""sports"":[""NBA""]}",TRADABLE_YES_BID,1_MINUTE_CANDLE,available_at,FIRST_TOUCH,"{""id"":""entry_mtw2zh6b_f4q8g"",""op"":""FIRST_TOUCH"",""ordinal"":""FIRST_TOUCH"",""period"":""Q2"",""price_e4"":6800,""source_vocabulary"":""TOUCH""}",REACH,"{""id"":""exit_mty0bwbw_mvfqe"",""op"":""REACH"",""outcome"":""win"",""price_e4"":9500}",REACH,"{""id"":""exit_mtug1t99_aq1lv"",""op"":""REACH"",""outcome"":""loss"",""price_e4"":4500}",HOLD_TO_SETTLEMENT,c5430eb845ac4cefb3c281ac543b383aad9652b9d0817d0605ab42bca6970657,1.0.0,2026-09-13T06:28:48Z,1.0.0,1.0.0,1.0.0,2026-09-13T06:28:48Z,READY,224,116,108,0.517857,0.482143,2700,2300,1.173913,289.285714,a1bee2f832bba4fbfbee499c6c89c2cf1a011d365a81efc1b5ef04b1ed6b0236,candle_path_not_fill,UNAVAILABLE,UNAVAILABLE,UNAVAILABLE,NOT_COMPUTABLE,UNAVAILABLE
devalidation,OBSERVED,base_devalidation,losses_match_recount,PASS,,hard,superasi_bdebase_v1.0.0,grade_config_v1,2026-09-13T13:03:03Z,77f6004823dc43509371df35ae2da858,913 ITI-01,520b4e76a9cc28b0c6569db6ee1d2b69ec97dac331fccf5f85a35ae2b53f260a,06ebb9644a2a3cec47351c00887dac177c54978adde1aa4c271a07d233dd8b72,79c4ae48c45e15f21346022d19dde6aa9329703681a8cd3921524af45d8891c9,913 ITI-01,NBA,NBA,2025-2026,2025-03-18,2026-09-01,"{""date_from"":""2025-03-18"",""date_to"":""2026-09-01"",""game_data"":[""pbp""],""leagues"":[""NBA""],""market_data"":[""candles""],""markets"":[""kalshi""],""seasons"":[""2025-2026""],""sports"":[""NBA""]}",TRADABLE_YES_BID,1_MINUTE_CANDLE,available_at,FIRST_TOUCH,"{""id"":""entry_mtw2zh6b_f4q8g"",""op"":""FIRST_TOUCH"",""ordinal"":""FIRST_TOUCH"",""period"":""Q2"",""price_e4"":6800,""source_vocabulary"":""TOUCH""}",REACH,"{""id"":""exit_mty0bwbw_mvfqe"",""op"":""REACH"",""outcome"":""win"",""price_e4"":9500}",REACH,"{""id"":""exit_mtug1t99_aq1lv"",""op"":""REACH"",""outcome"":""loss"",""price_e4"":4500}",HOLD_TO_SETTLEMENT,c5430eb845ac4cefb3c281ac543b383aad9652b9d0817d0605ab42bca6970657,1.0.0,2026-09-13T06:28:48Z,1.0.0,1.0.0,1.0.0,2026-09-13T06:28:48Z,READY,224,116,108,0.517857,0.482143,2700,2300,1.173913,289.285714,a1bee2f832bba4fbfbee499c6c89c2cf1a011d365a81efc1b5ef04b1ed6b0236,candle_path_not_fill,UNAVAILABLE,UNAVAILABLE,UNAVAILABLE,NOT_COMPUTABLE,UNAVAILABLE
devalidation,OBSERVED,base_devalidation,win_rate_reconciles,PASS,,hard,superasi_bdebase_v1.0.0,grade_config_v1,2026-09-13T13:03:03Z,77f6004823dc43509371df35ae2da858,913 ITI-01,520b4e76a9cc28b0c6569db6ee1d2b69ec97dac331fccf5f85a35ae2b53f260a,06ebb9644a2a3cec47351c00887dac177c54978adde1aa4c271a07d233dd8b72,79c4ae48c45e15f21346022d19dde6aa9329703681a8cd3921524af45d8891c9,913 ITI-01,NBA,NBA,2025-2026,2025-03-18,2026-09-01,"{""date_from"":""2025-03-18"",""date_to"":""2026-09-01"",""game_data"":[""pbp""],""leagues"":[""NBA""],""market_data"":[""candles""],""markets"":[""kalshi""],""seasons"":[""2025-2026""],""sports"":[""NBA""]}",TRADABLE_YES_BID,1_MINUTE_CANDLE,available_at,FIRST_TOUCH,"{""id"":""entry_mtw2zh6b_f4q8g"",""op"":""FIRST_TOUCH"",""ordinal"":""FIRST_TOUCH"",""period"":""Q2"",""price_e4"":6800,""source_vocabulary"":""TOUCH""}",REACH,"{""id"":""exit_mty0bwbw_mvfqe"",""op"":""REACH"",""outcome"":""win"",""price_e4"":9500}",REACH,"{""id"":""exit_mtug1t99_aq1lv"",""op"":""REACH"",""outcome"":""loss"",""price_e4"":4500}",HOLD_TO_SETTLEMENT,c5430eb845ac4cefb3c281ac543b383aad9652b9d0817d0605ab42bca6970657,1.0.0,2026-09-13T06:28:48Z,1.0.0,1.0.0,1.0.0,2026-09-13T06:28:48Z,READY,224,116,108,0.517857,0.482143,2700,2300,1.173913,289.285714,a1bee2f832bba4fbfbee499c6c89c2cf1a011d365a81efc1b5ef04b1ed6b0236,candle_path_not_fill,UNAVAILABLE,UNAVAILABLE,UNAVAILABLE,NOT_COMPUTABLE,UNAVAILABLE
devalidation,OBSERVED,base_devalidation,result_hash_present,PASS,,hard,superasi_bdebase_v1.0.0,grade_config_v1,2026-09-13T13:03:03Z,77f6004823dc43509371df35ae2da858,913 ITI-01,520b4e76a9cc28b0c6569db6ee1d2b69ec97dac331fccf5f85a35ae2b53f260a,06ebb9644a2a3cec47351c00887dac177c54978adde1aa4c271a07d233dd8b72,79c4ae48c45e15f21346022d19dde6aa9329703681a8cd3921524af45d8891c9,913 ITI-01,NBA,NBA,2025-2026,2025-03-18,2026-09-01,"{""date_from"":""2025-03-18"",""date_to"":""2026-09-01"",""game_data"":[""pbp""],""leagues"":[""NBA""],""market_data"":[""candles""],""markets"":[""kalshi""],""seasons"":[""2025-2026""],""sports"":[""NBA""]}",TRADABLE_YES_BID,1_MINUTE_CANDLE,available_at,FIRST_TOUCH,"{""id"":""entry_mtw2zh6b_f4q8g"",""op"":""FIRST_TOUCH"",""ordinal"":""FIRST_TOUCH"",""period"":""Q2"",""price_e4"":6800,""source_vocabulary"":""TOUCH""}",REACH,"{""id"":""exit_mty0bwbw_mvfqe"",""op"":""REACH"",""outcome"":""win"",""price_e4"":9500}",REACH,"{""id"":""exit_mtug1t99_aq1lv"",""op"":""REACH"",""outcome"":""loss"",""price_e4"":4500}",HOLD_TO_SETTLEMENT,c5430eb845ac4cefb3c281ac543b383aad9652b9d0817d0605ab42bca6970657,1.0.0,2026-09-13T06:28:48Z,1.0.0,1.0.0,1.0.0,2026-09-13T06:28:48Z,READY,224,116,108,0.517857,0.482143,2700,2300,1.173913,289.285714,a1bee2f832bba4fbfbee499c6c89c2cf1a011d365a81efc1b5ef04b1ed6b0236,candle_path_not_fill,UNAVAILABLE,UNAVAILABLE,UNAVAILABLE,NOT_COMPUTABLE,UNAVAILABLE
devalidation,OBSERVED,base_devalidation,plan_hash_present,PASS,,hard,superasi_bdebase_v1.0.0,grade_config_v1,2026-09-13T13:03:03Z,77f6004823dc43509371df35ae2da858,913 ITI-01,520b4e76a9cc28b0c6569db6ee1d2b69ec97dac331fccf5f85a35ae2b53f260a,06ebb9644a2a3cec47351c00887dac177c54978adde1aa4c271a07d233dd8b72,79c4ae48c45e15f21346022d19dde6aa9329703681a8cd3921524af45d8891c9,913 ITI-01,NBA,NBA,2025-2026,2025-03-18,2026-09-01,"{""date_from"":""2025-03-18"",""date_to"":""2026-09-01"",""game_data"":[""pbp""],""leagues"":[""NBA""],""market_data"":[""candles""],""markets"":[""kalshi""],""seasons"":[""2025-2026""],""sports"":[""NBA""]}",TRADABLE_YES_BID,1_MINUTE_CANDLE,available_at,FIRST_TOUCH,"{""id"":""entry_mtw2zh6b_f4q8g"",""op"":""FIRST_TOUCH"",""ordinal"":""FIRST_TOUCH"",""period"":""Q2"",""price_e4"":6800,""source_vocabulary"":""TOUCH""}",REACH,"{""id"":""exit_mty0bwbw_mvfqe"",""op"":""REACH"",""outcome"":""win"",""price_e4"":9500}",REACH,"{""id"":""exit_mtug1t99_aq1lv"",""op"":""REACH"",""outcome"":""loss"",""price_e4"":4500}",HOLD_TO_SETTLEMENT,c5430eb845ac4cefb3c281ac543b383aad9652b9d0817d0605ab42bca6970657,1.0.0,2026-09-13T06:28:48Z,1.0.0,1.0.0,1.0.0,2026-09-13T06:28:48Z,READY,224,116,108,0.517857,0.482143,2700,2300,1.173913,289.285714,a1bee2f832bba4fbfbee499c6c89c2cf1a011d365a81efc1b5ef04b1ed6b0236,candle_path_not_fill,UNAVAILABLE,UNAVAILABLE,UNAVAILABLE,NOT_COMPUTABLE,UNAVAILABLE
devalidation,OBSERVED,base_devalidation,risk_record_present,PASS,,warning,superasi_bdebase_v1.0.0,grade_config_v1,2026-09-13T13:03:03Z,77f6004823dc43509371df35ae2da858,913 ITI-01,520b4e76a9cc28b0c6569db6ee1d2b69ec97dac331fccf5f85a35ae2b53f260a,06ebb9644a2a3cec47351c00887dac177c54978adde1aa4c271a07d233dd8b72,79c4ae48c45e15f21346022d19dde6aa9329703681a8cd3921524af45d8891c9,913 ITI-01,NBA,NBA,2025-2026,2025-03-18,2026-09-01,"{""date_from"":""2025-03-18"",""date_to"":""2026-09-01"",""game_data"":[""pbp""],""leagues"":[""NBA""],""market_data"":[""candles""],""markets"":[""kalshi""],""seasons"":[""2025-2026""],""sports"":[""NBA""]}",TRADABLE_YES_BID,1_MINUTE_CANDLE,available_at,FIRST_TOUCH,"{""id"":""entry_mtw2zh6b_f4q8g"",""op"":""FIRST_TOUCH"",""ordinal"":""FIRST_TOUCH"",""period"":""Q2"",""price_e4"":6800,""source_vocabulary"":""TOUCH""}",REACH,"{""id"":""exit_mty0bwbw_mvfqe"",""op"":""REACH"",""outcome"":""win"",""price_e4"":9500}",REACH,"{""id"":""exit_mtug1t99_aq1lv"",""op"":""REACH"",""outcome"":""loss"",""price_e4"":4500}",HOLD_TO_SETTLEMENT,c5430eb845ac4cefb3c281ac543b383aad9652b9d0817d0605ab42bca6970657,1.0.0,2026-09-13T06:28:48Z,1.0.0,1.0.0,1.0.0,2026-09-13T06:28:48Z,READY,224,116,108,0.517857,0.482143,2700,2300,1.173913,289.285714,a1bee2f832bba4fbfbee499c6c89c2cf1a011d365a81efc1b5ef04b1ed6b0236,candle_path_not_fill,UNAVAILABLE,UNAVAILABLE,UNAVAILABLE,NOT_COMPUTABLE,UNAVAILABLE
devalidation,OBSERVED,base_devalidation,phase_a_folder,PASS,,hard,superasi_bdebase_v1.0.0,grade_config_v1,2026-09-13T13:03:03Z,77f6004823dc43509371df35ae2da858,913 ITI-01,520b4e76a9cc28b0c6569db6ee1d2b69ec97dac331fccf5f85a35ae2b53f260a,06ebb9644a2a3cec47351c00887dac177c54978adde1aa4c271a07d233dd8b72,79c4ae48c45e15f21346022d19dde6aa9329703681a8cd3921524af45d8891c9,913 ITI-01,NBA,NBA,2025-2026,2025-03-18,2026-09-01,"{""date_from"":""2025-03-18"",""date_to"":""2026-09-01"",""game_data"":[""pbp""],""leagues"":[""NBA""],""market_data"":[""candles""],""markets"":[""kalshi""],""seasons"":[""2025-2026""],""sports"":[""NBA""]}",TRADABLE_YES_BID,1_MINUTE_CANDLE,available_at,FIRST_TOUCH,"{""id"":""entry_mtw2zh6b_f4q8g"",""op"":""FIRST_TOUCH"",""ordinal"":""FIRST_TOUCH"",""period"":""Q2"",""price_e4"":6800,""source_vocabulary"":""TOUCH""}",REACH,"{""id"":""exit_mty0bwbw_mvfqe"",""op"":""REACH"",""outcome"":""win"",""price_e4"":9500}",REACH,"{""id"":""exit_mtug1t99_aq1lv"",""op"":""REACH"",""outcome"":""loss"",""price_e4"":4500}",HOLD_TO_SETTLEMENT,c5430eb845ac4cefb3c281ac543b383aad9652b9d0817d0605ab42bca6970657,1.0.0,2026-09-13T06:28:48Z,1.0.0,1.0.0,1.0.0,2026-09-13T06:28:48Z,READY,224,116,108,0.517857,0.482143,2700,2300,1.173913,289.285714,a1bee2f832bba4fbfbee499c6c89c2cf1a011d365a81efc1b5ef04b1ed6b0236,candle_path_not_fill,UNAVAILABLE,UNAVAILABLE,UNAVAILABLE,NOT_COMPUTABLE,UNAVAILABLE
devalidation,OBSERVED,base_devalidation,phase_a_roller_present,PASS,,hard,superasi_bdebase_v1.0.0,grade_config_v1,2026-09-13T13:03:03Z,77f6004823dc43509371df35ae2da858,913 ITI-01,520b4e76a9cc28b0c6569db6ee1d2b69ec97dac331fccf5f85a35ae2b53f260a,06ebb9644a2a3cec47351c00887dac177c54978adde1aa4c271a07d233dd8b72,79c4ae48c45e15f21346022d19dde6aa9329703681a8cd3921524af45d8891c9,913 ITI-01,NBA,NBA,2025-2026,2025-03-18,2026-09-01,"{""date_from"":""2025-03-18"",""date_to"":""2026-09-01"",""game_data"":[""pbp""],""leagues"":[""NBA""],""market_data"":[""candles""],""markets"":[""kalshi""],""seasons"":[""2025-2026""],""sports"":[""NBA""]}",TRADABLE_YES_BID,1_MINUTE_CANDLE,available_at,FIRST_TOUCH,"{""id"":""entry_mtw2zh6b_f4q8g"",""op"":""FIRST_TOUCH"",""ordinal"":""FIRST_TOUCH"",""period"":""Q2"",""price_e4"":6800,""source_vocabulary"":""TOUCH""}",REACH,"{""id"":""exit_mty0bwbw_mvfqe"",""op"":""REACH"",""outcome"":""win"",""price_e4"":9500}",REACH,"{""id"":""exit_mtug1t99_aq1lv"",""op"":""REACH"",""outcome"":""loss"",""price_e4"":4500}",HOLD_TO_SETTLEMENT,c5430eb845ac4cefb3c281ac543b383aad9652b9d0817d0605ab42bca6970657,1.0.0,2026-09-13T06:28:48Z,1.0.0,1.0.0,1.0.0,2026-09-13T06:28:48Z,READY,224,116,108,0.517857,0.482143,2700,2300,1.173913,289.285714,a1bee2f832bba4fbfbee499c6c89c2cf1a011d365a81efc1b5ef04b1ed6b0236,candle_path_not_fill,UNAVAILABLE,UNAVAILABLE,UNAVAILABLE,NOT_COMPUTABLE,UNAVAILABLE
devalidation,OBSERVED,base_devalidation,phase_a_abase_present,PASS,,hard,superasi_bdebase_v1.0.0,grade_config_v1,2026-09-13T13:03:03Z,77f6004823dc43509371df35ae2da858,913 ITI-01,520b4e76a9cc28b0c6569db6ee1d2b69ec97dac331fccf5f85a35ae2b53f260a,06ebb9644a2a3cec47351c00887dac177c54978adde1aa4c271a07d233dd8b72,79c4ae48c45e15f21346022d19dde6aa9329703681a8cd3921524af45d8891c9,913 ITI-01,NBA,NBA,2025-2026,2025-03-18,2026-09-01,"{""date_from"":""2025-03-18"",""date_to"":""2026-09-01"",""game_data"":[""pbp""],""leagues"":[""NBA""],""market_data"":[""candles""],""markets"":[""kalshi""],""seasons"":[""2025-2026""],""sports"":[""NBA""]}",TRADABLE_YES_BID,1_MINUTE_CANDLE,available_at,FIRST_TOUCH,"{""id"":""entry_mtw2zh6b_f4q8g"",""op"":""FIRST_TOUCH"",""ordinal"":""FIRST_TOUCH"",""period"":""Q2"",""price_e4"":6800,""source_vocabulary"":""TOUCH""}",REACH,"{""id"":""exit_mty0bwbw_mvfqe"",""op"":""REACH"",""outcome"":""win"",""price_e4"":9500}",REACH,"{""id"":""exit_mtug1t99_aq1lv"",""op"":""REACH"",""outcome"":""loss"",""price_e4"":4500}",HOLD_TO_SETTLEMENT,c5430eb845ac4cefb3c281ac543b383aad9652b9d0817d0605ab42bca6970657,1.0.0,2026-09-13T06:28:48Z,1.0.0,1.0.0,1.0.0,2026-09-13T06:28:48Z,READY,224,116,108,0.517857,0.482143,2700,2300,1.173913,289.285714,a1bee2f832bba4fbfbee499c6c89c2cf1a011d365a81efc1b5ef04b1ed6b0236,candle_path_not_fill,UNAVAILABLE,UNAVAILABLE,UNAVAILABLE,NOT_COMPUTABLE,UNAVAILABLE
devalidation,OBSERVED,base_devalidation,phase_a_base_grade,PASS,,hard,superasi_bdebase_v1.0.0,grade_config_v1,2026-09-13T13:03:03Z,77f6004823dc43509371df35ae2da858,913 ITI-01,520b4e76a9cc28b0c6569db6ee1d2b69ec97dac331fccf5f85a35ae2b53f260a,06ebb9644a2a3cec47351c00887dac177c54978adde1aa4c271a07d233dd8b72,79c4ae48c45e15f21346022d19dde6aa9329703681a8cd3921524af45d8891c9,913 ITI-01,NBA,NBA,2025-2026,2025-03-18,2026-09-01,"{""date_from"":""2025-03-18"",""date_to"":""2026-09-01"",""game_data"":[""pbp""],""leagues"":[""NBA""],""market_data"":[""candles""],""markets"":[""kalshi""],""seasons"":[""2025-2026""],""sports"":[""NBA""]}",TRADABLE_YES_BID,1_MINUTE_CANDLE,available_at,FIRST_TOUCH,"{""id"":""entry_mtw2zh6b_f4q8g"",""op"":""FIRST_TOUCH"",""ordinal"":""FIRST_TOUCH"",""period"":""Q2"",""price_e4"":6800,""source_vocabulary"":""TOUCH""}",REACH,"{""id"":""exit_mty0bwbw_mvfqe"",""op"":""REACH"",""outcome"":""win"",""price_e4"":9500}",REACH,"{""id"":""exit_mtug1t99_aq1lv"",""op"":""REACH"",""outcome"":""loss"",""price_e4"":4500}",HOLD_TO_SETTLEMENT,c5430eb845ac4cefb3c281ac543b383aad9652b9d0817d0605ab42bca6970657,1.0.0,2026-09-13T06:28:48Z,1.0.0,1.0.0,1.0.0,2026-09-13T06:28:48Z,READY,224,116,108,0.517857,0.482143,2700,2300,1.173913,289.285714,a1bee2f832bba4fbfbee499c6c89c2cf1a011d365a81efc1b5ef04b1ed6b0236,candle_path_not_fill,UNAVAILABLE,UNAVAILABLE,UNAVAILABLE,NOT_COMPUTABLE,UNAVAILABLE
devalidation,OBSERVED,base_devalidation,source_lab_id,PASS,,hard,superasi_bdebase_v1.0.0,grade_config_v1,2026-09-13T13:03:03Z,77f6004823dc43509371df35ae2da858,913 ITI-01,520b4e76a9cc28b0c6569db6ee1d2b69ec97dac331fccf5f85a35ae2b53f260a,06ebb9644a2a3cec47351c00887dac177c54978adde1aa4c271a07d233dd8b72,79c4ae48c45e15f21346022d19dde6aa9329703681a8cd3921524af45d8891c9,913 ITI-01,NBA,NBA,2025-2026,2025-03-18,2026-09-01,"{""date_from"":""2025-03-18"",""date_to"":""2026-09-01"",""game_data"":[""pbp""],""leagues"":[""NBA""],""market_data"":[""candles""],""markets"":[""kalshi""],""seasons"":[""2025-2026""],""sports"":[""NBA""]}",TRADABLE_YES_BID,1_MINUTE_CANDLE,available_at,FIRST_TOUCH,"{""id"":""entry_mtw2zh6b_f4q8g"",""op"":""FIRST_TOUCH"",""ordinal"":""FIRST_TOUCH"",""period"":""Q2"",""price_e4"":6800,""source_vocabulary"":""TOUCH""}",REACH,"{""id"":""exit_mty0bwbw_mvfqe"",""op"":""REACH"",""outcome"":""win"",""price_e4"":9500}",REACH,"{""id"":""exit_mtug1t99_aq1lv"",""op"":""REACH"",""outcome"":""loss"",""price_e4"":4500}",HOLD_TO_SETTLEMENT,c5430eb845ac4cefb3c281ac543b383aad9652b9d0817d0605ab42bca6970657,1.0.0,2026-09-13T06:28:48Z,1.0.0,1.0.0,1.0.0,2026-09-13T06:28:48Z,READY,224,116,108,0.517857,0.482143,2700,2300,1.173913,289.285714,a1bee2f832bba4fbfbee499c6c89c2cf1a011d365a81efc1b5ef04b1ed6b0236,candle_path_not_fill,UNAVAILABLE,UNAVAILABLE,UNAVAILABLE,NOT_COMPUTABLE,UNAVAILABLE
devalidation,OBSERVED,base_devalidation,plan_hash_present,PASS,,hard,superasi_bdebase_v1.0.0,grade_config_v1,2026-09-13T13:03:03Z,77f6004823dc43509371df35ae2da858,913 ITI-01,520b4e76a9cc28b0c6569db6ee1d2b69ec97dac331fccf5f85a35ae2b53f260a,06ebb9644a2a3cec47351c00887dac177c54978adde1aa4c271a07d233dd8b72,79c4ae48c45e15f21346022d19dde6aa9329703681a8cd3921524af45d8891c9,913 ITI-01,NBA,NBA,2025-2026,2025-03-18,2026-09-01,"{""date_from"":""2025-03-18"",""date_to"":""2026-09-01"",""game_data"":[""pbp""],""leagues"":[""NBA""],""market_data"":[""candles""],""markets"":[""kalshi""],""seasons"":[""2025-2026""],""sports"":[""NBA""]}",TRADABLE_YES_BID,1_MINUTE_CANDLE,available_at,FIRST_TOUCH,"{""id"":""entry_mtw2zh6b_f4q8g"",""op"":""FIRST_TOUCH"",""ordinal"":""FIRST_TOUCH"",""period"":""Q2"",""price_e4"":6800,""source_vocabulary"":""TOUCH""}",REACH,"{""id"":""exit_mty0bwbw_mvfqe"",""op"":""REACH"",""outcome"":""win"",""price_e4"":9500}",REACH,"{""id"":""exit_mtug1t99_aq1lv"",""op"":""REACH"",""outcome"":""loss"",""price_e4"":4500}",HOLD_TO_SETTLEMENT,c5430eb845ac4cefb3c281ac543b383aad9652b9d0817d0605ab42bca6970657,1.0.0,2026-09-13T06:28:48Z,1.0.0,1.0.0,1.0.0,2026-09-13T06:28:48Z,READY,224,116,108,0.517857,0.482143,2700,2300,1.173913,289.285714,a1bee2f832bba4fbfbee499c6c89c2cf1a011d365a81efc1b5ef04b1ed6b0236,candle_path_not_fill,UNAVAILABLE,UNAVAILABLE,UNAVAILABLE,NOT_COMPUTABLE,UNAVAILABLE
devalidation,OBSERVED,base_devalidation,result_hash_present,PASS,,hard,superasi_bdebase_v1.0.0,grade_config_v1,2026-09-13T13:03:03Z,77f6004823dc43509371df35ae2da858,913 ITI-01,520b4e76a9cc28b0c6569db6ee1d2b69ec97dac331fccf5f85a35ae2b53f260a,06ebb9644a2a3cec47351c00887dac177c54978adde1aa4c271a07d233dd8b72,79c4ae48c45e15f21346022d19dde6aa9329703681a8cd3921524af45d8891c9,913 ITI-01,NBA,NBA,2025-2026,2025-03-18,2026-09-01,"{""date_from"":""2025-03-18"",""date_to"":""2026-09-01"",""game_data"":[""pbp""],""leagues"":[""NBA""],""market_data"":[""candles""],""markets"":[""kalshi""],""seasons"":[""2025-2026""],""sports"":[""NBA""]}",TRADABLE_YES_BID,1_MINUTE_CANDLE,available_at,FIRST_TOUCH,"{""id"":""entry_mtw2zh6b_f4q8g"",""op"":""FIRST_TOUCH"",""ordinal"":""FIRST_TOUCH"",""period"":""Q2"",""price_e4"":6800,""source_vocabulary"":""TOUCH""}",REACH,"{""id"":""exit_mty0bwbw_mvfqe"",""op"":""REACH"",""outcome"":""win"",""price_e4"":9500}",REACH,"{""id"":""exit_mtug1t99_aq1lv"",""op"":""REACH"",""outcome"":""loss"",""price_e4"":4500}",HOLD_TO_SETTLEMENT,c5430eb845ac4cefb3c281ac543b383aad9652b9d0817d0605ab42bca6970657,1.0.0,2026-09-13T06:28:48Z,1.0.0,1.0.0,1.0.0,2026-09-13T06:28:48Z,READY,224,116,108,0.517857,0.482143,2700,2300,1.173913,289.285714,a1bee2f832bba4fbfbee499c6c89c2cf1a011d365a81efc1b5ef04b1ed6b0236,candle_path_not_fill,UNAVAILABLE,UNAVAILABLE,UNAVAILABLE,NOT_COMPUTABLE,UNAVAILABLE
devalidation,OBSERVED,base_devalidation,question_persisted,PASS,,warning,superasi_bdebase_v1.0.0,grade_config_v1,2026-09-13T13:03:03Z,77f6004823dc43509371df35ae2da858,913 ITI-01,520b4e76a9cc28b0c6569db6ee1d2b69ec97dac331fccf5f85a35ae2b53f260a,06ebb9644a2a3cec47351c00887dac177c54978adde1aa4c271a07d233dd8b72,79c4ae48c45e15f21346022d19dde6aa9329703681a8cd3921524af45d8891c9,913 ITI-01,NBA,NBA,2025-2026,2025-03-18,2026-09-01,"{""date_from"":""2025-03-18"",""date_to"":""2026-09-01"",""game_data"":[""pbp""],""leagues"":[""NBA""],""market_data"":[""candles""],""markets"":[""kalshi""],""seasons"":[""2025-2026""],""sports"":[""NBA""]}",TRADABLE_YES_BID,1_MINUTE_CANDLE,available_at,FIRST_TOUCH,"{""id"":""entry_mtw2zh6b_f4q8g"",""op"":""FIRST_TOUCH"",""ordinal"":""FIRST_TOUCH"",""period"":""Q2"",""price_e4"":6800,""source_vocabulary"":""TOUCH""}",REACH,"{""id"":""exit_mty0bwbw_mvfqe"",""op"":""REACH"",""outcome"":""win"",""price_e4"":9500}",REACH,"{""id"":""exit_mtug1t99_aq1lv"",""op"":""REACH"",""outcome"":""loss"",""price_e4"":4500}",HOLD_TO_SETTLEMENT,c5430eb845ac4cefb3c281ac543b383aad9652b9d0817d0605ab42bca6970657,1.0.0,2026-09-13T06:28:48Z,1.0.0,1.0.0,1.0.0,2026-09-13T06:28:48Z,READY,224,116,108,0.517857,0.482143,2700,2300,1.173913,289.285714,a1bee2f832bba4fbfbee499c6c89c2cf1a011d365a81efc1b5ef04b1ed6b0236,candle_path_not_fill,UNAVAILABLE,UNAVAILABLE,UNAVAILABLE,NOT_COMPUTABLE,UNAVAILABLE
devalidation,OBSERVED,base_devalidation,source_lab_matches_metadata,PASS,,hard,superasi_bdebase_v1.0.0,grade_config_v1,2026-09-13T13:03:03Z,77f6004823dc43509371df35ae2da858,913 ITI-01,520b4e76a9cc28b0c6569db6ee1d2b69ec97dac331fccf5f85a35ae2b53f260a,06ebb9644a2a3cec47351c00887dac177c54978adde1aa4c271a07d233dd8b72,79c4ae48c45e15f21346022d19dde6aa9329703681a8cd3921524af45d8891c9,913 ITI-01,NBA,NBA,2025-2026,2025-03-18,2026-09-01,"{""date_from"":""2025-03-18"",""date_to"":""2026-09-01"",""game_data"":[""pbp""],""leagues"":[""NBA""],""market_data"":[""candles""],""markets"":[""kalshi""],""seasons"":[""2025-2026""],""sports"":[""NBA""]}",TRADABLE_YES_BID,1_MINUTE_CANDLE,available_at,FIRST_TOUCH,"{""id"":""entry_mtw2zh6b_f4q8g"",""op"":""FIRST_TOUCH"",""ordinal"":""FIRST_TOUCH"",""period"":""Q2"",""price_e4"":6800,""source_vocabulary"":""TOUCH""}",REACH,"{""id"":""exit_mty0bwbw_mvfqe"",""op"":""REACH"",""outcome"":""win"",""price_e4"":9500}",REACH,"{""id"":""exit_mtug1t99_aq1lv"",""op"":""REACH"",""outcome"":""loss"",""price_e4"":4500}",HOLD_TO_SETTLEMENT,c5430eb845ac4cefb3c281ac543b383aad9652b9d0817d0605ab42bca6970657,1.0.0,2026-09-13T06:28:48Z,1.0.0,1.0.0,1.0.0,2026-09-13T06:28:48Z,READY,224,116,108,0.517857,0.482143,2700,2300,1.173913,289.285714,a1bee2f832bba4fbfbee499c6c89c2cf1a011d365a81efc1b5ef04b1ed6b0236,candle_path_not_fill,UNAVAILABLE,UNAVAILABLE,UNAVAILABLE,NOT_COMPUTABLE,UNAVAILABLE
devalidation,OBSERVED,base_devalidation,desk_break_even,PASS,,hard,superasi_bdebase_v1.0.0,grade_config_v1,2026-09-13T13:03:03Z,77f6004823dc43509371df35ae2da858,913 ITI-01,520b4e76a9cc28b0c6569db6ee1d2b69ec97dac331fccf5f85a35ae2b53f260a,06ebb9644a2a3cec47351c00887dac177c54978adde1aa4c271a07d233dd8b72,79c4ae48c45e15f21346022d19dde6aa9329703681a8cd3921524af45d8891c9,913 ITI-01,NBA,NBA,2025-2026,2025-03-18,2026-09-01,"{""date_from"":""2025-03-18"",""date_to"":""2026-09-01"",""game_data"":[""pbp""],""leagues"":[""NBA""],""market_data"":[""candles""],""markets"":[""kalshi""],""seasons"":[""2025-2026""],""sports"":[""NBA""]}",TRADABLE_YES_BID,1_MINUTE_CANDLE,available_at,FIRST_TOUCH,"{""id"":""entry_mtw2zh6b_f4q8g"",""op"":""FIRST_TOUCH"",""ordinal"":""FIRST_TOUCH"",""period"":""Q2"",""price_e4"":6800,""source_vocabulary"":""TOUCH""}",REACH,"{""id"":""exit_mty0bwbw_mvfqe"",""op"":""REACH"",""outcome"":""win"",""price_e4"":9500}",REACH,"{""id"":""exit_mtug1t99_aq1lv"",""op"":""REACH"",""outcome"":""loss"",""price_e4"":4500}",HOLD_TO_SETTLEMENT,c5430eb845ac4cefb3c281ac543b383aad9652b9d0817d0605ab42bca6970657,1.0.0,2026-09-13T06:28:48Z,1.0.0,1.0.0,1.0.0,2026-09-13T06:28:48Z,READY,224,116,108,0.517857,0.482143,2700,2300,1.173913,289.285714,a1bee2f832bba4fbfbee499c6c89c2cf1a011d365a81efc1b5ef04b1ed6b0236,candle_path_not_fill,UNAVAILABLE,UNAVAILABLE,UNAVAILABLE,NOT_COMPUTABLE,UNAVAILABLE
devalidation,OBSERVED,base_devalidation,desk_ev_at_70,PASS,,hard,superasi_bdebase_v1.0.0,grade_config_v1,2026-09-13T13:03:03Z,77f6004823dc43509371df35ae2da858,913 ITI-01,520b4e76a9cc28b0c6569db6ee1d2b69ec97dac331fccf5f85a35ae2b53f260a,06ebb9644a2a3cec47351c00887dac177c54978adde1aa4c271a07d233dd8b72,79c4ae48c45e15f21346022d19dde6aa9329703681a8cd3921524af45d8891c9,913 ITI-01,NBA,NBA,2025-2026,2025-03-18,2026-09-01,"{""date_from"":""2025-03-18"",""date_to"":""2026-09-01"",""game_data"":[""pbp""],""leagues"":[""NBA""],""market_data"":[""candles""],""markets"":[""kalshi""],""seasons"":[""2025-2026""],""sports"":[""NBA""]}",TRADABLE_YES_BID,1_MINUTE_CANDLE,available_at,FIRST_TOUCH,"{""id"":""entry_mtw2zh6b_f4q8g"",""op"":""FIRST_TOUCH"",""ordinal"":""FIRST_TOUCH"",""period"":""Q2"",""price_e4"":6800,""source_vocabulary"":""TOUCH""}",REACH,"{""id"":""exit_mty0bwbw_mvfqe"",""op"":""REACH"",""outcome"":""win"",""price_e4"":9500}",REACH,"{""id"":""exit_mtug1t99_aq1lv"",""op"":""REACH"",""outcome"":""loss"",""price_e4"":4500}",HOLD_TO_SETTLEMENT,c5430eb845ac4cefb3c281ac543b383aad9652b9d0817d0605ab42bca6970657,1.0.0,2026-09-13T06:28:48Z,1.0.0,1.0.0,1.0.0,2026-09-13T06:28:48Z,READY,224,116,108,0.517857,0.482143,2700,2300,1.173913,289.285714,a1bee2f832bba4fbfbee499c6c89c2cf1a011d365a81efc1b5ef04b1ed6b0236,candle_path_not_fill,UNAVAILABLE,UNAVAILABLE,UNAVAILABLE,NOT_COMPUTABLE,UNAVAILABLE
devalidation,OBSERVED,base_devalidation,desk_ev_at_be,PASS,,hard,superasi_bdebase_v1.0.0,grade_config_v1,2026-09-13T13:03:03Z,77f6004823dc43509371df35ae2da858,913 ITI-01,520b4e76a9cc28b0c6569db6ee1d2b69ec97dac331fccf5f85a35ae2b53f260a,06ebb9644a2a3cec47351c00887dac177c54978adde1aa4c271a07d233dd8b72,79c4ae48c45e15f21346022d19dde6aa9329703681a8cd3921524af45d8891c9,913 ITI-01,NBA,NBA,2025-2026,2025-03-18,2026-09-01,"{""date_from"":""2025-03-18"",""date_to"":""2026-09-01"",""game_data"":[""pbp""],""leagues"":[""NBA""],""market_data"":[""candles""],""markets"":[""kalshi""],""seasons"":[""2025-2026""],""sports"":[""NBA""]}",TRADABLE_YES_BID,1_MINUTE_CANDLE,available_at,FIRST_TOUCH,"{""id"":""entry_mtw2zh6b_f4q8g"",""op"":""FIRST_TOUCH"",""ordinal"":""FIRST_TOUCH"",""period"":""Q2"",""price_e4"":6800,""source_vocabulary"":""TOUCH""}",REACH,"{""id"":""exit_mty0bwbw_mvfqe"",""op"":""REACH"",""outcome"":""win"",""price_e4"":9500}",REACH,"{""id"":""exit_mtug1t99_aq1lv"",""op"":""REACH"",""outcome"":""loss"",""price_e4"":4500}",HOLD_TO_SETTLEMENT,c5430eb845ac4cefb3c281ac543b383aad9652b9d0817d0605ab42bca6970657,1.0.0,2026-09-13T06:28:48Z,1.0.0,1.0.0,1.0.0,2026-09-13T06:28:48Z,READY,224,116,108,0.517857,0.482143,2700,2300,1.173913,289.285714,a1bee2f832bba4fbfbee499c6c89c2cf1a011d365a81efc1b5ef04b1ed6b0236,candle_path_not_fill,UNAVAILABLE,UNAVAILABLE,UNAVAILABLE,NOT_COMPUTABLE,UNAVAILABLE
devalidation,OBSERVED,base_devalidation,desk_week_7,PASS,,hard,superasi_bdebase_v1.0.0,grade_config_v1,2026-09-13T13:03:03Z,77f6004823dc43509371df35ae2da858,913 ITI-01,520b4e76a9cc28b0c6569db6ee1d2b69ec97dac331fccf5f85a35ae2b53f260a,06ebb9644a2a3cec47351c00887dac177c54978adde1aa4c271a07d233dd8b72,79c4ae48c45e15f21346022d19dde6aa9329703681a8cd3921524af45d8891c9,913 ITI-01,NBA,NBA,2025-2026,2025-03-18,2026-09-01,"{""date_from"":""2025-03-18"",""date_to"":""2026-09-01"",""game_data"":[""pbp""],""leagues"":[""NBA""],""market_data"":[""candles""],""markets"":[""kalshi""],""seasons"":[""2025-2026""],""sports"":[""NBA""]}",TRADABLE_YES_BID,1_MINUTE_CANDLE,available_at,FIRST_TOUCH,"{""id"":""entry_mtw2zh6b_f4q8g"",""op"":""FIRST_TOUCH"",""ordinal"":""FIRST_TOUCH"",""period"":""Q2"",""price_e4"":6800,""source_vocabulary"":""TOUCH""}",REACH,"{""id"":""exit_mty0bwbw_mvfqe"",""op"":""REACH"",""outcome"":""win"",""price_e4"":9500}",REACH,"{""id"":""exit_mtug1t99_aq1lv"",""op"":""REACH"",""outcome"":""loss"",""price_e4"":4500}",HOLD_TO_SETTLEMENT,c5430eb845ac4cefb3c281ac543b383aad9652b9d0817d0605ab42bca6970657,1.0.0,2026-09-13T06:28:48Z,1.0.0,1.0.0,1.0.0,2026-09-13T06:28:48Z,READY,224,116,108,0.517857,0.482143,2700,2300,1.173913,289.285714,a1bee2f832bba4fbfbee499c6c89c2cf1a011d365a81efc1b5ef04b1ed6b0236,candle_path_not_fill,UNAVAILABLE,UNAVAILABLE,UNAVAILABLE,NOT_COMPUTABLE,UNAVAILABLE
devalidation,OBSERVED,base_devalidation,desk_week_10,PASS,,hard,superasi_bdebase_v1.0.0,grade_config_v1,2026-09-13T13:03:03Z,77f6004823dc43509371df35ae2da858,913 ITI-01,520b4e76a9cc28b0c6569db6ee1d2b69ec97dac331fccf5f85a35ae2b53f260a,06ebb9644a2a3cec47351c00887dac177c54978adde1aa4c271a07d233dd8b72,79c4ae48c45e15f21346022d19dde6aa9329703681a8cd3921524af45d8891c9,913 ITI-01,NBA,NBA,2025-2026,2025-03-18,2026-09-01,"{""date_from"":""2025-03-18"",""date_to"":""2026-09-01"",""game_data"":[""pbp""],""leagues"":[""NBA""],""market_data"":[""candles""],""markets"":[""kalshi""],""seasons"":[""2025-2026""],""sports"":[""NBA""]}",TRADABLE_YES_BID,1_MINUTE_CANDLE,available_at,FIRST_TOUCH,"{""id"":""entry_mtw2zh6b_f4q8g"",""op"":""FIRST_TOUCH"",""ordinal"":""FIRST_TOUCH"",""period"":""Q2"",""price_e4"":6800,""source_vocabulary"":""TOUCH""}",REACH,"{""id"":""exit_mty0bwbw_mvfqe"",""op"":""REACH"",""outcome"":""win"",""price_e4"":9500}",REACH,"{""id"":""exit_mtug1t99_aq1lv"",""op"":""REACH"",""outcome"":""loss"",""price_e4"":4500}",HOLD_TO_SETTLEMENT,c5430eb845ac4cefb3c281ac543b383aad9652b9d0817d0605ab42bca6970657,1.0.0,2026-09-13T06:28:48Z,1.0.0,1.0.0,1.0.0,2026-09-13T06:28:48Z,READY,224,116,108,0.517857,0.482143,2700,2300,1.173913,289.285714,a1bee2f832bba4fbfbee499c6c89c2cf1a011d365a81efc1b5ef04b1ed6b0236,candle_path_not_fill,UNAVAILABLE,UNAVAILABLE,UNAVAILABLE,NOT_COMPUTABLE,UNAVAILABLE
devalidation,OBSERVED,base_devalidation,desk_week_0,PASS,,hard,superasi_bdebase_v1.0.0,grade_config_v1,2026-09-13T13:03:03Z,77f6004823dc43509371df35ae2da858,913 ITI-01,520b4e76a9cc28b0c6569db6ee1d2b69ec97dac331fccf5f85a35ae2b53f260a,06ebb9644a2a3cec47351c00887dac177c54978adde1aa4c271a07d233dd8b72,79c4ae48c45e15f21346022d19dde6aa9329703681a8cd3921524af45d8891c9,913 ITI-01,NBA,NBA,2025-2026,2025-03-18,2026-09-01,"{""date_from"":""2025-03-18"",""date_to"":""2026-09-01"",""game_data"":[""pbp""],""leagues"":[""NBA""],""market_data"":[""candles""],""markets"":[""kalshi""],""seasons"":[""2025-2026""],""sports"":[""NBA""]}",TRADABLE_YES_BID,1_MINUTE_CANDLE,available_at,FIRST_TOUCH,"{""id"":""entry_mtw2zh6b_f4q8g"",""op"":""FIRST_TOUCH"",""ordinal"":""FIRST_TOUCH"",""period"":""Q2"",""price_e4"":6800,""source_vocabulary"":""TOUCH""}",REACH,"{""id"":""exit_mty0bwbw_mvfqe"",""op"":""REACH"",""outcome"":""win"",""price_e4"":9500}",REACH,"{""id"":""exit_mtug1t99_aq1lv"",""op"":""REACH"",""outcome"":""loss"",""price_e4"":4500}",HOLD_TO_SETTLEMENT,c5430eb845ac4cefb3c281ac543b383aad9652b9d0817d0605ab42bca6970657,1.0.0,2026-09-13T06:28:48Z,1.0.0,1.0.0,1.0.0,2026-09-13T06:28:48Z,READY,224,116,108,0.517857,0.482143,2700,2300,1.173913,289.285714,a1bee2f832bba4fbfbee499c6c89c2cf1a011d365a81efc1b5ef04b1ed6b0236,candle_path_not_fill,UNAVAILABLE,UNAVAILABLE,UNAVAILABLE,NOT_COMPUTABLE,UNAVAILABLE
devalidation,OBSERVED,base_devalidation,desk_compound_20,PASS,,hard,superasi_bdebase_v1.0.0,grade_config_v1,2026-09-13T13:03:03Z,77f6004823dc43509371df35ae2da858,913 ITI-01,520b4e76a9cc28b0c6569db6ee1d2b69ec97dac331fccf5f85a35ae2b53f260a,06ebb9644a2a3cec47351c00887dac177c54978adde1aa4c271a07d233dd8b72,79c4ae48c45e15f21346022d19dde6aa9329703681a8cd3921524af45d8891c9,913 ITI-01,NBA,NBA,2025-2026,2025-03-18,2026-09-01,"{""date_from"":""2025-03-18"",""date_to"":""2026-09-01"",""game_data"":[""pbp""],""leagues"":[""NBA""],""market_data"":[""candles""],""markets"":[""kalshi""],""seasons"":[""2025-2026""],""sports"":[""NBA""]}",TRADABLE_YES_BID,1_MINUTE_CANDLE,available_at,FIRST_TOUCH,"{""id"":""entry_mtw2zh6b_f4q8g"",""op"":""FIRST_TOUCH"",""ordinal"":""FIRST_TOUCH"",""period"":""Q2"",""price_e4"":6800,""source_vocabulary"":""TOUCH""}",REACH,"{""id"":""exit_mty0bwbw_mvfqe"",""op"":""REACH"",""outcome"":""win"",""price_e4"":9500}",REACH,"{""id"":""exit_mtug1t99_aq1lv"",""op"":""REACH"",""outcome"":""loss"",""price_e4"":4500}",HOLD_TO_SETTLEMENT,c5430eb845ac4cefb3c281ac543b383aad9652b9d0817d0605ab42bca6970657,1.0.0,2026-09-13T06:28:48Z,1.0.0,1.0.0,1.0.0,2026-09-13T06:28:48Z,READY,224,116,108,0.517857,0.482143,2700,2300,1.173913,289.285714,a1bee2f832bba4fbfbee499c6c89c2cf1a011d365a81efc1b5ef04b1ed6b0236,candle_path_not_fill,UNAVAILABLE,UNAVAILABLE,UNAVAILABLE,NOT_COMPUTABLE,UNAVAILABLE
devalidation,OBSERVED,base_devalidation,desk_target_30k,PASS,,hard,superasi_bdebase_v1.0.0,grade_config_v1,2026-09-13T13:03:03Z,77f6004823dc43509371df35ae2da858,913 ITI-01,520b4e76a9cc28b0c6569db6ee1d2b69ec97dac331fccf5f85a35ae2b53f260a,06ebb9644a2a3cec47351c00887dac177c54978adde1aa4c271a07d233dd8b72,79c4ae48c45e15f21346022d19dde6aa9329703681a8cd3921524af45d8891c9,913 ITI-01,NBA,NBA,2025-2026,2025-03-18,2026-09-01,"{""date_from"":""2025-03-18"",""date_to"":""2026-09-01"",""game_data"":[""pbp""],""leagues"":[""NBA""],""market_data"":[""candles""],""markets"":[""kalshi""],""seasons"":[""2025-2026""],""sports"":[""NBA""]}",TRADABLE_YES_BID,1_MINUTE_CANDLE,available_at,FIRST_TOUCH,"{""id"":""entry_mtw2zh6b_f4q8g"",""op"":""FIRST_TOUCH"",""ordinal"":""FIRST_TOUCH"",""period"":""Q2"",""price_e4"":6800,""source_vocabulary"":""TOUCH""}",REACH,"{""id"":""exit_mty0bwbw_mvfqe"",""op"":""REACH"",""outcome"":""win"",""price_e4"":9500}",REACH,"{""id"":""exit_mtug1t99_aq1lv"",""op"":""REACH"",""outcome"":""loss"",""price_e4"":4500}",HOLD_TO_SETTLEMENT,c5430eb845ac4cefb3c281ac543b383aad9652b9d0817d0605ab42bca6970657,1.0.0,2026-09-13T06:28:48Z,1.0.0,1.0.0,1.0.0,2026-09-13T06:28:48Z,READY,224,116,108,0.517857,0.482143,2700,2300,1.173913,289.285714,a1bee2f832bba4fbfbee499c6c89c2cf1a011d365a81efc1b5ef04b1ed6b0236,candle_path_not_fill,UNAVAILABLE,UNAVAILABLE,UNAVAILABLE,NOT_COMPUTABLE,UNAVAILABLE
devalidation,OBSERVED,base_devalidation,desk_floor_14999,PASS,,hard,superasi_bdebase_v1.0.0,grade_config_v1,2026-09-13T13:03:03Z,77f6004823dc43509371df35ae2da858,913 ITI-01,520b4e76a9cc28b0c6569db6ee1d2b69ec97dac331fccf5f85a35ae2b53f260a,06ebb9644a2a3cec47351c00887dac177c54978adde1aa4c271a07d233dd8b72,79c4ae48c45e15f21346022d19dde6aa9329703681a8cd3921524af45d8891c9,913 ITI-01,NBA,NBA,2025-2026,2025-03-18,2026-09-01,"{""date_from"":""2025-03-18"",""date_to"":""2026-09-01"",""game_data"":[""pbp""],""leagues"":[""NBA""],""market_data"":[""candles""],""markets"":[""kalshi""],""seasons"":[""2025-2026""],""sports"":[""NBA""]}",TRADABLE_YES_BID,1_MINUTE_CANDLE,available_at,FIRST_TOUCH,"{""id"":""entry_mtw2zh6b_f4q8g"",""op"":""FIRST_TOUCH"",""ordinal"":""FIRST_TOUCH"",""period"":""Q2"",""price_e4"":6800,""source_vocabulary"":""TOUCH""}",REACH,"{""id"":""exit_mty0bwbw_mvfqe"",""op"":""REACH"",""outcome"":""win"",""price_e4"":9500}",REACH,"{""id"":""exit_mtug1t99_aq1lv"",""op"":""REACH"",""outcome"":""loss"",""price_e4"":4500}",HOLD_TO_SETTLEMENT,c5430eb845ac4cefb3c281ac543b383aad9652b9d0817d0605ab42bca6970657,1.0.0,2026-09-13T06:28:48Z,1.0.0,1.0.0,1.0.0,2026-09-13T06:28:48Z,READY,224,116,108,0.517857,0.482143,2700,2300,1.173913,289.285714,a1bee2f832bba4fbfbee499c6c89c2cf1a011d365a81efc1b5ef04b1ed6b0236,candle_path_not_fill,UNAVAILABLE,UNAVAILABLE,UNAVAILABLE,NOT_COMPUTABLE,UNAVAILABLE
risk_profile,MONTE_CARLO,base_decomposition,bernoulli_paths,100000,count,bernoulli,superasi_bdebase_v1.0.0,grade_config_v1,2026-09-13T13:03:03Z,77f6004823dc43509371df35ae2da858,913 ITI-01,520b4e76a9cc28b0c6569db6ee1d2b69ec97dac331fccf5f85a35ae2b53f260a,06ebb9644a2a3cec47351c00887dac177c54978adde1aa4c271a07d233dd8b72,79c4ae48c45e15f21346022d19dde6aa9329703681a8cd3921524af45d8891c9,913 ITI-01,NBA,NBA,2025-2026,2025-03-18,2026-09-01,"{""date_from"":""2025-03-18"",""date_to"":""2026-09-01"",""game_data"":[""pbp""],""leagues"":[""NBA""],""market_data"":[""candles""],""markets"":[""kalshi""],""seasons"":[""2025-2026""],""sports"":[""NBA""]}",TRADABLE_YES_BID,1_MINUTE_CANDLE,available_at,FIRST_TOUCH,"{""id"":""entry_mtw2zh6b_f4q8g"",""op"":""FIRST_TOUCH"",""ordinal"":""FIRST_TOUCH"",""period"":""Q2"",""price_e4"":6800,""source_vocabulary"":""TOUCH""}",REACH,"{""id"":""exit_mty0bwbw_mvfqe"",""op"":""REACH"",""outcome"":""win"",""price_e4"":9500}",REACH,"{""id"":""exit_mtug1t99_aq1lv"",""op"":""REACH"",""outcome"":""loss"",""price_e4"":4500}",HOLD_TO_SETTLEMENT,c5430eb845ac4cefb3c281ac543b383aad9652b9d0817d0605ab42bca6970657,1.0.0,2026-09-13T06:28:48Z,1.0.0,1.0.0,1.0.0,2026-09-13T06:28:48Z,READY,224,116,108,0.517857,0.482143,2700,2300,1.173913,289.285714,a1bee2f832bba4fbfbee499c6c89c2cf1a011d365a81efc1b5ef04b1ed6b0236,candle_path_not_fill,UNAVAILABLE,UNAVAILABLE,UNAVAILABLE,NOT_COMPUTABLE,UNAVAILABLE
risk_profile,MONTE_CARLO,base_decomposition,bernoulli_P_min_bankroll_le_floor,0.321960,fraction,bernoulli,superasi_bdebase_v1.0.0,grade_config_v1,2026-09-13T13:03:03Z,77f6004823dc43509371df35ae2da858,913 ITI-01,520b4e76a9cc28b0c6569db6ee1d2b69ec97dac331fccf5f85a35ae2b53f260a,06ebb9644a2a3cec47351c00887dac177c54978adde1aa4c271a07d233dd8b72,79c4ae48c45e15f21346022d19dde6aa9329703681a8cd3921524af45d8891c9,913 ITI-01,NBA,NBA,2025-2026,2025-03-18,2026-09-01,"{""date_from"":""2025-03-18"",""date_to"":""2026-09-01"",""game_data"":[""pbp""],""leagues"":[""NBA""],""market_data"":[""candles""],""markets"":[""kalshi""],""seasons"":[""2025-2026""],""sports"":[""NBA""]}",TRADABLE_YES_BID,1_MINUTE_CANDLE,available_at,FIRST_TOUCH,"{""id"":""entry_mtw2zh6b_f4q8g"",""op"":""FIRST_TOUCH"",""ordinal"":""FIRST_TOUCH"",""period"":""Q2"",""price_e4"":6800,""source_vocabulary"":""TOUCH""}",REACH,"{""id"":""exit_mty0bwbw_mvfqe"",""op"":""REACH"",""outcome"":""win"",""price_e4"":9500}",REACH,"{""id"":""exit_mtug1t99_aq1lv"",""op"":""REACH"",""outcome"":""loss"",""price_e4"":4500}",HOLD_TO_SETTLEMENT,c5430eb845ac4cefb3c281ac543b383aad9652b9d0817d0605ab42bca6970657,1.0.0,2026-09-13T06:28:48Z,1.0.0,1.0.0,1.0.0,2026-09-13T06:28:48Z,READY,224,116,108,0.517857,0.482143,2700,2300,1.173913,289.285714,a1bee2f832bba4fbfbee499c6c89c2cf1a011d365a81efc1b5ef04b1ed6b0236,candle_path_not_fill,UNAVAILABLE,UNAVAILABLE,UNAVAILABLE,NOT_COMPUTABLE,UNAVAILABLE
risk_profile,MONTE_CARLO,base_decomposition,bernoulli_P_final_ge_target,0.027590,fraction,bernoulli,superasi_bdebase_v1.0.0,grade_config_v1,2026-09-13T13:03:03Z,77f6004823dc43509371df35ae2da858,913 ITI-01,520b4e76a9cc28b0c6569db6ee1d2b69ec97dac331fccf5f85a35ae2b53f260a,06ebb9644a2a3cec47351c00887dac177c54978adde1aa4c271a07d233dd8b72,79c4ae48c45e15f21346022d19dde6aa9329703681a8cd3921524af45d8891c9,913 ITI-01,NBA,NBA,2025-2026,2025-03-18,2026-09-01,"{""date_from"":""2025-03-18"",""date_to"":""2026-09-01"",""game_data"":[""pbp""],""leagues"":[""NBA""],""market_data"":[""candles""],""markets"":[""kalshi""],""seasons"":[""2025-2026""],""sports"":[""NBA""]}",TRADABLE_YES_BID,1_MINUTE_CANDLE,available_at,FIRST_TOUCH,"{""id"":""entry_mtw2zh6b_f4q8g"",""op"":""FIRST_TOUCH"",""ordinal"":""FIRST_TOUCH"",""period"":""Q2"",""price_e4"":6800,""source_vocabulary"":""TOUCH""}",REACH,"{""id"":""exit_mty0bwbw_mvfqe"",""op"":""REACH"",""outcome"":""win"",""price_e4"":9500}",REACH,"{""id"":""exit_mtug1t99_aq1lv"",""op"":""REACH"",""outcome"":""loss"",""price_e4"":4500}",HOLD_TO_SETTLEMENT,c5430eb845ac4cefb3c281ac543b383aad9652b9d0817d0605ab42bca6970657,1.0.0,2026-09-13T06:28:48Z,1.0.0,1.0.0,1.0.0,2026-09-13T06:28:48Z,READY,224,116,108,0.517857,0.482143,2700,2300,1.173913,289.285714,a1bee2f832bba4fbfbee499c6c89c2cf1a011d365a81efc1b5ef04b1ed6b0236,candle_path_not_fill,UNAVAILABLE,UNAVAILABLE,UNAVAILABLE,NOT_COMPUTABLE,UNAVAILABLE
risk_profile,MONTE_CARLO,base_decomposition,bernoulli_expected_20_week_return,-0.053047,fraction,bernoulli,superasi_bdebase_v1.0.0,grade_config_v1,2026-09-13T13:03:03Z,77f6004823dc43509371df35ae2da858,913 ITI-01,520b4e76a9cc28b0c6569db6ee1d2b69ec97dac331fccf5f85a35ae2b53f260a,06ebb9644a2a3cec47351c00887dac177c54978adde1aa4c271a07d233dd8b72,79c4ae48c45e15f21346022d19dde6aa9329703681a8cd3921524af45d8891c9,913 ITI-01,NBA,NBA,2025-2026,2025-03-18,2026-09-01,"{""date_from"":""2025-03-18"",""date_to"":""2026-09-01"",""game_data"":[""pbp""],""leagues"":[""NBA""],""market_data"":[""candles""],""markets"":[""kalshi""],""seasons"":[""2025-2026""],""sports"":[""NBA""]}",TRADABLE_YES_BID,1_MINUTE_CANDLE,available_at,FIRST_TOUCH,"{""id"":""entry_mtw2zh6b_f4q8g"",""op"":""FIRST_TOUCH"",""ordinal"":""FIRST_TOUCH"",""period"":""Q2"",""price_e4"":6800,""source_vocabulary"":""TOUCH""}",REACH,"{""id"":""exit_mty0bwbw_mvfqe"",""op"":""REACH"",""outcome"":""win"",""price_e4"":9500}",REACH,"{""id"":""exit_mtug1t99_aq1lv"",""op"":""REACH"",""outcome"":""loss"",""price_e4"":4500}",HOLD_TO_SETTLEMENT,c5430eb845ac4cefb3c281ac543b383aad9652b9d0817d0605ab42bca6970657,1.0.0,2026-09-13T06:28:48Z,1.0.0,1.0.0,1.0.0,2026-09-13T06:28:48Z,READY,224,116,108,0.517857,0.482143,2700,2300,1.173913,289.285714,a1bee2f832bba4fbfbee499c6c89c2cf1a011d365a81efc1b5ef04b1ed6b0236,candle_path_not_fill,UNAVAILABLE,UNAVAILABLE,UNAVAILABLE,NOT_COMPUTABLE,UNAVAILABLE
risk_profile,MONTE_CARLO,base_decomposition,bernoulli_mean_terminal_bankroll,18939.053281,usd,bernoulli,superasi_bdebase_v1.0.0,grade_config_v1,2026-09-13T13:03:03Z,77f6004823dc43509371df35ae2da858,913 ITI-01,520b4e76a9cc28b0c6569db6ee1d2b69ec97dac331fccf5f85a35ae2b53f260a,06ebb9644a2a3cec47351c00887dac177c54978adde1aa4c271a07d233dd8b72,79c4ae48c45e15f21346022d19dde6aa9329703681a8cd3921524af45d8891c9,913 ITI-01,NBA,NBA,2025-2026,2025-03-18,2026-09-01,"{""date_from"":""2025-03-18"",""date_to"":""2026-09-01"",""game_data"":[""pbp""],""leagues"":[""NBA""],""market_data"":[""candles""],""markets"":[""kalshi""],""seasons"":[""2025-2026""],""sports"":[""NBA""]}",TRADABLE_YES_BID,1_MINUTE_CANDLE,available_at,FIRST_TOUCH,"{""id"":""entry_mtw2zh6b_f4q8g"",""op"":""FIRST_TOUCH"",""ordinal"":""FIRST_TOUCH"",""period"":""Q2"",""price_e4"":6800,""source_vocabulary"":""TOUCH""}",REACH,"{""id"":""exit_mty0bwbw_mvfqe"",""op"":""REACH"",""outcome"":""win"",""price_e4"":9500}",REACH,"{""id"":""exit_mtug1t99_aq1lv"",""op"":""REACH"",""outcome"":""loss"",""price_e4"":4500}",HOLD_TO_SETTLEMENT,c5430eb845ac4cefb3c281ac543b383aad9652b9d0817d0605ab42bca6970657,1.0.0,2026-09-13T06:28:48Z,1.0.0,1.0.0,1.0.0,2026-09-13T06:28:48Z,READY,224,116,108,0.517857,0.482143,2700,2300,1.173913,289.285714,a1bee2f832bba4fbfbee499c6c89c2cf1a011d365a81efc1b5ef04b1ed6b0236,candle_path_not_fill,UNAVAILABLE,UNAVAILABLE,UNAVAILABLE,NOT_COMPUTABLE,UNAVAILABLE
risk_profile,MONTE_CARLO,base_decomposition,bernoulli_median_terminal_bankroll,18299.917384,usd,bernoulli,superasi_bdebase_v1.0.0,grade_config_v1,2026-09-13T13:03:03Z,77f6004823dc43509371df35ae2da858,913 ITI-01,520b4e76a9cc28b0c6569db6ee1d2b69ec97dac331fccf5f85a35ae2b53f260a,06ebb9644a2a3cec47351c00887dac177c54978adde1aa4c271a07d233dd8b72,79c4ae48c45e15f21346022d19dde6aa9329703681a8cd3921524af45d8891c9,913 ITI-01,NBA,NBA,2025-2026,2025-03-18,2026-09-01,"{""date_from"":""2025-03-18"",""date_to"":""2026-09-01"",""game_data"":[""pbp""],""leagues"":[""NBA""],""market_data"":[""candles""],""markets"":[""kalshi""],""seasons"":[""2025-2026""],""sports"":[""NBA""]}",TRADABLE_YES_BID,1_MINUTE_CANDLE,available_at,FIRST_TOUCH,"{""id"":""entry_mtw2zh6b_f4q8g"",""op"":""FIRST_TOUCH"",""ordinal"":""FIRST_TOUCH"",""period"":""Q2"",""price_e4"":6800,""source_vocabulary"":""TOUCH""}",REACH,"{""id"":""exit_mty0bwbw_mvfqe"",""op"":""REACH"",""outcome"":""win"",""price_e4"":9500}",REACH,"{""id"":""exit_mtug1t99_aq1lv"",""op"":""REACH"",""outcome"":""loss"",""price_e4"":4500}",HOLD_TO_SETTLEMENT,c5430eb845ac4cefb3c281ac543b383aad9652b9d0817d0605ab42bca6970657,1.0.0,2026-09-13T06:28:48Z,1.0.0,1.0.0,1.0.0,2026-09-13T06:28:48Z,READY,224,116,108,0.517857,0.482143,2700,2300,1.173913,289.285714,a1bee2f832bba4fbfbee499c6c89c2cf1a011d365a81efc1b5ef04b1ed6b0236,candle_path_not_fill,UNAVAILABLE,UNAVAILABLE,UNAVAILABLE,NOT_COMPUTABLE,UNAVAILABLE
risk_profile,MONTE_CARLO,base_decomposition,bernoulli_mdd_p95,-0.099888,fraction,bernoulli,superasi_bdebase_v1.0.0,grade_config_v1,2026-09-13T13:03:03Z,77f6004823dc43509371df35ae2da858,913 ITI-01,520b4e76a9cc28b0c6569db6ee1d2b69ec97dac331fccf5f85a35ae2b53f260a,06ebb9644a2a3cec47351c00887dac177c54978adde1aa4c271a07d233dd8b72,79c4ae48c45e15f21346022d19dde6aa9329703681a8cd3921524af45d8891c9,913 ITI-01,NBA,NBA,2025-2026,2025-03-18,2026-09-01,"{""date_from"":""2025-03-18"",""date_to"":""2026-09-01"",""game_data"":[""pbp""],""leagues"":[""NBA""],""market_data"":[""candles""],""markets"":[""kalshi""],""seasons"":[""2025-2026""],""sports"":[""NBA""]}",TRADABLE_YES_BID,1_MINUTE_CANDLE,available_at,FIRST_TOUCH,"{""id"":""entry_mtw2zh6b_f4q8g"",""op"":""FIRST_TOUCH"",""ordinal"":""FIRST_TOUCH"",""period"":""Q2"",""price_e4"":6800,""source_vocabulary"":""TOUCH""}",REACH,"{""id"":""exit_mty0bwbw_mvfqe"",""op"":""REACH"",""outcome"":""win"",""price_e4"":9500}",REACH,"{""id"":""exit_mtug1t99_aq1lv"",""op"":""REACH"",""outcome"":""loss"",""price_e4"":4500}",HOLD_TO_SETTLEMENT,c5430eb845ac4cefb3c281ac543b383aad9652b9d0817d0605ab42bca6970657,1.0.0,2026-09-13T06:28:48Z,1.0.0,1.0.0,1.0.0,2026-09-13T06:28:48Z,READY,224,116,108,0.517857,0.482143,2700,2300,1.173913,289.285714,a1bee2f832bba4fbfbee499c6c89c2cf1a011d365a81efc1b5ef04b1ed6b0236,candle_path_not_fill,UNAVAILABLE,UNAVAILABLE,UNAVAILABLE,NOT_COMPUTABLE,UNAVAILABLE
risk_profile,MONTE_CARLO,base_decomposition,bernoulli_se_P_min_bankroll_le_floor,0.001478,fraction,bernoulli,superasi_bdebase_v1.0.0,grade_config_v1,2026-09-13T13:03:03Z,77f6004823dc43509371df35ae2da858,913 ITI-01,520b4e76a9cc28b0c6569db6ee1d2b69ec97dac331fccf5f85a35ae2b53f260a,06ebb9644a2a3cec47351c00887dac177c54978adde1aa4c271a07d233dd8b72,79c4ae48c45e15f21346022d19dde6aa9329703681a8cd3921524af45d8891c9,913 ITI-01,NBA,NBA,2025-2026,2025-03-18,2026-09-01,"{""date_from"":""2025-03-18"",""date_to"":""2026-09-01"",""game_data"":[""pbp""],""leagues"":[""NBA""],""market_data"":[""candles""],""markets"":[""kalshi""],""seasons"":[""2025-2026""],""sports"":[""NBA""]}",TRADABLE_YES_BID,1_MINUTE_CANDLE,available_at,FIRST_TOUCH,"{""id"":""entry_mtw2zh6b_f4q8g"",""op"":""FIRST_TOUCH"",""ordinal"":""FIRST_TOUCH"",""period"":""Q2"",""price_e4"":6800,""source_vocabulary"":""TOUCH""}",REACH,"{""id"":""exit_mty0bwbw_mvfqe"",""op"":""REACH"",""outcome"":""win"",""price_e4"":9500}",REACH,"{""id"":""exit_mtug1t99_aq1lv"",""op"":""REACH"",""outcome"":""loss"",""price_e4"":4500}",HOLD_TO_SETTLEMENT,c5430eb845ac4cefb3c281ac543b383aad9652b9d0817d0605ab42bca6970657,1.0.0,2026-09-13T06:28:48Z,1.0.0,1.0.0,1.0.0,2026-09-13T06:28:48Z,READY,224,116,108,0.517857,0.482143,2700,2300,1.173913,289.285714,a1bee2f832bba4fbfbee499c6c89c2cf1a011d365a81efc1b5ef04b1ed6b0236,candle_path_not_fill,UNAVAILABLE,UNAVAILABLE,UNAVAILABLE,NOT_COMPUTABLE,UNAVAILABLE
risk_profile,MONTE_CARLO,base_decomposition,bernoulli_se_P_final_ge_target,0.000518,fraction,bernoulli,superasi_bdebase_v1.0.0,grade_config_v1,2026-09-13T13:03:03Z,77f6004823dc43509371df35ae2da858,913 ITI-01,520b4e76a9cc28b0c6569db6ee1d2b69ec97dac331fccf5f85a35ae2b53f260a,06ebb9644a2a3cec47351c00887dac177c54978adde1aa4c271a07d233dd8b72,79c4ae48c45e15f21346022d19dde6aa9329703681a8cd3921524af45d8891c9,913 ITI-01,NBA,NBA,2025-2026,2025-03-18,2026-09-01,"{""date_from"":""2025-03-18"",""date_to"":""2026-09-01"",""game_data"":[""pbp""],""leagues"":[""NBA""],""market_data"":[""candles""],""markets"":[""kalshi""],""seasons"":[""2025-2026""],""sports"":[""NBA""]}",TRADABLE_YES_BID,1_MINUTE_CANDLE,available_at,FIRST_TOUCH,"{""id"":""entry_mtw2zh6b_f4q8g"",""op"":""FIRST_TOUCH"",""ordinal"":""FIRST_TOUCH"",""period"":""Q2"",""price_e4"":6800,""source_vocabulary"":""TOUCH""}",REACH,"{""id"":""exit_mty0bwbw_mvfqe"",""op"":""REACH"",""outcome"":""win"",""price_e4"":9500}",REACH,"{""id"":""exit_mtug1t99_aq1lv"",""op"":""REACH"",""outcome"":""loss"",""price_e4"":4500}",HOLD_TO_SETTLEMENT,c5430eb845ac4cefb3c281ac543b383aad9652b9d0817d0605ab42bca6970657,1.0.0,2026-09-13T06:28:48Z,1.0.0,1.0.0,1.0.0,2026-09-13T06:28:48Z,READY,224,116,108,0.517857,0.482143,2700,2300,1.173913,289.285714,a1bee2f832bba4fbfbee499c6c89c2cf1a011d365a81efc1b5ef04b1ed6b0236,candle_path_not_fill,UNAVAILABLE,UNAVAILABLE,UNAVAILABLE,NOT_COMPUTABLE,UNAVAILABLE
risk_profile,MONTE_CARLO,base_decomposition,bernoulli_se_P_final_lt_B0,0.001530,fraction,bernoulli,superasi_bdebase_v1.0.0,grade_config_v1,2026-09-13T13:03:03Z,77f6004823dc43509371df35ae2da858,913 ITI-01,520b4e76a9cc28b0c6569db6ee1d2b69ec97dac331fccf5f85a35ae2b53f260a,06ebb9644a2a3cec47351c00887dac177c54978adde1aa4c271a07d233dd8b72,79c4ae48c45e15f21346022d19dde6aa9329703681a8cd3921524af45d8891c9,913 ITI-01,NBA,NBA,2025-2026,2025-03-18,2026-09-01,"{""date_from"":""2025-03-18"",""date_to"":""2026-09-01"",""game_data"":[""pbp""],""leagues"":[""NBA""],""market_data"":[""candles""],""markets"":[""kalshi""],""seasons"":[""2025-2026""],""sports"":[""NBA""]}",TRADABLE_YES_BID,1_MINUTE_CANDLE,available_at,FIRST_TOUCH,"{""id"":""entry_mtw2zh6b_f4q8g"",""op"":""FIRST_TOUCH"",""ordinal"":""FIRST_TOUCH"",""period"":""Q2"",""price_e4"":6800,""source_vocabulary"":""TOUCH""}",REACH,"{""id"":""exit_mty0bwbw_mvfqe"",""op"":""REACH"",""outcome"":""win"",""price_e4"":9500}",REACH,"{""id"":""exit_mtug1t99_aq1lv"",""op"":""REACH"",""outcome"":""loss"",""price_e4"":4500}",HOLD_TO_SETTLEMENT,c5430eb845ac4cefb3c281ac543b383aad9652b9d0817d0605ab42bca6970657,1.0.0,2026-09-13T06:28:48Z,1.0.0,1.0.0,1.0.0,2026-09-13T06:28:48Z,READY,224,116,108,0.517857,0.482143,2700,2300,1.173913,289.285714,a1bee2f832bba4fbfbee499c6c89c2cf1a011d365a81efc1b5ef04b1ed6b0236,candle_path_not_fill,UNAVAILABLE,UNAVAILABLE,UNAVAILABLE,NOT_COMPUTABLE,UNAVAILABLE
path_bands,MONTE_CARLO,base_decomposition,bernoulli_week_1_p5,18088.235294,usd,bernoulli,superasi_bdebase_v1.0.0,grade_config_v1,2026-09-13T13:03:03Z,77f6004823dc43509371df35ae2da858,913 ITI-01,520b4e76a9cc28b0c6569db6ee1d2b69ec97dac331fccf5f85a35ae2b53f260a,06ebb9644a2a3cec47351c00887dac177c54978adde1aa4c271a07d233dd8b72,79c4ae48c45e15f21346022d19dde6aa9329703681a8cd3921524af45d8891c9,913 ITI-01,NBA,NBA,2025-2026,2025-03-18,2026-09-01,"{""date_from"":""2025-03-18"",""date_to"":""2026-09-01"",""game_data"":[""pbp""],""leagues"":[""NBA""],""market_data"":[""candles""],""markets"":[""kalshi""],""seasons"":[""2025-2026""],""sports"":[""NBA""]}",TRADABLE_YES_BID,1_MINUTE_CANDLE,available_at,FIRST_TOUCH,"{""id"":""entry_mtw2zh6b_f4q8g"",""op"":""FIRST_TOUCH"",""ordinal"":""FIRST_TOUCH"",""period"":""Q2"",""price_e4"":6800,""source_vocabulary"":""TOUCH""}",REACH,"{""id"":""exit_mty0bwbw_mvfqe"",""op"":""REACH"",""outcome"":""win"",""price_e4"":9500}",REACH,"{""id"":""exit_mtug1t99_aq1lv"",""op"":""REACH"",""outcome"":""loss"",""price_e4"":4500}",HOLD_TO_SETTLEMENT,c5430eb845ac4cefb3c281ac543b383aad9652b9d0817d0605ab42bca6970657,1.0.0,2026-09-13T06:28:48Z,1.0.0,1.0.0,1.0.0,2026-09-13T06:28:48Z,READY,224,116,108,0.517857,0.482143,2700,2300,1.173913,289.285714,a1bee2f832bba4fbfbee499c6c89c2cf1a011d365a81efc1b5ef04b1ed6b0236,candle_path_not_fill,UNAVAILABLE,UNAVAILABLE,UNAVAILABLE,NOT_COMPUTABLE,UNAVAILABLE
path_bands,MONTE_CARLO,base_decomposition,bernoulli_week_1_p25,18823.529412,usd,bernoulli,superasi_bdebase_v1.0.0,grade_config_v1,2026-09-13T13:03:03Z,77f6004823dc43509371df35ae2da858,913 ITI-01,520b4e76a9cc28b0c6569db6ee1d2b69ec97dac331fccf5f85a35ae2b53f260a,06ebb9644a2a3cec47351c00887dac177c54978adde1aa4c271a07d233dd8b72,79c4ae48c45e15f21346022d19dde6aa9329703681a8cd3921524af45d8891c9,913 ITI-01,NBA,NBA,2025-2026,2025-03-18,2026-09-01,"{""date_from"":""2025-03-18"",""date_to"":""2026-09-01"",""game_data"":[""pbp""],""leagues"":[""NBA""],""market_data"":[""candles""],""markets"":[""kalshi""],""seasons"":[""2025-2026""],""sports"":[""NBA""]}",TRADABLE_YES_BID,1_MINUTE_CANDLE,available_at,FIRST_TOUCH,"{""id"":""entry_mtw2zh6b_f4q8g"",""op"":""FIRST_TOUCH"",""ordinal"":""FIRST_TOUCH"",""period"":""Q2"",""price_e4"":6800,""source_vocabulary"":""TOUCH""}",REACH,"{""id"":""exit_mty0bwbw_mvfqe"",""op"":""REACH"",""outcome"":""win"",""price_e4"":9500}",REACH,"{""id"":""exit_mtug1t99_aq1lv"",""op"":""REACH"",""outcome"":""loss"",""price_e4"":4500}",HOLD_TO_SETTLEMENT,c5430eb845ac4cefb3c281ac543b383aad9652b9d0817d0605ab42bca6970657,1.0.0,2026-09-13T06:28:48Z,1.0.0,1.0.0,1.0.0,2026-09-13T06:28:48Z,READY,224,116,108,0.517857,0.482143,2700,2300,1.173913,289.285714,a1bee2f832bba4fbfbee499c6c89c2cf1a011d365a81efc1b5ef04b1ed6b0236,candle_path_not_fill,UNAVAILABLE,UNAVAILABLE,UNAVAILABLE,NOT_COMPUTABLE,UNAVAILABLE
path_bands,MONTE_CARLO,base_decomposition,bernoulli_week_1_p50,20294.117647,usd,bernoulli,superasi_bdebase_v1.0.0,grade_config_v1,2026-09-13T13:03:03Z,77f6004823dc43509371df35ae2da858,913 ITI-01,520b4e76a9cc28b0c6569db6ee1d2b69ec97dac331fccf5f85a35ae2b53f260a,06ebb9644a2a3cec47351c00887dac177c54978adde1aa4c271a07d233dd8b72,79c4ae48c45e15f21346022d19dde6aa9329703681a8cd3921524af45d8891c9,913 ITI-01,NBA,NBA,2025-2026,2025-03-18,2026-09-01,"{""date_from"":""2025-03-18"",""date_to"":""2026-09-01"",""game_data"":[""pbp""],""leagues"":[""NBA""],""market_data"":[""candles""],""markets"":[""kalshi""],""seasons"":[""2025-2026""],""sports"":[""NBA""]}",TRADABLE_YES_BID,1_MINUTE_CANDLE,available_at,FIRST_TOUCH,"{""id"":""entry_mtw2zh6b_f4q8g"",""op"":""FIRST_TOUCH"",""ordinal"":""FIRST_TOUCH"",""period"":""Q2"",""price_e4"":6800,""source_vocabulary"":""TOUCH""}",REACH,"{""id"":""exit_mty0bwbw_mvfqe"",""op"":""REACH"",""outcome"":""win"",""price_e4"":9500}",REACH,"{""id"":""exit_mtug1t99_aq1lv"",""op"":""REACH"",""outcome"":""loss"",""price_e4"":4500}",HOLD_TO_SETTLEMENT,c5430eb845ac4cefb3c281ac543b383aad9652b9d0817d0605ab42bca6970657,1.0.0,2026-09-13T06:28:48Z,1.0.0,1.0.0,1.0.0,2026-09-13T06:28:48Z,READY,224,116,108,0.517857,0.482143,2700,2300,1.173913,289.285714,a1bee2f832bba4fbfbee499c6c89c2cf1a011d365a81efc1b5ef04b1ed6b0236,candle_path_not_fill,UNAVAILABLE,UNAVAILABLE,UNAVAILABLE,NOT_COMPUTABLE,UNAVAILABLE
path_bands,MONTE_CARLO,base_decomposition,bernoulli_week_1_p75,21029.411765,usd,bernoulli,superasi_bdebase_v1.0.0,grade_config_v1,2026-09-13T13:03:03Z,77f6004823dc43509371df35ae2da858,913 ITI-01,520b4e76a9cc28b0c6569db6ee1d2b69ec97dac331fccf5f85a35ae2b53f260a,06ebb9644a2a3cec47351c00887dac177c54978adde1aa4c271a07d233dd8b72,79c4ae48c45e15f21346022d19dde6aa9329703681a8cd3921524af45d8891c9,913 ITI-01,NBA,NBA,2025-2026,2025-03-18,2026-09-01,"{""date_from"":""2025-03-18"",""date_to"":""2026-09-01"",""game_data"":[""pbp""],""leagues"":[""NBA""],""market_data"":[""candles""],""markets"":[""kalshi""],""seasons"":[""2025-2026""],""sports"":[""NBA""]}",TRADABLE_YES_BID,1_MINUTE_CANDLE,available_at,FIRST_TOUCH,"{""id"":""entry_mtw2zh6b_f4q8g"",""op"":""FIRST_TOUCH"",""ordinal"":""FIRST_TOUCH"",""period"":""Q2"",""price_e4"":6800,""source_vocabulary"":""TOUCH""}",REACH,"{""id"":""exit_mty0bwbw_mvfqe"",""op"":""REACH"",""outcome"":""win"",""price_e4"":9500}",REACH,"{""id"":""exit_mtug1t99_aq1lv"",""op"":""REACH"",""outcome"":""loss"",""price_e4"":4500}",HOLD_TO_SETTLEMENT,c5430eb845ac4cefb3c281ac543b383aad9652b9d0817d0605ab42bca6970657,1.0.0,2026-09-13T06:28:48Z,1.0.0,1.0.0,1.0.0,2026-09-13T06:28:48Z,READY,224,116,108,0.517857,0.482143,2700,2300,1.173913,289.285714,a1bee2f832bba4fbfbee499c6c89c2cf1a011d365a81efc1b5ef04b1ed6b0236,candle_path_not_fill,UNAVAILABLE,UNAVAILABLE,UNAVAILABLE,NOT_COMPUTABLE,UNAVAILABLE
path_bands,MONTE_CARLO,base_decomposition,bernoulli_week_1_p95,21764.705882,usd,bernoulli,superasi_bdebase_v1.0.0,grade_config_v1,2026-09-13T13:03:03Z,77f6004823dc43509371df35ae2da858,913 ITI-01,520b4e76a9cc28b0c6569db6ee1d2b69ec97dac331fccf5f85a35ae2b53f260a,06ebb9644a2a3cec47351c00887dac177c54978adde1aa4c271a07d233dd8b72,79c4ae48c45e15f21346022d19dde6aa9329703681a8cd3921524af45d8891c9,913 ITI-01,NBA,NBA,2025-2026,2025-03-18,2026-09-01,"{""date_from"":""2025-03-18"",""date_to"":""2026-09-01"",""game_data"":[""pbp""],""leagues"":[""NBA""],""market_data"":[""candles""],""markets"":[""kalshi""],""seasons"":[""2025-2026""],""sports"":[""NBA""]}",TRADABLE_YES_BID,1_MINUTE_CANDLE,available_at,FIRST_TOUCH,"{""id"":""entry_mtw2zh6b_f4q8g"",""op"":""FIRST_TOUCH"",""ordinal"":""FIRST_TOUCH"",""period"":""Q2"",""price_e4"":6800,""source_vocabulary"":""TOUCH""}",REACH,"{""id"":""exit_mty0bwbw_mvfqe"",""op"":""REACH"",""outcome"":""win"",""price_e4"":9500}",REACH,"{""id"":""exit_mtug1t99_aq1lv"",""op"":""REACH"",""outcome"":""loss"",""price_e4"":4500}",HOLD_TO_SETTLEMENT,c5430eb845ac4cefb3c281ac543b383aad9652b9d0817d0605ab42bca6970657,1.0.0,2026-09-13T06:28:48Z,1.0.0,1.0.0,1.0.0,2026-09-13T06:28:48Z,READY,224,116,108,0.517857,0.482143,2700,2300,1.173913,289.285714,a1bee2f832bba4fbfbee499c6c89c2cf1a011d365a81efc1b5ef04b1ed6b0236,candle_path_not_fill,UNAVAILABLE,UNAVAILABLE,UNAVAILABLE,NOT_COMPUTABLE,UNAVAILABLE
path_bands,MONTE_CARLO,base_decomposition,bernoulli_week_2_p5,17024.221453,usd,bernoulli,superasi_bdebase_v1.0.0,grade_config_v1,2026-09-13T13:03:03Z,77f6004823dc43509371df35ae2da858,913 ITI-01,520b4e76a9cc28b0c6569db6ee1d2b69ec97dac331fccf5f85a35ae2b53f260a,06ebb9644a2a3cec47351c00887dac177c54978adde1aa4c271a07d233dd8b72,79c4ae48c45e15f21346022d19dde6aa9329703681a8cd3921524af45d8891c9,913 ITI-01,NBA,NBA,2025-2026,2025-03-18,2026-09-01,"{""date_from"":""2025-03-18"",""date_to"":""2026-09-01"",""game_data"":[""pbp""],""leagues"":[""NBA""],""market_data"":[""candles""],""markets"":[""kalshi""],""seasons"":[""2025-2026""],""sports"":[""NBA""]}",TRADABLE_YES_BID,1_MINUTE_CANDLE,available_at,FIRST_TOUCH,"{""id"":""entry_mtw2zh6b_f4q8g"",""op"":""FIRST_TOUCH"",""ordinal"":""FIRST_TOUCH"",""period"":""Q2"",""price_e4"":6800,""source_vocabulary"":""TOUCH""}",REACH,"{""id"":""exit_mty0bwbw_mvfqe"",""op"":""REACH"",""outcome"":""win"",""price_e4"":9500}",REACH,"{""id"":""exit_mtug1t99_aq1lv"",""op"":""REACH"",""outcome"":""loss"",""price_e4"":4500}",HOLD_TO_SETTLEMENT,c5430eb845ac4cefb3c281ac543b383aad9652b9d0817d0605ab42bca6970657,1.0.0,2026-09-13T06:28:48Z,1.0.0,1.0.0,1.0.0,2026-09-13T06:28:48Z,READY,224,116,108,0.517857,0.482143,2700,2300,1.173913,289.285714,a1bee2f832bba4fbfbee499c6c89c2cf1a011d365a81efc1b5ef04b1ed6b0236,candle_path_not_fill,UNAVAILABLE,UNAVAILABLE,UNAVAILABLE,NOT_COMPUTABLE,UNAVAILABLE
path_bands,MONTE_CARLO,base_decomposition,bernoulli_week_2_p25,19019.247405,usd,bernoulli,superasi_bdebase_v1.0.0,grade_config_v1,2026-09-13T13:03:03Z,77f6004823dc43509371df35ae2da858,913 ITI-01,520b4e76a9cc28b0c6569db6ee1d2b69ec97dac331fccf5f85a35ae2b53f260a,06ebb9644a2a3cec47351c00887dac177c54978adde1aa4c271a07d233dd8b72,79c4ae48c45e15f21346022d19dde6aa9329703681a8cd3921524af45d8891c9,913 ITI-01,NBA,NBA,2025-2026,2025-03-18,2026-09-01,"{""date_from"":""2025-03-18"",""date_to"":""2026-09-01"",""game_data"":[""pbp""],""leagues"":[""NBA""],""market_data"":[""candles""],""markets"":[""kalshi""],""seasons"":[""2025-2026""],""sports"":[""NBA""]}",TRADABLE_YES_BID,1_MINUTE_CANDLE,available_at,FIRST_TOUCH,"{""id"":""entry_mtw2zh6b_f4q8g"",""op"":""FIRST_TOUCH"",""ordinal"":""FIRST_TOUCH"",""period"":""Q2"",""price_e4"":6800,""source_vocabulary"":""TOUCH""}",REACH,"{""id"":""exit_mty0bwbw_mvfqe"",""op"":""REACH"",""outcome"":""win"",""price_e4"":9500}",REACH,"{""id"":""exit_mtug1t99_aq1lv"",""op"":""REACH"",""outcome"":""loss"",""price_e4"":4500}",HOLD_TO_SETTLEMENT,c5430eb845ac4cefb3c281ac543b383aad9652b9d0817d0605ab42bca6970657,1.0.0,2026-09-13T06:28:48Z,1.0.0,1.0.0,1.0.0,2026-09-13T06:28:48Z,READY,224,116,108,0.517857,0.482143,2700,2300,1.173913,289.285714,a1bee2f832bba4fbfbee499c6c89c2cf1a011d365a81efc1b5ef04b1ed6b0236,candle_path_not_fill,UNAVAILABLE,UNAVAILABLE,UNAVAILABLE,NOT_COMPUTABLE,UNAVAILABLE
path_bands,MONTE_CARLO,base_decomposition,bernoulli_week_2_p50,19846.453287,usd,bernoulli,superasi_bdebase_v1.0.0,grade_config_v1,2026-09-13T13:03:03Z,77f6004823dc43509371df35ae2da858,913 ITI-01,520b4e76a9cc28b0c6569db6ee1d2b69ec97dac331fccf5f85a35ae2b53f260a,06ebb9644a2a3cec47351c00887dac177c54978adde1aa4c271a07d233dd8b72,79c4ae48c45e15f21346022d19dde6aa9329703681a8cd3921524af45d8891c9,913 ITI-01,NBA,NBA,2025-2026,2025-03-18,2026-09-01,"{""date_from"":""2025-03-18"",""date_to"":""2026-09-01"",""game_data"":[""pbp""],""leagues"":[""NBA""],""market_data"":[""candles""],""markets"":[""kalshi""],""seasons"":[""2025-2026""],""sports"":[""NBA""]}",TRADABLE_YES_BID,1_MINUTE_CANDLE,available_at,FIRST_TOUCH,"{""id"":""entry_mtw2zh6b_f4q8g"",""op"":""FIRST_TOUCH"",""ordinal"":""FIRST_TOUCH"",""period"":""Q2"",""price_e4"":6800,""source_vocabulary"":""TOUCH""}",REACH,"{""id"":""exit_mty0bwbw_mvfqe"",""op"":""REACH"",""outcome"":""win"",""price_e4"":9500}",REACH,"{""id"":""exit_mtug1t99_aq1lv"",""op"":""REACH"",""outcome"":""loss"",""price_e4"":4500}",HOLD_TO_SETTLEMENT,c5430eb845ac4cefb3c281ac543b383aad9652b9d0817d0605ab42bca6970657,1.0.0,2026-09-13T06:28:48Z,1.0.0,1.0.0,1.0.0,2026-09-13T06:28:48Z,READY,224,116,108,0.517857,0.482143,2700,2300,1.173913,289.285714,a1bee2f832bba4fbfbee499c6c89c2cf1a011d365a81efc1b5ef04b1ed6b0236,candle_path_not_fill,UNAVAILABLE,UNAVAILABLE,UNAVAILABLE,NOT_COMPUTABLE,UNAVAILABLE
path_bands,MONTE_CARLO,base_decomposition,bernoulli_week_2_p75,21176.470588,usd,bernoulli,superasi_bdebase_v1.0.0,grade_config_v1,2026-09-13T13:03:03Z,77f6004823dc43509371df35ae2da858,913 ITI-01,520b4e76a9cc28b0c6569db6ee1d2b69ec97dac331fccf5f85a35ae2b53f260a,06ebb9644a2a3cec47351c00887dac177c54978adde1aa4c271a07d233dd8b72,79c4ae48c45e15f21346022d19dde6aa9329703681a8cd3921524af45d8891c9,913 ITI-01,NBA,NBA,2025-2026,2025-03-18,2026-09-01,"{""date_from"":""2025-03-18"",""date_to"":""2026-09-01"",""game_data"":[""pbp""],""leagues"":[""NBA""],""market_data"":[""candles""],""markets"":[""kalshi""],""seasons"":[""2025-2026""],""sports"":[""NBA""]}",TRADABLE_YES_BID,1_MINUTE_CANDLE,available_at,FIRST_TOUCH,"{""id"":""entry_mtw2zh6b_f4q8g"",""op"":""FIRST_TOUCH"",""ordinal"":""FIRST_TOUCH"",""period"":""Q2"",""price_e4"":6800,""source_vocabulary"":""TOUCH""}",REACH,"{""id"":""exit_mty0bwbw_mvfqe"",""op"":""REACH"",""outcome"":""win"",""price_e4"":9500}",REACH,"{""id"":""exit_mtug1t99_aq1lv"",""op"":""REACH"",""outcome"":""loss"",""price_e4"":4500}",HOLD_TO_SETTLEMENT,c5430eb845ac4cefb3c281ac543b383aad9652b9d0817d0605ab42bca6970657,1.0.0,2026-09-13T06:28:48Z,1.0.0,1.0.0,1.0.0,2026-09-13T06:28:48Z,READY,224,116,108,0.517857,0.482143,2700,2300,1.173913,289.285714,a1bee2f832bba4fbfbee499c6c89c2cf1a011d365a81efc1b5ef04b1ed6b0236,candle_path_not_fill,UNAVAILABLE,UNAVAILABLE,UNAVAILABLE,NOT_COMPUTABLE,UNAVAILABLE
path_bands,MONTE_CARLO,base_decomposition,bernoulli_week_2_p95,22830.882353,usd,bernoulli,superasi_bdebase_v1.0.0,grade_config_v1,2026-09-13T13:03:03Z,77f6004823dc43509371df35ae2da858,913 ITI-01,520b4e76a9cc28b0c6569db6ee1d2b69ec97dac331fccf5f85a35ae2b53f260a,06ebb9644a2a3cec47351c00887dac177c54978adde1aa4c271a07d233dd8b72,79c4ae48c45e15f21346022d19dde6aa9329703681a8cd3921524af45d8891c9,913 ITI-01,NBA,NBA,2025-2026,2025-03-18,2026-09-01,"{""date_from"":""2025-03-18"",""date_to"":""2026-09-01"",""game_data"":[""pbp""],""leagues"":[""NBA""],""market_data"":[""candles""],""markets"":[""kalshi""],""seasons"":[""2025-2026""],""sports"":[""NBA""]}",TRADABLE_YES_BID,1_MINUTE_CANDLE,available_at,FIRST_TOUCH,"{""id"":""entry_mtw2zh6b_f4q8g"",""op"":""FIRST_TOUCH"",""ordinal"":""FIRST_TOUCH"",""period"":""Q2"",""price_e4"":6800,""source_vocabulary"":""TOUCH""}",REACH,"{""id"":""exit_mty0bwbw_mvfqe"",""op"":""REACH"",""outcome"":""win"",""price_e4"":9500}",REACH,"{""id"":""exit_mtug1t99_aq1lv"",""op"":""REACH"",""outcome"":""loss"",""price_e4"":4500}",HOLD_TO_SETTLEMENT,c5430eb845ac4cefb3c281ac543b383aad9652b9d0817d0605ab42bca6970657,1.0.0,2026-09-13T06:28:48Z,1.0.0,1.0.0,1.0.0,2026-09-13T06:28:48Z,READY,224,116,108,0.517857,0.482143,2700,2300,1.173913,289.285714,a1bee2f832bba4fbfbee499c6c89c2cf1a011d365a81efc1b5ef04b1ed6b0236,candle_path_not_fill,UNAVAILABLE,UNAVAILABLE,UNAVAILABLE,NOT_COMPUTABLE,UNAVAILABLE
path_bands,MONTE_CARLO,base_decomposition,bernoulli_week_3_p5,16648.687157,usd,bernoulli,superasi_bdebase_v1.0.0,grade_config_v1,2026-09-13T13:03:03Z,77f6004823dc43509371df35ae2da858,913 ITI-01,520b4e76a9cc28b0c6569db6ee1d2b69ec97dac331fccf5f85a35ae2b53f260a,06ebb9644a2a3cec47351c00887dac177c54978adde1aa4c271a07d233dd8b72,79c4ae48c45e15f21346022d19dde6aa9329703681a8cd3921524af45d8891c9,913 ITI-01,NBA,NBA,2025-2026,2025-03-18,2026-09-01,"{""date_from"":""2025-03-18"",""date_to"":""2026-09-01"",""game_data"":[""pbp""],""leagues"":[""NBA""],""market_data"":[""candles""],""markets"":[""kalshi""],""seasons"":[""2025-2026""],""sports"":[""NBA""]}",TRADABLE_YES_BID,1_MINUTE_CANDLE,available_at,FIRST_TOUCH,"{""id"":""entry_mtw2zh6b_f4q8g"",""op"":""FIRST_TOUCH"",""ordinal"":""FIRST_TOUCH"",""period"":""Q2"",""price_e4"":6800,""source_vocabulary"":""TOUCH""}",REACH,"{""id"":""exit_mty0bwbw_mvfqe"",""op"":""REACH"",""outcome"":""win"",""price_e4"":9500}",REACH,"{""id"":""exit_mtug1t99_aq1lv"",""op"":""REACH"",""outcome"":""loss"",""price_e4"":4500}",HOLD_TO_SETTLEMENT,c5430eb845ac4cefb3c281ac543b383aad9652b9d0817d0605ab42bca6970657,1.0.0,2026-09-13T06:28:48Z,1.0.0,1.0.0,1.0.0,2026-09-13T06:28:48Z,READY,224,116,108,0.517857,0.482143,2700,2300,1.173913,289.285714,a1bee2f832bba4fbfbee499c6c89c2cf1a011d365a81efc1b5ef04b1ed6b0236,candle_path_not_fill,UNAVAILABLE,UNAVAILABLE,UNAVAILABLE,NOT_COMPUTABLE,UNAVAILABLE
path_bands,MONTE_CARLO,base_decomposition,bernoulli_week_3_p25,18599.705183,usd,bernoulli,superasi_bdebase_v1.0.0,grade_config_v1,2026-09-13T13:03:03Z,77f6004823dc43509371df35ae2da858,913 ITI-01,520b4e76a9cc28b0c6569db6ee1d2b69ec97dac331fccf5f85a35ae2b53f260a,06ebb9644a2a3cec47351c00887dac177c54978adde1aa4c271a07d233dd8b72,79c4ae48c45e15f21346022d19dde6aa9329703681a8cd3921524af45d8891c9,913 ITI-01,NBA,NBA,2025-2026,2025-03-18,2026-09-01,"{""date_from"":""2025-03-18"",""date_to"":""2026-09-01"",""game_data"":[""pbp""],""leagues"":[""NBA""],""market_data"":[""candles""],""markets"":[""kalshi""],""seasons"":[""2025-2026""],""sports"":[""NBA""]}",TRADABLE_YES_BID,1_MINUTE_CANDLE,available_at,FIRST_TOUCH,"{""id"":""entry_mtw2zh6b_f4q8g"",""op"":""FIRST_TOUCH"",""ordinal"":""FIRST_TOUCH"",""period"":""Q2"",""price_e4"":6800,""source_vocabulary"":""TOUCH""}",REACH,"{""id"":""exit_mty0bwbw_mvfqe"",""op"":""REACH"",""outcome"":""win"",""price_e4"":9500}",REACH,"{""id"":""exit_mtug1t99_aq1lv"",""op"":""REACH"",""outcome"":""loss"",""price_e4"":4500}",HOLD_TO_SETTLEMENT,c5430eb845ac4cefb3c281ac543b383aad9652b9d0817d0605ab42bca6970657,1.0.0,2026-09-13T06:28:48Z,1.0.0,1.0.0,1.0.0,2026-09-13T06:28:48Z,READY,224,116,108,0.517857,0.482143,2700,2300,1.173913,289.285714,a1bee2f832bba4fbfbee499c6c89c2cf1a011d365a81efc1b5ef04b1ed6b0236,candle_path_not_fill,UNAVAILABLE,UNAVAILABLE,UNAVAILABLE,NOT_COMPUTABLE,UNAVAILABLE
path_bands,MONTE_CARLO,base_decomposition,bernoulli_week_3_p50,19930.795848,usd,bernoulli,superasi_bdebase_v1.0.0,grade_config_v1,2026-09-13T13:03:03Z,77f6004823dc43509371df35ae2da858,913 ITI-01,520b4e76a9cc28b0c6569db6ee1d2b69ec97dac331fccf5f85a35ae2b53f260a,06ebb9644a2a3cec47351c00887dac177c54978adde1aa4c271a07d233dd8b72,79c4ae48c45e15f21346022d19dde6aa9329703681a8cd3921524af45d8891c9,913 ITI-01,NBA,NBA,2025-2026,2025-03-18,2026-09-01,"{""date_from"":""2025-03-18"",""date_to"":""2026-09-01"",""game_data"":[""pbp""],""leagues"":[""NBA""],""market_data"":[""candles""],""markets"":[""kalshi""],""seasons"":[""2025-2026""],""sports"":[""NBA""]}",TRADABLE_YES_BID,1_MINUTE_CANDLE,available_at,FIRST_TOUCH,"{""id"":""entry_mtw2zh6b_f4q8g"",""op"":""FIRST_TOUCH"",""ordinal"":""FIRST_TOUCH"",""period"":""Q2"",""price_e4"":6800,""source_vocabulary"":""TOUCH""}",REACH,"{""id"":""exit_mty0bwbw_mvfqe"",""op"":""REACH"",""outcome"":""win"",""price_e4"":9500}",REACH,"{""id"":""exit_mtug1t99_aq1lv"",""op"":""REACH"",""outcome"":""loss"",""price_e4"":4500}",HOLD_TO_SETTLEMENT,c5430eb845ac4cefb3c281ac543b383aad9652b9d0817d0605ab42bca6970657,1.0.0,2026-09-13T06:28:48Z,1.0.0,1.0.0,1.0.0,2026-09-13T06:28:48Z,READY,224,116,108,0.517857,0.482143,2700,2300,1.173913,289.285714,a1bee2f832bba4fbfbee499c6c89c2cf1a011d365a81efc1b5ef04b1ed6b0236,candle_path_not_fill,UNAVAILABLE,UNAVAILABLE,UNAVAILABLE,NOT_COMPUTABLE,UNAVAILABLE
path_bands,MONTE_CARLO,base_decomposition,bernoulli_week_3_p75,20895.392326,usd,bernoulli,superasi_bdebase_v1.0.0,grade_config_v1,2026-09-13T13:03:03Z,77f6004823dc43509371df35ae2da858,913 ITI-01,520b4e76a9cc28b0c6569db6ee1d2b69ec97dac331fccf5f85a35ae2b53f260a,06ebb9644a2a3cec47351c00887dac177c54978adde1aa4c271a07d233dd8b72,79c4ae48c45e15f21346022d19dde6aa9329703681a8cd3921524af45d8891c9,913 ITI-01,NBA,NBA,2025-2026,2025-03-18,2026-09-01,"{""date_from"":""2025-03-18"",""date_to"":""2026-09-01"",""game_data"":[""pbp""],""leagues"":[""NBA""],""market_data"":[""candles""],""markets"":[""kalshi""],""seasons"":[""2025-2026""],""sports"":[""NBA""]}",TRADABLE_YES_BID,1_MINUTE_CANDLE,available_at,FIRST_TOUCH,"{""id"":""entry_mtw2zh6b_f4q8g"",""op"":""FIRST_TOUCH"",""ordinal"":""FIRST_TOUCH"",""period"":""Q2"",""price_e4"":6800,""source_vocabulary"":""TOUCH""}",REACH,"{""id"":""exit_mty0bwbw_mvfqe"",""op"":""REACH"",""outcome"":""win"",""price_e4"":9500}",REACH,"{""id"":""exit_mtug1t99_aq1lv"",""op"":""REACH"",""outcome"":""loss"",""price_e4"":4500}",HOLD_TO_SETTLEMENT,c5430eb845ac4cefb3c281ac543b383aad9652b9d0817d0605ab42bca6970657,1.0.0,2026-09-13T06:28:48Z,1.0.0,1.0.0,1.0.0,2026-09-13T06:28:48Z,READY,224,116,108,0.517857,0.482143,2700,2300,1.173913,289.285714,a1bee2f832bba4fbfbee499c6c89c2cf1a011d365a81efc1b5ef04b1ed6b0236,candle_path_not_fill,UNAVAILABLE,UNAVAILABLE,UNAVAILABLE,NOT_COMPUTABLE,UNAVAILABLE
path_bands,MONTE_CARLO,base_decomposition,bernoulli_week_3_p95,23221.491451,usd,bernoulli,superasi_bdebase_v1.0.0,grade_config_v1,2026-09-13T13:03:03Z,77f6004823dc43509371df35ae2da858,913 ITI-01,520b4e76a9cc28b0c6569db6ee1d2b69ec97dac331fccf5f85a35ae2b53f260a,06ebb9644a2a3cec47351c00887dac177c54978adde1aa4c271a07d233dd8b72,79c4ae48c45e15f21346022d19dde6aa9329703681a8cd3921524af45d8891c9,913 ITI-01,NBA,NBA,2025-2026,2025-03-18,2026-09-01,"{""date_from"":""2025-03-18"",""date_to"":""2026-09-01"",""game_data"":[""pbp""],""leagues"":[""NBA""],""market_data"":[""candles""],""markets"":[""kalshi""],""seasons"":[""2025-2026""],""sports"":[""NBA""]}",TRADABLE_YES_BID,1_MINUTE_CANDLE,available_at,FIRST_TOUCH,"{""id"":""entry_mtw2zh6b_f4q8g"",""op"":""FIRST_TOUCH"",""ordinal"":""FIRST_TOUCH"",""period"":""Q2"",""price_e4"":6800,""source_vocabulary"":""TOUCH""}",REACH,"{""id"":""exit_mty0bwbw_mvfqe"",""op"":""REACH"",""outcome"":""win"",""price_e4"":9500}",REACH,"{""id"":""exit_mtug1t99_aq1lv"",""op"":""REACH"",""outcome"":""loss"",""price_e4"":4500}",HOLD_TO_SETTLEMENT,c5430eb845ac4cefb3c281ac543b383aad9652b9d0817d0605ab42bca6970657,1.0.0,2026-09-13T06:28:48Z,1.0.0,1.0.0,1.0.0,2026-09-13T06:28:48Z,READY,224,116,108,0.517857,0.482143,2700,2300,1.173913,289.285714,a1bee2f832bba4fbfbee499c6c89c2cf1a011d365a81efc1b5ef04b1ed6b0236,candle_path_not_fill,UNAVAILABLE,UNAVAILABLE,UNAVAILABLE,NOT_COMPUTABLE,UNAVAILABLE
path_bands,MONTE_CARLO,base_decomposition,bernoulli_week_4_p5,16233.617635,usd,bernoulli,superasi_bdebase_v1.0.0,grade_config_v1,2026-09-13T13:03:03Z,77f6004823dc43509371df35ae2da858,913 ITI-01,520b4e76a9cc28b0c6569db6ee1d2b69ec97dac331fccf5f85a35ae2b53f260a,06ebb9644a2a3cec47351c00887dac177c54978adde1aa4c271a07d233dd8b72,79c4ae48c45e15f21346022d19dde6aa9329703681a8cd3921524af45d8891c9,913 ITI-01,NBA,NBA,2025-2026,2025-03-18,2026-09-01,"{""date_from"":""2025-03-18"",""date_to"":""2026-09-01"",""game_data"":[""pbp""],""leagues"":[""NBA""],""market_data"":[""candles""],""markets"":[""kalshi""],""seasons"":[""2025-2026""],""sports"":[""NBA""]}",TRADABLE_YES_BID,1_MINUTE_CANDLE,available_at,FIRST_TOUCH,"{""id"":""entry_mtw2zh6b_f4q8g"",""op"":""FIRST_TOUCH"",""ordinal"":""FIRST_TOUCH"",""period"":""Q2"",""price_e4"":6800,""source_vocabulary"":""TOUCH""}",REACH,"{""id"":""exit_mty0bwbw_mvfqe"",""op"":""REACH"",""outcome"":""win"",""price_e4"":9500}",REACH,"{""id"":""exit_mtug1t99_aq1lv"",""op"":""REACH"",""outcome"":""loss"",""price_e4"":4500}",HOLD_TO_SETTLEMENT,c5430eb845ac4cefb3c281ac543b383aad9652b9d0817d0605ab42bca6970657,1.0.0,2026-09-13T06:28:48Z,1.0.0,1.0.0,1.0.0,2026-09-13T06:28:48Z,READY,224,116,108,0.517857,0.482143,2700,2300,1.173913,289.285714,a1bee2f832bba4fbfbee499c6c89c2cf1a011d365a81efc1b5ef04b1ed6b0236,candle_path_not_fill,UNAVAILABLE,UNAVAILABLE,UNAVAILABLE,NOT_COMPUTABLE,UNAVAILABLE
path_bands,MONTE_CARLO,base_decomposition,bernoulli_week_4_p25,18213.327103,usd,bernoulli,superasi_bdebase_v1.0.0,grade_config_v1,2026-09-13T13:03:03Z,77f6004823dc43509371df35ae2da858,913 ITI-01,520b4e76a9cc28b0c6569db6ee1d2b69ec97dac331fccf5f85a35ae2b53f260a,06ebb9644a2a3cec47351c00887dac177c54978adde1aa4c271a07d233dd8b72,79c4ae48c45e15f21346022d19dde6aa9329703681a8cd3921524af45d8891c9,913 ITI-01,NBA,NBA,2025-2026,2025-03-18,2026-09-01,"{""date_from"":""2025-03-18"",""date_to"":""2026-09-01"",""game_data"":[""pbp""],""leagues"":[""NBA""],""market_data"":[""candles""],""markets"":[""kalshi""],""seasons"":[""2025-2026""],""sports"":[""NBA""]}",TRADABLE_YES_BID,1_MINUTE_CANDLE,available_at,FIRST_TOUCH,"{""id"":""entry_mtw2zh6b_f4q8g"",""op"":""FIRST_TOUCH"",""ordinal"":""FIRST_TOUCH"",""period"":""Q2"",""price_e4"":6800,""source_vocabulary"":""TOUCH""}",REACH,"{""id"":""exit_mty0bwbw_mvfqe"",""op"":""REACH"",""outcome"":""win"",""price_e4"":9500}",REACH,"{""id"":""exit_mtug1t99_aq1lv"",""op"":""REACH"",""outcome"":""loss"",""price_e4"":4500}",HOLD_TO_SETTLEMENT,c5430eb845ac4cefb3c281ac543b383aad9652b9d0817d0605ab42bca6970657,1.0.0,2026-09-13T06:28:48Z,1.0.0,1.0.0,1.0.0,2026-09-13T06:28:48Z,READY,224,116,108,0.517857,0.482143,2700,2300,1.173913,289.285714,a1bee2f832bba4fbfbee499c6c89c2cf1a011d365a81efc1b5ef04b1ed6b0236,candle_path_not_fill,UNAVAILABLE,UNAVAILABLE,UNAVAILABLE,NOT_COMPUTABLE,UNAVAILABLE
path_bands,MONTE_CARLO,base_decomposition,bernoulli_week_4_p50,19640.434741,usd,bernoulli,superasi_bdebase_v1.0.0,grade_config_v1,2026-09-13T13:03:03Z,77f6004823dc43509371df35ae2da858,913 ITI-01,520b4e76a9cc28b0c6569db6ee1d2b69ec97dac331fccf5f85a35ae2b53f260a,06ebb9644a2a3cec47351c00887dac177c54978adde1aa4c271a07d233dd8b72,79c4ae48c45e15f21346022d19dde6aa9329703681a8cd3921524af45d8891c9,913 ITI-01,NBA,NBA,2025-2026,2025-03-18,2026-09-01,"{""date_from"":""2025-03-18"",""date_to"":""2026-09-01"",""game_data"":[""pbp""],""leagues"":[""NBA""],""market_data"":[""candles""],""markets"":[""kalshi""],""seasons"":[""2025-2026""],""sports"":[""NBA""]}",TRADABLE_YES_BID,1_MINUTE_CANDLE,available_at,FIRST_TOUCH,"{""id"":""entry_mtw2zh6b_f4q8g"",""op"":""FIRST_TOUCH"",""ordinal"":""FIRST_TOUCH"",""period"":""Q2"",""price_e4"":6800,""source_vocabulary"":""TOUCH""}",REACH,"{""id"":""exit_mty0bwbw_mvfqe"",""op"":""REACH"",""outcome"":""win"",""price_e4"":9500}",REACH,"{""id"":""exit_mtug1t99_aq1lv"",""op"":""REACH"",""outcome"":""loss"",""price_e4"":4500}",HOLD_TO_SETTLEMENT,c5430eb845ac4cefb3c281ac543b383aad9652b9d0817d0605ab42bca6970657,1.0.0,2026-09-13T06:28:48Z,1.0.0,1.0.0,1.0.0,2026-09-13T06:28:48Z,READY,224,116,108,0.517857,0.482143,2700,2300,1.173913,289.285714,a1bee2f832bba4fbfbee499c6c89c2cf1a011d365a81efc1b5ef04b1ed6b0236,candle_path_not_fill,UNAVAILABLE,UNAVAILABLE,UNAVAILABLE,NOT_COMPUTABLE,UNAVAILABLE
path_bands,MONTE_CARLO,base_decomposition,bernoulli_week_4_p75,21174.843705,usd,bernoulli,superasi_bdebase_v1.0.0,grade_config_v1,2026-09-13T13:03:03Z,77f6004823dc43509371df35ae2da858,913 ITI-01,520b4e76a9cc28b0c6569db6ee1d2b69ec97dac331fccf5f85a35ae2b53f260a,06ebb9644a2a3cec47351c00887dac177c54978adde1aa4c271a07d233dd8b72,79c4ae48c45e15f21346022d19dde6aa9329703681a8cd3921524af45d8891c9,913 ITI-01,NBA,NBA,2025-2026,2025-03-18,2026-09-01,"{""date_from"":""2025-03-18"",""date_to"":""2026-09-01"",""game_data"":[""pbp""],""leagues"":[""NBA""],""market_data"":[""candles""],""markets"":[""kalshi""],""seasons"":[""2025-2026""],""sports"":[""NBA""]}",TRADABLE_YES_BID,1_MINUTE_CANDLE,available_at,FIRST_TOUCH,"{""id"":""entry_mtw2zh6b_f4q8g"",""op"":""FIRST_TOUCH"",""ordinal"":""FIRST_TOUCH"",""period"":""Q2"",""price_e4"":6800,""source_vocabulary"":""TOUCH""}",REACH,"{""id"":""exit_mty0bwbw_mvfqe"",""op"":""REACH"",""outcome"":""win"",""price_e4"":9500}",REACH,"{""id"":""exit_mtug1t99_aq1lv"",""op"":""REACH"",""outcome"":""loss"",""price_e4"":4500}",HOLD_TO_SETTLEMENT,c5430eb845ac4cefb3c281ac543b383aad9652b9d0817d0605ab42bca6970657,1.0.0,2026-09-13T06:28:48Z,1.0.0,1.0.0,1.0.0,2026-09-13T06:28:48Z,READY,224,116,108,0.517857,0.482143,2700,2300,1.173913,289.285714,a1bee2f832bba4fbfbee499c6c89c2cf1a011d365a81efc1b5ef04b1ed6b0236,candle_path_not_fill,UNAVAILABLE,UNAVAILABLE,UNAVAILABLE,NOT_COMPUTABLE,UNAVAILABLE
path_bands,MONTE_CARLO,base_decomposition,bernoulli_week_4_p95,23562.983973,usd,bernoulli,superasi_bdebase_v1.0.0,grade_config_v1,2026-09-13T13:03:03Z,77f6004823dc43509371df35ae2da858,913 ITI-01,520b4e76a9cc28b0c6569db6ee1d2b69ec97dac331fccf5f85a35ae2b53f260a,06ebb9644a2a3cec47351c00887dac177c54978adde1aa4c271a07d233dd8b72,79c4ae48c45e15f21346022d19dde6aa9329703681a8cd3921524af45d8891c9,913 ITI-01,NBA,NBA,2025-2026,2025-03-18,2026-09-01,"{""date_from"":""2025-03-18"",""date_to"":""2026-09-01"",""game_data"":[""pbp""],""leagues"":[""NBA""],""market_data"":[""candles""],""markets"":[""kalshi""],""seasons"":[""2025-2026""],""sports"":[""NBA""]}",TRADABLE_YES_BID,1_MINUTE_CANDLE,available_at,FIRST_TOUCH,"{""id"":""entry_mtw2zh6b_f4q8g"",""op"":""FIRST_TOUCH"",""ordinal"":""FIRST_TOUCH"",""period"":""Q2"",""price_e4"":6800,""source_vocabulary"":""TOUCH""}",REACH,"{""id"":""exit_mty0bwbw_mvfqe"",""op"":""REACH"",""outcome"":""win"",""price_e4"":9500}",REACH,"{""id"":""exit_mtug1t99_aq1lv"",""op"":""REACH"",""outcome"":""loss"",""price_e4"":4500}",HOLD_TO_SETTLEMENT,c5430eb845ac4cefb3c281ac543b383aad9652b9d0817d0605ab42bca6970657,1.0.0,2026-09-13T06:28:48Z,1.0.0,1.0.0,1.0.0,2026-09-13T06:28:48Z,READY,224,116,108,0.517857,0.482143,2700,2300,1.173913,289.285714,a1bee2f832bba4fbfbee499c6c89c2cf1a011d365a81efc1b5ef04b1ed6b0236,candle_path_not_fill,UNAVAILABLE,UNAVAILABLE,UNAVAILABLE,NOT_COMPUTABLE,UNAVAILABLE
path_bands,MONTE_CARLO,base_decomposition,bernoulli_week_5_p5,15832.275000,usd,bernoulli,superasi_bdebase_v1.0.0,grade_config_v1,2026-09-13T13:03:03Z,77f6004823dc43509371df35ae2da858,913 ITI-01,520b4e76a9cc28b0c6569db6ee1d2b69ec97dac331fccf5f85a35ae2b53f260a,06ebb9644a2a3cec47351c00887dac177c54978adde1aa4c271a07d233dd8b72,79c4ae48c45e15f21346022d19dde6aa9329703681a8cd3921524af45d8891c9,913 ITI-01,NBA,NBA,2025-2026,2025-03-18,2026-09-01,"{""date_from"":""2025-03-18"",""date_to"":""2026-09-01"",""game_data"":[""pbp""],""leagues"":[""NBA""],""market_data"":[""candles""],""markets"":[""kalshi""],""seasons"":[""2025-2026""],""sports"":[""NBA""]}",TRADABLE_YES_BID,1_MINUTE_CANDLE,available_at,FIRST_TOUCH,"{""id"":""entry_mtw2zh6b_f4q8g"",""op"":""FIRST_TOUCH"",""ordinal"":""FIRST_TOUCH"",""period"":""Q2"",""price_e4"":6800,""source_vocabulary"":""TOUCH""}",REACH,"{""id"":""exit_mty0bwbw_mvfqe"",""op"":""REACH"",""outcome"":""win"",""price_e4"":9500}",REACH,"{""id"":""exit_mtug1t99_aq1lv"",""op"":""REACH"",""outcome"":""loss"",""price_e4"":4500}",HOLD_TO_SETTLEMENT,c5430eb845ac4cefb3c281ac543b383aad9652b9d0817d0605ab42bca6970657,1.0.0,2026-09-13T06:28:48Z,1.0.0,1.0.0,1.0.0,2026-09-13T06:28:48Z,READY,224,116,108,0.517857,0.482143,2700,2300,1.173913,289.285714,a1bee2f832bba4fbfbee499c6c89c2cf1a011d365a81efc1b5ef04b1ed6b0236,candle_path_not_fill,UNAVAILABLE,UNAVAILABLE,UNAVAILABLE,NOT_COMPUTABLE,UNAVAILABLE
path_bands,MONTE_CARLO,base_decomposition,bernoulli_week_5_p25,17815.364505,usd,bernoulli,superasi_bdebase_v1.0.0,grade_config_v1,2026-09-13T13:03:03Z,77f6004823dc43509371df35ae2da858,913 ITI-01,520b4e76a9cc28b0c6569db6ee1d2b69ec97dac331fccf5f85a35ae2b53f260a,06ebb9644a2a3cec47351c00887dac177c54978adde1aa4c271a07d233dd8b72,79c4ae48c45e15f21346022d19dde6aa9329703681a8cd3921524af45d8891c9,913 ITI-01,NBA,NBA,2025-2026,2025-03-18,2026-09-01,"{""date_from"":""2025-03-18"",""date_to"":""2026-09-01"",""game_data"":[""pbp""],""leagues"":[""NBA""],""market_data"":[""candles""],""markets"":[""kalshi""],""seasons"":[""2025-2026""],""sports"":[""NBA""]}",TRADABLE_YES_BID,1_MINUTE_CANDLE,available_at,FIRST_TOUCH,"{""id"":""entry_mtw2zh6b_f4q8g"",""op"":""FIRST_TOUCH"",""ordinal"":""FIRST_TOUCH"",""period"":""Q2"",""price_e4"":6800,""source_vocabulary"":""TOUCH""}",REACH,"{""id"":""exit_mty0bwbw_mvfqe"",""op"":""REACH"",""outcome"":""win"",""price_e4"":9500}",REACH,"{""id"":""exit_mtug1t99_aq1lv"",""op"":""REACH"",""outcome"":""loss"",""price_e4"":4500}",HOLD_TO_SETTLEMENT,c5430eb845ac4cefb3c281ac543b383aad9652b9d0817d0605ab42bca6970657,1.0.0,2026-09-13T06:28:48Z,1.0.0,1.0.0,1.0.0,2026-09-13T06:28:48Z,READY,224,116,108,0.517857,0.482143,2700,2300,1.173913,289.285714,a1bee2f832bba4fbfbee499c6c89c2cf1a011d365a81efc1b5ef04b1ed6b0236,candle_path_not_fill,UNAVAILABLE,UNAVAILABLE,UNAVAILABLE,NOT_COMPUTABLE,UNAVAILABLE
path_bands,MONTE_CARLO,base_decomposition,bernoulli_week_5_p50,19727.734501,usd,bernoulli,superasi_bdebase_v1.0.0,grade_config_v1,2026-09-13T13:03:03Z,77f6004823dc43509371df35ae2da858,913 ITI-01,520b4e76a9cc28b0c6569db6ee1d2b69ec97dac331fccf5f85a35ae2b53f260a,06ebb9644a2a3cec47351c00887dac177c54978adde1aa4c271a07d233dd8b72,79c4ae48c45e15f21346022d19dde6aa9329703681a8cd3921524af45d8891c9,913 ITI-01,NBA,NBA,2025-2026,2025-03-18,2026-09-01,"{""date_from"":""2025-03-18"",""date_to"":""2026-09-01"",""game_data"":[""pbp""],""leagues"":[""NBA""],""market_data"":[""candles""],""markets"":[""kalshi""],""seasons"":[""2025-2026""],""sports"":[""NBA""]}",TRADABLE_YES_BID,1_MINUTE_CANDLE,available_at,FIRST_TOUCH,"{""id"":""entry_mtw2zh6b_f4q8g"",""op"":""FIRST_TOUCH"",""ordinal"":""FIRST_TOUCH"",""period"":""Q2"",""price_e4"":6800,""source_vocabulary"":""TOUCH""}",REACH,"{""id"":""exit_mty0bwbw_mvfqe"",""op"":""REACH"",""outcome"":""win"",""price_e4"":9500}",REACH,"{""id"":""exit_mtug1t99_aq1lv"",""op"":""REACH"",""outcome"":""loss"",""price_e4"":4500}",HOLD_TO_SETTLEMENT,c5430eb845ac4cefb3c281ac543b383aad9652b9d0817d0605ab42bca6970657,1.0.0,2026-09-13T06:28:48Z,1.0.0,1.0.0,1.0.0,2026-09-13T06:28:48Z,READY,224,116,108,0.517857,0.482143,2700,2300,1.173913,289.285714,a1bee2f832bba4fbfbee499c6c89c2cf1a011d365a81efc1b5ef04b1ed6b0236,candle_path_not_fill,UNAVAILABLE,UNAVAILABLE,UNAVAILABLE,NOT_COMPUTABLE,UNAVAILABLE
path_bands,MONTE_CARLO,base_decomposition,bernoulli_week_5_p75,21399.576408,usd,bernoulli,superasi_bdebase_v1.0.0,grade_config_v1,2026-09-13T13:03:03Z,77f6004823dc43509371df35ae2da858,913 ITI-01,520b4e76a9cc28b0c6569db6ee1d2b69ec97dac331fccf5f85a35ae2b53f260a,06ebb9644a2a3cec47351c00887dac177c54978adde1aa4c271a07d233dd8b72,79c4ae48c45e15f21346022d19dde6aa9329703681a8cd3921524af45d8891c9,913 ITI-01,NBA,NBA,2025-2026,2025-03-18,2026-09-01,"{""date_from"":""2025-03-18"",""date_to"":""2026-09-01"",""game_data"":[""pbp""],""leagues"":[""NBA""],""market_data"":[""candles""],""markets"":[""kalshi""],""seasons"":[""2025-2026""],""sports"":[""NBA""]}",TRADABLE_YES_BID,1_MINUTE_CANDLE,available_at,FIRST_TOUCH,"{""id"":""entry_mtw2zh6b_f4q8g"",""op"":""FIRST_TOUCH"",""ordinal"":""FIRST_TOUCH"",""period"":""Q2"",""price_e4"":6800,""source_vocabulary"":""TOUCH""}",REACH,"{""id"":""exit_mty0bwbw_mvfqe"",""op"":""REACH"",""outcome"":""win"",""price_e4"":9500}",REACH,"{""id"":""exit_mtug1t99_aq1lv"",""op"":""REACH"",""outcome"":""loss"",""price_e4"":4500}",HOLD_TO_SETTLEMENT,c5430eb845ac4cefb3c281ac543b383aad9652b9d0817d0605ab42bca6970657,1.0.0,2026-09-13T06:28:48Z,1.0.0,1.0.0,1.0.0,2026-09-13T06:28:48Z,READY,224,116,108,0.517857,0.482143,2700,2300,1.173913,289.285714,a1bee2f832bba4fbfbee499c6c89c2cf1a011d365a81efc1b5ef04b1ed6b0236,candle_path_not_fill,UNAVAILABLE,UNAVAILABLE,UNAVAILABLE,NOT_COMPUTABLE,UNAVAILABLE
path_bands,MONTE_CARLO,base_decomposition,bernoulli_week_5_p95,23938.764868,usd,bernoulli,superasi_bdebase_v1.0.0,grade_config_v1,2026-09-13T13:03:03Z,77f6004823dc43509371df35ae2da858,913 ITI-01,520b4e76a9cc28b0c6569db6ee1d2b69ec97dac331fccf5f85a35ae2b53f260a,06ebb9644a2a3cec47351c00887dac177c54978adde1aa4c271a07d233dd8b72,79c4ae48c45e15f21346022d19dde6aa9329703681a8cd3921524af45d8891c9,913 ITI-01,NBA,NBA,2025-2026,2025-03-18,2026-09-01,"{""date_from"":""2025-03-18"",""date_to"":""2026-09-01"",""game_data"":[""pbp""],""leagues"":[""NBA""],""market_data"":[""candles""],""markets"":[""kalshi""],""seasons"":[""2025-2026""],""sports"":[""NBA""]}",TRADABLE_YES_BID,1_MINUTE_CANDLE,available_at,FIRST_TOUCH,"{""id"":""entry_mtw2zh6b_f4q8g"",""op"":""FIRST_TOUCH"",""ordinal"":""FIRST_TOUCH"",""period"":""Q2"",""price_e4"":6800,""source_vocabulary"":""TOUCH""}",REACH,"{""id"":""exit_mty0bwbw_mvfqe"",""op"":""REACH"",""outcome"":""win"",""price_e4"":9500}",REACH,"{""id"":""exit_mtug1t99_aq1lv"",""op"":""REACH"",""outcome"":""loss"",""price_e4"":4500}",HOLD_TO_SETTLEMENT,c5430eb845ac4cefb3c281ac543b383aad9652b9d0817d0605ab42bca6970657,1.0.0,2026-09-13T06:28:48Z,1.0.0,1.0.0,1.0.0,2026-09-13T06:28:48Z,READY,224,116,108,0.517857,0.482143,2700,2300,1.173913,289.285714,a1bee2f832bba4fbfbee499c6c89c2cf1a011d365a81efc1b5ef04b1ed6b0236,candle_path_not_fill,UNAVAILABLE,UNAVAILABLE,UNAVAILABLE,NOT_COMPUTABLE,UNAVAILABLE
path_bands,MONTE_CARLO,base_decomposition,bernoulli_week_6_p5,15454.149846,usd,bernoulli,superasi_bdebase_v1.0.0,grade_config_v1,2026-09-13T13:03:03Z,77f6004823dc43509371df35ae2da858,913 ITI-01,520b4e76a9cc28b0c6569db6ee1d2b69ec97dac331fccf5f85a35ae2b53f260a,06ebb9644a2a3cec47351c00887dac177c54978adde1aa4c271a07d233dd8b72,79c4ae48c45e15f21346022d19dde6aa9329703681a8cd3921524af45d8891c9,913 ITI-01,NBA,NBA,2025-2026,2025-03-18,2026-09-01,"{""date_from"":""2025-03-18"",""date_to"":""2026-09-01"",""game_data"":[""pbp""],""leagues"":[""NBA""],""market_data"":[""candles""],""markets"":[""kalshi""],""seasons"":[""2025-2026""],""sports"":[""NBA""]}",TRADABLE_YES_BID,1_MINUTE_CANDLE,available_at,FIRST_TOUCH,"{""id"":""entry_mtw2zh6b_f4q8g"",""op"":""FIRST_TOUCH"",""ordinal"":""FIRST_TOUCH"",""period"":""Q2"",""price_e4"":6800,""source_vocabulary"":""TOUCH""}",REACH,"{""id"":""exit_mty0bwbw_mvfqe"",""op"":""REACH"",""outcome"":""win"",""price_e4"":9500}",REACH,"{""id"":""exit_mtug1t99_aq1lv"",""op"":""REACH"",""outcome"":""loss"",""price_e4"":4500}",HOLD_TO_SETTLEMENT,c5430eb845ac4cefb3c281ac543b383aad9652b9d0817d0605ab42bca6970657,1.0.0,2026-09-13T06:28:48Z,1.0.0,1.0.0,1.0.0,2026-09-13T06:28:48Z,READY,224,116,108,0.517857,0.482143,2700,2300,1.173913,289.285714,a1bee2f832bba4fbfbee499c6c89c2cf1a011d365a81efc1b5ef04b1ed6b0236,candle_path_not_fill,UNAVAILABLE,UNAVAILABLE,UNAVAILABLE,NOT_COMPUTABLE,UNAVAILABLE
path_bands,MONTE_CARLO,base_decomposition,bernoulli_week_6_p25,17754.743987,usd,bernoulli,superasi_bdebase_v1.0.0,grade_config_v1,2026-09-13T13:03:03Z,77f6004823dc43509371df35ae2da858,913 ITI-01,520b4e76a9cc28b0c6569db6ee1d2b69ec97dac331fccf5f85a35ae2b53f260a,06ebb9644a2a3cec47351c00887dac177c54978adde1aa4c271a07d233dd8b72,79c4ae48c45e15f21346022d19dde6aa9329703681a8cd3921524af45d8891c9,913 ITI-01,NBA,NBA,2025-2026,2025-03-18,2026-09-01,"{""date_from"":""2025-03-18"",""date_to"":""2026-09-01"",""game_data"":[""pbp""],""leagues"":[""NBA""],""market_data"":[""candles""],""markets"":[""kalshi""],""seasons"":[""2025-2026""],""sports"":[""NBA""]}",TRADABLE_YES_BID,1_MINUTE_CANDLE,available_at,FIRST_TOUCH,"{""id"":""entry_mtw2zh6b_f4q8g"",""op"":""FIRST_TOUCH"",""ordinal"":""FIRST_TOUCH"",""period"":""Q2"",""price_e4"":6800,""source_vocabulary"":""TOUCH""}",REACH,"{""id"":""exit_mty0bwbw_mvfqe"",""op"":""REACH"",""outcome"":""win"",""price_e4"":9500}",REACH,"{""id"":""exit_mtug1t99_aq1lv"",""op"":""REACH"",""outcome"":""loss"",""price_e4"":4500}",HOLD_TO_SETTLEMENT,c5430eb845ac4cefb3c281ac543b383aad9652b9d0817d0605ab42bca6970657,1.0.0,2026-09-13T06:28:48Z,1.0.0,1.0.0,1.0.0,2026-09-13T06:28:48Z,READY,224,116,108,0.517857,0.482143,2700,2300,1.173913,289.285714,a1bee2f832bba4fbfbee499c6c89c2cf1a011d365a81efc1b5ef04b1ed6b0236,candle_path_not_fill,UNAVAILABLE,UNAVAILABLE,UNAVAILABLE,NOT_COMPUTABLE,UNAVAILABLE
path_bands,MONTE_CARLO,base_decomposition,bernoulli_week_6_p50,19436.554796,usd,bernoulli,superasi_bdebase_v1.0.0,grade_config_v1,2026-09-13T13:03:03Z,77f6004823dc43509371df35ae2da858,913 ITI-01,520b4e76a9cc28b0c6569db6ee1d2b69ec97dac331fccf5f85a35ae2b53f260a,06ebb9644a2a3cec47351c00887dac177c54978adde1aa4c271a07d233dd8b72,79c4ae48c45e15f21346022d19dde6aa9329703681a8cd3921524af45d8891c9,913 ITI-01,NBA,NBA,2025-2026,2025-03-18,2026-09-01,"{""date_from"":""2025-03-18"",""date_to"":""2026-09-01"",""game_data"":[""pbp""],""leagues"":[""NBA""],""market_data"":[""candles""],""markets"":[""kalshi""],""seasons"":[""2025-2026""],""sports"":[""NBA""]}",TRADABLE_YES_BID,1_MINUTE_CANDLE,available_at,FIRST_TOUCH,"{""id"":""entry_mtw2zh6b_f4q8g"",""op"":""FIRST_TOUCH"",""ordinal"":""FIRST_TOUCH"",""period"":""Q2"",""price_e4"":6800,""source_vocabulary"":""TOUCH""}",REACH,"{""id"":""exit_mty0bwbw_mvfqe"",""op"":""REACH"",""outcome"":""win"",""price_e4"":9500}",REACH,"{""id"":""exit_mtug1t99_aq1lv"",""op"":""REACH"",""outcome"":""loss"",""price_e4"":4500}",HOLD_TO_SETTLEMENT,c5430eb845ac4cefb3c281ac543b383aad9652b9d0817d0605ab42bca6970657,1.0.0,2026-09-13T06:28:48Z,1.0.0,1.0.0,1.0.0,2026-09-13T06:28:48Z,READY,224,116,108,0.517857,0.482143,2700,2300,1.173913,289.285714,a1bee2f832bba4fbfbee499c6c89c2cf1a011d365a81efc1b5ef04b1ed6b0236,candle_path_not_fill,UNAVAILABLE,UNAVAILABLE,UNAVAILABLE,NOT_COMPUTABLE,UNAVAILABLE
path_bands,MONTE_CARLO,base_decomposition,bernoulli_week_6_p75,21595.644745,usd,bernoulli,superasi_bdebase_v1.0.0,grade_config_v1,2026-09-13T13:03:03Z,77f6004823dc43509371df35ae2da858,913 ITI-01,520b4e76a9cc28b0c6569db6ee1d2b69ec97dac331fccf5f85a35ae2b53f260a,06ebb9644a2a3cec47351c00887dac177c54978adde1aa4c271a07d233dd8b72,79c4ae48c45e15f21346022d19dde6aa9329703681a8cd3921524af45d8891c9,913 ITI-01,NBA,NBA,2025-2026,2025-03-18,2026-09-01,"{""date_from"":""2025-03-18"",""date_to"":""2026-09-01"",""game_data"":[""pbp""],""leagues"":[""NBA""],""market_data"":[""candles""],""markets"":[""kalshi""],""seasons"":[""2025-2026""],""sports"":[""NBA""]}",TRADABLE_YES_BID,1_MINUTE_CANDLE,available_at,FIRST_TOUCH,"{""id"":""entry_mtw2zh6b_f4q8g"",""op"":""FIRST_TOUCH"",""ordinal"":""FIRST_TOUCH"",""period"":""Q2"",""price_e4"":6800,""source_vocabulary"":""TOUCH""}",REACH,"{""id"":""exit_mty0bwbw_mvfqe"",""op"":""REACH"",""outcome"":""win"",""price_e4"":9500}",REACH,"{""id"":""exit_mtug1t99_aq1lv"",""op"":""REACH"",""outcome"":""loss"",""price_e4"":4500}",HOLD_TO_SETTLEMENT,c5430eb845ac4cefb3c281ac543b383aad9652b9d0817d0605ab42bca6970657,1.0.0,2026-09-13T06:28:48Z,1.0.0,1.0.0,1.0.0,2026-09-13T06:28:48Z,READY,224,116,108,0.517857,0.482143,2700,2300,1.173913,289.285714,a1bee2f832bba4fbfbee499c6c89c2cf1a011d365a81efc1b5ef04b1ed6b0236,candle_path_not_fill,UNAVAILABLE,UNAVAILABLE,UNAVAILABLE,NOT_COMPUTABLE,UNAVAILABLE
path_bands,MONTE_CARLO,base_decomposition,bernoulli_week_6_p95,24642.136497,usd,bernoulli,superasi_bdebase_v1.0.0,grade_config_v1,2026-09-13T13:03:03Z,77f6004823dc43509371df35ae2da858,913 ITI-01,520b4e76a9cc28b0c6569db6ee1d2b69ec97dac331fccf5f85a35ae2b53f260a,06ebb9644a2a3cec47351c00887dac177c54978adde1aa4c271a07d233dd8b72,79c4ae48c45e15f21346022d19dde6aa9329703681a8cd3921524af45d8891c9,913 ITI-01,NBA,NBA,2025-2026,2025-03-18,2026-09-01,"{""date_from"":""2025-03-18"",""date_to"":""2026-09-01"",""game_data"":[""pbp""],""leagues"":[""NBA""],""market_data"":[""candles""],""markets"":[""kalshi""],""seasons"":[""2025-2026""],""sports"":[""NBA""]}",TRADABLE_YES_BID,1_MINUTE_CANDLE,available_at,FIRST_TOUCH,"{""id"":""entry_mtw2zh6b_f4q8g"",""op"":""FIRST_TOUCH"",""ordinal"":""FIRST_TOUCH"",""period"":""Q2"",""price_e4"":6800,""source_vocabulary"":""TOUCH""}",REACH,"{""id"":""exit_mty0bwbw_mvfqe"",""op"":""REACH"",""outcome"":""win"",""price_e4"":9500}",REACH,"{""id"":""exit_mtug1t99_aq1lv"",""op"":""REACH"",""outcome"":""loss"",""price_e4"":4500}",HOLD_TO_SETTLEMENT,c5430eb845ac4cefb3c281ac543b383aad9652b9d0817d0605ab42bca6970657,1.0.0,2026-09-13T06:28:48Z,1.0.0,1.0.0,1.0.0,2026-09-13T06:28:48Z,READY,224,116,108,0.517857,0.482143,2700,2300,1.173913,289.285714,a1bee2f832bba4fbfbee499c6c89c2cf1a011d365a81efc1b5ef04b1ed6b0236,candle_path_not_fill,UNAVAILABLE,UNAVAILABLE,UNAVAILABLE,NOT_COMPUTABLE,UNAVAILABLE
path_bands,MONTE_CARLO,base_decomposition,bernoulli_week_7_p5,15081.786778,usd,bernoulli,superasi_bdebase_v1.0.0,grade_config_v1,2026-09-13T13:03:03Z,77f6004823dc43509371df35ae2da858,913 ITI-01,520b4e76a9cc28b0c6569db6ee1d2b69ec97dac331fccf5f85a35ae2b53f260a,06ebb9644a2a3cec47351c00887dac177c54978adde1aa4c271a07d233dd8b72,79c4ae48c45e15f21346022d19dde6aa9329703681a8cd3921524af45d8891c9,913 ITI-01,NBA,NBA,2025-2026,2025-03-18,2026-09-01,"{""date_from"":""2025-03-18"",""date_to"":""2026-09-01"",""game_data"":[""pbp""],""leagues"":[""NBA""],""market_data"":[""candles""],""markets"":[""kalshi""],""seasons"":[""2025-2026""],""sports"":[""NBA""]}",TRADABLE_YES_BID,1_MINUTE_CANDLE,available_at,FIRST_TOUCH,"{""id"":""entry_mtw2zh6b_f4q8g"",""op"":""FIRST_TOUCH"",""ordinal"":""FIRST_TOUCH"",""period"":""Q2"",""price_e4"":6800,""source_vocabulary"":""TOUCH""}",REACH,"{""id"":""exit_mty0bwbw_mvfqe"",""op"":""REACH"",""outcome"":""win"",""price_e4"":9500}",REACH,"{""id"":""exit_mtug1t99_aq1lv"",""op"":""REACH"",""outcome"":""loss"",""price_e4"":4500}",HOLD_TO_SETTLEMENT,c5430eb845ac4cefb3c281ac543b383aad9652b9d0817d0605ab42bca6970657,1.0.0,2026-09-13T06:28:48Z,1.0.0,1.0.0,1.0.0,2026-09-13T06:28:48Z,READY,224,116,108,0.517857,0.482143,2700,2300,1.173913,289.285714,a1bee2f832bba4fbfbee499c6c89c2cf1a011d365a81efc1b5ef04b1ed6b0236,candle_path_not_fill,UNAVAILABLE,UNAVAILABLE,UNAVAILABLE,NOT_COMPUTABLE,UNAVAILABLE
path_bands,MONTE_CARLO,base_decomposition,bernoulli_week_7_p25,17551.825933,usd,bernoulli,superasi_bdebase_v1.0.0,grade_config_v1,2026-09-13T13:03:03Z,77f6004823dc43509371df35ae2da858,913 ITI-01,520b4e76a9cc28b0c6569db6ee1d2b69ec97dac331fccf5f85a35ae2b53f260a,06ebb9644a2a3cec47351c00887dac177c54978adde1aa4c271a07d233dd8b72,79c4ae48c45e15f21346022d19dde6aa9329703681a8cd3921524af45d8891c9,913 ITI-01,NBA,NBA,2025-2026,2025-03-18,2026-09-01,"{""date_from"":""2025-03-18"",""date_to"":""2026-09-01"",""game_data"":[""pbp""],""leagues"":[""NBA""],""market_data"":[""candles""],""markets"":[""kalshi""],""seasons"":[""2025-2026""],""sports"":[""NBA""]}",TRADABLE_YES_BID,1_MINUTE_CANDLE,available_at,FIRST_TOUCH,"{""id"":""entry_mtw2zh6b_f4q8g"",""op"":""FIRST_TOUCH"",""ordinal"":""FIRST_TOUCH"",""period"":""Q2"",""price_e4"":6800,""source_vocabulary"":""TOUCH""}",REACH,"{""id"":""exit_mty0bwbw_mvfqe"",""op"":""REACH"",""outcome"":""win"",""price_e4"":9500}",REACH,"{""id"":""exit_mtug1t99_aq1lv"",""op"":""REACH"",""outcome"":""loss"",""price_e4"":4500}",HOLD_TO_SETTLEMENT,c5430eb845ac4cefb3c281ac543b383aad9652b9d0817d0605ab42bca6970657,1.0.0,2026-09-13T06:28:48Z,1.0.0,1.0.0,1.0.0,2026-09-13T06:28:48Z,READY,224,116,108,0.517857,0.482143,2700,2300,1.173913,289.285714,a1bee2f832bba4fbfbee499c6c89c2cf1a011d365a81efc1b5ef04b1ed6b0236,candle_path_not_fill,UNAVAILABLE,UNAVAILABLE,UNAVAILABLE,NOT_COMPUTABLE,UNAVAILABLE
path_bands,MONTE_CARLO,base_decomposition,bernoulli_week_7_p50,19537.288580,usd,bernoulli,superasi_bdebase_v1.0.0,grade_config_v1,2026-09-13T13:03:03Z,77f6004823dc43509371df35ae2da858,913 ITI-01,520b4e76a9cc28b0c6569db6ee1d2b69ec97dac331fccf5f85a35ae2b53f260a,06ebb9644a2a3cec47351c00887dac177c54978adde1aa4c271a07d233dd8b72,79c4ae48c45e15f21346022d19dde6aa9329703681a8cd3921524af45d8891c9,913 ITI-01,NBA,NBA,2025-2026,2025-03-18,2026-09-01,"{""date_from"":""2025-03-18"",""date_to"":""2026-09-01"",""game_data"":[""pbp""],""leagues"":[""NBA""],""market_data"":[""candles""],""markets"":[""kalshi""],""seasons"":[""2025-2026""],""sports"":[""NBA""]}",TRADABLE_YES_BID,1_MINUTE_CANDLE,available_at,FIRST_TOUCH,"{""id"":""entry_mtw2zh6b_f4q8g"",""op"":""FIRST_TOUCH"",""ordinal"":""FIRST_TOUCH"",""period"":""Q2"",""price_e4"":6800,""source_vocabulary"":""TOUCH""}",REACH,"{""id"":""exit_mty0bwbw_mvfqe"",""op"":""REACH"",""outcome"":""win"",""price_e4"":9500}",REACH,"{""id"":""exit_mtug1t99_aq1lv"",""op"":""REACH"",""outcome"":""loss"",""price_e4"":4500}",HOLD_TO_SETTLEMENT,c5430eb845ac4cefb3c281ac543b383aad9652b9d0817d0605ab42bca6970657,1.0.0,2026-09-13T06:28:48Z,1.0.0,1.0.0,1.0.0,2026-09-13T06:28:48Z,READY,224,116,108,0.517857,0.482143,2700,2300,1.173913,289.285714,a1bee2f832bba4fbfbee499c6c89c2cf1a011d365a81efc1b5ef04b1ed6b0236,candle_path_not_fill,UNAVAILABLE,UNAVAILABLE,UNAVAILABLE,NOT_COMPUTABLE,UNAVAILABLE
path_bands,MONTE_CARLO,base_decomposition,bernoulli_week_7_p75,21321.281401,usd,bernoulli,superasi_bdebase_v1.0.0,grade_config_v1,2026-09-13T13:03:03Z,77f6004823dc43509371df35ae2da858,913 ITI-01,520b4e76a9cc28b0c6569db6ee1d2b69ec97dac331fccf5f85a35ae2b53f260a,06ebb9644a2a3cec47351c00887dac177c54978adde1aa4c271a07d233dd8b72,79c4ae48c45e15f21346022d19dde6aa9329703681a8cd3921524af45d8891c9,913 ITI-01,NBA,NBA,2025-2026,2025-03-18,2026-09-01,"{""date_from"":""2025-03-18"",""date_to"":""2026-09-01"",""game_data"":[""pbp""],""leagues"":[""NBA""],""market_data"":[""candles""],""markets"":[""kalshi""],""seasons"":[""2025-2026""],""sports"":[""NBA""]}",TRADABLE_YES_BID,1_MINUTE_CANDLE,available_at,FIRST_TOUCH,"{""id"":""entry_mtw2zh6b_f4q8g"",""op"":""FIRST_TOUCH"",""ordinal"":""FIRST_TOUCH"",""period"":""Q2"",""price_e4"":6800,""source_vocabulary"":""TOUCH""}",REACH,"{""id"":""exit_mty0bwbw_mvfqe"",""op"":""REACH"",""outcome"":""win"",""price_e4"":9500}",REACH,"{""id"":""exit_mtug1t99_aq1lv"",""op"":""REACH"",""outcome"":""loss"",""price_e4"":4500}",HOLD_TO_SETTLEMENT,c5430eb845ac4cefb3c281ac543b383aad9652b9d0817d0605ab42bca6970657,1.0.0,2026-09-13T06:28:48Z,1.0.0,1.0.0,1.0.0,2026-09-13T06:28:48Z,READY,224,116,108,0.517857,0.482143,2700,2300,1.173913,289.285714,a1bee2f832bba4fbfbee499c6c89c2cf1a011d365a81efc1b5ef04b1ed6b0236,candle_path_not_fill,UNAVAILABLE,UNAVAILABLE,UNAVAILABLE,NOT_COMPUTABLE,UNAVAILABLE
path_bands,MONTE_CARLO,base_decomposition,bernoulli_week_7_p95,25040.185637,usd,bernoulli,superasi_bdebase_v1.0.0,grade_config_v1,2026-09-13T13:03:03Z,77f6004823dc43509371df35ae2da858,913 ITI-01,520b4e76a9cc28b0c6569db6ee1d2b69ec97dac331fccf5f85a35ae2b53f260a,06ebb9644a2a3cec47351c00887dac177c54978adde1aa4c271a07d233dd8b72,79c4ae48c45e15f21346022d19dde6aa9329703681a8cd3921524af45d8891c9,913 ITI-01,NBA,NBA,2025-2026,2025-03-18,2026-09-01,"{""date_from"":""2025-03-18"",""date_to"":""2026-09-01"",""game_data"":[""pbp""],""leagues"":[""NBA""],""market_data"":[""candles""],""markets"":[""kalshi""],""seasons"":[""2025-2026""],""sports"":[""NBA""]}",TRADABLE_YES_BID,1_MINUTE_CANDLE,available_at,FIRST_TOUCH,"{""id"":""entry_mtw2zh6b_f4q8g"",""op"":""FIRST_TOUCH"",""ordinal"":""FIRST_TOUCH"",""period"":""Q2"",""price_e4"":6800,""source_vocabulary"":""TOUCH""}",REACH,"{""id"":""exit_mty0bwbw_mvfqe"",""op"":""REACH"",""outcome"":""win"",""price_e4"":9500}",REACH,"{""id"":""exit_mtug1t99_aq1lv"",""op"":""REACH"",""outcome"":""loss"",""price_e4"":4500}",HOLD_TO_SETTLEMENT,c5430eb845ac4cefb3c281ac543b383aad9652b9d0817d0605ab42bca6970657,1.0.0,2026-09-13T06:28:48Z,1.0.0,1.0.0,1.0.0,2026-09-13T06:28:48Z,READY,224,116,108,0.517857,0.482143,2700,2300,1.173913,289.285714,a1bee2f832bba4fbfbee499c6c89c2cf1a011d365a81efc1b5ef04b1ed6b0236,candle_path_not_fill,UNAVAILABLE,UNAVAILABLE,UNAVAILABLE,NOT_COMPUTABLE,UNAVAILABLE
path_bands,MONTE_CARLO,base_decomposition,bernoulli_week_8_p5,14749.100305,usd,bernoulli,superasi_bdebase_v1.0.0,grade_config_v1,2026-09-13T13:03:03Z,77f6004823dc43509371df35ae2da858,913 ITI-01,520b4e76a9cc28b0c6569db6ee1d2b69ec97dac331fccf5f85a35ae2b53f260a,06ebb9644a2a3cec47351c00887dac177c54978adde1aa4c271a07d233dd8b72,79c4ae48c45e15f21346022d19dde6aa9329703681a8cd3921524af45d8891c9,913 ITI-01,NBA,NBA,2025-2026,2025-03-18,2026-09-01,"{""date_from"":""2025-03-18"",""date_to"":""2026-09-01"",""game_data"":[""pbp""],""leagues"":[""NBA""],""market_data"":[""candles""],""markets"":[""kalshi""],""seasons"":[""2025-2026""],""sports"":[""NBA""]}",TRADABLE_YES_BID,1_MINUTE_CANDLE,available_at,FIRST_TOUCH,"{""id"":""entry_mtw2zh6b_f4q8g"",""op"":""FIRST_TOUCH"",""ordinal"":""FIRST_TOUCH"",""period"":""Q2"",""price_e4"":6800,""source_vocabulary"":""TOUCH""}",REACH,"{""id"":""exit_mty0bwbw_mvfqe"",""op"":""REACH"",""outcome"":""win"",""price_e4"":9500}",REACH,"{""id"":""exit_mtug1t99_aq1lv"",""op"":""REACH"",""outcome"":""loss"",""price_e4"":4500}",HOLD_TO_SETTLEMENT,c5430eb845ac4cefb3c281ac543b383aad9652b9d0817d0605ab42bca6970657,1.0.0,2026-09-13T06:28:48Z,1.0.0,1.0.0,1.0.0,2026-09-13T06:28:48Z,READY,224,116,108,0.517857,0.482143,2700,2300,1.173913,289.285714,a1bee2f832bba4fbfbee499c6c89c2cf1a011d365a81efc1b5ef04b1ed6b0236,candle_path_not_fill,UNAVAILABLE,UNAVAILABLE,UNAVAILABLE,NOT_COMPUTABLE,UNAVAILABLE
path_bands,MONTE_CARLO,base_decomposition,bernoulli_week_8_p25,17213.481498,usd,bernoulli,superasi_bdebase_v1.0.0,grade_config_v1,2026-09-13T13:03:03Z,77f6004823dc43509371df35ae2da858,913 ITI-01,520b4e76a9cc28b0c6569db6ee1d2b69ec97dac331fccf5f85a35ae2b53f260a,06ebb9644a2a3cec47351c00887dac177c54978adde1aa4c271a07d233dd8b72,79c4ae48c45e15f21346022d19dde6aa9329703681a8cd3921524af45d8891c9,913 ITI-01,NBA,NBA,2025-2026,2025-03-18,2026-09-01,"{""date_from"":""2025-03-18"",""date_to"":""2026-09-01"",""game_data"":[""pbp""],""leagues"":[""NBA""],""market_data"":[""candles""],""markets"":[""kalshi""],""seasons"":[""2025-2026""],""sports"":[""NBA""]}",TRADABLE_YES_BID,1_MINUTE_CANDLE,available_at,FIRST_TOUCH,"{""id"":""entry_mtw2zh6b_f4q8g"",""op"":""FIRST_TOUCH"",""ordinal"":""FIRST_TOUCH"",""period"":""Q2"",""price_e4"":6800,""source_vocabulary"":""TOUCH""}",REACH,"{""id"":""exit_mty0bwbw_mvfqe"",""op"":""REACH"",""outcome"":""win"",""price_e4"":9500}",REACH,"{""id"":""exit_mtug1t99_aq1lv"",""op"":""REACH"",""outcome"":""loss"",""price_e4"":4500}",HOLD_TO_SETTLEMENT,c5430eb845ac4cefb3c281ac543b383aad9652b9d0817d0605ab42bca6970657,1.0.0,2026-09-13T06:28:48Z,1.0.0,1.0.0,1.0.0,2026-09-13T06:28:48Z,READY,224,116,108,0.517857,0.482143,2700,2300,1.173913,289.285714,a1bee2f832bba4fbfbee499c6c89c2cf1a011d365a81efc1b5ef04b1ed6b0236,candle_path_not_fill,UNAVAILABLE,UNAVAILABLE,UNAVAILABLE,NOT_COMPUTABLE,UNAVAILABLE
path_bands,MONTE_CARLO,base_decomposition,bernoulli_week_8_p50,19257.903705,usd,bernoulli,superasi_bdebase_v1.0.0,grade_config_v1,2026-09-13T13:03:03Z,77f6004823dc43509371df35ae2da858,913 ITI-01,520b4e76a9cc28b0c6569db6ee1d2b69ec97dac331fccf5f85a35ae2b53f260a,06ebb9644a2a3cec47351c00887dac177c54978adde1aa4c271a07d233dd8b72,79c4ae48c45e15f21346022d19dde6aa9329703681a8cd3921524af45d8891c9,913 ITI-01,NBA,NBA,2025-2026,2025-03-18,2026-09-01,"{""date_from"":""2025-03-18"",""date_to"":""2026-09-01"",""game_data"":[""pbp""],""leagues"":[""NBA""],""market_data"":[""candles""],""markets"":[""kalshi""],""seasons"":[""2025-2026""],""sports"":[""NBA""]}",TRADABLE_YES_BID,1_MINUTE_CANDLE,available_at,FIRST_TOUCH,"{""id"":""entry_mtw2zh6b_f4q8g"",""op"":""FIRST_TOUCH"",""ordinal"":""FIRST_TOUCH"",""period"":""Q2"",""price_e4"":6800,""source_vocabulary"":""TOUCH""}",REACH,"{""id"":""exit_mty0bwbw_mvfqe"",""op"":""REACH"",""outcome"":""win"",""price_e4"":9500}",REACH,"{""id"":""exit_mtug1t99_aq1lv"",""op"":""REACH"",""outcome"":""loss"",""price_e4"":4500}",HOLD_TO_SETTLEMENT,c5430eb845ac4cefb3c281ac543b383aad9652b9d0817d0605ab42bca6970657,1.0.0,2026-09-13T06:28:48Z,1.0.0,1.0.0,1.0.0,2026-09-13T06:28:48Z,READY,224,116,108,0.517857,0.482143,2700,2300,1.173913,289.285714,a1bee2f832bba4fbfbee499c6c89c2cf1a011d365a81efc1b5ef04b1ed6b0236,candle_path_not_fill,UNAVAILABLE,UNAVAILABLE,UNAVAILABLE,NOT_COMPUTABLE,UNAVAILABLE
path_bands,MONTE_CARLO,base_decomposition,bernoulli_week_8_p75,21517.114931,usd,bernoulli,superasi_bdebase_v1.0.0,grade_config_v1,2026-09-13T13:03:03Z,77f6004823dc43509371df35ae2da858,913 ITI-01,520b4e76a9cc28b0c6569db6ee1d2b69ec97dac331fccf5f85a35ae2b53f260a,06ebb9644a2a3cec47351c00887dac177c54978adde1aa4c271a07d233dd8b72,79c4ae48c45e15f21346022d19dde6aa9329703681a8cd3921524af45d8891c9,913 ITI-01,NBA,NBA,2025-2026,2025-03-18,2026-09-01,"{""date_from"":""2025-03-18"",""date_to"":""2026-09-01"",""game_data"":[""pbp""],""leagues"":[""NBA""],""market_data"":[""candles""],""markets"":[""kalshi""],""seasons"":[""2025-2026""],""sports"":[""NBA""]}",TRADABLE_YES_BID,1_MINUTE_CANDLE,available_at,FIRST_TOUCH,"{""id"":""entry_mtw2zh6b_f4q8g"",""op"":""FIRST_TOUCH"",""ordinal"":""FIRST_TOUCH"",""period"":""Q2"",""price_e4"":6800,""source_vocabulary"":""TOUCH""}",REACH,"{""id"":""exit_mty0bwbw_mvfqe"",""op"":""REACH"",""outcome"":""win"",""price_e4"":9500}",REACH,"{""id"":""exit_mtug1t99_aq1lv"",""op"":""REACH"",""outcome"":""loss"",""price_e4"":4500}",HOLD_TO_SETTLEMENT,c5430eb845ac4cefb3c281ac543b383aad9652b9d0817d0605ab42bca6970657,1.0.0,2026-09-13T06:28:48Z,1.0.0,1.0.0,1.0.0,2026-09-13T06:28:48Z,READY,224,116,108,0.517857,0.482143,2700,2300,1.173913,289.285714,a1bee2f832bba4fbfbee499c6c89c2cf1a011d365a81efc1b5ef04b1ed6b0236,candle_path_not_fill,UNAVAILABLE,UNAVAILABLE,UNAVAILABLE,NOT_COMPUTABLE,UNAVAILABLE
path_bands,MONTE_CARLO,base_decomposition,bernoulli_week_8_p95,25384.764453,usd,bernoulli,superasi_bdebase_v1.0.0,grade_config_v1,2026-09-13T13:03:03Z,77f6004823dc43509371df35ae2da858,913 ITI-01,520b4e76a9cc28b0c6569db6ee1d2b69ec97dac331fccf5f85a35ae2b53f260a,06ebb9644a2a3cec47351c00887dac177c54978adde1aa4c271a07d233dd8b72,79c4ae48c45e15f21346022d19dde6aa9329703681a8cd3921524af45d8891c9,913 ITI-01,NBA,NBA,2025-2026,2025-03-18,2026-09-01,"{""date_from"":""2025-03-18"",""date_to"":""2026-09-01"",""game_data"":[""pbp""],""leagues"":[""NBA""],""market_data"":[""candles""],""markets"":[""kalshi""],""seasons"":[""2025-2026""],""sports"":[""NBA""]}",TRADABLE_YES_BID,1_MINUTE_CANDLE,available_at,FIRST_TOUCH,"{""id"":""entry_mtw2zh6b_f4q8g"",""op"":""FIRST_TOUCH"",""ordinal"":""FIRST_TOUCH"",""period"":""Q2"",""price_e4"":6800,""source_vocabulary"":""TOUCH""}",REACH,"{""id"":""exit_mty0bwbw_mvfqe"",""op"":""REACH"",""outcome"":""win"",""price_e4"":9500}",REACH,"{""id"":""exit_mtug1t99_aq1lv"",""op"":""REACH"",""outcome"":""loss"",""price_e4"":4500}",HOLD_TO_SETTLEMENT,c5430eb845ac4cefb3c281ac543b383aad9652b9d0817d0605ab42bca6970657,1.0.0,2026-09-13T06:28:48Z,1.0.0,1.0.0,1.0.0,2026-09-13T06:28:48Z,READY,224,116,108,0.517857,0.482143,2700,2300,1.173913,289.285714,a1bee2f832bba4fbfbee499c6c89c2cf1a011d365a81efc1b5ef04b1ed6b0236,candle_path_not_fill,UNAVAILABLE,UNAVAILABLE,UNAVAILABLE,NOT_COMPUTABLE,UNAVAILABLE
path_bands,MONTE_CARLO,base_decomposition,bernoulli_week_9_p5,14417.920168,usd,bernoulli,superasi_bdebase_v1.0.0,grade_config_v1,2026-09-13T13:03:03Z,77f6004823dc43509371df35ae2da858,913 ITI-01,520b4e76a9cc28b0c6569db6ee1d2b69ec97dac331fccf5f85a35ae2b53f260a,06ebb9644a2a3cec47351c00887dac177c54978adde1aa4c271a07d233dd8b72,79c4ae48c45e15f21346022d19dde6aa9329703681a8cd3921524af45d8891c9,913 ITI-01,NBA,NBA,2025-2026,2025-03-18,2026-09-01,"{""date_from"":""2025-03-18"",""date_to"":""2026-09-01"",""game_data"":[""pbp""],""leagues"":[""NBA""],""market_data"":[""candles""],""markets"":[""kalshi""],""seasons"":[""2025-2026""],""sports"":[""NBA""]}",TRADABLE_YES_BID,1_MINUTE_CANDLE,available_at,FIRST_TOUCH,"{""id"":""entry_mtw2zh6b_f4q8g"",""op"":""FIRST_TOUCH"",""ordinal"":""FIRST_TOUCH"",""period"":""Q2"",""price_e4"":6800,""source_vocabulary"":""TOUCH""}",REACH,"{""id"":""exit_mty0bwbw_mvfqe"",""op"":""REACH"",""outcome"":""win"",""price_e4"":9500}",REACH,"{""id"":""exit_mtug1t99_aq1lv"",""op"":""REACH"",""outcome"":""loss"",""price_e4"":4500}",HOLD_TO_SETTLEMENT,c5430eb845ac4cefb3c281ac543b383aad9652b9d0817d0605ab42bca6970657,1.0.0,2026-09-13T06:28:48Z,1.0.0,1.0.0,1.0.0,2026-09-13T06:28:48Z,READY,224,116,108,0.517857,0.482143,2700,2300,1.173913,289.285714,a1bee2f832bba4fbfbee499c6c89c2cf1a011d365a81efc1b5ef04b1ed6b0236,candle_path_not_fill,UNAVAILABLE,UNAVAILABLE,UNAVAILABLE,NOT_COMPUTABLE,UNAVAILABLE
path_bands,MONTE_CARLO,base_decomposition,bernoulli_week_9_p25,16953.439024,usd,bernoulli,superasi_bdebase_v1.0.0,grade_config_v1,2026-09-13T13:03:03Z,77f6004823dc43509371df35ae2da858,913 ITI-01,520b4e76a9cc28b0c6569db6ee1d2b69ec97dac331fccf5f85a35ae2b53f260a,06ebb9644a2a3cec47351c00887dac177c54978adde1aa4c271a07d233dd8b72,79c4ae48c45e15f21346022d19dde6aa9329703681a8cd3921524af45d8891c9,913 ITI-01,NBA,NBA,2025-2026,2025-03-18,2026-09-01,"{""date_from"":""2025-03-18"",""date_to"":""2026-09-01"",""game_data"":[""pbp""],""leagues"":[""NBA""],""market_data"":[""candles""],""markets"":[""kalshi""],""seasons"":[""2025-2026""],""sports"":[""NBA""]}",TRADABLE_YES_BID,1_MINUTE_CANDLE,available_at,FIRST_TOUCH,"{""id"":""entry_mtw2zh6b_f4q8g"",""op"":""FIRST_TOUCH"",""ordinal"":""FIRST_TOUCH"",""period"":""Q2"",""price_e4"":6800,""source_vocabulary"":""TOUCH""}",REACH,"{""id"":""exit_mty0bwbw_mvfqe"",""op"":""REACH"",""outcome"":""win"",""price_e4"":9500}",REACH,"{""id"":""exit_mtug1t99_aq1lv"",""op"":""REACH"",""outcome"":""loss"",""price_e4"":4500}",HOLD_TO_SETTLEMENT,c5430eb845ac4cefb3c281ac543b383aad9652b9d0817d0605ab42bca6970657,1.0.0,2026-09-13T06:28:48Z,1.0.0,1.0.0,1.0.0,2026-09-13T06:28:48Z,READY,224,116,108,0.517857,0.482143,2700,2300,1.173913,289.285714,a1bee2f832bba4fbfbee499c6c89c2cf1a011d365a81efc1b5ef04b1ed6b0236,candle_path_not_fill,UNAVAILABLE,UNAVAILABLE,UNAVAILABLE,NOT_COMPUTABLE,UNAVAILABLE
path_bands,MONTE_CARLO,base_decomposition,bernoulli_week_9_p50,19343.439430,usd,bernoulli,superasi_bdebase_v1.0.0,grade_config_v1,2026-09-13T13:03:03Z,77f6004823dc43509371df35ae2da858,913 ITI-01,520b4e76a9cc28b0c6569db6ee1d2b69ec97dac331fccf5f85a35ae2b53f260a,06ebb9644a2a3cec47351c00887dac177c54978adde1aa4c271a07d233dd8b72,79c4ae48c45e15f21346022d19dde6aa9329703681a8cd3921524af45d8891c9,913 ITI-01,NBA,NBA,2025-2026,2025-03-18,2026-09-01,"{""date_from"":""2025-03-18"",""date_to"":""2026-09-01"",""game_data"":[""pbp""],""leagues"":[""NBA""],""market_data"":[""candles""],""markets"":[""kalshi""],""seasons"":[""2025-2026""],""sports"":[""NBA""]}",TRADABLE_YES_BID,1_MINUTE_CANDLE,available_at,FIRST_TOUCH,"{""id"":""entry_mtw2zh6b_f4q8g"",""op"":""FIRST_TOUCH"",""ordinal"":""FIRST_TOUCH"",""period"":""Q2"",""price_e4"":6800,""source_vocabulary"":""TOUCH""}",REACH,"{""id"":""exit_mty0bwbw_mvfqe"",""op"":""REACH"",""outcome"":""win"",""price_e4"":9500}",REACH,"{""id"":""exit_mtug1t99_aq1lv"",""op"":""REACH"",""outcome"":""loss"",""price_e4"":4500}",HOLD_TO_SETTLEMENT,c5430eb845ac4cefb3c281ac543b383aad9652b9d0817d0605ab42bca6970657,1.0.0,2026-09-13T06:28:48Z,1.0.0,1.0.0,1.0.0,2026-09-13T06:28:48Z,READY,224,116,108,0.517857,0.482143,2700,2300,1.173913,289.285714,a1bee2f832bba4fbfbee499c6c89c2cf1a011d365a81efc1b5ef04b1ed6b0236,candle_path_not_fill,UNAVAILABLE,UNAVAILABLE,UNAVAILABLE,NOT_COMPUTABLE,UNAVAILABLE
path_bands,MONTE_CARLO,base_decomposition,bernoulli_week_9_p75,21693.619955,usd,bernoulli,superasi_bdebase_v1.0.0,grade_config_v1,2026-09-13T13:03:03Z,77f6004823dc43509371df35ae2da858,913 ITI-01,520b4e76a9cc28b0c6569db6ee1d2b69ec97dac331fccf5f85a35ae2b53f260a,06ebb9644a2a3cec47351c00887dac177c54978adde1aa4c271a07d233dd8b72,79c4ae48c45e15f21346022d19dde6aa9329703681a8cd3921524af45d8891c9,913 ITI-01,NBA,NBA,2025-2026,2025-03-18,2026-09-01,"{""date_from"":""2025-03-18"",""date_to"":""2026-09-01"",""game_data"":[""pbp""],""leagues"":[""NBA""],""market_data"":[""candles""],""markets"":[""kalshi""],""seasons"":[""2025-2026""],""sports"":[""NBA""]}",TRADABLE_YES_BID,1_MINUTE_CANDLE,available_at,FIRST_TOUCH,"{""id"":""entry_mtw2zh6b_f4q8g"",""op"":""FIRST_TOUCH"",""ordinal"":""FIRST_TOUCH"",""period"":""Q2"",""price_e4"":6800,""source_vocabulary"":""TOUCH""}",REACH,"{""id"":""exit_mty0bwbw_mvfqe"",""op"":""REACH"",""outcome"":""win"",""price_e4"":9500}",REACH,"{""id"":""exit_mtug1t99_aq1lv"",""op"":""REACH"",""outcome"":""loss"",""price_e4"":4500}",HOLD_TO_SETTLEMENT,c5430eb845ac4cefb3c281ac543b383aad9652b9d0817d0605ab42bca6970657,1.0.0,2026-09-13T06:28:48Z,1.0.0,1.0.0,1.0.0,2026-09-13T06:28:48Z,READY,224,116,108,0.517857,0.482143,2700,2300,1.173913,289.285714,a1bee2f832bba4fbfbee499c6c89c2cf1a011d365a81efc1b5ef04b1ed6b0236,candle_path_not_fill,UNAVAILABLE,UNAVAILABLE,UNAVAILABLE,NOT_COMPUTABLE,UNAVAILABLE
path_bands,MONTE_CARLO,base_decomposition,bernoulli_week_9_p95,25344.980228,usd,bernoulli,superasi_bdebase_v1.0.0,grade_config_v1,2026-09-13T13:03:03Z,77f6004823dc43509371df35ae2da858,913 ITI-01,520b4e76a9cc28b0c6569db6ee1d2b69ec97dac331fccf5f85a35ae2b53f260a,06ebb9644a2a3cec47351c00887dac177c54978adde1aa4c271a07d233dd8b72,79c4ae48c45e15f21346022d19dde6aa9329703681a8cd3921524af45d8891c9,913 ITI-01,NBA,NBA,2025-2026,2025-03-18,2026-09-01,"{""date_from"":""2025-03-18"",""date_to"":""2026-09-01"",""game_data"":[""pbp""],""leagues"":[""NBA""],""market_data"":[""candles""],""markets"":[""kalshi""],""seasons"":[""2025-2026""],""sports"":[""NBA""]}",TRADABLE_YES_BID,1_MINUTE_CANDLE,available_at,FIRST_TOUCH,"{""id"":""entry_mtw2zh6b_f4q8g"",""op"":""FIRST_TOUCH"",""ordinal"":""FIRST_TOUCH"",""period"":""Q2"",""price_e4"":6800,""source_vocabulary"":""TOUCH""}",REACH,"{""id"":""exit_mty0bwbw_mvfqe"",""op"":""REACH"",""outcome"":""win"",""price_e4"":9500}",REACH,"{""id"":""exit_mtug1t99_aq1lv"",""op"":""REACH"",""outcome"":""loss"",""price_e4"":4500}",HOLD_TO_SETTLEMENT,c5430eb845ac4cefb3c281ac543b383aad9652b9d0817d0605ab42bca6970657,1.0.0,2026-09-13T06:28:48Z,1.0.0,1.0.0,1.0.0,2026-09-13T06:28:48Z,READY,224,116,108,0.517857,0.482143,2700,2300,1.173913,289.285714,a1bee2f832bba4fbfbee499c6c89c2cf1a011d365a81efc1b5ef04b1ed6b0236,candle_path_not_fill,UNAVAILABLE,UNAVAILABLE,UNAVAILABLE,NOT_COMPUTABLE,UNAVAILABLE
path_bands,MONTE_CARLO,base_decomposition,bernoulli_week_10_p5,14098.090369,usd,bernoulli,superasi_bdebase_v1.0.0,grade_config_v1,2026-09-13T13:03:03Z,77f6004823dc43509371df35ae2da858,913 ITI-01,520b4e76a9cc28b0c6569db6ee1d2b69ec97dac331fccf5f85a35ae2b53f260a,06ebb9644a2a3cec47351c00887dac177c54978adde1aa4c271a07d233dd8b72,79c4ae48c45e15f21346022d19dde6aa9329703681a8cd3921524af45d8891c9,913 ITI-01,NBA,NBA,2025-2026,2025-03-18,2026-09-01,"{""date_from"":""2025-03-18"",""date_to"":""2026-09-01"",""game_data"":[""pbp""],""leagues"":[""NBA""],""market_data"":[""candles""],""markets"":[""kalshi""],""seasons"":[""2025-2026""],""sports"":[""NBA""]}",TRADABLE_YES_BID,1_MINUTE_CANDLE,available_at,FIRST_TOUCH,"{""id"":""entry_mtw2zh6b_f4q8g"",""op"":""FIRST_TOUCH"",""ordinal"":""FIRST_TOUCH"",""period"":""Q2"",""price_e4"":6800,""source_vocabulary"":""TOUCH""}",REACH,"{""id"":""exit_mty0bwbw_mvfqe"",""op"":""REACH"",""outcome"":""win"",""price_e4"":9500}",REACH,"{""id"":""exit_mtug1t99_aq1lv"",""op"":""REACH"",""outcome"":""loss"",""price_e4"":4500}",HOLD_TO_SETTLEMENT,c5430eb845ac4cefb3c281ac543b383aad9652b9d0817d0605ab42bca6970657,1.0.0,2026-09-13T06:28:48Z,1.0.0,1.0.0,1.0.0,2026-09-13T06:28:48Z,READY,224,116,108,0.517857,0.482143,2700,2300,1.173913,289.285714,a1bee2f832bba4fbfbee499c6c89c2cf1a011d365a81efc1b5ef04b1ed6b0236,candle_path_not_fill,UNAVAILABLE,UNAVAILABLE,UNAVAILABLE,NOT_COMPUTABLE,UNAVAILABLE
path_bands,MONTE_CARLO,base_decomposition,bernoulli_week_10_p25,16945.345171,usd,bernoulli,superasi_bdebase_v1.0.0,grade_config_v1,2026-09-13T13:03:03Z,77f6004823dc43509371df35ae2da858,913 ITI-01,520b4e76a9cc28b0c6569db6ee1d2b69ec97dac331fccf5f85a35ae2b53f260a,06ebb9644a2a3cec47351c00887dac177c54978adde1aa4c271a07d233dd8b72,79c4ae48c45e15f21346022d19dde6aa9329703681a8cd3921524af45d8891c9,913 ITI-01,NBA,NBA,2025-2026,2025-03-18,2026-09-01,"{""date_from"":""2025-03-18"",""date_to"":""2026-09-01"",""game_data"":[""pbp""],""leagues"":[""NBA""],""market_data"":[""candles""],""markets"":[""kalshi""],""seasons"":[""2025-2026""],""sports"":[""NBA""]}",TRADABLE_YES_BID,1_MINUTE_CANDLE,available_at,FIRST_TOUCH,"{""id"":""entry_mtw2zh6b_f4q8g"",""op"":""FIRST_TOUCH"",""ordinal"":""FIRST_TOUCH"",""period"":""Q2"",""price_e4"":6800,""source_vocabulary"":""TOUCH""}",REACH,"{""id"":""exit_mty0bwbw_mvfqe"",""op"":""REACH"",""outcome"":""win"",""price_e4"":9500}",REACH,"{""id"":""exit_mtug1t99_aq1lv"",""op"":""REACH"",""outcome"":""loss"",""price_e4"":4500}",HOLD_TO_SETTLEMENT,c5430eb845ac4cefb3c281ac543b383aad9652b9d0817d0605ab42bca6970657,1.0.0,2026-09-13T06:28:48Z,1.0.0,1.0.0,1.0.0,2026-09-13T06:28:48Z,READY,224,116,108,0.517857,0.482143,2700,2300,1.173913,289.285714,a1bee2f832bba4fbfbee499c6c89c2cf1a011d365a81efc1b5ef04b1ed6b0236,candle_path_not_fill,UNAVAILABLE,UNAVAILABLE,UNAVAILABLE,NOT_COMPUTABLE,UNAVAILABLE
path_bands,MONTE_CARLO,base_decomposition,bernoulli_week_10_p50,19063.784275,usd,bernoulli,superasi_bdebase_v1.0.0,grade_config_v1,2026-09-13T13:03:03Z,77f6004823dc43509371df35ae2da858,913 ITI-01,520b4e76a9cc28b0c6569db6ee1d2b69ec97dac331fccf5f85a35ae2b53f260a,06ebb9644a2a3cec47351c00887dac177c54978adde1aa4c271a07d233dd8b72,79c4ae48c45e15f21346022d19dde6aa9329703681a8cd3921524af45d8891c9,913 ITI-01,NBA,NBA,2025-2026,2025-03-18,2026-09-01,"{""date_from"":""2025-03-18"",""date_to"":""2026-09-01"",""game_data"":[""pbp""],""leagues"":[""NBA""],""market_data"":[""candles""],""markets"":[""kalshi""],""seasons"":[""2025-2026""],""sports"":[""NBA""]}",TRADABLE_YES_BID,1_MINUTE_CANDLE,available_at,FIRST_TOUCH,"{""id"":""entry_mtw2zh6b_f4q8g"",""op"":""FIRST_TOUCH"",""ordinal"":""FIRST_TOUCH"",""period"":""Q2"",""price_e4"":6800,""source_vocabulary"":""TOUCH""}",REACH,"{""id"":""exit_mty0bwbw_mvfqe"",""op"":""REACH"",""outcome"":""win"",""price_e4"":9500}",REACH,"{""id"":""exit_mtug1t99_aq1lv"",""op"":""REACH"",""outcome"":""loss"",""price_e4"":4500}",HOLD_TO_SETTLEMENT,c5430eb845ac4cefb3c281ac543b383aad9652b9d0817d0605ab42bca6970657,1.0.0,2026-09-13T06:28:48Z,1.0.0,1.0.0,1.0.0,2026-09-13T06:28:48Z,READY,224,116,108,0.517857,0.482143,2700,2300,1.173913,289.285714,a1bee2f832bba4fbfbee499c6c89c2cf1a011d365a81efc1b5ef04b1ed6b0236,candle_path_not_fill,UNAVAILABLE,UNAVAILABLE,UNAVAILABLE,NOT_COMPUTABLE,UNAVAILABLE
path_bands,MONTE_CARLO,base_decomposition,bernoulli_week_10_p75,21810.777891,usd,bernoulli,superasi_bdebase_v1.0.0,grade_config_v1,2026-09-13T13:03:03Z,77f6004823dc43509371df35ae2da858,913 ITI-01,520b4e76a9cc28b0c6569db6ee1d2b69ec97dac331fccf5f85a35ae2b53f260a,06ebb9644a2a3cec47351c00887dac177c54978adde1aa4c271a07d233dd8b72,79c4ae48c45e15f21346022d19dde6aa9329703681a8cd3921524af45d8891c9,913 ITI-01,NBA,NBA,2025-2026,2025-03-18,2026-09-01,"{""date_from"":""2025-03-18"",""date_to"":""2026-09-01"",""game_data"":[""pbp""],""leagues"":[""NBA""],""market_data"":[""candles""],""markets"":[""kalshi""],""seasons"":[""2025-2026""],""sports"":[""NBA""]}",TRADABLE_YES_BID,1_MINUTE_CANDLE,available_at,FIRST_TOUCH,"{""id"":""entry_mtw2zh6b_f4q8g"",""op"":""FIRST_TOUCH"",""ordinal"":""FIRST_TOUCH"",""period"":""Q2"",""price_e4"":6800,""source_vocabulary"":""TOUCH""}",REACH,"{""id"":""exit_mty0bwbw_mvfqe"",""op"":""REACH"",""outcome"":""win"",""price_e4"":9500}",REACH,"{""id"":""exit_mtug1t99_aq1lv"",""op"":""REACH"",""outcome"":""loss"",""price_e4"":4500}",HOLD_TO_SETTLEMENT,c5430eb845ac4cefb3c281ac543b383aad9652b9d0817d0605ab42bca6970657,1.0.0,2026-09-13T06:28:48Z,1.0.0,1.0.0,1.0.0,2026-09-13T06:28:48Z,READY,224,116,108,0.517857,0.482143,2700,2300,1.173913,289.285714,a1bee2f832bba4fbfbee499c6c89c2cf1a011d365a81efc1b5ef04b1ed6b0236,candle_path_not_fill,UNAVAILABLE,UNAVAILABLE,UNAVAILABLE,NOT_COMPUTABLE,UNAVAILABLE
path_bands,MONTE_CARLO,base_decomposition,bernoulli_week_10_p95,25652.539635,usd,bernoulli,superasi_bdebase_v1.0.0,grade_config_v1,2026-09-13T13:03:03Z,77f6004823dc43509371df35ae2da858,913 ITI-01,520b4e76a9cc28b0c6569db6ee1d2b69ec97dac331fccf5f85a35ae2b53f260a,06ebb9644a2a3cec47351c00887dac177c54978adde1aa4c271a07d233dd8b72,79c4ae48c45e15f21346022d19dde6aa9329703681a8cd3921524af45d8891c9,913 ITI-01,NBA,NBA,2025-2026,2025-03-18,2026-09-01,"{""date_from"":""2025-03-18"",""date_to"":""2026-09-01"",""game_data"":[""pbp""],""leagues"":[""NBA""],""market_data"":[""candles""],""markets"":[""kalshi""],""seasons"":[""2025-2026""],""sports"":[""NBA""]}",TRADABLE_YES_BID,1_MINUTE_CANDLE,available_at,FIRST_TOUCH,"{""id"":""entry_mtw2zh6b_f4q8g"",""op"":""FIRST_TOUCH"",""ordinal"":""FIRST_TOUCH"",""period"":""Q2"",""price_e4"":6800,""source_vocabulary"":""TOUCH""}",REACH,"{""id"":""exit_mty0bwbw_mvfqe"",""op"":""REACH"",""outcome"":""win"",""price_e4"":9500}",REACH,"{""id"":""exit_mtug1t99_aq1lv"",""op"":""REACH"",""outcome"":""loss"",""price_e4"":4500}",HOLD_TO_SETTLEMENT,c5430eb845ac4cefb3c281ac543b383aad9652b9d0817d0605ab42bca6970657,1.0.0,2026-09-13T06:28:48Z,1.0.0,1.0.0,1.0.0,2026-09-13T06:28:48Z,READY,224,116,108,0.517857,0.482143,2700,2300,1.173913,289.285714,a1bee2f832bba4fbfbee499c6c89c2cf1a011d365a81efc1b5ef04b1ed6b0236,candle_path_not_fill,UNAVAILABLE,UNAVAILABLE,UNAVAILABLE,NOT_COMPUTABLE,UNAVAILABLE
path_bands,MONTE_CARLO,base_decomposition,bernoulli_week_11_p5,13806.616078,usd,bernoulli,superasi_bdebase_v1.0.0,grade_config_v1,2026-09-13T13:03:03Z,77f6004823dc43509371df35ae2da858,913 ITI-01,520b4e76a9cc28b0c6569db6ee1d2b69ec97dac331fccf5f85a35ae2b53f260a,06ebb9644a2a3cec47351c00887dac177c54978adde1aa4c271a07d233dd8b72,79c4ae48c45e15f21346022d19dde6aa9329703681a8cd3921524af45d8891c9,913 ITI-01,NBA,NBA,2025-2026,2025-03-18,2026-09-01,"{""date_from"":""2025-03-18"",""date_to"":""2026-09-01"",""game_data"":[""pbp""],""leagues"":[""NBA""],""market_data"":[""candles""],""markets"":[""kalshi""],""seasons"":[""2025-2026""],""sports"":[""NBA""]}",TRADABLE_YES_BID,1_MINUTE_CANDLE,available_at,FIRST_TOUCH,"{""id"":""entry_mtw2zh6b_f4q8g"",""op"":""FIRST_TOUCH"",""ordinal"":""FIRST_TOUCH"",""period"":""Q2"",""price_e4"":6800,""source_vocabulary"":""TOUCH""}",REACH,"{""id"":""exit_mty0bwbw_mvfqe"",""op"":""REACH"",""outcome"":""win"",""price_e4"":9500}",REACH,"{""id"":""exit_mtug1t99_aq1lv"",""op"":""REACH"",""outcome"":""loss"",""price_e4"":4500}",HOLD_TO_SETTLEMENT,c5430eb845ac4cefb3c281ac543b383aad9652b9d0817d0605ab42bca6970657,1.0.0,2026-09-13T06:28:48Z,1.0.0,1.0.0,1.0.0,2026-09-13T06:28:48Z,READY,224,116,108,0.517857,0.482143,2700,2300,1.173913,289.285714,a1bee2f832bba4fbfbee499c6c89c2cf1a011d365a81efc1b5ef04b1ed6b0236,candle_path_not_fill,UNAVAILABLE,UNAVAILABLE,UNAVAILABLE,NOT_COMPUTABLE,UNAVAILABLE
path_bands,MONTE_CARLO,base_decomposition,bernoulli_week_11_p25,16659.027306,usd,bernoulli,superasi_bdebase_v1.0.0,grade_config_v1,2026-09-13T13:03:03Z,77f6004823dc43509371df35ae2da858,913 ITI-01,520b4e76a9cc28b0c6569db6ee1d2b69ec97dac331fccf5f85a35ae2b53f260a,06ebb9644a2a3cec47351c00887dac177c54978adde1aa4c271a07d233dd8b72,79c4ae48c45e15f21346022d19dde6aa9329703681a8cd3921524af45d8891c9,913 ITI-01,NBA,NBA,2025-2026,2025-03-18,2026-09-01,"{""date_from"":""2025-03-18"",""date_to"":""2026-09-01"",""game_data"":[""pbp""],""leagues"":[""NBA""],""market_data"":[""candles""],""markets"":[""kalshi""],""seasons"":[""2025-2026""],""sports"":[""NBA""]}",TRADABLE_YES_BID,1_MINUTE_CANDLE,available_at,FIRST_TOUCH,"{""id"":""entry_mtw2zh6b_f4q8g"",""op"":""FIRST_TOUCH"",""ordinal"":""FIRST_TOUCH"",""period"":""Q2"",""price_e4"":6800,""source_vocabulary"":""TOUCH""}",REACH,"{""id"":""exit_mty0bwbw_mvfqe"",""op"":""REACH"",""outcome"":""win"",""price_e4"":9500}",REACH,"{""id"":""exit_mtug1t99_aq1lv"",""op"":""REACH"",""outcome"":""loss"",""price_e4"":4500}",HOLD_TO_SETTLEMENT,c5430eb845ac4cefb3c281ac543b383aad9652b9d0817d0605ab42bca6970657,1.0.0,2026-09-13T06:28:48Z,1.0.0,1.0.0,1.0.0,2026-09-13T06:28:48Z,READY,224,116,108,0.517857,0.482143,2700,2300,1.173913,289.285714,a1bee2f832bba4fbfbee499c6c89c2cf1a011d365a81efc1b5ef04b1ed6b0236,candle_path_not_fill,UNAVAILABLE,UNAVAILABLE,UNAVAILABLE,NOT_COMPUTABLE,UNAVAILABLE
path_bands,MONTE_CARLO,base_decomposition,bernoulli_week_11_p50,19156.766492,usd,bernoulli,superasi_bdebase_v1.0.0,grade_config_v1,2026-09-13T13:03:03Z,77f6004823dc43509371df35ae2da858,913 ITI-01,520b4e76a9cc28b0c6569db6ee1d2b69ec97dac331fccf5f85a35ae2b53f260a,06ebb9644a2a3cec47351c00887dac177c54978adde1aa4c271a07d233dd8b72,79c4ae48c45e15f21346022d19dde6aa9329703681a8cd3921524af45d8891c9,913 ITI-01,NBA,NBA,2025-2026,2025-03-18,2026-09-01,"{""date_from"":""2025-03-18"",""date_to"":""2026-09-01"",""game_data"":[""pbp""],""leagues"":[""NBA""],""market_data"":[""candles""],""markets"":[""kalshi""],""seasons"":[""2025-2026""],""sports"":[""NBA""]}",TRADABLE_YES_BID,1_MINUTE_CANDLE,available_at,FIRST_TOUCH,"{""id"":""entry_mtw2zh6b_f4q8g"",""op"":""FIRST_TOUCH"",""ordinal"":""FIRST_TOUCH"",""period"":""Q2"",""price_e4"":6800,""source_vocabulary"":""TOUCH""}",REACH,"{""id"":""exit_mty0bwbw_mvfqe"",""op"":""REACH"",""outcome"":""win"",""price_e4"":9500}",REACH,"{""id"":""exit_mtug1t99_aq1lv"",""op"":""REACH"",""outcome"":""loss"",""price_e4"":4500}",HOLD_TO_SETTLEMENT,c5430eb845ac4cefb3c281ac543b383aad9652b9d0817d0605ab42bca6970657,1.0.0,2026-09-13T06:28:48Z,1.0.0,1.0.0,1.0.0,2026-09-13T06:28:48Z,READY,224,116,108,0.517857,0.482143,2700,2300,1.173913,289.285714,a1bee2f832bba4fbfbee499c6c89c2cf1a011d365a81efc1b5ef04b1ed6b0236,candle_path_not_fill,UNAVAILABLE,UNAVAILABLE,UNAVAILABLE,NOT_COMPUTABLE,UNAVAILABLE
path_bands,MONTE_CARLO,base_decomposition,bernoulli_week_11_p75,21611.024752,usd,bernoulli,superasi_bdebase_v1.0.0,grade_config_v1,2026-09-13T13:03:03Z,77f6004823dc43509371df35ae2da858,913 ITI-01,520b4e76a9cc28b0c6569db6ee1d2b69ec97dac331fccf5f85a35ae2b53f260a,06ebb9644a2a3cec47351c00887dac177c54978adde1aa4c271a07d233dd8b72,79c4ae48c45e15f21346022d19dde6aa9329703681a8cd3921524af45d8891c9,913 ITI-01,NBA,NBA,2025-2026,2025-03-18,2026-09-01,"{""date_from"":""2025-03-18"",""date_to"":""2026-09-01"",""game_data"":[""pbp""],""leagues"":[""NBA""],""market_data"":[""candles""],""markets"":[""kalshi""],""seasons"":[""2025-2026""],""sports"":[""NBA""]}",TRADABLE_YES_BID,1_MINUTE_CANDLE,available_at,FIRST_TOUCH,"{""id"":""entry_mtw2zh6b_f4q8g"",""op"":""FIRST_TOUCH"",""ordinal"":""FIRST_TOUCH"",""period"":""Q2"",""price_e4"":6800,""source_vocabulary"":""TOUCH""}",REACH,"{""id"":""exit_mty0bwbw_mvfqe"",""op"":""REACH"",""outcome"":""win"",""price_e4"":9500}",REACH,"{""id"":""exit_mtug1t99_aq1lv"",""op"":""REACH"",""outcome"":""loss"",""price_e4"":4500}",HOLD_TO_SETTLEMENT,c5430eb845ac4cefb3c281ac543b383aad9652b9d0817d0605ab42bca6970657,1.0.0,2026-09-13T06:28:48Z,1.0.0,1.0.0,1.0.0,2026-09-13T06:28:48Z,READY,224,116,108,0.517857,0.482143,2700,2300,1.173913,289.285714,a1bee2f832bba4fbfbee499c6c89c2cf1a011d365a81efc1b5ef04b1ed6b0236,candle_path_not_fill,UNAVAILABLE,UNAVAILABLE,UNAVAILABLE,NOT_COMPUTABLE,UNAVAILABLE
path_bands,MONTE_CARLO,base_decomposition,bernoulli_week_11_p95,25963.831251,usd,bernoulli,superasi_bdebase_v1.0.0,grade_config_v1,2026-09-13T13:03:03Z,77f6004823dc43509371df35ae2da858,913 ITI-01,520b4e76a9cc28b0c6569db6ee1d2b69ec97dac331fccf5f85a35ae2b53f260a,06ebb9644a2a3cec47351c00887dac177c54978adde1aa4c271a07d233dd8b72,79c4ae48c45e15f21346022d19dde6aa9329703681a8cd3921524af45d8891c9,913 ITI-01,NBA,NBA,2025-2026,2025-03-18,2026-09-01,"{""date_from"":""2025-03-18"",""date_to"":""2026-09-01"",""game_data"":[""pbp""],""leagues"":[""NBA""],""market_data"":[""candles""],""markets"":[""kalshi""],""seasons"":[""2025-2026""],""sports"":[""NBA""]}",TRADABLE_YES_BID,1_MINUTE_CANDLE,available_at,FIRST_TOUCH,"{""id"":""entry_mtw2zh6b_f4q8g"",""op"":""FIRST_TOUCH"",""ordinal"":""FIRST_TOUCH"",""period"":""Q2"",""price_e4"":6800,""source_vocabulary"":""TOUCH""}",REACH,"{""id"":""exit_mty0bwbw_mvfqe"",""op"":""REACH"",""outcome"":""win"",""price_e4"":9500}",REACH,"{""id"":""exit_mtug1t99_aq1lv"",""op"":""REACH"",""outcome"":""loss"",""price_e4"":4500}",HOLD_TO_SETTLEMENT,c5430eb845ac4cefb3c281ac543b383aad9652b9d0817d0605ab42bca6970657,1.0.0,2026-09-13T06:28:48Z,1.0.0,1.0.0,1.0.0,2026-09-13T06:28:48Z,READY,224,116,108,0.517857,0.482143,2700,2300,1.173913,289.285714,a1bee2f832bba4fbfbee499c6c89c2cf1a011d365a81efc1b5ef04b1ed6b0236,candle_path_not_fill,UNAVAILABLE,UNAVAILABLE,UNAVAILABLE,NOT_COMPUTABLE,UNAVAILABLE
path_bands,MONTE_CARLO,base_decomposition,bernoulli_week_12_p5,13524.406851,usd,bernoulli,superasi_bdebase_v1.0.0,grade_config_v1,2026-09-13T13:03:03Z,77f6004823dc43509371df35ae2da858,913 ITI-01,520b4e76a9cc28b0c6569db6ee1d2b69ec97dac331fccf5f85a35ae2b53f260a,06ebb9644a2a3cec47351c00887dac177c54978adde1aa4c271a07d233dd8b72,79c4ae48c45e15f21346022d19dde6aa9329703681a8cd3921524af45d8891c9,913 ITI-01,NBA,NBA,2025-2026,2025-03-18,2026-09-01,"{""date_from"":""2025-03-18"",""date_to"":""2026-09-01"",""game_data"":[""pbp""],""leagues"":[""NBA""],""market_data"":[""candles""],""markets"":[""kalshi""],""seasons"":[""2025-2026""],""sports"":[""NBA""]}",TRADABLE_YES_BID,1_MINUTE_CANDLE,available_at,FIRST_TOUCH,"{""id"":""entry_mtw2zh6b_f4q8g"",""op"":""FIRST_TOUCH"",""ordinal"":""FIRST_TOUCH"",""period"":""Q2"",""price_e4"":6800,""source_vocabulary"":""TOUCH""}",REACH,"{""id"":""exit_mty0bwbw_mvfqe"",""op"":""REACH"",""outcome"":""win"",""price_e4"":9500}",REACH,"{""id"":""exit_mtug1t99_aq1lv"",""op"":""REACH"",""outcome"":""loss"",""price_e4"":4500}",HOLD_TO_SETTLEMENT,c5430eb845ac4cefb3c281ac543b383aad9652b9d0817d0605ab42bca6970657,1.0.0,2026-09-13T06:28:48Z,1.0.0,1.0.0,1.0.0,2026-09-13T06:28:48Z,READY,224,116,108,0.517857,0.482143,2700,2300,1.173913,289.285714,a1bee2f832bba4fbfbee499c6c89c2cf1a011d365a81efc1b5ef04b1ed6b0236,candle_path_not_fill,UNAVAILABLE,UNAVAILABLE,UNAVAILABLE,NOT_COMPUTABLE,UNAVAILABLE
path_bands,MONTE_CARLO,base_decomposition,bernoulli_week_12_p25,16629.630218,usd,bernoulli,superasi_bdebase_v1.0.0,grade_config_v1,2026-09-13T13:03:03Z,77f6004823dc43509371df35ae2da858,913 ITI-01,520b4e76a9cc28b0c6569db6ee1d2b69ec97dac331fccf5f85a35ae2b53f260a,06ebb9644a2a3cec47351c00887dac177c54978adde1aa4c271a07d233dd8b72,79c4ae48c45e15f21346022d19dde6aa9329703681a8cd3921524af45d8891c9,913 ITI-01,NBA,NBA,2025-2026,2025-03-18,2026-09-01,"{""date_from"":""2025-03-18"",""date_to"":""2026-09-01"",""game_data"":[""pbp""],""leagues"":[""NBA""],""market_data"":[""candles""],""markets"":[""kalshi""],""seasons"":[""2025-2026""],""sports"":[""NBA""]}",TRADABLE_YES_BID,1_MINUTE_CANDLE,available_at,FIRST_TOUCH,"{""id"":""entry_mtw2zh6b_f4q8g"",""op"":""FIRST_TOUCH"",""ordinal"":""FIRST_TOUCH"",""period"":""Q2"",""price_e4"":6800,""source_vocabulary"":""TOUCH""}",REACH,"{""id"":""exit_mty0bwbw_mvfqe"",""op"":""REACH"",""outcome"":""win"",""price_e4"":9500}",REACH,"{""id"":""exit_mtug1t99_aq1lv"",""op"":""REACH"",""outcome"":""loss"",""price_e4"":4500}",HOLD_TO_SETTLEMENT,c5430eb845ac4cefb3c281ac543b383aad9652b9d0817d0605ab42bca6970657,1.0.0,2026-09-13T06:28:48Z,1.0.0,1.0.0,1.0.0,2026-09-13T06:28:48Z,READY,224,116,108,0.517857,0.482143,2700,2300,1.173913,289.285714,a1bee2f832bba4fbfbee499c6c89c2cf1a011d365a81efc1b5ef04b1ed6b0236,candle_path_not_fill,UNAVAILABLE,UNAVAILABLE,UNAVAILABLE,NOT_COMPUTABLE,UNAVAILABLE
path_bands,MONTE_CARLO,base_decomposition,bernoulli_week_12_p50,18911.680048,usd,bernoulli,superasi_bdebase_v1.0.0,grade_config_v1,2026-09-13T13:03:03Z,77f6004823dc43509371df35ae2da858,913 ITI-01,520b4e76a9cc28b0c6569db6ee1d2b69ec97dac331fccf5f85a35ae2b53f260a,06ebb9644a2a3cec47351c00887dac177c54978adde1aa4c271a07d233dd8b72,79c4ae48c45e15f21346022d19dde6aa9329703681a8cd3921524af45d8891c9,913 ITI-01,NBA,NBA,2025-2026,2025-03-18,2026-09-01,"{""date_from"":""2025-03-18"",""date_to"":""2026-09-01"",""game_data"":[""pbp""],""leagues"":[""NBA""],""market_data"":[""candles""],""markets"":[""kalshi""],""seasons"":[""2025-2026""],""sports"":[""NBA""]}",TRADABLE_YES_BID,1_MINUTE_CANDLE,available_at,FIRST_TOUCH,"{""id"":""entry_mtw2zh6b_f4q8g"",""op"":""FIRST_TOUCH"",""ordinal"":""FIRST_TOUCH"",""period"":""Q2"",""price_e4"":6800,""source_vocabulary"":""TOUCH""}",REACH,"{""id"":""exit_mty0bwbw_mvfqe"",""op"":""REACH"",""outcome"":""win"",""price_e4"":9500}",REACH,"{""id"":""exit_mtug1t99_aq1lv"",""op"":""REACH"",""outcome"":""loss"",""price_e4"":4500}",HOLD_TO_SETTLEMENT,c5430eb845ac4cefb3c281ac543b383aad9652b9d0817d0605ab42bca6970657,1.0.0,2026-09-13T06:28:48Z,1.0.0,1.0.0,1.0.0,2026-09-13T06:28:48Z,READY,224,116,108,0.517857,0.482143,2700,2300,1.173913,289.285714,a1bee2f832bba4fbfbee499c6c89c2cf1a011d365a81efc1b5ef04b1ed6b0236,candle_path_not_fill,UNAVAILABLE,UNAVAILABLE,UNAVAILABLE,NOT_COMPUTABLE,UNAVAILABLE
path_bands,MONTE_CARLO,base_decomposition,bernoulli_week_12_p75,21778.925462,usd,bernoulli,superasi_bdebase_v1.0.0,grade_config_v1,2026-09-13T13:03:03Z,77f6004823dc43509371df35ae2da858,913 ITI-01,520b4e76a9cc28b0c6569db6ee1d2b69ec97dac331fccf5f85a35ae2b53f260a,06ebb9644a2a3cec47351c00887dac177c54978adde1aa4c271a07d233dd8b72,79c4ae48c45e15f21346022d19dde6aa9329703681a8cd3921524af45d8891c9,913 ITI-01,NBA,NBA,2025-2026,2025-03-18,2026-09-01,"{""date_from"":""2025-03-18"",""date_to"":""2026-09-01"",""game_data"":[""pbp""],""leagues"":[""NBA""],""market_data"":[""candles""],""markets"":[""kalshi""],""seasons"":[""2025-2026""],""sports"":[""NBA""]}",TRADABLE_YES_BID,1_MINUTE_CANDLE,available_at,FIRST_TOUCH,"{""id"":""entry_mtw2zh6b_f4q8g"",""op"":""FIRST_TOUCH"",""ordinal"":""FIRST_TOUCH"",""period"":""Q2"",""price_e4"":6800,""source_vocabulary"":""TOUCH""}",REACH,"{""id"":""exit_mty0bwbw_mvfqe"",""op"":""REACH"",""outcome"":""win"",""price_e4"":9500}",REACH,"{""id"":""exit_mtug1t99_aq1lv"",""op"":""REACH"",""outcome"":""loss"",""price_e4"":4500}",HOLD_TO_SETTLEMENT,c5430eb845ac4cefb3c281ac543b383aad9652b9d0817d0605ab42bca6970657,1.0.0,2026-09-13T06:28:48Z,1.0.0,1.0.0,1.0.0,2026-09-13T06:28:48Z,READY,224,116,108,0.517857,0.482143,2700,2300,1.173913,289.285714,a1bee2f832bba4fbfbee499c6c89c2cf1a011d365a81efc1b5ef04b1ed6b0236,candle_path_not_fill,UNAVAILABLE,UNAVAILABLE,UNAVAILABLE,NOT_COMPUTABLE,UNAVAILABLE
path_bands,MONTE_CARLO,base_decomposition,bernoulli_week_12_p95,26243.893887,usd,bernoulli,superasi_bdebase_v1.0.0,grade_config_v1,2026-09-13T13:03:03Z,77f6004823dc43509371df35ae2da858,913 ITI-01,520b4e76a9cc28b0c6569db6ee1d2b69ec97dac331fccf5f85a35ae2b53f260a,06ebb9644a2a3cec47351c00887dac177c54978adde1aa4c271a07d233dd8b72,79c4ae48c45e15f21346022d19dde6aa9329703681a8cd3921524af45d8891c9,913 ITI-01,NBA,NBA,2025-2026,2025-03-18,2026-09-01,"{""date_from"":""2025-03-18"",""date_to"":""2026-09-01"",""game_data"":[""pbp""],""leagues"":[""NBA""],""market_data"":[""candles""],""markets"":[""kalshi""],""seasons"":[""2025-2026""],""sports"":[""NBA""]}",TRADABLE_YES_BID,1_MINUTE_CANDLE,available_at,FIRST_TOUCH,"{""id"":""entry_mtw2zh6b_f4q8g"",""op"":""FIRST_TOUCH"",""ordinal"":""FIRST_TOUCH"",""period"":""Q2"",""price_e4"":6800,""source_vocabulary"":""TOUCH""}",REACH,"{""id"":""exit_mty0bwbw_mvfqe"",""op"":""REACH"",""outcome"":""win"",""price_e4"":9500}",REACH,"{""id"":""exit_mtug1t99_aq1lv"",""op"":""REACH"",""outcome"":""loss"",""price_e4"":4500}",HOLD_TO_SETTLEMENT,c5430eb845ac4cefb3c281ac543b383aad9652b9d0817d0605ab42bca6970657,1.0.0,2026-09-13T06:28:48Z,1.0.0,1.0.0,1.0.0,2026-09-13T06:28:48Z,READY,224,116,108,0.517857,0.482143,2700,2300,1.173913,289.285714,a1bee2f832bba4fbfbee499c6c89c2cf1a011d365a81efc1b5ef04b1ed6b0236,candle_path_not_fill,UNAVAILABLE,UNAVAILABLE,UNAVAILABLE,NOT_COMPUTABLE,UNAVAILABLE
path_bands,MONTE_CARLO,base_decomposition,bernoulli_week_13_p5,13361.081348,usd,bernoulli,superasi_bdebase_v1.0.0,grade_config_v1,2026-09-13T13:03:03Z,77f6004823dc43509371df35ae2da858,913 ITI-01,520b4e76a9cc28b0c6569db6ee1d2b69ec97dac331fccf5f85a35ae2b53f260a,06ebb9644a2a3cec47351c00887dac177c54978adde1aa4c271a07d233dd8b72,79c4ae48c45e15f21346022d19dde6aa9329703681a8cd3921524af45d8891c9,913 ITI-01,NBA,NBA,2025-2026,2025-03-18,2026-09-01,"{""date_from"":""2025-03-18"",""date_to"":""2026-09-01"",""game_data"":[""pbp""],""leagues"":[""NBA""],""market_data"":[""candles""],""markets"":[""kalshi""],""seasons"":[""2025-2026""],""sports"":[""NBA""]}",TRADABLE_YES_BID,1_MINUTE_CANDLE,available_at,FIRST_TOUCH,"{""id"":""entry_mtw2zh6b_f4q8g"",""op"":""FIRST_TOUCH"",""ordinal"":""FIRST_TOUCH"",""period"":""Q2"",""price_e4"":6800,""source_vocabulary"":""TOUCH""}",REACH,"{""id"":""exit_mty0bwbw_mvfqe"",""op"":""REACH"",""outcome"":""win"",""price_e4"":9500}",REACH,"{""id"":""exit_mtug1t99_aq1lv"",""op"":""REACH"",""outcome"":""loss"",""price_e4"":4500}",HOLD_TO_SETTLEMENT,c5430eb845ac4cefb3c281ac543b383aad9652b9d0817d0605ab42bca6970657,1.0.0,2026-09-13T06:28:48Z,1.0.0,1.0.0,1.0.0,2026-09-13T06:28:48Z,READY,224,116,108,0.517857,0.482143,2700,2300,1.173913,289.285714,a1bee2f832bba4fbfbee499c6c89c2cf1a011d365a81efc1b5ef04b1ed6b0236,candle_path_not_fill,UNAVAILABLE,UNAVAILABLE,UNAVAILABLE,NOT_COMPUTABLE,UNAVAILABLE
path_bands,MONTE_CARLO,base_decomposition,bernoulli_week_13_p25,16415.729362,usd,bernoulli,superasi_bdebase_v1.0.0,grade_config_v1,2026-09-13T13:03:03Z,77f6004823dc43509371df35ae2da858,913 ITI-01,520b4e76a9cc28b0c6569db6ee1d2b69ec97dac331fccf5f85a35ae2b53f260a,06ebb9644a2a3cec47351c00887dac177c54978adde1aa4c271a07d233dd8b72,79c4ae48c45e15f21346022d19dde6aa9329703681a8cd3921524af45d8891c9,913 ITI-01,NBA,NBA,2025-2026,2025-03-18,2026-09-01,"{""date_from"":""2025-03-18"",""date_to"":""2026-09-01"",""game_data"":[""pbp""],""leagues"":[""NBA""],""market_data"":[""candles""],""markets"":[""kalshi""],""seasons"":[""2025-2026""],""sports"":[""NBA""]}",TRADABLE_YES_BID,1_MINUTE_CANDLE,available_at,FIRST_TOUCH,"{""id"":""entry_mtw2zh6b_f4q8g"",""op"":""FIRST_TOUCH"",""ordinal"":""FIRST_TOUCH"",""period"":""Q2"",""price_e4"":6800,""source_vocabulary"":""TOUCH""}",REACH,"{""id"":""exit_mty0bwbw_mvfqe"",""op"":""REACH"",""outcome"":""win"",""price_e4"":9500}",REACH,"{""id"":""exit_mtug1t99_aq1lv"",""op"":""REACH"",""outcome"":""loss"",""price_e4"":4500}",HOLD_TO_SETTLEMENT,c5430eb845ac4cefb3c281ac543b383aad9652b9d0817d0605ab42bca6970657,1.0.0,2026-09-13T06:28:48Z,1.0.0,1.0.0,1.0.0,2026-09-13T06:28:48Z,READY,224,116,108,0.517857,0.482143,2700,2300,1.173913,289.285714,a1bee2f832bba4fbfbee499c6c89c2cf1a011d365a81efc1b5ef04b1ed6b0236,candle_path_not_fill,UNAVAILABLE,UNAVAILABLE,UNAVAILABLE,NOT_COMPUTABLE,UNAVAILABLE
path_bands,MONTE_CARLO,base_decomposition,bernoulli_week_13_p50,18970.606903,usd,bernoulli,superasi_bdebase_v1.0.0,grade_config_v1,2026-09-13T13:03:03Z,77f6004823dc43509371df35ae2da858,913 ITI-01,520b4e76a9cc28b0c6569db6ee1d2b69ec97dac331fccf5f85a35ae2b53f260a,06ebb9644a2a3cec47351c00887dac177c54978adde1aa4c271a07d233dd8b72,79c4ae48c45e15f21346022d19dde6aa9329703681a8cd3921524af45d8891c9,913 ITI-01,NBA,NBA,2025-2026,2025-03-18,2026-09-01,"{""date_from"":""2025-03-18"",""date_to"":""2026-09-01"",""game_data"":[""pbp""],""leagues"":[""NBA""],""market_data"":[""candles""],""markets"":[""kalshi""],""seasons"":[""2025-2026""],""sports"":[""NBA""]}",TRADABLE_YES_BID,1_MINUTE_CANDLE,available_at,FIRST_TOUCH,"{""id"":""entry_mtw2zh6b_f4q8g"",""op"":""FIRST_TOUCH"",""ordinal"":""FIRST_TOUCH"",""period"":""Q2"",""price_e4"":6800,""source_vocabulary"":""TOUCH""}",REACH,"{""id"":""exit_mty0bwbw_mvfqe"",""op"":""REACH"",""outcome"":""win"",""price_e4"":9500}",REACH,"{""id"":""exit_mtug1t99_aq1lv"",""op"":""REACH"",""outcome"":""loss"",""price_e4"":4500}",HOLD_TO_SETTLEMENT,c5430eb845ac4cefb3c281ac543b383aad9652b9d0817d0605ab42bca6970657,1.0.0,2026-09-13T06:28:48Z,1.0.0,1.0.0,1.0.0,2026-09-13T06:28:48Z,READY,224,116,108,0.517857,0.482143,2700,2300,1.173913,289.285714,a1bee2f832bba4fbfbee499c6c89c2cf1a011d365a81efc1b5ef04b1ed6b0236,candle_path_not_fill,UNAVAILABLE,UNAVAILABLE,UNAVAILABLE,NOT_COMPUTABLE,UNAVAILABLE
path_bands,MONTE_CARLO,base_decomposition,bernoulli_week_13_p75,21903.918980,usd,bernoulli,superasi_bdebase_v1.0.0,grade_config_v1,2026-09-13T13:03:03Z,77f6004823dc43509371df35ae2da858,913 ITI-01,520b4e76a9cc28b0c6569db6ee1d2b69ec97dac331fccf5f85a35ae2b53f260a,06ebb9644a2a3cec47351c00887dac177c54978adde1aa4c271a07d233dd8b72,79c4ae48c45e15f21346022d19dde6aa9329703681a8cd3921524af45d8891c9,913 ITI-01,NBA,NBA,2025-2026,2025-03-18,2026-09-01,"{""date_from"":""2025-03-18"",""date_to"":""2026-09-01"",""game_data"":[""pbp""],""leagues"":[""NBA""],""market_data"":[""candles""],""markets"":[""kalshi""],""seasons"":[""2025-2026""],""sports"":[""NBA""]}",TRADABLE_YES_BID,1_MINUTE_CANDLE,available_at,FIRST_TOUCH,"{""id"":""entry_mtw2zh6b_f4q8g"",""op"":""FIRST_TOUCH"",""ordinal"":""FIRST_TOUCH"",""period"":""Q2"",""price_e4"":6800,""source_vocabulary"":""TOUCH""}",REACH,"{""id"":""exit_mty0bwbw_mvfqe"",""op"":""REACH"",""outcome"":""win"",""price_e4"":9500}",REACH,"{""id"":""exit_mtug1t99_aq1lv"",""op"":""REACH"",""outcome"":""loss"",""price_e4"":4500}",HOLD_TO_SETTLEMENT,c5430eb845ac4cefb3c281ac543b383aad9652b9d0817d0605ab42bca6970657,1.0.0,2026-09-13T06:28:48Z,1.0.0,1.0.0,1.0.0,2026-09-13T06:28:48Z,READY,224,116,108,0.517857,0.482143,2700,2300,1.173913,289.285714,a1bee2f832bba4fbfbee499c6c89c2cf1a011d365a81efc1b5ef04b1ed6b0236,candle_path_not_fill,UNAVAILABLE,UNAVAILABLE,UNAVAILABLE,NOT_COMPUTABLE,UNAVAILABLE
path_bands,MONTE_CARLO,base_decomposition,bernoulli_week_13_p95,26552.731199,usd,bernoulli,superasi_bdebase_v1.0.0,grade_config_v1,2026-09-13T13:03:03Z,77f6004823dc43509371df35ae2da858,913 ITI-01,520b4e76a9cc28b0c6569db6ee1d2b69ec97dac331fccf5f85a35ae2b53f260a,06ebb9644a2a3cec47351c00887dac177c54978adde1aa4c271a07d233dd8b72,79c4ae48c45e15f21346022d19dde6aa9329703681a8cd3921524af45d8891c9,913 ITI-01,NBA,NBA,2025-2026,2025-03-18,2026-09-01,"{""date_from"":""2025-03-18"",""date_to"":""2026-09-01"",""game_data"":[""pbp""],""leagues"":[""NBA""],""market_data"":[""candles""],""markets"":[""kalshi""],""seasons"":[""2025-2026""],""sports"":[""NBA""]}",TRADABLE_YES_BID,1_MINUTE_CANDLE,available_at,FIRST_TOUCH,"{""id"":""entry_mtw2zh6b_f4q8g"",""op"":""FIRST_TOUCH"",""ordinal"":""FIRST_TOUCH"",""period"":""Q2"",""price_e4"":6800,""source_vocabulary"":""TOUCH""}",REACH,"{""id"":""exit_mty0bwbw_mvfqe"",""op"":""REACH"",""outcome"":""win"",""price_e4"":9500}",REACH,"{""id"":""exit_mtug1t99_aq1lv"",""op"":""REACH"",""outcome"":""loss"",""price_e4"":4500}",HOLD_TO_SETTLEMENT,c5430eb845ac4cefb3c281ac543b383aad9652b9d0817d0605ab42bca6970657,1.0.0,2026-09-13T06:28:48Z,1.0.0,1.0.0,1.0.0,2026-09-13T06:28:48Z,READY,224,116,108,0.517857,0.482143,2700,2300,1.173913,289.285714,a1bee2f832bba4fbfbee499c6c89c2cf1a011d365a81efc1b5ef04b1ed6b0236,candle_path_not_fill,UNAVAILABLE,UNAVAILABLE,UNAVAILABLE,NOT_COMPUTABLE,UNAVAILABLE
path_bands,MONTE_CARLO,base_decomposition,bernoulli_week_14_p5,13172.152585,usd,bernoulli,superasi_bdebase_v1.0.0,grade_config_v1,2026-09-13T13:03:03Z,77f6004823dc43509371df35ae2da858,913 ITI-01,520b4e76a9cc28b0c6569db6ee1d2b69ec97dac331fccf5f85a35ae2b53f260a,06ebb9644a2a3cec47351c00887dac177c54978adde1aa4c271a07d233dd8b72,79c4ae48c45e15f21346022d19dde6aa9329703681a8cd3921524af45d8891c9,913 ITI-01,NBA,NBA,2025-2026,2025-03-18,2026-09-01,"{""date_from"":""2025-03-18"",""date_to"":""2026-09-01"",""game_data"":[""pbp""],""leagues"":[""NBA""],""market_data"":[""candles""],""markets"":[""kalshi""],""seasons"":[""2025-2026""],""sports"":[""NBA""]}",TRADABLE_YES_BID,1_MINUTE_CANDLE,available_at,FIRST_TOUCH,"{""id"":""entry_mtw2zh6b_f4q8g"",""op"":""FIRST_TOUCH"",""ordinal"":""FIRST_TOUCH"",""period"":""Q2"",""price_e4"":6800,""source_vocabulary"":""TOUCH""}",REACH,"{""id"":""exit_mty0bwbw_mvfqe"",""op"":""REACH"",""outcome"":""win"",""price_e4"":9500}",REACH,"{""id"":""exit_mtug1t99_aq1lv"",""op"":""REACH"",""outcome"":""loss"",""price_e4"":4500}",HOLD_TO_SETTLEMENT,c5430eb845ac4cefb3c281ac543b383aad9652b9d0817d0605ab42bca6970657,1.0.0,2026-09-13T06:28:48Z,1.0.0,1.0.0,1.0.0,2026-09-13T06:28:48Z,READY,224,116,108,0.517857,0.482143,2700,2300,1.173913,289.285714,a1bee2f832bba4fbfbee499c6c89c2cf1a011d365a81efc1b5ef04b1ed6b0236,candle_path_not_fill,UNAVAILABLE,UNAVAILABLE,UNAVAILABLE,NOT_COMPUTABLE,UNAVAILABLE
path_bands,MONTE_CARLO,base_decomposition,bernoulli_week_14_p25,16166.473074,usd,bernoulli,superasi_bdebase_v1.0.0,grade_config_v1,2026-09-13T13:03:03Z,77f6004823dc43509371df35ae2da858,913 ITI-01,520b4e76a9cc28b0c6569db6ee1d2b69ec97dac331fccf5f85a35ae2b53f260a,06ebb9644a2a3cec47351c00887dac177c54978adde1aa4c271a07d233dd8b72,79c4ae48c45e15f21346022d19dde6aa9329703681a8cd3921524af45d8891c9,913 ITI-01,NBA,NBA,2025-2026,2025-03-18,2026-09-01,"{""date_from"":""2025-03-18"",""date_to"":""2026-09-01"",""game_data"":[""pbp""],""leagues"":[""NBA""],""market_data"":[""candles""],""markets"":[""kalshi""],""seasons"":[""2025-2026""],""sports"":[""NBA""]}",TRADABLE_YES_BID,1_MINUTE_CANDLE,available_at,FIRST_TOUCH,"{""id"":""entry_mtw2zh6b_f4q8g"",""op"":""FIRST_TOUCH"",""ordinal"":""FIRST_TOUCH"",""period"":""Q2"",""price_e4"":6800,""source_vocabulary"":""TOUCH""}",REACH,"{""id"":""exit_mty0bwbw_mvfqe"",""op"":""REACH"",""outcome"":""win"",""price_e4"":9500}",REACH,"{""id"":""exit_mtug1t99_aq1lv"",""op"":""REACH"",""outcome"":""loss"",""price_e4"":4500}",HOLD_TO_SETTLEMENT,c5430eb845ac4cefb3c281ac543b383aad9652b9d0817d0605ab42bca6970657,1.0.0,2026-09-13T06:28:48Z,1.0.0,1.0.0,1.0.0,2026-09-13T06:28:48Z,READY,224,116,108,0.517857,0.482143,2700,2300,1.173913,289.285714,a1bee2f832bba4fbfbee499c6c89c2cf1a011d365a81efc1b5ef04b1ed6b0236,candle_path_not_fill,UNAVAILABLE,UNAVAILABLE,UNAVAILABLE,NOT_COMPUTABLE,UNAVAILABLE
path_bands,MONTE_CARLO,base_decomposition,bernoulli_week_14_p50,18721.050548,usd,bernoulli,superasi_bdebase_v1.0.0,grade_config_v1,2026-09-13T13:03:03Z,77f6004823dc43509371df35ae2da858,913 ITI-01,520b4e76a9cc28b0c6569db6ee1d2b69ec97dac331fccf5f85a35ae2b53f260a,06ebb9644a2a3cec47351c00887dac177c54978adde1aa4c271a07d233dd8b72,79c4ae48c45e15f21346022d19dde6aa9329703681a8cd3921524af45d8891c9,913 ITI-01,NBA,NBA,2025-2026,2025-03-18,2026-09-01,"{""date_from"":""2025-03-18"",""date_to"":""2026-09-01"",""game_data"":[""pbp""],""leagues"":[""NBA""],""market_data"":[""candles""],""markets"":[""kalshi""],""seasons"":[""2025-2026""],""sports"":[""NBA""]}",TRADABLE_YES_BID,1_MINUTE_CANDLE,available_at,FIRST_TOUCH,"{""id"":""entry_mtw2zh6b_f4q8g"",""op"":""FIRST_TOUCH"",""ordinal"":""FIRST_TOUCH"",""period"":""Q2"",""price_e4"":6800,""source_vocabulary"":""TOUCH""}",REACH,"{""id"":""exit_mty0bwbw_mvfqe"",""op"":""REACH"",""outcome"":""win"",""price_e4"":9500}",REACH,"{""id"":""exit_mtug1t99_aq1lv"",""op"":""REACH"",""outcome"":""loss"",""price_e4"":4500}",HOLD_TO_SETTLEMENT,c5430eb845ac4cefb3c281ac543b383aad9652b9d0817d0605ab42bca6970657,1.0.0,2026-09-13T06:28:48Z,1.0.0,1.0.0,1.0.0,2026-09-13T06:28:48Z,READY,224,116,108,0.517857,0.482143,2700,2300,1.173913,289.285714,a1bee2f832bba4fbfbee499c6c89c2cf1a011d365a81efc1b5ef04b1ed6b0236,candle_path_not_fill,UNAVAILABLE,UNAVAILABLE,UNAVAILABLE,NOT_COMPUTABLE,UNAVAILABLE
path_bands,MONTE_CARLO,base_decomposition,bernoulli_week_14_p75,21701.198985,usd,bernoulli,superasi_bdebase_v1.0.0,grade_config_v1,2026-09-13T13:03:03Z,77f6004823dc43509371df35ae2da858,913 ITI-01,520b4e76a9cc28b0c6569db6ee1d2b69ec97dac331fccf5f85a35ae2b53f260a,06ebb9644a2a3cec47351c00887dac177c54978adde1aa4c271a07d233dd8b72,79c4ae48c45e15f21346022d19dde6aa9329703681a8cd3921524af45d8891c9,913 ITI-01,NBA,NBA,2025-2026,2025-03-18,2026-09-01,"{""date_from"":""2025-03-18"",""date_to"":""2026-09-01"",""game_data"":[""pbp""],""leagues"":[""NBA""],""market_data"":[""candles""],""markets"":[""kalshi""],""seasons"":[""2025-2026""],""sports"":[""NBA""]}",TRADABLE_YES_BID,1_MINUTE_CANDLE,available_at,FIRST_TOUCH,"{""id"":""entry_mtw2zh6b_f4q8g"",""op"":""FIRST_TOUCH"",""ordinal"":""FIRST_TOUCH"",""period"":""Q2"",""price_e4"":6800,""source_vocabulary"":""TOUCH""}",REACH,"{""id"":""exit_mty0bwbw_mvfqe"",""op"":""REACH"",""outcome"":""win"",""price_e4"":9500}",REACH,"{""id"":""exit_mtug1t99_aq1lv"",""op"":""REACH"",""outcome"":""loss"",""price_e4"":4500}",HOLD_TO_SETTLEMENT,c5430eb845ac4cefb3c281ac543b383aad9652b9d0817d0605ab42bca6970657,1.0.0,2026-09-13T06:28:48Z,1.0.0,1.0.0,1.0.0,2026-09-13T06:28:48Z,READY,224,116,108,0.517857,0.482143,2700,2300,1.173913,289.285714,a1bee2f832bba4fbfbee499c6c89c2cf1a011d365a81efc1b5ef04b1ed6b0236,candle_path_not_fill,UNAVAILABLE,UNAVAILABLE,UNAVAILABLE,NOT_COMPUTABLE,UNAVAILABLE
path_bands,MONTE_CARLO,base_decomposition,bernoulli_week_14_p95,26811.454447,usd,bernoulli,superasi_bdebase_v1.0.0,grade_config_v1,2026-09-13T13:03:03Z,77f6004823dc43509371df35ae2da858,913 ITI-01,520b4e76a9cc28b0c6569db6ee1d2b69ec97dac331fccf5f85a35ae2b53f260a,06ebb9644a2a3cec47351c00887dac177c54978adde1aa4c271a07d233dd8b72,79c4ae48c45e15f21346022d19dde6aa9329703681a8cd3921524af45d8891c9,913 ITI-01,NBA,NBA,2025-2026,2025-03-18,2026-09-01,"{""date_from"":""2025-03-18"",""date_to"":""2026-09-01"",""game_data"":[""pbp""],""leagues"":[""NBA""],""market_data"":[""candles""],""markets"":[""kalshi""],""seasons"":[""2025-2026""],""sports"":[""NBA""]}",TRADABLE_YES_BID,1_MINUTE_CANDLE,available_at,FIRST_TOUCH,"{""id"":""entry_mtw2zh6b_f4q8g"",""op"":""FIRST_TOUCH"",""ordinal"":""FIRST_TOUCH"",""period"":""Q2"",""price_e4"":6800,""source_vocabulary"":""TOUCH""}",REACH,"{""id"":""exit_mty0bwbw_mvfqe"",""op"":""REACH"",""outcome"":""win"",""price_e4"":9500}",REACH,"{""id"":""exit_mtug1t99_aq1lv"",""op"":""REACH"",""outcome"":""loss"",""price_e4"":4500}",HOLD_TO_SETTLEMENT,c5430eb845ac4cefb3c281ac543b383aad9652b9d0817d0605ab42bca6970657,1.0.0,2026-09-13T06:28:48Z,1.0.0,1.0.0,1.0.0,2026-09-13T06:28:48Z,READY,224,116,108,0.517857,0.482143,2700,2300,1.173913,289.285714,a1bee2f832bba4fbfbee499c6c89c2cf1a011d365a81efc1b5ef04b1ed6b0236,candle_path_not_fill,UNAVAILABLE,UNAVAILABLE,UNAVAILABLE,NOT_COMPUTABLE,UNAVAILABLE
path_bands,MONTE_CARLO,base_decomposition,bernoulli_week_15_p5,12936.807993,usd,bernoulli,superasi_bdebase_v1.0.0,grade_config_v1,2026-09-13T13:03:03Z,77f6004823dc43509371df35ae2da858,913 ITI-01,520b4e76a9cc28b0c6569db6ee1d2b69ec97dac331fccf5f85a35ae2b53f260a,06ebb9644a2a3cec47351c00887dac177c54978adde1aa4c271a07d233dd8b72,79c4ae48c45e15f21346022d19dde6aa9329703681a8cd3921524af45d8891c9,913 ITI-01,NBA,NBA,2025-2026,2025-03-18,2026-09-01,"{""date_from"":""2025-03-18"",""date_to"":""2026-09-01"",""game_data"":[""pbp""],""leagues"":[""NBA""],""market_data"":[""candles""],""markets"":[""kalshi""],""seasons"":[""2025-2026""],""sports"":[""NBA""]}",TRADABLE_YES_BID,1_MINUTE_CANDLE,available_at,FIRST_TOUCH,"{""id"":""entry_mtw2zh6b_f4q8g"",""op"":""FIRST_TOUCH"",""ordinal"":""FIRST_TOUCH"",""period"":""Q2"",""price_e4"":6800,""source_vocabulary"":""TOUCH""}",REACH,"{""id"":""exit_mty0bwbw_mvfqe"",""op"":""REACH"",""outcome"":""win"",""price_e4"":9500}",REACH,"{""id"":""exit_mtug1t99_aq1lv"",""op"":""REACH"",""outcome"":""loss"",""price_e4"":4500}",HOLD_TO_SETTLEMENT,c5430eb845ac4cefb3c281ac543b383aad9652b9d0817d0605ab42bca6970657,1.0.0,2026-09-13T06:28:48Z,1.0.0,1.0.0,1.0.0,2026-09-13T06:28:48Z,READY,224,116,108,0.517857,0.482143,2700,2300,1.173913,289.285714,a1bee2f832bba4fbfbee499c6c89c2cf1a011d365a81efc1b5ef04b1ed6b0236,candle_path_not_fill,UNAVAILABLE,UNAVAILABLE,UNAVAILABLE,NOT_COMPUTABLE,UNAVAILABLE
path_bands,MONTE_CARLO,base_decomposition,bernoulli_week_15_p25,16156.933347,usd,bernoulli,superasi_bdebase_v1.0.0,grade_config_v1,2026-09-13T13:03:03Z,77f6004823dc43509371df35ae2da858,913 ITI-01,520b4e76a9cc28b0c6569db6ee1d2b69ec97dac331fccf5f85a35ae2b53f260a,06ebb9644a2a3cec47351c00887dac177c54978adde1aa4c271a07d233dd8b72,79c4ae48c45e15f21346022d19dde6aa9329703681a8cd3921524af45d8891c9,913 ITI-01,NBA,NBA,2025-2026,2025-03-18,2026-09-01,"{""date_from"":""2025-03-18"",""date_to"":""2026-09-01"",""game_data"":[""pbp""],""leagues"":[""NBA""],""market_data"":[""candles""],""markets"":[""kalshi""],""seasons"":[""2025-2026""],""sports"":[""NBA""]}",TRADABLE_YES_BID,1_MINUTE_CANDLE,available_at,FIRST_TOUCH,"{""id"":""entry_mtw2zh6b_f4q8g"",""op"":""FIRST_TOUCH"",""ordinal"":""FIRST_TOUCH"",""period"":""Q2"",""price_e4"":6800,""source_vocabulary"":""TOUCH""}",REACH,"{""id"":""exit_mty0bwbw_mvfqe"",""op"":""REACH"",""outcome"":""win"",""price_e4"":9500}",REACH,"{""id"":""exit_mtug1t99_aq1lv"",""op"":""REACH"",""outcome"":""loss"",""price_e4"":4500}",HOLD_TO_SETTLEMENT,c5430eb845ac4cefb3c281ac543b383aad9652b9d0817d0605ab42bca6970657,1.0.0,2026-09-13T06:28:48Z,1.0.0,1.0.0,1.0.0,2026-09-13T06:28:48Z,READY,224,116,108,0.517857,0.482143,2700,2300,1.173913,289.285714,a1bee2f832bba4fbfbee499c6c89c2cf1a011d365a81efc1b5ef04b1ed6b0236,candle_path_not_fill,UNAVAILABLE,UNAVAILABLE,UNAVAILABLE,NOT_COMPUTABLE,UNAVAILABLE
path_bands,MONTE_CARLO,base_decomposition,bernoulli_week_15_p50,18790.889730,usd,bernoulli,superasi_bdebase_v1.0.0,grade_config_v1,2026-09-13T13:03:03Z,77f6004823dc43509371df35ae2da858,913 ITI-01,520b4e76a9cc28b0c6569db6ee1d2b69ec97dac331fccf5f85a35ae2b53f260a,06ebb9644a2a3cec47351c00887dac177c54978adde1aa4c271a07d233dd8b72,79c4ae48c45e15f21346022d19dde6aa9329703681a8cd3921524af45d8891c9,913 ITI-01,NBA,NBA,2025-2026,2025-03-18,2026-09-01,"{""date_from"":""2025-03-18"",""date_to"":""2026-09-01"",""game_data"":[""pbp""],""leagues"":[""NBA""],""market_data"":[""candles""],""markets"":[""kalshi""],""seasons"":[""2025-2026""],""sports"":[""NBA""]}",TRADABLE_YES_BID,1_MINUTE_CANDLE,available_at,FIRST_TOUCH,"{""id"":""entry_mtw2zh6b_f4q8g"",""op"":""FIRST_TOUCH"",""ordinal"":""FIRST_TOUCH"",""period"":""Q2"",""price_e4"":6800,""source_vocabulary"":""TOUCH""}",REACH,"{""id"":""exit_mty0bwbw_mvfqe"",""op"":""REACH"",""outcome"":""win"",""price_e4"":9500}",REACH,"{""id"":""exit_mtug1t99_aq1lv"",""op"":""REACH"",""outcome"":""loss"",""price_e4"":4500}",HOLD_TO_SETTLEMENT,c5430eb845ac4cefb3c281ac543b383aad9652b9d0817d0605ab42bca6970657,1.0.0,2026-09-13T06:28:48Z,1.0.0,1.0.0,1.0.0,2026-09-13T06:28:48Z,READY,224,116,108,0.517857,0.482143,2700,2300,1.173913,289.285714,a1bee2f832bba4fbfbee499c6c89c2cf1a011d365a81efc1b5ef04b1ed6b0236,candle_path_not_fill,UNAVAILABLE,UNAVAILABLE,UNAVAILABLE,NOT_COMPUTABLE,UNAVAILABLE
path_bands,MONTE_CARLO,base_decomposition,bernoulli_week_15_p75,21823.778727,usd,bernoulli,superasi_bdebase_v1.0.0,grade_config_v1,2026-09-13T13:03:03Z,77f6004823dc43509371df35ae2da858,913 ITI-01,520b4e76a9cc28b0c6569db6ee1d2b69ec97dac331fccf5f85a35ae2b53f260a,06ebb9644a2a3cec47351c00887dac177c54978adde1aa4c271a07d233dd8b72,79c4ae48c45e15f21346022d19dde6aa9329703681a8cd3921524af45d8891c9,913 ITI-01,NBA,NBA,2025-2026,2025-03-18,2026-09-01,"{""date_from"":""2025-03-18"",""date_to"":""2026-09-01"",""game_data"":[""pbp""],""leagues"":[""NBA""],""market_data"":[""candles""],""markets"":[""kalshi""],""seasons"":[""2025-2026""],""sports"":[""NBA""]}",TRADABLE_YES_BID,1_MINUTE_CANDLE,available_at,FIRST_TOUCH,"{""id"":""entry_mtw2zh6b_f4q8g"",""op"":""FIRST_TOUCH"",""ordinal"":""FIRST_TOUCH"",""period"":""Q2"",""price_e4"":6800,""source_vocabulary"":""TOUCH""}",REACH,"{""id"":""exit_mty0bwbw_mvfqe"",""op"":""REACH"",""outcome"":""win"",""price_e4"":9500}",REACH,"{""id"":""exit_mtug1t99_aq1lv"",""op"":""REACH"",""outcome"":""loss"",""price_e4"":4500}",HOLD_TO_SETTLEMENT,c5430eb845ac4cefb3c281ac543b383aad9652b9d0817d0605ab42bca6970657,1.0.0,2026-09-13T06:28:48Z,1.0.0,1.0.0,1.0.0,2026-09-13T06:28:48Z,READY,224,116,108,0.517857,0.482143,2700,2300,1.173913,289.285714,a1bee2f832bba4fbfbee499c6c89c2cf1a011d365a81efc1b5ef04b1ed6b0236,candle_path_not_fill,UNAVAILABLE,UNAVAILABLE,UNAVAILABLE,NOT_COMPUTABLE,UNAVAILABLE
path_bands,MONTE_CARLO,base_decomposition,bernoulli_week_15_p95,27094.902820,usd,bernoulli,superasi_bdebase_v1.0.0,grade_config_v1,2026-09-13T13:03:03Z,77f6004823dc43509371df35ae2da858,913 ITI-01,520b4e76a9cc28b0c6569db6ee1d2b69ec97dac331fccf5f85a35ae2b53f260a,06ebb9644a2a3cec47351c00887dac177c54978adde1aa4c271a07d233dd8b72,79c4ae48c45e15f21346022d19dde6aa9329703681a8cd3921524af45d8891c9,913 ITI-01,NBA,NBA,2025-2026,2025-03-18,2026-09-01,"{""date_from"":""2025-03-18"",""date_to"":""2026-09-01"",""game_data"":[""pbp""],""leagues"":[""NBA""],""market_data"":[""candles""],""markets"":[""kalshi""],""seasons"":[""2025-2026""],""sports"":[""NBA""]}",TRADABLE_YES_BID,1_MINUTE_CANDLE,available_at,FIRST_TOUCH,"{""id"":""entry_mtw2zh6b_f4q8g"",""op"":""FIRST_TOUCH"",""ordinal"":""FIRST_TOUCH"",""period"":""Q2"",""price_e4"":6800,""source_vocabulary"":""TOUCH""}",REACH,"{""id"":""exit_mty0bwbw_mvfqe"",""op"":""REACH"",""outcome"":""win"",""price_e4"":9500}",REACH,"{""id"":""exit_mtug1t99_aq1lv"",""op"":""REACH"",""outcome"":""loss"",""price_e4"":4500}",HOLD_TO_SETTLEMENT,c5430eb845ac4cefb3c281ac543b383aad9652b9d0817d0605ab42bca6970657,1.0.0,2026-09-13T06:28:48Z,1.0.0,1.0.0,1.0.0,2026-09-13T06:28:48Z,READY,224,116,108,0.517857,0.482143,2700,2300,1.173913,289.285714,a1bee2f832bba4fbfbee499c6c89c2cf1a011d365a81efc1b5ef04b1ed6b0236,candle_path_not_fill,UNAVAILABLE,UNAVAILABLE,UNAVAILABLE,NOT_COMPUTABLE,UNAVAILABLE
path_bands,MONTE_CARLO,base_decomposition,bernoulli_week_16_p5,12671.763057,usd,bernoulli,superasi_bdebase_v1.0.0,grade_config_v1,2026-09-13T13:03:03Z,77f6004823dc43509371df35ae2da858,913 ITI-01,520b4e76a9cc28b0c6569db6ee1d2b69ec97dac331fccf5f85a35ae2b53f260a,06ebb9644a2a3cec47351c00887dac177c54978adde1aa4c271a07d233dd8b72,79c4ae48c45e15f21346022d19dde6aa9329703681a8cd3921524af45d8891c9,913 ITI-01,NBA,NBA,2025-2026,2025-03-18,2026-09-01,"{""date_from"":""2025-03-18"",""date_to"":""2026-09-01"",""game_data"":[""pbp""],""leagues"":[""NBA""],""market_data"":[""candles""],""markets"":[""kalshi""],""seasons"":[""2025-2026""],""sports"":[""NBA""]}",TRADABLE_YES_BID,1_MINUTE_CANDLE,available_at,FIRST_TOUCH,"{""id"":""entry_mtw2zh6b_f4q8g"",""op"":""FIRST_TOUCH"",""ordinal"":""FIRST_TOUCH"",""period"":""Q2"",""price_e4"":6800,""source_vocabulary"":""TOUCH""}",REACH,"{""id"":""exit_mty0bwbw_mvfqe"",""op"":""REACH"",""outcome"":""win"",""price_e4"":9500}",REACH,"{""id"":""exit_mtug1t99_aq1lv"",""op"":""REACH"",""outcome"":""loss"",""price_e4"":4500}",HOLD_TO_SETTLEMENT,c5430eb845ac4cefb3c281ac543b383aad9652b9d0817d0605ab42bca6970657,1.0.0,2026-09-13T06:28:48Z,1.0.0,1.0.0,1.0.0,2026-09-13T06:28:48Z,READY,224,116,108,0.517857,0.482143,2700,2300,1.173913,289.285714,a1bee2f832bba4fbfbee499c6c89c2cf1a011d365a81efc1b5ef04b1ed6b0236,candle_path_not_fill,UNAVAILABLE,UNAVAILABLE,UNAVAILABLE,NOT_COMPUTABLE,UNAVAILABLE
path_bands,MONTE_CARLO,base_decomposition,bernoulli_week_16_p25,15925.307064,usd,bernoulli,superasi_bdebase_v1.0.0,grade_config_v1,2026-09-13T13:03:03Z,77f6004823dc43509371df35ae2da858,913 ITI-01,520b4e76a9cc28b0c6569db6ee1d2b69ec97dac331fccf5f85a35ae2b53f260a,06ebb9644a2a3cec47351c00887dac177c54978adde1aa4c271a07d233dd8b72,79c4ae48c45e15f21346022d19dde6aa9329703681a8cd3921524af45d8891c9,913 ITI-01,NBA,NBA,2025-2026,2025-03-18,2026-09-01,"{""date_from"":""2025-03-18"",""date_to"":""2026-09-01"",""game_data"":[""pbp""],""leagues"":[""NBA""],""market_data"":[""candles""],""markets"":[""kalshi""],""seasons"":[""2025-2026""],""sports"":[""NBA""]}",TRADABLE_YES_BID,1_MINUTE_CANDLE,available_at,FIRST_TOUCH,"{""id"":""entry_mtw2zh6b_f4q8g"",""op"":""FIRST_TOUCH"",""ordinal"":""FIRST_TOUCH"",""period"":""Q2"",""price_e4"":6800,""source_vocabulary"":""TOUCH""}",REACH,"{""id"":""exit_mty0bwbw_mvfqe"",""op"":""REACH"",""outcome"":""win"",""price_e4"":9500}",REACH,"{""id"":""exit_mtug1t99_aq1lv"",""op"":""REACH"",""outcome"":""loss"",""price_e4"":4500}",HOLD_TO_SETTLEMENT,c5430eb845ac4cefb3c281ac543b383aad9652b9d0817d0605ab42bca6970657,1.0.0,2026-09-13T06:28:48Z,1.0.0,1.0.0,1.0.0,2026-09-13T06:28:48Z,READY,224,116,108,0.517857,0.482143,2700,2300,1.173913,289.285714,a1bee2f832bba4fbfbee499c6c89c2cf1a011d365a81efc1b5ef04b1ed6b0236,candle_path_not_fill,UNAVAILABLE,UNAVAILABLE,UNAVAILABLE,NOT_COMPUTABLE,UNAVAILABLE
path_bands,MONTE_CARLO,base_decomposition,bernoulli_week_16_p50,18575.228528,usd,bernoulli,superasi_bdebase_v1.0.0,grade_config_v1,2026-09-13T13:03:03Z,77f6004823dc43509371df35ae2da858,913 ITI-01,520b4e76a9cc28b0c6569db6ee1d2b69ec97dac331fccf5f85a35ae2b53f260a,06ebb9644a2a3cec47351c00887dac177c54978adde1aa4c271a07d233dd8b72,79c4ae48c45e15f21346022d19dde6aa9329703681a8cd3921524af45d8891c9,913 ITI-01,NBA,NBA,2025-2026,2025-03-18,2026-09-01,"{""date_from"":""2025-03-18"",""date_to"":""2026-09-01"",""game_data"":[""pbp""],""leagues"":[""NBA""],""market_data"":[""candles""],""markets"":[""kalshi""],""seasons"":[""2025-2026""],""sports"":[""NBA""]}",TRADABLE_YES_BID,1_MINUTE_CANDLE,available_at,FIRST_TOUCH,"{""id"":""entry_mtw2zh6b_f4q8g"",""op"":""FIRST_TOUCH"",""ordinal"":""FIRST_TOUCH"",""period"":""Q2"",""price_e4"":6800,""source_vocabulary"":""TOUCH""}",REACH,"{""id"":""exit_mty0bwbw_mvfqe"",""op"":""REACH"",""outcome"":""win"",""price_e4"":9500}",REACH,"{""id"":""exit_mtug1t99_aq1lv"",""op"":""REACH"",""outcome"":""loss"",""price_e4"":4500}",HOLD_TO_SETTLEMENT,c5430eb845ac4cefb3c281ac543b383aad9652b9d0817d0605ab42bca6970657,1.0.0,2026-09-13T06:28:48Z,1.0.0,1.0.0,1.0.0,2026-09-13T06:28:48Z,READY,224,116,108,0.517857,0.482143,2700,2300,1.173913,289.285714,a1bee2f832bba4fbfbee499c6c89c2cf1a011d365a81efc1b5ef04b1ed6b0236,candle_path_not_fill,UNAVAILABLE,UNAVAILABLE,UNAVAILABLE,NOT_COMPUTABLE,UNAVAILABLE
path_bands,MONTE_CARLO,base_decomposition,bernoulli_week_16_p75,21903.902967,usd,bernoulli,superasi_bdebase_v1.0.0,grade_config_v1,2026-09-13T13:03:03Z,77f6004823dc43509371df35ae2da858,913 ITI-01,520b4e76a9cc28b0c6569db6ee1d2b69ec97dac331fccf5f85a35ae2b53f260a,06ebb9644a2a3cec47351c00887dac177c54978adde1aa4c271a07d233dd8b72,79c4ae48c45e15f21346022d19dde6aa9329703681a8cd3921524af45d8891c9,913 ITI-01,NBA,NBA,2025-2026,2025-03-18,2026-09-01,"{""date_from"":""2025-03-18"",""date_to"":""2026-09-01"",""game_data"":[""pbp""],""leagues"":[""NBA""],""market_data"":[""candles""],""markets"":[""kalshi""],""seasons"":[""2025-2026""],""sports"":[""NBA""]}",TRADABLE_YES_BID,1_MINUTE_CANDLE,available_at,FIRST_TOUCH,"{""id"":""entry_mtw2zh6b_f4q8g"",""op"":""FIRST_TOUCH"",""ordinal"":""FIRST_TOUCH"",""period"":""Q2"",""price_e4"":6800,""source_vocabulary"":""TOUCH""}",REACH,"{""id"":""exit_mty0bwbw_mvfqe"",""op"":""REACH"",""outcome"":""win"",""price_e4"":9500}",REACH,"{""id"":""exit_mtug1t99_aq1lv"",""op"":""REACH"",""outcome"":""loss"",""price_e4"":4500}",HOLD_TO_SETTLEMENT,c5430eb845ac4cefb3c281ac543b383aad9652b9d0817d0605ab42bca6970657,1.0.0,2026-09-13T06:28:48Z,1.0.0,1.0.0,1.0.0,2026-09-13T06:28:48Z,READY,224,116,108,0.517857,0.482143,2700,2300,1.173913,289.285714,a1bee2f832bba4fbfbee499c6c89c2cf1a011d365a81efc1b5ef04b1ed6b0236,candle_path_not_fill,UNAVAILABLE,UNAVAILABLE,UNAVAILABLE,NOT_COMPUTABLE,UNAVAILABLE
path_bands,MONTE_CARLO,base_decomposition,bernoulli_week_16_p95,27349.590484,usd,bernoulli,superasi_bdebase_v1.0.0,grade_config_v1,2026-09-13T13:03:03Z,77f6004823dc43509371df35ae2da858,913 ITI-01,520b4e76a9cc28b0c6569db6ee1d2b69ec97dac331fccf5f85a35ae2b53f260a,06ebb9644a2a3cec47351c00887dac177c54978adde1aa4c271a07d233dd8b72,79c4ae48c45e15f21346022d19dde6aa9329703681a8cd3921524af45d8891c9,913 ITI-01,NBA,NBA,2025-2026,2025-03-18,2026-09-01,"{""date_from"":""2025-03-18"",""date_to"":""2026-09-01"",""game_data"":[""pbp""],""leagues"":[""NBA""],""market_data"":[""candles""],""markets"":[""kalshi""],""seasons"":[""2025-2026""],""sports"":[""NBA""]}",TRADABLE_YES_BID,1_MINUTE_CANDLE,available_at,FIRST_TOUCH,"{""id"":""entry_mtw2zh6b_f4q8g"",""op"":""FIRST_TOUCH"",""ordinal"":""FIRST_TOUCH"",""period"":""Q2"",""price_e4"":6800,""source_vocabulary"":""TOUCH""}",REACH,"{""id"":""exit_mty0bwbw_mvfqe"",""op"":""REACH"",""outcome"":""win"",""price_e4"":9500}",REACH,"{""id"":""exit_mtug1t99_aq1lv"",""op"":""REACH"",""outcome"":""loss"",""price_e4"":4500}",HOLD_TO_SETTLEMENT,c5430eb845ac4cefb3c281ac543b383aad9652b9d0817d0605ab42bca6970657,1.0.0,2026-09-13T06:28:48Z,1.0.0,1.0.0,1.0.0,2026-09-13T06:28:48Z,READY,224,116,108,0.517857,0.482143,2700,2300,1.173913,289.285714,a1bee2f832bba4fbfbee499c6c89c2cf1a011d365a81efc1b5ef04b1ed6b0236,candle_path_not_fill,UNAVAILABLE,UNAVAILABLE,UNAVAILABLE,NOT_COMPUTABLE,UNAVAILABLE
path_bands,MONTE_CARLO,base_decomposition,bernoulli_week_17_p5,12425.117510,usd,bernoulli,superasi_bdebase_v1.0.0,grade_config_v1,2026-09-13T13:03:03Z,77f6004823dc43509371df35ae2da858,913 ITI-01,520b4e76a9cc28b0c6569db6ee1d2b69ec97dac331fccf5f85a35ae2b53f260a,06ebb9644a2a3cec47351c00887dac177c54978adde1aa4c271a07d233dd8b72,79c4ae48c45e15f21346022d19dde6aa9329703681a8cd3921524af45d8891c9,913 ITI-01,NBA,NBA,2025-2026,2025-03-18,2026-09-01,"{""date_from"":""2025-03-18"",""date_to"":""2026-09-01"",""game_data"":[""pbp""],""leagues"":[""NBA""],""market_data"":[""candles""],""markets"":[""kalshi""],""seasons"":[""2025-2026""],""sports"":[""NBA""]}",TRADABLE_YES_BID,1_MINUTE_CANDLE,available_at,FIRST_TOUCH,"{""id"":""entry_mtw2zh6b_f4q8g"",""op"":""FIRST_TOUCH"",""ordinal"":""FIRST_TOUCH"",""period"":""Q2"",""price_e4"":6800,""source_vocabulary"":""TOUCH""}",REACH,"{""id"":""exit_mty0bwbw_mvfqe"",""op"":""REACH"",""outcome"":""win"",""price_e4"":9500}",REACH,"{""id"":""exit_mtug1t99_aq1lv"",""op"":""REACH"",""outcome"":""loss"",""price_e4"":4500}",HOLD_TO_SETTLEMENT,c5430eb845ac4cefb3c281ac543b383aad9652b9d0817d0605ab42bca6970657,1.0.0,2026-09-13T06:28:48Z,1.0.0,1.0.0,1.0.0,2026-09-13T06:28:48Z,READY,224,116,108,0.517857,0.482143,2700,2300,1.173913,289.285714,a1bee2f832bba4fbfbee499c6c89c2cf1a011d365a81efc1b5ef04b1ed6b0236,candle_path_not_fill,UNAVAILABLE,UNAVAILABLE,UNAVAILABLE,NOT_COMPUTABLE,UNAVAILABLE
path_bands,MONTE_CARLO,base_decomposition,bernoulli_week_17_p25,15841.102885,usd,bernoulli,superasi_bdebase_v1.0.0,grade_config_v1,2026-09-13T13:03:03Z,77f6004823dc43509371df35ae2da858,913 ITI-01,520b4e76a9cc28b0c6569db6ee1d2b69ec97dac331fccf5f85a35ae2b53f260a,06ebb9644a2a3cec47351c00887dac177c54978adde1aa4c271a07d233dd8b72,79c4ae48c45e15f21346022d19dde6aa9329703681a8cd3921524af45d8891c9,913 ITI-01,NBA,NBA,2025-2026,2025-03-18,2026-09-01,"{""date_from"":""2025-03-18"",""date_to"":""2026-09-01"",""game_data"":[""pbp""],""leagues"":[""NBA""],""market_data"":[""candles""],""markets"":[""kalshi""],""seasons"":[""2025-2026""],""sports"":[""NBA""]}",TRADABLE_YES_BID,1_MINUTE_CANDLE,available_at,FIRST_TOUCH,"{""id"":""entry_mtw2zh6b_f4q8g"",""op"":""FIRST_TOUCH"",""ordinal"":""FIRST_TOUCH"",""period"":""Q2"",""price_e4"":6800,""source_vocabulary"":""TOUCH""}",REACH,"{""id"":""exit_mty0bwbw_mvfqe"",""op"":""REACH"",""outcome"":""win"",""price_e4"":9500}",REACH,"{""id"":""exit_mtug1t99_aq1lv"",""op"":""REACH"",""outcome"":""loss"",""price_e4"":4500}",HOLD_TO_SETTLEMENT,c5430eb845ac4cefb3c281ac543b383aad9652b9d0817d0605ab42bca6970657,1.0.0,2026-09-13T06:28:48Z,1.0.0,1.0.0,1.0.0,2026-09-13T06:28:48Z,READY,224,116,108,0.517857,0.482143,2700,2300,1.173913,289.285714,a1bee2f832bba4fbfbee499c6c89c2cf1a011d365a81efc1b5ef04b1ed6b0236,candle_path_not_fill,UNAVAILABLE,UNAVAILABLE,UNAVAILABLE,NOT_COMPUTABLE,UNAVAILABLE
path_bands,MONTE_CARLO,base_decomposition,bernoulli_week_17_p50,18624.608061,usd,bernoulli,superasi_bdebase_v1.0.0,grade_config_v1,2026-09-13T13:03:03Z,77f6004823dc43509371df35ae2da858,913 ITI-01,520b4e76a9cc28b0c6569db6ee1d2b69ec97dac331fccf5f85a35ae2b53f260a,06ebb9644a2a3cec47351c00887dac177c54978adde1aa4c271a07d233dd8b72,79c4ae48c45e15f21346022d19dde6aa9329703681a8cd3921524af45d8891c9,913 ITI-01,NBA,NBA,2025-2026,2025-03-18,2026-09-01,"{""date_from"":""2025-03-18"",""date_to"":""2026-09-01"",""game_data"":[""pbp""],""leagues"":[""NBA""],""market_data"":[""candles""],""markets"":[""kalshi""],""seasons"":[""2025-2026""],""sports"":[""NBA""]}",TRADABLE_YES_BID,1_MINUTE_CANDLE,available_at,FIRST_TOUCH,"{""id"":""entry_mtw2zh6b_f4q8g"",""op"":""FIRST_TOUCH"",""ordinal"":""FIRST_TOUCH"",""period"":""Q2"",""price_e4"":6800,""source_vocabulary"":""TOUCH""}",REACH,"{""id"":""exit_mty0bwbw_mvfqe"",""op"":""REACH"",""outcome"":""win"",""price_e4"":9500}",REACH,"{""id"":""exit_mtug1t99_aq1lv"",""op"":""REACH"",""outcome"":""loss"",""price_e4"":4500}",HOLD_TO_SETTLEMENT,c5430eb845ac4cefb3c281ac543b383aad9652b9d0817d0605ab42bca6970657,1.0.0,2026-09-13T06:28:48Z,1.0.0,1.0.0,1.0.0,2026-09-13T06:28:48Z,READY,224,116,108,0.517857,0.482143,2700,2300,1.173913,289.285714,a1bee2f832bba4fbfbee499c6c89c2cf1a011d365a81efc1b5ef04b1ed6b0236,candle_path_not_fill,UNAVAILABLE,UNAVAILABLE,UNAVAILABLE,NOT_COMPUTABLE,UNAVAILABLE
path_bands,MONTE_CARLO,base_decomposition,bernoulli_week_17_p75,21762.654304,usd,bernoulli,superasi_bdebase_v1.0.0,grade_config_v1,2026-09-13T13:03:03Z,77f6004823dc43509371df35ae2da858,913 ITI-01,520b4e76a9cc28b0c6569db6ee1d2b69ec97dac331fccf5f85a35ae2b53f260a,06ebb9644a2a3cec47351c00887dac177c54978adde1aa4c271a07d233dd8b72,79c4ae48c45e15f21346022d19dde6aa9329703681a8cd3921524af45d8891c9,913 ITI-01,NBA,NBA,2025-2026,2025-03-18,2026-09-01,"{""date_from"":""2025-03-18"",""date_to"":""2026-09-01"",""game_data"":[""pbp""],""leagues"":[""NBA""],""market_data"":[""candles""],""markets"":[""kalshi""],""seasons"":[""2025-2026""],""sports"":[""NBA""]}",TRADABLE_YES_BID,1_MINUTE_CANDLE,available_at,FIRST_TOUCH,"{""id"":""entry_mtw2zh6b_f4q8g"",""op"":""FIRST_TOUCH"",""ordinal"":""FIRST_TOUCH"",""period"":""Q2"",""price_e4"":6800,""source_vocabulary"":""TOUCH""}",REACH,"{""id"":""exit_mty0bwbw_mvfqe"",""op"":""REACH"",""outcome"":""win"",""price_e4"":9500}",REACH,"{""id"":""exit_mtug1t99_aq1lv"",""op"":""REACH"",""outcome"":""loss"",""price_e4"":4500}",HOLD_TO_SETTLEMENT,c5430eb845ac4cefb3c281ac543b383aad9652b9d0817d0605ab42bca6970657,1.0.0,2026-09-13T06:28:48Z,1.0.0,1.0.0,1.0.0,2026-09-13T06:28:48Z,READY,224,116,108,0.517857,0.482143,2700,2300,1.173913,289.285714,a1bee2f832bba4fbfbee499c6c89c2cf1a011d365a81efc1b5ef04b1ed6b0236,candle_path_not_fill,UNAVAILABLE,UNAVAILABLE,UNAVAILABLE,NOT_COMPUTABLE,UNAVAILABLE
path_bands,MONTE_CARLO,base_decomposition,bernoulli_week_17_p95,27486.932658,usd,bernoulli,superasi_bdebase_v1.0.0,grade_config_v1,2026-09-13T13:03:03Z,77f6004823dc43509371df35ae2da858,913 ITI-01,520b4e76a9cc28b0c6569db6ee1d2b69ec97dac331fccf5f85a35ae2b53f260a,06ebb9644a2a3cec47351c00887dac177c54978adde1aa4c271a07d233dd8b72,79c4ae48c45e15f21346022d19dde6aa9329703681a8cd3921524af45d8891c9,913 ITI-01,NBA,NBA,2025-2026,2025-03-18,2026-09-01,"{""date_from"":""2025-03-18"",""date_to"":""2026-09-01"",""game_data"":[""pbp""],""leagues"":[""NBA""],""market_data"":[""candles""],""markets"":[""kalshi""],""seasons"":[""2025-2026""],""sports"":[""NBA""]}",TRADABLE_YES_BID,1_MINUTE_CANDLE,available_at,FIRST_TOUCH,"{""id"":""entry_mtw2zh6b_f4q8g"",""op"":""FIRST_TOUCH"",""ordinal"":""FIRST_TOUCH"",""period"":""Q2"",""price_e4"":6800,""source_vocabulary"":""TOUCH""}",REACH,"{""id"":""exit_mty0bwbw_mvfqe"",""op"":""REACH"",""outcome"":""win"",""price_e4"":9500}",REACH,"{""id"":""exit_mtug1t99_aq1lv"",""op"":""REACH"",""outcome"":""loss"",""price_e4"":4500}",HOLD_TO_SETTLEMENT,c5430eb845ac4cefb3c281ac543b383aad9652b9d0817d0605ab42bca6970657,1.0.0,2026-09-13T06:28:48Z,1.0.0,1.0.0,1.0.0,2026-09-13T06:28:48Z,READY,224,116,108,0.517857,0.482143,2700,2300,1.173913,289.285714,a1bee2f832bba4fbfbee499c6c89c2cf1a011d365a81efc1b5ef04b1ed6b0236,candle_path_not_fill,UNAVAILABLE,UNAVAILABLE,UNAVAILABLE,NOT_COMPUTABLE,UNAVAILABLE
path_bands,MONTE_CARLO,base_decomposition,bernoulli_week_18_p5,12239.075846,usd,bernoulli,superasi_bdebase_v1.0.0,grade_config_v1,2026-09-13T13:03:03Z,77f6004823dc43509371df35ae2da858,913 ITI-01,520b4e76a9cc28b0c6569db6ee1d2b69ec97dac331fccf5f85a35ae2b53f260a,06ebb9644a2a3cec47351c00887dac177c54978adde1aa4c271a07d233dd8b72,79c4ae48c45e15f21346022d19dde6aa9329703681a8cd3921524af45d8891c9,913 ITI-01,NBA,NBA,2025-2026,2025-03-18,2026-09-01,"{""date_from"":""2025-03-18"",""date_to"":""2026-09-01"",""game_data"":[""pbp""],""leagues"":[""NBA""],""market_data"":[""candles""],""markets"":[""kalshi""],""seasons"":[""2025-2026""],""sports"":[""NBA""]}",TRADABLE_YES_BID,1_MINUTE_CANDLE,available_at,FIRST_TOUCH,"{""id"":""entry_mtw2zh6b_f4q8g"",""op"":""FIRST_TOUCH"",""ordinal"":""FIRST_TOUCH"",""period"":""Q2"",""price_e4"":6800,""source_vocabulary"":""TOUCH""}",REACH,"{""id"":""exit_mty0bwbw_mvfqe"",""op"":""REACH"",""outcome"":""win"",""price_e4"":9500}",REACH,"{""id"":""exit_mtug1t99_aq1lv"",""op"":""REACH"",""outcome"":""loss"",""price_e4"":4500}",HOLD_TO_SETTLEMENT,c5430eb845ac4cefb3c281ac543b383aad9652b9d0817d0605ab42bca6970657,1.0.0,2026-09-13T06:28:48Z,1.0.0,1.0.0,1.0.0,2026-09-13T06:28:48Z,READY,224,116,108,0.517857,0.482143,2700,2300,1.173913,289.285714,a1bee2f832bba4fbfbee499c6c89c2cf1a011d365a81efc1b5ef04b1ed6b0236,candle_path_not_fill,UNAVAILABLE,UNAVAILABLE,UNAVAILABLE,NOT_COMPUTABLE,UNAVAILABLE
path_bands,MONTE_CARLO,base_decomposition,bernoulli_week_18_p25,15669.130994,usd,bernoulli,superasi_bdebase_v1.0.0,grade_config_v1,2026-09-13T13:03:03Z,77f6004823dc43509371df35ae2da858,913 ITI-01,520b4e76a9cc28b0c6569db6ee1d2b69ec97dac331fccf5f85a35ae2b53f260a,06ebb9644a2a3cec47351c00887dac177c54978adde1aa4c271a07d233dd8b72,79c4ae48c45e15f21346022d19dde6aa9329703681a8cd3921524af45d8891c9,913 ITI-01,NBA,NBA,2025-2026,2025-03-18,2026-09-01,"{""date_from"":""2025-03-18"",""date_to"":""2026-09-01"",""game_data"":[""pbp""],""leagues"":[""NBA""],""market_data"":[""candles""],""markets"":[""kalshi""],""seasons"":[""2025-2026""],""sports"":[""NBA""]}",TRADABLE_YES_BID,1_MINUTE_CANDLE,available_at,FIRST_TOUCH,"{""id"":""entry_mtw2zh6b_f4q8g"",""op"":""FIRST_TOUCH"",""ordinal"":""FIRST_TOUCH"",""period"":""Q2"",""price_e4"":6800,""source_vocabulary"":""TOUCH""}",REACH,"{""id"":""exit_mty0bwbw_mvfqe"",""op"":""REACH"",""outcome"":""win"",""price_e4"":9500}",REACH,"{""id"":""exit_mtug1t99_aq1lv"",""op"":""REACH"",""outcome"":""loss"",""price_e4"":4500}",HOLD_TO_SETTLEMENT,c5430eb845ac4cefb3c281ac543b383aad9652b9d0817d0605ab42bca6970657,1.0.0,2026-09-13T06:28:48Z,1.0.0,1.0.0,1.0.0,2026-09-13T06:28:48Z,READY,224,116,108,0.517857,0.482143,2700,2300,1.173913,289.285714,a1bee2f832bba4fbfbee499c6c89c2cf1a011d365a81efc1b5ef04b1ed6b0236,candle_path_not_fill,UNAVAILABLE,UNAVAILABLE,UNAVAILABLE,NOT_COMPUTABLE,UNAVAILABLE
path_bands,MONTE_CARLO,base_decomposition,bernoulli_week_18_p50,18458.930368,usd,bernoulli,superasi_bdebase_v1.0.0,grade_config_v1,2026-09-13T13:03:03Z,77f6004823dc43509371df35ae2da858,913 ITI-01,520b4e76a9cc28b0c6569db6ee1d2b69ec97dac331fccf5f85a35ae2b53f260a,06ebb9644a2a3cec47351c00887dac177c54978adde1aa4c271a07d233dd8b72,79c4ae48c45e15f21346022d19dde6aa9329703681a8cd3921524af45d8891c9,913 ITI-01,NBA,NBA,2025-2026,2025-03-18,2026-09-01,"{""date_from"":""2025-03-18"",""date_to"":""2026-09-01"",""game_data"":[""pbp""],""leagues"":[""NBA""],""market_data"":[""candles""],""markets"":[""kalshi""],""seasons"":[""2025-2026""],""sports"":[""NBA""]}",TRADABLE_YES_BID,1_MINUTE_CANDLE,available_at,FIRST_TOUCH,"{""id"":""entry_mtw2zh6b_f4q8g"",""op"":""FIRST_TOUCH"",""ordinal"":""FIRST_TOUCH"",""period"":""Q2"",""price_e4"":6800,""source_vocabulary"":""TOUCH""}",REACH,"{""id"":""exit_mty0bwbw_mvfqe"",""op"":""REACH"",""outcome"":""win"",""price_e4"":9500}",REACH,"{""id"":""exit_mtug1t99_aq1lv"",""op"":""REACH"",""outcome"":""loss"",""price_e4"":4500}",HOLD_TO_SETTLEMENT,c5430eb845ac4cefb3c281ac543b383aad9652b9d0817d0605ab42bca6970657,1.0.0,2026-09-13T06:28:48Z,1.0.0,1.0.0,1.0.0,2026-09-13T06:28:48Z,READY,224,116,108,0.517857,0.482143,2700,2300,1.173913,289.285714,a1bee2f832bba4fbfbee499c6c89c2cf1a011d365a81efc1b5ef04b1ed6b0236,candle_path_not_fill,UNAVAILABLE,UNAVAILABLE,UNAVAILABLE,NOT_COMPUTABLE,UNAVAILABLE
path_bands,MONTE_CARLO,base_decomposition,bernoulli_week_18_p75,21869.290512,usd,bernoulli,superasi_bdebase_v1.0.0,grade_config_v1,2026-09-13T13:03:03Z,77f6004823dc43509371df35ae2da858,913 ITI-01,520b4e76a9cc28b0c6569db6ee1d2b69ec97dac331fccf5f85a35ae2b53f260a,06ebb9644a2a3cec47351c00887dac177c54978adde1aa4c271a07d233dd8b72,79c4ae48c45e15f21346022d19dde6aa9329703681a8cd3921524af45d8891c9,913 ITI-01,NBA,NBA,2025-2026,2025-03-18,2026-09-01,"{""date_from"":""2025-03-18"",""date_to"":""2026-09-01"",""game_data"":[""pbp""],""leagues"":[""NBA""],""market_data"":[""candles""],""markets"":[""kalshi""],""seasons"":[""2025-2026""],""sports"":[""NBA""]}",TRADABLE_YES_BID,1_MINUTE_CANDLE,available_at,FIRST_TOUCH,"{""id"":""entry_mtw2zh6b_f4q8g"",""op"":""FIRST_TOUCH"",""ordinal"":""FIRST_TOUCH"",""period"":""Q2"",""price_e4"":6800,""source_vocabulary"":""TOUCH""}",REACH,"{""id"":""exit_mty0bwbw_mvfqe"",""op"":""REACH"",""outcome"":""win"",""price_e4"":9500}",REACH,"{""id"":""exit_mtug1t99_aq1lv"",""op"":""REACH"",""outcome"":""loss"",""price_e4"":4500}",HOLD_TO_SETTLEMENT,c5430eb845ac4cefb3c281ac543b383aad9652b9d0817d0605ab42bca6970657,1.0.0,2026-09-13T06:28:48Z,1.0.0,1.0.0,1.0.0,2026-09-13T06:28:48Z,READY,224,116,108,0.517857,0.482143,2700,2300,1.173913,289.285714,a1bee2f832bba4fbfbee499c6c89c2cf1a011d365a81efc1b5ef04b1ed6b0236,candle_path_not_fill,UNAVAILABLE,UNAVAILABLE,UNAVAILABLE,NOT_COMPUTABLE,UNAVAILABLE
path_bands,MONTE_CARLO,base_decomposition,bernoulli_week_18_p95,27536.537354,usd,bernoulli,superasi_bdebase_v1.0.0,grade_config_v1,2026-09-13T13:03:03Z,77f6004823dc43509371df35ae2da858,913 ITI-01,520b4e76a9cc28b0c6569db6ee1d2b69ec97dac331fccf5f85a35ae2b53f260a,06ebb9644a2a3cec47351c00887dac177c54978adde1aa4c271a07d233dd8b72,79c4ae48c45e15f21346022d19dde6aa9329703681a8cd3921524af45d8891c9,913 ITI-01,NBA,NBA,2025-2026,2025-03-18,2026-09-01,"{""date_from"":""2025-03-18"",""date_to"":""2026-09-01"",""game_data"":[""pbp""],""leagues"":[""NBA""],""market_data"":[""candles""],""markets"":[""kalshi""],""seasons"":[""2025-2026""],""sports"":[""NBA""]}",TRADABLE_YES_BID,1_MINUTE_CANDLE,available_at,FIRST_TOUCH,"{""id"":""entry_mtw2zh6b_f4q8g"",""op"":""FIRST_TOUCH"",""ordinal"":""FIRST_TOUCH"",""period"":""Q2"",""price_e4"":6800,""source_vocabulary"":""TOUCH""}",REACH,"{""id"":""exit_mty0bwbw_mvfqe"",""op"":""REACH"",""outcome"":""win"",""price_e4"":9500}",REACH,"{""id"":""exit_mtug1t99_aq1lv"",""op"":""REACH"",""outcome"":""loss"",""price_e4"":4500}",HOLD_TO_SETTLEMENT,c5430eb845ac4cefb3c281ac543b383aad9652b9d0817d0605ab42bca6970657,1.0.0,2026-09-13T06:28:48Z,1.0.0,1.0.0,1.0.0,2026-09-13T06:28:48Z,READY,224,116,108,0.517857,0.482143,2700,2300,1.173913,289.285714,a1bee2f832bba4fbfbee499c6c89c2cf1a011d365a81efc1b5ef04b1ed6b0236,candle_path_not_fill,UNAVAILABLE,UNAVAILABLE,UNAVAILABLE,NOT_COMPUTABLE,UNAVAILABLE
path_bands,MONTE_CARLO,base_decomposition,bernoulli_week_19_p5,12138.323527,usd,bernoulli,superasi_bdebase_v1.0.0,grade_config_v1,2026-09-13T13:03:03Z,77f6004823dc43509371df35ae2da858,913 ITI-01,520b4e76a9cc28b0c6569db6ee1d2b69ec97dac331fccf5f85a35ae2b53f260a,06ebb9644a2a3cec47351c00887dac177c54978adde1aa4c271a07d233dd8b72,79c4ae48c45e15f21346022d19dde6aa9329703681a8cd3921524af45d8891c9,913 ITI-01,NBA,NBA,2025-2026,2025-03-18,2026-09-01,"{""date_from"":""2025-03-18"",""date_to"":""2026-09-01"",""game_data"":[""pbp""],""leagues"":[""NBA""],""market_data"":[""candles""],""markets"":[""kalshi""],""seasons"":[""2025-2026""],""sports"":[""NBA""]}",TRADABLE_YES_BID,1_MINUTE_CANDLE,available_at,FIRST_TOUCH,"{""id"":""entry_mtw2zh6b_f4q8g"",""op"":""FIRST_TOUCH"",""ordinal"":""FIRST_TOUCH"",""period"":""Q2"",""price_e4"":6800,""source_vocabulary"":""TOUCH""}",REACH,"{""id"":""exit_mty0bwbw_mvfqe"",""op"":""REACH"",""outcome"":""win"",""price_e4"":9500}",REACH,"{""id"":""exit_mtug1t99_aq1lv"",""op"":""REACH"",""outcome"":""loss"",""price_e4"":4500}",HOLD_TO_SETTLEMENT,c5430eb845ac4cefb3c281ac543b383aad9652b9d0817d0605ab42bca6970657,1.0.0,2026-09-13T06:28:48Z,1.0.0,1.0.0,1.0.0,2026-09-13T06:28:48Z,READY,224,116,108,0.517857,0.482143,2700,2300,1.173913,289.285714,a1bee2f832bba4fbfbee499c6c89c2cf1a011d365a81efc1b5ef04b1ed6b0236,candle_path_not_fill,UNAVAILABLE,UNAVAILABLE,UNAVAILABLE,NOT_COMPUTABLE,UNAVAILABLE
path_bands,MONTE_CARLO,base_decomposition,bernoulli_week_19_p25,15461.101489,usd,bernoulli,superasi_bdebase_v1.0.0,grade_config_v1,2026-09-13T13:03:03Z,77f6004823dc43509371df35ae2da858,913 ITI-01,520b4e76a9cc28b0c6569db6ee1d2b69ec97dac331fccf5f85a35ae2b53f260a,06ebb9644a2a3cec47351c00887dac177c54978adde1aa4c271a07d233dd8b72,79c4ae48c45e15f21346022d19dde6aa9329703681a8cd3921524af45d8891c9,913 ITI-01,NBA,NBA,2025-2026,2025-03-18,2026-09-01,"{""date_from"":""2025-03-18"",""date_to"":""2026-09-01"",""game_data"":[""pbp""],""leagues"":[""NBA""],""market_data"":[""candles""],""markets"":[""kalshi""],""seasons"":[""2025-2026""],""sports"":[""NBA""]}",TRADABLE_YES_BID,1_MINUTE_CANDLE,available_at,FIRST_TOUCH,"{""id"":""entry_mtw2zh6b_f4q8g"",""op"":""FIRST_TOUCH"",""ordinal"":""FIRST_TOUCH"",""period"":""Q2"",""price_e4"":6800,""source_vocabulary"":""TOUCH""}",REACH,"{""id"":""exit_mty0bwbw_mvfqe"",""op"":""REACH"",""outcome"":""win"",""price_e4"":9500}",REACH,"{""id"":""exit_mtug1t99_aq1lv"",""op"":""REACH"",""outcome"":""loss"",""price_e4"":4500}",HOLD_TO_SETTLEMENT,c5430eb845ac4cefb3c281ac543b383aad9652b9d0817d0605ab42bca6970657,1.0.0,2026-09-13T06:28:48Z,1.0.0,1.0.0,1.0.0,2026-09-13T06:28:48Z,READY,224,116,108,0.517857,0.482143,2700,2300,1.173913,289.285714,a1bee2f832bba4fbfbee499c6c89c2cf1a011d365a81efc1b5ef04b1ed6b0236,candle_path_not_fill,UNAVAILABLE,UNAVAILABLE,UNAVAILABLE,NOT_COMPUTABLE,UNAVAILABLE
path_bands,MONTE_CARLO,base_decomposition,bernoulli_week_19_p50,18440.066949,usd,bernoulli,superasi_bdebase_v1.0.0,grade_config_v1,2026-09-13T13:03:03Z,77f6004823dc43509371df35ae2da858,913 ITI-01,520b4e76a9cc28b0c6569db6ee1d2b69ec97dac331fccf5f85a35ae2b53f260a,06ebb9644a2a3cec47351c00887dac177c54978adde1aa4c271a07d233dd8b72,79c4ae48c45e15f21346022d19dde6aa9329703681a8cd3921524af45d8891c9,913 ITI-01,NBA,NBA,2025-2026,2025-03-18,2026-09-01,"{""date_from"":""2025-03-18"",""date_to"":""2026-09-01"",""game_data"":[""pbp""],""leagues"":[""NBA""],""market_data"":[""candles""],""markets"":[""kalshi""],""seasons"":[""2025-2026""],""sports"":[""NBA""]}",TRADABLE_YES_BID,1_MINUTE_CANDLE,available_at,FIRST_TOUCH,"{""id"":""entry_mtw2zh6b_f4q8g"",""op"":""FIRST_TOUCH"",""ordinal"":""FIRST_TOUCH"",""period"":""Q2"",""price_e4"":6800,""source_vocabulary"":""TOUCH""}",REACH,"{""id"":""exit_mty0bwbw_mvfqe"",""op"":""REACH"",""outcome"":""win"",""price_e4"":9500}",REACH,"{""id"":""exit_mtug1t99_aq1lv"",""op"":""REACH"",""outcome"":""loss"",""price_e4"":4500}",HOLD_TO_SETTLEMENT,c5430eb845ac4cefb3c281ac543b383aad9652b9d0817d0605ab42bca6970657,1.0.0,2026-09-13T06:28:48Z,1.0.0,1.0.0,1.0.0,2026-09-13T06:28:48Z,READY,224,116,108,0.517857,0.482143,2700,2300,1.173913,289.285714,a1bee2f832bba4fbfbee499c6c89c2cf1a011d365a81efc1b5ef04b1ed6b0236,candle_path_not_fill,UNAVAILABLE,UNAVAILABLE,UNAVAILABLE,NOT_COMPUTABLE,UNAVAILABLE
path_bands,MONTE_CARLO,base_decomposition,bernoulli_week_19_p75,21875.309333,usd,bernoulli,superasi_bdebase_v1.0.0,grade_config_v1,2026-09-13T13:03:03Z,77f6004823dc43509371df35ae2da858,913 ITI-01,520b4e76a9cc28b0c6569db6ee1d2b69ec97dac331fccf5f85a35ae2b53f260a,06ebb9644a2a3cec47351c00887dac177c54978adde1aa4c271a07d233dd8b72,79c4ae48c45e15f21346022d19dde6aa9329703681a8cd3921524af45d8891c9,913 ITI-01,NBA,NBA,2025-2026,2025-03-18,2026-09-01,"{""date_from"":""2025-03-18"",""date_to"":""2026-09-01"",""game_data"":[""pbp""],""leagues"":[""NBA""],""market_data"":[""candles""],""markets"":[""kalshi""],""seasons"":[""2025-2026""],""sports"":[""NBA""]}",TRADABLE_YES_BID,1_MINUTE_CANDLE,available_at,FIRST_TOUCH,"{""id"":""entry_mtw2zh6b_f4q8g"",""op"":""FIRST_TOUCH"",""ordinal"":""FIRST_TOUCH"",""period"":""Q2"",""price_e4"":6800,""source_vocabulary"":""TOUCH""}",REACH,"{""id"":""exit_mty0bwbw_mvfqe"",""op"":""REACH"",""outcome"":""win"",""price_e4"":9500}",REACH,"{""id"":""exit_mtug1t99_aq1lv"",""op"":""REACH"",""outcome"":""loss"",""price_e4"":4500}",HOLD_TO_SETTLEMENT,c5430eb845ac4cefb3c281ac543b383aad9652b9d0817d0605ab42bca6970657,1.0.0,2026-09-13T06:28:48Z,1.0.0,1.0.0,1.0.0,2026-09-13T06:28:48Z,READY,224,116,108,0.517857,0.482143,2700,2300,1.173913,289.285714,a1bee2f832bba4fbfbee499c6c89c2cf1a011d365a81efc1b5ef04b1ed6b0236,candle_path_not_fill,UNAVAILABLE,UNAVAILABLE,UNAVAILABLE,NOT_COMPUTABLE,UNAVAILABLE
path_bands,MONTE_CARLO,base_decomposition,bernoulli_week_19_p95,27740.697902,usd,bernoulli,superasi_bdebase_v1.0.0,grade_config_v1,2026-09-13T13:03:03Z,77f6004823dc43509371df35ae2da858,913 ITI-01,520b4e76a9cc28b0c6569db6ee1d2b69ec97dac331fccf5f85a35ae2b53f260a,06ebb9644a2a3cec47351c00887dac177c54978adde1aa4c271a07d233dd8b72,79c4ae48c45e15f21346022d19dde6aa9329703681a8cd3921524af45d8891c9,913 ITI-01,NBA,NBA,2025-2026,2025-03-18,2026-09-01,"{""date_from"":""2025-03-18"",""date_to"":""2026-09-01"",""game_data"":[""pbp""],""leagues"":[""NBA""],""market_data"":[""candles""],""markets"":[""kalshi""],""seasons"":[""2025-2026""],""sports"":[""NBA""]}",TRADABLE_YES_BID,1_MINUTE_CANDLE,available_at,FIRST_TOUCH,"{""id"":""entry_mtw2zh6b_f4q8g"",""op"":""FIRST_TOUCH"",""ordinal"":""FIRST_TOUCH"",""period"":""Q2"",""price_e4"":6800,""source_vocabulary"":""TOUCH""}",REACH,"{""id"":""exit_mty0bwbw_mvfqe"",""op"":""REACH"",""outcome"":""win"",""price_e4"":9500}",REACH,"{""id"":""exit_mtug1t99_aq1lv"",""op"":""REACH"",""outcome"":""loss"",""price_e4"":4500}",HOLD_TO_SETTLEMENT,c5430eb845ac4cefb3c281ac543b383aad9652b9d0817d0605ab42bca6970657,1.0.0,2026-09-13T06:28:48Z,1.0.0,1.0.0,1.0.0,2026-09-13T06:28:48Z,READY,224,116,108,0.517857,0.482143,2700,2300,1.173913,289.285714,a1bee2f832bba4fbfbee499c6c89c2cf1a011d365a81efc1b5ef04b1ed6b0236,candle_path_not_fill,UNAVAILABLE,UNAVAILABLE,UNAVAILABLE,NOT_COMPUTABLE,UNAVAILABLE
path_bands,MONTE_CARLO,base_decomposition,bernoulli_week_20_p5,11923.001908,usd,bernoulli,superasi_bdebase_v1.0.0,grade_config_v1,2026-09-13T13:03:03Z,77f6004823dc43509371df35ae2da858,913 ITI-01,520b4e76a9cc28b0c6569db6ee1d2b69ec97dac331fccf5f85a35ae2b53f260a,06ebb9644a2a3cec47351c00887dac177c54978adde1aa4c271a07d233dd8b72,79c4ae48c45e15f21346022d19dde6aa9329703681a8cd3921524af45d8891c9,913 ITI-01,NBA,NBA,2025-2026,2025-03-18,2026-09-01,"{""date_from"":""2025-03-18"",""date_to"":""2026-09-01"",""game_data"":[""pbp""],""leagues"":[""NBA""],""market_data"":[""candles""],""markets"":[""kalshi""],""seasons"":[""2025-2026""],""sports"":[""NBA""]}",TRADABLE_YES_BID,1_MINUTE_CANDLE,available_at,FIRST_TOUCH,"{""id"":""entry_mtw2zh6b_f4q8g"",""op"":""FIRST_TOUCH"",""ordinal"":""FIRST_TOUCH"",""period"":""Q2"",""price_e4"":6800,""source_vocabulary"":""TOUCH""}",REACH,"{""id"":""exit_mty0bwbw_mvfqe"",""op"":""REACH"",""outcome"":""win"",""price_e4"":9500}",REACH,"{""id"":""exit_mtug1t99_aq1lv"",""op"":""REACH"",""outcome"":""loss"",""price_e4"":4500}",HOLD_TO_SETTLEMENT,c5430eb845ac4cefb3c281ac543b383aad9652b9d0817d0605ab42bca6970657,1.0.0,2026-09-13T06:28:48Z,1.0.0,1.0.0,1.0.0,2026-09-13T06:28:48Z,READY,224,116,108,0.517857,0.482143,2700,2300,1.173913,289.285714,a1bee2f832bba4fbfbee499c6c89c2cf1a011d365a81efc1b5ef04b1ed6b0236,candle_path_not_fill,UNAVAILABLE,UNAVAILABLE,UNAVAILABLE,NOT_COMPUTABLE,UNAVAILABLE
path_bands,MONTE_CARLO,base_decomposition,bernoulli_week_20_p25,15422.749868,usd,bernoulli,superasi_bdebase_v1.0.0,grade_config_v1,2026-09-13T13:03:03Z,77f6004823dc43509371df35ae2da858,913 ITI-01,520b4e76a9cc28b0c6569db6ee1d2b69ec97dac331fccf5f85a35ae2b53f260a,06ebb9644a2a3cec47351c00887dac177c54978adde1aa4c271a07d233dd8b72,79c4ae48c45e15f21346022d19dde6aa9329703681a8cd3921524af45d8891c9,913 ITI-01,NBA,NBA,2025-2026,2025-03-18,2026-09-01,"{""date_from"":""2025-03-18"",""date_to"":""2026-09-01"",""game_data"":[""pbp""],""leagues"":[""NBA""],""market_data"":[""candles""],""markets"":[""kalshi""],""seasons"":[""2025-2026""],""sports"":[""NBA""]}",TRADABLE_YES_BID,1_MINUTE_CANDLE,available_at,FIRST_TOUCH,"{""id"":""entry_mtw2zh6b_f4q8g"",""op"":""FIRST_TOUCH"",""ordinal"":""FIRST_TOUCH"",""period"":""Q2"",""price_e4"":6800,""source_vocabulary"":""TOUCH""}",REACH,"{""id"":""exit_mty0bwbw_mvfqe"",""op"":""REACH"",""outcome"":""win"",""price_e4"":9500}",REACH,"{""id"":""exit_mtug1t99_aq1lv"",""op"":""REACH"",""outcome"":""loss"",""price_e4"":4500}",HOLD_TO_SETTLEMENT,c5430eb845ac4cefb3c281ac543b383aad9652b9d0817d0605ab42bca6970657,1.0.0,2026-09-13T06:28:48Z,1.0.0,1.0.0,1.0.0,2026-09-13T06:28:48Z,READY,224,116,108,0.517857,0.482143,2700,2300,1.173913,289.285714,a1bee2f832bba4fbfbee499c6c89c2cf1a011d365a81efc1b5ef04b1ed6b0236,candle_path_not_fill,UNAVAILABLE,UNAVAILABLE,UNAVAILABLE,NOT_COMPUTABLE,UNAVAILABLE
path_bands,MONTE_CARLO,base_decomposition,bernoulli_week_20_p50,18299.917384,usd,bernoulli,superasi_bdebase_v1.0.0,grade_config_v1,2026-09-13T13:03:03Z,77f6004823dc43509371df35ae2da858,913 ITI-01,520b4e76a9cc28b0c6569db6ee1d2b69ec97dac331fccf5f85a35ae2b53f260a,06ebb9644a2a3cec47351c00887dac177c54978adde1aa4c271a07d233dd8b72,79c4ae48c45e15f21346022d19dde6aa9329703681a8cd3921524af45d8891c9,913 ITI-01,NBA,NBA,2025-2026,2025-03-18,2026-09-01,"{""date_from"":""2025-03-18"",""date_to"":""2026-09-01"",""game_data"":[""pbp""],""leagues"":[""NBA""],""market_data"":[""candles""],""markets"":[""kalshi""],""seasons"":[""2025-2026""],""sports"":[""NBA""]}",TRADABLE_YES_BID,1_MINUTE_CANDLE,available_at,FIRST_TOUCH,"{""id"":""entry_mtw2zh6b_f4q8g"",""op"":""FIRST_TOUCH"",""ordinal"":""FIRST_TOUCH"",""period"":""Q2"",""price_e4"":6800,""source_vocabulary"":""TOUCH""}",REACH,"{""id"":""exit_mty0bwbw_mvfqe"",""op"":""REACH"",""outcome"":""win"",""price_e4"":9500}",REACH,"{""id"":""exit_mtug1t99_aq1lv"",""op"":""REACH"",""outcome"":""loss"",""price_e4"":4500}",HOLD_TO_SETTLEMENT,c5430eb845ac4cefb3c281ac543b383aad9652b9d0817d0605ab42bca6970657,1.0.0,2026-09-13T06:28:48Z,1.0.0,1.0.0,1.0.0,2026-09-13T06:28:48Z,READY,224,116,108,0.517857,0.482143,2700,2300,1.173913,289.285714,a1bee2f832bba4fbfbee499c6c89c2cf1a011d365a81efc1b5ef04b1ed6b0236,candle_path_not_fill,UNAVAILABLE,UNAVAILABLE,UNAVAILABLE,NOT_COMPUTABLE,UNAVAILABLE
path_bands,MONTE_CARLO,base_decomposition,bernoulli_week_20_p75,21789.765620,usd,bernoulli,superasi_bdebase_v1.0.0,grade_config_v1,2026-09-13T13:03:03Z,77f6004823dc43509371df35ae2da858,913 ITI-01,520b4e76a9cc28b0c6569db6ee1d2b69ec97dac331fccf5f85a35ae2b53f260a,06ebb9644a2a3cec47351c00887dac177c54978adde1aa4c271a07d233dd8b72,79c4ae48c45e15f21346022d19dde6aa9329703681a8cd3921524af45d8891c9,913 ITI-01,NBA,NBA,2025-2026,2025-03-18,2026-09-01,"{""date_from"":""2025-03-18"",""date_to"":""2026-09-01"",""game_data"":[""pbp""],""leagues"":[""NBA""],""market_data"":[""candles""],""markets"":[""kalshi""],""seasons"":[""2025-2026""],""sports"":[""NBA""]}",TRADABLE_YES_BID,1_MINUTE_CANDLE,available_at,FIRST_TOUCH,"{""id"":""entry_mtw2zh6b_f4q8g"",""op"":""FIRST_TOUCH"",""ordinal"":""FIRST_TOUCH"",""period"":""Q2"",""price_e4"":6800,""source_vocabulary"":""TOUCH""}",REACH,"{""id"":""exit_mty0bwbw_mvfqe"",""op"":""REACH"",""outcome"":""win"",""price_e4"":9500}",REACH,"{""id"":""exit_mtug1t99_aq1lv"",""op"":""REACH"",""outcome"":""loss"",""price_e4"":4500}",HOLD_TO_SETTLEMENT,c5430eb845ac4cefb3c281ac543b383aad9652b9d0817d0605ab42bca6970657,1.0.0,2026-09-13T06:28:48Z,1.0.0,1.0.0,1.0.0,2026-09-13T06:28:48Z,READY,224,116,108,0.517857,0.482143,2700,2300,1.173913,289.285714,a1bee2f832bba4fbfbee499c6c89c2cf1a011d365a81efc1b5ef04b1ed6b0236,candle_path_not_fill,UNAVAILABLE,UNAVAILABLE,UNAVAILABLE,NOT_COMPUTABLE,UNAVAILABLE
path_bands,MONTE_CARLO,base_decomposition,bernoulli_week_20_p95,27981.557680,usd,bernoulli,superasi_bdebase_v1.0.0,grade_config_v1,2026-09-13T13:03:03Z,77f6004823dc43509371df35ae2da858,913 ITI-01,520b4e76a9cc28b0c6569db6ee1d2b69ec97dac331fccf5f85a35ae2b53f260a,06ebb9644a2a3cec47351c00887dac177c54978adde1aa4c271a07d233dd8b72,79c4ae48c45e15f21346022d19dde6aa9329703681a8cd3921524af45d8891c9,913 ITI-01,NBA,NBA,2025-2026,2025-03-18,2026-09-01,"{""date_from"":""2025-03-18"",""date_to"":""2026-09-01"",""game_data"":[""pbp""],""leagues"":[""NBA""],""market_data"":[""candles""],""markets"":[""kalshi""],""seasons"":[""2025-2026""],""sports"":[""NBA""]}",TRADABLE_YES_BID,1_MINUTE_CANDLE,available_at,FIRST_TOUCH,"{""id"":""entry_mtw2zh6b_f4q8g"",""op"":""FIRST_TOUCH"",""ordinal"":""FIRST_TOUCH"",""period"":""Q2"",""price_e4"":6800,""source_vocabulary"":""TOUCH""}",REACH,"{""id"":""exit_mty0bwbw_mvfqe"",""op"":""REACH"",""outcome"":""win"",""price_e4"":9500}",REACH,"{""id"":""exit_mtug1t99_aq1lv"",""op"":""REACH"",""outcome"":""loss"",""price_e4"":4500}",HOLD_TO_SETTLEMENT,c5430eb845ac4cefb3c281ac543b383aad9652b9d0817d0605ab42bca6970657,1.0.0,2026-09-13T06:28:48Z,1.0.0,1.0.0,1.0.0,2026-09-13T06:28:48Z,READY,224,116,108,0.517857,0.482143,2700,2300,1.173913,289.285714,a1bee2f832bba4fbfbee499c6c89c2cf1a011d365a81efc1b5ef04b1ed6b0236,candle_path_not_fill,UNAVAILABLE,UNAVAILABLE,UNAVAILABLE,NOT_COMPUTABLE,UNAVAILABLE
risk_profile,MONTE_CARLO,base_decomposition,mode_b_paths,100000,count,mode_b,superasi_bdebase_v1.0.0,grade_config_v1,2026-09-13T13:03:03Z,77f6004823dc43509371df35ae2da858,913 ITI-01,520b4e76a9cc28b0c6569db6ee1d2b69ec97dac331fccf5f85a35ae2b53f260a,06ebb9644a2a3cec47351c00887dac177c54978adde1aa4c271a07d233dd8b72,79c4ae48c45e15f21346022d19dde6aa9329703681a8cd3921524af45d8891c9,913 ITI-01,NBA,NBA,2025-2026,2025-03-18,2026-09-01,"{""date_from"":""2025-03-18"",""date_to"":""2026-09-01"",""game_data"":[""pbp""],""leagues"":[""NBA""],""market_data"":[""candles""],""markets"":[""kalshi""],""seasons"":[""2025-2026""],""sports"":[""NBA""]}",TRADABLE_YES_BID,1_MINUTE_CANDLE,available_at,FIRST_TOUCH,"{""id"":""entry_mtw2zh6b_f4q8g"",""op"":""FIRST_TOUCH"",""ordinal"":""FIRST_TOUCH"",""period"":""Q2"",""price_e4"":6800,""source_vocabulary"":""TOUCH""}",REACH,"{""id"":""exit_mty0bwbw_mvfqe"",""op"":""REACH"",""outcome"":""win"",""price_e4"":9500}",REACH,"{""id"":""exit_mtug1t99_aq1lv"",""op"":""REACH"",""outcome"":""loss"",""price_e4"":4500}",HOLD_TO_SETTLEMENT,c5430eb845ac4cefb3c281ac543b383aad9652b9d0817d0605ab42bca6970657,1.0.0,2026-09-13T06:28:48Z,1.0.0,1.0.0,1.0.0,2026-09-13T06:28:48Z,READY,224,116,108,0.517857,0.482143,2700,2300,1.173913,289.285714,a1bee2f832bba4fbfbee499c6c89c2cf1a011d365a81efc1b5ef04b1ed6b0236,candle_path_not_fill,UNAVAILABLE,UNAVAILABLE,UNAVAILABLE,NOT_COMPUTABLE,UNAVAILABLE
risk_profile,MONTE_CARLO,base_decomposition,mode_b_P_min_bankroll_le_floor,0.017750,fraction,mode_b,superasi_bdebase_v1.0.0,grade_config_v1,2026-09-13T13:03:03Z,77f6004823dc43509371df35ae2da858,913 ITI-01,520b4e76a9cc28b0c6569db6ee1d2b69ec97dac331fccf5f85a35ae2b53f260a,06ebb9644a2a3cec47351c00887dac177c54978adde1aa4c271a07d233dd8b72,79c4ae48c45e15f21346022d19dde6aa9329703681a8cd3921524af45d8891c9,913 ITI-01,NBA,NBA,2025-2026,2025-03-18,2026-09-01,"{""date_from"":""2025-03-18"",""date_to"":""2026-09-01"",""game_data"":[""pbp""],""leagues"":[""NBA""],""market_data"":[""candles""],""markets"":[""kalshi""],""seasons"":[""2025-2026""],""sports"":[""NBA""]}",TRADABLE_YES_BID,1_MINUTE_CANDLE,available_at,FIRST_TOUCH,"{""id"":""entry_mtw2zh6b_f4q8g"",""op"":""FIRST_TOUCH"",""ordinal"":""FIRST_TOUCH"",""period"":""Q2"",""price_e4"":6800,""source_vocabulary"":""TOUCH""}",REACH,"{""id"":""exit_mty0bwbw_mvfqe"",""op"":""REACH"",""outcome"":""win"",""price_e4"":9500}",REACH,"{""id"":""exit_mtug1t99_aq1lv"",""op"":""REACH"",""outcome"":""loss"",""price_e4"":4500}",HOLD_TO_SETTLEMENT,c5430eb845ac4cefb3c281ac543b383aad9652b9d0817d0605ab42bca6970657,1.0.0,2026-09-13T06:28:48Z,1.0.0,1.0.0,1.0.0,2026-09-13T06:28:48Z,READY,224,116,108,0.517857,0.482143,2700,2300,1.173913,289.285714,a1bee2f832bba4fbfbee499c6c89c2cf1a011d365a81efc1b5ef04b1ed6b0236,candle_path_not_fill,UNAVAILABLE,UNAVAILABLE,UNAVAILABLE,NOT_COMPUTABLE,UNAVAILABLE
risk_profile,MONTE_CARLO,base_decomposition,mode_b_P_final_ge_target,0.478810,fraction,mode_b,superasi_bdebase_v1.0.0,grade_config_v1,2026-09-13T13:03:03Z,77f6004823dc43509371df35ae2da858,913 ITI-01,520b4e76a9cc28b0c6569db6ee1d2b69ec97dac331fccf5f85a35ae2b53f260a,06ebb9644a2a3cec47351c00887dac177c54978adde1aa4c271a07d233dd8b72,79c4ae48c45e15f21346022d19dde6aa9329703681a8cd3921524af45d8891c9,913 ITI-01,NBA,NBA,2025-2026,2025-03-18,2026-09-01,"{""date_from"":""2025-03-18"",""date_to"":""2026-09-01"",""game_data"":[""pbp""],""leagues"":[""NBA""],""market_data"":[""candles""],""markets"":[""kalshi""],""seasons"":[""2025-2026""],""sports"":[""NBA""]}",TRADABLE_YES_BID,1_MINUTE_CANDLE,available_at,FIRST_TOUCH,"{""id"":""entry_mtw2zh6b_f4q8g"",""op"":""FIRST_TOUCH"",""ordinal"":""FIRST_TOUCH"",""period"":""Q2"",""price_e4"":6800,""source_vocabulary"":""TOUCH""}",REACH,"{""id"":""exit_mty0bwbw_mvfqe"",""op"":""REACH"",""outcome"":""win"",""price_e4"":9500}",REACH,"{""id"":""exit_mtug1t99_aq1lv"",""op"":""REACH"",""outcome"":""loss"",""price_e4"":4500}",HOLD_TO_SETTLEMENT,c5430eb845ac4cefb3c281ac543b383aad9652b9d0817d0605ab42bca6970657,1.0.0,2026-09-13T06:28:48Z,1.0.0,1.0.0,1.0.0,2026-09-13T06:28:48Z,READY,224,116,108,0.517857,0.482143,2700,2300,1.173913,289.285714,a1bee2f832bba4fbfbee499c6c89c2cf1a011d365a81efc1b5ef04b1ed6b0236,candle_path_not_fill,UNAVAILABLE,UNAVAILABLE,UNAVAILABLE,NOT_COMPUTABLE,UNAVAILABLE
risk_profile,MONTE_CARLO,base_decomposition,mode_b_expected_20_week_return,0.523293,fraction,mode_b,superasi_bdebase_v1.0.0,grade_config_v1,2026-09-13T13:03:03Z,77f6004823dc43509371df35ae2da858,913 ITI-01,520b4e76a9cc28b0c6569db6ee1d2b69ec97dac331fccf5f85a35ae2b53f260a,06ebb9644a2a3cec47351c00887dac177c54978adde1aa4c271a07d233dd8b72,79c4ae48c45e15f21346022d19dde6aa9329703681a8cd3921524af45d8891c9,913 ITI-01,NBA,NBA,2025-2026,2025-03-18,2026-09-01,"{""date_from"":""2025-03-18"",""date_to"":""2026-09-01"",""game_data"":[""pbp""],""leagues"":[""NBA""],""market_data"":[""candles""],""markets"":[""kalshi""],""seasons"":[""2025-2026""],""sports"":[""NBA""]}",TRADABLE_YES_BID,1_MINUTE_CANDLE,available_at,FIRST_TOUCH,"{""id"":""entry_mtw2zh6b_f4q8g"",""op"":""FIRST_TOUCH"",""ordinal"":""FIRST_TOUCH"",""period"":""Q2"",""price_e4"":6800,""source_vocabulary"":""TOUCH""}",REACH,"{""id"":""exit_mty0bwbw_mvfqe"",""op"":""REACH"",""outcome"":""win"",""price_e4"":9500}",REACH,"{""id"":""exit_mtug1t99_aq1lv"",""op"":""REACH"",""outcome"":""loss"",""price_e4"":4500}",HOLD_TO_SETTLEMENT,c5430eb845ac4cefb3c281ac543b383aad9652b9d0817d0605ab42bca6970657,1.0.0,2026-09-13T06:28:48Z,1.0.0,1.0.0,1.0.0,2026-09-13T06:28:48Z,READY,224,116,108,0.517857,0.482143,2700,2300,1.173913,289.285714,a1bee2f832bba4fbfbee499c6c89c2cf1a011d365a81efc1b5ef04b1ed6b0236,candle_path_not_fill,UNAVAILABLE,UNAVAILABLE,UNAVAILABLE,NOT_COMPUTABLE,UNAVAILABLE
risk_profile,MONTE_CARLO,base_decomposition,mode_b_mean_terminal_bankroll,30465.853420,usd,mode_b,superasi_bdebase_v1.0.0,grade_config_v1,2026-09-13T13:03:03Z,77f6004823dc43509371df35ae2da858,913 ITI-01,520b4e76a9cc28b0c6569db6ee1d2b69ec97dac331fccf5f85a35ae2b53f260a,06ebb9644a2a3cec47351c00887dac177c54978adde1aa4c271a07d233dd8b72,79c4ae48c45e15f21346022d19dde6aa9329703681a8cd3921524af45d8891c9,913 ITI-01,NBA,NBA,2025-2026,2025-03-18,2026-09-01,"{""date_from"":""2025-03-18"",""date_to"":""2026-09-01"",""game_data"":[""pbp""],""leagues"":[""NBA""],""market_data"":[""candles""],""markets"":[""kalshi""],""seasons"":[""2025-2026""],""sports"":[""NBA""]}",TRADABLE_YES_BID,1_MINUTE_CANDLE,available_at,FIRST_TOUCH,"{""id"":""entry_mtw2zh6b_f4q8g"",""op"":""FIRST_TOUCH"",""ordinal"":""FIRST_TOUCH"",""period"":""Q2"",""price_e4"":6800,""source_vocabulary"":""TOUCH""}",REACH,"{""id"":""exit_mty0bwbw_mvfqe"",""op"":""REACH"",""outcome"":""win"",""price_e4"":9500}",REACH,"{""id"":""exit_mtug1t99_aq1lv"",""op"":""REACH"",""outcome"":""loss"",""price_e4"":4500}",HOLD_TO_SETTLEMENT,c5430eb845ac4cefb3c281ac543b383aad9652b9d0817d0605ab42bca6970657,1.0.0,2026-09-13T06:28:48Z,1.0.0,1.0.0,1.0.0,2026-09-13T06:28:48Z,READY,224,116,108,0.517857,0.482143,2700,2300,1.173913,289.285714,a1bee2f832bba4fbfbee499c6c89c2cf1a011d365a81efc1b5ef04b1ed6b0236,candle_path_not_fill,UNAVAILABLE,UNAVAILABLE,UNAVAILABLE,NOT_COMPUTABLE,UNAVAILABLE
risk_profile,MONTE_CARLO,base_decomposition,mode_b_median_terminal_bankroll,29619.607028,usd,mode_b,superasi_bdebase_v1.0.0,grade_config_v1,2026-09-13T13:03:03Z,77f6004823dc43509371df35ae2da858,913 ITI-01,520b4e76a9cc28b0c6569db6ee1d2b69ec97dac331fccf5f85a35ae2b53f260a,06ebb9644a2a3cec47351c00887dac177c54978adde1aa4c271a07d233dd8b72,79c4ae48c45e15f21346022d19dde6aa9329703681a8cd3921524af45d8891c9,913 ITI-01,NBA,NBA,2025-2026,2025-03-18,2026-09-01,"{""date_from"":""2025-03-18"",""date_to"":""2026-09-01"",""game_data"":[""pbp""],""leagues"":[""NBA""],""market_data"":[""candles""],""markets"":[""kalshi""],""seasons"":[""2025-2026""],""sports"":[""NBA""]}",TRADABLE_YES_BID,1_MINUTE_CANDLE,available_at,FIRST_TOUCH,"{""id"":""entry_mtw2zh6b_f4q8g"",""op"":""FIRST_TOUCH"",""ordinal"":""FIRST_TOUCH"",""period"":""Q2"",""price_e4"":6800,""source_vocabulary"":""TOUCH""}",REACH,"{""id"":""exit_mty0bwbw_mvfqe"",""op"":""REACH"",""outcome"":""win"",""price_e4"":9500}",REACH,"{""id"":""exit_mtug1t99_aq1lv"",""op"":""REACH"",""outcome"":""loss"",""price_e4"":4500}",HOLD_TO_SETTLEMENT,c5430eb845ac4cefb3c281ac543b383aad9652b9d0817d0605ab42bca6970657,1.0.0,2026-09-13T06:28:48Z,1.0.0,1.0.0,1.0.0,2026-09-13T06:28:48Z,READY,224,116,108,0.517857,0.482143,2700,2300,1.173913,289.285714,a1bee2f832bba4fbfbee499c6c89c2cf1a011d365a81efc1b5ef04b1ed6b0236,candle_path_not_fill,UNAVAILABLE,UNAVAILABLE,UNAVAILABLE,NOT_COMPUTABLE,UNAVAILABLE
risk_profile,MONTE_CARLO,base_decomposition,mode_b_mdd_p95,-0.058824,fraction,mode_b,superasi_bdebase_v1.0.0,grade_config_v1,2026-09-13T13:03:03Z,77f6004823dc43509371df35ae2da858,913 ITI-01,520b4e76a9cc28b0c6569db6ee1d2b69ec97dac331fccf5f85a35ae2b53f260a,06ebb9644a2a3cec47351c00887dac177c54978adde1aa4c271a07d233dd8b72,79c4ae48c45e15f21346022d19dde6aa9329703681a8cd3921524af45d8891c9,913 ITI-01,NBA,NBA,2025-2026,2025-03-18,2026-09-01,"{""date_from"":""2025-03-18"",""date_to"":""2026-09-01"",""game_data"":[""pbp""],""leagues"":[""NBA""],""market_data"":[""candles""],""markets"":[""kalshi""],""seasons"":[""2025-2026""],""sports"":[""NBA""]}",TRADABLE_YES_BID,1_MINUTE_CANDLE,available_at,FIRST_TOUCH,"{""id"":""entry_mtw2zh6b_f4q8g"",""op"":""FIRST_TOUCH"",""ordinal"":""FIRST_TOUCH"",""period"":""Q2"",""price_e4"":6800,""source_vocabulary"":""TOUCH""}",REACH,"{""id"":""exit_mty0bwbw_mvfqe"",""op"":""REACH"",""outcome"":""win"",""price_e4"":9500}",REACH,"{""id"":""exit_mtug1t99_aq1lv"",""op"":""REACH"",""outcome"":""loss"",""price_e4"":4500}",HOLD_TO_SETTLEMENT,c5430eb845ac4cefb3c281ac543b383aad9652b9d0817d0605ab42bca6970657,1.0.0,2026-09-13T06:28:48Z,1.0.0,1.0.0,1.0.0,2026-09-13T06:28:48Z,READY,224,116,108,0.517857,0.482143,2700,2300,1.173913,289.285714,a1bee2f832bba4fbfbee499c6c89c2cf1a011d365a81efc1b5ef04b1ed6b0236,candle_path_not_fill,UNAVAILABLE,UNAVAILABLE,UNAVAILABLE,NOT_COMPUTABLE,UNAVAILABLE
risk_profile,MONTE_CARLO,base_decomposition,mode_b_se_P_min_bankroll_le_floor,0.000418,fraction,mode_b,superasi_bdebase_v1.0.0,grade_config_v1,2026-09-13T13:03:03Z,77f6004823dc43509371df35ae2da858,913 ITI-01,520b4e76a9cc28b0c6569db6ee1d2b69ec97dac331fccf5f85a35ae2b53f260a,06ebb9644a2a3cec47351c00887dac177c54978adde1aa4c271a07d233dd8b72,79c4ae48c45e15f21346022d19dde6aa9329703681a8cd3921524af45d8891c9,913 ITI-01,NBA,NBA,2025-2026,2025-03-18,2026-09-01,"{""date_from"":""2025-03-18"",""date_to"":""2026-09-01"",""game_data"":[""pbp""],""leagues"":[""NBA""],""market_data"":[""candles""],""markets"":[""kalshi""],""seasons"":[""2025-2026""],""sports"":[""NBA""]}",TRADABLE_YES_BID,1_MINUTE_CANDLE,available_at,FIRST_TOUCH,"{""id"":""entry_mtw2zh6b_f4q8g"",""op"":""FIRST_TOUCH"",""ordinal"":""FIRST_TOUCH"",""period"":""Q2"",""price_e4"":6800,""source_vocabulary"":""TOUCH""}",REACH,"{""id"":""exit_mty0bwbw_mvfqe"",""op"":""REACH"",""outcome"":""win"",""price_e4"":9500}",REACH,"{""id"":""exit_mtug1t99_aq1lv"",""op"":""REACH"",""outcome"":""loss"",""price_e4"":4500}",HOLD_TO_SETTLEMENT,c5430eb845ac4cefb3c281ac543b383aad9652b9d0817d0605ab42bca6970657,1.0.0,2026-09-13T06:28:48Z,1.0.0,1.0.0,1.0.0,2026-09-13T06:28:48Z,READY,224,116,108,0.517857,0.482143,2700,2300,1.173913,289.285714,a1bee2f832bba4fbfbee499c6c89c2cf1a011d365a81efc1b5ef04b1ed6b0236,candle_path_not_fill,UNAVAILABLE,UNAVAILABLE,UNAVAILABLE,NOT_COMPUTABLE,UNAVAILABLE
risk_profile,MONTE_CARLO,base_decomposition,mode_b_se_P_final_ge_target,0.001580,fraction,mode_b,superasi_bdebase_v1.0.0,grade_config_v1,2026-09-13T13:03:03Z,77f6004823dc43509371df35ae2da858,913 ITI-01,520b4e76a9cc28b0c6569db6ee1d2b69ec97dac331fccf5f85a35ae2b53f260a,06ebb9644a2a3cec47351c00887dac177c54978adde1aa4c271a07d233dd8b72,79c4ae48c45e15f21346022d19dde6aa9329703681a8cd3921524af45d8891c9,913 ITI-01,NBA,NBA,2025-2026,2025-03-18,2026-09-01,"{""date_from"":""2025-03-18"",""date_to"":""2026-09-01"",""game_data"":[""pbp""],""leagues"":[""NBA""],""market_data"":[""candles""],""markets"":[""kalshi""],""seasons"":[""2025-2026""],""sports"":[""NBA""]}",TRADABLE_YES_BID,1_MINUTE_CANDLE,available_at,FIRST_TOUCH,"{""id"":""entry_mtw2zh6b_f4q8g"",""op"":""FIRST_TOUCH"",""ordinal"":""FIRST_TOUCH"",""period"":""Q2"",""price_e4"":6800,""source_vocabulary"":""TOUCH""}",REACH,"{""id"":""exit_mty0bwbw_mvfqe"",""op"":""REACH"",""outcome"":""win"",""price_e4"":9500}",REACH,"{""id"":""exit_mtug1t99_aq1lv"",""op"":""REACH"",""outcome"":""loss"",""price_e4"":4500}",HOLD_TO_SETTLEMENT,c5430eb845ac4cefb3c281ac543b383aad9652b9d0817d0605ab42bca6970657,1.0.0,2026-09-13T06:28:48Z,1.0.0,1.0.0,1.0.0,2026-09-13T06:28:48Z,READY,224,116,108,0.517857,0.482143,2700,2300,1.173913,289.285714,a1bee2f832bba4fbfbee499c6c89c2cf1a011d365a81efc1b5ef04b1ed6b0236,candle_path_not_fill,UNAVAILABLE,UNAVAILABLE,UNAVAILABLE,NOT_COMPUTABLE,UNAVAILABLE
risk_profile,MONTE_CARLO,base_decomposition,mode_b_se_P_final_lt_B0,0.000775,fraction,mode_b,superasi_bdebase_v1.0.0,grade_config_v1,2026-09-13T13:03:03Z,77f6004823dc43509371df35ae2da858,913 ITI-01,520b4e76a9cc28b0c6569db6ee1d2b69ec97dac331fccf5f85a35ae2b53f260a,06ebb9644a2a3cec47351c00887dac177c54978adde1aa4c271a07d233dd8b72,79c4ae48c45e15f21346022d19dde6aa9329703681a8cd3921524af45d8891c9,913 ITI-01,NBA,NBA,2025-2026,2025-03-18,2026-09-01,"{""date_from"":""2025-03-18"",""date_to"":""2026-09-01"",""game_data"":[""pbp""],""leagues"":[""NBA""],""market_data"":[""candles""],""markets"":[""kalshi""],""seasons"":[""2025-2026""],""sports"":[""NBA""]}",TRADABLE_YES_BID,1_MINUTE_CANDLE,available_at,FIRST_TOUCH,"{""id"":""entry_mtw2zh6b_f4q8g"",""op"":""FIRST_TOUCH"",""ordinal"":""FIRST_TOUCH"",""period"":""Q2"",""price_e4"":6800,""source_vocabulary"":""TOUCH""}",REACH,"{""id"":""exit_mty0bwbw_mvfqe"",""op"":""REACH"",""outcome"":""win"",""price_e4"":9500}",REACH,"{""id"":""exit_mtug1t99_aq1lv"",""op"":""REACH"",""outcome"":""loss"",""price_e4"":4500}",HOLD_TO_SETTLEMENT,c5430eb845ac4cefb3c281ac543b383aad9652b9d0817d0605ab42bca6970657,1.0.0,2026-09-13T06:28:48Z,1.0.0,1.0.0,1.0.0,2026-09-13T06:28:48Z,READY,224,116,108,0.517857,0.482143,2700,2300,1.173913,289.285714,a1bee2f832bba4fbfbee499c6c89c2cf1a011d365a81efc1b5ef04b1ed6b0236,candle_path_not_fill,UNAVAILABLE,UNAVAILABLE,UNAVAILABLE,NOT_COMPUTABLE,UNAVAILABLE
path_bands,MONTE_CARLO,base_decomposition,mode_b_week_1_p5,18823.529412,usd,mode_b,superasi_bdebase_v1.0.0,grade_config_v1,2026-09-13T13:03:03Z,77f6004823dc43509371df35ae2da858,913 ITI-01,520b4e76a9cc28b0c6569db6ee1d2b69ec97dac331fccf5f85a35ae2b53f260a,06ebb9644a2a3cec47351c00887dac177c54978adde1aa4c271a07d233dd8b72,79c4ae48c45e15f21346022d19dde6aa9329703681a8cd3921524af45d8891c9,913 ITI-01,NBA,NBA,2025-2026,2025-03-18,2026-09-01,"{""date_from"":""2025-03-18"",""date_to"":""2026-09-01"",""game_data"":[""pbp""],""leagues"":[""NBA""],""market_data"":[""candles""],""markets"":[""kalshi""],""seasons"":[""2025-2026""],""sports"":[""NBA""]}",TRADABLE_YES_BID,1_MINUTE_CANDLE,available_at,FIRST_TOUCH,"{""id"":""entry_mtw2zh6b_f4q8g"",""op"":""FIRST_TOUCH"",""ordinal"":""FIRST_TOUCH"",""period"":""Q2"",""price_e4"":6800,""source_vocabulary"":""TOUCH""}",REACH,"{""id"":""exit_mty0bwbw_mvfqe"",""op"":""REACH"",""outcome"":""win"",""price_e4"":9500}",REACH,"{""id"":""exit_mtug1t99_aq1lv"",""op"":""REACH"",""outcome"":""loss"",""price_e4"":4500}",HOLD_TO_SETTLEMENT,c5430eb845ac4cefb3c281ac543b383aad9652b9d0817d0605ab42bca6970657,1.0.0,2026-09-13T06:28:48Z,1.0.0,1.0.0,1.0.0,2026-09-13T06:28:48Z,READY,224,116,108,0.517857,0.482143,2700,2300,1.173913,289.285714,a1bee2f832bba4fbfbee499c6c89c2cf1a011d365a81efc1b5ef04b1ed6b0236,candle_path_not_fill,UNAVAILABLE,UNAVAILABLE,UNAVAILABLE,NOT_COMPUTABLE,UNAVAILABLE
path_bands,MONTE_CARLO,base_decomposition,mode_b_week_1_p25,19558.823529,usd,mode_b,superasi_bdebase_v1.0.0,grade_config_v1,2026-09-13T13:03:03Z,77f6004823dc43509371df35ae2da858,913 ITI-01,520b4e76a9cc28b0c6569db6ee1d2b69ec97dac331fccf5f85a35ae2b53f260a,06ebb9644a2a3cec47351c00887dac177c54978adde1aa4c271a07d233dd8b72,79c4ae48c45e15f21346022d19dde6aa9329703681a8cd3921524af45d8891c9,913 ITI-01,NBA,NBA,2025-2026,2025-03-18,2026-09-01,"{""date_from"":""2025-03-18"",""date_to"":""2026-09-01"",""game_data"":[""pbp""],""leagues"":[""NBA""],""market_data"":[""candles""],""markets"":[""kalshi""],""seasons"":[""2025-2026""],""sports"":[""NBA""]}",TRADABLE_YES_BID,1_MINUTE_CANDLE,available_at,FIRST_TOUCH,"{""id"":""entry_mtw2zh6b_f4q8g"",""op"":""FIRST_TOUCH"",""ordinal"":""FIRST_TOUCH"",""period"":""Q2"",""price_e4"":6800,""source_vocabulary"":""TOUCH""}",REACH,"{""id"":""exit_mty0bwbw_mvfqe"",""op"":""REACH"",""outcome"":""win"",""price_e4"":9500}",REACH,"{""id"":""exit_mtug1t99_aq1lv"",""op"":""REACH"",""outcome"":""loss"",""price_e4"":4500}",HOLD_TO_SETTLEMENT,c5430eb845ac4cefb3c281ac543b383aad9652b9d0817d0605ab42bca6970657,1.0.0,2026-09-13T06:28:48Z,1.0.0,1.0.0,1.0.0,2026-09-13T06:28:48Z,READY,224,116,108,0.517857,0.482143,2700,2300,1.173913,289.285714,a1bee2f832bba4fbfbee499c6c89c2cf1a011d365a81efc1b5ef04b1ed6b0236,candle_path_not_fill,UNAVAILABLE,UNAVAILABLE,UNAVAILABLE,NOT_COMPUTABLE,UNAVAILABLE
path_bands,MONTE_CARLO,base_decomposition,mode_b_week_1_p50,20294.117647,usd,mode_b,superasi_bdebase_v1.0.0,grade_config_v1,2026-09-13T13:03:03Z,77f6004823dc43509371df35ae2da858,913 ITI-01,520b4e76a9cc28b0c6569db6ee1d2b69ec97dac331fccf5f85a35ae2b53f260a,06ebb9644a2a3cec47351c00887dac177c54978adde1aa4c271a07d233dd8b72,79c4ae48c45e15f21346022d19dde6aa9329703681a8cd3921524af45d8891c9,913 ITI-01,NBA,NBA,2025-2026,2025-03-18,2026-09-01,"{""date_from"":""2025-03-18"",""date_to"":""2026-09-01"",""game_data"":[""pbp""],""leagues"":[""NBA""],""market_data"":[""candles""],""markets"":[""kalshi""],""seasons"":[""2025-2026""],""sports"":[""NBA""]}",TRADABLE_YES_BID,1_MINUTE_CANDLE,available_at,FIRST_TOUCH,"{""id"":""entry_mtw2zh6b_f4q8g"",""op"":""FIRST_TOUCH"",""ordinal"":""FIRST_TOUCH"",""period"":""Q2"",""price_e4"":6800,""source_vocabulary"":""TOUCH""}",REACH,"{""id"":""exit_mty0bwbw_mvfqe"",""op"":""REACH"",""outcome"":""win"",""price_e4"":9500}",REACH,"{""id"":""exit_mtug1t99_aq1lv"",""op"":""REACH"",""outcome"":""loss"",""price_e4"":4500}",HOLD_TO_SETTLEMENT,c5430eb845ac4cefb3c281ac543b383aad9652b9d0817d0605ab42bca6970657,1.0.0,2026-09-13T06:28:48Z,1.0.0,1.0.0,1.0.0,2026-09-13T06:28:48Z,READY,224,116,108,0.517857,0.482143,2700,2300,1.173913,289.285714,a1bee2f832bba4fbfbee499c6c89c2cf1a011d365a81efc1b5ef04b1ed6b0236,candle_path_not_fill,UNAVAILABLE,UNAVAILABLE,UNAVAILABLE,NOT_COMPUTABLE,UNAVAILABLE
path_bands,MONTE_CARLO,base_decomposition,mode_b_week_1_p75,21029.411765,usd,mode_b,superasi_bdebase_v1.0.0,grade_config_v1,2026-09-13T13:03:03Z,77f6004823dc43509371df35ae2da858,913 ITI-01,520b4e76a9cc28b0c6569db6ee1d2b69ec97dac331fccf5f85a35ae2b53f260a,06ebb9644a2a3cec47351c00887dac177c54978adde1aa4c271a07d233dd8b72,79c4ae48c45e15f21346022d19dde6aa9329703681a8cd3921524af45d8891c9,913 ITI-01,NBA,NBA,2025-2026,2025-03-18,2026-09-01,"{""date_from"":""2025-03-18"",""date_to"":""2026-09-01"",""game_data"":[""pbp""],""leagues"":[""NBA""],""market_data"":[""candles""],""markets"":[""kalshi""],""seasons"":[""2025-2026""],""sports"":[""NBA""]}",TRADABLE_YES_BID,1_MINUTE_CANDLE,available_at,FIRST_TOUCH,"{""id"":""entry_mtw2zh6b_f4q8g"",""op"":""FIRST_TOUCH"",""ordinal"":""FIRST_TOUCH"",""period"":""Q2"",""price_e4"":6800,""source_vocabulary"":""TOUCH""}",REACH,"{""id"":""exit_mty0bwbw_mvfqe"",""op"":""REACH"",""outcome"":""win"",""price_e4"":9500}",REACH,"{""id"":""exit_mtug1t99_aq1lv"",""op"":""REACH"",""outcome"":""loss"",""price_e4"":4500}",HOLD_TO_SETTLEMENT,c5430eb845ac4cefb3c281ac543b383aad9652b9d0817d0605ab42bca6970657,1.0.0,2026-09-13T06:28:48Z,1.0.0,1.0.0,1.0.0,2026-09-13T06:28:48Z,READY,224,116,108,0.517857,0.482143,2700,2300,1.173913,289.285714,a1bee2f832bba4fbfbee499c6c89c2cf1a011d365a81efc1b5ef04b1ed6b0236,candle_path_not_fill,UNAVAILABLE,UNAVAILABLE,UNAVAILABLE,NOT_COMPUTABLE,UNAVAILABLE
path_bands,MONTE_CARLO,base_decomposition,mode_b_week_1_p95,22500.000000,usd,mode_b,superasi_bdebase_v1.0.0,grade_config_v1,2026-09-13T13:03:03Z,77f6004823dc43509371df35ae2da858,913 ITI-01,520b4e76a9cc28b0c6569db6ee1d2b69ec97dac331fccf5f85a35ae2b53f260a,06ebb9644a2a3cec47351c00887dac177c54978adde1aa4c271a07d233dd8b72,79c4ae48c45e15f21346022d19dde6aa9329703681a8cd3921524af45d8891c9,913 ITI-01,NBA,NBA,2025-2026,2025-03-18,2026-09-01,"{""date_from"":""2025-03-18"",""date_to"":""2026-09-01"",""game_data"":[""pbp""],""leagues"":[""NBA""],""market_data"":[""candles""],""markets"":[""kalshi""],""seasons"":[""2025-2026""],""sports"":[""NBA""]}",TRADABLE_YES_BID,1_MINUTE_CANDLE,available_at,FIRST_TOUCH,"{""id"":""entry_mtw2zh6b_f4q8g"",""op"":""FIRST_TOUCH"",""ordinal"":""FIRST_TOUCH"",""period"":""Q2"",""price_e4"":6800,""source_vocabulary"":""TOUCH""}",REACH,"{""id"":""exit_mty0bwbw_mvfqe"",""op"":""REACH"",""outcome"":""win"",""price_e4"":9500}",REACH,"{""id"":""exit_mtug1t99_aq1lv"",""op"":""REACH"",""outcome"":""loss"",""price_e4"":4500}",HOLD_TO_SETTLEMENT,c5430eb845ac4cefb3c281ac543b383aad9652b9d0817d0605ab42bca6970657,1.0.0,2026-09-13T06:28:48Z,1.0.0,1.0.0,1.0.0,2026-09-13T06:28:48Z,READY,224,116,108,0.517857,0.482143,2700,2300,1.173913,289.285714,a1bee2f832bba4fbfbee499c6c89c2cf1a011d365a81efc1b5ef04b1ed6b0236,candle_path_not_fill,UNAVAILABLE,UNAVAILABLE,UNAVAILABLE,NOT_COMPUTABLE,UNAVAILABLE
path_bands,MONTE_CARLO,base_decomposition,mode_b_week_2_p5,18354.238754,usd,mode_b,superasi_bdebase_v1.0.0,grade_config_v1,2026-09-13T13:03:03Z,77f6004823dc43509371df35ae2da858,913 ITI-01,520b4e76a9cc28b0c6569db6ee1d2b69ec97dac331fccf5f85a35ae2b53f260a,06ebb9644a2a3cec47351c00887dac177c54978adde1aa4c271a07d233dd8b72,79c4ae48c45e15f21346022d19dde6aa9329703681a8cd3921524af45d8891c9,913 ITI-01,NBA,NBA,2025-2026,2025-03-18,2026-09-01,"{""date_from"":""2025-03-18"",""date_to"":""2026-09-01"",""game_data"":[""pbp""],""leagues"":[""NBA""],""market_data"":[""candles""],""markets"":[""kalshi""],""seasons"":[""2025-2026""],""sports"":[""NBA""]}",TRADABLE_YES_BID,1_MINUTE_CANDLE,available_at,FIRST_TOUCH,"{""id"":""entry_mtw2zh6b_f4q8g"",""op"":""FIRST_TOUCH"",""ordinal"":""FIRST_TOUCH"",""period"":""Q2"",""price_e4"":6800,""source_vocabulary"":""TOUCH""}",REACH,"{""id"":""exit_mty0bwbw_mvfqe"",""op"":""REACH"",""outcome"":""win"",""price_e4"":9500}",REACH,"{""id"":""exit_mtug1t99_aq1lv"",""op"":""REACH"",""outcome"":""loss"",""price_e4"":4500}",HOLD_TO_SETTLEMENT,c5430eb845ac4cefb3c281ac543b383aad9652b9d0817d0605ab42bca6970657,1.0.0,2026-09-13T06:28:48Z,1.0.0,1.0.0,1.0.0,2026-09-13T06:28:48Z,READY,224,116,108,0.517857,0.482143,2700,2300,1.173913,289.285714,a1bee2f832bba4fbfbee499c6c89c2cf1a011d365a81efc1b5ef04b1ed6b0236,candle_path_not_fill,UNAVAILABLE,UNAVAILABLE,UNAVAILABLE,NOT_COMPUTABLE,UNAVAILABLE
path_bands,MONTE_CARLO,base_decomposition,mode_b_week_2_p25,19792.387543,usd,mode_b,superasi_bdebase_v1.0.0,grade_config_v1,2026-09-13T13:03:03Z,77f6004823dc43509371df35ae2da858,913 ITI-01,520b4e76a9cc28b0c6569db6ee1d2b69ec97dac331fccf5f85a35ae2b53f260a,06ebb9644a2a3cec47351c00887dac177c54978adde1aa4c271a07d233dd8b72,79c4ae48c45e15f21346022d19dde6aa9329703681a8cd3921524af45d8891c9,913 ITI-01,NBA,NBA,2025-2026,2025-03-18,2026-09-01,"{""date_from"":""2025-03-18"",""date_to"":""2026-09-01"",""game_data"":[""pbp""],""leagues"":[""NBA""],""market_data"":[""candles""],""markets"":[""kalshi""],""seasons"":[""2025-2026""],""sports"":[""NBA""]}",TRADABLE_YES_BID,1_MINUTE_CANDLE,available_at,FIRST_TOUCH,"{""id"":""entry_mtw2zh6b_f4q8g"",""op"":""FIRST_TOUCH"",""ordinal"":""FIRST_TOUCH"",""period"":""Q2"",""price_e4"":6800,""source_vocabulary"":""TOUCH""}",REACH,"{""id"":""exit_mty0bwbw_mvfqe"",""op"":""REACH"",""outcome"":""win"",""price_e4"":9500}",REACH,"{""id"":""exit_mtug1t99_aq1lv"",""op"":""REACH"",""outcome"":""loss"",""price_e4"":4500}",HOLD_TO_SETTLEMENT,c5430eb845ac4cefb3c281ac543b383aad9652b9d0817d0605ab42bca6970657,1.0.0,2026-09-13T06:28:48Z,1.0.0,1.0.0,1.0.0,2026-09-13T06:28:48Z,READY,224,116,108,0.517857,0.482143,2700,2300,1.173913,289.285714,a1bee2f832bba4fbfbee499c6c89c2cf1a011d365a81efc1b5ef04b1ed6b0236,candle_path_not_fill,UNAVAILABLE,UNAVAILABLE,UNAVAILABLE,NOT_COMPUTABLE,UNAVAILABLE
path_bands,MONTE_CARLO,base_decomposition,mode_b_week_2_p50,20592.560554,usd,mode_b,superasi_bdebase_v1.0.0,grade_config_v1,2026-09-13T13:03:03Z,77f6004823dc43509371df35ae2da858,913 ITI-01,520b4e76a9cc28b0c6569db6ee1d2b69ec97dac331fccf5f85a35ae2b53f260a,06ebb9644a2a3cec47351c00887dac177c54978adde1aa4c271a07d233dd8b72,79c4ae48c45e15f21346022d19dde6aa9329703681a8cd3921524af45d8891c9,913 ITI-01,NBA,NBA,2025-2026,2025-03-18,2026-09-01,"{""date_from"":""2025-03-18"",""date_to"":""2026-09-01"",""game_data"":[""pbp""],""leagues"":[""NBA""],""market_data"":[""candles""],""markets"":[""kalshi""],""seasons"":[""2025-2026""],""sports"":[""NBA""]}",TRADABLE_YES_BID,1_MINUTE_CANDLE,available_at,FIRST_TOUCH,"{""id"":""entry_mtw2zh6b_f4q8g"",""op"":""FIRST_TOUCH"",""ordinal"":""FIRST_TOUCH"",""period"":""Q2"",""price_e4"":6800,""source_vocabulary"":""TOUCH""}",REACH,"{""id"":""exit_mty0bwbw_mvfqe"",""op"":""REACH"",""outcome"":""win"",""price_e4"":9500}",REACH,"{""id"":""exit_mtug1t99_aq1lv"",""op"":""REACH"",""outcome"":""loss"",""price_e4"":4500}",HOLD_TO_SETTLEMENT,c5430eb845ac4cefb3c281ac543b383aad9652b9d0817d0605ab42bca6970657,1.0.0,2026-09-13T06:28:48Z,1.0.0,1.0.0,1.0.0,2026-09-13T06:28:48Z,READY,224,116,108,0.517857,0.482143,2700,2300,1.173913,289.285714,a1bee2f832bba4fbfbee499c6c89c2cf1a011d365a81efc1b5ef04b1ed6b0236,candle_path_not_fill,UNAVAILABLE,UNAVAILABLE,UNAVAILABLE,NOT_COMPUTABLE,UNAVAILABLE
path_bands,MONTE_CARLO,base_decomposition,mode_b_week_2_p75,22084.775087,usd,mode_b,superasi_bdebase_v1.0.0,grade_config_v1,2026-09-13T13:03:03Z,77f6004823dc43509371df35ae2da858,913 ITI-01,520b4e76a9cc28b0c6569db6ee1d2b69ec97dac331fccf5f85a35ae2b53f260a,06ebb9644a2a3cec47351c00887dac177c54978adde1aa4c271a07d233dd8b72,79c4ae48c45e15f21346022d19dde6aa9329703681a8cd3921524af45d8891c9,913 ITI-01,NBA,NBA,2025-2026,2025-03-18,2026-09-01,"{""date_from"":""2025-03-18"",""date_to"":""2026-09-01"",""game_data"":[""pbp""],""leagues"":[""NBA""],""market_data"":[""candles""],""markets"":[""kalshi""],""seasons"":[""2025-2026""],""sports"":[""NBA""]}",TRADABLE_YES_BID,1_MINUTE_CANDLE,available_at,FIRST_TOUCH,"{""id"":""entry_mtw2zh6b_f4q8g"",""op"":""FIRST_TOUCH"",""ordinal"":""FIRST_TOUCH"",""period"":""Q2"",""price_e4"":6800,""source_vocabulary"":""TOUCH""}",REACH,"{""id"":""exit_mty0bwbw_mvfqe"",""op"":""REACH"",""outcome"":""win"",""price_e4"":9500}",REACH,"{""id"":""exit_mtug1t99_aq1lv"",""op"":""REACH"",""outcome"":""loss"",""price_e4"":4500}",HOLD_TO_SETTLEMENT,c5430eb845ac4cefb3c281ac543b383aad9652b9d0817d0605ab42bca6970657,1.0.0,2026-09-13T06:28:48Z,1.0.0,1.0.0,1.0.0,2026-09-13T06:28:48Z,READY,224,116,108,0.517857,0.482143,2700,2300,1.173913,289.285714,a1bee2f832bba4fbfbee499c6c89c2cf1a011d365a81efc1b5ef04b1ed6b0236,candle_path_not_fill,UNAVAILABLE,UNAVAILABLE,UNAVAILABLE,NOT_COMPUTABLE,UNAVAILABLE
path_bands,MONTE_CARLO,base_decomposition,mode_b_week_2_p95,23658.088235,usd,mode_b,superasi_bdebase_v1.0.0,grade_config_v1,2026-09-13T13:03:03Z,77f6004823dc43509371df35ae2da858,913 ITI-01,520b4e76a9cc28b0c6569db6ee1d2b69ec97dac331fccf5f85a35ae2b53f260a,06ebb9644a2a3cec47351c00887dac177c54978adde1aa4c271a07d233dd8b72,79c4ae48c45e15f21346022d19dde6aa9329703681a8cd3921524af45d8891c9,913 ITI-01,NBA,NBA,2025-2026,2025-03-18,2026-09-01,"{""date_from"":""2025-03-18"",""date_to"":""2026-09-01"",""game_data"":[""pbp""],""leagues"":[""NBA""],""market_data"":[""candles""],""markets"":[""kalshi""],""seasons"":[""2025-2026""],""sports"":[""NBA""]}",TRADABLE_YES_BID,1_MINUTE_CANDLE,available_at,FIRST_TOUCH,"{""id"":""entry_mtw2zh6b_f4q8g"",""op"":""FIRST_TOUCH"",""ordinal"":""FIRST_TOUCH"",""period"":""Q2"",""price_e4"":6800,""source_vocabulary"":""TOUCH""}",REACH,"{""id"":""exit_mty0bwbw_mvfqe"",""op"":""REACH"",""outcome"":""win"",""price_e4"":9500}",REACH,"{""id"":""exit_mtug1t99_aq1lv"",""op"":""REACH"",""outcome"":""loss"",""price_e4"":4500}",HOLD_TO_SETTLEMENT,c5430eb845ac4cefb3c281ac543b383aad9652b9d0817d0605ab42bca6970657,1.0.0,2026-09-13T06:28:48Z,1.0.0,1.0.0,1.0.0,2026-09-13T06:28:48Z,READY,224,116,108,0.517857,0.482143,2700,2300,1.173913,289.285714,a1bee2f832bba4fbfbee499c6c89c2cf1a011d365a81efc1b5ef04b1ed6b0236,candle_path_not_fill,UNAVAILABLE,UNAVAILABLE,UNAVAILABLE,NOT_COMPUTABLE,UNAVAILABLE
path_bands,MONTE_CARLO,base_decomposition,mode_b_week_3_p5,17949.365841,usd,mode_b,superasi_bdebase_v1.0.0,grade_config_v1,2026-09-13T13:03:03Z,77f6004823dc43509371df35ae2da858,913 ITI-01,520b4e76a9cc28b0c6569db6ee1d2b69ec97dac331fccf5f85a35ae2b53f260a,06ebb9644a2a3cec47351c00887dac177c54978adde1aa4c271a07d233dd8b72,79c4ae48c45e15f21346022d19dde6aa9329703681a8cd3921524af45d8891c9,913 ITI-01,NBA,NBA,2025-2026,2025-03-18,2026-09-01,"{""date_from"":""2025-03-18"",""date_to"":""2026-09-01"",""game_data"":[""pbp""],""leagues"":[""NBA""],""market_data"":[""candles""],""markets"":[""kalshi""],""seasons"":[""2025-2026""],""sports"":[""NBA""]}",TRADABLE_YES_BID,1_MINUTE_CANDLE,available_at,FIRST_TOUCH,"{""id"":""entry_mtw2zh6b_f4q8g"",""op"":""FIRST_TOUCH"",""ordinal"":""FIRST_TOUCH"",""period"":""Q2"",""price_e4"":6800,""source_vocabulary"":""TOUCH""}",REACH,"{""id"":""exit_mty0bwbw_mvfqe"",""op"":""REACH"",""outcome"":""win"",""price_e4"":9500}",REACH,"{""id"":""exit_mtug1t99_aq1lv"",""op"":""REACH"",""outcome"":""loss"",""price_e4"":4500}",HOLD_TO_SETTLEMENT,c5430eb845ac4cefb3c281ac543b383aad9652b9d0817d0605ab42bca6970657,1.0.0,2026-09-13T06:28:48Z,1.0.0,1.0.0,1.0.0,2026-09-13T06:28:48Z,READY,224,116,108,0.517857,0.482143,2700,2300,1.173913,289.285714,a1bee2f832bba4fbfbee499c6c89c2cf1a011d365a81efc1b5ef04b1ed6b0236,candle_path_not_fill,UNAVAILABLE,UNAVAILABLE,UNAVAILABLE,NOT_COMPUTABLE,UNAVAILABLE
path_bands,MONTE_CARLO,base_decomposition,mode_b_week_3_p25,20032.566660,usd,mode_b,superasi_bdebase_v1.0.0,grade_config_v1,2026-09-13T13:03:03Z,77f6004823dc43509371df35ae2da858,913 ITI-01,520b4e76a9cc28b0c6569db6ee1d2b69ec97dac331fccf5f85a35ae2b53f260a,06ebb9644a2a3cec47351c00887dac177c54978adde1aa4c271a07d233dd8b72,79c4ae48c45e15f21346022d19dde6aa9329703681a8cd3921524af45d8891c9,913 ITI-01,NBA,NBA,2025-2026,2025-03-18,2026-09-01,"{""date_from"":""2025-03-18"",""date_to"":""2026-09-01"",""game_data"":[""pbp""],""leagues"":[""NBA""],""market_data"":[""candles""],""markets"":[""kalshi""],""seasons"":[""2025-2026""],""sports"":[""NBA""]}",TRADABLE_YES_BID,1_MINUTE_CANDLE,available_at,FIRST_TOUCH,"{""id"":""entry_mtw2zh6b_f4q8g"",""op"":""FIRST_TOUCH"",""ordinal"":""FIRST_TOUCH"",""period"":""Q2"",""price_e4"":6800,""source_vocabulary"":""TOUCH""}",REACH,"{""id"":""exit_mty0bwbw_mvfqe"",""op"":""REACH"",""outcome"":""win"",""price_e4"":9500}",REACH,"{""id"":""exit_mtug1t99_aq1lv"",""op"":""REACH"",""outcome"":""loss"",""price_e4"":4500}",HOLD_TO_SETTLEMENT,c5430eb845ac4cefb3c281ac543b383aad9652b9d0817d0605ab42bca6970657,1.0.0,2026-09-13T06:28:48Z,1.0.0,1.0.0,1.0.0,2026-09-13T06:28:48Z,READY,224,116,108,0.517857,0.482143,2700,2300,1.173913,289.285714,a1bee2f832bba4fbfbee499c6c89c2cf1a011d365a81efc1b5ef04b1ed6b0236,candle_path_not_fill,UNAVAILABLE,UNAVAILABLE,UNAVAILABLE,NOT_COMPUTABLE,UNAVAILABLE
path_bands,MONTE_CARLO,base_decomposition,mode_b_week_3_p50,21421.102178,usd,mode_b,superasi_bdebase_v1.0.0,grade_config_v1,2026-09-13T13:03:03Z,77f6004823dc43509371df35ae2da858,913 ITI-01,520b4e76a9cc28b0c6569db6ee1d2b69ec97dac331fccf5f85a35ae2b53f260a,06ebb9644a2a3cec47351c00887dac177c54978adde1aa4c271a07d233dd8b72,79c4ae48c45e15f21346022d19dde6aa9329703681a8cd3921524af45d8891c9,913 ITI-01,NBA,NBA,2025-2026,2025-03-18,2026-09-01,"{""date_from"":""2025-03-18"",""date_to"":""2026-09-01"",""game_data"":[""pbp""],""leagues"":[""NBA""],""market_data"":[""candles""],""markets"":[""kalshi""],""seasons"":[""2025-2026""],""sports"":[""NBA""]}",TRADABLE_YES_BID,1_MINUTE_CANDLE,available_at,FIRST_TOUCH,"{""id"":""entry_mtw2zh6b_f4q8g"",""op"":""FIRST_TOUCH"",""ordinal"":""FIRST_TOUCH"",""period"":""Q2"",""price_e4"":6800,""source_vocabulary"":""TOUCH""}",REACH,"{""id"":""exit_mty0bwbw_mvfqe"",""op"":""REACH"",""outcome"":""win"",""price_e4"":9500}",REACH,"{""id"":""exit_mtug1t99_aq1lv"",""op"":""REACH"",""outcome"":""loss"",""price_e4"":4500}",HOLD_TO_SETTLEMENT,c5430eb845ac4cefb3c281ac543b383aad9652b9d0817d0605ab42bca6970657,1.0.0,2026-09-13T06:28:48Z,1.0.0,1.0.0,1.0.0,2026-09-13T06:28:48Z,READY,224,116,108,0.517857,0.482143,2700,2300,1.173913,289.285714,a1bee2f832bba4fbfbee499c6c89c2cf1a011d365a81efc1b5ef04b1ed6b0236,candle_path_not_fill,UNAVAILABLE,UNAVAILABLE,UNAVAILABLE,NOT_COMPUTABLE,UNAVAILABLE
path_bands,MONTE_CARLO,base_decomposition,mode_b_week_3_p75,22436.981605,usd,mode_b,superasi_bdebase_v1.0.0,grade_config_v1,2026-09-13T13:03:03Z,77f6004823dc43509371df35ae2da858,913 ITI-01,520b4e76a9cc28b0c6569db6ee1d2b69ec97dac331fccf5f85a35ae2b53f260a,06ebb9644a2a3cec47351c00887dac177c54978adde1aa4c271a07d233dd8b72,79c4ae48c45e15f21346022d19dde6aa9329703681a8cd3921524af45d8891c9,913 ITI-01,NBA,NBA,2025-2026,2025-03-18,2026-09-01,"{""date_from"":""2025-03-18"",""date_to"":""2026-09-01"",""game_data"":[""pbp""],""leagues"":[""NBA""],""market_data"":[""candles""],""markets"":[""kalshi""],""seasons"":[""2025-2026""],""sports"":[""NBA""]}",TRADABLE_YES_BID,1_MINUTE_CANDLE,available_at,FIRST_TOUCH,"{""id"":""entry_mtw2zh6b_f4q8g"",""op"":""FIRST_TOUCH"",""ordinal"":""FIRST_TOUCH"",""period"":""Q2"",""price_e4"":6800,""source_vocabulary"":""TOUCH""}",REACH,"{""id"":""exit_mty0bwbw_mvfqe"",""op"":""REACH"",""outcome"":""win"",""price_e4"":9500}",REACH,"{""id"":""exit_mtug1t99_aq1lv"",""op"":""REACH"",""outcome"":""loss"",""price_e4"":4500}",HOLD_TO_SETTLEMENT,c5430eb845ac4cefb3c281ac543b383aad9652b9d0817d0605ab42bca6970657,1.0.0,2026-09-13T06:28:48Z,1.0.0,1.0.0,1.0.0,2026-09-13T06:28:48Z,READY,224,116,108,0.517857,0.482143,2700,2300,1.173913,289.285714,a1bee2f832bba4fbfbee499c6c89c2cf1a011d365a81efc1b5ef04b1ed6b0236,candle_path_not_fill,UNAVAILABLE,UNAVAILABLE,UNAVAILABLE,NOT_COMPUTABLE,UNAVAILABLE
path_bands,MONTE_CARLO,base_decomposition,mode_b_week_3_p95,24875.783953,usd,mode_b,superasi_bdebase_v1.0.0,grade_config_v1,2026-09-13T13:03:03Z,77f6004823dc43509371df35ae2da858,913 ITI-01,520b4e76a9cc28b0c6569db6ee1d2b69ec97dac331fccf5f85a35ae2b53f260a,06ebb9644a2a3cec47351c00887dac177c54978adde1aa4c271a07d233dd8b72,79c4ae48c45e15f21346022d19dde6aa9329703681a8cd3921524af45d8891c9,913 ITI-01,NBA,NBA,2025-2026,2025-03-18,2026-09-01,"{""date_from"":""2025-03-18"",""date_to"":""2026-09-01"",""game_data"":[""pbp""],""leagues"":[""NBA""],""market_data"":[""candles""],""markets"":[""kalshi""],""seasons"":[""2025-2026""],""sports"":[""NBA""]}",TRADABLE_YES_BID,1_MINUTE_CANDLE,available_at,FIRST_TOUCH,"{""id"":""entry_mtw2zh6b_f4q8g"",""op"":""FIRST_TOUCH"",""ordinal"":""FIRST_TOUCH"",""period"":""Q2"",""price_e4"":6800,""source_vocabulary"":""TOUCH""}",REACH,"{""id"":""exit_mty0bwbw_mvfqe"",""op"":""REACH"",""outcome"":""win"",""price_e4"":9500}",REACH,"{""id"":""exit_mtug1t99_aq1lv"",""op"":""REACH"",""outcome"":""loss"",""price_e4"":4500}",HOLD_TO_SETTLEMENT,c5430eb845ac4cefb3c281ac543b383aad9652b9d0817d0605ab42bca6970657,1.0.0,2026-09-13T06:28:48Z,1.0.0,1.0.0,1.0.0,2026-09-13T06:28:48Z,READY,224,116,108,0.517857,0.482143,2700,2300,1.173913,289.285714,a1bee2f832bba4fbfbee499c6c89c2cf1a011d365a81efc1b5ef04b1ed6b0236,candle_path_not_fill,UNAVAILABLE,UNAVAILABLE,UNAVAILABLE,NOT_COMPUTABLE,UNAVAILABLE
path_bands,MONTE_CARLO,base_decomposition,mode_b_week_4_p5,18034.626022,usd,mode_b,superasi_bdebase_v1.0.0,grade_config_v1,2026-09-13T13:03:03Z,77f6004823dc43509371df35ae2da858,913 ITI-01,520b4e76a9cc28b0c6569db6ee1d2b69ec97dac331fccf5f85a35ae2b53f260a,06ebb9644a2a3cec47351c00887dac177c54978adde1aa4c271a07d233dd8b72,79c4ae48c45e15f21346022d19dde6aa9329703681a8cd3921524af45d8891c9,913 ITI-01,NBA,NBA,2025-2026,2025-03-18,2026-09-01,"{""date_from"":""2025-03-18"",""date_to"":""2026-09-01"",""game_data"":[""pbp""],""leagues"":[""NBA""],""market_data"":[""candles""],""markets"":[""kalshi""],""seasons"":[""2025-2026""],""sports"":[""NBA""]}",TRADABLE_YES_BID,1_MINUTE_CANDLE,available_at,FIRST_TOUCH,"{""id"":""entry_mtw2zh6b_f4q8g"",""op"":""FIRST_TOUCH"",""ordinal"":""FIRST_TOUCH"",""period"":""Q2"",""price_e4"":6800,""source_vocabulary"":""TOUCH""}",REACH,"{""id"":""exit_mty0bwbw_mvfqe"",""op"":""REACH"",""outcome"":""win"",""price_e4"":9500}",REACH,"{""id"":""exit_mtug1t99_aq1lv"",""op"":""REACH"",""outcome"":""loss"",""price_e4"":4500}",HOLD_TO_SETTLEMENT,c5430eb845ac4cefb3c281ac543b383aad9652b9d0817d0605ab42bca6970657,1.0.0,2026-09-13T06:28:48Z,1.0.0,1.0.0,1.0.0,2026-09-13T06:28:48Z,READY,224,116,108,0.517857,0.482143,2700,2300,1.173913,289.285714,a1bee2f832bba4fbfbee499c6c89c2cf1a011d365a81efc1b5ef04b1ed6b0236,candle_path_not_fill,UNAVAILABLE,UNAVAILABLE,UNAVAILABLE,NOT_COMPUTABLE,UNAVAILABLE
path_bands,MONTE_CARLO,base_decomposition,mode_b_week_4_p25,20223.895787,usd,mode_b,superasi_bdebase_v1.0.0,grade_config_v1,2026-09-13T13:03:03Z,77f6004823dc43509371df35ae2da858,913 ITI-01,520b4e76a9cc28b0c6569db6ee1d2b69ec97dac331fccf5f85a35ae2b53f260a,06ebb9644a2a3cec47351c00887dac177c54978adde1aa4c271a07d233dd8b72,79c4ae48c45e15f21346022d19dde6aa9329703681a8cd3921524af45d8891c9,913 ITI-01,NBA,NBA,2025-2026,2025-03-18,2026-09-01,"{""date_from"":""2025-03-18"",""date_to"":""2026-09-01"",""game_data"":[""pbp""],""leagues"":[""NBA""],""market_data"":[""candles""],""markets"":[""kalshi""],""seasons"":[""2025-2026""],""sports"":[""NBA""]}",TRADABLE_YES_BID,1_MINUTE_CANDLE,available_at,FIRST_TOUCH,"{""id"":""entry_mtw2zh6b_f4q8g"",""op"":""FIRST_TOUCH"",""ordinal"":""FIRST_TOUCH"",""period"":""Q2"",""price_e4"":6800,""source_vocabulary"":""TOUCH""}",REACH,"{""id"":""exit_mty0bwbw_mvfqe"",""op"":""REACH"",""outcome"":""win"",""price_e4"":9500}",REACH,"{""id"":""exit_mtug1t99_aq1lv"",""op"":""REACH"",""outcome"":""loss"",""price_e4"":4500}",HOLD_TO_SETTLEMENT,c5430eb845ac4cefb3c281ac543b383aad9652b9d0817d0605ab42bca6970657,1.0.0,2026-09-13T06:28:48Z,1.0.0,1.0.0,1.0.0,2026-09-13T06:28:48Z,READY,224,116,108,0.517857,0.482143,2700,2300,1.173913,289.285714,a1bee2f832bba4fbfbee499c6c89c2cf1a011d365a81efc1b5ef04b1ed6b0236,candle_path_not_fill,UNAVAILABLE,UNAVAILABLE,UNAVAILABLE,NOT_COMPUTABLE,UNAVAILABLE
path_bands,MONTE_CARLO,base_decomposition,mode_b_week_4_p50,21834.746861,usd,mode_b,superasi_bdebase_v1.0.0,grade_config_v1,2026-09-13T13:03:03Z,77f6004823dc43509371df35ae2da858,913 ITI-01,520b4e76a9cc28b0c6569db6ee1d2b69ec97dac331fccf5f85a35ae2b53f260a,06ebb9644a2a3cec47351c00887dac177c54978adde1aa4c271a07d233dd8b72,79c4ae48c45e15f21346022d19dde6aa9329703681a8cd3921524af45d8891c9,913 ITI-01,NBA,NBA,2025-2026,2025-03-18,2026-09-01,"{""date_from"":""2025-03-18"",""date_to"":""2026-09-01"",""game_data"":[""pbp""],""leagues"":[""NBA""],""market_data"":[""candles""],""markets"":[""kalshi""],""seasons"":[""2025-2026""],""sports"":[""NBA""]}",TRADABLE_YES_BID,1_MINUTE_CANDLE,available_at,FIRST_TOUCH,"{""id"":""entry_mtw2zh6b_f4q8g"",""op"":""FIRST_TOUCH"",""ordinal"":""FIRST_TOUCH"",""period"":""Q2"",""price_e4"":6800,""source_vocabulary"":""TOUCH""}",REACH,"{""id"":""exit_mty0bwbw_mvfqe"",""op"":""REACH"",""outcome"":""win"",""price_e4"":9500}",REACH,"{""id"":""exit_mtug1t99_aq1lv"",""op"":""REACH"",""outcome"":""loss"",""price_e4"":4500}",HOLD_TO_SETTLEMENT,c5430eb845ac4cefb3c281ac543b383aad9652b9d0817d0605ab42bca6970657,1.0.0,2026-09-13T06:28:48Z,1.0.0,1.0.0,1.0.0,2026-09-13T06:28:48Z,READY,224,116,108,0.517857,0.482143,2700,2300,1.173913,289.285714,a1bee2f832bba4fbfbee499c6c89c2cf1a011d365a81efc1b5ef04b1ed6b0236,candle_path_not_fill,UNAVAILABLE,UNAVAILABLE,UNAVAILABLE,NOT_COMPUTABLE,UNAVAILABLE
path_bands,MONTE_CARLO,base_decomposition,mode_b_week_4_p75,23476.457151,usd,mode_b,superasi_bdebase_v1.0.0,grade_config_v1,2026-09-13T13:03:03Z,77f6004823dc43509371df35ae2da858,913 ITI-01,520b4e76a9cc28b0c6569db6ee1d2b69ec97dac331fccf5f85a35ae2b53f260a,06ebb9644a2a3cec47351c00887dac177c54978adde1aa4c271a07d233dd8b72,79c4ae48c45e15f21346022d19dde6aa9329703681a8cd3921524af45d8891c9,913 ITI-01,NBA,NBA,2025-2026,2025-03-18,2026-09-01,"{""date_from"":""2025-03-18"",""date_to"":""2026-09-01"",""game_data"":[""pbp""],""leagues"":[""NBA""],""market_data"":[""candles""],""markets"":[""kalshi""],""seasons"":[""2025-2026""],""sports"":[""NBA""]}",TRADABLE_YES_BID,1_MINUTE_CANDLE,available_at,FIRST_TOUCH,"{""id"":""entry_mtw2zh6b_f4q8g"",""op"":""FIRST_TOUCH"",""ordinal"":""FIRST_TOUCH"",""period"":""Q2"",""price_e4"":6800,""source_vocabulary"":""TOUCH""}",REACH,"{""id"":""exit_mty0bwbw_mvfqe"",""op"":""REACH"",""outcome"":""win"",""price_e4"":9500}",REACH,"{""id"":""exit_mtug1t99_aq1lv"",""op"":""REACH"",""outcome"":""loss"",""price_e4"":4500}",HOLD_TO_SETTLEMENT,c5430eb845ac4cefb3c281ac543b383aad9652b9d0817d0605ab42bca6970657,1.0.0,2026-09-13T06:28:48Z,1.0.0,1.0.0,1.0.0,2026-09-13T06:28:48Z,READY,224,116,108,0.517857,0.482143,2700,2300,1.173913,289.285714,a1bee2f832bba4fbfbee499c6c89c2cf1a011d365a81efc1b5ef04b1ed6b0236,candle_path_not_fill,UNAVAILABLE,UNAVAILABLE,UNAVAILABLE,NOT_COMPUTABLE,UNAVAILABLE
path_bands,MONTE_CARLO,base_decomposition,mode_b_week_4_p95,26124.177883,usd,mode_b,superasi_bdebase_v1.0.0,grade_config_v1,2026-09-13T13:03:03Z,77f6004823dc43509371df35ae2da858,913 ITI-01,520b4e76a9cc28b0c6569db6ee1d2b69ec97dac331fccf5f85a35ae2b53f260a,06ebb9644a2a3cec47351c00887dac177c54978adde1aa4c271a07d233dd8b72,79c4ae48c45e15f21346022d19dde6aa9329703681a8cd3921524af45d8891c9,913 ITI-01,NBA,NBA,2025-2026,2025-03-18,2026-09-01,"{""date_from"":""2025-03-18"",""date_to"":""2026-09-01"",""game_data"":[""pbp""],""leagues"":[""NBA""],""market_data"":[""candles""],""markets"":[""kalshi""],""seasons"":[""2025-2026""],""sports"":[""NBA""]}",TRADABLE_YES_BID,1_MINUTE_CANDLE,available_at,FIRST_TOUCH,"{""id"":""entry_mtw2zh6b_f4q8g"",""op"":""FIRST_TOUCH"",""ordinal"":""FIRST_TOUCH"",""period"":""Q2"",""price_e4"":6800,""source_vocabulary"":""TOUCH""}",REACH,"{""id"":""exit_mty0bwbw_mvfqe"",""op"":""REACH"",""outcome"":""win"",""price_e4"":9500}",REACH,"{""id"":""exit_mtug1t99_aq1lv"",""op"":""REACH"",""outcome"":""loss"",""price_e4"":4500}",HOLD_TO_SETTLEMENT,c5430eb845ac4cefb3c281ac543b383aad9652b9d0817d0605ab42bca6970657,1.0.0,2026-09-13T06:28:48Z,1.0.0,1.0.0,1.0.0,2026-09-13T06:28:48Z,READY,224,116,108,0.517857,0.482143,2700,2300,1.173913,289.285714,a1bee2f832bba4fbfbee499c6c89c2cf1a011d365a81efc1b5ef04b1ed6b0236,candle_path_not_fill,UNAVAILABLE,UNAVAILABLE,UNAVAILABLE,NOT_COMPUTABLE,UNAVAILABLE
path_bands,MONTE_CARLO,base_decomposition,mode_b_week_5_p5,17788.180416,usd,mode_b,superasi_bdebase_v1.0.0,grade_config_v1,2026-09-13T13:03:03Z,77f6004823dc43509371df35ae2da858,913 ITI-01,520b4e76a9cc28b0c6569db6ee1d2b69ec97dac331fccf5f85a35ae2b53f260a,06ebb9644a2a3cec47351c00887dac177c54978adde1aa4c271a07d233dd8b72,79c4ae48c45e15f21346022d19dde6aa9329703681a8cd3921524af45d8891c9,913 ITI-01,NBA,NBA,2025-2026,2025-03-18,2026-09-01,"{""date_from"":""2025-03-18"",""date_to"":""2026-09-01"",""game_data"":[""pbp""],""leagues"":[""NBA""],""market_data"":[""candles""],""markets"":[""kalshi""],""seasons"":[""2025-2026""],""sports"":[""NBA""]}",TRADABLE_YES_BID,1_MINUTE_CANDLE,available_at,FIRST_TOUCH,"{""id"":""entry_mtw2zh6b_f4q8g"",""op"":""FIRST_TOUCH"",""ordinal"":""FIRST_TOUCH"",""period"":""Q2"",""price_e4"":6800,""source_vocabulary"":""TOUCH""}",REACH,"{""id"":""exit_mty0bwbw_mvfqe"",""op"":""REACH"",""outcome"":""win"",""price_e4"":9500}",REACH,"{""id"":""exit_mtug1t99_aq1lv"",""op"":""REACH"",""outcome"":""loss"",""price_e4"":4500}",HOLD_TO_SETTLEMENT,c5430eb845ac4cefb3c281ac543b383aad9652b9d0817d0605ab42bca6970657,1.0.0,2026-09-13T06:28:48Z,1.0.0,1.0.0,1.0.0,2026-09-13T06:28:48Z,READY,224,116,108,0.517857,0.482143,2700,2300,1.173913,289.285714,a1bee2f832bba4fbfbee499c6c89c2cf1a011d365a81efc1b5ef04b1ed6b0236,candle_path_not_fill,UNAVAILABLE,UNAVAILABLE,UNAVAILABLE,NOT_COMPUTABLE,UNAVAILABLE
path_bands,MONTE_CARLO,base_decomposition,mode_b_week_5_p25,20239.488767,usd,mode_b,superasi_bdebase_v1.0.0,grade_config_v1,2026-09-13T13:03:03Z,77f6004823dc43509371df35ae2da858,913 ITI-01,520b4e76a9cc28b0c6569db6ee1d2b69ec97dac331fccf5f85a35ae2b53f260a,06ebb9644a2a3cec47351c00887dac177c54978adde1aa4c271a07d233dd8b72,79c4ae48c45e15f21346022d19dde6aa9329703681a8cd3921524af45d8891c9,913 ITI-01,NBA,NBA,2025-2026,2025-03-18,2026-09-01,"{""date_from"":""2025-03-18"",""date_to"":""2026-09-01"",""game_data"":[""pbp""],""leagues"":[""NBA""],""market_data"":[""candles""],""markets"":[""kalshi""],""seasons"":[""2025-2026""],""sports"":[""NBA""]}",TRADABLE_YES_BID,1_MINUTE_CANDLE,available_at,FIRST_TOUCH,"{""id"":""entry_mtw2zh6b_f4q8g"",""op"":""FIRST_TOUCH"",""ordinal"":""FIRST_TOUCH"",""period"":""Q2"",""price_e4"":6800,""source_vocabulary"":""TOUCH""}",REACH,"{""id"":""exit_mty0bwbw_mvfqe"",""op"":""REACH"",""outcome"":""win"",""price_e4"":9500}",REACH,"{""id"":""exit_mtug1t99_aq1lv"",""op"":""REACH"",""outcome"":""loss"",""price_e4"":4500}",HOLD_TO_SETTLEMENT,c5430eb845ac4cefb3c281ac543b383aad9652b9d0817d0605ab42bca6970657,1.0.0,2026-09-13T06:28:48Z,1.0.0,1.0.0,1.0.0,2026-09-13T06:28:48Z,READY,224,116,108,0.517857,0.482143,2700,2300,1.173913,289.285714,a1bee2f832bba4fbfbee499c6c89c2cf1a011d365a81efc1b5ef04b1ed6b0236,candle_path_not_fill,UNAVAILABLE,UNAVAILABLE,UNAVAILABLE,NOT_COMPUTABLE,UNAVAILABLE
path_bands,MONTE_CARLO,base_decomposition,mode_b_week_5_p50,22152.044109,usd,mode_b,superasi_bdebase_v1.0.0,grade_config_v1,2026-09-13T13:03:03Z,77f6004823dc43509371df35ae2da858,913 ITI-01,520b4e76a9cc28b0c6569db6ee1d2b69ec97dac331fccf5f85a35ae2b53f260a,06ebb9644a2a3cec47351c00887dac177c54978adde1aa4c271a07d233dd8b72,79c4ae48c45e15f21346022d19dde6aa9329703681a8cd3921524af45d8891c9,913 ITI-01,NBA,NBA,2025-2026,2025-03-18,2026-09-01,"{""date_from"":""2025-03-18"",""date_to"":""2026-09-01"",""game_data"":[""pbp""],""leagues"":[""NBA""],""market_data"":[""candles""],""markets"":[""kalshi""],""seasons"":[""2025-2026""],""sports"":[""NBA""]}",TRADABLE_YES_BID,1_MINUTE_CANDLE,available_at,FIRST_TOUCH,"{""id"":""entry_mtw2zh6b_f4q8g"",""op"":""FIRST_TOUCH"",""ordinal"":""FIRST_TOUCH"",""period"":""Q2"",""price_e4"":6800,""source_vocabulary"":""TOUCH""}",REACH,"{""id"":""exit_mty0bwbw_mvfqe"",""op"":""REACH"",""outcome"":""win"",""price_e4"":9500}",REACH,"{""id"":""exit_mtug1t99_aq1lv"",""op"":""REACH"",""outcome"":""loss"",""price_e4"":4500}",HOLD_TO_SETTLEMENT,c5430eb845ac4cefb3c281ac543b383aad9652b9d0817d0605ab42bca6970657,1.0.0,2026-09-13T06:28:48Z,1.0.0,1.0.0,1.0.0,2026-09-13T06:28:48Z,READY,224,116,108,0.517857,0.482143,2700,2300,1.173913,289.285714,a1bee2f832bba4fbfbee499c6c89c2cf1a011d365a81efc1b5ef04b1ed6b0236,candle_path_not_fill,UNAVAILABLE,UNAVAILABLE,UNAVAILABLE,NOT_COMPUTABLE,UNAVAILABLE
path_bands,MONTE_CARLO,base_decomposition,mode_b_week_5_p75,23878.111263,usd,mode_b,superasi_bdebase_v1.0.0,grade_config_v1,2026-09-13T13:03:03Z,77f6004823dc43509371df35ae2da858,913 ITI-01,520b4e76a9cc28b0c6569db6ee1d2b69ec97dac331fccf5f85a35ae2b53f260a,06ebb9644a2a3cec47351c00887dac177c54978adde1aa4c271a07d233dd8b72,79c4ae48c45e15f21346022d19dde6aa9329703681a8cd3921524af45d8891c9,913 ITI-01,NBA,NBA,2025-2026,2025-03-18,2026-09-01,"{""date_from"":""2025-03-18"",""date_to"":""2026-09-01"",""game_data"":[""pbp""],""leagues"":[""NBA""],""market_data"":[""candles""],""markets"":[""kalshi""],""seasons"":[""2025-2026""],""sports"":[""NBA""]}",TRADABLE_YES_BID,1_MINUTE_CANDLE,available_at,FIRST_TOUCH,"{""id"":""entry_mtw2zh6b_f4q8g"",""op"":""FIRST_TOUCH"",""ordinal"":""FIRST_TOUCH"",""period"":""Q2"",""price_e4"":6800,""source_vocabulary"":""TOUCH""}",REACH,"{""id"":""exit_mty0bwbw_mvfqe"",""op"":""REACH"",""outcome"":""win"",""price_e4"":9500}",REACH,"{""id"":""exit_mtug1t99_aq1lv"",""op"":""REACH"",""outcome"":""loss"",""price_e4"":4500}",HOLD_TO_SETTLEMENT,c5430eb845ac4cefb3c281ac543b383aad9652b9d0817d0605ab42bca6970657,1.0.0,2026-09-13T06:28:48Z,1.0.0,1.0.0,1.0.0,2026-09-13T06:28:48Z,READY,224,116,108,0.517857,0.482143,2700,2300,1.173913,289.285714,a1bee2f832bba4fbfbee499c6c89c2cf1a011d365a81efc1b5ef04b1ed6b0236,candle_path_not_fill,UNAVAILABLE,UNAVAILABLE,UNAVAILABLE,NOT_COMPUTABLE,UNAVAILABLE
path_bands,MONTE_CARLO,base_decomposition,mode_b_week_5_p95,27334.476334,usd,mode_b,superasi_bdebase_v1.0.0,grade_config_v1,2026-09-13T13:03:03Z,77f6004823dc43509371df35ae2da858,913 ITI-01,520b4e76a9cc28b0c6569db6ee1d2b69ec97dac331fccf5f85a35ae2b53f260a,06ebb9644a2a3cec47351c00887dac177c54978adde1aa4c271a07d233dd8b72,79c4ae48c45e15f21346022d19dde6aa9329703681a8cd3921524af45d8891c9,913 ITI-01,NBA,NBA,2025-2026,2025-03-18,2026-09-01,"{""date_from"":""2025-03-18"",""date_to"":""2026-09-01"",""game_data"":[""pbp""],""leagues"":[""NBA""],""market_data"":[""candles""],""markets"":[""kalshi""],""seasons"":[""2025-2026""],""sports"":[""NBA""]}",TRADABLE_YES_BID,1_MINUTE_CANDLE,available_at,FIRST_TOUCH,"{""id"":""entry_mtw2zh6b_f4q8g"",""op"":""FIRST_TOUCH"",""ordinal"":""FIRST_TOUCH"",""period"":""Q2"",""price_e4"":6800,""source_vocabulary"":""TOUCH""}",REACH,"{""id"":""exit_mty0bwbw_mvfqe"",""op"":""REACH"",""outcome"":""win"",""price_e4"":9500}",REACH,"{""id"":""exit_mtug1t99_aq1lv"",""op"":""REACH"",""outcome"":""loss"",""price_e4"":4500}",HOLD_TO_SETTLEMENT,c5430eb845ac4cefb3c281ac543b383aad9652b9d0817d0605ab42bca6970657,1.0.0,2026-09-13T06:28:48Z,1.0.0,1.0.0,1.0.0,2026-09-13T06:28:48Z,READY,224,116,108,0.517857,0.482143,2700,2300,1.173913,289.285714,a1bee2f832bba4fbfbee499c6c89c2cf1a011d365a81efc1b5ef04b1ed6b0236,candle_path_not_fill,UNAVAILABLE,UNAVAILABLE,UNAVAILABLE,NOT_COMPUTABLE,UNAVAILABLE
path_bands,MONTE_CARLO,base_decomposition,mode_b_week_6_p5,17925.789716,usd,mode_b,superasi_bdebase_v1.0.0,grade_config_v1,2026-09-13T13:03:03Z,77f6004823dc43509371df35ae2da858,913 ITI-01,520b4e76a9cc28b0c6569db6ee1d2b69ec97dac331fccf5f85a35ae2b53f260a,06ebb9644a2a3cec47351c00887dac177c54978adde1aa4c271a07d233dd8b72,79c4ae48c45e15f21346022d19dde6aa9329703681a8cd3921524af45d8891c9,913 ITI-01,NBA,NBA,2025-2026,2025-03-18,2026-09-01,"{""date_from"":""2025-03-18"",""date_to"":""2026-09-01"",""game_data"":[""pbp""],""leagues"":[""NBA""],""market_data"":[""candles""],""markets"":[""kalshi""],""seasons"":[""2025-2026""],""sports"":[""NBA""]}",TRADABLE_YES_BID,1_MINUTE_CANDLE,available_at,FIRST_TOUCH,"{""id"":""entry_mtw2zh6b_f4q8g"",""op"":""FIRST_TOUCH"",""ordinal"":""FIRST_TOUCH"",""period"":""Q2"",""price_e4"":6800,""source_vocabulary"":""TOUCH""}",REACH,"{""id"":""exit_mty0bwbw_mvfqe"",""op"":""REACH"",""outcome"":""win"",""price_e4"":9500}",REACH,"{""id"":""exit_mtug1t99_aq1lv"",""op"":""REACH"",""outcome"":""loss"",""price_e4"":4500}",HOLD_TO_SETTLEMENT,c5430eb845ac4cefb3c281ac543b383aad9652b9d0817d0605ab42bca6970657,1.0.0,2026-09-13T06:28:48Z,1.0.0,1.0.0,1.0.0,2026-09-13T06:28:48Z,READY,224,116,108,0.517857,0.482143,2700,2300,1.173913,289.285714,a1bee2f832bba4fbfbee499c6c89c2cf1a011d365a81efc1b5ef04b1ed6b0236,candle_path_not_fill,UNAVAILABLE,UNAVAILABLE,UNAVAILABLE,NOT_COMPUTABLE,UNAVAILABLE
path_bands,MONTE_CARLO,base_decomposition,mode_b_week_6_p25,20250.962927,usd,mode_b,superasi_bdebase_v1.0.0,grade_config_v1,2026-09-13T13:03:03Z,77f6004823dc43509371df35ae2da858,913 ITI-01,520b4e76a9cc28b0c6569db6ee1d2b69ec97dac331fccf5f85a35ae2b53f260a,06ebb9644a2a3cec47351c00887dac177c54978adde1aa4c271a07d233dd8b72,79c4ae48c45e15f21346022d19dde6aa9329703681a8cd3921524af45d8891c9,913 ITI-01,NBA,NBA,2025-2026,2025-03-18,2026-09-01,"{""date_from"":""2025-03-18"",""date_to"":""2026-09-01"",""game_data"":[""pbp""],""leagues"":[""NBA""],""market_data"":[""candles""],""markets"":[""kalshi""],""seasons"":[""2025-2026""],""sports"":[""NBA""]}",TRADABLE_YES_BID,1_MINUTE_CANDLE,available_at,FIRST_TOUCH,"{""id"":""entry_mtw2zh6b_f4q8g"",""op"":""FIRST_TOUCH"",""ordinal"":""FIRST_TOUCH"",""period"":""Q2"",""price_e4"":6800,""source_vocabulary"":""TOUCH""}",REACH,"{""id"":""exit_mty0bwbw_mvfqe"",""op"":""REACH"",""outcome"":""win"",""price_e4"":9500}",REACH,"{""id"":""exit_mtug1t99_aq1lv"",""op"":""REACH"",""outcome"":""loss"",""price_e4"":4500}",HOLD_TO_SETTLEMENT,c5430eb845ac4cefb3c281ac543b383aad9652b9d0817d0605ab42bca6970657,1.0.0,2026-09-13T06:28:48Z,1.0.0,1.0.0,1.0.0,2026-09-13T06:28:48Z,READY,224,116,108,0.517857,0.482143,2700,2300,1.173913,289.285714,a1bee2f832bba4fbfbee499c6c89c2cf1a011d365a81efc1b5ef04b1ed6b0236,candle_path_not_fill,UNAVAILABLE,UNAVAILABLE,UNAVAILABLE,NOT_COMPUTABLE,UNAVAILABLE
path_bands,MONTE_CARLO,base_decomposition,mode_b_week_6_p50,22477.809464,usd,mode_b,superasi_bdebase_v1.0.0,grade_config_v1,2026-09-13T13:03:03Z,77f6004823dc43509371df35ae2da858,913 ITI-01,520b4e76a9cc28b0c6569db6ee1d2b69ec97dac331fccf5f85a35ae2b53f260a,06ebb9644a2a3cec47351c00887dac177c54978adde1aa4c271a07d233dd8b72,79c4ae48c45e15f21346022d19dde6aa9329703681a8cd3921524af45d8891c9,913 ITI-01,NBA,NBA,2025-2026,2025-03-18,2026-09-01,"{""date_from"":""2025-03-18"",""date_to"":""2026-09-01"",""game_data"":[""pbp""],""leagues"":[""NBA""],""market_data"":[""candles""],""markets"":[""kalshi""],""seasons"":[""2025-2026""],""sports"":[""NBA""]}",TRADABLE_YES_BID,1_MINUTE_CANDLE,available_at,FIRST_TOUCH,"{""id"":""entry_mtw2zh6b_f4q8g"",""op"":""FIRST_TOUCH"",""ordinal"":""FIRST_TOUCH"",""period"":""Q2"",""price_e4"":6800,""source_vocabulary"":""TOUCH""}",REACH,"{""id"":""exit_mty0bwbw_mvfqe"",""op"":""REACH"",""outcome"":""win"",""price_e4"":9500}",REACH,"{""id"":""exit_mtug1t99_aq1lv"",""op"":""REACH"",""outcome"":""loss"",""price_e4"":4500}",HOLD_TO_SETTLEMENT,c5430eb845ac4cefb3c281ac543b383aad9652b9d0817d0605ab42bca6970657,1.0.0,2026-09-13T06:28:48Z,1.0.0,1.0.0,1.0.0,2026-09-13T06:28:48Z,READY,224,116,108,0.517857,0.482143,2700,2300,1.173913,289.285714,a1bee2f832bba4fbfbee499c6c89c2cf1a011d365a81efc1b5ef04b1ed6b0236,candle_path_not_fill,UNAVAILABLE,UNAVAILABLE,UNAVAILABLE,NOT_COMPUTABLE,UNAVAILABLE
path_bands,MONTE_CARLO,base_decomposition,mode_b_week_6_p75,24916.290013,usd,mode_b,superasi_bdebase_v1.0.0,grade_config_v1,2026-09-13T13:03:03Z,77f6004823dc43509371df35ae2da858,913 ITI-01,520b4e76a9cc28b0c6569db6ee1d2b69ec97dac331fccf5f85a35ae2b53f260a,06ebb9644a2a3cec47351c00887dac177c54978adde1aa4c271a07d233dd8b72,79c4ae48c45e15f21346022d19dde6aa9329703681a8cd3921524af45d8891c9,913 ITI-01,NBA,NBA,2025-2026,2025-03-18,2026-09-01,"{""date_from"":""2025-03-18"",""date_to"":""2026-09-01"",""game_data"":[""pbp""],""leagues"":[""NBA""],""market_data"":[""candles""],""markets"":[""kalshi""],""seasons"":[""2025-2026""],""sports"":[""NBA""]}",TRADABLE_YES_BID,1_MINUTE_CANDLE,available_at,FIRST_TOUCH,"{""id"":""entry_mtw2zh6b_f4q8g"",""op"":""FIRST_TOUCH"",""ordinal"":""FIRST_TOUCH"",""period"":""Q2"",""price_e4"":6800,""source_vocabulary"":""TOUCH""}",REACH,"{""id"":""exit_mty0bwbw_mvfqe"",""op"":""REACH"",""outcome"":""win"",""price_e4"":9500}",REACH,"{""id"":""exit_mtug1t99_aq1lv"",""op"":""REACH"",""outcome"":""loss"",""price_e4"":4500}",HOLD_TO_SETTLEMENT,c5430eb845ac4cefb3c281ac543b383aad9652b9d0817d0605ab42bca6970657,1.0.0,2026-09-13T06:28:48Z,1.0.0,1.0.0,1.0.0,2026-09-13T06:28:48Z,READY,224,116,108,0.517857,0.482143,2700,2300,1.173913,289.285714,a1bee2f832bba4fbfbee499c6c89c2cf1a011d365a81efc1b5ef04b1ed6b0236,candle_path_not_fill,UNAVAILABLE,UNAVAILABLE,UNAVAILABLE,NOT_COMPUTABLE,UNAVAILABLE
path_bands,MONTE_CARLO,base_decomposition,mode_b_week_6_p95,27938.763089,usd,mode_b,superasi_bdebase_v1.0.0,grade_config_v1,2026-09-13T13:03:03Z,77f6004823dc43509371df35ae2da858,913 ITI-01,520b4e76a9cc28b0c6569db6ee1d2b69ec97dac331fccf5f85a35ae2b53f260a,06ebb9644a2a3cec47351c00887dac177c54978adde1aa4c271a07d233dd8b72,79c4ae48c45e15f21346022d19dde6aa9329703681a8cd3921524af45d8891c9,913 ITI-01,NBA,NBA,2025-2026,2025-03-18,2026-09-01,"{""date_from"":""2025-03-18"",""date_to"":""2026-09-01"",""game_data"":[""pbp""],""leagues"":[""NBA""],""market_data"":[""candles""],""markets"":[""kalshi""],""seasons"":[""2025-2026""],""sports"":[""NBA""]}",TRADABLE_YES_BID,1_MINUTE_CANDLE,available_at,FIRST_TOUCH,"{""id"":""entry_mtw2zh6b_f4q8g"",""op"":""FIRST_TOUCH"",""ordinal"":""FIRST_TOUCH"",""period"":""Q2"",""price_e4"":6800,""source_vocabulary"":""TOUCH""}",REACH,"{""id"":""exit_mty0bwbw_mvfqe"",""op"":""REACH"",""outcome"":""win"",""price_e4"":9500}",REACH,"{""id"":""exit_mtug1t99_aq1lv"",""op"":""REACH"",""outcome"":""loss"",""price_e4"":4500}",HOLD_TO_SETTLEMENT,c5430eb845ac4cefb3c281ac543b383aad9652b9d0817d0605ab42bca6970657,1.0.0,2026-09-13T06:28:48Z,1.0.0,1.0.0,1.0.0,2026-09-13T06:28:48Z,READY,224,116,108,0.517857,0.482143,2700,2300,1.173913,289.285714,a1bee2f832bba4fbfbee499c6c89c2cf1a011d365a81efc1b5ef04b1ed6b0236,candle_path_not_fill,UNAVAILABLE,UNAVAILABLE,UNAVAILABLE,NOT_COMPUTABLE,UNAVAILABLE
path_bands,MONTE_CARLO,base_decomposition,mode_b_week_7_p5,17678.589972,usd,mode_b,superasi_bdebase_v1.0.0,grade_config_v1,2026-09-13T13:03:03Z,77f6004823dc43509371df35ae2da858,913 ITI-01,520b4e76a9cc28b0c6569db6ee1d2b69ec97dac331fccf5f85a35ae2b53f260a,06ebb9644a2a3cec47351c00887dac177c54978adde1aa4c271a07d233dd8b72,79c4ae48c45e15f21346022d19dde6aa9329703681a8cd3921524af45d8891c9,913 ITI-01,NBA,NBA,2025-2026,2025-03-18,2026-09-01,"{""date_from"":""2025-03-18"",""date_to"":""2026-09-01"",""game_data"":[""pbp""],""leagues"":[""NBA""],""market_data"":[""candles""],""markets"":[""kalshi""],""seasons"":[""2025-2026""],""sports"":[""NBA""]}",TRADABLE_YES_BID,1_MINUTE_CANDLE,available_at,FIRST_TOUCH,"{""id"":""entry_mtw2zh6b_f4q8g"",""op"":""FIRST_TOUCH"",""ordinal"":""FIRST_TOUCH"",""period"":""Q2"",""price_e4"":6800,""source_vocabulary"":""TOUCH""}",REACH,"{""id"":""exit_mty0bwbw_mvfqe"",""op"":""REACH"",""outcome"":""win"",""price_e4"":9500}",REACH,"{""id"":""exit_mtug1t99_aq1lv"",""op"":""REACH"",""outcome"":""loss"",""price_e4"":4500}",HOLD_TO_SETTLEMENT,c5430eb845ac4cefb3c281ac543b383aad9652b9d0817d0605ab42bca6970657,1.0.0,2026-09-13T06:28:48Z,1.0.0,1.0.0,1.0.0,2026-09-13T06:28:48Z,READY,224,116,108,0.517857,0.482143,2700,2300,1.173913,289.285714,a1bee2f832bba4fbfbee499c6c89c2cf1a011d365a81efc1b5ef04b1ed6b0236,candle_path_not_fill,UNAVAILABLE,UNAVAILABLE,UNAVAILABLE,NOT_COMPUTABLE,UNAVAILABLE
path_bands,MONTE_CARLO,base_decomposition,mode_b_week_7_p25,20521.795818,usd,mode_b,superasi_bdebase_v1.0.0,grade_config_v1,2026-09-13T13:03:03Z,77f6004823dc43509371df35ae2da858,913 ITI-01,520b4e76a9cc28b0c6569db6ee1d2b69ec97dac331fccf5f85a35ae2b53f260a,06ebb9644a2a3cec47351c00887dac177c54978adde1aa4c271a07d233dd8b72,79c4ae48c45e15f21346022d19dde6aa9329703681a8cd3921524af45d8891c9,913 ITI-01,NBA,NBA,2025-2026,2025-03-18,2026-09-01,"{""date_from"":""2025-03-18"",""date_to"":""2026-09-01"",""game_data"":[""pbp""],""leagues"":[""NBA""],""market_data"":[""candles""],""markets"":[""kalshi""],""seasons"":[""2025-2026""],""sports"":[""NBA""]}",TRADABLE_YES_BID,1_MINUTE_CANDLE,available_at,FIRST_TOUCH,"{""id"":""entry_mtw2zh6b_f4q8g"",""op"":""FIRST_TOUCH"",""ordinal"":""FIRST_TOUCH"",""period"":""Q2"",""price_e4"":6800,""source_vocabulary"":""TOUCH""}",REACH,"{""id"":""exit_mty0bwbw_mvfqe"",""op"":""REACH"",""outcome"":""win"",""price_e4"":9500}",REACH,"{""id"":""exit_mtug1t99_aq1lv"",""op"":""REACH"",""outcome"":""loss"",""price_e4"":4500}",HOLD_TO_SETTLEMENT,c5430eb845ac4cefb3c281ac543b383aad9652b9d0817d0605ab42bca6970657,1.0.0,2026-09-13T06:28:48Z,1.0.0,1.0.0,1.0.0,2026-09-13T06:28:48Z,READY,224,116,108,0.517857,0.482143,2700,2300,1.173913,289.285714,a1bee2f832bba4fbfbee499c6c89c2cf1a011d365a81efc1b5ef04b1ed6b0236,candle_path_not_fill,UNAVAILABLE,UNAVAILABLE,UNAVAILABLE,NOT_COMPUTABLE,UNAVAILABLE
path_bands,MONTE_CARLO,base_decomposition,mode_b_week_7_p50,22836.284068,usd,mode_b,superasi_bdebase_v1.0.0,grade_config_v1,2026-09-13T13:03:03Z,77f6004823dc43509371df35ae2da858,913 ITI-01,520b4e76a9cc28b0c6569db6ee1d2b69ec97dac331fccf5f85a35ae2b53f260a,06ebb9644a2a3cec47351c00887dac177c54978adde1aa4c271a07d233dd8b72,79c4ae48c45e15f21346022d19dde6aa9329703681a8cd3921524af45d8891c9,913 ITI-01,NBA,NBA,2025-2026,2025-03-18,2026-09-01,"{""date_from"":""2025-03-18"",""date_to"":""2026-09-01"",""game_data"":[""pbp""],""leagues"":[""NBA""],""market_data"":[""candles""],""markets"":[""kalshi""],""seasons"":[""2025-2026""],""sports"":[""NBA""]}",TRADABLE_YES_BID,1_MINUTE_CANDLE,available_at,FIRST_TOUCH,"{""id"":""entry_mtw2zh6b_f4q8g"",""op"":""FIRST_TOUCH"",""ordinal"":""FIRST_TOUCH"",""period"":""Q2"",""price_e4"":6800,""source_vocabulary"":""TOUCH""}",REACH,"{""id"":""exit_mty0bwbw_mvfqe"",""op"":""REACH"",""outcome"":""win"",""price_e4"":9500}",REACH,"{""id"":""exit_mtug1t99_aq1lv"",""op"":""REACH"",""outcome"":""loss"",""price_e4"":4500}",HOLD_TO_SETTLEMENT,c5430eb845ac4cefb3c281ac543b383aad9652b9d0817d0605ab42bca6970657,1.0.0,2026-09-13T06:28:48Z,1.0.0,1.0.0,1.0.0,2026-09-13T06:28:48Z,READY,224,116,108,0.517857,0.482143,2700,2300,1.173913,289.285714,a1bee2f832bba4fbfbee499c6c89c2cf1a011d365a81efc1b5ef04b1ed6b0236,candle_path_not_fill,UNAVAILABLE,UNAVAILABLE,UNAVAILABLE,NOT_COMPUTABLE,UNAVAILABLE
path_bands,MONTE_CARLO,base_decomposition,mode_b_week_7_p75,25382.801215,usd,mode_b,superasi_bdebase_v1.0.0,grade_config_v1,2026-09-13T13:03:03Z,77f6004823dc43509371df35ae2da858,913 ITI-01,520b4e76a9cc28b0c6569db6ee1d2b69ec97dac331fccf5f85a35ae2b53f260a,06ebb9644a2a3cec47351c00887dac177c54978adde1aa4c271a07d233dd8b72,79c4ae48c45e15f21346022d19dde6aa9329703681a8cd3921524af45d8891c9,913 ITI-01,NBA,NBA,2025-2026,2025-03-18,2026-09-01,"{""date_from"":""2025-03-18"",""date_to"":""2026-09-01"",""game_data"":[""pbp""],""leagues"":[""NBA""],""market_data"":[""candles""],""markets"":[""kalshi""],""seasons"":[""2025-2026""],""sports"":[""NBA""]}",TRADABLE_YES_BID,1_MINUTE_CANDLE,available_at,FIRST_TOUCH,"{""id"":""entry_mtw2zh6b_f4q8g"",""op"":""FIRST_TOUCH"",""ordinal"":""FIRST_TOUCH"",""period"":""Q2"",""price_e4"":6800,""source_vocabulary"":""TOUCH""}",REACH,"{""id"":""exit_mty0bwbw_mvfqe"",""op"":""REACH"",""outcome"":""win"",""price_e4"":9500}",REACH,"{""id"":""exit_mtug1t99_aq1lv"",""op"":""REACH"",""outcome"":""loss"",""price_e4"":4500}",HOLD_TO_SETTLEMENT,c5430eb845ac4cefb3c281ac543b383aad9652b9d0817d0605ab42bca6970657,1.0.0,2026-09-13T06:28:48Z,1.0.0,1.0.0,1.0.0,2026-09-13T06:28:48Z,READY,224,116,108,0.517857,0.482143,2700,2300,1.173913,289.285714,a1bee2f832bba4fbfbee499c6c89c2cf1a011d365a81efc1b5ef04b1ed6b0236,candle_path_not_fill,UNAVAILABLE,UNAVAILABLE,UNAVAILABLE,NOT_COMPUTABLE,UNAVAILABLE
path_bands,MONTE_CARLO,base_decomposition,mode_b_week_7_p95,29238.146164,usd,mode_b,superasi_bdebase_v1.0.0,grade_config_v1,2026-09-13T13:03:03Z,77f6004823dc43509371df35ae2da858,913 ITI-01,520b4e76a9cc28b0c6569db6ee1d2b69ec97dac331fccf5f85a35ae2b53f260a,06ebb9644a2a3cec47351c00887dac177c54978adde1aa4c271a07d233dd8b72,79c4ae48c45e15f21346022d19dde6aa9329703681a8cd3921524af45d8891c9,913 ITI-01,NBA,NBA,2025-2026,2025-03-18,2026-09-01,"{""date_from"":""2025-03-18"",""date_to"":""2026-09-01"",""game_data"":[""pbp""],""leagues"":[""NBA""],""market_data"":[""candles""],""markets"":[""kalshi""],""seasons"":[""2025-2026""],""sports"":[""NBA""]}",TRADABLE_YES_BID,1_MINUTE_CANDLE,available_at,FIRST_TOUCH,"{""id"":""entry_mtw2zh6b_f4q8g"",""op"":""FIRST_TOUCH"",""ordinal"":""FIRST_TOUCH"",""period"":""Q2"",""price_e4"":6800,""source_vocabulary"":""TOUCH""}",REACH,"{""id"":""exit_mty0bwbw_mvfqe"",""op"":""REACH"",""outcome"":""win"",""price_e4"":9500}",REACH,"{""id"":""exit_mtug1t99_aq1lv"",""op"":""REACH"",""outcome"":""loss"",""price_e4"":4500}",HOLD_TO_SETTLEMENT,c5430eb845ac4cefb3c281ac543b383aad9652b9d0817d0605ab42bca6970657,1.0.0,2026-09-13T06:28:48Z,1.0.0,1.0.0,1.0.0,2026-09-13T06:28:48Z,READY,224,116,108,0.517857,0.482143,2700,2300,1.173913,289.285714,a1bee2f832bba4fbfbee499c6c89c2cf1a011d365a81efc1b5ef04b1ed6b0236,candle_path_not_fill,UNAVAILABLE,UNAVAILABLE,UNAVAILABLE,NOT_COMPUTABLE,UNAVAILABLE
path_bands,MONTE_CARLO,base_decomposition,mode_b_week_8_p5,17837.158364,usd,mode_b,superasi_bdebase_v1.0.0,grade_config_v1,2026-09-13T13:03:03Z,77f6004823dc43509371df35ae2da858,913 ITI-01,520b4e76a9cc28b0c6569db6ee1d2b69ec97dac331fccf5f85a35ae2b53f260a,06ebb9644a2a3cec47351c00887dac177c54978adde1aa4c271a07d233dd8b72,79c4ae48c45e15f21346022d19dde6aa9329703681a8cd3921524af45d8891c9,913 ITI-01,NBA,NBA,2025-2026,2025-03-18,2026-09-01,"{""date_from"":""2025-03-18"",""date_to"":""2026-09-01"",""game_data"":[""pbp""],""leagues"":[""NBA""],""market_data"":[""candles""],""markets"":[""kalshi""],""seasons"":[""2025-2026""],""sports"":[""NBA""]}",TRADABLE_YES_BID,1_MINUTE_CANDLE,available_at,FIRST_TOUCH,"{""id"":""entry_mtw2zh6b_f4q8g"",""op"":""FIRST_TOUCH"",""ordinal"":""FIRST_TOUCH"",""period"":""Q2"",""price_e4"":6800,""source_vocabulary"":""TOUCH""}",REACH,"{""id"":""exit_mty0bwbw_mvfqe"",""op"":""REACH"",""outcome"":""win"",""price_e4"":9500}",REACH,"{""id"":""exit_mtug1t99_aq1lv"",""op"":""REACH"",""outcome"":""loss"",""price_e4"":4500}",HOLD_TO_SETTLEMENT,c5430eb845ac4cefb3c281ac543b383aad9652b9d0817d0605ab42bca6970657,1.0.0,2026-09-13T06:28:48Z,1.0.0,1.0.0,1.0.0,2026-09-13T06:28:48Z,READY,224,116,108,0.517857,0.482143,2700,2300,1.173913,289.285714,a1bee2f832bba4fbfbee499c6c89c2cf1a011d365a81efc1b5ef04b1ed6b0236,candle_path_not_fill,UNAVAILABLE,UNAVAILABLE,UNAVAILABLE,NOT_COMPUTABLE,UNAVAILABLE
path_bands,MONTE_CARLO,base_decomposition,mode_b_week_8_p25,20798.128980,usd,mode_b,superasi_bdebase_v1.0.0,grade_config_v1,2026-09-13T13:03:03Z,77f6004823dc43509371df35ae2da858,913 ITI-01,520b4e76a9cc28b0c6569db6ee1d2b69ec97dac331fccf5f85a35ae2b53f260a,06ebb9644a2a3cec47351c00887dac177c54978adde1aa4c271a07d233dd8b72,79c4ae48c45e15f21346022d19dde6aa9329703681a8cd3921524af45d8891c9,913 ITI-01,NBA,NBA,2025-2026,2025-03-18,2026-09-01,"{""date_from"":""2025-03-18"",""date_to"":""2026-09-01"",""game_data"":[""pbp""],""leagues"":[""NBA""],""market_data"":[""candles""],""markets"":[""kalshi""],""seasons"":[""2025-2026""],""sports"":[""NBA""]}",TRADABLE_YES_BID,1_MINUTE_CANDLE,available_at,FIRST_TOUCH,"{""id"":""entry_mtw2zh6b_f4q8g"",""op"":""FIRST_TOUCH"",""ordinal"":""FIRST_TOUCH"",""period"":""Q2"",""price_e4"":6800,""source_vocabulary"":""TOUCH""}",REACH,"{""id"":""exit_mty0bwbw_mvfqe"",""op"":""REACH"",""outcome"":""win"",""price_e4"":9500}",REACH,"{""id"":""exit_mtug1t99_aq1lv"",""op"":""REACH"",""outcome"":""loss"",""price_e4"":4500}",HOLD_TO_SETTLEMENT,c5430eb845ac4cefb3c281ac543b383aad9652b9d0817d0605ab42bca6970657,1.0.0,2026-09-13T06:28:48Z,1.0.0,1.0.0,1.0.0,2026-09-13T06:28:48Z,READY,224,116,108,0.517857,0.482143,2700,2300,1.173913,289.285714,a1bee2f832bba4fbfbee499c6c89c2cf1a011d365a81efc1b5ef04b1ed6b0236,candle_path_not_fill,UNAVAILABLE,UNAVAILABLE,UNAVAILABLE,NOT_COMPUTABLE,UNAVAILABLE
path_bands,MONTE_CARLO,base_decomposition,mode_b_week_8_p50,23202.570937,usd,mode_b,superasi_bdebase_v1.0.0,grade_config_v1,2026-09-13T13:03:03Z,77f6004823dc43509371df35ae2da858,913 ITI-01,520b4e76a9cc28b0c6569db6ee1d2b69ec97dac331fccf5f85a35ae2b53f260a,06ebb9644a2a3cec47351c00887dac177c54978adde1aa4c271a07d233dd8b72,79c4ae48c45e15f21346022d19dde6aa9329703681a8cd3921524af45d8891c9,913 ITI-01,NBA,NBA,2025-2026,2025-03-18,2026-09-01,"{""date_from"":""2025-03-18"",""date_to"":""2026-09-01"",""game_data"":[""pbp""],""leagues"":[""NBA""],""market_data"":[""candles""],""markets"":[""kalshi""],""seasons"":[""2025-2026""],""sports"":[""NBA""]}",TRADABLE_YES_BID,1_MINUTE_CANDLE,available_at,FIRST_TOUCH,"{""id"":""entry_mtw2zh6b_f4q8g"",""op"":""FIRST_TOUCH"",""ordinal"":""FIRST_TOUCH"",""period"":""Q2"",""price_e4"":6800,""source_vocabulary"":""TOUCH""}",REACH,"{""id"":""exit_mty0bwbw_mvfqe"",""op"":""REACH"",""outcome"":""win"",""price_e4"":9500}",REACH,"{""id"":""exit_mtug1t99_aq1lv"",""op"":""REACH"",""outcome"":""loss"",""price_e4"":4500}",HOLD_TO_SETTLEMENT,c5430eb845ac4cefb3c281ac543b383aad9652b9d0817d0605ab42bca6970657,1.0.0,2026-09-13T06:28:48Z,1.0.0,1.0.0,1.0.0,2026-09-13T06:28:48Z,READY,224,116,108,0.517857,0.482143,2700,2300,1.173913,289.285714,a1bee2f832bba4fbfbee499c6c89c2cf1a011d365a81efc1b5ef04b1ed6b0236,candle_path_not_fill,UNAVAILABLE,UNAVAILABLE,UNAVAILABLE,NOT_COMPUTABLE,UNAVAILABLE
path_bands,MONTE_CARLO,base_decomposition,mode_b_week_8_p75,25851.006488,usd,mode_b,superasi_bdebase_v1.0.0,grade_config_v1,2026-09-13T13:03:03Z,77f6004823dc43509371df35ae2da858,913 ITI-01,520b4e76a9cc28b0c6569db6ee1d2b69ec97dac331fccf5f85a35ae2b53f260a,06ebb9644a2a3cec47351c00887dac177c54978adde1aa4c271a07d233dd8b72,79c4ae48c45e15f21346022d19dde6aa9329703681a8cd3921524af45d8891c9,913 ITI-01,NBA,NBA,2025-2026,2025-03-18,2026-09-01,"{""date_from"":""2025-03-18"",""date_to"":""2026-09-01"",""game_data"":[""pbp""],""leagues"":[""NBA""],""market_data"":[""candles""],""markets"":[""kalshi""],""seasons"":[""2025-2026""],""sports"":[""NBA""]}",TRADABLE_YES_BID,1_MINUTE_CANDLE,available_at,FIRST_TOUCH,"{""id"":""entry_mtw2zh6b_f4q8g"",""op"":""FIRST_TOUCH"",""ordinal"":""FIRST_TOUCH"",""period"":""Q2"",""price_e4"":6800,""source_vocabulary"":""TOUCH""}",REACH,"{""id"":""exit_mty0bwbw_mvfqe"",""op"":""REACH"",""outcome"":""win"",""price_e4"":9500}",REACH,"{""id"":""exit_mtug1t99_aq1lv"",""op"":""REACH"",""outcome"":""loss"",""price_e4"":4500}",HOLD_TO_SETTLEMENT,c5430eb845ac4cefb3c281ac543b383aad9652b9d0817d0605ab42bca6970657,1.0.0,2026-09-13T06:28:48Z,1.0.0,1.0.0,1.0.0,2026-09-13T06:28:48Z,READY,224,116,108,0.517857,0.482143,2700,2300,1.173913,289.285714,a1bee2f832bba4fbfbee499c6c89c2cf1a011d365a81efc1b5ef04b1ed6b0236,candle_path_not_fill,UNAVAILABLE,UNAVAILABLE,UNAVAILABLE,NOT_COMPUTABLE,UNAVAILABLE
path_bands,MONTE_CARLO,base_decomposition,mode_b_week_8_p95,30581.619057,usd,mode_b,superasi_bdebase_v1.0.0,grade_config_v1,2026-09-13T13:03:03Z,77f6004823dc43509371df35ae2da858,913 ITI-01,520b4e76a9cc28b0c6569db6ee1d2b69ec97dac331fccf5f85a35ae2b53f260a,06ebb9644a2a3cec47351c00887dac177c54978adde1aa4c271a07d233dd8b72,79c4ae48c45e15f21346022d19dde6aa9329703681a8cd3921524af45d8891c9,913 ITI-01,NBA,NBA,2025-2026,2025-03-18,2026-09-01,"{""date_from"":""2025-03-18"",""date_to"":""2026-09-01"",""game_data"":[""pbp""],""leagues"":[""NBA""],""market_data"":[""candles""],""markets"":[""kalshi""],""seasons"":[""2025-2026""],""sports"":[""NBA""]}",TRADABLE_YES_BID,1_MINUTE_CANDLE,available_at,FIRST_TOUCH,"{""id"":""entry_mtw2zh6b_f4q8g"",""op"":""FIRST_TOUCH"",""ordinal"":""FIRST_TOUCH"",""period"":""Q2"",""price_e4"":6800,""source_vocabulary"":""TOUCH""}",REACH,"{""id"":""exit_mty0bwbw_mvfqe"",""op"":""REACH"",""outcome"":""win"",""price_e4"":9500}",REACH,"{""id"":""exit_mtug1t99_aq1lv"",""op"":""REACH"",""outcome"":""loss"",""price_e4"":4500}",HOLD_TO_SETTLEMENT,c5430eb845ac4cefb3c281ac543b383aad9652b9d0817d0605ab42bca6970657,1.0.0,2026-09-13T06:28:48Z,1.0.0,1.0.0,1.0.0,2026-09-13T06:28:48Z,READY,224,116,108,0.517857,0.482143,2700,2300,1.173913,289.285714,a1bee2f832bba4fbfbee499c6c89c2cf1a011d365a81efc1b5ef04b1ed6b0236,candle_path_not_fill,UNAVAILABLE,UNAVAILABLE,UNAVAILABLE,NOT_COMPUTABLE,UNAVAILABLE
path_bands,MONTE_CARLO,base_decomposition,mode_b_week_9_p5,17996.276031,usd,mode_b,superasi_bdebase_v1.0.0,grade_config_v1,2026-09-13T13:03:03Z,77f6004823dc43509371df35ae2da858,913 ITI-01,520b4e76a9cc28b0c6569db6ee1d2b69ec97dac331fccf5f85a35ae2b53f260a,06ebb9644a2a3cec47351c00887dac177c54978adde1aa4c271a07d233dd8b72,79c4ae48c45e15f21346022d19dde6aa9329703681a8cd3921524af45d8891c9,913 ITI-01,NBA,NBA,2025-2026,2025-03-18,2026-09-01,"{""date_from"":""2025-03-18"",""date_to"":""2026-09-01"",""game_data"":[""pbp""],""leagues"":[""NBA""],""market_data"":[""candles""],""markets"":[""kalshi""],""seasons"":[""2025-2026""],""sports"":[""NBA""]}",TRADABLE_YES_BID,1_MINUTE_CANDLE,available_at,FIRST_TOUCH,"{""id"":""entry_mtw2zh6b_f4q8g"",""op"":""FIRST_TOUCH"",""ordinal"":""FIRST_TOUCH"",""period"":""Q2"",""price_e4"":6800,""source_vocabulary"":""TOUCH""}",REACH,"{""id"":""exit_mty0bwbw_mvfqe"",""op"":""REACH"",""outcome"":""win"",""price_e4"":9500}",REACH,"{""id"":""exit_mtug1t99_aq1lv"",""op"":""REACH"",""outcome"":""loss"",""price_e4"":4500}",HOLD_TO_SETTLEMENT,c5430eb845ac4cefb3c281ac543b383aad9652b9d0817d0605ab42bca6970657,1.0.0,2026-09-13T06:28:48Z,1.0.0,1.0.0,1.0.0,2026-09-13T06:28:48Z,READY,224,116,108,0.517857,0.482143,2700,2300,1.173913,289.285714,a1bee2f832bba4fbfbee499c6c89c2cf1a011d365a81efc1b5ef04b1ed6b0236,candle_path_not_fill,UNAVAILABLE,UNAVAILABLE,UNAVAILABLE,NOT_COMPUTABLE,UNAVAILABLE
path_bands,MONTE_CARLO,base_decomposition,mode_b_week_9_p25,21099.953220,usd,mode_b,superasi_bdebase_v1.0.0,grade_config_v1,2026-09-13T13:03:03Z,77f6004823dc43509371df35ae2da858,913 ITI-01,520b4e76a9cc28b0c6569db6ee1d2b69ec97dac331fccf5f85a35ae2b53f260a,06ebb9644a2a3cec47351c00887dac177c54978adde1aa4c271a07d233dd8b72,79c4ae48c45e15f21346022d19dde6aa9329703681a8cd3921524af45d8891c9,913 ITI-01,NBA,NBA,2025-2026,2025-03-18,2026-09-01,"{""date_from"":""2025-03-18"",""date_to"":""2026-09-01"",""game_data"":[""pbp""],""leagues"":[""NBA""],""market_data"":[""candles""],""markets"":[""kalshi""],""seasons"":[""2025-2026""],""sports"":[""NBA""]}",TRADABLE_YES_BID,1_MINUTE_CANDLE,available_at,FIRST_TOUCH,"{""id"":""entry_mtw2zh6b_f4q8g"",""op"":""FIRST_TOUCH"",""ordinal"":""FIRST_TOUCH"",""period"":""Q2"",""price_e4"":6800,""source_vocabulary"":""TOUCH""}",REACH,"{""id"":""exit_mty0bwbw_mvfqe"",""op"":""REACH"",""outcome"":""win"",""price_e4"":9500}",REACH,"{""id"":""exit_mtug1t99_aq1lv"",""op"":""REACH"",""outcome"":""loss"",""price_e4"":4500}",HOLD_TO_SETTLEMENT,c5430eb845ac4cefb3c281ac543b383aad9652b9d0817d0605ab42bca6970657,1.0.0,2026-09-13T06:28:48Z,1.0.0,1.0.0,1.0.0,2026-09-13T06:28:48Z,READY,224,116,108,0.517857,0.482143,2700,2300,1.173913,289.285714,a1bee2f832bba4fbfbee499c6c89c2cf1a011d365a81efc1b5ef04b1ed6b0236,candle_path_not_fill,UNAVAILABLE,UNAVAILABLE,UNAVAILABLE,NOT_COMPUTABLE,UNAVAILABLE
path_bands,MONTE_CARLO,base_decomposition,mode_b_week_9_p50,23993.931634,usd,mode_b,superasi_bdebase_v1.0.0,grade_config_v1,2026-09-13T13:03:03Z,77f6004823dc43509371df35ae2da858,913 ITI-01,520b4e76a9cc28b0c6569db6ee1d2b69ec97dac331fccf5f85a35ae2b53f260a,06ebb9644a2a3cec47351c00887dac177c54978adde1aa4c271a07d233dd8b72,79c4ae48c45e15f21346022d19dde6aa9329703681a8cd3921524af45d8891c9,913 ITI-01,NBA,NBA,2025-2026,2025-03-18,2026-09-01,"{""date_from"":""2025-03-18"",""date_to"":""2026-09-01"",""game_data"":[""pbp""],""leagues"":[""NBA""],""market_data"":[""candles""],""markets"":[""kalshi""],""seasons"":[""2025-2026""],""sports"":[""NBA""]}",TRADABLE_YES_BID,1_MINUTE_CANDLE,available_at,FIRST_TOUCH,"{""id"":""entry_mtw2zh6b_f4q8g"",""op"":""FIRST_TOUCH"",""ordinal"":""FIRST_TOUCH"",""period"":""Q2"",""price_e4"":6800,""source_vocabulary"":""TOUCH""}",REACH,"{""id"":""exit_mty0bwbw_mvfqe"",""op"":""REACH"",""outcome"":""win"",""price_e4"":9500}",REACH,"{""id"":""exit_mtug1t99_aq1lv"",""op"":""REACH"",""outcome"":""loss"",""price_e4"":4500}",HOLD_TO_SETTLEMENT,c5430eb845ac4cefb3c281ac543b383aad9652b9d0817d0605ab42bca6970657,1.0.0,2026-09-13T06:28:48Z,1.0.0,1.0.0,1.0.0,2026-09-13T06:28:48Z,READY,224,116,108,0.517857,0.482143,2700,2300,1.173913,289.285714,a1bee2f832bba4fbfbee499c6c89c2cf1a011d365a81efc1b5ef04b1ed6b0236,candle_path_not_fill,UNAVAILABLE,UNAVAILABLE,UNAVAILABLE,NOT_COMPUTABLE,UNAVAILABLE
path_bands,MONTE_CARLO,base_decomposition,mode_b_week_9_p75,26899.290893,usd,mode_b,superasi_bdebase_v1.0.0,grade_config_v1,2026-09-13T13:03:03Z,77f6004823dc43509371df35ae2da858,913 ITI-01,520b4e76a9cc28b0c6569db6ee1d2b69ec97dac331fccf5f85a35ae2b53f260a,06ebb9644a2a3cec47351c00887dac177c54978adde1aa4c271a07d233dd8b72,79c4ae48c45e15f21346022d19dde6aa9329703681a8cd3921524af45d8891c9,913 ITI-01,NBA,NBA,2025-2026,2025-03-18,2026-09-01,"{""date_from"":""2025-03-18"",""date_to"":""2026-09-01"",""game_data"":[""pbp""],""leagues"":[""NBA""],""market_data"":[""candles""],""markets"":[""kalshi""],""seasons"":[""2025-2026""],""sports"":[""NBA""]}",TRADABLE_YES_BID,1_MINUTE_CANDLE,available_at,FIRST_TOUCH,"{""id"":""entry_mtw2zh6b_f4q8g"",""op"":""FIRST_TOUCH"",""ordinal"":""FIRST_TOUCH"",""period"":""Q2"",""price_e4"":6800,""source_vocabulary"":""TOUCH""}",REACH,"{""id"":""exit_mty0bwbw_mvfqe"",""op"":""REACH"",""outcome"":""win"",""price_e4"":9500}",REACH,"{""id"":""exit_mtug1t99_aq1lv"",""op"":""REACH"",""outcome"":""loss"",""price_e4"":4500}",HOLD_TO_SETTLEMENT,c5430eb845ac4cefb3c281ac543b383aad9652b9d0817d0605ab42bca6970657,1.0.0,2026-09-13T06:28:48Z,1.0.0,1.0.0,1.0.0,2026-09-13T06:28:48Z,READY,224,116,108,0.517857,0.482143,2700,2300,1.173913,289.285714,a1bee2f832bba4fbfbee499c6c89c2cf1a011d365a81efc1b5ef04b1ed6b0236,candle_path_not_fill,UNAVAILABLE,UNAVAILABLE,UNAVAILABLE,NOT_COMPUTABLE,UNAVAILABLE
path_bands,MONTE_CARLO,base_decomposition,mode_b_week_9_p95,31263.661781,usd,mode_b,superasi_bdebase_v1.0.0,grade_config_v1,2026-09-13T13:03:03Z,77f6004823dc43509371df35ae2da858,913 ITI-01,520b4e76a9cc28b0c6569db6ee1d2b69ec97dac331fccf5f85a35ae2b53f260a,06ebb9644a2a3cec47351c00887dac177c54978adde1aa4c271a07d233dd8b72,79c4ae48c45e15f21346022d19dde6aa9329703681a8cd3921524af45d8891c9,913 ITI-01,NBA,NBA,2025-2026,2025-03-18,2026-09-01,"{""date_from"":""2025-03-18"",""date_to"":""2026-09-01"",""game_data"":[""pbp""],""leagues"":[""NBA""],""market_data"":[""candles""],""markets"":[""kalshi""],""seasons"":[""2025-2026""],""sports"":[""NBA""]}",TRADABLE_YES_BID,1_MINUTE_CANDLE,available_at,FIRST_TOUCH,"{""id"":""entry_mtw2zh6b_f4q8g"",""op"":""FIRST_TOUCH"",""ordinal"":""FIRST_TOUCH"",""period"":""Q2"",""price_e4"":6800,""source_vocabulary"":""TOUCH""}",REACH,"{""id"":""exit_mty0bwbw_mvfqe"",""op"":""REACH"",""outcome"":""win"",""price_e4"":9500}",REACH,"{""id"":""exit_mtug1t99_aq1lv"",""op"":""REACH"",""outcome"":""loss"",""price_e4"":4500}",HOLD_TO_SETTLEMENT,c5430eb845ac4cefb3c281ac543b383aad9652b9d0817d0605ab42bca6970657,1.0.0,2026-09-13T06:28:48Z,1.0.0,1.0.0,1.0.0,2026-09-13T06:28:48Z,READY,224,116,108,0.517857,0.482143,2700,2300,1.173913,289.285714,a1bee2f832bba4fbfbee499c6c89c2cf1a011d365a81efc1b5ef04b1ed6b0236,candle_path_not_fill,UNAVAILABLE,UNAVAILABLE,UNAVAILABLE,NOT_COMPUTABLE,UNAVAILABLE
path_bands,MONTE_CARLO,base_decomposition,mode_b_week_10_p5,18019.675564,usd,mode_b,superasi_bdebase_v1.0.0,grade_config_v1,2026-09-13T13:03:03Z,77f6004823dc43509371df35ae2da858,913 ITI-01,520b4e76a9cc28b0c6569db6ee1d2b69ec97dac331fccf5f85a35ae2b53f260a,06ebb9644a2a3cec47351c00887dac177c54978adde1aa4c271a07d233dd8b72,79c4ae48c45e15f21346022d19dde6aa9329703681a8cd3921524af45d8891c9,913 ITI-01,NBA,NBA,2025-2026,2025-03-18,2026-09-01,"{""date_from"":""2025-03-18"",""date_to"":""2026-09-01"",""game_data"":[""pbp""],""leagues"":[""NBA""],""market_data"":[""candles""],""markets"":[""kalshi""],""seasons"":[""2025-2026""],""sports"":[""NBA""]}",TRADABLE_YES_BID,1_MINUTE_CANDLE,available_at,FIRST_TOUCH,"{""id"":""entry_mtw2zh6b_f4q8g"",""op"":""FIRST_TOUCH"",""ordinal"":""FIRST_TOUCH"",""period"":""Q2"",""price_e4"":6800,""source_vocabulary"":""TOUCH""}",REACH,"{""id"":""exit_mty0bwbw_mvfqe"",""op"":""REACH"",""outcome"":""win"",""price_e4"":9500}",REACH,"{""id"":""exit_mtug1t99_aq1lv"",""op"":""REACH"",""outcome"":""loss"",""price_e4"":4500}",HOLD_TO_SETTLEMENT,c5430eb845ac4cefb3c281ac543b383aad9652b9d0817d0605ab42bca6970657,1.0.0,2026-09-13T06:28:48Z,1.0.0,1.0.0,1.0.0,2026-09-13T06:28:48Z,READY,224,116,108,0.517857,0.482143,2700,2300,1.173913,289.285714,a1bee2f832bba4fbfbee499c6c89c2cf1a011d365a81efc1b5ef04b1ed6b0236,candle_path_not_fill,UNAVAILABLE,UNAVAILABLE,UNAVAILABLE,NOT_COMPUTABLE,UNAVAILABLE
path_bands,MONTE_CARLO,base_decomposition,mode_b_week_10_p25,21382.140361,usd,mode_b,superasi_bdebase_v1.0.0,grade_config_v1,2026-09-13T13:03:03Z,77f6004823dc43509371df35ae2da858,913 ITI-01,520b4e76a9cc28b0c6569db6ee1d2b69ec97dac331fccf5f85a35ae2b53f260a,06ebb9644a2a3cec47351c00887dac177c54978adde1aa4c271a07d233dd8b72,79c4ae48c45e15f21346022d19dde6aa9329703681a8cd3921524af45d8891c9,913 ITI-01,NBA,NBA,2025-2026,2025-03-18,2026-09-01,"{""date_from"":""2025-03-18"",""date_to"":""2026-09-01"",""game_data"":[""pbp""],""leagues"":[""NBA""],""market_data"":[""candles""],""markets"":[""kalshi""],""seasons"":[""2025-2026""],""sports"":[""NBA""]}",TRADABLE_YES_BID,1_MINUTE_CANDLE,available_at,FIRST_TOUCH,"{""id"":""entry_mtw2zh6b_f4q8g"",""op"":""FIRST_TOUCH"",""ordinal"":""FIRST_TOUCH"",""period"":""Q2"",""price_e4"":6800,""source_vocabulary"":""TOUCH""}",REACH,"{""id"":""exit_mty0bwbw_mvfqe"",""op"":""REACH"",""outcome"":""win"",""price_e4"":9500}",REACH,"{""id"":""exit_mtug1t99_aq1lv"",""op"":""REACH"",""outcome"":""loss"",""price_e4"":4500}",HOLD_TO_SETTLEMENT,c5430eb845ac4cefb3c281ac543b383aad9652b9d0817d0605ab42bca6970657,1.0.0,2026-09-13T06:28:48Z,1.0.0,1.0.0,1.0.0,2026-09-13T06:28:48Z,READY,224,116,108,0.517857,0.482143,2700,2300,1.173913,289.285714,a1bee2f832bba4fbfbee499c6c89c2cf1a011d365a81efc1b5ef04b1ed6b0236,candle_path_not_fill,UNAVAILABLE,UNAVAILABLE,UNAVAILABLE,NOT_COMPUTABLE,UNAVAILABLE
path_bands,MONTE_CARLO,base_decomposition,mode_b_week_10_p50,24438.424543,usd,mode_b,superasi_bdebase_v1.0.0,grade_config_v1,2026-09-13T13:03:03Z,77f6004823dc43509371df35ae2da858,913 ITI-01,520b4e76a9cc28b0c6569db6ee1d2b69ec97dac331fccf5f85a35ae2b53f260a,06ebb9644a2a3cec47351c00887dac177c54978adde1aa4c271a07d233dd8b72,79c4ae48c45e15f21346022d19dde6aa9329703681a8cd3921524af45d8891c9,913 ITI-01,NBA,NBA,2025-2026,2025-03-18,2026-09-01,"{""date_from"":""2025-03-18"",""date_to"":""2026-09-01"",""game_data"":[""pbp""],""leagues"":[""NBA""],""market_data"":[""candles""],""markets"":[""kalshi""],""seasons"":[""2025-2026""],""sports"":[""NBA""]}",TRADABLE_YES_BID,1_MINUTE_CANDLE,available_at,FIRST_TOUCH,"{""id"":""entry_mtw2zh6b_f4q8g"",""op"":""FIRST_TOUCH"",""ordinal"":""FIRST_TOUCH"",""period"":""Q2"",""price_e4"":6800,""source_vocabulary"":""TOUCH""}",REACH,"{""id"":""exit_mty0bwbw_mvfqe"",""op"":""REACH"",""outcome"":""win"",""price_e4"":9500}",REACH,"{""id"":""exit_mtug1t99_aq1lv"",""op"":""REACH"",""outcome"":""loss"",""price_e4"":4500}",HOLD_TO_SETTLEMENT,c5430eb845ac4cefb3c281ac543b383aad9652b9d0817d0605ab42bca6970657,1.0.0,2026-09-13T06:28:48Z,1.0.0,1.0.0,1.0.0,2026-09-13T06:28:48Z,READY,224,116,108,0.517857,0.482143,2700,2300,1.173913,289.285714,a1bee2f832bba4fbfbee499c6c89c2cf1a011d365a81efc1b5ef04b1ed6b0236,candle_path_not_fill,UNAVAILABLE,UNAVAILABLE,UNAVAILABLE,NOT_COMPUTABLE,UNAVAILABLE
path_bands,MONTE_CARLO,base_decomposition,mode_b_week_10_p75,27402.930100,usd,mode_b,superasi_bdebase_v1.0.0,grade_config_v1,2026-09-13T13:03:03Z,77f6004823dc43509371df35ae2da858,913 ITI-01,520b4e76a9cc28b0c6569db6ee1d2b69ec97dac331fccf5f85a35ae2b53f260a,06ebb9644a2a3cec47351c00887dac177c54978adde1aa4c271a07d233dd8b72,79c4ae48c45e15f21346022d19dde6aa9329703681a8cd3921524af45d8891c9,913 ITI-01,NBA,NBA,2025-2026,2025-03-18,2026-09-01,"{""date_from"":""2025-03-18"",""date_to"":""2026-09-01"",""game_data"":[""pbp""],""leagues"":[""NBA""],""market_data"":[""candles""],""markets"":[""kalshi""],""seasons"":[""2025-2026""],""sports"":[""NBA""]}",TRADABLE_YES_BID,1_MINUTE_CANDLE,available_at,FIRST_TOUCH,"{""id"":""entry_mtw2zh6b_f4q8g"",""op"":""FIRST_TOUCH"",""ordinal"":""FIRST_TOUCH"",""period"":""Q2"",""price_e4"":6800,""source_vocabulary"":""TOUCH""}",REACH,"{""id"":""exit_mty0bwbw_mvfqe"",""op"":""REACH"",""outcome"":""win"",""price_e4"":9500}",REACH,"{""id"":""exit_mtug1t99_aq1lv"",""op"":""REACH"",""outcome"":""loss"",""price_e4"":4500}",HOLD_TO_SETTLEMENT,c5430eb845ac4cefb3c281ac543b383aad9652b9d0817d0605ab42bca6970657,1.0.0,2026-09-13T06:28:48Z,1.0.0,1.0.0,1.0.0,2026-09-13T06:28:48Z,READY,224,116,108,0.517857,0.482143,2700,2300,1.173913,289.285714,a1bee2f832bba4fbfbee499c6c89c2cf1a011d365a81efc1b5ef04b1ed6b0236,candle_path_not_fill,UNAVAILABLE,UNAVAILABLE,UNAVAILABLE,NOT_COMPUTABLE,UNAVAILABLE
path_bands,MONTE_CARLO,base_decomposition,mode_b_week_10_p95,32640.384490,usd,mode_b,superasi_bdebase_v1.0.0,grade_config_v1,2026-09-13T13:03:03Z,77f6004823dc43509371df35ae2da858,913 ITI-01,520b4e76a9cc28b0c6569db6ee1d2b69ec97dac331fccf5f85a35ae2b53f260a,06ebb9644a2a3cec47351c00887dac177c54978adde1aa4c271a07d233dd8b72,79c4ae48c45e15f21346022d19dde6aa9329703681a8cd3921524af45d8891c9,913 ITI-01,NBA,NBA,2025-2026,2025-03-18,2026-09-01,"{""date_from"":""2025-03-18"",""date_to"":""2026-09-01"",""game_data"":[""pbp""],""leagues"":[""NBA""],""market_data"":[""candles""],""markets"":[""kalshi""],""seasons"":[""2025-2026""],""sports"":[""NBA""]}",TRADABLE_YES_BID,1_MINUTE_CANDLE,available_at,FIRST_TOUCH,"{""id"":""entry_mtw2zh6b_f4q8g"",""op"":""FIRST_TOUCH"",""ordinal"":""FIRST_TOUCH"",""period"":""Q2"",""price_e4"":6800,""source_vocabulary"":""TOUCH""}",REACH,"{""id"":""exit_mty0bwbw_mvfqe"",""op"":""REACH"",""outcome"":""win"",""price_e4"":9500}",REACH,"{""id"":""exit_mtug1t99_aq1lv"",""op"":""REACH"",""outcome"":""loss"",""price_e4"":4500}",HOLD_TO_SETTLEMENT,c5430eb845ac4cefb3c281ac543b383aad9652b9d0817d0605ab42bca6970657,1.0.0,2026-09-13T06:28:48Z,1.0.0,1.0.0,1.0.0,2026-09-13T06:28:48Z,READY,224,116,108,0.517857,0.482143,2700,2300,1.173913,289.285714,a1bee2f832bba4fbfbee499c6c89c2cf1a011d365a81efc1b5ef04b1ed6b0236,candle_path_not_fill,UNAVAILABLE,UNAVAILABLE,UNAVAILABLE,NOT_COMPUTABLE,UNAVAILABLE
path_bands,MONTE_CARLO,base_decomposition,mode_b_week_11_p5,17960.513814,usd,mode_b,superasi_bdebase_v1.0.0,grade_config_v1,2026-09-13T13:03:03Z,77f6004823dc43509371df35ae2da858,913 ITI-01,520b4e76a9cc28b0c6569db6ee1d2b69ec97dac331fccf5f85a35ae2b53f260a,06ebb9644a2a3cec47351c00887dac177c54978adde1aa4c271a07d233dd8b72,79c4ae48c45e15f21346022d19dde6aa9329703681a8cd3921524af45d8891c9,913 ITI-01,NBA,NBA,2025-2026,2025-03-18,2026-09-01,"{""date_from"":""2025-03-18"",""date_to"":""2026-09-01"",""game_data"":[""pbp""],""leagues"":[""NBA""],""market_data"":[""candles""],""markets"":[""kalshi""],""seasons"":[""2025-2026""],""sports"":[""NBA""]}",TRADABLE_YES_BID,1_MINUTE_CANDLE,available_at,FIRST_TOUCH,"{""id"":""entry_mtw2zh6b_f4q8g"",""op"":""FIRST_TOUCH"",""ordinal"":""FIRST_TOUCH"",""period"":""Q2"",""price_e4"":6800,""source_vocabulary"":""TOUCH""}",REACH,"{""id"":""exit_mty0bwbw_mvfqe"",""op"":""REACH"",""outcome"":""win"",""price_e4"":9500}",REACH,"{""id"":""exit_mtug1t99_aq1lv"",""op"":""REACH"",""outcome"":""loss"",""price_e4"":4500}",HOLD_TO_SETTLEMENT,c5430eb845ac4cefb3c281ac543b383aad9652b9d0817d0605ab42bca6970657,1.0.0,2026-09-13T06:28:48Z,1.0.0,1.0.0,1.0.0,2026-09-13T06:28:48Z,READY,224,116,108,0.517857,0.482143,2700,2300,1.173913,289.285714,a1bee2f832bba4fbfbee499c6c89c2cf1a011d365a81efc1b5ef04b1ed6b0236,candle_path_not_fill,UNAVAILABLE,UNAVAILABLE,UNAVAILABLE,NOT_COMPUTABLE,UNAVAILABLE
path_bands,MONTE_CARLO,base_decomposition,mode_b_week_11_p25,21670.058364,usd,mode_b,superasi_bdebase_v1.0.0,grade_config_v1,2026-09-13T13:03:03Z,77f6004823dc43509371df35ae2da858,913 ITI-01,520b4e76a9cc28b0c6569db6ee1d2b69ec97dac331fccf5f85a35ae2b53f260a,06ebb9644a2a3cec47351c00887dac177c54978adde1aa4c271a07d233dd8b72,79c4ae48c45e15f21346022d19dde6aa9329703681a8cd3921524af45d8891c9,913 ITI-01,NBA,NBA,2025-2026,2025-03-18,2026-09-01,"{""date_from"":""2025-03-18"",""date_to"":""2026-09-01"",""game_data"":[""pbp""],""leagues"":[""NBA""],""market_data"":[""candles""],""markets"":[""kalshi""],""seasons"":[""2025-2026""],""sports"":[""NBA""]}",TRADABLE_YES_BID,1_MINUTE_CANDLE,available_at,FIRST_TOUCH,"{""id"":""entry_mtw2zh6b_f4q8g"",""op"":""FIRST_TOUCH"",""ordinal"":""FIRST_TOUCH"",""period"":""Q2"",""price_e4"":6800,""source_vocabulary"":""TOUCH""}",REACH,"{""id"":""exit_mty0bwbw_mvfqe"",""op"":""REACH"",""outcome"":""win"",""price_e4"":9500}",REACH,"{""id"":""exit_mtug1t99_aq1lv"",""op"":""REACH"",""outcome"":""loss"",""price_e4"":4500}",HOLD_TO_SETTLEMENT,c5430eb845ac4cefb3c281ac543b383aad9652b9d0817d0605ab42bca6970657,1.0.0,2026-09-13T06:28:48Z,1.0.0,1.0.0,1.0.0,2026-09-13T06:28:48Z,READY,224,116,108,0.517857,0.482143,2700,2300,1.173913,289.285714,a1bee2f832bba4fbfbee499c6c89c2cf1a011d365a81efc1b5ef04b1ed6b0236,candle_path_not_fill,UNAVAILABLE,UNAVAILABLE,UNAVAILABLE,NOT_COMPUTABLE,UNAVAILABLE
path_bands,MONTE_CARLO,base_decomposition,mode_b_week_11_p50,24848.987922,usd,mode_b,superasi_bdebase_v1.0.0,grade_config_v1,2026-09-13T13:03:03Z,77f6004823dc43509371df35ae2da858,913 ITI-01,520b4e76a9cc28b0c6569db6ee1d2b69ec97dac331fccf5f85a35ae2b53f260a,06ebb9644a2a3cec47351c00887dac177c54978adde1aa4c271a07d233dd8b72,79c4ae48c45e15f21346022d19dde6aa9329703681a8cd3921524af45d8891c9,913 ITI-01,NBA,NBA,2025-2026,2025-03-18,2026-09-01,"{""date_from"":""2025-03-18"",""date_to"":""2026-09-01"",""game_data"":[""pbp""],""leagues"":[""NBA""],""market_data"":[""candles""],""markets"":[""kalshi""],""seasons"":[""2025-2026""],""sports"":[""NBA""]}",TRADABLE_YES_BID,1_MINUTE_CANDLE,available_at,FIRST_TOUCH,"{""id"":""entry_mtw2zh6b_f4q8g"",""op"":""FIRST_TOUCH"",""ordinal"":""FIRST_TOUCH"",""period"":""Q2"",""price_e4"":6800,""source_vocabulary"":""TOUCH""}",REACH,"{""id"":""exit_mty0bwbw_mvfqe"",""op"":""REACH"",""outcome"":""win"",""price_e4"":9500}",REACH,"{""id"":""exit_mtug1t99_aq1lv"",""op"":""REACH"",""outcome"":""loss"",""price_e4"":4500}",HOLD_TO_SETTLEMENT,c5430eb845ac4cefb3c281ac543b383aad9652b9d0817d0605ab42bca6970657,1.0.0,2026-09-13T06:28:48Z,1.0.0,1.0.0,1.0.0,2026-09-13T06:28:48Z,READY,224,116,108,0.517857,0.482143,2700,2300,1.173913,289.285714,a1bee2f832bba4fbfbee499c6c89c2cf1a011d365a81efc1b5ef04b1ed6b0236,candle_path_not_fill,UNAVAILABLE,UNAVAILABLE,UNAVAILABLE,NOT_COMPUTABLE,UNAVAILABLE
path_bands,MONTE_CARLO,base_decomposition,mode_b_week_11_p75,28174.651406,usd,mode_b,superasi_bdebase_v1.0.0,grade_config_v1,2026-09-13T13:03:03Z,77f6004823dc43509371df35ae2da858,913 ITI-01,520b4e76a9cc28b0c6569db6ee1d2b69ec97dac331fccf5f85a35ae2b53f260a,06ebb9644a2a3cec47351c00887dac177c54978adde1aa4c271a07d233dd8b72,79c4ae48c45e15f21346022d19dde6aa9329703681a8cd3921524af45d8891c9,913 ITI-01,NBA,NBA,2025-2026,2025-03-18,2026-09-01,"{""date_from"":""2025-03-18"",""date_to"":""2026-09-01"",""game_data"":[""pbp""],""leagues"":[""NBA""],""market_data"":[""candles""],""markets"":[""kalshi""],""seasons"":[""2025-2026""],""sports"":[""NBA""]}",TRADABLE_YES_BID,1_MINUTE_CANDLE,available_at,FIRST_TOUCH,"{""id"":""entry_mtw2zh6b_f4q8g"",""op"":""FIRST_TOUCH"",""ordinal"":""FIRST_TOUCH"",""period"":""Q2"",""price_e4"":6800,""source_vocabulary"":""TOUCH""}",REACH,"{""id"":""exit_mty0bwbw_mvfqe"",""op"":""REACH"",""outcome"":""win"",""price_e4"":9500}",REACH,"{""id"":""exit_mtug1t99_aq1lv"",""op"":""REACH"",""outcome"":""loss"",""price_e4"":4500}",HOLD_TO_SETTLEMENT,c5430eb845ac4cefb3c281ac543b383aad9652b9d0817d0605ab42bca6970657,1.0.0,2026-09-13T06:28:48Z,1.0.0,1.0.0,1.0.0,2026-09-13T06:28:48Z,READY,224,116,108,0.517857,0.482143,2700,2300,1.173913,289.285714,a1bee2f832bba4fbfbee499c6c89c2cf1a011d365a81efc1b5ef04b1ed6b0236,candle_path_not_fill,UNAVAILABLE,UNAVAILABLE,UNAVAILABLE,NOT_COMPUTABLE,UNAVAILABLE
path_bands,MONTE_CARLO,base_decomposition,mode_b_week_11_p95,34017.318828,usd,mode_b,superasi_bdebase_v1.0.0,grade_config_v1,2026-09-13T13:03:03Z,77f6004823dc43509371df35ae2da858,913 ITI-01,520b4e76a9cc28b0c6569db6ee1d2b69ec97dac331fccf5f85a35ae2b53f260a,06ebb9644a2a3cec47351c00887dac177c54978adde1aa4c271a07d233dd8b72,79c4ae48c45e15f21346022d19dde6aa9329703681a8cd3921524af45d8891c9,913 ITI-01,NBA,NBA,2025-2026,2025-03-18,2026-09-01,"{""date_from"":""2025-03-18"",""date_to"":""2026-09-01"",""game_data"":[""pbp""],""leagues"":[""NBA""],""market_data"":[""candles""],""markets"":[""kalshi""],""seasons"":[""2025-2026""],""sports"":[""NBA""]}",TRADABLE_YES_BID,1_MINUTE_CANDLE,available_at,FIRST_TOUCH,"{""id"":""entry_mtw2zh6b_f4q8g"",""op"":""FIRST_TOUCH"",""ordinal"":""FIRST_TOUCH"",""period"":""Q2"",""price_e4"":6800,""source_vocabulary"":""TOUCH""}",REACH,"{""id"":""exit_mty0bwbw_mvfqe"",""op"":""REACH"",""outcome"":""win"",""price_e4"":9500}",REACH,"{""id"":""exit_mtug1t99_aq1lv"",""op"":""REACH"",""outcome"":""loss"",""price_e4"":4500}",HOLD_TO_SETTLEMENT,c5430eb845ac4cefb3c281ac543b383aad9652b9d0817d0605ab42bca6970657,1.0.0,2026-09-13T06:28:48Z,1.0.0,1.0.0,1.0.0,2026-09-13T06:28:48Z,READY,224,116,108,0.517857,0.482143,2700,2300,1.173913,289.285714,a1bee2f832bba4fbfbee499c6c89c2cf1a011d365a81efc1b5ef04b1ed6b0236,candle_path_not_fill,UNAVAILABLE,UNAVAILABLE,UNAVAILABLE,NOT_COMPUTABLE,UNAVAILABLE
path_bands,MONTE_CARLO,base_decomposition,mode_b_week_12_p5,18150.725149,usd,mode_b,superasi_bdebase_v1.0.0,grade_config_v1,2026-09-13T13:03:03Z,77f6004823dc43509371df35ae2da858,913 ITI-01,520b4e76a9cc28b0c6569db6ee1d2b69ec97dac331fccf5f85a35ae2b53f260a,06ebb9644a2a3cec47351c00887dac177c54978adde1aa4c271a07d233dd8b72,79c4ae48c45e15f21346022d19dde6aa9329703681a8cd3921524af45d8891c9,913 ITI-01,NBA,NBA,2025-2026,2025-03-18,2026-09-01,"{""date_from"":""2025-03-18"",""date_to"":""2026-09-01"",""game_data"":[""pbp""],""leagues"":[""NBA""],""market_data"":[""candles""],""markets"":[""kalshi""],""seasons"":[""2025-2026""],""sports"":[""NBA""]}",TRADABLE_YES_BID,1_MINUTE_CANDLE,available_at,FIRST_TOUCH,"{""id"":""entry_mtw2zh6b_f4q8g"",""op"":""FIRST_TOUCH"",""ordinal"":""FIRST_TOUCH"",""period"":""Q2"",""price_e4"":6800,""source_vocabulary"":""TOUCH""}",REACH,"{""id"":""exit_mty0bwbw_mvfqe"",""op"":""REACH"",""outcome"":""win"",""price_e4"":9500}",REACH,"{""id"":""exit_mtug1t99_aq1lv"",""op"":""REACH"",""outcome"":""loss"",""price_e4"":4500}",HOLD_TO_SETTLEMENT,c5430eb845ac4cefb3c281ac543b383aad9652b9d0817d0605ab42bca6970657,1.0.0,2026-09-13T06:28:48Z,1.0.0,1.0.0,1.0.0,2026-09-13T06:28:48Z,READY,224,116,108,0.517857,0.482143,2700,2300,1.173913,289.285714,a1bee2f832bba4fbfbee499c6c89c2cf1a011d365a81efc1b5ef04b1ed6b0236,candle_path_not_fill,UNAVAILABLE,UNAVAILABLE,UNAVAILABLE,NOT_COMPUTABLE,UNAVAILABLE
path_bands,MONTE_CARLO,base_decomposition,mode_b_week_12_p25,21986.749975,usd,mode_b,superasi_bdebase_v1.0.0,grade_config_v1,2026-09-13T13:03:03Z,77f6004823dc43509371df35ae2da858,913 ITI-01,520b4e76a9cc28b0c6569db6ee1d2b69ec97dac331fccf5f85a35ae2b53f260a,06ebb9644a2a3cec47351c00887dac177c54978adde1aa4c271a07d233dd8b72,79c4ae48c45e15f21346022d19dde6aa9329703681a8cd3921524af45d8891c9,913 ITI-01,NBA,NBA,2025-2026,2025-03-18,2026-09-01,"{""date_from"":""2025-03-18"",""date_to"":""2026-09-01"",""game_data"":[""pbp""],""leagues"":[""NBA""],""market_data"":[""candles""],""markets"":[""kalshi""],""seasons"":[""2025-2026""],""sports"":[""NBA""]}",TRADABLE_YES_BID,1_MINUTE_CANDLE,available_at,FIRST_TOUCH,"{""id"":""entry_mtw2zh6b_f4q8g"",""op"":""FIRST_TOUCH"",""ordinal"":""FIRST_TOUCH"",""period"":""Q2"",""price_e4"":6800,""source_vocabulary"":""TOUCH""}",REACH,"{""id"":""exit_mty0bwbw_mvfqe"",""op"":""REACH"",""outcome"":""win"",""price_e4"":9500}",REACH,"{""id"":""exit_mtug1t99_aq1lv"",""op"":""REACH"",""outcome"":""loss"",""price_e4"":4500}",HOLD_TO_SETTLEMENT,c5430eb845ac4cefb3c281ac543b383aad9652b9d0817d0605ab42bca6970657,1.0.0,2026-09-13T06:28:48Z,1.0.0,1.0.0,1.0.0,2026-09-13T06:28:48Z,READY,224,116,108,0.517857,0.482143,2700,2300,1.173913,289.285714,a1bee2f832bba4fbfbee499c6c89c2cf1a011d365a81efc1b5ef04b1ed6b0236,candle_path_not_fill,UNAVAILABLE,UNAVAILABLE,UNAVAILABLE,NOT_COMPUTABLE,UNAVAILABLE
path_bands,MONTE_CARLO,base_decomposition,mode_b_week_12_p50,25252.947154,usd,mode_b,superasi_bdebase_v1.0.0,grade_config_v1,2026-09-13T13:03:03Z,77f6004823dc43509371df35ae2da858,913 ITI-01,520b4e76a9cc28b0c6569db6ee1d2b69ec97dac331fccf5f85a35ae2b53f260a,06ebb9644a2a3cec47351c00887dac177c54978adde1aa4c271a07d233dd8b72,79c4ae48c45e15f21346022d19dde6aa9329703681a8cd3921524af45d8891c9,913 ITI-01,NBA,NBA,2025-2026,2025-03-18,2026-09-01,"{""date_from"":""2025-03-18"",""date_to"":""2026-09-01"",""game_data"":[""pbp""],""leagues"":[""NBA""],""market_data"":[""candles""],""markets"":[""kalshi""],""seasons"":[""2025-2026""],""sports"":[""NBA""]}",TRADABLE_YES_BID,1_MINUTE_CANDLE,available_at,FIRST_TOUCH,"{""id"":""entry_mtw2zh6b_f4q8g"",""op"":""FIRST_TOUCH"",""ordinal"":""FIRST_TOUCH"",""period"":""Q2"",""price_e4"":6800,""source_vocabulary"":""TOUCH""}",REACH,"{""id"":""exit_mty0bwbw_mvfqe"",""op"":""REACH"",""outcome"":""win"",""price_e4"":9500}",REACH,"{""id"":""exit_mtug1t99_aq1lv"",""op"":""REACH"",""outcome"":""loss"",""price_e4"":4500}",HOLD_TO_SETTLEMENT,c5430eb845ac4cefb3c281ac543b383aad9652b9d0817d0605ab42bca6970657,1.0.0,2026-09-13T06:28:48Z,1.0.0,1.0.0,1.0.0,2026-09-13T06:28:48Z,READY,224,116,108,0.517857,0.482143,2700,2300,1.173913,289.285714,a1bee2f832bba4fbfbee499c6c89c2cf1a011d365a81efc1b5ef04b1ed6b0236,candle_path_not_fill,UNAVAILABLE,UNAVAILABLE,UNAVAILABLE,NOT_COMPUTABLE,UNAVAILABLE
path_bands,MONTE_CARLO,base_decomposition,mode_b_week_12_p75,28997.312136,usd,mode_b,superasi_bdebase_v1.0.0,grade_config_v1,2026-09-13T13:03:03Z,77f6004823dc43509371df35ae2da858,913 ITI-01,520b4e76a9cc28b0c6569db6ee1d2b69ec97dac331fccf5f85a35ae2b53f260a,06ebb9644a2a3cec47351c00887dac177c54978adde1aa4c271a07d233dd8b72,79c4ae48c45e15f21346022d19dde6aa9329703681a8cd3921524af45d8891c9,913 ITI-01,NBA,NBA,2025-2026,2025-03-18,2026-09-01,"{""date_from"":""2025-03-18"",""date_to"":""2026-09-01"",""game_data"":[""pbp""],""leagues"":[""NBA""],""market_data"":[""candles""],""markets"":[""kalshi""],""seasons"":[""2025-2026""],""sports"":[""NBA""]}",TRADABLE_YES_BID,1_MINUTE_CANDLE,available_at,FIRST_TOUCH,"{""id"":""entry_mtw2zh6b_f4q8g"",""op"":""FIRST_TOUCH"",""ordinal"":""FIRST_TOUCH"",""period"":""Q2"",""price_e4"":6800,""source_vocabulary"":""TOUCH""}",REACH,"{""id"":""exit_mty0bwbw_mvfqe"",""op"":""REACH"",""outcome"":""win"",""price_e4"":9500}",REACH,"{""id"":""exit_mtug1t99_aq1lv"",""op"":""REACH"",""outcome"":""loss"",""price_e4"":4500}",HOLD_TO_SETTLEMENT,c5430eb845ac4cefb3c281ac543b383aad9652b9d0817d0605ab42bca6970657,1.0.0,2026-09-13T06:28:48Z,1.0.0,1.0.0,1.0.0,2026-09-13T06:28:48Z,READY,224,116,108,0.517857,0.482143,2700,2300,1.173913,289.285714,a1bee2f832bba4fbfbee499c6c89c2cf1a011d365a81efc1b5ef04b1ed6b0236,candle_path_not_fill,UNAVAILABLE,UNAVAILABLE,UNAVAILABLE,NOT_COMPUTABLE,UNAVAILABLE
path_bands,MONTE_CARLO,base_decomposition,mode_b_week_12_p95,34846.287790,usd,mode_b,superasi_bdebase_v1.0.0,grade_config_v1,2026-09-13T13:03:03Z,77f6004823dc43509371df35ae2da858,913 ITI-01,520b4e76a9cc28b0c6569db6ee1d2b69ec97dac331fccf5f85a35ae2b53f260a,06ebb9644a2a3cec47351c00887dac177c54978adde1aa4c271a07d233dd8b72,79c4ae48c45e15f21346022d19dde6aa9329703681a8cd3921524af45d8891c9,913 ITI-01,NBA,NBA,2025-2026,2025-03-18,2026-09-01,"{""date_from"":""2025-03-18"",""date_to"":""2026-09-01"",""game_data"":[""pbp""],""leagues"":[""NBA""],""market_data"":[""candles""],""markets"":[""kalshi""],""seasons"":[""2025-2026""],""sports"":[""NBA""]}",TRADABLE_YES_BID,1_MINUTE_CANDLE,available_at,FIRST_TOUCH,"{""id"":""entry_mtw2zh6b_f4q8g"",""op"":""FIRST_TOUCH"",""ordinal"":""FIRST_TOUCH"",""period"":""Q2"",""price_e4"":6800,""source_vocabulary"":""TOUCH""}",REACH,"{""id"":""exit_mty0bwbw_mvfqe"",""op"":""REACH"",""outcome"":""win"",""price_e4"":9500}",REACH,"{""id"":""exit_mtug1t99_aq1lv"",""op"":""REACH"",""outcome"":""loss"",""price_e4"":4500}",HOLD_TO_SETTLEMENT,c5430eb845ac4cefb3c281ac543b383aad9652b9d0817d0605ab42bca6970657,1.0.0,2026-09-13T06:28:48Z,1.0.0,1.0.0,1.0.0,2026-09-13T06:28:48Z,READY,224,116,108,0.517857,0.482143,2700,2300,1.173913,289.285714,a1bee2f832bba4fbfbee499c6c89c2cf1a011d365a81efc1b5ef04b1ed6b0236,candle_path_not_fill,UNAVAILABLE,UNAVAILABLE,UNAVAILABLE,NOT_COMPUTABLE,UNAVAILABLE
path_bands,MONTE_CARLO,base_decomposition,mode_b_week_13_p5,18317.437482,usd,mode_b,superasi_bdebase_v1.0.0,grade_config_v1,2026-09-13T13:03:03Z,77f6004823dc43509371df35ae2da858,913 ITI-01,520b4e76a9cc28b0c6569db6ee1d2b69ec97dac331fccf5f85a35ae2b53f260a,06ebb9644a2a3cec47351c00887dac177c54978adde1aa4c271a07d233dd8b72,79c4ae48c45e15f21346022d19dde6aa9329703681a8cd3921524af45d8891c9,913 ITI-01,NBA,NBA,2025-2026,2025-03-18,2026-09-01,"{""date_from"":""2025-03-18"",""date_to"":""2026-09-01"",""game_data"":[""pbp""],""leagues"":[""NBA""],""market_data"":[""candles""],""markets"":[""kalshi""],""seasons"":[""2025-2026""],""sports"":[""NBA""]}",TRADABLE_YES_BID,1_MINUTE_CANDLE,available_at,FIRST_TOUCH,"{""id"":""entry_mtw2zh6b_f4q8g"",""op"":""FIRST_TOUCH"",""ordinal"":""FIRST_TOUCH"",""period"":""Q2"",""price_e4"":6800,""source_vocabulary"":""TOUCH""}",REACH,"{""id"":""exit_mty0bwbw_mvfqe"",""op"":""REACH"",""outcome"":""win"",""price_e4"":9500}",REACH,"{""id"":""exit_mtug1t99_aq1lv"",""op"":""REACH"",""outcome"":""loss"",""price_e4"":4500}",HOLD_TO_SETTLEMENT,c5430eb845ac4cefb3c281ac543b383aad9652b9d0817d0605ab42bca6970657,1.0.0,2026-09-13T06:28:48Z,1.0.0,1.0.0,1.0.0,2026-09-13T06:28:48Z,READY,224,116,108,0.517857,0.482143,2700,2300,1.173913,289.285714,a1bee2f832bba4fbfbee499c6c89c2cf1a011d365a81efc1b5ef04b1ed6b0236,candle_path_not_fill,UNAVAILABLE,UNAVAILABLE,UNAVAILABLE,NOT_COMPUTABLE,UNAVAILABLE
path_bands,MONTE_CARLO,base_decomposition,mode_b_week_13_p25,22310.084533,usd,mode_b,superasi_bdebase_v1.0.0,grade_config_v1,2026-09-13T13:03:03Z,77f6004823dc43509371df35ae2da858,913 ITI-01,520b4e76a9cc28b0c6569db6ee1d2b69ec97dac331fccf5f85a35ae2b53f260a,06ebb9644a2a3cec47351c00887dac177c54978adde1aa4c271a07d233dd8b72,79c4ae48c45e15f21346022d19dde6aa9329703681a8cd3921524af45d8891c9,913 ITI-01,NBA,NBA,2025-2026,2025-03-18,2026-09-01,"{""date_from"":""2025-03-18"",""date_to"":""2026-09-01"",""game_data"":[""pbp""],""leagues"":[""NBA""],""market_data"":[""candles""],""markets"":[""kalshi""],""seasons"":[""2025-2026""],""sports"":[""NBA""]}",TRADABLE_YES_BID,1_MINUTE_CANDLE,available_at,FIRST_TOUCH,"{""id"":""entry_mtw2zh6b_f4q8g"",""op"":""FIRST_TOUCH"",""ordinal"":""FIRST_TOUCH"",""period"":""Q2"",""price_e4"":6800,""source_vocabulary"":""TOUCH""}",REACH,"{""id"":""exit_mty0bwbw_mvfqe"",""op"":""REACH"",""outcome"":""win"",""price_e4"":9500}",REACH,"{""id"":""exit_mtug1t99_aq1lv"",""op"":""REACH"",""outcome"":""loss"",""price_e4"":4500}",HOLD_TO_SETTLEMENT,c5430eb845ac4cefb3c281ac543b383aad9652b9d0817d0605ab42bca6970657,1.0.0,2026-09-13T06:28:48Z,1.0.0,1.0.0,1.0.0,2026-09-13T06:28:48Z,READY,224,116,108,0.517857,0.482143,2700,2300,1.173913,289.285714,a1bee2f832bba4fbfbee499c6c89c2cf1a011d365a81efc1b5ef04b1ed6b0236,candle_path_not_fill,UNAVAILABLE,UNAVAILABLE,UNAVAILABLE,NOT_COMPUTABLE,UNAVAILABLE
path_bands,MONTE_CARLO,base_decomposition,mode_b_week_13_p50,25669.887091,usd,mode_b,superasi_bdebase_v1.0.0,grade_config_v1,2026-09-13T13:03:03Z,77f6004823dc43509371df35ae2da858,913 ITI-01,520b4e76a9cc28b0c6569db6ee1d2b69ec97dac331fccf5f85a35ae2b53f260a,06ebb9644a2a3cec47351c00887dac177c54978adde1aa4c271a07d233dd8b72,79c4ae48c45e15f21346022d19dde6aa9329703681a8cd3921524af45d8891c9,913 ITI-01,NBA,NBA,2025-2026,2025-03-18,2026-09-01,"{""date_from"":""2025-03-18"",""date_to"":""2026-09-01"",""game_data"":[""pbp""],""leagues"":[""NBA""],""market_data"":[""candles""],""markets"":[""kalshi""],""seasons"":[""2025-2026""],""sports"":[""NBA""]}",TRADABLE_YES_BID,1_MINUTE_CANDLE,available_at,FIRST_TOUCH,"{""id"":""entry_mtw2zh6b_f4q8g"",""op"":""FIRST_TOUCH"",""ordinal"":""FIRST_TOUCH"",""period"":""Q2"",""price_e4"":6800,""source_vocabulary"":""TOUCH""}",REACH,"{""id"":""exit_mty0bwbw_mvfqe"",""op"":""REACH"",""outcome"":""win"",""price_e4"":9500}",REACH,"{""id"":""exit_mtug1t99_aq1lv"",""op"":""REACH"",""outcome"":""loss"",""price_e4"":4500}",HOLD_TO_SETTLEMENT,c5430eb845ac4cefb3c281ac543b383aad9652b9d0817d0605ab42bca6970657,1.0.0,2026-09-13T06:28:48Z,1.0.0,1.0.0,1.0.0,2026-09-13T06:28:48Z,READY,224,116,108,0.517857,0.482143,2700,2300,1.173913,289.285714,a1bee2f832bba4fbfbee499c6c89c2cf1a011d365a81efc1b5ef04b1ed6b0236,candle_path_not_fill,UNAVAILABLE,UNAVAILABLE,UNAVAILABLE,NOT_COMPUTABLE,UNAVAILABLE
path_bands,MONTE_CARLO,base_decomposition,mode_b_week_13_p75,29553.044394,usd,mode_b,superasi_bdebase_v1.0.0,grade_config_v1,2026-09-13T13:03:03Z,77f6004823dc43509371df35ae2da858,913 ITI-01,520b4e76a9cc28b0c6569db6ee1d2b69ec97dac331fccf5f85a35ae2b53f260a,06ebb9644a2a3cec47351c00887dac177c54978adde1aa4c271a07d233dd8b72,79c4ae48c45e15f21346022d19dde6aa9329703681a8cd3921524af45d8891c9,913 ITI-01,NBA,NBA,2025-2026,2025-03-18,2026-09-01,"{""date_from"":""2025-03-18"",""date_to"":""2026-09-01"",""game_data"":[""pbp""],""leagues"":[""NBA""],""market_data"":[""candles""],""markets"":[""kalshi""],""seasons"":[""2025-2026""],""sports"":[""NBA""]}",TRADABLE_YES_BID,1_MINUTE_CANDLE,available_at,FIRST_TOUCH,"{""id"":""entry_mtw2zh6b_f4q8g"",""op"":""FIRST_TOUCH"",""ordinal"":""FIRST_TOUCH"",""period"":""Q2"",""price_e4"":6800,""source_vocabulary"":""TOUCH""}",REACH,"{""id"":""exit_mty0bwbw_mvfqe"",""op"":""REACH"",""outcome"":""win"",""price_e4"":9500}",REACH,"{""id"":""exit_mtug1t99_aq1lv"",""op"":""REACH"",""outcome"":""loss"",""price_e4"":4500}",HOLD_TO_SETTLEMENT,c5430eb845ac4cefb3c281ac543b383aad9652b9d0817d0605ab42bca6970657,1.0.0,2026-09-13T06:28:48Z,1.0.0,1.0.0,1.0.0,2026-09-13T06:28:48Z,READY,224,116,108,0.517857,0.482143,2700,2300,1.173913,289.285714,a1bee2f832bba4fbfbee499c6c89c2cf1a011d365a81efc1b5ef04b1ed6b0236,candle_path_not_fill,UNAVAILABLE,UNAVAILABLE,UNAVAILABLE,NOT_COMPUTABLE,UNAVAILABLE
path_bands,MONTE_CARLO,base_decomposition,mode_b_week_13_p95,36205.198317,usd,mode_b,superasi_bdebase_v1.0.0,grade_config_v1,2026-09-13T13:03:03Z,77f6004823dc43509371df35ae2da858,913 ITI-01,520b4e76a9cc28b0c6569db6ee1d2b69ec97dac331fccf5f85a35ae2b53f260a,06ebb9644a2a3cec47351c00887dac177c54978adde1aa4c271a07d233dd8b72,79c4ae48c45e15f21346022d19dde6aa9329703681a8cd3921524af45d8891c9,913 ITI-01,NBA,NBA,2025-2026,2025-03-18,2026-09-01,"{""date_from"":""2025-03-18"",""date_to"":""2026-09-01"",""game_data"":[""pbp""],""leagues"":[""NBA""],""market_data"":[""candles""],""markets"":[""kalshi""],""seasons"":[""2025-2026""],""sports"":[""NBA""]}",TRADABLE_YES_BID,1_MINUTE_CANDLE,available_at,FIRST_TOUCH,"{""id"":""entry_mtw2zh6b_f4q8g"",""op"":""FIRST_TOUCH"",""ordinal"":""FIRST_TOUCH"",""period"":""Q2"",""price_e4"":6800,""source_vocabulary"":""TOUCH""}",REACH,"{""id"":""exit_mty0bwbw_mvfqe"",""op"":""REACH"",""outcome"":""win"",""price_e4"":9500}",REACH,"{""id"":""exit_mtug1t99_aq1lv"",""op"":""REACH"",""outcome"":""loss"",""price_e4"":4500}",HOLD_TO_SETTLEMENT,c5430eb845ac4cefb3c281ac543b383aad9652b9d0817d0605ab42bca6970657,1.0.0,2026-09-13T06:28:48Z,1.0.0,1.0.0,1.0.0,2026-09-13T06:28:48Z,READY,224,116,108,0.517857,0.482143,2700,2300,1.173913,289.285714,a1bee2f832bba4fbfbee499c6c89c2cf1a011d365a81efc1b5ef04b1ed6b0236,candle_path_not_fill,UNAVAILABLE,UNAVAILABLE,UNAVAILABLE,NOT_COMPUTABLE,UNAVAILABLE
path_bands,MONTE_CARLO,base_decomposition,mode_b_week_14_p5,18495.918064,usd,mode_b,superasi_bdebase_v1.0.0,grade_config_v1,2026-09-13T13:03:03Z,77f6004823dc43509371df35ae2da858,913 ITI-01,520b4e76a9cc28b0c6569db6ee1d2b69ec97dac331fccf5f85a35ae2b53f260a,06ebb9644a2a3cec47351c00887dac177c54978adde1aa4c271a07d233dd8b72,79c4ae48c45e15f21346022d19dde6aa9329703681a8cd3921524af45d8891c9,913 ITI-01,NBA,NBA,2025-2026,2025-03-18,2026-09-01,"{""date_from"":""2025-03-18"",""date_to"":""2026-09-01"",""game_data"":[""pbp""],""leagues"":[""NBA""],""market_data"":[""candles""],""markets"":[""kalshi""],""seasons"":[""2025-2026""],""sports"":[""NBA""]}",TRADABLE_YES_BID,1_MINUTE_CANDLE,available_at,FIRST_TOUCH,"{""id"":""entry_mtw2zh6b_f4q8g"",""op"":""FIRST_TOUCH"",""ordinal"":""FIRST_TOUCH"",""period"":""Q2"",""price_e4"":6800,""source_vocabulary"":""TOUCH""}",REACH,"{""id"":""exit_mty0bwbw_mvfqe"",""op"":""REACH"",""outcome"":""win"",""price_e4"":9500}",REACH,"{""id"":""exit_mtug1t99_aq1lv"",""op"":""REACH"",""outcome"":""loss"",""price_e4"":4500}",HOLD_TO_SETTLEMENT,c5430eb845ac4cefb3c281ac543b383aad9652b9d0817d0605ab42bca6970657,1.0.0,2026-09-13T06:28:48Z,1.0.0,1.0.0,1.0.0,2026-09-13T06:28:48Z,READY,224,116,108,0.517857,0.482143,2700,2300,1.173913,289.285714,a1bee2f832bba4fbfbee499c6c89c2cf1a011d365a81efc1b5ef04b1ed6b0236,candle_path_not_fill,UNAVAILABLE,UNAVAILABLE,UNAVAILABLE,NOT_COMPUTABLE,UNAVAILABLE
path_bands,MONTE_CARLO,base_decomposition,mode_b_week_14_p25,22777.834870,usd,mode_b,superasi_bdebase_v1.0.0,grade_config_v1,2026-09-13T13:03:03Z,77f6004823dc43509371df35ae2da858,913 ITI-01,520b4e76a9cc28b0c6569db6ee1d2b69ec97dac331fccf5f85a35ae2b53f260a,06ebb9644a2a3cec47351c00887dac177c54978adde1aa4c271a07d233dd8b72,79c4ae48c45e15f21346022d19dde6aa9329703681a8cd3921524af45d8891c9,913 ITI-01,NBA,NBA,2025-2026,2025-03-18,2026-09-01,"{""date_from"":""2025-03-18"",""date_to"":""2026-09-01"",""game_data"":[""pbp""],""leagues"":[""NBA""],""market_data"":[""candles""],""markets"":[""kalshi""],""seasons"":[""2025-2026""],""sports"":[""NBA""]}",TRADABLE_YES_BID,1_MINUTE_CANDLE,available_at,FIRST_TOUCH,"{""id"":""entry_mtw2zh6b_f4q8g"",""op"":""FIRST_TOUCH"",""ordinal"":""FIRST_TOUCH"",""period"":""Q2"",""price_e4"":6800,""source_vocabulary"":""TOUCH""}",REACH,"{""id"":""exit_mty0bwbw_mvfqe"",""op"":""REACH"",""outcome"":""win"",""price_e4"":9500}",REACH,"{""id"":""exit_mtug1t99_aq1lv"",""op"":""REACH"",""outcome"":""loss"",""price_e4"":4500}",HOLD_TO_SETTLEMENT,c5430eb845ac4cefb3c281ac543b383aad9652b9d0817d0605ab42bca6970657,1.0.0,2026-09-13T06:28:48Z,1.0.0,1.0.0,1.0.0,2026-09-13T06:28:48Z,READY,224,116,108,0.517857,0.482143,2700,2300,1.173913,289.285714,a1bee2f832bba4fbfbee499c6c89c2cf1a011d365a81efc1b5ef04b1ed6b0236,candle_path_not_fill,UNAVAILABLE,UNAVAILABLE,UNAVAILABLE,NOT_COMPUTABLE,UNAVAILABLE
path_bands,MONTE_CARLO,base_decomposition,mode_b_week_14_p50,26241.877699,usd,mode_b,superasi_bdebase_v1.0.0,grade_config_v1,2026-09-13T13:03:03Z,77f6004823dc43509371df35ae2da858,913 ITI-01,520b4e76a9cc28b0c6569db6ee1d2b69ec97dac331fccf5f85a35ae2b53f260a,06ebb9644a2a3cec47351c00887dac177c54978adde1aa4c271a07d233dd8b72,79c4ae48c45e15f21346022d19dde6aa9329703681a8cd3921524af45d8891c9,913 ITI-01,NBA,NBA,2025-2026,2025-03-18,2026-09-01,"{""date_from"":""2025-03-18"",""date_to"":""2026-09-01"",""game_data"":[""pbp""],""leagues"":[""NBA""],""market_data"":[""candles""],""markets"":[""kalshi""],""seasons"":[""2025-2026""],""sports"":[""NBA""]}",TRADABLE_YES_BID,1_MINUTE_CANDLE,available_at,FIRST_TOUCH,"{""id"":""entry_mtw2zh6b_f4q8g"",""op"":""FIRST_TOUCH"",""ordinal"":""FIRST_TOUCH"",""period"":""Q2"",""price_e4"":6800,""source_vocabulary"":""TOUCH""}",REACH,"{""id"":""exit_mty0bwbw_mvfqe"",""op"":""REACH"",""outcome"":""win"",""price_e4"":9500}",REACH,"{""id"":""exit_mtug1t99_aq1lv"",""op"":""REACH"",""outcome"":""loss"",""price_e4"":4500}",HOLD_TO_SETTLEMENT,c5430eb845ac4cefb3c281ac543b383aad9652b9d0817d0605ab42bca6970657,1.0.0,2026-09-13T06:28:48Z,1.0.0,1.0.0,1.0.0,2026-09-13T06:28:48Z,READY,224,116,108,0.517857,0.482143,2700,2300,1.173913,289.285714,a1bee2f832bba4fbfbee499c6c89c2cf1a011d365a81efc1b5ef04b1ed6b0236,candle_path_not_fill,UNAVAILABLE,UNAVAILABLE,UNAVAILABLE,NOT_COMPUTABLE,UNAVAILABLE
path_bands,MONTE_CARLO,base_decomposition,mode_b_week_14_p75,30262.245759,usd,mode_b,superasi_bdebase_v1.0.0,grade_config_v1,2026-09-13T13:03:03Z,77f6004823dc43509371df35ae2da858,913 ITI-01,520b4e76a9cc28b0c6569db6ee1d2b69ec97dac331fccf5f85a35ae2b53f260a,06ebb9644a2a3cec47351c00887dac177c54978adde1aa4c271a07d233dd8b72,79c4ae48c45e15f21346022d19dde6aa9329703681a8cd3921524af45d8891c9,913 ITI-01,NBA,NBA,2025-2026,2025-03-18,2026-09-01,"{""date_from"":""2025-03-18"",""date_to"":""2026-09-01"",""game_data"":[""pbp""],""leagues"":[""NBA""],""market_data"":[""candles""],""markets"":[""kalshi""],""seasons"":[""2025-2026""],""sports"":[""NBA""]}",TRADABLE_YES_BID,1_MINUTE_CANDLE,available_at,FIRST_TOUCH,"{""id"":""entry_mtw2zh6b_f4q8g"",""op"":""FIRST_TOUCH"",""ordinal"":""FIRST_TOUCH"",""period"":""Q2"",""price_e4"":6800,""source_vocabulary"":""TOUCH""}",REACH,"{""id"":""exit_mty0bwbw_mvfqe"",""op"":""REACH"",""outcome"":""win"",""price_e4"":9500}",REACH,"{""id"":""exit_mtug1t99_aq1lv"",""op"":""REACH"",""outcome"":""loss"",""price_e4"":4500}",HOLD_TO_SETTLEMENT,c5430eb845ac4cefb3c281ac543b383aad9652b9d0817d0605ab42bca6970657,1.0.0,2026-09-13T06:28:48Z,1.0.0,1.0.0,1.0.0,2026-09-13T06:28:48Z,READY,224,116,108,0.517857,0.482143,2700,2300,1.173913,289.285714,a1bee2f832bba4fbfbee499c6c89c2cf1a011d365a81efc1b5ef04b1ed6b0236,candle_path_not_fill,UNAVAILABLE,UNAVAILABLE,UNAVAILABLE,NOT_COMPUTABLE,UNAVAILABLE
path_bands,MONTE_CARLO,base_decomposition,mode_b_week_14_p95,37142.608062,usd,mode_b,superasi_bdebase_v1.0.0,grade_config_v1,2026-09-13T13:03:03Z,77f6004823dc43509371df35ae2da858,913 ITI-01,520b4e76a9cc28b0c6569db6ee1d2b69ec97dac331fccf5f85a35ae2b53f260a,06ebb9644a2a3cec47351c00887dac177c54978adde1aa4c271a07d233dd8b72,79c4ae48c45e15f21346022d19dde6aa9329703681a8cd3921524af45d8891c9,913 ITI-01,NBA,NBA,2025-2026,2025-03-18,2026-09-01,"{""date_from"":""2025-03-18"",""date_to"":""2026-09-01"",""game_data"":[""pbp""],""leagues"":[""NBA""],""market_data"":[""candles""],""markets"":[""kalshi""],""seasons"":[""2025-2026""],""sports"":[""NBA""]}",TRADABLE_YES_BID,1_MINUTE_CANDLE,available_at,FIRST_TOUCH,"{""id"":""entry_mtw2zh6b_f4q8g"",""op"":""FIRST_TOUCH"",""ordinal"":""FIRST_TOUCH"",""period"":""Q2"",""price_e4"":6800,""source_vocabulary"":""TOUCH""}",REACH,"{""id"":""exit_mty0bwbw_mvfqe"",""op"":""REACH"",""outcome"":""win"",""price_e4"":9500}",REACH,"{""id"":""exit_mtug1t99_aq1lv"",""op"":""REACH"",""outcome"":""loss"",""price_e4"":4500}",HOLD_TO_SETTLEMENT,c5430eb845ac4cefb3c281ac543b383aad9652b9d0817d0605ab42bca6970657,1.0.0,2026-09-13T06:28:48Z,1.0.0,1.0.0,1.0.0,2026-09-13T06:28:48Z,READY,224,116,108,0.517857,0.482143,2700,2300,1.173913,289.285714,a1bee2f832bba4fbfbee499c6c89c2cf1a011d365a81efc1b5ef04b1ed6b0236,candle_path_not_fill,UNAVAILABLE,UNAVAILABLE,UNAVAILABLE,NOT_COMPUTABLE,UNAVAILABLE
path_bands,MONTE_CARLO,base_decomposition,mode_b_week_15_p5,18642.480686,usd,mode_b,superasi_bdebase_v1.0.0,grade_config_v1,2026-09-13T13:03:03Z,77f6004823dc43509371df35ae2da858,913 ITI-01,520b4e76a9cc28b0c6569db6ee1d2b69ec97dac331fccf5f85a35ae2b53f260a,06ebb9644a2a3cec47351c00887dac177c54978adde1aa4c271a07d233dd8b72,79c4ae48c45e15f21346022d19dde6aa9329703681a8cd3921524af45d8891c9,913 ITI-01,NBA,NBA,2025-2026,2025-03-18,2026-09-01,"{""date_from"":""2025-03-18"",""date_to"":""2026-09-01"",""game_data"":[""pbp""],""leagues"":[""NBA""],""market_data"":[""candles""],""markets"":[""kalshi""],""seasons"":[""2025-2026""],""sports"":[""NBA""]}",TRADABLE_YES_BID,1_MINUTE_CANDLE,available_at,FIRST_TOUCH,"{""id"":""entry_mtw2zh6b_f4q8g"",""op"":""FIRST_TOUCH"",""ordinal"":""FIRST_TOUCH"",""period"":""Q2"",""price_e4"":6800,""source_vocabulary"":""TOUCH""}",REACH,"{""id"":""exit_mty0bwbw_mvfqe"",""op"":""REACH"",""outcome"":""win"",""price_e4"":9500}",REACH,"{""id"":""exit_mtug1t99_aq1lv"",""op"":""REACH"",""outcome"":""loss"",""price_e4"":4500}",HOLD_TO_SETTLEMENT,c5430eb845ac4cefb3c281ac543b383aad9652b9d0817d0605ab42bca6970657,1.0.0,2026-09-13T06:28:48Z,1.0.0,1.0.0,1.0.0,2026-09-13T06:28:48Z,READY,224,116,108,0.517857,0.482143,2700,2300,1.173913,289.285714,a1bee2f832bba4fbfbee499c6c89c2cf1a011d365a81efc1b5ef04b1ed6b0236,candle_path_not_fill,UNAVAILABLE,UNAVAILABLE,UNAVAILABLE,NOT_COMPUTABLE,UNAVAILABLE
path_bands,MONTE_CARLO,base_decomposition,mode_b_week_15_p25,23158.136170,usd,mode_b,superasi_bdebase_v1.0.0,grade_config_v1,2026-09-13T13:03:03Z,77f6004823dc43509371df35ae2da858,913 ITI-01,520b4e76a9cc28b0c6569db6ee1d2b69ec97dac331fccf5f85a35ae2b53f260a,06ebb9644a2a3cec47351c00887dac177c54978adde1aa4c271a07d233dd8b72,79c4ae48c45e15f21346022d19dde6aa9329703681a8cd3921524af45d8891c9,913 ITI-01,NBA,NBA,2025-2026,2025-03-18,2026-09-01,"{""date_from"":""2025-03-18"",""date_to"":""2026-09-01"",""game_data"":[""pbp""],""leagues"":[""NBA""],""market_data"":[""candles""],""markets"":[""kalshi""],""seasons"":[""2025-2026""],""sports"":[""NBA""]}",TRADABLE_YES_BID,1_MINUTE_CANDLE,available_at,FIRST_TOUCH,"{""id"":""entry_mtw2zh6b_f4q8g"",""op"":""FIRST_TOUCH"",""ordinal"":""FIRST_TOUCH"",""period"":""Q2"",""price_e4"":6800,""source_vocabulary"":""TOUCH""}",REACH,"{""id"":""exit_mty0bwbw_mvfqe"",""op"":""REACH"",""outcome"":""win"",""price_e4"":9500}",REACH,"{""id"":""exit_mtug1t99_aq1lv"",""op"":""REACH"",""outcome"":""loss"",""price_e4"":4500}",HOLD_TO_SETTLEMENT,c5430eb845ac4cefb3c281ac543b383aad9652b9d0817d0605ab42bca6970657,1.0.0,2026-09-13T06:28:48Z,1.0.0,1.0.0,1.0.0,2026-09-13T06:28:48Z,READY,224,116,108,0.517857,0.482143,2700,2300,1.173913,289.285714,a1bee2f832bba4fbfbee499c6c89c2cf1a011d365a81efc1b5ef04b1ed6b0236,candle_path_not_fill,UNAVAILABLE,UNAVAILABLE,UNAVAILABLE,NOT_COMPUTABLE,UNAVAILABLE
path_bands,MONTE_CARLO,base_decomposition,mode_b_week_15_p50,26947.976317,usd,mode_b,superasi_bdebase_v1.0.0,grade_config_v1,2026-09-13T13:03:03Z,77f6004823dc43509371df35ae2da858,913 ITI-01,520b4e76a9cc28b0c6569db6ee1d2b69ec97dac331fccf5f85a35ae2b53f260a,06ebb9644a2a3cec47351c00887dac177c54978adde1aa4c271a07d233dd8b72,79c4ae48c45e15f21346022d19dde6aa9329703681a8cd3921524af45d8891c9,913 ITI-01,NBA,NBA,2025-2026,2025-03-18,2026-09-01,"{""date_from"":""2025-03-18"",""date_to"":""2026-09-01"",""game_data"":[""pbp""],""leagues"":[""NBA""],""market_data"":[""candles""],""markets"":[""kalshi""],""seasons"":[""2025-2026""],""sports"":[""NBA""]}",TRADABLE_YES_BID,1_MINUTE_CANDLE,available_at,FIRST_TOUCH,"{""id"":""entry_mtw2zh6b_f4q8g"",""op"":""FIRST_TOUCH"",""ordinal"":""FIRST_TOUCH"",""period"":""Q2"",""price_e4"":6800,""source_vocabulary"":""TOUCH""}",REACH,"{""id"":""exit_mty0bwbw_mvfqe"",""op"":""REACH"",""outcome"":""win"",""price_e4"":9500}",REACH,"{""id"":""exit_mtug1t99_aq1lv"",""op"":""REACH"",""outcome"":""loss"",""price_e4"":4500}",HOLD_TO_SETTLEMENT,c5430eb845ac4cefb3c281ac543b383aad9652b9d0817d0605ab42bca6970657,1.0.0,2026-09-13T06:28:48Z,1.0.0,1.0.0,1.0.0,2026-09-13T06:28:48Z,READY,224,116,108,0.517857,0.482143,2700,2300,1.173913,289.285714,a1bee2f832bba4fbfbee499c6c89c2cf1a011d365a81efc1b5ef04b1ed6b0236,candle_path_not_fill,UNAVAILABLE,UNAVAILABLE,UNAVAILABLE,NOT_COMPUTABLE,UNAVAILABLE
path_bands,MONTE_CARLO,base_decomposition,mode_b_week_15_p75,31229.565403,usd,mode_b,superasi_bdebase_v1.0.0,grade_config_v1,2026-09-13T13:03:03Z,77f6004823dc43509371df35ae2da858,913 ITI-01,520b4e76a9cc28b0c6569db6ee1d2b69ec97dac331fccf5f85a35ae2b53f260a,06ebb9644a2a3cec47351c00887dac177c54978adde1aa4c271a07d233dd8b72,79c4ae48c45e15f21346022d19dde6aa9329703681a8cd3921524af45d8891c9,913 ITI-01,NBA,NBA,2025-2026,2025-03-18,2026-09-01,"{""date_from"":""2025-03-18"",""date_to"":""2026-09-01"",""game_data"":[""pbp""],""leagues"":[""NBA""],""market_data"":[""candles""],""markets"":[""kalshi""],""seasons"":[""2025-2026""],""sports"":[""NBA""]}",TRADABLE_YES_BID,1_MINUTE_CANDLE,available_at,FIRST_TOUCH,"{""id"":""entry_mtw2zh6b_f4q8g"",""op"":""FIRST_TOUCH"",""ordinal"":""FIRST_TOUCH"",""period"":""Q2"",""price_e4"":6800,""source_vocabulary"":""TOUCH""}",REACH,"{""id"":""exit_mty0bwbw_mvfqe"",""op"":""REACH"",""outcome"":""win"",""price_e4"":9500}",REACH,"{""id"":""exit_mtug1t99_aq1lv"",""op"":""REACH"",""outcome"":""loss"",""price_e4"":4500}",HOLD_TO_SETTLEMENT,c5430eb845ac4cefb3c281ac543b383aad9652b9d0817d0605ab42bca6970657,1.0.0,2026-09-13T06:28:48Z,1.0.0,1.0.0,1.0.0,2026-09-13T06:28:48Z,READY,224,116,108,0.517857,0.482143,2700,2300,1.173913,289.285714,a1bee2f832bba4fbfbee499c6c89c2cf1a011d365a81efc1b5ef04b1ed6b0236,candle_path_not_fill,UNAVAILABLE,UNAVAILABLE,UNAVAILABLE,NOT_COMPUTABLE,UNAVAILABLE
path_bands,MONTE_CARLO,base_decomposition,mode_b_week_15_p95,38590.874890,usd,mode_b,superasi_bdebase_v1.0.0,grade_config_v1,2026-09-13T13:03:03Z,77f6004823dc43509371df35ae2da858,913 ITI-01,520b4e76a9cc28b0c6569db6ee1d2b69ec97dac331fccf5f85a35ae2b53f260a,06ebb9644a2a3cec47351c00887dac177c54978adde1aa4c271a07d233dd8b72,79c4ae48c45e15f21346022d19dde6aa9329703681a8cd3921524af45d8891c9,913 ITI-01,NBA,NBA,2025-2026,2025-03-18,2026-09-01,"{""date_from"":""2025-03-18"",""date_to"":""2026-09-01"",""game_data"":[""pbp""],""leagues"":[""NBA""],""market_data"":[""candles""],""markets"":[""kalshi""],""seasons"":[""2025-2026""],""sports"":[""NBA""]}",TRADABLE_YES_BID,1_MINUTE_CANDLE,available_at,FIRST_TOUCH,"{""id"":""entry_mtw2zh6b_f4q8g"",""op"":""FIRST_TOUCH"",""ordinal"":""FIRST_TOUCH"",""period"":""Q2"",""price_e4"":6800,""source_vocabulary"":""TOUCH""}",REACH,"{""id"":""exit_mty0bwbw_mvfqe"",""op"":""REACH"",""outcome"":""win"",""price_e4"":9500}",REACH,"{""id"":""exit_mtug1t99_aq1lv"",""op"":""REACH"",""outcome"":""loss"",""price_e4"":4500}",HOLD_TO_SETTLEMENT,c5430eb845ac4cefb3c281ac543b383aad9652b9d0817d0605ab42bca6970657,1.0.0,2026-09-13T06:28:48Z,1.0.0,1.0.0,1.0.0,2026-09-13T06:28:48Z,READY,224,116,108,0.517857,0.482143,2700,2300,1.173913,289.285714,a1bee2f832bba4fbfbee499c6c89c2cf1a011d365a81efc1b5ef04b1ed6b0236,candle_path_not_fill,UNAVAILABLE,UNAVAILABLE,UNAVAILABLE,NOT_COMPUTABLE,UNAVAILABLE
path_bands,MONTE_CARLO,base_decomposition,mode_b_week_16_p5,18663.634879,usd,mode_b,superasi_bdebase_v1.0.0,grade_config_v1,2026-09-13T13:03:03Z,77f6004823dc43509371df35ae2da858,913 ITI-01,520b4e76a9cc28b0c6569db6ee1d2b69ec97dac331fccf5f85a35ae2b53f260a,06ebb9644a2a3cec47351c00887dac177c54978adde1aa4c271a07d233dd8b72,79c4ae48c45e15f21346022d19dde6aa9329703681a8cd3921524af45d8891c9,913 ITI-01,NBA,NBA,2025-2026,2025-03-18,2026-09-01,"{""date_from"":""2025-03-18"",""date_to"":""2026-09-01"",""game_data"":[""pbp""],""leagues"":[""NBA""],""market_data"":[""candles""],""markets"":[""kalshi""],""seasons"":[""2025-2026""],""sports"":[""NBA""]}",TRADABLE_YES_BID,1_MINUTE_CANDLE,available_at,FIRST_TOUCH,"{""id"":""entry_mtw2zh6b_f4q8g"",""op"":""FIRST_TOUCH"",""ordinal"":""FIRST_TOUCH"",""period"":""Q2"",""price_e4"":6800,""source_vocabulary"":""TOUCH""}",REACH,"{""id"":""exit_mty0bwbw_mvfqe"",""op"":""REACH"",""outcome"":""win"",""price_e4"":9500}",REACH,"{""id"":""exit_mtug1t99_aq1lv"",""op"":""REACH"",""outcome"":""loss"",""price_e4"":4500}",HOLD_TO_SETTLEMENT,c5430eb845ac4cefb3c281ac543b383aad9652b9d0817d0605ab42bca6970657,1.0.0,2026-09-13T06:28:48Z,1.0.0,1.0.0,1.0.0,2026-09-13T06:28:48Z,READY,224,116,108,0.517857,0.482143,2700,2300,1.173913,289.285714,a1bee2f832bba4fbfbee499c6c89c2cf1a011d365a81efc1b5ef04b1ed6b0236,candle_path_not_fill,UNAVAILABLE,UNAVAILABLE,UNAVAILABLE,NOT_COMPUTABLE,UNAVAILABLE
path_bands,MONTE_CARLO,base_decomposition,mode_b_week_16_p25,23489.547340,usd,mode_b,superasi_bdebase_v1.0.0,grade_config_v1,2026-09-13T13:03:03Z,77f6004823dc43509371df35ae2da858,913 ITI-01,520b4e76a9cc28b0c6569db6ee1d2b69ec97dac331fccf5f85a35ae2b53f260a,06ebb9644a2a3cec47351c00887dac177c54978adde1aa4c271a07d233dd8b72,79c4ae48c45e15f21346022d19dde6aa9329703681a8cd3921524af45d8891c9,913 ITI-01,NBA,NBA,2025-2026,2025-03-18,2026-09-01,"{""date_from"":""2025-03-18"",""date_to"":""2026-09-01"",""game_data"":[""pbp""],""leagues"":[""NBA""],""market_data"":[""candles""],""markets"":[""kalshi""],""seasons"":[""2025-2026""],""sports"":[""NBA""]}",TRADABLE_YES_BID,1_MINUTE_CANDLE,available_at,FIRST_TOUCH,"{""id"":""entry_mtw2zh6b_f4q8g"",""op"":""FIRST_TOUCH"",""ordinal"":""FIRST_TOUCH"",""period"":""Q2"",""price_e4"":6800,""source_vocabulary"":""TOUCH""}",REACH,"{""id"":""exit_mty0bwbw_mvfqe"",""op"":""REACH"",""outcome"":""win"",""price_e4"":9500}",REACH,"{""id"":""exit_mtug1t99_aq1lv"",""op"":""REACH"",""outcome"":""loss"",""price_e4"":4500}",HOLD_TO_SETTLEMENT,c5430eb845ac4cefb3c281ac543b383aad9652b9d0817d0605ab42bca6970657,1.0.0,2026-09-13T06:28:48Z,1.0.0,1.0.0,1.0.0,2026-09-13T06:28:48Z,READY,224,116,108,0.517857,0.482143,2700,2300,1.173913,289.285714,a1bee2f832bba4fbfbee499c6c89c2cf1a011d365a81efc1b5ef04b1ed6b0236,candle_path_not_fill,UNAVAILABLE,UNAVAILABLE,UNAVAILABLE,NOT_COMPUTABLE,UNAVAILABLE
path_bands,MONTE_CARLO,base_decomposition,mode_b_week_16_p50,27413.728200,usd,mode_b,superasi_bdebase_v1.0.0,grade_config_v1,2026-09-13T13:03:03Z,77f6004823dc43509371df35ae2da858,913 ITI-01,520b4e76a9cc28b0c6569db6ee1d2b69ec97dac331fccf5f85a35ae2b53f260a,06ebb9644a2a3cec47351c00887dac177c54978adde1aa4c271a07d233dd8b72,79c4ae48c45e15f21346022d19dde6aa9329703681a8cd3921524af45d8891c9,913 ITI-01,NBA,NBA,2025-2026,2025-03-18,2026-09-01,"{""date_from"":""2025-03-18"",""date_to"":""2026-09-01"",""game_data"":[""pbp""],""leagues"":[""NBA""],""market_data"":[""candles""],""markets"":[""kalshi""],""seasons"":[""2025-2026""],""sports"":[""NBA""]}",TRADABLE_YES_BID,1_MINUTE_CANDLE,available_at,FIRST_TOUCH,"{""id"":""entry_mtw2zh6b_f4q8g"",""op"":""FIRST_TOUCH"",""ordinal"":""FIRST_TOUCH"",""period"":""Q2"",""price_e4"":6800,""source_vocabulary"":""TOUCH""}",REACH,"{""id"":""exit_mty0bwbw_mvfqe"",""op"":""REACH"",""outcome"":""win"",""price_e4"":9500}",REACH,"{""id"":""exit_mtug1t99_aq1lv"",""op"":""REACH"",""outcome"":""loss"",""price_e4"":4500}",HOLD_TO_SETTLEMENT,c5430eb845ac4cefb3c281ac543b383aad9652b9d0817d0605ab42bca6970657,1.0.0,2026-09-13T06:28:48Z,1.0.0,1.0.0,1.0.0,2026-09-13T06:28:48Z,READY,224,116,108,0.517857,0.482143,2700,2300,1.173913,289.285714,a1bee2f832bba4fbfbee499c6c89c2cf1a011d365a81efc1b5ef04b1ed6b0236,candle_path_not_fill,UNAVAILABLE,UNAVAILABLE,UNAVAILABLE,NOT_COMPUTABLE,UNAVAILABLE
path_bands,MONTE_CARLO,base_decomposition,mode_b_week_16_p75,31832.280673,usd,mode_b,superasi_bdebase_v1.0.0,grade_config_v1,2026-09-13T13:03:03Z,77f6004823dc43509371df35ae2da858,913 ITI-01,520b4e76a9cc28b0c6569db6ee1d2b69ec97dac331fccf5f85a35ae2b53f260a,06ebb9644a2a3cec47351c00887dac177c54978adde1aa4c271a07d233dd8b72,79c4ae48c45e15f21346022d19dde6aa9329703681a8cd3921524af45d8891c9,913 ITI-01,NBA,NBA,2025-2026,2025-03-18,2026-09-01,"{""date_from"":""2025-03-18"",""date_to"":""2026-09-01"",""game_data"":[""pbp""],""leagues"":[""NBA""],""market_data"":[""candles""],""markets"":[""kalshi""],""seasons"":[""2025-2026""],""sports"":[""NBA""]}",TRADABLE_YES_BID,1_MINUTE_CANDLE,available_at,FIRST_TOUCH,"{""id"":""entry_mtw2zh6b_f4q8g"",""op"":""FIRST_TOUCH"",""ordinal"":""FIRST_TOUCH"",""period"":""Q2"",""price_e4"":6800,""source_vocabulary"":""TOUCH""}",REACH,"{""id"":""exit_mty0bwbw_mvfqe"",""op"":""REACH"",""outcome"":""win"",""price_e4"":9500}",REACH,"{""id"":""exit_mtug1t99_aq1lv"",""op"":""REACH"",""outcome"":""loss"",""price_e4"":4500}",HOLD_TO_SETTLEMENT,c5430eb845ac4cefb3c281ac543b383aad9652b9d0817d0605ab42bca6970657,1.0.0,2026-09-13T06:28:48Z,1.0.0,1.0.0,1.0.0,2026-09-13T06:28:48Z,READY,224,116,108,0.517857,0.482143,2700,2300,1.173913,289.285714,a1bee2f832bba4fbfbee499c6c89c2cf1a011d365a81efc1b5ef04b1ed6b0236,candle_path_not_fill,UNAVAILABLE,UNAVAILABLE,UNAVAILABLE,NOT_COMPUTABLE,UNAVAILABLE
path_bands,MONTE_CARLO,base_decomposition,mode_b_week_16_p95,39528.281633,usd,mode_b,superasi_bdebase_v1.0.0,grade_config_v1,2026-09-13T13:03:03Z,77f6004823dc43509371df35ae2da858,913 ITI-01,520b4e76a9cc28b0c6569db6ee1d2b69ec97dac331fccf5f85a35ae2b53f260a,06ebb9644a2a3cec47351c00887dac177c54978adde1aa4c271a07d233dd8b72,79c4ae48c45e15f21346022d19dde6aa9329703681a8cd3921524af45d8891c9,913 ITI-01,NBA,NBA,2025-2026,2025-03-18,2026-09-01,"{""date_from"":""2025-03-18"",""date_to"":""2026-09-01"",""game_data"":[""pbp""],""leagues"":[""NBA""],""market_data"":[""candles""],""markets"":[""kalshi""],""seasons"":[""2025-2026""],""sports"":[""NBA""]}",TRADABLE_YES_BID,1_MINUTE_CANDLE,available_at,FIRST_TOUCH,"{""id"":""entry_mtw2zh6b_f4q8g"",""op"":""FIRST_TOUCH"",""ordinal"":""FIRST_TOUCH"",""period"":""Q2"",""price_e4"":6800,""source_vocabulary"":""TOUCH""}",REACH,"{""id"":""exit_mty0bwbw_mvfqe"",""op"":""REACH"",""outcome"":""win"",""price_e4"":9500}",REACH,"{""id"":""exit_mtug1t99_aq1lv"",""op"":""REACH"",""outcome"":""loss"",""price_e4"":4500}",HOLD_TO_SETTLEMENT,c5430eb845ac4cefb3c281ac543b383aad9652b9d0817d0605ab42bca6970657,1.0.0,2026-09-13T06:28:48Z,1.0.0,1.0.0,1.0.0,2026-09-13T06:28:48Z,READY,224,116,108,0.517857,0.482143,2700,2300,1.173913,289.285714,a1bee2f832bba4fbfbee499c6c89c2cf1a011d365a81efc1b5ef04b1ed6b0236,candle_path_not_fill,UNAVAILABLE,UNAVAILABLE,UNAVAILABLE,NOT_COMPUTABLE,UNAVAILABLE
path_bands,MONTE_CARLO,base_decomposition,mode_b_week_17_p5,18756.641606,usd,mode_b,superasi_bdebase_v1.0.0,grade_config_v1,2026-09-13T13:03:03Z,77f6004823dc43509371df35ae2da858,913 ITI-01,520b4e76a9cc28b0c6569db6ee1d2b69ec97dac331fccf5f85a35ae2b53f260a,06ebb9644a2a3cec47351c00887dac177c54978adde1aa4c271a07d233dd8b72,79c4ae48c45e15f21346022d19dde6aa9329703681a8cd3921524af45d8891c9,913 ITI-01,NBA,NBA,2025-2026,2025-03-18,2026-09-01,"{""date_from"":""2025-03-18"",""date_to"":""2026-09-01"",""game_data"":[""pbp""],""leagues"":[""NBA""],""market_data"":[""candles""],""markets"":[""kalshi""],""seasons"":[""2025-2026""],""sports"":[""NBA""]}",TRADABLE_YES_BID,1_MINUTE_CANDLE,available_at,FIRST_TOUCH,"{""id"":""entry_mtw2zh6b_f4q8g"",""op"":""FIRST_TOUCH"",""ordinal"":""FIRST_TOUCH"",""period"":""Q2"",""price_e4"":6800,""source_vocabulary"":""TOUCH""}",REACH,"{""id"":""exit_mty0bwbw_mvfqe"",""op"":""REACH"",""outcome"":""win"",""price_e4"":9500}",REACH,"{""id"":""exit_mtug1t99_aq1lv"",""op"":""REACH"",""outcome"":""loss"",""price_e4"":4500}",HOLD_TO_SETTLEMENT,c5430eb845ac4cefb3c281ac543b383aad9652b9d0817d0605ab42bca6970657,1.0.0,2026-09-13T06:28:48Z,1.0.0,1.0.0,1.0.0,2026-09-13T06:28:48Z,READY,224,116,108,0.517857,0.482143,2700,2300,1.173913,289.285714,a1bee2f832bba4fbfbee499c6c89c2cf1a011d365a81efc1b5ef04b1ed6b0236,candle_path_not_fill,UNAVAILABLE,UNAVAILABLE,UNAVAILABLE,NOT_COMPUTABLE,UNAVAILABLE
path_bands,MONTE_CARLO,base_decomposition,mode_b_week_17_p25,23836.195680,usd,mode_b,superasi_bdebase_v1.0.0,grade_config_v1,2026-09-13T13:03:03Z,77f6004823dc43509371df35ae2da858,913 ITI-01,520b4e76a9cc28b0c6569db6ee1d2b69ec97dac331fccf5f85a35ae2b53f260a,06ebb9644a2a3cec47351c00887dac177c54978adde1aa4c271a07d233dd8b72,79c4ae48c45e15f21346022d19dde6aa9329703681a8cd3921524af45d8891c9,913 ITI-01,NBA,NBA,2025-2026,2025-03-18,2026-09-01,"{""date_from"":""2025-03-18"",""date_to"":""2026-09-01"",""game_data"":[""pbp""],""leagues"":[""NBA""],""market_data"":[""candles""],""markets"":[""kalshi""],""seasons"":[""2025-2026""],""sports"":[""NBA""]}",TRADABLE_YES_BID,1_MINUTE_CANDLE,available_at,FIRST_TOUCH,"{""id"":""entry_mtw2zh6b_f4q8g"",""op"":""FIRST_TOUCH"",""ordinal"":""FIRST_TOUCH"",""period"":""Q2"",""price_e4"":6800,""source_vocabulary"":""TOUCH""}",REACH,"{""id"":""exit_mty0bwbw_mvfqe"",""op"":""REACH"",""outcome"":""win"",""price_e4"":9500}",REACH,"{""id"":""exit_mtug1t99_aq1lv"",""op"":""REACH"",""outcome"":""loss"",""price_e4"":4500}",HOLD_TO_SETTLEMENT,c5430eb845ac4cefb3c281ac543b383aad9652b9d0817d0605ab42bca6970657,1.0.0,2026-09-13T06:28:48Z,1.0.0,1.0.0,1.0.0,2026-09-13T06:28:48Z,READY,224,116,108,0.517857,0.482143,2700,2300,1.173913,289.285714,a1bee2f832bba4fbfbee499c6c89c2cf1a011d365a81efc1b5ef04b1ed6b0236,candle_path_not_fill,UNAVAILABLE,UNAVAILABLE,UNAVAILABLE,NOT_COMPUTABLE,UNAVAILABLE
path_bands,MONTE_CARLO,base_decomposition,mode_b_week_17_p50,27882.744311,usd,mode_b,superasi_bdebase_v1.0.0,grade_config_v1,2026-09-13T13:03:03Z,77f6004823dc43509371df35ae2da858,913 ITI-01,520b4e76a9cc28b0c6569db6ee1d2b69ec97dac331fccf5f85a35ae2b53f260a,06ebb9644a2a3cec47351c00887dac177c54978adde1aa4c271a07d233dd8b72,79c4ae48c45e15f21346022d19dde6aa9329703681a8cd3921524af45d8891c9,913 ITI-01,NBA,NBA,2025-2026,2025-03-18,2026-09-01,"{""date_from"":""2025-03-18"",""date_to"":""2026-09-01"",""game_data"":[""pbp""],""leagues"":[""NBA""],""market_data"":[""candles""],""markets"":[""kalshi""],""seasons"":[""2025-2026""],""sports"":[""NBA""]}",TRADABLE_YES_BID,1_MINUTE_CANDLE,available_at,FIRST_TOUCH,"{""id"":""entry_mtw2zh6b_f4q8g"",""op"":""FIRST_TOUCH"",""ordinal"":""FIRST_TOUCH"",""period"":""Q2"",""price_e4"":6800,""source_vocabulary"":""TOUCH""}",REACH,"{""id"":""exit_mty0bwbw_mvfqe"",""op"":""REACH"",""outcome"":""win"",""price_e4"":9500}",REACH,"{""id"":""exit_mtug1t99_aq1lv"",""op"":""REACH"",""outcome"":""loss"",""price_e4"":4500}",HOLD_TO_SETTLEMENT,c5430eb845ac4cefb3c281ac543b383aad9652b9d0817d0605ab42bca6970657,1.0.0,2026-09-13T06:28:48Z,1.0.0,1.0.0,1.0.0,2026-09-13T06:28:48Z,READY,224,116,108,0.517857,0.482143,2700,2300,1.173913,289.285714,a1bee2f832bba4fbfbee499c6c89c2cf1a011d365a81efc1b5ef04b1ed6b0236,candle_path_not_fill,UNAVAILABLE,UNAVAILABLE,UNAVAILABLE,NOT_COMPUTABLE,UNAVAILABLE
path_bands,MONTE_CARLO,base_decomposition,mode_b_week_17_p75,32508.009930,usd,mode_b,superasi_bdebase_v1.0.0,grade_config_v1,2026-09-13T13:03:03Z,77f6004823dc43509371df35ae2da858,913 ITI-01,520b4e76a9cc28b0c6569db6ee1d2b69ec97dac331fccf5f85a35ae2b53f260a,06ebb9644a2a3cec47351c00887dac177c54978adde1aa4c271a07d233dd8b72,79c4ae48c45e15f21346022d19dde6aa9329703681a8cd3921524af45d8891c9,913 ITI-01,NBA,NBA,2025-2026,2025-03-18,2026-09-01,"{""date_from"":""2025-03-18"",""date_to"":""2026-09-01"",""game_data"":[""pbp""],""leagues"":[""NBA""],""market_data"":[""candles""],""markets"":[""kalshi""],""seasons"":[""2025-2026""],""sports"":[""NBA""]}",TRADABLE_YES_BID,1_MINUTE_CANDLE,available_at,FIRST_TOUCH,"{""id"":""entry_mtw2zh6b_f4q8g"",""op"":""FIRST_TOUCH"",""ordinal"":""FIRST_TOUCH"",""period"":""Q2"",""price_e4"":6800,""source_vocabulary"":""TOUCH""}",REACH,"{""id"":""exit_mty0bwbw_mvfqe"",""op"":""REACH"",""outcome"":""win"",""price_e4"":9500}",REACH,"{""id"":""exit_mtug1t99_aq1lv"",""op"":""REACH"",""outcome"":""loss"",""price_e4"":4500}",HOLD_TO_SETTLEMENT,c5430eb845ac4cefb3c281ac543b383aad9652b9d0817d0605ab42bca6970657,1.0.0,2026-09-13T06:28:48Z,1.0.0,1.0.0,1.0.0,2026-09-13T06:28:48Z,READY,224,116,108,0.517857,0.482143,2700,2300,1.173913,289.285714,a1bee2f832bba4fbfbee499c6c89c2cf1a011d365a81efc1b5ef04b1ed6b0236,candle_path_not_fill,UNAVAILABLE,UNAVAILABLE,UNAVAILABLE,NOT_COMPUTABLE,UNAVAILABLE
path_bands,MONTE_CARLO,base_decomposition,mode_b_week_17_p95,41053.036983,usd,mode_b,superasi_bdebase_v1.0.0,grade_config_v1,2026-09-13T13:03:03Z,77f6004823dc43509371df35ae2da858,913 ITI-01,520b4e76a9cc28b0c6569db6ee1d2b69ec97dac331fccf5f85a35ae2b53f260a,06ebb9644a2a3cec47351c00887dac177c54978adde1aa4c271a07d233dd8b72,79c4ae48c45e15f21346022d19dde6aa9329703681a8cd3921524af45d8891c9,913 ITI-01,NBA,NBA,2025-2026,2025-03-18,2026-09-01,"{""date_from"":""2025-03-18"",""date_to"":""2026-09-01"",""game_data"":[""pbp""],""leagues"":[""NBA""],""market_data"":[""candles""],""markets"":[""kalshi""],""seasons"":[""2025-2026""],""sports"":[""NBA""]}",TRADABLE_YES_BID,1_MINUTE_CANDLE,available_at,FIRST_TOUCH,"{""id"":""entry_mtw2zh6b_f4q8g"",""op"":""FIRST_TOUCH"",""ordinal"":""FIRST_TOUCH"",""period"":""Q2"",""price_e4"":6800,""source_vocabulary"":""TOUCH""}",REACH,"{""id"":""exit_mty0bwbw_mvfqe"",""op"":""REACH"",""outcome"":""win"",""price_e4"":9500}",REACH,"{""id"":""exit_mtug1t99_aq1lv"",""op"":""REACH"",""outcome"":""loss"",""price_e4"":4500}",HOLD_TO_SETTLEMENT,c5430eb845ac4cefb3c281ac543b383aad9652b9d0817d0605ab42bca6970657,1.0.0,2026-09-13T06:28:48Z,1.0.0,1.0.0,1.0.0,2026-09-13T06:28:48Z,READY,224,116,108,0.517857,0.482143,2700,2300,1.173913,289.285714,a1bee2f832bba4fbfbee499c6c89c2cf1a011d365a81efc1b5ef04b1ed6b0236,candle_path_not_fill,UNAVAILABLE,UNAVAILABLE,UNAVAILABLE,NOT_COMPUTABLE,UNAVAILABLE
path_bands,MONTE_CARLO,base_decomposition,mode_b_week_18_p5,18946.504079,usd,mode_b,superasi_bdebase_v1.0.0,grade_config_v1,2026-09-13T13:03:03Z,77f6004823dc43509371df35ae2da858,913 ITI-01,520b4e76a9cc28b0c6569db6ee1d2b69ec97dac331fccf5f85a35ae2b53f260a,06ebb9644a2a3cec47351c00887dac177c54978adde1aa4c271a07d233dd8b72,79c4ae48c45e15f21346022d19dde6aa9329703681a8cd3921524af45d8891c9,913 ITI-01,NBA,NBA,2025-2026,2025-03-18,2026-09-01,"{""date_from"":""2025-03-18"",""date_to"":""2026-09-01"",""game_data"":[""pbp""],""leagues"":[""NBA""],""market_data"":[""candles""],""markets"":[""kalshi""],""seasons"":[""2025-2026""],""sports"":[""NBA""]}",TRADABLE_YES_BID,1_MINUTE_CANDLE,available_at,FIRST_TOUCH,"{""id"":""entry_mtw2zh6b_f4q8g"",""op"":""FIRST_TOUCH"",""ordinal"":""FIRST_TOUCH"",""period"":""Q2"",""price_e4"":6800,""source_vocabulary"":""TOUCH""}",REACH,"{""id"":""exit_mty0bwbw_mvfqe"",""op"":""REACH"",""outcome"":""win"",""price_e4"":9500}",REACH,"{""id"":""exit_mtug1t99_aq1lv"",""op"":""REACH"",""outcome"":""loss"",""price_e4"":4500}",HOLD_TO_SETTLEMENT,c5430eb845ac4cefb3c281ac543b383aad9652b9d0817d0605ab42bca6970657,1.0.0,2026-09-13T06:28:48Z,1.0.0,1.0.0,1.0.0,2026-09-13T06:28:48Z,READY,224,116,108,0.517857,0.482143,2700,2300,1.173913,289.285714,a1bee2f832bba4fbfbee499c6c89c2cf1a011d365a81efc1b5ef04b1ed6b0236,candle_path_not_fill,UNAVAILABLE,UNAVAILABLE,UNAVAILABLE,NOT_COMPUTABLE,UNAVAILABLE
path_bands,MONTE_CARLO,base_decomposition,mode_b_week_18_p25,24208.195272,usd,mode_b,superasi_bdebase_v1.0.0,grade_config_v1,2026-09-13T13:03:03Z,77f6004823dc43509371df35ae2da858,913 ITI-01,520b4e76a9cc28b0c6569db6ee1d2b69ec97dac331fccf5f85a35ae2b53f260a,06ebb9644a2a3cec47351c00887dac177c54978adde1aa4c271a07d233dd8b72,79c4ae48c45e15f21346022d19dde6aa9329703681a8cd3921524af45d8891c9,913 ITI-01,NBA,NBA,2025-2026,2025-03-18,2026-09-01,"{""date_from"":""2025-03-18"",""date_to"":""2026-09-01"",""game_data"":[""pbp""],""leagues"":[""NBA""],""market_data"":[""candles""],""markets"":[""kalshi""],""seasons"":[""2025-2026""],""sports"":[""NBA""]}",TRADABLE_YES_BID,1_MINUTE_CANDLE,available_at,FIRST_TOUCH,"{""id"":""entry_mtw2zh6b_f4q8g"",""op"":""FIRST_TOUCH"",""ordinal"":""FIRST_TOUCH"",""period"":""Q2"",""price_e4"":6800,""source_vocabulary"":""TOUCH""}",REACH,"{""id"":""exit_mty0bwbw_mvfqe"",""op"":""REACH"",""outcome"":""win"",""price_e4"":9500}",REACH,"{""id"":""exit_mtug1t99_aq1lv"",""op"":""REACH"",""outcome"":""loss"",""price_e4"":4500}",HOLD_TO_SETTLEMENT,c5430eb845ac4cefb3c281ac543b383aad9652b9d0817d0605ab42bca6970657,1.0.0,2026-09-13T06:28:48Z,1.0.0,1.0.0,1.0.0,2026-09-13T06:28:48Z,READY,224,116,108,0.517857,0.482143,2700,2300,1.173913,289.285714,a1bee2f832bba4fbfbee499c6c89c2cf1a011d365a81efc1b5ef04b1ed6b0236,candle_path_not_fill,UNAVAILABLE,UNAVAILABLE,UNAVAILABLE,NOT_COMPUTABLE,UNAVAILABLE
path_bands,MONTE_CARLO,base_decomposition,mode_b_week_18_p50,28370.388592,usd,mode_b,superasi_bdebase_v1.0.0,grade_config_v1,2026-09-13T13:03:03Z,77f6004823dc43509371df35ae2da858,913 ITI-01,520b4e76a9cc28b0c6569db6ee1d2b69ec97dac331fccf5f85a35ae2b53f260a,06ebb9644a2a3cec47351c00887dac177c54978adde1aa4c271a07d233dd8b72,79c4ae48c45e15f21346022d19dde6aa9329703681a8cd3921524af45d8891c9,913 ITI-01,NBA,NBA,2025-2026,2025-03-18,2026-09-01,"{""date_from"":""2025-03-18"",""date_to"":""2026-09-01"",""game_data"":[""pbp""],""leagues"":[""NBA""],""market_data"":[""candles""],""markets"":[""kalshi""],""seasons"":[""2025-2026""],""sports"":[""NBA""]}",TRADABLE_YES_BID,1_MINUTE_CANDLE,available_at,FIRST_TOUCH,"{""id"":""entry_mtw2zh6b_f4q8g"",""op"":""FIRST_TOUCH"",""ordinal"":""FIRST_TOUCH"",""period"":""Q2"",""price_e4"":6800,""source_vocabulary"":""TOUCH""}",REACH,"{""id"":""exit_mty0bwbw_mvfqe"",""op"":""REACH"",""outcome"":""win"",""price_e4"":9500}",REACH,"{""id"":""exit_mtug1t99_aq1lv"",""op"":""REACH"",""outcome"":""loss"",""price_e4"":4500}",HOLD_TO_SETTLEMENT,c5430eb845ac4cefb3c281ac543b383aad9652b9d0817d0605ab42bca6970657,1.0.0,2026-09-13T06:28:48Z,1.0.0,1.0.0,1.0.0,2026-09-13T06:28:48Z,READY,224,116,108,0.517857,0.482143,2700,2300,1.173913,289.285714,a1bee2f832bba4fbfbee499c6c89c2cf1a011d365a81efc1b5ef04b1ed6b0236,candle_path_not_fill,UNAVAILABLE,UNAVAILABLE,UNAVAILABLE,NOT_COMPUTABLE,UNAVAILABLE
path_bands,MONTE_CARLO,base_decomposition,mode_b_week_18_p75,33565.668853,usd,mode_b,superasi_bdebase_v1.0.0,grade_config_v1,2026-09-13T13:03:03Z,77f6004823dc43509371df35ae2da858,913 ITI-01,520b4e76a9cc28b0c6569db6ee1d2b69ec97dac331fccf5f85a35ae2b53f260a,06ebb9644a2a3cec47351c00887dac177c54978adde1aa4c271a07d233dd8b72,79c4ae48c45e15f21346022d19dde6aa9329703681a8cd3921524af45d8891c9,913 ITI-01,NBA,NBA,2025-2026,2025-03-18,2026-09-01,"{""date_from"":""2025-03-18"",""date_to"":""2026-09-01"",""game_data"":[""pbp""],""leagues"":[""NBA""],""market_data"":[""candles""],""markets"":[""kalshi""],""seasons"":[""2025-2026""],""sports"":[""NBA""]}",TRADABLE_YES_BID,1_MINUTE_CANDLE,available_at,FIRST_TOUCH,"{""id"":""entry_mtw2zh6b_f4q8g"",""op"":""FIRST_TOUCH"",""ordinal"":""FIRST_TOUCH"",""period"":""Q2"",""price_e4"":6800,""source_vocabulary"":""TOUCH""}",REACH,"{""id"":""exit_mty0bwbw_mvfqe"",""op"":""REACH"",""outcome"":""win"",""price_e4"":9500}",REACH,"{""id"":""exit_mtug1t99_aq1lv"",""op"":""REACH"",""outcome"":""loss"",""price_e4"":4500}",HOLD_TO_SETTLEMENT,c5430eb845ac4cefb3c281ac543b383aad9652b9d0817d0605ab42bca6970657,1.0.0,2026-09-13T06:28:48Z,1.0.0,1.0.0,1.0.0,2026-09-13T06:28:48Z,READY,224,116,108,0.517857,0.482143,2700,2300,1.173913,289.285714,a1bee2f832bba4fbfbee499c6c89c2cf1a011d365a81efc1b5ef04b1ed6b0236,candle_path_not_fill,UNAVAILABLE,UNAVAILABLE,UNAVAILABLE,NOT_COMPUTABLE,UNAVAILABLE
path_bands,MONTE_CARLO,base_decomposition,mode_b_week_18_p95,42015.928685,usd,mode_b,superasi_bdebase_v1.0.0,grade_config_v1,2026-09-13T13:03:03Z,77f6004823dc43509371df35ae2da858,913 ITI-01,520b4e76a9cc28b0c6569db6ee1d2b69ec97dac331fccf5f85a35ae2b53f260a,06ebb9644a2a3cec47351c00887dac177c54978adde1aa4c271a07d233dd8b72,79c4ae48c45e15f21346022d19dde6aa9329703681a8cd3921524af45d8891c9,913 ITI-01,NBA,NBA,2025-2026,2025-03-18,2026-09-01,"{""date_from"":""2025-03-18"",""date_to"":""2026-09-01"",""game_data"":[""pbp""],""leagues"":[""NBA""],""market_data"":[""candles""],""markets"":[""kalshi""],""seasons"":[""2025-2026""],""sports"":[""NBA""]}",TRADABLE_YES_BID,1_MINUTE_CANDLE,available_at,FIRST_TOUCH,"{""id"":""entry_mtw2zh6b_f4q8g"",""op"":""FIRST_TOUCH"",""ordinal"":""FIRST_TOUCH"",""period"":""Q2"",""price_e4"":6800,""source_vocabulary"":""TOUCH""}",REACH,"{""id"":""exit_mty0bwbw_mvfqe"",""op"":""REACH"",""outcome"":""win"",""price_e4"":9500}",REACH,"{""id"":""exit_mtug1t99_aq1lv"",""op"":""REACH"",""outcome"":""loss"",""price_e4"":4500}",HOLD_TO_SETTLEMENT,c5430eb845ac4cefb3c281ac543b383aad9652b9d0817d0605ab42bca6970657,1.0.0,2026-09-13T06:28:48Z,1.0.0,1.0.0,1.0.0,2026-09-13T06:28:48Z,READY,224,116,108,0.517857,0.482143,2700,2300,1.173913,289.285714,a1bee2f832bba4fbfbee499c6c89c2cf1a011d365a81efc1b5ef04b1ed6b0236,candle_path_not_fill,UNAVAILABLE,UNAVAILABLE,UNAVAILABLE,NOT_COMPUTABLE,UNAVAILABLE
path_bands,MONTE_CARLO,base_decomposition,mode_b_week_19_p5,19145.637535,usd,mode_b,superasi_bdebase_v1.0.0,grade_config_v1,2026-09-13T13:03:03Z,77f6004823dc43509371df35ae2da858,913 ITI-01,520b4e76a9cc28b0c6569db6ee1d2b69ec97dac331fccf5f85a35ae2b53f260a,06ebb9644a2a3cec47351c00887dac177c54978adde1aa4c271a07d233dd8b72,79c4ae48c45e15f21346022d19dde6aa9329703681a8cd3921524af45d8891c9,913 ITI-01,NBA,NBA,2025-2026,2025-03-18,2026-09-01,"{""date_from"":""2025-03-18"",""date_to"":""2026-09-01"",""game_data"":[""pbp""],""leagues"":[""NBA""],""market_data"":[""candles""],""markets"":[""kalshi""],""seasons"":[""2025-2026""],""sports"":[""NBA""]}",TRADABLE_YES_BID,1_MINUTE_CANDLE,available_at,FIRST_TOUCH,"{""id"":""entry_mtw2zh6b_f4q8g"",""op"":""FIRST_TOUCH"",""ordinal"":""FIRST_TOUCH"",""period"":""Q2"",""price_e4"":6800,""source_vocabulary"":""TOUCH""}",REACH,"{""id"":""exit_mty0bwbw_mvfqe"",""op"":""REACH"",""outcome"":""win"",""price_e4"":9500}",REACH,"{""id"":""exit_mtug1t99_aq1lv"",""op"":""REACH"",""outcome"":""loss"",""price_e4"":4500}",HOLD_TO_SETTLEMENT,c5430eb845ac4cefb3c281ac543b383aad9652b9d0817d0605ab42bca6970657,1.0.0,2026-09-13T06:28:48Z,1.0.0,1.0.0,1.0.0,2026-09-13T06:28:48Z,READY,224,116,108,0.517857,0.482143,2700,2300,1.173913,289.285714,a1bee2f832bba4fbfbee499c6c89c2cf1a011d365a81efc1b5ef04b1ed6b0236,candle_path_not_fill,UNAVAILABLE,UNAVAILABLE,UNAVAILABLE,NOT_COMPUTABLE,UNAVAILABLE
path_bands,MONTE_CARLO,base_decomposition,mode_b_week_19_p25,24559.327666,usd,mode_b,superasi_bdebase_v1.0.0,grade_config_v1,2026-09-13T13:03:03Z,77f6004823dc43509371df35ae2da858,913 ITI-01,520b4e76a9cc28b0c6569db6ee1d2b69ec97dac331fccf5f85a35ae2b53f260a,06ebb9644a2a3cec47351c00887dac177c54978adde1aa4c271a07d233dd8b72,79c4ae48c45e15f21346022d19dde6aa9329703681a8cd3921524af45d8891c9,913 ITI-01,NBA,NBA,2025-2026,2025-03-18,2026-09-01,"{""date_from"":""2025-03-18"",""date_to"":""2026-09-01"",""game_data"":[""pbp""],""leagues"":[""NBA""],""market_data"":[""candles""],""markets"":[""kalshi""],""seasons"":[""2025-2026""],""sports"":[""NBA""]}",TRADABLE_YES_BID,1_MINUTE_CANDLE,available_at,FIRST_TOUCH,"{""id"":""entry_mtw2zh6b_f4q8g"",""op"":""FIRST_TOUCH"",""ordinal"":""FIRST_TOUCH"",""period"":""Q2"",""price_e4"":6800,""source_vocabulary"":""TOUCH""}",REACH,"{""id"":""exit_mty0bwbw_mvfqe"",""op"":""REACH"",""outcome"":""win"",""price_e4"":9500}",REACH,"{""id"":""exit_mtug1t99_aq1lv"",""op"":""REACH"",""outcome"":""loss"",""price_e4"":4500}",HOLD_TO_SETTLEMENT,c5430eb845ac4cefb3c281ac543b383aad9652b9d0817d0605ab42bca6970657,1.0.0,2026-09-13T06:28:48Z,1.0.0,1.0.0,1.0.0,2026-09-13T06:28:48Z,READY,224,116,108,0.517857,0.482143,2700,2300,1.173913,289.285714,a1bee2f832bba4fbfbee499c6c89c2cf1a011d365a81efc1b5ef04b1ed6b0236,candle_path_not_fill,UNAVAILABLE,UNAVAILABLE,UNAVAILABLE,NOT_COMPUTABLE,UNAVAILABLE
path_bands,MONTE_CARLO,base_decomposition,mode_b_week_19_p50,28877.030873,usd,mode_b,superasi_bdebase_v1.0.0,grade_config_v1,2026-09-13T13:03:03Z,77f6004823dc43509371df35ae2da858,913 ITI-01,520b4e76a9cc28b0c6569db6ee1d2b69ec97dac331fccf5f85a35ae2b53f260a,06ebb9644a2a3cec47351c00887dac177c54978adde1aa4c271a07d233dd8b72,79c4ae48c45e15f21346022d19dde6aa9329703681a8cd3921524af45d8891c9,913 ITI-01,NBA,NBA,2025-2026,2025-03-18,2026-09-01,"{""date_from"":""2025-03-18"",""date_to"":""2026-09-01"",""game_data"":[""pbp""],""leagues"":[""NBA""],""market_data"":[""candles""],""markets"":[""kalshi""],""seasons"":[""2025-2026""],""sports"":[""NBA""]}",TRADABLE_YES_BID,1_MINUTE_CANDLE,available_at,FIRST_TOUCH,"{""id"":""entry_mtw2zh6b_f4q8g"",""op"":""FIRST_TOUCH"",""ordinal"":""FIRST_TOUCH"",""period"":""Q2"",""price_e4"":6800,""source_vocabulary"":""TOUCH""}",REACH,"{""id"":""exit_mty0bwbw_mvfqe"",""op"":""REACH"",""outcome"":""win"",""price_e4"":9500}",REACH,"{""id"":""exit_mtug1t99_aq1lv"",""op"":""REACH"",""outcome"":""loss"",""price_e4"":4500}",HOLD_TO_SETTLEMENT,c5430eb845ac4cefb3c281ac543b383aad9652b9d0817d0605ab42bca6970657,1.0.0,2026-09-13T06:28:48Z,1.0.0,1.0.0,1.0.0,2026-09-13T06:28:48Z,READY,224,116,108,0.517857,0.482143,2700,2300,1.173913,289.285714,a1bee2f832bba4fbfbee499c6c89c2cf1a011d365a81efc1b5ef04b1ed6b0236,candle_path_not_fill,UNAVAILABLE,UNAVAILABLE,UNAVAILABLE,NOT_COMPUTABLE,UNAVAILABLE
path_bands,MONTE_CARLO,base_decomposition,mode_b_week_19_p75,34263.104437,usd,mode_b,superasi_bdebase_v1.0.0,grade_config_v1,2026-09-13T13:03:03Z,77f6004823dc43509371df35ae2da858,913 ITI-01,520b4e76a9cc28b0c6569db6ee1d2b69ec97dac331fccf5f85a35ae2b53f260a,06ebb9644a2a3cec47351c00887dac177c54978adde1aa4c271a07d233dd8b72,79c4ae48c45e15f21346022d19dde6aa9329703681a8cd3921524af45d8891c9,913 ITI-01,NBA,NBA,2025-2026,2025-03-18,2026-09-01,"{""date_from"":""2025-03-18"",""date_to"":""2026-09-01"",""game_data"":[""pbp""],""leagues"":[""NBA""],""market_data"":[""candles""],""markets"":[""kalshi""],""seasons"":[""2025-2026""],""sports"":[""NBA""]}",TRADABLE_YES_BID,1_MINUTE_CANDLE,available_at,FIRST_TOUCH,"{""id"":""entry_mtw2zh6b_f4q8g"",""op"":""FIRST_TOUCH"",""ordinal"":""FIRST_TOUCH"",""period"":""Q2"",""price_e4"":6800,""source_vocabulary"":""TOUCH""}",REACH,"{""id"":""exit_mty0bwbw_mvfqe"",""op"":""REACH"",""outcome"":""win"",""price_e4"":9500}",REACH,"{""id"":""exit_mtug1t99_aq1lv"",""op"":""REACH"",""outcome"":""loss"",""price_e4"":4500}",HOLD_TO_SETTLEMENT,c5430eb845ac4cefb3c281ac543b383aad9652b9d0817d0605ab42bca6970657,1.0.0,2026-09-13T06:28:48Z,1.0.0,1.0.0,1.0.0,2026-09-13T06:28:48Z,READY,224,116,108,0.517857,0.482143,2700,2300,1.173913,289.285714,a1bee2f832bba4fbfbee499c6c89c2cf1a011d365a81efc1b5ef04b1ed6b0236,candle_path_not_fill,UNAVAILABLE,UNAVAILABLE,UNAVAILABLE,NOT_COMPUTABLE,UNAVAILABLE
path_bands,MONTE_CARLO,base_decomposition,mode_b_week_19_p95,43559.180164,usd,mode_b,superasi_bdebase_v1.0.0,grade_config_v1,2026-09-13T13:03:03Z,77f6004823dc43509371df35ae2da858,913 ITI-01,520b4e76a9cc28b0c6569db6ee1d2b69ec97dac331fccf5f85a35ae2b53f260a,06ebb9644a2a3cec47351c00887dac177c54978adde1aa4c271a07d233dd8b72,79c4ae48c45e15f21346022d19dde6aa9329703681a8cd3921524af45d8891c9,913 ITI-01,NBA,NBA,2025-2026,2025-03-18,2026-09-01,"{""date_from"":""2025-03-18"",""date_to"":""2026-09-01"",""game_data"":[""pbp""],""leagues"":[""NBA""],""market_data"":[""candles""],""markets"":[""kalshi""],""seasons"":[""2025-2026""],""sports"":[""NBA""]}",TRADABLE_YES_BID,1_MINUTE_CANDLE,available_at,FIRST_TOUCH,"{""id"":""entry_mtw2zh6b_f4q8g"",""op"":""FIRST_TOUCH"",""ordinal"":""FIRST_TOUCH"",""period"":""Q2"",""price_e4"":6800,""source_vocabulary"":""TOUCH""}",REACH,"{""id"":""exit_mty0bwbw_mvfqe"",""op"":""REACH"",""outcome"":""win"",""price_e4"":9500}",REACH,"{""id"":""exit_mtug1t99_aq1lv"",""op"":""REACH"",""outcome"":""loss"",""price_e4"":4500}",HOLD_TO_SETTLEMENT,c5430eb845ac4cefb3c281ac543b383aad9652b9d0817d0605ab42bca6970657,1.0.0,2026-09-13T06:28:48Z,1.0.0,1.0.0,1.0.0,2026-09-13T06:28:48Z,READY,224,116,108,0.517857,0.482143,2700,2300,1.173913,289.285714,a1bee2f832bba4fbfbee499c6c89c2cf1a011d365a81efc1b5ef04b1ed6b0236,candle_path_not_fill,UNAVAILABLE,UNAVAILABLE,UNAVAILABLE,NOT_COMPUTABLE,UNAVAILABLE
path_bands,MONTE_CARLO,base_decomposition,mode_b_week_20_p5,19334.156336,usd,mode_b,superasi_bdebase_v1.0.0,grade_config_v1,2026-09-13T13:03:03Z,77f6004823dc43509371df35ae2da858,913 ITI-01,520b4e76a9cc28b0c6569db6ee1d2b69ec97dac331fccf5f85a35ae2b53f260a,06ebb9644a2a3cec47351c00887dac177c54978adde1aa4c271a07d233dd8b72,79c4ae48c45e15f21346022d19dde6aa9329703681a8cd3921524af45d8891c9,913 ITI-01,NBA,NBA,2025-2026,2025-03-18,2026-09-01,"{""date_from"":""2025-03-18"",""date_to"":""2026-09-01"",""game_data"":[""pbp""],""leagues"":[""NBA""],""market_data"":[""candles""],""markets"":[""kalshi""],""seasons"":[""2025-2026""],""sports"":[""NBA""]}",TRADABLE_YES_BID,1_MINUTE_CANDLE,available_at,FIRST_TOUCH,"{""id"":""entry_mtw2zh6b_f4q8g"",""op"":""FIRST_TOUCH"",""ordinal"":""FIRST_TOUCH"",""period"":""Q2"",""price_e4"":6800,""source_vocabulary"":""TOUCH""}",REACH,"{""id"":""exit_mty0bwbw_mvfqe"",""op"":""REACH"",""outcome"":""win"",""price_e4"":9500}",REACH,"{""id"":""exit_mtug1t99_aq1lv"",""op"":""REACH"",""outcome"":""loss"",""price_e4"":4500}",HOLD_TO_SETTLEMENT,c5430eb845ac4cefb3c281ac543b383aad9652b9d0817d0605ab42bca6970657,1.0.0,2026-09-13T06:28:48Z,1.0.0,1.0.0,1.0.0,2026-09-13T06:28:48Z,READY,224,116,108,0.517857,0.482143,2700,2300,1.173913,289.285714,a1bee2f832bba4fbfbee499c6c89c2cf1a011d365a81efc1b5ef04b1ed6b0236,candle_path_not_fill,UNAVAILABLE,UNAVAILABLE,UNAVAILABLE,NOT_COMPUTABLE,UNAVAILABLE
path_bands,MONTE_CARLO,base_decomposition,mode_b_week_20_p25,24921.962545,usd,mode_b,superasi_bdebase_v1.0.0,grade_config_v1,2026-09-13T13:03:03Z,77f6004823dc43509371df35ae2da858,913 ITI-01,520b4e76a9cc28b0c6569db6ee1d2b69ec97dac331fccf5f85a35ae2b53f260a,06ebb9644a2a3cec47351c00887dac177c54978adde1aa4c271a07d233dd8b72,79c4ae48c45e15f21346022d19dde6aa9329703681a8cd3921524af45d8891c9,913 ITI-01,NBA,NBA,2025-2026,2025-03-18,2026-09-01,"{""date_from"":""2025-03-18"",""date_to"":""2026-09-01"",""game_data"":[""pbp""],""leagues"":[""NBA""],""market_data"":[""candles""],""markets"":[""kalshi""],""seasons"":[""2025-2026""],""sports"":[""NBA""]}",TRADABLE_YES_BID,1_MINUTE_CANDLE,available_at,FIRST_TOUCH,"{""id"":""entry_mtw2zh6b_f4q8g"",""op"":""FIRST_TOUCH"",""ordinal"":""FIRST_TOUCH"",""period"":""Q2"",""price_e4"":6800,""source_vocabulary"":""TOUCH""}",REACH,"{""id"":""exit_mty0bwbw_mvfqe"",""op"":""REACH"",""outcome"":""win"",""price_e4"":9500}",REACH,"{""id"":""exit_mtug1t99_aq1lv"",""op"":""REACH"",""outcome"":""loss"",""price_e4"":4500}",HOLD_TO_SETTLEMENT,c5430eb845ac4cefb3c281ac543b383aad9652b9d0817d0605ab42bca6970657,1.0.0,2026-09-13T06:28:48Z,1.0.0,1.0.0,1.0.0,2026-09-13T06:28:48Z,READY,224,116,108,0.517857,0.482143,2700,2300,1.173913,289.285714,a1bee2f832bba4fbfbee499c6c89c2cf1a011d365a81efc1b5ef04b1ed6b0236,candle_path_not_fill,UNAVAILABLE,UNAVAILABLE,UNAVAILABLE,NOT_COMPUTABLE,UNAVAILABLE
path_bands,MONTE_CARLO,base_decomposition,mode_b_week_20_p50,29619.607028,usd,mode_b,superasi_bdebase_v1.0.0,grade_config_v1,2026-09-13T13:03:03Z,77f6004823dc43509371df35ae2da858,913 ITI-01,520b4e76a9cc28b0c6569db6ee1d2b69ec97dac331fccf5f85a35ae2b53f260a,06ebb9644a2a3cec47351c00887dac177c54978adde1aa4c271a07d233dd8b72,79c4ae48c45e15f21346022d19dde6aa9329703681a8cd3921524af45d8891c9,913 ITI-01,NBA,NBA,2025-2026,2025-03-18,2026-09-01,"{""date_from"":""2025-03-18"",""date_to"":""2026-09-01"",""game_data"":[""pbp""],""leagues"":[""NBA""],""market_data"":[""candles""],""markets"":[""kalshi""],""seasons"":[""2025-2026""],""sports"":[""NBA""]}",TRADABLE_YES_BID,1_MINUTE_CANDLE,available_at,FIRST_TOUCH,"{""id"":""entry_mtw2zh6b_f4q8g"",""op"":""FIRST_TOUCH"",""ordinal"":""FIRST_TOUCH"",""period"":""Q2"",""price_e4"":6800,""source_vocabulary"":""TOUCH""}",REACH,"{""id"":""exit_mty0bwbw_mvfqe"",""op"":""REACH"",""outcome"":""win"",""price_e4"":9500}",REACH,"{""id"":""exit_mtug1t99_aq1lv"",""op"":""REACH"",""outcome"":""loss"",""price_e4"":4500}",HOLD_TO_SETTLEMENT,c5430eb845ac4cefb3c281ac543b383aad9652b9d0817d0605ab42bca6970657,1.0.0,2026-09-13T06:28:48Z,1.0.0,1.0.0,1.0.0,2026-09-13T06:28:48Z,READY,224,116,108,0.517857,0.482143,2700,2300,1.173913,289.285714,a1bee2f832bba4fbfbee499c6c89c2cf1a011d365a81efc1b5ef04b1ed6b0236,candle_path_not_fill,UNAVAILABLE,UNAVAILABLE,UNAVAILABLE,NOT_COMPUTABLE,UNAVAILABLE
path_bands,MONTE_CARLO,base_decomposition,mode_b_week_20_p75,34942.611658,usd,mode_b,superasi_bdebase_v1.0.0,grade_config_v1,2026-09-13T13:03:03Z,77f6004823dc43509371df35ae2da858,913 ITI-01,520b4e76a9cc28b0c6569db6ee1d2b69ec97dac331fccf5f85a35ae2b53f260a,06ebb9644a2a3cec47351c00887dac177c54978adde1aa4c271a07d233dd8b72,79c4ae48c45e15f21346022d19dde6aa9329703681a8cd3921524af45d8891c9,913 ITI-01,NBA,NBA,2025-2026,2025-03-18,2026-09-01,"{""date_from"":""2025-03-18"",""date_to"":""2026-09-01"",""game_data"":[""pbp""],""leagues"":[""NBA""],""market_data"":[""candles""],""markets"":[""kalshi""],""seasons"":[""2025-2026""],""sports"":[""NBA""]}",TRADABLE_YES_BID,1_MINUTE_CANDLE,available_at,FIRST_TOUCH,"{""id"":""entry_mtw2zh6b_f4q8g"",""op"":""FIRST_TOUCH"",""ordinal"":""FIRST_TOUCH"",""period"":""Q2"",""price_e4"":6800,""source_vocabulary"":""TOUCH""}",REACH,"{""id"":""exit_mty0bwbw_mvfqe"",""op"":""REACH"",""outcome"":""win"",""price_e4"":9500}",REACH,"{""id"":""exit_mtug1t99_aq1lv"",""op"":""REACH"",""outcome"":""loss"",""price_e4"":4500}",HOLD_TO_SETTLEMENT,c5430eb845ac4cefb3c281ac543b383aad9652b9d0817d0605ab42bca6970657,1.0.0,2026-09-13T06:28:48Z,1.0.0,1.0.0,1.0.0,2026-09-13T06:28:48Z,READY,224,116,108,0.517857,0.482143,2700,2300,1.173913,289.285714,a1bee2f832bba4fbfbee499c6c89c2cf1a011d365a81efc1b5ef04b1ed6b0236,candle_path_not_fill,UNAVAILABLE,UNAVAILABLE,UNAVAILABLE,NOT_COMPUTABLE,UNAVAILABLE
path_bands,MONTE_CARLO,base_decomposition,mode_b_week_20_p95,44712.894954,usd,mode_b,superasi_bdebase_v1.0.0,grade_config_v1,2026-09-13T13:03:03Z,77f6004823dc43509371df35ae2da858,913 ITI-01,520b4e76a9cc28b0c6569db6ee1d2b69ec97dac331fccf5f85a35ae2b53f260a,06ebb9644a2a3cec47351c00887dac177c54978adde1aa4c271a07d233dd8b72,79c4ae48c45e15f21346022d19dde6aa9329703681a8cd3921524af45d8891c9,913 ITI-01,NBA,NBA,2025-2026,2025-03-18,2026-09-01,"{""date_from"":""2025-03-18"",""date_to"":""2026-09-01"",""game_data"":[""pbp""],""leagues"":[""NBA""],""market_data"":[""candles""],""markets"":[""kalshi""],""seasons"":[""2025-2026""],""sports"":[""NBA""]}",TRADABLE_YES_BID,1_MINUTE_CANDLE,available_at,FIRST_TOUCH,"{""id"":""entry_mtw2zh6b_f4q8g"",""op"":""FIRST_TOUCH"",""ordinal"":""FIRST_TOUCH"",""period"":""Q2"",""price_e4"":6800,""source_vocabulary"":""TOUCH""}",REACH,"{""id"":""exit_mty0bwbw_mvfqe"",""op"":""REACH"",""outcome"":""win"",""price_e4"":9500}",REACH,"{""id"":""exit_mtug1t99_aq1lv"",""op"":""REACH"",""outcome"":""loss"",""price_e4"":4500}",HOLD_TO_SETTLEMENT,c5430eb845ac4cefb3c281ac543b383aad9652b9d0817d0605ab42bca6970657,1.0.0,2026-09-13T06:28:48Z,1.0.0,1.0.0,1.0.0,2026-09-13T06:28:48Z,READY,224,116,108,0.517857,0.482143,2700,2300,1.173913,289.285714,a1bee2f832bba4fbfbee499c6c89c2cf1a011d365a81efc1b5ef04b1ed6b0236,candle_path_not_fill,UNAVAILABLE,UNAVAILABLE,UNAVAILABLE,NOT_COMPUTABLE,UNAVAILABLE
risk_profile,MONTE_CARLO,base_decomposition,weekly_bootstrap_status,MONTE_CARLO,,weekly_bootstrap,superasi_bdebase_v1.0.0,grade_config_v1,2026-09-13T13:03:03Z,77f6004823dc43509371df35ae2da858,913 ITI-01,520b4e76a9cc28b0c6569db6ee1d2b69ec97dac331fccf5f85a35ae2b53f260a,06ebb9644a2a3cec47351c00887dac177c54978adde1aa4c271a07d233dd8b72,79c4ae48c45e15f21346022d19dde6aa9329703681a8cd3921524af45d8891c9,913 ITI-01,NBA,NBA,2025-2026,2025-03-18,2026-09-01,"{""date_from"":""2025-03-18"",""date_to"":""2026-09-01"",""game_data"":[""pbp""],""leagues"":[""NBA""],""market_data"":[""candles""],""markets"":[""kalshi""],""seasons"":[""2025-2026""],""sports"":[""NBA""]}",TRADABLE_YES_BID,1_MINUTE_CANDLE,available_at,FIRST_TOUCH,"{""id"":""entry_mtw2zh6b_f4q8g"",""op"":""FIRST_TOUCH"",""ordinal"":""FIRST_TOUCH"",""period"":""Q2"",""price_e4"":6800,""source_vocabulary"":""TOUCH""}",REACH,"{""id"":""exit_mty0bwbw_mvfqe"",""op"":""REACH"",""outcome"":""win"",""price_e4"":9500}",REACH,"{""id"":""exit_mtug1t99_aq1lv"",""op"":""REACH"",""outcome"":""loss"",""price_e4"":4500}",HOLD_TO_SETTLEMENT,c5430eb845ac4cefb3c281ac543b383aad9652b9d0817d0605ab42bca6970657,1.0.0,2026-09-13T06:28:48Z,1.0.0,1.0.0,1.0.0,2026-09-13T06:28:48Z,READY,224,116,108,0.517857,0.482143,2700,2300,1.173913,289.285714,a1bee2f832bba4fbfbee499c6c89c2cf1a011d365a81efc1b5ef04b1ed6b0236,candle_path_not_fill,UNAVAILABLE,UNAVAILABLE,UNAVAILABLE,NOT_COMPUTABLE,UNAVAILABLE
risk_profile,MONTE_CARLO,base_decomposition,weekly_bootstrap_mean_terminal_bankroll,26918.753895,,weekly_bootstrap,superasi_bdebase_v1.0.0,grade_config_v1,2026-09-13T13:03:03Z,77f6004823dc43509371df35ae2da858,913 ITI-01,520b4e76a9cc28b0c6569db6ee1d2b69ec97dac331fccf5f85a35ae2b53f260a,06ebb9644a2a3cec47351c00887dac177c54978adde1aa4c271a07d233dd8b72,79c4ae48c45e15f21346022d19dde6aa9329703681a8cd3921524af45d8891c9,913 ITI-01,NBA,NBA,2025-2026,2025-03-18,2026-09-01,"{""date_from"":""2025-03-18"",""date_to"":""2026-09-01"",""game_data"":[""pbp""],""leagues"":[""NBA""],""market_data"":[""candles""],""markets"":[""kalshi""],""seasons"":[""2025-2026""],""sports"":[""NBA""]}",TRADABLE_YES_BID,1_MINUTE_CANDLE,available_at,FIRST_TOUCH,"{""id"":""entry_mtw2zh6b_f4q8g"",""op"":""FIRST_TOUCH"",""ordinal"":""FIRST_TOUCH"",""period"":""Q2"",""price_e4"":6800,""source_vocabulary"":""TOUCH""}",REACH,"{""id"":""exit_mty0bwbw_mvfqe"",""op"":""REACH"",""outcome"":""win"",""price_e4"":9500}",REACH,"{""id"":""exit_mtug1t99_aq1lv"",""op"":""REACH"",""outcome"":""loss"",""price_e4"":4500}",HOLD_TO_SETTLEMENT,c5430eb845ac4cefb3c281ac543b383aad9652b9d0817d0605ab42bca6970657,1.0.0,2026-09-13T06:28:48Z,1.0.0,1.0.0,1.0.0,2026-09-13T06:28:48Z,READY,224,116,108,0.517857,0.482143,2700,2300,1.173913,289.285714,a1bee2f832bba4fbfbee499c6c89c2cf1a011d365a81efc1b5ef04b1ed6b0236,candle_path_not_fill,UNAVAILABLE,UNAVAILABLE,UNAVAILABLE,NOT_COMPUTABLE,UNAVAILABLE
risk_profile,MONTE_CARLO,base_decomposition,weekly_bootstrap_median_terminal_bankroll,26078.256728,,weekly_bootstrap,superasi_bdebase_v1.0.0,grade_config_v1,2026-09-13T13:03:03Z,77f6004823dc43509371df35ae2da858,913 ITI-01,520b4e76a9cc28b0c6569db6ee1d2b69ec97dac331fccf5f85a35ae2b53f260a,06ebb9644a2a3cec47351c00887dac177c54978adde1aa4c271a07d233dd8b72,79c4ae48c45e15f21346022d19dde6aa9329703681a8cd3921524af45d8891c9,913 ITI-01,NBA,NBA,2025-2026,2025-03-18,2026-09-01,"{""date_from"":""2025-03-18"",""date_to"":""2026-09-01"",""game_data"":[""pbp""],""leagues"":[""NBA""],""market_data"":[""candles""],""markets"":[""kalshi""],""seasons"":[""2025-2026""],""sports"":[""NBA""]}",TRADABLE_YES_BID,1_MINUTE_CANDLE,available_at,FIRST_TOUCH,"{""id"":""entry_mtw2zh6b_f4q8g"",""op"":""FIRST_TOUCH"",""ordinal"":""FIRST_TOUCH"",""period"":""Q2"",""price_e4"":6800,""source_vocabulary"":""TOUCH""}",REACH,"{""id"":""exit_mty0bwbw_mvfqe"",""op"":""REACH"",""outcome"":""win"",""price_e4"":9500}",REACH,"{""id"":""exit_mtug1t99_aq1lv"",""op"":""REACH"",""outcome"":""loss"",""price_e4"":4500}",HOLD_TO_SETTLEMENT,c5430eb845ac4cefb3c281ac543b383aad9652b9d0817d0605ab42bca6970657,1.0.0,2026-09-13T06:28:48Z,1.0.0,1.0.0,1.0.0,2026-09-13T06:28:48Z,READY,224,116,108,0.517857,0.482143,2700,2300,1.173913,289.285714,a1bee2f832bba4fbfbee499c6c89c2cf1a011d365a81efc1b5ef04b1ed6b0236,candle_path_not_fill,UNAVAILABLE,UNAVAILABLE,UNAVAILABLE,NOT_COMPUTABLE,UNAVAILABLE
risk_profile,MONTE_CARLO,base_decomposition,weekly_bootstrap_mean_return,0.345938,,weekly_bootstrap,superasi_bdebase_v1.0.0,grade_config_v1,2026-09-13T13:03:03Z,77f6004823dc43509371df35ae2da858,913 ITI-01,520b4e76a9cc28b0c6569db6ee1d2b69ec97dac331fccf5f85a35ae2b53f260a,06ebb9644a2a3cec47351c00887dac177c54978adde1aa4c271a07d233dd8b72,79c4ae48c45e15f21346022d19dde6aa9329703681a8cd3921524af45d8891c9,913 ITI-01,NBA,NBA,2025-2026,2025-03-18,2026-09-01,"{""date_from"":""2025-03-18"",""date_to"":""2026-09-01"",""game_data"":[""pbp""],""leagues"":[""NBA""],""market_data"":[""candles""],""markets"":[""kalshi""],""seasons"":[""2025-2026""],""sports"":[""NBA""]}",TRADABLE_YES_BID,1_MINUTE_CANDLE,available_at,FIRST_TOUCH,"{""id"":""entry_mtw2zh6b_f4q8g"",""op"":""FIRST_TOUCH"",""ordinal"":""FIRST_TOUCH"",""period"":""Q2"",""price_e4"":6800,""source_vocabulary"":""TOUCH""}",REACH,"{""id"":""exit_mty0bwbw_mvfqe"",""op"":""REACH"",""outcome"":""win"",""price_e4"":9500}",REACH,"{""id"":""exit_mtug1t99_aq1lv"",""op"":""REACH"",""outcome"":""loss"",""price_e4"":4500}",HOLD_TO_SETTLEMENT,c5430eb845ac4cefb3c281ac543b383aad9652b9d0817d0605ab42bca6970657,1.0.0,2026-09-13T06:28:48Z,1.0.0,1.0.0,1.0.0,2026-09-13T06:28:48Z,READY,224,116,108,0.517857,0.482143,2700,2300,1.173913,289.285714,a1bee2f832bba4fbfbee499c6c89c2cf1a011d365a81efc1b5ef04b1ed6b0236,candle_path_not_fill,UNAVAILABLE,UNAVAILABLE,UNAVAILABLE,NOT_COMPUTABLE,UNAVAILABLE
risk_profile,MONTE_CARLO,base_decomposition,weekly_bootstrap_P_min_bankroll_le_floor,0.018290,,weekly_bootstrap,superasi_bdebase_v1.0.0,grade_config_v1,2026-09-13T13:03:03Z,77f6004823dc43509371df35ae2da858,913 ITI-01,520b4e76a9cc28b0c6569db6ee1d2b69ec97dac331fccf5f85a35ae2b53f260a,06ebb9644a2a3cec47351c00887dac177c54978adde1aa4c271a07d233dd8b72,79c4ae48c45e15f21346022d19dde6aa9329703681a8cd3921524af45d8891c9,913 ITI-01,NBA,NBA,2025-2026,2025-03-18,2026-09-01,"{""date_from"":""2025-03-18"",""date_to"":""2026-09-01"",""game_data"":[""pbp""],""leagues"":[""NBA""],""market_data"":[""candles""],""markets"":[""kalshi""],""seasons"":[""2025-2026""],""sports"":[""NBA""]}",TRADABLE_YES_BID,1_MINUTE_CANDLE,available_at,FIRST_TOUCH,"{""id"":""entry_mtw2zh6b_f4q8g"",""op"":""FIRST_TOUCH"",""ordinal"":""FIRST_TOUCH"",""period"":""Q2"",""price_e4"":6800,""source_vocabulary"":""TOUCH""}",REACH,"{""id"":""exit_mty0bwbw_mvfqe"",""op"":""REACH"",""outcome"":""win"",""price_e4"":9500}",REACH,"{""id"":""exit_mtug1t99_aq1lv"",""op"":""REACH"",""outcome"":""loss"",""price_e4"":4500}",HOLD_TO_SETTLEMENT,c5430eb845ac4cefb3c281ac543b383aad9652b9d0817d0605ab42bca6970657,1.0.0,2026-09-13T06:28:48Z,1.0.0,1.0.0,1.0.0,2026-09-13T06:28:48Z,READY,224,116,108,0.517857,0.482143,2700,2300,1.173913,289.285714,a1bee2f832bba4fbfbee499c6c89c2cf1a011d365a81efc1b5ef04b1ed6b0236,candle_path_not_fill,UNAVAILABLE,UNAVAILABLE,UNAVAILABLE,NOT_COMPUTABLE,UNAVAILABLE
risk_profile,MONTE_CARLO,base_decomposition,weekly_bootstrap_P_final_ge_target,0.278910,,weekly_bootstrap,superasi_bdebase_v1.0.0,grade_config_v1,2026-09-13T13:03:03Z,77f6004823dc43509371df35ae2da858,913 ITI-01,520b4e76a9cc28b0c6569db6ee1d2b69ec97dac331fccf5f85a35ae2b53f260a,06ebb9644a2a3cec47351c00887dac177c54978adde1aa4c271a07d233dd8b72,79c4ae48c45e15f21346022d19dde6aa9329703681a8cd3921524af45d8891c9,913 ITI-01,NBA,NBA,2025-2026,2025-03-18,2026-09-01,"{""date_from"":""2025-03-18"",""date_to"":""2026-09-01"",""game_data"":[""pbp""],""leagues"":[""NBA""],""market_data"":[""candles""],""markets"":[""kalshi""],""seasons"":[""2025-2026""],""sports"":[""NBA""]}",TRADABLE_YES_BID,1_MINUTE_CANDLE,available_at,FIRST_TOUCH,"{""id"":""entry_mtw2zh6b_f4q8g"",""op"":""FIRST_TOUCH"",""ordinal"":""FIRST_TOUCH"",""period"":""Q2"",""price_e4"":6800,""source_vocabulary"":""TOUCH""}",REACH,"{""id"":""exit_mty0bwbw_mvfqe"",""op"":""REACH"",""outcome"":""win"",""price_e4"":9500}",REACH,"{""id"":""exit_mtug1t99_aq1lv"",""op"":""REACH"",""outcome"":""loss"",""price_e4"":4500}",HOLD_TO_SETTLEMENT,c5430eb845ac4cefb3c281ac543b383aad9652b9d0817d0605ab42bca6970657,1.0.0,2026-09-13T06:28:48Z,1.0.0,1.0.0,1.0.0,2026-09-13T06:28:48Z,READY,224,116,108,0.517857,0.482143,2700,2300,1.173913,289.285714,a1bee2f832bba4fbfbee499c6c89c2cf1a011d365a81efc1b5ef04b1ed6b0236,candle_path_not_fill,UNAVAILABLE,UNAVAILABLE,UNAVAILABLE,NOT_COMPUTABLE,UNAVAILABLE
risk_profile,MONTE_CARLO,base_decomposition,weekly_bootstrap_P_return_lt_0,0.124820,,weekly_bootstrap,superasi_bdebase_v1.0.0,grade_config_v1,2026-09-13T13:03:03Z,77f6004823dc43509371df35ae2da858,913 ITI-01,520b4e76a9cc28b0c6569db6ee1d2b69ec97dac331fccf5f85a35ae2b53f260a,06ebb9644a2a3cec47351c00887dac177c54978adde1aa4c271a07d233dd8b72,79c4ae48c45e15f21346022d19dde6aa9329703681a8cd3921524af45d8891c9,913 ITI-01,NBA,NBA,2025-2026,2025-03-18,2026-09-01,"{""date_from"":""2025-03-18"",""date_to"":""2026-09-01"",""game_data"":[""pbp""],""leagues"":[""NBA""],""market_data"":[""candles""],""markets"":[""kalshi""],""seasons"":[""2025-2026""],""sports"":[""NBA""]}",TRADABLE_YES_BID,1_MINUTE_CANDLE,available_at,FIRST_TOUCH,"{""id"":""entry_mtw2zh6b_f4q8g"",""op"":""FIRST_TOUCH"",""ordinal"":""FIRST_TOUCH"",""period"":""Q2"",""price_e4"":6800,""source_vocabulary"":""TOUCH""}",REACH,"{""id"":""exit_mty0bwbw_mvfqe"",""op"":""REACH"",""outcome"":""win"",""price_e4"":9500}",REACH,"{""id"":""exit_mtug1t99_aq1lv"",""op"":""REACH"",""outcome"":""loss"",""price_e4"":4500}",HOLD_TO_SETTLEMENT,c5430eb845ac4cefb3c281ac543b383aad9652b9d0817d0605ab42bca6970657,1.0.0,2026-09-13T06:28:48Z,1.0.0,1.0.0,1.0.0,2026-09-13T06:28:48Z,READY,224,116,108,0.517857,0.482143,2700,2300,1.173913,289.285714,a1bee2f832bba4fbfbee499c6c89c2cf1a011d365a81efc1b5ef04b1ed6b0236,candle_path_not_fill,UNAVAILABLE,UNAVAILABLE,UNAVAILABLE,NOT_COMPUTABLE,UNAVAILABLE
sensitivity,THEORETICAL,base_decomposition,p_0.6_trade_ev,0.005147,fraction,p_grid,superasi_bdebase_v1.0.0,grade_config_v1,2026-09-13T13:03:03Z,77f6004823dc43509371df35ae2da858,913 ITI-01,520b4e76a9cc28b0c6569db6ee1d2b69ec97dac331fccf5f85a35ae2b53f260a,06ebb9644a2a3cec47351c00887dac177c54978adde1aa4c271a07d233dd8b72,79c4ae48c45e15f21346022d19dde6aa9329703681a8cd3921524af45d8891c9,913 ITI-01,NBA,NBA,2025-2026,2025-03-18,2026-09-01,"{""date_from"":""2025-03-18"",""date_to"":""2026-09-01"",""game_data"":[""pbp""],""leagues"":[""NBA""],""market_data"":[""candles""],""markets"":[""kalshi""],""seasons"":[""2025-2026""],""sports"":[""NBA""]}",TRADABLE_YES_BID,1_MINUTE_CANDLE,available_at,FIRST_TOUCH,"{""id"":""entry_mtw2zh6b_f4q8g"",""op"":""FIRST_TOUCH"",""ordinal"":""FIRST_TOUCH"",""period"":""Q2"",""price_e4"":6800,""source_vocabulary"":""TOUCH""}",REACH,"{""id"":""exit_mty0bwbw_mvfqe"",""op"":""REACH"",""outcome"":""win"",""price_e4"":9500}",REACH,"{""id"":""exit_mtug1t99_aq1lv"",""op"":""REACH"",""outcome"":""loss"",""price_e4"":4500}",HOLD_TO_SETTLEMENT,c5430eb845ac4cefb3c281ac543b383aad9652b9d0817d0605ab42bca6970657,1.0.0,2026-09-13T06:28:48Z,1.0.0,1.0.0,1.0.0,2026-09-13T06:28:48Z,READY,224,116,108,0.517857,0.482143,2700,2300,1.173913,289.285714,a1bee2f832bba4fbfbee499c6c89c2cf1a011d365a81efc1b5ef04b1ed6b0236,candle_path_not_fill,UNAVAILABLE,UNAVAILABLE,UNAVAILABLE,NOT_COMPUTABLE,UNAVAILABLE
sensitivity,THEORETICAL,base_decomposition,p_0.6_weekly_ev,0.051471,fraction,p_grid,superasi_bdebase_v1.0.0,grade_config_v1,2026-09-13T13:03:03Z,77f6004823dc43509371df35ae2da858,913 ITI-01,520b4e76a9cc28b0c6569db6ee1d2b69ec97dac331fccf5f85a35ae2b53f260a,06ebb9644a2a3cec47351c00887dac177c54978adde1aa4c271a07d233dd8b72,79c4ae48c45e15f21346022d19dde6aa9329703681a8cd3921524af45d8891c9,913 ITI-01,NBA,NBA,2025-2026,2025-03-18,2026-09-01,"{""date_from"":""2025-03-18"",""date_to"":""2026-09-01"",""game_data"":[""pbp""],""leagues"":[""NBA""],""market_data"":[""candles""],""markets"":[""kalshi""],""seasons"":[""2025-2026""],""sports"":[""NBA""]}",TRADABLE_YES_BID,1_MINUTE_CANDLE,available_at,FIRST_TOUCH,"{""id"":""entry_mtw2zh6b_f4q8g"",""op"":""FIRST_TOUCH"",""ordinal"":""FIRST_TOUCH"",""period"":""Q2"",""price_e4"":6800,""source_vocabulary"":""TOUCH""}",REACH,"{""id"":""exit_mty0bwbw_mvfqe"",""op"":""REACH"",""outcome"":""win"",""price_e4"":9500}",REACH,"{""id"":""exit_mtug1t99_aq1lv"",""op"":""REACH"",""outcome"":""loss"",""price_e4"":4500}",HOLD_TO_SETTLEMENT,c5430eb845ac4cefb3c281ac543b383aad9652b9d0817d0605ab42bca6970657,1.0.0,2026-09-13T06:28:48Z,1.0.0,1.0.0,1.0.0,2026-09-13T06:28:48Z,READY,224,116,108,0.517857,0.482143,2700,2300,1.173913,289.285714,a1bee2f832bba4fbfbee499c6c89c2cf1a011d365a81efc1b5ef04b1ed6b0236,candle_path_not_fill,UNAVAILABLE,UNAVAILABLE,UNAVAILABLE,NOT_COMPUTABLE,UNAVAILABLE
sensitivity,MONTE_CARLO,base_decomposition,p_0.6_expected_20_week,1.727626,fraction,p_grid,superasi_bdebase_v1.0.0,grade_config_v1,2026-09-13T13:03:03Z,77f6004823dc43509371df35ae2da858,913 ITI-01,520b4e76a9cc28b0c6569db6ee1d2b69ec97dac331fccf5f85a35ae2b53f260a,06ebb9644a2a3cec47351c00887dac177c54978adde1aa4c271a07d233dd8b72,79c4ae48c45e15f21346022d19dde6aa9329703681a8cd3921524af45d8891c9,913 ITI-01,NBA,NBA,2025-2026,2025-03-18,2026-09-01,"{""date_from"":""2025-03-18"",""date_to"":""2026-09-01"",""game_data"":[""pbp""],""leagues"":[""NBA""],""market_data"":[""candles""],""markets"":[""kalshi""],""seasons"":[""2025-2026""],""sports"":[""NBA""]}",TRADABLE_YES_BID,1_MINUTE_CANDLE,available_at,FIRST_TOUCH,"{""id"":""entry_mtw2zh6b_f4q8g"",""op"":""FIRST_TOUCH"",""ordinal"":""FIRST_TOUCH"",""period"":""Q2"",""price_e4"":6800,""source_vocabulary"":""TOUCH""}",REACH,"{""id"":""exit_mty0bwbw_mvfqe"",""op"":""REACH"",""outcome"":""win"",""price_e4"":9500}",REACH,"{""id"":""exit_mtug1t99_aq1lv"",""op"":""REACH"",""outcome"":""loss"",""price_e4"":4500}",HOLD_TO_SETTLEMENT,c5430eb845ac4cefb3c281ac543b383aad9652b9d0817d0605ab42bca6970657,1.0.0,2026-09-13T06:28:48Z,1.0.0,1.0.0,1.0.0,2026-09-13T06:28:48Z,READY,224,116,108,0.517857,0.482143,2700,2300,1.173913,289.285714,a1bee2f832bba4fbfbee499c6c89c2cf1a011d365a81efc1b5ef04b1ed6b0236,candle_path_not_fill,UNAVAILABLE,UNAVAILABLE,UNAVAILABLE,NOT_COMPUTABLE,UNAVAILABLE
sensitivity,MONTE_CARLO,base_decomposition,p_0.6_P_floor,0.000050,fraction,p_grid,superasi_bdebase_v1.0.0,grade_config_v1,2026-09-13T13:03:03Z,77f6004823dc43509371df35ae2da858,913 ITI-01,520b4e76a9cc28b0c6569db6ee1d2b69ec97dac331fccf5f85a35ae2b53f260a,06ebb9644a2a3cec47351c00887dac177c54978adde1aa4c271a07d233dd8b72,79c4ae48c45e15f21346022d19dde6aa9329703681a8cd3921524af45d8891c9,913 ITI-01,NBA,NBA,2025-2026,2025-03-18,2026-09-01,"{""date_from"":""2025-03-18"",""date_to"":""2026-09-01"",""game_data"":[""pbp""],""leagues"":[""NBA""],""market_data"":[""candles""],""markets"":[""kalshi""],""seasons"":[""2025-2026""],""sports"":[""NBA""]}",TRADABLE_YES_BID,1_MINUTE_CANDLE,available_at,FIRST_TOUCH,"{""id"":""entry_mtw2zh6b_f4q8g"",""op"":""FIRST_TOUCH"",""ordinal"":""FIRST_TOUCH"",""period"":""Q2"",""price_e4"":6800,""source_vocabulary"":""TOUCH""}",REACH,"{""id"":""exit_mty0bwbw_mvfqe"",""op"":""REACH"",""outcome"":""win"",""price_e4"":9500}",REACH,"{""id"":""exit_mtug1t99_aq1lv"",""op"":""REACH"",""outcome"":""loss"",""price_e4"":4500}",HOLD_TO_SETTLEMENT,c5430eb845ac4cefb3c281ac543b383aad9652b9d0817d0605ab42bca6970657,1.0.0,2026-09-13T06:28:48Z,1.0.0,1.0.0,1.0.0,2026-09-13T06:28:48Z,READY,224,116,108,0.517857,0.482143,2700,2300,1.173913,289.285714,a1bee2f832bba4fbfbee499c6c89c2cf1a011d365a81efc1b5ef04b1ed6b0236,candle_path_not_fill,UNAVAILABLE,UNAVAILABLE,UNAVAILABLE,NOT_COMPUTABLE,UNAVAILABLE
sensitivity,MONTE_CARLO,base_decomposition,p_0.6_P_target,0.988560,fraction,p_grid,superasi_bdebase_v1.0.0,grade_config_v1,2026-09-13T13:03:03Z,77f6004823dc43509371df35ae2da858,913 ITI-01,520b4e76a9cc28b0c6569db6ee1d2b69ec97dac331fccf5f85a35ae2b53f260a,06ebb9644a2a3cec47351c00887dac177c54978adde1aa4c271a07d233dd8b72,79c4ae48c45e15f21346022d19dde6aa9329703681a8cd3921524af45d8891c9,913 ITI-01,NBA,NBA,2025-2026,2025-03-18,2026-09-01,"{""date_from"":""2025-03-18"",""date_to"":""2026-09-01"",""game_data"":[""pbp""],""leagues"":[""NBA""],""market_data"":[""candles""],""markets"":[""kalshi""],""seasons"":[""2025-2026""],""sports"":[""NBA""]}",TRADABLE_YES_BID,1_MINUTE_CANDLE,available_at,FIRST_TOUCH,"{""id"":""entry_mtw2zh6b_f4q8g"",""op"":""FIRST_TOUCH"",""ordinal"":""FIRST_TOUCH"",""period"":""Q2"",""price_e4"":6800,""source_vocabulary"":""TOUCH""}",REACH,"{""id"":""exit_mty0bwbw_mvfqe"",""op"":""REACH"",""outcome"":""win"",""price_e4"":9500}",REACH,"{""id"":""exit_mtug1t99_aq1lv"",""op"":""REACH"",""outcome"":""loss"",""price_e4"":4500}",HOLD_TO_SETTLEMENT,c5430eb845ac4cefb3c281ac543b383aad9652b9d0817d0605ab42bca6970657,1.0.0,2026-09-13T06:28:48Z,1.0.0,1.0.0,1.0.0,2026-09-13T06:28:48Z,READY,224,116,108,0.517857,0.482143,2700,2300,1.173913,289.285714,a1bee2f832bba4fbfbee499c6c89c2cf1a011d365a81efc1b5ef04b1ed6b0236,candle_path_not_fill,UNAVAILABLE,UNAVAILABLE,UNAVAILABLE,NOT_COMPUTABLE,UNAVAILABLE
sensitivity,MONTE_CARLO,base_decomposition,p_0.6_median_terminal,53144.185679,usd,p_grid,superasi_bdebase_v1.0.0,grade_config_v1,2026-09-13T13:03:03Z,77f6004823dc43509371df35ae2da858,913 ITI-01,520b4e76a9cc28b0c6569db6ee1d2b69ec97dac331fccf5f85a35ae2b53f260a,06ebb9644a2a3cec47351c00887dac177c54978adde1aa4c271a07d233dd8b72,79c4ae48c45e15f21346022d19dde6aa9329703681a8cd3921524af45d8891c9,913 ITI-01,NBA,NBA,2025-2026,2025-03-18,2026-09-01,"{""date_from"":""2025-03-18"",""date_to"":""2026-09-01"",""game_data"":[""pbp""],""leagues"":[""NBA""],""market_data"":[""candles""],""markets"":[""kalshi""],""seasons"":[""2025-2026""],""sports"":[""NBA""]}",TRADABLE_YES_BID,1_MINUTE_CANDLE,available_at,FIRST_TOUCH,"{""id"":""entry_mtw2zh6b_f4q8g"",""op"":""FIRST_TOUCH"",""ordinal"":""FIRST_TOUCH"",""period"":""Q2"",""price_e4"":6800,""source_vocabulary"":""TOUCH""}",REACH,"{""id"":""exit_mty0bwbw_mvfqe"",""op"":""REACH"",""outcome"":""win"",""price_e4"":9500}",REACH,"{""id"":""exit_mtug1t99_aq1lv"",""op"":""REACH"",""outcome"":""loss"",""price_e4"":4500}",HOLD_TO_SETTLEMENT,c5430eb845ac4cefb3c281ac543b383aad9652b9d0817d0605ab42bca6970657,1.0.0,2026-09-13T06:28:48Z,1.0.0,1.0.0,1.0.0,2026-09-13T06:28:48Z,READY,224,116,108,0.517857,0.482143,2700,2300,1.173913,289.285714,a1bee2f832bba4fbfbee499c6c89c2cf1a011d365a81efc1b5ef04b1ed6b0236,candle_path_not_fill,UNAVAILABLE,UNAVAILABLE,UNAVAILABLE,NOT_COMPUTABLE,UNAVAILABLE
sensitivity,THEORETICAL,base_decomposition,p_0.625_trade_ev,0.006066,fraction,p_grid,superasi_bdebase_v1.0.0,grade_config_v1,2026-09-13T13:03:03Z,77f6004823dc43509371df35ae2da858,913 ITI-01,520b4e76a9cc28b0c6569db6ee1d2b69ec97dac331fccf5f85a35ae2b53f260a,06ebb9644a2a3cec47351c00887dac177c54978adde1aa4c271a07d233dd8b72,79c4ae48c45e15f21346022d19dde6aa9329703681a8cd3921524af45d8891c9,913 ITI-01,NBA,NBA,2025-2026,2025-03-18,2026-09-01,"{""date_from"":""2025-03-18"",""date_to"":""2026-09-01"",""game_data"":[""pbp""],""leagues"":[""NBA""],""market_data"":[""candles""],""markets"":[""kalshi""],""seasons"":[""2025-2026""],""sports"":[""NBA""]}",TRADABLE_YES_BID,1_MINUTE_CANDLE,available_at,FIRST_TOUCH,"{""id"":""entry_mtw2zh6b_f4q8g"",""op"":""FIRST_TOUCH"",""ordinal"":""FIRST_TOUCH"",""period"":""Q2"",""price_e4"":6800,""source_vocabulary"":""TOUCH""}",REACH,"{""id"":""exit_mty0bwbw_mvfqe"",""op"":""REACH"",""outcome"":""win"",""price_e4"":9500}",REACH,"{""id"":""exit_mtug1t99_aq1lv"",""op"":""REACH"",""outcome"":""loss"",""price_e4"":4500}",HOLD_TO_SETTLEMENT,c5430eb845ac4cefb3c281ac543b383aad9652b9d0817d0605ab42bca6970657,1.0.0,2026-09-13T06:28:48Z,1.0.0,1.0.0,1.0.0,2026-09-13T06:28:48Z,READY,224,116,108,0.517857,0.482143,2700,2300,1.173913,289.285714,a1bee2f832bba4fbfbee499c6c89c2cf1a011d365a81efc1b5ef04b1ed6b0236,candle_path_not_fill,UNAVAILABLE,UNAVAILABLE,UNAVAILABLE,NOT_COMPUTABLE,UNAVAILABLE
sensitivity,THEORETICAL,base_decomposition,p_0.625_weekly_ev,0.060662,fraction,p_grid,superasi_bdebase_v1.0.0,grade_config_v1,2026-09-13T13:03:03Z,77f6004823dc43509371df35ae2da858,913 ITI-01,520b4e76a9cc28b0c6569db6ee1d2b69ec97dac331fccf5f85a35ae2b53f260a,06ebb9644a2a3cec47351c00887dac177c54978adde1aa4c271a07d233dd8b72,79c4ae48c45e15f21346022d19dde6aa9329703681a8cd3921524af45d8891c9,913 ITI-01,NBA,NBA,2025-2026,2025-03-18,2026-09-01,"{""date_from"":""2025-03-18"",""date_to"":""2026-09-01"",""game_data"":[""pbp""],""leagues"":[""NBA""],""market_data"":[""candles""],""markets"":[""kalshi""],""seasons"":[""2025-2026""],""sports"":[""NBA""]}",TRADABLE_YES_BID,1_MINUTE_CANDLE,available_at,FIRST_TOUCH,"{""id"":""entry_mtw2zh6b_f4q8g"",""op"":""FIRST_TOUCH"",""ordinal"":""FIRST_TOUCH"",""period"":""Q2"",""price_e4"":6800,""source_vocabulary"":""TOUCH""}",REACH,"{""id"":""exit_mty0bwbw_mvfqe"",""op"":""REACH"",""outcome"":""win"",""price_e4"":9500}",REACH,"{""id"":""exit_mtug1t99_aq1lv"",""op"":""REACH"",""outcome"":""loss"",""price_e4"":4500}",HOLD_TO_SETTLEMENT,c5430eb845ac4cefb3c281ac543b383aad9652b9d0817d0605ab42bca6970657,1.0.0,2026-09-13T06:28:48Z,1.0.0,1.0.0,1.0.0,2026-09-13T06:28:48Z,READY,224,116,108,0.517857,0.482143,2700,2300,1.173913,289.285714,a1bee2f832bba4fbfbee499c6c89c2cf1a011d365a81efc1b5ef04b1ed6b0236,candle_path_not_fill,UNAVAILABLE,UNAVAILABLE,UNAVAILABLE,NOT_COMPUTABLE,UNAVAILABLE
sensitivity,MONTE_CARLO,base_decomposition,p_0.625_expected_20_week,2.247881,fraction,p_grid,superasi_bdebase_v1.0.0,grade_config_v1,2026-09-13T13:03:03Z,77f6004823dc43509371df35ae2da858,913 ITI-01,520b4e76a9cc28b0c6569db6ee1d2b69ec97dac331fccf5f85a35ae2b53f260a,06ebb9644a2a3cec47351c00887dac177c54978adde1aa4c271a07d233dd8b72,79c4ae48c45e15f21346022d19dde6aa9329703681a8cd3921524af45d8891c9,913 ITI-01,NBA,NBA,2025-2026,2025-03-18,2026-09-01,"{""date_from"":""2025-03-18"",""date_to"":""2026-09-01"",""game_data"":[""pbp""],""leagues"":[""NBA""],""market_data"":[""candles""],""markets"":[""kalshi""],""seasons"":[""2025-2026""],""sports"":[""NBA""]}",TRADABLE_YES_BID,1_MINUTE_CANDLE,available_at,FIRST_TOUCH,"{""id"":""entry_mtw2zh6b_f4q8g"",""op"":""FIRST_TOUCH"",""ordinal"":""FIRST_TOUCH"",""period"":""Q2"",""price_e4"":6800,""source_vocabulary"":""TOUCH""}",REACH,"{""id"":""exit_mty0bwbw_mvfqe"",""op"":""REACH"",""outcome"":""win"",""price_e4"":9500}",REACH,"{""id"":""exit_mtug1t99_aq1lv"",""op"":""REACH"",""outcome"":""loss"",""price_e4"":4500}",HOLD_TO_SETTLEMENT,c5430eb845ac4cefb3c281ac543b383aad9652b9d0817d0605ab42bca6970657,1.0.0,2026-09-13T06:28:48Z,1.0.0,1.0.0,1.0.0,2026-09-13T06:28:48Z,READY,224,116,108,0.517857,0.482143,2700,2300,1.173913,289.285714,a1bee2f832bba4fbfbee499c6c89c2cf1a011d365a81efc1b5ef04b1ed6b0236,candle_path_not_fill,UNAVAILABLE,UNAVAILABLE,UNAVAILABLE,NOT_COMPUTABLE,UNAVAILABLE
sensitivity,MONTE_CARLO,base_decomposition,p_0.625_P_floor,0.000000,fraction,p_grid,superasi_bdebase_v1.0.0,grade_config_v1,2026-09-13T13:03:03Z,77f6004823dc43509371df35ae2da858,913 ITI-01,520b4e76a9cc28b0c6569db6ee1d2b69ec97dac331fccf5f85a35ae2b53f260a,06ebb9644a2a3cec47351c00887dac177c54978adde1aa4c271a07d233dd8b72,79c4ae48c45e15f21346022d19dde6aa9329703681a8cd3921524af45d8891c9,913 ITI-01,NBA,NBA,2025-2026,2025-03-18,2026-09-01,"{""date_from"":""2025-03-18"",""date_to"":""2026-09-01"",""game_data"":[""pbp""],""leagues"":[""NBA""],""market_data"":[""candles""],""markets"":[""kalshi""],""seasons"":[""2025-2026""],""sports"":[""NBA""]}",TRADABLE_YES_BID,1_MINUTE_CANDLE,available_at,FIRST_TOUCH,"{""id"":""entry_mtw2zh6b_f4q8g"",""op"":""FIRST_TOUCH"",""ordinal"":""FIRST_TOUCH"",""period"":""Q2"",""price_e4"":6800,""source_vocabulary"":""TOUCH""}",REACH,"{""id"":""exit_mty0bwbw_mvfqe"",""op"":""REACH"",""outcome"":""win"",""price_e4"":9500}",REACH,"{""id"":""exit_mtug1t99_aq1lv"",""op"":""REACH"",""outcome"":""loss"",""price_e4"":4500}",HOLD_TO_SETTLEMENT,c5430eb845ac4cefb3c281ac543b383aad9652b9d0817d0605ab42bca6970657,1.0.0,2026-09-13T06:28:48Z,1.0.0,1.0.0,1.0.0,2026-09-13T06:28:48Z,READY,224,116,108,0.517857,0.482143,2700,2300,1.173913,289.285714,a1bee2f832bba4fbfbee499c6c89c2cf1a011d365a81efc1b5ef04b1ed6b0236,candle_path_not_fill,UNAVAILABLE,UNAVAILABLE,UNAVAILABLE,NOT_COMPUTABLE,UNAVAILABLE
sensitivity,MONTE_CARLO,base_decomposition,p_0.625_P_target,0.998740,fraction,p_grid,superasi_bdebase_v1.0.0,grade_config_v1,2026-09-13T13:03:03Z,77f6004823dc43509371df35ae2da858,913 ITI-01,520b4e76a9cc28b0c6569db6ee1d2b69ec97dac331fccf5f85a35ae2b53f260a,06ebb9644a2a3cec47351c00887dac177c54978adde1aa4c271a07d233dd8b72,79c4ae48c45e15f21346022d19dde6aa9329703681a8cd3921524af45d8891c9,913 ITI-01,NBA,NBA,2025-2026,2025-03-18,2026-09-01,"{""date_from"":""2025-03-18"",""date_to"":""2026-09-01"",""game_data"":[""pbp""],""leagues"":[""NBA""],""market_data"":[""candles""],""markets"":[""kalshi""],""seasons"":[""2025-2026""],""sports"":[""NBA""]}",TRADABLE_YES_BID,1_MINUTE_CANDLE,available_at,FIRST_TOUCH,"{""id"":""entry_mtw2zh6b_f4q8g"",""op"":""FIRST_TOUCH"",""ordinal"":""FIRST_TOUCH"",""period"":""Q2"",""price_e4"":6800,""source_vocabulary"":""TOUCH""}",REACH,"{""id"":""exit_mty0bwbw_mvfqe"",""op"":""REACH"",""outcome"":""win"",""price_e4"":9500}",REACH,"{""id"":""exit_mtug1t99_aq1lv"",""op"":""REACH"",""outcome"":""loss"",""price_e4"":4500}",HOLD_TO_SETTLEMENT,c5430eb845ac4cefb3c281ac543b383aad9652b9d0817d0605ab42bca6970657,1.0.0,2026-09-13T06:28:48Z,1.0.0,1.0.0,1.0.0,2026-09-13T06:28:48Z,READY,224,116,108,0.517857,0.482143,2700,2300,1.173913,289.285714,a1bee2f832bba4fbfbee499c6c89c2cf1a011d365a81efc1b5ef04b1ed6b0236,candle_path_not_fill,UNAVAILABLE,UNAVAILABLE,UNAVAILABLE,NOT_COMPUTABLE,UNAVAILABLE
sensitivity,MONTE_CARLO,base_decomposition,p_0.625_median_terminal,63328.225464,usd,p_grid,superasi_bdebase_v1.0.0,grade_config_v1,2026-09-13T13:03:03Z,77f6004823dc43509371df35ae2da858,913 ITI-01,520b4e76a9cc28b0c6569db6ee1d2b69ec97dac331fccf5f85a35ae2b53f260a,06ebb9644a2a3cec47351c00887dac177c54978adde1aa4c271a07d233dd8b72,79c4ae48c45e15f21346022d19dde6aa9329703681a8cd3921524af45d8891c9,913 ITI-01,NBA,NBA,2025-2026,2025-03-18,2026-09-01,"{""date_from"":""2025-03-18"",""date_to"":""2026-09-01"",""game_data"":[""pbp""],""leagues"":[""NBA""],""market_data"":[""candles""],""markets"":[""kalshi""],""seasons"":[""2025-2026""],""sports"":[""NBA""]}",TRADABLE_YES_BID,1_MINUTE_CANDLE,available_at,FIRST_TOUCH,"{""id"":""entry_mtw2zh6b_f4q8g"",""op"":""FIRST_TOUCH"",""ordinal"":""FIRST_TOUCH"",""period"":""Q2"",""price_e4"":6800,""source_vocabulary"":""TOUCH""}",REACH,"{""id"":""exit_mty0bwbw_mvfqe"",""op"":""REACH"",""outcome"":""win"",""price_e4"":9500}",REACH,"{""id"":""exit_mtug1t99_aq1lv"",""op"":""REACH"",""outcome"":""loss"",""price_e4"":4500}",HOLD_TO_SETTLEMENT,c5430eb845ac4cefb3c281ac543b383aad9652b9d0817d0605ab42bca6970657,1.0.0,2026-09-13T06:28:48Z,1.0.0,1.0.0,1.0.0,2026-09-13T06:28:48Z,READY,224,116,108,0.517857,0.482143,2700,2300,1.173913,289.285714,a1bee2f832bba4fbfbee499c6c89c2cf1a011d365a81efc1b5ef04b1ed6b0236,candle_path_not_fill,UNAVAILABLE,UNAVAILABLE,UNAVAILABLE,NOT_COMPUTABLE,UNAVAILABLE
sensitivity,THEORETICAL,base_decomposition,p_0.65_trade_ev,0.006985,fraction,p_grid,superasi_bdebase_v1.0.0,grade_config_v1,2026-09-13T13:03:03Z,77f6004823dc43509371df35ae2da858,913 ITI-01,520b4e76a9cc28b0c6569db6ee1d2b69ec97dac331fccf5f85a35ae2b53f260a,06ebb9644a2a3cec47351c00887dac177c54978adde1aa4c271a07d233dd8b72,79c4ae48c45e15f21346022d19dde6aa9329703681a8cd3921524af45d8891c9,913 ITI-01,NBA,NBA,2025-2026,2025-03-18,2026-09-01,"{""date_from"":""2025-03-18"",""date_to"":""2026-09-01"",""game_data"":[""pbp""],""leagues"":[""NBA""],""market_data"":[""candles""],""markets"":[""kalshi""],""seasons"":[""2025-2026""],""sports"":[""NBA""]}",TRADABLE_YES_BID,1_MINUTE_CANDLE,available_at,FIRST_TOUCH,"{""id"":""entry_mtw2zh6b_f4q8g"",""op"":""FIRST_TOUCH"",""ordinal"":""FIRST_TOUCH"",""period"":""Q2"",""price_e4"":6800,""source_vocabulary"":""TOUCH""}",REACH,"{""id"":""exit_mty0bwbw_mvfqe"",""op"":""REACH"",""outcome"":""win"",""price_e4"":9500}",REACH,"{""id"":""exit_mtug1t99_aq1lv"",""op"":""REACH"",""outcome"":""loss"",""price_e4"":4500}",HOLD_TO_SETTLEMENT,c5430eb845ac4cefb3c281ac543b383aad9652b9d0817d0605ab42bca6970657,1.0.0,2026-09-13T06:28:48Z,1.0.0,1.0.0,1.0.0,2026-09-13T06:28:48Z,READY,224,116,108,0.517857,0.482143,2700,2300,1.173913,289.285714,a1bee2f832bba4fbfbee499c6c89c2cf1a011d365a81efc1b5ef04b1ed6b0236,candle_path_not_fill,UNAVAILABLE,UNAVAILABLE,UNAVAILABLE,NOT_COMPUTABLE,UNAVAILABLE
sensitivity,THEORETICAL,base_decomposition,p_0.65_weekly_ev,0.069853,fraction,p_grid,superasi_bdebase_v1.0.0,grade_config_v1,2026-09-13T13:03:03Z,77f6004823dc43509371df35ae2da858,913 ITI-01,520b4e76a9cc28b0c6569db6ee1d2b69ec97dac331fccf5f85a35ae2b53f260a,06ebb9644a2a3cec47351c00887dac177c54978adde1aa4c271a07d233dd8b72,79c4ae48c45e15f21346022d19dde6aa9329703681a8cd3921524af45d8891c9,913 ITI-01,NBA,NBA,2025-2026,2025-03-18,2026-09-01,"{""date_from"":""2025-03-18"",""date_to"":""2026-09-01"",""game_data"":[""pbp""],""leagues"":[""NBA""],""market_data"":[""candles""],""markets"":[""kalshi""],""seasons"":[""2025-2026""],""sports"":[""NBA""]}",TRADABLE_YES_BID,1_MINUTE_CANDLE,available_at,FIRST_TOUCH,"{""id"":""entry_mtw2zh6b_f4q8g"",""op"":""FIRST_TOUCH"",""ordinal"":""FIRST_TOUCH"",""period"":""Q2"",""price_e4"":6800,""source_vocabulary"":""TOUCH""}",REACH,"{""id"":""exit_mty0bwbw_mvfqe"",""op"":""REACH"",""outcome"":""win"",""price_e4"":9500}",REACH,"{""id"":""exit_mtug1t99_aq1lv"",""op"":""REACH"",""outcome"":""loss"",""price_e4"":4500}",HOLD_TO_SETTLEMENT,c5430eb845ac4cefb3c281ac543b383aad9652b9d0817d0605ab42bca6970657,1.0.0,2026-09-13T06:28:48Z,1.0.0,1.0.0,1.0.0,2026-09-13T06:28:48Z,READY,224,116,108,0.517857,0.482143,2700,2300,1.173913,289.285714,a1bee2f832bba4fbfbee499c6c89c2cf1a011d365a81efc1b5ef04b1ed6b0236,candle_path_not_fill,UNAVAILABLE,UNAVAILABLE,UNAVAILABLE,NOT_COMPUTABLE,UNAVAILABLE
sensitivity,MONTE_CARLO,base_decomposition,p_0.65_expected_20_week,2.860840,fraction,p_grid,superasi_bdebase_v1.0.0,grade_config_v1,2026-09-13T13:03:03Z,77f6004823dc43509371df35ae2da858,913 ITI-01,520b4e76a9cc28b0c6569db6ee1d2b69ec97dac331fccf5f85a35ae2b53f260a,06ebb9644a2a3cec47351c00887dac177c54978adde1aa4c271a07d233dd8b72,79c4ae48c45e15f21346022d19dde6aa9329703681a8cd3921524af45d8891c9,913 ITI-01,NBA,NBA,2025-2026,2025-03-18,2026-09-01,"{""date_from"":""2025-03-18"",""date_to"":""2026-09-01"",""game_data"":[""pbp""],""leagues"":[""NBA""],""market_data"":[""candles""],""markets"":[""kalshi""],""seasons"":[""2025-2026""],""sports"":[""NBA""]}",TRADABLE_YES_BID,1_MINUTE_CANDLE,available_at,FIRST_TOUCH,"{""id"":""entry_mtw2zh6b_f4q8g"",""op"":""FIRST_TOUCH"",""ordinal"":""FIRST_TOUCH"",""period"":""Q2"",""price_e4"":6800,""source_vocabulary"":""TOUCH""}",REACH,"{""id"":""exit_mty0bwbw_mvfqe"",""op"":""REACH"",""outcome"":""win"",""price_e4"":9500}",REACH,"{""id"":""exit_mtug1t99_aq1lv"",""op"":""REACH"",""outcome"":""loss"",""price_e4"":4500}",HOLD_TO_SETTLEMENT,c5430eb845ac4cefb3c281ac543b383aad9652b9d0817d0605ab42bca6970657,1.0.0,2026-09-13T06:28:48Z,1.0.0,1.0.0,1.0.0,2026-09-13T06:28:48Z,READY,224,116,108,0.517857,0.482143,2700,2300,1.173913,289.285714,a1bee2f832bba4fbfbee499c6c89c2cf1a011d365a81efc1b5ef04b1ed6b0236,candle_path_not_fill,UNAVAILABLE,UNAVAILABLE,UNAVAILABLE,NOT_COMPUTABLE,UNAVAILABLE
sensitivity,MONTE_CARLO,base_decomposition,p_0.65_P_floor,0.000000,fraction,p_grid,superasi_bdebase_v1.0.0,grade_config_v1,2026-09-13T13:03:03Z,77f6004823dc43509371df35ae2da858,913 ITI-01,520b4e76a9cc28b0c6569db6ee1d2b69ec97dac331fccf5f85a35ae2b53f260a,06ebb9644a2a3cec47351c00887dac177c54978adde1aa4c271a07d233dd8b72,79c4ae48c45e15f21346022d19dde6aa9329703681a8cd3921524af45d8891c9,913 ITI-01,NBA,NBA,2025-2026,2025-03-18,2026-09-01,"{""date_from"":""2025-03-18"",""date_to"":""2026-09-01"",""game_data"":[""pbp""],""leagues"":[""NBA""],""market_data"":[""candles""],""markets"":[""kalshi""],""seasons"":[""2025-2026""],""sports"":[""NBA""]}",TRADABLE_YES_BID,1_MINUTE_CANDLE,available_at,FIRST_TOUCH,"{""id"":""entry_mtw2zh6b_f4q8g"",""op"":""FIRST_TOUCH"",""ordinal"":""FIRST_TOUCH"",""period"":""Q2"",""price_e4"":6800,""source_vocabulary"":""TOUCH""}",REACH,"{""id"":""exit_mty0bwbw_mvfqe"",""op"":""REACH"",""outcome"":""win"",""price_e4"":9500}",REACH,"{""id"":""exit_mtug1t99_aq1lv"",""op"":""REACH"",""outcome"":""loss"",""price_e4"":4500}",HOLD_TO_SETTLEMENT,c5430eb845ac4cefb3c281ac543b383aad9652b9d0817d0605ab42bca6970657,1.0.0,2026-09-13T06:28:48Z,1.0.0,1.0.0,1.0.0,2026-09-13T06:28:48Z,READY,224,116,108,0.517857,0.482143,2700,2300,1.173913,289.285714,a1bee2f832bba4fbfbee499c6c89c2cf1a011d365a81efc1b5ef04b1ed6b0236,candle_path_not_fill,UNAVAILABLE,UNAVAILABLE,UNAVAILABLE,NOT_COMPUTABLE,UNAVAILABLE
sensitivity,MONTE_CARLO,base_decomposition,p_0.65_P_target,0.999930,fraction,p_grid,superasi_bdebase_v1.0.0,grade_config_v1,2026-09-13T13:03:03Z,77f6004823dc43509371df35ae2da858,913 ITI-01,520b4e76a9cc28b0c6569db6ee1d2b69ec97dac331fccf5f85a35ae2b53f260a,06ebb9644a2a3cec47351c00887dac177c54978adde1aa4c271a07d233dd8b72,79c4ae48c45e15f21346022d19dde6aa9329703681a8cd3921524af45d8891c9,913 ITI-01,NBA,NBA,2025-2026,2025-03-18,2026-09-01,"{""date_from"":""2025-03-18"",""date_to"":""2026-09-01"",""game_data"":[""pbp""],""leagues"":[""NBA""],""market_data"":[""candles""],""markets"":[""kalshi""],""seasons"":[""2025-2026""],""sports"":[""NBA""]}",TRADABLE_YES_BID,1_MINUTE_CANDLE,available_at,FIRST_TOUCH,"{""id"":""entry_mtw2zh6b_f4q8g"",""op"":""FIRST_TOUCH"",""ordinal"":""FIRST_TOUCH"",""period"":""Q2"",""price_e4"":6800,""source_vocabulary"":""TOUCH""}",REACH,"{""id"":""exit_mty0bwbw_mvfqe"",""op"":""REACH"",""outcome"":""win"",""price_e4"":9500}",REACH,"{""id"":""exit_mtug1t99_aq1lv"",""op"":""REACH"",""outcome"":""loss"",""price_e4"":4500}",HOLD_TO_SETTLEMENT,c5430eb845ac4cefb3c281ac543b383aad9652b9d0817d0605ab42bca6970657,1.0.0,2026-09-13T06:28:48Z,1.0.0,1.0.0,1.0.0,2026-09-13T06:28:48Z,READY,224,116,108,0.517857,0.482143,2700,2300,1.173913,289.285714,a1bee2f832bba4fbfbee499c6c89c2cf1a011d365a81efc1b5ef04b1ed6b0236,candle_path_not_fill,UNAVAILABLE,UNAVAILABLE,UNAVAILABLE,NOT_COMPUTABLE,UNAVAILABLE
sensitivity,MONTE_CARLO,base_decomposition,p_0.65_median_terminal,75365.556429,usd,p_grid,superasi_bdebase_v1.0.0,grade_config_v1,2026-09-13T13:03:03Z,77f6004823dc43509371df35ae2da858,913 ITI-01,520b4e76a9cc28b0c6569db6ee1d2b69ec97dac331fccf5f85a35ae2b53f260a,06ebb9644a2a3cec47351c00887dac177c54978adde1aa4c271a07d233dd8b72,79c4ae48c45e15f21346022d19dde6aa9329703681a8cd3921524af45d8891c9,913 ITI-01,NBA,NBA,2025-2026,2025-03-18,2026-09-01,"{""date_from"":""2025-03-18"",""date_to"":""2026-09-01"",""game_data"":[""pbp""],""leagues"":[""NBA""],""market_data"":[""candles""],""markets"":[""kalshi""],""seasons"":[""2025-2026""],""sports"":[""NBA""]}",TRADABLE_YES_BID,1_MINUTE_CANDLE,available_at,FIRST_TOUCH,"{""id"":""entry_mtw2zh6b_f4q8g"",""op"":""FIRST_TOUCH"",""ordinal"":""FIRST_TOUCH"",""period"":""Q2"",""price_e4"":6800,""source_vocabulary"":""TOUCH""}",REACH,"{""id"":""exit_mty0bwbw_mvfqe"",""op"":""REACH"",""outcome"":""win"",""price_e4"":9500}",REACH,"{""id"":""exit_mtug1t99_aq1lv"",""op"":""REACH"",""outcome"":""loss"",""price_e4"":4500}",HOLD_TO_SETTLEMENT,c5430eb845ac4cefb3c281ac543b383aad9652b9d0817d0605ab42bca6970657,1.0.0,2026-09-13T06:28:48Z,1.0.0,1.0.0,1.0.0,2026-09-13T06:28:48Z,READY,224,116,108,0.517857,0.482143,2700,2300,1.173913,289.285714,a1bee2f832bba4fbfbee499c6c89c2cf1a011d365a81efc1b5ef04b1ed6b0236,candle_path_not_fill,UNAVAILABLE,UNAVAILABLE,UNAVAILABLE,NOT_COMPUTABLE,UNAVAILABLE
sensitivity,THEORETICAL,base_decomposition,p_0.675_trade_ev,0.007904,fraction,p_grid,superasi_bdebase_v1.0.0,grade_config_v1,2026-09-13T13:03:03Z,77f6004823dc43509371df35ae2da858,913 ITI-01,520b4e76a9cc28b0c6569db6ee1d2b69ec97dac331fccf5f85a35ae2b53f260a,06ebb9644a2a3cec47351c00887dac177c54978adde1aa4c271a07d233dd8b72,79c4ae48c45e15f21346022d19dde6aa9329703681a8cd3921524af45d8891c9,913 ITI-01,NBA,NBA,2025-2026,2025-03-18,2026-09-01,"{""date_from"":""2025-03-18"",""date_to"":""2026-09-01"",""game_data"":[""pbp""],""leagues"":[""NBA""],""market_data"":[""candles""],""markets"":[""kalshi""],""seasons"":[""2025-2026""],""sports"":[""NBA""]}",TRADABLE_YES_BID,1_MINUTE_CANDLE,available_at,FIRST_TOUCH,"{""id"":""entry_mtw2zh6b_f4q8g"",""op"":""FIRST_TOUCH"",""ordinal"":""FIRST_TOUCH"",""period"":""Q2"",""price_e4"":6800,""source_vocabulary"":""TOUCH""}",REACH,"{""id"":""exit_mty0bwbw_mvfqe"",""op"":""REACH"",""outcome"":""win"",""price_e4"":9500}",REACH,"{""id"":""exit_mtug1t99_aq1lv"",""op"":""REACH"",""outcome"":""loss"",""price_e4"":4500}",HOLD_TO_SETTLEMENT,c5430eb845ac4cefb3c281ac543b383aad9652b9d0817d0605ab42bca6970657,1.0.0,2026-09-13T06:28:48Z,1.0.0,1.0.0,1.0.0,2026-09-13T06:28:48Z,READY,224,116,108,0.517857,0.482143,2700,2300,1.173913,289.285714,a1bee2f832bba4fbfbee499c6c89c2cf1a011d365a81efc1b5ef04b1ed6b0236,candle_path_not_fill,UNAVAILABLE,UNAVAILABLE,UNAVAILABLE,NOT_COMPUTABLE,UNAVAILABLE
sensitivity,THEORETICAL,base_decomposition,p_0.675_weekly_ev,0.079044,fraction,p_grid,superasi_bdebase_v1.0.0,grade_config_v1,2026-09-13T13:03:03Z,77f6004823dc43509371df35ae2da858,913 ITI-01,520b4e76a9cc28b0c6569db6ee1d2b69ec97dac331fccf5f85a35ae2b53f260a,06ebb9644a2a3cec47351c00887dac177c54978adde1aa4c271a07d233dd8b72,79c4ae48c45e15f21346022d19dde6aa9329703681a8cd3921524af45d8891c9,913 ITI-01,NBA,NBA,2025-2026,2025-03-18,2026-09-01,"{""date_from"":""2025-03-18"",""date_to"":""2026-09-01"",""game_data"":[""pbp""],""leagues"":[""NBA""],""market_data"":[""candles""],""markets"":[""kalshi""],""seasons"":[""2025-2026""],""sports"":[""NBA""]}",TRADABLE_YES_BID,1_MINUTE_CANDLE,available_at,FIRST_TOUCH,"{""id"":""entry_mtw2zh6b_f4q8g"",""op"":""FIRST_TOUCH"",""ordinal"":""FIRST_TOUCH"",""period"":""Q2"",""price_e4"":6800,""source_vocabulary"":""TOUCH""}",REACH,"{""id"":""exit_mty0bwbw_mvfqe"",""op"":""REACH"",""outcome"":""win"",""price_e4"":9500}",REACH,"{""id"":""exit_mtug1t99_aq1lv"",""op"":""REACH"",""outcome"":""loss"",""price_e4"":4500}",HOLD_TO_SETTLEMENT,c5430eb845ac4cefb3c281ac543b383aad9652b9d0817d0605ab42bca6970657,1.0.0,2026-09-13T06:28:48Z,1.0.0,1.0.0,1.0.0,2026-09-13T06:28:48Z,READY,224,116,108,0.517857,0.482143,2700,2300,1.173913,289.285714,a1bee2f832bba4fbfbee499c6c89c2cf1a011d365a81efc1b5ef04b1ed6b0236,candle_path_not_fill,UNAVAILABLE,UNAVAILABLE,UNAVAILABLE,NOT_COMPUTABLE,UNAVAILABLE
sensitivity,MONTE_CARLO,base_decomposition,p_0.675_expected_20_week,3.584179,fraction,p_grid,superasi_bdebase_v1.0.0,grade_config_v1,2026-09-13T13:03:03Z,77f6004823dc43509371df35ae2da858,913 ITI-01,520b4e76a9cc28b0c6569db6ee1d2b69ec97dac331fccf5f85a35ae2b53f260a,06ebb9644a2a3cec47351c00887dac177c54978adde1aa4c271a07d233dd8b72,79c4ae48c45e15f21346022d19dde6aa9329703681a8cd3921524af45d8891c9,913 ITI-01,NBA,NBA,2025-2026,2025-03-18,2026-09-01,"{""date_from"":""2025-03-18"",""date_to"":""2026-09-01"",""game_data"":[""pbp""],""leagues"":[""NBA""],""market_data"":[""candles""],""markets"":[""kalshi""],""seasons"":[""2025-2026""],""sports"":[""NBA""]}",TRADABLE_YES_BID,1_MINUTE_CANDLE,available_at,FIRST_TOUCH,"{""id"":""entry_mtw2zh6b_f4q8g"",""op"":""FIRST_TOUCH"",""ordinal"":""FIRST_TOUCH"",""period"":""Q2"",""price_e4"":6800,""source_vocabulary"":""TOUCH""}",REACH,"{""id"":""exit_mty0bwbw_mvfqe"",""op"":""REACH"",""outcome"":""win"",""price_e4"":9500}",REACH,"{""id"":""exit_mtug1t99_aq1lv"",""op"":""REACH"",""outcome"":""loss"",""price_e4"":4500}",HOLD_TO_SETTLEMENT,c5430eb845ac4cefb3c281ac543b383aad9652b9d0817d0605ab42bca6970657,1.0.0,2026-09-13T06:28:48Z,1.0.0,1.0.0,1.0.0,2026-09-13T06:28:48Z,READY,224,116,108,0.517857,0.482143,2700,2300,1.173913,289.285714,a1bee2f832bba4fbfbee499c6c89c2cf1a011d365a81efc1b5ef04b1ed6b0236,candle_path_not_fill,UNAVAILABLE,UNAVAILABLE,UNAVAILABLE,NOT_COMPUTABLE,UNAVAILABLE
sensitivity,MONTE_CARLO,base_decomposition,p_0.675_P_floor,0.000000,fraction,p_grid,superasi_bdebase_v1.0.0,grade_config_v1,2026-09-13T13:03:03Z,77f6004823dc43509371df35ae2da858,913 ITI-01,520b4e76a9cc28b0c6569db6ee1d2b69ec97dac331fccf5f85a35ae2b53f260a,06ebb9644a2a3cec47351c00887dac177c54978adde1aa4c271a07d233dd8b72,79c4ae48c45e15f21346022d19dde6aa9329703681a8cd3921524af45d8891c9,913 ITI-01,NBA,NBA,2025-2026,2025-03-18,2026-09-01,"{""date_from"":""2025-03-18"",""date_to"":""2026-09-01"",""game_data"":[""pbp""],""leagues"":[""NBA""],""market_data"":[""candles""],""markets"":[""kalshi""],""seasons"":[""2025-2026""],""sports"":[""NBA""]}",TRADABLE_YES_BID,1_MINUTE_CANDLE,available_at,FIRST_TOUCH,"{""id"":""entry_mtw2zh6b_f4q8g"",""op"":""FIRST_TOUCH"",""ordinal"":""FIRST_TOUCH"",""period"":""Q2"",""price_e4"":6800,""source_vocabulary"":""TOUCH""}",REACH,"{""id"":""exit_mty0bwbw_mvfqe"",""op"":""REACH"",""outcome"":""win"",""price_e4"":9500}",REACH,"{""id"":""exit_mtug1t99_aq1lv"",""op"":""REACH"",""outcome"":""loss"",""price_e4"":4500}",HOLD_TO_SETTLEMENT,c5430eb845ac4cefb3c281ac543b383aad9652b9d0817d0605ab42bca6970657,1.0.0,2026-09-13T06:28:48Z,1.0.0,1.0.0,1.0.0,2026-09-13T06:28:48Z,READY,224,116,108,0.517857,0.482143,2700,2300,1.173913,289.285714,a1bee2f832bba4fbfbee499c6c89c2cf1a011d365a81efc1b5ef04b1ed6b0236,candle_path_not_fill,UNAVAILABLE,UNAVAILABLE,UNAVAILABLE,NOT_COMPUTABLE,UNAVAILABLE
sensitivity,MONTE_CARLO,base_decomposition,p_0.675_P_target,1.000000,fraction,p_grid,superasi_bdebase_v1.0.0,grade_config_v1,2026-09-13T13:03:03Z,77f6004823dc43509371df35ae2da858,913 ITI-01,520b4e76a9cc28b0c6569db6ee1d2b69ec97dac331fccf5f85a35ae2b53f260a,06ebb9644a2a3cec47351c00887dac177c54978adde1aa4c271a07d233dd8b72,79c4ae48c45e15f21346022d19dde6aa9329703681a8cd3921524af45d8891c9,913 ITI-01,NBA,NBA,2025-2026,2025-03-18,2026-09-01,"{""date_from"":""2025-03-18"",""date_to"":""2026-09-01"",""game_data"":[""pbp""],""leagues"":[""NBA""],""market_data"":[""candles""],""markets"":[""kalshi""],""seasons"":[""2025-2026""],""sports"":[""NBA""]}",TRADABLE_YES_BID,1_MINUTE_CANDLE,available_at,FIRST_TOUCH,"{""id"":""entry_mtw2zh6b_f4q8g"",""op"":""FIRST_TOUCH"",""ordinal"":""FIRST_TOUCH"",""period"":""Q2"",""price_e4"":6800,""source_vocabulary"":""TOUCH""}",REACH,"{""id"":""exit_mty0bwbw_mvfqe"",""op"":""REACH"",""outcome"":""win"",""price_e4"":9500}",REACH,"{""id"":""exit_mtug1t99_aq1lv"",""op"":""REACH"",""outcome"":""loss"",""price_e4"":4500}",HOLD_TO_SETTLEMENT,c5430eb845ac4cefb3c281ac543b383aad9652b9d0817d0605ab42bca6970657,1.0.0,2026-09-13T06:28:48Z,1.0.0,1.0.0,1.0.0,2026-09-13T06:28:48Z,READY,224,116,108,0.517857,0.482143,2700,2300,1.173913,289.285714,a1bee2f832bba4fbfbee499c6c89c2cf1a011d365a81efc1b5ef04b1ed6b0236,candle_path_not_fill,UNAVAILABLE,UNAVAILABLE,UNAVAILABLE,NOT_COMPUTABLE,UNAVAILABLE
sensitivity,MONTE_CARLO,base_decomposition,p_0.675_median_terminal,89600.054637,usd,p_grid,superasi_bdebase_v1.0.0,grade_config_v1,2026-09-13T13:03:03Z,77f6004823dc43509371df35ae2da858,913 ITI-01,520b4e76a9cc28b0c6569db6ee1d2b69ec97dac331fccf5f85a35ae2b53f260a,06ebb9644a2a3cec47351c00887dac177c54978adde1aa4c271a07d233dd8b72,79c4ae48c45e15f21346022d19dde6aa9329703681a8cd3921524af45d8891c9,913 ITI-01,NBA,NBA,2025-2026,2025-03-18,2026-09-01,"{""date_from"":""2025-03-18"",""date_to"":""2026-09-01"",""game_data"":[""pbp""],""leagues"":[""NBA""],""market_data"":[""candles""],""markets"":[""kalshi""],""seasons"":[""2025-2026""],""sports"":[""NBA""]}",TRADABLE_YES_BID,1_MINUTE_CANDLE,available_at,FIRST_TOUCH,"{""id"":""entry_mtw2zh6b_f4q8g"",""op"":""FIRST_TOUCH"",""ordinal"":""FIRST_TOUCH"",""period"":""Q2"",""price_e4"":6800,""source_vocabulary"":""TOUCH""}",REACH,"{""id"":""exit_mty0bwbw_mvfqe"",""op"":""REACH"",""outcome"":""win"",""price_e4"":9500}",REACH,"{""id"":""exit_mtug1t99_aq1lv"",""op"":""REACH"",""outcome"":""loss"",""price_e4"":4500}",HOLD_TO_SETTLEMENT,c5430eb845ac4cefb3c281ac543b383aad9652b9d0817d0605ab42bca6970657,1.0.0,2026-09-13T06:28:48Z,1.0.0,1.0.0,1.0.0,2026-09-13T06:28:48Z,READY,224,116,108,0.517857,0.482143,2700,2300,1.173913,289.285714,a1bee2f832bba4fbfbee499c6c89c2cf1a011d365a81efc1b5ef04b1ed6b0236,candle_path_not_fill,UNAVAILABLE,UNAVAILABLE,UNAVAILABLE,NOT_COMPUTABLE,UNAVAILABLE
sensitivity,THEORETICAL,base_decomposition,p_0.7_trade_ev,0.008824,fraction,p_grid,superasi_bdebase_v1.0.0,grade_config_v1,2026-09-13T13:03:03Z,77f6004823dc43509371df35ae2da858,913 ITI-01,520b4e76a9cc28b0c6569db6ee1d2b69ec97dac331fccf5f85a35ae2b53f260a,06ebb9644a2a3cec47351c00887dac177c54978adde1aa4c271a07d233dd8b72,79c4ae48c45e15f21346022d19dde6aa9329703681a8cd3921524af45d8891c9,913 ITI-01,NBA,NBA,2025-2026,2025-03-18,2026-09-01,"{""date_from"":""2025-03-18"",""date_to"":""2026-09-01"",""game_data"":[""pbp""],""leagues"":[""NBA""],""market_data"":[""candles""],""markets"":[""kalshi""],""seasons"":[""2025-2026""],""sports"":[""NBA""]}",TRADABLE_YES_BID,1_MINUTE_CANDLE,available_at,FIRST_TOUCH,"{""id"":""entry_mtw2zh6b_f4q8g"",""op"":""FIRST_TOUCH"",""ordinal"":""FIRST_TOUCH"",""period"":""Q2"",""price_e4"":6800,""source_vocabulary"":""TOUCH""}",REACH,"{""id"":""exit_mty0bwbw_mvfqe"",""op"":""REACH"",""outcome"":""win"",""price_e4"":9500}",REACH,"{""id"":""exit_mtug1t99_aq1lv"",""op"":""REACH"",""outcome"":""loss"",""price_e4"":4500}",HOLD_TO_SETTLEMENT,c5430eb845ac4cefb3c281ac543b383aad9652b9d0817d0605ab42bca6970657,1.0.0,2026-09-13T06:28:48Z,1.0.0,1.0.0,1.0.0,2026-09-13T06:28:48Z,READY,224,116,108,0.517857,0.482143,2700,2300,1.173913,289.285714,a1bee2f832bba4fbfbee499c6c89c2cf1a011d365a81efc1b5ef04b1ed6b0236,candle_path_not_fill,UNAVAILABLE,UNAVAILABLE,UNAVAILABLE,NOT_COMPUTABLE,UNAVAILABLE
sensitivity,THEORETICAL,base_decomposition,p_0.7_weekly_ev,0.088235,fraction,p_grid,superasi_bdebase_v1.0.0,grade_config_v1,2026-09-13T13:03:03Z,77f6004823dc43509371df35ae2da858,913 ITI-01,520b4e76a9cc28b0c6569db6ee1d2b69ec97dac331fccf5f85a35ae2b53f260a,06ebb9644a2a3cec47351c00887dac177c54978adde1aa4c271a07d233dd8b72,79c4ae48c45e15f21346022d19dde6aa9329703681a8cd3921524af45d8891c9,913 ITI-01,NBA,NBA,2025-2026,2025-03-18,2026-09-01,"{""date_from"":""2025-03-18"",""date_to"":""2026-09-01"",""game_data"":[""pbp""],""leagues"":[""NBA""],""market_data"":[""candles""],""markets"":[""kalshi""],""seasons"":[""2025-2026""],""sports"":[""NBA""]}",TRADABLE_YES_BID,1_MINUTE_CANDLE,available_at,FIRST_TOUCH,"{""id"":""entry_mtw2zh6b_f4q8g"",""op"":""FIRST_TOUCH"",""ordinal"":""FIRST_TOUCH"",""period"":""Q2"",""price_e4"":6800,""source_vocabulary"":""TOUCH""}",REACH,"{""id"":""exit_mty0bwbw_mvfqe"",""op"":""REACH"",""outcome"":""win"",""price_e4"":9500}",REACH,"{""id"":""exit_mtug1t99_aq1lv"",""op"":""REACH"",""outcome"":""loss"",""price_e4"":4500}",HOLD_TO_SETTLEMENT,c5430eb845ac4cefb3c281ac543b383aad9652b9d0817d0605ab42bca6970657,1.0.0,2026-09-13T06:28:48Z,1.0.0,1.0.0,1.0.0,2026-09-13T06:28:48Z,READY,224,116,108,0.517857,0.482143,2700,2300,1.173913,289.285714,a1bee2f832bba4fbfbee499c6c89c2cf1a011d365a81efc1b5ef04b1ed6b0236,candle_path_not_fill,UNAVAILABLE,UNAVAILABLE,UNAVAILABLE,NOT_COMPUTABLE,UNAVAILABLE
sensitivity,MONTE_CARLO,base_decomposition,p_0.7_expected_20_week,4.431292,fraction,p_grid,superasi_bdebase_v1.0.0,grade_config_v1,2026-09-13T13:03:03Z,77f6004823dc43509371df35ae2da858,913 ITI-01,520b4e76a9cc28b0c6569db6ee1d2b69ec97dac331fccf5f85a35ae2b53f260a,06ebb9644a2a3cec47351c00887dac177c54978adde1aa4c271a07d233dd8b72,79c4ae48c45e15f21346022d19dde6aa9329703681a8cd3921524af45d8891c9,913 ITI-01,NBA,NBA,2025-2026,2025-03-18,2026-09-01,"{""date_from"":""2025-03-18"",""date_to"":""2026-09-01"",""game_data"":[""pbp""],""leagues"":[""NBA""],""market_data"":[""candles""],""markets"":[""kalshi""],""seasons"":[""2025-2026""],""sports"":[""NBA""]}",TRADABLE_YES_BID,1_MINUTE_CANDLE,available_at,FIRST_TOUCH,"{""id"":""entry_mtw2zh6b_f4q8g"",""op"":""FIRST_TOUCH"",""ordinal"":""FIRST_TOUCH"",""period"":""Q2"",""price_e4"":6800,""source_vocabulary"":""TOUCH""}",REACH,"{""id"":""exit_mty0bwbw_mvfqe"",""op"":""REACH"",""outcome"":""win"",""price_e4"":9500}",REACH,"{""id"":""exit_mtug1t99_aq1lv"",""op"":""REACH"",""outcome"":""loss"",""price_e4"":4500}",HOLD_TO_SETTLEMENT,c5430eb845ac4cefb3c281ac543b383aad9652b9d0817d0605ab42bca6970657,1.0.0,2026-09-13T06:28:48Z,1.0.0,1.0.0,1.0.0,2026-09-13T06:28:48Z,READY,224,116,108,0.517857,0.482143,2700,2300,1.173913,289.285714,a1bee2f832bba4fbfbee499c6c89c2cf1a011d365a81efc1b5ef04b1ed6b0236,candle_path_not_fill,UNAVAILABLE,UNAVAILABLE,UNAVAILABLE,NOT_COMPUTABLE,UNAVAILABLE
sensitivity,MONTE_CARLO,base_decomposition,p_0.7_P_floor,0.000000,fraction,p_grid,superasi_bdebase_v1.0.0,grade_config_v1,2026-09-13T13:03:03Z,77f6004823dc43509371df35ae2da858,913 ITI-01,520b4e76a9cc28b0c6569db6ee1d2b69ec97dac331fccf5f85a35ae2b53f260a,06ebb9644a2a3cec47351c00887dac177c54978adde1aa4c271a07d233dd8b72,79c4ae48c45e15f21346022d19dde6aa9329703681a8cd3921524af45d8891c9,913 ITI-01,NBA,NBA,2025-2026,2025-03-18,2026-09-01,"{""date_from"":""2025-03-18"",""date_to"":""2026-09-01"",""game_data"":[""pbp""],""leagues"":[""NBA""],""market_data"":[""candles""],""markets"":[""kalshi""],""seasons"":[""2025-2026""],""sports"":[""NBA""]}",TRADABLE_YES_BID,1_MINUTE_CANDLE,available_at,FIRST_TOUCH,"{""id"":""entry_mtw2zh6b_f4q8g"",""op"":""FIRST_TOUCH"",""ordinal"":""FIRST_TOUCH"",""period"":""Q2"",""price_e4"":6800,""source_vocabulary"":""TOUCH""}",REACH,"{""id"":""exit_mty0bwbw_mvfqe"",""op"":""REACH"",""outcome"":""win"",""price_e4"":9500}",REACH,"{""id"":""exit_mtug1t99_aq1lv"",""op"":""REACH"",""outcome"":""loss"",""price_e4"":4500}",HOLD_TO_SETTLEMENT,c5430eb845ac4cefb3c281ac543b383aad9652b9d0817d0605ab42bca6970657,1.0.0,2026-09-13T06:28:48Z,1.0.0,1.0.0,1.0.0,2026-09-13T06:28:48Z,READY,224,116,108,0.517857,0.482143,2700,2300,1.173913,289.285714,a1bee2f832bba4fbfbee499c6c89c2cf1a011d365a81efc1b5ef04b1ed6b0236,candle_path_not_fill,UNAVAILABLE,UNAVAILABLE,UNAVAILABLE,NOT_COMPUTABLE,UNAVAILABLE
sensitivity,MONTE_CARLO,base_decomposition,p_0.7_P_target,1.000000,fraction,p_grid,superasi_bdebase_v1.0.0,grade_config_v1,2026-09-13T13:03:03Z,77f6004823dc43509371df35ae2da858,913 ITI-01,520b4e76a9cc28b0c6569db6ee1d2b69ec97dac331fccf5f85a35ae2b53f260a,06ebb9644a2a3cec47351c00887dac177c54978adde1aa4c271a07d233dd8b72,79c4ae48c45e15f21346022d19dde6aa9329703681a8cd3921524af45d8891c9,913 ITI-01,NBA,NBA,2025-2026,2025-03-18,2026-09-01,"{""date_from"":""2025-03-18"",""date_to"":""2026-09-01"",""game_data"":[""pbp""],""leagues"":[""NBA""],""market_data"":[""candles""],""markets"":[""kalshi""],""seasons"":[""2025-2026""],""sports"":[""NBA""]}",TRADABLE_YES_BID,1_MINUTE_CANDLE,available_at,FIRST_TOUCH,"{""id"":""entry_mtw2zh6b_f4q8g"",""op"":""FIRST_TOUCH"",""ordinal"":""FIRST_TOUCH"",""period"":""Q2"",""price_e4"":6800,""source_vocabulary"":""TOUCH""}",REACH,"{""id"":""exit_mty0bwbw_mvfqe"",""op"":""REACH"",""outcome"":""win"",""price_e4"":9500}",REACH,"{""id"":""exit_mtug1t99_aq1lv"",""op"":""REACH"",""outcome"":""loss"",""price_e4"":4500}",HOLD_TO_SETTLEMENT,c5430eb845ac4cefb3c281ac543b383aad9652b9d0817d0605ab42bca6970657,1.0.0,2026-09-13T06:28:48Z,1.0.0,1.0.0,1.0.0,2026-09-13T06:28:48Z,READY,224,116,108,0.517857,0.482143,2700,2300,1.173913,289.285714,a1bee2f832bba4fbfbee499c6c89c2cf1a011d365a81efc1b5ef04b1ed6b0236,candle_path_not_fill,UNAVAILABLE,UNAVAILABLE,UNAVAILABLE,NOT_COMPUTABLE,UNAVAILABLE
sensitivity,MONTE_CARLO,base_decomposition,p_0.7_median_terminal,106316.848519,usd,p_grid,superasi_bdebase_v1.0.0,grade_config_v1,2026-09-13T13:03:03Z,77f6004823dc43509371df35ae2da858,913 ITI-01,520b4e76a9cc28b0c6569db6ee1d2b69ec97dac331fccf5f85a35ae2b53f260a,06ebb9644a2a3cec47351c00887dac177c54978adde1aa4c271a07d233dd8b72,79c4ae48c45e15f21346022d19dde6aa9329703681a8cd3921524af45d8891c9,913 ITI-01,NBA,NBA,2025-2026,2025-03-18,2026-09-01,"{""date_from"":""2025-03-18"",""date_to"":""2026-09-01"",""game_data"":[""pbp""],""leagues"":[""NBA""],""market_data"":[""candles""],""markets"":[""kalshi""],""seasons"":[""2025-2026""],""sports"":[""NBA""]}",TRADABLE_YES_BID,1_MINUTE_CANDLE,available_at,FIRST_TOUCH,"{""id"":""entry_mtw2zh6b_f4q8g"",""op"":""FIRST_TOUCH"",""ordinal"":""FIRST_TOUCH"",""period"":""Q2"",""price_e4"":6800,""source_vocabulary"":""TOUCH""}",REACH,"{""id"":""exit_mty0bwbw_mvfqe"",""op"":""REACH"",""outcome"":""win"",""price_e4"":9500}",REACH,"{""id"":""exit_mtug1t99_aq1lv"",""op"":""REACH"",""outcome"":""loss"",""price_e4"":4500}",HOLD_TO_SETTLEMENT,c5430eb845ac4cefb3c281ac543b383aad9652b9d0817d0605ab42bca6970657,1.0.0,2026-09-13T06:28:48Z,1.0.0,1.0.0,1.0.0,2026-09-13T06:28:48Z,READY,224,116,108,0.517857,0.482143,2700,2300,1.173913,289.285714,a1bee2f832bba4fbfbee499c6c89c2cf1a011d365a81efc1b5ef04b1ed6b0236,candle_path_not_fill,UNAVAILABLE,UNAVAILABLE,UNAVAILABLE,NOT_COMPUTABLE,UNAVAILABLE
sensitivity,THEORETICAL,base_decomposition,p_0.725_trade_ev,0.009743,fraction,p_grid,superasi_bdebase_v1.0.0,grade_config_v1,2026-09-13T13:03:03Z,77f6004823dc43509371df35ae2da858,913 ITI-01,520b4e76a9cc28b0c6569db6ee1d2b69ec97dac331fccf5f85a35ae2b53f260a,06ebb9644a2a3cec47351c00887dac177c54978adde1aa4c271a07d233dd8b72,79c4ae48c45e15f21346022d19dde6aa9329703681a8cd3921524af45d8891c9,913 ITI-01,NBA,NBA,2025-2026,2025-03-18,2026-09-01,"{""date_from"":""2025-03-18"",""date_to"":""2026-09-01"",""game_data"":[""pbp""],""leagues"":[""NBA""],""market_data"":[""candles""],""markets"":[""kalshi""],""seasons"":[""2025-2026""],""sports"":[""NBA""]}",TRADABLE_YES_BID,1_MINUTE_CANDLE,available_at,FIRST_TOUCH,"{""id"":""entry_mtw2zh6b_f4q8g"",""op"":""FIRST_TOUCH"",""ordinal"":""FIRST_TOUCH"",""period"":""Q2"",""price_e4"":6800,""source_vocabulary"":""TOUCH""}",REACH,"{""id"":""exit_mty0bwbw_mvfqe"",""op"":""REACH"",""outcome"":""win"",""price_e4"":9500}",REACH,"{""id"":""exit_mtug1t99_aq1lv"",""op"":""REACH"",""outcome"":""loss"",""price_e4"":4500}",HOLD_TO_SETTLEMENT,c5430eb845ac4cefb3c281ac543b383aad9652b9d0817d0605ab42bca6970657,1.0.0,2026-09-13T06:28:48Z,1.0.0,1.0.0,1.0.0,2026-09-13T06:28:48Z,READY,224,116,108,0.517857,0.482143,2700,2300,1.173913,289.285714,a1bee2f832bba4fbfbee499c6c89c2cf1a011d365a81efc1b5ef04b1ed6b0236,candle_path_not_fill,UNAVAILABLE,UNAVAILABLE,UNAVAILABLE,NOT_COMPUTABLE,UNAVAILABLE
sensitivity,THEORETICAL,base_decomposition,p_0.725_weekly_ev,0.097426,fraction,p_grid,superasi_bdebase_v1.0.0,grade_config_v1,2026-09-13T13:03:03Z,77f6004823dc43509371df35ae2da858,913 ITI-01,520b4e76a9cc28b0c6569db6ee1d2b69ec97dac331fccf5f85a35ae2b53f260a,06ebb9644a2a3cec47351c00887dac177c54978adde1aa4c271a07d233dd8b72,79c4ae48c45e15f21346022d19dde6aa9329703681a8cd3921524af45d8891c9,913 ITI-01,NBA,NBA,2025-2026,2025-03-18,2026-09-01,"{""date_from"":""2025-03-18"",""date_to"":""2026-09-01"",""game_data"":[""pbp""],""leagues"":[""NBA""],""market_data"":[""candles""],""markets"":[""kalshi""],""seasons"":[""2025-2026""],""sports"":[""NBA""]}",TRADABLE_YES_BID,1_MINUTE_CANDLE,available_at,FIRST_TOUCH,"{""id"":""entry_mtw2zh6b_f4q8g"",""op"":""FIRST_TOUCH"",""ordinal"":""FIRST_TOUCH"",""period"":""Q2"",""price_e4"":6800,""source_vocabulary"":""TOUCH""}",REACH,"{""id"":""exit_mty0bwbw_mvfqe"",""op"":""REACH"",""outcome"":""win"",""price_e4"":9500}",REACH,"{""id"":""exit_mtug1t99_aq1lv"",""op"":""REACH"",""outcome"":""loss"",""price_e4"":4500}",HOLD_TO_SETTLEMENT,c5430eb845ac4cefb3c281ac543b383aad9652b9d0817d0605ab42bca6970657,1.0.0,2026-09-13T06:28:48Z,1.0.0,1.0.0,1.0.0,2026-09-13T06:28:48Z,READY,224,116,108,0.517857,0.482143,2700,2300,1.173913,289.285714,a1bee2f832bba4fbfbee499c6c89c2cf1a011d365a81efc1b5ef04b1ed6b0236,candle_path_not_fill,UNAVAILABLE,UNAVAILABLE,UNAVAILABLE,NOT_COMPUTABLE,UNAVAILABLE
sensitivity,MONTE_CARLO,base_decomposition,p_0.725_expected_20_week,5.424856,fraction,p_grid,superasi_bdebase_v1.0.0,grade_config_v1,2026-09-13T13:03:03Z,77f6004823dc43509371df35ae2da858,913 ITI-01,520b4e76a9cc28b0c6569db6ee1d2b69ec97dac331fccf5f85a35ae2b53f260a,06ebb9644a2a3cec47351c00887dac177c54978adde1aa4c271a07d233dd8b72,79c4ae48c45e15f21346022d19dde6aa9329703681a8cd3921524af45d8891c9,913 ITI-01,NBA,NBA,2025-2026,2025-03-18,2026-09-01,"{""date_from"":""2025-03-18"",""date_to"":""2026-09-01"",""game_data"":[""pbp""],""leagues"":[""NBA""],""market_data"":[""candles""],""markets"":[""kalshi""],""seasons"":[""2025-2026""],""sports"":[""NBA""]}",TRADABLE_YES_BID,1_MINUTE_CANDLE,available_at,FIRST_TOUCH,"{""id"":""entry_mtw2zh6b_f4q8g"",""op"":""FIRST_TOUCH"",""ordinal"":""FIRST_TOUCH"",""period"":""Q2"",""price_e4"":6800,""source_vocabulary"":""TOUCH""}",REACH,"{""id"":""exit_mty0bwbw_mvfqe"",""op"":""REACH"",""outcome"":""win"",""price_e4"":9500}",REACH,"{""id"":""exit_mtug1t99_aq1lv"",""op"":""REACH"",""outcome"":""loss"",""price_e4"":4500}",HOLD_TO_SETTLEMENT,c5430eb845ac4cefb3c281ac543b383aad9652b9d0817d0605ab42bca6970657,1.0.0,2026-09-13T06:28:48Z,1.0.0,1.0.0,1.0.0,2026-09-13T06:28:48Z,READY,224,116,108,0.517857,0.482143,2700,2300,1.173913,289.285714,a1bee2f832bba4fbfbee499c6c89c2cf1a011d365a81efc1b5ef04b1ed6b0236,candle_path_not_fill,UNAVAILABLE,UNAVAILABLE,UNAVAILABLE,NOT_COMPUTABLE,UNAVAILABLE
sensitivity,MONTE_CARLO,base_decomposition,p_0.725_P_floor,0.000000,fraction,p_grid,superasi_bdebase_v1.0.0,grade_config_v1,2026-09-13T13:03:03Z,77f6004823dc43509371df35ae2da858,913 ITI-01,520b4e76a9cc28b0c6569db6ee1d2b69ec97dac331fccf5f85a35ae2b53f260a,06ebb9644a2a3cec47351c00887dac177c54978adde1aa4c271a07d233dd8b72,79c4ae48c45e15f21346022d19dde6aa9329703681a8cd3921524af45d8891c9,913 ITI-01,NBA,NBA,2025-2026,2025-03-18,2026-09-01,"{""date_from"":""2025-03-18"",""date_to"":""2026-09-01"",""game_data"":[""pbp""],""leagues"":[""NBA""],""market_data"":[""candles""],""markets"":[""kalshi""],""seasons"":[""2025-2026""],""sports"":[""NBA""]}",TRADABLE_YES_BID,1_MINUTE_CANDLE,available_at,FIRST_TOUCH,"{""id"":""entry_mtw2zh6b_f4q8g"",""op"":""FIRST_TOUCH"",""ordinal"":""FIRST_TOUCH"",""period"":""Q2"",""price_e4"":6800,""source_vocabulary"":""TOUCH""}",REACH,"{""id"":""exit_mty0bwbw_mvfqe"",""op"":""REACH"",""outcome"":""win"",""price_e4"":9500}",REACH,"{""id"":""exit_mtug1t99_aq1lv"",""op"":""REACH"",""outcome"":""loss"",""price_e4"":4500}",HOLD_TO_SETTLEMENT,c5430eb845ac4cefb3c281ac543b383aad9652b9d0817d0605ab42bca6970657,1.0.0,2026-09-13T06:28:48Z,1.0.0,1.0.0,1.0.0,2026-09-13T06:28:48Z,READY,224,116,108,0.517857,0.482143,2700,2300,1.173913,289.285714,a1bee2f832bba4fbfbee499c6c89c2cf1a011d365a81efc1b5ef04b1ed6b0236,candle_path_not_fill,UNAVAILABLE,UNAVAILABLE,UNAVAILABLE,NOT_COMPUTABLE,UNAVAILABLE
sensitivity,MONTE_CARLO,base_decomposition,p_0.725_P_target,1.000000,fraction,p_grid,superasi_bdebase_v1.0.0,grade_config_v1,2026-09-13T13:03:03Z,77f6004823dc43509371df35ae2da858,913 ITI-01,520b4e76a9cc28b0c6569db6ee1d2b69ec97dac331fccf5f85a35ae2b53f260a,06ebb9644a2a3cec47351c00887dac177c54978adde1aa4c271a07d233dd8b72,79c4ae48c45e15f21346022d19dde6aa9329703681a8cd3921524af45d8891c9,913 ITI-01,NBA,NBA,2025-2026,2025-03-18,2026-09-01,"{""date_from"":""2025-03-18"",""date_to"":""2026-09-01"",""game_data"":[""pbp""],""leagues"":[""NBA""],""market_data"":[""candles""],""markets"":[""kalshi""],""seasons"":[""2025-2026""],""sports"":[""NBA""]}",TRADABLE_YES_BID,1_MINUTE_CANDLE,available_at,FIRST_TOUCH,"{""id"":""entry_mtw2zh6b_f4q8g"",""op"":""FIRST_TOUCH"",""ordinal"":""FIRST_TOUCH"",""period"":""Q2"",""price_e4"":6800,""source_vocabulary"":""TOUCH""}",REACH,"{""id"":""exit_mty0bwbw_mvfqe"",""op"":""REACH"",""outcome"":""win"",""price_e4"":9500}",REACH,"{""id"":""exit_mtug1t99_aq1lv"",""op"":""REACH"",""outcome"":""loss"",""price_e4"":4500}",HOLD_TO_SETTLEMENT,c5430eb845ac4cefb3c281ac543b383aad9652b9d0817d0605ab42bca6970657,1.0.0,2026-09-13T06:28:48Z,1.0.0,1.0.0,1.0.0,2026-09-13T06:28:48Z,READY,224,116,108,0.517857,0.482143,2700,2300,1.173913,289.285714,a1bee2f832bba4fbfbee499c6c89c2cf1a011d365a81efc1b5ef04b1ed6b0236,candle_path_not_fill,UNAVAILABLE,UNAVAILABLE,UNAVAILABLE,NOT_COMPUTABLE,UNAVAILABLE
sensitivity,MONTE_CARLO,base_decomposition,p_0.725_median_terminal,125933.833809,usd,p_grid,superasi_bdebase_v1.0.0,grade_config_v1,2026-09-13T13:03:03Z,77f6004823dc43509371df35ae2da858,913 ITI-01,520b4e76a9cc28b0c6569db6ee1d2b69ec97dac331fccf5f85a35ae2b53f260a,06ebb9644a2a3cec47351c00887dac177c54978adde1aa4c271a07d233dd8b72,79c4ae48c45e15f21346022d19dde6aa9329703681a8cd3921524af45d8891c9,913 ITI-01,NBA,NBA,2025-2026,2025-03-18,2026-09-01,"{""date_from"":""2025-03-18"",""date_to"":""2026-09-01"",""game_data"":[""pbp""],""leagues"":[""NBA""],""market_data"":[""candles""],""markets"":[""kalshi""],""seasons"":[""2025-2026""],""sports"":[""NBA""]}",TRADABLE_YES_BID,1_MINUTE_CANDLE,available_at,FIRST_TOUCH,"{""id"":""entry_mtw2zh6b_f4q8g"",""op"":""FIRST_TOUCH"",""ordinal"":""FIRST_TOUCH"",""period"":""Q2"",""price_e4"":6800,""source_vocabulary"":""TOUCH""}",REACH,"{""id"":""exit_mty0bwbw_mvfqe"",""op"":""REACH"",""outcome"":""win"",""price_e4"":9500}",REACH,"{""id"":""exit_mtug1t99_aq1lv"",""op"":""REACH"",""outcome"":""loss"",""price_e4"":4500}",HOLD_TO_SETTLEMENT,c5430eb845ac4cefb3c281ac543b383aad9652b9d0817d0605ab42bca6970657,1.0.0,2026-09-13T06:28:48Z,1.0.0,1.0.0,1.0.0,2026-09-13T06:28:48Z,READY,224,116,108,0.517857,0.482143,2700,2300,1.173913,289.285714,a1bee2f832bba4fbfbee499c6c89c2cf1a011d365a81efc1b5ef04b1ed6b0236,candle_path_not_fill,UNAVAILABLE,UNAVAILABLE,UNAVAILABLE,NOT_COMPUTABLE,UNAVAILABLE
sensitivity,THEORETICAL,base_decomposition,p_0.75_trade_ev,0.010662,fraction,p_grid,superasi_bdebase_v1.0.0,grade_config_v1,2026-09-13T13:03:03Z,77f6004823dc43509371df35ae2da858,913 ITI-01,520b4e76a9cc28b0c6569db6ee1d2b69ec97dac331fccf5f85a35ae2b53f260a,06ebb9644a2a3cec47351c00887dac177c54978adde1aa4c271a07d233dd8b72,79c4ae48c45e15f21346022d19dde6aa9329703681a8cd3921524af45d8891c9,913 ITI-01,NBA,NBA,2025-2026,2025-03-18,2026-09-01,"{""date_from"":""2025-03-18"",""date_to"":""2026-09-01"",""game_data"":[""pbp""],""leagues"":[""NBA""],""market_data"":[""candles""],""markets"":[""kalshi""],""seasons"":[""2025-2026""],""sports"":[""NBA""]}",TRADABLE_YES_BID,1_MINUTE_CANDLE,available_at,FIRST_TOUCH,"{""id"":""entry_mtw2zh6b_f4q8g"",""op"":""FIRST_TOUCH"",""ordinal"":""FIRST_TOUCH"",""period"":""Q2"",""price_e4"":6800,""source_vocabulary"":""TOUCH""}",REACH,"{""id"":""exit_mty0bwbw_mvfqe"",""op"":""REACH"",""outcome"":""win"",""price_e4"":9500}",REACH,"{""id"":""exit_mtug1t99_aq1lv"",""op"":""REACH"",""outcome"":""loss"",""price_e4"":4500}",HOLD_TO_SETTLEMENT,c5430eb845ac4cefb3c281ac543b383aad9652b9d0817d0605ab42bca6970657,1.0.0,2026-09-13T06:28:48Z,1.0.0,1.0.0,1.0.0,2026-09-13T06:28:48Z,READY,224,116,108,0.517857,0.482143,2700,2300,1.173913,289.285714,a1bee2f832bba4fbfbee499c6c89c2cf1a011d365a81efc1b5ef04b1ed6b0236,candle_path_not_fill,UNAVAILABLE,UNAVAILABLE,UNAVAILABLE,NOT_COMPUTABLE,UNAVAILABLE
sensitivity,THEORETICAL,base_decomposition,p_0.75_weekly_ev,0.106618,fraction,p_grid,superasi_bdebase_v1.0.0,grade_config_v1,2026-09-13T13:03:03Z,77f6004823dc43509371df35ae2da858,913 ITI-01,520b4e76a9cc28b0c6569db6ee1d2b69ec97dac331fccf5f85a35ae2b53f260a,06ebb9644a2a3cec47351c00887dac177c54978adde1aa4c271a07d233dd8b72,79c4ae48c45e15f21346022d19dde6aa9329703681a8cd3921524af45d8891c9,913 ITI-01,NBA,NBA,2025-2026,2025-03-18,2026-09-01,"{""date_from"":""2025-03-18"",""date_to"":""2026-09-01"",""game_data"":[""pbp""],""leagues"":[""NBA""],""market_data"":[""candles""],""markets"":[""kalshi""],""seasons"":[""2025-2026""],""sports"":[""NBA""]}",TRADABLE_YES_BID,1_MINUTE_CANDLE,available_at,FIRST_TOUCH,"{""id"":""entry_mtw2zh6b_f4q8g"",""op"":""FIRST_TOUCH"",""ordinal"":""FIRST_TOUCH"",""period"":""Q2"",""price_e4"":6800,""source_vocabulary"":""TOUCH""}",REACH,"{""id"":""exit_mty0bwbw_mvfqe"",""op"":""REACH"",""outcome"":""win"",""price_e4"":9500}",REACH,"{""id"":""exit_mtug1t99_aq1lv"",""op"":""REACH"",""outcome"":""loss"",""price_e4"":4500}",HOLD_TO_SETTLEMENT,c5430eb845ac4cefb3c281ac543b383aad9652b9d0817d0605ab42bca6970657,1.0.0,2026-09-13T06:28:48Z,1.0.0,1.0.0,1.0.0,2026-09-13T06:28:48Z,READY,224,116,108,0.517857,0.482143,2700,2300,1.173913,289.285714,a1bee2f832bba4fbfbee499c6c89c2cf1a011d365a81efc1b5ef04b1ed6b0236,candle_path_not_fill,UNAVAILABLE,UNAVAILABLE,UNAVAILABLE,NOT_COMPUTABLE,UNAVAILABLE
sensitivity,MONTE_CARLO,base_decomposition,p_0.75_expected_20_week,6.591032,fraction,p_grid,superasi_bdebase_v1.0.0,grade_config_v1,2026-09-13T13:03:03Z,77f6004823dc43509371df35ae2da858,913 ITI-01,520b4e76a9cc28b0c6569db6ee1d2b69ec97dac331fccf5f85a35ae2b53f260a,06ebb9644a2a3cec47351c00887dac177c54978adde1aa4c271a07d233dd8b72,79c4ae48c45e15f21346022d19dde6aa9329703681a8cd3921524af45d8891c9,913 ITI-01,NBA,NBA,2025-2026,2025-03-18,2026-09-01,"{""date_from"":""2025-03-18"",""date_to"":""2026-09-01"",""game_data"":[""pbp""],""leagues"":[""NBA""],""market_data"":[""candles""],""markets"":[""kalshi""],""seasons"":[""2025-2026""],""sports"":[""NBA""]}",TRADABLE_YES_BID,1_MINUTE_CANDLE,available_at,FIRST_TOUCH,"{""id"":""entry_mtw2zh6b_f4q8g"",""op"":""FIRST_TOUCH"",""ordinal"":""FIRST_TOUCH"",""period"":""Q2"",""price_e4"":6800,""source_vocabulary"":""TOUCH""}",REACH,"{""id"":""exit_mty0bwbw_mvfqe"",""op"":""REACH"",""outcome"":""win"",""price_e4"":9500}",REACH,"{""id"":""exit_mtug1t99_aq1lv"",""op"":""REACH"",""outcome"":""loss"",""price_e4"":4500}",HOLD_TO_SETTLEMENT,c5430eb845ac4cefb3c281ac543b383aad9652b9d0817d0605ab42bca6970657,1.0.0,2026-09-13T06:28:48Z,1.0.0,1.0.0,1.0.0,2026-09-13T06:28:48Z,READY,224,116,108,0.517857,0.482143,2700,2300,1.173913,289.285714,a1bee2f832bba4fbfbee499c6c89c2cf1a011d365a81efc1b5ef04b1ed6b0236,candle_path_not_fill,UNAVAILABLE,UNAVAILABLE,UNAVAILABLE,NOT_COMPUTABLE,UNAVAILABLE
sensitivity,MONTE_CARLO,base_decomposition,p_0.75_P_floor,0.000000,fraction,p_grid,superasi_bdebase_v1.0.0,grade_config_v1,2026-09-13T13:03:03Z,77f6004823dc43509371df35ae2da858,913 ITI-01,520b4e76a9cc28b0c6569db6ee1d2b69ec97dac331fccf5f85a35ae2b53f260a,06ebb9644a2a3cec47351c00887dac177c54978adde1aa4c271a07d233dd8b72,79c4ae48c45e15f21346022d19dde6aa9329703681a8cd3921524af45d8891c9,913 ITI-01,NBA,NBA,2025-2026,2025-03-18,2026-09-01,"{""date_from"":""2025-03-18"",""date_to"":""2026-09-01"",""game_data"":[""pbp""],""leagues"":[""NBA""],""market_data"":[""candles""],""markets"":[""kalshi""],""seasons"":[""2025-2026""],""sports"":[""NBA""]}",TRADABLE_YES_BID,1_MINUTE_CANDLE,available_at,FIRST_TOUCH,"{""id"":""entry_mtw2zh6b_f4q8g"",""op"":""FIRST_TOUCH"",""ordinal"":""FIRST_TOUCH"",""period"":""Q2"",""price_e4"":6800,""source_vocabulary"":""TOUCH""}",REACH,"{""id"":""exit_mty0bwbw_mvfqe"",""op"":""REACH"",""outcome"":""win"",""price_e4"":9500}",REACH,"{""id"":""exit_mtug1t99_aq1lv"",""op"":""REACH"",""outcome"":""loss"",""price_e4"":4500}",HOLD_TO_SETTLEMENT,c5430eb845ac4cefb3c281ac543b383aad9652b9d0817d0605ab42bca6970657,1.0.0,2026-09-13T06:28:48Z,1.0.0,1.0.0,1.0.0,2026-09-13T06:28:48Z,READY,224,116,108,0.517857,0.482143,2700,2300,1.173913,289.285714,a1bee2f832bba4fbfbee499c6c89c2cf1a011d365a81efc1b5ef04b1ed6b0236,candle_path_not_fill,UNAVAILABLE,UNAVAILABLE,UNAVAILABLE,NOT_COMPUTABLE,UNAVAILABLE
sensitivity,MONTE_CARLO,base_decomposition,p_0.75_P_target,1.000000,fraction,p_grid,superasi_bdebase_v1.0.0,grade_config_v1,2026-09-13T13:03:03Z,77f6004823dc43509371df35ae2da858,913 ITI-01,520b4e76a9cc28b0c6569db6ee1d2b69ec97dac331fccf5f85a35ae2b53f260a,06ebb9644a2a3cec47351c00887dac177c54978adde1aa4c271a07d233dd8b72,79c4ae48c45e15f21346022d19dde6aa9329703681a8cd3921524af45d8891c9,913 ITI-01,NBA,NBA,2025-2026,2025-03-18,2026-09-01,"{""date_from"":""2025-03-18"",""date_to"":""2026-09-01"",""game_data"":[""pbp""],""leagues"":[""NBA""],""market_data"":[""candles""],""markets"":[""kalshi""],""seasons"":[""2025-2026""],""sports"":[""NBA""]}",TRADABLE_YES_BID,1_MINUTE_CANDLE,available_at,FIRST_TOUCH,"{""id"":""entry_mtw2zh6b_f4q8g"",""op"":""FIRST_TOUCH"",""ordinal"":""FIRST_TOUCH"",""period"":""Q2"",""price_e4"":6800,""source_vocabulary"":""TOUCH""}",REACH,"{""id"":""exit_mty0bwbw_mvfqe"",""op"":""REACH"",""outcome"":""win"",""price_e4"":9500}",REACH,"{""id"":""exit_mtug1t99_aq1lv"",""op"":""REACH"",""outcome"":""loss"",""price_e4"":4500}",HOLD_TO_SETTLEMENT,c5430eb845ac4cefb3c281ac543b383aad9652b9d0817d0605ab42bca6970657,1.0.0,2026-09-13T06:28:48Z,1.0.0,1.0.0,1.0.0,2026-09-13T06:28:48Z,READY,224,116,108,0.517857,0.482143,2700,2300,1.173913,289.285714,a1bee2f832bba4fbfbee499c6c89c2cf1a011d365a81efc1b5ef04b1ed6b0236,candle_path_not_fill,UNAVAILABLE,UNAVAILABLE,UNAVAILABLE,NOT_COMPUTABLE,UNAVAILABLE
sensitivity,MONTE_CARLO,base_decomposition,p_0.75_median_terminal,149021.289304,usd,p_grid,superasi_bdebase_v1.0.0,grade_config_v1,2026-09-13T13:03:03Z,77f6004823dc43509371df35ae2da858,913 ITI-01,520b4e76a9cc28b0c6569db6ee1d2b69ec97dac331fccf5f85a35ae2b53f260a,06ebb9644a2a3cec47351c00887dac177c54978adde1aa4c271a07d233dd8b72,79c4ae48c45e15f21346022d19dde6aa9329703681a8cd3921524af45d8891c9,913 ITI-01,NBA,NBA,2025-2026,2025-03-18,2026-09-01,"{""date_from"":""2025-03-18"",""date_to"":""2026-09-01"",""game_data"":[""pbp""],""leagues"":[""NBA""],""market_data"":[""candles""],""markets"":[""kalshi""],""seasons"":[""2025-2026""],""sports"":[""NBA""]}",TRADABLE_YES_BID,1_MINUTE_CANDLE,available_at,FIRST_TOUCH,"{""id"":""entry_mtw2zh6b_f4q8g"",""op"":""FIRST_TOUCH"",""ordinal"":""FIRST_TOUCH"",""period"":""Q2"",""price_e4"":6800,""source_vocabulary"":""TOUCH""}",REACH,"{""id"":""exit_mty0bwbw_mvfqe"",""op"":""REACH"",""outcome"":""win"",""price_e4"":9500}",REACH,"{""id"":""exit_mtug1t99_aq1lv"",""op"":""REACH"",""outcome"":""loss"",""price_e4"":4500}",HOLD_TO_SETTLEMENT,c5430eb845ac4cefb3c281ac543b383aad9652b9d0817d0605ab42bca6970657,1.0.0,2026-09-13T06:28:48Z,1.0.0,1.0.0,1.0.0,2026-09-13T06:28:48Z,READY,224,116,108,0.517857,0.482143,2700,2300,1.173913,289.285714,a1bee2f832bba4fbfbee499c6c89c2cf1a011d365a81efc1b5ef04b1ed6b0236,candle_path_not_fill,UNAVAILABLE,UNAVAILABLE,UNAVAILABLE,NOT_COMPUTABLE,UNAVAILABLE
sensitivity,THEORETICAL,base_decomposition,p_0.775_trade_ev,0.011581,fraction,p_grid,superasi_bdebase_v1.0.0,grade_config_v1,2026-09-13T13:03:03Z,77f6004823dc43509371df35ae2da858,913 ITI-01,520b4e76a9cc28b0c6569db6ee1d2b69ec97dac331fccf5f85a35ae2b53f260a,06ebb9644a2a3cec47351c00887dac177c54978adde1aa4c271a07d233dd8b72,79c4ae48c45e15f21346022d19dde6aa9329703681a8cd3921524af45d8891c9,913 ITI-01,NBA,NBA,2025-2026,2025-03-18,2026-09-01,"{""date_from"":""2025-03-18"",""date_to"":""2026-09-01"",""game_data"":[""pbp""],""leagues"":[""NBA""],""market_data"":[""candles""],""markets"":[""kalshi""],""seasons"":[""2025-2026""],""sports"":[""NBA""]}",TRADABLE_YES_BID,1_MINUTE_CANDLE,available_at,FIRST_TOUCH,"{""id"":""entry_mtw2zh6b_f4q8g"",""op"":""FIRST_TOUCH"",""ordinal"":""FIRST_TOUCH"",""period"":""Q2"",""price_e4"":6800,""source_vocabulary"":""TOUCH""}",REACH,"{""id"":""exit_mty0bwbw_mvfqe"",""op"":""REACH"",""outcome"":""win"",""price_e4"":9500}",REACH,"{""id"":""exit_mtug1t99_aq1lv"",""op"":""REACH"",""outcome"":""loss"",""price_e4"":4500}",HOLD_TO_SETTLEMENT,c5430eb845ac4cefb3c281ac543b383aad9652b9d0817d0605ab42bca6970657,1.0.0,2026-09-13T06:28:48Z,1.0.0,1.0.0,1.0.0,2026-09-13T06:28:48Z,READY,224,116,108,0.517857,0.482143,2700,2300,1.173913,289.285714,a1bee2f832bba4fbfbee499c6c89c2cf1a011d365a81efc1b5ef04b1ed6b0236,candle_path_not_fill,UNAVAILABLE,UNAVAILABLE,UNAVAILABLE,NOT_COMPUTABLE,UNAVAILABLE
sensitivity,THEORETICAL,base_decomposition,p_0.775_weekly_ev,0.115809,fraction,p_grid,superasi_bdebase_v1.0.0,grade_config_v1,2026-09-13T13:03:03Z,77f6004823dc43509371df35ae2da858,913 ITI-01,520b4e76a9cc28b0c6569db6ee1d2b69ec97dac331fccf5f85a35ae2b53f260a,06ebb9644a2a3cec47351c00887dac177c54978adde1aa4c271a07d233dd8b72,79c4ae48c45e15f21346022d19dde6aa9329703681a8cd3921524af45d8891c9,913 ITI-01,NBA,NBA,2025-2026,2025-03-18,2026-09-01,"{""date_from"":""2025-03-18"",""date_to"":""2026-09-01"",""game_data"":[""pbp""],""leagues"":[""NBA""],""market_data"":[""candles""],""markets"":[""kalshi""],""seasons"":[""2025-2026""],""sports"":[""NBA""]}",TRADABLE_YES_BID,1_MINUTE_CANDLE,available_at,FIRST_TOUCH,"{""id"":""entry_mtw2zh6b_f4q8g"",""op"":""FIRST_TOUCH"",""ordinal"":""FIRST_TOUCH"",""period"":""Q2"",""price_e4"":6800,""source_vocabulary"":""TOUCH""}",REACH,"{""id"":""exit_mty0bwbw_mvfqe"",""op"":""REACH"",""outcome"":""win"",""price_e4"":9500}",REACH,"{""id"":""exit_mtug1t99_aq1lv"",""op"":""REACH"",""outcome"":""loss"",""price_e4"":4500}",HOLD_TO_SETTLEMENT,c5430eb845ac4cefb3c281ac543b383aad9652b9d0817d0605ab42bca6970657,1.0.0,2026-09-13T06:28:48Z,1.0.0,1.0.0,1.0.0,2026-09-13T06:28:48Z,READY,224,116,108,0.517857,0.482143,2700,2300,1.173913,289.285714,a1bee2f832bba4fbfbee499c6c89c2cf1a011d365a81efc1b5ef04b1ed6b0236,candle_path_not_fill,UNAVAILABLE,UNAVAILABLE,UNAVAILABLE,NOT_COMPUTABLE,UNAVAILABLE
sensitivity,MONTE_CARLO,base_decomposition,p_0.775_expected_20_week,7.957597,fraction,p_grid,superasi_bdebase_v1.0.0,grade_config_v1,2026-09-13T13:03:03Z,77f6004823dc43509371df35ae2da858,913 ITI-01,520b4e76a9cc28b0c6569db6ee1d2b69ec97dac331fccf5f85a35ae2b53f260a,06ebb9644a2a3cec47351c00887dac177c54978adde1aa4c271a07d233dd8b72,79c4ae48c45e15f21346022d19dde6aa9329703681a8cd3921524af45d8891c9,913 ITI-01,NBA,NBA,2025-2026,2025-03-18,2026-09-01,"{""date_from"":""2025-03-18"",""date_to"":""2026-09-01"",""game_data"":[""pbp""],""leagues"":[""NBA""],""market_data"":[""candles""],""markets"":[""kalshi""],""seasons"":[""2025-2026""],""sports"":[""NBA""]}",TRADABLE_YES_BID,1_MINUTE_CANDLE,available_at,FIRST_TOUCH,"{""id"":""entry_mtw2zh6b_f4q8g"",""op"":""FIRST_TOUCH"",""ordinal"":""FIRST_TOUCH"",""period"":""Q2"",""price_e4"":6800,""source_vocabulary"":""TOUCH""}",REACH,"{""id"":""exit_mty0bwbw_mvfqe"",""op"":""REACH"",""outcome"":""win"",""price_e4"":9500}",REACH,"{""id"":""exit_mtug1t99_aq1lv"",""op"":""REACH"",""outcome"":""loss"",""price_e4"":4500}",HOLD_TO_SETTLEMENT,c5430eb845ac4cefb3c281ac543b383aad9652b9d0817d0605ab42bca6970657,1.0.0,2026-09-13T06:28:48Z,1.0.0,1.0.0,1.0.0,2026-09-13T06:28:48Z,READY,224,116,108,0.517857,0.482143,2700,2300,1.173913,289.285714,a1bee2f832bba4fbfbee499c6c89c2cf1a011d365a81efc1b5ef04b1ed6b0236,candle_path_not_fill,UNAVAILABLE,UNAVAILABLE,UNAVAILABLE,NOT_COMPUTABLE,UNAVAILABLE
sensitivity,MONTE_CARLO,base_decomposition,p_0.775_P_floor,0.000000,fraction,p_grid,superasi_bdebase_v1.0.0,grade_config_v1,2026-09-13T13:03:03Z,77f6004823dc43509371df35ae2da858,913 ITI-01,520b4e76a9cc28b0c6569db6ee1d2b69ec97dac331fccf5f85a35ae2b53f260a,06ebb9644a2a3cec47351c00887dac177c54978adde1aa4c271a07d233dd8b72,79c4ae48c45e15f21346022d19dde6aa9329703681a8cd3921524af45d8891c9,913 ITI-01,NBA,NBA,2025-2026,2025-03-18,2026-09-01,"{""date_from"":""2025-03-18"",""date_to"":""2026-09-01"",""game_data"":[""pbp""],""leagues"":[""NBA""],""market_data"":[""candles""],""markets"":[""kalshi""],""seasons"":[""2025-2026""],""sports"":[""NBA""]}",TRADABLE_YES_BID,1_MINUTE_CANDLE,available_at,FIRST_TOUCH,"{""id"":""entry_mtw2zh6b_f4q8g"",""op"":""FIRST_TOUCH"",""ordinal"":""FIRST_TOUCH"",""period"":""Q2"",""price_e4"":6800,""source_vocabulary"":""TOUCH""}",REACH,"{""id"":""exit_mty0bwbw_mvfqe"",""op"":""REACH"",""outcome"":""win"",""price_e4"":9500}",REACH,"{""id"":""exit_mtug1t99_aq1lv"",""op"":""REACH"",""outcome"":""loss"",""price_e4"":4500}",HOLD_TO_SETTLEMENT,c5430eb845ac4cefb3c281ac543b383aad9652b9d0817d0605ab42bca6970657,1.0.0,2026-09-13T06:28:48Z,1.0.0,1.0.0,1.0.0,2026-09-13T06:28:48Z,READY,224,116,108,0.517857,0.482143,2700,2300,1.173913,289.285714,a1bee2f832bba4fbfbee499c6c89c2cf1a011d365a81efc1b5ef04b1ed6b0236,candle_path_not_fill,UNAVAILABLE,UNAVAILABLE,UNAVAILABLE,NOT_COMPUTABLE,UNAVAILABLE
sensitivity,MONTE_CARLO,base_decomposition,p_0.775_P_target,1.000000,fraction,p_grid,superasi_bdebase_v1.0.0,grade_config_v1,2026-09-13T13:03:03Z,77f6004823dc43509371df35ae2da858,913 ITI-01,520b4e76a9cc28b0c6569db6ee1d2b69ec97dac331fccf5f85a35ae2b53f260a,06ebb9644a2a3cec47351c00887dac177c54978adde1aa4c271a07d233dd8b72,79c4ae48c45e15f21346022d19dde6aa9329703681a8cd3921524af45d8891c9,913 ITI-01,NBA,NBA,2025-2026,2025-03-18,2026-09-01,"{""date_from"":""2025-03-18"",""date_to"":""2026-09-01"",""game_data"":[""pbp""],""leagues"":[""NBA""],""market_data"":[""candles""],""markets"":[""kalshi""],""seasons"":[""2025-2026""],""sports"":[""NBA""]}",TRADABLE_YES_BID,1_MINUTE_CANDLE,available_at,FIRST_TOUCH,"{""id"":""entry_mtw2zh6b_f4q8g"",""op"":""FIRST_TOUCH"",""ordinal"":""FIRST_TOUCH"",""period"":""Q2"",""price_e4"":6800,""source_vocabulary"":""TOUCH""}",REACH,"{""id"":""exit_mty0bwbw_mvfqe"",""op"":""REACH"",""outcome"":""win"",""price_e4"":9500}",REACH,"{""id"":""exit_mtug1t99_aq1lv"",""op"":""REACH"",""outcome"":""loss"",""price_e4"":4500}",HOLD_TO_SETTLEMENT,c5430eb845ac4cefb3c281ac543b383aad9652b9d0817d0605ab42bca6970657,1.0.0,2026-09-13T06:28:48Z,1.0.0,1.0.0,1.0.0,2026-09-13T06:28:48Z,READY,224,116,108,0.517857,0.482143,2700,2300,1.173913,289.285714,a1bee2f832bba4fbfbee499c6c89c2cf1a011d365a81efc1b5ef04b1ed6b0236,candle_path_not_fill,UNAVAILABLE,UNAVAILABLE,UNAVAILABLE,NOT_COMPUTABLE,UNAVAILABLE
sensitivity,MONTE_CARLO,base_decomposition,p_0.775_median_terminal,176116.645359,usd,p_grid,superasi_bdebase_v1.0.0,grade_config_v1,2026-09-13T13:03:03Z,77f6004823dc43509371df35ae2da858,913 ITI-01,520b4e76a9cc28b0c6569db6ee1d2b69ec97dac331fccf5f85a35ae2b53f260a,06ebb9644a2a3cec47351c00887dac177c54978adde1aa4c271a07d233dd8b72,79c4ae48c45e15f21346022d19dde6aa9329703681a8cd3921524af45d8891c9,913 ITI-01,NBA,NBA,2025-2026,2025-03-18,2026-09-01,"{""date_from"":""2025-03-18"",""date_to"":""2026-09-01"",""game_data"":[""pbp""],""leagues"":[""NBA""],""market_data"":[""candles""],""markets"":[""kalshi""],""seasons"":[""2025-2026""],""sports"":[""NBA""]}",TRADABLE_YES_BID,1_MINUTE_CANDLE,available_at,FIRST_TOUCH,"{""id"":""entry_mtw2zh6b_f4q8g"",""op"":""FIRST_TOUCH"",""ordinal"":""FIRST_TOUCH"",""period"":""Q2"",""price_e4"":6800,""source_vocabulary"":""TOUCH""}",REACH,"{""id"":""exit_mty0bwbw_mvfqe"",""op"":""REACH"",""outcome"":""win"",""price_e4"":9500}",REACH,"{""id"":""exit_mtug1t99_aq1lv"",""op"":""REACH"",""outcome"":""loss"",""price_e4"":4500}",HOLD_TO_SETTLEMENT,c5430eb845ac4cefb3c281ac543b383aad9652b9d0817d0605ab42bca6970657,1.0.0,2026-09-13T06:28:48Z,1.0.0,1.0.0,1.0.0,2026-09-13T06:28:48Z,READY,224,116,108,0.517857,0.482143,2700,2300,1.173913,289.285714,a1bee2f832bba4fbfbee499c6c89c2cf1a011d365a81efc1b5ef04b1ed6b0236,candle_path_not_fill,UNAVAILABLE,UNAVAILABLE,UNAVAILABLE,NOT_COMPUTABLE,UNAVAILABLE
sensitivity,THEORETICAL,base_decomposition,p_0.8_trade_ev,0.012500,fraction,p_grid,superasi_bdebase_v1.0.0,grade_config_v1,2026-09-13T13:03:03Z,77f6004823dc43509371df35ae2da858,913 ITI-01,520b4e76a9cc28b0c6569db6ee1d2b69ec97dac331fccf5f85a35ae2b53f260a,06ebb9644a2a3cec47351c00887dac177c54978adde1aa4c271a07d233dd8b72,79c4ae48c45e15f21346022d19dde6aa9329703681a8cd3921524af45d8891c9,913 ITI-01,NBA,NBA,2025-2026,2025-03-18,2026-09-01,"{""date_from"":""2025-03-18"",""date_to"":""2026-09-01"",""game_data"":[""pbp""],""leagues"":[""NBA""],""market_data"":[""candles""],""markets"":[""kalshi""],""seasons"":[""2025-2026""],""sports"":[""NBA""]}",TRADABLE_YES_BID,1_MINUTE_CANDLE,available_at,FIRST_TOUCH,"{""id"":""entry_mtw2zh6b_f4q8g"",""op"":""FIRST_TOUCH"",""ordinal"":""FIRST_TOUCH"",""period"":""Q2"",""price_e4"":6800,""source_vocabulary"":""TOUCH""}",REACH,"{""id"":""exit_mty0bwbw_mvfqe"",""op"":""REACH"",""outcome"":""win"",""price_e4"":9500}",REACH,"{""id"":""exit_mtug1t99_aq1lv"",""op"":""REACH"",""outcome"":""loss"",""price_e4"":4500}",HOLD_TO_SETTLEMENT,c5430eb845ac4cefb3c281ac543b383aad9652b9d0817d0605ab42bca6970657,1.0.0,2026-09-13T06:28:48Z,1.0.0,1.0.0,1.0.0,2026-09-13T06:28:48Z,READY,224,116,108,0.517857,0.482143,2700,2300,1.173913,289.285714,a1bee2f832bba4fbfbee499c6c89c2cf1a011d365a81efc1b5ef04b1ed6b0236,candle_path_not_fill,UNAVAILABLE,UNAVAILABLE,UNAVAILABLE,NOT_COMPUTABLE,UNAVAILABLE
sensitivity,THEORETICAL,base_decomposition,p_0.8_weekly_ev,0.125000,fraction,p_grid,superasi_bdebase_v1.0.0,grade_config_v1,2026-09-13T13:03:03Z,77f6004823dc43509371df35ae2da858,913 ITI-01,520b4e76a9cc28b0c6569db6ee1d2b69ec97dac331fccf5f85a35ae2b53f260a,06ebb9644a2a3cec47351c00887dac177c54978adde1aa4c271a07d233dd8b72,79c4ae48c45e15f21346022d19dde6aa9329703681a8cd3921524af45d8891c9,913 ITI-01,NBA,NBA,2025-2026,2025-03-18,2026-09-01,"{""date_from"":""2025-03-18"",""date_to"":""2026-09-01"",""game_data"":[""pbp""],""leagues"":[""NBA""],""market_data"":[""candles""],""markets"":[""kalshi""],""seasons"":[""2025-2026""],""sports"":[""NBA""]}",TRADABLE_YES_BID,1_MINUTE_CANDLE,available_at,FIRST_TOUCH,"{""id"":""entry_mtw2zh6b_f4q8g"",""op"":""FIRST_TOUCH"",""ordinal"":""FIRST_TOUCH"",""period"":""Q2"",""price_e4"":6800,""source_vocabulary"":""TOUCH""}",REACH,"{""id"":""exit_mty0bwbw_mvfqe"",""op"":""REACH"",""outcome"":""win"",""price_e4"":9500}",REACH,"{""id"":""exit_mtug1t99_aq1lv"",""op"":""REACH"",""outcome"":""loss"",""price_e4"":4500}",HOLD_TO_SETTLEMENT,c5430eb845ac4cefb3c281ac543b383aad9652b9d0817d0605ab42bca6970657,1.0.0,2026-09-13T06:28:48Z,1.0.0,1.0.0,1.0.0,2026-09-13T06:28:48Z,READY,224,116,108,0.517857,0.482143,2700,2300,1.173913,289.285714,a1bee2f832bba4fbfbee499c6c89c2cf1a011d365a81efc1b5ef04b1ed6b0236,candle_path_not_fill,UNAVAILABLE,UNAVAILABLE,UNAVAILABLE,NOT_COMPUTABLE,UNAVAILABLE
sensitivity,MONTE_CARLO,base_decomposition,p_0.8_expected_20_week,9.556309,fraction,p_grid,superasi_bdebase_v1.0.0,grade_config_v1,2026-09-13T13:03:03Z,77f6004823dc43509371df35ae2da858,913 ITI-01,520b4e76a9cc28b0c6569db6ee1d2b69ec97dac331fccf5f85a35ae2b53f260a,06ebb9644a2a3cec47351c00887dac177c54978adde1aa4c271a07d233dd8b72,79c4ae48c45e15f21346022d19dde6aa9329703681a8cd3921524af45d8891c9,913 ITI-01,NBA,NBA,2025-2026,2025-03-18,2026-09-01,"{""date_from"":""2025-03-18"",""date_to"":""2026-09-01"",""game_data"":[""pbp""],""leagues"":[""NBA""],""market_data"":[""candles""],""markets"":[""kalshi""],""seasons"":[""2025-2026""],""sports"":[""NBA""]}",TRADABLE_YES_BID,1_MINUTE_CANDLE,available_at,FIRST_TOUCH,"{""id"":""entry_mtw2zh6b_f4q8g"",""op"":""FIRST_TOUCH"",""ordinal"":""FIRST_TOUCH"",""period"":""Q2"",""price_e4"":6800,""source_vocabulary"":""TOUCH""}",REACH,"{""id"":""exit_mty0bwbw_mvfqe"",""op"":""REACH"",""outcome"":""win"",""price_e4"":9500}",REACH,"{""id"":""exit_mtug1t99_aq1lv"",""op"":""REACH"",""outcome"":""loss"",""price_e4"":4500}",HOLD_TO_SETTLEMENT,c5430eb845ac4cefb3c281ac543b383aad9652b9d0817d0605ab42bca6970657,1.0.0,2026-09-13T06:28:48Z,1.0.0,1.0.0,1.0.0,2026-09-13T06:28:48Z,READY,224,116,108,0.517857,0.482143,2700,2300,1.173913,289.285714,a1bee2f832bba4fbfbee499c6c89c2cf1a011d365a81efc1b5ef04b1ed6b0236,candle_path_not_fill,UNAVAILABLE,UNAVAILABLE,UNAVAILABLE,NOT_COMPUTABLE,UNAVAILABLE
sensitivity,MONTE_CARLO,base_decomposition,p_0.8_P_floor,0.000000,fraction,p_grid,superasi_bdebase_v1.0.0,grade_config_v1,2026-09-13T13:03:03Z,77f6004823dc43509371df35ae2da858,913 ITI-01,520b4e76a9cc28b0c6569db6ee1d2b69ec97dac331fccf5f85a35ae2b53f260a,06ebb9644a2a3cec47351c00887dac177c54978adde1aa4c271a07d233dd8b72,79c4ae48c45e15f21346022d19dde6aa9329703681a8cd3921524af45d8891c9,913 ITI-01,NBA,NBA,2025-2026,2025-03-18,2026-09-01,"{""date_from"":""2025-03-18"",""date_to"":""2026-09-01"",""game_data"":[""pbp""],""leagues"":[""NBA""],""market_data"":[""candles""],""markets"":[""kalshi""],""seasons"":[""2025-2026""],""sports"":[""NBA""]}",TRADABLE_YES_BID,1_MINUTE_CANDLE,available_at,FIRST_TOUCH,"{""id"":""entry_mtw2zh6b_f4q8g"",""op"":""FIRST_TOUCH"",""ordinal"":""FIRST_TOUCH"",""period"":""Q2"",""price_e4"":6800,""source_vocabulary"":""TOUCH""}",REACH,"{""id"":""exit_mty0bwbw_mvfqe"",""op"":""REACH"",""outcome"":""win"",""price_e4"":9500}",REACH,"{""id"":""exit_mtug1t99_aq1lv"",""op"":""REACH"",""outcome"":""loss"",""price_e4"":4500}",HOLD_TO_SETTLEMENT,c5430eb845ac4cefb3c281ac543b383aad9652b9d0817d0605ab42bca6970657,1.0.0,2026-09-13T06:28:48Z,1.0.0,1.0.0,1.0.0,2026-09-13T06:28:48Z,READY,224,116,108,0.517857,0.482143,2700,2300,1.173913,289.285714,a1bee2f832bba4fbfbee499c6c89c2cf1a011d365a81efc1b5ef04b1ed6b0236,candle_path_not_fill,UNAVAILABLE,UNAVAILABLE,UNAVAILABLE,NOT_COMPUTABLE,UNAVAILABLE
sensitivity,MONTE_CARLO,base_decomposition,p_0.8_P_target,1.000000,fraction,p_grid,superasi_bdebase_v1.0.0,grade_config_v1,2026-09-13T13:03:03Z,77f6004823dc43509371df35ae2da858,913 ITI-01,520b4e76a9cc28b0c6569db6ee1d2b69ec97dac331fccf5f85a35ae2b53f260a,06ebb9644a2a3cec47351c00887dac177c54978adde1aa4c271a07d233dd8b72,79c4ae48c45e15f21346022d19dde6aa9329703681a8cd3921524af45d8891c9,913 ITI-01,NBA,NBA,2025-2026,2025-03-18,2026-09-01,"{""date_from"":""2025-03-18"",""date_to"":""2026-09-01"",""game_data"":[""pbp""],""leagues"":[""NBA""],""market_data"":[""candles""],""markets"":[""kalshi""],""seasons"":[""2025-2026""],""sports"":[""NBA""]}",TRADABLE_YES_BID,1_MINUTE_CANDLE,available_at,FIRST_TOUCH,"{""id"":""entry_mtw2zh6b_f4q8g"",""op"":""FIRST_TOUCH"",""ordinal"":""FIRST_TOUCH"",""period"":""Q2"",""price_e4"":6800,""source_vocabulary"":""TOUCH""}",REACH,"{""id"":""exit_mty0bwbw_mvfqe"",""op"":""REACH"",""outcome"":""win"",""price_e4"":9500}",REACH,"{""id"":""exit_mtug1t99_aq1lv"",""op"":""REACH"",""outcome"":""loss"",""price_e4"":4500}",HOLD_TO_SETTLEMENT,c5430eb845ac4cefb3c281ac543b383aad9652b9d0817d0605ab42bca6970657,1.0.0,2026-09-13T06:28:48Z,1.0.0,1.0.0,1.0.0,2026-09-13T06:28:48Z,READY,224,116,108,0.517857,0.482143,2700,2300,1.173913,289.285714,a1bee2f832bba4fbfbee499c6c89c2cf1a011d365a81efc1b5ef04b1ed6b0236,candle_path_not_fill,UNAVAILABLE,UNAVAILABLE,UNAVAILABLE,NOT_COMPUTABLE,UNAVAILABLE
sensitivity,MONTE_CARLO,base_decomposition,p_0.8_median_terminal,207960.515271,usd,p_grid,superasi_bdebase_v1.0.0,grade_config_v1,2026-09-13T13:03:03Z,77f6004823dc43509371df35ae2da858,913 ITI-01,520b4e76a9cc28b0c6569db6ee1d2b69ec97dac331fccf5f85a35ae2b53f260a,06ebb9644a2a3cec47351c00887dac177c54978adde1aa4c271a07d233dd8b72,79c4ae48c45e15f21346022d19dde6aa9329703681a8cd3921524af45d8891c9,913 ITI-01,NBA,NBA,2025-2026,2025-03-18,2026-09-01,"{""date_from"":""2025-03-18"",""date_to"":""2026-09-01"",""game_data"":[""pbp""],""leagues"":[""NBA""],""market_data"":[""candles""],""markets"":[""kalshi""],""seasons"":[""2025-2026""],""sports"":[""NBA""]}",TRADABLE_YES_BID,1_MINUTE_CANDLE,available_at,FIRST_TOUCH,"{""id"":""entry_mtw2zh6b_f4q8g"",""op"":""FIRST_TOUCH"",""ordinal"":""FIRST_TOUCH"",""period"":""Q2"",""price_e4"":6800,""source_vocabulary"":""TOUCH""}",REACH,"{""id"":""exit_mty0bwbw_mvfqe"",""op"":""REACH"",""outcome"":""win"",""price_e4"":9500}",REACH,"{""id"":""exit_mtug1t99_aq1lv"",""op"":""REACH"",""outcome"":""loss"",""price_e4"":4500}",HOLD_TO_SETTLEMENT,c5430eb845ac4cefb3c281ac543b383aad9652b9d0817d0605ab42bca6970657,1.0.0,2026-09-13T06:28:48Z,1.0.0,1.0.0,1.0.0,2026-09-13T06:28:48Z,READY,224,116,108,0.517857,0.482143,2700,2300,1.173913,289.285714,a1bee2f832bba4fbfbee499c6c89c2cf1a011d365a81efc1b5ef04b1ed6b0236,candle_path_not_fill,UNAVAILABLE,UNAVAILABLE,UNAVAILABLE,NOT_COMPUTABLE,UNAVAILABLE
stress,STRESS,base_decomposition,p_worst,0.517857,fraction,missing_as_loss,superasi_bdebase_v1.0.0,grade_config_v1,2026-09-13T13:03:03Z,77f6004823dc43509371df35ae2da858,913 ITI-01,520b4e76a9cc28b0c6569db6ee1d2b69ec97dac331fccf5f85a35ae2b53f260a,06ebb9644a2a3cec47351c00887dac177c54978adde1aa4c271a07d233dd8b72,79c4ae48c45e15f21346022d19dde6aa9329703681a8cd3921524af45d8891c9,913 ITI-01,NBA,NBA,2025-2026,2025-03-18,2026-09-01,"{""date_from"":""2025-03-18"",""date_to"":""2026-09-01"",""game_data"":[""pbp""],""leagues"":[""NBA""],""market_data"":[""candles""],""markets"":[""kalshi""],""seasons"":[""2025-2026""],""sports"":[""NBA""]}",TRADABLE_YES_BID,1_MINUTE_CANDLE,available_at,FIRST_TOUCH,"{""id"":""entry_mtw2zh6b_f4q8g"",""op"":""FIRST_TOUCH"",""ordinal"":""FIRST_TOUCH"",""period"":""Q2"",""price_e4"":6800,""source_vocabulary"":""TOUCH""}",REACH,"{""id"":""exit_mty0bwbw_mvfqe"",""op"":""REACH"",""outcome"":""win"",""price_e4"":9500}",REACH,"{""id"":""exit_mtug1t99_aq1lv"",""op"":""REACH"",""outcome"":""loss"",""price_e4"":4500}",HOLD_TO_SETTLEMENT,c5430eb845ac4cefb3c281ac543b383aad9652b9d0817d0605ab42bca6970657,1.0.0,2026-09-13T06:28:48Z,1.0.0,1.0.0,1.0.0,2026-09-13T06:28:48Z,READY,224,116,108,0.517857,0.482143,2700,2300,1.173913,289.285714,a1bee2f832bba4fbfbee499c6c89c2cf1a011d365a81efc1b5ef04b1ed6b0236,candle_path_not_fill,UNAVAILABLE,UNAVAILABLE,UNAVAILABLE,NOT_COMPUTABLE,UNAVAILABLE
stress,STRESS,base_decomposition,ev_at_p_worst,289.285714,e4,missing_as_loss,superasi_bdebase_v1.0.0,grade_config_v1,2026-09-13T13:03:03Z,77f6004823dc43509371df35ae2da858,913 ITI-01,520b4e76a9cc28b0c6569db6ee1d2b69ec97dac331fccf5f85a35ae2b53f260a,06ebb9644a2a3cec47351c00887dac177c54978adde1aa4c271a07d233dd8b72,79c4ae48c45e15f21346022d19dde6aa9329703681a8cd3921524af45d8891c9,913 ITI-01,NBA,NBA,2025-2026,2025-03-18,2026-09-01,"{""date_from"":""2025-03-18"",""date_to"":""2026-09-01"",""game_data"":[""pbp""],""leagues"":[""NBA""],""market_data"":[""candles""],""markets"":[""kalshi""],""seasons"":[""2025-2026""],""sports"":[""NBA""]}",TRADABLE_YES_BID,1_MINUTE_CANDLE,available_at,FIRST_TOUCH,"{""id"":""entry_mtw2zh6b_f4q8g"",""op"":""FIRST_TOUCH"",""ordinal"":""FIRST_TOUCH"",""period"":""Q2"",""price_e4"":6800,""source_vocabulary"":""TOUCH""}",REACH,"{""id"":""exit_mty0bwbw_mvfqe"",""op"":""REACH"",""outcome"":""win"",""price_e4"":9500}",REACH,"{""id"":""exit_mtug1t99_aq1lv"",""op"":""REACH"",""outcome"":""loss"",""price_e4"":4500}",HOLD_TO_SETTLEMENT,c5430eb845ac4cefb3c281ac543b383aad9652b9d0817d0605ab42bca6970657,1.0.0,2026-09-13T06:28:48Z,1.0.0,1.0.0,1.0.0,2026-09-13T06:28:48Z,READY,224,116,108,0.517857,0.482143,2700,2300,1.173913,289.285714,a1bee2f832bba4fbfbee499c6c89c2cf1a011d365a81efc1b5ef04b1ed6b0236,candle_path_not_fill,UNAVAILABLE,UNAVAILABLE,UNAVAILABLE,NOT_COMPUTABLE,UNAVAILABLE
comparison,OBSERVED,base_devalidation,win_rate,0.517857,,comparison,superasi_bdebase_v1.0.0,grade_config_v1,2026-09-13T13:03:03Z,77f6004823dc43509371df35ae2da858,913 ITI-01,520b4e76a9cc28b0c6569db6ee1d2b69ec97dac331fccf5f85a35ae2b53f260a,06ebb9644a2a3cec47351c00887dac177c54978adde1aa4c271a07d233dd8b72,79c4ae48c45e15f21346022d19dde6aa9329703681a8cd3921524af45d8891c9,913 ITI-01,NBA,NBA,2025-2026,2025-03-18,2026-09-01,"{""date_from"":""2025-03-18"",""date_to"":""2026-09-01"",""game_data"":[""pbp""],""leagues"":[""NBA""],""market_data"":[""candles""],""markets"":[""kalshi""],""seasons"":[""2025-2026""],""sports"":[""NBA""]}",TRADABLE_YES_BID,1_MINUTE_CANDLE,available_at,FIRST_TOUCH,"{""id"":""entry_mtw2zh6b_f4q8g"",""op"":""FIRST_TOUCH"",""ordinal"":""FIRST_TOUCH"",""period"":""Q2"",""price_e4"":6800,""source_vocabulary"":""TOUCH""}",REACH,"{""id"":""exit_mty0bwbw_mvfqe"",""op"":""REACH"",""outcome"":""win"",""price_e4"":9500}",REACH,"{""id"":""exit_mtug1t99_aq1lv"",""op"":""REACH"",""outcome"":""loss"",""price_e4"":4500}",HOLD_TO_SETTLEMENT,c5430eb845ac4cefb3c281ac543b383aad9652b9d0817d0605ab42bca6970657,1.0.0,2026-09-13T06:28:48Z,1.0.0,1.0.0,1.0.0,2026-09-13T06:28:48Z,READY,224,116,108,0.517857,0.482143,2700,2300,1.173913,289.285714,a1bee2f832bba4fbfbee499c6c89c2cf1a011d365a81efc1b5ef04b1ed6b0236,candle_path_not_fill,UNAVAILABLE,UNAVAILABLE,UNAVAILABLE,NOT_COMPUTABLE,UNAVAILABLE
comparison,THEORETICAL,base_devalidation,win_rate,0.452672,,comparison,superasi_bdebase_v1.0.0,grade_config_v1,2026-09-13T13:03:03Z,77f6004823dc43509371df35ae2da858,913 ITI-01,520b4e76a9cc28b0c6569db6ee1d2b69ec97dac331fccf5f85a35ae2b53f260a,06ebb9644a2a3cec47351c00887dac177c54978adde1aa4c271a07d233dd8b72,79c4ae48c45e15f21346022d19dde6aa9329703681a8cd3921524af45d8891c9,913 ITI-01,NBA,NBA,2025-2026,2025-03-18,2026-09-01,"{""date_from"":""2025-03-18"",""date_to"":""2026-09-01"",""game_data"":[""pbp""],""leagues"":[""NBA""],""market_data"":[""candles""],""markets"":[""kalshi""],""seasons"":[""2025-2026""],""sports"":[""NBA""]}",TRADABLE_YES_BID,1_MINUTE_CANDLE,available_at,FIRST_TOUCH,"{""id"":""entry_mtw2zh6b_f4q8g"",""op"":""FIRST_TOUCH"",""ordinal"":""FIRST_TOUCH"",""period"":""Q2"",""price_e4"":6800,""source_vocabulary"":""TOUCH""}",REACH,"{""id"":""exit_mty0bwbw_mvfqe"",""op"":""REACH"",""outcome"":""win"",""price_e4"":9500}",REACH,"{""id"":""exit_mtug1t99_aq1lv"",""op"":""REACH"",""outcome"":""loss"",""price_e4"":4500}",HOLD_TO_SETTLEMENT,c5430eb845ac4cefb3c281ac543b383aad9652b9d0817d0605ab42bca6970657,1.0.0,2026-09-13T06:28:48Z,1.0.0,1.0.0,1.0.0,2026-09-13T06:28:48Z,READY,224,116,108,0.517857,0.482143,2700,2300,1.173913,289.285714,a1bee2f832bba4fbfbee499c6c89c2cf1a011d365a81efc1b5ef04b1ed6b0236,candle_path_not_fill,UNAVAILABLE,UNAVAILABLE,UNAVAILABLE,NOT_COMPUTABLE,UNAVAILABLE
comparison,MONTE_CARLO,base_devalidation,win_rate,,,comparison,superasi_bdebase_v1.0.0,grade_config_v1,2026-09-13T13:03:03Z,77f6004823dc43509371df35ae2da858,913 ITI-01,520b4e76a9cc28b0c6569db6ee1d2b69ec97dac331fccf5f85a35ae2b53f260a,06ebb9644a2a3cec47351c00887dac177c54978adde1aa4c271a07d233dd8b72,79c4ae48c45e15f21346022d19dde6aa9329703681a8cd3921524af45d8891c9,913 ITI-01,NBA,NBA,2025-2026,2025-03-18,2026-09-01,"{""date_from"":""2025-03-18"",""date_to"":""2026-09-01"",""game_data"":[""pbp""],""leagues"":[""NBA""],""market_data"":[""candles""],""markets"":[""kalshi""],""seasons"":[""2025-2026""],""sports"":[""NBA""]}",TRADABLE_YES_BID,1_MINUTE_CANDLE,available_at,FIRST_TOUCH,"{""id"":""entry_mtw2zh6b_f4q8g"",""op"":""FIRST_TOUCH"",""ordinal"":""FIRST_TOUCH"",""period"":""Q2"",""price_e4"":6800,""source_vocabulary"":""TOUCH""}",REACH,"{""id"":""exit_mty0bwbw_mvfqe"",""op"":""REACH"",""outcome"":""win"",""price_e4"":9500}",REACH,"{""id"":""exit_mtug1t99_aq1lv"",""op"":""REACH"",""outcome"":""loss"",""price_e4"":4500}",HOLD_TO_SETTLEMENT,c5430eb845ac4cefb3c281ac543b383aad9652b9d0817d0605ab42bca6970657,1.0.0,2026-09-13T06:28:48Z,1.0.0,1.0.0,1.0.0,2026-09-13T06:28:48Z,READY,224,116,108,0.517857,0.482143,2700,2300,1.173913,289.285714,a1bee2f832bba4fbfbee499c6c89c2cf1a011d365a81efc1b5ef04b1ed6b0236,candle_path_not_fill,UNAVAILABLE,UNAVAILABLE,UNAVAILABLE,NOT_COMPUTABLE,UNAVAILABLE
comparison,OBSERVED,base_devalidation,trade_ev_e4,289.285714,,comparison,superasi_bdebase_v1.0.0,grade_config_v1,2026-09-13T13:03:03Z,77f6004823dc43509371df35ae2da858,913 ITI-01,520b4e76a9cc28b0c6569db6ee1d2b69ec97dac331fccf5f85a35ae2b53f260a,06ebb9644a2a3cec47351c00887dac177c54978adde1aa4c271a07d233dd8b72,79c4ae48c45e15f21346022d19dde6aa9329703681a8cd3921524af45d8891c9,913 ITI-01,NBA,NBA,2025-2026,2025-03-18,2026-09-01,"{""date_from"":""2025-03-18"",""date_to"":""2026-09-01"",""game_data"":[""pbp""],""leagues"":[""NBA""],""market_data"":[""candles""],""markets"":[""kalshi""],""seasons"":[""2025-2026""],""sports"":[""NBA""]}",TRADABLE_YES_BID,1_MINUTE_CANDLE,available_at,FIRST_TOUCH,"{""id"":""entry_mtw2zh6b_f4q8g"",""op"":""FIRST_TOUCH"",""ordinal"":""FIRST_TOUCH"",""period"":""Q2"",""price_e4"":6800,""source_vocabulary"":""TOUCH""}",REACH,"{""id"":""exit_mty0bwbw_mvfqe"",""op"":""REACH"",""outcome"":""win"",""price_e4"":9500}",REACH,"{""id"":""exit_mtug1t99_aq1lv"",""op"":""REACH"",""outcome"":""loss"",""price_e4"":4500}",HOLD_TO_SETTLEMENT,c5430eb845ac4cefb3c281ac543b383aad9652b9d0817d0605ab42bca6970657,1.0.0,2026-09-13T06:28:48Z,1.0.0,1.0.0,1.0.0,2026-09-13T06:28:48Z,READY,224,116,108,0.517857,0.482143,2700,2300,1.173913,289.285714,a1bee2f832bba4fbfbee499c6c89c2cf1a011d365a81efc1b5ef04b1ed6b0236,candle_path_not_fill,UNAVAILABLE,UNAVAILABLE,UNAVAILABLE,NOT_COMPUTABLE,UNAVAILABLE
comparison,THEORETICAL,base_devalidation,trade_ev_e4,-36.639325,,comparison,superasi_bdebase_v1.0.0,grade_config_v1,2026-09-13T13:03:03Z,77f6004823dc43509371df35ae2da858,913 ITI-01,520b4e76a9cc28b0c6569db6ee1d2b69ec97dac331fccf5f85a35ae2b53f260a,06ebb9644a2a3cec47351c00887dac177c54978adde1aa4c271a07d233dd8b72,79c4ae48c45e15f21346022d19dde6aa9329703681a8cd3921524af45d8891c9,913 ITI-01,NBA,NBA,2025-2026,2025-03-18,2026-09-01,"{""date_from"":""2025-03-18"",""date_to"":""2026-09-01"",""game_data"":[""pbp""],""leagues"":[""NBA""],""market_data"":[""candles""],""markets"":[""kalshi""],""seasons"":[""2025-2026""],""sports"":[""NBA""]}",TRADABLE_YES_BID,1_MINUTE_CANDLE,available_at,FIRST_TOUCH,"{""id"":""entry_mtw2zh6b_f4q8g"",""op"":""FIRST_TOUCH"",""ordinal"":""FIRST_TOUCH"",""period"":""Q2"",""price_e4"":6800,""source_vocabulary"":""TOUCH""}",REACH,"{""id"":""exit_mty0bwbw_mvfqe"",""op"":""REACH"",""outcome"":""win"",""price_e4"":9500}",REACH,"{""id"":""exit_mtug1t99_aq1lv"",""op"":""REACH"",""outcome"":""loss"",""price_e4"":4500}",HOLD_TO_SETTLEMENT,c5430eb845ac4cefb3c281ac543b383aad9652b9d0817d0605ab42bca6970657,1.0.0,2026-09-13T06:28:48Z,1.0.0,1.0.0,1.0.0,2026-09-13T06:28:48Z,READY,224,116,108,0.517857,0.482143,2700,2300,1.173913,289.285714,a1bee2f832bba4fbfbee499c6c89c2cf1a011d365a81efc1b5ef04b1ed6b0236,candle_path_not_fill,UNAVAILABLE,UNAVAILABLE,UNAVAILABLE,NOT_COMPUTABLE,UNAVAILABLE
comparison,MONTE_CARLO,base_devalidation,trade_ev_e4,,,comparison,superasi_bdebase_v1.0.0,grade_config_v1,2026-09-13T13:03:03Z,77f6004823dc43509371df35ae2da858,913 ITI-01,520b4e76a9cc28b0c6569db6ee1d2b69ec97dac331fccf5f85a35ae2b53f260a,06ebb9644a2a3cec47351c00887dac177c54978adde1aa4c271a07d233dd8b72,79c4ae48c45e15f21346022d19dde6aa9329703681a8cd3921524af45d8891c9,913 ITI-01,NBA,NBA,2025-2026,2025-03-18,2026-09-01,"{""date_from"":""2025-03-18"",""date_to"":""2026-09-01"",""game_data"":[""pbp""],""leagues"":[""NBA""],""market_data"":[""candles""],""markets"":[""kalshi""],""seasons"":[""2025-2026""],""sports"":[""NBA""]}",TRADABLE_YES_BID,1_MINUTE_CANDLE,available_at,FIRST_TOUCH,"{""id"":""entry_mtw2zh6b_f4q8g"",""op"":""FIRST_TOUCH"",""ordinal"":""FIRST_TOUCH"",""period"":""Q2"",""price_e4"":6800,""source_vocabulary"":""TOUCH""}",REACH,"{""id"":""exit_mty0bwbw_mvfqe"",""op"":""REACH"",""outcome"":""win"",""price_e4"":9500}",REACH,"{""id"":""exit_mtug1t99_aq1lv"",""op"":""REACH"",""outcome"":""loss"",""price_e4"":4500}",HOLD_TO_SETTLEMENT,c5430eb845ac4cefb3c281ac543b383aad9652b9d0817d0605ab42bca6970657,1.0.0,2026-09-13T06:28:48Z,1.0.0,1.0.0,1.0.0,2026-09-13T06:28:48Z,READY,224,116,108,0.517857,0.482143,2700,2300,1.173913,289.285714,a1bee2f832bba4fbfbee499c6c89c2cf1a011d365a81efc1b5ef04b1ed6b0236,candle_path_not_fill,UNAVAILABLE,UNAVAILABLE,UNAVAILABLE,NOT_COMPUTABLE,UNAVAILABLE
comparison,OBSERVED,base_devalidation,break_even_probability,0.460000,,comparison,superasi_bdebase_v1.0.0,grade_config_v1,2026-09-13T13:03:03Z,77f6004823dc43509371df35ae2da858,913 ITI-01,520b4e76a9cc28b0c6569db6ee1d2b69ec97dac331fccf5f85a35ae2b53f260a,06ebb9644a2a3cec47351c00887dac177c54978adde1aa4c271a07d233dd8b72,79c4ae48c45e15f21346022d19dde6aa9329703681a8cd3921524af45d8891c9,913 ITI-01,NBA,NBA,2025-2026,2025-03-18,2026-09-01,"{""date_from"":""2025-03-18"",""date_to"":""2026-09-01"",""game_data"":[""pbp""],""leagues"":[""NBA""],""market_data"":[""candles""],""markets"":[""kalshi""],""seasons"":[""2025-2026""],""sports"":[""NBA""]}",TRADABLE_YES_BID,1_MINUTE_CANDLE,available_at,FIRST_TOUCH,"{""id"":""entry_mtw2zh6b_f4q8g"",""op"":""FIRST_TOUCH"",""ordinal"":""FIRST_TOUCH"",""period"":""Q2"",""price_e4"":6800,""source_vocabulary"":""TOUCH""}",REACH,"{""id"":""exit_mty0bwbw_mvfqe"",""op"":""REACH"",""outcome"":""win"",""price_e4"":9500}",REACH,"{""id"":""exit_mtug1t99_aq1lv"",""op"":""REACH"",""outcome"":""loss"",""price_e4"":4500}",HOLD_TO_SETTLEMENT,c5430eb845ac4cefb3c281ac543b383aad9652b9d0817d0605ab42bca6970657,1.0.0,2026-09-13T06:28:48Z,1.0.0,1.0.0,1.0.0,2026-09-13T06:28:48Z,READY,224,116,108,0.517857,0.482143,2700,2300,1.173913,289.285714,a1bee2f832bba4fbfbee499c6c89c2cf1a011d365a81efc1b5ef04b1ed6b0236,candle_path_not_fill,UNAVAILABLE,UNAVAILABLE,UNAVAILABLE,NOT_COMPUTABLE,UNAVAILABLE
comparison,THEORETICAL,base_devalidation,break_even_probability,0.460000,,comparison,superasi_bdebase_v1.0.0,grade_config_v1,2026-09-13T13:03:03Z,77f6004823dc43509371df35ae2da858,913 ITI-01,520b4e76a9cc28b0c6569db6ee1d2b69ec97dac331fccf5f85a35ae2b53f260a,06ebb9644a2a3cec47351c00887dac177c54978adde1aa4c271a07d233dd8b72,79c4ae48c45e15f21346022d19dde6aa9329703681a8cd3921524af45d8891c9,913 ITI-01,NBA,NBA,2025-2026,2025-03-18,2026-09-01,"{""date_from"":""2025-03-18"",""date_to"":""2026-09-01"",""game_data"":[""pbp""],""leagues"":[""NBA""],""market_data"":[""candles""],""markets"":[""kalshi""],""seasons"":[""2025-2026""],""sports"":[""NBA""]}",TRADABLE_YES_BID,1_MINUTE_CANDLE,available_at,FIRST_TOUCH,"{""id"":""entry_mtw2zh6b_f4q8g"",""op"":""FIRST_TOUCH"",""ordinal"":""FIRST_TOUCH"",""period"":""Q2"",""price_e4"":6800,""source_vocabulary"":""TOUCH""}",REACH,"{""id"":""exit_mty0bwbw_mvfqe"",""op"":""REACH"",""outcome"":""win"",""price_e4"":9500}",REACH,"{""id"":""exit_mtug1t99_aq1lv"",""op"":""REACH"",""outcome"":""loss"",""price_e4"":4500}",HOLD_TO_SETTLEMENT,c5430eb845ac4cefb3c281ac543b383aad9652b9d0817d0605ab42bca6970657,1.0.0,2026-09-13T06:28:48Z,1.0.0,1.0.0,1.0.0,2026-09-13T06:28:48Z,READY,224,116,108,0.517857,0.482143,2700,2300,1.173913,289.285714,a1bee2f832bba4fbfbee499c6c89c2cf1a011d365a81efc1b5ef04b1ed6b0236,candle_path_not_fill,UNAVAILABLE,UNAVAILABLE,UNAVAILABLE,NOT_COMPUTABLE,UNAVAILABLE
comparison,MONTE_CARLO,base_devalidation,break_even_probability,,,comparison,superasi_bdebase_v1.0.0,grade_config_v1,2026-09-13T13:03:03Z,77f6004823dc43509371df35ae2da858,913 ITI-01,520b4e76a9cc28b0c6569db6ee1d2b69ec97dac331fccf5f85a35ae2b53f260a,06ebb9644a2a3cec47351c00887dac177c54978adde1aa4c271a07d233dd8b72,79c4ae48c45e15f21346022d19dde6aa9329703681a8cd3921524af45d8891c9,913 ITI-01,NBA,NBA,2025-2026,2025-03-18,2026-09-01,"{""date_from"":""2025-03-18"",""date_to"":""2026-09-01"",""game_data"":[""pbp""],""leagues"":[""NBA""],""market_data"":[""candles""],""markets"":[""kalshi""],""seasons"":[""2025-2026""],""sports"":[""NBA""]}",TRADABLE_YES_BID,1_MINUTE_CANDLE,available_at,FIRST_TOUCH,"{""id"":""entry_mtw2zh6b_f4q8g"",""op"":""FIRST_TOUCH"",""ordinal"":""FIRST_TOUCH"",""period"":""Q2"",""price_e4"":6800,""source_vocabulary"":""TOUCH""}",REACH,"{""id"":""exit_mty0bwbw_mvfqe"",""op"":""REACH"",""outcome"":""win"",""price_e4"":9500}",REACH,"{""id"":""exit_mtug1t99_aq1lv"",""op"":""REACH"",""outcome"":""loss"",""price_e4"":4500}",HOLD_TO_SETTLEMENT,c5430eb845ac4cefb3c281ac543b383aad9652b9d0817d0605ab42bca6970657,1.0.0,2026-09-13T06:28:48Z,1.0.0,1.0.0,1.0.0,2026-09-13T06:28:48Z,READY,224,116,108,0.517857,0.482143,2700,2300,1.173913,289.285714,a1bee2f832bba4fbfbee499c6c89c2cf1a011d365a81efc1b5ef04b1ed6b0236,candle_path_not_fill,UNAVAILABLE,UNAVAILABLE,UNAVAILABLE,NOT_COMPUTABLE,UNAVAILABLE
comparison,OBSERVED,base_devalidation,weekly_ev,,,comparison,superasi_bdebase_v1.0.0,grade_config_v1,2026-09-13T13:03:03Z,77f6004823dc43509371df35ae2da858,913 ITI-01,520b4e76a9cc28b0c6569db6ee1d2b69ec97dac331fccf5f85a35ae2b53f260a,06ebb9644a2a3cec47351c00887dac177c54978adde1aa4c271a07d233dd8b72,79c4ae48c45e15f21346022d19dde6aa9329703681a8cd3921524af45d8891c9,913 ITI-01,NBA,NBA,2025-2026,2025-03-18,2026-09-01,"{""date_from"":""2025-03-18"",""date_to"":""2026-09-01"",""game_data"":[""pbp""],""leagues"":[""NBA""],""market_data"":[""candles""],""markets"":[""kalshi""],""seasons"":[""2025-2026""],""sports"":[""NBA""]}",TRADABLE_YES_BID,1_MINUTE_CANDLE,available_at,FIRST_TOUCH,"{""id"":""entry_mtw2zh6b_f4q8g"",""op"":""FIRST_TOUCH"",""ordinal"":""FIRST_TOUCH"",""period"":""Q2"",""price_e4"":6800,""source_vocabulary"":""TOUCH""}",REACH,"{""id"":""exit_mty0bwbw_mvfqe"",""op"":""REACH"",""outcome"":""win"",""price_e4"":9500}",REACH,"{""id"":""exit_mtug1t99_aq1lv"",""op"":""REACH"",""outcome"":""loss"",""price_e4"":4500}",HOLD_TO_SETTLEMENT,c5430eb845ac4cefb3c281ac543b383aad9652b9d0817d0605ab42bca6970657,1.0.0,2026-09-13T06:28:48Z,1.0.0,1.0.0,1.0.0,2026-09-13T06:28:48Z,READY,224,116,108,0.517857,0.482143,2700,2300,1.173913,289.285714,a1bee2f832bba4fbfbee499c6c89c2cf1a011d365a81efc1b5ef04b1ed6b0236,candle_path_not_fill,UNAVAILABLE,UNAVAILABLE,UNAVAILABLE,NOT_COMPUTABLE,UNAVAILABLE
comparison,THEORETICAL,base_devalidation,weekly_ev,-0.002694,,comparison,superasi_bdebase_v1.0.0,grade_config_v1,2026-09-13T13:03:03Z,77f6004823dc43509371df35ae2da858,913 ITI-01,520b4e76a9cc28b0c6569db6ee1d2b69ec97dac331fccf5f85a35ae2b53f260a,06ebb9644a2a3cec47351c00887dac177c54978adde1aa4c271a07d233dd8b72,79c4ae48c45e15f21346022d19dde6aa9329703681a8cd3921524af45d8891c9,913 ITI-01,NBA,NBA,2025-2026,2025-03-18,2026-09-01,"{""date_from"":""2025-03-18"",""date_to"":""2026-09-01"",""game_data"":[""pbp""],""leagues"":[""NBA""],""market_data"":[""candles""],""markets"":[""kalshi""],""seasons"":[""2025-2026""],""sports"":[""NBA""]}",TRADABLE_YES_BID,1_MINUTE_CANDLE,available_at,FIRST_TOUCH,"{""id"":""entry_mtw2zh6b_f4q8g"",""op"":""FIRST_TOUCH"",""ordinal"":""FIRST_TOUCH"",""period"":""Q2"",""price_e4"":6800,""source_vocabulary"":""TOUCH""}",REACH,"{""id"":""exit_mty0bwbw_mvfqe"",""op"":""REACH"",""outcome"":""win"",""price_e4"":9500}",REACH,"{""id"":""exit_mtug1t99_aq1lv"",""op"":""REACH"",""outcome"":""loss"",""price_e4"":4500}",HOLD_TO_SETTLEMENT,c5430eb845ac4cefb3c281ac543b383aad9652b9d0817d0605ab42bca6970657,1.0.0,2026-09-13T06:28:48Z,1.0.0,1.0.0,1.0.0,2026-09-13T06:28:48Z,READY,224,116,108,0.517857,0.482143,2700,2300,1.173913,289.285714,a1bee2f832bba4fbfbee499c6c89c2cf1a011d365a81efc1b5ef04b1ed6b0236,candle_path_not_fill,UNAVAILABLE,UNAVAILABLE,UNAVAILABLE,NOT_COMPUTABLE,UNAVAILABLE
comparison,MONTE_CARLO,base_devalidation,weekly_ev,-0.002716,,comparison,superasi_bdebase_v1.0.0,grade_config_v1,2026-09-13T13:03:03Z,77f6004823dc43509371df35ae2da858,913 ITI-01,520b4e76a9cc28b0c6569db6ee1d2b69ec97dac331fccf5f85a35ae2b53f260a,06ebb9644a2a3cec47351c00887dac177c54978adde1aa4c271a07d233dd8b72,79c4ae48c45e15f21346022d19dde6aa9329703681a8cd3921524af45d8891c9,913 ITI-01,NBA,NBA,2025-2026,2025-03-18,2026-09-01,"{""date_from"":""2025-03-18"",""date_to"":""2026-09-01"",""game_data"":[""pbp""],""leagues"":[""NBA""],""market_data"":[""candles""],""markets"":[""kalshi""],""seasons"":[""2025-2026""],""sports"":[""NBA""]}",TRADABLE_YES_BID,1_MINUTE_CANDLE,available_at,FIRST_TOUCH,"{""id"":""entry_mtw2zh6b_f4q8g"",""op"":""FIRST_TOUCH"",""ordinal"":""FIRST_TOUCH"",""period"":""Q2"",""price_e4"":6800,""source_vocabulary"":""TOUCH""}",REACH,"{""id"":""exit_mty0bwbw_mvfqe"",""op"":""REACH"",""outcome"":""win"",""price_e4"":9500}",REACH,"{""id"":""exit_mtug1t99_aq1lv"",""op"":""REACH"",""outcome"":""loss"",""price_e4"":4500}",HOLD_TO_SETTLEMENT,c5430eb845ac4cefb3c281ac543b383aad9652b9d0817d0605ab42bca6970657,1.0.0,2026-09-13T06:28:48Z,1.0.0,1.0.0,1.0.0,2026-09-13T06:28:48Z,READY,224,116,108,0.517857,0.482143,2700,2300,1.173913,289.285714,a1bee2f832bba4fbfbee499c6c89c2cf1a011d365a81efc1b5ef04b1ed6b0236,candle_path_not_fill,UNAVAILABLE,UNAVAILABLE,UNAVAILABLE,NOT_COMPUTABLE,UNAVAILABLE
comparison,OBSERVED,base_devalidation,expected_20_week_return,,,comparison,superasi_bdebase_v1.0.0,grade_config_v1,2026-09-13T13:03:03Z,77f6004823dc43509371df35ae2da858,913 ITI-01,520b4e76a9cc28b0c6569db6ee1d2b69ec97dac331fccf5f85a35ae2b53f260a,06ebb9644a2a3cec47351c00887dac177c54978adde1aa4c271a07d233dd8b72,79c4ae48c45e15f21346022d19dde6aa9329703681a8cd3921524af45d8891c9,913 ITI-01,NBA,NBA,2025-2026,2025-03-18,2026-09-01,"{""date_from"":""2025-03-18"",""date_to"":""2026-09-01"",""game_data"":[""pbp""],""leagues"":[""NBA""],""market_data"":[""candles""],""markets"":[""kalshi""],""seasons"":[""2025-2026""],""sports"":[""NBA""]}",TRADABLE_YES_BID,1_MINUTE_CANDLE,available_at,FIRST_TOUCH,"{""id"":""entry_mtw2zh6b_f4q8g"",""op"":""FIRST_TOUCH"",""ordinal"":""FIRST_TOUCH"",""period"":""Q2"",""price_e4"":6800,""source_vocabulary"":""TOUCH""}",REACH,"{""id"":""exit_mty0bwbw_mvfqe"",""op"":""REACH"",""outcome"":""win"",""price_e4"":9500}",REACH,"{""id"":""exit_mtug1t99_aq1lv"",""op"":""REACH"",""outcome"":""loss"",""price_e4"":4500}",HOLD_TO_SETTLEMENT,c5430eb845ac4cefb3c281ac543b383aad9652b9d0817d0605ab42bca6970657,1.0.0,2026-09-13T06:28:48Z,1.0.0,1.0.0,1.0.0,2026-09-13T06:28:48Z,READY,224,116,108,0.517857,0.482143,2700,2300,1.173913,289.285714,a1bee2f832bba4fbfbee499c6c89c2cf1a011d365a81efc1b5ef04b1ed6b0236,candle_path_not_fill,UNAVAILABLE,UNAVAILABLE,UNAVAILABLE,NOT_COMPUTABLE,UNAVAILABLE
comparison,THEORETICAL,base_devalidation,expected_20_week_return,-0.052524,,comparison,superasi_bdebase_v1.0.0,grade_config_v1,2026-09-13T13:03:03Z,77f6004823dc43509371df35ae2da858,913 ITI-01,520b4e76a9cc28b0c6569db6ee1d2b69ec97dac331fccf5f85a35ae2b53f260a,06ebb9644a2a3cec47351c00887dac177c54978adde1aa4c271a07d233dd8b72,79c4ae48c45e15f21346022d19dde6aa9329703681a8cd3921524af45d8891c9,913 ITI-01,NBA,NBA,2025-2026,2025-03-18,2026-09-01,"{""date_from"":""2025-03-18"",""date_to"":""2026-09-01"",""game_data"":[""pbp""],""leagues"":[""NBA""],""market_data"":[""candles""],""markets"":[""kalshi""],""seasons"":[""2025-2026""],""sports"":[""NBA""]}",TRADABLE_YES_BID,1_MINUTE_CANDLE,available_at,FIRST_TOUCH,"{""id"":""entry_mtw2zh6b_f4q8g"",""op"":""FIRST_TOUCH"",""ordinal"":""FIRST_TOUCH"",""period"":""Q2"",""price_e4"":6800,""source_vocabulary"":""TOUCH""}",REACH,"{""id"":""exit_mty0bwbw_mvfqe"",""op"":""REACH"",""outcome"":""win"",""price_e4"":9500}",REACH,"{""id"":""exit_mtug1t99_aq1lv"",""op"":""REACH"",""outcome"":""loss"",""price_e4"":4500}",HOLD_TO_SETTLEMENT,c5430eb845ac4cefb3c281ac543b383aad9652b9d0817d0605ab42bca6970657,1.0.0,2026-09-13T06:28:48Z,1.0.0,1.0.0,1.0.0,2026-09-13T06:28:48Z,READY,224,116,108,0.517857,0.482143,2700,2300,1.173913,289.285714,a1bee2f832bba4fbfbee499c6c89c2cf1a011d365a81efc1b5ef04b1ed6b0236,candle_path_not_fill,UNAVAILABLE,UNAVAILABLE,UNAVAILABLE,NOT_COMPUTABLE,UNAVAILABLE
comparison,MONTE_CARLO,base_devalidation,expected_20_week_return,-0.053047,,comparison,superasi_bdebase_v1.0.0,grade_config_v1,2026-09-13T13:03:03Z,77f6004823dc43509371df35ae2da858,913 ITI-01,520b4e76a9cc28b0c6569db6ee1d2b69ec97dac331fccf5f85a35ae2b53f260a,06ebb9644a2a3cec47351c00887dac177c54978adde1aa4c271a07d233dd8b72,79c4ae48c45e15f21346022d19dde6aa9329703681a8cd3921524af45d8891c9,913 ITI-01,NBA,NBA,2025-2026,2025-03-18,2026-09-01,"{""date_from"":""2025-03-18"",""date_to"":""2026-09-01"",""game_data"":[""pbp""],""leagues"":[""NBA""],""market_data"":[""candles""],""markets"":[""kalshi""],""seasons"":[""2025-2026""],""sports"":[""NBA""]}",TRADABLE_YES_BID,1_MINUTE_CANDLE,available_at,FIRST_TOUCH,"{""id"":""entry_mtw2zh6b_f4q8g"",""op"":""FIRST_TOUCH"",""ordinal"":""FIRST_TOUCH"",""period"":""Q2"",""price_e4"":6800,""source_vocabulary"":""TOUCH""}",REACH,"{""id"":""exit_mty0bwbw_mvfqe"",""op"":""REACH"",""outcome"":""win"",""price_e4"":9500}",REACH,"{""id"":""exit_mtug1t99_aq1lv"",""op"":""REACH"",""outcome"":""loss"",""price_e4"":4500}",HOLD_TO_SETTLEMENT,c5430eb845ac4cefb3c281ac543b383aad9652b9d0817d0605ab42bca6970657,1.0.0,2026-09-13T06:28:48Z,1.0.0,1.0.0,1.0.0,2026-09-13T06:28:48Z,READY,224,116,108,0.517857,0.482143,2700,2300,1.173913,289.285714,a1bee2f832bba4fbfbee499c6c89c2cf1a011d365a81efc1b5ef04b1ed6b0236,candle_path_not_fill,UNAVAILABLE,UNAVAILABLE,UNAVAILABLE,NOT_COMPUTABLE,UNAVAILABLE
comparison,OBSERVED,base_devalidation,terminal_bankroll_mean,,,comparison,superasi_bdebase_v1.0.0,grade_config_v1,2026-09-13T13:03:03Z,77f6004823dc43509371df35ae2da858,913 ITI-01,520b4e76a9cc28b0c6569db6ee1d2b69ec97dac331fccf5f85a35ae2b53f260a,06ebb9644a2a3cec47351c00887dac177c54978adde1aa4c271a07d233dd8b72,79c4ae48c45e15f21346022d19dde6aa9329703681a8cd3921524af45d8891c9,913 ITI-01,NBA,NBA,2025-2026,2025-03-18,2026-09-01,"{""date_from"":""2025-03-18"",""date_to"":""2026-09-01"",""game_data"":[""pbp""],""leagues"":[""NBA""],""market_data"":[""candles""],""markets"":[""kalshi""],""seasons"":[""2025-2026""],""sports"":[""NBA""]}",TRADABLE_YES_BID,1_MINUTE_CANDLE,available_at,FIRST_TOUCH,"{""id"":""entry_mtw2zh6b_f4q8g"",""op"":""FIRST_TOUCH"",""ordinal"":""FIRST_TOUCH"",""period"":""Q2"",""price_e4"":6800,""source_vocabulary"":""TOUCH""}",REACH,"{""id"":""exit_mty0bwbw_mvfqe"",""op"":""REACH"",""outcome"":""win"",""price_e4"":9500}",REACH,"{""id"":""exit_mtug1t99_aq1lv"",""op"":""REACH"",""outcome"":""loss"",""price_e4"":4500}",HOLD_TO_SETTLEMENT,c5430eb845ac4cefb3c281ac543b383aad9652b9d0817d0605ab42bca6970657,1.0.0,2026-09-13T06:28:48Z,1.0.0,1.0.0,1.0.0,2026-09-13T06:28:48Z,READY,224,116,108,0.517857,0.482143,2700,2300,1.173913,289.285714,a1bee2f832bba4fbfbee499c6c89c2cf1a011d365a81efc1b5ef04b1ed6b0236,candle_path_not_fill,UNAVAILABLE,UNAVAILABLE,UNAVAILABLE,NOT_COMPUTABLE,UNAVAILABLE
comparison,THEORETICAL,base_devalidation,terminal_bankroll_mean,18949.512437,,comparison,superasi_bdebase_v1.0.0,grade_config_v1,2026-09-13T13:03:03Z,77f6004823dc43509371df35ae2da858,913 ITI-01,520b4e76a9cc28b0c6569db6ee1d2b69ec97dac331fccf5f85a35ae2b53f260a,06ebb9644a2a3cec47351c00887dac177c54978adde1aa4c271a07d233dd8b72,79c4ae48c45e15f21346022d19dde6aa9329703681a8cd3921524af45d8891c9,913 ITI-01,NBA,NBA,2025-2026,2025-03-18,2026-09-01,"{""date_from"":""2025-03-18"",""date_to"":""2026-09-01"",""game_data"":[""pbp""],""leagues"":[""NBA""],""market_data"":[""candles""],""markets"":[""kalshi""],""seasons"":[""2025-2026""],""sports"":[""NBA""]}",TRADABLE_YES_BID,1_MINUTE_CANDLE,available_at,FIRST_TOUCH,"{""id"":""entry_mtw2zh6b_f4q8g"",""op"":""FIRST_TOUCH"",""ordinal"":""FIRST_TOUCH"",""period"":""Q2"",""price_e4"":6800,""source_vocabulary"":""TOUCH""}",REACH,"{""id"":""exit_mty0bwbw_mvfqe"",""op"":""REACH"",""outcome"":""win"",""price_e4"":9500}",REACH,"{""id"":""exit_mtug1t99_aq1lv"",""op"":""REACH"",""outcome"":""loss"",""price_e4"":4500}",HOLD_TO_SETTLEMENT,c5430eb845ac4cefb3c281ac543b383aad9652b9d0817d0605ab42bca6970657,1.0.0,2026-09-13T06:28:48Z,1.0.0,1.0.0,1.0.0,2026-09-13T06:28:48Z,READY,224,116,108,0.517857,0.482143,2700,2300,1.173913,289.285714,a1bee2f832bba4fbfbee499c6c89c2cf1a011d365a81efc1b5ef04b1ed6b0236,candle_path_not_fill,UNAVAILABLE,UNAVAILABLE,UNAVAILABLE,NOT_COMPUTABLE,UNAVAILABLE
comparison,MONTE_CARLO,base_devalidation,terminal_bankroll_mean,18939.053281,,comparison,superasi_bdebase_v1.0.0,grade_config_v1,2026-09-13T13:03:03Z,77f6004823dc43509371df35ae2da858,913 ITI-01,520b4e76a9cc28b0c6569db6ee1d2b69ec97dac331fccf5f85a35ae2b53f260a,06ebb9644a2a3cec47351c00887dac177c54978adde1aa4c271a07d233dd8b72,79c4ae48c45e15f21346022d19dde6aa9329703681a8cd3921524af45d8891c9,913 ITI-01,NBA,NBA,2025-2026,2025-03-18,2026-09-01,"{""date_from"":""2025-03-18"",""date_to"":""2026-09-01"",""game_data"":[""pbp""],""leagues"":[""NBA""],""market_data"":[""candles""],""markets"":[""kalshi""],""seasons"":[""2025-2026""],""sports"":[""NBA""]}",TRADABLE_YES_BID,1_MINUTE_CANDLE,available_at,FIRST_TOUCH,"{""id"":""entry_mtw2zh6b_f4q8g"",""op"":""FIRST_TOUCH"",""ordinal"":""FIRST_TOUCH"",""period"":""Q2"",""price_e4"":6800,""source_vocabulary"":""TOUCH""}",REACH,"{""id"":""exit_mty0bwbw_mvfqe"",""op"":""REACH"",""outcome"":""win"",""price_e4"":9500}",REACH,"{""id"":""exit_mtug1t99_aq1lv"",""op"":""REACH"",""outcome"":""loss"",""price_e4"":4500}",HOLD_TO_SETTLEMENT,c5430eb845ac4cefb3c281ac543b383aad9652b9d0817d0605ab42bca6970657,1.0.0,2026-09-13T06:28:48Z,1.0.0,1.0.0,1.0.0,2026-09-13T06:28:48Z,READY,224,116,108,0.517857,0.482143,2700,2300,1.173913,289.285714,a1bee2f832bba4fbfbee499c6c89c2cf1a011d365a81efc1b5ef04b1ed6b0236,candle_path_not_fill,UNAVAILABLE,UNAVAILABLE,UNAVAILABLE,NOT_COMPUTABLE,UNAVAILABLE
comparison,OBSERVED,base_devalidation,P_min_bankroll_le_floor,,,comparison,superasi_bdebase_v1.0.0,grade_config_v1,2026-09-13T13:03:03Z,77f6004823dc43509371df35ae2da858,913 ITI-01,520b4e76a9cc28b0c6569db6ee1d2b69ec97dac331fccf5f85a35ae2b53f260a,06ebb9644a2a3cec47351c00887dac177c54978adde1aa4c271a07d233dd8b72,79c4ae48c45e15f21346022d19dde6aa9329703681a8cd3921524af45d8891c9,913 ITI-01,NBA,NBA,2025-2026,2025-03-18,2026-09-01,"{""date_from"":""2025-03-18"",""date_to"":""2026-09-01"",""game_data"":[""pbp""],""leagues"":[""NBA""],""market_data"":[""candles""],""markets"":[""kalshi""],""seasons"":[""2025-2026""],""sports"":[""NBA""]}",TRADABLE_YES_BID,1_MINUTE_CANDLE,available_at,FIRST_TOUCH,"{""id"":""entry_mtw2zh6b_f4q8g"",""op"":""FIRST_TOUCH"",""ordinal"":""FIRST_TOUCH"",""period"":""Q2"",""price_e4"":6800,""source_vocabulary"":""TOUCH""}",REACH,"{""id"":""exit_mty0bwbw_mvfqe"",""op"":""REACH"",""outcome"":""win"",""price_e4"":9500}",REACH,"{""id"":""exit_mtug1t99_aq1lv"",""op"":""REACH"",""outcome"":""loss"",""price_e4"":4500}",HOLD_TO_SETTLEMENT,c5430eb845ac4cefb3c281ac543b383aad9652b9d0817d0605ab42bca6970657,1.0.0,2026-09-13T06:28:48Z,1.0.0,1.0.0,1.0.0,2026-09-13T06:28:48Z,READY,224,116,108,0.517857,0.482143,2700,2300,1.173913,289.285714,a1bee2f832bba4fbfbee499c6c89c2cf1a011d365a81efc1b5ef04b1ed6b0236,candle_path_not_fill,UNAVAILABLE,UNAVAILABLE,UNAVAILABLE,NOT_COMPUTABLE,UNAVAILABLE
comparison,THEORETICAL,base_devalidation,P_min_bankroll_le_floor,,,comparison,superasi_bdebase_v1.0.0,grade_config_v1,2026-09-13T13:03:03Z,77f6004823dc43509371df35ae2da858,913 ITI-01,520b4e76a9cc28b0c6569db6ee1d2b69ec97dac331fccf5f85a35ae2b53f260a,06ebb9644a2a3cec47351c00887dac177c54978adde1aa4c271a07d233dd8b72,79c4ae48c45e15f21346022d19dde6aa9329703681a8cd3921524af45d8891c9,913 ITI-01,NBA,NBA,2025-2026,2025-03-18,2026-09-01,"{""date_from"":""2025-03-18"",""date_to"":""2026-09-01"",""game_data"":[""pbp""],""leagues"":[""NBA""],""market_data"":[""candles""],""markets"":[""kalshi""],""seasons"":[""2025-2026""],""sports"":[""NBA""]}",TRADABLE_YES_BID,1_MINUTE_CANDLE,available_at,FIRST_TOUCH,"{""id"":""entry_mtw2zh6b_f4q8g"",""op"":""FIRST_TOUCH"",""ordinal"":""FIRST_TOUCH"",""period"":""Q2"",""price_e4"":6800,""source_vocabulary"":""TOUCH""}",REACH,"{""id"":""exit_mty0bwbw_mvfqe"",""op"":""REACH"",""outcome"":""win"",""price_e4"":9500}",REACH,"{""id"":""exit_mtug1t99_aq1lv"",""op"":""REACH"",""outcome"":""loss"",""price_e4"":4500}",HOLD_TO_SETTLEMENT,c5430eb845ac4cefb3c281ac543b383aad9652b9d0817d0605ab42bca6970657,1.0.0,2026-09-13T06:28:48Z,1.0.0,1.0.0,1.0.0,2026-09-13T06:28:48Z,READY,224,116,108,0.517857,0.482143,2700,2300,1.173913,289.285714,a1bee2f832bba4fbfbee499c6c89c2cf1a011d365a81efc1b5ef04b1ed6b0236,candle_path_not_fill,UNAVAILABLE,UNAVAILABLE,UNAVAILABLE,NOT_COMPUTABLE,UNAVAILABLE
comparison,MONTE_CARLO,base_devalidation,P_min_bankroll_le_floor,0.321960,,comparison,superasi_bdebase_v1.0.0,grade_config_v1,2026-09-13T13:03:03Z,77f6004823dc43509371df35ae2da858,913 ITI-01,520b4e76a9cc28b0c6569db6ee1d2b69ec97dac331fccf5f85a35ae2b53f260a,06ebb9644a2a3cec47351c00887dac177c54978adde1aa4c271a07d233dd8b72,79c4ae48c45e15f21346022d19dde6aa9329703681a8cd3921524af45d8891c9,913 ITI-01,NBA,NBA,2025-2026,2025-03-18,2026-09-01,"{""date_from"":""2025-03-18"",""date_to"":""2026-09-01"",""game_data"":[""pbp""],""leagues"":[""NBA""],""market_data"":[""candles""],""markets"":[""kalshi""],""seasons"":[""2025-2026""],""sports"":[""NBA""]}",TRADABLE_YES_BID,1_MINUTE_CANDLE,available_at,FIRST_TOUCH,"{""id"":""entry_mtw2zh6b_f4q8g"",""op"":""FIRST_TOUCH"",""ordinal"":""FIRST_TOUCH"",""period"":""Q2"",""price_e4"":6800,""source_vocabulary"":""TOUCH""}",REACH,"{""id"":""exit_mty0bwbw_mvfqe"",""op"":""REACH"",""outcome"":""win"",""price_e4"":9500}",REACH,"{""id"":""exit_mtug1t99_aq1lv"",""op"":""REACH"",""outcome"":""loss"",""price_e4"":4500}",HOLD_TO_SETTLEMENT,c5430eb845ac4cefb3c281ac543b383aad9652b9d0817d0605ab42bca6970657,1.0.0,2026-09-13T06:28:48Z,1.0.0,1.0.0,1.0.0,2026-09-13T06:28:48Z,READY,224,116,108,0.517857,0.482143,2700,2300,1.173913,289.285714,a1bee2f832bba4fbfbee499c6c89c2cf1a011d365a81efc1b5ef04b1ed6b0236,candle_path_not_fill,UNAVAILABLE,UNAVAILABLE,UNAVAILABLE,NOT_COMPUTABLE,UNAVAILABLE
comparison,OBSERVED,base_devalidation,P_final_ge_target,,,comparison,superasi_bdebase_v1.0.0,grade_config_v1,2026-09-13T13:03:03Z,77f6004823dc43509371df35ae2da858,913 ITI-01,520b4e76a9cc28b0c6569db6ee1d2b69ec97dac331fccf5f85a35ae2b53f260a,06ebb9644a2a3cec47351c00887dac177c54978adde1aa4c271a07d233dd8b72,79c4ae48c45e15f21346022d19dde6aa9329703681a8cd3921524af45d8891c9,913 ITI-01,NBA,NBA,2025-2026,2025-03-18,2026-09-01,"{""date_from"":""2025-03-18"",""date_to"":""2026-09-01"",""game_data"":[""pbp""],""leagues"":[""NBA""],""market_data"":[""candles""],""markets"":[""kalshi""],""seasons"":[""2025-2026""],""sports"":[""NBA""]}",TRADABLE_YES_BID,1_MINUTE_CANDLE,available_at,FIRST_TOUCH,"{""id"":""entry_mtw2zh6b_f4q8g"",""op"":""FIRST_TOUCH"",""ordinal"":""FIRST_TOUCH"",""period"":""Q2"",""price_e4"":6800,""source_vocabulary"":""TOUCH""}",REACH,"{""id"":""exit_mty0bwbw_mvfqe"",""op"":""REACH"",""outcome"":""win"",""price_e4"":9500}",REACH,"{""id"":""exit_mtug1t99_aq1lv"",""op"":""REACH"",""outcome"":""loss"",""price_e4"":4500}",HOLD_TO_SETTLEMENT,c5430eb845ac4cefb3c281ac543b383aad9652b9d0817d0605ab42bca6970657,1.0.0,2026-09-13T06:28:48Z,1.0.0,1.0.0,1.0.0,2026-09-13T06:28:48Z,READY,224,116,108,0.517857,0.482143,2700,2300,1.173913,289.285714,a1bee2f832bba4fbfbee499c6c89c2cf1a011d365a81efc1b5ef04b1ed6b0236,candle_path_not_fill,UNAVAILABLE,UNAVAILABLE,UNAVAILABLE,NOT_COMPUTABLE,UNAVAILABLE
comparison,THEORETICAL,base_devalidation,P_final_ge_target,,,comparison,superasi_bdebase_v1.0.0,grade_config_v1,2026-09-13T13:03:03Z,77f6004823dc43509371df35ae2da858,913 ITI-01,520b4e76a9cc28b0c6569db6ee1d2b69ec97dac331fccf5f85a35ae2b53f260a,06ebb9644a2a3cec47351c00887dac177c54978adde1aa4c271a07d233dd8b72,79c4ae48c45e15f21346022d19dde6aa9329703681a8cd3921524af45d8891c9,913 ITI-01,NBA,NBA,2025-2026,2025-03-18,2026-09-01,"{""date_from"":""2025-03-18"",""date_to"":""2026-09-01"",""game_data"":[""pbp""],""leagues"":[""NBA""],""market_data"":[""candles""],""markets"":[""kalshi""],""seasons"":[""2025-2026""],""sports"":[""NBA""]}",TRADABLE_YES_BID,1_MINUTE_CANDLE,available_at,FIRST_TOUCH,"{""id"":""entry_mtw2zh6b_f4q8g"",""op"":""FIRST_TOUCH"",""ordinal"":""FIRST_TOUCH"",""period"":""Q2"",""price_e4"":6800,""source_vocabulary"":""TOUCH""}",REACH,"{""id"":""exit_mty0bwbw_mvfqe"",""op"":""REACH"",""outcome"":""win"",""price_e4"":9500}",REACH,"{""id"":""exit_mtug1t99_aq1lv"",""op"":""REACH"",""outcome"":""loss"",""price_e4"":4500}",HOLD_TO_SETTLEMENT,c5430eb845ac4cefb3c281ac543b383aad9652b9d0817d0605ab42bca6970657,1.0.0,2026-09-13T06:28:48Z,1.0.0,1.0.0,1.0.0,2026-09-13T06:28:48Z,READY,224,116,108,0.517857,0.482143,2700,2300,1.173913,289.285714,a1bee2f832bba4fbfbee499c6c89c2cf1a011d365a81efc1b5ef04b1ed6b0236,candle_path_not_fill,UNAVAILABLE,UNAVAILABLE,UNAVAILABLE,NOT_COMPUTABLE,UNAVAILABLE
comparison,MONTE_CARLO,base_devalidation,P_final_ge_target,0.027590,,comparison,superasi_bdebase_v1.0.0,grade_config_v1,2026-09-13T13:03:03Z,77f6004823dc43509371df35ae2da858,913 ITI-01,520b4e76a9cc28b0c6569db6ee1d2b69ec97dac331fccf5f85a35ae2b53f260a,06ebb9644a2a3cec47351c00887dac177c54978adde1aa4c271a07d233dd8b72,79c4ae48c45e15f21346022d19dde6aa9329703681a8cd3921524af45d8891c9,913 ITI-01,NBA,NBA,2025-2026,2025-03-18,2026-09-01,"{""date_from"":""2025-03-18"",""date_to"":""2026-09-01"",""game_data"":[""pbp""],""leagues"":[""NBA""],""market_data"":[""candles""],""markets"":[""kalshi""],""seasons"":[""2025-2026""],""sports"":[""NBA""]}",TRADABLE_YES_BID,1_MINUTE_CANDLE,available_at,FIRST_TOUCH,"{""id"":""entry_mtw2zh6b_f4q8g"",""op"":""FIRST_TOUCH"",""ordinal"":""FIRST_TOUCH"",""period"":""Q2"",""price_e4"":6800,""source_vocabulary"":""TOUCH""}",REACH,"{""id"":""exit_mty0bwbw_mvfqe"",""op"":""REACH"",""outcome"":""win"",""price_e4"":9500}",REACH,"{""id"":""exit_mtug1t99_aq1lv"",""op"":""REACH"",""outcome"":""loss"",""price_e4"":4500}",HOLD_TO_SETTLEMENT,c5430eb845ac4cefb3c281ac543b383aad9652b9d0817d0605ab42bca6970657,1.0.0,2026-09-13T06:28:48Z,1.0.0,1.0.0,1.0.0,2026-09-13T06:28:48Z,READY,224,116,108,0.517857,0.482143,2700,2300,1.173913,289.285714,a1bee2f832bba4fbfbee499c6c89c2cf1a011d365a81efc1b5ef04b1ed6b0236,candle_path_not_fill,UNAVAILABLE,UNAVAILABLE,UNAVAILABLE,NOT_COMPUTABLE,UNAVAILABLE
comparison,OBSERVED,base_devalidation,mode_b_expected_20_week_return,,,comparison,superasi_bdebase_v1.0.0,grade_config_v1,2026-09-13T13:03:03Z,77f6004823dc43509371df35ae2da858,913 ITI-01,520b4e76a9cc28b0c6569db6ee1d2b69ec97dac331fccf5f85a35ae2b53f260a,06ebb9644a2a3cec47351c00887dac177c54978adde1aa4c271a07d233dd8b72,79c4ae48c45e15f21346022d19dde6aa9329703681a8cd3921524af45d8891c9,913 ITI-01,NBA,NBA,2025-2026,2025-03-18,2026-09-01,"{""date_from"":""2025-03-18"",""date_to"":""2026-09-01"",""game_data"":[""pbp""],""leagues"":[""NBA""],""market_data"":[""candles""],""markets"":[""kalshi""],""seasons"":[""2025-2026""],""sports"":[""NBA""]}",TRADABLE_YES_BID,1_MINUTE_CANDLE,available_at,FIRST_TOUCH,"{""id"":""entry_mtw2zh6b_f4q8g"",""op"":""FIRST_TOUCH"",""ordinal"":""FIRST_TOUCH"",""period"":""Q2"",""price_e4"":6800,""source_vocabulary"":""TOUCH""}",REACH,"{""id"":""exit_mty0bwbw_mvfqe"",""op"":""REACH"",""outcome"":""win"",""price_e4"":9500}",REACH,"{""id"":""exit_mtug1t99_aq1lv"",""op"":""REACH"",""outcome"":""loss"",""price_e4"":4500}",HOLD_TO_SETTLEMENT,c5430eb845ac4cefb3c281ac543b383aad9652b9d0817d0605ab42bca6970657,1.0.0,2026-09-13T06:28:48Z,1.0.0,1.0.0,1.0.0,2026-09-13T06:28:48Z,READY,224,116,108,0.517857,0.482143,2700,2300,1.173913,289.285714,a1bee2f832bba4fbfbee499c6c89c2cf1a011d365a81efc1b5ef04b1ed6b0236,candle_path_not_fill,UNAVAILABLE,UNAVAILABLE,UNAVAILABLE,NOT_COMPUTABLE,UNAVAILABLE
comparison,THEORETICAL,base_devalidation,mode_b_expected_20_week_return,,,comparison,superasi_bdebase_v1.0.0,grade_config_v1,2026-09-13T13:03:03Z,77f6004823dc43509371df35ae2da858,913 ITI-01,520b4e76a9cc28b0c6569db6ee1d2b69ec97dac331fccf5f85a35ae2b53f260a,06ebb9644a2a3cec47351c00887dac177c54978adde1aa4c271a07d233dd8b72,79c4ae48c45e15f21346022d19dde6aa9329703681a8cd3921524af45d8891c9,913 ITI-01,NBA,NBA,2025-2026,2025-03-18,2026-09-01,"{""date_from"":""2025-03-18"",""date_to"":""2026-09-01"",""game_data"":[""pbp""],""leagues"":[""NBA""],""market_data"":[""candles""],""markets"":[""kalshi""],""seasons"":[""2025-2026""],""sports"":[""NBA""]}",TRADABLE_YES_BID,1_MINUTE_CANDLE,available_at,FIRST_TOUCH,"{""id"":""entry_mtw2zh6b_f4q8g"",""op"":""FIRST_TOUCH"",""ordinal"":""FIRST_TOUCH"",""period"":""Q2"",""price_e4"":6800,""source_vocabulary"":""TOUCH""}",REACH,"{""id"":""exit_mty0bwbw_mvfqe"",""op"":""REACH"",""outcome"":""win"",""price_e4"":9500}",REACH,"{""id"":""exit_mtug1t99_aq1lv"",""op"":""REACH"",""outcome"":""loss"",""price_e4"":4500}",HOLD_TO_SETTLEMENT,c5430eb845ac4cefb3c281ac543b383aad9652b9d0817d0605ab42bca6970657,1.0.0,2026-09-13T06:28:48Z,1.0.0,1.0.0,1.0.0,2026-09-13T06:28:48Z,READY,224,116,108,0.517857,0.482143,2700,2300,1.173913,289.285714,a1bee2f832bba4fbfbee499c6c89c2cf1a011d365a81efc1b5ef04b1ed6b0236,candle_path_not_fill,UNAVAILABLE,UNAVAILABLE,UNAVAILABLE,NOT_COMPUTABLE,UNAVAILABLE
comparison,MONTE_CARLO,base_devalidation,mode_b_expected_20_week_return,0.523293,,comparison,superasi_bdebase_v1.0.0,grade_config_v1,2026-09-13T13:03:03Z,77f6004823dc43509371df35ae2da858,913 ITI-01,520b4e76a9cc28b0c6569db6ee1d2b69ec97dac331fccf5f85a35ae2b53f260a,06ebb9644a2a3cec47351c00887dac177c54978adde1aa4c271a07d233dd8b72,79c4ae48c45e15f21346022d19dde6aa9329703681a8cd3921524af45d8891c9,913 ITI-01,NBA,NBA,2025-2026,2025-03-18,2026-09-01,"{""date_from"":""2025-03-18"",""date_to"":""2026-09-01"",""game_data"":[""pbp""],""leagues"":[""NBA""],""market_data"":[""candles""],""markets"":[""kalshi""],""seasons"":[""2025-2026""],""sports"":[""NBA""]}",TRADABLE_YES_BID,1_MINUTE_CANDLE,available_at,FIRST_TOUCH,"{""id"":""entry_mtw2zh6b_f4q8g"",""op"":""FIRST_TOUCH"",""ordinal"":""FIRST_TOUCH"",""period"":""Q2"",""price_e4"":6800,""source_vocabulary"":""TOUCH""}",REACH,"{""id"":""exit_mty0bwbw_mvfqe"",""op"":""REACH"",""outcome"":""win"",""price_e4"":9500}",REACH,"{""id"":""exit_mtug1t99_aq1lv"",""op"":""REACH"",""outcome"":""loss"",""price_e4"":4500}",HOLD_TO_SETTLEMENT,c5430eb845ac4cefb3c281ac543b383aad9652b9d0817d0605ab42bca6970657,1.0.0,2026-09-13T06:28:48Z,1.0.0,1.0.0,1.0.0,2026-09-13T06:28:48Z,READY,224,116,108,0.517857,0.482143,2700,2300,1.173913,289.285714,a1bee2f832bba4fbfbee499c6c89c2cf1a011d365a81efc1b5ef04b1ed6b0236,candle_path_not_fill,UNAVAILABLE,UNAVAILABLE,UNAVAILABLE,NOT_COMPUTABLE,UNAVAILABLE
comparison,,base_devalidation,disagree_win_rate,0.065185,,not_averaged,superasi_bdebase_v1.0.0,grade_config_v1,2026-09-13T13:03:03Z,77f6004823dc43509371df35ae2da858,913 ITI-01,520b4e76a9cc28b0c6569db6ee1d2b69ec97dac331fccf5f85a35ae2b53f260a,06ebb9644a2a3cec47351c00887dac177c54978adde1aa4c271a07d233dd8b72,79c4ae48c45e15f21346022d19dde6aa9329703681a8cd3921524af45d8891c9,913 ITI-01,NBA,NBA,2025-2026,2025-03-18,2026-09-01,"{""date_from"":""2025-03-18"",""date_to"":""2026-09-01"",""game_data"":[""pbp""],""leagues"":[""NBA""],""market_data"":[""candles""],""markets"":[""kalshi""],""seasons"":[""2025-2026""],""sports"":[""NBA""]}",TRADABLE_YES_BID,1_MINUTE_CANDLE,available_at,FIRST_TOUCH,"{""id"":""entry_mtw2zh6b_f4q8g"",""op"":""FIRST_TOUCH"",""ordinal"":""FIRST_TOUCH"",""period"":""Q2"",""price_e4"":6800,""source_vocabulary"":""TOUCH""}",REACH,"{""id"":""exit_mty0bwbw_mvfqe"",""op"":""REACH"",""outcome"":""win"",""price_e4"":9500}",REACH,"{""id"":""exit_mtug1t99_aq1lv"",""op"":""REACH"",""outcome"":""loss"",""price_e4"":4500}",HOLD_TO_SETTLEMENT,c5430eb845ac4cefb3c281ac543b383aad9652b9d0817d0605ab42bca6970657,1.0.0,2026-09-13T06:28:48Z,1.0.0,1.0.0,1.0.0,2026-09-13T06:28:48Z,READY,224,116,108,0.517857,0.482143,2700,2300,1.173913,289.285714,a1bee2f832bba4fbfbee499c6c89c2cf1a011d365a81efc1b5ef04b1ed6b0236,candle_path_not_fill,UNAVAILABLE,UNAVAILABLE,UNAVAILABLE,NOT_COMPUTABLE,UNAVAILABLE
comparison,,base_devalidation,disagree_trade_ev_e4,325.925039,,not_averaged,superasi_bdebase_v1.0.0,grade_config_v1,2026-09-13T13:03:03Z,77f6004823dc43509371df35ae2da858,913 ITI-01,520b4e76a9cc28b0c6569db6ee1d2b69ec97dac331fccf5f85a35ae2b53f260a,06ebb9644a2a3cec47351c00887dac177c54978adde1aa4c271a07d233dd8b72,79c4ae48c45e15f21346022d19dde6aa9329703681a8cd3921524af45d8891c9,913 ITI-01,NBA,NBA,2025-2026,2025-03-18,2026-09-01,"{""date_from"":""2025-03-18"",""date_to"":""2026-09-01"",""game_data"":[""pbp""],""leagues"":[""NBA""],""market_data"":[""candles""],""markets"":[""kalshi""],""seasons"":[""2025-2026""],""sports"":[""NBA""]}",TRADABLE_YES_BID,1_MINUTE_CANDLE,available_at,FIRST_TOUCH,"{""id"":""entry_mtw2zh6b_f4q8g"",""op"":""FIRST_TOUCH"",""ordinal"":""FIRST_TOUCH"",""period"":""Q2"",""price_e4"":6800,""source_vocabulary"":""TOUCH""}",REACH,"{""id"":""exit_mty0bwbw_mvfqe"",""op"":""REACH"",""outcome"":""win"",""price_e4"":9500}",REACH,"{""id"":""exit_mtug1t99_aq1lv"",""op"":""REACH"",""outcome"":""loss"",""price_e4"":4500}",HOLD_TO_SETTLEMENT,c5430eb845ac4cefb3c281ac543b383aad9652b9d0817d0605ab42bca6970657,1.0.0,2026-09-13T06:28:48Z,1.0.0,1.0.0,1.0.0,2026-09-13T06:28:48Z,READY,224,116,108,0.517857,0.482143,2700,2300,1.173913,289.285714,a1bee2f832bba4fbfbee499c6c89c2cf1a011d365a81efc1b5ef04b1ed6b0236,candle_path_not_fill,UNAVAILABLE,UNAVAILABLE,UNAVAILABLE,NOT_COMPUTABLE,UNAVAILABLE
comparison,,base_devalidation,disagree_weekly_ev,0.000022,,not_averaged,superasi_bdebase_v1.0.0,grade_config_v1,2026-09-13T13:03:03Z,77f6004823dc43509371df35ae2da858,913 ITI-01,520b4e76a9cc28b0c6569db6ee1d2b69ec97dac331fccf5f85a35ae2b53f260a,06ebb9644a2a3cec47351c00887dac177c54978adde1aa4c271a07d233dd8b72,79c4ae48c45e15f21346022d19dde6aa9329703681a8cd3921524af45d8891c9,913 ITI-01,NBA,NBA,2025-2026,2025-03-18,2026-09-01,"{""date_from"":""2025-03-18"",""date_to"":""2026-09-01"",""game_data"":[""pbp""],""leagues"":[""NBA""],""market_data"":[""candles""],""markets"":[""kalshi""],""seasons"":[""2025-2026""],""sports"":[""NBA""]}",TRADABLE_YES_BID,1_MINUTE_CANDLE,available_at,FIRST_TOUCH,"{""id"":""entry_mtw2zh6b_f4q8g"",""op"":""FIRST_TOUCH"",""ordinal"":""FIRST_TOUCH"",""period"":""Q2"",""price_e4"":6800,""source_vocabulary"":""TOUCH""}",REACH,"{""id"":""exit_mty0bwbw_mvfqe"",""op"":""REACH"",""outcome"":""win"",""price_e4"":9500}",REACH,"{""id"":""exit_mtug1t99_aq1lv"",""op"":""REACH"",""outcome"":""loss"",""price_e4"":4500}",HOLD_TO_SETTLEMENT,c5430eb845ac4cefb3c281ac543b383aad9652b9d0817d0605ab42bca6970657,1.0.0,2026-09-13T06:28:48Z,1.0.0,1.0.0,1.0.0,2026-09-13T06:28:48Z,READY,224,116,108,0.517857,0.482143,2700,2300,1.173913,289.285714,a1bee2f832bba4fbfbee499c6c89c2cf1a011d365a81efc1b5ef04b1ed6b0236,candle_path_not_fill,UNAVAILABLE,UNAVAILABLE,UNAVAILABLE,NOT_COMPUTABLE,UNAVAILABLE
comparison,,base_devalidation,disagree_expected_20_week_return,0.000523,,not_averaged,superasi_bdebase_v1.0.0,grade_config_v1,2026-09-13T13:03:03Z,77f6004823dc43509371df35ae2da858,913 ITI-01,520b4e76a9cc28b0c6569db6ee1d2b69ec97dac331fccf5f85a35ae2b53f260a,06ebb9644a2a3cec47351c00887dac177c54978adde1aa4c271a07d233dd8b72,79c4ae48c45e15f21346022d19dde6aa9329703681a8cd3921524af45d8891c9,913 ITI-01,NBA,NBA,2025-2026,2025-03-18,2026-09-01,"{""date_from"":""2025-03-18"",""date_to"":""2026-09-01"",""game_data"":[""pbp""],""leagues"":[""NBA""],""market_data"":[""candles""],""markets"":[""kalshi""],""seasons"":[""2025-2026""],""sports"":[""NBA""]}",TRADABLE_YES_BID,1_MINUTE_CANDLE,available_at,FIRST_TOUCH,"{""id"":""entry_mtw2zh6b_f4q8g"",""op"":""FIRST_TOUCH"",""ordinal"":""FIRST_TOUCH"",""period"":""Q2"",""price_e4"":6800,""source_vocabulary"":""TOUCH""}",REACH,"{""id"":""exit_mty0bwbw_mvfqe"",""op"":""REACH"",""outcome"":""win"",""price_e4"":9500}",REACH,"{""id"":""exit_mtug1t99_aq1lv"",""op"":""REACH"",""outcome"":""loss"",""price_e4"":4500}",HOLD_TO_SETTLEMENT,c5430eb845ac4cefb3c281ac543b383aad9652b9d0817d0605ab42bca6970657,1.0.0,2026-09-13T06:28:48Z,1.0.0,1.0.0,1.0.0,2026-09-13T06:28:48Z,READY,224,116,108,0.517857,0.482143,2700,2300,1.173913,289.285714,a1bee2f832bba4fbfbee499c6c89c2cf1a011d365a81efc1b5ef04b1ed6b0236,candle_path_not_fill,UNAVAILABLE,UNAVAILABLE,UNAVAILABLE,NOT_COMPUTABLE,UNAVAILABLE
comparison,,base_devalidation,disagree_terminal_bankroll_mean,10.459156,,not_averaged,superasi_bdebase_v1.0.0,grade_config_v1,2026-09-13T13:03:03Z,77f6004823dc43509371df35ae2da858,913 ITI-01,520b4e76a9cc28b0c6569db6ee1d2b69ec97dac331fccf5f85a35ae2b53f260a,06ebb9644a2a3cec47351c00887dac177c54978adde1aa4c271a07d233dd8b72,79c4ae48c45e15f21346022d19dde6aa9329703681a8cd3921524af45d8891c9,913 ITI-01,NBA,NBA,2025-2026,2025-03-18,2026-09-01,"{""date_from"":""2025-03-18"",""date_to"":""2026-09-01"",""game_data"":[""pbp""],""leagues"":[""NBA""],""market_data"":[""candles""],""markets"":[""kalshi""],""seasons"":[""2025-2026""],""sports"":[""NBA""]}",TRADABLE_YES_BID,1_MINUTE_CANDLE,available_at,FIRST_TOUCH,"{""id"":""entry_mtw2zh6b_f4q8g"",""op"":""FIRST_TOUCH"",""ordinal"":""FIRST_TOUCH"",""period"":""Q2"",""price_e4"":6800,""source_vocabulary"":""TOUCH""}",REACH,"{""id"":""exit_mty0bwbw_mvfqe"",""op"":""REACH"",""outcome"":""win"",""price_e4"":9500}",REACH,"{""id"":""exit_mtug1t99_aq1lv"",""op"":""REACH"",""outcome"":""loss"",""price_e4"":4500}",HOLD_TO_SETTLEMENT,c5430eb845ac4cefb3c281ac543b383aad9652b9d0817d0605ab42bca6970657,1.0.0,2026-09-13T06:28:48Z,1.0.0,1.0.0,1.0.0,2026-09-13T06:28:48Z,READY,224,116,108,0.517857,0.482143,2700,2300,1.173913,289.285714,a1bee2f832bba4fbfbee499c6c89c2cf1a011d365a81efc1b5ef04b1ed6b0236,candle_path_not_fill,UNAVAILABLE,UNAVAILABLE,UNAVAILABLE,NOT_COMPUTABLE,UNAVAILABLE
