record_type,evidence_layer,program,metric,value,unit,source,superasi_version,grade_config_version,created_at,source_lab_id,phase_a_result_id,source_csv_sha256,abase_sha256,debase_sha256,strategy_name,sport,league,season,date_from,date_to,universe,observation_basis,resolution,pit_field,entry_operation,entry_parameters,win_exit_operation,win_exit_parameters,loss_exit_operation,loss_exit_parameters,terminal_behavior,plan_hash,compiler_version,warehouse_version,identity_version,catalog_version,execution_version,data_fingerprint,backtest_status,population,wins,losses,win_rate,loss_rate,average_win,average_loss,risk_reward,gross_ev,result_hash,risk_not,fees,slippage,fills,net_ev,live_grade
meta,,base_devalidation,superasi_version,superasi_bdebase_v1.1.0,,superasi,superasi_bdebase_v1.1.0,grade_config_v1,2026-09-21T18:16:15Z,55d9a8bdcc4e4d82a222fd1bfb84fdbf,ATP CROSS 65 REACH 85 40 JUL 2025 ITI-05,e5cba21e206a859f465992e9705418339cee20e8e1cab2abbaa6eefe9bdbcbca,1ca7e1b4c022503dc39a4e6c3fd93a68123b280a28d7e3501b8f40d8e70e44fd,544af08020cf5cbc80434291e0f6b64f562c9ed0142f5ef5b1aeb6eaeee949ae,ATP CROSS 65 REACH 85 40 JUL 2025 ITI-05,ATP,ATP,2025-2026,2025-07-01,2025-07-31,"{""date_from"":""2025-07-01"",""date_to"":""2025-07-31"",""game_data"":[],""leagues"":[""ATP""],""market_data"":[""candles""],""markets"":[""kalshi""],""seasons"":[""2025-2026""],""sports"":[""ATP""]}",TRADABLE_YES_BID,1_MINUTE_CANDLE,available_at,CROSS,"{""id"":""e1"",""op"":""CROSS"",""price_e4"":7100}",REACH,"{""id"":""win"",""op"":""REACH"",""outcome"":""win"",""price_e4"":8500}",REACH,"{""id"":""loss"",""op"":""REACH"",""outcome"":""loss"",""price_e4"":4000}",HOLD_TO_SETTLEMENT,b530d65b28edd1535a76ec4046e518bc9de0bcfa836596c3227470a9a4d0a869,1.0.0,2026-09-15T01:30:56Z,1.0.0,1.0.0,1.0.0,2026-09-15T01:30:56Z,READY,351,182,139,0.566978,0.433022,1400,3100,0.451613,-501.709402,2d9a4d634a4a5508155a34c9ff097202c0d039e70a9a5b95665317d16af53f70,candle_path_not_fill,UNAVAILABLE,UNAVAILABLE,UNAVAILABLE,NOT_COMPUTABLE,UNAVAILABLE
meta,,base_devalidation,grade_config_version,grade_config_v1,,superasi,superasi_bdebase_v1.1.0,grade_config_v1,2026-09-21T18:16:15Z,55d9a8bdcc4e4d82a222fd1bfb84fdbf,ATP CROSS 65 REACH 85 40 JUL 2025 ITI-05,e5cba21e206a859f465992e9705418339cee20e8e1cab2abbaa6eefe9bdbcbca,1ca7e1b4c022503dc39a4e6c3fd93a68123b280a28d7e3501b8f40d8e70e44fd,544af08020cf5cbc80434291e0f6b64f562c9ed0142f5ef5b1aeb6eaeee949ae,ATP CROSS 65 REACH 85 40 JUL 2025 ITI-05,ATP,ATP,2025-2026,2025-07-01,2025-07-31,"{""date_from"":""2025-07-01"",""date_to"":""2025-07-31"",""game_data"":[],""leagues"":[""ATP""],""market_data"":[""candles""],""markets"":[""kalshi""],""seasons"":[""2025-2026""],""sports"":[""ATP""]}",TRADABLE_YES_BID,1_MINUTE_CANDLE,available_at,CROSS,"{""id"":""e1"",""op"":""CROSS"",""price_e4"":7100}",REACH,"{""id"":""win"",""op"":""REACH"",""outcome"":""win"",""price_e4"":8500}",REACH,"{""id"":""loss"",""op"":""REACH"",""outcome"":""loss"",""price_e4"":4000}",HOLD_TO_SETTLEMENT,b530d65b28edd1535a76ec4046e518bc9de0bcfa836596c3227470a9a4d0a869,1.0.0,2026-09-15T01:30:56Z,1.0.0,1.0.0,1.0.0,2026-09-15T01:30:56Z,READY,351,182,139,0.566978,0.433022,1400,3100,0.451613,-501.709402,2d9a4d634a4a5508155a34c9ff097202c0d039e70a9a5b95665317d16af53f70,candle_path_not_fill,UNAVAILABLE,UNAVAILABLE,UNAVAILABLE,NOT_COMPUTABLE,UNAVAILABLE
meta,OBSERVED,base_devalidation,phase_a_result_id,ATP CROSS 65 REACH 85 40 JUL 2025 ITI-05,,phase_a,superasi_bdebase_v1.1.0,grade_config_v1,2026-09-21T18:16:15Z,55d9a8bdcc4e4d82a222fd1bfb84fdbf,ATP CROSS 65 REACH 85 40 JUL 2025 ITI-05,e5cba21e206a859f465992e9705418339cee20e8e1cab2abbaa6eefe9bdbcbca,1ca7e1b4c022503dc39a4e6c3fd93a68123b280a28d7e3501b8f40d8e70e44fd,544af08020cf5cbc80434291e0f6b64f562c9ed0142f5ef5b1aeb6eaeee949ae,ATP CROSS 65 REACH 85 40 JUL 2025 ITI-05,ATP,ATP,2025-2026,2025-07-01,2025-07-31,"{""date_from"":""2025-07-01"",""date_to"":""2025-07-31"",""game_data"":[],""leagues"":[""ATP""],""market_data"":[""candles""],""markets"":[""kalshi""],""seasons"":[""2025-2026""],""sports"":[""ATP""]}",TRADABLE_YES_BID,1_MINUTE_CANDLE,available_at,CROSS,"{""id"":""e1"",""op"":""CROSS"",""price_e4"":7100}",REACH,"{""id"":""win"",""op"":""REACH"",""outcome"":""win"",""price_e4"":8500}",REACH,"{""id"":""loss"",""op"":""REACH"",""outcome"":""loss"",""price_e4"":4000}",HOLD_TO_SETTLEMENT,b530d65b28edd1535a76ec4046e518bc9de0bcfa836596c3227470a9a4d0a869,1.0.0,2026-09-15T01:30:56Z,1.0.0,1.0.0,1.0.0,2026-09-15T01:30:56Z,READY,351,182,139,0.566978,0.433022,1400,3100,0.451613,-501.709402,2d9a4d634a4a5508155a34c9ff097202c0d039e70a9a5b95665317d16af53f70,candle_path_not_fill,UNAVAILABLE,UNAVAILABLE,UNAVAILABLE,NOT_COMPUTABLE,UNAVAILABLE
meta,OBSERVED,base_devalidation,source_lab_id,55d9a8bdcc4e4d82a222fd1bfb84fdbf,,labs_csv,superasi_bdebase_v1.1.0,grade_config_v1,2026-09-21T18:16:15Z,55d9a8bdcc4e4d82a222fd1bfb84fdbf,ATP CROSS 65 REACH 85 40 JUL 2025 ITI-05,e5cba21e206a859f465992e9705418339cee20e8e1cab2abbaa6eefe9bdbcbca,1ca7e1b4c022503dc39a4e6c3fd93a68123b280a28d7e3501b8f40d8e70e44fd,544af08020cf5cbc80434291e0f6b64f562c9ed0142f5ef5b1aeb6eaeee949ae,ATP CROSS 65 REACH 85 40 JUL 2025 ITI-05,ATP,ATP,2025-2026,2025-07-01,2025-07-31,"{""date_from"":""2025-07-01"",""date_to"":""2025-07-31"",""game_data"":[],""leagues"":[""ATP""],""market_data"":[""candles""],""markets"":[""kalshi""],""seasons"":[""2025-2026""],""sports"":[""ATP""]}",TRADABLE_YES_BID,1_MINUTE_CANDLE,available_at,CROSS,"{""id"":""e1"",""op"":""CROSS"",""price_e4"":7100}",REACH,"{""id"":""win"",""op"":""REACH"",""outcome"":""win"",""price_e4"":8500}",REACH,"{""id"":""loss"",""op"":""REACH"",""outcome"":""loss"",""price_e4"":4000}",HOLD_TO_SETTLEMENT,b530d65b28edd1535a76ec4046e518bc9de0bcfa836596c3227470a9a4d0a869,1.0.0,2026-09-15T01:30:56Z,1.0.0,1.0.0,1.0.0,2026-09-15T01:30:56Z,READY,351,182,139,0.566978,0.433022,1400,3100,0.451613,-501.709402,2d9a4d634a4a5508155a34c9ff097202c0d039e70a9a5b95665317d16af53f70,candle_path_not_fill,UNAVAILABLE,UNAVAILABLE,UNAVAILABLE,NOT_COMPUTABLE,UNAVAILABLE
meta,OBSERVED,base_devalidation,question_status,PRESENT,,labs_metadata,superasi_bdebase_v1.1.0,grade_config_v1,2026-09-21T18:16:15Z,55d9a8bdcc4e4d82a222fd1bfb84fdbf,ATP CROSS 65 REACH 85 40 JUL 2025 ITI-05,e5cba21e206a859f465992e9705418339cee20e8e1cab2abbaa6eefe9bdbcbca,1ca7e1b4c022503dc39a4e6c3fd93a68123b280a28d7e3501b8f40d8e70e44fd,544af08020cf5cbc80434291e0f6b64f562c9ed0142f5ef5b1aeb6eaeee949ae,ATP CROSS 65 REACH 85 40 JUL 2025 ITI-05,ATP,ATP,2025-2026,2025-07-01,2025-07-31,"{""date_from"":""2025-07-01"",""date_to"":""2025-07-31"",""game_data"":[],""leagues"":[""ATP""],""market_data"":[""candles""],""markets"":[""kalshi""],""seasons"":[""2025-2026""],""sports"":[""ATP""]}",TRADABLE_YES_BID,1_MINUTE_CANDLE,available_at,CROSS,"{""id"":""e1"",""op"":""CROSS"",""price_e4"":7100}",REACH,"{""id"":""win"",""op"":""REACH"",""outcome"":""win"",""price_e4"":8500}",REACH,"{""id"":""loss"",""op"":""REACH"",""outcome"":""loss"",""price_e4"":4000}",HOLD_TO_SETTLEMENT,b530d65b28edd1535a76ec4046e518bc9de0bcfa836596c3227470a9a4d0a869,1.0.0,2026-09-15T01:30:56Z,1.0.0,1.0.0,1.0.0,2026-09-15T01:30:56Z,READY,351,182,139,0.566978,0.433022,1400,3100,0.451613,-501.709402,2d9a4d634a4a5508155a34c9ff097202c0d039e70a9a5b95665317d16af53f70,candle_path_not_fill,UNAVAILABLE,UNAVAILABLE,UNAVAILABLE,NOT_COMPUTABLE,UNAVAILABLE
meta,OBSERVED,base_devalidation,question_sha256,7cf2bf76c8003884a544755e7347bcf4c2491c3bd9d6ef9e678bbec92d424256,,labs_metadata,superasi_bdebase_v1.1.0,grade_config_v1,2026-09-21T18:16:15Z,55d9a8bdcc4e4d82a222fd1bfb84fdbf,ATP CROSS 65 REACH 85 40 JUL 2025 ITI-05,e5cba21e206a859f465992e9705418339cee20e8e1cab2abbaa6eefe9bdbcbca,1ca7e1b4c022503dc39a4e6c3fd93a68123b280a28d7e3501b8f40d8e70e44fd,544af08020cf5cbc80434291e0f6b64f562c9ed0142f5ef5b1aeb6eaeee949ae,ATP CROSS 65 REACH 85 40 JUL 2025 ITI-05,ATP,ATP,2025-2026,2025-07-01,2025-07-31,"{""date_from"":""2025-07-01"",""date_to"":""2025-07-31"",""game_data"":[],""leagues"":[""ATP""],""market_data"":[""candles""],""markets"":[""kalshi""],""seasons"":[""2025-2026""],""sports"":[""ATP""]}",TRADABLE_YES_BID,1_MINUTE_CANDLE,available_at,CROSS,"{""id"":""e1"",""op"":""CROSS"",""price_e4"":7100}",REACH,"{""id"":""win"",""op"":""REACH"",""outcome"":""win"",""price_e4"":8500}",REACH,"{""id"":""loss"",""op"":""REACH"",""outcome"":""loss"",""price_e4"":4000}",HOLD_TO_SETTLEMENT,b530d65b28edd1535a76ec4046e518bc9de0bcfa836596c3227470a9a4d0a869,1.0.0,2026-09-15T01:30:56Z,1.0.0,1.0.0,1.0.0,2026-09-15T01:30:56Z,READY,351,182,139,0.566978,0.433022,1400,3100,0.451613,-501.709402,2d9a4d634a4a5508155a34c9ff097202c0d039e70a9a5b95665317d16af53f70,candle_path_not_fill,UNAVAILABLE,UNAVAILABLE,UNAVAILABLE,NOT_COMPUTABLE,UNAVAILABLE
meta,OBSERVED,base_devalidation,plan_hash,b530d65b28edd1535a76ec4046e518bc9de0bcfa836596c3227470a9a4d0a869,,labs_csv,superasi_bdebase_v1.1.0,grade_config_v1,2026-09-21T18:16:15Z,55d9a8bdcc4e4d82a222fd1bfb84fdbf,ATP CROSS 65 REACH 85 40 JUL 2025 ITI-05,e5cba21e206a859f465992e9705418339cee20e8e1cab2abbaa6eefe9bdbcbca,1ca7e1b4c022503dc39a4e6c3fd93a68123b280a28d7e3501b8f40d8e70e44fd,544af08020cf5cbc80434291e0f6b64f562c9ed0142f5ef5b1aeb6eaeee949ae,ATP CROSS 65 REACH 85 40 JUL 2025 ITI-05,ATP,ATP,2025-2026,2025-07-01,2025-07-31,"{""date_from"":""2025-07-01"",""date_to"":""2025-07-31"",""game_data"":[],""leagues"":[""ATP""],""market_data"":[""candles""],""markets"":[""kalshi""],""seasons"":[""2025-2026""],""sports"":[""ATP""]}",TRADABLE_YES_BID,1_MINUTE_CANDLE,available_at,CROSS,"{""id"":""e1"",""op"":""CROSS"",""price_e4"":7100}",REACH,"{""id"":""win"",""op"":""REACH"",""outcome"":""win"",""price_e4"":8500}",REACH,"{""id"":""loss"",""op"":""REACH"",""outcome"":""loss"",""price_e4"":4000}",HOLD_TO_SETTLEMENT,b530d65b28edd1535a76ec4046e518bc9de0bcfa836596c3227470a9a4d0a869,1.0.0,2026-09-15T01:30:56Z,1.0.0,1.0.0,1.0.0,2026-09-15T01:30:56Z,READY,351,182,139,0.566978,0.433022,1400,3100,0.451613,-501.709402,2d9a4d634a4a5508155a34c9ff097202c0d039e70a9a5b95665317d16af53f70,candle_path_not_fill,UNAVAILABLE,UNAVAILABLE,UNAVAILABLE,NOT_COMPUTABLE,UNAVAILABLE
meta,OBSERVED,base_devalidation,result_hash,2d9a4d634a4a5508155a34c9ff097202c0d039e70a9a5b95665317d16af53f70,,labs_csv,superasi_bdebase_v1.1.0,grade_config_v1,2026-09-21T18:16:15Z,55d9a8bdcc4e4d82a222fd1bfb84fdbf,ATP CROSS 65 REACH 85 40 JUL 2025 ITI-05,e5cba21e206a859f465992e9705418339cee20e8e1cab2abbaa6eefe9bdbcbca,1ca7e1b4c022503dc39a4e6c3fd93a68123b280a28d7e3501b8f40d8e70e44fd,544af08020cf5cbc80434291e0f6b64f562c9ed0142f5ef5b1aeb6eaeee949ae,ATP CROSS 65 REACH 85 40 JUL 2025 ITI-05,ATP,ATP,2025-2026,2025-07-01,2025-07-31,"{""date_from"":""2025-07-01"",""date_to"":""2025-07-31"",""game_data"":[],""leagues"":[""ATP""],""market_data"":[""candles""],""markets"":[""kalshi""],""seasons"":[""2025-2026""],""sports"":[""ATP""]}",TRADABLE_YES_BID,1_MINUTE_CANDLE,available_at,CROSS,"{""id"":""e1"",""op"":""CROSS"",""price_e4"":7100}",REACH,"{""id"":""win"",""op"":""REACH"",""outcome"":""win"",""price_e4"":8500}",REACH,"{""id"":""loss"",""op"":""REACH"",""outcome"":""loss"",""price_e4"":4000}",HOLD_TO_SETTLEMENT,b530d65b28edd1535a76ec4046e518bc9de0bcfa836596c3227470a9a4d0a869,1.0.0,2026-09-15T01:30:56Z,1.0.0,1.0.0,1.0.0,2026-09-15T01:30:56Z,READY,351,182,139,0.566978,0.433022,1400,3100,0.451613,-501.709402,2d9a4d634a4a5508155a34c9ff097202c0d039e70a9a5b95665317d16af53f70,candle_path_not_fill,UNAVAILABLE,UNAVAILABLE,UNAVAILABLE,NOT_COMPUTABLE,UNAVAILABLE
meta,OBSERVED,base_devalidation,candle_path_not_fill,candle_path_not_fill,,honesty,superasi_bdebase_v1.1.0,grade_config_v1,2026-09-21T18:16:15Z,55d9a8bdcc4e4d82a222fd1bfb84fdbf,ATP CROSS 65 REACH 85 40 JUL 2025 ITI-05,e5cba21e206a859f465992e9705418339cee20e8e1cab2abbaa6eefe9bdbcbca,1ca7e1b4c022503dc39a4e6c3fd93a68123b280a28d7e3501b8f40d8e70e44fd,544af08020cf5cbc80434291e0f6b64f562c9ed0142f5ef5b1aeb6eaeee949ae,ATP CROSS 65 REACH 85 40 JUL 2025 ITI-05,ATP,ATP,2025-2026,2025-07-01,2025-07-31,"{""date_from"":""2025-07-01"",""date_to"":""2025-07-31"",""game_data"":[],""leagues"":[""ATP""],""market_data"":[""candles""],""markets"":[""kalshi""],""seasons"":[""2025-2026""],""sports"":[""ATP""]}",TRADABLE_YES_BID,1_MINUTE_CANDLE,available_at,CROSS,"{""id"":""e1"",""op"":""CROSS"",""price_e4"":7100}",REACH,"{""id"":""win"",""op"":""REACH"",""outcome"":""win"",""price_e4"":8500}",REACH,"{""id"":""loss"",""op"":""REACH"",""outcome"":""loss"",""price_e4"":4000}",HOLD_TO_SETTLEMENT,b530d65b28edd1535a76ec4046e518bc9de0bcfa836596c3227470a9a4d0a869,1.0.0,2026-09-15T01:30:56Z,1.0.0,1.0.0,1.0.0,2026-09-15T01:30:56Z,READY,351,182,139,0.566978,0.433022,1400,3100,0.451613,-501.709402,2d9a4d634a4a5508155a34c9ff097202c0d039e70a9a5b95665317d16af53f70,candle_path_not_fill,UNAVAILABLE,UNAVAILABLE,UNAVAILABLE,NOT_COMPUTABLE,UNAVAILABLE
meta,OBSERVED,base_devalidation,live_grade,UNAVAILABLE,,honesty,superasi_bdebase_v1.1.0,grade_config_v1,2026-09-21T18:16:15Z,55d9a8bdcc4e4d82a222fd1bfb84fdbf,ATP CROSS 65 REACH 85 40 JUL 2025 ITI-05,e5cba21e206a859f465992e9705418339cee20e8e1cab2abbaa6eefe9bdbcbca,1ca7e1b4c022503dc39a4e6c3fd93a68123b280a28d7e3501b8f40d8e70e44fd,544af08020cf5cbc80434291e0f6b64f562c9ed0142f5ef5b1aeb6eaeee949ae,ATP CROSS 65 REACH 85 40 JUL 2025 ITI-05,ATP,ATP,2025-2026,2025-07-01,2025-07-31,"{""date_from"":""2025-07-01"",""date_to"":""2025-07-31"",""game_data"":[],""leagues"":[""ATP""],""market_data"":[""candles""],""markets"":[""kalshi""],""seasons"":[""2025-2026""],""sports"":[""ATP""]}",TRADABLE_YES_BID,1_MINUTE_CANDLE,available_at,CROSS,"{""id"":""e1"",""op"":""CROSS"",""price_e4"":7100}",REACH,"{""id"":""win"",""op"":""REACH"",""outcome"":""win"",""price_e4"":8500}",REACH,"{""id"":""loss"",""op"":""REACH"",""outcome"":""loss"",""price_e4"":4000}",HOLD_TO_SETTLEMENT,b530d65b28edd1535a76ec4046e518bc9de0bcfa836596c3227470a9a4d0a869,1.0.0,2026-09-15T01:30:56Z,1.0.0,1.0.0,1.0.0,2026-09-15T01:30:56Z,READY,351,182,139,0.566978,0.433022,1400,3100,0.451613,-501.709402,2d9a4d634a4a5508155a34c9ff097202c0d039e70a9a5b95665317d16af53f70,candle_path_not_fill,UNAVAILABLE,UNAVAILABLE,UNAVAILABLE,NOT_COMPUTABLE,UNAVAILABLE
observed,OBSERVED,base_decomposition,population,351,count,labs_row,superasi_bdebase_v1.1.0,grade_config_v1,2026-09-21T18:16:15Z,55d9a8bdcc4e4d82a222fd1bfb84fdbf,ATP CROSS 65 REACH 85 40 JUL 2025 ITI-05,e5cba21e206a859f465992e9705418339cee20e8e1cab2abbaa6eefe9bdbcbca,1ca7e1b4c022503dc39a4e6c3fd93a68123b280a28d7e3501b8f40d8e70e44fd,544af08020cf5cbc80434291e0f6b64f562c9ed0142f5ef5b1aeb6eaeee949ae,ATP CROSS 65 REACH 85 40 JUL 2025 ITI-05,ATP,ATP,2025-2026,2025-07-01,2025-07-31,"{""date_from"":""2025-07-01"",""date_to"":""2025-07-31"",""game_data"":[],""leagues"":[""ATP""],""market_data"":[""candles""],""markets"":[""kalshi""],""seasons"":[""2025-2026""],""sports"":[""ATP""]}",TRADABLE_YES_BID,1_MINUTE_CANDLE,available_at,CROSS,"{""id"":""e1"",""op"":""CROSS"",""price_e4"":7100}",REACH,"{""id"":""win"",""op"":""REACH"",""outcome"":""win"",""price_e4"":8500}",REACH,"{""id"":""loss"",""op"":""REACH"",""outcome"":""loss"",""price_e4"":4000}",HOLD_TO_SETTLEMENT,b530d65b28edd1535a76ec4046e518bc9de0bcfa836596c3227470a9a4d0a869,1.0.0,2026-09-15T01:30:56Z,1.0.0,1.0.0,1.0.0,2026-09-15T01:30:56Z,READY,351,182,139,0.566978,0.433022,1400,3100,0.451613,-501.709402,2d9a4d634a4a5508155a34c9ff097202c0d039e70a9a5b95665317d16af53f70,candle_path_not_fill,UNAVAILABLE,UNAVAILABLE,UNAVAILABLE,NOT_COMPUTABLE,UNAVAILABLE
observed,OBSERVED,base_decomposition,wins,182,count,labs_row,superasi_bdebase_v1.1.0,grade_config_v1,2026-09-21T18:16:15Z,55d9a8bdcc4e4d82a222fd1bfb84fdbf,ATP CROSS 65 REACH 85 40 JUL 2025 ITI-05,e5cba21e206a859f465992e9705418339cee20e8e1cab2abbaa6eefe9bdbcbca,1ca7e1b4c022503dc39a4e6c3fd93a68123b280a28d7e3501b8f40d8e70e44fd,544af08020cf5cbc80434291e0f6b64f562c9ed0142f5ef5b1aeb6eaeee949ae,ATP CROSS 65 REACH 85 40 JUL 2025 ITI-05,ATP,ATP,2025-2026,2025-07-01,2025-07-31,"{""date_from"":""2025-07-01"",""date_to"":""2025-07-31"",""game_data"":[],""leagues"":[""ATP""],""market_data"":[""candles""],""markets"":[""kalshi""],""seasons"":[""2025-2026""],""sports"":[""ATP""]}",TRADABLE_YES_BID,1_MINUTE_CANDLE,available_at,CROSS,"{""id"":""e1"",""op"":""CROSS"",""price_e4"":7100}",REACH,"{""id"":""win"",""op"":""REACH"",""outcome"":""win"",""price_e4"":8500}",REACH,"{""id"":""loss"",""op"":""REACH"",""outcome"":""loss"",""price_e4"":4000}",HOLD_TO_SETTLEMENT,b530d65b28edd1535a76ec4046e518bc9de0bcfa836596c3227470a9a4d0a869,1.0.0,2026-09-15T01:30:56Z,1.0.0,1.0.0,1.0.0,2026-09-15T01:30:56Z,READY,351,182,139,0.566978,0.433022,1400,3100,0.451613,-501.709402,2d9a4d634a4a5508155a34c9ff097202c0d039e70a9a5b95665317d16af53f70,candle_path_not_fill,UNAVAILABLE,UNAVAILABLE,UNAVAILABLE,NOT_COMPUTABLE,UNAVAILABLE
observed,OBSERVED,base_decomposition,losses,139,count,labs_row,superasi_bdebase_v1.1.0,grade_config_v1,2026-09-21T18:16:15Z,55d9a8bdcc4e4d82a222fd1bfb84fdbf,ATP CROSS 65 REACH 85 40 JUL 2025 ITI-05,e5cba21e206a859f465992e9705418339cee20e8e1cab2abbaa6eefe9bdbcbca,1ca7e1b4c022503dc39a4e6c3fd93a68123b280a28d7e3501b8f40d8e70e44fd,544af08020cf5cbc80434291e0f6b64f562c9ed0142f5ef5b1aeb6eaeee949ae,ATP CROSS 65 REACH 85 40 JUL 2025 ITI-05,ATP,ATP,2025-2026,2025-07-01,2025-07-31,"{""date_from"":""2025-07-01"",""date_to"":""2025-07-31"",""game_data"":[],""leagues"":[""ATP""],""market_data"":[""candles""],""markets"":[""kalshi""],""seasons"":[""2025-2026""],""sports"":[""ATP""]}",TRADABLE_YES_BID,1_MINUTE_CANDLE,available_at,CROSS,"{""id"":""e1"",""op"":""CROSS"",""price_e4"":7100}",REACH,"{""id"":""win"",""op"":""REACH"",""outcome"":""win"",""price_e4"":8500}",REACH,"{""id"":""loss"",""op"":""REACH"",""outcome"":""loss"",""price_e4"":4000}",HOLD_TO_SETTLEMENT,b530d65b28edd1535a76ec4046e518bc9de0bcfa836596c3227470a9a4d0a869,1.0.0,2026-09-15T01:30:56Z,1.0.0,1.0.0,1.0.0,2026-09-15T01:30:56Z,READY,351,182,139,0.566978,0.433022,1400,3100,0.451613,-501.709402,2d9a4d634a4a5508155a34c9ff097202c0d039e70a9a5b95665317d16af53f70,candle_path_not_fill,UNAVAILABLE,UNAVAILABLE,UNAVAILABLE,NOT_COMPUTABLE,UNAVAILABLE
observed,OBSERVED,base_decomposition,decided,321,count,labs_row,superasi_bdebase_v1.1.0,grade_config_v1,2026-09-21T18:16:15Z,55d9a8bdcc4e4d82a222fd1bfb84fdbf,ATP CROSS 65 REACH 85 40 JUL 2025 ITI-05,e5cba21e206a859f465992e9705418339cee20e8e1cab2abbaa6eefe9bdbcbca,1ca7e1b4c022503dc39a4e6c3fd93a68123b280a28d7e3501b8f40d8e70e44fd,544af08020cf5cbc80434291e0f6b64f562c9ed0142f5ef5b1aeb6eaeee949ae,ATP CROSS 65 REACH 85 40 JUL 2025 ITI-05,ATP,ATP,2025-2026,2025-07-01,2025-07-31,"{""date_from"":""2025-07-01"",""date_to"":""2025-07-31"",""game_data"":[],""leagues"":[""ATP""],""market_data"":[""candles""],""markets"":[""kalshi""],""seasons"":[""2025-2026""],""sports"":[""ATP""]}",TRADABLE_YES_BID,1_MINUTE_CANDLE,available_at,CROSS,"{""id"":""e1"",""op"":""CROSS"",""price_e4"":7100}",REACH,"{""id"":""win"",""op"":""REACH"",""outcome"":""win"",""price_e4"":8500}",REACH,"{""id"":""loss"",""op"":""REACH"",""outcome"":""loss"",""price_e4"":4000}",HOLD_TO_SETTLEMENT,b530d65b28edd1535a76ec4046e518bc9de0bcfa836596c3227470a9a4d0a869,1.0.0,2026-09-15T01:30:56Z,1.0.0,1.0.0,1.0.0,2026-09-15T01:30:56Z,READY,351,182,139,0.566978,0.433022,1400,3100,0.451613,-501.709402,2d9a4d634a4a5508155a34c9ff097202c0d039e70a9a5b95665317d16af53f70,candle_path_not_fill,UNAVAILABLE,UNAVAILABLE,UNAVAILABLE,NOT_COMPUTABLE,UNAVAILABLE
observed,OBSERVED,base_decomposition,win_rate,0.566978,fraction,labs_row,superasi_bdebase_v1.1.0,grade_config_v1,2026-09-21T18:16:15Z,55d9a8bdcc4e4d82a222fd1bfb84fdbf,ATP CROSS 65 REACH 85 40 JUL 2025 ITI-05,e5cba21e206a859f465992e9705418339cee20e8e1cab2abbaa6eefe9bdbcbca,1ca7e1b4c022503dc39a4e6c3fd93a68123b280a28d7e3501b8f40d8e70e44fd,544af08020cf5cbc80434291e0f6b64f562c9ed0142f5ef5b1aeb6eaeee949ae,ATP CROSS 65 REACH 85 40 JUL 2025 ITI-05,ATP,ATP,2025-2026,2025-07-01,2025-07-31,"{""date_from"":""2025-07-01"",""date_to"":""2025-07-31"",""game_data"":[],""leagues"":[""ATP""],""market_data"":[""candles""],""markets"":[""kalshi""],""seasons"":[""2025-2026""],""sports"":[""ATP""]}",TRADABLE_YES_BID,1_MINUTE_CANDLE,available_at,CROSS,"{""id"":""e1"",""op"":""CROSS"",""price_e4"":7100}",REACH,"{""id"":""win"",""op"":""REACH"",""outcome"":""win"",""price_e4"":8500}",REACH,"{""id"":""loss"",""op"":""REACH"",""outcome"":""loss"",""price_e4"":4000}",HOLD_TO_SETTLEMENT,b530d65b28edd1535a76ec4046e518bc9de0bcfa836596c3227470a9a4d0a869,1.0.0,2026-09-15T01:30:56Z,1.0.0,1.0.0,1.0.0,2026-09-15T01:30:56Z,READY,351,182,139,0.566978,0.433022,1400,3100,0.451613,-501.709402,2d9a4d634a4a5508155a34c9ff097202c0d039e70a9a5b95665317d16af53f70,candle_path_not_fill,UNAVAILABLE,UNAVAILABLE,UNAVAILABLE,NOT_COMPUTABLE,UNAVAILABLE
observed,OBSERVED,base_decomposition,gross_ev,-501.709402,e4,labs_row,superasi_bdebase_v1.1.0,grade_config_v1,2026-09-21T18:16:15Z,55d9a8bdcc4e4d82a222fd1bfb84fdbf,ATP CROSS 65 REACH 85 40 JUL 2025 ITI-05,e5cba21e206a859f465992e9705418339cee20e8e1cab2abbaa6eefe9bdbcbca,1ca7e1b4c022503dc39a4e6c3fd93a68123b280a28d7e3501b8f40d8e70e44fd,544af08020cf5cbc80434291e0f6b64f562c9ed0142f5ef5b1aeb6eaeee949ae,ATP CROSS 65 REACH 85 40 JUL 2025 ITI-05,ATP,ATP,2025-2026,2025-07-01,2025-07-31,"{""date_from"":""2025-07-01"",""date_to"":""2025-07-31"",""game_data"":[],""leagues"":[""ATP""],""market_data"":[""candles""],""markets"":[""kalshi""],""seasons"":[""2025-2026""],""sports"":[""ATP""]}",TRADABLE_YES_BID,1_MINUTE_CANDLE,available_at,CROSS,"{""id"":""e1"",""op"":""CROSS"",""price_e4"":7100}",REACH,"{""id"":""win"",""op"":""REACH"",""outcome"":""win"",""price_e4"":8500}",REACH,"{""id"":""loss"",""op"":""REACH"",""outcome"":""loss"",""price_e4"":4000}",HOLD_TO_SETTLEMENT,b530d65b28edd1535a76ec4046e518bc9de0bcfa836596c3227470a9a4d0a869,1.0.0,2026-09-15T01:30:56Z,1.0.0,1.0.0,1.0.0,2026-09-15T01:30:56Z,READY,351,182,139,0.566978,0.433022,1400,3100,0.451613,-501.709402,2d9a4d634a4a5508155a34c9ff097202c0d039e70a9a5b95665317d16af53f70,candle_path_not_fill,UNAVAILABLE,UNAVAILABLE,UNAVAILABLE,NOT_COMPUTABLE,UNAVAILABLE
observed,OBSERVED,base_decomposition,average_win,1400.000000,e4,labs_row,superasi_bdebase_v1.1.0,grade_config_v1,2026-09-21T18:16:15Z,55d9a8bdcc4e4d82a222fd1bfb84fdbf,ATP CROSS 65 REACH 85 40 JUL 2025 ITI-05,e5cba21e206a859f465992e9705418339cee20e8e1cab2abbaa6eefe9bdbcbca,1ca7e1b4c022503dc39a4e6c3fd93a68123b280a28d7e3501b8f40d8e70e44fd,544af08020cf5cbc80434291e0f6b64f562c9ed0142f5ef5b1aeb6eaeee949ae,ATP CROSS 65 REACH 85 40 JUL 2025 ITI-05,ATP,ATP,2025-2026,2025-07-01,2025-07-31,"{""date_from"":""2025-07-01"",""date_to"":""2025-07-31"",""game_data"":[],""leagues"":[""ATP""],""market_data"":[""candles""],""markets"":[""kalshi""],""seasons"":[""2025-2026""],""sports"":[""ATP""]}",TRADABLE_YES_BID,1_MINUTE_CANDLE,available_at,CROSS,"{""id"":""e1"",""op"":""CROSS"",""price_e4"":7100}",REACH,"{""id"":""win"",""op"":""REACH"",""outcome"":""win"",""price_e4"":8500}",REACH,"{""id"":""loss"",""op"":""REACH"",""outcome"":""loss"",""price_e4"":4000}",HOLD_TO_SETTLEMENT,b530d65b28edd1535a76ec4046e518bc9de0bcfa836596c3227470a9a4d0a869,1.0.0,2026-09-15T01:30:56Z,1.0.0,1.0.0,1.0.0,2026-09-15T01:30:56Z,READY,351,182,139,0.566978,0.433022,1400,3100,0.451613,-501.709402,2d9a4d634a4a5508155a34c9ff097202c0d039e70a9a5b95665317d16af53f70,candle_path_not_fill,UNAVAILABLE,UNAVAILABLE,UNAVAILABLE,NOT_COMPUTABLE,UNAVAILABLE
observed,OBSERVED,base_decomposition,average_loss,3100.000000,e4,labs_row,superasi_bdebase_v1.1.0,grade_config_v1,2026-09-21T18:16:15Z,55d9a8bdcc4e4d82a222fd1bfb84fdbf,ATP CROSS 65 REACH 85 40 JUL 2025 ITI-05,e5cba21e206a859f465992e9705418339cee20e8e1cab2abbaa6eefe9bdbcbca,1ca7e1b4c022503dc39a4e6c3fd93a68123b280a28d7e3501b8f40d8e70e44fd,544af08020cf5cbc80434291e0f6b64f562c9ed0142f5ef5b1aeb6eaeee949ae,ATP CROSS 65 REACH 85 40 JUL 2025 ITI-05,ATP,ATP,2025-2026,2025-07-01,2025-07-31,"{""date_from"":""2025-07-01"",""date_to"":""2025-07-31"",""game_data"":[],""leagues"":[""ATP""],""market_data"":[""candles""],""markets"":[""kalshi""],""seasons"":[""2025-2026""],""sports"":[""ATP""]}",TRADABLE_YES_BID,1_MINUTE_CANDLE,available_at,CROSS,"{""id"":""e1"",""op"":""CROSS"",""price_e4"":7100}",REACH,"{""id"":""win"",""op"":""REACH"",""outcome"":""win"",""price_e4"":8500}",REACH,"{""id"":""loss"",""op"":""REACH"",""outcome"":""loss"",""price_e4"":4000}",HOLD_TO_SETTLEMENT,b530d65b28edd1535a76ec4046e518bc9de0bcfa836596c3227470a9a4d0a869,1.0.0,2026-09-15T01:30:56Z,1.0.0,1.0.0,1.0.0,2026-09-15T01:30:56Z,READY,351,182,139,0.566978,0.433022,1400,3100,0.451613,-501.709402,2d9a4d634a4a5508155a34c9ff097202c0d039e70a9a5b95665317d16af53f70,candle_path_not_fill,UNAVAILABLE,UNAVAILABLE,UNAVAILABLE,NOT_COMPUTABLE,UNAVAILABLE
observed,OBSERVED,base_decomposition,risk_reward,0.282210,ratio,labs_row,superasi_bdebase_v1.1.0,grade_config_v1,2026-09-21T18:16:15Z,55d9a8bdcc4e4d82a222fd1bfb84fdbf,ATP CROSS 65 REACH 85 40 JUL 2025 ITI-05,e5cba21e206a859f465992e9705418339cee20e8e1cab2abbaa6eefe9bdbcbca,1ca7e1b4c022503dc39a4e6c3fd93a68123b280a28d7e3501b8f40d8e70e44fd,544af08020cf5cbc80434291e0f6b64f562c9ed0142f5ef5b1aeb6eaeee949ae,ATP CROSS 65 REACH 85 40 JUL 2025 ITI-05,ATP,ATP,2025-2026,2025-07-01,2025-07-31,"{""date_from"":""2025-07-01"",""date_to"":""2025-07-31"",""game_data"":[],""leagues"":[""ATP""],""market_data"":[""candles""],""markets"":[""kalshi""],""seasons"":[""2025-2026""],""sports"":[""ATP""]}",TRADABLE_YES_BID,1_MINUTE_CANDLE,available_at,CROSS,"{""id"":""e1"",""op"":""CROSS"",""price_e4"":7100}",REACH,"{""id"":""win"",""op"":""REACH"",""outcome"":""win"",""price_e4"":8500}",REACH,"{""id"":""loss"",""op"":""REACH"",""outcome"":""loss"",""price_e4"":4000}",HOLD_TO_SETTLEMENT,b530d65b28edd1535a76ec4046e518bc9de0bcfa836596c3227470a9a4d0a869,1.0.0,2026-09-15T01:30:56Z,1.0.0,1.0.0,1.0.0,2026-09-15T01:30:56Z,READY,351,182,139,0.566978,0.433022,1400,3100,0.451613,-501.709402,2d9a4d634a4a5508155a34c9ff097202c0d039e70a9a5b95665317d16af53f70,candle_path_not_fill,UNAVAILABLE,UNAVAILABLE,UNAVAILABLE,NOT_COMPUTABLE,UNAVAILABLE
observed,OBSERVED,base_decomposition,wilson_lower,0.512296,fraction,labs_row,superasi_bdebase_v1.1.0,grade_config_v1,2026-09-21T18:16:15Z,55d9a8bdcc4e4d82a222fd1bfb84fdbf,ATP CROSS 65 REACH 85 40 JUL 2025 ITI-05,e5cba21e206a859f465992e9705418339cee20e8e1cab2abbaa6eefe9bdbcbca,1ca7e1b4c022503dc39a4e6c3fd93a68123b280a28d7e3501b8f40d8e70e44fd,544af08020cf5cbc80434291e0f6b64f562c9ed0142f5ef5b1aeb6eaeee949ae,ATP CROSS 65 REACH 85 40 JUL 2025 ITI-05,ATP,ATP,2025-2026,2025-07-01,2025-07-31,"{""date_from"":""2025-07-01"",""date_to"":""2025-07-31"",""game_data"":[],""leagues"":[""ATP""],""market_data"":[""candles""],""markets"":[""kalshi""],""seasons"":[""2025-2026""],""sports"":[""ATP""]}",TRADABLE_YES_BID,1_MINUTE_CANDLE,available_at,CROSS,"{""id"":""e1"",""op"":""CROSS"",""price_e4"":7100}",REACH,"{""id"":""win"",""op"":""REACH"",""outcome"":""win"",""price_e4"":8500}",REACH,"{""id"":""loss"",""op"":""REACH"",""outcome"":""loss"",""price_e4"":4000}",HOLD_TO_SETTLEMENT,b530d65b28edd1535a76ec4046e518bc9de0bcfa836596c3227470a9a4d0a869,1.0.0,2026-09-15T01:30:56Z,1.0.0,1.0.0,1.0.0,2026-09-15T01:30:56Z,READY,351,182,139,0.566978,0.433022,1400,3100,0.451613,-501.709402,2d9a4d634a4a5508155a34c9ff097202c0d039e70a9a5b95665317d16af53f70,candle_path_not_fill,UNAVAILABLE,UNAVAILABLE,UNAVAILABLE,NOT_COMPUTABLE,UNAVAILABLE
observed,OBSERVED,base_decomposition,wilson_upper,0.620076,fraction,labs_row,superasi_bdebase_v1.1.0,grade_config_v1,2026-09-21T18:16:15Z,55d9a8bdcc4e4d82a222fd1bfb84fdbf,ATP CROSS 65 REACH 85 40 JUL 2025 ITI-05,e5cba21e206a859f465992e9705418339cee20e8e1cab2abbaa6eefe9bdbcbca,1ca7e1b4c022503dc39a4e6c3fd93a68123b280a28d7e3501b8f40d8e70e44fd,544af08020cf5cbc80434291e0f6b64f562c9ed0142f5ef5b1aeb6eaeee949ae,ATP CROSS 65 REACH 85 40 JUL 2025 ITI-05,ATP,ATP,2025-2026,2025-07-01,2025-07-31,"{""date_from"":""2025-07-01"",""date_to"":""2025-07-31"",""game_data"":[],""leagues"":[""ATP""],""market_data"":[""candles""],""markets"":[""kalshi""],""seasons"":[""2025-2026""],""sports"":[""ATP""]}",TRADABLE_YES_BID,1_MINUTE_CANDLE,available_at,CROSS,"{""id"":""e1"",""op"":""CROSS"",""price_e4"":7100}",REACH,"{""id"":""win"",""op"":""REACH"",""outcome"":""win"",""price_e4"":8500}",REACH,"{""id"":""loss"",""op"":""REACH"",""outcome"":""loss"",""price_e4"":4000}",HOLD_TO_SETTLEMENT,b530d65b28edd1535a76ec4046e518bc9de0bcfa836596c3227470a9a4d0a869,1.0.0,2026-09-15T01:30:56Z,1.0.0,1.0.0,1.0.0,2026-09-15T01:30:56Z,READY,351,182,139,0.566978,0.433022,1400,3100,0.451613,-501.709402,2d9a4d634a4a5508155a34c9ff097202c0d039e70a9a5b95665317d16af53f70,candle_path_not_fill,UNAVAILABLE,UNAVAILABLE,UNAVAILABLE,NOT_COMPUTABLE,UNAVAILABLE
observed,OBSERVED,base_decomposition,wilson_width,0.107779,fraction,labs_row,superasi_bdebase_v1.1.0,grade_config_v1,2026-09-21T18:16:15Z,55d9a8bdcc4e4d82a222fd1bfb84fdbf,ATP CROSS 65 REACH 85 40 JUL 2025 ITI-05,e5cba21e206a859f465992e9705418339cee20e8e1cab2abbaa6eefe9bdbcbca,1ca7e1b4c022503dc39a4e6c3fd93a68123b280a28d7e3501b8f40d8e70e44fd,544af08020cf5cbc80434291e0f6b64f562c9ed0142f5ef5b1aeb6eaeee949ae,ATP CROSS 65 REACH 85 40 JUL 2025 ITI-05,ATP,ATP,2025-2026,2025-07-01,2025-07-31,"{""date_from"":""2025-07-01"",""date_to"":""2025-07-31"",""game_data"":[],""leagues"":[""ATP""],""market_data"":[""candles""],""markets"":[""kalshi""],""seasons"":[""2025-2026""],""sports"":[""ATP""]}",TRADABLE_YES_BID,1_MINUTE_CANDLE,available_at,CROSS,"{""id"":""e1"",""op"":""CROSS"",""price_e4"":7100}",REACH,"{""id"":""win"",""op"":""REACH"",""outcome"":""win"",""price_e4"":8500}",REACH,"{""id"":""loss"",""op"":""REACH"",""outcome"":""loss"",""price_e4"":4000}",HOLD_TO_SETTLEMENT,b530d65b28edd1535a76ec4046e518bc9de0bcfa836596c3227470a9a4d0a869,1.0.0,2026-09-15T01:30:56Z,1.0.0,1.0.0,1.0.0,2026-09-15T01:30:56Z,READY,351,182,139,0.566978,0.433022,1400,3100,0.451613,-501.709402,2d9a4d634a4a5508155a34c9ff097202c0d039e70a9a5b95665317d16af53f70,candle_path_not_fill,UNAVAILABLE,UNAVAILABLE,UNAVAILABLE,NOT_COMPUTABLE,UNAVAILABLE
observed,OBSERVED,base_decomposition,p_working,0.548243,fraction,labs_row,superasi_bdebase_v1.1.0,grade_config_v1,2026-09-21T18:16:15Z,55d9a8bdcc4e4d82a222fd1bfb84fdbf,ATP CROSS 65 REACH 85 40 JUL 2025 ITI-05,e5cba21e206a859f465992e9705418339cee20e8e1cab2abbaa6eefe9bdbcbca,1ca7e1b4c022503dc39a4e6c3fd93a68123b280a28d7e3501b8f40d8e70e44fd,544af08020cf5cbc80434291e0f6b64f562c9ed0142f5ef5b1aeb6eaeee949ae,ATP CROSS 65 REACH 85 40 JUL 2025 ITI-05,ATP,ATP,2025-2026,2025-07-01,2025-07-31,"{""date_from"":""2025-07-01"",""date_to"":""2025-07-31"",""game_data"":[],""leagues"":[""ATP""],""market_data"":[""candles""],""markets"":[""kalshi""],""seasons"":[""2025-2026""],""sports"":[""ATP""]}",TRADABLE_YES_BID,1_MINUTE_CANDLE,available_at,CROSS,"{""id"":""e1"",""op"":""CROSS"",""price_e4"":7100}",REACH,"{""id"":""win"",""op"":""REACH"",""outcome"":""win"",""price_e4"":8500}",REACH,"{""id"":""loss"",""op"":""REACH"",""outcome"":""loss"",""price_e4"":4000}",HOLD_TO_SETTLEMENT,b530d65b28edd1535a76ec4046e518bc9de0bcfa836596c3227470a9a4d0a869,1.0.0,2026-09-15T01:30:56Z,1.0.0,1.0.0,1.0.0,2026-09-15T01:30:56Z,READY,351,182,139,0.566978,0.433022,1400,3100,0.451613,-501.709402,2d9a4d634a4a5508155a34c9ff097202c0d039e70a9a5b95665317d16af53f70,candle_path_not_fill,UNAVAILABLE,UNAVAILABLE,UNAVAILABLE,NOT_COMPUTABLE,UNAVAILABLE
observed,OBSERVED,base_decomposition,p_working_basis,iqr1,,labs_row,superasi_bdebase_v1.1.0,grade_config_v1,2026-09-21T18:16:15Z,55d9a8bdcc4e4d82a222fd1bfb84fdbf,ATP CROSS 65 REACH 85 40 JUL 2025 ITI-05,e5cba21e206a859f465992e9705418339cee20e8e1cab2abbaa6eefe9bdbcbca,1ca7e1b4c022503dc39a4e6c3fd93a68123b280a28d7e3501b8f40d8e70e44fd,544af08020cf5cbc80434291e0f6b64f562c9ed0142f5ef5b1aeb6eaeee949ae,ATP CROSS 65 REACH 85 40 JUL 2025 ITI-05,ATP,ATP,2025-2026,2025-07-01,2025-07-31,"{""date_from"":""2025-07-01"",""date_to"":""2025-07-31"",""game_data"":[],""leagues"":[""ATP""],""market_data"":[""candles""],""markets"":[""kalshi""],""seasons"":[""2025-2026""],""sports"":[""ATP""]}",TRADABLE_YES_BID,1_MINUTE_CANDLE,available_at,CROSS,"{""id"":""e1"",""op"":""CROSS"",""price_e4"":7100}",REACH,"{""id"":""win"",""op"":""REACH"",""outcome"":""win"",""price_e4"":8500}",REACH,"{""id"":""loss"",""op"":""REACH"",""outcome"":""loss"",""price_e4"":4000}",HOLD_TO_SETTLEMENT,b530d65b28edd1535a76ec4046e518bc9de0bcfa836596c3227470a9a4d0a869,1.0.0,2026-09-15T01:30:56Z,1.0.0,1.0.0,1.0.0,2026-09-15T01:30:56Z,READY,351,182,139,0.566978,0.433022,1400,3100,0.451613,-501.709402,2d9a4d634a4a5508155a34c9ff097202c0d039e70a9a5b95665317d16af53f70,candle_path_not_fill,UNAVAILABLE,UNAVAILABLE,UNAVAILABLE,NOT_COMPUTABLE,UNAVAILABLE
observed,OBSERVED,base_decomposition,p_iqr1,0.548243,fraction,labs_row,superasi_bdebase_v1.1.0,grade_config_v1,2026-09-21T18:16:15Z,55d9a8bdcc4e4d82a222fd1bfb84fdbf,ATP CROSS 65 REACH 85 40 JUL 2025 ITI-05,e5cba21e206a859f465992e9705418339cee20e8e1cab2abbaa6eefe9bdbcbca,1ca7e1b4c022503dc39a4e6c3fd93a68123b280a28d7e3501b8f40d8e70e44fd,544af08020cf5cbc80434291e0f6b64f562c9ed0142f5ef5b1aeb6eaeee949ae,ATP CROSS 65 REACH 85 40 JUL 2025 ITI-05,ATP,ATP,2025-2026,2025-07-01,2025-07-31,"{""date_from"":""2025-07-01"",""date_to"":""2025-07-31"",""game_data"":[],""leagues"":[""ATP""],""market_data"":[""candles""],""markets"":[""kalshi""],""seasons"":[""2025-2026""],""sports"":[""ATP""]}",TRADABLE_YES_BID,1_MINUTE_CANDLE,available_at,CROSS,"{""id"":""e1"",""op"":""CROSS"",""price_e4"":7100}",REACH,"{""id"":""win"",""op"":""REACH"",""outcome"":""win"",""price_e4"":8500}",REACH,"{""id"":""loss"",""op"":""REACH"",""outcome"":""loss"",""price_e4"":4000}",HOLD_TO_SETTLEMENT,b530d65b28edd1535a76ec4046e518bc9de0bcfa836596c3227470a9a4d0a869,1.0.0,2026-09-15T01:30:56Z,1.0.0,1.0.0,1.0.0,2026-09-15T01:30:56Z,READY,351,182,139,0.566978,0.433022,1400,3100,0.451613,-501.709402,2d9a4d634a4a5508155a34c9ff097202c0d039e70a9a5b95665317d16af53f70,candle_path_not_fill,UNAVAILABLE,UNAVAILABLE,UNAVAILABLE,NOT_COMPUTABLE,UNAVAILABLE
observed,OBSERVED,base_decomposition,p_iqr3,0.585524,fraction,labs_row,superasi_bdebase_v1.1.0,grade_config_v1,2026-09-21T18:16:15Z,55d9a8bdcc4e4d82a222fd1bfb84fdbf,ATP CROSS 65 REACH 85 40 JUL 2025 ITI-05,e5cba21e206a859f465992e9705418339cee20e8e1cab2abbaa6eefe9bdbcbca,1ca7e1b4c022503dc39a4e6c3fd93a68123b280a28d7e3501b8f40d8e70e44fd,544af08020cf5cbc80434291e0f6b64f562c9ed0142f5ef5b1aeb6eaeee949ae,ATP CROSS 65 REACH 85 40 JUL 2025 ITI-05,ATP,ATP,2025-2026,2025-07-01,2025-07-31,"{""date_from"":""2025-07-01"",""date_to"":""2025-07-31"",""game_data"":[],""leagues"":[""ATP""],""market_data"":[""candles""],""markets"":[""kalshi""],""seasons"":[""2025-2026""],""sports"":[""ATP""]}",TRADABLE_YES_BID,1_MINUTE_CANDLE,available_at,CROSS,"{""id"":""e1"",""op"":""CROSS"",""price_e4"":7100}",REACH,"{""id"":""win"",""op"":""REACH"",""outcome"":""win"",""price_e4"":8500}",REACH,"{""id"":""loss"",""op"":""REACH"",""outcome"":""loss"",""price_e4"":4000}",HOLD_TO_SETTLEMENT,b530d65b28edd1535a76ec4046e518bc9de0bcfa836596c3227470a9a4d0a869,1.0.0,2026-09-15T01:30:56Z,1.0.0,1.0.0,1.0.0,2026-09-15T01:30:56Z,READY,351,182,139,0.566978,0.433022,1400,3100,0.451613,-501.709402,2d9a4d634a4a5508155a34c9ff097202c0d039e70a9a5b95665317d16af53f70,candle_path_not_fill,UNAVAILABLE,UNAVAILABLE,UNAVAILABLE,NOT_COMPUTABLE,UNAVAILABLE
observed,OBSERVED,base_decomposition,iqr,0.037281,fraction,labs_row,superasi_bdebase_v1.1.0,grade_config_v1,2026-09-21T18:16:15Z,55d9a8bdcc4e4d82a222fd1bfb84fdbf,ATP CROSS 65 REACH 85 40 JUL 2025 ITI-05,e5cba21e206a859f465992e9705418339cee20e8e1cab2abbaa6eefe9bdbcbca,1ca7e1b4c022503dc39a4e6c3fd93a68123b280a28d7e3501b8f40d8e70e44fd,544af08020cf5cbc80434291e0f6b64f562c9ed0142f5ef5b1aeb6eaeee949ae,ATP CROSS 65 REACH 85 40 JUL 2025 ITI-05,ATP,ATP,2025-2026,2025-07-01,2025-07-31,"{""date_from"":""2025-07-01"",""date_to"":""2025-07-31"",""game_data"":[],""leagues"":[""ATP""],""market_data"":[""candles""],""markets"":[""kalshi""],""seasons"":[""2025-2026""],""sports"":[""ATP""]}",TRADABLE_YES_BID,1_MINUTE_CANDLE,available_at,CROSS,"{""id"":""e1"",""op"":""CROSS"",""price_e4"":7100}",REACH,"{""id"":""win"",""op"":""REACH"",""outcome"":""win"",""price_e4"":8500}",REACH,"{""id"":""loss"",""op"":""REACH"",""outcome"":""loss"",""price_e4"":4000}",HOLD_TO_SETTLEMENT,b530d65b28edd1535a76ec4046e518bc9de0bcfa836596c3227470a9a4d0a869,1.0.0,2026-09-15T01:30:56Z,1.0.0,1.0.0,1.0.0,2026-09-15T01:30:56Z,READY,351,182,139,0.566978,0.433022,1400,3100,0.451613,-501.709402,2d9a4d634a4a5508155a34c9ff097202c0d039e70a9a5b95665317d16af53f70,candle_path_not_fill,UNAVAILABLE,UNAVAILABLE,UNAVAILABLE,NOT_COMPUTABLE,UNAVAILABLE
observed,OBSERVED,base_decomposition,ev_debase,-632.907212,e4,labs_row,superasi_bdebase_v1.1.0,grade_config_v1,2026-09-21T18:16:15Z,55d9a8bdcc4e4d82a222fd1bfb84fdbf,ATP CROSS 65 REACH 85 40 JUL 2025 ITI-05,e5cba21e206a859f465992e9705418339cee20e8e1cab2abbaa6eefe9bdbcbca,1ca7e1b4c022503dc39a4e6c3fd93a68123b280a28d7e3501b8f40d8e70e44fd,544af08020cf5cbc80434291e0f6b64f562c9ed0142f5ef5b1aeb6eaeee949ae,ATP CROSS 65 REACH 85 40 JUL 2025 ITI-05,ATP,ATP,2025-2026,2025-07-01,2025-07-31,"{""date_from"":""2025-07-01"",""date_to"":""2025-07-31"",""game_data"":[],""leagues"":[""ATP""],""market_data"":[""candles""],""markets"":[""kalshi""],""seasons"":[""2025-2026""],""sports"":[""ATP""]}",TRADABLE_YES_BID,1_MINUTE_CANDLE,available_at,CROSS,"{""id"":""e1"",""op"":""CROSS"",""price_e4"":7100}",REACH,"{""id"":""win"",""op"":""REACH"",""outcome"":""win"",""price_e4"":8500}",REACH,"{""id"":""loss"",""op"":""REACH"",""outcome"":""loss"",""price_e4"":4000}",HOLD_TO_SETTLEMENT,b530d65b28edd1535a76ec4046e518bc9de0bcfa836596c3227470a9a4d0a869,1.0.0,2026-09-15T01:30:56Z,1.0.0,1.0.0,1.0.0,2026-09-15T01:30:56Z,READY,351,182,139,0.566978,0.433022,1400,3100,0.451613,-501.709402,2d9a4d634a4a5508155a34c9ff097202c0d039e70a9a5b95665317d16af53f70,candle_path_not_fill,UNAVAILABLE,UNAVAILABLE,UNAVAILABLE,NOT_COMPUTABLE,UNAVAILABLE
observed,OBSERVED,base_decomposition,ev_recomputed,-501.709402,e4,labs_row,superasi_bdebase_v1.1.0,grade_config_v1,2026-09-21T18:16:15Z,55d9a8bdcc4e4d82a222fd1bfb84fdbf,ATP CROSS 65 REACH 85 40 JUL 2025 ITI-05,e5cba21e206a859f465992e9705418339cee20e8e1cab2abbaa6eefe9bdbcbca,1ca7e1b4c022503dc39a4e6c3fd93a68123b280a28d7e3501b8f40d8e70e44fd,544af08020cf5cbc80434291e0f6b64f562c9ed0142f5ef5b1aeb6eaeee949ae,ATP CROSS 65 REACH 85 40 JUL 2025 ITI-05,ATP,ATP,2025-2026,2025-07-01,2025-07-31,"{""date_from"":""2025-07-01"",""date_to"":""2025-07-31"",""game_data"":[],""leagues"":[""ATP""],""market_data"":[""candles""],""markets"":[""kalshi""],""seasons"":[""2025-2026""],""sports"":[""ATP""]}",TRADABLE_YES_BID,1_MINUTE_CANDLE,available_at,CROSS,"{""id"":""e1"",""op"":""CROSS"",""price_e4"":7100}",REACH,"{""id"":""win"",""op"":""REACH"",""outcome"":""win"",""price_e4"":8500}",REACH,"{""id"":""loss"",""op"":""REACH"",""outcome"":""loss"",""price_e4"":4000}",HOLD_TO_SETTLEMENT,b530d65b28edd1535a76ec4046e518bc9de0bcfa836596c3227470a9a4d0a869,1.0.0,2026-09-15T01:30:56Z,1.0.0,1.0.0,1.0.0,2026-09-15T01:30:56Z,READY,351,182,139,0.566978,0.433022,1400,3100,0.451613,-501.709402,2d9a4d634a4a5508155a34c9ff097202c0d039e70a9a5b95665317d16af53f70,candle_path_not_fill,UNAVAILABLE,UNAVAILABLE,UNAVAILABLE,NOT_COMPUTABLE,UNAVAILABLE
observed,OBSERVED,base_decomposition,p_be_roller,0.688889,fraction,labs_row,superasi_bdebase_v1.1.0,grade_config_v1,2026-09-21T18:16:15Z,55d9a8bdcc4e4d82a222fd1bfb84fdbf,ATP CROSS 65 REACH 85 40 JUL 2025 ITI-05,e5cba21e206a859f465992e9705418339cee20e8e1cab2abbaa6eefe9bdbcbca,1ca7e1b4c022503dc39a4e6c3fd93a68123b280a28d7e3501b8f40d8e70e44fd,544af08020cf5cbc80434291e0f6b64f562c9ed0142f5ef5b1aeb6eaeee949ae,ATP CROSS 65 REACH 85 40 JUL 2025 ITI-05,ATP,ATP,2025-2026,2025-07-01,2025-07-31,"{""date_from"":""2025-07-01"",""date_to"":""2025-07-31"",""game_data"":[],""leagues"":[""ATP""],""market_data"":[""candles""],""markets"":[""kalshi""],""seasons"":[""2025-2026""],""sports"":[""ATP""]}",TRADABLE_YES_BID,1_MINUTE_CANDLE,available_at,CROSS,"{""id"":""e1"",""op"":""CROSS"",""price_e4"":7100}",REACH,"{""id"":""win"",""op"":""REACH"",""outcome"":""win"",""price_e4"":8500}",REACH,"{""id"":""loss"",""op"":""REACH"",""outcome"":""loss"",""price_e4"":4000}",HOLD_TO_SETTLEMENT,b530d65b28edd1535a76ec4046e518bc9de0bcfa836596c3227470a9a4d0a869,1.0.0,2026-09-15T01:30:56Z,1.0.0,1.0.0,1.0.0,2026-09-15T01:30:56Z,READY,351,182,139,0.566978,0.433022,1400,3100,0.451613,-501.709402,2d9a4d634a4a5508155a34c9ff097202c0d039e70a9a5b95665317d16af53f70,candle_path_not_fill,UNAVAILABLE,UNAVAILABLE,UNAVAILABLE,NOT_COMPUTABLE,UNAVAILABLE
observed,OBSERVED,base_decomposition,p_worst,0.566978,fraction,labs_row,superasi_bdebase_v1.1.0,grade_config_v1,2026-09-21T18:16:15Z,55d9a8bdcc4e4d82a222fd1bfb84fdbf,ATP CROSS 65 REACH 85 40 JUL 2025 ITI-05,e5cba21e206a859f465992e9705418339cee20e8e1cab2abbaa6eefe9bdbcbca,1ca7e1b4c022503dc39a4e6c3fd93a68123b280a28d7e3501b8f40d8e70e44fd,544af08020cf5cbc80434291e0f6b64f562c9ed0142f5ef5b1aeb6eaeee949ae,ATP CROSS 65 REACH 85 40 JUL 2025 ITI-05,ATP,ATP,2025-2026,2025-07-01,2025-07-31,"{""date_from"":""2025-07-01"",""date_to"":""2025-07-31"",""game_data"":[],""leagues"":[""ATP""],""market_data"":[""candles""],""markets"":[""kalshi""],""seasons"":[""2025-2026""],""sports"":[""ATP""]}",TRADABLE_YES_BID,1_MINUTE_CANDLE,available_at,CROSS,"{""id"":""e1"",""op"":""CROSS"",""price_e4"":7100}",REACH,"{""id"":""win"",""op"":""REACH"",""outcome"":""win"",""price_e4"":8500}",REACH,"{""id"":""loss"",""op"":""REACH"",""outcome"":""loss"",""price_e4"":4000}",HOLD_TO_SETTLEMENT,b530d65b28edd1535a76ec4046e518bc9de0bcfa836596c3227470a9a4d0a869,1.0.0,2026-09-15T01:30:56Z,1.0.0,1.0.0,1.0.0,2026-09-15T01:30:56Z,READY,351,182,139,0.566978,0.433022,1400,3100,0.451613,-501.709402,2d9a4d634a4a5508155a34c9ff097202c0d039e70a9a5b95665317d16af53f70,candle_path_not_fill,UNAVAILABLE,UNAVAILABLE,UNAVAILABLE,NOT_COMPUTABLE,UNAVAILABLE
observed,OBSERVED,base_decomposition,decided_rate,0.914530,fraction,labs_row,superasi_bdebase_v1.1.0,grade_config_v1,2026-09-21T18:16:15Z,55d9a8bdcc4e4d82a222fd1bfb84fdbf,ATP CROSS 65 REACH 85 40 JUL 2025 ITI-05,e5cba21e206a859f465992e9705418339cee20e8e1cab2abbaa6eefe9bdbcbca,1ca7e1b4c022503dc39a4e6c3fd93a68123b280a28d7e3501b8f40d8e70e44fd,544af08020cf5cbc80434291e0f6b64f562c9ed0142f5ef5b1aeb6eaeee949ae,ATP CROSS 65 REACH 85 40 JUL 2025 ITI-05,ATP,ATP,2025-2026,2025-07-01,2025-07-31,"{""date_from"":""2025-07-01"",""date_to"":""2025-07-31"",""game_data"":[],""leagues"":[""ATP""],""market_data"":[""candles""],""markets"":[""kalshi""],""seasons"":[""2025-2026""],""sports"":[""ATP""]}",TRADABLE_YES_BID,1_MINUTE_CANDLE,available_at,CROSS,"{""id"":""e1"",""op"":""CROSS"",""price_e4"":7100}",REACH,"{""id"":""win"",""op"":""REACH"",""outcome"":""win"",""price_e4"":8500}",REACH,"{""id"":""loss"",""op"":""REACH"",""outcome"":""loss"",""price_e4"":4000}",HOLD_TO_SETTLEMENT,b530d65b28edd1535a76ec4046e518bc9de0bcfa836596c3227470a9a4d0a869,1.0.0,2026-09-15T01:30:56Z,1.0.0,1.0.0,1.0.0,2026-09-15T01:30:56Z,READY,351,182,139,0.566978,0.433022,1400,3100,0.451613,-501.709402,2d9a4d634a4a5508155a34c9ff097202c0d039e70a9a5b95665317d16af53f70,candle_path_not_fill,UNAVAILABLE,UNAVAILABLE,UNAVAILABLE,NOT_COMPUTABLE,UNAVAILABLE
observed,OBSERVED,base_decomposition,bad_settle_rate,0.000000,fraction,labs_row,superasi_bdebase_v1.1.0,grade_config_v1,2026-09-21T18:16:15Z,55d9a8bdcc4e4d82a222fd1bfb84fdbf,ATP CROSS 65 REACH 85 40 JUL 2025 ITI-05,e5cba21e206a859f465992e9705418339cee20e8e1cab2abbaa6eefe9bdbcbca,1ca7e1b4c022503dc39a4e6c3fd93a68123b280a28d7e3501b8f40d8e70e44fd,544af08020cf5cbc80434291e0f6b64f562c9ed0142f5ef5b1aeb6eaeee949ae,ATP CROSS 65 REACH 85 40 JUL 2025 ITI-05,ATP,ATP,2025-2026,2025-07-01,2025-07-31,"{""date_from"":""2025-07-01"",""date_to"":""2025-07-31"",""game_data"":[],""leagues"":[""ATP""],""market_data"":[""candles""],""markets"":[""kalshi""],""seasons"":[""2025-2026""],""sports"":[""ATP""]}",TRADABLE_YES_BID,1_MINUTE_CANDLE,available_at,CROSS,"{""id"":""e1"",""op"":""CROSS"",""price_e4"":7100}",REACH,"{""id"":""win"",""op"":""REACH"",""outcome"":""win"",""price_e4"":8500}",REACH,"{""id"":""loss"",""op"":""REACH"",""outcome"":""loss"",""price_e4"":4000}",HOLD_TO_SETTLEMENT,b530d65b28edd1535a76ec4046e518bc9de0bcfa836596c3227470a9a4d0a869,1.0.0,2026-09-15T01:30:56Z,1.0.0,1.0.0,1.0.0,2026-09-15T01:30:56Z,READY,351,182,139,0.566978,0.433022,1400,3100,0.451613,-501.709402,2d9a4d634a4a5508155a34c9ff097202c0d039e70a9a5b95665317d16af53f70,candle_path_not_fill,UNAVAILABLE,UNAVAILABLE,UNAVAILABLE,NOT_COMPUTABLE,UNAVAILABLE
observed,OBSERVED,base_decomposition,risk_reward_plan,0.451613,ratio,labs_row,superasi_bdebase_v1.1.0,grade_config_v1,2026-09-21T18:16:15Z,55d9a8bdcc4e4d82a222fd1bfb84fdbf,ATP CROSS 65 REACH 85 40 JUL 2025 ITI-05,e5cba21e206a859f465992e9705418339cee20e8e1cab2abbaa6eefe9bdbcbca,1ca7e1b4c022503dc39a4e6c3fd93a68123b280a28d7e3501b8f40d8e70e44fd,544af08020cf5cbc80434291e0f6b64f562c9ed0142f5ef5b1aeb6eaeee949ae,ATP CROSS 65 REACH 85 40 JUL 2025 ITI-05,ATP,ATP,2025-2026,2025-07-01,2025-07-31,"{""date_from"":""2025-07-01"",""date_to"":""2025-07-31"",""game_data"":[],""leagues"":[""ATP""],""market_data"":[""candles""],""markets"":[""kalshi""],""seasons"":[""2025-2026""],""sports"":[""ATP""]}",TRADABLE_YES_BID,1_MINUTE_CANDLE,available_at,CROSS,"{""id"":""e1"",""op"":""CROSS"",""price_e4"":7100}",REACH,"{""id"":""win"",""op"":""REACH"",""outcome"":""win"",""price_e4"":8500}",REACH,"{""id"":""loss"",""op"":""REACH"",""outcome"":""loss"",""price_e4"":4000}",HOLD_TO_SETTLEMENT,b530d65b28edd1535a76ec4046e518bc9de0bcfa836596c3227470a9a4d0a869,1.0.0,2026-09-15T01:30:56Z,1.0.0,1.0.0,1.0.0,2026-09-15T01:30:56Z,READY,351,182,139,0.566978,0.433022,1400,3100,0.451613,-501.709402,2d9a4d634a4a5508155a34c9ff097202c0d039e70a9a5b95665317d16af53f70,candle_path_not_fill,UNAVAILABLE,UNAVAILABLE,UNAVAILABLE,NOT_COMPUTABLE,UNAVAILABLE
observed,OBSERVED,base_decomposition,risk_reward_trade_mean,0.282210,ratio,labs_row,superasi_bdebase_v1.1.0,grade_config_v1,2026-09-21T18:16:15Z,55d9a8bdcc4e4d82a222fd1bfb84fdbf,ATP CROSS 65 REACH 85 40 JUL 2025 ITI-05,e5cba21e206a859f465992e9705418339cee20e8e1cab2abbaa6eefe9bdbcbca,1ca7e1b4c022503dc39a4e6c3fd93a68123b280a28d7e3501b8f40d8e70e44fd,544af08020cf5cbc80434291e0f6b64f562c9ed0142f5ef5b1aeb6eaeee949ae,ATP CROSS 65 REACH 85 40 JUL 2025 ITI-05,ATP,ATP,2025-2026,2025-07-01,2025-07-31,"{""date_from"":""2025-07-01"",""date_to"":""2025-07-31"",""game_data"":[],""leagues"":[""ATP""],""market_data"":[""candles""],""markets"":[""kalshi""],""seasons"":[""2025-2026""],""sports"":[""ATP""]}",TRADABLE_YES_BID,1_MINUTE_CANDLE,available_at,CROSS,"{""id"":""e1"",""op"":""CROSS"",""price_e4"":7100}",REACH,"{""id"":""win"",""op"":""REACH"",""outcome"":""win"",""price_e4"":8500}",REACH,"{""id"":""loss"",""op"":""REACH"",""outcome"":""loss"",""price_e4"":4000}",HOLD_TO_SETTLEMENT,b530d65b28edd1535a76ec4046e518bc9de0bcfa836596c3227470a9a4d0a869,1.0.0,2026-09-15T01:30:56Z,1.0.0,1.0.0,1.0.0,2026-09-15T01:30:56Z,READY,351,182,139,0.566978,0.433022,1400,3100,0.451613,-501.709402,2d9a4d634a4a5508155a34c9ff097202c0d039e70a9a5b95665317d16af53f70,candle_path_not_fill,UNAVAILABLE,UNAVAILABLE,UNAVAILABLE,NOT_COMPUTABLE,UNAVAILABLE
observed,OBSERVED,base_decomposition,risk_reward_display,0.28:1,,labs_row,superasi_bdebase_v1.1.0,grade_config_v1,2026-09-21T18:16:15Z,55d9a8bdcc4e4d82a222fd1bfb84fdbf,ATP CROSS 65 REACH 85 40 JUL 2025 ITI-05,e5cba21e206a859f465992e9705418339cee20e8e1cab2abbaa6eefe9bdbcbca,1ca7e1b4c022503dc39a4e6c3fd93a68123b280a28d7e3501b8f40d8e70e44fd,544af08020cf5cbc80434291e0f6b64f562c9ed0142f5ef5b1aeb6eaeee949ae,ATP CROSS 65 REACH 85 40 JUL 2025 ITI-05,ATP,ATP,2025-2026,2025-07-01,2025-07-31,"{""date_from"":""2025-07-01"",""date_to"":""2025-07-31"",""game_data"":[],""leagues"":[""ATP""],""market_data"":[""candles""],""markets"":[""kalshi""],""seasons"":[""2025-2026""],""sports"":[""ATP""]}",TRADABLE_YES_BID,1_MINUTE_CANDLE,available_at,CROSS,"{""id"":""e1"",""op"":""CROSS"",""price_e4"":7100}",REACH,"{""id"":""win"",""op"":""REACH"",""outcome"":""win"",""price_e4"":8500}",REACH,"{""id"":""loss"",""op"":""REACH"",""outcome"":""loss"",""price_e4"":4000}",HOLD_TO_SETTLEMENT,b530d65b28edd1535a76ec4046e518bc9de0bcfa836596c3227470a9a4d0a869,1.0.0,2026-09-15T01:30:56Z,1.0.0,1.0.0,1.0.0,2026-09-15T01:30:56Z,READY,351,182,139,0.566978,0.433022,1400,3100,0.451613,-501.709402,2d9a4d634a4a5508155a34c9ff097202c0d039e70a9a5b95665317d16af53f70,candle_path_not_fill,UNAVAILABLE,UNAVAILABLE,UNAVAILABLE,NOT_COMPUTABLE,UNAVAILABLE
observed,OBSERVED,base_decomposition,risk_reward_basis,trade_mean,,labs_row,superasi_bdebase_v1.1.0,grade_config_v1,2026-09-21T18:16:15Z,55d9a8bdcc4e4d82a222fd1bfb84fdbf,ATP CROSS 65 REACH 85 40 JUL 2025 ITI-05,e5cba21e206a859f465992e9705418339cee20e8e1cab2abbaa6eefe9bdbcbca,1ca7e1b4c022503dc39a4e6c3fd93a68123b280a28d7e3501b8f40d8e70e44fd,544af08020cf5cbc80434291e0f6b64f562c9ed0142f5ef5b1aeb6eaeee949ae,ATP CROSS 65 REACH 85 40 JUL 2025 ITI-05,ATP,ATP,2025-2026,2025-07-01,2025-07-31,"{""date_from"":""2025-07-01"",""date_to"":""2025-07-31"",""game_data"":[],""leagues"":[""ATP""],""market_data"":[""candles""],""markets"":[""kalshi""],""seasons"":[""2025-2026""],""sports"":[""ATP""]}",TRADABLE_YES_BID,1_MINUTE_CANDLE,available_at,CROSS,"{""id"":""e1"",""op"":""CROSS"",""price_e4"":7100}",REACH,"{""id"":""win"",""op"":""REACH"",""outcome"":""win"",""price_e4"":8500}",REACH,"{""id"":""loss"",""op"":""REACH"",""outcome"":""loss"",""price_e4"":4000}",HOLD_TO_SETTLEMENT,b530d65b28edd1535a76ec4046e518bc9de0bcfa836596c3227470a9a4d0a869,1.0.0,2026-09-15T01:30:56Z,1.0.0,1.0.0,1.0.0,2026-09-15T01:30:56Z,READY,351,182,139,0.566978,0.433022,1400,3100,0.451613,-501.709402,2d9a4d634a4a5508155a34c9ff097202c0d039e70a9a5b95665317d16af53f70,candle_path_not_fill,UNAVAILABLE,UNAVAILABLE,UNAVAILABLE,NOT_COMPUTABLE,UNAVAILABLE
observed,OBSERVED,base_decomposition,risk_reward_methods_disagree,true,,labs_row,superasi_bdebase_v1.1.0,grade_config_v1,2026-09-21T18:16:15Z,55d9a8bdcc4e4d82a222fd1bfb84fdbf,ATP CROSS 65 REACH 85 40 JUL 2025 ITI-05,e5cba21e206a859f465992e9705418339cee20e8e1cab2abbaa6eefe9bdbcbca,1ca7e1b4c022503dc39a4e6c3fd93a68123b280a28d7e3501b8f40d8e70e44fd,544af08020cf5cbc80434291e0f6b64f562c9ed0142f5ef5b1aeb6eaeee949ae,ATP CROSS 65 REACH 85 40 JUL 2025 ITI-05,ATP,ATP,2025-2026,2025-07-01,2025-07-31,"{""date_from"":""2025-07-01"",""date_to"":""2025-07-31"",""game_data"":[],""leagues"":[""ATP""],""market_data"":[""candles""],""markets"":[""kalshi""],""seasons"":[""2025-2026""],""sports"":[""ATP""]}",TRADABLE_YES_BID,1_MINUTE_CANDLE,available_at,CROSS,"{""id"":""e1"",""op"":""CROSS"",""price_e4"":7100}",REACH,"{""id"":""win"",""op"":""REACH"",""outcome"":""win"",""price_e4"":8500}",REACH,"{""id"":""loss"",""op"":""REACH"",""outcome"":""loss"",""price_e4"":4000}",HOLD_TO_SETTLEMENT,b530d65b28edd1535a76ec4046e518bc9de0bcfa836596c3227470a9a4d0a869,1.0.0,2026-09-15T01:30:56Z,1.0.0,1.0.0,1.0.0,2026-09-15T01:30:56Z,READY,351,182,139,0.566978,0.433022,1400,3100,0.451613,-501.709402,2d9a4d634a4a5508155a34c9ff097202c0d039e70a9a5b95665317d16af53f70,candle_path_not_fill,UNAVAILABLE,UNAVAILABLE,UNAVAILABLE,NOT_COMPUTABLE,UNAVAILABLE
decomposition,THEORETICAL,base_decomposition,entry,7100.000000,e4,roller_payoff,superasi_bdebase_v1.1.0,grade_config_v1,2026-09-21T18:16:15Z,55d9a8bdcc4e4d82a222fd1bfb84fdbf,ATP CROSS 65 REACH 85 40 JUL 2025 ITI-05,e5cba21e206a859f465992e9705418339cee20e8e1cab2abbaa6eefe9bdbcbca,1ca7e1b4c022503dc39a4e6c3fd93a68123b280a28d7e3501b8f40d8e70e44fd,544af08020cf5cbc80434291e0f6b64f562c9ed0142f5ef5b1aeb6eaeee949ae,ATP CROSS 65 REACH 85 40 JUL 2025 ITI-05,ATP,ATP,2025-2026,2025-07-01,2025-07-31,"{""date_from"":""2025-07-01"",""date_to"":""2025-07-31"",""game_data"":[],""leagues"":[""ATP""],""market_data"":[""candles""],""markets"":[""kalshi""],""seasons"":[""2025-2026""],""sports"":[""ATP""]}",TRADABLE_YES_BID,1_MINUTE_CANDLE,available_at,CROSS,"{""id"":""e1"",""op"":""CROSS"",""price_e4"":7100}",REACH,"{""id"":""win"",""op"":""REACH"",""outcome"":""win"",""price_e4"":8500}",REACH,"{""id"":""loss"",""op"":""REACH"",""outcome"":""loss"",""price_e4"":4000}",HOLD_TO_SETTLEMENT,b530d65b28edd1535a76ec4046e518bc9de0bcfa836596c3227470a9a4d0a869,1.0.0,2026-09-15T01:30:56Z,1.0.0,1.0.0,1.0.0,2026-09-15T01:30:56Z,READY,351,182,139,0.566978,0.433022,1400,3100,0.451613,-501.709402,2d9a4d634a4a5508155a34c9ff097202c0d039e70a9a5b95665317d16af53f70,candle_path_not_fill,UNAVAILABLE,UNAVAILABLE,UNAVAILABLE,NOT_COMPUTABLE,UNAVAILABLE
decomposition,THEORETICAL,base_decomposition,win_return_on_capital,0.197183,fraction,roller_payoff,superasi_bdebase_v1.1.0,grade_config_v1,2026-09-21T18:16:15Z,55d9a8bdcc4e4d82a222fd1bfb84fdbf,ATP CROSS 65 REACH 85 40 JUL 2025 ITI-05,e5cba21e206a859f465992e9705418339cee20e8e1cab2abbaa6eefe9bdbcbca,1ca7e1b4c022503dc39a4e6c3fd93a68123b280a28d7e3501b8f40d8e70e44fd,544af08020cf5cbc80434291e0f6b64f562c9ed0142f5ef5b1aeb6eaeee949ae,ATP CROSS 65 REACH 85 40 JUL 2025 ITI-05,ATP,ATP,2025-2026,2025-07-01,2025-07-31,"{""date_from"":""2025-07-01"",""date_to"":""2025-07-31"",""game_data"":[],""leagues"":[""ATP""],""market_data"":[""candles""],""markets"":[""kalshi""],""seasons"":[""2025-2026""],""sports"":[""ATP""]}",TRADABLE_YES_BID,1_MINUTE_CANDLE,available_at,CROSS,"{""id"":""e1"",""op"":""CROSS"",""price_e4"":7100}",REACH,"{""id"":""win"",""op"":""REACH"",""outcome"":""win"",""price_e4"":8500}",REACH,"{""id"":""loss"",""op"":""REACH"",""outcome"":""loss"",""price_e4"":4000}",HOLD_TO_SETTLEMENT,b530d65b28edd1535a76ec4046e518bc9de0bcfa836596c3227470a9a4d0a869,1.0.0,2026-09-15T01:30:56Z,1.0.0,1.0.0,1.0.0,2026-09-15T01:30:56Z,READY,351,182,139,0.566978,0.433022,1400,3100,0.451613,-501.709402,2d9a4d634a4a5508155a34c9ff097202c0d039e70a9a5b95665317d16af53f70,candle_path_not_fill,UNAVAILABLE,UNAVAILABLE,UNAVAILABLE,NOT_COMPUTABLE,UNAVAILABLE
decomposition,THEORETICAL,base_decomposition,loss_return_on_capital,-0.436620,fraction,roller_payoff,superasi_bdebase_v1.1.0,grade_config_v1,2026-09-21T18:16:15Z,55d9a8bdcc4e4d82a222fd1bfb84fdbf,ATP CROSS 65 REACH 85 40 JUL 2025 ITI-05,e5cba21e206a859f465992e9705418339cee20e8e1cab2abbaa6eefe9bdbcbca,1ca7e1b4c022503dc39a4e6c3fd93a68123b280a28d7e3501b8f40d8e70e44fd,544af08020cf5cbc80434291e0f6b64f562c9ed0142f5ef5b1aeb6eaeee949ae,ATP CROSS 65 REACH 85 40 JUL 2025 ITI-05,ATP,ATP,2025-2026,2025-07-01,2025-07-31,"{""date_from"":""2025-07-01"",""date_to"":""2025-07-31"",""game_data"":[],""leagues"":[""ATP""],""market_data"":[""candles""],""markets"":[""kalshi""],""seasons"":[""2025-2026""],""sports"":[""ATP""]}",TRADABLE_YES_BID,1_MINUTE_CANDLE,available_at,CROSS,"{""id"":""e1"",""op"":""CROSS"",""price_e4"":7100}",REACH,"{""id"":""win"",""op"":""REACH"",""outcome"":""win"",""price_e4"":8500}",REACH,"{""id"":""loss"",""op"":""REACH"",""outcome"":""loss"",""price_e4"":4000}",HOLD_TO_SETTLEMENT,b530d65b28edd1535a76ec4046e518bc9de0bcfa836596c3227470a9a4d0a869,1.0.0,2026-09-15T01:30:56Z,1.0.0,1.0.0,1.0.0,2026-09-15T01:30:56Z,READY,351,182,139,0.566978,0.433022,1400,3100,0.451613,-501.709402,2d9a4d634a4a5508155a34c9ff097202c0d039e70a9a5b95665317d16af53f70,candle_path_not_fill,UNAVAILABLE,UNAVAILABLE,UNAVAILABLE,NOT_COMPUTABLE,UNAVAILABLE
decomposition,THEORETICAL,base_decomposition,R_w,0.009859,fraction,roller_payoff,superasi_bdebase_v1.1.0,grade_config_v1,2026-09-21T18:16:15Z,55d9a8bdcc4e4d82a222fd1bfb84fdbf,ATP CROSS 65 REACH 85 40 JUL 2025 ITI-05,e5cba21e206a859f465992e9705418339cee20e8e1cab2abbaa6eefe9bdbcbca,1ca7e1b4c022503dc39a4e6c3fd93a68123b280a28d7e3501b8f40d8e70e44fd,544af08020cf5cbc80434291e0f6b64f562c9ed0142f5ef5b1aeb6eaeee949ae,ATP CROSS 65 REACH 85 40 JUL 2025 ITI-05,ATP,ATP,2025-2026,2025-07-01,2025-07-31,"{""date_from"":""2025-07-01"",""date_to"":""2025-07-31"",""game_data"":[],""leagues"":[""ATP""],""market_data"":[""candles""],""markets"":[""kalshi""],""seasons"":[""2025-2026""],""sports"":[""ATP""]}",TRADABLE_YES_BID,1_MINUTE_CANDLE,available_at,CROSS,"{""id"":""e1"",""op"":""CROSS"",""price_e4"":7100}",REACH,"{""id"":""win"",""op"":""REACH"",""outcome"":""win"",""price_e4"":8500}",REACH,"{""id"":""loss"",""op"":""REACH"",""outcome"":""loss"",""price_e4"":4000}",HOLD_TO_SETTLEMENT,b530d65b28edd1535a76ec4046e518bc9de0bcfa836596c3227470a9a4d0a869,1.0.0,2026-09-15T01:30:56Z,1.0.0,1.0.0,1.0.0,2026-09-15T01:30:56Z,READY,351,182,139,0.566978,0.433022,1400,3100,0.451613,-501.709402,2d9a4d634a4a5508155a34c9ff097202c0d039e70a9a5b95665317d16af53f70,candle_path_not_fill,UNAVAILABLE,UNAVAILABLE,UNAVAILABLE,NOT_COMPUTABLE,UNAVAILABLE
decomposition,THEORETICAL,base_decomposition,R_l,-0.021831,fraction,roller_payoff,superasi_bdebase_v1.1.0,grade_config_v1,2026-09-21T18:16:15Z,55d9a8bdcc4e4d82a222fd1bfb84fdbf,ATP CROSS 65 REACH 85 40 JUL 2025 ITI-05,e5cba21e206a859f465992e9705418339cee20e8e1cab2abbaa6eefe9bdbcbca,1ca7e1b4c022503dc39a4e6c3fd93a68123b280a28d7e3501b8f40d8e70e44fd,544af08020cf5cbc80434291e0f6b64f562c9ed0142f5ef5b1aeb6eaeee949ae,ATP CROSS 65 REACH 85 40 JUL 2025 ITI-05,ATP,ATP,2025-2026,2025-07-01,2025-07-31,"{""date_from"":""2025-07-01"",""date_to"":""2025-07-31"",""game_data"":[],""leagues"":[""ATP""],""market_data"":[""candles""],""markets"":[""kalshi""],""seasons"":[""2025-2026""],""sports"":[""ATP""]}",TRADABLE_YES_BID,1_MINUTE_CANDLE,available_at,CROSS,"{""id"":""e1"",""op"":""CROSS"",""price_e4"":7100}",REACH,"{""id"":""win"",""op"":""REACH"",""outcome"":""win"",""price_e4"":8500}",REACH,"{""id"":""loss"",""op"":""REACH"",""outcome"":""loss"",""price_e4"":4000}",HOLD_TO_SETTLEMENT,b530d65b28edd1535a76ec4046e518bc9de0bcfa836596c3227470a9a4d0a869,1.0.0,2026-09-15T01:30:56Z,1.0.0,1.0.0,1.0.0,2026-09-15T01:30:56Z,READY,351,182,139,0.566978,0.433022,1400,3100,0.451613,-501.709402,2d9a4d634a4a5508155a34c9ff097202c0d039e70a9a5b95665317d16af53f70,candle_path_not_fill,UNAVAILABLE,UNAVAILABLE,UNAVAILABLE,NOT_COMPUTABLE,UNAVAILABLE
decomposition,THEORETICAL,base_decomposition,p_be,0.688889,fraction,roller_payoff,superasi_bdebase_v1.1.0,grade_config_v1,2026-09-21T18:16:15Z,55d9a8bdcc4e4d82a222fd1bfb84fdbf,ATP CROSS 65 REACH 85 40 JUL 2025 ITI-05,e5cba21e206a859f465992e9705418339cee20e8e1cab2abbaa6eefe9bdbcbca,1ca7e1b4c022503dc39a4e6c3fd93a68123b280a28d7e3501b8f40d8e70e44fd,544af08020cf5cbc80434291e0f6b64f562c9ed0142f5ef5b1aeb6eaeee949ae,ATP CROSS 65 REACH 85 40 JUL 2025 ITI-05,ATP,ATP,2025-2026,2025-07-01,2025-07-31,"{""date_from"":""2025-07-01"",""date_to"":""2025-07-31"",""game_data"":[],""leagues"":[""ATP""],""market_data"":[""candles""],""markets"":[""kalshi""],""seasons"":[""2025-2026""],""sports"":[""ATP""]}",TRADABLE_YES_BID,1_MINUTE_CANDLE,available_at,CROSS,"{""id"":""e1"",""op"":""CROSS"",""price_e4"":7100}",REACH,"{""id"":""win"",""op"":""REACH"",""outcome"":""win"",""price_e4"":8500}",REACH,"{""id"":""loss"",""op"":""REACH"",""outcome"":""loss"",""price_e4"":4000}",HOLD_TO_SETTLEMENT,b530d65b28edd1535a76ec4046e518bc9de0bcfa836596c3227470a9a4d0a869,1.0.0,2026-09-15T01:30:56Z,1.0.0,1.0.0,1.0.0,2026-09-15T01:30:56Z,READY,351,182,139,0.566978,0.433022,1400,3100,0.451613,-501.709402,2d9a4d634a4a5508155a34c9ff097202c0d039e70a9a5b95665317d16af53f70,candle_path_not_fill,UNAVAILABLE,UNAVAILABLE,UNAVAILABLE,NOT_COMPUTABLE,UNAVAILABLE
decomposition,THEORETICAL,base_decomposition,risk_reward,0.282210,ratio,roller_payoff,superasi_bdebase_v1.1.0,grade_config_v1,2026-09-21T18:16:15Z,55d9a8bdcc4e4d82a222fd1bfb84fdbf,ATP CROSS 65 REACH 85 40 JUL 2025 ITI-05,e5cba21e206a859f465992e9705418339cee20e8e1cab2abbaa6eefe9bdbcbca,1ca7e1b4c022503dc39a4e6c3fd93a68123b280a28d7e3501b8f40d8e70e44fd,544af08020cf5cbc80434291e0f6b64f562c9ed0142f5ef5b1aeb6eaeee949ae,ATP CROSS 65 REACH 85 40 JUL 2025 ITI-05,ATP,ATP,2025-2026,2025-07-01,2025-07-31,"{""date_from"":""2025-07-01"",""date_to"":""2025-07-31"",""game_data"":[],""leagues"":[""ATP""],""market_data"":[""candles""],""markets"":[""kalshi""],""seasons"":[""2025-2026""],""sports"":[""ATP""]}",TRADABLE_YES_BID,1_MINUTE_CANDLE,available_at,CROSS,"{""id"":""e1"",""op"":""CROSS"",""price_e4"":7100}",REACH,"{""id"":""win"",""op"":""REACH"",""outcome"":""win"",""price_e4"":8500}",REACH,"{""id"":""loss"",""op"":""REACH"",""outcome"":""loss"",""price_e4"":4000}",HOLD_TO_SETTLEMENT,b530d65b28edd1535a76ec4046e518bc9de0bcfa836596c3227470a9a4d0a869,1.0.0,2026-09-15T01:30:56Z,1.0.0,1.0.0,1.0.0,2026-09-15T01:30:56Z,READY,351,182,139,0.566978,0.433022,1400,3100,0.451613,-501.709402,2d9a4d634a4a5508155a34c9ff097202c0d039e70a9a5b95665317d16af53f70,candle_path_not_fill,UNAVAILABLE,UNAVAILABLE,UNAVAILABLE,NOT_COMPUTABLE,UNAVAILABLE
decomposition,THEORETICAL,base_decomposition,risk_reward_plan,0.451613,ratio,roller_payoff,superasi_bdebase_v1.1.0,grade_config_v1,2026-09-21T18:16:15Z,55d9a8bdcc4e4d82a222fd1bfb84fdbf,ATP CROSS 65 REACH 85 40 JUL 2025 ITI-05,e5cba21e206a859f465992e9705418339cee20e8e1cab2abbaa6eefe9bdbcbca,1ca7e1b4c022503dc39a4e6c3fd93a68123b280a28d7e3501b8f40d8e70e44fd,544af08020cf5cbc80434291e0f6b64f562c9ed0142f5ef5b1aeb6eaeee949ae,ATP CROSS 65 REACH 85 40 JUL 2025 ITI-05,ATP,ATP,2025-2026,2025-07-01,2025-07-31,"{""date_from"":""2025-07-01"",""date_to"":""2025-07-31"",""game_data"":[],""leagues"":[""ATP""],""market_data"":[""candles""],""markets"":[""kalshi""],""seasons"":[""2025-2026""],""sports"":[""ATP""]}",TRADABLE_YES_BID,1_MINUTE_CANDLE,available_at,CROSS,"{""id"":""e1"",""op"":""CROSS"",""price_e4"":7100}",REACH,"{""id"":""win"",""op"":""REACH"",""outcome"":""win"",""price_e4"":8500}",REACH,"{""id"":""loss"",""op"":""REACH"",""outcome"":""loss"",""price_e4"":4000}",HOLD_TO_SETTLEMENT,b530d65b28edd1535a76ec4046e518bc9de0bcfa836596c3227470a9a4d0a869,1.0.0,2026-09-15T01:30:56Z,1.0.0,1.0.0,1.0.0,2026-09-15T01:30:56Z,READY,351,182,139,0.566978,0.433022,1400,3100,0.451613,-501.709402,2d9a4d634a4a5508155a34c9ff097202c0d039e70a9a5b95665317d16af53f70,candle_path_not_fill,UNAVAILABLE,UNAVAILABLE,UNAVAILABLE,NOT_COMPUTABLE,UNAVAILABLE
decomposition,THEORETICAL,base_decomposition,risk_reward_trade_mean,0.282210,ratio,roller_payoff,superasi_bdebase_v1.1.0,grade_config_v1,2026-09-21T18:16:15Z,55d9a8bdcc4e4d82a222fd1bfb84fdbf,ATP CROSS 65 REACH 85 40 JUL 2025 ITI-05,e5cba21e206a859f465992e9705418339cee20e8e1cab2abbaa6eefe9bdbcbca,1ca7e1b4c022503dc39a4e6c3fd93a68123b280a28d7e3501b8f40d8e70e44fd,544af08020cf5cbc80434291e0f6b64f562c9ed0142f5ef5b1aeb6eaeee949ae,ATP CROSS 65 REACH 85 40 JUL 2025 ITI-05,ATP,ATP,2025-2026,2025-07-01,2025-07-31,"{""date_from"":""2025-07-01"",""date_to"":""2025-07-31"",""game_data"":[],""leagues"":[""ATP""],""market_data"":[""candles""],""markets"":[""kalshi""],""seasons"":[""2025-2026""],""sports"":[""ATP""]}",TRADABLE_YES_BID,1_MINUTE_CANDLE,available_at,CROSS,"{""id"":""e1"",""op"":""CROSS"",""price_e4"":7100}",REACH,"{""id"":""win"",""op"":""REACH"",""outcome"":""win"",""price_e4"":8500}",REACH,"{""id"":""loss"",""op"":""REACH"",""outcome"":""loss"",""price_e4"":4000}",HOLD_TO_SETTLEMENT,b530d65b28edd1535a76ec4046e518bc9de0bcfa836596c3227470a9a4d0a869,1.0.0,2026-09-15T01:30:56Z,1.0.0,1.0.0,1.0.0,2026-09-15T01:30:56Z,READY,351,182,139,0.566978,0.433022,1400,3100,0.451613,-501.709402,2d9a4d634a4a5508155a34c9ff097202c0d039e70a9a5b95665317d16af53f70,candle_path_not_fill,UNAVAILABLE,UNAVAILABLE,UNAVAILABLE,NOT_COMPUTABLE,UNAVAILABLE
decomposition,THEORETICAL,base_decomposition,risk_reward_ratio_of_means,0.252385,ratio,roller_payoff,superasi_bdebase_v1.1.0,grade_config_v1,2026-09-21T18:16:15Z,55d9a8bdcc4e4d82a222fd1bfb84fdbf,ATP CROSS 65 REACH 85 40 JUL 2025 ITI-05,e5cba21e206a859f465992e9705418339cee20e8e1cab2abbaa6eefe9bdbcbca,1ca7e1b4c022503dc39a4e6c3fd93a68123b280a28d7e3501b8f40d8e70e44fd,544af08020cf5cbc80434291e0f6b64f562c9ed0142f5ef5b1aeb6eaeee949ae,ATP CROSS 65 REACH 85 40 JUL 2025 ITI-05,ATP,ATP,2025-2026,2025-07-01,2025-07-31,"{""date_from"":""2025-07-01"",""date_to"":""2025-07-31"",""game_data"":[],""leagues"":[""ATP""],""market_data"":[""candles""],""markets"":[""kalshi""],""seasons"":[""2025-2026""],""sports"":[""ATP""]}",TRADABLE_YES_BID,1_MINUTE_CANDLE,available_at,CROSS,"{""id"":""e1"",""op"":""CROSS"",""price_e4"":7100}",REACH,"{""id"":""win"",""op"":""REACH"",""outcome"":""win"",""price_e4"":8500}",REACH,"{""id"":""loss"",""op"":""REACH"",""outcome"":""loss"",""price_e4"":4000}",HOLD_TO_SETTLEMENT,b530d65b28edd1535a76ec4046e518bc9de0bcfa836596c3227470a9a4d0a869,1.0.0,2026-09-15T01:30:56Z,1.0.0,1.0.0,1.0.0,2026-09-15T01:30:56Z,READY,351,182,139,0.566978,0.433022,1400,3100,0.451613,-501.709402,2d9a4d634a4a5508155a34c9ff097202c0d039e70a9a5b95665317d16af53f70,candle_path_not_fill,UNAVAILABLE,UNAVAILABLE,UNAVAILABLE,NOT_COMPUTABLE,UNAVAILABLE
decomposition,THEORETICAL,base_decomposition,risk_reward_display,0.28:1,,roller_payoff,superasi_bdebase_v1.1.0,grade_config_v1,2026-09-21T18:16:15Z,55d9a8bdcc4e4d82a222fd1bfb84fdbf,ATP CROSS 65 REACH 85 40 JUL 2025 ITI-05,e5cba21e206a859f465992e9705418339cee20e8e1cab2abbaa6eefe9bdbcbca,1ca7e1b4c022503dc39a4e6c3fd93a68123b280a28d7e3501b8f40d8e70e44fd,544af08020cf5cbc80434291e0f6b64f562c9ed0142f5ef5b1aeb6eaeee949ae,ATP CROSS 65 REACH 85 40 JUL 2025 ITI-05,ATP,ATP,2025-2026,2025-07-01,2025-07-31,"{""date_from"":""2025-07-01"",""date_to"":""2025-07-31"",""game_data"":[],""leagues"":[""ATP""],""market_data"":[""candles""],""markets"":[""kalshi""],""seasons"":[""2025-2026""],""sports"":[""ATP""]}",TRADABLE_YES_BID,1_MINUTE_CANDLE,available_at,CROSS,"{""id"":""e1"",""op"":""CROSS"",""price_e4"":7100}",REACH,"{""id"":""win"",""op"":""REACH"",""outcome"":""win"",""price_e4"":8500}",REACH,"{""id"":""loss"",""op"":""REACH"",""outcome"":""loss"",""price_e4"":4000}",HOLD_TO_SETTLEMENT,b530d65b28edd1535a76ec4046e518bc9de0bcfa836596c3227470a9a4d0a869,1.0.0,2026-09-15T01:30:56Z,1.0.0,1.0.0,1.0.0,2026-09-15T01:30:56Z,READY,351,182,139,0.566978,0.433022,1400,3100,0.451613,-501.709402,2d9a4d634a4a5508155a34c9ff097202c0d039e70a9a5b95665317d16af53f70,candle_path_not_fill,UNAVAILABLE,UNAVAILABLE,UNAVAILABLE,NOT_COMPUTABLE,UNAVAILABLE
decomposition,THEORETICAL,base_decomposition,allocation_rate,0.050000,fraction,roller_payoff,superasi_bdebase_v1.1.0,grade_config_v1,2026-09-21T18:16:15Z,55d9a8bdcc4e4d82a222fd1bfb84fdbf,ATP CROSS 65 REACH 85 40 JUL 2025 ITI-05,e5cba21e206a859f465992e9705418339cee20e8e1cab2abbaa6eefe9bdbcbca,1ca7e1b4c022503dc39a4e6c3fd93a68123b280a28d7e3501b8f40d8e70e44fd,544af08020cf5cbc80434291e0f6b64f562c9ed0142f5ef5b1aeb6eaeee949ae,ATP CROSS 65 REACH 85 40 JUL 2025 ITI-05,ATP,ATP,2025-2026,2025-07-01,2025-07-31,"{""date_from"":""2025-07-01"",""date_to"":""2025-07-31"",""game_data"":[],""leagues"":[""ATP""],""market_data"":[""candles""],""markets"":[""kalshi""],""seasons"":[""2025-2026""],""sports"":[""ATP""]}",TRADABLE_YES_BID,1_MINUTE_CANDLE,available_at,CROSS,"{""id"":""e1"",""op"":""CROSS"",""price_e4"":7100}",REACH,"{""id"":""win"",""op"":""REACH"",""outcome"":""win"",""price_e4"":8500}",REACH,"{""id"":""loss"",""op"":""REACH"",""outcome"":""loss"",""price_e4"":4000}",HOLD_TO_SETTLEMENT,b530d65b28edd1535a76ec4046e518bc9de0bcfa836596c3227470a9a4d0a869,1.0.0,2026-09-15T01:30:56Z,1.0.0,1.0.0,1.0.0,2026-09-15T01:30:56Z,READY,351,182,139,0.566978,0.433022,1400,3100,0.451613,-501.709402,2d9a4d634a4a5508155a34c9ff097202c0d039e70a9a5b95665317d16af53f70,candle_path_not_fill,UNAVAILABLE,UNAVAILABLE,UNAVAILABLE,NOT_COMPUTABLE,UNAVAILABLE
decomposition,THEORETICAL,base_decomposition,p,0.548243,fraction,roller_payoff,superasi_bdebase_v1.1.0,grade_config_v1,2026-09-21T18:16:15Z,55d9a8bdcc4e4d82a222fd1bfb84fdbf,ATP CROSS 65 REACH 85 40 JUL 2025 ITI-05,e5cba21e206a859f465992e9705418339cee20e8e1cab2abbaa6eefe9bdbcbca,1ca7e1b4c022503dc39a4e6c3fd93a68123b280a28d7e3501b8f40d8e70e44fd,544af08020cf5cbc80434291e0f6b64f562c9ed0142f5ef5b1aeb6eaeee949ae,ATP CROSS 65 REACH 85 40 JUL 2025 ITI-05,ATP,ATP,2025-2026,2025-07-01,2025-07-31,"{""date_from"":""2025-07-01"",""date_to"":""2025-07-31"",""game_data"":[],""leagues"":[""ATP""],""market_data"":[""candles""],""markets"":[""kalshi""],""seasons"":[""2025-2026""],""sports"":[""ATP""]}",TRADABLE_YES_BID,1_MINUTE_CANDLE,available_at,CROSS,"{""id"":""e1"",""op"":""CROSS"",""price_e4"":7100}",REACH,"{""id"":""win"",""op"":""REACH"",""outcome"":""win"",""price_e4"":8500}",REACH,"{""id"":""loss"",""op"":""REACH"",""outcome"":""loss"",""price_e4"":4000}",HOLD_TO_SETTLEMENT,b530d65b28edd1535a76ec4046e518bc9de0bcfa836596c3227470a9a4d0a869,1.0.0,2026-09-15T01:30:56Z,1.0.0,1.0.0,1.0.0,2026-09-15T01:30:56Z,READY,351,182,139,0.566978,0.433022,1400,3100,0.451613,-501.709402,2d9a4d634a4a5508155a34c9ff097202c0d039e70a9a5b95665317d16af53f70,candle_path_not_fill,UNAVAILABLE,UNAVAILABLE,UNAVAILABLE,NOT_COMPUTABLE,UNAVAILABLE
decomposition,THEORETICAL,base_decomposition,trade_ev_bankroll,-0.004457,fraction,roller_payoff,superasi_bdebase_v1.1.0,grade_config_v1,2026-09-21T18:16:15Z,55d9a8bdcc4e4d82a222fd1bfb84fdbf,ATP CROSS 65 REACH 85 40 JUL 2025 ITI-05,e5cba21e206a859f465992e9705418339cee20e8e1cab2abbaa6eefe9bdbcbca,1ca7e1b4c022503dc39a4e6c3fd93a68123b280a28d7e3501b8f40d8e70e44fd,544af08020cf5cbc80434291e0f6b64f562c9ed0142f5ef5b1aeb6eaeee949ae,ATP CROSS 65 REACH 85 40 JUL 2025 ITI-05,ATP,ATP,2025-2026,2025-07-01,2025-07-31,"{""date_from"":""2025-07-01"",""date_to"":""2025-07-31"",""game_data"":[],""leagues"":[""ATP""],""market_data"":[""candles""],""markets"":[""kalshi""],""seasons"":[""2025-2026""],""sports"":[""ATP""]}",TRADABLE_YES_BID,1_MINUTE_CANDLE,available_at,CROSS,"{""id"":""e1"",""op"":""CROSS"",""price_e4"":7100}",REACH,"{""id"":""win"",""op"":""REACH"",""outcome"":""win"",""price_e4"":8500}",REACH,"{""id"":""loss"",""op"":""REACH"",""outcome"":""loss"",""price_e4"":4000}",HOLD_TO_SETTLEMENT,b530d65b28edd1535a76ec4046e518bc9de0bcfa836596c3227470a9a4d0a869,1.0.0,2026-09-15T01:30:56Z,1.0.0,1.0.0,1.0.0,2026-09-15T01:30:56Z,READY,351,182,139,0.566978,0.433022,1400,3100,0.451613,-501.709402,2d9a4d634a4a5508155a34c9ff097202c0d039e70a9a5b95665317d16af53f70,candle_path_not_fill,UNAVAILABLE,UNAVAILABLE,UNAVAILABLE,NOT_COMPUTABLE,UNAVAILABLE
decomposition,THEORETICAL,base_decomposition,weekly_ev,-0.044571,fraction,roller_payoff,superasi_bdebase_v1.1.0,grade_config_v1,2026-09-21T18:16:15Z,55d9a8bdcc4e4d82a222fd1bfb84fdbf,ATP CROSS 65 REACH 85 40 JUL 2025 ITI-05,e5cba21e206a859f465992e9705418339cee20e8e1cab2abbaa6eefe9bdbcbca,1ca7e1b4c022503dc39a4e6c3fd93a68123b280a28d7e3501b8f40d8e70e44fd,544af08020cf5cbc80434291e0f6b64f562c9ed0142f5ef5b1aeb6eaeee949ae,ATP CROSS 65 REACH 85 40 JUL 2025 ITI-05,ATP,ATP,2025-2026,2025-07-01,2025-07-31,"{""date_from"":""2025-07-01"",""date_to"":""2025-07-31"",""game_data"":[],""leagues"":[""ATP""],""market_data"":[""candles""],""markets"":[""kalshi""],""seasons"":[""2025-2026""],""sports"":[""ATP""]}",TRADABLE_YES_BID,1_MINUTE_CANDLE,available_at,CROSS,"{""id"":""e1"",""op"":""CROSS"",""price_e4"":7100}",REACH,"{""id"":""win"",""op"":""REACH"",""outcome"":""win"",""price_e4"":8500}",REACH,"{""id"":""loss"",""op"":""REACH"",""outcome"":""loss"",""price_e4"":4000}",HOLD_TO_SETTLEMENT,b530d65b28edd1535a76ec4046e518bc9de0bcfa836596c3227470a9a4d0a869,1.0.0,2026-09-15T01:30:56Z,1.0.0,1.0.0,1.0.0,2026-09-15T01:30:56Z,READY,351,182,139,0.566978,0.433022,1400,3100,0.451613,-501.709402,2d9a4d634a4a5508155a34c9ff097202c0d039e70a9a5b95665317d16af53f70,candle_path_not_fill,UNAVAILABLE,UNAVAILABLE,UNAVAILABLE,NOT_COMPUTABLE,UNAVAILABLE
decomposition,THEORETICAL,base_decomposition,required_p_for_target_week,0.720444,fraction,roller_payoff,superasi_bdebase_v1.1.0,grade_config_v1,2026-09-21T18:16:15Z,55d9a8bdcc4e4d82a222fd1bfb84fdbf,ATP CROSS 65 REACH 85 40 JUL 2025 ITI-05,e5cba21e206a859f465992e9705418339cee20e8e1cab2abbaa6eefe9bdbcbca,1ca7e1b4c022503dc39a4e6c3fd93a68123b280a28d7e3501b8f40d8e70e44fd,544af08020cf5cbc80434291e0f6b64f562c9ed0142f5ef5b1aeb6eaeee949ae,ATP CROSS 65 REACH 85 40 JUL 2025 ITI-05,ATP,ATP,2025-2026,2025-07-01,2025-07-31,"{""date_from"":""2025-07-01"",""date_to"":""2025-07-31"",""game_data"":[],""leagues"":[""ATP""],""market_data"":[""candles""],""markets"":[""kalshi""],""seasons"":[""2025-2026""],""sports"":[""ATP""]}",TRADABLE_YES_BID,1_MINUTE_CANDLE,available_at,CROSS,"{""id"":""e1"",""op"":""CROSS"",""price_e4"":7100}",REACH,"{""id"":""win"",""op"":""REACH"",""outcome"":""win"",""price_e4"":8500}",REACH,"{""id"":""loss"",""op"":""REACH"",""outcome"":""loss"",""price_e4"":4000}",HOLD_TO_SETTLEMENT,b530d65b28edd1535a76ec4046e518bc9de0bcfa836596c3227470a9a4d0a869,1.0.0,2026-09-15T01:30:56Z,1.0.0,1.0.0,1.0.0,2026-09-15T01:30:56Z,READY,351,182,139,0.566978,0.433022,1400,3100,0.451613,-501.709402,2d9a4d634a4a5508155a34c9ff097202c0d039e70a9a5b95665317d16af53f70,candle_path_not_fill,UNAVAILABLE,UNAVAILABLE,UNAVAILABLE,NOT_COMPUTABLE,UNAVAILABLE
decomposition,THEORETICAL,base_decomposition,arithmetic_20_week,-0.891419,fraction,roller_payoff,superasi_bdebase_v1.1.0,grade_config_v1,2026-09-21T18:16:15Z,55d9a8bdcc4e4d82a222fd1bfb84fdbf,ATP CROSS 65 REACH 85 40 JUL 2025 ITI-05,e5cba21e206a859f465992e9705418339cee20e8e1cab2abbaa6eefe9bdbcbca,1ca7e1b4c022503dc39a4e6c3fd93a68123b280a28d7e3501b8f40d8e70e44fd,544af08020cf5cbc80434291e0f6b64f562c9ed0142f5ef5b1aeb6eaeee949ae,ATP CROSS 65 REACH 85 40 JUL 2025 ITI-05,ATP,ATP,2025-2026,2025-07-01,2025-07-31,"{""date_from"":""2025-07-01"",""date_to"":""2025-07-31"",""game_data"":[],""leagues"":[""ATP""],""market_data"":[""candles""],""markets"":[""kalshi""],""seasons"":[""2025-2026""],""sports"":[""ATP""]}",TRADABLE_YES_BID,1_MINUTE_CANDLE,available_at,CROSS,"{""id"":""e1"",""op"":""CROSS"",""price_e4"":7100}",REACH,"{""id"":""win"",""op"":""REACH"",""outcome"":""win"",""price_e4"":8500}",REACH,"{""id"":""loss"",""op"":""REACH"",""outcome"":""loss"",""price_e4"":4000}",HOLD_TO_SETTLEMENT,b530d65b28edd1535a76ec4046e518bc9de0bcfa836596c3227470a9a4d0a869,1.0.0,2026-09-15T01:30:56Z,1.0.0,1.0.0,1.0.0,2026-09-15T01:30:56Z,READY,351,182,139,0.566978,0.433022,1400,3100,0.451613,-501.709402,2d9a4d634a4a5508155a34c9ff097202c0d039e70a9a5b95665317d16af53f70,candle_path_not_fill,UNAVAILABLE,UNAVAILABLE,UNAVAILABLE,NOT_COMPUTABLE,UNAVAILABLE
decomposition,THEORETICAL,base_decomposition,compounded_20_week,-0.598238,fraction,roller_payoff,superasi_bdebase_v1.1.0,grade_config_v1,2026-09-21T18:16:15Z,55d9a8bdcc4e4d82a222fd1bfb84fdbf,ATP CROSS 65 REACH 85 40 JUL 2025 ITI-05,e5cba21e206a859f465992e9705418339cee20e8e1cab2abbaa6eefe9bdbcbca,1ca7e1b4c022503dc39a4e6c3fd93a68123b280a28d7e3501b8f40d8e70e44fd,544af08020cf5cbc80434291e0f6b64f562c9ed0142f5ef5b1aeb6eaeee949ae,ATP CROSS 65 REACH 85 40 JUL 2025 ITI-05,ATP,ATP,2025-2026,2025-07-01,2025-07-31,"{""date_from"":""2025-07-01"",""date_to"":""2025-07-31"",""game_data"":[],""leagues"":[""ATP""],""market_data"":[""candles""],""markets"":[""kalshi""],""seasons"":[""2025-2026""],""sports"":[""ATP""]}",TRADABLE_YES_BID,1_MINUTE_CANDLE,available_at,CROSS,"{""id"":""e1"",""op"":""CROSS"",""price_e4"":7100}",REACH,"{""id"":""win"",""op"":""REACH"",""outcome"":""win"",""price_e4"":8500}",REACH,"{""id"":""loss"",""op"":""REACH"",""outcome"":""loss"",""price_e4"":4000}",HOLD_TO_SETTLEMENT,b530d65b28edd1535a76ec4046e518bc9de0bcfa836596c3227470a9a4d0a869,1.0.0,2026-09-15T01:30:56Z,1.0.0,1.0.0,1.0.0,2026-09-15T01:30:56Z,READY,351,182,139,0.566978,0.433022,1400,3100,0.451613,-501.709402,2d9a4d634a4a5508155a34c9ff097202c0d039e70a9a5b95665317d16af53f70,candle_path_not_fill,UNAVAILABLE,UNAVAILABLE,UNAVAILABLE,NOT_COMPUTABLE,UNAVAILABLE
decomposition,THEORETICAL,base_decomposition,compounded_terminal,8035.242950,usd,roller_payoff,superasi_bdebase_v1.1.0,grade_config_v1,2026-09-21T18:16:15Z,55d9a8bdcc4e4d82a222fd1bfb84fdbf,ATP CROSS 65 REACH 85 40 JUL 2025 ITI-05,e5cba21e206a859f465992e9705418339cee20e8e1cab2abbaa6eefe9bdbcbca,1ca7e1b4c022503dc39a4e6c3fd93a68123b280a28d7e3501b8f40d8e70e44fd,544af08020cf5cbc80434291e0f6b64f562c9ed0142f5ef5b1aeb6eaeee949ae,ATP CROSS 65 REACH 85 40 JUL 2025 ITI-05,ATP,ATP,2025-2026,2025-07-01,2025-07-31,"{""date_from"":""2025-07-01"",""date_to"":""2025-07-31"",""game_data"":[],""leagues"":[""ATP""],""market_data"":[""candles""],""markets"":[""kalshi""],""seasons"":[""2025-2026""],""sports"":[""ATP""]}",TRADABLE_YES_BID,1_MINUTE_CANDLE,available_at,CROSS,"{""id"":""e1"",""op"":""CROSS"",""price_e4"":7100}",REACH,"{""id"":""win"",""op"":""REACH"",""outcome"":""win"",""price_e4"":8500}",REACH,"{""id"":""loss"",""op"":""REACH"",""outcome"":""loss"",""price_e4"":4000}",HOLD_TO_SETTLEMENT,b530d65b28edd1535a76ec4046e518bc9de0bcfa836596c3227470a9a4d0a869,1.0.0,2026-09-15T01:30:56Z,1.0.0,1.0.0,1.0.0,2026-09-15T01:30:56Z,READY,351,182,139,0.566978,0.433022,1400,3100,0.451613,-501.709402,2d9a4d634a4a5508155a34c9ff097202c0d039e70a9a5b95665317d16af53f70,candle_path_not_fill,UNAVAILABLE,UNAVAILABLE,UNAVAILABLE,NOT_COMPUTABLE,UNAVAILABLE
decomposition,THEORETICAL,base_decomposition,desk_break_even_probability,0.666667,fraction,superasi_abase,superasi_bdebase_v1.1.0,grade_config_v1,2026-09-21T18:16:15Z,55d9a8bdcc4e4d82a222fd1bfb84fdbf,ATP CROSS 65 REACH 85 40 JUL 2025 ITI-05,e5cba21e206a859f465992e9705418339cee20e8e1cab2abbaa6eefe9bdbcbca,1ca7e1b4c022503dc39a4e6c3fd93a68123b280a28d7e3501b8f40d8e70e44fd,544af08020cf5cbc80434291e0f6b64f562c9ed0142f5ef5b1aeb6eaeee949ae,ATP CROSS 65 REACH 85 40 JUL 2025 ITI-05,ATP,ATP,2025-2026,2025-07-01,2025-07-31,"{""date_from"":""2025-07-01"",""date_to"":""2025-07-31"",""game_data"":[],""leagues"":[""ATP""],""market_data"":[""candles""],""markets"":[""kalshi""],""seasons"":[""2025-2026""],""sports"":[""ATP""]}",TRADABLE_YES_BID,1_MINUTE_CANDLE,available_at,CROSS,"{""id"":""e1"",""op"":""CROSS"",""price_e4"":7100}",REACH,"{""id"":""win"",""op"":""REACH"",""outcome"":""win"",""price_e4"":8500}",REACH,"{""id"":""loss"",""op"":""REACH"",""outcome"":""loss"",""price_e4"":4000}",HOLD_TO_SETTLEMENT,b530d65b28edd1535a76ec4046e518bc9de0bcfa836596c3227470a9a4d0a869,1.0.0,2026-09-15T01:30:56Z,1.0.0,1.0.0,1.0.0,2026-09-15T01:30:56Z,READY,351,182,139,0.566978,0.433022,1400,3100,0.451613,-501.709402,2d9a4d634a4a5508155a34c9ff097202c0d039e70a9a5b95665317d16af53f70,candle_path_not_fill,UNAVAILABLE,UNAVAILABLE,UNAVAILABLE,NOT_COMPUTABLE,UNAVAILABLE
decomposition,THEORETICAL,base_decomposition,desk_trade_ev,0.001000,fraction,superasi_abase,superasi_bdebase_v1.1.0,grade_config_v1,2026-09-21T18:16:15Z,55d9a8bdcc4e4d82a222fd1bfb84fdbf,ATP CROSS 65 REACH 85 40 JUL 2025 ITI-05,e5cba21e206a859f465992e9705418339cee20e8e1cab2abbaa6eefe9bdbcbca,1ca7e1b4c022503dc39a4e6c3fd93a68123b280a28d7e3501b8f40d8e70e44fd,544af08020cf5cbc80434291e0f6b64f562c9ed0142f5ef5b1aeb6eaeee949ae,ATP CROSS 65 REACH 85 40 JUL 2025 ITI-05,ATP,ATP,2025-2026,2025-07-01,2025-07-31,"{""date_from"":""2025-07-01"",""date_to"":""2025-07-31"",""game_data"":[],""leagues"":[""ATP""],""market_data"":[""candles""],""markets"":[""kalshi""],""seasons"":[""2025-2026""],""sports"":[""ATP""]}",TRADABLE_YES_BID,1_MINUTE_CANDLE,available_at,CROSS,"{""id"":""e1"",""op"":""CROSS"",""price_e4"":7100}",REACH,"{""id"":""win"",""op"":""REACH"",""outcome"":""win"",""price_e4"":8500}",REACH,"{""id"":""loss"",""op"":""REACH"",""outcome"":""loss"",""price_e4"":4000}",HOLD_TO_SETTLEMENT,b530d65b28edd1535a76ec4046e518bc9de0bcfa836596c3227470a9a4d0a869,1.0.0,2026-09-15T01:30:56Z,1.0.0,1.0.0,1.0.0,2026-09-15T01:30:56Z,READY,351,182,139,0.566978,0.433022,1400,3100,0.451613,-501.709402,2d9a4d634a4a5508155a34c9ff097202c0d039e70a9a5b95665317d16af53f70,candle_path_not_fill,UNAVAILABLE,UNAVAILABLE,UNAVAILABLE,NOT_COMPUTABLE,UNAVAILABLE
decomposition,THEORETICAL,base_decomposition,desk_weekly_ev,0.010000,fraction,superasi_abase,superasi_bdebase_v1.1.0,grade_config_v1,2026-09-21T18:16:15Z,55d9a8bdcc4e4d82a222fd1bfb84fdbf,ATP CROSS 65 REACH 85 40 JUL 2025 ITI-05,e5cba21e206a859f465992e9705418339cee20e8e1cab2abbaa6eefe9bdbcbca,1ca7e1b4c022503dc39a4e6c3fd93a68123b280a28d7e3501b8f40d8e70e44fd,544af08020cf5cbc80434291e0f6b64f562c9ed0142f5ef5b1aeb6eaeee949ae,ATP CROSS 65 REACH 85 40 JUL 2025 ITI-05,ATP,ATP,2025-2026,2025-07-01,2025-07-31,"{""date_from"":""2025-07-01"",""date_to"":""2025-07-31"",""game_data"":[],""leagues"":[""ATP""],""market_data"":[""candles""],""markets"":[""kalshi""],""seasons"":[""2025-2026""],""sports"":[""ATP""]}",TRADABLE_YES_BID,1_MINUTE_CANDLE,available_at,CROSS,"{""id"":""e1"",""op"":""CROSS"",""price_e4"":7100}",REACH,"{""id"":""win"",""op"":""REACH"",""outcome"":""win"",""price_e4"":8500}",REACH,"{""id"":""loss"",""op"":""REACH"",""outcome"":""loss"",""price_e4"":4000}",HOLD_TO_SETTLEMENT,b530d65b28edd1535a76ec4046e518bc9de0bcfa836596c3227470a9a4d0a869,1.0.0,2026-09-15T01:30:56Z,1.0.0,1.0.0,1.0.0,2026-09-15T01:30:56Z,READY,351,182,139,0.566978,0.433022,1400,3100,0.451613,-501.709402,2d9a4d634a4a5508155a34c9ff097202c0d039e70a9a5b95665317d16af53f70,candle_path_not_fill,UNAVAILABLE,UNAVAILABLE,UNAVAILABLE,NOT_COMPUTABLE,UNAVAILABLE
decomposition,THEORETICAL,base_decomposition,roller_break_even_probability,0.688889,fraction,roller_payoff,superasi_bdebase_v1.1.0,grade_config_v1,2026-09-21T18:16:15Z,55d9a8bdcc4e4d82a222fd1bfb84fdbf,ATP CROSS 65 REACH 85 40 JUL 2025 ITI-05,e5cba21e206a859f465992e9705418339cee20e8e1cab2abbaa6eefe9bdbcbca,1ca7e1b4c022503dc39a4e6c3fd93a68123b280a28d7e3501b8f40d8e70e44fd,544af08020cf5cbc80434291e0f6b64f562c9ed0142f5ef5b1aeb6eaeee949ae,ATP CROSS 65 REACH 85 40 JUL 2025 ITI-05,ATP,ATP,2025-2026,2025-07-01,2025-07-31,"{""date_from"":""2025-07-01"",""date_to"":""2025-07-31"",""game_data"":[],""leagues"":[""ATP""],""market_data"":[""candles""],""markets"":[""kalshi""],""seasons"":[""2025-2026""],""sports"":[""ATP""]}",TRADABLE_YES_BID,1_MINUTE_CANDLE,available_at,CROSS,"{""id"":""e1"",""op"":""CROSS"",""price_e4"":7100}",REACH,"{""id"":""win"",""op"":""REACH"",""outcome"":""win"",""price_e4"":8500}",REACH,"{""id"":""loss"",""op"":""REACH"",""outcome"":""loss"",""price_e4"":4000}",HOLD_TO_SETTLEMENT,b530d65b28edd1535a76ec4046e518bc9de0bcfa836596c3227470a9a4d0a869,1.0.0,2026-09-15T01:30:56Z,1.0.0,1.0.0,1.0.0,2026-09-15T01:30:56Z,READY,351,182,139,0.566978,0.433022,1400,3100,0.451613,-501.709402,2d9a4d634a4a5508155a34c9ff097202c0d039e70a9a5b95665317d16af53f70,candle_path_not_fill,UNAVAILABLE,UNAVAILABLE,UNAVAILABLE,NOT_COMPUTABLE,UNAVAILABLE
decomposition,THEORETICAL,base_decomposition,roller_trade_ev,-0.006279,fraction,roller_payoff,superasi_bdebase_v1.1.0,grade_config_v1,2026-09-21T18:16:15Z,55d9a8bdcc4e4d82a222fd1bfb84fdbf,ATP CROSS 65 REACH 85 40 JUL 2025 ITI-05,e5cba21e206a859f465992e9705418339cee20e8e1cab2abbaa6eefe9bdbcbca,1ca7e1b4c022503dc39a4e6c3fd93a68123b280a28d7e3501b8f40d8e70e44fd,544af08020cf5cbc80434291e0f6b64f562c9ed0142f5ef5b1aeb6eaeee949ae,ATP CROSS 65 REACH 85 40 JUL 2025 ITI-05,ATP,ATP,2025-2026,2025-07-01,2025-07-31,"{""date_from"":""2025-07-01"",""date_to"":""2025-07-31"",""game_data"":[],""leagues"":[""ATP""],""market_data"":[""candles""],""markets"":[""kalshi""],""seasons"":[""2025-2026""],""sports"":[""ATP""]}",TRADABLE_YES_BID,1_MINUTE_CANDLE,available_at,CROSS,"{""id"":""e1"",""op"":""CROSS"",""price_e4"":7100}",REACH,"{""id"":""win"",""op"":""REACH"",""outcome"":""win"",""price_e4"":8500}",REACH,"{""id"":""loss"",""op"":""REACH"",""outcome"":""loss"",""price_e4"":4000}",HOLD_TO_SETTLEMENT,b530d65b28edd1535a76ec4046e518bc9de0bcfa836596c3227470a9a4d0a869,1.0.0,2026-09-15T01:30:56Z,1.0.0,1.0.0,1.0.0,2026-09-15T01:30:56Z,READY,351,182,139,0.566978,0.433022,1400,3100,0.451613,-501.709402,2d9a4d634a4a5508155a34c9ff097202c0d039e70a9a5b95665317d16af53f70,candle_path_not_fill,UNAVAILABLE,UNAVAILABLE,UNAVAILABLE,NOT_COMPUTABLE,UNAVAILABLE
decomposition,THEORETICAL,base_decomposition,roller_weekly_ev,-0.062791,fraction,roller_payoff,superasi_bdebase_v1.1.0,grade_config_v1,2026-09-21T18:16:15Z,55d9a8bdcc4e4d82a222fd1bfb84fdbf,ATP CROSS 65 REACH 85 40 JUL 2025 ITI-05,e5cba21e206a859f465992e9705418339cee20e8e1cab2abbaa6eefe9bdbcbca,1ca7e1b4c022503dc39a4e6c3fd93a68123b280a28d7e3501b8f40d8e70e44fd,544af08020cf5cbc80434291e0f6b64f562c9ed0142f5ef5b1aeb6eaeee949ae,ATP CROSS 65 REACH 85 40 JUL 2025 ITI-05,ATP,ATP,2025-2026,2025-07-01,2025-07-31,"{""date_from"":""2025-07-01"",""date_to"":""2025-07-31"",""game_data"":[],""leagues"":[""ATP""],""market_data"":[""candles""],""markets"":[""kalshi""],""seasons"":[""2025-2026""],""sports"":[""ATP""]}",TRADABLE_YES_BID,1_MINUTE_CANDLE,available_at,CROSS,"{""id"":""e1"",""op"":""CROSS"",""price_e4"":7100}",REACH,"{""id"":""win"",""op"":""REACH"",""outcome"":""win"",""price_e4"":8500}",REACH,"{""id"":""loss"",""op"":""REACH"",""outcome"":""loss"",""price_e4"":4000}",HOLD_TO_SETTLEMENT,b530d65b28edd1535a76ec4046e518bc9de0bcfa836596c3227470a9a4d0a869,1.0.0,2026-09-15T01:30:56Z,1.0.0,1.0.0,1.0.0,2026-09-15T01:30:56Z,READY,351,182,139,0.566978,0.433022,1400,3100,0.451613,-501.709402,2d9a4d634a4a5508155a34c9ff097202c0d039e70a9a5b95665317d16af53f70,candle_path_not_fill,UNAVAILABLE,UNAVAILABLE,UNAVAILABLE,NOT_COMPUTABLE,UNAVAILABLE
decomposition,THEORETICAL,base_decomposition,roller_required_win_probability,0.720444,fraction,roller_payoff,superasi_bdebase_v1.1.0,grade_config_v1,2026-09-21T18:16:15Z,55d9a8bdcc4e4d82a222fd1bfb84fdbf,ATP CROSS 65 REACH 85 40 JUL 2025 ITI-05,e5cba21e206a859f465992e9705418339cee20e8e1cab2abbaa6eefe9bdbcbca,1ca7e1b4c022503dc39a4e6c3fd93a68123b280a28d7e3501b8f40d8e70e44fd,544af08020cf5cbc80434291e0f6b64f562c9ed0142f5ef5b1aeb6eaeee949ae,ATP CROSS 65 REACH 85 40 JUL 2025 ITI-05,ATP,ATP,2025-2026,2025-07-01,2025-07-31,"{""date_from"":""2025-07-01"",""date_to"":""2025-07-31"",""game_data"":[],""leagues"":[""ATP""],""market_data"":[""candles""],""markets"":[""kalshi""],""seasons"":[""2025-2026""],""sports"":[""ATP""]}",TRADABLE_YES_BID,1_MINUTE_CANDLE,available_at,CROSS,"{""id"":""e1"",""op"":""CROSS"",""price_e4"":7100}",REACH,"{""id"":""win"",""op"":""REACH"",""outcome"":""win"",""price_e4"":8500}",REACH,"{""id"":""loss"",""op"":""REACH"",""outcome"":""loss"",""price_e4"":4000}",HOLD_TO_SETTLEMENT,b530d65b28edd1535a76ec4046e518bc9de0bcfa836596c3227470a9a4d0a869,1.0.0,2026-09-15T01:30:56Z,1.0.0,1.0.0,1.0.0,2026-09-15T01:30:56Z,READY,351,182,139,0.566978,0.433022,1400,3100,0.451613,-501.709402,2d9a4d634a4a5508155a34c9ff097202c0d039e70a9a5b95665317d16af53f70,candle_path_not_fill,UNAVAILABLE,UNAVAILABLE,UNAVAILABLE,NOT_COMPUTABLE,UNAVAILABLE
decomposition,THEORETICAL,base_decomposition,roller_p_used,0.548243,fraction,roller_payoff,superasi_bdebase_v1.1.0,grade_config_v1,2026-09-21T18:16:15Z,55d9a8bdcc4e4d82a222fd1bfb84fdbf,ATP CROSS 65 REACH 85 40 JUL 2025 ITI-05,e5cba21e206a859f465992e9705418339cee20e8e1cab2abbaa6eefe9bdbcbca,1ca7e1b4c022503dc39a4e6c3fd93a68123b280a28d7e3501b8f40d8e70e44fd,544af08020cf5cbc80434291e0f6b64f562c9ed0142f5ef5b1aeb6eaeee949ae,ATP CROSS 65 REACH 85 40 JUL 2025 ITI-05,ATP,ATP,2025-2026,2025-07-01,2025-07-31,"{""date_from"":""2025-07-01"",""date_to"":""2025-07-31"",""game_data"":[],""leagues"":[""ATP""],""market_data"":[""candles""],""markets"":[""kalshi""],""seasons"":[""2025-2026""],""sports"":[""ATP""]}",TRADABLE_YES_BID,1_MINUTE_CANDLE,available_at,CROSS,"{""id"":""e1"",""op"":""CROSS"",""price_e4"":7100}",REACH,"{""id"":""win"",""op"":""REACH"",""outcome"":""win"",""price_e4"":8500}",REACH,"{""id"":""loss"",""op"":""REACH"",""outcome"":""loss"",""price_e4"":4000}",HOLD_TO_SETTLEMENT,b530d65b28edd1535a76ec4046e518bc9de0bcfa836596c3227470a9a4d0a869,1.0.0,2026-09-15T01:30:56Z,1.0.0,1.0.0,1.0.0,2026-09-15T01:30:56Z,READY,351,182,139,0.566978,0.433022,1400,3100,0.451613,-501.709402,2d9a4d634a4a5508155a34c9ff097202c0d039e70a9a5b95665317d16af53f70,candle_path_not_fill,UNAVAILABLE,UNAVAILABLE,UNAVAILABLE,NOT_COMPUTABLE,UNAVAILABLE
risk_profile,MONTE_CARLO,base_decomposition,roller_horizon_weeks,20,week,roller_payoff,superasi_bdebase_v1.1.0,grade_config_v1,2026-09-21T18:16:15Z,55d9a8bdcc4e4d82a222fd1bfb84fdbf,ATP CROSS 65 REACH 85 40 JUL 2025 ITI-05,e5cba21e206a859f465992e9705418339cee20e8e1cab2abbaa6eefe9bdbcbca,1ca7e1b4c022503dc39a4e6c3fd93a68123b280a28d7e3501b8f40d8e70e44fd,544af08020cf5cbc80434291e0f6b64f562c9ed0142f5ef5b1aeb6eaeee949ae,ATP CROSS 65 REACH 85 40 JUL 2025 ITI-05,ATP,ATP,2025-2026,2025-07-01,2025-07-31,"{""date_from"":""2025-07-01"",""date_to"":""2025-07-31"",""game_data"":[],""leagues"":[""ATP""],""market_data"":[""candles""],""markets"":[""kalshi""],""seasons"":[""2025-2026""],""sports"":[""ATP""]}",TRADABLE_YES_BID,1_MINUTE_CANDLE,available_at,CROSS,"{""id"":""e1"",""op"":""CROSS"",""price_e4"":7100}",REACH,"{""id"":""win"",""op"":""REACH"",""outcome"":""win"",""price_e4"":8500}",REACH,"{""id"":""loss"",""op"":""REACH"",""outcome"":""loss"",""price_e4"":4000}",HOLD_TO_SETTLEMENT,b530d65b28edd1535a76ec4046e518bc9de0bcfa836596c3227470a9a4d0a869,1.0.0,2026-09-15T01:30:56Z,1.0.0,1.0.0,1.0.0,2026-09-15T01:30:56Z,READY,351,182,139,0.566978,0.433022,1400,3100,0.451613,-501.709402,2d9a4d634a4a5508155a34c9ff097202c0d039e70a9a5b95665317d16af53f70,candle_path_not_fill,UNAVAILABLE,UNAVAILABLE,UNAVAILABLE,NOT_COMPUTABLE,UNAVAILABLE
risk_profile,MONTE_CARLO,base_decomposition,roller_paths,100000,count,roller_payoff,superasi_bdebase_v1.1.0,grade_config_v1,2026-09-21T18:16:15Z,55d9a8bdcc4e4d82a222fd1bfb84fdbf,ATP CROSS 65 REACH 85 40 JUL 2025 ITI-05,e5cba21e206a859f465992e9705418339cee20e8e1cab2abbaa6eefe9bdbcbca,1ca7e1b4c022503dc39a4e6c3fd93a68123b280a28d7e3501b8f40d8e70e44fd,544af08020cf5cbc80434291e0f6b64f562c9ed0142f5ef5b1aeb6eaeee949ae,ATP CROSS 65 REACH 85 40 JUL 2025 ITI-05,ATP,ATP,2025-2026,2025-07-01,2025-07-31,"{""date_from"":""2025-07-01"",""date_to"":""2025-07-31"",""game_data"":[],""leagues"":[""ATP""],""market_data"":[""candles""],""markets"":[""kalshi""],""seasons"":[""2025-2026""],""sports"":[""ATP""]}",TRADABLE_YES_BID,1_MINUTE_CANDLE,available_at,CROSS,"{""id"":""e1"",""op"":""CROSS"",""price_e4"":7100}",REACH,"{""id"":""win"",""op"":""REACH"",""outcome"":""win"",""price_e4"":8500}",REACH,"{""id"":""loss"",""op"":""REACH"",""outcome"":""loss"",""price_e4"":4000}",HOLD_TO_SETTLEMENT,b530d65b28edd1535a76ec4046e518bc9de0bcfa836596c3227470a9a4d0a869,1.0.0,2026-09-15T01:30:56Z,1.0.0,1.0.0,1.0.0,2026-09-15T01:30:56Z,READY,351,182,139,0.566978,0.433022,1400,3100,0.451613,-501.709402,2d9a4d634a4a5508155a34c9ff097202c0d039e70a9a5b95665317d16af53f70,candle_path_not_fill,UNAVAILABLE,UNAVAILABLE,UNAVAILABLE,NOT_COMPUTABLE,UNAVAILABLE
risk_profile,MONTE_CARLO,base_decomposition,roller_P_min_bankroll_le_floor,0.998410,fraction,roller_payoff,superasi_bdebase_v1.1.0,grade_config_v1,2026-09-21T18:16:15Z,55d9a8bdcc4e4d82a222fd1bfb84fdbf,ATP CROSS 65 REACH 85 40 JUL 2025 ITI-05,e5cba21e206a859f465992e9705418339cee20e8e1cab2abbaa6eefe9bdbcbca,1ca7e1b4c022503dc39a4e6c3fd93a68123b280a28d7e3501b8f40d8e70e44fd,544af08020cf5cbc80434291e0f6b64f562c9ed0142f5ef5b1aeb6eaeee949ae,ATP CROSS 65 REACH 85 40 JUL 2025 ITI-05,ATP,ATP,2025-2026,2025-07-01,2025-07-31,"{""date_from"":""2025-07-01"",""date_to"":""2025-07-31"",""game_data"":[],""leagues"":[""ATP""],""market_data"":[""candles""],""markets"":[""kalshi""],""seasons"":[""2025-2026""],""sports"":[""ATP""]}",TRADABLE_YES_BID,1_MINUTE_CANDLE,available_at,CROSS,"{""id"":""e1"",""op"":""CROSS"",""price_e4"":7100}",REACH,"{""id"":""win"",""op"":""REACH"",""outcome"":""win"",""price_e4"":8500}",REACH,"{""id"":""loss"",""op"":""REACH"",""outcome"":""loss"",""price_e4"":4000}",HOLD_TO_SETTLEMENT,b530d65b28edd1535a76ec4046e518bc9de0bcfa836596c3227470a9a4d0a869,1.0.0,2026-09-15T01:30:56Z,1.0.0,1.0.0,1.0.0,2026-09-15T01:30:56Z,READY,351,182,139,0.566978,0.433022,1400,3100,0.451613,-501.709402,2d9a4d634a4a5508155a34c9ff097202c0d039e70a9a5b95665317d16af53f70,candle_path_not_fill,UNAVAILABLE,UNAVAILABLE,UNAVAILABLE,NOT_COMPUTABLE,UNAVAILABLE
risk_profile,MONTE_CARLO,base_decomposition,roller_P_final_ge_target,0.000000,fraction,roller_payoff,superasi_bdebase_v1.1.0,grade_config_v1,2026-09-21T18:16:15Z,55d9a8bdcc4e4d82a222fd1bfb84fdbf,ATP CROSS 65 REACH 85 40 JUL 2025 ITI-05,e5cba21e206a859f465992e9705418339cee20e8e1cab2abbaa6eefe9bdbcbca,1ca7e1b4c022503dc39a4e6c3fd93a68123b280a28d7e3501b8f40d8e70e44fd,544af08020cf5cbc80434291e0f6b64f562c9ed0142f5ef5b1aeb6eaeee949ae,ATP CROSS 65 REACH 85 40 JUL 2025 ITI-05,ATP,ATP,2025-2026,2025-07-01,2025-07-31,"{""date_from"":""2025-07-01"",""date_to"":""2025-07-31"",""game_data"":[],""leagues"":[""ATP""],""market_data"":[""candles""],""markets"":[""kalshi""],""seasons"":[""2025-2026""],""sports"":[""ATP""]}",TRADABLE_YES_BID,1_MINUTE_CANDLE,available_at,CROSS,"{""id"":""e1"",""op"":""CROSS"",""price_e4"":7100}",REACH,"{""id"":""win"",""op"":""REACH"",""outcome"":""win"",""price_e4"":8500}",REACH,"{""id"":""loss"",""op"":""REACH"",""outcome"":""loss"",""price_e4"":4000}",HOLD_TO_SETTLEMENT,b530d65b28edd1535a76ec4046e518bc9de0bcfa836596c3227470a9a4d0a869,1.0.0,2026-09-15T01:30:56Z,1.0.0,1.0.0,1.0.0,2026-09-15T01:30:56Z,READY,351,182,139,0.566978,0.433022,1400,3100,0.451613,-501.709402,2d9a4d634a4a5508155a34c9ff097202c0d039e70a9a5b95665317d16af53f70,candle_path_not_fill,UNAVAILABLE,UNAVAILABLE,UNAVAILABLE,NOT_COMPUTABLE,UNAVAILABLE
risk_profile,MONTE_CARLO,base_decomposition,roller_mean_terminal_bankroll,8029.403340,usd,roller_payoff,superasi_bdebase_v1.1.0,grade_config_v1,2026-09-21T18:16:15Z,55d9a8bdcc4e4d82a222fd1bfb84fdbf,ATP CROSS 65 REACH 85 40 JUL 2025 ITI-05,e5cba21e206a859f465992e9705418339cee20e8e1cab2abbaa6eefe9bdbcbca,1ca7e1b4c022503dc39a4e6c3fd93a68123b280a28d7e3501b8f40d8e70e44fd,544af08020cf5cbc80434291e0f6b64f562c9ed0142f5ef5b1aeb6eaeee949ae,ATP CROSS 65 REACH 85 40 JUL 2025 ITI-05,ATP,ATP,2025-2026,2025-07-01,2025-07-31,"{""date_from"":""2025-07-01"",""date_to"":""2025-07-31"",""game_data"":[],""leagues"":[""ATP""],""market_data"":[""candles""],""markets"":[""kalshi""],""seasons"":[""2025-2026""],""sports"":[""ATP""]}",TRADABLE_YES_BID,1_MINUTE_CANDLE,available_at,CROSS,"{""id"":""e1"",""op"":""CROSS"",""price_e4"":7100}",REACH,"{""id"":""win"",""op"":""REACH"",""outcome"":""win"",""price_e4"":8500}",REACH,"{""id"":""loss"",""op"":""REACH"",""outcome"":""loss"",""price_e4"":4000}",HOLD_TO_SETTLEMENT,b530d65b28edd1535a76ec4046e518bc9de0bcfa836596c3227470a9a4d0a869,1.0.0,2026-09-15T01:30:56Z,1.0.0,1.0.0,1.0.0,2026-09-15T01:30:56Z,READY,351,182,139,0.566978,0.433022,1400,3100,0.451613,-501.709402,2d9a4d634a4a5508155a34c9ff097202c0d039e70a9a5b95665317d16af53f70,candle_path_not_fill,UNAVAILABLE,UNAVAILABLE,UNAVAILABLE,NOT_COMPUTABLE,UNAVAILABLE
risk_profile,MONTE_CARLO,base_decomposition,roller_p_used,0.548243,fraction,roller_payoff,superasi_bdebase_v1.1.0,grade_config_v1,2026-09-21T18:16:15Z,55d9a8bdcc4e4d82a222fd1bfb84fdbf,ATP CROSS 65 REACH 85 40 JUL 2025 ITI-05,e5cba21e206a859f465992e9705418339cee20e8e1cab2abbaa6eefe9bdbcbca,1ca7e1b4c022503dc39a4e6c3fd93a68123b280a28d7e3501b8f40d8e70e44fd,544af08020cf5cbc80434291e0f6b64f562c9ed0142f5ef5b1aeb6eaeee949ae,ATP CROSS 65 REACH 85 40 JUL 2025 ITI-05,ATP,ATP,2025-2026,2025-07-01,2025-07-31,"{""date_from"":""2025-07-01"",""date_to"":""2025-07-31"",""game_data"":[],""leagues"":[""ATP""],""market_data"":[""candles""],""markets"":[""kalshi""],""seasons"":[""2025-2026""],""sports"":[""ATP""]}",TRADABLE_YES_BID,1_MINUTE_CANDLE,available_at,CROSS,"{""id"":""e1"",""op"":""CROSS"",""price_e4"":7100}",REACH,"{""id"":""win"",""op"":""REACH"",""outcome"":""win"",""price_e4"":8500}",REACH,"{""id"":""loss"",""op"":""REACH"",""outcome"":""loss"",""price_e4"":4000}",HOLD_TO_SETTLEMENT,b530d65b28edd1535a76ec4046e518bc9de0bcfa836596c3227470a9a4d0a869,1.0.0,2026-09-15T01:30:56Z,1.0.0,1.0.0,1.0.0,2026-09-15T01:30:56Z,READY,351,182,139,0.566978,0.433022,1400,3100,0.451613,-501.709402,2d9a4d634a4a5508155a34c9ff097202c0d039e70a9a5b95665317d16af53f70,candle_path_not_fill,UNAVAILABLE,UNAVAILABLE,UNAVAILABLE,NOT_COMPUTABLE,UNAVAILABLE
meta,THEORETICAL,base_decomposition,bankroll_cents,2000000,usd_cents,desk_settings,superasi_bdebase_v1.1.0,grade_config_v1,2026-09-21T18:16:15Z,55d9a8bdcc4e4d82a222fd1bfb84fdbf,ATP CROSS 65 REACH 85 40 JUL 2025 ITI-05,e5cba21e206a859f465992e9705418339cee20e8e1cab2abbaa6eefe9bdbcbca,1ca7e1b4c022503dc39a4e6c3fd93a68123b280a28d7e3501b8f40d8e70e44fd,544af08020cf5cbc80434291e0f6b64f562c9ed0142f5ef5b1aeb6eaeee949ae,ATP CROSS 65 REACH 85 40 JUL 2025 ITI-05,ATP,ATP,2025-2026,2025-07-01,2025-07-31,"{""date_from"":""2025-07-01"",""date_to"":""2025-07-31"",""game_data"":[],""leagues"":[""ATP""],""market_data"":[""candles""],""markets"":[""kalshi""],""seasons"":[""2025-2026""],""sports"":[""ATP""]}",TRADABLE_YES_BID,1_MINUTE_CANDLE,available_at,CROSS,"{""id"":""e1"",""op"":""CROSS"",""price_e4"":7100}",REACH,"{""id"":""win"",""op"":""REACH"",""outcome"":""win"",""price_e4"":8500}",REACH,"{""id"":""loss"",""op"":""REACH"",""outcome"":""loss"",""price_e4"":4000}",HOLD_TO_SETTLEMENT,b530d65b28edd1535a76ec4046e518bc9de0bcfa836596c3227470a9a4d0a869,1.0.0,2026-09-15T01:30:56Z,1.0.0,1.0.0,1.0.0,2026-09-15T01:30:56Z,READY,351,182,139,0.566978,0.433022,1400,3100,0.451613,-501.709402,2d9a4d634a4a5508155a34c9ff097202c0d039e70a9a5b95665317d16af53f70,candle_path_not_fill,UNAVAILABLE,UNAVAILABLE,UNAVAILABLE,NOT_COMPUTABLE,UNAVAILABLE
meta,THEORETICAL,base_decomposition,allocation_bps,500,bps,desk_settings,superasi_bdebase_v1.1.0,grade_config_v1,2026-09-21T18:16:15Z,55d9a8bdcc4e4d82a222fd1bfb84fdbf,ATP CROSS 65 REACH 85 40 JUL 2025 ITI-05,e5cba21e206a859f465992e9705418339cee20e8e1cab2abbaa6eefe9bdbcbca,1ca7e1b4c022503dc39a4e6c3fd93a68123b280a28d7e3501b8f40d8e70e44fd,544af08020cf5cbc80434291e0f6b64f562c9ed0142f5ef5b1aeb6eaeee949ae,ATP CROSS 65 REACH 85 40 JUL 2025 ITI-05,ATP,ATP,2025-2026,2025-07-01,2025-07-31,"{""date_from"":""2025-07-01"",""date_to"":""2025-07-31"",""game_data"":[],""leagues"":[""ATP""],""market_data"":[""candles""],""markets"":[""kalshi""],""seasons"":[""2025-2026""],""sports"":[""ATP""]}",TRADABLE_YES_BID,1_MINUTE_CANDLE,available_at,CROSS,"{""id"":""e1"",""op"":""CROSS"",""price_e4"":7100}",REACH,"{""id"":""win"",""op"":""REACH"",""outcome"":""win"",""price_e4"":8500}",REACH,"{""id"":""loss"",""op"":""REACH"",""outcome"":""loss"",""price_e4"":4000}",HOLD_TO_SETTLEMENT,b530d65b28edd1535a76ec4046e518bc9de0bcfa836596c3227470a9a4d0a869,1.0.0,2026-09-15T01:30:56Z,1.0.0,1.0.0,1.0.0,2026-09-15T01:30:56Z,READY,351,182,139,0.566978,0.433022,1400,3100,0.451613,-501.709402,2d9a4d634a4a5508155a34c9ff097202c0d039e70a9a5b95665317d16af53f70,candle_path_not_fill,UNAVAILABLE,UNAVAILABLE,UNAVAILABLE,NOT_COMPUTABLE,UNAVAILABLE
meta,THEORETICAL,base_decomposition,floor_cents,1500000,usd_cents,desk_settings,superasi_bdebase_v1.1.0,grade_config_v1,2026-09-21T18:16:15Z,55d9a8bdcc4e4d82a222fd1bfb84fdbf,ATP CROSS 65 REACH 85 40 JUL 2025 ITI-05,e5cba21e206a859f465992e9705418339cee20e8e1cab2abbaa6eefe9bdbcbca,1ca7e1b4c022503dc39a4e6c3fd93a68123b280a28d7e3501b8f40d8e70e44fd,544af08020cf5cbc80434291e0f6b64f562c9ed0142f5ef5b1aeb6eaeee949ae,ATP CROSS 65 REACH 85 40 JUL 2025 ITI-05,ATP,ATP,2025-2026,2025-07-01,2025-07-31,"{""date_from"":""2025-07-01"",""date_to"":""2025-07-31"",""game_data"":[],""leagues"":[""ATP""],""market_data"":[""candles""],""markets"":[""kalshi""],""seasons"":[""2025-2026""],""sports"":[""ATP""]}",TRADABLE_YES_BID,1_MINUTE_CANDLE,available_at,CROSS,"{""id"":""e1"",""op"":""CROSS"",""price_e4"":7100}",REACH,"{""id"":""win"",""op"":""REACH"",""outcome"":""win"",""price_e4"":8500}",REACH,"{""id"":""loss"",""op"":""REACH"",""outcome"":""loss"",""price_e4"":4000}",HOLD_TO_SETTLEMENT,b530d65b28edd1535a76ec4046e518bc9de0bcfa836596c3227470a9a4d0a869,1.0.0,2026-09-15T01:30:56Z,1.0.0,1.0.0,1.0.0,2026-09-15T01:30:56Z,READY,351,182,139,0.566978,0.433022,1400,3100,0.451613,-501.709402,2d9a4d634a4a5508155a34c9ff097202c0d039e70a9a5b95665317d16af53f70,candle_path_not_fill,UNAVAILABLE,UNAVAILABLE,UNAVAILABLE,NOT_COMPUTABLE,UNAVAILABLE
meta,THEORETICAL,base_decomposition,target_cents,3000000,usd_cents,desk_settings,superasi_bdebase_v1.1.0,grade_config_v1,2026-09-21T18:16:15Z,55d9a8bdcc4e4d82a222fd1bfb84fdbf,ATP CROSS 65 REACH 85 40 JUL 2025 ITI-05,e5cba21e206a859f465992e9705418339cee20e8e1cab2abbaa6eefe9bdbcbca,1ca7e1b4c022503dc39a4e6c3fd93a68123b280a28d7e3501b8f40d8e70e44fd,544af08020cf5cbc80434291e0f6b64f562c9ed0142f5ef5b1aeb6eaeee949ae,ATP CROSS 65 REACH 85 40 JUL 2025 ITI-05,ATP,ATP,2025-2026,2025-07-01,2025-07-31,"{""date_from"":""2025-07-01"",""date_to"":""2025-07-31"",""game_data"":[],""leagues"":[""ATP""],""market_data"":[""candles""],""markets"":[""kalshi""],""seasons"":[""2025-2026""],""sports"":[""ATP""]}",TRADABLE_YES_BID,1_MINUTE_CANDLE,available_at,CROSS,"{""id"":""e1"",""op"":""CROSS"",""price_e4"":7100}",REACH,"{""id"":""win"",""op"":""REACH"",""outcome"":""win"",""price_e4"":8500}",REACH,"{""id"":""loss"",""op"":""REACH"",""outcome"":""loss"",""price_e4"":4000}",HOLD_TO_SETTLEMENT,b530d65b28edd1535a76ec4046e518bc9de0bcfa836596c3227470a9a4d0a869,1.0.0,2026-09-15T01:30:56Z,1.0.0,1.0.0,1.0.0,2026-09-15T01:30:56Z,READY,351,182,139,0.566978,0.433022,1400,3100,0.451613,-501.709402,2d9a4d634a4a5508155a34c9ff097202c0d039e70a9a5b95665317d16af53f70,candle_path_not_fill,UNAVAILABLE,UNAVAILABLE,UNAVAILABLE,NOT_COMPUTABLE,UNAVAILABLE
weekly,THEORETICAL,base_decomposition,wins_0,-0.218310,fraction,binomial_roller_payoff,superasi_bdebase_v1.1.0,grade_config_v1,2026-09-21T18:16:15Z,55d9a8bdcc4e4d82a222fd1bfb84fdbf,ATP CROSS 65 REACH 85 40 JUL 2025 ITI-05,e5cba21e206a859f465992e9705418339cee20e8e1cab2abbaa6eefe9bdbcbca,1ca7e1b4c022503dc39a4e6c3fd93a68123b280a28d7e3501b8f40d8e70e44fd,544af08020cf5cbc80434291e0f6b64f562c9ed0142f5ef5b1aeb6eaeee949ae,ATP CROSS 65 REACH 85 40 JUL 2025 ITI-05,ATP,ATP,2025-2026,2025-07-01,2025-07-31,"{""date_from"":""2025-07-01"",""date_to"":""2025-07-31"",""game_data"":[],""leagues"":[""ATP""],""market_data"":[""candles""],""markets"":[""kalshi""],""seasons"":[""2025-2026""],""sports"":[""ATP""]}",TRADABLE_YES_BID,1_MINUTE_CANDLE,available_at,CROSS,"{""id"":""e1"",""op"":""CROSS"",""price_e4"":7100}",REACH,"{""id"":""win"",""op"":""REACH"",""outcome"":""win"",""price_e4"":8500}",REACH,"{""id"":""loss"",""op"":""REACH"",""outcome"":""loss"",""price_e4"":4000}",HOLD_TO_SETTLEMENT,b530d65b28edd1535a76ec4046e518bc9de0bcfa836596c3227470a9a4d0a869,1.0.0,2026-09-15T01:30:56Z,1.0.0,1.0.0,1.0.0,2026-09-15T01:30:56Z,READY,351,182,139,0.566978,0.433022,1400,3100,0.451613,-501.709402,2d9a4d634a4a5508155a34c9ff097202c0d039e70a9a5b95665317d16af53f70,candle_path_not_fill,UNAVAILABLE,UNAVAILABLE,UNAVAILABLE,NOT_COMPUTABLE,UNAVAILABLE
weekly,THEORETICAL,base_decomposition,wins_0_probability,0.000354,fraction,binomial_roller_payoff,superasi_bdebase_v1.1.0,grade_config_v1,2026-09-21T18:16:15Z,55d9a8bdcc4e4d82a222fd1bfb84fdbf,ATP CROSS 65 REACH 85 40 JUL 2025 ITI-05,e5cba21e206a859f465992e9705418339cee20e8e1cab2abbaa6eefe9bdbcbca,1ca7e1b4c022503dc39a4e6c3fd93a68123b280a28d7e3501b8f40d8e70e44fd,544af08020cf5cbc80434291e0f6b64f562c9ed0142f5ef5b1aeb6eaeee949ae,ATP CROSS 65 REACH 85 40 JUL 2025 ITI-05,ATP,ATP,2025-2026,2025-07-01,2025-07-31,"{""date_from"":""2025-07-01"",""date_to"":""2025-07-31"",""game_data"":[],""leagues"":[""ATP""],""market_data"":[""candles""],""markets"":[""kalshi""],""seasons"":[""2025-2026""],""sports"":[""ATP""]}",TRADABLE_YES_BID,1_MINUTE_CANDLE,available_at,CROSS,"{""id"":""e1"",""op"":""CROSS"",""price_e4"":7100}",REACH,"{""id"":""win"",""op"":""REACH"",""outcome"":""win"",""price_e4"":8500}",REACH,"{""id"":""loss"",""op"":""REACH"",""outcome"":""loss"",""price_e4"":4000}",HOLD_TO_SETTLEMENT,b530d65b28edd1535a76ec4046e518bc9de0bcfa836596c3227470a9a4d0a869,1.0.0,2026-09-15T01:30:56Z,1.0.0,1.0.0,1.0.0,2026-09-15T01:30:56Z,READY,351,182,139,0.566978,0.433022,1400,3100,0.451613,-501.709402,2d9a4d634a4a5508155a34c9ff097202c0d039e70a9a5b95665317d16af53f70,candle_path_not_fill,UNAVAILABLE,UNAVAILABLE,UNAVAILABLE,NOT_COMPUTABLE,UNAVAILABLE
weekly,THEORETICAL,base_decomposition,wins_1,-0.186620,fraction,binomial_roller_payoff,superasi_bdebase_v1.1.0,grade_config_v1,2026-09-21T18:16:15Z,55d9a8bdcc4e4d82a222fd1bfb84fdbf,ATP CROSS 65 REACH 85 40 JUL 2025 ITI-05,e5cba21e206a859f465992e9705418339cee20e8e1cab2abbaa6eefe9bdbcbca,1ca7e1b4c022503dc39a4e6c3fd93a68123b280a28d7e3501b8f40d8e70e44fd,544af08020cf5cbc80434291e0f6b64f562c9ed0142f5ef5b1aeb6eaeee949ae,ATP CROSS 65 REACH 85 40 JUL 2025 ITI-05,ATP,ATP,2025-2026,2025-07-01,2025-07-31,"{""date_from"":""2025-07-01"",""date_to"":""2025-07-31"",""game_data"":[],""leagues"":[""ATP""],""market_data"":[""candles""],""markets"":[""kalshi""],""seasons"":[""2025-2026""],""sports"":[""ATP""]}",TRADABLE_YES_BID,1_MINUTE_CANDLE,available_at,CROSS,"{""id"":""e1"",""op"":""CROSS"",""price_e4"":7100}",REACH,"{""id"":""win"",""op"":""REACH"",""outcome"":""win"",""price_e4"":8500}",REACH,"{""id"":""loss"",""op"":""REACH"",""outcome"":""loss"",""price_e4"":4000}",HOLD_TO_SETTLEMENT,b530d65b28edd1535a76ec4046e518bc9de0bcfa836596c3227470a9a4d0a869,1.0.0,2026-09-15T01:30:56Z,1.0.0,1.0.0,1.0.0,2026-09-15T01:30:56Z,READY,351,182,139,0.566978,0.433022,1400,3100,0.451613,-501.709402,2d9a4d634a4a5508155a34c9ff097202c0d039e70a9a5b95665317d16af53f70,candle_path_not_fill,UNAVAILABLE,UNAVAILABLE,UNAVAILABLE,NOT_COMPUTABLE,UNAVAILABLE
weekly,THEORETICAL,base_decomposition,wins_1_probability,0.004297,fraction,binomial_roller_payoff,superasi_bdebase_v1.1.0,grade_config_v1,2026-09-21T18:16:15Z,55d9a8bdcc4e4d82a222fd1bfb84fdbf,ATP CROSS 65 REACH 85 40 JUL 2025 ITI-05,e5cba21e206a859f465992e9705418339cee20e8e1cab2abbaa6eefe9bdbcbca,1ca7e1b4c022503dc39a4e6c3fd93a68123b280a28d7e3501b8f40d8e70e44fd,544af08020cf5cbc80434291e0f6b64f562c9ed0142f5ef5b1aeb6eaeee949ae,ATP CROSS 65 REACH 85 40 JUL 2025 ITI-05,ATP,ATP,2025-2026,2025-07-01,2025-07-31,"{""date_from"":""2025-07-01"",""date_to"":""2025-07-31"",""game_data"":[],""leagues"":[""ATP""],""market_data"":[""candles""],""markets"":[""kalshi""],""seasons"":[""2025-2026""],""sports"":[""ATP""]}",TRADABLE_YES_BID,1_MINUTE_CANDLE,available_at,CROSS,"{""id"":""e1"",""op"":""CROSS"",""price_e4"":7100}",REACH,"{""id"":""win"",""op"":""REACH"",""outcome"":""win"",""price_e4"":8500}",REACH,"{""id"":""loss"",""op"":""REACH"",""outcome"":""loss"",""price_e4"":4000}",HOLD_TO_SETTLEMENT,b530d65b28edd1535a76ec4046e518bc9de0bcfa836596c3227470a9a4d0a869,1.0.0,2026-09-15T01:30:56Z,1.0.0,1.0.0,1.0.0,2026-09-15T01:30:56Z,READY,351,182,139,0.566978,0.433022,1400,3100,0.451613,-501.709402,2d9a4d634a4a5508155a34c9ff097202c0d039e70a9a5b95665317d16af53f70,candle_path_not_fill,UNAVAILABLE,UNAVAILABLE,UNAVAILABLE,NOT_COMPUTABLE,UNAVAILABLE
weekly,THEORETICAL,base_decomposition,wins_2,-0.154930,fraction,binomial_roller_payoff,superasi_bdebase_v1.1.0,grade_config_v1,2026-09-21T18:16:15Z,55d9a8bdcc4e4d82a222fd1bfb84fdbf,ATP CROSS 65 REACH 85 40 JUL 2025 ITI-05,e5cba21e206a859f465992e9705418339cee20e8e1cab2abbaa6eefe9bdbcbca,1ca7e1b4c022503dc39a4e6c3fd93a68123b280a28d7e3501b8f40d8e70e44fd,544af08020cf5cbc80434291e0f6b64f562c9ed0142f5ef5b1aeb6eaeee949ae,ATP CROSS 65 REACH 85 40 JUL 2025 ITI-05,ATP,ATP,2025-2026,2025-07-01,2025-07-31,"{""date_from"":""2025-07-01"",""date_to"":""2025-07-31"",""game_data"":[],""leagues"":[""ATP""],""market_data"":[""candles""],""markets"":[""kalshi""],""seasons"":[""2025-2026""],""sports"":[""ATP""]}",TRADABLE_YES_BID,1_MINUTE_CANDLE,available_at,CROSS,"{""id"":""e1"",""op"":""CROSS"",""price_e4"":7100}",REACH,"{""id"":""win"",""op"":""REACH"",""outcome"":""win"",""price_e4"":8500}",REACH,"{""id"":""loss"",""op"":""REACH"",""outcome"":""loss"",""price_e4"":4000}",HOLD_TO_SETTLEMENT,b530d65b28edd1535a76ec4046e518bc9de0bcfa836596c3227470a9a4d0a869,1.0.0,2026-09-15T01:30:56Z,1.0.0,1.0.0,1.0.0,2026-09-15T01:30:56Z,READY,351,182,139,0.566978,0.433022,1400,3100,0.451613,-501.709402,2d9a4d634a4a5508155a34c9ff097202c0d039e70a9a5b95665317d16af53f70,candle_path_not_fill,UNAVAILABLE,UNAVAILABLE,UNAVAILABLE,NOT_COMPUTABLE,UNAVAILABLE
weekly,THEORETICAL,base_decomposition,wins_2_probability,0.023464,fraction,binomial_roller_payoff,superasi_bdebase_v1.1.0,grade_config_v1,2026-09-21T18:16:15Z,55d9a8bdcc4e4d82a222fd1bfb84fdbf,ATP CROSS 65 REACH 85 40 JUL 2025 ITI-05,e5cba21e206a859f465992e9705418339cee20e8e1cab2abbaa6eefe9bdbcbca,1ca7e1b4c022503dc39a4e6c3fd93a68123b280a28d7e3501b8f40d8e70e44fd,544af08020cf5cbc80434291e0f6b64f562c9ed0142f5ef5b1aeb6eaeee949ae,ATP CROSS 65 REACH 85 40 JUL 2025 ITI-05,ATP,ATP,2025-2026,2025-07-01,2025-07-31,"{""date_from"":""2025-07-01"",""date_to"":""2025-07-31"",""game_data"":[],""leagues"":[""ATP""],""market_data"":[""candles""],""markets"":[""kalshi""],""seasons"":[""2025-2026""],""sports"":[""ATP""]}",TRADABLE_YES_BID,1_MINUTE_CANDLE,available_at,CROSS,"{""id"":""e1"",""op"":""CROSS"",""price_e4"":7100}",REACH,"{""id"":""win"",""op"":""REACH"",""outcome"":""win"",""price_e4"":8500}",REACH,"{""id"":""loss"",""op"":""REACH"",""outcome"":""loss"",""price_e4"":4000}",HOLD_TO_SETTLEMENT,b530d65b28edd1535a76ec4046e518bc9de0bcfa836596c3227470a9a4d0a869,1.0.0,2026-09-15T01:30:56Z,1.0.0,1.0.0,1.0.0,2026-09-15T01:30:56Z,READY,351,182,139,0.566978,0.433022,1400,3100,0.451613,-501.709402,2d9a4d634a4a5508155a34c9ff097202c0d039e70a9a5b95665317d16af53f70,candle_path_not_fill,UNAVAILABLE,UNAVAILABLE,UNAVAILABLE,NOT_COMPUTABLE,UNAVAILABLE
weekly,THEORETICAL,base_decomposition,wins_3,-0.123239,fraction,binomial_roller_payoff,superasi_bdebase_v1.1.0,grade_config_v1,2026-09-21T18:16:15Z,55d9a8bdcc4e4d82a222fd1bfb84fdbf,ATP CROSS 65 REACH 85 40 JUL 2025 ITI-05,e5cba21e206a859f465992e9705418339cee20e8e1cab2abbaa6eefe9bdbcbca,1ca7e1b4c022503dc39a4e6c3fd93a68123b280a28d7e3501b8f40d8e70e44fd,544af08020cf5cbc80434291e0f6b64f562c9ed0142f5ef5b1aeb6eaeee949ae,ATP CROSS 65 REACH 85 40 JUL 2025 ITI-05,ATP,ATP,2025-2026,2025-07-01,2025-07-31,"{""date_from"":""2025-07-01"",""date_to"":""2025-07-31"",""game_data"":[],""leagues"":[""ATP""],""market_data"":[""candles""],""markets"":[""kalshi""],""seasons"":[""2025-2026""],""sports"":[""ATP""]}",TRADABLE_YES_BID,1_MINUTE_CANDLE,available_at,CROSS,"{""id"":""e1"",""op"":""CROSS"",""price_e4"":7100}",REACH,"{""id"":""win"",""op"":""REACH"",""outcome"":""win"",""price_e4"":8500}",REACH,"{""id"":""loss"",""op"":""REACH"",""outcome"":""loss"",""price_e4"":4000}",HOLD_TO_SETTLEMENT,b530d65b28edd1535a76ec4046e518bc9de0bcfa836596c3227470a9a4d0a869,1.0.0,2026-09-15T01:30:56Z,1.0.0,1.0.0,1.0.0,2026-09-15T01:30:56Z,READY,351,182,139,0.566978,0.433022,1400,3100,0.451613,-501.709402,2d9a4d634a4a5508155a34c9ff097202c0d039e70a9a5b95665317d16af53f70,candle_path_not_fill,UNAVAILABLE,UNAVAILABLE,UNAVAILABLE,NOT_COMPUTABLE,UNAVAILABLE
weekly,THEORETICAL,base_decomposition,wins_3_probability,0.075934,fraction,binomial_roller_payoff,superasi_bdebase_v1.1.0,grade_config_v1,2026-09-21T18:16:15Z,55d9a8bdcc4e4d82a222fd1bfb84fdbf,ATP CROSS 65 REACH 85 40 JUL 2025 ITI-05,e5cba21e206a859f465992e9705418339cee20e8e1cab2abbaa6eefe9bdbcbca,1ca7e1b4c022503dc39a4e6c3fd93a68123b280a28d7e3501b8f40d8e70e44fd,544af08020cf5cbc80434291e0f6b64f562c9ed0142f5ef5b1aeb6eaeee949ae,ATP CROSS 65 REACH 85 40 JUL 2025 ITI-05,ATP,ATP,2025-2026,2025-07-01,2025-07-31,"{""date_from"":""2025-07-01"",""date_to"":""2025-07-31"",""game_data"":[],""leagues"":[""ATP""],""market_data"":[""candles""],""markets"":[""kalshi""],""seasons"":[""2025-2026""],""sports"":[""ATP""]}",TRADABLE_YES_BID,1_MINUTE_CANDLE,available_at,CROSS,"{""id"":""e1"",""op"":""CROSS"",""price_e4"":7100}",REACH,"{""id"":""win"",""op"":""REACH"",""outcome"":""win"",""price_e4"":8500}",REACH,"{""id"":""loss"",""op"":""REACH"",""outcome"":""loss"",""price_e4"":4000}",HOLD_TO_SETTLEMENT,b530d65b28edd1535a76ec4046e518bc9de0bcfa836596c3227470a9a4d0a869,1.0.0,2026-09-15T01:30:56Z,1.0.0,1.0.0,1.0.0,2026-09-15T01:30:56Z,READY,351,182,139,0.566978,0.433022,1400,3100,0.451613,-501.709402,2d9a4d634a4a5508155a34c9ff097202c0d039e70a9a5b95665317d16af53f70,candle_path_not_fill,UNAVAILABLE,UNAVAILABLE,UNAVAILABLE,NOT_COMPUTABLE,UNAVAILABLE
weekly,THEORETICAL,base_decomposition,wins_4,-0.091549,fraction,binomial_roller_payoff,superasi_bdebase_v1.1.0,grade_config_v1,2026-09-21T18:16:15Z,55d9a8bdcc4e4d82a222fd1bfb84fdbf,ATP CROSS 65 REACH 85 40 JUL 2025 ITI-05,e5cba21e206a859f465992e9705418339cee20e8e1cab2abbaa6eefe9bdbcbca,1ca7e1b4c022503dc39a4e6c3fd93a68123b280a28d7e3501b8f40d8e70e44fd,544af08020cf5cbc80434291e0f6b64f562c9ed0142f5ef5b1aeb6eaeee949ae,ATP CROSS 65 REACH 85 40 JUL 2025 ITI-05,ATP,ATP,2025-2026,2025-07-01,2025-07-31,"{""date_from"":""2025-07-01"",""date_to"":""2025-07-31"",""game_data"":[],""leagues"":[""ATP""],""market_data"":[""candles""],""markets"":[""kalshi""],""seasons"":[""2025-2026""],""sports"":[""ATP""]}",TRADABLE_YES_BID,1_MINUTE_CANDLE,available_at,CROSS,"{""id"":""e1"",""op"":""CROSS"",""price_e4"":7100}",REACH,"{""id"":""win"",""op"":""REACH"",""outcome"":""win"",""price_e4"":8500}",REACH,"{""id"":""loss"",""op"":""REACH"",""outcome"":""loss"",""price_e4"":4000}",HOLD_TO_SETTLEMENT,b530d65b28edd1535a76ec4046e518bc9de0bcfa836596c3227470a9a4d0a869,1.0.0,2026-09-15T01:30:56Z,1.0.0,1.0.0,1.0.0,2026-09-15T01:30:56Z,READY,351,182,139,0.566978,0.433022,1400,3100,0.451613,-501.709402,2d9a4d634a4a5508155a34c9ff097202c0d039e70a9a5b95665317d16af53f70,candle_path_not_fill,UNAVAILABLE,UNAVAILABLE,UNAVAILABLE,NOT_COMPUTABLE,UNAVAILABLE
weekly,THEORETICAL,base_decomposition,wins_4_probability,0.161265,fraction,binomial_roller_payoff,superasi_bdebase_v1.1.0,grade_config_v1,2026-09-21T18:16:15Z,55d9a8bdcc4e4d82a222fd1bfb84fdbf,ATP CROSS 65 REACH 85 40 JUL 2025 ITI-05,e5cba21e206a859f465992e9705418339cee20e8e1cab2abbaa6eefe9bdbcbca,1ca7e1b4c022503dc39a4e6c3fd93a68123b280a28d7e3501b8f40d8e70e44fd,544af08020cf5cbc80434291e0f6b64f562c9ed0142f5ef5b1aeb6eaeee949ae,ATP CROSS 65 REACH 85 40 JUL 2025 ITI-05,ATP,ATP,2025-2026,2025-07-01,2025-07-31,"{""date_from"":""2025-07-01"",""date_to"":""2025-07-31"",""game_data"":[],""leagues"":[""ATP""],""market_data"":[""candles""],""markets"":[""kalshi""],""seasons"":[""2025-2026""],""sports"":[""ATP""]}",TRADABLE_YES_BID,1_MINUTE_CANDLE,available_at,CROSS,"{""id"":""e1"",""op"":""CROSS"",""price_e4"":7100}",REACH,"{""id"":""win"",""op"":""REACH"",""outcome"":""win"",""price_e4"":8500}",REACH,"{""id"":""loss"",""op"":""REACH"",""outcome"":""loss"",""price_e4"":4000}",HOLD_TO_SETTLEMENT,b530d65b28edd1535a76ec4046e518bc9de0bcfa836596c3227470a9a4d0a869,1.0.0,2026-09-15T01:30:56Z,1.0.0,1.0.0,1.0.0,2026-09-15T01:30:56Z,READY,351,182,139,0.566978,0.433022,1400,3100,0.451613,-501.709402,2d9a4d634a4a5508155a34c9ff097202c0d039e70a9a5b95665317d16af53f70,candle_path_not_fill,UNAVAILABLE,UNAVAILABLE,UNAVAILABLE,NOT_COMPUTABLE,UNAVAILABLE
weekly,THEORETICAL,base_decomposition,wins_5,-0.059859,fraction,binomial_roller_payoff,superasi_bdebase_v1.1.0,grade_config_v1,2026-09-21T18:16:15Z,55d9a8bdcc4e4d82a222fd1bfb84fdbf,ATP CROSS 65 REACH 85 40 JUL 2025 ITI-05,e5cba21e206a859f465992e9705418339cee20e8e1cab2abbaa6eefe9bdbcbca,1ca7e1b4c022503dc39a4e6c3fd93a68123b280a28d7e3501b8f40d8e70e44fd,544af08020cf5cbc80434291e0f6b64f562c9ed0142f5ef5b1aeb6eaeee949ae,ATP CROSS 65 REACH 85 40 JUL 2025 ITI-05,ATP,ATP,2025-2026,2025-07-01,2025-07-31,"{""date_from"":""2025-07-01"",""date_to"":""2025-07-31"",""game_data"":[],""leagues"":[""ATP""],""market_data"":[""candles""],""markets"":[""kalshi""],""seasons"":[""2025-2026""],""sports"":[""ATP""]}",TRADABLE_YES_BID,1_MINUTE_CANDLE,available_at,CROSS,"{""id"":""e1"",""op"":""CROSS"",""price_e4"":7100}",REACH,"{""id"":""win"",""op"":""REACH"",""outcome"":""win"",""price_e4"":8500}",REACH,"{""id"":""loss"",""op"":""REACH"",""outcome"":""loss"",""price_e4"":4000}",HOLD_TO_SETTLEMENT,b530d65b28edd1535a76ec4046e518bc9de0bcfa836596c3227470a9a4d0a869,1.0.0,2026-09-15T01:30:56Z,1.0.0,1.0.0,1.0.0,2026-09-15T01:30:56Z,READY,351,182,139,0.566978,0.433022,1400,3100,0.451613,-501.709402,2d9a4d634a4a5508155a34c9ff097202c0d039e70a9a5b95665317d16af53f70,candle_path_not_fill,UNAVAILABLE,UNAVAILABLE,UNAVAILABLE,NOT_COMPUTABLE,UNAVAILABLE
weekly,THEORETICAL,base_decomposition,wins_5_probability,0.234850,fraction,binomial_roller_payoff,superasi_bdebase_v1.1.0,grade_config_v1,2026-09-21T18:16:15Z,55d9a8bdcc4e4d82a222fd1bfb84fdbf,ATP CROSS 65 REACH 85 40 JUL 2025 ITI-05,e5cba21e206a859f465992e9705418339cee20e8e1cab2abbaa6eefe9bdbcbca,1ca7e1b4c022503dc39a4e6c3fd93a68123b280a28d7e3501b8f40d8e70e44fd,544af08020cf5cbc80434291e0f6b64f562c9ed0142f5ef5b1aeb6eaeee949ae,ATP CROSS 65 REACH 85 40 JUL 2025 ITI-05,ATP,ATP,2025-2026,2025-07-01,2025-07-31,"{""date_from"":""2025-07-01"",""date_to"":""2025-07-31"",""game_data"":[],""leagues"":[""ATP""],""market_data"":[""candles""],""markets"":[""kalshi""],""seasons"":[""2025-2026""],""sports"":[""ATP""]}",TRADABLE_YES_BID,1_MINUTE_CANDLE,available_at,CROSS,"{""id"":""e1"",""op"":""CROSS"",""price_e4"":7100}",REACH,"{""id"":""win"",""op"":""REACH"",""outcome"":""win"",""price_e4"":8500}",REACH,"{""id"":""loss"",""op"":""REACH"",""outcome"":""loss"",""price_e4"":4000}",HOLD_TO_SETTLEMENT,b530d65b28edd1535a76ec4046e518bc9de0bcfa836596c3227470a9a4d0a869,1.0.0,2026-09-15T01:30:56Z,1.0.0,1.0.0,1.0.0,2026-09-15T01:30:56Z,READY,351,182,139,0.566978,0.433022,1400,3100,0.451613,-501.709402,2d9a4d634a4a5508155a34c9ff097202c0d039e70a9a5b95665317d16af53f70,candle_path_not_fill,UNAVAILABLE,UNAVAILABLE,UNAVAILABLE,NOT_COMPUTABLE,UNAVAILABLE
weekly,THEORETICAL,base_decomposition,wins_6,-0.028169,fraction,binomial_roller_payoff,superasi_bdebase_v1.1.0,grade_config_v1,2026-09-21T18:16:15Z,55d9a8bdcc4e4d82a222fd1bfb84fdbf,ATP CROSS 65 REACH 85 40 JUL 2025 ITI-05,e5cba21e206a859f465992e9705418339cee20e8e1cab2abbaa6eefe9bdbcbca,1ca7e1b4c022503dc39a4e6c3fd93a68123b280a28d7e3501b8f40d8e70e44fd,544af08020cf5cbc80434291e0f6b64f562c9ed0142f5ef5b1aeb6eaeee949ae,ATP CROSS 65 REACH 85 40 JUL 2025 ITI-05,ATP,ATP,2025-2026,2025-07-01,2025-07-31,"{""date_from"":""2025-07-01"",""date_to"":""2025-07-31"",""game_data"":[],""leagues"":[""ATP""],""market_data"":[""candles""],""markets"":[""kalshi""],""seasons"":[""2025-2026""],""sports"":[""ATP""]}",TRADABLE_YES_BID,1_MINUTE_CANDLE,available_at,CROSS,"{""id"":""e1"",""op"":""CROSS"",""price_e4"":7100}",REACH,"{""id"":""win"",""op"":""REACH"",""outcome"":""win"",""price_e4"":8500}",REACH,"{""id"":""loss"",""op"":""REACH"",""outcome"":""loss"",""price_e4"":4000}",HOLD_TO_SETTLEMENT,b530d65b28edd1535a76ec4046e518bc9de0bcfa836596c3227470a9a4d0a869,1.0.0,2026-09-15T01:30:56Z,1.0.0,1.0.0,1.0.0,2026-09-15T01:30:56Z,READY,351,182,139,0.566978,0.433022,1400,3100,0.451613,-501.709402,2d9a4d634a4a5508155a34c9ff097202c0d039e70a9a5b95665317d16af53f70,candle_path_not_fill,UNAVAILABLE,UNAVAILABLE,UNAVAILABLE,NOT_COMPUTABLE,UNAVAILABLE
weekly,THEORETICAL,base_decomposition,wins_6_probability,0.237507,fraction,binomial_roller_payoff,superasi_bdebase_v1.1.0,grade_config_v1,2026-09-21T18:16:15Z,55d9a8bdcc4e4d82a222fd1bfb84fdbf,ATP CROSS 65 REACH 85 40 JUL 2025 ITI-05,e5cba21e206a859f465992e9705418339cee20e8e1cab2abbaa6eefe9bdbcbca,1ca7e1b4c022503dc39a4e6c3fd93a68123b280a28d7e3501b8f40d8e70e44fd,544af08020cf5cbc80434291e0f6b64f562c9ed0142f5ef5b1aeb6eaeee949ae,ATP CROSS 65 REACH 85 40 JUL 2025 ITI-05,ATP,ATP,2025-2026,2025-07-01,2025-07-31,"{""date_from"":""2025-07-01"",""date_to"":""2025-07-31"",""game_data"":[],""leagues"":[""ATP""],""market_data"":[""candles""],""markets"":[""kalshi""],""seasons"":[""2025-2026""],""sports"":[""ATP""]}",TRADABLE_YES_BID,1_MINUTE_CANDLE,available_at,CROSS,"{""id"":""e1"",""op"":""CROSS"",""price_e4"":7100}",REACH,"{""id"":""win"",""op"":""REACH"",""outcome"":""win"",""price_e4"":8500}",REACH,"{""id"":""loss"",""op"":""REACH"",""outcome"":""loss"",""price_e4"":4000}",HOLD_TO_SETTLEMENT,b530d65b28edd1535a76ec4046e518bc9de0bcfa836596c3227470a9a4d0a869,1.0.0,2026-09-15T01:30:56Z,1.0.0,1.0.0,1.0.0,2026-09-15T01:30:56Z,READY,351,182,139,0.566978,0.433022,1400,3100,0.451613,-501.709402,2d9a4d634a4a5508155a34c9ff097202c0d039e70a9a5b95665317d16af53f70,candle_path_not_fill,UNAVAILABLE,UNAVAILABLE,UNAVAILABLE,NOT_COMPUTABLE,UNAVAILABLE
weekly,THEORETICAL,base_decomposition,wins_7,0.003521,fraction,binomial_roller_payoff,superasi_bdebase_v1.1.0,grade_config_v1,2026-09-21T18:16:15Z,55d9a8bdcc4e4d82a222fd1bfb84fdbf,ATP CROSS 65 REACH 85 40 JUL 2025 ITI-05,e5cba21e206a859f465992e9705418339cee20e8e1cab2abbaa6eefe9bdbcbca,1ca7e1b4c022503dc39a4e6c3fd93a68123b280a28d7e3501b8f40d8e70e44fd,544af08020cf5cbc80434291e0f6b64f562c9ed0142f5ef5b1aeb6eaeee949ae,ATP CROSS 65 REACH 85 40 JUL 2025 ITI-05,ATP,ATP,2025-2026,2025-07-01,2025-07-31,"{""date_from"":""2025-07-01"",""date_to"":""2025-07-31"",""game_data"":[],""leagues"":[""ATP""],""market_data"":[""candles""],""markets"":[""kalshi""],""seasons"":[""2025-2026""],""sports"":[""ATP""]}",TRADABLE_YES_BID,1_MINUTE_CANDLE,available_at,CROSS,"{""id"":""e1"",""op"":""CROSS"",""price_e4"":7100}",REACH,"{""id"":""win"",""op"":""REACH"",""outcome"":""win"",""price_e4"":8500}",REACH,"{""id"":""loss"",""op"":""REACH"",""outcome"":""loss"",""price_e4"":4000}",HOLD_TO_SETTLEMENT,b530d65b28edd1535a76ec4046e518bc9de0bcfa836596c3227470a9a4d0a869,1.0.0,2026-09-15T01:30:56Z,1.0.0,1.0.0,1.0.0,2026-09-15T01:30:56Z,READY,351,182,139,0.566978,0.433022,1400,3100,0.451613,-501.709402,2d9a4d634a4a5508155a34c9ff097202c0d039e70a9a5b95665317d16af53f70,candle_path_not_fill,UNAVAILABLE,UNAVAILABLE,UNAVAILABLE,NOT_COMPUTABLE,UNAVAILABLE
weekly,THEORETICAL,base_decomposition,wins_7_probability,0.164705,fraction,binomial_roller_payoff,superasi_bdebase_v1.1.0,grade_config_v1,2026-09-21T18:16:15Z,55d9a8bdcc4e4d82a222fd1bfb84fdbf,ATP CROSS 65 REACH 85 40 JUL 2025 ITI-05,e5cba21e206a859f465992e9705418339cee20e8e1cab2abbaa6eefe9bdbcbca,1ca7e1b4c022503dc39a4e6c3fd93a68123b280a28d7e3501b8f40d8e70e44fd,544af08020cf5cbc80434291e0f6b64f562c9ed0142f5ef5b1aeb6eaeee949ae,ATP CROSS 65 REACH 85 40 JUL 2025 ITI-05,ATP,ATP,2025-2026,2025-07-01,2025-07-31,"{""date_from"":""2025-07-01"",""date_to"":""2025-07-31"",""game_data"":[],""leagues"":[""ATP""],""market_data"":[""candles""],""markets"":[""kalshi""],""seasons"":[""2025-2026""],""sports"":[""ATP""]}",TRADABLE_YES_BID,1_MINUTE_CANDLE,available_at,CROSS,"{""id"":""e1"",""op"":""CROSS"",""price_e4"":7100}",REACH,"{""id"":""win"",""op"":""REACH"",""outcome"":""win"",""price_e4"":8500}",REACH,"{""id"":""loss"",""op"":""REACH"",""outcome"":""loss"",""price_e4"":4000}",HOLD_TO_SETTLEMENT,b530d65b28edd1535a76ec4046e518bc9de0bcfa836596c3227470a9a4d0a869,1.0.0,2026-09-15T01:30:56Z,1.0.0,1.0.0,1.0.0,2026-09-15T01:30:56Z,READY,351,182,139,0.566978,0.433022,1400,3100,0.451613,-501.709402,2d9a4d634a4a5508155a34c9ff097202c0d039e70a9a5b95665317d16af53f70,candle_path_not_fill,UNAVAILABLE,UNAVAILABLE,UNAVAILABLE,NOT_COMPUTABLE,UNAVAILABLE
weekly,THEORETICAL,base_decomposition,wins_8,0.035211,fraction,binomial_roller_payoff,superasi_bdebase_v1.1.0,grade_config_v1,2026-09-21T18:16:15Z,55d9a8bdcc4e4d82a222fd1bfb84fdbf,ATP CROSS 65 REACH 85 40 JUL 2025 ITI-05,e5cba21e206a859f465992e9705418339cee20e8e1cab2abbaa6eefe9bdbcbca,1ca7e1b4c022503dc39a4e6c3fd93a68123b280a28d7e3501b8f40d8e70e44fd,544af08020cf5cbc80434291e0f6b64f562c9ed0142f5ef5b1aeb6eaeee949ae,ATP CROSS 65 REACH 85 40 JUL 2025 ITI-05,ATP,ATP,2025-2026,2025-07-01,2025-07-31,"{""date_from"":""2025-07-01"",""date_to"":""2025-07-31"",""game_data"":[],""leagues"":[""ATP""],""market_data"":[""candles""],""markets"":[""kalshi""],""seasons"":[""2025-2026""],""sports"":[""ATP""]}",TRADABLE_YES_BID,1_MINUTE_CANDLE,available_at,CROSS,"{""id"":""e1"",""op"":""CROSS"",""price_e4"":7100}",REACH,"{""id"":""win"",""op"":""REACH"",""outcome"":""win"",""price_e4"":8500}",REACH,"{""id"":""loss"",""op"":""REACH"",""outcome"":""loss"",""price_e4"":4000}",HOLD_TO_SETTLEMENT,b530d65b28edd1535a76ec4046e518bc9de0bcfa836596c3227470a9a4d0a869,1.0.0,2026-09-15T01:30:56Z,1.0.0,1.0.0,1.0.0,2026-09-15T01:30:56Z,READY,351,182,139,0.566978,0.433022,1400,3100,0.451613,-501.709402,2d9a4d634a4a5508155a34c9ff097202c0d039e70a9a5b95665317d16af53f70,candle_path_not_fill,UNAVAILABLE,UNAVAILABLE,UNAVAILABLE,NOT_COMPUTABLE,UNAVAILABLE
weekly,THEORETICAL,base_decomposition,wins_8_probability,0.074956,fraction,binomial_roller_payoff,superasi_bdebase_v1.1.0,grade_config_v1,2026-09-21T18:16:15Z,55d9a8bdcc4e4d82a222fd1bfb84fdbf,ATP CROSS 65 REACH 85 40 JUL 2025 ITI-05,e5cba21e206a859f465992e9705418339cee20e8e1cab2abbaa6eefe9bdbcbca,1ca7e1b4c022503dc39a4e6c3fd93a68123b280a28d7e3501b8f40d8e70e44fd,544af08020cf5cbc80434291e0f6b64f562c9ed0142f5ef5b1aeb6eaeee949ae,ATP CROSS 65 REACH 85 40 JUL 2025 ITI-05,ATP,ATP,2025-2026,2025-07-01,2025-07-31,"{""date_from"":""2025-07-01"",""date_to"":""2025-07-31"",""game_data"":[],""leagues"":[""ATP""],""market_data"":[""candles""],""markets"":[""kalshi""],""seasons"":[""2025-2026""],""sports"":[""ATP""]}",TRADABLE_YES_BID,1_MINUTE_CANDLE,available_at,CROSS,"{""id"":""e1"",""op"":""CROSS"",""price_e4"":7100}",REACH,"{""id"":""win"",""op"":""REACH"",""outcome"":""win"",""price_e4"":8500}",REACH,"{""id"":""loss"",""op"":""REACH"",""outcome"":""loss"",""price_e4"":4000}",HOLD_TO_SETTLEMENT,b530d65b28edd1535a76ec4046e518bc9de0bcfa836596c3227470a9a4d0a869,1.0.0,2026-09-15T01:30:56Z,1.0.0,1.0.0,1.0.0,2026-09-15T01:30:56Z,READY,351,182,139,0.566978,0.433022,1400,3100,0.451613,-501.709402,2d9a4d634a4a5508155a34c9ff097202c0d039e70a9a5b95665317d16af53f70,candle_path_not_fill,UNAVAILABLE,UNAVAILABLE,UNAVAILABLE,NOT_COMPUTABLE,UNAVAILABLE
weekly,THEORETICAL,base_decomposition,wins_9,0.066901,fraction,binomial_roller_payoff,superasi_bdebase_v1.1.0,grade_config_v1,2026-09-21T18:16:15Z,55d9a8bdcc4e4d82a222fd1bfb84fdbf,ATP CROSS 65 REACH 85 40 JUL 2025 ITI-05,e5cba21e206a859f465992e9705418339cee20e8e1cab2abbaa6eefe9bdbcbca,1ca7e1b4c022503dc39a4e6c3fd93a68123b280a28d7e3501b8f40d8e70e44fd,544af08020cf5cbc80434291e0f6b64f562c9ed0142f5ef5b1aeb6eaeee949ae,ATP CROSS 65 REACH 85 40 JUL 2025 ITI-05,ATP,ATP,2025-2026,2025-07-01,2025-07-31,"{""date_from"":""2025-07-01"",""date_to"":""2025-07-31"",""game_data"":[],""leagues"":[""ATP""],""market_data"":[""candles""],""markets"":[""kalshi""],""seasons"":[""2025-2026""],""sports"":[""ATP""]}",TRADABLE_YES_BID,1_MINUTE_CANDLE,available_at,CROSS,"{""id"":""e1"",""op"":""CROSS"",""price_e4"":7100}",REACH,"{""id"":""win"",""op"":""REACH"",""outcome"":""win"",""price_e4"":8500}",REACH,"{""id"":""loss"",""op"":""REACH"",""outcome"":""loss"",""price_e4"":4000}",HOLD_TO_SETTLEMENT,b530d65b28edd1535a76ec4046e518bc9de0bcfa836596c3227470a9a4d0a869,1.0.0,2026-09-15T01:30:56Z,1.0.0,1.0.0,1.0.0,2026-09-15T01:30:56Z,READY,351,182,139,0.566978,0.433022,1400,3100,0.451613,-501.709402,2d9a4d634a4a5508155a34c9ff097202c0d039e70a9a5b95665317d16af53f70,candle_path_not_fill,UNAVAILABLE,UNAVAILABLE,UNAVAILABLE,NOT_COMPUTABLE,UNAVAILABLE
weekly,THEORETICAL,base_decomposition,wins_9_probability,0.020214,fraction,binomial_roller_payoff,superasi_bdebase_v1.1.0,grade_config_v1,2026-09-21T18:16:15Z,55d9a8bdcc4e4d82a222fd1bfb84fdbf,ATP CROSS 65 REACH 85 40 JUL 2025 ITI-05,e5cba21e206a859f465992e9705418339cee20e8e1cab2abbaa6eefe9bdbcbca,1ca7e1b4c022503dc39a4e6c3fd93a68123b280a28d7e3501b8f40d8e70e44fd,544af08020cf5cbc80434291e0f6b64f562c9ed0142f5ef5b1aeb6eaeee949ae,ATP CROSS 65 REACH 85 40 JUL 2025 ITI-05,ATP,ATP,2025-2026,2025-07-01,2025-07-31,"{""date_from"":""2025-07-01"",""date_to"":""2025-07-31"",""game_data"":[],""leagues"":[""ATP""],""market_data"":[""candles""],""markets"":[""kalshi""],""seasons"":[""2025-2026""],""sports"":[""ATP""]}",TRADABLE_YES_BID,1_MINUTE_CANDLE,available_at,CROSS,"{""id"":""e1"",""op"":""CROSS"",""price_e4"":7100}",REACH,"{""id"":""win"",""op"":""REACH"",""outcome"":""win"",""price_e4"":8500}",REACH,"{""id"":""loss"",""op"":""REACH"",""outcome"":""loss"",""price_e4"":4000}",HOLD_TO_SETTLEMENT,b530d65b28edd1535a76ec4046e518bc9de0bcfa836596c3227470a9a4d0a869,1.0.0,2026-09-15T01:30:56Z,1.0.0,1.0.0,1.0.0,2026-09-15T01:30:56Z,READY,351,182,139,0.566978,0.433022,1400,3100,0.451613,-501.709402,2d9a4d634a4a5508155a34c9ff097202c0d039e70a9a5b95665317d16af53f70,candle_path_not_fill,UNAVAILABLE,UNAVAILABLE,UNAVAILABLE,NOT_COMPUTABLE,UNAVAILABLE
weekly,THEORETICAL,base_decomposition,wins_10,0.098592,fraction,binomial_roller_payoff,superasi_bdebase_v1.1.0,grade_config_v1,2026-09-21T18:16:15Z,55d9a8bdcc4e4d82a222fd1bfb84fdbf,ATP CROSS 65 REACH 85 40 JUL 2025 ITI-05,e5cba21e206a859f465992e9705418339cee20e8e1cab2abbaa6eefe9bdbcbca,1ca7e1b4c022503dc39a4e6c3fd93a68123b280a28d7e3501b8f40d8e70e44fd,544af08020cf5cbc80434291e0f6b64f562c9ed0142f5ef5b1aeb6eaeee949ae,ATP CROSS 65 REACH 85 40 JUL 2025 ITI-05,ATP,ATP,2025-2026,2025-07-01,2025-07-31,"{""date_from"":""2025-07-01"",""date_to"":""2025-07-31"",""game_data"":[],""leagues"":[""ATP""],""market_data"":[""candles""],""markets"":[""kalshi""],""seasons"":[""2025-2026""],""sports"":[""ATP""]}",TRADABLE_YES_BID,1_MINUTE_CANDLE,available_at,CROSS,"{""id"":""e1"",""op"":""CROSS"",""price_e4"":7100}",REACH,"{""id"":""win"",""op"":""REACH"",""outcome"":""win"",""price_e4"":8500}",REACH,"{""id"":""loss"",""op"":""REACH"",""outcome"":""loss"",""price_e4"":4000}",HOLD_TO_SETTLEMENT,b530d65b28edd1535a76ec4046e518bc9de0bcfa836596c3227470a9a4d0a869,1.0.0,2026-09-15T01:30:56Z,1.0.0,1.0.0,1.0.0,2026-09-15T01:30:56Z,READY,351,182,139,0.566978,0.433022,1400,3100,0.451613,-501.709402,2d9a4d634a4a5508155a34c9ff097202c0d039e70a9a5b95665317d16af53f70,candle_path_not_fill,UNAVAILABLE,UNAVAILABLE,UNAVAILABLE,NOT_COMPUTABLE,UNAVAILABLE
weekly,THEORETICAL,base_decomposition,wins_10_probability,0.002453,fraction,binomial_roller_payoff,superasi_bdebase_v1.1.0,grade_config_v1,2026-09-21T18:16:15Z,55d9a8bdcc4e4d82a222fd1bfb84fdbf,ATP CROSS 65 REACH 85 40 JUL 2025 ITI-05,e5cba21e206a859f465992e9705418339cee20e8e1cab2abbaa6eefe9bdbcbca,1ca7e1b4c022503dc39a4e6c3fd93a68123b280a28d7e3501b8f40d8e70e44fd,544af08020cf5cbc80434291e0f6b64f562c9ed0142f5ef5b1aeb6eaeee949ae,ATP CROSS 65 REACH 85 40 JUL 2025 ITI-05,ATP,ATP,2025-2026,2025-07-01,2025-07-31,"{""date_from"":""2025-07-01"",""date_to"":""2025-07-31"",""game_data"":[],""leagues"":[""ATP""],""market_data"":[""candles""],""markets"":[""kalshi""],""seasons"":[""2025-2026""],""sports"":[""ATP""]}",TRADABLE_YES_BID,1_MINUTE_CANDLE,available_at,CROSS,"{""id"":""e1"",""op"":""CROSS"",""price_e4"":7100}",REACH,"{""id"":""win"",""op"":""REACH"",""outcome"":""win"",""price_e4"":8500}",REACH,"{""id"":""loss"",""op"":""REACH"",""outcome"":""loss"",""price_e4"":4000}",HOLD_TO_SETTLEMENT,b530d65b28edd1535a76ec4046e518bc9de0bcfa836596c3227470a9a4d0a869,1.0.0,2026-09-15T01:30:56Z,1.0.0,1.0.0,1.0.0,2026-09-15T01:30:56Z,READY,351,182,139,0.566978,0.433022,1400,3100,0.451613,-501.709402,2d9a4d634a4a5508155a34c9ff097202c0d039e70a9a5b95665317d16af53f70,candle_path_not_fill,UNAVAILABLE,UNAVAILABLE,UNAVAILABLE,NOT_COMPUTABLE,UNAVAILABLE
weekly_observed,OBSERVED,base_decomposition,status,OBSERVED,,iso_week,superasi_bdebase_v1.1.0,grade_config_v1,2026-09-21T18:16:15Z,55d9a8bdcc4e4d82a222fd1bfb84fdbf,ATP CROSS 65 REACH 85 40 JUL 2025 ITI-05,e5cba21e206a859f465992e9705418339cee20e8e1cab2abbaa6eefe9bdbcbca,1ca7e1b4c022503dc39a4e6c3fd93a68123b280a28d7e3501b8f40d8e70e44fd,544af08020cf5cbc80434291e0f6b64f562c9ed0142f5ef5b1aeb6eaeee949ae,ATP CROSS 65 REACH 85 40 JUL 2025 ITI-05,ATP,ATP,2025-2026,2025-07-01,2025-07-31,"{""date_from"":""2025-07-01"",""date_to"":""2025-07-31"",""game_data"":[],""leagues"":[""ATP""],""market_data"":[""candles""],""markets"":[""kalshi""],""seasons"":[""2025-2026""],""sports"":[""ATP""]}",TRADABLE_YES_BID,1_MINUTE_CANDLE,available_at,CROSS,"{""id"":""e1"",""op"":""CROSS"",""price_e4"":7100}",REACH,"{""id"":""win"",""op"":""REACH"",""outcome"":""win"",""price_e4"":8500}",REACH,"{""id"":""loss"",""op"":""REACH"",""outcome"":""loss"",""price_e4"":4000}",HOLD_TO_SETTLEMENT,b530d65b28edd1535a76ec4046e518bc9de0bcfa836596c3227470a9a4d0a869,1.0.0,2026-09-15T01:30:56Z,1.0.0,1.0.0,1.0.0,2026-09-15T01:30:56Z,READY,351,182,139,0.566978,0.433022,1400,3100,0.451613,-501.709402,2d9a4d634a4a5508155a34c9ff097202c0d039e70a9a5b95665317d16af53f70,candle_path_not_fill,UNAVAILABLE,UNAVAILABLE,UNAVAILABLE,NOT_COMPUTABLE,UNAVAILABLE
weekly_observed,OBSERVED,base_decomposition,observed_weekly_return_mean,-0.248028,fraction,iso_week,superasi_bdebase_v1.1.0,grade_config_v1,2026-09-21T18:16:15Z,55d9a8bdcc4e4d82a222fd1bfb84fdbf,ATP CROSS 65 REACH 85 40 JUL 2025 ITI-05,e5cba21e206a859f465992e9705418339cee20e8e1cab2abbaa6eefe9bdbcbca,1ca7e1b4c022503dc39a4e6c3fd93a68123b280a28d7e3501b8f40d8e70e44fd,544af08020cf5cbc80434291e0f6b64f562c9ed0142f5ef5b1aeb6eaeee949ae,ATP CROSS 65 REACH 85 40 JUL 2025 ITI-05,ATP,ATP,2025-2026,2025-07-01,2025-07-31,"{""date_from"":""2025-07-01"",""date_to"":""2025-07-31"",""game_data"":[],""leagues"":[""ATP""],""market_data"":[""candles""],""markets"":[""kalshi""],""seasons"":[""2025-2026""],""sports"":[""ATP""]}",TRADABLE_YES_BID,1_MINUTE_CANDLE,available_at,CROSS,"{""id"":""e1"",""op"":""CROSS"",""price_e4"":7100}",REACH,"{""id"":""win"",""op"":""REACH"",""outcome"":""win"",""price_e4"":8500}",REACH,"{""id"":""loss"",""op"":""REACH"",""outcome"":""loss"",""price_e4"":4000}",HOLD_TO_SETTLEMENT,b530d65b28edd1535a76ec4046e518bc9de0bcfa836596c3227470a9a4d0a869,1.0.0,2026-09-15T01:30:56Z,1.0.0,1.0.0,1.0.0,2026-09-15T01:30:56Z,READY,351,182,139,0.566978,0.433022,1400,3100,0.451613,-501.709402,2d9a4d634a4a5508155a34c9ff097202c0d039e70a9a5b95665317d16af53f70,candle_path_not_fill,UNAVAILABLE,UNAVAILABLE,UNAVAILABLE,NOT_COMPUTABLE,UNAVAILABLE
weekly_observed,OBSERVED,base_decomposition,2025-W27,0.118310,fraction,iso_week,superasi_bdebase_v1.1.0,grade_config_v1,2026-09-21T18:16:15Z,55d9a8bdcc4e4d82a222fd1bfb84fdbf,ATP CROSS 65 REACH 85 40 JUL 2025 ITI-05,e5cba21e206a859f465992e9705418339cee20e8e1cab2abbaa6eefe9bdbcbca,1ca7e1b4c022503dc39a4e6c3fd93a68123b280a28d7e3501b8f40d8e70e44fd,544af08020cf5cbc80434291e0f6b64f562c9ed0142f5ef5b1aeb6eaeee949ae,ATP CROSS 65 REACH 85 40 JUL 2025 ITI-05,ATP,ATP,2025-2026,2025-07-01,2025-07-31,"{""date_from"":""2025-07-01"",""date_to"":""2025-07-31"",""game_data"":[],""leagues"":[""ATP""],""market_data"":[""candles""],""markets"":[""kalshi""],""seasons"":[""2025-2026""],""sports"":[""ATP""]}",TRADABLE_YES_BID,1_MINUTE_CANDLE,available_at,CROSS,"{""id"":""e1"",""op"":""CROSS"",""price_e4"":7100}",REACH,"{""id"":""win"",""op"":""REACH"",""outcome"":""win"",""price_e4"":8500}",REACH,"{""id"":""loss"",""op"":""REACH"",""outcome"":""loss"",""price_e4"":4000}",HOLD_TO_SETTLEMENT,b530d65b28edd1535a76ec4046e518bc9de0bcfa836596c3227470a9a4d0a869,1.0.0,2026-09-15T01:30:56Z,1.0.0,1.0.0,1.0.0,2026-09-15T01:30:56Z,READY,351,182,139,0.566978,0.433022,1400,3100,0.451613,-501.709402,2d9a4d634a4a5508155a34c9ff097202c0d039e70a9a5b95665317d16af53f70,candle_path_not_fill,UNAVAILABLE,UNAVAILABLE,UNAVAILABLE,NOT_COMPUTABLE,UNAVAILABLE
weekly_observed,OBSERVED,base_decomposition,2025-W28,0.017606,fraction,iso_week,superasi_bdebase_v1.1.0,grade_config_v1,2026-09-21T18:16:15Z,55d9a8bdcc4e4d82a222fd1bfb84fdbf,ATP CROSS 65 REACH 85 40 JUL 2025 ITI-05,e5cba21e206a859f465992e9705418339cee20e8e1cab2abbaa6eefe9bdbcbca,1ca7e1b4c022503dc39a4e6c3fd93a68123b280a28d7e3501b8f40d8e70e44fd,544af08020cf5cbc80434291e0f6b64f562c9ed0142f5ef5b1aeb6eaeee949ae,ATP CROSS 65 REACH 85 40 JUL 2025 ITI-05,ATP,ATP,2025-2026,2025-07-01,2025-07-31,"{""date_from"":""2025-07-01"",""date_to"":""2025-07-31"",""game_data"":[],""leagues"":[""ATP""],""market_data"":[""candles""],""markets"":[""kalshi""],""seasons"":[""2025-2026""],""sports"":[""ATP""]}",TRADABLE_YES_BID,1_MINUTE_CANDLE,available_at,CROSS,"{""id"":""e1"",""op"":""CROSS"",""price_e4"":7100}",REACH,"{""id"":""win"",""op"":""REACH"",""outcome"":""win"",""price_e4"":8500}",REACH,"{""id"":""loss"",""op"":""REACH"",""outcome"":""loss"",""price_e4"":4000}",HOLD_TO_SETTLEMENT,b530d65b28edd1535a76ec4046e518bc9de0bcfa836596c3227470a9a4d0a869,1.0.0,2026-09-15T01:30:56Z,1.0.0,1.0.0,1.0.0,2026-09-15T01:30:56Z,READY,351,182,139,0.566978,0.433022,1400,3100,0.451613,-501.709402,2d9a4d634a4a5508155a34c9ff097202c0d039e70a9a5b95665317d16af53f70,candle_path_not_fill,UNAVAILABLE,UNAVAILABLE,UNAVAILABLE,NOT_COMPUTABLE,UNAVAILABLE
weekly_observed,OBSERVED,base_decomposition,2025-W29,-0.499296,fraction,iso_week,superasi_bdebase_v1.1.0,grade_config_v1,2026-09-21T18:16:15Z,55d9a8bdcc4e4d82a222fd1bfb84fdbf,ATP CROSS 65 REACH 85 40 JUL 2025 ITI-05,e5cba21e206a859f465992e9705418339cee20e8e1cab2abbaa6eefe9bdbcbca,1ca7e1b4c022503dc39a4e6c3fd93a68123b280a28d7e3501b8f40d8e70e44fd,544af08020cf5cbc80434291e0f6b64f562c9ed0142f5ef5b1aeb6eaeee949ae,ATP CROSS 65 REACH 85 40 JUL 2025 ITI-05,ATP,ATP,2025-2026,2025-07-01,2025-07-31,"{""date_from"":""2025-07-01"",""date_to"":""2025-07-31"",""game_data"":[],""leagues"":[""ATP""],""market_data"":[""candles""],""markets"":[""kalshi""],""seasons"":[""2025-2026""],""sports"":[""ATP""]}",TRADABLE_YES_BID,1_MINUTE_CANDLE,available_at,CROSS,"{""id"":""e1"",""op"":""CROSS"",""price_e4"":7100}",REACH,"{""id"":""win"",""op"":""REACH"",""outcome"":""win"",""price_e4"":8500}",REACH,"{""id"":""loss"",""op"":""REACH"",""outcome"":""loss"",""price_e4"":4000}",HOLD_TO_SETTLEMENT,b530d65b28edd1535a76ec4046e518bc9de0bcfa836596c3227470a9a4d0a869,1.0.0,2026-09-15T01:30:56Z,1.0.0,1.0.0,1.0.0,2026-09-15T01:30:56Z,READY,351,182,139,0.566978,0.433022,1400,3100,0.451613,-501.709402,2d9a4d634a4a5508155a34c9ff097202c0d039e70a9a5b95665317d16af53f70,candle_path_not_fill,UNAVAILABLE,UNAVAILABLE,UNAVAILABLE,NOT_COMPUTABLE,UNAVAILABLE
weekly_observed,OBSERVED,base_decomposition,2025-W30,-0.616197,fraction,iso_week,superasi_bdebase_v1.1.0,grade_config_v1,2026-09-21T18:16:15Z,55d9a8bdcc4e4d82a222fd1bfb84fdbf,ATP CROSS 65 REACH 85 40 JUL 2025 ITI-05,e5cba21e206a859f465992e9705418339cee20e8e1cab2abbaa6eefe9bdbcbca,1ca7e1b4c022503dc39a4e6c3fd93a68123b280a28d7e3501b8f40d8e70e44fd,544af08020cf5cbc80434291e0f6b64f562c9ed0142f5ef5b1aeb6eaeee949ae,ATP CROSS 65 REACH 85 40 JUL 2025 ITI-05,ATP,ATP,2025-2026,2025-07-01,2025-07-31,"{""date_from"":""2025-07-01"",""date_to"":""2025-07-31"",""game_data"":[],""leagues"":[""ATP""],""market_data"":[""candles""],""markets"":[""kalshi""],""seasons"":[""2025-2026""],""sports"":[""ATP""]}",TRADABLE_YES_BID,1_MINUTE_CANDLE,available_at,CROSS,"{""id"":""e1"",""op"":""CROSS"",""price_e4"":7100}",REACH,"{""id"":""win"",""op"":""REACH"",""outcome"":""win"",""price_e4"":8500}",REACH,"{""id"":""loss"",""op"":""REACH"",""outcome"":""loss"",""price_e4"":4000}",HOLD_TO_SETTLEMENT,b530d65b28edd1535a76ec4046e518bc9de0bcfa836596c3227470a9a4d0a869,1.0.0,2026-09-15T01:30:56Z,1.0.0,1.0.0,1.0.0,2026-09-15T01:30:56Z,READY,351,182,139,0.566978,0.433022,1400,3100,0.451613,-501.709402,2d9a4d634a4a5508155a34c9ff097202c0d039e70a9a5b95665317d16af53f70,candle_path_not_fill,UNAVAILABLE,UNAVAILABLE,UNAVAILABLE,NOT_COMPUTABLE,UNAVAILABLE
weekly_observed,OBSERVED,base_decomposition,2025-W31,-0.260563,fraction,iso_week,superasi_bdebase_v1.1.0,grade_config_v1,2026-09-21T18:16:15Z,55d9a8bdcc4e4d82a222fd1bfb84fdbf,ATP CROSS 65 REACH 85 40 JUL 2025 ITI-05,e5cba21e206a859f465992e9705418339cee20e8e1cab2abbaa6eefe9bdbcbca,1ca7e1b4c022503dc39a4e6c3fd93a68123b280a28d7e3501b8f40d8e70e44fd,544af08020cf5cbc80434291e0f6b64f562c9ed0142f5ef5b1aeb6eaeee949ae,ATP CROSS 65 REACH 85 40 JUL 2025 ITI-05,ATP,ATP,2025-2026,2025-07-01,2025-07-31,"{""date_from"":""2025-07-01"",""date_to"":""2025-07-31"",""game_data"":[],""leagues"":[""ATP""],""market_data"":[""candles""],""markets"":[""kalshi""],""seasons"":[""2025-2026""],""sports"":[""ATP""]}",TRADABLE_YES_BID,1_MINUTE_CANDLE,available_at,CROSS,"{""id"":""e1"",""op"":""CROSS"",""price_e4"":7100}",REACH,"{""id"":""win"",""op"":""REACH"",""outcome"":""win"",""price_e4"":8500}",REACH,"{""id"":""loss"",""op"":""REACH"",""outcome"":""loss"",""price_e4"":4000}",HOLD_TO_SETTLEMENT,b530d65b28edd1535a76ec4046e518bc9de0bcfa836596c3227470a9a4d0a869,1.0.0,2026-09-15T01:30:56Z,1.0.0,1.0.0,1.0.0,2026-09-15T01:30:56Z,READY,351,182,139,0.566978,0.433022,1400,3100,0.451613,-501.709402,2d9a4d634a4a5508155a34c9ff097202c0d039e70a9a5b95665317d16af53f70,candle_path_not_fill,UNAVAILABLE,UNAVAILABLE,UNAVAILABLE,NOT_COMPUTABLE,UNAVAILABLE
grading,OBSERVED,base_degrading,BASE_GRADE,F,letter,superasi_abase,superasi_bdebase_v1.1.0,grade_config_v1,2026-09-21T18:16:15Z,55d9a8bdcc4e4d82a222fd1bfb84fdbf,ATP CROSS 65 REACH 85 40 JUL 2025 ITI-05,e5cba21e206a859f465992e9705418339cee20e8e1cab2abbaa6eefe9bdbcbca,1ca7e1b4c022503dc39a4e6c3fd93a68123b280a28d7e3501b8f40d8e70e44fd,544af08020cf5cbc80434291e0f6b64f562c9ed0142f5ef5b1aeb6eaeee949ae,ATP CROSS 65 REACH 85 40 JUL 2025 ITI-05,ATP,ATP,2025-2026,2025-07-01,2025-07-31,"{""date_from"":""2025-07-01"",""date_to"":""2025-07-31"",""game_data"":[],""leagues"":[""ATP""],""market_data"":[""candles""],""markets"":[""kalshi""],""seasons"":[""2025-2026""],""sports"":[""ATP""]}",TRADABLE_YES_BID,1_MINUTE_CANDLE,available_at,CROSS,"{""id"":""e1"",""op"":""CROSS"",""price_e4"":7100}",REACH,"{""id"":""win"",""op"":""REACH"",""outcome"":""win"",""price_e4"":8500}",REACH,"{""id"":""loss"",""op"":""REACH"",""outcome"":""loss"",""price_e4"":4000}",HOLD_TO_SETTLEMENT,b530d65b28edd1535a76ec4046e518bc9de0bcfa836596c3227470a9a4d0a869,1.0.0,2026-09-15T01:30:56Z,1.0.0,1.0.0,1.0.0,2026-09-15T01:30:56Z,READY,351,182,139,0.566978,0.433022,1400,3100,0.451613,-501.709402,2d9a4d634a4a5508155a34c9ff097202c0d039e70a9a5b95665317d16af53f70,candle_path_not_fill,UNAVAILABLE,UNAVAILABLE,UNAVAILABLE,NOT_COMPUTABLE,UNAVAILABLE
grading,OBSERVED,base_degrading,phase_a_coverage_grade,B,letter,superasi_abase,superasi_bdebase_v1.1.0,grade_config_v1,2026-09-21T18:16:15Z,55d9a8bdcc4e4d82a222fd1bfb84fdbf,ATP CROSS 65 REACH 85 40 JUL 2025 ITI-05,e5cba21e206a859f465992e9705418339cee20e8e1cab2abbaa6eefe9bdbcbca,1ca7e1b4c022503dc39a4e6c3fd93a68123b280a28d7e3501b8f40d8e70e44fd,544af08020cf5cbc80434291e0f6b64f562c9ed0142f5ef5b1aeb6eaeee949ae,ATP CROSS 65 REACH 85 40 JUL 2025 ITI-05,ATP,ATP,2025-2026,2025-07-01,2025-07-31,"{""date_from"":""2025-07-01"",""date_to"":""2025-07-31"",""game_data"":[],""leagues"":[""ATP""],""market_data"":[""candles""],""markets"":[""kalshi""],""seasons"":[""2025-2026""],""sports"":[""ATP""]}",TRADABLE_YES_BID,1_MINUTE_CANDLE,available_at,CROSS,"{""id"":""e1"",""op"":""CROSS"",""price_e4"":7100}",REACH,"{""id"":""win"",""op"":""REACH"",""outcome"":""win"",""price_e4"":8500}",REACH,"{""id"":""loss"",""op"":""REACH"",""outcome"":""loss"",""price_e4"":4000}",HOLD_TO_SETTLEMENT,b530d65b28edd1535a76ec4046e518bc9de0bcfa836596c3227470a9a4d0a869,1.0.0,2026-09-15T01:30:56Z,1.0.0,1.0.0,1.0.0,2026-09-15T01:30:56Z,READY,351,182,139,0.566978,0.433022,1400,3100,0.451613,-501.709402,2d9a4d634a4a5508155a34c9ff097202c0d039e70a9a5b95665317d16af53f70,candle_path_not_fill,UNAVAILABLE,UNAVAILABLE,UNAVAILABLE,NOT_COMPUTABLE,UNAVAILABLE
grading,OBSERVED,base_degrading,phase_a_research_evidence_grade,F,letter,superasi_abase,superasi_bdebase_v1.1.0,grade_config_v1,2026-09-21T18:16:15Z,55d9a8bdcc4e4d82a222fd1bfb84fdbf,ATP CROSS 65 REACH 85 40 JUL 2025 ITI-05,e5cba21e206a859f465992e9705418339cee20e8e1cab2abbaa6eefe9bdbcbca,1ca7e1b4c022503dc39a4e6c3fd93a68123b280a28d7e3501b8f40d8e70e44fd,544af08020cf5cbc80434291e0f6b64f562c9ed0142f5ef5b1aeb6eaeee949ae,ATP CROSS 65 REACH 85 40 JUL 2025 ITI-05,ATP,ATP,2025-2026,2025-07-01,2025-07-31,"{""date_from"":""2025-07-01"",""date_to"":""2025-07-31"",""game_data"":[],""leagues"":[""ATP""],""market_data"":[""candles""],""markets"":[""kalshi""],""seasons"":[""2025-2026""],""sports"":[""ATP""]}",TRADABLE_YES_BID,1_MINUTE_CANDLE,available_at,CROSS,"{""id"":""e1"",""op"":""CROSS"",""price_e4"":7100}",REACH,"{""id"":""win"",""op"":""REACH"",""outcome"":""win"",""price_e4"":8500}",REACH,"{""id"":""loss"",""op"":""REACH"",""outcome"":""loss"",""price_e4"":4000}",HOLD_TO_SETTLEMENT,b530d65b28edd1535a76ec4046e518bc9de0bcfa836596c3227470a9a4d0a869,1.0.0,2026-09-15T01:30:56Z,1.0.0,1.0.0,1.0.0,2026-09-15T01:30:56Z,READY,351,182,139,0.566978,0.433022,1400,3100,0.451613,-501.709402,2d9a4d634a4a5508155a34c9ff097202c0d039e70a9a5b95665317d16af53f70,candle_path_not_fill,UNAVAILABLE,UNAVAILABLE,UNAVAILABLE,NOT_COMPUTABLE,UNAVAILABLE
grading,OBSERVED,base_degrading,phase_a_robustness_grade,A,letter,superasi_abase,superasi_bdebase_v1.1.0,grade_config_v1,2026-09-21T18:16:15Z,55d9a8bdcc4e4d82a222fd1bfb84fdbf,ATP CROSS 65 REACH 85 40 JUL 2025 ITI-05,e5cba21e206a859f465992e9705418339cee20e8e1cab2abbaa6eefe9bdbcbca,1ca7e1b4c022503dc39a4e6c3fd93a68123b280a28d7e3501b8f40d8e70e44fd,544af08020cf5cbc80434291e0f6b64f562c9ed0142f5ef5b1aeb6eaeee949ae,ATP CROSS 65 REACH 85 40 JUL 2025 ITI-05,ATP,ATP,2025-2026,2025-07-01,2025-07-31,"{""date_from"":""2025-07-01"",""date_to"":""2025-07-31"",""game_data"":[],""leagues"":[""ATP""],""market_data"":[""candles""],""markets"":[""kalshi""],""seasons"":[""2025-2026""],""sports"":[""ATP""]}",TRADABLE_YES_BID,1_MINUTE_CANDLE,available_at,CROSS,"{""id"":""e1"",""op"":""CROSS"",""price_e4"":7100}",REACH,"{""id"":""win"",""op"":""REACH"",""outcome"":""win"",""price_e4"":8500}",REACH,"{""id"":""loss"",""op"":""REACH"",""outcome"":""loss"",""price_e4"":4000}",HOLD_TO_SETTLEMENT,b530d65b28edd1535a76ec4046e518bc9de0bcfa836596c3227470a9a4d0a869,1.0.0,2026-09-15T01:30:56Z,1.0.0,1.0.0,1.0.0,2026-09-15T01:30:56Z,READY,351,182,139,0.566978,0.433022,1400,3100,0.451613,-501.709402,2d9a4d634a4a5508155a34c9ff097202c0d039e70a9a5b95665317d16af53f70,candle_path_not_fill,UNAVAILABLE,UNAVAILABLE,UNAVAILABLE,NOT_COMPUTABLE,UNAVAILABLE
grading,OBSERVED,base_degrading,phase_a_theoretical_alignment_grade,F,letter,superasi_abase,superasi_bdebase_v1.1.0,grade_config_v1,2026-09-21T18:16:15Z,55d9a8bdcc4e4d82a222fd1bfb84fdbf,ATP CROSS 65 REACH 85 40 JUL 2025 ITI-05,e5cba21e206a859f465992e9705418339cee20e8e1cab2abbaa6eefe9bdbcbca,1ca7e1b4c022503dc39a4e6c3fd93a68123b280a28d7e3501b8f40d8e70e44fd,544af08020cf5cbc80434291e0f6b64f562c9ed0142f5ef5b1aeb6eaeee949ae,ATP CROSS 65 REACH 85 40 JUL 2025 ITI-05,ATP,ATP,2025-2026,2025-07-01,2025-07-31,"{""date_from"":""2025-07-01"",""date_to"":""2025-07-31"",""game_data"":[],""leagues"":[""ATP""],""market_data"":[""candles""],""markets"":[""kalshi""],""seasons"":[""2025-2026""],""sports"":[""ATP""]}",TRADABLE_YES_BID,1_MINUTE_CANDLE,available_at,CROSS,"{""id"":""e1"",""op"":""CROSS"",""price_e4"":7100}",REACH,"{""id"":""win"",""op"":""REACH"",""outcome"":""win"",""price_e4"":8500}",REACH,"{""id"":""loss"",""op"":""REACH"",""outcome"":""loss"",""price_e4"":4000}",HOLD_TO_SETTLEMENT,b530d65b28edd1535a76ec4046e518bc9de0bcfa836596c3227470a9a4d0a869,1.0.0,2026-09-15T01:30:56Z,1.0.0,1.0.0,1.0.0,2026-09-15T01:30:56Z,READY,351,182,139,0.566978,0.433022,1400,3100,0.451613,-501.709402,2d9a4d634a4a5508155a34c9ff097202c0d039e70a9a5b95665317d16af53f70,candle_path_not_fill,UNAVAILABLE,UNAVAILABLE,UNAVAILABLE,NOT_COMPUTABLE,UNAVAILABLE
grading,OBSERVED,base_degrading,phase_a_validation_grade,A+,letter,superasi_abase,superasi_bdebase_v1.1.0,grade_config_v1,2026-09-21T18:16:15Z,55d9a8bdcc4e4d82a222fd1bfb84fdbf,ATP CROSS 65 REACH 85 40 JUL 2025 ITI-05,e5cba21e206a859f465992e9705418339cee20e8e1cab2abbaa6eefe9bdbcbca,1ca7e1b4c022503dc39a4e6c3fd93a68123b280a28d7e3501b8f40d8e70e44fd,544af08020cf5cbc80434291e0f6b64f562c9ed0142f5ef5b1aeb6eaeee949ae,ATP CROSS 65 REACH 85 40 JUL 2025 ITI-05,ATP,ATP,2025-2026,2025-07-01,2025-07-31,"{""date_from"":""2025-07-01"",""date_to"":""2025-07-31"",""game_data"":[],""leagues"":[""ATP""],""market_data"":[""candles""],""markets"":[""kalshi""],""seasons"":[""2025-2026""],""sports"":[""ATP""]}",TRADABLE_YES_BID,1_MINUTE_CANDLE,available_at,CROSS,"{""id"":""e1"",""op"":""CROSS"",""price_e4"":7100}",REACH,"{""id"":""win"",""op"":""REACH"",""outcome"":""win"",""price_e4"":8500}",REACH,"{""id"":""loss"",""op"":""REACH"",""outcome"":""loss"",""price_e4"":4000}",HOLD_TO_SETTLEMENT,b530d65b28edd1535a76ec4046e518bc9de0bcfa836596c3227470a9a4d0a869,1.0.0,2026-09-15T01:30:56Z,1.0.0,1.0.0,1.0.0,2026-09-15T01:30:56Z,READY,351,182,139,0.566978,0.433022,1400,3100,0.451613,-501.709402,2d9a4d634a4a5508155a34c9ff097202c0d039e70a9a5b95665317d16af53f70,candle_path_not_fill,UNAVAILABLE,UNAVAILABLE,UNAVAILABLE,NOT_COMPUTABLE,UNAVAILABLE
degrading,OBSERVED,base_degrading,DEBASE_GRADE,F,letter,grade_config_v1,superasi_bdebase_v1.1.0,grade_config_v1,2026-09-21T18:16:15Z,55d9a8bdcc4e4d82a222fd1bfb84fdbf,ATP CROSS 65 REACH 85 40 JUL 2025 ITI-05,e5cba21e206a859f465992e9705418339cee20e8e1cab2abbaa6eefe9bdbcbca,1ca7e1b4c022503dc39a4e6c3fd93a68123b280a28d7e3501b8f40d8e70e44fd,544af08020cf5cbc80434291e0f6b64f562c9ed0142f5ef5b1aeb6eaeee949ae,ATP CROSS 65 REACH 85 40 JUL 2025 ITI-05,ATP,ATP,2025-2026,2025-07-01,2025-07-31,"{""date_from"":""2025-07-01"",""date_to"":""2025-07-31"",""game_data"":[],""leagues"":[""ATP""],""market_data"":[""candles""],""markets"":[""kalshi""],""seasons"":[""2025-2026""],""sports"":[""ATP""]}",TRADABLE_YES_BID,1_MINUTE_CANDLE,available_at,CROSS,"{""id"":""e1"",""op"":""CROSS"",""price_e4"":7100}",REACH,"{""id"":""win"",""op"":""REACH"",""outcome"":""win"",""price_e4"":8500}",REACH,"{""id"":""loss"",""op"":""REACH"",""outcome"":""loss"",""price_e4"":4000}",HOLD_TO_SETTLEMENT,b530d65b28edd1535a76ec4046e518bc9de0bcfa836596c3227470a9a4d0a869,1.0.0,2026-09-15T01:30:56Z,1.0.0,1.0.0,1.0.0,2026-09-15T01:30:56Z,READY,351,182,139,0.566978,0.433022,1400,3100,0.451613,-501.709402,2d9a4d634a4a5508155a34c9ff097202c0d039e70a9a5b95665317d16af53f70,candle_path_not_fill,UNAVAILABLE,UNAVAILABLE,UNAVAILABLE,NOT_COMPUTABLE,UNAVAILABLE
degrading,OBSERVED,base_degrading,DEBASE_GRADE_uncapped,F,letter,grade_config_v1,superasi_bdebase_v1.1.0,grade_config_v1,2026-09-21T18:16:15Z,55d9a8bdcc4e4d82a222fd1bfb84fdbf,ATP CROSS 65 REACH 85 40 JUL 2025 ITI-05,e5cba21e206a859f465992e9705418339cee20e8e1cab2abbaa6eefe9bdbcbca,1ca7e1b4c022503dc39a4e6c3fd93a68123b280a28d7e3501b8f40d8e70e44fd,544af08020cf5cbc80434291e0f6b64f562c9ed0142f5ef5b1aeb6eaeee949ae,ATP CROSS 65 REACH 85 40 JUL 2025 ITI-05,ATP,ATP,2025-2026,2025-07-01,2025-07-31,"{""date_from"":""2025-07-01"",""date_to"":""2025-07-31"",""game_data"":[],""leagues"":[""ATP""],""market_data"":[""candles""],""markets"":[""kalshi""],""seasons"":[""2025-2026""],""sports"":[""ATP""]}",TRADABLE_YES_BID,1_MINUTE_CANDLE,available_at,CROSS,"{""id"":""e1"",""op"":""CROSS"",""price_e4"":7100}",REACH,"{""id"":""win"",""op"":""REACH"",""outcome"":""win"",""price_e4"":8500}",REACH,"{""id"":""loss"",""op"":""REACH"",""outcome"":""loss"",""price_e4"":4000}",HOLD_TO_SETTLEMENT,b530d65b28edd1535a76ec4046e518bc9de0bcfa836596c3227470a9a4d0a869,1.0.0,2026-09-15T01:30:56Z,1.0.0,1.0.0,1.0.0,2026-09-15T01:30:56Z,READY,351,182,139,0.566978,0.433022,1400,3100,0.451613,-501.709402,2d9a4d634a4a5508155a34c9ff097202c0d039e70a9a5b95665317d16af53f70,candle_path_not_fill,UNAVAILABLE,UNAVAILABLE,UNAVAILABLE,NOT_COMPUTABLE,UNAVAILABLE
degrading,OBSERVED,base_degrading,capped_to_base,false,,grade_config_v1,superasi_bdebase_v1.1.0,grade_config_v1,2026-09-21T18:16:15Z,55d9a8bdcc4e4d82a222fd1bfb84fdbf,ATP CROSS 65 REACH 85 40 JUL 2025 ITI-05,e5cba21e206a859f465992e9705418339cee20e8e1cab2abbaa6eefe9bdbcbca,1ca7e1b4c022503dc39a4e6c3fd93a68123b280a28d7e3501b8f40d8e70e44fd,544af08020cf5cbc80434291e0f6b64f562c9ed0142f5ef5b1aeb6eaeee949ae,ATP CROSS 65 REACH 85 40 JUL 2025 ITI-05,ATP,ATP,2025-2026,2025-07-01,2025-07-31,"{""date_from"":""2025-07-01"",""date_to"":""2025-07-31"",""game_data"":[],""leagues"":[""ATP""],""market_data"":[""candles""],""markets"":[""kalshi""],""seasons"":[""2025-2026""],""sports"":[""ATP""]}",TRADABLE_YES_BID,1_MINUTE_CANDLE,available_at,CROSS,"{""id"":""e1"",""op"":""CROSS"",""price_e4"":7100}",REACH,"{""id"":""win"",""op"":""REACH"",""outcome"":""win"",""price_e4"":8500}",REACH,"{""id"":""loss"",""op"":""REACH"",""outcome"":""loss"",""price_e4"":4000}",HOLD_TO_SETTLEMENT,b530d65b28edd1535a76ec4046e518bc9de0bcfa836596c3227470a9a4d0a869,1.0.0,2026-09-15T01:30:56Z,1.0.0,1.0.0,1.0.0,2026-09-15T01:30:56Z,READY,351,182,139,0.566978,0.433022,1400,3100,0.451613,-501.709402,2d9a4d634a4a5508155a34c9ff097202c0d039e70a9a5b95665317d16af53f70,candle_path_not_fill,UNAVAILABLE,UNAVAILABLE,UNAVAILABLE,NOT_COMPUTABLE,UNAVAILABLE
degrading,OBSERVED,base_degrading,composite_score,44.800000,score,grade_config_v1,superasi_bdebase_v1.1.0,grade_config_v1,2026-09-21T18:16:15Z,55d9a8bdcc4e4d82a222fd1bfb84fdbf,ATP CROSS 65 REACH 85 40 JUL 2025 ITI-05,e5cba21e206a859f465992e9705418339cee20e8e1cab2abbaa6eefe9bdbcbca,1ca7e1b4c022503dc39a4e6c3fd93a68123b280a28d7e3501b8f40d8e70e44fd,544af08020cf5cbc80434291e0f6b64f562c9ed0142f5ef5b1aeb6eaeee949ae,ATP CROSS 65 REACH 85 40 JUL 2025 ITI-05,ATP,ATP,2025-2026,2025-07-01,2025-07-31,"{""date_from"":""2025-07-01"",""date_to"":""2025-07-31"",""game_data"":[],""leagues"":[""ATP""],""market_data"":[""candles""],""markets"":[""kalshi""],""seasons"":[""2025-2026""],""sports"":[""ATP""]}",TRADABLE_YES_BID,1_MINUTE_CANDLE,available_at,CROSS,"{""id"":""e1"",""op"":""CROSS"",""price_e4"":7100}",REACH,"{""id"":""win"",""op"":""REACH"",""outcome"":""win"",""price_e4"":8500}",REACH,"{""id"":""loss"",""op"":""REACH"",""outcome"":""loss"",""price_e4"":4000}",HOLD_TO_SETTLEMENT,b530d65b28edd1535a76ec4046e518bc9de0bcfa836596c3227470a9a4d0a869,1.0.0,2026-09-15T01:30:56Z,1.0.0,1.0.0,1.0.0,2026-09-15T01:30:56Z,READY,351,182,139,0.566978,0.433022,1400,3100,0.451613,-501.709402,2d9a4d634a4a5508155a34c9ff097202c0d039e70a9a5b95665317d16af53f70,candle_path_not_fill,UNAVAILABLE,UNAVAILABLE,UNAVAILABLE,NOT_COMPUTABLE,UNAVAILABLE
degrading,OBSERVED,base_degrading,bottleneck,F,letter,grade_config_v1,superasi_bdebase_v1.1.0,grade_config_v1,2026-09-21T18:16:15Z,55d9a8bdcc4e4d82a222fd1bfb84fdbf,ATP CROSS 65 REACH 85 40 JUL 2025 ITI-05,e5cba21e206a859f465992e9705418339cee20e8e1cab2abbaa6eefe9bdbcbca,1ca7e1b4c022503dc39a4e6c3fd93a68123b280a28d7e3501b8f40d8e70e44fd,544af08020cf5cbc80434291e0f6b64f562c9ed0142f5ef5b1aeb6eaeee949ae,ATP CROSS 65 REACH 85 40 JUL 2025 ITI-05,ATP,ATP,2025-2026,2025-07-01,2025-07-31,"{""date_from"":""2025-07-01"",""date_to"":""2025-07-31"",""game_data"":[],""leagues"":[""ATP""],""market_data"":[""candles""],""markets"":[""kalshi""],""seasons"":[""2025-2026""],""sports"":[""ATP""]}",TRADABLE_YES_BID,1_MINUTE_CANDLE,available_at,CROSS,"{""id"":""e1"",""op"":""CROSS"",""price_e4"":7100}",REACH,"{""id"":""win"",""op"":""REACH"",""outcome"":""win"",""price_e4"":8500}",REACH,"{""id"":""loss"",""op"":""REACH"",""outcome"":""loss"",""price_e4"":4000}",HOLD_TO_SETTLEMENT,b530d65b28edd1535a76ec4046e518bc9de0bcfa836596c3227470a9a4d0a869,1.0.0,2026-09-15T01:30:56Z,1.0.0,1.0.0,1.0.0,2026-09-15T01:30:56Z,READY,351,182,139,0.566978,0.433022,1400,3100,0.451613,-501.709402,2d9a4d634a4a5508155a34c9ff097202c0d039e70a9a5b95665317d16af53f70,candle_path_not_fill,UNAVAILABLE,UNAVAILABLE,UNAVAILABLE,NOT_COMPUTABLE,UNAVAILABLE
degrading,OBSERVED,base_degrading,raise_requires,raise research_evidence above F,,grade_config_v1,superasi_bdebase_v1.1.0,grade_config_v1,2026-09-21T18:16:15Z,55d9a8bdcc4e4d82a222fd1bfb84fdbf,ATP CROSS 65 REACH 85 40 JUL 2025 ITI-05,e5cba21e206a859f465992e9705418339cee20e8e1cab2abbaa6eefe9bdbcbca,1ca7e1b4c022503dc39a4e6c3fd93a68123b280a28d7e3501b8f40d8e70e44fd,544af08020cf5cbc80434291e0f6b64f562c9ed0142f5ef5b1aeb6eaeee949ae,ATP CROSS 65 REACH 85 40 JUL 2025 ITI-05,ATP,ATP,2025-2026,2025-07-01,2025-07-31,"{""date_from"":""2025-07-01"",""date_to"":""2025-07-31"",""game_data"":[],""leagues"":[""ATP""],""market_data"":[""candles""],""markets"":[""kalshi""],""seasons"":[""2025-2026""],""sports"":[""ATP""]}",TRADABLE_YES_BID,1_MINUTE_CANDLE,available_at,CROSS,"{""id"":""e1"",""op"":""CROSS"",""price_e4"":7100}",REACH,"{""id"":""win"",""op"":""REACH"",""outcome"":""win"",""price_e4"":8500}",REACH,"{""id"":""loss"",""op"":""REACH"",""outcome"":""loss"",""price_e4"":4000}",HOLD_TO_SETTLEMENT,b530d65b28edd1535a76ec4046e518bc9de0bcfa836596c3227470a9a4d0a869,1.0.0,2026-09-15T01:30:56Z,1.0.0,1.0.0,1.0.0,2026-09-15T01:30:56Z,READY,351,182,139,0.566978,0.433022,1400,3100,0.451613,-501.709402,2d9a4d634a4a5508155a34c9ff097202c0d039e70a9a5b95665317d16af53f70,candle_path_not_fill,UNAVAILABLE,UNAVAILABLE,UNAVAILABLE,NOT_COMPUTABLE,UNAVAILABLE
degrading,OBSERVED,base_degrading,research_evidence_grade,F,letter,grade_config_v1,superasi_bdebase_v1.1.0,grade_config_v1,2026-09-21T18:16:15Z,55d9a8bdcc4e4d82a222fd1bfb84fdbf,ATP CROSS 65 REACH 85 40 JUL 2025 ITI-05,e5cba21e206a859f465992e9705418339cee20e8e1cab2abbaa6eefe9bdbcbca,1ca7e1b4c022503dc39a4e6c3fd93a68123b280a28d7e3501b8f40d8e70e44fd,544af08020cf5cbc80434291e0f6b64f562c9ed0142f5ef5b1aeb6eaeee949ae,ATP CROSS 65 REACH 85 40 JUL 2025 ITI-05,ATP,ATP,2025-2026,2025-07-01,2025-07-31,"{""date_from"":""2025-07-01"",""date_to"":""2025-07-31"",""game_data"":[],""leagues"":[""ATP""],""market_data"":[""candles""],""markets"":[""kalshi""],""seasons"":[""2025-2026""],""sports"":[""ATP""]}",TRADABLE_YES_BID,1_MINUTE_CANDLE,available_at,CROSS,"{""id"":""e1"",""op"":""CROSS"",""price_e4"":7100}",REACH,"{""id"":""win"",""op"":""REACH"",""outcome"":""win"",""price_e4"":8500}",REACH,"{""id"":""loss"",""op"":""REACH"",""outcome"":""loss"",""price_e4"":4000}",HOLD_TO_SETTLEMENT,b530d65b28edd1535a76ec4046e518bc9de0bcfa836596c3227470a9a4d0a869,1.0.0,2026-09-15T01:30:56Z,1.0.0,1.0.0,1.0.0,2026-09-15T01:30:56Z,READY,351,182,139,0.566978,0.433022,1400,3100,0.451613,-501.709402,2d9a4d634a4a5508155a34c9ff097202c0d039e70a9a5b95665317d16af53f70,candle_path_not_fill,UNAVAILABLE,UNAVAILABLE,UNAVAILABLE,NOT_COMPUTABLE,UNAVAILABLE
degrading,OBSERVED,base_degrading,coverage_grade,B,letter,grade_config_v1,superasi_bdebase_v1.1.0,grade_config_v1,2026-09-21T18:16:15Z,55d9a8bdcc4e4d82a222fd1bfb84fdbf,ATP CROSS 65 REACH 85 40 JUL 2025 ITI-05,e5cba21e206a859f465992e9705418339cee20e8e1cab2abbaa6eefe9bdbcbca,1ca7e1b4c022503dc39a4e6c3fd93a68123b280a28d7e3501b8f40d8e70e44fd,544af08020cf5cbc80434291e0f6b64f562c9ed0142f5ef5b1aeb6eaeee949ae,ATP CROSS 65 REACH 85 40 JUL 2025 ITI-05,ATP,ATP,2025-2026,2025-07-01,2025-07-31,"{""date_from"":""2025-07-01"",""date_to"":""2025-07-31"",""game_data"":[],""leagues"":[""ATP""],""market_data"":[""candles""],""markets"":[""kalshi""],""seasons"":[""2025-2026""],""sports"":[""ATP""]}",TRADABLE_YES_BID,1_MINUTE_CANDLE,available_at,CROSS,"{""id"":""e1"",""op"":""CROSS"",""price_e4"":7100}",REACH,"{""id"":""win"",""op"":""REACH"",""outcome"":""win"",""price_e4"":8500}",REACH,"{""id"":""loss"",""op"":""REACH"",""outcome"":""loss"",""price_e4"":4000}",HOLD_TO_SETTLEMENT,b530d65b28edd1535a76ec4046e518bc9de0bcfa836596c3227470a9a4d0a869,1.0.0,2026-09-15T01:30:56Z,1.0.0,1.0.0,1.0.0,2026-09-15T01:30:56Z,READY,351,182,139,0.566978,0.433022,1400,3100,0.451613,-501.709402,2d9a4d634a4a5508155a34c9ff097202c0d039e70a9a5b95665317d16af53f70,candle_path_not_fill,UNAVAILABLE,UNAVAILABLE,UNAVAILABLE,NOT_COMPUTABLE,UNAVAILABLE
degrading,OBSERVED,base_degrading,robustness_grade,A,letter,grade_config_v1,superasi_bdebase_v1.1.0,grade_config_v1,2026-09-21T18:16:15Z,55d9a8bdcc4e4d82a222fd1bfb84fdbf,ATP CROSS 65 REACH 85 40 JUL 2025 ITI-05,e5cba21e206a859f465992e9705418339cee20e8e1cab2abbaa6eefe9bdbcbca,1ca7e1b4c022503dc39a4e6c3fd93a68123b280a28d7e3501b8f40d8e70e44fd,544af08020cf5cbc80434291e0f6b64f562c9ed0142f5ef5b1aeb6eaeee949ae,ATP CROSS 65 REACH 85 40 JUL 2025 ITI-05,ATP,ATP,2025-2026,2025-07-01,2025-07-31,"{""date_from"":""2025-07-01"",""date_to"":""2025-07-31"",""game_data"":[],""leagues"":[""ATP""],""market_data"":[""candles""],""markets"":[""kalshi""],""seasons"":[""2025-2026""],""sports"":[""ATP""]}",TRADABLE_YES_BID,1_MINUTE_CANDLE,available_at,CROSS,"{""id"":""e1"",""op"":""CROSS"",""price_e4"":7100}",REACH,"{""id"":""win"",""op"":""REACH"",""outcome"":""win"",""price_e4"":8500}",REACH,"{""id"":""loss"",""op"":""REACH"",""outcome"":""loss"",""price_e4"":4000}",HOLD_TO_SETTLEMENT,b530d65b28edd1535a76ec4046e518bc9de0bcfa836596c3227470a9a4d0a869,1.0.0,2026-09-15T01:30:56Z,1.0.0,1.0.0,1.0.0,2026-09-15T01:30:56Z,READY,351,182,139,0.566978,0.433022,1400,3100,0.451613,-501.709402,2d9a4d634a4a5508155a34c9ff097202c0d039e70a9a5b95665317d16af53f70,candle_path_not_fill,UNAVAILABLE,UNAVAILABLE,UNAVAILABLE,NOT_COMPUTABLE,UNAVAILABLE
degrading,OBSERVED,base_degrading,theoretical_alignment_grade,F,letter,grade_config_v1,superasi_bdebase_v1.1.0,grade_config_v1,2026-09-21T18:16:15Z,55d9a8bdcc4e4d82a222fd1bfb84fdbf,ATP CROSS 65 REACH 85 40 JUL 2025 ITI-05,e5cba21e206a859f465992e9705418339cee20e8e1cab2abbaa6eefe9bdbcbca,1ca7e1b4c022503dc39a4e6c3fd93a68123b280a28d7e3501b8f40d8e70e44fd,544af08020cf5cbc80434291e0f6b64f562c9ed0142f5ef5b1aeb6eaeee949ae,ATP CROSS 65 REACH 85 40 JUL 2025 ITI-05,ATP,ATP,2025-2026,2025-07-01,2025-07-31,"{""date_from"":""2025-07-01"",""date_to"":""2025-07-31"",""game_data"":[],""leagues"":[""ATP""],""market_data"":[""candles""],""markets"":[""kalshi""],""seasons"":[""2025-2026""],""sports"":[""ATP""]}",TRADABLE_YES_BID,1_MINUTE_CANDLE,available_at,CROSS,"{""id"":""e1"",""op"":""CROSS"",""price_e4"":7100}",REACH,"{""id"":""win"",""op"":""REACH"",""outcome"":""win"",""price_e4"":8500}",REACH,"{""id"":""loss"",""op"":""REACH"",""outcome"":""loss"",""price_e4"":4000}",HOLD_TO_SETTLEMENT,b530d65b28edd1535a76ec4046e518bc9de0bcfa836596c3227470a9a4d0a869,1.0.0,2026-09-15T01:30:56Z,1.0.0,1.0.0,1.0.0,2026-09-15T01:30:56Z,READY,351,182,139,0.566978,0.433022,1400,3100,0.451613,-501.709402,2d9a4d634a4a5508155a34c9ff097202c0d039e70a9a5b95665317d16af53f70,candle_path_not_fill,UNAVAILABLE,UNAVAILABLE,UNAVAILABLE,NOT_COMPUTABLE,UNAVAILABLE
degrading,OBSERVED,base_degrading,validation_grade,A+,letter,grade_config_v1,superasi_bdebase_v1.1.0,grade_config_v1,2026-09-21T18:16:15Z,55d9a8bdcc4e4d82a222fd1bfb84fdbf,ATP CROSS 65 REACH 85 40 JUL 2025 ITI-05,e5cba21e206a859f465992e9705418339cee20e8e1cab2abbaa6eefe9bdbcbca,1ca7e1b4c022503dc39a4e6c3fd93a68123b280a28d7e3501b8f40d8e70e44fd,544af08020cf5cbc80434291e0f6b64f562c9ed0142f5ef5b1aeb6eaeee949ae,ATP CROSS 65 REACH 85 40 JUL 2025 ITI-05,ATP,ATP,2025-2026,2025-07-01,2025-07-31,"{""date_from"":""2025-07-01"",""date_to"":""2025-07-31"",""game_data"":[],""leagues"":[""ATP""],""market_data"":[""candles""],""markets"":[""kalshi""],""seasons"":[""2025-2026""],""sports"":[""ATP""]}",TRADABLE_YES_BID,1_MINUTE_CANDLE,available_at,CROSS,"{""id"":""e1"",""op"":""CROSS"",""price_e4"":7100}",REACH,"{""id"":""win"",""op"":""REACH"",""outcome"":""win"",""price_e4"":8500}",REACH,"{""id"":""loss"",""op"":""REACH"",""outcome"":""loss"",""price_e4"":4000}",HOLD_TO_SETTLEMENT,b530d65b28edd1535a76ec4046e518bc9de0bcfa836596c3227470a9a4d0a869,1.0.0,2026-09-15T01:30:56Z,1.0.0,1.0.0,1.0.0,2026-09-15T01:30:56Z,READY,351,182,139,0.566978,0.433022,1400,3100,0.451613,-501.709402,2d9a4d634a4a5508155a34c9ff097202c0d039e70a9a5b95665317d16af53f70,candle_path_not_fill,UNAVAILABLE,UNAVAILABLE,UNAVAILABLE,NOT_COMPUTABLE,UNAVAILABLE
degrading,MONTE_CARLO,base_degrading,A_PLUS_INSTRUMENT_GATE,FAIL,,valuation_gate,superasi_bdebase_v1.1.0,grade_config_v1,2026-09-21T18:16:15Z,55d9a8bdcc4e4d82a222fd1bfb84fdbf,ATP CROSS 65 REACH 85 40 JUL 2025 ITI-05,e5cba21e206a859f465992e9705418339cee20e8e1cab2abbaa6eefe9bdbcbca,1ca7e1b4c022503dc39a4e6c3fd93a68123b280a28d7e3501b8f40d8e70e44fd,544af08020cf5cbc80434291e0f6b64f562c9ed0142f5ef5b1aeb6eaeee949ae,ATP CROSS 65 REACH 85 40 JUL 2025 ITI-05,ATP,ATP,2025-2026,2025-07-01,2025-07-31,"{""date_from"":""2025-07-01"",""date_to"":""2025-07-31"",""game_data"":[],""leagues"":[""ATP""],""market_data"":[""candles""],""markets"":[""kalshi""],""seasons"":[""2025-2026""],""sports"":[""ATP""]}",TRADABLE_YES_BID,1_MINUTE_CANDLE,available_at,CROSS,"{""id"":""e1"",""op"":""CROSS"",""price_e4"":7100}",REACH,"{""id"":""win"",""op"":""REACH"",""outcome"":""win"",""price_e4"":8500}",REACH,"{""id"":""loss"",""op"":""REACH"",""outcome"":""loss"",""price_e4"":4000}",HOLD_TO_SETTLEMENT,b530d65b28edd1535a76ec4046e518bc9de0bcfa836596c3227470a9a4d0a869,1.0.0,2026-09-15T01:30:56Z,1.0.0,1.0.0,1.0.0,2026-09-15T01:30:56Z,READY,351,182,139,0.566978,0.433022,1400,3100,0.451613,-501.709402,2d9a4d634a4a5508155a34c9ff097202c0d039e70a9a5b95665317d16af53f70,candle_path_not_fill,UNAVAILABLE,UNAVAILABLE,UNAVAILABLE,NOT_COMPUTABLE,UNAVAILABLE
degrading,MONTE_CARLO,base_degrading,A_PLUS_INSTRUMENT_GATE_reasons,"expected_20_week_return_below_67pct,p_floor_at_or_above_5_50pct",,valuation_gate,superasi_bdebase_v1.1.0,grade_config_v1,2026-09-21T18:16:15Z,55d9a8bdcc4e4d82a222fd1bfb84fdbf,ATP CROSS 65 REACH 85 40 JUL 2025 ITI-05,e5cba21e206a859f465992e9705418339cee20e8e1cab2abbaa6eefe9bdbcbca,1ca7e1b4c022503dc39a4e6c3fd93a68123b280a28d7e3501b8f40d8e70e44fd,544af08020cf5cbc80434291e0f6b64f562c9ed0142f5ef5b1aeb6eaeee949ae,ATP CROSS 65 REACH 85 40 JUL 2025 ITI-05,ATP,ATP,2025-2026,2025-07-01,2025-07-31,"{""date_from"":""2025-07-01"",""date_to"":""2025-07-31"",""game_data"":[],""leagues"":[""ATP""],""market_data"":[""candles""],""markets"":[""kalshi""],""seasons"":[""2025-2026""],""sports"":[""ATP""]}",TRADABLE_YES_BID,1_MINUTE_CANDLE,available_at,CROSS,"{""id"":""e1"",""op"":""CROSS"",""price_e4"":7100}",REACH,"{""id"":""win"",""op"":""REACH"",""outcome"":""win"",""price_e4"":8500}",REACH,"{""id"":""loss"",""op"":""REACH"",""outcome"":""loss"",""price_e4"":4000}",HOLD_TO_SETTLEMENT,b530d65b28edd1535a76ec4046e518bc9de0bcfa836596c3227470a9a4d0a869,1.0.0,2026-09-15T01:30:56Z,1.0.0,1.0.0,1.0.0,2026-09-15T01:30:56Z,READY,351,182,139,0.566978,0.433022,1400,3100,0.451613,-501.709402,2d9a4d634a4a5508155a34c9ff097202c0d039e70a9a5b95665317d16af53f70,candle_path_not_fill,UNAVAILABLE,UNAVAILABLE,UNAVAILABLE,NOT_COMPUTABLE,UNAVAILABLE
devalidation,OBSERVED,base_devalidation,labs_header,PASS,,hard,superasi_bdebase_v1.1.0,grade_config_v1,2026-09-21T18:16:15Z,55d9a8bdcc4e4d82a222fd1bfb84fdbf,ATP CROSS 65 REACH 85 40 JUL 2025 ITI-05,e5cba21e206a859f465992e9705418339cee20e8e1cab2abbaa6eefe9bdbcbca,1ca7e1b4c022503dc39a4e6c3fd93a68123b280a28d7e3501b8f40d8e70e44fd,544af08020cf5cbc80434291e0f6b64f562c9ed0142f5ef5b1aeb6eaeee949ae,ATP CROSS 65 REACH 85 40 JUL 2025 ITI-05,ATP,ATP,2025-2026,2025-07-01,2025-07-31,"{""date_from"":""2025-07-01"",""date_to"":""2025-07-31"",""game_data"":[],""leagues"":[""ATP""],""market_data"":[""candles""],""markets"":[""kalshi""],""seasons"":[""2025-2026""],""sports"":[""ATP""]}",TRADABLE_YES_BID,1_MINUTE_CANDLE,available_at,CROSS,"{""id"":""e1"",""op"":""CROSS"",""price_e4"":7100}",REACH,"{""id"":""win"",""op"":""REACH"",""outcome"":""win"",""price_e4"":8500}",REACH,"{""id"":""loss"",""op"":""REACH"",""outcome"":""loss"",""price_e4"":4000}",HOLD_TO_SETTLEMENT,b530d65b28edd1535a76ec4046e518bc9de0bcfa836596c3227470a9a4d0a869,1.0.0,2026-09-15T01:30:56Z,1.0.0,1.0.0,1.0.0,2026-09-15T01:30:56Z,READY,351,182,139,0.566978,0.433022,1400,3100,0.451613,-501.709402,2d9a4d634a4a5508155a34c9ff097202c0d039e70a9a5b95665317d16af53f70,candle_path_not_fill,UNAVAILABLE,UNAVAILABLE,UNAVAILABLE,NOT_COMPUTABLE,UNAVAILABLE
devalidation,OBSERVED,base_devalidation,population_matches_rows,PASS,,hard,superasi_bdebase_v1.1.0,grade_config_v1,2026-09-21T18:16:15Z,55d9a8bdcc4e4d82a222fd1bfb84fdbf,ATP CROSS 65 REACH 85 40 JUL 2025 ITI-05,e5cba21e206a859f465992e9705418339cee20e8e1cab2abbaa6eefe9bdbcbca,1ca7e1b4c022503dc39a4e6c3fd93a68123b280a28d7e3501b8f40d8e70e44fd,544af08020cf5cbc80434291e0f6b64f562c9ed0142f5ef5b1aeb6eaeee949ae,ATP CROSS 65 REACH 85 40 JUL 2025 ITI-05,ATP,ATP,2025-2026,2025-07-01,2025-07-31,"{""date_from"":""2025-07-01"",""date_to"":""2025-07-31"",""game_data"":[],""leagues"":[""ATP""],""market_data"":[""candles""],""markets"":[""kalshi""],""seasons"":[""2025-2026""],""sports"":[""ATP""]}",TRADABLE_YES_BID,1_MINUTE_CANDLE,available_at,CROSS,"{""id"":""e1"",""op"":""CROSS"",""price_e4"":7100}",REACH,"{""id"":""win"",""op"":""REACH"",""outcome"":""win"",""price_e4"":8500}",REACH,"{""id"":""loss"",""op"":""REACH"",""outcome"":""loss"",""price_e4"":4000}",HOLD_TO_SETTLEMENT,b530d65b28edd1535a76ec4046e518bc9de0bcfa836596c3227470a9a4d0a869,1.0.0,2026-09-15T01:30:56Z,1.0.0,1.0.0,1.0.0,2026-09-15T01:30:56Z,READY,351,182,139,0.566978,0.433022,1400,3100,0.451613,-501.709402,2d9a4d634a4a5508155a34c9ff097202c0d039e70a9a5b95665317d16af53f70,candle_path_not_fill,UNAVAILABLE,UNAVAILABLE,UNAVAILABLE,NOT_COMPUTABLE,UNAVAILABLE
devalidation,OBSERVED,base_devalidation,wins_match_recount,PASS,,hard,superasi_bdebase_v1.1.0,grade_config_v1,2026-09-21T18:16:15Z,55d9a8bdcc4e4d82a222fd1bfb84fdbf,ATP CROSS 65 REACH 85 40 JUL 2025 ITI-05,e5cba21e206a859f465992e9705418339cee20e8e1cab2abbaa6eefe9bdbcbca,1ca7e1b4c022503dc39a4e6c3fd93a68123b280a28d7e3501b8f40d8e70e44fd,544af08020cf5cbc80434291e0f6b64f562c9ed0142f5ef5b1aeb6eaeee949ae,ATP CROSS 65 REACH 85 40 JUL 2025 ITI-05,ATP,ATP,2025-2026,2025-07-01,2025-07-31,"{""date_from"":""2025-07-01"",""date_to"":""2025-07-31"",""game_data"":[],""leagues"":[""ATP""],""market_data"":[""candles""],""markets"":[""kalshi""],""seasons"":[""2025-2026""],""sports"":[""ATP""]}",TRADABLE_YES_BID,1_MINUTE_CANDLE,available_at,CROSS,"{""id"":""e1"",""op"":""CROSS"",""price_e4"":7100}",REACH,"{""id"":""win"",""op"":""REACH"",""outcome"":""win"",""price_e4"":8500}",REACH,"{""id"":""loss"",""op"":""REACH"",""outcome"":""loss"",""price_e4"":4000}",HOLD_TO_SETTLEMENT,b530d65b28edd1535a76ec4046e518bc9de0bcfa836596c3227470a9a4d0a869,1.0.0,2026-09-15T01:30:56Z,1.0.0,1.0.0,1.0.0,2026-09-15T01:30:56Z,READY,351,182,139,0.566978,0.433022,1400,3100,0.451613,-501.709402,2d9a4d634a4a5508155a34c9ff097202c0d039e70a9a5b95665317d16af53f70,candle_path_not_fill,UNAVAILABLE,UNAVAILABLE,UNAVAILABLE,NOT_COMPUTABLE,UNAVAILABLE
devalidation,OBSERVED,base_devalidation,losses_match_recount,PASS,,hard,superasi_bdebase_v1.1.0,grade_config_v1,2026-09-21T18:16:15Z,55d9a8bdcc4e4d82a222fd1bfb84fdbf,ATP CROSS 65 REACH 85 40 JUL 2025 ITI-05,e5cba21e206a859f465992e9705418339cee20e8e1cab2abbaa6eefe9bdbcbca,1ca7e1b4c022503dc39a4e6c3fd93a68123b280a28d7e3501b8f40d8e70e44fd,544af08020cf5cbc80434291e0f6b64f562c9ed0142f5ef5b1aeb6eaeee949ae,ATP CROSS 65 REACH 85 40 JUL 2025 ITI-05,ATP,ATP,2025-2026,2025-07-01,2025-07-31,"{""date_from"":""2025-07-01"",""date_to"":""2025-07-31"",""game_data"":[],""leagues"":[""ATP""],""market_data"":[""candles""],""markets"":[""kalshi""],""seasons"":[""2025-2026""],""sports"":[""ATP""]}",TRADABLE_YES_BID,1_MINUTE_CANDLE,available_at,CROSS,"{""id"":""e1"",""op"":""CROSS"",""price_e4"":7100}",REACH,"{""id"":""win"",""op"":""REACH"",""outcome"":""win"",""price_e4"":8500}",REACH,"{""id"":""loss"",""op"":""REACH"",""outcome"":""loss"",""price_e4"":4000}",HOLD_TO_SETTLEMENT,b530d65b28edd1535a76ec4046e518bc9de0bcfa836596c3227470a9a4d0a869,1.0.0,2026-09-15T01:30:56Z,1.0.0,1.0.0,1.0.0,2026-09-15T01:30:56Z,READY,351,182,139,0.566978,0.433022,1400,3100,0.451613,-501.709402,2d9a4d634a4a5508155a34c9ff097202c0d039e70a9a5b95665317d16af53f70,candle_path_not_fill,UNAVAILABLE,UNAVAILABLE,UNAVAILABLE,NOT_COMPUTABLE,UNAVAILABLE
devalidation,OBSERVED,base_devalidation,win_rate_reconciles,PASS,,hard,superasi_bdebase_v1.1.0,grade_config_v1,2026-09-21T18:16:15Z,55d9a8bdcc4e4d82a222fd1bfb84fdbf,ATP CROSS 65 REACH 85 40 JUL 2025 ITI-05,e5cba21e206a859f465992e9705418339cee20e8e1cab2abbaa6eefe9bdbcbca,1ca7e1b4c022503dc39a4e6c3fd93a68123b280a28d7e3501b8f40d8e70e44fd,544af08020cf5cbc80434291e0f6b64f562c9ed0142f5ef5b1aeb6eaeee949ae,ATP CROSS 65 REACH 85 40 JUL 2025 ITI-05,ATP,ATP,2025-2026,2025-07-01,2025-07-31,"{""date_from"":""2025-07-01"",""date_to"":""2025-07-31"",""game_data"":[],""leagues"":[""ATP""],""market_data"":[""candles""],""markets"":[""kalshi""],""seasons"":[""2025-2026""],""sports"":[""ATP""]}",TRADABLE_YES_BID,1_MINUTE_CANDLE,available_at,CROSS,"{""id"":""e1"",""op"":""CROSS"",""price_e4"":7100}",REACH,"{""id"":""win"",""op"":""REACH"",""outcome"":""win"",""price_e4"":8500}",REACH,"{""id"":""loss"",""op"":""REACH"",""outcome"":""loss"",""price_e4"":4000}",HOLD_TO_SETTLEMENT,b530d65b28edd1535a76ec4046e518bc9de0bcfa836596c3227470a9a4d0a869,1.0.0,2026-09-15T01:30:56Z,1.0.0,1.0.0,1.0.0,2026-09-15T01:30:56Z,READY,351,182,139,0.566978,0.433022,1400,3100,0.451613,-501.709402,2d9a4d634a4a5508155a34c9ff097202c0d039e70a9a5b95665317d16af53f70,candle_path_not_fill,UNAVAILABLE,UNAVAILABLE,UNAVAILABLE,NOT_COMPUTABLE,UNAVAILABLE
devalidation,OBSERVED,base_devalidation,result_hash_present,PASS,,hard,superasi_bdebase_v1.1.0,grade_config_v1,2026-09-21T18:16:15Z,55d9a8bdcc4e4d82a222fd1bfb84fdbf,ATP CROSS 65 REACH 85 40 JUL 2025 ITI-05,e5cba21e206a859f465992e9705418339cee20e8e1cab2abbaa6eefe9bdbcbca,1ca7e1b4c022503dc39a4e6c3fd93a68123b280a28d7e3501b8f40d8e70e44fd,544af08020cf5cbc80434291e0f6b64f562c9ed0142f5ef5b1aeb6eaeee949ae,ATP CROSS 65 REACH 85 40 JUL 2025 ITI-05,ATP,ATP,2025-2026,2025-07-01,2025-07-31,"{""date_from"":""2025-07-01"",""date_to"":""2025-07-31"",""game_data"":[],""leagues"":[""ATP""],""market_data"":[""candles""],""markets"":[""kalshi""],""seasons"":[""2025-2026""],""sports"":[""ATP""]}",TRADABLE_YES_BID,1_MINUTE_CANDLE,available_at,CROSS,"{""id"":""e1"",""op"":""CROSS"",""price_e4"":7100}",REACH,"{""id"":""win"",""op"":""REACH"",""outcome"":""win"",""price_e4"":8500}",REACH,"{""id"":""loss"",""op"":""REACH"",""outcome"":""loss"",""price_e4"":4000}",HOLD_TO_SETTLEMENT,b530d65b28edd1535a76ec4046e518bc9de0bcfa836596c3227470a9a4d0a869,1.0.0,2026-09-15T01:30:56Z,1.0.0,1.0.0,1.0.0,2026-09-15T01:30:56Z,READY,351,182,139,0.566978,0.433022,1400,3100,0.451613,-501.709402,2d9a4d634a4a5508155a34c9ff097202c0d039e70a9a5b95665317d16af53f70,candle_path_not_fill,UNAVAILABLE,UNAVAILABLE,UNAVAILABLE,NOT_COMPUTABLE,UNAVAILABLE
devalidation,OBSERVED,base_devalidation,plan_hash_present,PASS,,hard,superasi_bdebase_v1.1.0,grade_config_v1,2026-09-21T18:16:15Z,55d9a8bdcc4e4d82a222fd1bfb84fdbf,ATP CROSS 65 REACH 85 40 JUL 2025 ITI-05,e5cba21e206a859f465992e9705418339cee20e8e1cab2abbaa6eefe9bdbcbca,1ca7e1b4c022503dc39a4e6c3fd93a68123b280a28d7e3501b8f40d8e70e44fd,544af08020cf5cbc80434291e0f6b64f562c9ed0142f5ef5b1aeb6eaeee949ae,ATP CROSS 65 REACH 85 40 JUL 2025 ITI-05,ATP,ATP,2025-2026,2025-07-01,2025-07-31,"{""date_from"":""2025-07-01"",""date_to"":""2025-07-31"",""game_data"":[],""leagues"":[""ATP""],""market_data"":[""candles""],""markets"":[""kalshi""],""seasons"":[""2025-2026""],""sports"":[""ATP""]}",TRADABLE_YES_BID,1_MINUTE_CANDLE,available_at,CROSS,"{""id"":""e1"",""op"":""CROSS"",""price_e4"":7100}",REACH,"{""id"":""win"",""op"":""REACH"",""outcome"":""win"",""price_e4"":8500}",REACH,"{""id"":""loss"",""op"":""REACH"",""outcome"":""loss"",""price_e4"":4000}",HOLD_TO_SETTLEMENT,b530d65b28edd1535a76ec4046e518bc9de0bcfa836596c3227470a9a4d0a869,1.0.0,2026-09-15T01:30:56Z,1.0.0,1.0.0,1.0.0,2026-09-15T01:30:56Z,READY,351,182,139,0.566978,0.433022,1400,3100,0.451613,-501.709402,2d9a4d634a4a5508155a34c9ff097202c0d039e70a9a5b95665317d16af53f70,candle_path_not_fill,UNAVAILABLE,UNAVAILABLE,UNAVAILABLE,NOT_COMPUTABLE,UNAVAILABLE
devalidation,OBSERVED,base_devalidation,risk_record_present,PASS,,warning,superasi_bdebase_v1.1.0,grade_config_v1,2026-09-21T18:16:15Z,55d9a8bdcc4e4d82a222fd1bfb84fdbf,ATP CROSS 65 REACH 85 40 JUL 2025 ITI-05,e5cba21e206a859f465992e9705418339cee20e8e1cab2abbaa6eefe9bdbcbca,1ca7e1b4c022503dc39a4e6c3fd93a68123b280a28d7e3501b8f40d8e70e44fd,544af08020cf5cbc80434291e0f6b64f562c9ed0142f5ef5b1aeb6eaeee949ae,ATP CROSS 65 REACH 85 40 JUL 2025 ITI-05,ATP,ATP,2025-2026,2025-07-01,2025-07-31,"{""date_from"":""2025-07-01"",""date_to"":""2025-07-31"",""game_data"":[],""leagues"":[""ATP""],""market_data"":[""candles""],""markets"":[""kalshi""],""seasons"":[""2025-2026""],""sports"":[""ATP""]}",TRADABLE_YES_BID,1_MINUTE_CANDLE,available_at,CROSS,"{""id"":""e1"",""op"":""CROSS"",""price_e4"":7100}",REACH,"{""id"":""win"",""op"":""REACH"",""outcome"":""win"",""price_e4"":8500}",REACH,"{""id"":""loss"",""op"":""REACH"",""outcome"":""loss"",""price_e4"":4000}",HOLD_TO_SETTLEMENT,b530d65b28edd1535a76ec4046e518bc9de0bcfa836596c3227470a9a4d0a869,1.0.0,2026-09-15T01:30:56Z,1.0.0,1.0.0,1.0.0,2026-09-15T01:30:56Z,READY,351,182,139,0.566978,0.433022,1400,3100,0.451613,-501.709402,2d9a4d634a4a5508155a34c9ff097202c0d039e70a9a5b95665317d16af53f70,candle_path_not_fill,UNAVAILABLE,UNAVAILABLE,UNAVAILABLE,NOT_COMPUTABLE,UNAVAILABLE
devalidation,OBSERVED,base_devalidation,phase_a_folder,PASS,,hard,superasi_bdebase_v1.1.0,grade_config_v1,2026-09-21T18:16:15Z,55d9a8bdcc4e4d82a222fd1bfb84fdbf,ATP CROSS 65 REACH 85 40 JUL 2025 ITI-05,e5cba21e206a859f465992e9705418339cee20e8e1cab2abbaa6eefe9bdbcbca,1ca7e1b4c022503dc39a4e6c3fd93a68123b280a28d7e3501b8f40d8e70e44fd,544af08020cf5cbc80434291e0f6b64f562c9ed0142f5ef5b1aeb6eaeee949ae,ATP CROSS 65 REACH 85 40 JUL 2025 ITI-05,ATP,ATP,2025-2026,2025-07-01,2025-07-31,"{""date_from"":""2025-07-01"",""date_to"":""2025-07-31"",""game_data"":[],""leagues"":[""ATP""],""market_data"":[""candles""],""markets"":[""kalshi""],""seasons"":[""2025-2026""],""sports"":[""ATP""]}",TRADABLE_YES_BID,1_MINUTE_CANDLE,available_at,CROSS,"{""id"":""e1"",""op"":""CROSS"",""price_e4"":7100}",REACH,"{""id"":""win"",""op"":""REACH"",""outcome"":""win"",""price_e4"":8500}",REACH,"{""id"":""loss"",""op"":""REACH"",""outcome"":""loss"",""price_e4"":4000}",HOLD_TO_SETTLEMENT,b530d65b28edd1535a76ec4046e518bc9de0bcfa836596c3227470a9a4d0a869,1.0.0,2026-09-15T01:30:56Z,1.0.0,1.0.0,1.0.0,2026-09-15T01:30:56Z,READY,351,182,139,0.566978,0.433022,1400,3100,0.451613,-501.709402,2d9a4d634a4a5508155a34c9ff097202c0d039e70a9a5b95665317d16af53f70,candle_path_not_fill,UNAVAILABLE,UNAVAILABLE,UNAVAILABLE,NOT_COMPUTABLE,UNAVAILABLE
devalidation,OBSERVED,base_devalidation,phase_a_roller_present,PASS,,hard,superasi_bdebase_v1.1.0,grade_config_v1,2026-09-21T18:16:15Z,55d9a8bdcc4e4d82a222fd1bfb84fdbf,ATP CROSS 65 REACH 85 40 JUL 2025 ITI-05,e5cba21e206a859f465992e9705418339cee20e8e1cab2abbaa6eefe9bdbcbca,1ca7e1b4c022503dc39a4e6c3fd93a68123b280a28d7e3501b8f40d8e70e44fd,544af08020cf5cbc80434291e0f6b64f562c9ed0142f5ef5b1aeb6eaeee949ae,ATP CROSS 65 REACH 85 40 JUL 2025 ITI-05,ATP,ATP,2025-2026,2025-07-01,2025-07-31,"{""date_from"":""2025-07-01"",""date_to"":""2025-07-31"",""game_data"":[],""leagues"":[""ATP""],""market_data"":[""candles""],""markets"":[""kalshi""],""seasons"":[""2025-2026""],""sports"":[""ATP""]}",TRADABLE_YES_BID,1_MINUTE_CANDLE,available_at,CROSS,"{""id"":""e1"",""op"":""CROSS"",""price_e4"":7100}",REACH,"{""id"":""win"",""op"":""REACH"",""outcome"":""win"",""price_e4"":8500}",REACH,"{""id"":""loss"",""op"":""REACH"",""outcome"":""loss"",""price_e4"":4000}",HOLD_TO_SETTLEMENT,b530d65b28edd1535a76ec4046e518bc9de0bcfa836596c3227470a9a4d0a869,1.0.0,2026-09-15T01:30:56Z,1.0.0,1.0.0,1.0.0,2026-09-15T01:30:56Z,READY,351,182,139,0.566978,0.433022,1400,3100,0.451613,-501.709402,2d9a4d634a4a5508155a34c9ff097202c0d039e70a9a5b95665317d16af53f70,candle_path_not_fill,UNAVAILABLE,UNAVAILABLE,UNAVAILABLE,NOT_COMPUTABLE,UNAVAILABLE
devalidation,OBSERVED,base_devalidation,phase_a_abase_present,PASS,,hard,superasi_bdebase_v1.1.0,grade_config_v1,2026-09-21T18:16:15Z,55d9a8bdcc4e4d82a222fd1bfb84fdbf,ATP CROSS 65 REACH 85 40 JUL 2025 ITI-05,e5cba21e206a859f465992e9705418339cee20e8e1cab2abbaa6eefe9bdbcbca,1ca7e1b4c022503dc39a4e6c3fd93a68123b280a28d7e3501b8f40d8e70e44fd,544af08020cf5cbc80434291e0f6b64f562c9ed0142f5ef5b1aeb6eaeee949ae,ATP CROSS 65 REACH 85 40 JUL 2025 ITI-05,ATP,ATP,2025-2026,2025-07-01,2025-07-31,"{""date_from"":""2025-07-01"",""date_to"":""2025-07-31"",""game_data"":[],""leagues"":[""ATP""],""market_data"":[""candles""],""markets"":[""kalshi""],""seasons"":[""2025-2026""],""sports"":[""ATP""]}",TRADABLE_YES_BID,1_MINUTE_CANDLE,available_at,CROSS,"{""id"":""e1"",""op"":""CROSS"",""price_e4"":7100}",REACH,"{""id"":""win"",""op"":""REACH"",""outcome"":""win"",""price_e4"":8500}",REACH,"{""id"":""loss"",""op"":""REACH"",""outcome"":""loss"",""price_e4"":4000}",HOLD_TO_SETTLEMENT,b530d65b28edd1535a76ec4046e518bc9de0bcfa836596c3227470a9a4d0a869,1.0.0,2026-09-15T01:30:56Z,1.0.0,1.0.0,1.0.0,2026-09-15T01:30:56Z,READY,351,182,139,0.566978,0.433022,1400,3100,0.451613,-501.709402,2d9a4d634a4a5508155a34c9ff097202c0d039e70a9a5b95665317d16af53f70,candle_path_not_fill,UNAVAILABLE,UNAVAILABLE,UNAVAILABLE,NOT_COMPUTABLE,UNAVAILABLE
devalidation,OBSERVED,base_devalidation,phase_a_base_grade,PASS,,hard,superasi_bdebase_v1.1.0,grade_config_v1,2026-09-21T18:16:15Z,55d9a8bdcc4e4d82a222fd1bfb84fdbf,ATP CROSS 65 REACH 85 40 JUL 2025 ITI-05,e5cba21e206a859f465992e9705418339cee20e8e1cab2abbaa6eefe9bdbcbca,1ca7e1b4c022503dc39a4e6c3fd93a68123b280a28d7e3501b8f40d8e70e44fd,544af08020cf5cbc80434291e0f6b64f562c9ed0142f5ef5b1aeb6eaeee949ae,ATP CROSS 65 REACH 85 40 JUL 2025 ITI-05,ATP,ATP,2025-2026,2025-07-01,2025-07-31,"{""date_from"":""2025-07-01"",""date_to"":""2025-07-31"",""game_data"":[],""leagues"":[""ATP""],""market_data"":[""candles""],""markets"":[""kalshi""],""seasons"":[""2025-2026""],""sports"":[""ATP""]}",TRADABLE_YES_BID,1_MINUTE_CANDLE,available_at,CROSS,"{""id"":""e1"",""op"":""CROSS"",""price_e4"":7100}",REACH,"{""id"":""win"",""op"":""REACH"",""outcome"":""win"",""price_e4"":8500}",REACH,"{""id"":""loss"",""op"":""REACH"",""outcome"":""loss"",""price_e4"":4000}",HOLD_TO_SETTLEMENT,b530d65b28edd1535a76ec4046e518bc9de0bcfa836596c3227470a9a4d0a869,1.0.0,2026-09-15T01:30:56Z,1.0.0,1.0.0,1.0.0,2026-09-15T01:30:56Z,READY,351,182,139,0.566978,0.433022,1400,3100,0.451613,-501.709402,2d9a4d634a4a5508155a34c9ff097202c0d039e70a9a5b95665317d16af53f70,candle_path_not_fill,UNAVAILABLE,UNAVAILABLE,UNAVAILABLE,NOT_COMPUTABLE,UNAVAILABLE
devalidation,OBSERVED,base_devalidation,source_lab_id,PASS,,hard,superasi_bdebase_v1.1.0,grade_config_v1,2026-09-21T18:16:15Z,55d9a8bdcc4e4d82a222fd1bfb84fdbf,ATP CROSS 65 REACH 85 40 JUL 2025 ITI-05,e5cba21e206a859f465992e9705418339cee20e8e1cab2abbaa6eefe9bdbcbca,1ca7e1b4c022503dc39a4e6c3fd93a68123b280a28d7e3501b8f40d8e70e44fd,544af08020cf5cbc80434291e0f6b64f562c9ed0142f5ef5b1aeb6eaeee949ae,ATP CROSS 65 REACH 85 40 JUL 2025 ITI-05,ATP,ATP,2025-2026,2025-07-01,2025-07-31,"{""date_from"":""2025-07-01"",""date_to"":""2025-07-31"",""game_data"":[],""leagues"":[""ATP""],""market_data"":[""candles""],""markets"":[""kalshi""],""seasons"":[""2025-2026""],""sports"":[""ATP""]}",TRADABLE_YES_BID,1_MINUTE_CANDLE,available_at,CROSS,"{""id"":""e1"",""op"":""CROSS"",""price_e4"":7100}",REACH,"{""id"":""win"",""op"":""REACH"",""outcome"":""win"",""price_e4"":8500}",REACH,"{""id"":""loss"",""op"":""REACH"",""outcome"":""loss"",""price_e4"":4000}",HOLD_TO_SETTLEMENT,b530d65b28edd1535a76ec4046e518bc9de0bcfa836596c3227470a9a4d0a869,1.0.0,2026-09-15T01:30:56Z,1.0.0,1.0.0,1.0.0,2026-09-15T01:30:56Z,READY,351,182,139,0.566978,0.433022,1400,3100,0.451613,-501.709402,2d9a4d634a4a5508155a34c9ff097202c0d039e70a9a5b95665317d16af53f70,candle_path_not_fill,UNAVAILABLE,UNAVAILABLE,UNAVAILABLE,NOT_COMPUTABLE,UNAVAILABLE
devalidation,OBSERVED,base_devalidation,plan_hash_present,PASS,,hard,superasi_bdebase_v1.1.0,grade_config_v1,2026-09-21T18:16:15Z,55d9a8bdcc4e4d82a222fd1bfb84fdbf,ATP CROSS 65 REACH 85 40 JUL 2025 ITI-05,e5cba21e206a859f465992e9705418339cee20e8e1cab2abbaa6eefe9bdbcbca,1ca7e1b4c022503dc39a4e6c3fd93a68123b280a28d7e3501b8f40d8e70e44fd,544af08020cf5cbc80434291e0f6b64f562c9ed0142f5ef5b1aeb6eaeee949ae,ATP CROSS 65 REACH 85 40 JUL 2025 ITI-05,ATP,ATP,2025-2026,2025-07-01,2025-07-31,"{""date_from"":""2025-07-01"",""date_to"":""2025-07-31"",""game_data"":[],""leagues"":[""ATP""],""market_data"":[""candles""],""markets"":[""kalshi""],""seasons"":[""2025-2026""],""sports"":[""ATP""]}",TRADABLE_YES_BID,1_MINUTE_CANDLE,available_at,CROSS,"{""id"":""e1"",""op"":""CROSS"",""price_e4"":7100}",REACH,"{""id"":""win"",""op"":""REACH"",""outcome"":""win"",""price_e4"":8500}",REACH,"{""id"":""loss"",""op"":""REACH"",""outcome"":""loss"",""price_e4"":4000}",HOLD_TO_SETTLEMENT,b530d65b28edd1535a76ec4046e518bc9de0bcfa836596c3227470a9a4d0a869,1.0.0,2026-09-15T01:30:56Z,1.0.0,1.0.0,1.0.0,2026-09-15T01:30:56Z,READY,351,182,139,0.566978,0.433022,1400,3100,0.451613,-501.709402,2d9a4d634a4a5508155a34c9ff097202c0d039e70a9a5b95665317d16af53f70,candle_path_not_fill,UNAVAILABLE,UNAVAILABLE,UNAVAILABLE,NOT_COMPUTABLE,UNAVAILABLE
devalidation,OBSERVED,base_devalidation,result_hash_present,PASS,,hard,superasi_bdebase_v1.1.0,grade_config_v1,2026-09-21T18:16:15Z,55d9a8bdcc4e4d82a222fd1bfb84fdbf,ATP CROSS 65 REACH 85 40 JUL 2025 ITI-05,e5cba21e206a859f465992e9705418339cee20e8e1cab2abbaa6eefe9bdbcbca,1ca7e1b4c022503dc39a4e6c3fd93a68123b280a28d7e3501b8f40d8e70e44fd,544af08020cf5cbc80434291e0f6b64f562c9ed0142f5ef5b1aeb6eaeee949ae,ATP CROSS 65 REACH 85 40 JUL 2025 ITI-05,ATP,ATP,2025-2026,2025-07-01,2025-07-31,"{""date_from"":""2025-07-01"",""date_to"":""2025-07-31"",""game_data"":[],""leagues"":[""ATP""],""market_data"":[""candles""],""markets"":[""kalshi""],""seasons"":[""2025-2026""],""sports"":[""ATP""]}",TRADABLE_YES_BID,1_MINUTE_CANDLE,available_at,CROSS,"{""id"":""e1"",""op"":""CROSS"",""price_e4"":7100}",REACH,"{""id"":""win"",""op"":""REACH"",""outcome"":""win"",""price_e4"":8500}",REACH,"{""id"":""loss"",""op"":""REACH"",""outcome"":""loss"",""price_e4"":4000}",HOLD_TO_SETTLEMENT,b530d65b28edd1535a76ec4046e518bc9de0bcfa836596c3227470a9a4d0a869,1.0.0,2026-09-15T01:30:56Z,1.0.0,1.0.0,1.0.0,2026-09-15T01:30:56Z,READY,351,182,139,0.566978,0.433022,1400,3100,0.451613,-501.709402,2d9a4d634a4a5508155a34c9ff097202c0d039e70a9a5b95665317d16af53f70,candle_path_not_fill,UNAVAILABLE,UNAVAILABLE,UNAVAILABLE,NOT_COMPUTABLE,UNAVAILABLE
devalidation,OBSERVED,base_devalidation,question_persisted,PASS,,warning,superasi_bdebase_v1.1.0,grade_config_v1,2026-09-21T18:16:15Z,55d9a8bdcc4e4d82a222fd1bfb84fdbf,ATP CROSS 65 REACH 85 40 JUL 2025 ITI-05,e5cba21e206a859f465992e9705418339cee20e8e1cab2abbaa6eefe9bdbcbca,1ca7e1b4c022503dc39a4e6c3fd93a68123b280a28d7e3501b8f40d8e70e44fd,544af08020cf5cbc80434291e0f6b64f562c9ed0142f5ef5b1aeb6eaeee949ae,ATP CROSS 65 REACH 85 40 JUL 2025 ITI-05,ATP,ATP,2025-2026,2025-07-01,2025-07-31,"{""date_from"":""2025-07-01"",""date_to"":""2025-07-31"",""game_data"":[],""leagues"":[""ATP""],""market_data"":[""candles""],""markets"":[""kalshi""],""seasons"":[""2025-2026""],""sports"":[""ATP""]}",TRADABLE_YES_BID,1_MINUTE_CANDLE,available_at,CROSS,"{""id"":""e1"",""op"":""CROSS"",""price_e4"":7100}",REACH,"{""id"":""win"",""op"":""REACH"",""outcome"":""win"",""price_e4"":8500}",REACH,"{""id"":""loss"",""op"":""REACH"",""outcome"":""loss"",""price_e4"":4000}",HOLD_TO_SETTLEMENT,b530d65b28edd1535a76ec4046e518bc9de0bcfa836596c3227470a9a4d0a869,1.0.0,2026-09-15T01:30:56Z,1.0.0,1.0.0,1.0.0,2026-09-15T01:30:56Z,READY,351,182,139,0.566978,0.433022,1400,3100,0.451613,-501.709402,2d9a4d634a4a5508155a34c9ff097202c0d039e70a9a5b95665317d16af53f70,candle_path_not_fill,UNAVAILABLE,UNAVAILABLE,UNAVAILABLE,NOT_COMPUTABLE,UNAVAILABLE
devalidation,OBSERVED,base_devalidation,source_lab_matches_metadata,PASS,,hard,superasi_bdebase_v1.1.0,grade_config_v1,2026-09-21T18:16:15Z,55d9a8bdcc4e4d82a222fd1bfb84fdbf,ATP CROSS 65 REACH 85 40 JUL 2025 ITI-05,e5cba21e206a859f465992e9705418339cee20e8e1cab2abbaa6eefe9bdbcbca,1ca7e1b4c022503dc39a4e6c3fd93a68123b280a28d7e3501b8f40d8e70e44fd,544af08020cf5cbc80434291e0f6b64f562c9ed0142f5ef5b1aeb6eaeee949ae,ATP CROSS 65 REACH 85 40 JUL 2025 ITI-05,ATP,ATP,2025-2026,2025-07-01,2025-07-31,"{""date_from"":""2025-07-01"",""date_to"":""2025-07-31"",""game_data"":[],""leagues"":[""ATP""],""market_data"":[""candles""],""markets"":[""kalshi""],""seasons"":[""2025-2026""],""sports"":[""ATP""]}",TRADABLE_YES_BID,1_MINUTE_CANDLE,available_at,CROSS,"{""id"":""e1"",""op"":""CROSS"",""price_e4"":7100}",REACH,"{""id"":""win"",""op"":""REACH"",""outcome"":""win"",""price_e4"":8500}",REACH,"{""id"":""loss"",""op"":""REACH"",""outcome"":""loss"",""price_e4"":4000}",HOLD_TO_SETTLEMENT,b530d65b28edd1535a76ec4046e518bc9de0bcfa836596c3227470a9a4d0a869,1.0.0,2026-09-15T01:30:56Z,1.0.0,1.0.0,1.0.0,2026-09-15T01:30:56Z,READY,351,182,139,0.566978,0.433022,1400,3100,0.451613,-501.709402,2d9a4d634a4a5508155a34c9ff097202c0d039e70a9a5b95665317d16af53f70,candle_path_not_fill,UNAVAILABLE,UNAVAILABLE,UNAVAILABLE,NOT_COMPUTABLE,UNAVAILABLE
devalidation,OBSERVED,base_devalidation,desk_break_even,PASS,,hard,superasi_bdebase_v1.1.0,grade_config_v1,2026-09-21T18:16:15Z,55d9a8bdcc4e4d82a222fd1bfb84fdbf,ATP CROSS 65 REACH 85 40 JUL 2025 ITI-05,e5cba21e206a859f465992e9705418339cee20e8e1cab2abbaa6eefe9bdbcbca,1ca7e1b4c022503dc39a4e6c3fd93a68123b280a28d7e3501b8f40d8e70e44fd,544af08020cf5cbc80434291e0f6b64f562c9ed0142f5ef5b1aeb6eaeee949ae,ATP CROSS 65 REACH 85 40 JUL 2025 ITI-05,ATP,ATP,2025-2026,2025-07-01,2025-07-31,"{""date_from"":""2025-07-01"",""date_to"":""2025-07-31"",""game_data"":[],""leagues"":[""ATP""],""market_data"":[""candles""],""markets"":[""kalshi""],""seasons"":[""2025-2026""],""sports"":[""ATP""]}",TRADABLE_YES_BID,1_MINUTE_CANDLE,available_at,CROSS,"{""id"":""e1"",""op"":""CROSS"",""price_e4"":7100}",REACH,"{""id"":""win"",""op"":""REACH"",""outcome"":""win"",""price_e4"":8500}",REACH,"{""id"":""loss"",""op"":""REACH"",""outcome"":""loss"",""price_e4"":4000}",HOLD_TO_SETTLEMENT,b530d65b28edd1535a76ec4046e518bc9de0bcfa836596c3227470a9a4d0a869,1.0.0,2026-09-15T01:30:56Z,1.0.0,1.0.0,1.0.0,2026-09-15T01:30:56Z,READY,351,182,139,0.566978,0.433022,1400,3100,0.451613,-501.709402,2d9a4d634a4a5508155a34c9ff097202c0d039e70a9a5b95665317d16af53f70,candle_path_not_fill,UNAVAILABLE,UNAVAILABLE,UNAVAILABLE,NOT_COMPUTABLE,UNAVAILABLE
devalidation,OBSERVED,base_devalidation,desk_ev_at_70,PASS,,hard,superasi_bdebase_v1.1.0,grade_config_v1,2026-09-21T18:16:15Z,55d9a8bdcc4e4d82a222fd1bfb84fdbf,ATP CROSS 65 REACH 85 40 JUL 2025 ITI-05,e5cba21e206a859f465992e9705418339cee20e8e1cab2abbaa6eefe9bdbcbca,1ca7e1b4c022503dc39a4e6c3fd93a68123b280a28d7e3501b8f40d8e70e44fd,544af08020cf5cbc80434291e0f6b64f562c9ed0142f5ef5b1aeb6eaeee949ae,ATP CROSS 65 REACH 85 40 JUL 2025 ITI-05,ATP,ATP,2025-2026,2025-07-01,2025-07-31,"{""date_from"":""2025-07-01"",""date_to"":""2025-07-31"",""game_data"":[],""leagues"":[""ATP""],""market_data"":[""candles""],""markets"":[""kalshi""],""seasons"":[""2025-2026""],""sports"":[""ATP""]}",TRADABLE_YES_BID,1_MINUTE_CANDLE,available_at,CROSS,"{""id"":""e1"",""op"":""CROSS"",""price_e4"":7100}",REACH,"{""id"":""win"",""op"":""REACH"",""outcome"":""win"",""price_e4"":8500}",REACH,"{""id"":""loss"",""op"":""REACH"",""outcome"":""loss"",""price_e4"":4000}",HOLD_TO_SETTLEMENT,b530d65b28edd1535a76ec4046e518bc9de0bcfa836596c3227470a9a4d0a869,1.0.0,2026-09-15T01:30:56Z,1.0.0,1.0.0,1.0.0,2026-09-15T01:30:56Z,READY,351,182,139,0.566978,0.433022,1400,3100,0.451613,-501.709402,2d9a4d634a4a5508155a34c9ff097202c0d039e70a9a5b95665317d16af53f70,candle_path_not_fill,UNAVAILABLE,UNAVAILABLE,UNAVAILABLE,NOT_COMPUTABLE,UNAVAILABLE
devalidation,OBSERVED,base_devalidation,desk_ev_at_be,PASS,,hard,superasi_bdebase_v1.1.0,grade_config_v1,2026-09-21T18:16:15Z,55d9a8bdcc4e4d82a222fd1bfb84fdbf,ATP CROSS 65 REACH 85 40 JUL 2025 ITI-05,e5cba21e206a859f465992e9705418339cee20e8e1cab2abbaa6eefe9bdbcbca,1ca7e1b4c022503dc39a4e6c3fd93a68123b280a28d7e3501b8f40d8e70e44fd,544af08020cf5cbc80434291e0f6b64f562c9ed0142f5ef5b1aeb6eaeee949ae,ATP CROSS 65 REACH 85 40 JUL 2025 ITI-05,ATP,ATP,2025-2026,2025-07-01,2025-07-31,"{""date_from"":""2025-07-01"",""date_to"":""2025-07-31"",""game_data"":[],""leagues"":[""ATP""],""market_data"":[""candles""],""markets"":[""kalshi""],""seasons"":[""2025-2026""],""sports"":[""ATP""]}",TRADABLE_YES_BID,1_MINUTE_CANDLE,available_at,CROSS,"{""id"":""e1"",""op"":""CROSS"",""price_e4"":7100}",REACH,"{""id"":""win"",""op"":""REACH"",""outcome"":""win"",""price_e4"":8500}",REACH,"{""id"":""loss"",""op"":""REACH"",""outcome"":""loss"",""price_e4"":4000}",HOLD_TO_SETTLEMENT,b530d65b28edd1535a76ec4046e518bc9de0bcfa836596c3227470a9a4d0a869,1.0.0,2026-09-15T01:30:56Z,1.0.0,1.0.0,1.0.0,2026-09-15T01:30:56Z,READY,351,182,139,0.566978,0.433022,1400,3100,0.451613,-501.709402,2d9a4d634a4a5508155a34c9ff097202c0d039e70a9a5b95665317d16af53f70,candle_path_not_fill,UNAVAILABLE,UNAVAILABLE,UNAVAILABLE,NOT_COMPUTABLE,UNAVAILABLE
devalidation,OBSERVED,base_devalidation,desk_week_7,PASS,,hard,superasi_bdebase_v1.1.0,grade_config_v1,2026-09-21T18:16:15Z,55d9a8bdcc4e4d82a222fd1bfb84fdbf,ATP CROSS 65 REACH 85 40 JUL 2025 ITI-05,e5cba21e206a859f465992e9705418339cee20e8e1cab2abbaa6eefe9bdbcbca,1ca7e1b4c022503dc39a4e6c3fd93a68123b280a28d7e3501b8f40d8e70e44fd,544af08020cf5cbc80434291e0f6b64f562c9ed0142f5ef5b1aeb6eaeee949ae,ATP CROSS 65 REACH 85 40 JUL 2025 ITI-05,ATP,ATP,2025-2026,2025-07-01,2025-07-31,"{""date_from"":""2025-07-01"",""date_to"":""2025-07-31"",""game_data"":[],""leagues"":[""ATP""],""market_data"":[""candles""],""markets"":[""kalshi""],""seasons"":[""2025-2026""],""sports"":[""ATP""]}",TRADABLE_YES_BID,1_MINUTE_CANDLE,available_at,CROSS,"{""id"":""e1"",""op"":""CROSS"",""price_e4"":7100}",REACH,"{""id"":""win"",""op"":""REACH"",""outcome"":""win"",""price_e4"":8500}",REACH,"{""id"":""loss"",""op"":""REACH"",""outcome"":""loss"",""price_e4"":4000}",HOLD_TO_SETTLEMENT,b530d65b28edd1535a76ec4046e518bc9de0bcfa836596c3227470a9a4d0a869,1.0.0,2026-09-15T01:30:56Z,1.0.0,1.0.0,1.0.0,2026-09-15T01:30:56Z,READY,351,182,139,0.566978,0.433022,1400,3100,0.451613,-501.709402,2d9a4d634a4a5508155a34c9ff097202c0d039e70a9a5b95665317d16af53f70,candle_path_not_fill,UNAVAILABLE,UNAVAILABLE,UNAVAILABLE,NOT_COMPUTABLE,UNAVAILABLE
devalidation,OBSERVED,base_devalidation,desk_week_10,PASS,,hard,superasi_bdebase_v1.1.0,grade_config_v1,2026-09-21T18:16:15Z,55d9a8bdcc4e4d82a222fd1bfb84fdbf,ATP CROSS 65 REACH 85 40 JUL 2025 ITI-05,e5cba21e206a859f465992e9705418339cee20e8e1cab2abbaa6eefe9bdbcbca,1ca7e1b4c022503dc39a4e6c3fd93a68123b280a28d7e3501b8f40d8e70e44fd,544af08020cf5cbc80434291e0f6b64f562c9ed0142f5ef5b1aeb6eaeee949ae,ATP CROSS 65 REACH 85 40 JUL 2025 ITI-05,ATP,ATP,2025-2026,2025-07-01,2025-07-31,"{""date_from"":""2025-07-01"",""date_to"":""2025-07-31"",""game_data"":[],""leagues"":[""ATP""],""market_data"":[""candles""],""markets"":[""kalshi""],""seasons"":[""2025-2026""],""sports"":[""ATP""]}",TRADABLE_YES_BID,1_MINUTE_CANDLE,available_at,CROSS,"{""id"":""e1"",""op"":""CROSS"",""price_e4"":7100}",REACH,"{""id"":""win"",""op"":""REACH"",""outcome"":""win"",""price_e4"":8500}",REACH,"{""id"":""loss"",""op"":""REACH"",""outcome"":""loss"",""price_e4"":4000}",HOLD_TO_SETTLEMENT,b530d65b28edd1535a76ec4046e518bc9de0bcfa836596c3227470a9a4d0a869,1.0.0,2026-09-15T01:30:56Z,1.0.0,1.0.0,1.0.0,2026-09-15T01:30:56Z,READY,351,182,139,0.566978,0.433022,1400,3100,0.451613,-501.709402,2d9a4d634a4a5508155a34c9ff097202c0d039e70a9a5b95665317d16af53f70,candle_path_not_fill,UNAVAILABLE,UNAVAILABLE,UNAVAILABLE,NOT_COMPUTABLE,UNAVAILABLE
devalidation,OBSERVED,base_devalidation,desk_week_0,PASS,,hard,superasi_bdebase_v1.1.0,grade_config_v1,2026-09-21T18:16:15Z,55d9a8bdcc4e4d82a222fd1bfb84fdbf,ATP CROSS 65 REACH 85 40 JUL 2025 ITI-05,e5cba21e206a859f465992e9705418339cee20e8e1cab2abbaa6eefe9bdbcbca,1ca7e1b4c022503dc39a4e6c3fd93a68123b280a28d7e3501b8f40d8e70e44fd,544af08020cf5cbc80434291e0f6b64f562c9ed0142f5ef5b1aeb6eaeee949ae,ATP CROSS 65 REACH 85 40 JUL 2025 ITI-05,ATP,ATP,2025-2026,2025-07-01,2025-07-31,"{""date_from"":""2025-07-01"",""date_to"":""2025-07-31"",""game_data"":[],""leagues"":[""ATP""],""market_data"":[""candles""],""markets"":[""kalshi""],""seasons"":[""2025-2026""],""sports"":[""ATP""]}",TRADABLE_YES_BID,1_MINUTE_CANDLE,available_at,CROSS,"{""id"":""e1"",""op"":""CROSS"",""price_e4"":7100}",REACH,"{""id"":""win"",""op"":""REACH"",""outcome"":""win"",""price_e4"":8500}",REACH,"{""id"":""loss"",""op"":""REACH"",""outcome"":""loss"",""price_e4"":4000}",HOLD_TO_SETTLEMENT,b530d65b28edd1535a76ec4046e518bc9de0bcfa836596c3227470a9a4d0a869,1.0.0,2026-09-15T01:30:56Z,1.0.0,1.0.0,1.0.0,2026-09-15T01:30:56Z,READY,351,182,139,0.566978,0.433022,1400,3100,0.451613,-501.709402,2d9a4d634a4a5508155a34c9ff097202c0d039e70a9a5b95665317d16af53f70,candle_path_not_fill,UNAVAILABLE,UNAVAILABLE,UNAVAILABLE,NOT_COMPUTABLE,UNAVAILABLE
devalidation,OBSERVED,base_devalidation,desk_compound_20,PASS,,hard,superasi_bdebase_v1.1.0,grade_config_v1,2026-09-21T18:16:15Z,55d9a8bdcc4e4d82a222fd1bfb84fdbf,ATP CROSS 65 REACH 85 40 JUL 2025 ITI-05,e5cba21e206a859f465992e9705418339cee20e8e1cab2abbaa6eefe9bdbcbca,1ca7e1b4c022503dc39a4e6c3fd93a68123b280a28d7e3501b8f40d8e70e44fd,544af08020cf5cbc80434291e0f6b64f562c9ed0142f5ef5b1aeb6eaeee949ae,ATP CROSS 65 REACH 85 40 JUL 2025 ITI-05,ATP,ATP,2025-2026,2025-07-01,2025-07-31,"{""date_from"":""2025-07-01"",""date_to"":""2025-07-31"",""game_data"":[],""leagues"":[""ATP""],""market_data"":[""candles""],""markets"":[""kalshi""],""seasons"":[""2025-2026""],""sports"":[""ATP""]}",TRADABLE_YES_BID,1_MINUTE_CANDLE,available_at,CROSS,"{""id"":""e1"",""op"":""CROSS"",""price_e4"":7100}",REACH,"{""id"":""win"",""op"":""REACH"",""outcome"":""win"",""price_e4"":8500}",REACH,"{""id"":""loss"",""op"":""REACH"",""outcome"":""loss"",""price_e4"":4000}",HOLD_TO_SETTLEMENT,b530d65b28edd1535a76ec4046e518bc9de0bcfa836596c3227470a9a4d0a869,1.0.0,2026-09-15T01:30:56Z,1.0.0,1.0.0,1.0.0,2026-09-15T01:30:56Z,READY,351,182,139,0.566978,0.433022,1400,3100,0.451613,-501.709402,2d9a4d634a4a5508155a34c9ff097202c0d039e70a9a5b95665317d16af53f70,candle_path_not_fill,UNAVAILABLE,UNAVAILABLE,UNAVAILABLE,NOT_COMPUTABLE,UNAVAILABLE
devalidation,OBSERVED,base_devalidation,desk_target_30k,PASS,,hard,superasi_bdebase_v1.1.0,grade_config_v1,2026-09-21T18:16:15Z,55d9a8bdcc4e4d82a222fd1bfb84fdbf,ATP CROSS 65 REACH 85 40 JUL 2025 ITI-05,e5cba21e206a859f465992e9705418339cee20e8e1cab2abbaa6eefe9bdbcbca,1ca7e1b4c022503dc39a4e6c3fd93a68123b280a28d7e3501b8f40d8e70e44fd,544af08020cf5cbc80434291e0f6b64f562c9ed0142f5ef5b1aeb6eaeee949ae,ATP CROSS 65 REACH 85 40 JUL 2025 ITI-05,ATP,ATP,2025-2026,2025-07-01,2025-07-31,"{""date_from"":""2025-07-01"",""date_to"":""2025-07-31"",""game_data"":[],""leagues"":[""ATP""],""market_data"":[""candles""],""markets"":[""kalshi""],""seasons"":[""2025-2026""],""sports"":[""ATP""]}",TRADABLE_YES_BID,1_MINUTE_CANDLE,available_at,CROSS,"{""id"":""e1"",""op"":""CROSS"",""price_e4"":7100}",REACH,"{""id"":""win"",""op"":""REACH"",""outcome"":""win"",""price_e4"":8500}",REACH,"{""id"":""loss"",""op"":""REACH"",""outcome"":""loss"",""price_e4"":4000}",HOLD_TO_SETTLEMENT,b530d65b28edd1535a76ec4046e518bc9de0bcfa836596c3227470a9a4d0a869,1.0.0,2026-09-15T01:30:56Z,1.0.0,1.0.0,1.0.0,2026-09-15T01:30:56Z,READY,351,182,139,0.566978,0.433022,1400,3100,0.451613,-501.709402,2d9a4d634a4a5508155a34c9ff097202c0d039e70a9a5b95665317d16af53f70,candle_path_not_fill,UNAVAILABLE,UNAVAILABLE,UNAVAILABLE,NOT_COMPUTABLE,UNAVAILABLE
devalidation,OBSERVED,base_devalidation,desk_floor_14999,PASS,,hard,superasi_bdebase_v1.1.0,grade_config_v1,2026-09-21T18:16:15Z,55d9a8bdcc4e4d82a222fd1bfb84fdbf,ATP CROSS 65 REACH 85 40 JUL 2025 ITI-05,e5cba21e206a859f465992e9705418339cee20e8e1cab2abbaa6eefe9bdbcbca,1ca7e1b4c022503dc39a4e6c3fd93a68123b280a28d7e3501b8f40d8e70e44fd,544af08020cf5cbc80434291e0f6b64f562c9ed0142f5ef5b1aeb6eaeee949ae,ATP CROSS 65 REACH 85 40 JUL 2025 ITI-05,ATP,ATP,2025-2026,2025-07-01,2025-07-31,"{""date_from"":""2025-07-01"",""date_to"":""2025-07-31"",""game_data"":[],""leagues"":[""ATP""],""market_data"":[""candles""],""markets"":[""kalshi""],""seasons"":[""2025-2026""],""sports"":[""ATP""]}",TRADABLE_YES_BID,1_MINUTE_CANDLE,available_at,CROSS,"{""id"":""e1"",""op"":""CROSS"",""price_e4"":7100}",REACH,"{""id"":""win"",""op"":""REACH"",""outcome"":""win"",""price_e4"":8500}",REACH,"{""id"":""loss"",""op"":""REACH"",""outcome"":""loss"",""price_e4"":4000}",HOLD_TO_SETTLEMENT,b530d65b28edd1535a76ec4046e518bc9de0bcfa836596c3227470a9a4d0a869,1.0.0,2026-09-15T01:30:56Z,1.0.0,1.0.0,1.0.0,2026-09-15T01:30:56Z,READY,351,182,139,0.566978,0.433022,1400,3100,0.451613,-501.709402,2d9a4d634a4a5508155a34c9ff097202c0d039e70a9a5b95665317d16af53f70,candle_path_not_fill,UNAVAILABLE,UNAVAILABLE,UNAVAILABLE,NOT_COMPUTABLE,UNAVAILABLE
risk_profile,MONTE_CARLO,base_decomposition,bernoulli_paths,100000,count,bernoulli,superasi_bdebase_v1.1.0,grade_config_v1,2026-09-21T18:16:15Z,55d9a8bdcc4e4d82a222fd1bfb84fdbf,ATP CROSS 65 REACH 85 40 JUL 2025 ITI-05,e5cba21e206a859f465992e9705418339cee20e8e1cab2abbaa6eefe9bdbcbca,1ca7e1b4c022503dc39a4e6c3fd93a68123b280a28d7e3501b8f40d8e70e44fd,544af08020cf5cbc80434291e0f6b64f562c9ed0142f5ef5b1aeb6eaeee949ae,ATP CROSS 65 REACH 85 40 JUL 2025 ITI-05,ATP,ATP,2025-2026,2025-07-01,2025-07-31,"{""date_from"":""2025-07-01"",""date_to"":""2025-07-31"",""game_data"":[],""leagues"":[""ATP""],""market_data"":[""candles""],""markets"":[""kalshi""],""seasons"":[""2025-2026""],""sports"":[""ATP""]}",TRADABLE_YES_BID,1_MINUTE_CANDLE,available_at,CROSS,"{""id"":""e1"",""op"":""CROSS"",""price_e4"":7100}",REACH,"{""id"":""win"",""op"":""REACH"",""outcome"":""win"",""price_e4"":8500}",REACH,"{""id"":""loss"",""op"":""REACH"",""outcome"":""loss"",""price_e4"":4000}",HOLD_TO_SETTLEMENT,b530d65b28edd1535a76ec4046e518bc9de0bcfa836596c3227470a9a4d0a869,1.0.0,2026-09-15T01:30:56Z,1.0.0,1.0.0,1.0.0,2026-09-15T01:30:56Z,READY,351,182,139,0.566978,0.433022,1400,3100,0.451613,-501.709402,2d9a4d634a4a5508155a34c9ff097202c0d039e70a9a5b95665317d16af53f70,candle_path_not_fill,UNAVAILABLE,UNAVAILABLE,UNAVAILABLE,NOT_COMPUTABLE,UNAVAILABLE
risk_profile,MONTE_CARLO,base_decomposition,bernoulli_P_min_bankroll_le_floor,0.998410,fraction,bernoulli,superasi_bdebase_v1.1.0,grade_config_v1,2026-09-21T18:16:15Z,55d9a8bdcc4e4d82a222fd1bfb84fdbf,ATP CROSS 65 REACH 85 40 JUL 2025 ITI-05,e5cba21e206a859f465992e9705418339cee20e8e1cab2abbaa6eefe9bdbcbca,1ca7e1b4c022503dc39a4e6c3fd93a68123b280a28d7e3501b8f40d8e70e44fd,544af08020cf5cbc80434291e0f6b64f562c9ed0142f5ef5b1aeb6eaeee949ae,ATP CROSS 65 REACH 85 40 JUL 2025 ITI-05,ATP,ATP,2025-2026,2025-07-01,2025-07-31,"{""date_from"":""2025-07-01"",""date_to"":""2025-07-31"",""game_data"":[],""leagues"":[""ATP""],""market_data"":[""candles""],""markets"":[""kalshi""],""seasons"":[""2025-2026""],""sports"":[""ATP""]}",TRADABLE_YES_BID,1_MINUTE_CANDLE,available_at,CROSS,"{""id"":""e1"",""op"":""CROSS"",""price_e4"":7100}",REACH,"{""id"":""win"",""op"":""REACH"",""outcome"":""win"",""price_e4"":8500}",REACH,"{""id"":""loss"",""op"":""REACH"",""outcome"":""loss"",""price_e4"":4000}",HOLD_TO_SETTLEMENT,b530d65b28edd1535a76ec4046e518bc9de0bcfa836596c3227470a9a4d0a869,1.0.0,2026-09-15T01:30:56Z,1.0.0,1.0.0,1.0.0,2026-09-15T01:30:56Z,READY,351,182,139,0.566978,0.433022,1400,3100,0.451613,-501.709402,2d9a4d634a4a5508155a34c9ff097202c0d039e70a9a5b95665317d16af53f70,candle_path_not_fill,UNAVAILABLE,UNAVAILABLE,UNAVAILABLE,NOT_COMPUTABLE,UNAVAILABLE
risk_profile,MONTE_CARLO,base_decomposition,bernoulli_P_final_ge_target,0.000000,fraction,bernoulli,superasi_bdebase_v1.1.0,grade_config_v1,2026-09-21T18:16:15Z,55d9a8bdcc4e4d82a222fd1bfb84fdbf,ATP CROSS 65 REACH 85 40 JUL 2025 ITI-05,e5cba21e206a859f465992e9705418339cee20e8e1cab2abbaa6eefe9bdbcbca,1ca7e1b4c022503dc39a4e6c3fd93a68123b280a28d7e3501b8f40d8e70e44fd,544af08020cf5cbc80434291e0f6b64f562c9ed0142f5ef5b1aeb6eaeee949ae,ATP CROSS 65 REACH 85 40 JUL 2025 ITI-05,ATP,ATP,2025-2026,2025-07-01,2025-07-31,"{""date_from"":""2025-07-01"",""date_to"":""2025-07-31"",""game_data"":[],""leagues"":[""ATP""],""market_data"":[""candles""],""markets"":[""kalshi""],""seasons"":[""2025-2026""],""sports"":[""ATP""]}",TRADABLE_YES_BID,1_MINUTE_CANDLE,available_at,CROSS,"{""id"":""e1"",""op"":""CROSS"",""price_e4"":7100}",REACH,"{""id"":""win"",""op"":""REACH"",""outcome"":""win"",""price_e4"":8500}",REACH,"{""id"":""loss"",""op"":""REACH"",""outcome"":""loss"",""price_e4"":4000}",HOLD_TO_SETTLEMENT,b530d65b28edd1535a76ec4046e518bc9de0bcfa836596c3227470a9a4d0a869,1.0.0,2026-09-15T01:30:56Z,1.0.0,1.0.0,1.0.0,2026-09-15T01:30:56Z,READY,351,182,139,0.566978,0.433022,1400,3100,0.451613,-501.709402,2d9a4d634a4a5508155a34c9ff097202c0d039e70a9a5b95665317d16af53f70,candle_path_not_fill,UNAVAILABLE,UNAVAILABLE,UNAVAILABLE,NOT_COMPUTABLE,UNAVAILABLE
risk_profile,MONTE_CARLO,base_decomposition,bernoulli_expected_20_week_return,-0.598530,fraction,bernoulli,superasi_bdebase_v1.1.0,grade_config_v1,2026-09-21T18:16:15Z,55d9a8bdcc4e4d82a222fd1bfb84fdbf,ATP CROSS 65 REACH 85 40 JUL 2025 ITI-05,e5cba21e206a859f465992e9705418339cee20e8e1cab2abbaa6eefe9bdbcbca,1ca7e1b4c022503dc39a4e6c3fd93a68123b280a28d7e3501b8f40d8e70e44fd,544af08020cf5cbc80434291e0f6b64f562c9ed0142f5ef5b1aeb6eaeee949ae,ATP CROSS 65 REACH 85 40 JUL 2025 ITI-05,ATP,ATP,2025-2026,2025-07-01,2025-07-31,"{""date_from"":""2025-07-01"",""date_to"":""2025-07-31"",""game_data"":[],""leagues"":[""ATP""],""market_data"":[""candles""],""markets"":[""kalshi""],""seasons"":[""2025-2026""],""sports"":[""ATP""]}",TRADABLE_YES_BID,1_MINUTE_CANDLE,available_at,CROSS,"{""id"":""e1"",""op"":""CROSS"",""price_e4"":7100}",REACH,"{""id"":""win"",""op"":""REACH"",""outcome"":""win"",""price_e4"":8500}",REACH,"{""id"":""loss"",""op"":""REACH"",""outcome"":""loss"",""price_e4"":4000}",HOLD_TO_SETTLEMENT,b530d65b28edd1535a76ec4046e518bc9de0bcfa836596c3227470a9a4d0a869,1.0.0,2026-09-15T01:30:56Z,1.0.0,1.0.0,1.0.0,2026-09-15T01:30:56Z,READY,351,182,139,0.566978,0.433022,1400,3100,0.451613,-501.709402,2d9a4d634a4a5508155a34c9ff097202c0d039e70a9a5b95665317d16af53f70,candle_path_not_fill,UNAVAILABLE,UNAVAILABLE,UNAVAILABLE,NOT_COMPUTABLE,UNAVAILABLE
risk_profile,MONTE_CARLO,base_decomposition,bernoulli_mean_terminal_bankroll,8029.403340,usd,bernoulli,superasi_bdebase_v1.1.0,grade_config_v1,2026-09-21T18:16:15Z,55d9a8bdcc4e4d82a222fd1bfb84fdbf,ATP CROSS 65 REACH 85 40 JUL 2025 ITI-05,e5cba21e206a859f465992e9705418339cee20e8e1cab2abbaa6eefe9bdbcbca,1ca7e1b4c022503dc39a4e6c3fd93a68123b280a28d7e3501b8f40d8e70e44fd,544af08020cf5cbc80434291e0f6b64f562c9ed0142f5ef5b1aeb6eaeee949ae,ATP CROSS 65 REACH 85 40 JUL 2025 ITI-05,ATP,ATP,2025-2026,2025-07-01,2025-07-31,"{""date_from"":""2025-07-01"",""date_to"":""2025-07-31"",""game_data"":[],""leagues"":[""ATP""],""market_data"":[""candles""],""markets"":[""kalshi""],""seasons"":[""2025-2026""],""sports"":[""ATP""]}",TRADABLE_YES_BID,1_MINUTE_CANDLE,available_at,CROSS,"{""id"":""e1"",""op"":""CROSS"",""price_e4"":7100}",REACH,"{""id"":""win"",""op"":""REACH"",""outcome"":""win"",""price_e4"":8500}",REACH,"{""id"":""loss"",""op"":""REACH"",""outcome"":""loss"",""price_e4"":4000}",HOLD_TO_SETTLEMENT,b530d65b28edd1535a76ec4046e518bc9de0bcfa836596c3227470a9a4d0a869,1.0.0,2026-09-15T01:30:56Z,1.0.0,1.0.0,1.0.0,2026-09-15T01:30:56Z,READY,351,182,139,0.566978,0.433022,1400,3100,0.451613,-501.709402,2d9a4d634a4a5508155a34c9ff097202c0d039e70a9a5b95665317d16af53f70,candle_path_not_fill,UNAVAILABLE,UNAVAILABLE,UNAVAILABLE,NOT_COMPUTABLE,UNAVAILABLE
risk_profile,MONTE_CARLO,base_decomposition,bernoulli_median_terminal_bankroll,7846.693542,usd,bernoulli,superasi_bdebase_v1.1.0,grade_config_v1,2026-09-21T18:16:15Z,55d9a8bdcc4e4d82a222fd1bfb84fdbf,ATP CROSS 65 REACH 85 40 JUL 2025 ITI-05,e5cba21e206a859f465992e9705418339cee20e8e1cab2abbaa6eefe9bdbcbca,1ca7e1b4c022503dc39a4e6c3fd93a68123b280a28d7e3501b8f40d8e70e44fd,544af08020cf5cbc80434291e0f6b64f562c9ed0142f5ef5b1aeb6eaeee949ae,ATP CROSS 65 REACH 85 40 JUL 2025 ITI-05,ATP,ATP,2025-2026,2025-07-01,2025-07-31,"{""date_from"":""2025-07-01"",""date_to"":""2025-07-31"",""game_data"":[],""leagues"":[""ATP""],""market_data"":[""candles""],""markets"":[""kalshi""],""seasons"":[""2025-2026""],""sports"":[""ATP""]}",TRADABLE_YES_BID,1_MINUTE_CANDLE,available_at,CROSS,"{""id"":""e1"",""op"":""CROSS"",""price_e4"":7100}",REACH,"{""id"":""win"",""op"":""REACH"",""outcome"":""win"",""price_e4"":8500}",REACH,"{""id"":""loss"",""op"":""REACH"",""outcome"":""loss"",""price_e4"":4000}",HOLD_TO_SETTLEMENT,b530d65b28edd1535a76ec4046e518bc9de0bcfa836596c3227470a9a4d0a869,1.0.0,2026-09-15T01:30:56Z,1.0.0,1.0.0,1.0.0,2026-09-15T01:30:56Z,READY,351,182,139,0.566978,0.433022,1400,3100,0.451613,-501.709402,2d9a4d634a4a5508155a34c9ff097202c0d039e70a9a5b95665317d16af53f70,candle_path_not_fill,UNAVAILABLE,UNAVAILABLE,UNAVAILABLE,NOT_COMPUTABLE,UNAVAILABLE
risk_profile,MONTE_CARLO,base_decomposition,bernoulli_mdd_p95,-0.422564,fraction,bernoulli,superasi_bdebase_v1.1.0,grade_config_v1,2026-09-21T18:16:15Z,55d9a8bdcc4e4d82a222fd1bfb84fdbf,ATP CROSS 65 REACH 85 40 JUL 2025 ITI-05,e5cba21e206a859f465992e9705418339cee20e8e1cab2abbaa6eefe9bdbcbca,1ca7e1b4c022503dc39a4e6c3fd93a68123b280a28d7e3501b8f40d8e70e44fd,544af08020cf5cbc80434291e0f6b64f562c9ed0142f5ef5b1aeb6eaeee949ae,ATP CROSS 65 REACH 85 40 JUL 2025 ITI-05,ATP,ATP,2025-2026,2025-07-01,2025-07-31,"{""date_from"":""2025-07-01"",""date_to"":""2025-07-31"",""game_data"":[],""leagues"":[""ATP""],""market_data"":[""candles""],""markets"":[""kalshi""],""seasons"":[""2025-2026""],""sports"":[""ATP""]}",TRADABLE_YES_BID,1_MINUTE_CANDLE,available_at,CROSS,"{""id"":""e1"",""op"":""CROSS"",""price_e4"":7100}",REACH,"{""id"":""win"",""op"":""REACH"",""outcome"":""win"",""price_e4"":8500}",REACH,"{""id"":""loss"",""op"":""REACH"",""outcome"":""loss"",""price_e4"":4000}",HOLD_TO_SETTLEMENT,b530d65b28edd1535a76ec4046e518bc9de0bcfa836596c3227470a9a4d0a869,1.0.0,2026-09-15T01:30:56Z,1.0.0,1.0.0,1.0.0,2026-09-15T01:30:56Z,READY,351,182,139,0.566978,0.433022,1400,3100,0.451613,-501.709402,2d9a4d634a4a5508155a34c9ff097202c0d039e70a9a5b95665317d16af53f70,candle_path_not_fill,UNAVAILABLE,UNAVAILABLE,UNAVAILABLE,NOT_COMPUTABLE,UNAVAILABLE
risk_profile,MONTE_CARLO,base_decomposition,bernoulli_se_P_min_bankroll_le_floor,0.000126,fraction,bernoulli,superasi_bdebase_v1.1.0,grade_config_v1,2026-09-21T18:16:15Z,55d9a8bdcc4e4d82a222fd1bfb84fdbf,ATP CROSS 65 REACH 85 40 JUL 2025 ITI-05,e5cba21e206a859f465992e9705418339cee20e8e1cab2abbaa6eefe9bdbcbca,1ca7e1b4c022503dc39a4e6c3fd93a68123b280a28d7e3501b8f40d8e70e44fd,544af08020cf5cbc80434291e0f6b64f562c9ed0142f5ef5b1aeb6eaeee949ae,ATP CROSS 65 REACH 85 40 JUL 2025 ITI-05,ATP,ATP,2025-2026,2025-07-01,2025-07-31,"{""date_from"":""2025-07-01"",""date_to"":""2025-07-31"",""game_data"":[],""leagues"":[""ATP""],""market_data"":[""candles""],""markets"":[""kalshi""],""seasons"":[""2025-2026""],""sports"":[""ATP""]}",TRADABLE_YES_BID,1_MINUTE_CANDLE,available_at,CROSS,"{""id"":""e1"",""op"":""CROSS"",""price_e4"":7100}",REACH,"{""id"":""win"",""op"":""REACH"",""outcome"":""win"",""price_e4"":8500}",REACH,"{""id"":""loss"",""op"":""REACH"",""outcome"":""loss"",""price_e4"":4000}",HOLD_TO_SETTLEMENT,b530d65b28edd1535a76ec4046e518bc9de0bcfa836596c3227470a9a4d0a869,1.0.0,2026-09-15T01:30:56Z,1.0.0,1.0.0,1.0.0,2026-09-15T01:30:56Z,READY,351,182,139,0.566978,0.433022,1400,3100,0.451613,-501.709402,2d9a4d634a4a5508155a34c9ff097202c0d039e70a9a5b95665317d16af53f70,candle_path_not_fill,UNAVAILABLE,UNAVAILABLE,UNAVAILABLE,NOT_COMPUTABLE,UNAVAILABLE
risk_profile,MONTE_CARLO,base_decomposition,bernoulli_se_P_final_ge_target,0.000000,fraction,bernoulli,superasi_bdebase_v1.1.0,grade_config_v1,2026-09-21T18:16:15Z,55d9a8bdcc4e4d82a222fd1bfb84fdbf,ATP CROSS 65 REACH 85 40 JUL 2025 ITI-05,e5cba21e206a859f465992e9705418339cee20e8e1cab2abbaa6eefe9bdbcbca,1ca7e1b4c022503dc39a4e6c3fd93a68123b280a28d7e3501b8f40d8e70e44fd,544af08020cf5cbc80434291e0f6b64f562c9ed0142f5ef5b1aeb6eaeee949ae,ATP CROSS 65 REACH 85 40 JUL 2025 ITI-05,ATP,ATP,2025-2026,2025-07-01,2025-07-31,"{""date_from"":""2025-07-01"",""date_to"":""2025-07-31"",""game_data"":[],""leagues"":[""ATP""],""market_data"":[""candles""],""markets"":[""kalshi""],""seasons"":[""2025-2026""],""sports"":[""ATP""]}",TRADABLE_YES_BID,1_MINUTE_CANDLE,available_at,CROSS,"{""id"":""e1"",""op"":""CROSS"",""price_e4"":7100}",REACH,"{""id"":""win"",""op"":""REACH"",""outcome"":""win"",""price_e4"":8500}",REACH,"{""id"":""loss"",""op"":""REACH"",""outcome"":""loss"",""price_e4"":4000}",HOLD_TO_SETTLEMENT,b530d65b28edd1535a76ec4046e518bc9de0bcfa836596c3227470a9a4d0a869,1.0.0,2026-09-15T01:30:56Z,1.0.0,1.0.0,1.0.0,2026-09-15T01:30:56Z,READY,351,182,139,0.566978,0.433022,1400,3100,0.451613,-501.709402,2d9a4d634a4a5508155a34c9ff097202c0d039e70a9a5b95665317d16af53f70,candle_path_not_fill,UNAVAILABLE,UNAVAILABLE,UNAVAILABLE,NOT_COMPUTABLE,UNAVAILABLE
risk_profile,MONTE_CARLO,base_decomposition,bernoulli_se_P_final_lt_B0,0.000010,fraction,bernoulli,superasi_bdebase_v1.1.0,grade_config_v1,2026-09-21T18:16:15Z,55d9a8bdcc4e4d82a222fd1bfb84fdbf,ATP CROSS 65 REACH 85 40 JUL 2025 ITI-05,e5cba21e206a859f465992e9705418339cee20e8e1cab2abbaa6eefe9bdbcbca,1ca7e1b4c022503dc39a4e6c3fd93a68123b280a28d7e3501b8f40d8e70e44fd,544af08020cf5cbc80434291e0f6b64f562c9ed0142f5ef5b1aeb6eaeee949ae,ATP CROSS 65 REACH 85 40 JUL 2025 ITI-05,ATP,ATP,2025-2026,2025-07-01,2025-07-31,"{""date_from"":""2025-07-01"",""date_to"":""2025-07-31"",""game_data"":[],""leagues"":[""ATP""],""market_data"":[""candles""],""markets"":[""kalshi""],""seasons"":[""2025-2026""],""sports"":[""ATP""]}",TRADABLE_YES_BID,1_MINUTE_CANDLE,available_at,CROSS,"{""id"":""e1"",""op"":""CROSS"",""price_e4"":7100}",REACH,"{""id"":""win"",""op"":""REACH"",""outcome"":""win"",""price_e4"":8500}",REACH,"{""id"":""loss"",""op"":""REACH"",""outcome"":""loss"",""price_e4"":4000}",HOLD_TO_SETTLEMENT,b530d65b28edd1535a76ec4046e518bc9de0bcfa836596c3227470a9a4d0a869,1.0.0,2026-09-15T01:30:56Z,1.0.0,1.0.0,1.0.0,2026-09-15T01:30:56Z,READY,351,182,139,0.566978,0.433022,1400,3100,0.451613,-501.709402,2d9a4d634a4a5508155a34c9ff097202c0d039e70a9a5b95665317d16af53f70,candle_path_not_fill,UNAVAILABLE,UNAVAILABLE,UNAVAILABLE,NOT_COMPUTABLE,UNAVAILABLE
path_bands,MONTE_CARLO,base_decomposition,bernoulli_week_1_p5,17535.211268,usd,bernoulli,superasi_bdebase_v1.1.0,grade_config_v1,2026-09-21T18:16:15Z,55d9a8bdcc4e4d82a222fd1bfb84fdbf,ATP CROSS 65 REACH 85 40 JUL 2025 ITI-05,e5cba21e206a859f465992e9705418339cee20e8e1cab2abbaa6eefe9bdbcbca,1ca7e1b4c022503dc39a4e6c3fd93a68123b280a28d7e3501b8f40d8e70e44fd,544af08020cf5cbc80434291e0f6b64f562c9ed0142f5ef5b1aeb6eaeee949ae,ATP CROSS 65 REACH 85 40 JUL 2025 ITI-05,ATP,ATP,2025-2026,2025-07-01,2025-07-31,"{""date_from"":""2025-07-01"",""date_to"":""2025-07-31"",""game_data"":[],""leagues"":[""ATP""],""market_data"":[""candles""],""markets"":[""kalshi""],""seasons"":[""2025-2026""],""sports"":[""ATP""]}",TRADABLE_YES_BID,1_MINUTE_CANDLE,available_at,CROSS,"{""id"":""e1"",""op"":""CROSS"",""price_e4"":7100}",REACH,"{""id"":""win"",""op"":""REACH"",""outcome"":""win"",""price_e4"":8500}",REACH,"{""id"":""loss"",""op"":""REACH"",""outcome"":""loss"",""price_e4"":4000}",HOLD_TO_SETTLEMENT,b530d65b28edd1535a76ec4046e518bc9de0bcfa836596c3227470a9a4d0a869,1.0.0,2026-09-15T01:30:56Z,1.0.0,1.0.0,1.0.0,2026-09-15T01:30:56Z,READY,351,182,139,0.566978,0.433022,1400,3100,0.451613,-501.709402,2d9a4d634a4a5508155a34c9ff097202c0d039e70a9a5b95665317d16af53f70,candle_path_not_fill,UNAVAILABLE,UNAVAILABLE,UNAVAILABLE,NOT_COMPUTABLE,UNAVAILABLE
path_bands,MONTE_CARLO,base_decomposition,bernoulli_week_1_p25,18169.014085,usd,bernoulli,superasi_bdebase_v1.1.0,grade_config_v1,2026-09-21T18:16:15Z,55d9a8bdcc4e4d82a222fd1bfb84fdbf,ATP CROSS 65 REACH 85 40 JUL 2025 ITI-05,e5cba21e206a859f465992e9705418339cee20e8e1cab2abbaa6eefe9bdbcbca,1ca7e1b4c022503dc39a4e6c3fd93a68123b280a28d7e3501b8f40d8e70e44fd,544af08020cf5cbc80434291e0f6b64f562c9ed0142f5ef5b1aeb6eaeee949ae,ATP CROSS 65 REACH 85 40 JUL 2025 ITI-05,ATP,ATP,2025-2026,2025-07-01,2025-07-31,"{""date_from"":""2025-07-01"",""date_to"":""2025-07-31"",""game_data"":[],""leagues"":[""ATP""],""market_data"":[""candles""],""markets"":[""kalshi""],""seasons"":[""2025-2026""],""sports"":[""ATP""]}",TRADABLE_YES_BID,1_MINUTE_CANDLE,available_at,CROSS,"{""id"":""e1"",""op"":""CROSS"",""price_e4"":7100}",REACH,"{""id"":""win"",""op"":""REACH"",""outcome"":""win"",""price_e4"":8500}",REACH,"{""id"":""loss"",""op"":""REACH"",""outcome"":""loss"",""price_e4"":4000}",HOLD_TO_SETTLEMENT,b530d65b28edd1535a76ec4046e518bc9de0bcfa836596c3227470a9a4d0a869,1.0.0,2026-09-15T01:30:56Z,1.0.0,1.0.0,1.0.0,2026-09-15T01:30:56Z,READY,351,182,139,0.566978,0.433022,1400,3100,0.451613,-501.709402,2d9a4d634a4a5508155a34c9ff097202c0d039e70a9a5b95665317d16af53f70,candle_path_not_fill,UNAVAILABLE,UNAVAILABLE,UNAVAILABLE,NOT_COMPUTABLE,UNAVAILABLE
path_bands,MONTE_CARLO,base_decomposition,bernoulli_week_1_p50,19436.619718,usd,bernoulli,superasi_bdebase_v1.1.0,grade_config_v1,2026-09-21T18:16:15Z,55d9a8bdcc4e4d82a222fd1bfb84fdbf,ATP CROSS 65 REACH 85 40 JUL 2025 ITI-05,e5cba21e206a859f465992e9705418339cee20e8e1cab2abbaa6eefe9bdbcbca,1ca7e1b4c022503dc39a4e6c3fd93a68123b280a28d7e3501b8f40d8e70e44fd,544af08020cf5cbc80434291e0f6b64f562c9ed0142f5ef5b1aeb6eaeee949ae,ATP CROSS 65 REACH 85 40 JUL 2025 ITI-05,ATP,ATP,2025-2026,2025-07-01,2025-07-31,"{""date_from"":""2025-07-01"",""date_to"":""2025-07-31"",""game_data"":[],""leagues"":[""ATP""],""market_data"":[""candles""],""markets"":[""kalshi""],""seasons"":[""2025-2026""],""sports"":[""ATP""]}",TRADABLE_YES_BID,1_MINUTE_CANDLE,available_at,CROSS,"{""id"":""e1"",""op"":""CROSS"",""price_e4"":7100}",REACH,"{""id"":""win"",""op"":""REACH"",""outcome"":""win"",""price_e4"":8500}",REACH,"{""id"":""loss"",""op"":""REACH"",""outcome"":""loss"",""price_e4"":4000}",HOLD_TO_SETTLEMENT,b530d65b28edd1535a76ec4046e518bc9de0bcfa836596c3227470a9a4d0a869,1.0.0,2026-09-15T01:30:56Z,1.0.0,1.0.0,1.0.0,2026-09-15T01:30:56Z,READY,351,182,139,0.566978,0.433022,1400,3100,0.451613,-501.709402,2d9a4d634a4a5508155a34c9ff097202c0d039e70a9a5b95665317d16af53f70,candle_path_not_fill,UNAVAILABLE,UNAVAILABLE,UNAVAILABLE,NOT_COMPUTABLE,UNAVAILABLE
path_bands,MONTE_CARLO,base_decomposition,bernoulli_week_1_p75,20070.422535,usd,bernoulli,superasi_bdebase_v1.1.0,grade_config_v1,2026-09-21T18:16:15Z,55d9a8bdcc4e4d82a222fd1bfb84fdbf,ATP CROSS 65 REACH 85 40 JUL 2025 ITI-05,e5cba21e206a859f465992e9705418339cee20e8e1cab2abbaa6eefe9bdbcbca,1ca7e1b4c022503dc39a4e6c3fd93a68123b280a28d7e3501b8f40d8e70e44fd,544af08020cf5cbc80434291e0f6b64f562c9ed0142f5ef5b1aeb6eaeee949ae,ATP CROSS 65 REACH 85 40 JUL 2025 ITI-05,ATP,ATP,2025-2026,2025-07-01,2025-07-31,"{""date_from"":""2025-07-01"",""date_to"":""2025-07-31"",""game_data"":[],""leagues"":[""ATP""],""market_data"":[""candles""],""markets"":[""kalshi""],""seasons"":[""2025-2026""],""sports"":[""ATP""]}",TRADABLE_YES_BID,1_MINUTE_CANDLE,available_at,CROSS,"{""id"":""e1"",""op"":""CROSS"",""price_e4"":7100}",REACH,"{""id"":""win"",""op"":""REACH"",""outcome"":""win"",""price_e4"":8500}",REACH,"{""id"":""loss"",""op"":""REACH"",""outcome"":""loss"",""price_e4"":4000}",HOLD_TO_SETTLEMENT,b530d65b28edd1535a76ec4046e518bc9de0bcfa836596c3227470a9a4d0a869,1.0.0,2026-09-15T01:30:56Z,1.0.0,1.0.0,1.0.0,2026-09-15T01:30:56Z,READY,351,182,139,0.566978,0.433022,1400,3100,0.451613,-501.709402,2d9a4d634a4a5508155a34c9ff097202c0d039e70a9a5b95665317d16af53f70,candle_path_not_fill,UNAVAILABLE,UNAVAILABLE,UNAVAILABLE,NOT_COMPUTABLE,UNAVAILABLE
path_bands,MONTE_CARLO,base_decomposition,bernoulli_week_1_p95,20704.225352,usd,bernoulli,superasi_bdebase_v1.1.0,grade_config_v1,2026-09-21T18:16:15Z,55d9a8bdcc4e4d82a222fd1bfb84fdbf,ATP CROSS 65 REACH 85 40 JUL 2025 ITI-05,e5cba21e206a859f465992e9705418339cee20e8e1cab2abbaa6eefe9bdbcbca,1ca7e1b4c022503dc39a4e6c3fd93a68123b280a28d7e3501b8f40d8e70e44fd,544af08020cf5cbc80434291e0f6b64f562c9ed0142f5ef5b1aeb6eaeee949ae,ATP CROSS 65 REACH 85 40 JUL 2025 ITI-05,ATP,ATP,2025-2026,2025-07-01,2025-07-31,"{""date_from"":""2025-07-01"",""date_to"":""2025-07-31"",""game_data"":[],""leagues"":[""ATP""],""market_data"":[""candles""],""markets"":[""kalshi""],""seasons"":[""2025-2026""],""sports"":[""ATP""]}",TRADABLE_YES_BID,1_MINUTE_CANDLE,available_at,CROSS,"{""id"":""e1"",""op"":""CROSS"",""price_e4"":7100}",REACH,"{""id"":""win"",""op"":""REACH"",""outcome"":""win"",""price_e4"":8500}",REACH,"{""id"":""loss"",""op"":""REACH"",""outcome"":""loss"",""price_e4"":4000}",HOLD_TO_SETTLEMENT,b530d65b28edd1535a76ec4046e518bc9de0bcfa836596c3227470a9a4d0a869,1.0.0,2026-09-15T01:30:56Z,1.0.0,1.0.0,1.0.0,2026-09-15T01:30:56Z,READY,351,182,139,0.566978,0.433022,1400,3100,0.451613,-501.709402,2d9a4d634a4a5508155a34c9ff097202c0d039e70a9a5b95665317d16af53f70,candle_path_not_fill,UNAVAILABLE,UNAVAILABLE,UNAVAILABLE,NOT_COMPUTABLE,UNAVAILABLE
path_bands,MONTE_CARLO,base_decomposition,bernoulli_week_2_p5,15929.875025,usd,bernoulli,superasi_bdebase_v1.1.0,grade_config_v1,2026-09-21T18:16:15Z,55d9a8bdcc4e4d82a222fd1bfb84fdbf,ATP CROSS 65 REACH 85 40 JUL 2025 ITI-05,e5cba21e206a859f465992e9705418339cee20e8e1cab2abbaa6eefe9bdbcbca,1ca7e1b4c022503dc39a4e6c3fd93a68123b280a28d7e3501b8f40d8e70e44fd,544af08020cf5cbc80434291e0f6b64f562c9ed0142f5ef5b1aeb6eaeee949ae,ATP CROSS 65 REACH 85 40 JUL 2025 ITI-05,ATP,ATP,2025-2026,2025-07-01,2025-07-31,"{""date_from"":""2025-07-01"",""date_to"":""2025-07-31"",""game_data"":[],""leagues"":[""ATP""],""market_data"":[""candles""],""markets"":[""kalshi""],""seasons"":[""2025-2026""],""sports"":[""ATP""]}",TRADABLE_YES_BID,1_MINUTE_CANDLE,available_at,CROSS,"{""id"":""e1"",""op"":""CROSS"",""price_e4"":7100}",REACH,"{""id"":""win"",""op"":""REACH"",""outcome"":""win"",""price_e4"":8500}",REACH,"{""id"":""loss"",""op"":""REACH"",""outcome"":""loss"",""price_e4"":4000}",HOLD_TO_SETTLEMENT,b530d65b28edd1535a76ec4046e518bc9de0bcfa836596c3227470a9a4d0a869,1.0.0,2026-09-15T01:30:56Z,1.0.0,1.0.0,1.0.0,2026-09-15T01:30:56Z,READY,351,182,139,0.566978,0.433022,1400,3100,0.451613,-501.709402,2d9a4d634a4a5508155a34c9ff097202c0d039e70a9a5b95665317d16af53f70,candle_path_not_fill,UNAVAILABLE,UNAVAILABLE,UNAVAILABLE,NOT_COMPUTABLE,UNAVAILABLE
path_bands,MONTE_CARLO,base_decomposition,bernoulli_week_2_p25,17081.432256,usd,bernoulli,superasi_bdebase_v1.1.0,grade_config_v1,2026-09-21T18:16:15Z,55d9a8bdcc4e4d82a222fd1bfb84fdbf,ATP CROSS 65 REACH 85 40 JUL 2025 ITI-05,e5cba21e206a859f465992e9705418339cee20e8e1cab2abbaa6eefe9bdbcbca,1ca7e1b4c022503dc39a4e6c3fd93a68123b280a28d7e3501b8f40d8e70e44fd,544af08020cf5cbc80434291e0f6b64f562c9ed0142f5ef5b1aeb6eaeee949ae,ATP CROSS 65 REACH 85 40 JUL 2025 ITI-05,ATP,ATP,2025-2026,2025-07-01,2025-07-31,"{""date_from"":""2025-07-01"",""date_to"":""2025-07-31"",""game_data"":[],""leagues"":[""ATP""],""market_data"":[""candles""],""markets"":[""kalshi""],""seasons"":[""2025-2026""],""sports"":[""ATP""]}",TRADABLE_YES_BID,1_MINUTE_CANDLE,available_at,CROSS,"{""id"":""e1"",""op"":""CROSS"",""price_e4"":7100}",REACH,"{""id"":""win"",""op"":""REACH"",""outcome"":""win"",""price_e4"":8500}",REACH,"{""id"":""loss"",""op"":""REACH"",""outcome"":""loss"",""price_e4"":4000}",HOLD_TO_SETTLEMENT,b530d65b28edd1535a76ec4046e518bc9de0bcfa836596c3227470a9a4d0a869,1.0.0,2026-09-15T01:30:56Z,1.0.0,1.0.0,1.0.0,2026-09-15T01:30:56Z,READY,351,182,139,0.566978,0.433022,1400,3100,0.451613,-501.709402,2d9a4d634a4a5508155a34c9ff097202c0d039e70a9a5b95665317d16af53f70,candle_path_not_fill,UNAVAILABLE,UNAVAILABLE,UNAVAILABLE,NOT_COMPUTABLE,UNAVAILABLE
path_bands,MONTE_CARLO,base_decomposition,bernoulli_week_2_p50,18273.160087,usd,bernoulli,superasi_bdebase_v1.1.0,grade_config_v1,2026-09-21T18:16:15Z,55d9a8bdcc4e4d82a222fd1bfb84fdbf,ATP CROSS 65 REACH 85 40 JUL 2025 ITI-05,e5cba21e206a859f465992e9705418339cee20e8e1cab2abbaa6eefe9bdbcbca,1ca7e1b4c022503dc39a4e6c3fd93a68123b280a28d7e3501b8f40d8e70e44fd,544af08020cf5cbc80434291e0f6b64f562c9ed0142f5ef5b1aeb6eaeee949ae,ATP CROSS 65 REACH 85 40 JUL 2025 ITI-05,ATP,ATP,2025-2026,2025-07-01,2025-07-31,"{""date_from"":""2025-07-01"",""date_to"":""2025-07-31"",""game_data"":[],""leagues"":[""ATP""],""market_data"":[""candles""],""markets"":[""kalshi""],""seasons"":[""2025-2026""],""sports"":[""ATP""]}",TRADABLE_YES_BID,1_MINUTE_CANDLE,available_at,CROSS,"{""id"":""e1"",""op"":""CROSS"",""price_e4"":7100}",REACH,"{""id"":""win"",""op"":""REACH"",""outcome"":""win"",""price_e4"":8500}",REACH,"{""id"":""loss"",""op"":""REACH"",""outcome"":""loss"",""price_e4"":4000}",HOLD_TO_SETTLEMENT,b530d65b28edd1535a76ec4046e518bc9de0bcfa836596c3227470a9a4d0a869,1.0.0,2026-09-15T01:30:56Z,1.0.0,1.0.0,1.0.0,2026-09-15T01:30:56Z,READY,351,182,139,0.566978,0.433022,1400,3100,0.451613,-501.709402,2d9a4d634a4a5508155a34c9ff097202c0d039e70a9a5b95665317d16af53f70,candle_path_not_fill,UNAVAILABLE,UNAVAILABLE,UNAVAILABLE,NOT_COMPUTABLE,UNAVAILABLE
path_bands,MONTE_CARLO,base_decomposition,bernoulli_week_2_p75,18889.109304,usd,bernoulli,superasi_bdebase_v1.1.0,grade_config_v1,2026-09-21T18:16:15Z,55d9a8bdcc4e4d82a222fd1bfb84fdbf,ATP CROSS 65 REACH 85 40 JUL 2025 ITI-05,e5cba21e206a859f465992e9705418339cee20e8e1cab2abbaa6eefe9bdbcbca,1ca7e1b4c022503dc39a4e6c3fd93a68123b280a28d7e3501b8f40d8e70e44fd,544af08020cf5cbc80434291e0f6b64f562c9ed0142f5ef5b1aeb6eaeee949ae,ATP CROSS 65 REACH 85 40 JUL 2025 ITI-05,ATP,ATP,2025-2026,2025-07-01,2025-07-31,"{""date_from"":""2025-07-01"",""date_to"":""2025-07-31"",""game_data"":[],""leagues"":[""ATP""],""market_data"":[""candles""],""markets"":[""kalshi""],""seasons"":[""2025-2026""],""sports"":[""ATP""]}",TRADABLE_YES_BID,1_MINUTE_CANDLE,available_at,CROSS,"{""id"":""e1"",""op"":""CROSS"",""price_e4"":7100}",REACH,"{""id"":""win"",""op"":""REACH"",""outcome"":""win"",""price_e4"":8500}",REACH,"{""id"":""loss"",""op"":""REACH"",""outcome"":""loss"",""price_e4"":4000}",HOLD_TO_SETTLEMENT,b530d65b28edd1535a76ec4046e518bc9de0bcfa836596c3227470a9a4d0a869,1.0.0,2026-09-15T01:30:56Z,1.0.0,1.0.0,1.0.0,2026-09-15T01:30:56Z,READY,351,182,139,0.566978,0.433022,1400,3100,0.451613,-501.709402,2d9a4d634a4a5508155a34c9ff097202c0d039e70a9a5b95665317d16af53f70,candle_path_not_fill,UNAVAILABLE,UNAVAILABLE,UNAVAILABLE,NOT_COMPUTABLE,UNAVAILABLE
path_bands,MONTE_CARLO,base_decomposition,bernoulli_week_2_p95,20736.956953,usd,bernoulli,superasi_bdebase_v1.1.0,grade_config_v1,2026-09-21T18:16:15Z,55d9a8bdcc4e4d82a222fd1bfb84fdbf,ATP CROSS 65 REACH 85 40 JUL 2025 ITI-05,e5cba21e206a859f465992e9705418339cee20e8e1cab2abbaa6eefe9bdbcbca,1ca7e1b4c022503dc39a4e6c3fd93a68123b280a28d7e3501b8f40d8e70e44fd,544af08020cf5cbc80434291e0f6b64f562c9ed0142f5ef5b1aeb6eaeee949ae,ATP CROSS 65 REACH 85 40 JUL 2025 ITI-05,ATP,ATP,2025-2026,2025-07-01,2025-07-31,"{""date_from"":""2025-07-01"",""date_to"":""2025-07-31"",""game_data"":[],""leagues"":[""ATP""],""market_data"":[""candles""],""markets"":[""kalshi""],""seasons"":[""2025-2026""],""sports"":[""ATP""]}",TRADABLE_YES_BID,1_MINUTE_CANDLE,available_at,CROSS,"{""id"":""e1"",""op"":""CROSS"",""price_e4"":7100}",REACH,"{""id"":""win"",""op"":""REACH"",""outcome"":""win"",""price_e4"":8500}",REACH,"{""id"":""loss"",""op"":""REACH"",""outcome"":""loss"",""price_e4"":4000}",HOLD_TO_SETTLEMENT,b530d65b28edd1535a76ec4046e518bc9de0bcfa836596c3227470a9a4d0a869,1.0.0,2026-09-15T01:30:56Z,1.0.0,1.0.0,1.0.0,2026-09-15T01:30:56Z,READY,351,182,139,0.566978,0.433022,1400,3100,0.451613,-501.709402,2d9a4d634a4a5508155a34c9ff097202c0d039e70a9a5b95665317d16af53f70,candle_path_not_fill,UNAVAILABLE,UNAVAILABLE,UNAVAILABLE,NOT_COMPUTABLE,UNAVAILABLE
path_bands,MONTE_CARLO,base_decomposition,bernoulli_week_3_p5,14941.106169,usd,bernoulli,superasi_bdebase_v1.1.0,grade_config_v1,2026-09-21T18:16:15Z,55d9a8bdcc4e4d82a222fd1bfb84fdbf,ATP CROSS 65 REACH 85 40 JUL 2025 ITI-05,e5cba21e206a859f465992e9705418339cee20e8e1cab2abbaa6eefe9bdbcbca,1ca7e1b4c022503dc39a4e6c3fd93a68123b280a28d7e3501b8f40d8e70e44fd,544af08020cf5cbc80434291e0f6b64f562c9ed0142f5ef5b1aeb6eaeee949ae,ATP CROSS 65 REACH 85 40 JUL 2025 ITI-05,ATP,ATP,2025-2026,2025-07-01,2025-07-31,"{""date_from"":""2025-07-01"",""date_to"":""2025-07-31"",""game_data"":[],""leagues"":[""ATP""],""market_data"":[""candles""],""markets"":[""kalshi""],""seasons"":[""2025-2026""],""sports"":[""ATP""]}",TRADABLE_YES_BID,1_MINUTE_CANDLE,available_at,CROSS,"{""id"":""e1"",""op"":""CROSS"",""price_e4"":7100}",REACH,"{""id"":""win"",""op"":""REACH"",""outcome"":""win"",""price_e4"":8500}",REACH,"{""id"":""loss"",""op"":""REACH"",""outcome"":""loss"",""price_e4"":4000}",HOLD_TO_SETTLEMENT,b530d65b28edd1535a76ec4046e518bc9de0bcfa836596c3227470a9a4d0a869,1.0.0,2026-09-15T01:30:56Z,1.0.0,1.0.0,1.0.0,2026-09-15T01:30:56Z,READY,351,182,139,0.566978,0.433022,1400,3100,0.451613,-501.709402,2d9a4d634a4a5508155a34c9ff097202c0d039e70a9a5b95665317d16af53f70,candle_path_not_fill,UNAVAILABLE,UNAVAILABLE,UNAVAILABLE,NOT_COMPUTABLE,UNAVAILABLE
path_bands,MONTE_CARLO,base_decomposition,bernoulli_week_3_p25,16490.786117,usd,bernoulli,superasi_bdebase_v1.1.0,grade_config_v1,2026-09-21T18:16:15Z,55d9a8bdcc4e4d82a222fd1bfb84fdbf,ATP CROSS 65 REACH 85 40 JUL 2025 ITI-05,e5cba21e206a859f465992e9705418339cee20e8e1cab2abbaa6eefe9bdbcbca,1ca7e1b4c022503dc39a4e6c3fd93a68123b280a28d7e3501b8f40d8e70e44fd,544af08020cf5cbc80434291e0f6b64f562c9ed0142f5ef5b1aeb6eaeee949ae,ATP CROSS 65 REACH 85 40 JUL 2025 ITI-05,ATP,ATP,2025-2026,2025-07-01,2025-07-31,"{""date_from"":""2025-07-01"",""date_to"":""2025-07-31"",""game_data"":[],""leagues"":[""ATP""],""market_data"":[""candles""],""markets"":[""kalshi""],""seasons"":[""2025-2026""],""sports"":[""ATP""]}",TRADABLE_YES_BID,1_MINUTE_CANDLE,available_at,CROSS,"{""id"":""e1"",""op"":""CROSS"",""price_e4"":7100}",REACH,"{""id"":""win"",""op"":""REACH"",""outcome"":""win"",""price_e4"":8500}",REACH,"{""id"":""loss"",""op"":""REACH"",""outcome"":""loss"",""price_e4"":4000}",HOLD_TO_SETTLEMENT,b530d65b28edd1535a76ec4046e518bc9de0bcfa836596c3227470a9a4d0a869,1.0.0,2026-09-15T01:30:56Z,1.0.0,1.0.0,1.0.0,2026-09-15T01:30:56Z,READY,351,182,139,0.566978,0.433022,1400,3100,0.451613,-501.709402,2d9a4d634a4a5508155a34c9ff097202c0d039e70a9a5b95665317d16af53f70,candle_path_not_fill,UNAVAILABLE,UNAVAILABLE,UNAVAILABLE,NOT_COMPUTABLE,UNAVAILABLE
path_bands,MONTE_CARLO,base_decomposition,bernoulli_week_3_p50,17179.344167,usd,bernoulli,superasi_bdebase_v1.1.0,grade_config_v1,2026-09-21T18:16:15Z,55d9a8bdcc4e4d82a222fd1bfb84fdbf,ATP CROSS 65 REACH 85 40 JUL 2025 ITI-05,e5cba21e206a859f465992e9705418339cee20e8e1cab2abbaa6eefe9bdbcbca,1ca7e1b4c022503dc39a4e6c3fd93a68123b280a28d7e3501b8f40d8e70e44fd,544af08020cf5cbc80434291e0f6b64f562c9ed0142f5ef5b1aeb6eaeee949ae,ATP CROSS 65 REACH 85 40 JUL 2025 ITI-05,ATP,ATP,2025-2026,2025-07-01,2025-07-31,"{""date_from"":""2025-07-01"",""date_to"":""2025-07-31"",""game_data"":[],""leagues"":[""ATP""],""market_data"":[""candles""],""markets"":[""kalshi""],""seasons"":[""2025-2026""],""sports"":[""ATP""]}",TRADABLE_YES_BID,1_MINUTE_CANDLE,available_at,CROSS,"{""id"":""e1"",""op"":""CROSS"",""price_e4"":7100}",REACH,"{""id"":""win"",""op"":""REACH"",""outcome"":""win"",""price_e4"":8500}",REACH,"{""id"":""loss"",""op"":""REACH"",""outcome"":""loss"",""price_e4"":4000}",HOLD_TO_SETTLEMENT,b530d65b28edd1535a76ec4046e518bc9de0bcfa836596c3227470a9a4d0a869,1.0.0,2026-09-15T01:30:56Z,1.0.0,1.0.0,1.0.0,2026-09-15T01:30:56Z,READY,351,182,139,0.566978,0.433022,1400,3100,0.451613,-501.709402,2d9a4d634a4a5508155a34c9ff097202c0d039e70a9a5b95665317d16af53f70,candle_path_not_fill,UNAVAILABLE,UNAVAILABLE,UNAVAILABLE,NOT_COMPUTABLE,UNAVAILABLE
path_bands,MONTE_CARLO,base_decomposition,bernoulli_week_3_p75,18337.502200,usd,bernoulli,superasi_bdebase_v1.1.0,grade_config_v1,2026-09-21T18:16:15Z,55d9a8bdcc4e4d82a222fd1bfb84fdbf,ATP CROSS 65 REACH 85 40 JUL 2025 ITI-05,e5cba21e206a859f465992e9705418339cee20e8e1cab2abbaa6eefe9bdbcbca,1ca7e1b4c022503dc39a4e6c3fd93a68123b280a28d7e3501b8f40d8e70e44fd,544af08020cf5cbc80434291e0f6b64f562c9ed0142f5ef5b1aeb6eaeee949ae,ATP CROSS 65 REACH 85 40 JUL 2025 ITI-05,ATP,ATP,2025-2026,2025-07-01,2025-07-31,"{""date_from"":""2025-07-01"",""date_to"":""2025-07-31"",""game_data"":[],""leagues"":[""ATP""],""market_data"":[""candles""],""markets"":[""kalshi""],""seasons"":[""2025-2026""],""sports"":[""ATP""]}",TRADABLE_YES_BID,1_MINUTE_CANDLE,available_at,CROSS,"{""id"":""e1"",""op"":""CROSS"",""price_e4"":7100}",REACH,"{""id"":""win"",""op"":""REACH"",""outcome"":""win"",""price_e4"":8500}",REACH,"{""id"":""loss"",""op"":""REACH"",""outcome"":""loss"",""price_e4"":4000}",HOLD_TO_SETTLEMENT,b530d65b28edd1535a76ec4046e518bc9de0bcfa836596c3227470a9a4d0a869,1.0.0,2026-09-15T01:30:56Z,1.0.0,1.0.0,1.0.0,2026-09-15T01:30:56Z,READY,351,182,139,0.566978,0.433022,1400,3100,0.451613,-501.709402,2d9a4d634a4a5508155a34c9ff097202c0d039e70a9a5b95665317d16af53f70,candle_path_not_fill,UNAVAILABLE,UNAVAILABLE,UNAVAILABLE,NOT_COMPUTABLE,UNAVAILABLE
path_bands,MONTE_CARLO,base_decomposition,bernoulli_week_3_p95,20191.856355,usd,bernoulli,superasi_bdebase_v1.1.0,grade_config_v1,2026-09-21T18:16:15Z,55d9a8bdcc4e4d82a222fd1bfb84fdbf,ATP CROSS 65 REACH 85 40 JUL 2025 ITI-05,e5cba21e206a859f465992e9705418339cee20e8e1cab2abbaa6eefe9bdbcbca,1ca7e1b4c022503dc39a4e6c3fd93a68123b280a28d7e3501b8f40d8e70e44fd,544af08020cf5cbc80434291e0f6b64f562c9ed0142f5ef5b1aeb6eaeee949ae,ATP CROSS 65 REACH 85 40 JUL 2025 ITI-05,ATP,ATP,2025-2026,2025-07-01,2025-07-31,"{""date_from"":""2025-07-01"",""date_to"":""2025-07-31"",""game_data"":[],""leagues"":[""ATP""],""market_data"":[""candles""],""markets"":[""kalshi""],""seasons"":[""2025-2026""],""sports"":[""ATP""]}",TRADABLE_YES_BID,1_MINUTE_CANDLE,available_at,CROSS,"{""id"":""e1"",""op"":""CROSS"",""price_e4"":7100}",REACH,"{""id"":""win"",""op"":""REACH"",""outcome"":""win"",""price_e4"":8500}",REACH,"{""id"":""loss"",""op"":""REACH"",""outcome"":""loss"",""price_e4"":4000}",HOLD_TO_SETTLEMENT,b530d65b28edd1535a76ec4046e518bc9de0bcfa836596c3227470a9a4d0a869,1.0.0,2026-09-15T01:30:56Z,1.0.0,1.0.0,1.0.0,2026-09-15T01:30:56Z,READY,351,182,139,0.566978,0.433022,1400,3100,0.451613,-501.709402,2d9a4d634a4a5508155a34c9ff097202c0d039e70a9a5b95665317d16af53f70,candle_path_not_fill,UNAVAILABLE,UNAVAILABLE,UNAVAILABLE,NOT_COMPUTABLE,UNAVAILABLE
path_bands,MONTE_CARLO,base_decomposition,bernoulli_week_4_p5,13997.553920,usd,bernoulli,superasi_bdebase_v1.1.0,grade_config_v1,2026-09-21T18:16:15Z,55d9a8bdcc4e4d82a222fd1bfb84fdbf,ATP CROSS 65 REACH 85 40 JUL 2025 ITI-05,e5cba21e206a859f465992e9705418339cee20e8e1cab2abbaa6eefe9bdbcbca,1ca7e1b4c022503dc39a4e6c3fd93a68123b280a28d7e3501b8f40d8e70e44fd,544af08020cf5cbc80434291e0f6b64f562c9ed0142f5ef5b1aeb6eaeee949ae,ATP CROSS 65 REACH 85 40 JUL 2025 ITI-05,ATP,ATP,2025-2026,2025-07-01,2025-07-31,"{""date_from"":""2025-07-01"",""date_to"":""2025-07-31"",""game_data"":[],""leagues"":[""ATP""],""market_data"":[""candles""],""markets"":[""kalshi""],""seasons"":[""2025-2026""],""sports"":[""ATP""]}",TRADABLE_YES_BID,1_MINUTE_CANDLE,available_at,CROSS,"{""id"":""e1"",""op"":""CROSS"",""price_e4"":7100}",REACH,"{""id"":""win"",""op"":""REACH"",""outcome"":""win"",""price_e4"":8500}",REACH,"{""id"":""loss"",""op"":""REACH"",""outcome"":""loss"",""price_e4"":4000}",HOLD_TO_SETTLEMENT,b530d65b28edd1535a76ec4046e518bc9de0bcfa836596c3227470a9a4d0a869,1.0.0,2026-09-15T01:30:56Z,1.0.0,1.0.0,1.0.0,2026-09-15T01:30:56Z,READY,351,182,139,0.566978,0.433022,1400,3100,0.451613,-501.709402,2d9a4d634a4a5508155a34c9ff097202c0d039e70a9a5b95665317d16af53f70,candle_path_not_fill,UNAVAILABLE,UNAVAILABLE,UNAVAILABLE,NOT_COMPUTABLE,UNAVAILABLE
path_bands,MONTE_CARLO,base_decomposition,bernoulli_week_4_p25,15535.657229,usd,bernoulli,superasi_bdebase_v1.1.0,grade_config_v1,2026-09-21T18:16:15Z,55d9a8bdcc4e4d82a222fd1bfb84fdbf,ATP CROSS 65 REACH 85 40 JUL 2025 ITI-05,e5cba21e206a859f465992e9705418339cee20e8e1cab2abbaa6eefe9bdbcbca,1ca7e1b4c022503dc39a4e6c3fd93a68123b280a28d7e3501b8f40d8e70e44fd,544af08020cf5cbc80434291e0f6b64f562c9ed0142f5ef5b1aeb6eaeee949ae,ATP CROSS 65 REACH 85 40 JUL 2025 ITI-05,ATP,ATP,2025-2026,2025-07-01,2025-07-31,"{""date_from"":""2025-07-01"",""date_to"":""2025-07-31"",""game_data"":[],""leagues"":[""ATP""],""market_data"":[""candles""],""markets"":[""kalshi""],""seasons"":[""2025-2026""],""sports"":[""ATP""]}",TRADABLE_YES_BID,1_MINUTE_CANDLE,available_at,CROSS,"{""id"":""e1"",""op"":""CROSS"",""price_e4"":7100}",REACH,"{""id"":""win"",""op"":""REACH"",""outcome"":""win"",""price_e4"":8500}",REACH,"{""id"":""loss"",""op"":""REACH"",""outcome"":""loss"",""price_e4"":4000}",HOLD_TO_SETTLEMENT,b530d65b28edd1535a76ec4046e518bc9de0bcfa836596c3227470a9a4d0a869,1.0.0,2026-09-15T01:30:56Z,1.0.0,1.0.0,1.0.0,2026-09-15T01:30:56Z,READY,351,182,139,0.566978,0.433022,1400,3100,0.451613,-501.709402,2d9a4d634a4a5508155a34c9ff097202c0d039e70a9a5b95665317d16af53f70,candle_path_not_fill,UNAVAILABLE,UNAVAILABLE,UNAVAILABLE,NOT_COMPUTABLE,UNAVAILABLE
path_bands,MONTE_CARLO,base_decomposition,bernoulli_week_4_p50,16658.716788,usd,bernoulli,superasi_bdebase_v1.1.0,grade_config_v1,2026-09-21T18:16:15Z,55d9a8bdcc4e4d82a222fd1bfb84fdbf,ATP CROSS 65 REACH 85 40 JUL 2025 ITI-05,e5cba21e206a859f465992e9705418339cee20e8e1cab2abbaa6eefe9bdbcbca,1ca7e1b4c022503dc39a4e6c3fd93a68123b280a28d7e3501b8f40d8e70e44fd,544af08020cf5cbc80434291e0f6b64f562c9ed0142f5ef5b1aeb6eaeee949ae,ATP CROSS 65 REACH 85 40 JUL 2025 ITI-05,ATP,ATP,2025-2026,2025-07-01,2025-07-31,"{""date_from"":""2025-07-01"",""date_to"":""2025-07-31"",""game_data"":[],""leagues"":[""ATP""],""market_data"":[""candles""],""markets"":[""kalshi""],""seasons"":[""2025-2026""],""sports"":[""ATP""]}",TRADABLE_YES_BID,1_MINUTE_CANDLE,available_at,CROSS,"{""id"":""e1"",""op"":""CROSS"",""price_e4"":7100}",REACH,"{""id"":""win"",""op"":""REACH"",""outcome"":""win"",""price_e4"":8500}",REACH,"{""id"":""loss"",""op"":""REACH"",""outcome"":""loss"",""price_e4"":4000}",HOLD_TO_SETTLEMENT,b530d65b28edd1535a76ec4046e518bc9de0bcfa836596c3227470a9a4d0a869,1.0.0,2026-09-15T01:30:56Z,1.0.0,1.0.0,1.0.0,2026-09-15T01:30:56Z,READY,351,182,139,0.566978,0.433022,1400,3100,0.451613,-501.709402,2d9a4d634a4a5508155a34c9ff097202c0d039e70a9a5b95665317d16af53f70,candle_path_not_fill,UNAVAILABLE,UNAVAILABLE,UNAVAILABLE,NOT_COMPUTABLE,UNAVAILABLE
path_bands,MONTE_CARLO,base_decomposition,bernoulli_week_4_p75,17784.250651,usd,bernoulli,superasi_bdebase_v1.1.0,grade_config_v1,2026-09-21T18:16:15Z,55d9a8bdcc4e4d82a222fd1bfb84fdbf,ATP CROSS 65 REACH 85 40 JUL 2025 ITI-05,e5cba21e206a859f465992e9705418339cee20e8e1cab2abbaa6eefe9bdbcbca,1ca7e1b4c022503dc39a4e6c3fd93a68123b280a28d7e3501b8f40d8e70e44fd,544af08020cf5cbc80434291e0f6b64f562c9ed0142f5ef5b1aeb6eaeee949ae,ATP CROSS 65 REACH 85 40 JUL 2025 ITI-05,ATP,ATP,2025-2026,2025-07-01,2025-07-31,"{""date_from"":""2025-07-01"",""date_to"":""2025-07-31"",""game_data"":[],""leagues"":[""ATP""],""market_data"":[""candles""],""markets"":[""kalshi""],""seasons"":[""2025-2026""],""sports"":[""ATP""]}",TRADABLE_YES_BID,1_MINUTE_CANDLE,available_at,CROSS,"{""id"":""e1"",""op"":""CROSS"",""price_e4"":7100}",REACH,"{""id"":""win"",""op"":""REACH"",""outcome"":""win"",""price_e4"":8500}",REACH,"{""id"":""loss"",""op"":""REACH"",""outcome"":""loss"",""price_e4"":4000}",HOLD_TO_SETTLEMENT,b530d65b28edd1535a76ec4046e518bc9de0bcfa836596c3227470a9a4d0a869,1.0.0,2026-09-15T01:30:56Z,1.0.0,1.0.0,1.0.0,2026-09-15T01:30:56Z,READY,351,182,139,0.566978,0.433022,1400,3100,0.451613,-501.709402,2d9a4d634a4a5508155a34c9ff097202c0d039e70a9a5b95665317d16af53f70,candle_path_not_fill,UNAVAILABLE,UNAVAILABLE,UNAVAILABLE,NOT_COMPUTABLE,UNAVAILABLE
path_bands,MONTE_CARLO,base_decomposition,bernoulli_week_4_p95,19602.205927,usd,bernoulli,superasi_bdebase_v1.1.0,grade_config_v1,2026-09-21T18:16:15Z,55d9a8bdcc4e4d82a222fd1bfb84fdbf,ATP CROSS 65 REACH 85 40 JUL 2025 ITI-05,e5cba21e206a859f465992e9705418339cee20e8e1cab2abbaa6eefe9bdbcbca,1ca7e1b4c022503dc39a4e6c3fd93a68123b280a28d7e3501b8f40d8e70e44fd,544af08020cf5cbc80434291e0f6b64f562c9ed0142f5ef5b1aeb6eaeee949ae,ATP CROSS 65 REACH 85 40 JUL 2025 ITI-05,ATP,ATP,2025-2026,2025-07-01,2025-07-31,"{""date_from"":""2025-07-01"",""date_to"":""2025-07-31"",""game_data"":[],""leagues"":[""ATP""],""market_data"":[""candles""],""markets"":[""kalshi""],""seasons"":[""2025-2026""],""sports"":[""ATP""]}",TRADABLE_YES_BID,1_MINUTE_CANDLE,available_at,CROSS,"{""id"":""e1"",""op"":""CROSS"",""price_e4"":7100}",REACH,"{""id"":""win"",""op"":""REACH"",""outcome"":""win"",""price_e4"":8500}",REACH,"{""id"":""loss"",""op"":""REACH"",""outcome"":""loss"",""price_e4"":4000}",HOLD_TO_SETTLEMENT,b530d65b28edd1535a76ec4046e518bc9de0bcfa836596c3227470a9a4d0a869,1.0.0,2026-09-15T01:30:56Z,1.0.0,1.0.0,1.0.0,2026-09-15T01:30:56Z,READY,351,182,139,0.566978,0.433022,1400,3100,0.451613,-501.709402,2d9a4d634a4a5508155a34c9ff097202c0d039e70a9a5b95665317d16af53f70,candle_path_not_fill,UNAVAILABLE,UNAVAILABLE,UNAVAILABLE,NOT_COMPUTABLE,UNAVAILABLE
path_bands,MONTE_CARLO,base_decomposition,bernoulli_week_5_p5,13101.685856,usd,bernoulli,superasi_bdebase_v1.1.0,grade_config_v1,2026-09-21T18:16:15Z,55d9a8bdcc4e4d82a222fd1bfb84fdbf,ATP CROSS 65 REACH 85 40 JUL 2025 ITI-05,e5cba21e206a859f465992e9705418339cee20e8e1cab2abbaa6eefe9bdbcbca,1ca7e1b4c022503dc39a4e6c3fd93a68123b280a28d7e3501b8f40d8e70e44fd,544af08020cf5cbc80434291e0f6b64f562c9ed0142f5ef5b1aeb6eaeee949ae,ATP CROSS 65 REACH 85 40 JUL 2025 ITI-05,ATP,ATP,2025-2026,2025-07-01,2025-07-31,"{""date_from"":""2025-07-01"",""date_to"":""2025-07-31"",""game_data"":[],""leagues"":[""ATP""],""market_data"":[""candles""],""markets"":[""kalshi""],""seasons"":[""2025-2026""],""sports"":[""ATP""]}",TRADABLE_YES_BID,1_MINUTE_CANDLE,available_at,CROSS,"{""id"":""e1"",""op"":""CROSS"",""price_e4"":7100}",REACH,"{""id"":""win"",""op"":""REACH"",""outcome"":""win"",""price_e4"":8500}",REACH,"{""id"":""loss"",""op"":""REACH"",""outcome"":""loss"",""price_e4"":4000}",HOLD_TO_SETTLEMENT,b530d65b28edd1535a76ec4046e518bc9de0bcfa836596c3227470a9a4d0a869,1.0.0,2026-09-15T01:30:56Z,1.0.0,1.0.0,1.0.0,2026-09-15T01:30:56Z,READY,351,182,139,0.566978,0.433022,1400,3100,0.451613,-501.709402,2d9a4d634a4a5508155a34c9ff097202c0d039e70a9a5b95665317d16af53f70,candle_path_not_fill,UNAVAILABLE,UNAVAILABLE,UNAVAILABLE,NOT_COMPUTABLE,UNAVAILABLE
path_bands,MONTE_CARLO,base_decomposition,bernoulli_week_5_p25,14621.253090,usd,bernoulli,superasi_bdebase_v1.1.0,grade_config_v1,2026-09-21T18:16:15Z,55d9a8bdcc4e4d82a222fd1bfb84fdbf,ATP CROSS 65 REACH 85 40 JUL 2025 ITI-05,e5cba21e206a859f465992e9705418339cee20e8e1cab2abbaa6eefe9bdbcbca,1ca7e1b4c022503dc39a4e6c3fd93a68123b280a28d7e3501b8f40d8e70e44fd,544af08020cf5cbc80434291e0f6b64f562c9ed0142f5ef5b1aeb6eaeee949ae,ATP CROSS 65 REACH 85 40 JUL 2025 ITI-05,ATP,ATP,2025-2026,2025-07-01,2025-07-31,"{""date_from"":""2025-07-01"",""date_to"":""2025-07-31"",""game_data"":[],""leagues"":[""ATP""],""market_data"":[""candles""],""markets"":[""kalshi""],""seasons"":[""2025-2026""],""sports"":[""ATP""]}",TRADABLE_YES_BID,1_MINUTE_CANDLE,available_at,CROSS,"{""id"":""e1"",""op"":""CROSS"",""price_e4"":7100}",REACH,"{""id"":""win"",""op"":""REACH"",""outcome"":""win"",""price_e4"":8500}",REACH,"{""id"":""loss"",""op"":""REACH"",""outcome"":""loss"",""price_e4"":4000}",HOLD_TO_SETTLEMENT,b530d65b28edd1535a76ec4046e518bc9de0bcfa836596c3227470a9a4d0a869,1.0.0,2026-09-15T01:30:56Z,1.0.0,1.0.0,1.0.0,2026-09-15T01:30:56Z,READY,351,182,139,0.566978,0.433022,1400,3100,0.451613,-501.709402,2d9a4d634a4a5508155a34c9ff097202c0d039e70a9a5b95665317d16af53f70,candle_path_not_fill,UNAVAILABLE,UNAVAILABLE,UNAVAILABLE,NOT_COMPUTABLE,UNAVAILABLE
path_bands,MONTE_CARLO,base_decomposition,bernoulli_week_5_p50,15696.045308,usd,bernoulli,superasi_bdebase_v1.1.0,grade_config_v1,2026-09-21T18:16:15Z,55d9a8bdcc4e4d82a222fd1bfb84fdbf,ATP CROSS 65 REACH 85 40 JUL 2025 ITI-05,e5cba21e206a859f465992e9705418339cee20e8e1cab2abbaa6eefe9bdbcbca,1ca7e1b4c022503dc39a4e6c3fd93a68123b280a28d7e3501b8f40d8e70e44fd,544af08020cf5cbc80434291e0f6b64f562c9ed0142f5ef5b1aeb6eaeee949ae,ATP CROSS 65 REACH 85 40 JUL 2025 ITI-05,ATP,ATP,2025-2026,2025-07-01,2025-07-31,"{""date_from"":""2025-07-01"",""date_to"":""2025-07-31"",""game_data"":[],""leagues"":[""ATP""],""market_data"":[""candles""],""markets"":[""kalshi""],""seasons"":[""2025-2026""],""sports"":[""ATP""]}",TRADABLE_YES_BID,1_MINUTE_CANDLE,available_at,CROSS,"{""id"":""e1"",""op"":""CROSS"",""price_e4"":7100}",REACH,"{""id"":""win"",""op"":""REACH"",""outcome"":""win"",""price_e4"":8500}",REACH,"{""id"":""loss"",""op"":""REACH"",""outcome"":""loss"",""price_e4"":4000}",HOLD_TO_SETTLEMENT,b530d65b28edd1535a76ec4046e518bc9de0bcfa836596c3227470a9a4d0a869,1.0.0,2026-09-15T01:30:56Z,1.0.0,1.0.0,1.0.0,2026-09-15T01:30:56Z,READY,351,182,139,0.566978,0.433022,1400,3100,0.451613,-501.709402,2d9a4d634a4a5508155a34c9ff097202c0d039e70a9a5b95665317d16af53f70,candle_path_not_fill,UNAVAILABLE,UNAVAILABLE,UNAVAILABLE,NOT_COMPUTABLE,UNAVAILABLE
path_bands,MONTE_CARLO,base_decomposition,bernoulli_week_5_p75,17231.528001,usd,bernoulli,superasi_bdebase_v1.1.0,grade_config_v1,2026-09-21T18:16:15Z,55d9a8bdcc4e4d82a222fd1bfb84fdbf,ATP CROSS 65 REACH 85 40 JUL 2025 ITI-05,e5cba21e206a859f465992e9705418339cee20e8e1cab2abbaa6eefe9bdbcbca,1ca7e1b4c022503dc39a4e6c3fd93a68123b280a28d7e3501b8f40d8e70e44fd,544af08020cf5cbc80434291e0f6b64f562c9ed0142f5ef5b1aeb6eaeee949ae,ATP CROSS 65 REACH 85 40 JUL 2025 ITI-05,ATP,ATP,2025-2026,2025-07-01,2025-07-31,"{""date_from"":""2025-07-01"",""date_to"":""2025-07-31"",""game_data"":[],""leagues"":[""ATP""],""market_data"":[""candles""],""markets"":[""kalshi""],""seasons"":[""2025-2026""],""sports"":[""ATP""]}",TRADABLE_YES_BID,1_MINUTE_CANDLE,available_at,CROSS,"{""id"":""e1"",""op"":""CROSS"",""price_e4"":7100}",REACH,"{""id"":""win"",""op"":""REACH"",""outcome"":""win"",""price_e4"":8500}",REACH,"{""id"":""loss"",""op"":""REACH"",""outcome"":""loss"",""price_e4"":4000}",HOLD_TO_SETTLEMENT,b530d65b28edd1535a76ec4046e518bc9de0bcfa836596c3227470a9a4d0a869,1.0.0,2026-09-15T01:30:56Z,1.0.0,1.0.0,1.0.0,2026-09-15T01:30:56Z,READY,351,182,139,0.566978,0.433022,1400,3100,0.451613,-501.709402,2d9a4d634a4a5508155a34c9ff097202c0d039e70a9a5b95665317d16af53f70,candle_path_not_fill,UNAVAILABLE,UNAVAILABLE,UNAVAILABLE,NOT_COMPUTABLE,UNAVAILABLE
path_bands,MONTE_CARLO,base_decomposition,bernoulli_week_5_p95,19050.031112,usd,bernoulli,superasi_bdebase_v1.1.0,grade_config_v1,2026-09-21T18:16:15Z,55d9a8bdcc4e4d82a222fd1bfb84fdbf,ATP CROSS 65 REACH 85 40 JUL 2025 ITI-05,e5cba21e206a859f465992e9705418339cee20e8e1cab2abbaa6eefe9bdbcbca,1ca7e1b4c022503dc39a4e6c3fd93a68123b280a28d7e3501b8f40d8e70e44fd,544af08020cf5cbc80434291e0f6b64f562c9ed0142f5ef5b1aeb6eaeee949ae,ATP CROSS 65 REACH 85 40 JUL 2025 ITI-05,ATP,ATP,2025-2026,2025-07-01,2025-07-31,"{""date_from"":""2025-07-01"",""date_to"":""2025-07-31"",""game_data"":[],""leagues"":[""ATP""],""market_data"":[""candles""],""markets"":[""kalshi""],""seasons"":[""2025-2026""],""sports"":[""ATP""]}",TRADABLE_YES_BID,1_MINUTE_CANDLE,available_at,CROSS,"{""id"":""e1"",""op"":""CROSS"",""price_e4"":7100}",REACH,"{""id"":""win"",""op"":""REACH"",""outcome"":""win"",""price_e4"":8500}",REACH,"{""id"":""loss"",""op"":""REACH"",""outcome"":""loss"",""price_e4"":4000}",HOLD_TO_SETTLEMENT,b530d65b28edd1535a76ec4046e518bc9de0bcfa836596c3227470a9a4d0a869,1.0.0,2026-09-15T01:30:56Z,1.0.0,1.0.0,1.0.0,2026-09-15T01:30:56Z,READY,351,182,139,0.566978,0.433022,1400,3100,0.451613,-501.709402,2d9a4d634a4a5508155a34c9ff097202c0d039e70a9a5b95665317d16af53f70,candle_path_not_fill,UNAVAILABLE,UNAVAILABLE,UNAVAILABLE,NOT_COMPUTABLE,UNAVAILABLE
path_bands,MONTE_CARLO,base_decomposition,bernoulli_week_6_p5,12228.209895,usd,bernoulli,superasi_bdebase_v1.1.0,grade_config_v1,2026-09-21T18:16:15Z,55d9a8bdcc4e4d82a222fd1bfb84fdbf,ATP CROSS 65 REACH 85 40 JUL 2025 ITI-05,e5cba21e206a859f465992e9705418339cee20e8e1cab2abbaa6eefe9bdbcbca,1ca7e1b4c022503dc39a4e6c3fd93a68123b280a28d7e3501b8f40d8e70e44fd,544af08020cf5cbc80434291e0f6b64f562c9ed0142f5ef5b1aeb6eaeee949ae,ATP CROSS 65 REACH 85 40 JUL 2025 ITI-05,ATP,ATP,2025-2026,2025-07-01,2025-07-31,"{""date_from"":""2025-07-01"",""date_to"":""2025-07-31"",""game_data"":[],""leagues"":[""ATP""],""market_data"":[""candles""],""markets"":[""kalshi""],""seasons"":[""2025-2026""],""sports"":[""ATP""]}",TRADABLE_YES_BID,1_MINUTE_CANDLE,available_at,CROSS,"{""id"":""e1"",""op"":""CROSS"",""price_e4"":7100}",REACH,"{""id"":""win"",""op"":""REACH"",""outcome"":""win"",""price_e4"":8500}",REACH,"{""id"":""loss"",""op"":""REACH"",""outcome"":""loss"",""price_e4"":4000}",HOLD_TO_SETTLEMENT,b530d65b28edd1535a76ec4046e518bc9de0bcfa836596c3227470a9a4d0a869,1.0.0,2026-09-15T01:30:56Z,1.0.0,1.0.0,1.0.0,2026-09-15T01:30:56Z,READY,351,182,139,0.566978,0.433022,1400,3100,0.451613,-501.709402,2d9a4d634a4a5508155a34c9ff097202c0d039e70a9a5b95665317d16af53f70,candle_path_not_fill,UNAVAILABLE,UNAVAILABLE,UNAVAILABLE,NOT_COMPUTABLE,UNAVAILABLE
path_bands,MONTE_CARLO,base_decomposition,bernoulli_week_6_p25,13761.673527,usd,bernoulli,superasi_bdebase_v1.1.0,grade_config_v1,2026-09-21T18:16:15Z,55d9a8bdcc4e4d82a222fd1bfb84fdbf,ATP CROSS 65 REACH 85 40 JUL 2025 ITI-05,e5cba21e206a859f465992e9705418339cee20e8e1cab2abbaa6eefe9bdbcbca,1ca7e1b4c022503dc39a4e6c3fd93a68123b280a28d7e3501b8f40d8e70e44fd,544af08020cf5cbc80434291e0f6b64f562c9ed0142f5ef5b1aeb6eaeee949ae,ATP CROSS 65 REACH 85 40 JUL 2025 ITI-05,ATP,ATP,2025-2026,2025-07-01,2025-07-31,"{""date_from"":""2025-07-01"",""date_to"":""2025-07-31"",""game_data"":[],""leagues"":[""ATP""],""market_data"":[""candles""],""markets"":[""kalshi""],""seasons"":[""2025-2026""],""sports"":[""ATP""]}",TRADABLE_YES_BID,1_MINUTE_CANDLE,available_at,CROSS,"{""id"":""e1"",""op"":""CROSS"",""price_e4"":7100}",REACH,"{""id"":""win"",""op"":""REACH"",""outcome"":""win"",""price_e4"":8500}",REACH,"{""id"":""loss"",""op"":""REACH"",""outcome"":""loss"",""price_e4"":4000}",HOLD_TO_SETTLEMENT,b530d65b28edd1535a76ec4046e518bc9de0bcfa836596c3227470a9a4d0a869,1.0.0,2026-09-15T01:30:56Z,1.0.0,1.0.0,1.0.0,2026-09-15T01:30:56Z,READY,351,182,139,0.566978,0.433022,1400,3100,0.451613,-501.709402,2d9a4d634a4a5508155a34c9ff097202c0d039e70a9a5b95665317d16af53f70,candle_path_not_fill,UNAVAILABLE,UNAVAILABLE,UNAVAILABLE,NOT_COMPUTABLE,UNAVAILABLE
path_bands,MONTE_CARLO,base_decomposition,bernoulli_week_6_p50,15155.633012,usd,bernoulli,superasi_bdebase_v1.1.0,grade_config_v1,2026-09-21T18:16:15Z,55d9a8bdcc4e4d82a222fd1bfb84fdbf,ATP CROSS 65 REACH 85 40 JUL 2025 ITI-05,e5cba21e206a859f465992e9705418339cee20e8e1cab2abbaa6eefe9bdbcbca,1ca7e1b4c022503dc39a4e6c3fd93a68123b280a28d7e3501b8f40d8e70e44fd,544af08020cf5cbc80434291e0f6b64f562c9ed0142f5ef5b1aeb6eaeee949ae,ATP CROSS 65 REACH 85 40 JUL 2025 ITI-05,ATP,ATP,2025-2026,2025-07-01,2025-07-31,"{""date_from"":""2025-07-01"",""date_to"":""2025-07-31"",""game_data"":[],""leagues"":[""ATP""],""market_data"":[""candles""],""markets"":[""kalshi""],""seasons"":[""2025-2026""],""sports"":[""ATP""]}",TRADABLE_YES_BID,1_MINUTE_CANDLE,available_at,CROSS,"{""id"":""e1"",""op"":""CROSS"",""price_e4"":7100}",REACH,"{""id"":""win"",""op"":""REACH"",""outcome"":""win"",""price_e4"":8500}",REACH,"{""id"":""loss"",""op"":""REACH"",""outcome"":""loss"",""price_e4"":4000}",HOLD_TO_SETTLEMENT,b530d65b28edd1535a76ec4046e518bc9de0bcfa836596c3227470a9a4d0a869,1.0.0,2026-09-15T01:30:56Z,1.0.0,1.0.0,1.0.0,2026-09-15T01:30:56Z,READY,351,182,139,0.566978,0.433022,1400,3100,0.451613,-501.709402,2d9a4d634a4a5508155a34c9ff097202c0d039e70a9a5b95665317d16af53f70,candle_path_not_fill,UNAVAILABLE,UNAVAILABLE,UNAVAILABLE,NOT_COMPUTABLE,UNAVAILABLE
path_bands,MONTE_CARLO,base_decomposition,bernoulli_week_6_p75,16282.256210,usd,bernoulli,superasi_bdebase_v1.1.0,grade_config_v1,2026-09-21T18:16:15Z,55d9a8bdcc4e4d82a222fd1bfb84fdbf,ATP CROSS 65 REACH 85 40 JUL 2025 ITI-05,e5cba21e206a859f465992e9705418339cee20e8e1cab2abbaa6eefe9bdbcbca,1ca7e1b4c022503dc39a4e6c3fd93a68123b280a28d7e3501b8f40d8e70e44fd,544af08020cf5cbc80434291e0f6b64f562c9ed0142f5ef5b1aeb6eaeee949ae,ATP CROSS 65 REACH 85 40 JUL 2025 ITI-05,ATP,ATP,2025-2026,2025-07-01,2025-07-31,"{""date_from"":""2025-07-01"",""date_to"":""2025-07-31"",""game_data"":[],""leagues"":[""ATP""],""market_data"":[""candles""],""markets"":[""kalshi""],""seasons"":[""2025-2026""],""sports"":[""ATP""]}",TRADABLE_YES_BID,1_MINUTE_CANDLE,available_at,CROSS,"{""id"":""e1"",""op"":""CROSS"",""price_e4"":7100}",REACH,"{""id"":""win"",""op"":""REACH"",""outcome"":""win"",""price_e4"":8500}",REACH,"{""id"":""loss"",""op"":""REACH"",""outcome"":""loss"",""price_e4"":4000}",HOLD_TO_SETTLEMENT,b530d65b28edd1535a76ec4046e518bc9de0bcfa836596c3227470a9a4d0a869,1.0.0,2026-09-15T01:30:56Z,1.0.0,1.0.0,1.0.0,2026-09-15T01:30:56Z,READY,351,182,139,0.566978,0.433022,1400,3100,0.451613,-501.709402,2d9a4d634a4a5508155a34c9ff097202c0d039e70a9a5b95665317d16af53f70,candle_path_not_fill,UNAVAILABLE,UNAVAILABLE,UNAVAILABLE,NOT_COMPUTABLE,UNAVAILABLE
path_bands,MONTE_CARLO,base_decomposition,bernoulli_week_6_p95,18513.410517,usd,bernoulli,superasi_bdebase_v1.1.0,grade_config_v1,2026-09-21T18:16:15Z,55d9a8bdcc4e4d82a222fd1bfb84fdbf,ATP CROSS 65 REACH 85 40 JUL 2025 ITI-05,e5cba21e206a859f465992e9705418339cee20e8e1cab2abbaa6eefe9bdbcbca,1ca7e1b4c022503dc39a4e6c3fd93a68123b280a28d7e3501b8f40d8e70e44fd,544af08020cf5cbc80434291e0f6b64f562c9ed0142f5ef5b1aeb6eaeee949ae,ATP CROSS 65 REACH 85 40 JUL 2025 ITI-05,ATP,ATP,2025-2026,2025-07-01,2025-07-31,"{""date_from"":""2025-07-01"",""date_to"":""2025-07-31"",""game_data"":[],""leagues"":[""ATP""],""market_data"":[""candles""],""markets"":[""kalshi""],""seasons"":[""2025-2026""],""sports"":[""ATP""]}",TRADABLE_YES_BID,1_MINUTE_CANDLE,available_at,CROSS,"{""id"":""e1"",""op"":""CROSS"",""price_e4"":7100}",REACH,"{""id"":""win"",""op"":""REACH"",""outcome"":""win"",""price_e4"":8500}",REACH,"{""id"":""loss"",""op"":""REACH"",""outcome"":""loss"",""price_e4"":4000}",HOLD_TO_SETTLEMENT,b530d65b28edd1535a76ec4046e518bc9de0bcfa836596c3227470a9a4d0a869,1.0.0,2026-09-15T01:30:56Z,1.0.0,1.0.0,1.0.0,2026-09-15T01:30:56Z,READY,351,182,139,0.566978,0.433022,1400,3100,0.451613,-501.709402,2d9a4d634a4a5508155a34c9ff097202c0d039e70a9a5b95665317d16af53f70,candle_path_not_fill,UNAVAILABLE,UNAVAILABLE,UNAVAILABLE,NOT_COMPUTABLE,UNAVAILABLE
path_bands,MONTE_CARLO,base_decomposition,bernoulli_week_7_p5,11428.300021,usd,bernoulli,superasi_bdebase_v1.1.0,grade_config_v1,2026-09-21T18:16:15Z,55d9a8bdcc4e4d82a222fd1bfb84fdbf,ATP CROSS 65 REACH 85 40 JUL 2025 ITI-05,e5cba21e206a859f465992e9705418339cee20e8e1cab2abbaa6eefe9bdbcbca,1ca7e1b4c022503dc39a4e6c3fd93a68123b280a28d7e3501b8f40d8e70e44fd,544af08020cf5cbc80434291e0f6b64f562c9ed0142f5ef5b1aeb6eaeee949ae,ATP CROSS 65 REACH 85 40 JUL 2025 ITI-05,ATP,ATP,2025-2026,2025-07-01,2025-07-31,"{""date_from"":""2025-07-01"",""date_to"":""2025-07-31"",""game_data"":[],""leagues"":[""ATP""],""market_data"":[""candles""],""markets"":[""kalshi""],""seasons"":[""2025-2026""],""sports"":[""ATP""]}",TRADABLE_YES_BID,1_MINUTE_CANDLE,available_at,CROSS,"{""id"":""e1"",""op"":""CROSS"",""price_e4"":7100}",REACH,"{""id"":""win"",""op"":""REACH"",""outcome"":""win"",""price_e4"":8500}",REACH,"{""id"":""loss"",""op"":""REACH"",""outcome"":""loss"",""price_e4"":4000}",HOLD_TO_SETTLEMENT,b530d65b28edd1535a76ec4046e518bc9de0bcfa836596c3227470a9a4d0a869,1.0.0,2026-09-15T01:30:56Z,1.0.0,1.0.0,1.0.0,2026-09-15T01:30:56Z,READY,351,182,139,0.566978,0.433022,1400,3100,0.451613,-501.709402,2d9a4d634a4a5508155a34c9ff097202c0d039e70a9a5b95665317d16af53f70,candle_path_not_fill,UNAVAILABLE,UNAVAILABLE,UNAVAILABLE,NOT_COMPUTABLE,UNAVAILABLE
path_bands,MONTE_CARLO,base_decomposition,bernoulli_week_7_p25,13180.956123,usd,bernoulli,superasi_bdebase_v1.1.0,grade_config_v1,2026-09-21T18:16:15Z,55d9a8bdcc4e4d82a222fd1bfb84fdbf,ATP CROSS 65 REACH 85 40 JUL 2025 ITI-05,e5cba21e206a859f465992e9705418339cee20e8e1cab2abbaa6eefe9bdbcbca,1ca7e1b4c022503dc39a4e6c3fd93a68123b280a28d7e3501b8f40d8e70e44fd,544af08020cf5cbc80434291e0f6b64f562c9ed0142f5ef5b1aeb6eaeee949ae,ATP CROSS 65 REACH 85 40 JUL 2025 ITI-05,ATP,ATP,2025-2026,2025-07-01,2025-07-31,"{""date_from"":""2025-07-01"",""date_to"":""2025-07-31"",""game_data"":[],""leagues"":[""ATP""],""market_data"":[""candles""],""markets"":[""kalshi""],""seasons"":[""2025-2026""],""sports"":[""ATP""]}",TRADABLE_YES_BID,1_MINUTE_CANDLE,available_at,CROSS,"{""id"":""e1"",""op"":""CROSS"",""price_e4"":7100}",REACH,"{""id"":""win"",""op"":""REACH"",""outcome"":""win"",""price_e4"":8500}",REACH,"{""id"":""loss"",""op"":""REACH"",""outcome"":""loss"",""price_e4"":4000}",HOLD_TO_SETTLEMENT,b530d65b28edd1535a76ec4046e518bc9de0bcfa836596c3227470a9a4d0a869,1.0.0,2026-09-15T01:30:56Z,1.0.0,1.0.0,1.0.0,2026-09-15T01:30:56Z,READY,351,182,139,0.566978,0.433022,1400,3100,0.451613,-501.709402,2d9a4d634a4a5508155a34c9ff097202c0d039e70a9a5b95665317d16af53f70,candle_path_not_fill,UNAVAILABLE,UNAVAILABLE,UNAVAILABLE,NOT_COMPUTABLE,UNAVAILABLE
path_bands,MONTE_CARLO,base_decomposition,bernoulli_week_7_p50,14309.291453,usd,bernoulli,superasi_bdebase_v1.1.0,grade_config_v1,2026-09-21T18:16:15Z,55d9a8bdcc4e4d82a222fd1bfb84fdbf,ATP CROSS 65 REACH 85 40 JUL 2025 ITI-05,e5cba21e206a859f465992e9705418339cee20e8e1cab2abbaa6eefe9bdbcbca,1ca7e1b4c022503dc39a4e6c3fd93a68123b280a28d7e3501b8f40d8e70e44fd,544af08020cf5cbc80434291e0f6b64f562c9ed0142f5ef5b1aeb6eaeee949ae,ATP CROSS 65 REACH 85 40 JUL 2025 ITI-05,ATP,ATP,2025-2026,2025-07-01,2025-07-31,"{""date_from"":""2025-07-01"",""date_to"":""2025-07-31"",""game_data"":[],""leagues"":[""ATP""],""market_data"":[""candles""],""markets"":[""kalshi""],""seasons"":[""2025-2026""],""sports"":[""ATP""]}",TRADABLE_YES_BID,1_MINUTE_CANDLE,available_at,CROSS,"{""id"":""e1"",""op"":""CROSS"",""price_e4"":7100}",REACH,"{""id"":""win"",""op"":""REACH"",""outcome"":""win"",""price_e4"":8500}",REACH,"{""id"":""loss"",""op"":""REACH"",""outcome"":""loss"",""price_e4"":4000}",HOLD_TO_SETTLEMENT,b530d65b28edd1535a76ec4046e518bc9de0bcfa836596c3227470a9a4d0a869,1.0.0,2026-09-15T01:30:56Z,1.0.0,1.0.0,1.0.0,2026-09-15T01:30:56Z,READY,351,182,139,0.566978,0.433022,1400,3100,0.451613,-501.709402,2d9a4d634a4a5508155a34c9ff097202c0d039e70a9a5b95665317d16af53f70,candle_path_not_fill,UNAVAILABLE,UNAVAILABLE,UNAVAILABLE,NOT_COMPUTABLE,UNAVAILABLE
path_bands,MONTE_CARLO,base_decomposition,bernoulli_week_7_p75,15756.298454,usd,bernoulli,superasi_bdebase_v1.1.0,grade_config_v1,2026-09-21T18:16:15Z,55d9a8bdcc4e4d82a222fd1bfb84fdbf,ATP CROSS 65 REACH 85 40 JUL 2025 ITI-05,e5cba21e206a859f465992e9705418339cee20e8e1cab2abbaa6eefe9bdbcbca,1ca7e1b4c022503dc39a4e6c3fd93a68123b280a28d7e3501b8f40d8e70e44fd,544af08020cf5cbc80434291e0f6b64f562c9ed0142f5ef5b1aeb6eaeee949ae,ATP CROSS 65 REACH 85 40 JUL 2025 ITI-05,ATP,ATP,2025-2026,2025-07-01,2025-07-31,"{""date_from"":""2025-07-01"",""date_to"":""2025-07-31"",""game_data"":[],""leagues"":[""ATP""],""market_data"":[""candles""],""markets"":[""kalshi""],""seasons"":[""2025-2026""],""sports"":[""ATP""]}",TRADABLE_YES_BID,1_MINUTE_CANDLE,available_at,CROSS,"{""id"":""e1"",""op"":""CROSS"",""price_e4"":7100}",REACH,"{""id"":""win"",""op"":""REACH"",""outcome"":""win"",""price_e4"":8500}",REACH,"{""id"":""loss"",""op"":""REACH"",""outcome"":""loss"",""price_e4"":4000}",HOLD_TO_SETTLEMENT,b530d65b28edd1535a76ec4046e518bc9de0bcfa836596c3227470a9a4d0a869,1.0.0,2026-09-15T01:30:56Z,1.0.0,1.0.0,1.0.0,2026-09-15T01:30:56Z,READY,351,182,139,0.566978,0.433022,1400,3100,0.451613,-501.709402,2d9a4d634a4a5508155a34c9ff097202c0d039e70a9a5b95665317d16af53f70,candle_path_not_fill,UNAVAILABLE,UNAVAILABLE,UNAVAILABLE,NOT_COMPUTABLE,UNAVAILABLE
path_bands,MONTE_CARLO,base_decomposition,bernoulli_week_7_p95,17957.120356,usd,bernoulli,superasi_bdebase_v1.1.0,grade_config_v1,2026-09-21T18:16:15Z,55d9a8bdcc4e4d82a222fd1bfb84fdbf,ATP CROSS 65 REACH 85 40 JUL 2025 ITI-05,e5cba21e206a859f465992e9705418339cee20e8e1cab2abbaa6eefe9bdbcbca,1ca7e1b4c022503dc39a4e6c3fd93a68123b280a28d7e3501b8f40d8e70e44fd,544af08020cf5cbc80434291e0f6b64f562c9ed0142f5ef5b1aeb6eaeee949ae,ATP CROSS 65 REACH 85 40 JUL 2025 ITI-05,ATP,ATP,2025-2026,2025-07-01,2025-07-31,"{""date_from"":""2025-07-01"",""date_to"":""2025-07-31"",""game_data"":[],""leagues"":[""ATP""],""market_data"":[""candles""],""markets"":[""kalshi""],""seasons"":[""2025-2026""],""sports"":[""ATP""]}",TRADABLE_YES_BID,1_MINUTE_CANDLE,available_at,CROSS,"{""id"":""e1"",""op"":""CROSS"",""price_e4"":7100}",REACH,"{""id"":""win"",""op"":""REACH"",""outcome"":""win"",""price_e4"":8500}",REACH,"{""id"":""loss"",""op"":""REACH"",""outcome"":""loss"",""price_e4"":4000}",HOLD_TO_SETTLEMENT,b530d65b28edd1535a76ec4046e518bc9de0bcfa836596c3227470a9a4d0a869,1.0.0,2026-09-15T01:30:56Z,1.0.0,1.0.0,1.0.0,2026-09-15T01:30:56Z,READY,351,182,139,0.566978,0.433022,1400,3100,0.451613,-501.709402,2d9a4d634a4a5508155a34c9ff097202c0d039e70a9a5b95665317d16af53f70,candle_path_not_fill,UNAVAILABLE,UNAVAILABLE,UNAVAILABLE,NOT_COMPUTABLE,UNAVAILABLE
path_bands,MONTE_CARLO,base_decomposition,bernoulli_week_8_p5,10763.292267,usd,bernoulli,superasi_bdebase_v1.1.0,grade_config_v1,2026-09-21T18:16:15Z,55d9a8bdcc4e4d82a222fd1bfb84fdbf,ATP CROSS 65 REACH 85 40 JUL 2025 ITI-05,e5cba21e206a859f465992e9705418339cee20e8e1cab2abbaa6eefe9bdbcbca,1ca7e1b4c022503dc39a4e6c3fd93a68123b280a28d7e3501b8f40d8e70e44fd,544af08020cf5cbc80434291e0f6b64f562c9ed0142f5ef5b1aeb6eaeee949ae,ATP CROSS 65 REACH 85 40 JUL 2025 ITI-05,ATP,ATP,2025-2026,2025-07-01,2025-07-31,"{""date_from"":""2025-07-01"",""date_to"":""2025-07-31"",""game_data"":[],""leagues"":[""ATP""],""market_data"":[""candles""],""markets"":[""kalshi""],""seasons"":[""2025-2026""],""sports"":[""ATP""]}",TRADABLE_YES_BID,1_MINUTE_CANDLE,available_at,CROSS,"{""id"":""e1"",""op"":""CROSS"",""price_e4"":7100}",REACH,"{""id"":""win"",""op"":""REACH"",""outcome"":""win"",""price_e4"":8500}",REACH,"{""id"":""loss"",""op"":""REACH"",""outcome"":""loss"",""price_e4"":4000}",HOLD_TO_SETTLEMENT,b530d65b28edd1535a76ec4046e518bc9de0bcfa836596c3227470a9a4d0a869,1.0.0,2026-09-15T01:30:56Z,1.0.0,1.0.0,1.0.0,2026-09-15T01:30:56Z,READY,351,182,139,0.566978,0.433022,1400,3100,0.451613,-501.709402,2d9a4d634a4a5508155a34c9ff097202c0d039e70a9a5b95665317d16af53f70,candle_path_not_fill,UNAVAILABLE,UNAVAILABLE,UNAVAILABLE,NOT_COMPUTABLE,UNAVAILABLE
path_bands,MONTE_CARLO,base_decomposition,bernoulli_week_8_p25,12476.348962,usd,bernoulli,superasi_bdebase_v1.1.0,grade_config_v1,2026-09-21T18:16:15Z,55d9a8bdcc4e4d82a222fd1bfb84fdbf,ATP CROSS 65 REACH 85 40 JUL 2025 ITI-05,e5cba21e206a859f465992e9705418339cee20e8e1cab2abbaa6eefe9bdbcbca,1ca7e1b4c022503dc39a4e6c3fd93a68123b280a28d7e3501b8f40d8e70e44fd,544af08020cf5cbc80434291e0f6b64f562c9ed0142f5ef5b1aeb6eaeee949ae,ATP CROSS 65 REACH 85 40 JUL 2025 ITI-05,ATP,ATP,2025-2026,2025-07-01,2025-07-31,"{""date_from"":""2025-07-01"",""date_to"":""2025-07-31"",""game_data"":[],""leagues"":[""ATP""],""market_data"":[""candles""],""markets"":[""kalshi""],""seasons"":[""2025-2026""],""sports"":[""ATP""]}",TRADABLE_YES_BID,1_MINUTE_CANDLE,available_at,CROSS,"{""id"":""e1"",""op"":""CROSS"",""price_e4"":7100}",REACH,"{""id"":""win"",""op"":""REACH"",""outcome"":""win"",""price_e4"":8500}",REACH,"{""id"":""loss"",""op"":""REACH"",""outcome"":""loss"",""price_e4"":4000}",HOLD_TO_SETTLEMENT,b530d65b28edd1535a76ec4046e518bc9de0bcfa836596c3227470a9a4d0a869,1.0.0,2026-09-15T01:30:56Z,1.0.0,1.0.0,1.0.0,2026-09-15T01:30:56Z,READY,351,182,139,0.566978,0.433022,1400,3100,0.451613,-501.709402,2d9a4d634a4a5508155a34c9ff097202c0d039e70a9a5b95665317d16af53f70,candle_path_not_fill,UNAVAILABLE,UNAVAILABLE,UNAVAILABLE,NOT_COMPUTABLE,UNAVAILABLE
path_bands,MONTE_CARLO,base_decomposition,bernoulli_week_8_p50,13802.846517,usd,bernoulli,superasi_bdebase_v1.1.0,grade_config_v1,2026-09-21T18:16:15Z,55d9a8bdcc4e4d82a222fd1bfb84fdbf,ATP CROSS 65 REACH 85 40 JUL 2025 ITI-05,e5cba21e206a859f465992e9705418339cee20e8e1cab2abbaa6eefe9bdbcbca,1ca7e1b4c022503dc39a4e6c3fd93a68123b280a28d7e3501b8f40d8e70e44fd,544af08020cf5cbc80434291e0f6b64f562c9ed0142f5ef5b1aeb6eaeee949ae,ATP CROSS 65 REACH 85 40 JUL 2025 ITI-05,ATP,ATP,2025-2026,2025-07-01,2025-07-31,"{""date_from"":""2025-07-01"",""date_to"":""2025-07-31"",""game_data"":[],""leagues"":[""ATP""],""market_data"":[""candles""],""markets"":[""kalshi""],""seasons"":[""2025-2026""],""sports"":[""ATP""]}",TRADABLE_YES_BID,1_MINUTE_CANDLE,available_at,CROSS,"{""id"":""e1"",""op"":""CROSS"",""price_e4"":7100}",REACH,"{""id"":""win"",""op"":""REACH"",""outcome"":""win"",""price_e4"":8500}",REACH,"{""id"":""loss"",""op"":""REACH"",""outcome"":""loss"",""price_e4"":4000}",HOLD_TO_SETTLEMENT,b530d65b28edd1535a76ec4046e518bc9de0bcfa836596c3227470a9a4d0a869,1.0.0,2026-09-15T01:30:56Z,1.0.0,1.0.0,1.0.0,2026-09-15T01:30:56Z,READY,351,182,139,0.566978,0.433022,1400,3100,0.451613,-501.709402,2d9a4d634a4a5508155a34c9ff097202c0d039e70a9a5b95665317d16af53f70,candle_path_not_fill,UNAVAILABLE,UNAVAILABLE,UNAVAILABLE,NOT_COMPUTABLE,UNAVAILABLE
path_bands,MONTE_CARLO,base_decomposition,bernoulli_week_8_p75,15245.209109,usd,bernoulli,superasi_bdebase_v1.1.0,grade_config_v1,2026-09-21T18:16:15Z,55d9a8bdcc4e4d82a222fd1bfb84fdbf,ATP CROSS 65 REACH 85 40 JUL 2025 ITI-05,e5cba21e206a859f465992e9705418339cee20e8e1cab2abbaa6eefe9bdbcbca,1ca7e1b4c022503dc39a4e6c3fd93a68123b280a28d7e3501b8f40d8e70e44fd,544af08020cf5cbc80434291e0f6b64f562c9ed0142f5ef5b1aeb6eaeee949ae,ATP CROSS 65 REACH 85 40 JUL 2025 ITI-05,ATP,ATP,2025-2026,2025-07-01,2025-07-31,"{""date_from"":""2025-07-01"",""date_to"":""2025-07-31"",""game_data"":[],""leagues"":[""ATP""],""market_data"":[""candles""],""markets"":[""kalshi""],""seasons"":[""2025-2026""],""sports"":[""ATP""]}",TRADABLE_YES_BID,1_MINUTE_CANDLE,available_at,CROSS,"{""id"":""e1"",""op"":""CROSS"",""price_e4"":7100}",REACH,"{""id"":""win"",""op"":""REACH"",""outcome"":""win"",""price_e4"":8500}",REACH,"{""id"":""loss"",""op"":""REACH"",""outcome"":""loss"",""price_e4"":4000}",HOLD_TO_SETTLEMENT,b530d65b28edd1535a76ec4046e518bc9de0bcfa836596c3227470a9a4d0a869,1.0.0,2026-09-15T01:30:56Z,1.0.0,1.0.0,1.0.0,2026-09-15T01:30:56Z,READY,351,182,139,0.566978,0.433022,1400,3100,0.451613,-501.709402,2d9a4d634a4a5508155a34c9ff097202c0d039e70a9a5b95665317d16af53f70,candle_path_not_fill,UNAVAILABLE,UNAVAILABLE,UNAVAILABLE,NOT_COMPUTABLE,UNAVAILABLE
path_bands,MONTE_CARLO,base_decomposition,bernoulli_week_8_p95,17430.527176,usd,bernoulli,superasi_bdebase_v1.1.0,grade_config_v1,2026-09-21T18:16:15Z,55d9a8bdcc4e4d82a222fd1bfb84fdbf,ATP CROSS 65 REACH 85 40 JUL 2025 ITI-05,e5cba21e206a859f465992e9705418339cee20e8e1cab2abbaa6eefe9bdbcbca,1ca7e1b4c022503dc39a4e6c3fd93a68123b280a28d7e3501b8f40d8e70e44fd,544af08020cf5cbc80434291e0f6b64f562c9ed0142f5ef5b1aeb6eaeee949ae,ATP CROSS 65 REACH 85 40 JUL 2025 ITI-05,ATP,ATP,2025-2026,2025-07-01,2025-07-31,"{""date_from"":""2025-07-01"",""date_to"":""2025-07-31"",""game_data"":[],""leagues"":[""ATP""],""market_data"":[""candles""],""markets"":[""kalshi""],""seasons"":[""2025-2026""],""sports"":[""ATP""]}",TRADABLE_YES_BID,1_MINUTE_CANDLE,available_at,CROSS,"{""id"":""e1"",""op"":""CROSS"",""price_e4"":7100}",REACH,"{""id"":""win"",""op"":""REACH"",""outcome"":""win"",""price_e4"":8500}",REACH,"{""id"":""loss"",""op"":""REACH"",""outcome"":""loss"",""price_e4"":4000}",HOLD_TO_SETTLEMENT,b530d65b28edd1535a76ec4046e518bc9de0bcfa836596c3227470a9a4d0a869,1.0.0,2026-09-15T01:30:56Z,1.0.0,1.0.0,1.0.0,2026-09-15T01:30:56Z,READY,351,182,139,0.566978,0.433022,1400,3100,0.451613,-501.709402,2d9a4d634a4a5508155a34c9ff097202c0d039e70a9a5b95665317d16af53f70,candle_path_not_fill,UNAVAILABLE,UNAVAILABLE,UNAVAILABLE,NOT_COMPUTABLE,UNAVAILABLE
path_bands,MONTE_CARLO,base_decomposition,bernoulli_week_9_p5,10151.501122,usd,bernoulli,superasi_bdebase_v1.1.0,grade_config_v1,2026-09-21T18:16:15Z,55d9a8bdcc4e4d82a222fd1bfb84fdbf,ATP CROSS 65 REACH 85 40 JUL 2025 ITI-05,e5cba21e206a859f465992e9705418339cee20e8e1cab2abbaa6eefe9bdbcbca,1ca7e1b4c022503dc39a4e6c3fd93a68123b280a28d7e3501b8f40d8e70e44fd,544af08020cf5cbc80434291e0f6b64f562c9ed0142f5ef5b1aeb6eaeee949ae,ATP CROSS 65 REACH 85 40 JUL 2025 ITI-05,ATP,ATP,2025-2026,2025-07-01,2025-07-31,"{""date_from"":""2025-07-01"",""date_to"":""2025-07-31"",""game_data"":[],""leagues"":[""ATP""],""market_data"":[""candles""],""markets"":[""kalshi""],""seasons"":[""2025-2026""],""sports"":[""ATP""]}",TRADABLE_YES_BID,1_MINUTE_CANDLE,available_at,CROSS,"{""id"":""e1"",""op"":""CROSS"",""price_e4"":7100}",REACH,"{""id"":""win"",""op"":""REACH"",""outcome"":""win"",""price_e4"":8500}",REACH,"{""id"":""loss"",""op"":""REACH"",""outcome"":""loss"",""price_e4"":4000}",HOLD_TO_SETTLEMENT,b530d65b28edd1535a76ec4046e518bc9de0bcfa836596c3227470a9a4d0a869,1.0.0,2026-09-15T01:30:56Z,1.0.0,1.0.0,1.0.0,2026-09-15T01:30:56Z,READY,351,182,139,0.566978,0.433022,1400,3100,0.451613,-501.709402,2d9a4d634a4a5508155a34c9ff097202c0d039e70a9a5b95665317d16af53f70,candle_path_not_fill,UNAVAILABLE,UNAVAILABLE,UNAVAILABLE,NOT_COMPUTABLE,UNAVAILABLE
path_bands,MONTE_CARLO,base_decomposition,bernoulli_week_9_p25,11757.174740,usd,bernoulli,superasi_bdebase_v1.1.0,grade_config_v1,2026-09-21T18:16:15Z,55d9a8bdcc4e4d82a222fd1bfb84fdbf,ATP CROSS 65 REACH 85 40 JUL 2025 ITI-05,e5cba21e206a859f465992e9705418339cee20e8e1cab2abbaa6eefe9bdbcbca,1ca7e1b4c022503dc39a4e6c3fd93a68123b280a28d7e3501b8f40d8e70e44fd,544af08020cf5cbc80434291e0f6b64f562c9ed0142f5ef5b1aeb6eaeee949ae,ATP CROSS 65 REACH 85 40 JUL 2025 ITI-05,ATP,ATP,2025-2026,2025-07-01,2025-07-31,"{""date_from"":""2025-07-01"",""date_to"":""2025-07-31"",""game_data"":[],""leagues"":[""ATP""],""market_data"":[""candles""],""markets"":[""kalshi""],""seasons"":[""2025-2026""],""sports"":[""ATP""]}",TRADABLE_YES_BID,1_MINUTE_CANDLE,available_at,CROSS,"{""id"":""e1"",""op"":""CROSS"",""price_e4"":7100}",REACH,"{""id"":""win"",""op"":""REACH"",""outcome"":""win"",""price_e4"":8500}",REACH,"{""id"":""loss"",""op"":""REACH"",""outcome"":""loss"",""price_e4"":4000}",HOLD_TO_SETTLEMENT,b530d65b28edd1535a76ec4046e518bc9de0bcfa836596c3227470a9a4d0a869,1.0.0,2026-09-15T01:30:56Z,1.0.0,1.0.0,1.0.0,2026-09-15T01:30:56Z,READY,351,182,139,0.566978,0.433022,1400,3100,0.451613,-501.709402,2d9a4d634a4a5508155a34c9ff097202c0d039e70a9a5b95665317d16af53f70,candle_path_not_fill,UNAVAILABLE,UNAVAILABLE,UNAVAILABLE,NOT_COMPUTABLE,UNAVAILABLE
path_bands,MONTE_CARLO,base_decomposition,bernoulli_week_9_p50,13043.052870,usd,bernoulli,superasi_bdebase_v1.1.0,grade_config_v1,2026-09-21T18:16:15Z,55d9a8bdcc4e4d82a222fd1bfb84fdbf,ATP CROSS 65 REACH 85 40 JUL 2025 ITI-05,e5cba21e206a859f465992e9705418339cee20e8e1cab2abbaa6eefe9bdbcbca,1ca7e1b4c022503dc39a4e6c3fd93a68123b280a28d7e3501b8f40d8e70e44fd,544af08020cf5cbc80434291e0f6b64f562c9ed0142f5ef5b1aeb6eaeee949ae,ATP CROSS 65 REACH 85 40 JUL 2025 ITI-05,ATP,ATP,2025-2026,2025-07-01,2025-07-31,"{""date_from"":""2025-07-01"",""date_to"":""2025-07-31"",""game_data"":[],""leagues"":[""ATP""],""market_data"":[""candles""],""markets"":[""kalshi""],""seasons"":[""2025-2026""],""sports"":[""ATP""]}",TRADABLE_YES_BID,1_MINUTE_CANDLE,available_at,CROSS,"{""id"":""e1"",""op"":""CROSS"",""price_e4"":7100}",REACH,"{""id"":""win"",""op"":""REACH"",""outcome"":""win"",""price_e4"":8500}",REACH,"{""id"":""loss"",""op"":""REACH"",""outcome"":""loss"",""price_e4"":4000}",HOLD_TO_SETTLEMENT,b530d65b28edd1535a76ec4046e518bc9de0bcfa836596c3227470a9a4d0a869,1.0.0,2026-09-15T01:30:56Z,1.0.0,1.0.0,1.0.0,2026-09-15T01:30:56Z,READY,351,182,139,0.566978,0.433022,1400,3100,0.451613,-501.709402,2d9a4d634a4a5508155a34c9ff097202c0d039e70a9a5b95665317d16af53f70,candle_path_not_fill,UNAVAILABLE,UNAVAILABLE,UNAVAILABLE,NOT_COMPUTABLE,UNAVAILABLE
path_bands,MONTE_CARLO,base_decomposition,bernoulli_week_9_p75,14457.359808,usd,bernoulli,superasi_bdebase_v1.1.0,grade_config_v1,2026-09-21T18:16:15Z,55d9a8bdcc4e4d82a222fd1bfb84fdbf,ATP CROSS 65 REACH 85 40 JUL 2025 ITI-05,e5cba21e206a859f465992e9705418339cee20e8e1cab2abbaa6eefe9bdbcbca,1ca7e1b4c022503dc39a4e6c3fd93a68123b280a28d7e3501b8f40d8e70e44fd,544af08020cf5cbc80434291e0f6b64f562c9ed0142f5ef5b1aeb6eaeee949ae,ATP CROSS 65 REACH 85 40 JUL 2025 ITI-05,ATP,ATP,2025-2026,2025-07-01,2025-07-31,"{""date_from"":""2025-07-01"",""date_to"":""2025-07-31"",""game_data"":[],""leagues"":[""ATP""],""market_data"":[""candles""],""markets"":[""kalshi""],""seasons"":[""2025-2026""],""sports"":[""ATP""]}",TRADABLE_YES_BID,1_MINUTE_CANDLE,available_at,CROSS,"{""id"":""e1"",""op"":""CROSS"",""price_e4"":7100}",REACH,"{""id"":""win"",""op"":""REACH"",""outcome"":""win"",""price_e4"":8500}",REACH,"{""id"":""loss"",""op"":""REACH"",""outcome"":""loss"",""price_e4"":4000}",HOLD_TO_SETTLEMENT,b530d65b28edd1535a76ec4046e518bc9de0bcfa836596c3227470a9a4d0a869,1.0.0,2026-09-15T01:30:56Z,1.0.0,1.0.0,1.0.0,2026-09-15T01:30:56Z,READY,351,182,139,0.566978,0.433022,1400,3100,0.451613,-501.709402,2d9a4d634a4a5508155a34c9ff097202c0d039e70a9a5b95665317d16af53f70,candle_path_not_fill,UNAVAILABLE,UNAVAILABLE,UNAVAILABLE,NOT_COMPUTABLE,UNAVAILABLE
path_bands,MONTE_CARLO,base_decomposition,bernoulli_week_9_p95,16904.639514,usd,bernoulli,superasi_bdebase_v1.1.0,grade_config_v1,2026-09-21T18:16:15Z,55d9a8bdcc4e4d82a222fd1bfb84fdbf,ATP CROSS 65 REACH 85 40 JUL 2025 ITI-05,e5cba21e206a859f465992e9705418339cee20e8e1cab2abbaa6eefe9bdbcbca,1ca7e1b4c022503dc39a4e6c3fd93a68123b280a28d7e3501b8f40d8e70e44fd,544af08020cf5cbc80434291e0f6b64f562c9ed0142f5ef5b1aeb6eaeee949ae,ATP CROSS 65 REACH 85 40 JUL 2025 ITI-05,ATP,ATP,2025-2026,2025-07-01,2025-07-31,"{""date_from"":""2025-07-01"",""date_to"":""2025-07-31"",""game_data"":[],""leagues"":[""ATP""],""market_data"":[""candles""],""markets"":[""kalshi""],""seasons"":[""2025-2026""],""sports"":[""ATP""]}",TRADABLE_YES_BID,1_MINUTE_CANDLE,available_at,CROSS,"{""id"":""e1"",""op"":""CROSS"",""price_e4"":7100}",REACH,"{""id"":""win"",""op"":""REACH"",""outcome"":""win"",""price_e4"":8500}",REACH,"{""id"":""loss"",""op"":""REACH"",""outcome"":""loss"",""price_e4"":4000}",HOLD_TO_SETTLEMENT,b530d65b28edd1535a76ec4046e518bc9de0bcfa836596c3227470a9a4d0a869,1.0.0,2026-09-15T01:30:56Z,1.0.0,1.0.0,1.0.0,2026-09-15T01:30:56Z,READY,351,182,139,0.566978,0.433022,1400,3100,0.451613,-501.709402,2d9a4d634a4a5508155a34c9ff097202c0d039e70a9a5b95665317d16af53f70,candle_path_not_fill,UNAVAILABLE,UNAVAILABLE,UNAVAILABLE,NOT_COMPUTABLE,UNAVAILABLE
path_bands,MONTE_CARLO,base_decomposition,bernoulli_week_10_p5,9545.467429,usd,bernoulli,superasi_bdebase_v1.1.0,grade_config_v1,2026-09-21T18:16:15Z,55d9a8bdcc4e4d82a222fd1bfb84fdbf,ATP CROSS 65 REACH 85 40 JUL 2025 ITI-05,e5cba21e206a859f465992e9705418339cee20e8e1cab2abbaa6eefe9bdbcbca,1ca7e1b4c022503dc39a4e6c3fd93a68123b280a28d7e3501b8f40d8e70e44fd,544af08020cf5cbc80434291e0f6b64f562c9ed0142f5ef5b1aeb6eaeee949ae,ATP CROSS 65 REACH 85 40 JUL 2025 ITI-05,ATP,ATP,2025-2026,2025-07-01,2025-07-31,"{""date_from"":""2025-07-01"",""date_to"":""2025-07-31"",""game_data"":[],""leagues"":[""ATP""],""market_data"":[""candles""],""markets"":[""kalshi""],""seasons"":[""2025-2026""],""sports"":[""ATP""]}",TRADABLE_YES_BID,1_MINUTE_CANDLE,available_at,CROSS,"{""id"":""e1"",""op"":""CROSS"",""price_e4"":7100}",REACH,"{""id"":""win"",""op"":""REACH"",""outcome"":""win"",""price_e4"":8500}",REACH,"{""id"":""loss"",""op"":""REACH"",""outcome"":""loss"",""price_e4"":4000}",HOLD_TO_SETTLEMENT,b530d65b28edd1535a76ec4046e518bc9de0bcfa836596c3227470a9a4d0a869,1.0.0,2026-09-15T01:30:56Z,1.0.0,1.0.0,1.0.0,2026-09-15T01:30:56Z,READY,351,182,139,0.566978,0.433022,1400,3100,0.451613,-501.709402,2d9a4d634a4a5508155a34c9ff097202c0d039e70a9a5b95665317d16af53f70,candle_path_not_fill,UNAVAILABLE,UNAVAILABLE,UNAVAILABLE,NOT_COMPUTABLE,UNAVAILABLE
path_bands,MONTE_CARLO,base_decomposition,bernoulli_week_10_p25,11114.139036,usd,bernoulli,superasi_bdebase_v1.1.0,grade_config_v1,2026-09-21T18:16:15Z,55d9a8bdcc4e4d82a222fd1bfb84fdbf,ATP CROSS 65 REACH 85 40 JUL 2025 ITI-05,e5cba21e206a859f465992e9705418339cee20e8e1cab2abbaa6eefe9bdbcbca,1ca7e1b4c022503dc39a4e6c3fd93a68123b280a28d7e3501b8f40d8e70e44fd,544af08020cf5cbc80434291e0f6b64f562c9ed0142f5ef5b1aeb6eaeee949ae,ATP CROSS 65 REACH 85 40 JUL 2025 ITI-05,ATP,ATP,2025-2026,2025-07-01,2025-07-31,"{""date_from"":""2025-07-01"",""date_to"":""2025-07-31"",""game_data"":[],""leagues"":[""ATP""],""market_data"":[""candles""],""markets"":[""kalshi""],""seasons"":[""2025-2026""],""sports"":[""ATP""]}",TRADABLE_YES_BID,1_MINUTE_CANDLE,available_at,CROSS,"{""id"":""e1"",""op"":""CROSS"",""price_e4"":7100}",REACH,"{""id"":""win"",""op"":""REACH"",""outcome"":""win"",""price_e4"":8500}",REACH,"{""id"":""loss"",""op"":""REACH"",""outcome"":""loss"",""price_e4"":4000}",HOLD_TO_SETTLEMENT,b530d65b28edd1535a76ec4046e518bc9de0bcfa836596c3227470a9a4d0a869,1.0.0,2026-09-15T01:30:56Z,1.0.0,1.0.0,1.0.0,2026-09-15T01:30:56Z,READY,351,182,139,0.566978,0.433022,1400,3100,0.451613,-501.709402,2d9a4d634a4a5508155a34c9ff097202c0d039e70a9a5b95665317d16af53f70,candle_path_not_fill,UNAVAILABLE,UNAVAILABLE,UNAVAILABLE,NOT_COMPUTABLE,UNAVAILABLE
path_bands,MONTE_CARLO,base_decomposition,bernoulli_week_10_p50,12568.045410,usd,bernoulli,superasi_bdebase_v1.1.0,grade_config_v1,2026-09-21T18:16:15Z,55d9a8bdcc4e4d82a222fd1bfb84fdbf,ATP CROSS 65 REACH 85 40 JUL 2025 ITI-05,e5cba21e206a859f465992e9705418339cee20e8e1cab2abbaa6eefe9bdbcbca,1ca7e1b4c022503dc39a4e6c3fd93a68123b280a28d7e3501b8f40d8e70e44fd,544af08020cf5cbc80434291e0f6b64f562c9ed0142f5ef5b1aeb6eaeee949ae,ATP CROSS 65 REACH 85 40 JUL 2025 ITI-05,ATP,ATP,2025-2026,2025-07-01,2025-07-31,"{""date_from"":""2025-07-01"",""date_to"":""2025-07-31"",""game_data"":[],""leagues"":[""ATP""],""market_data"":[""candles""],""markets"":[""kalshi""],""seasons"":[""2025-2026""],""sports"":[""ATP""]}",TRADABLE_YES_BID,1_MINUTE_CANDLE,available_at,CROSS,"{""id"":""e1"",""op"":""CROSS"",""price_e4"":7100}",REACH,"{""id"":""win"",""op"":""REACH"",""outcome"":""win"",""price_e4"":8500}",REACH,"{""id"":""loss"",""op"":""REACH"",""outcome"":""loss"",""price_e4"":4000}",HOLD_TO_SETTLEMENT,b530d65b28edd1535a76ec4046e518bc9de0bcfa836596c3227470a9a4d0a869,1.0.0,2026-09-15T01:30:56Z,1.0.0,1.0.0,1.0.0,2026-09-15T01:30:56Z,READY,351,182,139,0.566978,0.433022,1400,3100,0.451613,-501.709402,2d9a4d634a4a5508155a34c9ff097202c0d039e70a9a5b95665317d16af53f70,candle_path_not_fill,UNAVAILABLE,UNAVAILABLE,UNAVAILABLE,NOT_COMPUTABLE,UNAVAILABLE
path_bands,MONTE_CARLO,base_decomposition,bernoulli_week_10_p75,13946.692028,usd,bernoulli,superasi_bdebase_v1.1.0,grade_config_v1,2026-09-21T18:16:15Z,55d9a8bdcc4e4d82a222fd1bfb84fdbf,ATP CROSS 65 REACH 85 40 JUL 2025 ITI-05,e5cba21e206a859f465992e9705418339cee20e8e1cab2abbaa6eefe9bdbcbca,1ca7e1b4c022503dc39a4e6c3fd93a68123b280a28d7e3501b8f40d8e70e44fd,544af08020cf5cbc80434291e0f6b64f562c9ed0142f5ef5b1aeb6eaeee949ae,ATP CROSS 65 REACH 85 40 JUL 2025 ITI-05,ATP,ATP,2025-2026,2025-07-01,2025-07-31,"{""date_from"":""2025-07-01"",""date_to"":""2025-07-31"",""game_data"":[],""leagues"":[""ATP""],""market_data"":[""candles""],""markets"":[""kalshi""],""seasons"":[""2025-2026""],""sports"":[""ATP""]}",TRADABLE_YES_BID,1_MINUTE_CANDLE,available_at,CROSS,"{""id"":""e1"",""op"":""CROSS"",""price_e4"":7100}",REACH,"{""id"":""win"",""op"":""REACH"",""outcome"":""win"",""price_e4"":8500}",REACH,"{""id"":""loss"",""op"":""REACH"",""outcome"":""loss"",""price_e4"":4000}",HOLD_TO_SETTLEMENT,b530d65b28edd1535a76ec4046e518bc9de0bcfa836596c3227470a9a4d0a869,1.0.0,2026-09-15T01:30:56Z,1.0.0,1.0.0,1.0.0,2026-09-15T01:30:56Z,READY,351,182,139,0.566978,0.433022,1400,3100,0.451613,-501.709402,2d9a4d634a4a5508155a34c9ff097202c0d039e70a9a5b95665317d16af53f70,candle_path_not_fill,UNAVAILABLE,UNAVAILABLE,UNAVAILABLE,NOT_COMPUTABLE,UNAVAILABLE
path_bands,MONTE_CARLO,base_decomposition,bernoulli_week_10_p95,16394.408379,usd,bernoulli,superasi_bdebase_v1.1.0,grade_config_v1,2026-09-21T18:16:15Z,55d9a8bdcc4e4d82a222fd1bfb84fdbf,ATP CROSS 65 REACH 85 40 JUL 2025 ITI-05,e5cba21e206a859f465992e9705418339cee20e8e1cab2abbaa6eefe9bdbcbca,1ca7e1b4c022503dc39a4e6c3fd93a68123b280a28d7e3501b8f40d8e70e44fd,544af08020cf5cbc80434291e0f6b64f562c9ed0142f5ef5b1aeb6eaeee949ae,ATP CROSS 65 REACH 85 40 JUL 2025 ITI-05,ATP,ATP,2025-2026,2025-07-01,2025-07-31,"{""date_from"":""2025-07-01"",""date_to"":""2025-07-31"",""game_data"":[],""leagues"":[""ATP""],""market_data"":[""candles""],""markets"":[""kalshi""],""seasons"":[""2025-2026""],""sports"":[""ATP""]}",TRADABLE_YES_BID,1_MINUTE_CANDLE,available_at,CROSS,"{""id"":""e1"",""op"":""CROSS"",""price_e4"":7100}",REACH,"{""id"":""win"",""op"":""REACH"",""outcome"":""win"",""price_e4"":8500}",REACH,"{""id"":""loss"",""op"":""REACH"",""outcome"":""loss"",""price_e4"":4000}",HOLD_TO_SETTLEMENT,b530d65b28edd1535a76ec4046e518bc9de0bcfa836596c3227470a9a4d0a869,1.0.0,2026-09-15T01:30:56Z,1.0.0,1.0.0,1.0.0,2026-09-15T01:30:56Z,READY,351,182,139,0.566978,0.433022,1400,3100,0.451613,-501.709402,2d9a4d634a4a5508155a34c9ff097202c0d039e70a9a5b95665317d16af53f70,candle_path_not_fill,UNAVAILABLE,UNAVAILABLE,UNAVAILABLE,NOT_COMPUTABLE,UNAVAILABLE
path_bands,MONTE_CARLO,base_decomposition,bernoulli_week_11_p5,8971.870181,usd,bernoulli,superasi_bdebase_v1.1.0,grade_config_v1,2026-09-21T18:16:15Z,55d9a8bdcc4e4d82a222fd1bfb84fdbf,ATP CROSS 65 REACH 85 40 JUL 2025 ITI-05,e5cba21e206a859f465992e9705418339cee20e8e1cab2abbaa6eefe9bdbcbca,1ca7e1b4c022503dc39a4e6c3fd93a68123b280a28d7e3501b8f40d8e70e44fd,544af08020cf5cbc80434291e0f6b64f562c9ed0142f5ef5b1aeb6eaeee949ae,ATP CROSS 65 REACH 85 40 JUL 2025 ITI-05,ATP,ATP,2025-2026,2025-07-01,2025-07-31,"{""date_from"":""2025-07-01"",""date_to"":""2025-07-31"",""game_data"":[],""leagues"":[""ATP""],""market_data"":[""candles""],""markets"":[""kalshi""],""seasons"":[""2025-2026""],""sports"":[""ATP""]}",TRADABLE_YES_BID,1_MINUTE_CANDLE,available_at,CROSS,"{""id"":""e1"",""op"":""CROSS"",""price_e4"":7100}",REACH,"{""id"":""win"",""op"":""REACH"",""outcome"":""win"",""price_e4"":8500}",REACH,"{""id"":""loss"",""op"":""REACH"",""outcome"":""loss"",""price_e4"":4000}",HOLD_TO_SETTLEMENT,b530d65b28edd1535a76ec4046e518bc9de0bcfa836596c3227470a9a4d0a869,1.0.0,2026-09-15T01:30:56Z,1.0.0,1.0.0,1.0.0,2026-09-15T01:30:56Z,READY,351,182,139,0.566978,0.433022,1400,3100,0.451613,-501.709402,2d9a4d634a4a5508155a34c9ff097202c0d039e70a9a5b95665317d16af53f70,candle_path_not_fill,UNAVAILABLE,UNAVAILABLE,UNAVAILABLE,NOT_COMPUTABLE,UNAVAILABLE
path_bands,MONTE_CARLO,base_decomposition,bernoulli_week_11_p25,10666.405847,usd,bernoulli,superasi_bdebase_v1.1.0,grade_config_v1,2026-09-21T18:16:15Z,55d9a8bdcc4e4d82a222fd1bfb84fdbf,ATP CROSS 65 REACH 85 40 JUL 2025 ITI-05,e5cba21e206a859f465992e9705418339cee20e8e1cab2abbaa6eefe9bdbcbca,1ca7e1b4c022503dc39a4e6c3fd93a68123b280a28d7e3501b8f40d8e70e44fd,544af08020cf5cbc80434291e0f6b64f562c9ed0142f5ef5b1aeb6eaeee949ae,ATP CROSS 65 REACH 85 40 JUL 2025 ITI-05,ATP,ATP,2025-2026,2025-07-01,2025-07-31,"{""date_from"":""2025-07-01"",""date_to"":""2025-07-31"",""game_data"":[],""leagues"":[""ATP""],""market_data"":[""candles""],""markets"":[""kalshi""],""seasons"":[""2025-2026""],""sports"":[""ATP""]}",TRADABLE_YES_BID,1_MINUTE_CANDLE,available_at,CROSS,"{""id"":""e1"",""op"":""CROSS"",""price_e4"":7100}",REACH,"{""id"":""win"",""op"":""REACH"",""outcome"":""win"",""price_e4"":8500}",REACH,"{""id"":""loss"",""op"":""REACH"",""outcome"":""loss"",""price_e4"":4000}",HOLD_TO_SETTLEMENT,b530d65b28edd1535a76ec4046e518bc9de0bcfa836596c3227470a9a4d0a869,1.0.0,2026-09-15T01:30:56Z,1.0.0,1.0.0,1.0.0,2026-09-15T01:30:56Z,READY,351,182,139,0.566978,0.433022,1400,3100,0.451613,-501.709402,2d9a4d634a4a5508155a34c9ff097202c0d039e70a9a5b95665317d16af53f70,candle_path_not_fill,UNAVAILABLE,UNAVAILABLE,UNAVAILABLE,NOT_COMPUTABLE,UNAVAILABLE
path_bands,MONTE_CARLO,base_decomposition,bernoulli_week_11_p50,11880.660719,usd,bernoulli,superasi_bdebase_v1.1.0,grade_config_v1,2026-09-21T18:16:15Z,55d9a8bdcc4e4d82a222fd1bfb84fdbf,ATP CROSS 65 REACH 85 40 JUL 2025 ITI-05,e5cba21e206a859f465992e9705418339cee20e8e1cab2abbaa6eefe9bdbcbca,1ca7e1b4c022503dc39a4e6c3fd93a68123b280a28d7e3501b8f40d8e70e44fd,544af08020cf5cbc80434291e0f6b64f562c9ed0142f5ef5b1aeb6eaeee949ae,ATP CROSS 65 REACH 85 40 JUL 2025 ITI-05,ATP,ATP,2025-2026,2025-07-01,2025-07-31,"{""date_from"":""2025-07-01"",""date_to"":""2025-07-31"",""game_data"":[],""leagues"":[""ATP""],""market_data"":[""candles""],""markets"":[""kalshi""],""seasons"":[""2025-2026""],""sports"":[""ATP""]}",TRADABLE_YES_BID,1_MINUTE_CANDLE,available_at,CROSS,"{""id"":""e1"",""op"":""CROSS"",""price_e4"":7100}",REACH,"{""id"":""win"",""op"":""REACH"",""outcome"":""win"",""price_e4"":8500}",REACH,"{""id"":""loss"",""op"":""REACH"",""outcome"":""loss"",""price_e4"":4000}",HOLD_TO_SETTLEMENT,b530d65b28edd1535a76ec4046e518bc9de0bcfa836596c3227470a9a4d0a869,1.0.0,2026-09-15T01:30:56Z,1.0.0,1.0.0,1.0.0,2026-09-15T01:30:56Z,READY,351,182,139,0.566978,0.433022,1400,3100,0.451613,-501.709402,2d9a4d634a4a5508155a34c9ff097202c0d039e70a9a5b95665317d16af53f70,candle_path_not_fill,UNAVAILABLE,UNAVAILABLE,UNAVAILABLE,NOT_COMPUTABLE,UNAVAILABLE
path_bands,MONTE_CARLO,base_decomposition,bernoulli_week_11_p75,13476.896794,usd,bernoulli,superasi_bdebase_v1.1.0,grade_config_v1,2026-09-21T18:16:15Z,55d9a8bdcc4e4d82a222fd1bfb84fdbf,ATP CROSS 65 REACH 85 40 JUL 2025 ITI-05,e5cba21e206a859f465992e9705418339cee20e8e1cab2abbaa6eefe9bdbcbca,1ca7e1b4c022503dc39a4e6c3fd93a68123b280a28d7e3501b8f40d8e70e44fd,544af08020cf5cbc80434291e0f6b64f562c9ed0142f5ef5b1aeb6eaeee949ae,ATP CROSS 65 REACH 85 40 JUL 2025 ITI-05,ATP,ATP,2025-2026,2025-07-01,2025-07-31,"{""date_from"":""2025-07-01"",""date_to"":""2025-07-31"",""game_data"":[],""leagues"":[""ATP""],""market_data"":[""candles""],""markets"":[""kalshi""],""seasons"":[""2025-2026""],""sports"":[""ATP""]}",TRADABLE_YES_BID,1_MINUTE_CANDLE,available_at,CROSS,"{""id"":""e1"",""op"":""CROSS"",""price_e4"":7100}",REACH,"{""id"":""win"",""op"":""REACH"",""outcome"":""win"",""price_e4"":8500}",REACH,"{""id"":""loss"",""op"":""REACH"",""outcome"":""loss"",""price_e4"":4000}",HOLD_TO_SETTLEMENT,b530d65b28edd1535a76ec4046e518bc9de0bcfa836596c3227470a9a4d0a869,1.0.0,2026-09-15T01:30:56Z,1.0.0,1.0.0,1.0.0,2026-09-15T01:30:56Z,READY,351,182,139,0.566978,0.433022,1400,3100,0.451613,-501.709402,2d9a4d634a4a5508155a34c9ff097202c0d039e70a9a5b95665317d16af53f70,candle_path_not_fill,UNAVAILABLE,UNAVAILABLE,UNAVAILABLE,NOT_COMPUTABLE,UNAVAILABLE
path_bands,MONTE_CARLO,base_decomposition,bernoulli_week_11_p95,15887.818258,usd,bernoulli,superasi_bdebase_v1.1.0,grade_config_v1,2026-09-21T18:16:15Z,55d9a8bdcc4e4d82a222fd1bfb84fdbf,ATP CROSS 65 REACH 85 40 JUL 2025 ITI-05,e5cba21e206a859f465992e9705418339cee20e8e1cab2abbaa6eefe9bdbcbca,1ca7e1b4c022503dc39a4e6c3fd93a68123b280a28d7e3501b8f40d8e70e44fd,544af08020cf5cbc80434291e0f6b64f562c9ed0142f5ef5b1aeb6eaeee949ae,ATP CROSS 65 REACH 85 40 JUL 2025 ITI-05,ATP,ATP,2025-2026,2025-07-01,2025-07-31,"{""date_from"":""2025-07-01"",""date_to"":""2025-07-31"",""game_data"":[],""leagues"":[""ATP""],""market_data"":[""candles""],""markets"":[""kalshi""],""seasons"":[""2025-2026""],""sports"":[""ATP""]}",TRADABLE_YES_BID,1_MINUTE_CANDLE,available_at,CROSS,"{""id"":""e1"",""op"":""CROSS"",""price_e4"":7100}",REACH,"{""id"":""win"",""op"":""REACH"",""outcome"":""win"",""price_e4"":8500}",REACH,"{""id"":""loss"",""op"":""REACH"",""outcome"":""loss"",""price_e4"":4000}",HOLD_TO_SETTLEMENT,b530d65b28edd1535a76ec4046e518bc9de0bcfa836596c3227470a9a4d0a869,1.0.0,2026-09-15T01:30:56Z,1.0.0,1.0.0,1.0.0,2026-09-15T01:30:56Z,READY,351,182,139,0.566978,0.433022,1400,3100,0.451613,-501.709402,2d9a4d634a4a5508155a34c9ff097202c0d039e70a9a5b95665317d16af53f70,candle_path_not_fill,UNAVAILABLE,UNAVAILABLE,UNAVAILABLE,NOT_COMPUTABLE,UNAVAILABLE
path_bands,MONTE_CARLO,base_decomposition,bernoulli_week_12_p5,8448.018555,usd,bernoulli,superasi_bdebase_v1.1.0,grade_config_v1,2026-09-21T18:16:15Z,55d9a8bdcc4e4d82a222fd1bfb84fdbf,ATP CROSS 65 REACH 85 40 JUL 2025 ITI-05,e5cba21e206a859f465992e9705418339cee20e8e1cab2abbaa6eefe9bdbcbca,1ca7e1b4c022503dc39a4e6c3fd93a68123b280a28d7e3501b8f40d8e70e44fd,544af08020cf5cbc80434291e0f6b64f562c9ed0142f5ef5b1aeb6eaeee949ae,ATP CROSS 65 REACH 85 40 JUL 2025 ITI-05,ATP,ATP,2025-2026,2025-07-01,2025-07-31,"{""date_from"":""2025-07-01"",""date_to"":""2025-07-31"",""game_data"":[],""leagues"":[""ATP""],""market_data"":[""candles""],""markets"":[""kalshi""],""seasons"":[""2025-2026""],""sports"":[""ATP""]}",TRADABLE_YES_BID,1_MINUTE_CANDLE,available_at,CROSS,"{""id"":""e1"",""op"":""CROSS"",""price_e4"":7100}",REACH,"{""id"":""win"",""op"":""REACH"",""outcome"":""win"",""price_e4"":8500}",REACH,"{""id"":""loss"",""op"":""REACH"",""outcome"":""loss"",""price_e4"":4000}",HOLD_TO_SETTLEMENT,b530d65b28edd1535a76ec4046e518bc9de0bcfa836596c3227470a9a4d0a869,1.0.0,2026-09-15T01:30:56Z,1.0.0,1.0.0,1.0.0,2026-09-15T01:30:56Z,READY,351,182,139,0.566978,0.433022,1400,3100,0.451613,-501.709402,2d9a4d634a4a5508155a34c9ff097202c0d039e70a9a5b95665317d16af53f70,candle_path_not_fill,UNAVAILABLE,UNAVAILABLE,UNAVAILABLE,NOT_COMPUTABLE,UNAVAILABLE
path_bands,MONTE_CARLO,base_decomposition,bernoulli_week_12_p25,10064.564250,usd,bernoulli,superasi_bdebase_v1.1.0,grade_config_v1,2026-09-21T18:16:15Z,55d9a8bdcc4e4d82a222fd1bfb84fdbf,ATP CROSS 65 REACH 85 40 JUL 2025 ITI-05,e5cba21e206a859f465992e9705418339cee20e8e1cab2abbaa6eefe9bdbcbca,1ca7e1b4c022503dc39a4e6c3fd93a68123b280a28d7e3501b8f40d8e70e44fd,544af08020cf5cbc80434291e0f6b64f562c9ed0142f5ef5b1aeb6eaeee949ae,ATP CROSS 65 REACH 85 40 JUL 2025 ITI-05,ATP,ATP,2025-2026,2025-07-01,2025-07-31,"{""date_from"":""2025-07-01"",""date_to"":""2025-07-31"",""game_data"":[],""leagues"":[""ATP""],""market_data"":[""candles""],""markets"":[""kalshi""],""seasons"":[""2025-2026""],""sports"":[""ATP""]}",TRADABLE_YES_BID,1_MINUTE_CANDLE,available_at,CROSS,"{""id"":""e1"",""op"":""CROSS"",""price_e4"":7100}",REACH,"{""id"":""win"",""op"":""REACH"",""outcome"":""win"",""price_e4"":8500}",REACH,"{""id"":""loss"",""op"":""REACH"",""outcome"":""loss"",""price_e4"":4000}",HOLD_TO_SETTLEMENT,b530d65b28edd1535a76ec4046e518bc9de0bcfa836596c3227470a9a4d0a869,1.0.0,2026-09-15T01:30:56Z,1.0.0,1.0.0,1.0.0,2026-09-15T01:30:56Z,READY,351,182,139,0.566978,0.433022,1400,3100,0.451613,-501.709402,2d9a4d634a4a5508155a34c9ff097202c0d039e70a9a5b95665317d16af53f70,candle_path_not_fill,UNAVAILABLE,UNAVAILABLE,UNAVAILABLE,NOT_COMPUTABLE,UNAVAILABLE
path_bands,MONTE_CARLO,base_decomposition,bernoulli_week_12_p50,11445.155407,usd,bernoulli,superasi_bdebase_v1.1.0,grade_config_v1,2026-09-21T18:16:15Z,55d9a8bdcc4e4d82a222fd1bfb84fdbf,ATP CROSS 65 REACH 85 40 JUL 2025 ITI-05,e5cba21e206a859f465992e9705418339cee20e8e1cab2abbaa6eefe9bdbcbca,1ca7e1b4c022503dc39a4e6c3fd93a68123b280a28d7e3501b8f40d8e70e44fd,544af08020cf5cbc80434291e0f6b64f562c9ed0142f5ef5b1aeb6eaeee949ae,ATP CROSS 65 REACH 85 40 JUL 2025 ITI-05,ATP,ATP,2025-2026,2025-07-01,2025-07-31,"{""date_from"":""2025-07-01"",""date_to"":""2025-07-31"",""game_data"":[],""leagues"":[""ATP""],""market_data"":[""candles""],""markets"":[""kalshi""],""seasons"":[""2025-2026""],""sports"":[""ATP""]}",TRADABLE_YES_BID,1_MINUTE_CANDLE,available_at,CROSS,"{""id"":""e1"",""op"":""CROSS"",""price_e4"":7100}",REACH,"{""id"":""win"",""op"":""REACH"",""outcome"":""win"",""price_e4"":8500}",REACH,"{""id"":""loss"",""op"":""REACH"",""outcome"":""loss"",""price_e4"":4000}",HOLD_TO_SETTLEMENT,b530d65b28edd1535a76ec4046e518bc9de0bcfa836596c3227470a9a4d0a869,1.0.0,2026-09-15T01:30:56Z,1.0.0,1.0.0,1.0.0,2026-09-15T01:30:56Z,READY,351,182,139,0.566978,0.433022,1400,3100,0.451613,-501.709402,2d9a4d634a4a5508155a34c9ff097202c0d039e70a9a5b95665317d16af53f70,candle_path_not_fill,UNAVAILABLE,UNAVAILABLE,UNAVAILABLE,NOT_COMPUTABLE,UNAVAILABLE
path_bands,MONTE_CARLO,base_decomposition,bernoulli_week_12_p75,12780.617579,usd,bernoulli,superasi_bdebase_v1.1.0,grade_config_v1,2026-09-21T18:16:15Z,55d9a8bdcc4e4d82a222fd1bfb84fdbf,ATP CROSS 65 REACH 85 40 JUL 2025 ITI-05,e5cba21e206a859f465992e9705418339cee20e8e1cab2abbaa6eefe9bdbcbca,1ca7e1b4c022503dc39a4e6c3fd93a68123b280a28d7e3501b8f40d8e70e44fd,544af08020cf5cbc80434291e0f6b64f562c9ed0142f5ef5b1aeb6eaeee949ae,ATP CROSS 65 REACH 85 40 JUL 2025 ITI-05,ATP,ATP,2025-2026,2025-07-01,2025-07-31,"{""date_from"":""2025-07-01"",""date_to"":""2025-07-31"",""game_data"":[],""leagues"":[""ATP""],""market_data"":[""candles""],""markets"":[""kalshi""],""seasons"":[""2025-2026""],""sports"":[""ATP""]}",TRADABLE_YES_BID,1_MINUTE_CANDLE,available_at,CROSS,"{""id"":""e1"",""op"":""CROSS"",""price_e4"":7100}",REACH,"{""id"":""win"",""op"":""REACH"",""outcome"":""win"",""price_e4"":8500}",REACH,"{""id"":""loss"",""op"":""REACH"",""outcome"":""loss"",""price_e4"":4000}",HOLD_TO_SETTLEMENT,b530d65b28edd1535a76ec4046e518bc9de0bcfa836596c3227470a9a4d0a869,1.0.0,2026-09-15T01:30:56Z,1.0.0,1.0.0,1.0.0,2026-09-15T01:30:56Z,READY,351,182,139,0.566978,0.433022,1400,3100,0.451613,-501.709402,2d9a4d634a4a5508155a34c9ff097202c0d039e70a9a5b95665317d16af53f70,candle_path_not_fill,UNAVAILABLE,UNAVAILABLE,UNAVAILABLE,NOT_COMPUTABLE,UNAVAILABLE
path_bands,MONTE_CARLO,base_decomposition,bernoulli_week_12_p95,15360.138107,usd,bernoulli,superasi_bdebase_v1.1.0,grade_config_v1,2026-09-21T18:16:15Z,55d9a8bdcc4e4d82a222fd1bfb84fdbf,ATP CROSS 65 REACH 85 40 JUL 2025 ITI-05,e5cba21e206a859f465992e9705418339cee20e8e1cab2abbaa6eefe9bdbcbca,1ca7e1b4c022503dc39a4e6c3fd93a68123b280a28d7e3501b8f40d8e70e44fd,544af08020cf5cbc80434291e0f6b64f562c9ed0142f5ef5b1aeb6eaeee949ae,ATP CROSS 65 REACH 85 40 JUL 2025 ITI-05,ATP,ATP,2025-2026,2025-07-01,2025-07-31,"{""date_from"":""2025-07-01"",""date_to"":""2025-07-31"",""game_data"":[],""leagues"":[""ATP""],""market_data"":[""candles""],""markets"":[""kalshi""],""seasons"":[""2025-2026""],""sports"":[""ATP""]}",TRADABLE_YES_BID,1_MINUTE_CANDLE,available_at,CROSS,"{""id"":""e1"",""op"":""CROSS"",""price_e4"":7100}",REACH,"{""id"":""win"",""op"":""REACH"",""outcome"":""win"",""price_e4"":8500}",REACH,"{""id"":""loss"",""op"":""REACH"",""outcome"":""loss"",""price_e4"":4000}",HOLD_TO_SETTLEMENT,b530d65b28edd1535a76ec4046e518bc9de0bcfa836596c3227470a9a4d0a869,1.0.0,2026-09-15T01:30:56Z,1.0.0,1.0.0,1.0.0,2026-09-15T01:30:56Z,READY,351,182,139,0.566978,0.433022,1400,3100,0.451613,-501.709402,2d9a4d634a4a5508155a34c9ff097202c0d039e70a9a5b95665317d16af53f70,candle_path_not_fill,UNAVAILABLE,UNAVAILABLE,UNAVAILABLE,NOT_COMPUTABLE,UNAVAILABLE
path_bands,MONTE_CARLO,base_decomposition,bernoulli_week_13_p5,7951.216356,usd,bernoulli,superasi_bdebase_v1.1.0,grade_config_v1,2026-09-21T18:16:15Z,55d9a8bdcc4e4d82a222fd1bfb84fdbf,ATP CROSS 65 REACH 85 40 JUL 2025 ITI-05,e5cba21e206a859f465992e9705418339cee20e8e1cab2abbaa6eefe9bdbcbca,1ca7e1b4c022503dc39a4e6c3fd93a68123b280a28d7e3501b8f40d8e70e44fd,544af08020cf5cbc80434291e0f6b64f562c9ed0142f5ef5b1aeb6eaeee949ae,ATP CROSS 65 REACH 85 40 JUL 2025 ITI-05,ATP,ATP,2025-2026,2025-07-01,2025-07-31,"{""date_from"":""2025-07-01"",""date_to"":""2025-07-31"",""game_data"":[],""leagues"":[""ATP""],""market_data"":[""candles""],""markets"":[""kalshi""],""seasons"":[""2025-2026""],""sports"":[""ATP""]}",TRADABLE_YES_BID,1_MINUTE_CANDLE,available_at,CROSS,"{""id"":""e1"",""op"":""CROSS"",""price_e4"":7100}",REACH,"{""id"":""win"",""op"":""REACH"",""outcome"":""win"",""price_e4"":8500}",REACH,"{""id"":""loss"",""op"":""REACH"",""outcome"":""loss"",""price_e4"":4000}",HOLD_TO_SETTLEMENT,b530d65b28edd1535a76ec4046e518bc9de0bcfa836596c3227470a9a4d0a869,1.0.0,2026-09-15T01:30:56Z,1.0.0,1.0.0,1.0.0,2026-09-15T01:30:56Z,READY,351,182,139,0.566978,0.433022,1400,3100,0.451613,-501.709402,2d9a4d634a4a5508155a34c9ff097202c0d039e70a9a5b95665317d16af53f70,candle_path_not_fill,UNAVAILABLE,UNAVAILABLE,UNAVAILABLE,NOT_COMPUTABLE,UNAVAILABLE
path_bands,MONTE_CARLO,base_decomposition,bernoulli_week_13_p25,9516.889287,usd,bernoulli,superasi_bdebase_v1.1.0,grade_config_v1,2026-09-21T18:16:15Z,55d9a8bdcc4e4d82a222fd1bfb84fdbf,ATP CROSS 65 REACH 85 40 JUL 2025 ITI-05,e5cba21e206a859f465992e9705418339cee20e8e1cab2abbaa6eefe9bdbcbca,1ca7e1b4c022503dc39a4e6c3fd93a68123b280a28d7e3501b8f40d8e70e44fd,544af08020cf5cbc80434291e0f6b64f562c9ed0142f5ef5b1aeb6eaeee949ae,ATP CROSS 65 REACH 85 40 JUL 2025 ITI-05,ATP,ATP,2025-2026,2025-07-01,2025-07-31,"{""date_from"":""2025-07-01"",""date_to"":""2025-07-31"",""game_data"":[],""leagues"":[""ATP""],""market_data"":[""candles""],""markets"":[""kalshi""],""seasons"":[""2025-2026""],""sports"":[""ATP""]}",TRADABLE_YES_BID,1_MINUTE_CANDLE,available_at,CROSS,"{""id"":""e1"",""op"":""CROSS"",""price_e4"":7100}",REACH,"{""id"":""win"",""op"":""REACH"",""outcome"":""win"",""price_e4"":8500}",REACH,"{""id"":""loss"",""op"":""REACH"",""outcome"":""loss"",""price_e4"":4000}",HOLD_TO_SETTLEMENT,b530d65b28edd1535a76ec4046e518bc9de0bcfa836596c3227470a9a4d0a869,1.0.0,2026-09-15T01:30:56Z,1.0.0,1.0.0,1.0.0,2026-09-15T01:30:56Z,READY,351,182,139,0.566978,0.433022,1400,3100,0.451613,-501.709402,2d9a4d634a4a5508155a34c9ff097202c0d039e70a9a5b95665317d16af53f70,candle_path_not_fill,UNAVAILABLE,UNAVAILABLE,UNAVAILABLE,NOT_COMPUTABLE,UNAVAILABLE
path_bands,MONTE_CARLO,base_decomposition,bernoulli_week_13_p50,10829.333262,usd,bernoulli,superasi_bdebase_v1.1.0,grade_config_v1,2026-09-21T18:16:15Z,55d9a8bdcc4e4d82a222fd1bfb84fdbf,ATP CROSS 65 REACH 85 40 JUL 2025 ITI-05,e5cba21e206a859f465992e9705418339cee20e8e1cab2abbaa6eefe9bdbcbca,1ca7e1b4c022503dc39a4e6c3fd93a68123b280a28d7e3501b8f40d8e70e44fd,544af08020cf5cbc80434291e0f6b64f562c9ed0142f5ef5b1aeb6eaeee949ae,ATP CROSS 65 REACH 85 40 JUL 2025 ITI-05,ATP,ATP,2025-2026,2025-07-01,2025-07-31,"{""date_from"":""2025-07-01"",""date_to"":""2025-07-31"",""game_data"":[],""leagues"":[""ATP""],""market_data"":[""candles""],""markets"":[""kalshi""],""seasons"":[""2025-2026""],""sports"":[""ATP""]}",TRADABLE_YES_BID,1_MINUTE_CANDLE,available_at,CROSS,"{""id"":""e1"",""op"":""CROSS"",""price_e4"":7100}",REACH,"{""id"":""win"",""op"":""REACH"",""outcome"":""win"",""price_e4"":8500}",REACH,"{""id"":""loss"",""op"":""REACH"",""outcome"":""loss"",""price_e4"":4000}",HOLD_TO_SETTLEMENT,b530d65b28edd1535a76ec4046e518bc9de0bcfa836596c3227470a9a4d0a869,1.0.0,2026-09-15T01:30:56Z,1.0.0,1.0.0,1.0.0,2026-09-15T01:30:56Z,READY,351,182,139,0.566978,0.433022,1400,3100,0.451613,-501.709402,2d9a4d634a4a5508155a34c9ff097202c0d039e70a9a5b95665317d16af53f70,candle_path_not_fill,UNAVAILABLE,UNAVAILABLE,UNAVAILABLE,NOT_COMPUTABLE,UNAVAILABLE
path_bands,MONTE_CARLO,base_decomposition,bernoulli_week_13_p75,12330.734073,usd,bernoulli,superasi_bdebase_v1.1.0,grade_config_v1,2026-09-21T18:16:15Z,55d9a8bdcc4e4d82a222fd1bfb84fdbf,ATP CROSS 65 REACH 85 40 JUL 2025 ITI-05,e5cba21e206a859f465992e9705418339cee20e8e1cab2abbaa6eefe9bdbcbca,1ca7e1b4c022503dc39a4e6c3fd93a68123b280a28d7e3501b8f40d8e70e44fd,544af08020cf5cbc80434291e0f6b64f562c9ed0142f5ef5b1aeb6eaeee949ae,ATP CROSS 65 REACH 85 40 JUL 2025 ITI-05,ATP,ATP,2025-2026,2025-07-01,2025-07-31,"{""date_from"":""2025-07-01"",""date_to"":""2025-07-31"",""game_data"":[],""leagues"":[""ATP""],""market_data"":[""candles""],""markets"":[""kalshi""],""seasons"":[""2025-2026""],""sports"":[""ATP""]}",TRADABLE_YES_BID,1_MINUTE_CANDLE,available_at,CROSS,"{""id"":""e1"",""op"":""CROSS"",""price_e4"":7100}",REACH,"{""id"":""win"",""op"":""REACH"",""outcome"":""win"",""price_e4"":8500}",REACH,"{""id"":""loss"",""op"":""REACH"",""outcome"":""loss"",""price_e4"":4000}",HOLD_TO_SETTLEMENT,b530d65b28edd1535a76ec4046e518bc9de0bcfa836596c3227470a9a4d0a869,1.0.0,2026-09-15T01:30:56Z,1.0.0,1.0.0,1.0.0,2026-09-15T01:30:56Z,READY,351,182,139,0.566978,0.433022,1400,3100,0.451613,-501.709402,2d9a4d634a4a5508155a34c9ff097202c0d039e70a9a5b95665317d16af53f70,candle_path_not_fill,UNAVAILABLE,UNAVAILABLE,UNAVAILABLE,NOT_COMPUTABLE,UNAVAILABLE
path_bands,MONTE_CARLO,base_decomposition,bernoulli_week_13_p95,14787.912009,usd,bernoulli,superasi_bdebase_v1.1.0,grade_config_v1,2026-09-21T18:16:15Z,55d9a8bdcc4e4d82a222fd1bfb84fdbf,ATP CROSS 65 REACH 85 40 JUL 2025 ITI-05,e5cba21e206a859f465992e9705418339cee20e8e1cab2abbaa6eefe9bdbcbca,1ca7e1b4c022503dc39a4e6c3fd93a68123b280a28d7e3501b8f40d8e70e44fd,544af08020cf5cbc80434291e0f6b64f562c9ed0142f5ef5b1aeb6eaeee949ae,ATP CROSS 65 REACH 85 40 JUL 2025 ITI-05,ATP,ATP,2025-2026,2025-07-01,2025-07-31,"{""date_from"":""2025-07-01"",""date_to"":""2025-07-31"",""game_data"":[],""leagues"":[""ATP""],""market_data"":[""candles""],""markets"":[""kalshi""],""seasons"":[""2025-2026""],""sports"":[""ATP""]}",TRADABLE_YES_BID,1_MINUTE_CANDLE,available_at,CROSS,"{""id"":""e1"",""op"":""CROSS"",""price_e4"":7100}",REACH,"{""id"":""win"",""op"":""REACH"",""outcome"":""win"",""price_e4"":8500}",REACH,"{""id"":""loss"",""op"":""REACH"",""outcome"":""loss"",""price_e4"":4000}",HOLD_TO_SETTLEMENT,b530d65b28edd1535a76ec4046e518bc9de0bcfa836596c3227470a9a4d0a869,1.0.0,2026-09-15T01:30:56Z,1.0.0,1.0.0,1.0.0,2026-09-15T01:30:56Z,READY,351,182,139,0.566978,0.433022,1400,3100,0.451613,-501.709402,2d9a4d634a4a5508155a34c9ff097202c0d039e70a9a5b95665317d16af53f70,candle_path_not_fill,UNAVAILABLE,UNAVAILABLE,UNAVAILABLE,NOT_COMPUTABLE,UNAVAILABLE
path_bands,MONTE_CARLO,base_decomposition,bernoulli_week_14_p5,7480.300199,usd,bernoulli,superasi_bdebase_v1.1.0,grade_config_v1,2026-09-21T18:16:15Z,55d9a8bdcc4e4d82a222fd1bfb84fdbf,ATP CROSS 65 REACH 85 40 JUL 2025 ITI-05,e5cba21e206a859f465992e9705418339cee20e8e1cab2abbaa6eefe9bdbcbca,1ca7e1b4c022503dc39a4e6c3fd93a68123b280a28d7e3501b8f40d8e70e44fd,544af08020cf5cbc80434291e0f6b64f562c9ed0142f5ef5b1aeb6eaeee949ae,ATP CROSS 65 REACH 85 40 JUL 2025 ITI-05,ATP,ATP,2025-2026,2025-07-01,2025-07-31,"{""date_from"":""2025-07-01"",""date_to"":""2025-07-31"",""game_data"":[],""leagues"":[""ATP""],""market_data"":[""candles""],""markets"":[""kalshi""],""seasons"":[""2025-2026""],""sports"":[""ATP""]}",TRADABLE_YES_BID,1_MINUTE_CANDLE,available_at,CROSS,"{""id"":""e1"",""op"":""CROSS"",""price_e4"":7100}",REACH,"{""id"":""win"",""op"":""REACH"",""outcome"":""win"",""price_e4"":8500}",REACH,"{""id"":""loss"",""op"":""REACH"",""outcome"":""loss"",""price_e4"":4000}",HOLD_TO_SETTLEMENT,b530d65b28edd1535a76ec4046e518bc9de0bcfa836596c3227470a9a4d0a869,1.0.0,2026-09-15T01:30:56Z,1.0.0,1.0.0,1.0.0,2026-09-15T01:30:56Z,READY,351,182,139,0.566978,0.433022,1400,3100,0.451613,-501.709402,2d9a4d634a4a5508155a34c9ff097202c0d039e70a9a5b95665317d16af53f70,candle_path_not_fill,UNAVAILABLE,UNAVAILABLE,UNAVAILABLE,NOT_COMPUTABLE,UNAVAILABLE
path_bands,MONTE_CARLO,base_decomposition,bernoulli_week_14_p25,9116.427008,usd,bernoulli,superasi_bdebase_v1.1.0,grade_config_v1,2026-09-21T18:16:15Z,55d9a8bdcc4e4d82a222fd1bfb84fdbf,ATP CROSS 65 REACH 85 40 JUL 2025 ITI-05,e5cba21e206a859f465992e9705418339cee20e8e1cab2abbaa6eefe9bdbcbca,1ca7e1b4c022503dc39a4e6c3fd93a68123b280a28d7e3501b8f40d8e70e44fd,544af08020cf5cbc80434291e0f6b64f562c9ed0142f5ef5b1aeb6eaeee949ae,ATP CROSS 65 REACH 85 40 JUL 2025 ITI-05,ATP,ATP,2025-2026,2025-07-01,2025-07-31,"{""date_from"":""2025-07-01"",""date_to"":""2025-07-31"",""game_data"":[],""leagues"":[""ATP""],""market_data"":[""candles""],""markets"":[""kalshi""],""seasons"":[""2025-2026""],""sports"":[""ATP""]}",TRADABLE_YES_BID,1_MINUTE_CANDLE,available_at,CROSS,"{""id"":""e1"",""op"":""CROSS"",""price_e4"":7100}",REACH,"{""id"":""win"",""op"":""REACH"",""outcome"":""win"",""price_e4"":8500}",REACH,"{""id"":""loss"",""op"":""REACH"",""outcome"":""loss"",""price_e4"":4000}",HOLD_TO_SETTLEMENT,b530d65b28edd1535a76ec4046e518bc9de0bcfa836596c3227470a9a4d0a869,1.0.0,2026-09-15T01:30:56Z,1.0.0,1.0.0,1.0.0,2026-09-15T01:30:56Z,READY,351,182,139,0.566978,0.433022,1400,3100,0.451613,-501.709402,2d9a4d634a4a5508155a34c9ff097202c0d039e70a9a5b95665317d16af53f70,candle_path_not_fill,UNAVAILABLE,UNAVAILABLE,UNAVAILABLE,NOT_COMPUTABLE,UNAVAILABLE
path_bands,MONTE_CARLO,base_decomposition,bernoulli_week_14_p50,10417.420678,usd,bernoulli,superasi_bdebase_v1.1.0,grade_config_v1,2026-09-21T18:16:15Z,55d9a8bdcc4e4d82a222fd1bfb84fdbf,ATP CROSS 65 REACH 85 40 JUL 2025 ITI-05,e5cba21e206a859f465992e9705418339cee20e8e1cab2abbaa6eefe9bdbcbca,1ca7e1b4c022503dc39a4e6c3fd93a68123b280a28d7e3501b8f40d8e70e44fd,544af08020cf5cbc80434291e0f6b64f562c9ed0142f5ef5b1aeb6eaeee949ae,ATP CROSS 65 REACH 85 40 JUL 2025 ITI-05,ATP,ATP,2025-2026,2025-07-01,2025-07-31,"{""date_from"":""2025-07-01"",""date_to"":""2025-07-31"",""game_data"":[],""leagues"":[""ATP""],""market_data"":[""candles""],""markets"":[""kalshi""],""seasons"":[""2025-2026""],""sports"":[""ATP""]}",TRADABLE_YES_BID,1_MINUTE_CANDLE,available_at,CROSS,"{""id"":""e1"",""op"":""CROSS"",""price_e4"":7100}",REACH,"{""id"":""win"",""op"":""REACH"",""outcome"":""win"",""price_e4"":8500}",REACH,"{""id"":""loss"",""op"":""REACH"",""outcome"":""loss"",""price_e4"":4000}",HOLD_TO_SETTLEMENT,b530d65b28edd1535a76ec4046e518bc9de0bcfa836596c3227470a9a4d0a869,1.0.0,2026-09-15T01:30:56Z,1.0.0,1.0.0,1.0.0,2026-09-15T01:30:56Z,READY,351,182,139,0.566978,0.433022,1400,3100,0.451613,-501.709402,2d9a4d634a4a5508155a34c9ff097202c0d039e70a9a5b95665317d16af53f70,candle_path_not_fill,UNAVAILABLE,UNAVAILABLE,UNAVAILABLE,NOT_COMPUTABLE,UNAVAILABLE
path_bands,MONTE_CARLO,base_decomposition,bernoulli_week_14_p75,11878.470488,usd,bernoulli,superasi_bdebase_v1.1.0,grade_config_v1,2026-09-21T18:16:15Z,55d9a8bdcc4e4d82a222fd1bfb84fdbf,ATP CROSS 65 REACH 85 40 JUL 2025 ITI-05,e5cba21e206a859f465992e9705418339cee20e8e1cab2abbaa6eefe9bdbcbca,1ca7e1b4c022503dc39a4e6c3fd93a68123b280a28d7e3501b8f40d8e70e44fd,544af08020cf5cbc80434291e0f6b64f562c9ed0142f5ef5b1aeb6eaeee949ae,ATP CROSS 65 REACH 85 40 JUL 2025 ITI-05,ATP,ATP,2025-2026,2025-07-01,2025-07-31,"{""date_from"":""2025-07-01"",""date_to"":""2025-07-31"",""game_data"":[],""leagues"":[""ATP""],""market_data"":[""candles""],""markets"":[""kalshi""],""seasons"":[""2025-2026""],""sports"":[""ATP""]}",TRADABLE_YES_BID,1_MINUTE_CANDLE,available_at,CROSS,"{""id"":""e1"",""op"":""CROSS"",""price_e4"":7100}",REACH,"{""id"":""win"",""op"":""REACH"",""outcome"":""win"",""price_e4"":8500}",REACH,"{""id"":""loss"",""op"":""REACH"",""outcome"":""loss"",""price_e4"":4000}",HOLD_TO_SETTLEMENT,b530d65b28edd1535a76ec4046e518bc9de0bcfa836596c3227470a9a4d0a869,1.0.0,2026-09-15T01:30:56Z,1.0.0,1.0.0,1.0.0,2026-09-15T01:30:56Z,READY,351,182,139,0.566978,0.433022,1400,3100,0.451613,-501.709402,2d9a4d634a4a5508155a34c9ff097202c0d039e70a9a5b95665317d16af53f70,candle_path_not_fill,UNAVAILABLE,UNAVAILABLE,UNAVAILABLE,NOT_COMPUTABLE,UNAVAILABLE
path_bands,MONTE_CARLO,base_decomposition,bernoulli_week_14_p95,14161.009167,usd,bernoulli,superasi_bdebase_v1.1.0,grade_config_v1,2026-09-21T18:16:15Z,55d9a8bdcc4e4d82a222fd1bfb84fdbf,ATP CROSS 65 REACH 85 40 JUL 2025 ITI-05,e5cba21e206a859f465992e9705418339cee20e8e1cab2abbaa6eefe9bdbcbca,1ca7e1b4c022503dc39a4e6c3fd93a68123b280a28d7e3501b8f40d8e70e44fd,544af08020cf5cbc80434291e0f6b64f562c9ed0142f5ef5b1aeb6eaeee949ae,ATP CROSS 65 REACH 85 40 JUL 2025 ITI-05,ATP,ATP,2025-2026,2025-07-01,2025-07-31,"{""date_from"":""2025-07-01"",""date_to"":""2025-07-31"",""game_data"":[],""leagues"":[""ATP""],""market_data"":[""candles""],""markets"":[""kalshi""],""seasons"":[""2025-2026""],""sports"":[""ATP""]}",TRADABLE_YES_BID,1_MINUTE_CANDLE,available_at,CROSS,"{""id"":""e1"",""op"":""CROSS"",""price_e4"":7100}",REACH,"{""id"":""win"",""op"":""REACH"",""outcome"":""win"",""price_e4"":8500}",REACH,"{""id"":""loss"",""op"":""REACH"",""outcome"":""loss"",""price_e4"":4000}",HOLD_TO_SETTLEMENT,b530d65b28edd1535a76ec4046e518bc9de0bcfa836596c3227470a9a4d0a869,1.0.0,2026-09-15T01:30:56Z,1.0.0,1.0.0,1.0.0,2026-09-15T01:30:56Z,READY,351,182,139,0.566978,0.433022,1400,3100,0.451613,-501.709402,2d9a4d634a4a5508155a34c9ff097202c0d039e70a9a5b95665317d16af53f70,candle_path_not_fill,UNAVAILABLE,UNAVAILABLE,UNAVAILABLE,NOT_COMPUTABLE,UNAVAILABLE
path_bands,MONTE_CARLO,base_decomposition,bernoulli_week_15_p5,7034.361930,usd,bernoulli,superasi_bdebase_v1.1.0,grade_config_v1,2026-09-21T18:16:15Z,55d9a8bdcc4e4d82a222fd1bfb84fdbf,ATP CROSS 65 REACH 85 40 JUL 2025 ITI-05,e5cba21e206a859f465992e9705418339cee20e8e1cab2abbaa6eefe9bdbcbca,1ca7e1b4c022503dc39a4e6c3fd93a68123b280a28d7e3501b8f40d8e70e44fd,544af08020cf5cbc80434291e0f6b64f562c9ed0142f5ef5b1aeb6eaeee949ae,ATP CROSS 65 REACH 85 40 JUL 2025 ITI-05,ATP,ATP,2025-2026,2025-07-01,2025-07-31,"{""date_from"":""2025-07-01"",""date_to"":""2025-07-31"",""game_data"":[],""leagues"":[""ATP""],""market_data"":[""candles""],""markets"":[""kalshi""],""seasons"":[""2025-2026""],""sports"":[""ATP""]}",TRADABLE_YES_BID,1_MINUTE_CANDLE,available_at,CROSS,"{""id"":""e1"",""op"":""CROSS"",""price_e4"":7100}",REACH,"{""id"":""win"",""op"":""REACH"",""outcome"":""win"",""price_e4"":8500}",REACH,"{""id"":""loss"",""op"":""REACH"",""outcome"":""loss"",""price_e4"":4000}",HOLD_TO_SETTLEMENT,b530d65b28edd1535a76ec4046e518bc9de0bcfa836596c3227470a9a4d0a869,1.0.0,2026-09-15T01:30:56Z,1.0.0,1.0.0,1.0.0,2026-09-15T01:30:56Z,READY,351,182,139,0.566978,0.433022,1400,3100,0.451613,-501.709402,2d9a4d634a4a5508155a34c9ff097202c0d039e70a9a5b95665317d16af53f70,candle_path_not_fill,UNAVAILABLE,UNAVAILABLE,UNAVAILABLE,NOT_COMPUTABLE,UNAVAILABLE
path_bands,MONTE_CARLO,base_decomposition,bernoulli_week_15_p25,8617.020336,usd,bernoulli,superasi_bdebase_v1.1.0,grade_config_v1,2026-09-21T18:16:15Z,55d9a8bdcc4e4d82a222fd1bfb84fdbf,ATP CROSS 65 REACH 85 40 JUL 2025 ITI-05,e5cba21e206a859f465992e9705418339cee20e8e1cab2abbaa6eefe9bdbcbca,1ca7e1b4c022503dc39a4e6c3fd93a68123b280a28d7e3501b8f40d8e70e44fd,544af08020cf5cbc80434291e0f6b64f562c9ed0142f5ef5b1aeb6eaeee949ae,ATP CROSS 65 REACH 85 40 JUL 2025 ITI-05,ATP,ATP,2025-2026,2025-07-01,2025-07-31,"{""date_from"":""2025-07-01"",""date_to"":""2025-07-31"",""game_data"":[],""leagues"":[""ATP""],""market_data"":[""candles""],""markets"":[""kalshi""],""seasons"":[""2025-2026""],""sports"":[""ATP""]}",TRADABLE_YES_BID,1_MINUTE_CANDLE,available_at,CROSS,"{""id"":""e1"",""op"":""CROSS"",""price_e4"":7100}",REACH,"{""id"":""win"",""op"":""REACH"",""outcome"":""win"",""price_e4"":8500}",REACH,"{""id"":""loss"",""op"":""REACH"",""outcome"":""loss"",""price_e4"":4000}",HOLD_TO_SETTLEMENT,b530d65b28edd1535a76ec4046e518bc9de0bcfa836596c3227470a9a4d0a869,1.0.0,2026-09-15T01:30:56Z,1.0.0,1.0.0,1.0.0,2026-09-15T01:30:56Z,READY,351,182,139,0.566978,0.433022,1400,3100,0.451613,-501.709402,2d9a4d634a4a5508155a34c9ff097202c0d039e70a9a5b95665317d16af53f70,candle_path_not_fill,UNAVAILABLE,UNAVAILABLE,UNAVAILABLE,NOT_COMPUTABLE,UNAVAILABLE
path_bands,MONTE_CARLO,base_decomposition,bernoulli_week_15_p50,9870.385363,usd,bernoulli,superasi_bdebase_v1.1.0,grade_config_v1,2026-09-21T18:16:15Z,55d9a8bdcc4e4d82a222fd1bfb84fdbf,ATP CROSS 65 REACH 85 40 JUL 2025 ITI-05,e5cba21e206a859f465992e9705418339cee20e8e1cab2abbaa6eefe9bdbcbca,1ca7e1b4c022503dc39a4e6c3fd93a68123b280a28d7e3501b8f40d8e70e44fd,544af08020cf5cbc80434291e0f6b64f562c9ed0142f5ef5b1aeb6eaeee949ae,ATP CROSS 65 REACH 85 40 JUL 2025 ITI-05,ATP,ATP,2025-2026,2025-07-01,2025-07-31,"{""date_from"":""2025-07-01"",""date_to"":""2025-07-31"",""game_data"":[],""leagues"":[""ATP""],""market_data"":[""candles""],""markets"":[""kalshi""],""seasons"":[""2025-2026""],""sports"":[""ATP""]}",TRADABLE_YES_BID,1_MINUTE_CANDLE,available_at,CROSS,"{""id"":""e1"",""op"":""CROSS"",""price_e4"":7100}",REACH,"{""id"":""win"",""op"":""REACH"",""outcome"":""win"",""price_e4"":8500}",REACH,"{""id"":""loss"",""op"":""REACH"",""outcome"":""loss"",""price_e4"":4000}",HOLD_TO_SETTLEMENT,b530d65b28edd1535a76ec4046e518bc9de0bcfa836596c3227470a9a4d0a869,1.0.0,2026-09-15T01:30:56Z,1.0.0,1.0.0,1.0.0,2026-09-15T01:30:56Z,READY,351,182,139,0.566978,0.433022,1400,3100,0.451613,-501.709402,2d9a4d634a4a5508155a34c9ff097202c0d039e70a9a5b95665317d16af53f70,candle_path_not_fill,UNAVAILABLE,UNAVAILABLE,UNAVAILABLE,NOT_COMPUTABLE,UNAVAILABLE
path_bands,MONTE_CARLO,base_decomposition,bernoulli_week_15_p75,11287.897963,usd,bernoulli,superasi_bdebase_v1.1.0,grade_config_v1,2026-09-21T18:16:15Z,55d9a8bdcc4e4d82a222fd1bfb84fdbf,ATP CROSS 65 REACH 85 40 JUL 2025 ITI-05,e5cba21e206a859f465992e9705418339cee20e8e1cab2abbaa6eefe9bdbcbca,1ca7e1b4c022503dc39a4e6c3fd93a68123b280a28d7e3501b8f40d8e70e44fd,544af08020cf5cbc80434291e0f6b64f562c9ed0142f5ef5b1aeb6eaeee949ae,ATP CROSS 65 REACH 85 40 JUL 2025 ITI-05,ATP,ATP,2025-2026,2025-07-01,2025-07-31,"{""date_from"":""2025-07-01"",""date_to"":""2025-07-31"",""game_data"":[],""leagues"":[""ATP""],""market_data"":[""candles""],""markets"":[""kalshi""],""seasons"":[""2025-2026""],""sports"":[""ATP""]}",TRADABLE_YES_BID,1_MINUTE_CANDLE,available_at,CROSS,"{""id"":""e1"",""op"":""CROSS"",""price_e4"":7100}",REACH,"{""id"":""win"",""op"":""REACH"",""outcome"":""win"",""price_e4"":8500}",REACH,"{""id"":""loss"",""op"":""REACH"",""outcome"":""loss"",""price_e4"":4000}",HOLD_TO_SETTLEMENT,b530d65b28edd1535a76ec4046e518bc9de0bcfa836596c3227470a9a4d0a869,1.0.0,2026-09-15T01:30:56Z,1.0.0,1.0.0,1.0.0,2026-09-15T01:30:56Z,READY,351,182,139,0.566978,0.433022,1400,3100,0.451613,-501.709402,2d9a4d634a4a5508155a34c9ff097202c0d039e70a9a5b95665317d16af53f70,candle_path_not_fill,UNAVAILABLE,UNAVAILABLE,UNAVAILABLE,NOT_COMPUTABLE,UNAVAILABLE
path_bands,MONTE_CARLO,base_decomposition,bernoulli_week_15_p95,13716.426811,usd,bernoulli,superasi_bdebase_v1.1.0,grade_config_v1,2026-09-21T18:16:15Z,55d9a8bdcc4e4d82a222fd1bfb84fdbf,ATP CROSS 65 REACH 85 40 JUL 2025 ITI-05,e5cba21e206a859f465992e9705418339cee20e8e1cab2abbaa6eefe9bdbcbca,1ca7e1b4c022503dc39a4e6c3fd93a68123b280a28d7e3501b8f40d8e70e44fd,544af08020cf5cbc80434291e0f6b64f562c9ed0142f5ef5b1aeb6eaeee949ae,ATP CROSS 65 REACH 85 40 JUL 2025 ITI-05,ATP,ATP,2025-2026,2025-07-01,2025-07-31,"{""date_from"":""2025-07-01"",""date_to"":""2025-07-31"",""game_data"":[],""leagues"":[""ATP""],""market_data"":[""candles""],""markets"":[""kalshi""],""seasons"":[""2025-2026""],""sports"":[""ATP""]}",TRADABLE_YES_BID,1_MINUTE_CANDLE,available_at,CROSS,"{""id"":""e1"",""op"":""CROSS"",""price_e4"":7100}",REACH,"{""id"":""win"",""op"":""REACH"",""outcome"":""win"",""price_e4"":8500}",REACH,"{""id"":""loss"",""op"":""REACH"",""outcome"":""loss"",""price_e4"":4000}",HOLD_TO_SETTLEMENT,b530d65b28edd1535a76ec4046e518bc9de0bcfa836596c3227470a9a4d0a869,1.0.0,2026-09-15T01:30:56Z,1.0.0,1.0.0,1.0.0,2026-09-15T01:30:56Z,READY,351,182,139,0.566978,0.433022,1400,3100,0.451613,-501.709402,2d9a4d634a4a5508155a34c9ff097202c0d039e70a9a5b95665317d16af53f70,candle_path_not_fill,UNAVAILABLE,UNAVAILABLE,UNAVAILABLE,NOT_COMPUTABLE,UNAVAILABLE
path_bands,MONTE_CARLO,base_decomposition,bernoulli_week_16_p5,6623.271352,usd,bernoulli,superasi_bdebase_v1.1.0,grade_config_v1,2026-09-21T18:16:15Z,55d9a8bdcc4e4d82a222fd1bfb84fdbf,ATP CROSS 65 REACH 85 40 JUL 2025 ITI-05,e5cba21e206a859f465992e9705418339cee20e8e1cab2abbaa6eefe9bdbcbca,1ca7e1b4c022503dc39a4e6c3fd93a68123b280a28d7e3501b8f40d8e70e44fd,544af08020cf5cbc80434291e0f6b64f562c9ed0142f5ef5b1aeb6eaeee949ae,ATP CROSS 65 REACH 85 40 JUL 2025 ITI-05,ATP,ATP,2025-2026,2025-07-01,2025-07-31,"{""date_from"":""2025-07-01"",""date_to"":""2025-07-31"",""game_data"":[],""leagues"":[""ATP""],""market_data"":[""candles""],""markets"":[""kalshi""],""seasons"":[""2025-2026""],""sports"":[""ATP""]}",TRADABLE_YES_BID,1_MINUTE_CANDLE,available_at,CROSS,"{""id"":""e1"",""op"":""CROSS"",""price_e4"":7100}",REACH,"{""id"":""win"",""op"":""REACH"",""outcome"":""win"",""price_e4"":8500}",REACH,"{""id"":""loss"",""op"":""REACH"",""outcome"":""loss"",""price_e4"":4000}",HOLD_TO_SETTLEMENT,b530d65b28edd1535a76ec4046e518bc9de0bcfa836596c3227470a9a4d0a869,1.0.0,2026-09-15T01:30:56Z,1.0.0,1.0.0,1.0.0,2026-09-15T01:30:56Z,READY,351,182,139,0.566978,0.433022,1400,3100,0.451613,-501.709402,2d9a4d634a4a5508155a34c9ff097202c0d039e70a9a5b95665317d16af53f70,candle_path_not_fill,UNAVAILABLE,UNAVAILABLE,UNAVAILABLE,NOT_COMPUTABLE,UNAVAILABLE
path_bands,MONTE_CARLO,base_decomposition,bernoulli_week_16_p25,8163.612295,usd,bernoulli,superasi_bdebase_v1.1.0,grade_config_v1,2026-09-21T18:16:15Z,55d9a8bdcc4e4d82a222fd1bfb84fdbf,ATP CROSS 65 REACH 85 40 JUL 2025 ITI-05,e5cba21e206a859f465992e9705418339cee20e8e1cab2abbaa6eefe9bdbcbca,1ca7e1b4c022503dc39a4e6c3fd93a68123b280a28d7e3501b8f40d8e70e44fd,544af08020cf5cbc80434291e0f6b64f562c9ed0142f5ef5b1aeb6eaeee949ae,ATP CROSS 65 REACH 85 40 JUL 2025 ITI-05,ATP,ATP,2025-2026,2025-07-01,2025-07-31,"{""date_from"":""2025-07-01"",""date_to"":""2025-07-31"",""game_data"":[],""leagues"":[""ATP""],""market_data"":[""candles""],""markets"":[""kalshi""],""seasons"":[""2025-2026""],""sports"":[""ATP""]}",TRADABLE_YES_BID,1_MINUTE_CANDLE,available_at,CROSS,"{""id"":""e1"",""op"":""CROSS"",""price_e4"":7100}",REACH,"{""id"":""win"",""op"":""REACH"",""outcome"":""win"",""price_e4"":8500}",REACH,"{""id"":""loss"",""op"":""REACH"",""outcome"":""loss"",""price_e4"":4000}",HOLD_TO_SETTLEMENT,b530d65b28edd1535a76ec4046e518bc9de0bcfa836596c3227470a9a4d0a869,1.0.0,2026-09-15T01:30:56Z,1.0.0,1.0.0,1.0.0,2026-09-15T01:30:56Z,READY,351,182,139,0.566978,0.433022,1400,3100,0.451613,-501.709402,2d9a4d634a4a5508155a34c9ff097202c0d039e70a9a5b95665317d16af53f70,candle_path_not_fill,UNAVAILABLE,UNAVAILABLE,UNAVAILABLE,NOT_COMPUTABLE,UNAVAILABLE
path_bands,MONTE_CARLO,base_decomposition,bernoulli_week_16_p50,9479.886613,usd,bernoulli,superasi_bdebase_v1.1.0,grade_config_v1,2026-09-21T18:16:15Z,55d9a8bdcc4e4d82a222fd1bfb84fdbf,ATP CROSS 65 REACH 85 40 JUL 2025 ITI-05,e5cba21e206a859f465992e9705418339cee20e8e1cab2abbaa6eefe9bdbcbca,1ca7e1b4c022503dc39a4e6c3fd93a68123b280a28d7e3501b8f40d8e70e44fd,544af08020cf5cbc80434291e0f6b64f562c9ed0142f5ef5b1aeb6eaeee949ae,ATP CROSS 65 REACH 85 40 JUL 2025 ITI-05,ATP,ATP,2025-2026,2025-07-01,2025-07-31,"{""date_from"":""2025-07-01"",""date_to"":""2025-07-31"",""game_data"":[],""leagues"":[""ATP""],""market_data"":[""candles""],""markets"":[""kalshi""],""seasons"":[""2025-2026""],""sports"":[""ATP""]}",TRADABLE_YES_BID,1_MINUTE_CANDLE,available_at,CROSS,"{""id"":""e1"",""op"":""CROSS"",""price_e4"":7100}",REACH,"{""id"":""win"",""op"":""REACH"",""outcome"":""win"",""price_e4"":8500}",REACH,"{""id"":""loss"",""op"":""REACH"",""outcome"":""loss"",""price_e4"":4000}",HOLD_TO_SETTLEMENT,b530d65b28edd1535a76ec4046e518bc9de0bcfa836596c3227470a9a4d0a869,1.0.0,2026-09-15T01:30:56Z,1.0.0,1.0.0,1.0.0,2026-09-15T01:30:56Z,READY,351,182,139,0.566978,0.433022,1400,3100,0.451613,-501.709402,2d9a4d634a4a5508155a34c9ff097202c0d039e70a9a5b95665317d16af53f70,candle_path_not_fill,UNAVAILABLE,UNAVAILABLE,UNAVAILABLE,NOT_COMPUTABLE,UNAVAILABLE
path_bands,MONTE_CARLO,base_decomposition,bernoulli_week_16_p75,10884.561597,usd,bernoulli,superasi_bdebase_v1.1.0,grade_config_v1,2026-09-21T18:16:15Z,55d9a8bdcc4e4d82a222fd1bfb84fdbf,ATP CROSS 65 REACH 85 40 JUL 2025 ITI-05,e5cba21e206a859f465992e9705418339cee20e8e1cab2abbaa6eefe9bdbcbca,1ca7e1b4c022503dc39a4e6c3fd93a68123b280a28d7e3501b8f40d8e70e44fd,544af08020cf5cbc80434291e0f6b64f562c9ed0142f5ef5b1aeb6eaeee949ae,ATP CROSS 65 REACH 85 40 JUL 2025 ITI-05,ATP,ATP,2025-2026,2025-07-01,2025-07-31,"{""date_from"":""2025-07-01"",""date_to"":""2025-07-31"",""game_data"":[],""leagues"":[""ATP""],""market_data"":[""candles""],""markets"":[""kalshi""],""seasons"":[""2025-2026""],""sports"":[""ATP""]}",TRADABLE_YES_BID,1_MINUTE_CANDLE,available_at,CROSS,"{""id"":""e1"",""op"":""CROSS"",""price_e4"":7100}",REACH,"{""id"":""win"",""op"":""REACH"",""outcome"":""win"",""price_e4"":8500}",REACH,"{""id"":""loss"",""op"":""REACH"",""outcome"":""loss"",""price_e4"":4000}",HOLD_TO_SETTLEMENT,b530d65b28edd1535a76ec4046e518bc9de0bcfa836596c3227470a9a4d0a869,1.0.0,2026-09-15T01:30:56Z,1.0.0,1.0.0,1.0.0,2026-09-15T01:30:56Z,READY,351,182,139,0.566978,0.433022,1400,3100,0.451613,-501.709402,2d9a4d634a4a5508155a34c9ff097202c0d039e70a9a5b95665317d16af53f70,candle_path_not_fill,UNAVAILABLE,UNAVAILABLE,UNAVAILABLE,NOT_COMPUTABLE,UNAVAILABLE
path_bands,MONTE_CARLO,base_decomposition,bernoulli_week_16_p95,13265.960659,usd,bernoulli,superasi_bdebase_v1.1.0,grade_config_v1,2026-09-21T18:16:15Z,55d9a8bdcc4e4d82a222fd1bfb84fdbf,ATP CROSS 65 REACH 85 40 JUL 2025 ITI-05,e5cba21e206a859f465992e9705418339cee20e8e1cab2abbaa6eefe9bdbcbca,1ca7e1b4c022503dc39a4e6c3fd93a68123b280a28d7e3501b8f40d8e70e44fd,544af08020cf5cbc80434291e0f6b64f562c9ed0142f5ef5b1aeb6eaeee949ae,ATP CROSS 65 REACH 85 40 JUL 2025 ITI-05,ATP,ATP,2025-2026,2025-07-01,2025-07-31,"{""date_from"":""2025-07-01"",""date_to"":""2025-07-31"",""game_data"":[],""leagues"":[""ATP""],""market_data"":[""candles""],""markets"":[""kalshi""],""seasons"":[""2025-2026""],""sports"":[""ATP""]}",TRADABLE_YES_BID,1_MINUTE_CANDLE,available_at,CROSS,"{""id"":""e1"",""op"":""CROSS"",""price_e4"":7100}",REACH,"{""id"":""win"",""op"":""REACH"",""outcome"":""win"",""price_e4"":8500}",REACH,"{""id"":""loss"",""op"":""REACH"",""outcome"":""loss"",""price_e4"":4000}",HOLD_TO_SETTLEMENT,b530d65b28edd1535a76ec4046e518bc9de0bcfa836596c3227470a9a4d0a869,1.0.0,2026-09-15T01:30:56Z,1.0.0,1.0.0,1.0.0,2026-09-15T01:30:56Z,READY,351,182,139,0.566978,0.433022,1400,3100,0.451613,-501.709402,2d9a4d634a4a5508155a34c9ff097202c0d039e70a9a5b95665317d16af53f70,candle_path_not_fill,UNAVAILABLE,UNAVAILABLE,UNAVAILABLE,NOT_COMPUTABLE,UNAVAILABLE
path_bands,MONTE_CARLO,base_decomposition,bernoulli_week_17_p5,6261.548335,usd,bernoulli,superasi_bdebase_v1.1.0,grade_config_v1,2026-09-21T18:16:15Z,55d9a8bdcc4e4d82a222fd1bfb84fdbf,ATP CROSS 65 REACH 85 40 JUL 2025 ITI-05,e5cba21e206a859f465992e9705418339cee20e8e1cab2abbaa6eefe9bdbcbca,1ca7e1b4c022503dc39a4e6c3fd93a68123b280a28d7e3501b8f40d8e70e44fd,544af08020cf5cbc80434291e0f6b64f562c9ed0142f5ef5b1aeb6eaeee949ae,ATP CROSS 65 REACH 85 40 JUL 2025 ITI-05,ATP,ATP,2025-2026,2025-07-01,2025-07-31,"{""date_from"":""2025-07-01"",""date_to"":""2025-07-31"",""game_data"":[],""leagues"":[""ATP""],""market_data"":[""candles""],""markets"":[""kalshi""],""seasons"":[""2025-2026""],""sports"":[""ATP""]}",TRADABLE_YES_BID,1_MINUTE_CANDLE,available_at,CROSS,"{""id"":""e1"",""op"":""CROSS"",""price_e4"":7100}",REACH,"{""id"":""win"",""op"":""REACH"",""outcome"":""win"",""price_e4"":8500}",REACH,"{""id"":""loss"",""op"":""REACH"",""outcome"":""loss"",""price_e4"":4000}",HOLD_TO_SETTLEMENT,b530d65b28edd1535a76ec4046e518bc9de0bcfa836596c3227470a9a4d0a869,1.0.0,2026-09-15T01:30:56Z,1.0.0,1.0.0,1.0.0,2026-09-15T01:30:56Z,READY,351,182,139,0.566978,0.433022,1400,3100,0.451613,-501.709402,2d9a4d634a4a5508155a34c9ff097202c0d039e70a9a5b95665317d16af53f70,candle_path_not_fill,UNAVAILABLE,UNAVAILABLE,UNAVAILABLE,NOT_COMPUTABLE,UNAVAILABLE
path_bands,MONTE_CARLO,base_decomposition,bernoulli_week_17_p25,7811.569694,usd,bernoulli,superasi_bdebase_v1.1.0,grade_config_v1,2026-09-21T18:16:15Z,55d9a8bdcc4e4d82a222fd1bfb84fdbf,ATP CROSS 65 REACH 85 40 JUL 2025 ITI-05,e5cba21e206a859f465992e9705418339cee20e8e1cab2abbaa6eefe9bdbcbca,1ca7e1b4c022503dc39a4e6c3fd93a68123b280a28d7e3501b8f40d8e70e44fd,544af08020cf5cbc80434291e0f6b64f562c9ed0142f5ef5b1aeb6eaeee949ae,ATP CROSS 65 REACH 85 40 JUL 2025 ITI-05,ATP,ATP,2025-2026,2025-07-01,2025-07-31,"{""date_from"":""2025-07-01"",""date_to"":""2025-07-31"",""game_data"":[],""leagues"":[""ATP""],""market_data"":[""candles""],""markets"":[""kalshi""],""seasons"":[""2025-2026""],""sports"":[""ATP""]}",TRADABLE_YES_BID,1_MINUTE_CANDLE,available_at,CROSS,"{""id"":""e1"",""op"":""CROSS"",""price_e4"":7100}",REACH,"{""id"":""win"",""op"":""REACH"",""outcome"":""win"",""price_e4"":8500}",REACH,"{""id"":""loss"",""op"":""REACH"",""outcome"":""loss"",""price_e4"":4000}",HOLD_TO_SETTLEMENT,b530d65b28edd1535a76ec4046e518bc9de0bcfa836596c3227470a9a4d0a869,1.0.0,2026-09-15T01:30:56Z,1.0.0,1.0.0,1.0.0,2026-09-15T01:30:56Z,READY,351,182,139,0.566978,0.433022,1400,3100,0.451613,-501.709402,2d9a4d634a4a5508155a34c9ff097202c0d039e70a9a5b95665317d16af53f70,candle_path_not_fill,UNAVAILABLE,UNAVAILABLE,UNAVAILABLE,NOT_COMPUTABLE,UNAVAILABLE
path_bands,MONTE_CARLO,base_decomposition,bernoulli_week_17_p50,8993.876180,usd,bernoulli,superasi_bdebase_v1.1.0,grade_config_v1,2026-09-21T18:16:15Z,55d9a8bdcc4e4d82a222fd1bfb84fdbf,ATP CROSS 65 REACH 85 40 JUL 2025 ITI-05,e5cba21e206a859f465992e9705418339cee20e8e1cab2abbaa6eefe9bdbcbca,1ca7e1b4c022503dc39a4e6c3fd93a68123b280a28d7e3501b8f40d8e70e44fd,544af08020cf5cbc80434291e0f6b64f562c9ed0142f5ef5b1aeb6eaeee949ae,ATP CROSS 65 REACH 85 40 JUL 2025 ITI-05,ATP,ATP,2025-2026,2025-07-01,2025-07-31,"{""date_from"":""2025-07-01"",""date_to"":""2025-07-31"",""game_data"":[],""leagues"":[""ATP""],""market_data"":[""candles""],""markets"":[""kalshi""],""seasons"":[""2025-2026""],""sports"":[""ATP""]}",TRADABLE_YES_BID,1_MINUTE_CANDLE,available_at,CROSS,"{""id"":""e1"",""op"":""CROSS"",""price_e4"":7100}",REACH,"{""id"":""win"",""op"":""REACH"",""outcome"":""win"",""price_e4"":8500}",REACH,"{""id"":""loss"",""op"":""REACH"",""outcome"":""loss"",""price_e4"":4000}",HOLD_TO_SETTLEMENT,b530d65b28edd1535a76ec4046e518bc9de0bcfa836596c3227470a9a4d0a869,1.0.0,2026-09-15T01:30:56Z,1.0.0,1.0.0,1.0.0,2026-09-15T01:30:56Z,READY,351,182,139,0.566978,0.433022,1400,3100,0.451613,-501.709402,2d9a4d634a4a5508155a34c9ff097202c0d039e70a9a5b95665317d16af53f70,candle_path_not_fill,UNAVAILABLE,UNAVAILABLE,UNAVAILABLE,NOT_COMPUTABLE,UNAVAILABLE
path_bands,MONTE_CARLO,base_decomposition,bernoulli_week_17_p75,10434.255393,usd,bernoulli,superasi_bdebase_v1.1.0,grade_config_v1,2026-09-21T18:16:15Z,55d9a8bdcc4e4d82a222fd1bfb84fdbf,ATP CROSS 65 REACH 85 40 JUL 2025 ITI-05,e5cba21e206a859f465992e9705418339cee20e8e1cab2abbaa6eefe9bdbcbca,1ca7e1b4c022503dc39a4e6c3fd93a68123b280a28d7e3501b8f40d8e70e44fd,544af08020cf5cbc80434291e0f6b64f562c9ed0142f5ef5b1aeb6eaeee949ae,ATP CROSS 65 REACH 85 40 JUL 2025 ITI-05,ATP,ATP,2025-2026,2025-07-01,2025-07-31,"{""date_from"":""2025-07-01"",""date_to"":""2025-07-31"",""game_data"":[],""leagues"":[""ATP""],""market_data"":[""candles""],""markets"":[""kalshi""],""seasons"":[""2025-2026""],""sports"":[""ATP""]}",TRADABLE_YES_BID,1_MINUTE_CANDLE,available_at,CROSS,"{""id"":""e1"",""op"":""CROSS"",""price_e4"":7100}",REACH,"{""id"":""win"",""op"":""REACH"",""outcome"":""win"",""price_e4"":8500}",REACH,"{""id"":""loss"",""op"":""REACH"",""outcome"":""loss"",""price_e4"":4000}",HOLD_TO_SETTLEMENT,b530d65b28edd1535a76ec4046e518bc9de0bcfa836596c3227470a9a4d0a869,1.0.0,2026-09-15T01:30:56Z,1.0.0,1.0.0,1.0.0,2026-09-15T01:30:56Z,READY,351,182,139,0.566978,0.433022,1400,3100,0.451613,-501.709402,2d9a4d634a4a5508155a34c9ff097202c0d039e70a9a5b95665317d16af53f70,candle_path_not_fill,UNAVAILABLE,UNAVAILABLE,UNAVAILABLE,NOT_COMPUTABLE,UNAVAILABLE
path_bands,MONTE_CARLO,base_decomposition,bernoulli_week_17_p95,12821.383409,usd,bernoulli,superasi_bdebase_v1.1.0,grade_config_v1,2026-09-21T18:16:15Z,55d9a8bdcc4e4d82a222fd1bfb84fdbf,ATP CROSS 65 REACH 85 40 JUL 2025 ITI-05,e5cba21e206a859f465992e9705418339cee20e8e1cab2abbaa6eefe9bdbcbca,1ca7e1b4c022503dc39a4e6c3fd93a68123b280a28d7e3501b8f40d8e70e44fd,544af08020cf5cbc80434291e0f6b64f562c9ed0142f5ef5b1aeb6eaeee949ae,ATP CROSS 65 REACH 85 40 JUL 2025 ITI-05,ATP,ATP,2025-2026,2025-07-01,2025-07-31,"{""date_from"":""2025-07-01"",""date_to"":""2025-07-31"",""game_data"":[],""leagues"":[""ATP""],""market_data"":[""candles""],""markets"":[""kalshi""],""seasons"":[""2025-2026""],""sports"":[""ATP""]}",TRADABLE_YES_BID,1_MINUTE_CANDLE,available_at,CROSS,"{""id"":""e1"",""op"":""CROSS"",""price_e4"":7100}",REACH,"{""id"":""win"",""op"":""REACH"",""outcome"":""win"",""price_e4"":8500}",REACH,"{""id"":""loss"",""op"":""REACH"",""outcome"":""loss"",""price_e4"":4000}",HOLD_TO_SETTLEMENT,b530d65b28edd1535a76ec4046e518bc9de0bcfa836596c3227470a9a4d0a869,1.0.0,2026-09-15T01:30:56Z,1.0.0,1.0.0,1.0.0,2026-09-15T01:30:56Z,READY,351,182,139,0.566978,0.433022,1400,3100,0.451613,-501.709402,2d9a4d634a4a5508155a34c9ff097202c0d039e70a9a5b95665317d16af53f70,candle_path_not_fill,UNAVAILABLE,UNAVAILABLE,UNAVAILABLE,NOT_COMPUTABLE,UNAVAILABLE
path_bands,MONTE_CARLO,base_decomposition,bernoulli_week_18_p5,5954.194315,usd,bernoulli,superasi_bdebase_v1.1.0,grade_config_v1,2026-09-21T18:16:15Z,55d9a8bdcc4e4d82a222fd1bfb84fdbf,ATP CROSS 65 REACH 85 40 JUL 2025 ITI-05,e5cba21e206a859f465992e9705418339cee20e8e1cab2abbaa6eefe9bdbcbca,1ca7e1b4c022503dc39a4e6c3fd93a68123b280a28d7e3501b8f40d8e70e44fd,544af08020cf5cbc80434291e0f6b64f562c9ed0142f5ef5b1aeb6eaeee949ae,ATP CROSS 65 REACH 85 40 JUL 2025 ITI-05,ATP,ATP,2025-2026,2025-07-01,2025-07-31,"{""date_from"":""2025-07-01"",""date_to"":""2025-07-31"",""game_data"":[],""leagues"":[""ATP""],""market_data"":[""candles""],""markets"":[""kalshi""],""seasons"":[""2025-2026""],""sports"":[""ATP""]}",TRADABLE_YES_BID,1_MINUTE_CANDLE,available_at,CROSS,"{""id"":""e1"",""op"":""CROSS"",""price_e4"":7100}",REACH,"{""id"":""win"",""op"":""REACH"",""outcome"":""win"",""price_e4"":8500}",REACH,"{""id"":""loss"",""op"":""REACH"",""outcome"":""loss"",""price_e4"":4000}",HOLD_TO_SETTLEMENT,b530d65b28edd1535a76ec4046e518bc9de0bcfa836596c3227470a9a4d0a869,1.0.0,2026-09-15T01:30:56Z,1.0.0,1.0.0,1.0.0,2026-09-15T01:30:56Z,READY,351,182,139,0.566978,0.433022,1400,3100,0.451613,-501.709402,2d9a4d634a4a5508155a34c9ff097202c0d039e70a9a5b95665317d16af53f70,candle_path_not_fill,UNAVAILABLE,UNAVAILABLE,UNAVAILABLE,NOT_COMPUTABLE,UNAVAILABLE
path_bands,MONTE_CARLO,base_decomposition,bernoulli_week_18_p25,7384.870029,usd,bernoulli,superasi_bdebase_v1.1.0,grade_config_v1,2026-09-21T18:16:15Z,55d9a8bdcc4e4d82a222fd1bfb84fdbf,ATP CROSS 65 REACH 85 40 JUL 2025 ITI-05,e5cba21e206a859f465992e9705418339cee20e8e1cab2abbaa6eefe9bdbcbca,1ca7e1b4c022503dc39a4e6c3fd93a68123b280a28d7e3501b8f40d8e70e44fd,544af08020cf5cbc80434291e0f6b64f562c9ed0142f5ef5b1aeb6eaeee949ae,ATP CROSS 65 REACH 85 40 JUL 2025 ITI-05,ATP,ATP,2025-2026,2025-07-01,2025-07-31,"{""date_from"":""2025-07-01"",""date_to"":""2025-07-31"",""game_data"":[],""leagues"":[""ATP""],""market_data"":[""candles""],""markets"":[""kalshi""],""seasons"":[""2025-2026""],""sports"":[""ATP""]}",TRADABLE_YES_BID,1_MINUTE_CANDLE,available_at,CROSS,"{""id"":""e1"",""op"":""CROSS"",""price_e4"":7100}",REACH,"{""id"":""win"",""op"":""REACH"",""outcome"":""win"",""price_e4"":8500}",REACH,"{""id"":""loss"",""op"":""REACH"",""outcome"":""loss"",""price_e4"":4000}",HOLD_TO_SETTLEMENT,b530d65b28edd1535a76ec4046e518bc9de0bcfa836596c3227470a9a4d0a869,1.0.0,2026-09-15T01:30:56Z,1.0.0,1.0.0,1.0.0,2026-09-15T01:30:56Z,READY,351,182,139,0.566978,0.433022,1400,3100,0.451613,-501.709402,2d9a4d634a4a5508155a34c9ff097202c0d039e70a9a5b95665317d16af53f70,candle_path_not_fill,UNAVAILABLE,UNAVAILABLE,UNAVAILABLE,NOT_COMPUTABLE,UNAVAILABLE
path_bands,MONTE_CARLO,base_decomposition,bernoulli_week_18_p50,8630.713310,usd,bernoulli,superasi_bdebase_v1.1.0,grade_config_v1,2026-09-21T18:16:15Z,55d9a8bdcc4e4d82a222fd1bfb84fdbf,ATP CROSS 65 REACH 85 40 JUL 2025 ITI-05,e5cba21e206a859f465992e9705418339cee20e8e1cab2abbaa6eefe9bdbcbca,1ca7e1b4c022503dc39a4e6c3fd93a68123b280a28d7e3501b8f40d8e70e44fd,544af08020cf5cbc80434291e0f6b64f562c9ed0142f5ef5b1aeb6eaeee949ae,ATP CROSS 65 REACH 85 40 JUL 2025 ITI-05,ATP,ATP,2025-2026,2025-07-01,2025-07-31,"{""date_from"":""2025-07-01"",""date_to"":""2025-07-31"",""game_data"":[],""leagues"":[""ATP""],""market_data"":[""candles""],""markets"":[""kalshi""],""seasons"":[""2025-2026""],""sports"":[""ATP""]}",TRADABLE_YES_BID,1_MINUTE_CANDLE,available_at,CROSS,"{""id"":""e1"",""op"":""CROSS"",""price_e4"":7100}",REACH,"{""id"":""win"",""op"":""REACH"",""outcome"":""win"",""price_e4"":8500}",REACH,"{""id"":""loss"",""op"":""REACH"",""outcome"":""loss"",""price_e4"":4000}",HOLD_TO_SETTLEMENT,b530d65b28edd1535a76ec4046e518bc9de0bcfa836596c3227470a9a4d0a869,1.0.0,2026-09-15T01:30:56Z,1.0.0,1.0.0,1.0.0,2026-09-15T01:30:56Z,READY,351,182,139,0.566978,0.433022,1400,3100,0.451613,-501.709402,2d9a4d634a4a5508155a34c9ff097202c0d039e70a9a5b95665317d16af53f70,candle_path_not_fill,UNAVAILABLE,UNAVAILABLE,UNAVAILABLE,NOT_COMPUTABLE,UNAVAILABLE
path_bands,MONTE_CARLO,base_decomposition,bernoulli_week_18_p75,9963.372083,usd,bernoulli,superasi_bdebase_v1.1.0,grade_config_v1,2026-09-21T18:16:15Z,55d9a8bdcc4e4d82a222fd1bfb84fdbf,ATP CROSS 65 REACH 85 40 JUL 2025 ITI-05,e5cba21e206a859f465992e9705418339cee20e8e1cab2abbaa6eefe9bdbcbca,1ca7e1b4c022503dc39a4e6c3fd93a68123b280a28d7e3501b8f40d8e70e44fd,544af08020cf5cbc80434291e0f6b64f562c9ed0142f5ef5b1aeb6eaeee949ae,ATP CROSS 65 REACH 85 40 JUL 2025 ITI-05,ATP,ATP,2025-2026,2025-07-01,2025-07-31,"{""date_from"":""2025-07-01"",""date_to"":""2025-07-31"",""game_data"":[],""leagues"":[""ATP""],""market_data"":[""candles""],""markets"":[""kalshi""],""seasons"":[""2025-2026""],""sports"":[""ATP""]}",TRADABLE_YES_BID,1_MINUTE_CANDLE,available_at,CROSS,"{""id"":""e1"",""op"":""CROSS"",""price_e4"":7100}",REACH,"{""id"":""win"",""op"":""REACH"",""outcome"":""win"",""price_e4"":8500}",REACH,"{""id"":""loss"",""op"":""REACH"",""outcome"":""loss"",""price_e4"":4000}",HOLD_TO_SETTLEMENT,b530d65b28edd1535a76ec4046e518bc9de0bcfa836596c3227470a9a4d0a869,1.0.0,2026-09-15T01:30:56Z,1.0.0,1.0.0,1.0.0,2026-09-15T01:30:56Z,READY,351,182,139,0.566978,0.433022,1400,3100,0.451613,-501.709402,2d9a4d634a4a5508155a34c9ff097202c0d039e70a9a5b95665317d16af53f70,candle_path_not_fill,UNAVAILABLE,UNAVAILABLE,UNAVAILABLE,NOT_COMPUTABLE,UNAVAILABLE
path_bands,MONTE_CARLO,base_decomposition,bernoulli_week_18_p95,12355.655505,usd,bernoulli,superasi_bdebase_v1.1.0,grade_config_v1,2026-09-21T18:16:15Z,55d9a8bdcc4e4d82a222fd1bfb84fdbf,ATP CROSS 65 REACH 85 40 JUL 2025 ITI-05,e5cba21e206a859f465992e9705418339cee20e8e1cab2abbaa6eefe9bdbcbca,1ca7e1b4c022503dc39a4e6c3fd93a68123b280a28d7e3501b8f40d8e70e44fd,544af08020cf5cbc80434291e0f6b64f562c9ed0142f5ef5b1aeb6eaeee949ae,ATP CROSS 65 REACH 85 40 JUL 2025 ITI-05,ATP,ATP,2025-2026,2025-07-01,2025-07-31,"{""date_from"":""2025-07-01"",""date_to"":""2025-07-31"",""game_data"":[],""leagues"":[""ATP""],""market_data"":[""candles""],""markets"":[""kalshi""],""seasons"":[""2025-2026""],""sports"":[""ATP""]}",TRADABLE_YES_BID,1_MINUTE_CANDLE,available_at,CROSS,"{""id"":""e1"",""op"":""CROSS"",""price_e4"":7100}",REACH,"{""id"":""win"",""op"":""REACH"",""outcome"":""win"",""price_e4"":8500}",REACH,"{""id"":""loss"",""op"":""REACH"",""outcome"":""loss"",""price_e4"":4000}",HOLD_TO_SETTLEMENT,b530d65b28edd1535a76ec4046e518bc9de0bcfa836596c3227470a9a4d0a869,1.0.0,2026-09-15T01:30:56Z,1.0.0,1.0.0,1.0.0,2026-09-15T01:30:56Z,READY,351,182,139,0.566978,0.433022,1400,3100,0.451613,-501.709402,2d9a4d634a4a5508155a34c9ff097202c0d039e70a9a5b95665317d16af53f70,candle_path_not_fill,UNAVAILABLE,UNAVAILABLE,UNAVAILABLE,NOT_COMPUTABLE,UNAVAILABLE
path_bands,MONTE_CARLO,base_decomposition,bernoulli_week_19_p5,5616.010208,usd,bernoulli,superasi_bdebase_v1.1.0,grade_config_v1,2026-09-21T18:16:15Z,55d9a8bdcc4e4d82a222fd1bfb84fdbf,ATP CROSS 65 REACH 85 40 JUL 2025 ITI-05,e5cba21e206a859f465992e9705418339cee20e8e1cab2abbaa6eefe9bdbcbca,1ca7e1b4c022503dc39a4e6c3fd93a68123b280a28d7e3501b8f40d8e70e44fd,544af08020cf5cbc80434291e0f6b64f562c9ed0142f5ef5b1aeb6eaeee949ae,ATP CROSS 65 REACH 85 40 JUL 2025 ITI-05,ATP,ATP,2025-2026,2025-07-01,2025-07-31,"{""date_from"":""2025-07-01"",""date_to"":""2025-07-31"",""game_data"":[],""leagues"":[""ATP""],""market_data"":[""candles""],""markets"":[""kalshi""],""seasons"":[""2025-2026""],""sports"":[""ATP""]}",TRADABLE_YES_BID,1_MINUTE_CANDLE,available_at,CROSS,"{""id"":""e1"",""op"":""CROSS"",""price_e4"":7100}",REACH,"{""id"":""win"",""op"":""REACH"",""outcome"":""win"",""price_e4"":8500}",REACH,"{""id"":""loss"",""op"":""REACH"",""outcome"":""loss"",""price_e4"":4000}",HOLD_TO_SETTLEMENT,b530d65b28edd1535a76ec4046e518bc9de0bcfa836596c3227470a9a4d0a869,1.0.0,2026-09-15T01:30:56Z,1.0.0,1.0.0,1.0.0,2026-09-15T01:30:56Z,READY,351,182,139,0.566978,0.433022,1400,3100,0.451613,-501.709402,2d9a4d634a4a5508155a34c9ff097202c0d039e70a9a5b95665317d16af53f70,candle_path_not_fill,UNAVAILABLE,UNAVAILABLE,UNAVAILABLE,NOT_COMPUTABLE,UNAVAILABLE
path_bands,MONTE_CARLO,base_decomposition,bernoulli_week_19_p25,7030.460450,usd,bernoulli,superasi_bdebase_v1.1.0,grade_config_v1,2026-09-21T18:16:15Z,55d9a8bdcc4e4d82a222fd1bfb84fdbf,ATP CROSS 65 REACH 85 40 JUL 2025 ITI-05,e5cba21e206a859f465992e9705418339cee20e8e1cab2abbaa6eefe9bdbcbca,1ca7e1b4c022503dc39a4e6c3fd93a68123b280a28d7e3501b8f40d8e70e44fd,544af08020cf5cbc80434291e0f6b64f562c9ed0142f5ef5b1aeb6eaeee949ae,ATP CROSS 65 REACH 85 40 JUL 2025 ITI-05,ATP,ATP,2025-2026,2025-07-01,2025-07-31,"{""date_from"":""2025-07-01"",""date_to"":""2025-07-31"",""game_data"":[],""leagues"":[""ATP""],""market_data"":[""candles""],""markets"":[""kalshi""],""seasons"":[""2025-2026""],""sports"":[""ATP""]}",TRADABLE_YES_BID,1_MINUTE_CANDLE,available_at,CROSS,"{""id"":""e1"",""op"":""CROSS"",""price_e4"":7100}",REACH,"{""id"":""win"",""op"":""REACH"",""outcome"":""win"",""price_e4"":8500}",REACH,"{""id"":""loss"",""op"":""REACH"",""outcome"":""loss"",""price_e4"":4000}",HOLD_TO_SETTLEMENT,b530d65b28edd1535a76ec4046e518bc9de0bcfa836596c3227470a9a4d0a869,1.0.0,2026-09-15T01:30:56Z,1.0.0,1.0.0,1.0.0,2026-09-15T01:30:56Z,READY,351,182,139,0.566978,0.433022,1400,3100,0.451613,-501.709402,2d9a4d634a4a5508155a34c9ff097202c0d039e70a9a5b95665317d16af53f70,candle_path_not_fill,UNAVAILABLE,UNAVAILABLE,UNAVAILABLE,NOT_COMPUTABLE,UNAVAILABLE
path_bands,MONTE_CARLO,base_decomposition,bernoulli_week_19_p50,8195.143697,usd,bernoulli,superasi_bdebase_v1.1.0,grade_config_v1,2026-09-21T18:16:15Z,55d9a8bdcc4e4d82a222fd1bfb84fdbf,ATP CROSS 65 REACH 85 40 JUL 2025 ITI-05,e5cba21e206a859f465992e9705418339cee20e8e1cab2abbaa6eefe9bdbcbca,1ca7e1b4c022503dc39a4e6c3fd93a68123b280a28d7e3501b8f40d8e70e44fd,544af08020cf5cbc80434291e0f6b64f562c9ed0142f5ef5b1aeb6eaeee949ae,ATP CROSS 65 REACH 85 40 JUL 2025 ITI-05,ATP,ATP,2025-2026,2025-07-01,2025-07-31,"{""date_from"":""2025-07-01"",""date_to"":""2025-07-31"",""game_data"":[],""leagues"":[""ATP""],""market_data"":[""candles""],""markets"":[""kalshi""],""seasons"":[""2025-2026""],""sports"":[""ATP""]}",TRADABLE_YES_BID,1_MINUTE_CANDLE,available_at,CROSS,"{""id"":""e1"",""op"":""CROSS"",""price_e4"":7100}",REACH,"{""id"":""win"",""op"":""REACH"",""outcome"":""win"",""price_e4"":8500}",REACH,"{""id"":""loss"",""op"":""REACH"",""outcome"":""loss"",""price_e4"":4000}",HOLD_TO_SETTLEMENT,b530d65b28edd1535a76ec4046e518bc9de0bcfa836596c3227470a9a4d0a869,1.0.0,2026-09-15T01:30:56Z,1.0.0,1.0.0,1.0.0,2026-09-15T01:30:56Z,READY,351,182,139,0.566978,0.433022,1400,3100,0.451613,-501.709402,2d9a4d634a4a5508155a34c9ff097202c0d039e70a9a5b95665317d16af53f70,candle_path_not_fill,UNAVAILABLE,UNAVAILABLE,UNAVAILABLE,NOT_COMPUTABLE,UNAVAILABLE
path_bands,MONTE_CARLO,base_decomposition,bernoulli_week_19_p75,9597.710545,usd,bernoulli,superasi_bdebase_v1.1.0,grade_config_v1,2026-09-21T18:16:15Z,55d9a8bdcc4e4d82a222fd1bfb84fdbf,ATP CROSS 65 REACH 85 40 JUL 2025 ITI-05,e5cba21e206a859f465992e9705418339cee20e8e1cab2abbaa6eefe9bdbcbca,1ca7e1b4c022503dc39a4e6c3fd93a68123b280a28d7e3501b8f40d8e70e44fd,544af08020cf5cbc80434291e0f6b64f562c9ed0142f5ef5b1aeb6eaeee949ae,ATP CROSS 65 REACH 85 40 JUL 2025 ITI-05,ATP,ATP,2025-2026,2025-07-01,2025-07-31,"{""date_from"":""2025-07-01"",""date_to"":""2025-07-31"",""game_data"":[],""leagues"":[""ATP""],""market_data"":[""candles""],""markets"":[""kalshi""],""seasons"":[""2025-2026""],""sports"":[""ATP""]}",TRADABLE_YES_BID,1_MINUTE_CANDLE,available_at,CROSS,"{""id"":""e1"",""op"":""CROSS"",""price_e4"":7100}",REACH,"{""id"":""win"",""op"":""REACH"",""outcome"":""win"",""price_e4"":8500}",REACH,"{""id"":""loss"",""op"":""REACH"",""outcome"":""loss"",""price_e4"":4000}",HOLD_TO_SETTLEMENT,b530d65b28edd1535a76ec4046e518bc9de0bcfa836596c3227470a9a4d0a869,1.0.0,2026-09-15T01:30:56Z,1.0.0,1.0.0,1.0.0,2026-09-15T01:30:56Z,READY,351,182,139,0.566978,0.433022,1400,3100,0.451613,-501.709402,2d9a4d634a4a5508155a34c9ff097202c0d039e70a9a5b95665317d16af53f70,candle_path_not_fill,UNAVAILABLE,UNAVAILABLE,UNAVAILABLE,NOT_COMPUTABLE,UNAVAILABLE
path_bands,MONTE_CARLO,base_decomposition,bernoulli_week_19_p95,11823.446624,usd,bernoulli,superasi_bdebase_v1.1.0,grade_config_v1,2026-09-21T18:16:15Z,55d9a8bdcc4e4d82a222fd1bfb84fdbf,ATP CROSS 65 REACH 85 40 JUL 2025 ITI-05,e5cba21e206a859f465992e9705418339cee20e8e1cab2abbaa6eefe9bdbcbca,1ca7e1b4c022503dc39a4e6c3fd93a68123b280a28d7e3501b8f40d8e70e44fd,544af08020cf5cbc80434291e0f6b64f562c9ed0142f5ef5b1aeb6eaeee949ae,ATP CROSS 65 REACH 85 40 JUL 2025 ITI-05,ATP,ATP,2025-2026,2025-07-01,2025-07-31,"{""date_from"":""2025-07-01"",""date_to"":""2025-07-31"",""game_data"":[],""leagues"":[""ATP""],""market_data"":[""candles""],""markets"":[""kalshi""],""seasons"":[""2025-2026""],""sports"":[""ATP""]}",TRADABLE_YES_BID,1_MINUTE_CANDLE,available_at,CROSS,"{""id"":""e1"",""op"":""CROSS"",""price_e4"":7100}",REACH,"{""id"":""win"",""op"":""REACH"",""outcome"":""win"",""price_e4"":8500}",REACH,"{""id"":""loss"",""op"":""REACH"",""outcome"":""loss"",""price_e4"":4000}",HOLD_TO_SETTLEMENT,b530d65b28edd1535a76ec4046e518bc9de0bcfa836596c3227470a9a4d0a869,1.0.0,2026-09-15T01:30:56Z,1.0.0,1.0.0,1.0.0,2026-09-15T01:30:56Z,READY,351,182,139,0.566978,0.433022,1400,3100,0.451613,-501.709402,2d9a4d634a4a5508155a34c9ff097202c0d039e70a9a5b95665317d16af53f70,candle_path_not_fill,UNAVAILABLE,UNAVAILABLE,UNAVAILABLE,NOT_COMPUTABLE,UNAVAILABLE
path_bands,MONTE_CARLO,base_decomposition,bernoulli_week_20_p5,5302.777630,usd,bernoulli,superasi_bdebase_v1.1.0,grade_config_v1,2026-09-21T18:16:15Z,55d9a8bdcc4e4d82a222fd1bfb84fdbf,ATP CROSS 65 REACH 85 40 JUL 2025 ITI-05,e5cba21e206a859f465992e9705418339cee20e8e1cab2abbaa6eefe9bdbcbca,1ca7e1b4c022503dc39a4e6c3fd93a68123b280a28d7e3501b8f40d8e70e44fd,544af08020cf5cbc80434291e0f6b64f562c9ed0142f5ef5b1aeb6eaeee949ae,ATP CROSS 65 REACH 85 40 JUL 2025 ITI-05,ATP,ATP,2025-2026,2025-07-01,2025-07-31,"{""date_from"":""2025-07-01"",""date_to"":""2025-07-31"",""game_data"":[],""leagues"":[""ATP""],""market_data"":[""candles""],""markets"":[""kalshi""],""seasons"":[""2025-2026""],""sports"":[""ATP""]}",TRADABLE_YES_BID,1_MINUTE_CANDLE,available_at,CROSS,"{""id"":""e1"",""op"":""CROSS"",""price_e4"":7100}",REACH,"{""id"":""win"",""op"":""REACH"",""outcome"":""win"",""price_e4"":8500}",REACH,"{""id"":""loss"",""op"":""REACH"",""outcome"":""loss"",""price_e4"":4000}",HOLD_TO_SETTLEMENT,b530d65b28edd1535a76ec4046e518bc9de0bcfa836596c3227470a9a4d0a869,1.0.0,2026-09-15T01:30:56Z,1.0.0,1.0.0,1.0.0,2026-09-15T01:30:56Z,READY,351,182,139,0.566978,0.433022,1400,3100,0.451613,-501.709402,2d9a4d634a4a5508155a34c9ff097202c0d039e70a9a5b95665317d16af53f70,candle_path_not_fill,UNAVAILABLE,UNAVAILABLE,UNAVAILABLE,NOT_COMPUTABLE,UNAVAILABLE
path_bands,MONTE_CARLO,base_decomposition,bernoulli_week_20_p25,6692.961803,usd,bernoulli,superasi_bdebase_v1.1.0,grade_config_v1,2026-09-21T18:16:15Z,55d9a8bdcc4e4d82a222fd1bfb84fdbf,ATP CROSS 65 REACH 85 40 JUL 2025 ITI-05,e5cba21e206a859f465992e9705418339cee20e8e1cab2abbaa6eefe9bdbcbca,1ca7e1b4c022503dc39a4e6c3fd93a68123b280a28d7e3501b8f40d8e70e44fd,544af08020cf5cbc80434291e0f6b64f562c9ed0142f5ef5b1aeb6eaeee949ae,ATP CROSS 65 REACH 85 40 JUL 2025 ITI-05,ATP,ATP,2025-2026,2025-07-01,2025-07-31,"{""date_from"":""2025-07-01"",""date_to"":""2025-07-31"",""game_data"":[],""leagues"":[""ATP""],""market_data"":[""candles""],""markets"":[""kalshi""],""seasons"":[""2025-2026""],""sports"":[""ATP""]}",TRADABLE_YES_BID,1_MINUTE_CANDLE,available_at,CROSS,"{""id"":""e1"",""op"":""CROSS"",""price_e4"":7100}",REACH,"{""id"":""win"",""op"":""REACH"",""outcome"":""win"",""price_e4"":8500}",REACH,"{""id"":""loss"",""op"":""REACH"",""outcome"":""loss"",""price_e4"":4000}",HOLD_TO_SETTLEMENT,b530d65b28edd1535a76ec4046e518bc9de0bcfa836596c3227470a9a4d0a869,1.0.0,2026-09-15T01:30:56Z,1.0.0,1.0.0,1.0.0,2026-09-15T01:30:56Z,READY,351,182,139,0.566978,0.433022,1400,3100,0.451613,-501.709402,2d9a4d634a4a5508155a34c9ff097202c0d039e70a9a5b95665317d16af53f70,candle_path_not_fill,UNAVAILABLE,UNAVAILABLE,UNAVAILABLE,NOT_COMPUTABLE,UNAVAILABLE
path_bands,MONTE_CARLO,base_decomposition,bernoulli_week_20_p50,7846.693542,usd,bernoulli,superasi_bdebase_v1.1.0,grade_config_v1,2026-09-21T18:16:15Z,55d9a8bdcc4e4d82a222fd1bfb84fdbf,ATP CROSS 65 REACH 85 40 JUL 2025 ITI-05,e5cba21e206a859f465992e9705418339cee20e8e1cab2abbaa6eefe9bdbcbca,1ca7e1b4c022503dc39a4e6c3fd93a68123b280a28d7e3501b8f40d8e70e44fd,544af08020cf5cbc80434291e0f6b64f562c9ed0142f5ef5b1aeb6eaeee949ae,ATP CROSS 65 REACH 85 40 JUL 2025 ITI-05,ATP,ATP,2025-2026,2025-07-01,2025-07-31,"{""date_from"":""2025-07-01"",""date_to"":""2025-07-31"",""game_data"":[],""leagues"":[""ATP""],""market_data"":[""candles""],""markets"":[""kalshi""],""seasons"":[""2025-2026""],""sports"":[""ATP""]}",TRADABLE_YES_BID,1_MINUTE_CANDLE,available_at,CROSS,"{""id"":""e1"",""op"":""CROSS"",""price_e4"":7100}",REACH,"{""id"":""win"",""op"":""REACH"",""outcome"":""win"",""price_e4"":8500}",REACH,"{""id"":""loss"",""op"":""REACH"",""outcome"":""loss"",""price_e4"":4000}",HOLD_TO_SETTLEMENT,b530d65b28edd1535a76ec4046e518bc9de0bcfa836596c3227470a9a4d0a869,1.0.0,2026-09-15T01:30:56Z,1.0.0,1.0.0,1.0.0,2026-09-15T01:30:56Z,READY,351,182,139,0.566978,0.433022,1400,3100,0.451613,-501.709402,2d9a4d634a4a5508155a34c9ff097202c0d039e70a9a5b95665317d16af53f70,candle_path_not_fill,UNAVAILABLE,UNAVAILABLE,UNAVAILABLE,NOT_COMPUTABLE,UNAVAILABLE
path_bands,MONTE_CARLO,base_decomposition,bernoulli_week_20_p75,9129.954665,usd,bernoulli,superasi_bdebase_v1.1.0,grade_config_v1,2026-09-21T18:16:15Z,55d9a8bdcc4e4d82a222fd1bfb84fdbf,ATP CROSS 65 REACH 85 40 JUL 2025 ITI-05,e5cba21e206a859f465992e9705418339cee20e8e1cab2abbaa6eefe9bdbcbca,1ca7e1b4c022503dc39a4e6c3fd93a68123b280a28d7e3501b8f40d8e70e44fd,544af08020cf5cbc80434291e0f6b64f562c9ed0142f5ef5b1aeb6eaeee949ae,ATP CROSS 65 REACH 85 40 JUL 2025 ITI-05,ATP,ATP,2025-2026,2025-07-01,2025-07-31,"{""date_from"":""2025-07-01"",""date_to"":""2025-07-31"",""game_data"":[],""leagues"":[""ATP""],""market_data"":[""candles""],""markets"":[""kalshi""],""seasons"":[""2025-2026""],""sports"":[""ATP""]}",TRADABLE_YES_BID,1_MINUTE_CANDLE,available_at,CROSS,"{""id"":""e1"",""op"":""CROSS"",""price_e4"":7100}",REACH,"{""id"":""win"",""op"":""REACH"",""outcome"":""win"",""price_e4"":8500}",REACH,"{""id"":""loss"",""op"":""REACH"",""outcome"":""loss"",""price_e4"":4000}",HOLD_TO_SETTLEMENT,b530d65b28edd1535a76ec4046e518bc9de0bcfa836596c3227470a9a4d0a869,1.0.0,2026-09-15T01:30:56Z,1.0.0,1.0.0,1.0.0,2026-09-15T01:30:56Z,READY,351,182,139,0.566978,0.433022,1400,3100,0.451613,-501.709402,2d9a4d634a4a5508155a34c9ff097202c0d039e70a9a5b95665317d16af53f70,candle_path_not_fill,UNAVAILABLE,UNAVAILABLE,UNAVAILABLE,NOT_COMPUTABLE,UNAVAILABLE
path_bands,MONTE_CARLO,base_decomposition,bernoulli_week_20_p95,11428.210528,usd,bernoulli,superasi_bdebase_v1.1.0,grade_config_v1,2026-09-21T18:16:15Z,55d9a8bdcc4e4d82a222fd1bfb84fdbf,ATP CROSS 65 REACH 85 40 JUL 2025 ITI-05,e5cba21e206a859f465992e9705418339cee20e8e1cab2abbaa6eefe9bdbcbca,1ca7e1b4c022503dc39a4e6c3fd93a68123b280a28d7e3501b8f40d8e70e44fd,544af08020cf5cbc80434291e0f6b64f562c9ed0142f5ef5b1aeb6eaeee949ae,ATP CROSS 65 REACH 85 40 JUL 2025 ITI-05,ATP,ATP,2025-2026,2025-07-01,2025-07-31,"{""date_from"":""2025-07-01"",""date_to"":""2025-07-31"",""game_data"":[],""leagues"":[""ATP""],""market_data"":[""candles""],""markets"":[""kalshi""],""seasons"":[""2025-2026""],""sports"":[""ATP""]}",TRADABLE_YES_BID,1_MINUTE_CANDLE,available_at,CROSS,"{""id"":""e1"",""op"":""CROSS"",""price_e4"":7100}",REACH,"{""id"":""win"",""op"":""REACH"",""outcome"":""win"",""price_e4"":8500}",REACH,"{""id"":""loss"",""op"":""REACH"",""outcome"":""loss"",""price_e4"":4000}",HOLD_TO_SETTLEMENT,b530d65b28edd1535a76ec4046e518bc9de0bcfa836596c3227470a9a4d0a869,1.0.0,2026-09-15T01:30:56Z,1.0.0,1.0.0,1.0.0,2026-09-15T01:30:56Z,READY,351,182,139,0.566978,0.433022,1400,3100,0.451613,-501.709402,2d9a4d634a4a5508155a34c9ff097202c0d039e70a9a5b95665317d16af53f70,candle_path_not_fill,UNAVAILABLE,UNAVAILABLE,UNAVAILABLE,NOT_COMPUTABLE,UNAVAILABLE
risk_profile,MONTE_CARLO,base_decomposition,mode_b_paths,100000,count,mode_b,superasi_bdebase_v1.1.0,grade_config_v1,2026-09-21T18:16:15Z,55d9a8bdcc4e4d82a222fd1bfb84fdbf,ATP CROSS 65 REACH 85 40 JUL 2025 ITI-05,e5cba21e206a859f465992e9705418339cee20e8e1cab2abbaa6eefe9bdbcbca,1ca7e1b4c022503dc39a4e6c3fd93a68123b280a28d7e3501b8f40d8e70e44fd,544af08020cf5cbc80434291e0f6b64f562c9ed0142f5ef5b1aeb6eaeee949ae,ATP CROSS 65 REACH 85 40 JUL 2025 ITI-05,ATP,ATP,2025-2026,2025-07-01,2025-07-31,"{""date_from"":""2025-07-01"",""date_to"":""2025-07-31"",""game_data"":[],""leagues"":[""ATP""],""market_data"":[""candles""],""markets"":[""kalshi""],""seasons"":[""2025-2026""],""sports"":[""ATP""]}",TRADABLE_YES_BID,1_MINUTE_CANDLE,available_at,CROSS,"{""id"":""e1"",""op"":""CROSS"",""price_e4"":7100}",REACH,"{""id"":""win"",""op"":""REACH"",""outcome"":""win"",""price_e4"":8500}",REACH,"{""id"":""loss"",""op"":""REACH"",""outcome"":""loss"",""price_e4"":4000}",HOLD_TO_SETTLEMENT,b530d65b28edd1535a76ec4046e518bc9de0bcfa836596c3227470a9a4d0a869,1.0.0,2026-09-15T01:30:56Z,1.0.0,1.0.0,1.0.0,2026-09-15T01:30:56Z,READY,351,182,139,0.566978,0.433022,1400,3100,0.451613,-501.709402,2d9a4d634a4a5508155a34c9ff097202c0d039e70a9a5b95665317d16af53f70,candle_path_not_fill,UNAVAILABLE,UNAVAILABLE,UNAVAILABLE,NOT_COMPUTABLE,UNAVAILABLE
risk_profile,MONTE_CARLO,base_decomposition,mode_b_P_min_bankroll_le_floor,0.993210,fraction,mode_b,superasi_bdebase_v1.1.0,grade_config_v1,2026-09-21T18:16:15Z,55d9a8bdcc4e4d82a222fd1bfb84fdbf,ATP CROSS 65 REACH 85 40 JUL 2025 ITI-05,e5cba21e206a859f465992e9705418339cee20e8e1cab2abbaa6eefe9bdbcbca,1ca7e1b4c022503dc39a4e6c3fd93a68123b280a28d7e3501b8f40d8e70e44fd,544af08020cf5cbc80434291e0f6b64f562c9ed0142f5ef5b1aeb6eaeee949ae,ATP CROSS 65 REACH 85 40 JUL 2025 ITI-05,ATP,ATP,2025-2026,2025-07-01,2025-07-31,"{""date_from"":""2025-07-01"",""date_to"":""2025-07-31"",""game_data"":[],""leagues"":[""ATP""],""market_data"":[""candles""],""markets"":[""kalshi""],""seasons"":[""2025-2026""],""sports"":[""ATP""]}",TRADABLE_YES_BID,1_MINUTE_CANDLE,available_at,CROSS,"{""id"":""e1"",""op"":""CROSS"",""price_e4"":7100}",REACH,"{""id"":""win"",""op"":""REACH"",""outcome"":""win"",""price_e4"":8500}",REACH,"{""id"":""loss"",""op"":""REACH"",""outcome"":""loss"",""price_e4"":4000}",HOLD_TO_SETTLEMENT,b530d65b28edd1535a76ec4046e518bc9de0bcfa836596c3227470a9a4d0a869,1.0.0,2026-09-15T01:30:56Z,1.0.0,1.0.0,1.0.0,2026-09-15T01:30:56Z,READY,351,182,139,0.566978,0.433022,1400,3100,0.451613,-501.709402,2d9a4d634a4a5508155a34c9ff097202c0d039e70a9a5b95665317d16af53f70,candle_path_not_fill,UNAVAILABLE,UNAVAILABLE,UNAVAILABLE,NOT_COMPUTABLE,UNAVAILABLE
risk_profile,MONTE_CARLO,base_decomposition,mode_b_P_final_ge_target,0.000000,fraction,mode_b,superasi_bdebase_v1.1.0,grade_config_v1,2026-09-21T18:16:15Z,55d9a8bdcc4e4d82a222fd1bfb84fdbf,ATP CROSS 65 REACH 85 40 JUL 2025 ITI-05,e5cba21e206a859f465992e9705418339cee20e8e1cab2abbaa6eefe9bdbcbca,1ca7e1b4c022503dc39a4e6c3fd93a68123b280a28d7e3501b8f40d8e70e44fd,544af08020cf5cbc80434291e0f6b64f562c9ed0142f5ef5b1aeb6eaeee949ae,ATP CROSS 65 REACH 85 40 JUL 2025 ITI-05,ATP,ATP,2025-2026,2025-07-01,2025-07-31,"{""date_from"":""2025-07-01"",""date_to"":""2025-07-31"",""game_data"":[],""leagues"":[""ATP""],""market_data"":[""candles""],""markets"":[""kalshi""],""seasons"":[""2025-2026""],""sports"":[""ATP""]}",TRADABLE_YES_BID,1_MINUTE_CANDLE,available_at,CROSS,"{""id"":""e1"",""op"":""CROSS"",""price_e4"":7100}",REACH,"{""id"":""win"",""op"":""REACH"",""outcome"":""win"",""price_e4"":8500}",REACH,"{""id"":""loss"",""op"":""REACH"",""outcome"":""loss"",""price_e4"":4000}",HOLD_TO_SETTLEMENT,b530d65b28edd1535a76ec4046e518bc9de0bcfa836596c3227470a9a4d0a869,1.0.0,2026-09-15T01:30:56Z,1.0.0,1.0.0,1.0.0,2026-09-15T01:30:56Z,READY,351,182,139,0.566978,0.433022,1400,3100,0.451613,-501.709402,2d9a4d634a4a5508155a34c9ff097202c0d039e70a9a5b95665317d16af53f70,candle_path_not_fill,UNAVAILABLE,UNAVAILABLE,UNAVAILABLE,NOT_COMPUTABLE,UNAVAILABLE
risk_profile,MONTE_CARLO,base_decomposition,mode_b_expected_20_week_return,-0.545586,fraction,mode_b,superasi_bdebase_v1.1.0,grade_config_v1,2026-09-21T18:16:15Z,55d9a8bdcc4e4d82a222fd1bfb84fdbf,ATP CROSS 65 REACH 85 40 JUL 2025 ITI-05,e5cba21e206a859f465992e9705418339cee20e8e1cab2abbaa6eefe9bdbcbca,1ca7e1b4c022503dc39a4e6c3fd93a68123b280a28d7e3501b8f40d8e70e44fd,544af08020cf5cbc80434291e0f6b64f562c9ed0142f5ef5b1aeb6eaeee949ae,ATP CROSS 65 REACH 85 40 JUL 2025 ITI-05,ATP,ATP,2025-2026,2025-07-01,2025-07-31,"{""date_from"":""2025-07-01"",""date_to"":""2025-07-31"",""game_data"":[],""leagues"":[""ATP""],""market_data"":[""candles""],""markets"":[""kalshi""],""seasons"":[""2025-2026""],""sports"":[""ATP""]}",TRADABLE_YES_BID,1_MINUTE_CANDLE,available_at,CROSS,"{""id"":""e1"",""op"":""CROSS"",""price_e4"":7100}",REACH,"{""id"":""win"",""op"":""REACH"",""outcome"":""win"",""price_e4"":8500}",REACH,"{""id"":""loss"",""op"":""REACH"",""outcome"":""loss"",""price_e4"":4000}",HOLD_TO_SETTLEMENT,b530d65b28edd1535a76ec4046e518bc9de0bcfa836596c3227470a9a4d0a869,1.0.0,2026-09-15T01:30:56Z,1.0.0,1.0.0,1.0.0,2026-09-15T01:30:56Z,READY,351,182,139,0.566978,0.433022,1400,3100,0.451613,-501.709402,2d9a4d634a4a5508155a34c9ff097202c0d039e70a9a5b95665317d16af53f70,candle_path_not_fill,UNAVAILABLE,UNAVAILABLE,UNAVAILABLE,NOT_COMPUTABLE,UNAVAILABLE
risk_profile,MONTE_CARLO,base_decomposition,mode_b_mean_terminal_bankroll,9088.278807,usd,mode_b,superasi_bdebase_v1.1.0,grade_config_v1,2026-09-21T18:16:15Z,55d9a8bdcc4e4d82a222fd1bfb84fdbf,ATP CROSS 65 REACH 85 40 JUL 2025 ITI-05,e5cba21e206a859f465992e9705418339cee20e8e1cab2abbaa6eefe9bdbcbca,1ca7e1b4c022503dc39a4e6c3fd93a68123b280a28d7e3501b8f40d8e70e44fd,544af08020cf5cbc80434291e0f6b64f562c9ed0142f5ef5b1aeb6eaeee949ae,ATP CROSS 65 REACH 85 40 JUL 2025 ITI-05,ATP,ATP,2025-2026,2025-07-01,2025-07-31,"{""date_from"":""2025-07-01"",""date_to"":""2025-07-31"",""game_data"":[],""leagues"":[""ATP""],""market_data"":[""candles""],""markets"":[""kalshi""],""seasons"":[""2025-2026""],""sports"":[""ATP""]}",TRADABLE_YES_BID,1_MINUTE_CANDLE,available_at,CROSS,"{""id"":""e1"",""op"":""CROSS"",""price_e4"":7100}",REACH,"{""id"":""win"",""op"":""REACH"",""outcome"":""win"",""price_e4"":8500}",REACH,"{""id"":""loss"",""op"":""REACH"",""outcome"":""loss"",""price_e4"":4000}",HOLD_TO_SETTLEMENT,b530d65b28edd1535a76ec4046e518bc9de0bcfa836596c3227470a9a4d0a869,1.0.0,2026-09-15T01:30:56Z,1.0.0,1.0.0,1.0.0,2026-09-15T01:30:56Z,READY,351,182,139,0.566978,0.433022,1400,3100,0.451613,-501.709402,2d9a4d634a4a5508155a34c9ff097202c0d039e70a9a5b95665317d16af53f70,candle_path_not_fill,UNAVAILABLE,UNAVAILABLE,UNAVAILABLE,NOT_COMPUTABLE,UNAVAILABLE
risk_profile,MONTE_CARLO,base_decomposition,mode_b_median_terminal_bankroll,8832.238752,usd,mode_b,superasi_bdebase_v1.1.0,grade_config_v1,2026-09-21T18:16:15Z,55d9a8bdcc4e4d82a222fd1bfb84fdbf,ATP CROSS 65 REACH 85 40 JUL 2025 ITI-05,e5cba21e206a859f465992e9705418339cee20e8e1cab2abbaa6eefe9bdbcbca,1ca7e1b4c022503dc39a4e6c3fd93a68123b280a28d7e3501b8f40d8e70e44fd,544af08020cf5cbc80434291e0f6b64f562c9ed0142f5ef5b1aeb6eaeee949ae,ATP CROSS 65 REACH 85 40 JUL 2025 ITI-05,ATP,ATP,2025-2026,2025-07-01,2025-07-31,"{""date_from"":""2025-07-01"",""date_to"":""2025-07-31"",""game_data"":[],""leagues"":[""ATP""],""market_data"":[""candles""],""markets"":[""kalshi""],""seasons"":[""2025-2026""],""sports"":[""ATP""]}",TRADABLE_YES_BID,1_MINUTE_CANDLE,available_at,CROSS,"{""id"":""e1"",""op"":""CROSS"",""price_e4"":7100}",REACH,"{""id"":""win"",""op"":""REACH"",""outcome"":""win"",""price_e4"":8500}",REACH,"{""id"":""loss"",""op"":""REACH"",""outcome"":""loss"",""price_e4"":4000}",HOLD_TO_SETTLEMENT,b530d65b28edd1535a76ec4046e518bc9de0bcfa836596c3227470a9a4d0a869,1.0.0,2026-09-15T01:30:56Z,1.0.0,1.0.0,1.0.0,2026-09-15T01:30:56Z,READY,351,182,139,0.566978,0.433022,1400,3100,0.451613,-501.709402,2d9a4d634a4a5508155a34c9ff097202c0d039e70a9a5b95665317d16af53f70,candle_path_not_fill,UNAVAILABLE,UNAVAILABLE,UNAVAILABLE,NOT_COMPUTABLE,UNAVAILABLE
risk_profile,MONTE_CARLO,base_decomposition,mode_b_mdd_p95,-0.358674,fraction,mode_b,superasi_bdebase_v1.1.0,grade_config_v1,2026-09-21T18:16:15Z,55d9a8bdcc4e4d82a222fd1bfb84fdbf,ATP CROSS 65 REACH 85 40 JUL 2025 ITI-05,e5cba21e206a859f465992e9705418339cee20e8e1cab2abbaa6eefe9bdbcbca,1ca7e1b4c022503dc39a4e6c3fd93a68123b280a28d7e3501b8f40d8e70e44fd,544af08020cf5cbc80434291e0f6b64f562c9ed0142f5ef5b1aeb6eaeee949ae,ATP CROSS 65 REACH 85 40 JUL 2025 ITI-05,ATP,ATP,2025-2026,2025-07-01,2025-07-31,"{""date_from"":""2025-07-01"",""date_to"":""2025-07-31"",""game_data"":[],""leagues"":[""ATP""],""market_data"":[""candles""],""markets"":[""kalshi""],""seasons"":[""2025-2026""],""sports"":[""ATP""]}",TRADABLE_YES_BID,1_MINUTE_CANDLE,available_at,CROSS,"{""id"":""e1"",""op"":""CROSS"",""price_e4"":7100}",REACH,"{""id"":""win"",""op"":""REACH"",""outcome"":""win"",""price_e4"":8500}",REACH,"{""id"":""loss"",""op"":""REACH"",""outcome"":""loss"",""price_e4"":4000}",HOLD_TO_SETTLEMENT,b530d65b28edd1535a76ec4046e518bc9de0bcfa836596c3227470a9a4d0a869,1.0.0,2026-09-15T01:30:56Z,1.0.0,1.0.0,1.0.0,2026-09-15T01:30:56Z,READY,351,182,139,0.566978,0.433022,1400,3100,0.451613,-501.709402,2d9a4d634a4a5508155a34c9ff097202c0d039e70a9a5b95665317d16af53f70,candle_path_not_fill,UNAVAILABLE,UNAVAILABLE,UNAVAILABLE,NOT_COMPUTABLE,UNAVAILABLE
risk_profile,MONTE_CARLO,base_decomposition,mode_b_se_P_min_bankroll_le_floor,0.000260,fraction,mode_b,superasi_bdebase_v1.1.0,grade_config_v1,2026-09-21T18:16:15Z,55d9a8bdcc4e4d82a222fd1bfb84fdbf,ATP CROSS 65 REACH 85 40 JUL 2025 ITI-05,e5cba21e206a859f465992e9705418339cee20e8e1cab2abbaa6eefe9bdbcbca,1ca7e1b4c022503dc39a4e6c3fd93a68123b280a28d7e3501b8f40d8e70e44fd,544af08020cf5cbc80434291e0f6b64f562c9ed0142f5ef5b1aeb6eaeee949ae,ATP CROSS 65 REACH 85 40 JUL 2025 ITI-05,ATP,ATP,2025-2026,2025-07-01,2025-07-31,"{""date_from"":""2025-07-01"",""date_to"":""2025-07-31"",""game_data"":[],""leagues"":[""ATP""],""market_data"":[""candles""],""markets"":[""kalshi""],""seasons"":[""2025-2026""],""sports"":[""ATP""]}",TRADABLE_YES_BID,1_MINUTE_CANDLE,available_at,CROSS,"{""id"":""e1"",""op"":""CROSS"",""price_e4"":7100}",REACH,"{""id"":""win"",""op"":""REACH"",""outcome"":""win"",""price_e4"":8500}",REACH,"{""id"":""loss"",""op"":""REACH"",""outcome"":""loss"",""price_e4"":4000}",HOLD_TO_SETTLEMENT,b530d65b28edd1535a76ec4046e518bc9de0bcfa836596c3227470a9a4d0a869,1.0.0,2026-09-15T01:30:56Z,1.0.0,1.0.0,1.0.0,2026-09-15T01:30:56Z,READY,351,182,139,0.566978,0.433022,1400,3100,0.451613,-501.709402,2d9a4d634a4a5508155a34c9ff097202c0d039e70a9a5b95665317d16af53f70,candle_path_not_fill,UNAVAILABLE,UNAVAILABLE,UNAVAILABLE,NOT_COMPUTABLE,UNAVAILABLE
risk_profile,MONTE_CARLO,base_decomposition,mode_b_se_P_final_ge_target,0.000000,fraction,mode_b,superasi_bdebase_v1.1.0,grade_config_v1,2026-09-21T18:16:15Z,55d9a8bdcc4e4d82a222fd1bfb84fdbf,ATP CROSS 65 REACH 85 40 JUL 2025 ITI-05,e5cba21e206a859f465992e9705418339cee20e8e1cab2abbaa6eefe9bdbcbca,1ca7e1b4c022503dc39a4e6c3fd93a68123b280a28d7e3501b8f40d8e70e44fd,544af08020cf5cbc80434291e0f6b64f562c9ed0142f5ef5b1aeb6eaeee949ae,ATP CROSS 65 REACH 85 40 JUL 2025 ITI-05,ATP,ATP,2025-2026,2025-07-01,2025-07-31,"{""date_from"":""2025-07-01"",""date_to"":""2025-07-31"",""game_data"":[],""leagues"":[""ATP""],""market_data"":[""candles""],""markets"":[""kalshi""],""seasons"":[""2025-2026""],""sports"":[""ATP""]}",TRADABLE_YES_BID,1_MINUTE_CANDLE,available_at,CROSS,"{""id"":""e1"",""op"":""CROSS"",""price_e4"":7100}",REACH,"{""id"":""win"",""op"":""REACH"",""outcome"":""win"",""price_e4"":8500}",REACH,"{""id"":""loss"",""op"":""REACH"",""outcome"":""loss"",""price_e4"":4000}",HOLD_TO_SETTLEMENT,b530d65b28edd1535a76ec4046e518bc9de0bcfa836596c3227470a9a4d0a869,1.0.0,2026-09-15T01:30:56Z,1.0.0,1.0.0,1.0.0,2026-09-15T01:30:56Z,READY,351,182,139,0.566978,0.433022,1400,3100,0.451613,-501.709402,2d9a4d634a4a5508155a34c9ff097202c0d039e70a9a5b95665317d16af53f70,candle_path_not_fill,UNAVAILABLE,UNAVAILABLE,UNAVAILABLE,NOT_COMPUTABLE,UNAVAILABLE
risk_profile,MONTE_CARLO,base_decomposition,mode_b_se_P_final_lt_B0,0.000041,fraction,mode_b,superasi_bdebase_v1.1.0,grade_config_v1,2026-09-21T18:16:15Z,55d9a8bdcc4e4d82a222fd1bfb84fdbf,ATP CROSS 65 REACH 85 40 JUL 2025 ITI-05,e5cba21e206a859f465992e9705418339cee20e8e1cab2abbaa6eefe9bdbcbca,1ca7e1b4c022503dc39a4e6c3fd93a68123b280a28d7e3501b8f40d8e70e44fd,544af08020cf5cbc80434291e0f6b64f562c9ed0142f5ef5b1aeb6eaeee949ae,ATP CROSS 65 REACH 85 40 JUL 2025 ITI-05,ATP,ATP,2025-2026,2025-07-01,2025-07-31,"{""date_from"":""2025-07-01"",""date_to"":""2025-07-31"",""game_data"":[],""leagues"":[""ATP""],""market_data"":[""candles""],""markets"":[""kalshi""],""seasons"":[""2025-2026""],""sports"":[""ATP""]}",TRADABLE_YES_BID,1_MINUTE_CANDLE,available_at,CROSS,"{""id"":""e1"",""op"":""CROSS"",""price_e4"":7100}",REACH,"{""id"":""win"",""op"":""REACH"",""outcome"":""win"",""price_e4"":8500}",REACH,"{""id"":""loss"",""op"":""REACH"",""outcome"":""loss"",""price_e4"":4000}",HOLD_TO_SETTLEMENT,b530d65b28edd1535a76ec4046e518bc9de0bcfa836596c3227470a9a4d0a869,1.0.0,2026-09-15T01:30:56Z,1.0.0,1.0.0,1.0.0,2026-09-15T01:30:56Z,READY,351,182,139,0.566978,0.433022,1400,3100,0.451613,-501.709402,2d9a4d634a4a5508155a34c9ff097202c0d039e70a9a5b95665317d16af53f70,candle_path_not_fill,UNAVAILABLE,UNAVAILABLE,UNAVAILABLE,NOT_COMPUTABLE,UNAVAILABLE
path_bands,MONTE_CARLO,base_decomposition,mode_b_week_1_p5,17535.211268,usd,mode_b,superasi_bdebase_v1.1.0,grade_config_v1,2026-09-21T18:16:15Z,55d9a8bdcc4e4d82a222fd1bfb84fdbf,ATP CROSS 65 REACH 85 40 JUL 2025 ITI-05,e5cba21e206a859f465992e9705418339cee20e8e1cab2abbaa6eefe9bdbcbca,1ca7e1b4c022503dc39a4e6c3fd93a68123b280a28d7e3501b8f40d8e70e44fd,544af08020cf5cbc80434291e0f6b64f562c9ed0142f5ef5b1aeb6eaeee949ae,ATP CROSS 65 REACH 85 40 JUL 2025 ITI-05,ATP,ATP,2025-2026,2025-07-01,2025-07-31,"{""date_from"":""2025-07-01"",""date_to"":""2025-07-31"",""game_data"":[],""leagues"":[""ATP""],""market_data"":[""candles""],""markets"":[""kalshi""],""seasons"":[""2025-2026""],""sports"":[""ATP""]}",TRADABLE_YES_BID,1_MINUTE_CANDLE,available_at,CROSS,"{""id"":""e1"",""op"":""CROSS"",""price_e4"":7100}",REACH,"{""id"":""win"",""op"":""REACH"",""outcome"":""win"",""price_e4"":8500}",REACH,"{""id"":""loss"",""op"":""REACH"",""outcome"":""loss"",""price_e4"":4000}",HOLD_TO_SETTLEMENT,b530d65b28edd1535a76ec4046e518bc9de0bcfa836596c3227470a9a4d0a869,1.0.0,2026-09-15T01:30:56Z,1.0.0,1.0.0,1.0.0,2026-09-15T01:30:56Z,READY,351,182,139,0.566978,0.433022,1400,3100,0.451613,-501.709402,2d9a4d634a4a5508155a34c9ff097202c0d039e70a9a5b95665317d16af53f70,candle_path_not_fill,UNAVAILABLE,UNAVAILABLE,UNAVAILABLE,NOT_COMPUTABLE,UNAVAILABLE
path_bands,MONTE_CARLO,base_decomposition,mode_b_week_1_p25,18802.816901,usd,mode_b,superasi_bdebase_v1.1.0,grade_config_v1,2026-09-21T18:16:15Z,55d9a8bdcc4e4d82a222fd1bfb84fdbf,ATP CROSS 65 REACH 85 40 JUL 2025 ITI-05,e5cba21e206a859f465992e9705418339cee20e8e1cab2abbaa6eefe9bdbcbca,1ca7e1b4c022503dc39a4e6c3fd93a68123b280a28d7e3501b8f40d8e70e44fd,544af08020cf5cbc80434291e0f6b64f562c9ed0142f5ef5b1aeb6eaeee949ae,ATP CROSS 65 REACH 85 40 JUL 2025 ITI-05,ATP,ATP,2025-2026,2025-07-01,2025-07-31,"{""date_from"":""2025-07-01"",""date_to"":""2025-07-31"",""game_data"":[],""leagues"":[""ATP""],""market_data"":[""candles""],""markets"":[""kalshi""],""seasons"":[""2025-2026""],""sports"":[""ATP""]}",TRADABLE_YES_BID,1_MINUTE_CANDLE,available_at,CROSS,"{""id"":""e1"",""op"":""CROSS"",""price_e4"":7100}",REACH,"{""id"":""win"",""op"":""REACH"",""outcome"":""win"",""price_e4"":8500}",REACH,"{""id"":""loss"",""op"":""REACH"",""outcome"":""loss"",""price_e4"":4000}",HOLD_TO_SETTLEMENT,b530d65b28edd1535a76ec4046e518bc9de0bcfa836596c3227470a9a4d0a869,1.0.0,2026-09-15T01:30:56Z,1.0.0,1.0.0,1.0.0,2026-09-15T01:30:56Z,READY,351,182,139,0.566978,0.433022,1400,3100,0.451613,-501.709402,2d9a4d634a4a5508155a34c9ff097202c0d039e70a9a5b95665317d16af53f70,candle_path_not_fill,UNAVAILABLE,UNAVAILABLE,UNAVAILABLE,NOT_COMPUTABLE,UNAVAILABLE
path_bands,MONTE_CARLO,base_decomposition,mode_b_week_1_p50,19436.619718,usd,mode_b,superasi_bdebase_v1.1.0,grade_config_v1,2026-09-21T18:16:15Z,55d9a8bdcc4e4d82a222fd1bfb84fdbf,ATP CROSS 65 REACH 85 40 JUL 2025 ITI-05,e5cba21e206a859f465992e9705418339cee20e8e1cab2abbaa6eefe9bdbcbca,1ca7e1b4c022503dc39a4e6c3fd93a68123b280a28d7e3501b8f40d8e70e44fd,544af08020cf5cbc80434291e0f6b64f562c9ed0142f5ef5b1aeb6eaeee949ae,ATP CROSS 65 REACH 85 40 JUL 2025 ITI-05,ATP,ATP,2025-2026,2025-07-01,2025-07-31,"{""date_from"":""2025-07-01"",""date_to"":""2025-07-31"",""game_data"":[],""leagues"":[""ATP""],""market_data"":[""candles""],""markets"":[""kalshi""],""seasons"":[""2025-2026""],""sports"":[""ATP""]}",TRADABLE_YES_BID,1_MINUTE_CANDLE,available_at,CROSS,"{""id"":""e1"",""op"":""CROSS"",""price_e4"":7100}",REACH,"{""id"":""win"",""op"":""REACH"",""outcome"":""win"",""price_e4"":8500}",REACH,"{""id"":""loss"",""op"":""REACH"",""outcome"":""loss"",""price_e4"":4000}",HOLD_TO_SETTLEMENT,b530d65b28edd1535a76ec4046e518bc9de0bcfa836596c3227470a9a4d0a869,1.0.0,2026-09-15T01:30:56Z,1.0.0,1.0.0,1.0.0,2026-09-15T01:30:56Z,READY,351,182,139,0.566978,0.433022,1400,3100,0.451613,-501.709402,2d9a4d634a4a5508155a34c9ff097202c0d039e70a9a5b95665317d16af53f70,candle_path_not_fill,UNAVAILABLE,UNAVAILABLE,UNAVAILABLE,NOT_COMPUTABLE,UNAVAILABLE
path_bands,MONTE_CARLO,base_decomposition,mode_b_week_1_p75,20070.422535,usd,mode_b,superasi_bdebase_v1.1.0,grade_config_v1,2026-09-21T18:16:15Z,55d9a8bdcc4e4d82a222fd1bfb84fdbf,ATP CROSS 65 REACH 85 40 JUL 2025 ITI-05,e5cba21e206a859f465992e9705418339cee20e8e1cab2abbaa6eefe9bdbcbca,1ca7e1b4c022503dc39a4e6c3fd93a68123b280a28d7e3501b8f40d8e70e44fd,544af08020cf5cbc80434291e0f6b64f562c9ed0142f5ef5b1aeb6eaeee949ae,ATP CROSS 65 REACH 85 40 JUL 2025 ITI-05,ATP,ATP,2025-2026,2025-07-01,2025-07-31,"{""date_from"":""2025-07-01"",""date_to"":""2025-07-31"",""game_data"":[],""leagues"":[""ATP""],""market_data"":[""candles""],""markets"":[""kalshi""],""seasons"":[""2025-2026""],""sports"":[""ATP""]}",TRADABLE_YES_BID,1_MINUTE_CANDLE,available_at,CROSS,"{""id"":""e1"",""op"":""CROSS"",""price_e4"":7100}",REACH,"{""id"":""win"",""op"":""REACH"",""outcome"":""win"",""price_e4"":8500}",REACH,"{""id"":""loss"",""op"":""REACH"",""outcome"":""loss"",""price_e4"":4000}",HOLD_TO_SETTLEMENT,b530d65b28edd1535a76ec4046e518bc9de0bcfa836596c3227470a9a4d0a869,1.0.0,2026-09-15T01:30:56Z,1.0.0,1.0.0,1.0.0,2026-09-15T01:30:56Z,READY,351,182,139,0.566978,0.433022,1400,3100,0.451613,-501.709402,2d9a4d634a4a5508155a34c9ff097202c0d039e70a9a5b95665317d16af53f70,candle_path_not_fill,UNAVAILABLE,UNAVAILABLE,UNAVAILABLE,NOT_COMPUTABLE,UNAVAILABLE
path_bands,MONTE_CARLO,base_decomposition,mode_b_week_1_p95,20704.225352,usd,mode_b,superasi_bdebase_v1.1.0,grade_config_v1,2026-09-21T18:16:15Z,55d9a8bdcc4e4d82a222fd1bfb84fdbf,ATP CROSS 65 REACH 85 40 JUL 2025 ITI-05,e5cba21e206a859f465992e9705418339cee20e8e1cab2abbaa6eefe9bdbcbca,1ca7e1b4c022503dc39a4e6c3fd93a68123b280a28d7e3501b8f40d8e70e44fd,544af08020cf5cbc80434291e0f6b64f562c9ed0142f5ef5b1aeb6eaeee949ae,ATP CROSS 65 REACH 85 40 JUL 2025 ITI-05,ATP,ATP,2025-2026,2025-07-01,2025-07-31,"{""date_from"":""2025-07-01"",""date_to"":""2025-07-31"",""game_data"":[],""leagues"":[""ATP""],""market_data"":[""candles""],""markets"":[""kalshi""],""seasons"":[""2025-2026""],""sports"":[""ATP""]}",TRADABLE_YES_BID,1_MINUTE_CANDLE,available_at,CROSS,"{""id"":""e1"",""op"":""CROSS"",""price_e4"":7100}",REACH,"{""id"":""win"",""op"":""REACH"",""outcome"":""win"",""price_e4"":8500}",REACH,"{""id"":""loss"",""op"":""REACH"",""outcome"":""loss"",""price_e4"":4000}",HOLD_TO_SETTLEMENT,b530d65b28edd1535a76ec4046e518bc9de0bcfa836596c3227470a9a4d0a869,1.0.0,2026-09-15T01:30:56Z,1.0.0,1.0.0,1.0.0,2026-09-15T01:30:56Z,READY,351,182,139,0.566978,0.433022,1400,3100,0.451613,-501.709402,2d9a4d634a4a5508155a34c9ff097202c0d039e70a9a5b95665317d16af53f70,candle_path_not_fill,UNAVAILABLE,UNAVAILABLE,UNAVAILABLE,NOT_COMPUTABLE,UNAVAILABLE
path_bands,MONTE_CARLO,base_decomposition,mode_b_week_2_p5,16425.312438,usd,mode_b,superasi_bdebase_v1.1.0,grade_config_v1,2026-09-21T18:16:15Z,55d9a8bdcc4e4d82a222fd1bfb84fdbf,ATP CROSS 65 REACH 85 40 JUL 2025 ITI-05,e5cba21e206a859f465992e9705418339cee20e8e1cab2abbaa6eefe9bdbcbca,1ca7e1b4c022503dc39a4e6c3fd93a68123b280a28d7e3501b8f40d8e70e44fd,544af08020cf5cbc80434291e0f6b64f562c9ed0142f5ef5b1aeb6eaeee949ae,ATP CROSS 65 REACH 85 40 JUL 2025 ITI-05,ATP,ATP,2025-2026,2025-07-01,2025-07-31,"{""date_from"":""2025-07-01"",""date_to"":""2025-07-31"",""game_data"":[],""leagues"":[""ATP""],""market_data"":[""candles""],""markets"":[""kalshi""],""seasons"":[""2025-2026""],""sports"":[""ATP""]}",TRADABLE_YES_BID,1_MINUTE_CANDLE,available_at,CROSS,"{""id"":""e1"",""op"":""CROSS"",""price_e4"":7100}",REACH,"{""id"":""win"",""op"":""REACH"",""outcome"":""win"",""price_e4"":8500}",REACH,"{""id"":""loss"",""op"":""REACH"",""outcome"":""loss"",""price_e4"":4000}",HOLD_TO_SETTLEMENT,b530d65b28edd1535a76ec4046e518bc9de0bcfa836596c3227470a9a4d0a869,1.0.0,2026-09-15T01:30:56Z,1.0.0,1.0.0,1.0.0,2026-09-15T01:30:56Z,READY,351,182,139,0.566978,0.433022,1400,3100,0.451613,-501.709402,2d9a4d634a4a5508155a34c9ff097202c0d039e70a9a5b95665317d16af53f70,candle_path_not_fill,UNAVAILABLE,UNAVAILABLE,UNAVAILABLE,NOT_COMPUTABLE,UNAVAILABLE
path_bands,MONTE_CARLO,base_decomposition,mode_b_week_2_p25,17657.210871,usd,mode_b,superasi_bdebase_v1.1.0,grade_config_v1,2026-09-21T18:16:15Z,55d9a8bdcc4e4d82a222fd1bfb84fdbf,ATP CROSS 65 REACH 85 40 JUL 2025 ITI-05,e5cba21e206a859f465992e9705418339cee20e8e1cab2abbaa6eefe9bdbcbca,1ca7e1b4c022503dc39a4e6c3fd93a68123b280a28d7e3501b8f40d8e70e44fd,544af08020cf5cbc80434291e0f6b64f562c9ed0142f5ef5b1aeb6eaeee949ae,ATP CROSS 65 REACH 85 40 JUL 2025 ITI-05,ATP,ATP,2025-2026,2025-07-01,2025-07-31,"{""date_from"":""2025-07-01"",""date_to"":""2025-07-31"",""game_data"":[],""leagues"":[""ATP""],""market_data"":[""candles""],""markets"":[""kalshi""],""seasons"":[""2025-2026""],""sports"":[""ATP""]}",TRADABLE_YES_BID,1_MINUTE_CANDLE,available_at,CROSS,"{""id"":""e1"",""op"":""CROSS"",""price_e4"":7100}",REACH,"{""id"":""win"",""op"":""REACH"",""outcome"":""win"",""price_e4"":8500}",REACH,"{""id"":""loss"",""op"":""REACH"",""outcome"":""loss"",""price_e4"":4000}",HOLD_TO_SETTLEMENT,b530d65b28edd1535a76ec4046e518bc9de0bcfa836596c3227470a9a4d0a869,1.0.0,2026-09-15T01:30:56Z,1.0.0,1.0.0,1.0.0,2026-09-15T01:30:56Z,READY,351,182,139,0.566978,0.433022,1400,3100,0.451613,-501.709402,2d9a4d634a4a5508155a34c9ff097202c0d039e70a9a5b95665317d16af53f70,candle_path_not_fill,UNAVAILABLE,UNAVAILABLE,UNAVAILABLE,NOT_COMPUTABLE,UNAVAILABLE
path_bands,MONTE_CARLO,base_decomposition,mode_b_week_2_p50,18273.160087,usd,mode_b,superasi_bdebase_v1.1.0,grade_config_v1,2026-09-21T18:16:15Z,55d9a8bdcc4e4d82a222fd1bfb84fdbf,ATP CROSS 65 REACH 85 40 JUL 2025 ITI-05,e5cba21e206a859f465992e9705418339cee20e8e1cab2abbaa6eefe9bdbcbca,1ca7e1b4c022503dc39a4e6c3fd93a68123b280a28d7e3501b8f40d8e70e44fd,544af08020cf5cbc80434291e0f6b64f562c9ed0142f5ef5b1aeb6eaeee949ae,ATP CROSS 65 REACH 85 40 JUL 2025 ITI-05,ATP,ATP,2025-2026,2025-07-01,2025-07-31,"{""date_from"":""2025-07-01"",""date_to"":""2025-07-31"",""game_data"":[],""leagues"":[""ATP""],""market_data"":[""candles""],""markets"":[""kalshi""],""seasons"":[""2025-2026""],""sports"":[""ATP""]}",TRADABLE_YES_BID,1_MINUTE_CANDLE,available_at,CROSS,"{""id"":""e1"",""op"":""CROSS"",""price_e4"":7100}",REACH,"{""id"":""win"",""op"":""REACH"",""outcome"":""win"",""price_e4"":8500}",REACH,"{""id"":""loss"",""op"":""REACH"",""outcome"":""loss"",""price_e4"":4000}",HOLD_TO_SETTLEMENT,b530d65b28edd1535a76ec4046e518bc9de0bcfa836596c3227470a9a4d0a869,1.0.0,2026-09-15T01:30:56Z,1.0.0,1.0.0,1.0.0,2026-09-15T01:30:56Z,READY,351,182,139,0.566978,0.433022,1400,3100,0.451613,-501.709402,2d9a4d634a4a5508155a34c9ff097202c0d039e70a9a5b95665317d16af53f70,candle_path_not_fill,UNAVAILABLE,UNAVAILABLE,UNAVAILABLE,NOT_COMPUTABLE,UNAVAILABLE
path_bands,MONTE_CARLO,base_decomposition,mode_b_week_2_p75,19505.058520,usd,mode_b,superasi_bdebase_v1.1.0,grade_config_v1,2026-09-21T18:16:15Z,55d9a8bdcc4e4d82a222fd1bfb84fdbf,ATP CROSS 65 REACH 85 40 JUL 2025 ITI-05,e5cba21e206a859f465992e9705418339cee20e8e1cab2abbaa6eefe9bdbcbca,1ca7e1b4c022503dc39a4e6c3fd93a68123b280a28d7e3501b8f40d8e70e44fd,544af08020cf5cbc80434291e0f6b64f562c9ed0142f5ef5b1aeb6eaeee949ae,ATP CROSS 65 REACH 85 40 JUL 2025 ITI-05,ATP,ATP,2025-2026,2025-07-01,2025-07-31,"{""date_from"":""2025-07-01"",""date_to"":""2025-07-31"",""game_data"":[],""leagues"":[""ATP""],""market_data"":[""candles""],""markets"":[""kalshi""],""seasons"":[""2025-2026""],""sports"":[""ATP""]}",TRADABLE_YES_BID,1_MINUTE_CANDLE,available_at,CROSS,"{""id"":""e1"",""op"":""CROSS"",""price_e4"":7100}",REACH,"{""id"":""win"",""op"":""REACH"",""outcome"":""win"",""price_e4"":8500}",REACH,"{""id"":""loss"",""op"":""REACH"",""outcome"":""loss"",""price_e4"":4000}",HOLD_TO_SETTLEMENT,b530d65b28edd1535a76ec4046e518bc9de0bcfa836596c3227470a9a4d0a869,1.0.0,2026-09-15T01:30:56Z,1.0.0,1.0.0,1.0.0,2026-09-15T01:30:56Z,READY,351,182,139,0.566978,0.433022,1400,3100,0.451613,-501.709402,2d9a4d634a4a5508155a34c9ff097202c0d039e70a9a5b95665317d16af53f70,candle_path_not_fill,UNAVAILABLE,UNAVAILABLE,UNAVAILABLE,NOT_COMPUTABLE,UNAVAILABLE
path_bands,MONTE_CARLO,base_decomposition,mode_b_week_2_p95,20777.127554,usd,mode_b,superasi_bdebase_v1.1.0,grade_config_v1,2026-09-21T18:16:15Z,55d9a8bdcc4e4d82a222fd1bfb84fdbf,ATP CROSS 65 REACH 85 40 JUL 2025 ITI-05,e5cba21e206a859f465992e9705418339cee20e8e1cab2abbaa6eefe9bdbcbca,1ca7e1b4c022503dc39a4e6c3fd93a68123b280a28d7e3501b8f40d8e70e44fd,544af08020cf5cbc80434291e0f6b64f562c9ed0142f5ef5b1aeb6eaeee949ae,ATP CROSS 65 REACH 85 40 JUL 2025 ITI-05,ATP,ATP,2025-2026,2025-07-01,2025-07-31,"{""date_from"":""2025-07-01"",""date_to"":""2025-07-31"",""game_data"":[],""leagues"":[""ATP""],""market_data"":[""candles""],""markets"":[""kalshi""],""seasons"":[""2025-2026""],""sports"":[""ATP""]}",TRADABLE_YES_BID,1_MINUTE_CANDLE,available_at,CROSS,"{""id"":""e1"",""op"":""CROSS"",""price_e4"":7100}",REACH,"{""id"":""win"",""op"":""REACH"",""outcome"":""win"",""price_e4"":8500}",REACH,"{""id"":""loss"",""op"":""REACH"",""outcome"":""loss"",""price_e4"":4000}",HOLD_TO_SETTLEMENT,b530d65b28edd1535a76ec4046e518bc9de0bcfa836596c3227470a9a4d0a869,1.0.0,2026-09-15T01:30:56Z,1.0.0,1.0.0,1.0.0,2026-09-15T01:30:56Z,READY,351,182,139,0.566978,0.433022,1400,3100,0.451613,-501.709402,2d9a4d634a4a5508155a34c9ff097202c0d039e70a9a5b95665317d16af53f70,candle_path_not_fill,UNAVAILABLE,UNAVAILABLE,UNAVAILABLE,NOT_COMPUTABLE,UNAVAILABLE
path_bands,MONTE_CARLO,base_decomposition,mode_b_week_3_p5,14994.572673,usd,mode_b,superasi_bdebase_v1.1.0,grade_config_v1,2026-09-21T18:16:15Z,55d9a8bdcc4e4d82a222fd1bfb84fdbf,ATP CROSS 65 REACH 85 40 JUL 2025 ITI-05,e5cba21e206a859f465992e9705418339cee20e8e1cab2abbaa6eefe9bdbcbca,1ca7e1b4c022503dc39a4e6c3fd93a68123b280a28d7e3501b8f40d8e70e44fd,544af08020cf5cbc80434291e0f6b64f562c9ed0142f5ef5b1aeb6eaeee949ae,ATP CROSS 65 REACH 85 40 JUL 2025 ITI-05,ATP,ATP,2025-2026,2025-07-01,2025-07-31,"{""date_from"":""2025-07-01"",""date_to"":""2025-07-31"",""game_data"":[],""leagues"":[""ATP""],""market_data"":[""candles""],""markets"":[""kalshi""],""seasons"":[""2025-2026""],""sports"":[""ATP""]}",TRADABLE_YES_BID,1_MINUTE_CANDLE,available_at,CROSS,"{""id"":""e1"",""op"":""CROSS"",""price_e4"":7100}",REACH,"{""id"":""win"",""op"":""REACH"",""outcome"":""win"",""price_e4"":8500}",REACH,"{""id"":""loss"",""op"":""REACH"",""outcome"":""loss"",""price_e4"":4000}",HOLD_TO_SETTLEMENT,b530d65b28edd1535a76ec4046e518bc9de0bcfa836596c3227470a9a4d0a869,1.0.0,2026-09-15T01:30:56Z,1.0.0,1.0.0,1.0.0,2026-09-15T01:30:56Z,READY,351,182,139,0.566978,0.433022,1400,3100,0.451613,-501.709402,2d9a4d634a4a5508155a34c9ff097202c0d039e70a9a5b95665317d16af53f70,candle_path_not_fill,UNAVAILABLE,UNAVAILABLE,UNAVAILABLE,NOT_COMPUTABLE,UNAVAILABLE
path_bands,MONTE_CARLO,base_decomposition,mode_b_week_3_p25,16600.265150,usd,mode_b,superasi_bdebase_v1.1.0,grade_config_v1,2026-09-21T18:16:15Z,55d9a8bdcc4e4d82a222fd1bfb84fdbf,ATP CROSS 65 REACH 85 40 JUL 2025 ITI-05,e5cba21e206a859f465992e9705418339cee20e8e1cab2abbaa6eefe9bdbcbca,1ca7e1b4c022503dc39a4e6c3fd93a68123b280a28d7e3501b8f40d8e70e44fd,544af08020cf5cbc80434291e0f6b64f562c9ed0142f5ef5b1aeb6eaeee949ae,ATP CROSS 65 REACH 85 40 JUL 2025 ITI-05,ATP,ATP,2025-2026,2025-07-01,2025-07-31,"{""date_from"":""2025-07-01"",""date_to"":""2025-07-31"",""game_data"":[],""leagues"":[""ATP""],""market_data"":[""candles""],""markets"":[""kalshi""],""seasons"":[""2025-2026""],""sports"":[""ATP""]}",TRADABLE_YES_BID,1_MINUTE_CANDLE,available_at,CROSS,"{""id"":""e1"",""op"":""CROSS"",""price_e4"":7100}",REACH,"{""id"":""win"",""op"":""REACH"",""outcome"":""win"",""price_e4"":8500}",REACH,"{""id"":""loss"",""op"":""REACH"",""outcome"":""loss"",""price_e4"":4000}",HOLD_TO_SETTLEMENT,b530d65b28edd1535a76ec4046e518bc9de0bcfa836596c3227470a9a4d0a869,1.0.0,2026-09-15T01:30:56Z,1.0.0,1.0.0,1.0.0,2026-09-15T01:30:56Z,READY,351,182,139,0.566978,0.433022,1400,3100,0.451613,-501.709402,2d9a4d634a4a5508155a34c9ff097202c0d039e70a9a5b95665317d16af53f70,candle_path_not_fill,UNAVAILABLE,UNAVAILABLE,UNAVAILABLE,NOT_COMPUTABLE,UNAVAILABLE
path_bands,MONTE_CARLO,base_decomposition,mode_b_week_3_p50,17739.540172,usd,mode_b,superasi_bdebase_v1.1.0,grade_config_v1,2026-09-21T18:16:15Z,55d9a8bdcc4e4d82a222fd1bfb84fdbf,ATP CROSS 65 REACH 85 40 JUL 2025 ITI-05,e5cba21e206a859f465992e9705418339cee20e8e1cab2abbaa6eefe9bdbcbca,1ca7e1b4c022503dc39a4e6c3fd93a68123b280a28d7e3501b8f40d8e70e44fd,544af08020cf5cbc80434291e0f6b64f562c9ed0142f5ef5b1aeb6eaeee949ae,ATP CROSS 65 REACH 85 40 JUL 2025 ITI-05,ATP,ATP,2025-2026,2025-07-01,2025-07-31,"{""date_from"":""2025-07-01"",""date_to"":""2025-07-31"",""game_data"":[],""leagues"":[""ATP""],""market_data"":[""candles""],""markets"":[""kalshi""],""seasons"":[""2025-2026""],""sports"":[""ATP""]}",TRADABLE_YES_BID,1_MINUTE_CANDLE,available_at,CROSS,"{""id"":""e1"",""op"":""CROSS"",""price_e4"":7100}",REACH,"{""id"":""win"",""op"":""REACH"",""outcome"":""win"",""price_e4"":8500}",REACH,"{""id"":""loss"",""op"":""REACH"",""outcome"":""loss"",""price_e4"":4000}",HOLD_TO_SETTLEMENT,b530d65b28edd1535a76ec4046e518bc9de0bcfa836596c3227470a9a4d0a869,1.0.0,2026-09-15T01:30:56Z,1.0.0,1.0.0,1.0.0,2026-09-15T01:30:56Z,READY,351,182,139,0.566978,0.433022,1400,3100,0.451613,-501.709402,2d9a4d634a4a5508155a34c9ff097202c0d039e70a9a5b95665317d16af53f70,candle_path_not_fill,UNAVAILABLE,UNAVAILABLE,UNAVAILABLE,NOT_COMPUTABLE,UNAVAILABLE
path_bands,MONTE_CARLO,base_decomposition,mode_b_week_3_p75,18916.581217,usd,mode_b,superasi_bdebase_v1.1.0,grade_config_v1,2026-09-21T18:16:15Z,55d9a8bdcc4e4d82a222fd1bfb84fdbf,ATP CROSS 65 REACH 85 40 JUL 2025 ITI-05,e5cba21e206a859f465992e9705418339cee20e8e1cab2abbaa6eefe9bdbcbca,1ca7e1b4c022503dc39a4e6c3fd93a68123b280a28d7e3501b8f40d8e70e44fd,544af08020cf5cbc80434291e0f6b64f562c9ed0142f5ef5b1aeb6eaeee949ae,ATP CROSS 65 REACH 85 40 JUL 2025 ITI-05,ATP,ATP,2025-2026,2025-07-01,2025-07-31,"{""date_from"":""2025-07-01"",""date_to"":""2025-07-31"",""game_data"":[],""leagues"":[""ATP""],""market_data"":[""candles""],""markets"":[""kalshi""],""seasons"":[""2025-2026""],""sports"":[""ATP""]}",TRADABLE_YES_BID,1_MINUTE_CANDLE,available_at,CROSS,"{""id"":""e1"",""op"":""CROSS"",""price_e4"":7100}",REACH,"{""id"":""win"",""op"":""REACH"",""outcome"":""win"",""price_e4"":8500}",REACH,"{""id"":""loss"",""op"":""REACH"",""outcome"":""loss"",""price_e4"":4000}",HOLD_TO_SETTLEMENT,b530d65b28edd1535a76ec4046e518bc9de0bcfa836596c3227470a9a4d0a869,1.0.0,2026-09-15T01:30:56Z,1.0.0,1.0.0,1.0.0,2026-09-15T01:30:56Z,READY,351,182,139,0.566978,0.433022,1400,3100,0.451613,-501.709402,2d9a4d634a4a5508155a34c9ff097202c0d039e70a9a5b95665317d16af53f70,candle_path_not_fill,UNAVAILABLE,UNAVAILABLE,UNAVAILABLE,NOT_COMPUTABLE,UNAVAILABLE
path_bands,MONTE_CARLO,base_decomposition,mode_b_week_3_p95,20212.012379,usd,mode_b,superasi_bdebase_v1.1.0,grade_config_v1,2026-09-21T18:16:15Z,55d9a8bdcc4e4d82a222fd1bfb84fdbf,ATP CROSS 65 REACH 85 40 JUL 2025 ITI-05,e5cba21e206a859f465992e9705418339cee20e8e1cab2abbaa6eefe9bdbcbca,1ca7e1b4c022503dc39a4e6c3fd93a68123b280a28d7e3501b8f40d8e70e44fd,544af08020cf5cbc80434291e0f6b64f562c9ed0142f5ef5b1aeb6eaeee949ae,ATP CROSS 65 REACH 85 40 JUL 2025 ITI-05,ATP,ATP,2025-2026,2025-07-01,2025-07-31,"{""date_from"":""2025-07-01"",""date_to"":""2025-07-31"",""game_data"":[],""leagues"":[""ATP""],""market_data"":[""candles""],""markets"":[""kalshi""],""seasons"":[""2025-2026""],""sports"":[""ATP""]}",TRADABLE_YES_BID,1_MINUTE_CANDLE,available_at,CROSS,"{""id"":""e1"",""op"":""CROSS"",""price_e4"":7100}",REACH,"{""id"":""win"",""op"":""REACH"",""outcome"":""win"",""price_e4"":8500}",REACH,"{""id"":""loss"",""op"":""REACH"",""outcome"":""loss"",""price_e4"":4000}",HOLD_TO_SETTLEMENT,b530d65b28edd1535a76ec4046e518bc9de0bcfa836596c3227470a9a4d0a869,1.0.0,2026-09-15T01:30:56Z,1.0.0,1.0.0,1.0.0,2026-09-15T01:30:56Z,READY,351,182,139,0.566978,0.433022,1400,3100,0.451613,-501.709402,2d9a4d634a4a5508155a34c9ff097202c0d039e70a9a5b95665317d16af53f70,candle_path_not_fill,UNAVAILABLE,UNAVAILABLE,UNAVAILABLE,NOT_COMPUTABLE,UNAVAILABLE
path_bands,MONTE_CARLO,base_decomposition,mode_b_week_4_p5,14326.265940,usd,mode_b,superasi_bdebase_v1.1.0,grade_config_v1,2026-09-21T18:16:15Z,55d9a8bdcc4e4d82a222fd1bfb84fdbf,ATP CROSS 65 REACH 85 40 JUL 2025 ITI-05,e5cba21e206a859f465992e9705418339cee20e8e1cab2abbaa6eefe9bdbcbca,1ca7e1b4c022503dc39a4e6c3fd93a68123b280a28d7e3501b8f40d8e70e44fd,544af08020cf5cbc80434291e0f6b64f562c9ed0142f5ef5b1aeb6eaeee949ae,ATP CROSS 65 REACH 85 40 JUL 2025 ITI-05,ATP,ATP,2025-2026,2025-07-01,2025-07-31,"{""date_from"":""2025-07-01"",""date_to"":""2025-07-31"",""game_data"":[],""leagues"":[""ATP""],""market_data"":[""candles""],""markets"":[""kalshi""],""seasons"":[""2025-2026""],""sports"":[""ATP""]}",TRADABLE_YES_BID,1_MINUTE_CANDLE,available_at,CROSS,"{""id"":""e1"",""op"":""CROSS"",""price_e4"":7100}",REACH,"{""id"":""win"",""op"":""REACH"",""outcome"":""win"",""price_e4"":8500}",REACH,"{""id"":""loss"",""op"":""REACH"",""outcome"":""loss"",""price_e4"":4000}",HOLD_TO_SETTLEMENT,b530d65b28edd1535a76ec4046e518bc9de0bcfa836596c3227470a9a4d0a869,1.0.0,2026-09-15T01:30:56Z,1.0.0,1.0.0,1.0.0,2026-09-15T01:30:56Z,READY,351,182,139,0.566978,0.433022,1400,3100,0.451613,-501.709402,2d9a4d634a4a5508155a34c9ff097202c0d039e70a9a5b95665317d16af53f70,candle_path_not_fill,UNAVAILABLE,UNAVAILABLE,UNAVAILABLE,NOT_COMPUTABLE,UNAVAILABLE
path_bands,MONTE_CARLO,base_decomposition,mode_b_week_4_p25,15985.843282,usd,mode_b,superasi_bdebase_v1.1.0,grade_config_v1,2026-09-21T18:16:15Z,55d9a8bdcc4e4d82a222fd1bfb84fdbf,ATP CROSS 65 REACH 85 40 JUL 2025 ITI-05,e5cba21e206a859f465992e9705418339cee20e8e1cab2abbaa6eefe9bdbcbca,1ca7e1b4c022503dc39a4e6c3fd93a68123b280a28d7e3501b8f40d8e70e44fd,544af08020cf5cbc80434291e0f6b64f562c9ed0142f5ef5b1aeb6eaeee949ae,ATP CROSS 65 REACH 85 40 JUL 2025 ITI-05,ATP,ATP,2025-2026,2025-07-01,2025-07-31,"{""date_from"":""2025-07-01"",""date_to"":""2025-07-31"",""game_data"":[],""leagues"":[""ATP""],""market_data"":[""candles""],""markets"":[""kalshi""],""seasons"":[""2025-2026""],""sports"":[""ATP""]}",TRADABLE_YES_BID,1_MINUTE_CANDLE,available_at,CROSS,"{""id"":""e1"",""op"":""CROSS"",""price_e4"":7100}",REACH,"{""id"":""win"",""op"":""REACH"",""outcome"":""win"",""price_e4"":8500}",REACH,"{""id"":""loss"",""op"":""REACH"",""outcome"":""loss"",""price_e4"":4000}",HOLD_TO_SETTLEMENT,b530d65b28edd1535a76ec4046e518bc9de0bcfa836596c3227470a9a4d0a869,1.0.0,2026-09-15T01:30:56Z,1.0.0,1.0.0,1.0.0,2026-09-15T01:30:56Z,READY,351,182,139,0.566978,0.433022,1400,3100,0.451613,-501.709402,2d9a4d634a4a5508155a34c9ff097202c0d039e70a9a5b95665317d16af53f70,candle_path_not_fill,UNAVAILABLE,UNAVAILABLE,UNAVAILABLE,NOT_COMPUTABLE,UNAVAILABLE
path_bands,MONTE_CARLO,base_decomposition,mode_b_week_4_p50,17147.003552,usd,mode_b,superasi_bdebase_v1.1.0,grade_config_v1,2026-09-21T18:16:15Z,55d9a8bdcc4e4d82a222fd1bfb84fdbf,ATP CROSS 65 REACH 85 40 JUL 2025 ITI-05,e5cba21e206a859f465992e9705418339cee20e8e1cab2abbaa6eefe9bdbcbca,1ca7e1b4c022503dc39a4e6c3fd93a68123b280a28d7e3501b8f40d8e70e44fd,544af08020cf5cbc80434291e0f6b64f562c9ed0142f5ef5b1aeb6eaeee949ae,ATP CROSS 65 REACH 85 40 JUL 2025 ITI-05,ATP,ATP,2025-2026,2025-07-01,2025-07-31,"{""date_from"":""2025-07-01"",""date_to"":""2025-07-31"",""game_data"":[],""leagues"":[""ATP""],""market_data"":[""candles""],""markets"":[""kalshi""],""seasons"":[""2025-2026""],""sports"":[""ATP""]}",TRADABLE_YES_BID,1_MINUTE_CANDLE,available_at,CROSS,"{""id"":""e1"",""op"":""CROSS"",""price_e4"":7100}",REACH,"{""id"":""win"",""op"":""REACH"",""outcome"":""win"",""price_e4"":8500}",REACH,"{""id"":""loss"",""op"":""REACH"",""outcome"":""loss"",""price_e4"":4000}",HOLD_TO_SETTLEMENT,b530d65b28edd1535a76ec4046e518bc9de0bcfa836596c3227470a9a4d0a869,1.0.0,2026-09-15T01:30:56Z,1.0.0,1.0.0,1.0.0,2026-09-15T01:30:56Z,READY,351,182,139,0.566978,0.433022,1400,3100,0.451613,-501.709402,2d9a4d634a4a5508155a34c9ff097202c0d039e70a9a5b95665317d16af53f70,candle_path_not_fill,UNAVAILABLE,UNAVAILABLE,UNAVAILABLE,NOT_COMPUTABLE,UNAVAILABLE
path_bands,MONTE_CARLO,base_decomposition,mode_b_week_4_p75,18343.306126,usd,mode_b,superasi_bdebase_v1.1.0,grade_config_v1,2026-09-21T18:16:15Z,55d9a8bdcc4e4d82a222fd1bfb84fdbf,ATP CROSS 65 REACH 85 40 JUL 2025 ITI-05,e5cba21e206a859f465992e9705418339cee20e8e1cab2abbaa6eefe9bdbcbca,1ca7e1b4c022503dc39a4e6c3fd93a68123b280a28d7e3501b8f40d8e70e44fd,544af08020cf5cbc80434291e0f6b64f562c9ed0142f5ef5b1aeb6eaeee949ae,ATP CROSS 65 REACH 85 40 JUL 2025 ITI-05,ATP,ATP,2025-2026,2025-07-01,2025-07-31,"{""date_from"":""2025-07-01"",""date_to"":""2025-07-31"",""game_data"":[],""leagues"":[""ATP""],""market_data"":[""candles""],""markets"":[""kalshi""],""seasons"":[""2025-2026""],""sports"":[""ATP""]}",TRADABLE_YES_BID,1_MINUTE_CANDLE,available_at,CROSS,"{""id"":""e1"",""op"":""CROSS"",""price_e4"":7100}",REACH,"{""id"":""win"",""op"":""REACH"",""outcome"":""win"",""price_e4"":8500}",REACH,"{""id"":""loss"",""op"":""REACH"",""outcome"":""loss"",""price_e4"":4000}",HOLD_TO_SETTLEMENT,b530d65b28edd1535a76ec4046e518bc9de0bcfa836596c3227470a9a4d0a869,1.0.0,2026-09-15T01:30:56Z,1.0.0,1.0.0,1.0.0,2026-09-15T01:30:56Z,READY,351,182,139,0.566978,0.433022,1400,3100,0.451613,-501.709402,2d9a4d634a4a5508155a34c9ff097202c0d039e70a9a5b95665317d16af53f70,candle_path_not_fill,UNAVAILABLE,UNAVAILABLE,UNAVAILABLE,NOT_COMPUTABLE,UNAVAILABLE
path_bands,MONTE_CARLO,base_decomposition,mode_b_week_4_p95,20221.222956,usd,mode_b,superasi_bdebase_v1.1.0,grade_config_v1,2026-09-21T18:16:15Z,55d9a8bdcc4e4d82a222fd1bfb84fdbf,ATP CROSS 65 REACH 85 40 JUL 2025 ITI-05,e5cba21e206a859f465992e9705418339cee20e8e1cab2abbaa6eefe9bdbcbca,1ca7e1b4c022503dc39a4e6c3fd93a68123b280a28d7e3501b8f40d8e70e44fd,544af08020cf5cbc80434291e0f6b64f562c9ed0142f5ef5b1aeb6eaeee949ae,ATP CROSS 65 REACH 85 40 JUL 2025 ITI-05,ATP,ATP,2025-2026,2025-07-01,2025-07-31,"{""date_from"":""2025-07-01"",""date_to"":""2025-07-31"",""game_data"":[],""leagues"":[""ATP""],""market_data"":[""candles""],""markets"":[""kalshi""],""seasons"":[""2025-2026""],""sports"":[""ATP""]}",TRADABLE_YES_BID,1_MINUTE_CANDLE,available_at,CROSS,"{""id"":""e1"",""op"":""CROSS"",""price_e4"":7100}",REACH,"{""id"":""win"",""op"":""REACH"",""outcome"":""win"",""price_e4"":8500}",REACH,"{""id"":""loss"",""op"":""REACH"",""outcome"":""loss"",""price_e4"":4000}",HOLD_TO_SETTLEMENT,b530d65b28edd1535a76ec4046e518bc9de0bcfa836596c3227470a9a4d0a869,1.0.0,2026-09-15T01:30:56Z,1.0.0,1.0.0,1.0.0,2026-09-15T01:30:56Z,READY,351,182,139,0.566978,0.433022,1400,3100,0.451613,-501.709402,2d9a4d634a4a5508155a34c9ff097202c0d039e70a9a5b95665317d16af53f70,candle_path_not_fill,UNAVAILABLE,UNAVAILABLE,UNAVAILABLE,NOT_COMPUTABLE,UNAVAILABLE
path_bands,MONTE_CARLO,base_decomposition,mode_b_week_5_p5,13543.315716,usd,mode_b,superasi_bdebase_v1.1.0,grade_config_v1,2026-09-21T18:16:15Z,55d9a8bdcc4e4d82a222fd1bfb84fdbf,ATP CROSS 65 REACH 85 40 JUL 2025 ITI-05,e5cba21e206a859f465992e9705418339cee20e8e1cab2abbaa6eefe9bdbcbca,1ca7e1b4c022503dc39a4e6c3fd93a68123b280a28d7e3501b8f40d8e70e44fd,544af08020cf5cbc80434291e0f6b64f562c9ed0142f5ef5b1aeb6eaeee949ae,ATP CROSS 65 REACH 85 40 JUL 2025 ITI-05,ATP,ATP,2025-2026,2025-07-01,2025-07-31,"{""date_from"":""2025-07-01"",""date_to"":""2025-07-31"",""game_data"":[],""leagues"":[""ATP""],""market_data"":[""candles""],""markets"":[""kalshi""],""seasons"":[""2025-2026""],""sports"":[""ATP""]}",TRADABLE_YES_BID,1_MINUTE_CANDLE,available_at,CROSS,"{""id"":""e1"",""op"":""CROSS"",""price_e4"":7100}",REACH,"{""id"":""win"",""op"":""REACH"",""outcome"":""win"",""price_e4"":8500}",REACH,"{""id"":""loss"",""op"":""REACH"",""outcome"":""loss"",""price_e4"":4000}",HOLD_TO_SETTLEMENT,b530d65b28edd1535a76ec4046e518bc9de0bcfa836596c3227470a9a4d0a869,1.0.0,2026-09-15T01:30:56Z,1.0.0,1.0.0,1.0.0,2026-09-15T01:30:56Z,READY,351,182,139,0.566978,0.433022,1400,3100,0.451613,-501.709402,2d9a4d634a4a5508155a34c9ff097202c0d039e70a9a5b95665317d16af53f70,candle_path_not_fill,UNAVAILABLE,UNAVAILABLE,UNAVAILABLE,NOT_COMPUTABLE,UNAVAILABLE
path_bands,MONTE_CARLO,base_decomposition,mode_b_week_5_p25,15115.207285,usd,mode_b,superasi_bdebase_v1.1.0,grade_config_v1,2026-09-21T18:16:15Z,55d9a8bdcc4e4d82a222fd1bfb84fdbf,ATP CROSS 65 REACH 85 40 JUL 2025 ITI-05,e5cba21e206a859f465992e9705418339cee20e8e1cab2abbaa6eefe9bdbcbca,1ca7e1b4c022503dc39a4e6c3fd93a68123b280a28d7e3501b8f40d8e70e44fd,544af08020cf5cbc80434291e0f6b64f562c9ed0142f5ef5b1aeb6eaeee949ae,ATP CROSS 65 REACH 85 40 JUL 2025 ITI-05,ATP,ATP,2025-2026,2025-07-01,2025-07-31,"{""date_from"":""2025-07-01"",""date_to"":""2025-07-31"",""game_data"":[],""leagues"":[""ATP""],""market_data"":[""candles""],""markets"":[""kalshi""],""seasons"":[""2025-2026""],""sports"":[""ATP""]}",TRADABLE_YES_BID,1_MINUTE_CANDLE,available_at,CROSS,"{""id"":""e1"",""op"":""CROSS"",""price_e4"":7100}",REACH,"{""id"":""win"",""op"":""REACH"",""outcome"":""win"",""price_e4"":8500}",REACH,"{""id"":""loss"",""op"":""REACH"",""outcome"":""loss"",""price_e4"":4000}",HOLD_TO_SETTLEMENT,b530d65b28edd1535a76ec4046e518bc9de0bcfa836596c3227470a9a4d0a869,1.0.0,2026-09-15T01:30:56Z,1.0.0,1.0.0,1.0.0,2026-09-15T01:30:56Z,READY,351,182,139,0.566978,0.433022,1400,3100,0.451613,-501.709402,2d9a4d634a4a5508155a34c9ff097202c0d039e70a9a5b95665317d16af53f70,candle_path_not_fill,UNAVAILABLE,UNAVAILABLE,UNAVAILABLE,NOT_COMPUTABLE,UNAVAILABLE
path_bands,MONTE_CARLO,base_decomposition,mode_b_week_5_p50,16207.872872,usd,mode_b,superasi_bdebase_v1.1.0,grade_config_v1,2026-09-21T18:16:15Z,55d9a8bdcc4e4d82a222fd1bfb84fdbf,ATP CROSS 65 REACH 85 40 JUL 2025 ITI-05,e5cba21e206a859f465992e9705418339cee20e8e1cab2abbaa6eefe9bdbcbca,1ca7e1b4c022503dc39a4e6c3fd93a68123b280a28d7e3501b8f40d8e70e44fd,544af08020cf5cbc80434291e0f6b64f562c9ed0142f5ef5b1aeb6eaeee949ae,ATP CROSS 65 REACH 85 40 JUL 2025 ITI-05,ATP,ATP,2025-2026,2025-07-01,2025-07-31,"{""date_from"":""2025-07-01"",""date_to"":""2025-07-31"",""game_data"":[],""leagues"":[""ATP""],""market_data"":[""candles""],""markets"":[""kalshi""],""seasons"":[""2025-2026""],""sports"":[""ATP""]}",TRADABLE_YES_BID,1_MINUTE_CANDLE,available_at,CROSS,"{""id"":""e1"",""op"":""CROSS"",""price_e4"":7100}",REACH,"{""id"":""win"",""op"":""REACH"",""outcome"":""win"",""price_e4"":8500}",REACH,"{""id"":""loss"",""op"":""REACH"",""outcome"":""loss"",""price_e4"":4000}",HOLD_TO_SETTLEMENT,b530d65b28edd1535a76ec4046e518bc9de0bcfa836596c3227470a9a4d0a869,1.0.0,2026-09-15T01:30:56Z,1.0.0,1.0.0,1.0.0,2026-09-15T01:30:56Z,READY,351,182,139,0.566978,0.433022,1400,3100,0.451613,-501.709402,2d9a4d634a4a5508155a34c9ff097202c0d039e70a9a5b95665317d16af53f70,candle_path_not_fill,UNAVAILABLE,UNAVAILABLE,UNAVAILABLE,NOT_COMPUTABLE,UNAVAILABLE
path_bands,MONTE_CARLO,base_decomposition,mode_b_week_5_p75,17789.879469,usd,mode_b,superasi_bdebase_v1.1.0,grade_config_v1,2026-09-21T18:16:15Z,55d9a8bdcc4e4d82a222fd1bfb84fdbf,ATP CROSS 65 REACH 85 40 JUL 2025 ITI-05,e5cba21e206a859f465992e9705418339cee20e8e1cab2abbaa6eefe9bdbcbca,1ca7e1b4c022503dc39a4e6c3fd93a68123b280a28d7e3501b8f40d8e70e44fd,544af08020cf5cbc80434291e0f6b64f562c9ed0142f5ef5b1aeb6eaeee949ae,ATP CROSS 65 REACH 85 40 JUL 2025 ITI-05,ATP,ATP,2025-2026,2025-07-01,2025-07-31,"{""date_from"":""2025-07-01"",""date_to"":""2025-07-31"",""game_data"":[],""leagues"":[""ATP""],""market_data"":[""candles""],""markets"":[""kalshi""],""seasons"":[""2025-2026""],""sports"":[""ATP""]}",TRADABLE_YES_BID,1_MINUTE_CANDLE,available_at,CROSS,"{""id"":""e1"",""op"":""CROSS"",""price_e4"":7100}",REACH,"{""id"":""win"",""op"":""REACH"",""outcome"":""win"",""price_e4"":8500}",REACH,"{""id"":""loss"",""op"":""REACH"",""outcome"":""loss"",""price_e4"":4000}",HOLD_TO_SETTLEMENT,b530d65b28edd1535a76ec4046e518bc9de0bcfa836596c3227470a9a4d0a869,1.0.0,2026-09-15T01:30:56Z,1.0.0,1.0.0,1.0.0,2026-09-15T01:30:56Z,READY,351,182,139,0.566978,0.433022,1400,3100,0.451613,-501.709402,2d9a4d634a4a5508155a34c9ff097202c0d039e70a9a5b95665317d16af53f70,candle_path_not_fill,UNAVAILABLE,UNAVAILABLE,UNAVAILABLE,NOT_COMPUTABLE,UNAVAILABLE
path_bands,MONTE_CARLO,base_decomposition,mode_b_week_5_p95,19654.094059,usd,mode_b,superasi_bdebase_v1.1.0,grade_config_v1,2026-09-21T18:16:15Z,55d9a8bdcc4e4d82a222fd1bfb84fdbf,ATP CROSS 65 REACH 85 40 JUL 2025 ITI-05,e5cba21e206a859f465992e9705418339cee20e8e1cab2abbaa6eefe9bdbcbca,1ca7e1b4c022503dc39a4e6c3fd93a68123b280a28d7e3501b8f40d8e70e44fd,544af08020cf5cbc80434291e0f6b64f562c9ed0142f5ef5b1aeb6eaeee949ae,ATP CROSS 65 REACH 85 40 JUL 2025 ITI-05,ATP,ATP,2025-2026,2025-07-01,2025-07-31,"{""date_from"":""2025-07-01"",""date_to"":""2025-07-31"",""game_data"":[],""leagues"":[""ATP""],""market_data"":[""candles""],""markets"":[""kalshi""],""seasons"":[""2025-2026""],""sports"":[""ATP""]}",TRADABLE_YES_BID,1_MINUTE_CANDLE,available_at,CROSS,"{""id"":""e1"",""op"":""CROSS"",""price_e4"":7100}",REACH,"{""id"":""win"",""op"":""REACH"",""outcome"":""win"",""price_e4"":8500}",REACH,"{""id"":""loss"",""op"":""REACH"",""outcome"":""loss"",""price_e4"":4000}",HOLD_TO_SETTLEMENT,b530d65b28edd1535a76ec4046e518bc9de0bcfa836596c3227470a9a4d0a869,1.0.0,2026-09-15T01:30:56Z,1.0.0,1.0.0,1.0.0,2026-09-15T01:30:56Z,READY,351,182,139,0.566978,0.433022,1400,3100,0.451613,-501.709402,2d9a4d634a4a5508155a34c9ff097202c0d039e70a9a5b95665317d16af53f70,candle_path_not_fill,UNAVAILABLE,UNAVAILABLE,UNAVAILABLE,NOT_COMPUTABLE,UNAVAILABLE
path_bands,MONTE_CARLO,base_decomposition,mode_b_week_6_p5,12745.334311,usd,mode_b,superasi_bdebase_v1.1.0,grade_config_v1,2026-09-21T18:16:15Z,55d9a8bdcc4e4d82a222fd1bfb84fdbf,ATP CROSS 65 REACH 85 40 JUL 2025 ITI-05,e5cba21e206a859f465992e9705418339cee20e8e1cab2abbaa6eefe9bdbcbca,1ca7e1b4c022503dc39a4e6c3fd93a68123b280a28d7e3501b8f40d8e70e44fd,544af08020cf5cbc80434291e0f6b64f562c9ed0142f5ef5b1aeb6eaeee949ae,ATP CROSS 65 REACH 85 40 JUL 2025 ITI-05,ATP,ATP,2025-2026,2025-07-01,2025-07-31,"{""date_from"":""2025-07-01"",""date_to"":""2025-07-31"",""game_data"":[],""leagues"":[""ATP""],""market_data"":[""candles""],""markets"":[""kalshi""],""seasons"":[""2025-2026""],""sports"":[""ATP""]}",TRADABLE_YES_BID,1_MINUTE_CANDLE,available_at,CROSS,"{""id"":""e1"",""op"":""CROSS"",""price_e4"":7100}",REACH,"{""id"":""win"",""op"":""REACH"",""outcome"":""win"",""price_e4"":8500}",REACH,"{""id"":""loss"",""op"":""REACH"",""outcome"":""loss"",""price_e4"":4000}",HOLD_TO_SETTLEMENT,b530d65b28edd1535a76ec4046e518bc9de0bcfa836596c3227470a9a4d0a869,1.0.0,2026-09-15T01:30:56Z,1.0.0,1.0.0,1.0.0,2026-09-15T01:30:56Z,READY,351,182,139,0.566978,0.433022,1400,3100,0.451613,-501.709402,2d9a4d634a4a5508155a34c9ff097202c0d039e70a9a5b95665317d16af53f70,candle_path_not_fill,UNAVAILABLE,UNAVAILABLE,UNAVAILABLE,NOT_COMPUTABLE,UNAVAILABLE
path_bands,MONTE_CARLO,base_decomposition,mode_b_week_6_p25,14259.083413,usd,mode_b,superasi_bdebase_v1.1.0,grade_config_v1,2026-09-21T18:16:15Z,55d9a8bdcc4e4d82a222fd1bfb84fdbf,ATP CROSS 65 REACH 85 40 JUL 2025 ITI-05,e5cba21e206a859f465992e9705418339cee20e8e1cab2abbaa6eefe9bdbcbca,1ca7e1b4c022503dc39a4e6c3fd93a68123b280a28d7e3501b8f40d8e70e44fd,544af08020cf5cbc80434291e0f6b64f562c9ed0142f5ef5b1aeb6eaeee949ae,ATP CROSS 65 REACH 85 40 JUL 2025 ITI-05,ATP,ATP,2025-2026,2025-07-01,2025-07-31,"{""date_from"":""2025-07-01"",""date_to"":""2025-07-31"",""game_data"":[],""leagues"":[""ATP""],""market_data"":[""candles""],""markets"":[""kalshi""],""seasons"":[""2025-2026""],""sports"":[""ATP""]}",TRADABLE_YES_BID,1_MINUTE_CANDLE,available_at,CROSS,"{""id"":""e1"",""op"":""CROSS"",""price_e4"":7100}",REACH,"{""id"":""win"",""op"":""REACH"",""outcome"":""win"",""price_e4"":8500}",REACH,"{""id"":""loss"",""op"":""REACH"",""outcome"":""loss"",""price_e4"":4000}",HOLD_TO_SETTLEMENT,b530d65b28edd1535a76ec4046e518bc9de0bcfa836596c3227470a9a4d0a869,1.0.0,2026-09-15T01:30:56Z,1.0.0,1.0.0,1.0.0,2026-09-15T01:30:56Z,READY,351,182,139,0.566978,0.433022,1400,3100,0.451613,-501.709402,2d9a4d634a4a5508155a34c9ff097202c0d039e70a9a5b95665317d16af53f70,candle_path_not_fill,UNAVAILABLE,UNAVAILABLE,UNAVAILABLE,NOT_COMPUTABLE,UNAVAILABLE
path_bands,MONTE_CARLO,base_decomposition,mode_b_week_6_p50,15696.415657,usd,mode_b,superasi_bdebase_v1.1.0,grade_config_v1,2026-09-21T18:16:15Z,55d9a8bdcc4e4d82a222fd1bfb84fdbf,ATP CROSS 65 REACH 85 40 JUL 2025 ITI-05,e5cba21e206a859f465992e9705418339cee20e8e1cab2abbaa6eefe9bdbcbca,1ca7e1b4c022503dc39a4e6c3fd93a68123b280a28d7e3501b8f40d8e70e44fd,544af08020cf5cbc80434291e0f6b64f562c9ed0142f5ef5b1aeb6eaeee949ae,ATP CROSS 65 REACH 85 40 JUL 2025 ITI-05,ATP,ATP,2025-2026,2025-07-01,2025-07-31,"{""date_from"":""2025-07-01"",""date_to"":""2025-07-31"",""game_data"":[],""leagues"":[""ATP""],""market_data"":[""candles""],""markets"":[""kalshi""],""seasons"":[""2025-2026""],""sports"":[""ATP""]}",TRADABLE_YES_BID,1_MINUTE_CANDLE,available_at,CROSS,"{""id"":""e1"",""op"":""CROSS"",""price_e4"":7100}",REACH,"{""id"":""win"",""op"":""REACH"",""outcome"":""win"",""price_e4"":8500}",REACH,"{""id"":""loss"",""op"":""REACH"",""outcome"":""loss"",""price_e4"":4000}",HOLD_TO_SETTLEMENT,b530d65b28edd1535a76ec4046e518bc9de0bcfa836596c3227470a9a4d0a869,1.0.0,2026-09-15T01:30:56Z,1.0.0,1.0.0,1.0.0,2026-09-15T01:30:56Z,READY,351,182,139,0.566978,0.433022,1400,3100,0.451613,-501.709402,2d9a4d634a4a5508155a34c9ff097202c0d039e70a9a5b95665317d16af53f70,candle_path_not_fill,UNAVAILABLE,UNAVAILABLE,UNAVAILABLE,NOT_COMPUTABLE,UNAVAILABLE
path_bands,MONTE_CARLO,base_decomposition,mode_b_week_6_p75,17229.757568,usd,mode_b,superasi_bdebase_v1.1.0,grade_config_v1,2026-09-21T18:16:15Z,55d9a8bdcc4e4d82a222fd1bfb84fdbf,ATP CROSS 65 REACH 85 40 JUL 2025 ITI-05,e5cba21e206a859f465992e9705418339cee20e8e1cab2abbaa6eefe9bdbcbca,1ca7e1b4c022503dc39a4e6c3fd93a68123b280a28d7e3501b8f40d8e70e44fd,544af08020cf5cbc80434291e0f6b64f562c9ed0142f5ef5b1aeb6eaeee949ae,ATP CROSS 65 REACH 85 40 JUL 2025 ITI-05,ATP,ATP,2025-2026,2025-07-01,2025-07-31,"{""date_from"":""2025-07-01"",""date_to"":""2025-07-31"",""game_data"":[],""leagues"":[""ATP""],""market_data"":[""candles""],""markets"":[""kalshi""],""seasons"":[""2025-2026""],""sports"":[""ATP""]}",TRADABLE_YES_BID,1_MINUTE_CANDLE,available_at,CROSS,"{""id"":""e1"",""op"":""CROSS"",""price_e4"":7100}",REACH,"{""id"":""win"",""op"":""REACH"",""outcome"":""win"",""price_e4"":8500}",REACH,"{""id"":""loss"",""op"":""REACH"",""outcome"":""loss"",""price_e4"":4000}",HOLD_TO_SETTLEMENT,b530d65b28edd1535a76ec4046e518bc9de0bcfa836596c3227470a9a4d0a869,1.0.0,2026-09-15T01:30:56Z,1.0.0,1.0.0,1.0.0,2026-09-15T01:30:56Z,READY,351,182,139,0.566978,0.433022,1400,3100,0.451613,-501.709402,2d9a4d634a4a5508155a34c9ff097202c0d039e70a9a5b95665317d16af53f70,candle_path_not_fill,UNAVAILABLE,UNAVAILABLE,UNAVAILABLE,NOT_COMPUTABLE,UNAVAILABLE
path_bands,MONTE_CARLO,base_decomposition,mode_b_week_6_p95,19117.108686,usd,mode_b,superasi_bdebase_v1.1.0,grade_config_v1,2026-09-21T18:16:15Z,55d9a8bdcc4e4d82a222fd1bfb84fdbf,ATP CROSS 65 REACH 85 40 JUL 2025 ITI-05,e5cba21e206a859f465992e9705418339cee20e8e1cab2abbaa6eefe9bdbcbca,1ca7e1b4c022503dc39a4e6c3fd93a68123b280a28d7e3501b8f40d8e70e44fd,544af08020cf5cbc80434291e0f6b64f562c9ed0142f5ef5b1aeb6eaeee949ae,ATP CROSS 65 REACH 85 40 JUL 2025 ITI-05,ATP,ATP,2025-2026,2025-07-01,2025-07-31,"{""date_from"":""2025-07-01"",""date_to"":""2025-07-31"",""game_data"":[],""leagues"":[""ATP""],""market_data"":[""candles""],""markets"":[""kalshi""],""seasons"":[""2025-2026""],""sports"":[""ATP""]}",TRADABLE_YES_BID,1_MINUTE_CANDLE,available_at,CROSS,"{""id"":""e1"",""op"":""CROSS"",""price_e4"":7100}",REACH,"{""id"":""win"",""op"":""REACH"",""outcome"":""win"",""price_e4"":8500}",REACH,"{""id"":""loss"",""op"":""REACH"",""outcome"":""loss"",""price_e4"":4000}",HOLD_TO_SETTLEMENT,b530d65b28edd1535a76ec4046e518bc9de0bcfa836596c3227470a9a4d0a869,1.0.0,2026-09-15T01:30:56Z,1.0.0,1.0.0,1.0.0,2026-09-15T01:30:56Z,READY,351,182,139,0.566978,0.433022,1400,3100,0.451613,-501.709402,2d9a4d634a4a5508155a34c9ff097202c0d039e70a9a5b95665317d16af53f70,candle_path_not_fill,UNAVAILABLE,UNAVAILABLE,UNAVAILABLE,NOT_COMPUTABLE,UNAVAILABLE
path_bands,MONTE_CARLO,base_decomposition,mode_b_week_7_p5,11995.164152,usd,mode_b,superasi_bdebase_v1.1.0,grade_config_v1,2026-09-21T18:16:15Z,55d9a8bdcc4e4d82a222fd1bfb84fdbf,ATP CROSS 65 REACH 85 40 JUL 2025 ITI-05,e5cba21e206a859f465992e9705418339cee20e8e1cab2abbaa6eefe9bdbcbca,1ca7e1b4c022503dc39a4e6c3fd93a68123b280a28d7e3501b8f40d8e70e44fd,544af08020cf5cbc80434291e0f6b64f562c9ed0142f5ef5b1aeb6eaeee949ae,ATP CROSS 65 REACH 85 40 JUL 2025 ITI-05,ATP,ATP,2025-2026,2025-07-01,2025-07-31,"{""date_from"":""2025-07-01"",""date_to"":""2025-07-31"",""game_data"":[],""leagues"":[""ATP""],""market_data"":[""candles""],""markets"":[""kalshi""],""seasons"":[""2025-2026""],""sports"":[""ATP""]}",TRADABLE_YES_BID,1_MINUTE_CANDLE,available_at,CROSS,"{""id"":""e1"",""op"":""CROSS"",""price_e4"":7100}",REACH,"{""id"":""win"",""op"":""REACH"",""outcome"":""win"",""price_e4"":8500}",REACH,"{""id"":""loss"",""op"":""REACH"",""outcome"":""loss"",""price_e4"":4000}",HOLD_TO_SETTLEMENT,b530d65b28edd1535a76ec4046e518bc9de0bcfa836596c3227470a9a4d0a869,1.0.0,2026-09-15T01:30:56Z,1.0.0,1.0.0,1.0.0,2026-09-15T01:30:56Z,READY,351,182,139,0.566978,0.433022,1400,3100,0.451613,-501.709402,2d9a4d634a4a5508155a34c9ff097202c0d039e70a9a5b95665317d16af53f70,candle_path_not_fill,UNAVAILABLE,UNAVAILABLE,UNAVAILABLE,NOT_COMPUTABLE,UNAVAILABLE
path_bands,MONTE_CARLO,base_decomposition,mode_b_week_7_p25,13752.501838,usd,mode_b,superasi_bdebase_v1.1.0,grade_config_v1,2026-09-21T18:16:15Z,55d9a8bdcc4e4d82a222fd1bfb84fdbf,ATP CROSS 65 REACH 85 40 JUL 2025 ITI-05,e5cba21e206a859f465992e9705418339cee20e8e1cab2abbaa6eefe9bdbcbca,1ca7e1b4c022503dc39a4e6c3fd93a68123b280a28d7e3501b8f40d8e70e44fd,544af08020cf5cbc80434291e0f6b64f562c9ed0142f5ef5b1aeb6eaeee949ae,ATP CROSS 65 REACH 85 40 JUL 2025 ITI-05,ATP,ATP,2025-2026,2025-07-01,2025-07-31,"{""date_from"":""2025-07-01"",""date_to"":""2025-07-31"",""game_data"":[],""leagues"":[""ATP""],""market_data"":[""candles""],""markets"":[""kalshi""],""seasons"":[""2025-2026""],""sports"":[""ATP""]}",TRADABLE_YES_BID,1_MINUTE_CANDLE,available_at,CROSS,"{""id"":""e1"",""op"":""CROSS"",""price_e4"":7100}",REACH,"{""id"":""win"",""op"":""REACH"",""outcome"":""win"",""price_e4"":8500}",REACH,"{""id"":""loss"",""op"":""REACH"",""outcome"":""loss"",""price_e4"":4000}",HOLD_TO_SETTLEMENT,b530d65b28edd1535a76ec4046e518bc9de0bcfa836596c3227470a9a4d0a869,1.0.0,2026-09-15T01:30:56Z,1.0.0,1.0.0,1.0.0,2026-09-15T01:30:56Z,READY,351,182,139,0.566978,0.433022,1400,3100,0.451613,-501.709402,2d9a4d634a4a5508155a34c9ff097202c0d039e70a9a5b95665317d16af53f70,candle_path_not_fill,UNAVAILABLE,UNAVAILABLE,UNAVAILABLE,NOT_COMPUTABLE,UNAVAILABLE
path_bands,MONTE_CARLO,base_decomposition,mode_b_week_7_p50,15166.202924,usd,mode_b,superasi_bdebase_v1.1.0,grade_config_v1,2026-09-21T18:16:15Z,55d9a8bdcc4e4d82a222fd1bfb84fdbf,ATP CROSS 65 REACH 85 40 JUL 2025 ITI-05,e5cba21e206a859f465992e9705418339cee20e8e1cab2abbaa6eefe9bdbcbca,1ca7e1b4c022503dc39a4e6c3fd93a68123b280a28d7e3501b8f40d8e70e44fd,544af08020cf5cbc80434291e0f6b64f562c9ed0142f5ef5b1aeb6eaeee949ae,ATP CROSS 65 REACH 85 40 JUL 2025 ITI-05,ATP,ATP,2025-2026,2025-07-01,2025-07-31,"{""date_from"":""2025-07-01"",""date_to"":""2025-07-31"",""game_data"":[],""leagues"":[""ATP""],""market_data"":[""candles""],""markets"":[""kalshi""],""seasons"":[""2025-2026""],""sports"":[""ATP""]}",TRADABLE_YES_BID,1_MINUTE_CANDLE,available_at,CROSS,"{""id"":""e1"",""op"":""CROSS"",""price_e4"":7100}",REACH,"{""id"":""win"",""op"":""REACH"",""outcome"":""win"",""price_e4"":8500}",REACH,"{""id"":""loss"",""op"":""REACH"",""outcome"":""loss"",""price_e4"":4000}",HOLD_TO_SETTLEMENT,b530d65b28edd1535a76ec4046e518bc9de0bcfa836596c3227470a9a4d0a869,1.0.0,2026-09-15T01:30:56Z,1.0.0,1.0.0,1.0.0,2026-09-15T01:30:56Z,READY,351,182,139,0.566978,0.433022,1400,3100,0.451613,-501.709402,2d9a4d634a4a5508155a34c9ff097202c0d039e70a9a5b95665317d16af53f70,candle_path_not_fill,UNAVAILABLE,UNAVAILABLE,UNAVAILABLE,NOT_COMPUTABLE,UNAVAILABLE
path_bands,MONTE_CARLO,base_decomposition,mode_b_week_7_p75,16577.397090,usd,mode_b,superasi_bdebase_v1.1.0,grade_config_v1,2026-09-21T18:16:15Z,55d9a8bdcc4e4d82a222fd1bfb84fdbf,ATP CROSS 65 REACH 85 40 JUL 2025 ITI-05,e5cba21e206a859f465992e9705418339cee20e8e1cab2abbaa6eefe9bdbcbca,1ca7e1b4c022503dc39a4e6c3fd93a68123b280a28d7e3501b8f40d8e70e44fd,544af08020cf5cbc80434291e0f6b64f562c9ed0142f5ef5b1aeb6eaeee949ae,ATP CROSS 65 REACH 85 40 JUL 2025 ITI-05,ATP,ATP,2025-2026,2025-07-01,2025-07-31,"{""date_from"":""2025-07-01"",""date_to"":""2025-07-31"",""game_data"":[],""leagues"":[""ATP""],""market_data"":[""candles""],""markets"":[""kalshi""],""seasons"":[""2025-2026""],""sports"":[""ATP""]}",TRADABLE_YES_BID,1_MINUTE_CANDLE,available_at,CROSS,"{""id"":""e1"",""op"":""CROSS"",""price_e4"":7100}",REACH,"{""id"":""win"",""op"":""REACH"",""outcome"":""win"",""price_e4"":8500}",REACH,"{""id"":""loss"",""op"":""REACH"",""outcome"":""loss"",""price_e4"":4000}",HOLD_TO_SETTLEMENT,b530d65b28edd1535a76ec4046e518bc9de0bcfa836596c3227470a9a4d0a869,1.0.0,2026-09-15T01:30:56Z,1.0.0,1.0.0,1.0.0,2026-09-15T01:30:56Z,READY,351,182,139,0.566978,0.433022,1400,3100,0.451613,-501.709402,2d9a4d634a4a5508155a34c9ff097202c0d039e70a9a5b95665317d16af53f70,candle_path_not_fill,UNAVAILABLE,UNAVAILABLE,UNAVAILABLE,NOT_COMPUTABLE,UNAVAILABLE
path_bands,MONTE_CARLO,base_decomposition,mode_b_week_7_p95,18598.374737,usd,mode_b,superasi_bdebase_v1.1.0,grade_config_v1,2026-09-21T18:16:15Z,55d9a8bdcc4e4d82a222fd1bfb84fdbf,ATP CROSS 65 REACH 85 40 JUL 2025 ITI-05,e5cba21e206a859f465992e9705418339cee20e8e1cab2abbaa6eefe9bdbcbca,1ca7e1b4c022503dc39a4e6c3fd93a68123b280a28d7e3501b8f40d8e70e44fd,544af08020cf5cbc80434291e0f6b64f562c9ed0142f5ef5b1aeb6eaeee949ae,ATP CROSS 65 REACH 85 40 JUL 2025 ITI-05,ATP,ATP,2025-2026,2025-07-01,2025-07-31,"{""date_from"":""2025-07-01"",""date_to"":""2025-07-31"",""game_data"":[],""leagues"":[""ATP""],""market_data"":[""candles""],""markets"":[""kalshi""],""seasons"":[""2025-2026""],""sports"":[""ATP""]}",TRADABLE_YES_BID,1_MINUTE_CANDLE,available_at,CROSS,"{""id"":""e1"",""op"":""CROSS"",""price_e4"":7100}",REACH,"{""id"":""win"",""op"":""REACH"",""outcome"":""win"",""price_e4"":8500}",REACH,"{""id"":""loss"",""op"":""REACH"",""outcome"":""loss"",""price_e4"":4000}",HOLD_TO_SETTLEMENT,b530d65b28edd1535a76ec4046e518bc9de0bcfa836596c3227470a9a4d0a869,1.0.0,2026-09-15T01:30:56Z,1.0.0,1.0.0,1.0.0,2026-09-15T01:30:56Z,READY,351,182,139,0.566978,0.433022,1400,3100,0.451613,-501.709402,2d9a4d634a4a5508155a34c9ff097202c0d039e70a9a5b95665317d16af53f70,candle_path_not_fill,UNAVAILABLE,UNAVAILABLE,UNAVAILABLE,NOT_COMPUTABLE,UNAVAILABLE
path_bands,MONTE_CARLO,base_decomposition,mode_b_week_8_p5,11290.883345,usd,mode_b,superasi_bdebase_v1.1.0,grade_config_v1,2026-09-21T18:16:15Z,55d9a8bdcc4e4d82a222fd1bfb84fdbf,ATP CROSS 65 REACH 85 40 JUL 2025 ITI-05,e5cba21e206a859f465992e9705418339cee20e8e1cab2abbaa6eefe9bdbcbca,1ca7e1b4c022503dc39a4e6c3fd93a68123b280a28d7e3501b8f40d8e70e44fd,544af08020cf5cbc80434291e0f6b64f562c9ed0142f5ef5b1aeb6eaeee949ae,ATP CROSS 65 REACH 85 40 JUL 2025 ITI-05,ATP,ATP,2025-2026,2025-07-01,2025-07-31,"{""date_from"":""2025-07-01"",""date_to"":""2025-07-31"",""game_data"":[],""leagues"":[""ATP""],""market_data"":[""candles""],""markets"":[""kalshi""],""seasons"":[""2025-2026""],""sports"":[""ATP""]}",TRADABLE_YES_BID,1_MINUTE_CANDLE,available_at,CROSS,"{""id"":""e1"",""op"":""CROSS"",""price_e4"":7100}",REACH,"{""id"":""win"",""op"":""REACH"",""outcome"":""win"",""price_e4"":8500}",REACH,"{""id"":""loss"",""op"":""REACH"",""outcome"":""loss"",""price_e4"":4000}",HOLD_TO_SETTLEMENT,b530d65b28edd1535a76ec4046e518bc9de0bcfa836596c3227470a9a4d0a869,1.0.0,2026-09-15T01:30:56Z,1.0.0,1.0.0,1.0.0,2026-09-15T01:30:56Z,READY,351,182,139,0.566978,0.433022,1400,3100,0.451613,-501.709402,2d9a4d634a4a5508155a34c9ff097202c0d039e70a9a5b95665317d16af53f70,candle_path_not_fill,UNAVAILABLE,UNAVAILABLE,UNAVAILABLE,NOT_COMPUTABLE,UNAVAILABLE
path_bands,MONTE_CARLO,base_decomposition,mode_b_week_8_p25,12985.463406,usd,mode_b,superasi_bdebase_v1.1.0,grade_config_v1,2026-09-21T18:16:15Z,55d9a8bdcc4e4d82a222fd1bfb84fdbf,ATP CROSS 65 REACH 85 40 JUL 2025 ITI-05,e5cba21e206a859f465992e9705418339cee20e8e1cab2abbaa6eefe9bdbcbca,1ca7e1b4c022503dc39a4e6c3fd93a68123b280a28d7e3501b8f40d8e70e44fd,544af08020cf5cbc80434291e0f6b64f562c9ed0142f5ef5b1aeb6eaeee949ae,ATP CROSS 65 REACH 85 40 JUL 2025 ITI-05,ATP,ATP,2025-2026,2025-07-01,2025-07-31,"{""date_from"":""2025-07-01"",""date_to"":""2025-07-31"",""game_data"":[],""leagues"":[""ATP""],""market_data"":[""candles""],""markets"":[""kalshi""],""seasons"":[""2025-2026""],""sports"":[""ATP""]}",TRADABLE_YES_BID,1_MINUTE_CANDLE,available_at,CROSS,"{""id"":""e1"",""op"":""CROSS"",""price_e4"":7100}",REACH,"{""id"":""win"",""op"":""REACH"",""outcome"":""win"",""price_e4"":8500}",REACH,"{""id"":""loss"",""op"":""REACH"",""outcome"":""loss"",""price_e4"":4000}",HOLD_TO_SETTLEMENT,b530d65b28edd1535a76ec4046e518bc9de0bcfa836596c3227470a9a4d0a869,1.0.0,2026-09-15T01:30:56Z,1.0.0,1.0.0,1.0.0,2026-09-15T01:30:56Z,READY,351,182,139,0.566978,0.433022,1400,3100,0.451613,-501.709402,2d9a4d634a4a5508155a34c9ff097202c0d039e70a9a5b95665317d16af53f70,candle_path_not_fill,UNAVAILABLE,UNAVAILABLE,UNAVAILABLE,NOT_COMPUTABLE,UNAVAILABLE
path_bands,MONTE_CARLO,base_decomposition,mode_b_week_8_p50,14359.676282,usd,mode_b,superasi_bdebase_v1.1.0,grade_config_v1,2026-09-21T18:16:15Z,55d9a8bdcc4e4d82a222fd1bfb84fdbf,ATP CROSS 65 REACH 85 40 JUL 2025 ITI-05,e5cba21e206a859f465992e9705418339cee20e8e1cab2abbaa6eefe9bdbcbca,1ca7e1b4c022503dc39a4e6c3fd93a68123b280a28d7e3501b8f40d8e70e44fd,544af08020cf5cbc80434291e0f6b64f562c9ed0142f5ef5b1aeb6eaeee949ae,ATP CROSS 65 REACH 85 40 JUL 2025 ITI-05,ATP,ATP,2025-2026,2025-07-01,2025-07-31,"{""date_from"":""2025-07-01"",""date_to"":""2025-07-31"",""game_data"":[],""leagues"":[""ATP""],""market_data"":[""candles""],""markets"":[""kalshi""],""seasons"":[""2025-2026""],""sports"":[""ATP""]}",TRADABLE_YES_BID,1_MINUTE_CANDLE,available_at,CROSS,"{""id"":""e1"",""op"":""CROSS"",""price_e4"":7100}",REACH,"{""id"":""win"",""op"":""REACH"",""outcome"":""win"",""price_e4"":8500}",REACH,"{""id"":""loss"",""op"":""REACH"",""outcome"":""loss"",""price_e4"":4000}",HOLD_TO_SETTLEMENT,b530d65b28edd1535a76ec4046e518bc9de0bcfa836596c3227470a9a4d0a869,1.0.0,2026-09-15T01:30:56Z,1.0.0,1.0.0,1.0.0,2026-09-15T01:30:56Z,READY,351,182,139,0.566978,0.433022,1400,3100,0.451613,-501.709402,2d9a4d634a4a5508155a34c9ff097202c0d039e70a9a5b95665317d16af53f70,candle_path_not_fill,UNAVAILABLE,UNAVAILABLE,UNAVAILABLE,NOT_COMPUTABLE,UNAVAILABLE
path_bands,MONTE_CARLO,base_decomposition,mode_b_week_8_p75,15846.614610,usd,mode_b,superasi_bdebase_v1.1.0,grade_config_v1,2026-09-21T18:16:15Z,55d9a8bdcc4e4d82a222fd1bfb84fdbf,ATP CROSS 65 REACH 85 40 JUL 2025 ITI-05,e5cba21e206a859f465992e9705418339cee20e8e1cab2abbaa6eefe9bdbcbca,1ca7e1b4c022503dc39a4e6c3fd93a68123b280a28d7e3501b8f40d8e70e44fd,544af08020cf5cbc80434291e0f6b64f562c9ed0142f5ef5b1aeb6eaeee949ae,ATP CROSS 65 REACH 85 40 JUL 2025 ITI-05,ATP,ATP,2025-2026,2025-07-01,2025-07-31,"{""date_from"":""2025-07-01"",""date_to"":""2025-07-31"",""game_data"":[],""leagues"":[""ATP""],""market_data"":[""candles""],""markets"":[""kalshi""],""seasons"":[""2025-2026""],""sports"":[""ATP""]}",TRADABLE_YES_BID,1_MINUTE_CANDLE,available_at,CROSS,"{""id"":""e1"",""op"":""CROSS"",""price_e4"":7100}",REACH,"{""id"":""win"",""op"":""REACH"",""outcome"":""win"",""price_e4"":8500}",REACH,"{""id"":""loss"",""op"":""REACH"",""outcome"":""loss"",""price_e4"":4000}",HOLD_TO_SETTLEMENT,b530d65b28edd1535a76ec4046e518bc9de0bcfa836596c3227470a9a4d0a869,1.0.0,2026-09-15T01:30:56Z,1.0.0,1.0.0,1.0.0,2026-09-15T01:30:56Z,READY,351,182,139,0.566978,0.433022,1400,3100,0.451613,-501.709402,2d9a4d634a4a5508155a34c9ff097202c0d039e70a9a5b95665317d16af53f70,candle_path_not_fill,UNAVAILABLE,UNAVAILABLE,UNAVAILABLE,NOT_COMPUTABLE,UNAVAILABLE
path_bands,MONTE_CARLO,base_decomposition,mode_b_week_8_p95,18457.038088,usd,mode_b,superasi_bdebase_v1.1.0,grade_config_v1,2026-09-21T18:16:15Z,55d9a8bdcc4e4d82a222fd1bfb84fdbf,ATP CROSS 65 REACH 85 40 JUL 2025 ITI-05,e5cba21e206a859f465992e9705418339cee20e8e1cab2abbaa6eefe9bdbcbca,1ca7e1b4c022503dc39a4e6c3fd93a68123b280a28d7e3501b8f40d8e70e44fd,544af08020cf5cbc80434291e0f6b64f562c9ed0142f5ef5b1aeb6eaeee949ae,ATP CROSS 65 REACH 85 40 JUL 2025 ITI-05,ATP,ATP,2025-2026,2025-07-01,2025-07-31,"{""date_from"":""2025-07-01"",""date_to"":""2025-07-31"",""game_data"":[],""leagues"":[""ATP""],""market_data"":[""candles""],""markets"":[""kalshi""],""seasons"":[""2025-2026""],""sports"":[""ATP""]}",TRADABLE_YES_BID,1_MINUTE_CANDLE,available_at,CROSS,"{""id"":""e1"",""op"":""CROSS"",""price_e4"":7100}",REACH,"{""id"":""win"",""op"":""REACH"",""outcome"":""win"",""price_e4"":8500}",REACH,"{""id"":""loss"",""op"":""REACH"",""outcome"":""loss"",""price_e4"":4000}",HOLD_TO_SETTLEMENT,b530d65b28edd1535a76ec4046e518bc9de0bcfa836596c3227470a9a4d0a869,1.0.0,2026-09-15T01:30:56Z,1.0.0,1.0.0,1.0.0,2026-09-15T01:30:56Z,READY,351,182,139,0.566978,0.433022,1400,3100,0.451613,-501.709402,2d9a4d634a4a5508155a34c9ff097202c0d039e70a9a5b95665317d16af53f70,candle_path_not_fill,UNAVAILABLE,UNAVAILABLE,UNAVAILABLE,NOT_COMPUTABLE,UNAVAILABLE
path_bands,MONTE_CARLO,base_decomposition,mode_b_week_9_p5,10630.540562,usd,mode_b,superasi_bdebase_v1.1.0,grade_config_v1,2026-09-21T18:16:15Z,55d9a8bdcc4e4d82a222fd1bfb84fdbf,ATP CROSS 65 REACH 85 40 JUL 2025 ITI-05,e5cba21e206a859f465992e9705418339cee20e8e1cab2abbaa6eefe9bdbcbca,1ca7e1b4c022503dc39a4e6c3fd93a68123b280a28d7e3501b8f40d8e70e44fd,544af08020cf5cbc80434291e0f6b64f562c9ed0142f5ef5b1aeb6eaeee949ae,ATP CROSS 65 REACH 85 40 JUL 2025 ITI-05,ATP,ATP,2025-2026,2025-07-01,2025-07-31,"{""date_from"":""2025-07-01"",""date_to"":""2025-07-31"",""game_data"":[],""leagues"":[""ATP""],""market_data"":[""candles""],""markets"":[""kalshi""],""seasons"":[""2025-2026""],""sports"":[""ATP""]}",TRADABLE_YES_BID,1_MINUTE_CANDLE,available_at,CROSS,"{""id"":""e1"",""op"":""CROSS"",""price_e4"":7100}",REACH,"{""id"":""win"",""op"":""REACH"",""outcome"":""win"",""price_e4"":8500}",REACH,"{""id"":""loss"",""op"":""REACH"",""outcome"":""loss"",""price_e4"":4000}",HOLD_TO_SETTLEMENT,b530d65b28edd1535a76ec4046e518bc9de0bcfa836596c3227470a9a4d0a869,1.0.0,2026-09-15T01:30:56Z,1.0.0,1.0.0,1.0.0,2026-09-15T01:30:56Z,READY,351,182,139,0.566978,0.433022,1400,3100,0.451613,-501.709402,2d9a4d634a4a5508155a34c9ff097202c0d039e70a9a5b95665317d16af53f70,candle_path_not_fill,UNAVAILABLE,UNAVAILABLE,UNAVAILABLE,NOT_COMPUTABLE,UNAVAILABLE
path_bands,MONTE_CARLO,base_decomposition,mode_b_week_9_p25,12529.727824,usd,mode_b,superasi_bdebase_v1.1.0,grade_config_v1,2026-09-21T18:16:15Z,55d9a8bdcc4e4d82a222fd1bfb84fdbf,ATP CROSS 65 REACH 85 40 JUL 2025 ITI-05,e5cba21e206a859f465992e9705418339cee20e8e1cab2abbaa6eefe9bdbcbca,1ca7e1b4c022503dc39a4e6c3fd93a68123b280a28d7e3501b8f40d8e70e44fd,544af08020cf5cbc80434291e0f6b64f562c9ed0142f5ef5b1aeb6eaeee949ae,ATP CROSS 65 REACH 85 40 JUL 2025 ITI-05,ATP,ATP,2025-2026,2025-07-01,2025-07-31,"{""date_from"":""2025-07-01"",""date_to"":""2025-07-31"",""game_data"":[],""leagues"":[""ATP""],""market_data"":[""candles""],""markets"":[""kalshi""],""seasons"":[""2025-2026""],""sports"":[""ATP""]}",TRADABLE_YES_BID,1_MINUTE_CANDLE,available_at,CROSS,"{""id"":""e1"",""op"":""CROSS"",""price_e4"":7100}",REACH,"{""id"":""win"",""op"":""REACH"",""outcome"":""win"",""price_e4"":8500}",REACH,"{""id"":""loss"",""op"":""REACH"",""outcome"":""loss"",""price_e4"":4000}",HOLD_TO_SETTLEMENT,b530d65b28edd1535a76ec4046e518bc9de0bcfa836596c3227470a9a4d0a869,1.0.0,2026-09-15T01:30:56Z,1.0.0,1.0.0,1.0.0,2026-09-15T01:30:56Z,READY,351,182,139,0.566978,0.433022,1400,3100,0.451613,-501.709402,2d9a4d634a4a5508155a34c9ff097202c0d039e70a9a5b95665317d16af53f70,candle_path_not_fill,UNAVAILABLE,UNAVAILABLE,UNAVAILABLE,NOT_COMPUTABLE,UNAVAILABLE
path_bands,MONTE_CARLO,base_decomposition,mode_b_week_9_p50,13880.033971,usd,mode_b,superasi_bdebase_v1.1.0,grade_config_v1,2026-09-21T18:16:15Z,55d9a8bdcc4e4d82a222fd1bfb84fdbf,ATP CROSS 65 REACH 85 40 JUL 2025 ITI-05,e5cba21e206a859f465992e9705418339cee20e8e1cab2abbaa6eefe9bdbcbca,1ca7e1b4c022503dc39a4e6c3fd93a68123b280a28d7e3501b8f40d8e70e44fd,544af08020cf5cbc80434291e0f6b64f562c9ed0142f5ef5b1aeb6eaeee949ae,ATP CROSS 65 REACH 85 40 JUL 2025 ITI-05,ATP,ATP,2025-2026,2025-07-01,2025-07-31,"{""date_from"":""2025-07-01"",""date_to"":""2025-07-31"",""game_data"":[],""leagues"":[""ATP""],""market_data"":[""candles""],""markets"":[""kalshi""],""seasons"":[""2025-2026""],""sports"":[""ATP""]}",TRADABLE_YES_BID,1_MINUTE_CANDLE,available_at,CROSS,"{""id"":""e1"",""op"":""CROSS"",""price_e4"":7100}",REACH,"{""id"":""win"",""op"":""REACH"",""outcome"":""win"",""price_e4"":8500}",REACH,"{""id"":""loss"",""op"":""REACH"",""outcome"":""loss"",""price_e4"":4000}",HOLD_TO_SETTLEMENT,b530d65b28edd1535a76ec4046e518bc9de0bcfa836596c3227470a9a4d0a869,1.0.0,2026-09-15T01:30:56Z,1.0.0,1.0.0,1.0.0,2026-09-15T01:30:56Z,READY,351,182,139,0.566978,0.433022,1400,3100,0.451613,-501.709402,2d9a4d634a4a5508155a34c9ff097202c0d039e70a9a5b95665317d16af53f70,candle_path_not_fill,UNAVAILABLE,UNAVAILABLE,UNAVAILABLE,NOT_COMPUTABLE,UNAVAILABLE
path_bands,MONTE_CARLO,base_decomposition,mode_b_week_9_p75,15364.238262,usd,mode_b,superasi_bdebase_v1.1.0,grade_config_v1,2026-09-21T18:16:15Z,55d9a8bdcc4e4d82a222fd1bfb84fdbf,ATP CROSS 65 REACH 85 40 JUL 2025 ITI-05,e5cba21e206a859f465992e9705418339cee20e8e1cab2abbaa6eefe9bdbcbca,1ca7e1b4c022503dc39a4e6c3fd93a68123b280a28d7e3501b8f40d8e70e44fd,544af08020cf5cbc80434291e0f6b64f562c9ed0142f5ef5b1aeb6eaeee949ae,ATP CROSS 65 REACH 85 40 JUL 2025 ITI-05,ATP,ATP,2025-2026,2025-07-01,2025-07-31,"{""date_from"":""2025-07-01"",""date_to"":""2025-07-31"",""game_data"":[],""leagues"":[""ATP""],""market_data"":[""candles""],""markets"":[""kalshi""],""seasons"":[""2025-2026""],""sports"":[""ATP""]}",TRADABLE_YES_BID,1_MINUTE_CANDLE,available_at,CROSS,"{""id"":""e1"",""op"":""CROSS"",""price_e4"":7100}",REACH,"{""id"":""win"",""op"":""REACH"",""outcome"":""win"",""price_e4"":8500}",REACH,"{""id"":""loss"",""op"":""REACH"",""outcome"":""loss"",""price_e4"":4000}",HOLD_TO_SETTLEMENT,b530d65b28edd1535a76ec4046e518bc9de0bcfa836596c3227470a9a4d0a869,1.0.0,2026-09-15T01:30:56Z,1.0.0,1.0.0,1.0.0,2026-09-15T01:30:56Z,READY,351,182,139,0.566978,0.433022,1400,3100,0.451613,-501.709402,2d9a4d634a4a5508155a34c9ff097202c0d039e70a9a5b95665317d16af53f70,candle_path_not_fill,UNAVAILABLE,UNAVAILABLE,UNAVAILABLE,NOT_COMPUTABLE,UNAVAILABLE
path_bands,MONTE_CARLO,base_decomposition,mode_b_week_9_p95,17949.725898,usd,mode_b,superasi_bdebase_v1.1.0,grade_config_v1,2026-09-21T18:16:15Z,55d9a8bdcc4e4d82a222fd1bfb84fdbf,ATP CROSS 65 REACH 85 40 JUL 2025 ITI-05,e5cba21e206a859f465992e9705418339cee20e8e1cab2abbaa6eefe9bdbcbca,1ca7e1b4c022503dc39a4e6c3fd93a68123b280a28d7e3501b8f40d8e70e44fd,544af08020cf5cbc80434291e0f6b64f562c9ed0142f5ef5b1aeb6eaeee949ae,ATP CROSS 65 REACH 85 40 JUL 2025 ITI-05,ATP,ATP,2025-2026,2025-07-01,2025-07-31,"{""date_from"":""2025-07-01"",""date_to"":""2025-07-31"",""game_data"":[],""leagues"":[""ATP""],""market_data"":[""candles""],""markets"":[""kalshi""],""seasons"":[""2025-2026""],""sports"":[""ATP""]}",TRADABLE_YES_BID,1_MINUTE_CANDLE,available_at,CROSS,"{""id"":""e1"",""op"":""CROSS"",""price_e4"":7100}",REACH,"{""id"":""win"",""op"":""REACH"",""outcome"":""win"",""price_e4"":8500}",REACH,"{""id"":""loss"",""op"":""REACH"",""outcome"":""loss"",""price_e4"":4000}",HOLD_TO_SETTLEMENT,b530d65b28edd1535a76ec4046e518bc9de0bcfa836596c3227470a9a4d0a869,1.0.0,2026-09-15T01:30:56Z,1.0.0,1.0.0,1.0.0,2026-09-15T01:30:56Z,READY,351,182,139,0.566978,0.433022,1400,3100,0.451613,-501.709402,2d9a4d634a4a5508155a34c9ff097202c0d039e70a9a5b95665317d16af53f70,candle_path_not_fill,UNAVAILABLE,UNAVAILABLE,UNAVAILABLE,NOT_COMPUTABLE,UNAVAILABLE
path_bands,MONTE_CARLO,base_decomposition,mode_b_week_10_p5,10026.886304,usd,mode_b,superasi_bdebase_v1.1.0,grade_config_v1,2026-09-21T18:16:15Z,55d9a8bdcc4e4d82a222fd1bfb84fdbf,ATP CROSS 65 REACH 85 40 JUL 2025 ITI-05,e5cba21e206a859f465992e9705418339cee20e8e1cab2abbaa6eefe9bdbcbca,1ca7e1b4c022503dc39a4e6c3fd93a68123b280a28d7e3501b8f40d8e70e44fd,544af08020cf5cbc80434291e0f6b64f562c9ed0142f5ef5b1aeb6eaeee949ae,ATP CROSS 65 REACH 85 40 JUL 2025 ITI-05,ATP,ATP,2025-2026,2025-07-01,2025-07-31,"{""date_from"":""2025-07-01"",""date_to"":""2025-07-31"",""game_data"":[],""leagues"":[""ATP""],""market_data"":[""candles""],""markets"":[""kalshi""],""seasons"":[""2025-2026""],""sports"":[""ATP""]}",TRADABLE_YES_BID,1_MINUTE_CANDLE,available_at,CROSS,"{""id"":""e1"",""op"":""CROSS"",""price_e4"":7100}",REACH,"{""id"":""win"",""op"":""REACH"",""outcome"":""win"",""price_e4"":8500}",REACH,"{""id"":""loss"",""op"":""REACH"",""outcome"":""loss"",""price_e4"":4000}",HOLD_TO_SETTLEMENT,b530d65b28edd1535a76ec4046e518bc9de0bcfa836596c3227470a9a4d0a869,1.0.0,2026-09-15T01:30:56Z,1.0.0,1.0.0,1.0.0,2026-09-15T01:30:56Z,READY,351,182,139,0.566978,0.433022,1400,3100,0.451613,-501.709402,2d9a4d634a4a5508155a34c9ff097202c0d039e70a9a5b95665317d16af53f70,candle_path_not_fill,UNAVAILABLE,UNAVAILABLE,UNAVAILABLE,NOT_COMPUTABLE,UNAVAILABLE
path_bands,MONTE_CARLO,base_decomposition,mode_b_week_10_p25,11848.970565,usd,mode_b,superasi_bdebase_v1.1.0,grade_config_v1,2026-09-21T18:16:15Z,55d9a8bdcc4e4d82a222fd1bfb84fdbf,ATP CROSS 65 REACH 85 40 JUL 2025 ITI-05,e5cba21e206a859f465992e9705418339cee20e8e1cab2abbaa6eefe9bdbcbca,1ca7e1b4c022503dc39a4e6c3fd93a68123b280a28d7e3501b8f40d8e70e44fd,544af08020cf5cbc80434291e0f6b64f562c9ed0142f5ef5b1aeb6eaeee949ae,ATP CROSS 65 REACH 85 40 JUL 2025 ITI-05,ATP,ATP,2025-2026,2025-07-01,2025-07-31,"{""date_from"":""2025-07-01"",""date_to"":""2025-07-31"",""game_data"":[],""leagues"":[""ATP""],""market_data"":[""candles""],""markets"":[""kalshi""],""seasons"":[""2025-2026""],""sports"":[""ATP""]}",TRADABLE_YES_BID,1_MINUTE_CANDLE,available_at,CROSS,"{""id"":""e1"",""op"":""CROSS"",""price_e4"":7100}",REACH,"{""id"":""win"",""op"":""REACH"",""outcome"":""win"",""price_e4"":8500}",REACH,"{""id"":""loss"",""op"":""REACH"",""outcome"":""loss"",""price_e4"":4000}",HOLD_TO_SETTLEMENT,b530d65b28edd1535a76ec4046e518bc9de0bcfa836596c3227470a9a4d0a869,1.0.0,2026-09-15T01:30:56Z,1.0.0,1.0.0,1.0.0,2026-09-15T01:30:56Z,READY,351,182,139,0.566978,0.433022,1400,3100,0.451613,-501.709402,2d9a4d634a4a5508155a34c9ff097202c0d039e70a9a5b95665317d16af53f70,candle_path_not_fill,UNAVAILABLE,UNAVAILABLE,UNAVAILABLE,NOT_COMPUTABLE,UNAVAILABLE
path_bands,MONTE_CARLO,base_decomposition,mode_b_week_10_p50,13401.951203,usd,mode_b,superasi_bdebase_v1.1.0,grade_config_v1,2026-09-21T18:16:15Z,55d9a8bdcc4e4d82a222fd1bfb84fdbf,ATP CROSS 65 REACH 85 40 JUL 2025 ITI-05,e5cba21e206a859f465992e9705418339cee20e8e1cab2abbaa6eefe9bdbcbca,1ca7e1b4c022503dc39a4e6c3fd93a68123b280a28d7e3501b8f40d8e70e44fd,544af08020cf5cbc80434291e0f6b64f562c9ed0142f5ef5b1aeb6eaeee949ae,ATP CROSS 65 REACH 85 40 JUL 2025 ITI-05,ATP,ATP,2025-2026,2025-07-01,2025-07-31,"{""date_from"":""2025-07-01"",""date_to"":""2025-07-31"",""game_data"":[],""leagues"":[""ATP""],""market_data"":[""candles""],""markets"":[""kalshi""],""seasons"":[""2025-2026""],""sports"":[""ATP""]}",TRADABLE_YES_BID,1_MINUTE_CANDLE,available_at,CROSS,"{""id"":""e1"",""op"":""CROSS"",""price_e4"":7100}",REACH,"{""id"":""win"",""op"":""REACH"",""outcome"":""win"",""price_e4"":8500}",REACH,"{""id"":""loss"",""op"":""REACH"",""outcome"":""loss"",""price_e4"":4000}",HOLD_TO_SETTLEMENT,b530d65b28edd1535a76ec4046e518bc9de0bcfa836596c3227470a9a4d0a869,1.0.0,2026-09-15T01:30:56Z,1.0.0,1.0.0,1.0.0,2026-09-15T01:30:56Z,READY,351,182,139,0.566978,0.433022,1400,3100,0.451613,-501.709402,2d9a4d634a4a5508155a34c9ff097202c0d039e70a9a5b95665317d16af53f70,candle_path_not_fill,UNAVAILABLE,UNAVAILABLE,UNAVAILABLE,NOT_COMPUTABLE,UNAVAILABLE
path_bands,MONTE_CARLO,base_decomposition,mode_b_week_10_p75,14872.072776,usd,mode_b,superasi_bdebase_v1.1.0,grade_config_v1,2026-09-21T18:16:15Z,55d9a8bdcc4e4d82a222fd1bfb84fdbf,ATP CROSS 65 REACH 85 40 JUL 2025 ITI-05,e5cba21e206a859f465992e9705418339cee20e8e1cab2abbaa6eefe9bdbcbca,1ca7e1b4c022503dc39a4e6c3fd93a68123b280a28d7e3501b8f40d8e70e44fd,544af08020cf5cbc80434291e0f6b64f562c9ed0142f5ef5b1aeb6eaeee949ae,ATP CROSS 65 REACH 85 40 JUL 2025 ITI-05,ATP,ATP,2025-2026,2025-07-01,2025-07-31,"{""date_from"":""2025-07-01"",""date_to"":""2025-07-31"",""game_data"":[],""leagues"":[""ATP""],""market_data"":[""candles""],""markets"":[""kalshi""],""seasons"":[""2025-2026""],""sports"":[""ATP""]}",TRADABLE_YES_BID,1_MINUTE_CANDLE,available_at,CROSS,"{""id"":""e1"",""op"":""CROSS"",""price_e4"":7100}",REACH,"{""id"":""win"",""op"":""REACH"",""outcome"":""win"",""price_e4"":8500}",REACH,"{""id"":""loss"",""op"":""REACH"",""outcome"":""loss"",""price_e4"":4000}",HOLD_TO_SETTLEMENT,b530d65b28edd1535a76ec4046e518bc9de0bcfa836596c3227470a9a4d0a869,1.0.0,2026-09-15T01:30:56Z,1.0.0,1.0.0,1.0.0,2026-09-15T01:30:56Z,READY,351,182,139,0.566978,0.433022,1400,3100,0.451613,-501.709402,2d9a4d634a4a5508155a34c9ff097202c0d039e70a9a5b95665317d16af53f70,candle_path_not_fill,UNAVAILABLE,UNAVAILABLE,UNAVAILABLE,NOT_COMPUTABLE,UNAVAILABLE
path_bands,MONTE_CARLO,base_decomposition,mode_b_week_10_p95,17456.289632,usd,mode_b,superasi_bdebase_v1.1.0,grade_config_v1,2026-09-21T18:16:15Z,55d9a8bdcc4e4d82a222fd1bfb84fdbf,ATP CROSS 65 REACH 85 40 JUL 2025 ITI-05,e5cba21e206a859f465992e9705418339cee20e8e1cab2abbaa6eefe9bdbcbca,1ca7e1b4c022503dc39a4e6c3fd93a68123b280a28d7e3501b8f40d8e70e44fd,544af08020cf5cbc80434291e0f6b64f562c9ed0142f5ef5b1aeb6eaeee949ae,ATP CROSS 65 REACH 85 40 JUL 2025 ITI-05,ATP,ATP,2025-2026,2025-07-01,2025-07-31,"{""date_from"":""2025-07-01"",""date_to"":""2025-07-31"",""game_data"":[],""leagues"":[""ATP""],""market_data"":[""candles""],""markets"":[""kalshi""],""seasons"":[""2025-2026""],""sports"":[""ATP""]}",TRADABLE_YES_BID,1_MINUTE_CANDLE,available_at,CROSS,"{""id"":""e1"",""op"":""CROSS"",""price_e4"":7100}",REACH,"{""id"":""win"",""op"":""REACH"",""outcome"":""win"",""price_e4"":8500}",REACH,"{""id"":""loss"",""op"":""REACH"",""outcome"":""loss"",""price_e4"":4000}",HOLD_TO_SETTLEMENT,b530d65b28edd1535a76ec4046e518bc9de0bcfa836596c3227470a9a4d0a869,1.0.0,2026-09-15T01:30:56Z,1.0.0,1.0.0,1.0.0,2026-09-15T01:30:56Z,READY,351,182,139,0.566978,0.433022,1400,3100,0.451613,-501.709402,2d9a4d634a4a5508155a34c9ff097202c0d039e70a9a5b95665317d16af53f70,candle_path_not_fill,UNAVAILABLE,UNAVAILABLE,UNAVAILABLE,NOT_COMPUTABLE,UNAVAILABLE
path_bands,MONTE_CARLO,base_decomposition,mode_b_week_11_p5,9614.218870,usd,mode_b,superasi_bdebase_v1.1.0,grade_config_v1,2026-09-21T18:16:15Z,55d9a8bdcc4e4d82a222fd1bfb84fdbf,ATP CROSS 65 REACH 85 40 JUL 2025 ITI-05,e5cba21e206a859f465992e9705418339cee20e8e1cab2abbaa6eefe9bdbcbca,1ca7e1b4c022503dc39a4e6c3fd93a68123b280a28d7e3501b8f40d8e70e44fd,544af08020cf5cbc80434291e0f6b64f562c9ed0142f5ef5b1aeb6eaeee949ae,ATP CROSS 65 REACH 85 40 JUL 2025 ITI-05,ATP,ATP,2025-2026,2025-07-01,2025-07-31,"{""date_from"":""2025-07-01"",""date_to"":""2025-07-31"",""game_data"":[],""leagues"":[""ATP""],""market_data"":[""candles""],""markets"":[""kalshi""],""seasons"":[""2025-2026""],""sports"":[""ATP""]}",TRADABLE_YES_BID,1_MINUTE_CANDLE,available_at,CROSS,"{""id"":""e1"",""op"":""CROSS"",""price_e4"":7100}",REACH,"{""id"":""win"",""op"":""REACH"",""outcome"":""win"",""price_e4"":8500}",REACH,"{""id"":""loss"",""op"":""REACH"",""outcome"":""loss"",""price_e4"":4000}",HOLD_TO_SETTLEMENT,b530d65b28edd1535a76ec4046e518bc9de0bcfa836596c3227470a9a4d0a869,1.0.0,2026-09-15T01:30:56Z,1.0.0,1.0.0,1.0.0,2026-09-15T01:30:56Z,READY,351,182,139,0.566978,0.433022,1400,3100,0.451613,-501.709402,2d9a4d634a4a5508155a34c9ff097202c0d039e70a9a5b95665317d16af53f70,candle_path_not_fill,UNAVAILABLE,UNAVAILABLE,UNAVAILABLE,NOT_COMPUTABLE,UNAVAILABLE
path_bands,MONTE_CARLO,base_decomposition,mode_b_week_11_p25,11414.939425,usd,mode_b,superasi_bdebase_v1.1.0,grade_config_v1,2026-09-21T18:16:15Z,55d9a8bdcc4e4d82a222fd1bfb84fdbf,ATP CROSS 65 REACH 85 40 JUL 2025 ITI-05,e5cba21e206a859f465992e9705418339cee20e8e1cab2abbaa6eefe9bdbcbca,1ca7e1b4c022503dc39a4e6c3fd93a68123b280a28d7e3501b8f40d8e70e44fd,544af08020cf5cbc80434291e0f6b64f562c9ed0142f5ef5b1aeb6eaeee949ae,ATP CROSS 65 REACH 85 40 JUL 2025 ITI-05,ATP,ATP,2025-2026,2025-07-01,2025-07-31,"{""date_from"":""2025-07-01"",""date_to"":""2025-07-31"",""game_data"":[],""leagues"":[""ATP""],""market_data"":[""candles""],""markets"":[""kalshi""],""seasons"":[""2025-2026""],""sports"":[""ATP""]}",TRADABLE_YES_BID,1_MINUTE_CANDLE,available_at,CROSS,"{""id"":""e1"",""op"":""CROSS"",""price_e4"":7100}",REACH,"{""id"":""win"",""op"":""REACH"",""outcome"":""win"",""price_e4"":8500}",REACH,"{""id"":""loss"",""op"":""REACH"",""outcome"":""loss"",""price_e4"":4000}",HOLD_TO_SETTLEMENT,b530d65b28edd1535a76ec4046e518bc9de0bcfa836596c3227470a9a4d0a869,1.0.0,2026-09-15T01:30:56Z,1.0.0,1.0.0,1.0.0,2026-09-15T01:30:56Z,READY,351,182,139,0.566978,0.433022,1400,3100,0.451613,-501.709402,2d9a4d634a4a5508155a34c9ff097202c0d039e70a9a5b95665317d16af53f70,candle_path_not_fill,UNAVAILABLE,UNAVAILABLE,UNAVAILABLE,NOT_COMPUTABLE,UNAVAILABLE
path_bands,MONTE_CARLO,base_decomposition,mode_b_week_11_p50,12722.231015,usd,mode_b,superasi_bdebase_v1.1.0,grade_config_v1,2026-09-21T18:16:15Z,55d9a8bdcc4e4d82a222fd1bfb84fdbf,ATP CROSS 65 REACH 85 40 JUL 2025 ITI-05,e5cba21e206a859f465992e9705418339cee20e8e1cab2abbaa6eefe9bdbcbca,1ca7e1b4c022503dc39a4e6c3fd93a68123b280a28d7e3501b8f40d8e70e44fd,544af08020cf5cbc80434291e0f6b64f562c9ed0142f5ef5b1aeb6eaeee949ae,ATP CROSS 65 REACH 85 40 JUL 2025 ITI-05,ATP,ATP,2025-2026,2025-07-01,2025-07-31,"{""date_from"":""2025-07-01"",""date_to"":""2025-07-31"",""game_data"":[],""leagues"":[""ATP""],""market_data"":[""candles""],""markets"":[""kalshi""],""seasons"":[""2025-2026""],""sports"":[""ATP""]}",TRADABLE_YES_BID,1_MINUTE_CANDLE,available_at,CROSS,"{""id"":""e1"",""op"":""CROSS"",""price_e4"":7100}",REACH,"{""id"":""win"",""op"":""REACH"",""outcome"":""win"",""price_e4"":8500}",REACH,"{""id"":""loss"",""op"":""REACH"",""outcome"":""loss"",""price_e4"":4000}",HOLD_TO_SETTLEMENT,b530d65b28edd1535a76ec4046e518bc9de0bcfa836596c3227470a9a4d0a869,1.0.0,2026-09-15T01:30:56Z,1.0.0,1.0.0,1.0.0,2026-09-15T01:30:56Z,READY,351,182,139,0.566978,0.433022,1400,3100,0.451613,-501.709402,2d9a4d634a4a5508155a34c9ff097202c0d039e70a9a5b95665317d16af53f70,candle_path_not_fill,UNAVAILABLE,UNAVAILABLE,UNAVAILABLE,NOT_COMPUTABLE,UNAVAILABLE
path_bands,MONTE_CARLO,base_decomposition,mode_b_week_11_p75,14404.982395,usd,mode_b,superasi_bdebase_v1.1.0,grade_config_v1,2026-09-21T18:16:15Z,55d9a8bdcc4e4d82a222fd1bfb84fdbf,ATP CROSS 65 REACH 85 40 JUL 2025 ITI-05,e5cba21e206a859f465992e9705418339cee20e8e1cab2abbaa6eefe9bdbcbca,1ca7e1b4c022503dc39a4e6c3fd93a68123b280a28d7e3501b8f40d8e70e44fd,544af08020cf5cbc80434291e0f6b64f562c9ed0142f5ef5b1aeb6eaeee949ae,ATP CROSS 65 REACH 85 40 JUL 2025 ITI-05,ATP,ATP,2025-2026,2025-07-01,2025-07-31,"{""date_from"":""2025-07-01"",""date_to"":""2025-07-31"",""game_data"":[],""leagues"":[""ATP""],""market_data"":[""candles""],""markets"":[""kalshi""],""seasons"":[""2025-2026""],""sports"":[""ATP""]}",TRADABLE_YES_BID,1_MINUTE_CANDLE,available_at,CROSS,"{""id"":""e1"",""op"":""CROSS"",""price_e4"":7100}",REACH,"{""id"":""win"",""op"":""REACH"",""outcome"":""win"",""price_e4"":8500}",REACH,"{""id"":""loss"",""op"":""REACH"",""outcome"":""loss"",""price_e4"":4000}",HOLD_TO_SETTLEMENT,b530d65b28edd1535a76ec4046e518bc9de0bcfa836596c3227470a9a4d0a869,1.0.0,2026-09-15T01:30:56Z,1.0.0,1.0.0,1.0.0,2026-09-15T01:30:56Z,READY,351,182,139,0.566978,0.433022,1400,3100,0.451613,-501.709402,2d9a4d634a4a5508155a34c9ff097202c0d039e70a9a5b95665317d16af53f70,candle_path_not_fill,UNAVAILABLE,UNAVAILABLE,UNAVAILABLE,NOT_COMPUTABLE,UNAVAILABLE
path_bands,MONTE_CARLO,base_decomposition,mode_b_week_11_p95,16952.392719,usd,mode_b,superasi_bdebase_v1.1.0,grade_config_v1,2026-09-21T18:16:15Z,55d9a8bdcc4e4d82a222fd1bfb84fdbf,ATP CROSS 65 REACH 85 40 JUL 2025 ITI-05,e5cba21e206a859f465992e9705418339cee20e8e1cab2abbaa6eefe9bdbcbca,1ca7e1b4c022503dc39a4e6c3fd93a68123b280a28d7e3501b8f40d8e70e44fd,544af08020cf5cbc80434291e0f6b64f562c9ed0142f5ef5b1aeb6eaeee949ae,ATP CROSS 65 REACH 85 40 JUL 2025 ITI-05,ATP,ATP,2025-2026,2025-07-01,2025-07-31,"{""date_from"":""2025-07-01"",""date_to"":""2025-07-31"",""game_data"":[],""leagues"":[""ATP""],""market_data"":[""candles""],""markets"":[""kalshi""],""seasons"":[""2025-2026""],""sports"":[""ATP""]}",TRADABLE_YES_BID,1_MINUTE_CANDLE,available_at,CROSS,"{""id"":""e1"",""op"":""CROSS"",""price_e4"":7100}",REACH,"{""id"":""win"",""op"":""REACH"",""outcome"":""win"",""price_e4"":8500}",REACH,"{""id"":""loss"",""op"":""REACH"",""outcome"":""loss"",""price_e4"":4000}",HOLD_TO_SETTLEMENT,b530d65b28edd1535a76ec4046e518bc9de0bcfa836596c3227470a9a4d0a869,1.0.0,2026-09-15T01:30:56Z,1.0.0,1.0.0,1.0.0,2026-09-15T01:30:56Z,READY,351,182,139,0.566978,0.433022,1400,3100,0.451613,-501.709402,2d9a4d634a4a5508155a34c9ff097202c0d039e70a9a5b95665317d16af53f70,candle_path_not_fill,UNAVAILABLE,UNAVAILABLE,UNAVAILABLE,NOT_COMPUTABLE,UNAVAILABLE
path_bands,MONTE_CARLO,base_decomposition,mode_b_week_12_p5,9071.064764,usd,mode_b,superasi_bdebase_v1.1.0,grade_config_v1,2026-09-21T18:16:15Z,55d9a8bdcc4e4d82a222fd1bfb84fdbf,ATP CROSS 65 REACH 85 40 JUL 2025 ITI-05,e5cba21e206a859f465992e9705418339cee20e8e1cab2abbaa6eefe9bdbcbca,1ca7e1b4c022503dc39a4e6c3fd93a68123b280a28d7e3501b8f40d8e70e44fd,544af08020cf5cbc80434291e0f6b64f562c9ed0142f5ef5b1aeb6eaeee949ae,ATP CROSS 65 REACH 85 40 JUL 2025 ITI-05,ATP,ATP,2025-2026,2025-07-01,2025-07-31,"{""date_from"":""2025-07-01"",""date_to"":""2025-07-31"",""game_data"":[],""leagues"":[""ATP""],""market_data"":[""candles""],""markets"":[""kalshi""],""seasons"":[""2025-2026""],""sports"":[""ATP""]}",TRADABLE_YES_BID,1_MINUTE_CANDLE,available_at,CROSS,"{""id"":""e1"",""op"":""CROSS"",""price_e4"":7100}",REACH,"{""id"":""win"",""op"":""REACH"",""outcome"":""win"",""price_e4"":8500}",REACH,"{""id"":""loss"",""op"":""REACH"",""outcome"":""loss"",""price_e4"":4000}",HOLD_TO_SETTLEMENT,b530d65b28edd1535a76ec4046e518bc9de0bcfa836596c3227470a9a4d0a869,1.0.0,2026-09-15T01:30:56Z,1.0.0,1.0.0,1.0.0,2026-09-15T01:30:56Z,READY,351,182,139,0.566978,0.433022,1400,3100,0.451613,-501.709402,2d9a4d634a4a5508155a34c9ff097202c0d039e70a9a5b95665317d16af53f70,candle_path_not_fill,UNAVAILABLE,UNAVAILABLE,UNAVAILABLE,NOT_COMPUTABLE,UNAVAILABLE
path_bands,MONTE_CARLO,base_decomposition,mode_b_week_12_p25,10814.395321,usd,mode_b,superasi_bdebase_v1.1.0,grade_config_v1,2026-09-21T18:16:15Z,55d9a8bdcc4e4d82a222fd1bfb84fdbf,ATP CROSS 65 REACH 85 40 JUL 2025 ITI-05,e5cba21e206a859f465992e9705418339cee20e8e1cab2abbaa6eefe9bdbcbca,1ca7e1b4c022503dc39a4e6c3fd93a68123b280a28d7e3501b8f40d8e70e44fd,544af08020cf5cbc80434291e0f6b64f562c9ed0142f5ef5b1aeb6eaeee949ae,ATP CROSS 65 REACH 85 40 JUL 2025 ITI-05,ATP,ATP,2025-2026,2025-07-01,2025-07-31,"{""date_from"":""2025-07-01"",""date_to"":""2025-07-31"",""game_data"":[],""leagues"":[""ATP""],""market_data"":[""candles""],""markets"":[""kalshi""],""seasons"":[""2025-2026""],""sports"":[""ATP""]}",TRADABLE_YES_BID,1_MINUTE_CANDLE,available_at,CROSS,"{""id"":""e1"",""op"":""CROSS"",""price_e4"":7100}",REACH,"{""id"":""win"",""op"":""REACH"",""outcome"":""win"",""price_e4"":8500}",REACH,"{""id"":""loss"",""op"":""REACH"",""outcome"":""loss"",""price_e4"":4000}",HOLD_TO_SETTLEMENT,b530d65b28edd1535a76ec4046e518bc9de0bcfa836596c3227470a9a4d0a869,1.0.0,2026-09-15T01:30:56Z,1.0.0,1.0.0,1.0.0,2026-09-15T01:30:56Z,READY,351,182,139,0.566978,0.433022,1400,3100,0.451613,-501.709402,2d9a4d634a4a5508155a34c9ff097202c0d039e70a9a5b95665317d16af53f70,candle_path_not_fill,UNAVAILABLE,UNAVAILABLE,UNAVAILABLE,NOT_COMPUTABLE,UNAVAILABLE
path_bands,MONTE_CARLO,base_decomposition,mode_b_week_12_p50,12282.318453,usd,mode_b,superasi_bdebase_v1.1.0,grade_config_v1,2026-09-21T18:16:15Z,55d9a8bdcc4e4d82a222fd1bfb84fdbf,ATP CROSS 65 REACH 85 40 JUL 2025 ITI-05,e5cba21e206a859f465992e9705418339cee20e8e1cab2abbaa6eefe9bdbcbca,1ca7e1b4c022503dc39a4e6c3fd93a68123b280a28d7e3501b8f40d8e70e44fd,544af08020cf5cbc80434291e0f6b64f562c9ed0142f5ef5b1aeb6eaeee949ae,ATP CROSS 65 REACH 85 40 JUL 2025 ITI-05,ATP,ATP,2025-2026,2025-07-01,2025-07-31,"{""date_from"":""2025-07-01"",""date_to"":""2025-07-31"",""game_data"":[],""leagues"":[""ATP""],""market_data"":[""candles""],""markets"":[""kalshi""],""seasons"":[""2025-2026""],""sports"":[""ATP""]}",TRADABLE_YES_BID,1_MINUTE_CANDLE,available_at,CROSS,"{""id"":""e1"",""op"":""CROSS"",""price_e4"":7100}",REACH,"{""id"":""win"",""op"":""REACH"",""outcome"":""win"",""price_e4"":8500}",REACH,"{""id"":""loss"",""op"":""REACH"",""outcome"":""loss"",""price_e4"":4000}",HOLD_TO_SETTLEMENT,b530d65b28edd1535a76ec4046e518bc9de0bcfa836596c3227470a9a4d0a869,1.0.0,2026-09-15T01:30:56Z,1.0.0,1.0.0,1.0.0,2026-09-15T01:30:56Z,READY,351,182,139,0.566978,0.433022,1400,3100,0.451613,-501.709402,2d9a4d634a4a5508155a34c9ff097202c0d039e70a9a5b95665317d16af53f70,candle_path_not_fill,UNAVAILABLE,UNAVAILABLE,UNAVAILABLE,NOT_COMPUTABLE,UNAVAILABLE
path_bands,MONTE_CARLO,base_decomposition,mode_b_week_12_p75,13933.844132,usd,mode_b,superasi_bdebase_v1.1.0,grade_config_v1,2026-09-21T18:16:15Z,55d9a8bdcc4e4d82a222fd1bfb84fdbf,ATP CROSS 65 REACH 85 40 JUL 2025 ITI-05,e5cba21e206a859f465992e9705418339cee20e8e1cab2abbaa6eefe9bdbcbca,1ca7e1b4c022503dc39a4e6c3fd93a68123b280a28d7e3501b8f40d8e70e44fd,544af08020cf5cbc80434291e0f6b64f562c9ed0142f5ef5b1aeb6eaeee949ae,ATP CROSS 65 REACH 85 40 JUL 2025 ITI-05,ATP,ATP,2025-2026,2025-07-01,2025-07-31,"{""date_from"":""2025-07-01"",""date_to"":""2025-07-31"",""game_data"":[],""leagues"":[""ATP""],""market_data"":[""candles""],""markets"":[""kalshi""],""seasons"":[""2025-2026""],""sports"":[""ATP""]}",TRADABLE_YES_BID,1_MINUTE_CANDLE,available_at,CROSS,"{""id"":""e1"",""op"":""CROSS"",""price_e4"":7100}",REACH,"{""id"":""win"",""op"":""REACH"",""outcome"":""win"",""price_e4"":8500}",REACH,"{""id"":""loss"",""op"":""REACH"",""outcome"":""loss"",""price_e4"":4000}",HOLD_TO_SETTLEMENT,b530d65b28edd1535a76ec4046e518bc9de0bcfa836596c3227470a9a4d0a869,1.0.0,2026-09-15T01:30:56Z,1.0.0,1.0.0,1.0.0,2026-09-15T01:30:56Z,READY,351,182,139,0.566978,0.433022,1400,3100,0.451613,-501.709402,2d9a4d634a4a5508155a34c9ff097202c0d039e70a9a5b95665317d16af53f70,candle_path_not_fill,UNAVAILABLE,UNAVAILABLE,UNAVAILABLE,NOT_COMPUTABLE,UNAVAILABLE
path_bands,MONTE_CARLO,base_decomposition,mode_b_week_12_p95,16476.062800,usd,mode_b,superasi_bdebase_v1.1.0,grade_config_v1,2026-09-21T18:16:15Z,55d9a8bdcc4e4d82a222fd1bfb84fdbf,ATP CROSS 65 REACH 85 40 JUL 2025 ITI-05,e5cba21e206a859f465992e9705418339cee20e8e1cab2abbaa6eefe9bdbcbca,1ca7e1b4c022503dc39a4e6c3fd93a68123b280a28d7e3501b8f40d8e70e44fd,544af08020cf5cbc80434291e0f6b64f562c9ed0142f5ef5b1aeb6eaeee949ae,ATP CROSS 65 REACH 85 40 JUL 2025 ITI-05,ATP,ATP,2025-2026,2025-07-01,2025-07-31,"{""date_from"":""2025-07-01"",""date_to"":""2025-07-31"",""game_data"":[],""leagues"":[""ATP""],""market_data"":[""candles""],""markets"":[""kalshi""],""seasons"":[""2025-2026""],""sports"":[""ATP""]}",TRADABLE_YES_BID,1_MINUTE_CANDLE,available_at,CROSS,"{""id"":""e1"",""op"":""CROSS"",""price_e4"":7100}",REACH,"{""id"":""win"",""op"":""REACH"",""outcome"":""win"",""price_e4"":8500}",REACH,"{""id"":""loss"",""op"":""REACH"",""outcome"":""loss"",""price_e4"":4000}",HOLD_TO_SETTLEMENT,b530d65b28edd1535a76ec4046e518bc9de0bcfa836596c3227470a9a4d0a869,1.0.0,2026-09-15T01:30:56Z,1.0.0,1.0.0,1.0.0,2026-09-15T01:30:56Z,READY,351,182,139,0.566978,0.433022,1400,3100,0.451613,-501.709402,2d9a4d634a4a5508155a34c9ff097202c0d039e70a9a5b95665317d16af53f70,candle_path_not_fill,UNAVAILABLE,UNAVAILABLE,UNAVAILABLE,NOT_COMPUTABLE,UNAVAILABLE
path_bands,MONTE_CARLO,base_decomposition,mode_b_week_13_p5,8572.161561,usd,mode_b,superasi_bdebase_v1.1.0,grade_config_v1,2026-09-21T18:16:15Z,55d9a8bdcc4e4d82a222fd1bfb84fdbf,ATP CROSS 65 REACH 85 40 JUL 2025 ITI-05,e5cba21e206a859f465992e9705418339cee20e8e1cab2abbaa6eefe9bdbcbca,1ca7e1b4c022503dc39a4e6c3fd93a68123b280a28d7e3501b8f40d8e70e44fd,544af08020cf5cbc80434291e0f6b64f562c9ed0142f5ef5b1aeb6eaeee949ae,ATP CROSS 65 REACH 85 40 JUL 2025 ITI-05,ATP,ATP,2025-2026,2025-07-01,2025-07-31,"{""date_from"":""2025-07-01"",""date_to"":""2025-07-31"",""game_data"":[],""leagues"":[""ATP""],""market_data"":[""candles""],""markets"":[""kalshi""],""seasons"":[""2025-2026""],""sports"":[""ATP""]}",TRADABLE_YES_BID,1_MINUTE_CANDLE,available_at,CROSS,"{""id"":""e1"",""op"":""CROSS"",""price_e4"":7100}",REACH,"{""id"":""win"",""op"":""REACH"",""outcome"":""win"",""price_e4"":8500}",REACH,"{""id"":""loss"",""op"":""REACH"",""outcome"":""loss"",""price_e4"":4000}",HOLD_TO_SETTLEMENT,b530d65b28edd1535a76ec4046e518bc9de0bcfa836596c3227470a9a4d0a869,1.0.0,2026-09-15T01:30:56Z,1.0.0,1.0.0,1.0.0,2026-09-15T01:30:56Z,READY,351,182,139,0.566978,0.433022,1400,3100,0.451613,-501.709402,2d9a4d634a4a5508155a34c9ff097202c0d039e70a9a5b95665317d16af53f70,candle_path_not_fill,UNAVAILABLE,UNAVAILABLE,UNAVAILABLE,NOT_COMPUTABLE,UNAVAILABLE
path_bands,MONTE_CARLO,base_decomposition,mode_b_week_13_p25,10413.364621,usd,mode_b,superasi_bdebase_v1.1.0,grade_config_v1,2026-09-21T18:16:15Z,55d9a8bdcc4e4d82a222fd1bfb84fdbf,ATP CROSS 65 REACH 85 40 JUL 2025 ITI-05,e5cba21e206a859f465992e9705418339cee20e8e1cab2abbaa6eefe9bdbcbca,1ca7e1b4c022503dc39a4e6c3fd93a68123b280a28d7e3501b8f40d8e70e44fd,544af08020cf5cbc80434291e0f6b64f562c9ed0142f5ef5b1aeb6eaeee949ae,ATP CROSS 65 REACH 85 40 JUL 2025 ITI-05,ATP,ATP,2025-2026,2025-07-01,2025-07-31,"{""date_from"":""2025-07-01"",""date_to"":""2025-07-31"",""game_data"":[],""leagues"":[""ATP""],""market_data"":[""candles""],""markets"":[""kalshi""],""seasons"":[""2025-2026""],""sports"":[""ATP""]}",TRADABLE_YES_BID,1_MINUTE_CANDLE,available_at,CROSS,"{""id"":""e1"",""op"":""CROSS"",""price_e4"":7100}",REACH,"{""id"":""win"",""op"":""REACH"",""outcome"":""win"",""price_e4"":8500}",REACH,"{""id"":""loss"",""op"":""REACH"",""outcome"":""loss"",""price_e4"":4000}",HOLD_TO_SETTLEMENT,b530d65b28edd1535a76ec4046e518bc9de0bcfa836596c3227470a9a4d0a869,1.0.0,2026-09-15T01:30:56Z,1.0.0,1.0.0,1.0.0,2026-09-15T01:30:56Z,READY,351,182,139,0.566978,0.433022,1400,3100,0.451613,-501.709402,2d9a4d634a4a5508155a34c9ff097202c0d039e70a9a5b95665317d16af53f70,candle_path_not_fill,UNAVAILABLE,UNAVAILABLE,UNAVAILABLE,NOT_COMPUTABLE,UNAVAILABLE
path_bands,MONTE_CARLO,base_decomposition,mode_b_week_13_p50,11848.153836,usd,mode_b,superasi_bdebase_v1.1.0,grade_config_v1,2026-09-21T18:16:15Z,55d9a8bdcc4e4d82a222fd1bfb84fdbf,ATP CROSS 65 REACH 85 40 JUL 2025 ITI-05,e5cba21e206a859f465992e9705418339cee20e8e1cab2abbaa6eefe9bdbcbca,1ca7e1b4c022503dc39a4e6c3fd93a68123b280a28d7e3501b8f40d8e70e44fd,544af08020cf5cbc80434291e0f6b64f562c9ed0142f5ef5b1aeb6eaeee949ae,ATP CROSS 65 REACH 85 40 JUL 2025 ITI-05,ATP,ATP,2025-2026,2025-07-01,2025-07-31,"{""date_from"":""2025-07-01"",""date_to"":""2025-07-31"",""game_data"":[],""leagues"":[""ATP""],""market_data"":[""candles""],""markets"":[""kalshi""],""seasons"":[""2025-2026""],""sports"":[""ATP""]}",TRADABLE_YES_BID,1_MINUTE_CANDLE,available_at,CROSS,"{""id"":""e1"",""op"":""CROSS"",""price_e4"":7100}",REACH,"{""id"":""win"",""op"":""REACH"",""outcome"":""win"",""price_e4"":8500}",REACH,"{""id"":""loss"",""op"":""REACH"",""outcome"":""loss"",""price_e4"":4000}",HOLD_TO_SETTLEMENT,b530d65b28edd1535a76ec4046e518bc9de0bcfa836596c3227470a9a4d0a869,1.0.0,2026-09-15T01:30:56Z,1.0.0,1.0.0,1.0.0,2026-09-15T01:30:56Z,READY,351,182,139,0.566978,0.433022,1400,3100,0.451613,-501.709402,2d9a4d634a4a5508155a34c9ff097202c0d039e70a9a5b95665317d16af53f70,candle_path_not_fill,UNAVAILABLE,UNAVAILABLE,UNAVAILABLE,NOT_COMPUTABLE,UNAVAILABLE
path_bands,MONTE_CARLO,base_decomposition,mode_b_week_13_p75,13388.505410,usd,mode_b,superasi_bdebase_v1.1.0,grade_config_v1,2026-09-21T18:16:15Z,55d9a8bdcc4e4d82a222fd1bfb84fdbf,ATP CROSS 65 REACH 85 40 JUL 2025 ITI-05,e5cba21e206a859f465992e9705418339cee20e8e1cab2abbaa6eefe9bdbcbca,1ca7e1b4c022503dc39a4e6c3fd93a68123b280a28d7e3501b8f40d8e70e44fd,544af08020cf5cbc80434291e0f6b64f562c9ed0142f5ef5b1aeb6eaeee949ae,ATP CROSS 65 REACH 85 40 JUL 2025 ITI-05,ATP,ATP,2025-2026,2025-07-01,2025-07-31,"{""date_from"":""2025-07-01"",""date_to"":""2025-07-31"",""game_data"":[],""leagues"":[""ATP""],""market_data"":[""candles""],""markets"":[""kalshi""],""seasons"":[""2025-2026""],""sports"":[""ATP""]}",TRADABLE_YES_BID,1_MINUTE_CANDLE,available_at,CROSS,"{""id"":""e1"",""op"":""CROSS"",""price_e4"":7100}",REACH,"{""id"":""win"",""op"":""REACH"",""outcome"":""win"",""price_e4"":8500}",REACH,"{""id"":""loss"",""op"":""REACH"",""outcome"":""loss"",""price_e4"":4000}",HOLD_TO_SETTLEMENT,b530d65b28edd1535a76ec4046e518bc9de0bcfa836596c3227470a9a4d0a869,1.0.0,2026-09-15T01:30:56Z,1.0.0,1.0.0,1.0.0,2026-09-15T01:30:56Z,READY,351,182,139,0.566978,0.433022,1400,3100,0.451613,-501.709402,2d9a4d634a4a5508155a34c9ff097202c0d039e70a9a5b95665317d16af53f70,candle_path_not_fill,UNAVAILABLE,UNAVAILABLE,UNAVAILABLE,NOT_COMPUTABLE,UNAVAILABLE
path_bands,MONTE_CARLO,base_decomposition,mode_b_week_13_p95,15999.842904,usd,mode_b,superasi_bdebase_v1.1.0,grade_config_v1,2026-09-21T18:16:15Z,55d9a8bdcc4e4d82a222fd1bfb84fdbf,ATP CROSS 65 REACH 85 40 JUL 2025 ITI-05,e5cba21e206a859f465992e9705418339cee20e8e1cab2abbaa6eefe9bdbcbca,1ca7e1b4c022503dc39a4e6c3fd93a68123b280a28d7e3501b8f40d8e70e44fd,544af08020cf5cbc80434291e0f6b64f562c9ed0142f5ef5b1aeb6eaeee949ae,ATP CROSS 65 REACH 85 40 JUL 2025 ITI-05,ATP,ATP,2025-2026,2025-07-01,2025-07-31,"{""date_from"":""2025-07-01"",""date_to"":""2025-07-31"",""game_data"":[],""leagues"":[""ATP""],""market_data"":[""candles""],""markets"":[""kalshi""],""seasons"":[""2025-2026""],""sports"":[""ATP""]}",TRADABLE_YES_BID,1_MINUTE_CANDLE,available_at,CROSS,"{""id"":""e1"",""op"":""CROSS"",""price_e4"":7100}",REACH,"{""id"":""win"",""op"":""REACH"",""outcome"":""win"",""price_e4"":8500}",REACH,"{""id"":""loss"",""op"":""REACH"",""outcome"":""loss"",""price_e4"":4000}",HOLD_TO_SETTLEMENT,b530d65b28edd1535a76ec4046e518bc9de0bcfa836596c3227470a9a4d0a869,1.0.0,2026-09-15T01:30:56Z,1.0.0,1.0.0,1.0.0,2026-09-15T01:30:56Z,READY,351,182,139,0.566978,0.433022,1400,3100,0.451613,-501.709402,2d9a4d634a4a5508155a34c9ff097202c0d039e70a9a5b95665317d16af53f70,candle_path_not_fill,UNAVAILABLE,UNAVAILABLE,UNAVAILABLE,NOT_COMPUTABLE,UNAVAILABLE
path_bands,MONTE_CARLO,base_decomposition,mode_b_week_14_p5,8198.629853,usd,mode_b,superasi_bdebase_v1.1.0,grade_config_v1,2026-09-21T18:16:15Z,55d9a8bdcc4e4d82a222fd1bfb84fdbf,ATP CROSS 65 REACH 85 40 JUL 2025 ITI-05,e5cba21e206a859f465992e9705418339cee20e8e1cab2abbaa6eefe9bdbcbca,1ca7e1b4c022503dc39a4e6c3fd93a68123b280a28d7e3501b8f40d8e70e44fd,544af08020cf5cbc80434291e0f6b64f562c9ed0142f5ef5b1aeb6eaeee949ae,ATP CROSS 65 REACH 85 40 JUL 2025 ITI-05,ATP,ATP,2025-2026,2025-07-01,2025-07-31,"{""date_from"":""2025-07-01"",""date_to"":""2025-07-31"",""game_data"":[],""leagues"":[""ATP""],""market_data"":[""candles""],""markets"":[""kalshi""],""seasons"":[""2025-2026""],""sports"":[""ATP""]}",TRADABLE_YES_BID,1_MINUTE_CANDLE,available_at,CROSS,"{""id"":""e1"",""op"":""CROSS"",""price_e4"":7100}",REACH,"{""id"":""win"",""op"":""REACH"",""outcome"":""win"",""price_e4"":8500}",REACH,"{""id"":""loss"",""op"":""REACH"",""outcome"":""loss"",""price_e4"":4000}",HOLD_TO_SETTLEMENT,b530d65b28edd1535a76ec4046e518bc9de0bcfa836596c3227470a9a4d0a869,1.0.0,2026-09-15T01:30:56Z,1.0.0,1.0.0,1.0.0,2026-09-15T01:30:56Z,READY,351,182,139,0.566978,0.433022,1400,3100,0.451613,-501.709402,2d9a4d634a4a5508155a34c9ff097202c0d039e70a9a5b95665317d16af53f70,candle_path_not_fill,UNAVAILABLE,UNAVAILABLE,UNAVAILABLE,NOT_COMPUTABLE,UNAVAILABLE
path_bands,MONTE_CARLO,base_decomposition,mode_b_week_14_p25,9861.755364,usd,mode_b,superasi_bdebase_v1.1.0,grade_config_v1,2026-09-21T18:16:15Z,55d9a8bdcc4e4d82a222fd1bfb84fdbf,ATP CROSS 65 REACH 85 40 JUL 2025 ITI-05,e5cba21e206a859f465992e9705418339cee20e8e1cab2abbaa6eefe9bdbcbca,1ca7e1b4c022503dc39a4e6c3fd93a68123b280a28d7e3501b8f40d8e70e44fd,544af08020cf5cbc80434291e0f6b64f562c9ed0142f5ef5b1aeb6eaeee949ae,ATP CROSS 65 REACH 85 40 JUL 2025 ITI-05,ATP,ATP,2025-2026,2025-07-01,2025-07-31,"{""date_from"":""2025-07-01"",""date_to"":""2025-07-31"",""game_data"":[],""leagues"":[""ATP""],""market_data"":[""candles""],""markets"":[""kalshi""],""seasons"":[""2025-2026""],""sports"":[""ATP""]}",TRADABLE_YES_BID,1_MINUTE_CANDLE,available_at,CROSS,"{""id"":""e1"",""op"":""CROSS"",""price_e4"":7100}",REACH,"{""id"":""win"",""op"":""REACH"",""outcome"":""win"",""price_e4"":8500}",REACH,"{""id"":""loss"",""op"":""REACH"",""outcome"":""loss"",""price_e4"":4000}",HOLD_TO_SETTLEMENT,b530d65b28edd1535a76ec4046e518bc9de0bcfa836596c3227470a9a4d0a869,1.0.0,2026-09-15T01:30:56Z,1.0.0,1.0.0,1.0.0,2026-09-15T01:30:56Z,READY,351,182,139,0.566978,0.433022,1400,3100,0.451613,-501.709402,2d9a4d634a4a5508155a34c9ff097202c0d039e70a9a5b95665317d16af53f70,candle_path_not_fill,UNAVAILABLE,UNAVAILABLE,UNAVAILABLE,NOT_COMPUTABLE,UNAVAILABLE
path_bands,MONTE_CARLO,base_decomposition,mode_b_week_14_p50,11260.264647,usd,mode_b,superasi_bdebase_v1.1.0,grade_config_v1,2026-09-21T18:16:15Z,55d9a8bdcc4e4d82a222fd1bfb84fdbf,ATP CROSS 65 REACH 85 40 JUL 2025 ITI-05,e5cba21e206a859f465992e9705418339cee20e8e1cab2abbaa6eefe9bdbcbca,1ca7e1b4c022503dc39a4e6c3fd93a68123b280a28d7e3501b8f40d8e70e44fd,544af08020cf5cbc80434291e0f6b64f562c9ed0142f5ef5b1aeb6eaeee949ae,ATP CROSS 65 REACH 85 40 JUL 2025 ITI-05,ATP,ATP,2025-2026,2025-07-01,2025-07-31,"{""date_from"":""2025-07-01"",""date_to"":""2025-07-31"",""game_data"":[],""leagues"":[""ATP""],""market_data"":[""candles""],""markets"":[""kalshi""],""seasons"":[""2025-2026""],""sports"":[""ATP""]}",TRADABLE_YES_BID,1_MINUTE_CANDLE,available_at,CROSS,"{""id"":""e1"",""op"":""CROSS"",""price_e4"":7100}",REACH,"{""id"":""win"",""op"":""REACH"",""outcome"":""win"",""price_e4"":8500}",REACH,"{""id"":""loss"",""op"":""REACH"",""outcome"":""loss"",""price_e4"":4000}",HOLD_TO_SETTLEMENT,b530d65b28edd1535a76ec4046e518bc9de0bcfa836596c3227470a9a4d0a869,1.0.0,2026-09-15T01:30:56Z,1.0.0,1.0.0,1.0.0,2026-09-15T01:30:56Z,READY,351,182,139,0.566978,0.433022,1400,3100,0.451613,-501.709402,2d9a4d634a4a5508155a34c9ff097202c0d039e70a9a5b95665317d16af53f70,candle_path_not_fill,UNAVAILABLE,UNAVAILABLE,UNAVAILABLE,NOT_COMPUTABLE,UNAVAILABLE
path_bands,MONTE_CARLO,base_decomposition,mode_b_week_14_p75,12832.400755,usd,mode_b,superasi_bdebase_v1.1.0,grade_config_v1,2026-09-21T18:16:15Z,55d9a8bdcc4e4d82a222fd1bfb84fdbf,ATP CROSS 65 REACH 85 40 JUL 2025 ITI-05,e5cba21e206a859f465992e9705418339cee20e8e1cab2abbaa6eefe9bdbcbca,1ca7e1b4c022503dc39a4e6c3fd93a68123b280a28d7e3501b8f40d8e70e44fd,544af08020cf5cbc80434291e0f6b64f562c9ed0142f5ef5b1aeb6eaeee949ae,ATP CROSS 65 REACH 85 40 JUL 2025 ITI-05,ATP,ATP,2025-2026,2025-07-01,2025-07-31,"{""date_from"":""2025-07-01"",""date_to"":""2025-07-31"",""game_data"":[],""leagues"":[""ATP""],""market_data"":[""candles""],""markets"":[""kalshi""],""seasons"":[""2025-2026""],""sports"":[""ATP""]}",TRADABLE_YES_BID,1_MINUTE_CANDLE,available_at,CROSS,"{""id"":""e1"",""op"":""CROSS"",""price_e4"":7100}",REACH,"{""id"":""win"",""op"":""REACH"",""outcome"":""win"",""price_e4"":8500}",REACH,"{""id"":""loss"",""op"":""REACH"",""outcome"":""loss"",""price_e4"":4000}",HOLD_TO_SETTLEMENT,b530d65b28edd1535a76ec4046e518bc9de0bcfa836596c3227470a9a4d0a869,1.0.0,2026-09-15T01:30:56Z,1.0.0,1.0.0,1.0.0,2026-09-15T01:30:56Z,READY,351,182,139,0.566978,0.433022,1400,3100,0.451613,-501.709402,2d9a4d634a4a5508155a34c9ff097202c0d039e70a9a5b95665317d16af53f70,candle_path_not_fill,UNAVAILABLE,UNAVAILABLE,UNAVAILABLE,NOT_COMPUTABLE,UNAVAILABLE
path_bands,MONTE_CARLO,base_decomposition,mode_b_week_14_p95,15538.874418,usd,mode_b,superasi_bdebase_v1.1.0,grade_config_v1,2026-09-21T18:16:15Z,55d9a8bdcc4e4d82a222fd1bfb84fdbf,ATP CROSS 65 REACH 85 40 JUL 2025 ITI-05,e5cba21e206a859f465992e9705418339cee20e8e1cab2abbaa6eefe9bdbcbca,1ca7e1b4c022503dc39a4e6c3fd93a68123b280a28d7e3501b8f40d8e70e44fd,544af08020cf5cbc80434291e0f6b64f562c9ed0142f5ef5b1aeb6eaeee949ae,ATP CROSS 65 REACH 85 40 JUL 2025 ITI-05,ATP,ATP,2025-2026,2025-07-01,2025-07-31,"{""date_from"":""2025-07-01"",""date_to"":""2025-07-31"",""game_data"":[],""leagues"":[""ATP""],""market_data"":[""candles""],""markets"":[""kalshi""],""seasons"":[""2025-2026""],""sports"":[""ATP""]}",TRADABLE_YES_BID,1_MINUTE_CANDLE,available_at,CROSS,"{""id"":""e1"",""op"":""CROSS"",""price_e4"":7100}",REACH,"{""id"":""win"",""op"":""REACH"",""outcome"":""win"",""price_e4"":8500}",REACH,"{""id"":""loss"",""op"":""REACH"",""outcome"":""loss"",""price_e4"":4000}",HOLD_TO_SETTLEMENT,b530d65b28edd1535a76ec4046e518bc9de0bcfa836596c3227470a9a4d0a869,1.0.0,2026-09-15T01:30:56Z,1.0.0,1.0.0,1.0.0,2026-09-15T01:30:56Z,READY,351,182,139,0.566978,0.433022,1400,3100,0.451613,-501.709402,2d9a4d634a4a5508155a34c9ff097202c0d039e70a9a5b95665317d16af53f70,candle_path_not_fill,UNAVAILABLE,UNAVAILABLE,UNAVAILABLE,NOT_COMPUTABLE,UNAVAILABLE
path_bands,MONTE_CARLO,base_decomposition,mode_b_week_15_p5,7756.955300,usd,mode_b,superasi_bdebase_v1.1.0,grade_config_v1,2026-09-21T18:16:15Z,55d9a8bdcc4e4d82a222fd1bfb84fdbf,ATP CROSS 65 REACH 85 40 JUL 2025 ITI-05,e5cba21e206a859f465992e9705418339cee20e8e1cab2abbaa6eefe9bdbcbca,1ca7e1b4c022503dc39a4e6c3fd93a68123b280a28d7e3501b8f40d8e70e44fd,544af08020cf5cbc80434291e0f6b64f562c9ed0142f5ef5b1aeb6eaeee949ae,ATP CROSS 65 REACH 85 40 JUL 2025 ITI-05,ATP,ATP,2025-2026,2025-07-01,2025-07-31,"{""date_from"":""2025-07-01"",""date_to"":""2025-07-31"",""game_data"":[],""leagues"":[""ATP""],""market_data"":[""candles""],""markets"":[""kalshi""],""seasons"":[""2025-2026""],""sports"":[""ATP""]}",TRADABLE_YES_BID,1_MINUTE_CANDLE,available_at,CROSS,"{""id"":""e1"",""op"":""CROSS"",""price_e4"":7100}",REACH,"{""id"":""win"",""op"":""REACH"",""outcome"":""win"",""price_e4"":8500}",REACH,"{""id"":""loss"",""op"":""REACH"",""outcome"":""loss"",""price_e4"":4000}",HOLD_TO_SETTLEMENT,b530d65b28edd1535a76ec4046e518bc9de0bcfa836596c3227470a9a4d0a869,1.0.0,2026-09-15T01:30:56Z,1.0.0,1.0.0,1.0.0,2026-09-15T01:30:56Z,READY,351,182,139,0.566978,0.433022,1400,3100,0.451613,-501.709402,2d9a4d634a4a5508155a34c9ff097202c0d039e70a9a5b95665317d16af53f70,candle_path_not_fill,UNAVAILABLE,UNAVAILABLE,UNAVAILABLE,NOT_COMPUTABLE,UNAVAILABLE
path_bands,MONTE_CARLO,base_decomposition,mode_b_week_15_p25,9497.109070,usd,mode_b,superasi_bdebase_v1.1.0,grade_config_v1,2026-09-21T18:16:15Z,55d9a8bdcc4e4d82a222fd1bfb84fdbf,ATP CROSS 65 REACH 85 40 JUL 2025 ITI-05,e5cba21e206a859f465992e9705418339cee20e8e1cab2abbaa6eefe9bdbcbca,1ca7e1b4c022503dc39a4e6c3fd93a68123b280a28d7e3501b8f40d8e70e44fd,544af08020cf5cbc80434291e0f6b64f562c9ed0142f5ef5b1aeb6eaeee949ae,ATP CROSS 65 REACH 85 40 JUL 2025 ITI-05,ATP,ATP,2025-2026,2025-07-01,2025-07-31,"{""date_from"":""2025-07-01"",""date_to"":""2025-07-31"",""game_data"":[],""leagues"":[""ATP""],""market_data"":[""candles""],""markets"":[""kalshi""],""seasons"":[""2025-2026""],""sports"":[""ATP""]}",TRADABLE_YES_BID,1_MINUTE_CANDLE,available_at,CROSS,"{""id"":""e1"",""op"":""CROSS"",""price_e4"":7100}",REACH,"{""id"":""win"",""op"":""REACH"",""outcome"":""win"",""price_e4"":8500}",REACH,"{""id"":""loss"",""op"":""REACH"",""outcome"":""loss"",""price_e4"":4000}",HOLD_TO_SETTLEMENT,b530d65b28edd1535a76ec4046e518bc9de0bcfa836596c3227470a9a4d0a869,1.0.0,2026-09-15T01:30:56Z,1.0.0,1.0.0,1.0.0,2026-09-15T01:30:56Z,READY,351,182,139,0.566978,0.433022,1400,3100,0.451613,-501.709402,2d9a4d634a4a5508155a34c9ff097202c0d039e70a9a5b95665317d16af53f70,candle_path_not_fill,UNAVAILABLE,UNAVAILABLE,UNAVAILABLE,NOT_COMPUTABLE,UNAVAILABLE
path_bands,MONTE_CARLO,base_decomposition,mode_b_week_15_p50,10869.391875,usd,mode_b,superasi_bdebase_v1.1.0,grade_config_v1,2026-09-21T18:16:15Z,55d9a8bdcc4e4d82a222fd1bfb84fdbf,ATP CROSS 65 REACH 85 40 JUL 2025 ITI-05,e5cba21e206a859f465992e9705418339cee20e8e1cab2abbaa6eefe9bdbcbca,1ca7e1b4c022503dc39a4e6c3fd93a68123b280a28d7e3501b8f40d8e70e44fd,544af08020cf5cbc80434291e0f6b64f562c9ed0142f5ef5b1aeb6eaeee949ae,ATP CROSS 65 REACH 85 40 JUL 2025 ITI-05,ATP,ATP,2025-2026,2025-07-01,2025-07-31,"{""date_from"":""2025-07-01"",""date_to"":""2025-07-31"",""game_data"":[],""leagues"":[""ATP""],""market_data"":[""candles""],""markets"":[""kalshi""],""seasons"":[""2025-2026""],""sports"":[""ATP""]}",TRADABLE_YES_BID,1_MINUTE_CANDLE,available_at,CROSS,"{""id"":""e1"",""op"":""CROSS"",""price_e4"":7100}",REACH,"{""id"":""win"",""op"":""REACH"",""outcome"":""win"",""price_e4"":8500}",REACH,"{""id"":""loss"",""op"":""REACH"",""outcome"":""loss"",""price_e4"":4000}",HOLD_TO_SETTLEMENT,b530d65b28edd1535a76ec4046e518bc9de0bcfa836596c3227470a9a4d0a869,1.0.0,2026-09-15T01:30:56Z,1.0.0,1.0.0,1.0.0,2026-09-15T01:30:56Z,READY,351,182,139,0.566978,0.433022,1400,3100,0.451613,-501.709402,2d9a4d634a4a5508155a34c9ff097202c0d039e70a9a5b95665317d16af53f70,candle_path_not_fill,UNAVAILABLE,UNAVAILABLE,UNAVAILABLE,NOT_COMPUTABLE,UNAVAILABLE
path_bands,MONTE_CARLO,base_decomposition,mode_b_week_15_p75,12417.723109,usd,mode_b,superasi_bdebase_v1.1.0,grade_config_v1,2026-09-21T18:16:15Z,55d9a8bdcc4e4d82a222fd1bfb84fdbf,ATP CROSS 65 REACH 85 40 JUL 2025 ITI-05,e5cba21e206a859f465992e9705418339cee20e8e1cab2abbaa6eefe9bdbcbca,1ca7e1b4c022503dc39a4e6c3fd93a68123b280a28d7e3501b8f40d8e70e44fd,544af08020cf5cbc80434291e0f6b64f562c9ed0142f5ef5b1aeb6eaeee949ae,ATP CROSS 65 REACH 85 40 JUL 2025 ITI-05,ATP,ATP,2025-2026,2025-07-01,2025-07-31,"{""date_from"":""2025-07-01"",""date_to"":""2025-07-31"",""game_data"":[],""leagues"":[""ATP""],""market_data"":[""candles""],""markets"":[""kalshi""],""seasons"":[""2025-2026""],""sports"":[""ATP""]}",TRADABLE_YES_BID,1_MINUTE_CANDLE,available_at,CROSS,"{""id"":""e1"",""op"":""CROSS"",""price_e4"":7100}",REACH,"{""id"":""win"",""op"":""REACH"",""outcome"":""win"",""price_e4"":8500}",REACH,"{""id"":""loss"",""op"":""REACH"",""outcome"":""loss"",""price_e4"":4000}",HOLD_TO_SETTLEMENT,b530d65b28edd1535a76ec4046e518bc9de0bcfa836596c3227470a9a4d0a869,1.0.0,2026-09-15T01:30:56Z,1.0.0,1.0.0,1.0.0,2026-09-15T01:30:56Z,READY,351,182,139,0.566978,0.433022,1400,3100,0.451613,-501.709402,2d9a4d634a4a5508155a34c9ff097202c0d039e70a9a5b95665317d16af53f70,candle_path_not_fill,UNAVAILABLE,UNAVAILABLE,UNAVAILABLE,NOT_COMPUTABLE,UNAVAILABLE
path_bands,MONTE_CARLO,base_decomposition,mode_b_week_15_p95,15074.280063,usd,mode_b,superasi_bdebase_v1.1.0,grade_config_v1,2026-09-21T18:16:15Z,55d9a8bdcc4e4d82a222fd1bfb84fdbf,ATP CROSS 65 REACH 85 40 JUL 2025 ITI-05,e5cba21e206a859f465992e9705418339cee20e8e1cab2abbaa6eefe9bdbcbca,1ca7e1b4c022503dc39a4e6c3fd93a68123b280a28d7e3501b8f40d8e70e44fd,544af08020cf5cbc80434291e0f6b64f562c9ed0142f5ef5b1aeb6eaeee949ae,ATP CROSS 65 REACH 85 40 JUL 2025 ITI-05,ATP,ATP,2025-2026,2025-07-01,2025-07-31,"{""date_from"":""2025-07-01"",""date_to"":""2025-07-31"",""game_data"":[],""leagues"":[""ATP""],""market_data"":[""candles""],""markets"":[""kalshi""],""seasons"":[""2025-2026""],""sports"":[""ATP""]}",TRADABLE_YES_BID,1_MINUTE_CANDLE,available_at,CROSS,"{""id"":""e1"",""op"":""CROSS"",""price_e4"":7100}",REACH,"{""id"":""win"",""op"":""REACH"",""outcome"":""win"",""price_e4"":8500}",REACH,"{""id"":""loss"",""op"":""REACH"",""outcome"":""loss"",""price_e4"":4000}",HOLD_TO_SETTLEMENT,b530d65b28edd1535a76ec4046e518bc9de0bcfa836596c3227470a9a4d0a869,1.0.0,2026-09-15T01:30:56Z,1.0.0,1.0.0,1.0.0,2026-09-15T01:30:56Z,READY,351,182,139,0.566978,0.433022,1400,3100,0.451613,-501.709402,2d9a4d634a4a5508155a34c9ff097202c0d039e70a9a5b95665317d16af53f70,candle_path_not_fill,UNAVAILABLE,UNAVAILABLE,UNAVAILABLE,NOT_COMPUTABLE,UNAVAILABLE
path_bands,MONTE_CARLO,base_decomposition,mode_b_week_16_p5,7331.872419,usd,mode_b,superasi_bdebase_v1.1.0,grade_config_v1,2026-09-21T18:16:15Z,55d9a8bdcc4e4d82a222fd1bfb84fdbf,ATP CROSS 65 REACH 85 40 JUL 2025 ITI-05,e5cba21e206a859f465992e9705418339cee20e8e1cab2abbaa6eefe9bdbcbca,1ca7e1b4c022503dc39a4e6c3fd93a68123b280a28d7e3501b8f40d8e70e44fd,544af08020cf5cbc80434291e0f6b64f562c9ed0142f5ef5b1aeb6eaeee949ae,ATP CROSS 65 REACH 85 40 JUL 2025 ITI-05,ATP,ATP,2025-2026,2025-07-01,2025-07-31,"{""date_from"":""2025-07-01"",""date_to"":""2025-07-31"",""game_data"":[],""leagues"":[""ATP""],""market_data"":[""candles""],""markets"":[""kalshi""],""seasons"":[""2025-2026""],""sports"":[""ATP""]}",TRADABLE_YES_BID,1_MINUTE_CANDLE,available_at,CROSS,"{""id"":""e1"",""op"":""CROSS"",""price_e4"":7100}",REACH,"{""id"":""win"",""op"":""REACH"",""outcome"":""win"",""price_e4"":8500}",REACH,"{""id"":""loss"",""op"":""REACH"",""outcome"":""loss"",""price_e4"":4000}",HOLD_TO_SETTLEMENT,b530d65b28edd1535a76ec4046e518bc9de0bcfa836596c3227470a9a4d0a869,1.0.0,2026-09-15T01:30:56Z,1.0.0,1.0.0,1.0.0,2026-09-15T01:30:56Z,READY,351,182,139,0.566978,0.433022,1400,3100,0.451613,-501.709402,2d9a4d634a4a5508155a34c9ff097202c0d039e70a9a5b95665317d16af53f70,candle_path_not_fill,UNAVAILABLE,UNAVAILABLE,UNAVAILABLE,NOT_COMPUTABLE,UNAVAILABLE
path_bands,MONTE_CARLO,base_decomposition,mode_b_week_16_p25,9027.543044,usd,mode_b,superasi_bdebase_v1.1.0,grade_config_v1,2026-09-21T18:16:15Z,55d9a8bdcc4e4d82a222fd1bfb84fdbf,ATP CROSS 65 REACH 85 40 JUL 2025 ITI-05,e5cba21e206a859f465992e9705418339cee20e8e1cab2abbaa6eefe9bdbcbca,1ca7e1b4c022503dc39a4e6c3fd93a68123b280a28d7e3501b8f40d8e70e44fd,544af08020cf5cbc80434291e0f6b64f562c9ed0142f5ef5b1aeb6eaeee949ae,ATP CROSS 65 REACH 85 40 JUL 2025 ITI-05,ATP,ATP,2025-2026,2025-07-01,2025-07-31,"{""date_from"":""2025-07-01"",""date_to"":""2025-07-31"",""game_data"":[],""leagues"":[""ATP""],""market_data"":[""candles""],""markets"":[""kalshi""],""seasons"":[""2025-2026""],""sports"":[""ATP""]}",TRADABLE_YES_BID,1_MINUTE_CANDLE,available_at,CROSS,"{""id"":""e1"",""op"":""CROSS"",""price_e4"":7100}",REACH,"{""id"":""win"",""op"":""REACH"",""outcome"":""win"",""price_e4"":8500}",REACH,"{""id"":""loss"",""op"":""REACH"",""outcome"":""loss"",""price_e4"":4000}",HOLD_TO_SETTLEMENT,b530d65b28edd1535a76ec4046e518bc9de0bcfa836596c3227470a9a4d0a869,1.0.0,2026-09-15T01:30:56Z,1.0.0,1.0.0,1.0.0,2026-09-15T01:30:56Z,READY,351,182,139,0.566978,0.433022,1400,3100,0.451613,-501.709402,2d9a4d634a4a5508155a34c9ff097202c0d039e70a9a5b95665317d16af53f70,candle_path_not_fill,UNAVAILABLE,UNAVAILABLE,UNAVAILABLE,NOT_COMPUTABLE,UNAVAILABLE
path_bands,MONTE_CARLO,base_decomposition,mode_b_week_16_p50,10475.480724,usd,mode_b,superasi_bdebase_v1.1.0,grade_config_v1,2026-09-21T18:16:15Z,55d9a8bdcc4e4d82a222fd1bfb84fdbf,ATP CROSS 65 REACH 85 40 JUL 2025 ITI-05,e5cba21e206a859f465992e9705418339cee20e8e1cab2abbaa6eefe9bdbcbca,1ca7e1b4c022503dc39a4e6c3fd93a68123b280a28d7e3501b8f40d8e70e44fd,544af08020cf5cbc80434291e0f6b64f562c9ed0142f5ef5b1aeb6eaeee949ae,ATP CROSS 65 REACH 85 40 JUL 2025 ITI-05,ATP,ATP,2025-2026,2025-07-01,2025-07-31,"{""date_from"":""2025-07-01"",""date_to"":""2025-07-31"",""game_data"":[],""leagues"":[""ATP""],""market_data"":[""candles""],""markets"":[""kalshi""],""seasons"":[""2025-2026""],""sports"":[""ATP""]}",TRADABLE_YES_BID,1_MINUTE_CANDLE,available_at,CROSS,"{""id"":""e1"",""op"":""CROSS"",""price_e4"":7100}",REACH,"{""id"":""win"",""op"":""REACH"",""outcome"":""win"",""price_e4"":8500}",REACH,"{""id"":""loss"",""op"":""REACH"",""outcome"":""loss"",""price_e4"":4000}",HOLD_TO_SETTLEMENT,b530d65b28edd1535a76ec4046e518bc9de0bcfa836596c3227470a9a4d0a869,1.0.0,2026-09-15T01:30:56Z,1.0.0,1.0.0,1.0.0,2026-09-15T01:30:56Z,READY,351,182,139,0.566978,0.433022,1400,3100,0.451613,-501.709402,2d9a4d634a4a5508155a34c9ff097202c0d039e70a9a5b95665317d16af53f70,candle_path_not_fill,UNAVAILABLE,UNAVAILABLE,UNAVAILABLE,NOT_COMPUTABLE,UNAVAILABLE
path_bands,MONTE_CARLO,base_decomposition,mode_b_week_16_p75,12014.752398,usd,mode_b,superasi_bdebase_v1.1.0,grade_config_v1,2026-09-21T18:16:15Z,55d9a8bdcc4e4d82a222fd1bfb84fdbf,ATP CROSS 65 REACH 85 40 JUL 2025 ITI-05,e5cba21e206a859f465992e9705418339cee20e8e1cab2abbaa6eefe9bdbcbca,1ca7e1b4c022503dc39a4e6c3fd93a68123b280a28d7e3501b8f40d8e70e44fd,544af08020cf5cbc80434291e0f6b64f562c9ed0142f5ef5b1aeb6eaeee949ae,ATP CROSS 65 REACH 85 40 JUL 2025 ITI-05,ATP,ATP,2025-2026,2025-07-01,2025-07-31,"{""date_from"":""2025-07-01"",""date_to"":""2025-07-31"",""game_data"":[],""leagues"":[""ATP""],""market_data"":[""candles""],""markets"":[""kalshi""],""seasons"":[""2025-2026""],""sports"":[""ATP""]}",TRADABLE_YES_BID,1_MINUTE_CANDLE,available_at,CROSS,"{""id"":""e1"",""op"":""CROSS"",""price_e4"":7100}",REACH,"{""id"":""win"",""op"":""REACH"",""outcome"":""win"",""price_e4"":8500}",REACH,"{""id"":""loss"",""op"":""REACH"",""outcome"":""loss"",""price_e4"":4000}",HOLD_TO_SETTLEMENT,b530d65b28edd1535a76ec4046e518bc9de0bcfa836596c3227470a9a4d0a869,1.0.0,2026-09-15T01:30:56Z,1.0.0,1.0.0,1.0.0,2026-09-15T01:30:56Z,READY,351,182,139,0.566978,0.433022,1400,3100,0.451613,-501.709402,2d9a4d634a4a5508155a34c9ff097202c0d039e70a9a5b95665317d16af53f70,candle_path_not_fill,UNAVAILABLE,UNAVAILABLE,UNAVAILABLE,NOT_COMPUTABLE,UNAVAILABLE
path_bands,MONTE_CARLO,base_decomposition,mode_b_week_16_p95,14634.075084,usd,mode_b,superasi_bdebase_v1.1.0,grade_config_v1,2026-09-21T18:16:15Z,55d9a8bdcc4e4d82a222fd1bfb84fdbf,ATP CROSS 65 REACH 85 40 JUL 2025 ITI-05,e5cba21e206a859f465992e9705418339cee20e8e1cab2abbaa6eefe9bdbcbca,1ca7e1b4c022503dc39a4e6c3fd93a68123b280a28d7e3501b8f40d8e70e44fd,544af08020cf5cbc80434291e0f6b64f562c9ed0142f5ef5b1aeb6eaeee949ae,ATP CROSS 65 REACH 85 40 JUL 2025 ITI-05,ATP,ATP,2025-2026,2025-07-01,2025-07-31,"{""date_from"":""2025-07-01"",""date_to"":""2025-07-31"",""game_data"":[],""leagues"":[""ATP""],""market_data"":[""candles""],""markets"":[""kalshi""],""seasons"":[""2025-2026""],""sports"":[""ATP""]}",TRADABLE_YES_BID,1_MINUTE_CANDLE,available_at,CROSS,"{""id"":""e1"",""op"":""CROSS"",""price_e4"":7100}",REACH,"{""id"":""win"",""op"":""REACH"",""outcome"":""win"",""price_e4"":8500}",REACH,"{""id"":""loss"",""op"":""REACH"",""outcome"":""loss"",""price_e4"":4000}",HOLD_TO_SETTLEMENT,b530d65b28edd1535a76ec4046e518bc9de0bcfa836596c3227470a9a4d0a869,1.0.0,2026-09-15T01:30:56Z,1.0.0,1.0.0,1.0.0,2026-09-15T01:30:56Z,READY,351,182,139,0.566978,0.433022,1400,3100,0.451613,-501.709402,2d9a4d634a4a5508155a34c9ff097202c0d039e70a9a5b95665317d16af53f70,candle_path_not_fill,UNAVAILABLE,UNAVAILABLE,UNAVAILABLE,NOT_COMPUTABLE,UNAVAILABLE
path_bands,MONTE_CARLO,base_decomposition,mode_b_week_17_p5,7012.948555,usd,mode_b,superasi_bdebase_v1.1.0,grade_config_v1,2026-09-21T18:16:15Z,55d9a8bdcc4e4d82a222fd1bfb84fdbf,ATP CROSS 65 REACH 85 40 JUL 2025 ITI-05,e5cba21e206a859f465992e9705418339cee20e8e1cab2abbaa6eefe9bdbcbca,1ca7e1b4c022503dc39a4e6c3fd93a68123b280a28d7e3501b8f40d8e70e44fd,544af08020cf5cbc80434291e0f6b64f562c9ed0142f5ef5b1aeb6eaeee949ae,ATP CROSS 65 REACH 85 40 JUL 2025 ITI-05,ATP,ATP,2025-2026,2025-07-01,2025-07-31,"{""date_from"":""2025-07-01"",""date_to"":""2025-07-31"",""game_data"":[],""leagues"":[""ATP""],""market_data"":[""candles""],""markets"":[""kalshi""],""seasons"":[""2025-2026""],""sports"":[""ATP""]}",TRADABLE_YES_BID,1_MINUTE_CANDLE,available_at,CROSS,"{""id"":""e1"",""op"":""CROSS"",""price_e4"":7100}",REACH,"{""id"":""win"",""op"":""REACH"",""outcome"":""win"",""price_e4"":8500}",REACH,"{""id"":""loss"",""op"":""REACH"",""outcome"":""loss"",""price_e4"":4000}",HOLD_TO_SETTLEMENT,b530d65b28edd1535a76ec4046e518bc9de0bcfa836596c3227470a9a4d0a869,1.0.0,2026-09-15T01:30:56Z,1.0.0,1.0.0,1.0.0,2026-09-15T01:30:56Z,READY,351,182,139,0.566978,0.433022,1400,3100,0.451613,-501.709402,2d9a4d634a4a5508155a34c9ff097202c0d039e70a9a5b95665317d16af53f70,candle_path_not_fill,UNAVAILABLE,UNAVAILABLE,UNAVAILABLE,NOT_COMPUTABLE,UNAVAILABLE
path_bands,MONTE_CARLO,base_decomposition,mode_b_week_17_p25,8667.883115,usd,mode_b,superasi_bdebase_v1.1.0,grade_config_v1,2026-09-21T18:16:15Z,55d9a8bdcc4e4d82a222fd1bfb84fdbf,ATP CROSS 65 REACH 85 40 JUL 2025 ITI-05,e5cba21e206a859f465992e9705418339cee20e8e1cab2abbaa6eefe9bdbcbca,1ca7e1b4c022503dc39a4e6c3fd93a68123b280a28d7e3501b8f40d8e70e44fd,544af08020cf5cbc80434291e0f6b64f562c9ed0142f5ef5b1aeb6eaeee949ae,ATP CROSS 65 REACH 85 40 JUL 2025 ITI-05,ATP,ATP,2025-2026,2025-07-01,2025-07-31,"{""date_from"":""2025-07-01"",""date_to"":""2025-07-31"",""game_data"":[],""leagues"":[""ATP""],""market_data"":[""candles""],""markets"":[""kalshi""],""seasons"":[""2025-2026""],""sports"":[""ATP""]}",TRADABLE_YES_BID,1_MINUTE_CANDLE,available_at,CROSS,"{""id"":""e1"",""op"":""CROSS"",""price_e4"":7100}",REACH,"{""id"":""win"",""op"":""REACH"",""outcome"":""win"",""price_e4"":8500}",REACH,"{""id"":""loss"",""op"":""REACH"",""outcome"":""loss"",""price_e4"":4000}",HOLD_TO_SETTLEMENT,b530d65b28edd1535a76ec4046e518bc9de0bcfa836596c3227470a9a4d0a869,1.0.0,2026-09-15T01:30:56Z,1.0.0,1.0.0,1.0.0,2026-09-15T01:30:56Z,READY,351,182,139,0.566978,0.433022,1400,3100,0.451613,-501.709402,2d9a4d634a4a5508155a34c9ff097202c0d039e70a9a5b95665317d16af53f70,candle_path_not_fill,UNAVAILABLE,UNAVAILABLE,UNAVAILABLE,NOT_COMPUTABLE,UNAVAILABLE
path_bands,MONTE_CARLO,base_decomposition,mode_b_week_17_p50,9974.714292,usd,mode_b,superasi_bdebase_v1.1.0,grade_config_v1,2026-09-21T18:16:15Z,55d9a8bdcc4e4d82a222fd1bfb84fdbf,ATP CROSS 65 REACH 85 40 JUL 2025 ITI-05,e5cba21e206a859f465992e9705418339cee20e8e1cab2abbaa6eefe9bdbcbca,1ca7e1b4c022503dc39a4e6c3fd93a68123b280a28d7e3501b8f40d8e70e44fd,544af08020cf5cbc80434291e0f6b64f562c9ed0142f5ef5b1aeb6eaeee949ae,ATP CROSS 65 REACH 85 40 JUL 2025 ITI-05,ATP,ATP,2025-2026,2025-07-01,2025-07-31,"{""date_from"":""2025-07-01"",""date_to"":""2025-07-31"",""game_data"":[],""leagues"":[""ATP""],""market_data"":[""candles""],""markets"":[""kalshi""],""seasons"":[""2025-2026""],""sports"":[""ATP""]}",TRADABLE_YES_BID,1_MINUTE_CANDLE,available_at,CROSS,"{""id"":""e1"",""op"":""CROSS"",""price_e4"":7100}",REACH,"{""id"":""win"",""op"":""REACH"",""outcome"":""win"",""price_e4"":8500}",REACH,"{""id"":""loss"",""op"":""REACH"",""outcome"":""loss"",""price_e4"":4000}",HOLD_TO_SETTLEMENT,b530d65b28edd1535a76ec4046e518bc9de0bcfa836596c3227470a9a4d0a869,1.0.0,2026-09-15T01:30:56Z,1.0.0,1.0.0,1.0.0,2026-09-15T01:30:56Z,READY,351,182,139,0.566978,0.433022,1400,3100,0.451613,-501.709402,2d9a4d634a4a5508155a34c9ff097202c0d039e70a9a5b95665317d16af53f70,candle_path_not_fill,UNAVAILABLE,UNAVAILABLE,UNAVAILABLE,NOT_COMPUTABLE,UNAVAILABLE
path_bands,MONTE_CARLO,base_decomposition,mode_b_week_17_p75,11616.389926,usd,mode_b,superasi_bdebase_v1.1.0,grade_config_v1,2026-09-21T18:16:15Z,55d9a8bdcc4e4d82a222fd1bfb84fdbf,ATP CROSS 65 REACH 85 40 JUL 2025 ITI-05,e5cba21e206a859f465992e9705418339cee20e8e1cab2abbaa6eefe9bdbcbca,1ca7e1b4c022503dc39a4e6c3fd93a68123b280a28d7e3501b8f40d8e70e44fd,544af08020cf5cbc80434291e0f6b64f562c9ed0142f5ef5b1aeb6eaeee949ae,ATP CROSS 65 REACH 85 40 JUL 2025 ITI-05,ATP,ATP,2025-2026,2025-07-01,2025-07-31,"{""date_from"":""2025-07-01"",""date_to"":""2025-07-31"",""game_data"":[],""leagues"":[""ATP""],""market_data"":[""candles""],""markets"":[""kalshi""],""seasons"":[""2025-2026""],""sports"":[""ATP""]}",TRADABLE_YES_BID,1_MINUTE_CANDLE,available_at,CROSS,"{""id"":""e1"",""op"":""CROSS"",""price_e4"":7100}",REACH,"{""id"":""win"",""op"":""REACH"",""outcome"":""win"",""price_e4"":8500}",REACH,"{""id"":""loss"",""op"":""REACH"",""outcome"":""loss"",""price_e4"":4000}",HOLD_TO_SETTLEMENT,b530d65b28edd1535a76ec4046e518bc9de0bcfa836596c3227470a9a4d0a869,1.0.0,2026-09-15T01:30:56Z,1.0.0,1.0.0,1.0.0,2026-09-15T01:30:56Z,READY,351,182,139,0.566978,0.433022,1400,3100,0.451613,-501.709402,2d9a4d634a4a5508155a34c9ff097202c0d039e70a9a5b95665317d16af53f70,candle_path_not_fill,UNAVAILABLE,UNAVAILABLE,UNAVAILABLE,NOT_COMPUTABLE,UNAVAILABLE
path_bands,MONTE_CARLO,base_decomposition,mode_b_week_17_p95,14205.720853,usd,mode_b,superasi_bdebase_v1.1.0,grade_config_v1,2026-09-21T18:16:15Z,55d9a8bdcc4e4d82a222fd1bfb84fdbf,ATP CROSS 65 REACH 85 40 JUL 2025 ITI-05,e5cba21e206a859f465992e9705418339cee20e8e1cab2abbaa6eefe9bdbcbca,1ca7e1b4c022503dc39a4e6c3fd93a68123b280a28d7e3501b8f40d8e70e44fd,544af08020cf5cbc80434291e0f6b64f562c9ed0142f5ef5b1aeb6eaeee949ae,ATP CROSS 65 REACH 85 40 JUL 2025 ITI-05,ATP,ATP,2025-2026,2025-07-01,2025-07-31,"{""date_from"":""2025-07-01"",""date_to"":""2025-07-31"",""game_data"":[],""leagues"":[""ATP""],""market_data"":[""candles""],""markets"":[""kalshi""],""seasons"":[""2025-2026""],""sports"":[""ATP""]}",TRADABLE_YES_BID,1_MINUTE_CANDLE,available_at,CROSS,"{""id"":""e1"",""op"":""CROSS"",""price_e4"":7100}",REACH,"{""id"":""win"",""op"":""REACH"",""outcome"":""win"",""price_e4"":8500}",REACH,"{""id"":""loss"",""op"":""REACH"",""outcome"":""loss"",""price_e4"":4000}",HOLD_TO_SETTLEMENT,b530d65b28edd1535a76ec4046e518bc9de0bcfa836596c3227470a9a4d0a869,1.0.0,2026-09-15T01:30:56Z,1.0.0,1.0.0,1.0.0,2026-09-15T01:30:56Z,READY,351,182,139,0.566978,0.433022,1400,3100,0.451613,-501.709402,2d9a4d634a4a5508155a34c9ff097202c0d039e70a9a5b95665317d16af53f70,candle_path_not_fill,UNAVAILABLE,UNAVAILABLE,UNAVAILABLE,NOT_COMPUTABLE,UNAVAILABLE
path_bands,MONTE_CARLO,base_decomposition,mode_b_week_18_p5,6644.129960,usd,mode_b,superasi_bdebase_v1.1.0,grade_config_v1,2026-09-21T18:16:15Z,55d9a8bdcc4e4d82a222fd1bfb84fdbf,ATP CROSS 65 REACH 85 40 JUL 2025 ITI-05,e5cba21e206a859f465992e9705418339cee20e8e1cab2abbaa6eefe9bdbcbca,1ca7e1b4c022503dc39a4e6c3fd93a68123b280a28d7e3501b8f40d8e70e44fd,544af08020cf5cbc80434291e0f6b64f562c9ed0142f5ef5b1aeb6eaeee949ae,ATP CROSS 65 REACH 85 40 JUL 2025 ITI-05,ATP,ATP,2025-2026,2025-07-01,2025-07-31,"{""date_from"":""2025-07-01"",""date_to"":""2025-07-31"",""game_data"":[],""leagues"":[""ATP""],""market_data"":[""candles""],""markets"":[""kalshi""],""seasons"":[""2025-2026""],""sports"":[""ATP""]}",TRADABLE_YES_BID,1_MINUTE_CANDLE,available_at,CROSS,"{""id"":""e1"",""op"":""CROSS"",""price_e4"":7100}",REACH,"{""id"":""win"",""op"":""REACH"",""outcome"":""win"",""price_e4"":8500}",REACH,"{""id"":""loss"",""op"":""REACH"",""outcome"":""loss"",""price_e4"":4000}",HOLD_TO_SETTLEMENT,b530d65b28edd1535a76ec4046e518bc9de0bcfa836596c3227470a9a4d0a869,1.0.0,2026-09-15T01:30:56Z,1.0.0,1.0.0,1.0.0,2026-09-15T01:30:56Z,READY,351,182,139,0.566978,0.433022,1400,3100,0.451613,-501.709402,2d9a4d634a4a5508155a34c9ff097202c0d039e70a9a5b95665317d16af53f70,candle_path_not_fill,UNAVAILABLE,UNAVAILABLE,UNAVAILABLE,NOT_COMPUTABLE,UNAVAILABLE
path_bands,MONTE_CARLO,base_decomposition,mode_b_week_18_p25,8288.108963,usd,mode_b,superasi_bdebase_v1.1.0,grade_config_v1,2026-09-21T18:16:15Z,55d9a8bdcc4e4d82a222fd1bfb84fdbf,ATP CROSS 65 REACH 85 40 JUL 2025 ITI-05,e5cba21e206a859f465992e9705418339cee20e8e1cab2abbaa6eefe9bdbcbca,1ca7e1b4c022503dc39a4e6c3fd93a68123b280a28d7e3501b8f40d8e70e44fd,544af08020cf5cbc80434291e0f6b64f562c9ed0142f5ef5b1aeb6eaeee949ae,ATP CROSS 65 REACH 85 40 JUL 2025 ITI-05,ATP,ATP,2025-2026,2025-07-01,2025-07-31,"{""date_from"":""2025-07-01"",""date_to"":""2025-07-31"",""game_data"":[],""leagues"":[""ATP""],""market_data"":[""candles""],""markets"":[""kalshi""],""seasons"":[""2025-2026""],""sports"":[""ATP""]}",TRADABLE_YES_BID,1_MINUTE_CANDLE,available_at,CROSS,"{""id"":""e1"",""op"":""CROSS"",""price_e4"":7100}",REACH,"{""id"":""win"",""op"":""REACH"",""outcome"":""win"",""price_e4"":8500}",REACH,"{""id"":""loss"",""op"":""REACH"",""outcome"":""loss"",""price_e4"":4000}",HOLD_TO_SETTLEMENT,b530d65b28edd1535a76ec4046e518bc9de0bcfa836596c3227470a9a4d0a869,1.0.0,2026-09-15T01:30:56Z,1.0.0,1.0.0,1.0.0,2026-09-15T01:30:56Z,READY,351,182,139,0.566978,0.433022,1400,3100,0.451613,-501.709402,2d9a4d634a4a5508155a34c9ff097202c0d039e70a9a5b95665317d16af53f70,candle_path_not_fill,UNAVAILABLE,UNAVAILABLE,UNAVAILABLE,NOT_COMPUTABLE,UNAVAILABLE
path_bands,MONTE_CARLO,base_decomposition,mode_b_week_18_p50,9614.589626,usd,mode_b,superasi_bdebase_v1.1.0,grade_config_v1,2026-09-21T18:16:15Z,55d9a8bdcc4e4d82a222fd1bfb84fdbf,ATP CROSS 65 REACH 85 40 JUL 2025 ITI-05,e5cba21e206a859f465992e9705418339cee20e8e1cab2abbaa6eefe9bdbcbca,1ca7e1b4c022503dc39a4e6c3fd93a68123b280a28d7e3501b8f40d8e70e44fd,544af08020cf5cbc80434291e0f6b64f562c9ed0142f5ef5b1aeb6eaeee949ae,ATP CROSS 65 REACH 85 40 JUL 2025 ITI-05,ATP,ATP,2025-2026,2025-07-01,2025-07-31,"{""date_from"":""2025-07-01"",""date_to"":""2025-07-31"",""game_data"":[],""leagues"":[""ATP""],""market_data"":[""candles""],""markets"":[""kalshi""],""seasons"":[""2025-2026""],""sports"":[""ATP""]}",TRADABLE_YES_BID,1_MINUTE_CANDLE,available_at,CROSS,"{""id"":""e1"",""op"":""CROSS"",""price_e4"":7100}",REACH,"{""id"":""win"",""op"":""REACH"",""outcome"":""win"",""price_e4"":8500}",REACH,"{""id"":""loss"",""op"":""REACH"",""outcome"":""loss"",""price_e4"":4000}",HOLD_TO_SETTLEMENT,b530d65b28edd1535a76ec4046e518bc9de0bcfa836596c3227470a9a4d0a869,1.0.0,2026-09-15T01:30:56Z,1.0.0,1.0.0,1.0.0,2026-09-15T01:30:56Z,READY,351,182,139,0.566978,0.433022,1400,3100,0.451613,-501.709402,2d9a4d634a4a5508155a34c9ff097202c0d039e70a9a5b95665317d16af53f70,candle_path_not_fill,UNAVAILABLE,UNAVAILABLE,UNAVAILABLE,NOT_COMPUTABLE,UNAVAILABLE
path_bands,MONTE_CARLO,base_decomposition,mode_b_week_18_p75,11163.683407,usd,mode_b,superasi_bdebase_v1.1.0,grade_config_v1,2026-09-21T18:16:15Z,55d9a8bdcc4e4d82a222fd1bfb84fdbf,ATP CROSS 65 REACH 85 40 JUL 2025 ITI-05,e5cba21e206a859f465992e9705418339cee20e8e1cab2abbaa6eefe9bdbcbca,1ca7e1b4c022503dc39a4e6c3fd93a68123b280a28d7e3501b8f40d8e70e44fd,544af08020cf5cbc80434291e0f6b64f562c9ed0142f5ef5b1aeb6eaeee949ae,ATP CROSS 65 REACH 85 40 JUL 2025 ITI-05,ATP,ATP,2025-2026,2025-07-01,2025-07-31,"{""date_from"":""2025-07-01"",""date_to"":""2025-07-31"",""game_data"":[],""leagues"":[""ATP""],""market_data"":[""candles""],""markets"":[""kalshi""],""seasons"":[""2025-2026""],""sports"":[""ATP""]}",TRADABLE_YES_BID,1_MINUTE_CANDLE,available_at,CROSS,"{""id"":""e1"",""op"":""CROSS"",""price_e4"":7100}",REACH,"{""id"":""win"",""op"":""REACH"",""outcome"":""win"",""price_e4"":8500}",REACH,"{""id"":""loss"",""op"":""REACH"",""outcome"":""loss"",""price_e4"":4000}",HOLD_TO_SETTLEMENT,b530d65b28edd1535a76ec4046e518bc9de0bcfa836596c3227470a9a4d0a869,1.0.0,2026-09-15T01:30:56Z,1.0.0,1.0.0,1.0.0,2026-09-15T01:30:56Z,READY,351,182,139,0.566978,0.433022,1400,3100,0.451613,-501.709402,2d9a4d634a4a5508155a34c9ff097202c0d039e70a9a5b95665317d16af53f70,candle_path_not_fill,UNAVAILABLE,UNAVAILABLE,UNAVAILABLE,NOT_COMPUTABLE,UNAVAILABLE
path_bands,MONTE_CARLO,base_decomposition,mode_b_week_18_p95,13789.734887,usd,mode_b,superasi_bdebase_v1.1.0,grade_config_v1,2026-09-21T18:16:15Z,55d9a8bdcc4e4d82a222fd1bfb84fdbf,ATP CROSS 65 REACH 85 40 JUL 2025 ITI-05,e5cba21e206a859f465992e9705418339cee20e8e1cab2abbaa6eefe9bdbcbca,1ca7e1b4c022503dc39a4e6c3fd93a68123b280a28d7e3501b8f40d8e70e44fd,544af08020cf5cbc80434291e0f6b64f562c9ed0142f5ef5b1aeb6eaeee949ae,ATP CROSS 65 REACH 85 40 JUL 2025 ITI-05,ATP,ATP,2025-2026,2025-07-01,2025-07-31,"{""date_from"":""2025-07-01"",""date_to"":""2025-07-31"",""game_data"":[],""leagues"":[""ATP""],""market_data"":[""candles""],""markets"":[""kalshi""],""seasons"":[""2025-2026""],""sports"":[""ATP""]}",TRADABLE_YES_BID,1_MINUTE_CANDLE,available_at,CROSS,"{""id"":""e1"",""op"":""CROSS"",""price_e4"":7100}",REACH,"{""id"":""win"",""op"":""REACH"",""outcome"":""win"",""price_e4"":8500}",REACH,"{""id"":""loss"",""op"":""REACH"",""outcome"":""loss"",""price_e4"":4000}",HOLD_TO_SETTLEMENT,b530d65b28edd1535a76ec4046e518bc9de0bcfa836596c3227470a9a4d0a869,1.0.0,2026-09-15T01:30:56Z,1.0.0,1.0.0,1.0.0,2026-09-15T01:30:56Z,READY,351,182,139,0.566978,0.433022,1400,3100,0.451613,-501.709402,2d9a4d634a4a5508155a34c9ff097202c0d039e70a9a5b95665317d16af53f70,candle_path_not_fill,UNAVAILABLE,UNAVAILABLE,UNAVAILABLE,NOT_COMPUTABLE,UNAVAILABLE
path_bands,MONTE_CARLO,base_decomposition,mode_b_week_19_p5,6289.417282,usd,mode_b,superasi_bdebase_v1.1.0,grade_config_v1,2026-09-21T18:16:15Z,55d9a8bdcc4e4d82a222fd1bfb84fdbf,ATP CROSS 65 REACH 85 40 JUL 2025 ITI-05,e5cba21e206a859f465992e9705418339cee20e8e1cab2abbaa6eefe9bdbcbca,1ca7e1b4c022503dc39a4e6c3fd93a68123b280a28d7e3501b8f40d8e70e44fd,544af08020cf5cbc80434291e0f6b64f562c9ed0142f5ef5b1aeb6eaeee949ae,ATP CROSS 65 REACH 85 40 JUL 2025 ITI-05,ATP,ATP,2025-2026,2025-07-01,2025-07-31,"{""date_from"":""2025-07-01"",""date_to"":""2025-07-31"",""game_data"":[],""leagues"":[""ATP""],""market_data"":[""candles""],""markets"":[""kalshi""],""seasons"":[""2025-2026""],""sports"":[""ATP""]}",TRADABLE_YES_BID,1_MINUTE_CANDLE,available_at,CROSS,"{""id"":""e1"",""op"":""CROSS"",""price_e4"":7100}",REACH,"{""id"":""win"",""op"":""REACH"",""outcome"":""win"",""price_e4"":8500}",REACH,"{""id"":""loss"",""op"":""REACH"",""outcome"":""loss"",""price_e4"":4000}",HOLD_TO_SETTLEMENT,b530d65b28edd1535a76ec4046e518bc9de0bcfa836596c3227470a9a4d0a869,1.0.0,2026-09-15T01:30:56Z,1.0.0,1.0.0,1.0.0,2026-09-15T01:30:56Z,READY,351,182,139,0.566978,0.433022,1400,3100,0.451613,-501.709402,2d9a4d634a4a5508155a34c9ff097202c0d039e70a9a5b95665317d16af53f70,candle_path_not_fill,UNAVAILABLE,UNAVAILABLE,UNAVAILABLE,NOT_COMPUTABLE,UNAVAILABLE
path_bands,MONTE_CARLO,base_decomposition,mode_b_week_19_p25,7911.583246,usd,mode_b,superasi_bdebase_v1.1.0,grade_config_v1,2026-09-21T18:16:15Z,55d9a8bdcc4e4d82a222fd1bfb84fdbf,ATP CROSS 65 REACH 85 40 JUL 2025 ITI-05,e5cba21e206a859f465992e9705418339cee20e8e1cab2abbaa6eefe9bdbcbca,1ca7e1b4c022503dc39a4e6c3fd93a68123b280a28d7e3501b8f40d8e70e44fd,544af08020cf5cbc80434291e0f6b64f562c9ed0142f5ef5b1aeb6eaeee949ae,ATP CROSS 65 REACH 85 40 JUL 2025 ITI-05,ATP,ATP,2025-2026,2025-07-01,2025-07-31,"{""date_from"":""2025-07-01"",""date_to"":""2025-07-31"",""game_data"":[],""leagues"":[""ATP""],""market_data"":[""candles""],""markets"":[""kalshi""],""seasons"":[""2025-2026""],""sports"":[""ATP""]}",TRADABLE_YES_BID,1_MINUTE_CANDLE,available_at,CROSS,"{""id"":""e1"",""op"":""CROSS"",""price_e4"":7100}",REACH,"{""id"":""win"",""op"":""REACH"",""outcome"":""win"",""price_e4"":8500}",REACH,"{""id"":""loss"",""op"":""REACH"",""outcome"":""loss"",""price_e4"":4000}",HOLD_TO_SETTLEMENT,b530d65b28edd1535a76ec4046e518bc9de0bcfa836596c3227470a9a4d0a869,1.0.0,2026-09-15T01:30:56Z,1.0.0,1.0.0,1.0.0,2026-09-15T01:30:56Z,READY,351,182,139,0.566978,0.433022,1400,3100,0.451613,-501.709402,2d9a4d634a4a5508155a34c9ff097202c0d039e70a9a5b95665317d16af53f70,candle_path_not_fill,UNAVAILABLE,UNAVAILABLE,UNAVAILABLE,NOT_COMPUTABLE,UNAVAILABLE
path_bands,MONTE_CARLO,base_decomposition,mode_b_week_19_p50,9266.300480,usd,mode_b,superasi_bdebase_v1.1.0,grade_config_v1,2026-09-21T18:16:15Z,55d9a8bdcc4e4d82a222fd1bfb84fdbf,ATP CROSS 65 REACH 85 40 JUL 2025 ITI-05,e5cba21e206a859f465992e9705418339cee20e8e1cab2abbaa6eefe9bdbcbca,1ca7e1b4c022503dc39a4e6c3fd93a68123b280a28d7e3501b8f40d8e70e44fd,544af08020cf5cbc80434291e0f6b64f562c9ed0142f5ef5b1aeb6eaeee949ae,ATP CROSS 65 REACH 85 40 JUL 2025 ITI-05,ATP,ATP,2025-2026,2025-07-01,2025-07-31,"{""date_from"":""2025-07-01"",""date_to"":""2025-07-31"",""game_data"":[],""leagues"":[""ATP""],""market_data"":[""candles""],""markets"":[""kalshi""],""seasons"":[""2025-2026""],""sports"":[""ATP""]}",TRADABLE_YES_BID,1_MINUTE_CANDLE,available_at,CROSS,"{""id"":""e1"",""op"":""CROSS"",""price_e4"":7100}",REACH,"{""id"":""win"",""op"":""REACH"",""outcome"":""win"",""price_e4"":8500}",REACH,"{""id"":""loss"",""op"":""REACH"",""outcome"":""loss"",""price_e4"":4000}",HOLD_TO_SETTLEMENT,b530d65b28edd1535a76ec4046e518bc9de0bcfa836596c3227470a9a4d0a869,1.0.0,2026-09-15T01:30:56Z,1.0.0,1.0.0,1.0.0,2026-09-15T01:30:56Z,READY,351,182,139,0.566978,0.433022,1400,3100,0.451613,-501.709402,2d9a4d634a4a5508155a34c9ff097202c0d039e70a9a5b95665317d16af53f70,candle_path_not_fill,UNAVAILABLE,UNAVAILABLE,UNAVAILABLE,NOT_COMPUTABLE,UNAVAILABLE
path_bands,MONTE_CARLO,base_decomposition,mode_b_week_19_p75,10712.368109,usd,mode_b,superasi_bdebase_v1.1.0,grade_config_v1,2026-09-21T18:16:15Z,55d9a8bdcc4e4d82a222fd1bfb84fdbf,ATP CROSS 65 REACH 85 40 JUL 2025 ITI-05,e5cba21e206a859f465992e9705418339cee20e8e1cab2abbaa6eefe9bdbcbca,1ca7e1b4c022503dc39a4e6c3fd93a68123b280a28d7e3501b8f40d8e70e44fd,544af08020cf5cbc80434291e0f6b64f562c9ed0142f5ef5b1aeb6eaeee949ae,ATP CROSS 65 REACH 85 40 JUL 2025 ITI-05,ATP,ATP,2025-2026,2025-07-01,2025-07-31,"{""date_from"":""2025-07-01"",""date_to"":""2025-07-31"",""game_data"":[],""leagues"":[""ATP""],""market_data"":[""candles""],""markets"":[""kalshi""],""seasons"":[""2025-2026""],""sports"":[""ATP""]}",TRADABLE_YES_BID,1_MINUTE_CANDLE,available_at,CROSS,"{""id"":""e1"",""op"":""CROSS"",""price_e4"":7100}",REACH,"{""id"":""win"",""op"":""REACH"",""outcome"":""win"",""price_e4"":8500}",REACH,"{""id"":""loss"",""op"":""REACH"",""outcome"":""loss"",""price_e4"":4000}",HOLD_TO_SETTLEMENT,b530d65b28edd1535a76ec4046e518bc9de0bcfa836596c3227470a9a4d0a869,1.0.0,2026-09-15T01:30:56Z,1.0.0,1.0.0,1.0.0,2026-09-15T01:30:56Z,READY,351,182,139,0.566978,0.433022,1400,3100,0.451613,-501.709402,2d9a4d634a4a5508155a34c9ff097202c0d039e70a9a5b95665317d16af53f70,candle_path_not_fill,UNAVAILABLE,UNAVAILABLE,UNAVAILABLE,NOT_COMPUTABLE,UNAVAILABLE
path_bands,MONTE_CARLO,base_decomposition,mode_b_week_19_p95,13376.461617,usd,mode_b,superasi_bdebase_v1.1.0,grade_config_v1,2026-09-21T18:16:15Z,55d9a8bdcc4e4d82a222fd1bfb84fdbf,ATP CROSS 65 REACH 85 40 JUL 2025 ITI-05,e5cba21e206a859f465992e9705418339cee20e8e1cab2abbaa6eefe9bdbcbca,1ca7e1b4c022503dc39a4e6c3fd93a68123b280a28d7e3501b8f40d8e70e44fd,544af08020cf5cbc80434291e0f6b64f562c9ed0142f5ef5b1aeb6eaeee949ae,ATP CROSS 65 REACH 85 40 JUL 2025 ITI-05,ATP,ATP,2025-2026,2025-07-01,2025-07-31,"{""date_from"":""2025-07-01"",""date_to"":""2025-07-31"",""game_data"":[],""leagues"":[""ATP""],""market_data"":[""candles""],""markets"":[""kalshi""],""seasons"":[""2025-2026""],""sports"":[""ATP""]}",TRADABLE_YES_BID,1_MINUTE_CANDLE,available_at,CROSS,"{""id"":""e1"",""op"":""CROSS"",""price_e4"":7100}",REACH,"{""id"":""win"",""op"":""REACH"",""outcome"":""win"",""price_e4"":8500}",REACH,"{""id"":""loss"",""op"":""REACH"",""outcome"":""loss"",""price_e4"":4000}",HOLD_TO_SETTLEMENT,b530d65b28edd1535a76ec4046e518bc9de0bcfa836596c3227470a9a4d0a869,1.0.0,2026-09-15T01:30:56Z,1.0.0,1.0.0,1.0.0,2026-09-15T01:30:56Z,READY,351,182,139,0.566978,0.433022,1400,3100,0.451613,-501.709402,2d9a4d634a4a5508155a34c9ff097202c0d039e70a9a5b95665317d16af53f70,candle_path_not_fill,UNAVAILABLE,UNAVAILABLE,UNAVAILABLE,NOT_COMPUTABLE,UNAVAILABLE
path_bands,MONTE_CARLO,base_decomposition,mode_b_week_20_p5,6022.150910,usd,mode_b,superasi_bdebase_v1.1.0,grade_config_v1,2026-09-21T18:16:15Z,55d9a8bdcc4e4d82a222fd1bfb84fdbf,ATP CROSS 65 REACH 85 40 JUL 2025 ITI-05,e5cba21e206a859f465992e9705418339cee20e8e1cab2abbaa6eefe9bdbcbca,1ca7e1b4c022503dc39a4e6c3fd93a68123b280a28d7e3501b8f40d8e70e44fd,544af08020cf5cbc80434291e0f6b64f562c9ed0142f5ef5b1aeb6eaeee949ae,ATP CROSS 65 REACH 85 40 JUL 2025 ITI-05,ATP,ATP,2025-2026,2025-07-01,2025-07-31,"{""date_from"":""2025-07-01"",""date_to"":""2025-07-31"",""game_data"":[],""leagues"":[""ATP""],""market_data"":[""candles""],""markets"":[""kalshi""],""seasons"":[""2025-2026""],""sports"":[""ATP""]}",TRADABLE_YES_BID,1_MINUTE_CANDLE,available_at,CROSS,"{""id"":""e1"",""op"":""CROSS"",""price_e4"":7100}",REACH,"{""id"":""win"",""op"":""REACH"",""outcome"":""win"",""price_e4"":8500}",REACH,"{""id"":""loss"",""op"":""REACH"",""outcome"":""loss"",""price_e4"":4000}",HOLD_TO_SETTLEMENT,b530d65b28edd1535a76ec4046e518bc9de0bcfa836596c3227470a9a4d0a869,1.0.0,2026-09-15T01:30:56Z,1.0.0,1.0.0,1.0.0,2026-09-15T01:30:56Z,READY,351,182,139,0.566978,0.433022,1400,3100,0.451613,-501.709402,2d9a4d634a4a5508155a34c9ff097202c0d039e70a9a5b95665317d16af53f70,candle_path_not_fill,UNAVAILABLE,UNAVAILABLE,UNAVAILABLE,NOT_COMPUTABLE,UNAVAILABLE
path_bands,MONTE_CARLO,base_decomposition,mode_b_week_20_p25,7597.880747,usd,mode_b,superasi_bdebase_v1.1.0,grade_config_v1,2026-09-21T18:16:15Z,55d9a8bdcc4e4d82a222fd1bfb84fdbf,ATP CROSS 65 REACH 85 40 JUL 2025 ITI-05,e5cba21e206a859f465992e9705418339cee20e8e1cab2abbaa6eefe9bdbcbca,1ca7e1b4c022503dc39a4e6c3fd93a68123b280a28d7e3501b8f40d8e70e44fd,544af08020cf5cbc80434291e0f6b64f562c9ed0142f5ef5b1aeb6eaeee949ae,ATP CROSS 65 REACH 85 40 JUL 2025 ITI-05,ATP,ATP,2025-2026,2025-07-01,2025-07-31,"{""date_from"":""2025-07-01"",""date_to"":""2025-07-31"",""game_data"":[],""leagues"":[""ATP""],""market_data"":[""candles""],""markets"":[""kalshi""],""seasons"":[""2025-2026""],""sports"":[""ATP""]}",TRADABLE_YES_BID,1_MINUTE_CANDLE,available_at,CROSS,"{""id"":""e1"",""op"":""CROSS"",""price_e4"":7100}",REACH,"{""id"":""win"",""op"":""REACH"",""outcome"":""win"",""price_e4"":8500}",REACH,"{""id"":""loss"",""op"":""REACH"",""outcome"":""loss"",""price_e4"":4000}",HOLD_TO_SETTLEMENT,b530d65b28edd1535a76ec4046e518bc9de0bcfa836596c3227470a9a4d0a869,1.0.0,2026-09-15T01:30:56Z,1.0.0,1.0.0,1.0.0,2026-09-15T01:30:56Z,READY,351,182,139,0.566978,0.433022,1400,3100,0.451613,-501.709402,2d9a4d634a4a5508155a34c9ff097202c0d039e70a9a5b95665317d16af53f70,candle_path_not_fill,UNAVAILABLE,UNAVAILABLE,UNAVAILABLE,NOT_COMPUTABLE,UNAVAILABLE
path_bands,MONTE_CARLO,base_decomposition,mode_b_week_20_p50,8832.238752,usd,mode_b,superasi_bdebase_v1.1.0,grade_config_v1,2026-09-21T18:16:15Z,55d9a8bdcc4e4d82a222fd1bfb84fdbf,ATP CROSS 65 REACH 85 40 JUL 2025 ITI-05,e5cba21e206a859f465992e9705418339cee20e8e1cab2abbaa6eefe9bdbcbca,1ca7e1b4c022503dc39a4e6c3fd93a68123b280a28d7e3501b8f40d8e70e44fd,544af08020cf5cbc80434291e0f6b64f562c9ed0142f5ef5b1aeb6eaeee949ae,ATP CROSS 65 REACH 85 40 JUL 2025 ITI-05,ATP,ATP,2025-2026,2025-07-01,2025-07-31,"{""date_from"":""2025-07-01"",""date_to"":""2025-07-31"",""game_data"":[],""leagues"":[""ATP""],""market_data"":[""candles""],""markets"":[""kalshi""],""seasons"":[""2025-2026""],""sports"":[""ATP""]}",TRADABLE_YES_BID,1_MINUTE_CANDLE,available_at,CROSS,"{""id"":""e1"",""op"":""CROSS"",""price_e4"":7100}",REACH,"{""id"":""win"",""op"":""REACH"",""outcome"":""win"",""price_e4"":8500}",REACH,"{""id"":""loss"",""op"":""REACH"",""outcome"":""loss"",""price_e4"":4000}",HOLD_TO_SETTLEMENT,b530d65b28edd1535a76ec4046e518bc9de0bcfa836596c3227470a9a4d0a869,1.0.0,2026-09-15T01:30:56Z,1.0.0,1.0.0,1.0.0,2026-09-15T01:30:56Z,READY,351,182,139,0.566978,0.433022,1400,3100,0.451613,-501.709402,2d9a4d634a4a5508155a34c9ff097202c0d039e70a9a5b95665317d16af53f70,candle_path_not_fill,UNAVAILABLE,UNAVAILABLE,UNAVAILABLE,NOT_COMPUTABLE,UNAVAILABLE
path_bands,MONTE_CARLO,base_decomposition,mode_b_week_20_p75,10353.740821,usd,mode_b,superasi_bdebase_v1.1.0,grade_config_v1,2026-09-21T18:16:15Z,55d9a8bdcc4e4d82a222fd1bfb84fdbf,ATP CROSS 65 REACH 85 40 JUL 2025 ITI-05,e5cba21e206a859f465992e9705418339cee20e8e1cab2abbaa6eefe9bdbcbca,1ca7e1b4c022503dc39a4e6c3fd93a68123b280a28d7e3501b8f40d8e70e44fd,544af08020cf5cbc80434291e0f6b64f562c9ed0142f5ef5b1aeb6eaeee949ae,ATP CROSS 65 REACH 85 40 JUL 2025 ITI-05,ATP,ATP,2025-2026,2025-07-01,2025-07-31,"{""date_from"":""2025-07-01"",""date_to"":""2025-07-31"",""game_data"":[],""leagues"":[""ATP""],""market_data"":[""candles""],""markets"":[""kalshi""],""seasons"":[""2025-2026""],""sports"":[""ATP""]}",TRADABLE_YES_BID,1_MINUTE_CANDLE,available_at,CROSS,"{""id"":""e1"",""op"":""CROSS"",""price_e4"":7100}",REACH,"{""id"":""win"",""op"":""REACH"",""outcome"":""win"",""price_e4"":8500}",REACH,"{""id"":""loss"",""op"":""REACH"",""outcome"":""loss"",""price_e4"":4000}",HOLD_TO_SETTLEMENT,b530d65b28edd1535a76ec4046e518bc9de0bcfa836596c3227470a9a4d0a869,1.0.0,2026-09-15T01:30:56Z,1.0.0,1.0.0,1.0.0,2026-09-15T01:30:56Z,READY,351,182,139,0.566978,0.433022,1400,3100,0.451613,-501.709402,2d9a4d634a4a5508155a34c9ff097202c0d039e70a9a5b95665317d16af53f70,candle_path_not_fill,UNAVAILABLE,UNAVAILABLE,UNAVAILABLE,NOT_COMPUTABLE,UNAVAILABLE
path_bands,MONTE_CARLO,base_decomposition,mode_b_week_20_p95,12970.034864,usd,mode_b,superasi_bdebase_v1.1.0,grade_config_v1,2026-09-21T18:16:15Z,55d9a8bdcc4e4d82a222fd1bfb84fdbf,ATP CROSS 65 REACH 85 40 JUL 2025 ITI-05,e5cba21e206a859f465992e9705418339cee20e8e1cab2abbaa6eefe9bdbcbca,1ca7e1b4c022503dc39a4e6c3fd93a68123b280a28d7e3501b8f40d8e70e44fd,544af08020cf5cbc80434291e0f6b64f562c9ed0142f5ef5b1aeb6eaeee949ae,ATP CROSS 65 REACH 85 40 JUL 2025 ITI-05,ATP,ATP,2025-2026,2025-07-01,2025-07-31,"{""date_from"":""2025-07-01"",""date_to"":""2025-07-31"",""game_data"":[],""leagues"":[""ATP""],""market_data"":[""candles""],""markets"":[""kalshi""],""seasons"":[""2025-2026""],""sports"":[""ATP""]}",TRADABLE_YES_BID,1_MINUTE_CANDLE,available_at,CROSS,"{""id"":""e1"",""op"":""CROSS"",""price_e4"":7100}",REACH,"{""id"":""win"",""op"":""REACH"",""outcome"":""win"",""price_e4"":8500}",REACH,"{""id"":""loss"",""op"":""REACH"",""outcome"":""loss"",""price_e4"":4000}",HOLD_TO_SETTLEMENT,b530d65b28edd1535a76ec4046e518bc9de0bcfa836596c3227470a9a4d0a869,1.0.0,2026-09-15T01:30:56Z,1.0.0,1.0.0,1.0.0,2026-09-15T01:30:56Z,READY,351,182,139,0.566978,0.433022,1400,3100,0.451613,-501.709402,2d9a4d634a4a5508155a34c9ff097202c0d039e70a9a5b95665317d16af53f70,candle_path_not_fill,UNAVAILABLE,UNAVAILABLE,UNAVAILABLE,NOT_COMPUTABLE,UNAVAILABLE
risk_profile,MONTE_CARLO,base_decomposition,weekly_bootstrap_status,MONTE_CARLO,,weekly_bootstrap,superasi_bdebase_v1.1.0,grade_config_v1,2026-09-21T18:16:15Z,55d9a8bdcc4e4d82a222fd1bfb84fdbf,ATP CROSS 65 REACH 85 40 JUL 2025 ITI-05,e5cba21e206a859f465992e9705418339cee20e8e1cab2abbaa6eefe9bdbcbca,1ca7e1b4c022503dc39a4e6c3fd93a68123b280a28d7e3501b8f40d8e70e44fd,544af08020cf5cbc80434291e0f6b64f562c9ed0142f5ef5b1aeb6eaeee949ae,ATP CROSS 65 REACH 85 40 JUL 2025 ITI-05,ATP,ATP,2025-2026,2025-07-01,2025-07-31,"{""date_from"":""2025-07-01"",""date_to"":""2025-07-31"",""game_data"":[],""leagues"":[""ATP""],""market_data"":[""candles""],""markets"":[""kalshi""],""seasons"":[""2025-2026""],""sports"":[""ATP""]}",TRADABLE_YES_BID,1_MINUTE_CANDLE,available_at,CROSS,"{""id"":""e1"",""op"":""CROSS"",""price_e4"":7100}",REACH,"{""id"":""win"",""op"":""REACH"",""outcome"":""win"",""price_e4"":8500}",REACH,"{""id"":""loss"",""op"":""REACH"",""outcome"":""loss"",""price_e4"":4000}",HOLD_TO_SETTLEMENT,b530d65b28edd1535a76ec4046e518bc9de0bcfa836596c3227470a9a4d0a869,1.0.0,2026-09-15T01:30:56Z,1.0.0,1.0.0,1.0.0,2026-09-15T01:30:56Z,READY,351,182,139,0.566978,0.433022,1400,3100,0.451613,-501.709402,2d9a4d634a4a5508155a34c9ff097202c0d039e70a9a5b95665317d16af53f70,candle_path_not_fill,UNAVAILABLE,UNAVAILABLE,UNAVAILABLE,NOT_COMPUTABLE,UNAVAILABLE
risk_profile,MONTE_CARLO,base_decomposition,weekly_bootstrap_mean_terminal_bankroll,66.523410,,weekly_bootstrap,superasi_bdebase_v1.1.0,grade_config_v1,2026-09-21T18:16:15Z,55d9a8bdcc4e4d82a222fd1bfb84fdbf,ATP CROSS 65 REACH 85 40 JUL 2025 ITI-05,e5cba21e206a859f465992e9705418339cee20e8e1cab2abbaa6eefe9bdbcbca,1ca7e1b4c022503dc39a4e6c3fd93a68123b280a28d7e3501b8f40d8e70e44fd,544af08020cf5cbc80434291e0f6b64f562c9ed0142f5ef5b1aeb6eaeee949ae,ATP CROSS 65 REACH 85 40 JUL 2025 ITI-05,ATP,ATP,2025-2026,2025-07-01,2025-07-31,"{""date_from"":""2025-07-01"",""date_to"":""2025-07-31"",""game_data"":[],""leagues"":[""ATP""],""market_data"":[""candles""],""markets"":[""kalshi""],""seasons"":[""2025-2026""],""sports"":[""ATP""]}",TRADABLE_YES_BID,1_MINUTE_CANDLE,available_at,CROSS,"{""id"":""e1"",""op"":""CROSS"",""price_e4"":7100}",REACH,"{""id"":""win"",""op"":""REACH"",""outcome"":""win"",""price_e4"":8500}",REACH,"{""id"":""loss"",""op"":""REACH"",""outcome"":""loss"",""price_e4"":4000}",HOLD_TO_SETTLEMENT,b530d65b28edd1535a76ec4046e518bc9de0bcfa836596c3227470a9a4d0a869,1.0.0,2026-09-15T01:30:56Z,1.0.0,1.0.0,1.0.0,2026-09-15T01:30:56Z,READY,351,182,139,0.566978,0.433022,1400,3100,0.451613,-501.709402,2d9a4d634a4a5508155a34c9ff097202c0d039e70a9a5b95665317d16af53f70,candle_path_not_fill,UNAVAILABLE,UNAVAILABLE,UNAVAILABLE,NOT_COMPUTABLE,UNAVAILABLE
risk_profile,MONTE_CARLO,base_decomposition,weekly_bootstrap_median_terminal_bankroll,13.675969,,weekly_bootstrap,superasi_bdebase_v1.1.0,grade_config_v1,2026-09-21T18:16:15Z,55d9a8bdcc4e4d82a222fd1bfb84fdbf,ATP CROSS 65 REACH 85 40 JUL 2025 ITI-05,e5cba21e206a859f465992e9705418339cee20e8e1cab2abbaa6eefe9bdbcbca,1ca7e1b4c022503dc39a4e6c3fd93a68123b280a28d7e3501b8f40d8e70e44fd,544af08020cf5cbc80434291e0f6b64f562c9ed0142f5ef5b1aeb6eaeee949ae,ATP CROSS 65 REACH 85 40 JUL 2025 ITI-05,ATP,ATP,2025-2026,2025-07-01,2025-07-31,"{""date_from"":""2025-07-01"",""date_to"":""2025-07-31"",""game_data"":[],""leagues"":[""ATP""],""market_data"":[""candles""],""markets"":[""kalshi""],""seasons"":[""2025-2026""],""sports"":[""ATP""]}",TRADABLE_YES_BID,1_MINUTE_CANDLE,available_at,CROSS,"{""id"":""e1"",""op"":""CROSS"",""price_e4"":7100}",REACH,"{""id"":""win"",""op"":""REACH"",""outcome"":""win"",""price_e4"":8500}",REACH,"{""id"":""loss"",""op"":""REACH"",""outcome"":""loss"",""price_e4"":4000}",HOLD_TO_SETTLEMENT,b530d65b28edd1535a76ec4046e518bc9de0bcfa836596c3227470a9a4d0a869,1.0.0,2026-09-15T01:30:56Z,1.0.0,1.0.0,1.0.0,2026-09-15T01:30:56Z,READY,351,182,139,0.566978,0.433022,1400,3100,0.451613,-501.709402,2d9a4d634a4a5508155a34c9ff097202c0d039e70a9a5b95665317d16af53f70,candle_path_not_fill,UNAVAILABLE,UNAVAILABLE,UNAVAILABLE,NOT_COMPUTABLE,UNAVAILABLE
risk_profile,MONTE_CARLO,base_decomposition,weekly_bootstrap_mean_return,-0.996674,,weekly_bootstrap,superasi_bdebase_v1.1.0,grade_config_v1,2026-09-21T18:16:15Z,55d9a8bdcc4e4d82a222fd1bfb84fdbf,ATP CROSS 65 REACH 85 40 JUL 2025 ITI-05,e5cba21e206a859f465992e9705418339cee20e8e1cab2abbaa6eefe9bdbcbca,1ca7e1b4c022503dc39a4e6c3fd93a68123b280a28d7e3501b8f40d8e70e44fd,544af08020cf5cbc80434291e0f6b64f562c9ed0142f5ef5b1aeb6eaeee949ae,ATP CROSS 65 REACH 85 40 JUL 2025 ITI-05,ATP,ATP,2025-2026,2025-07-01,2025-07-31,"{""date_from"":""2025-07-01"",""date_to"":""2025-07-31"",""game_data"":[],""leagues"":[""ATP""],""market_data"":[""candles""],""markets"":[""kalshi""],""seasons"":[""2025-2026""],""sports"":[""ATP""]}",TRADABLE_YES_BID,1_MINUTE_CANDLE,available_at,CROSS,"{""id"":""e1"",""op"":""CROSS"",""price_e4"":7100}",REACH,"{""id"":""win"",""op"":""REACH"",""outcome"":""win"",""price_e4"":8500}",REACH,"{""id"":""loss"",""op"":""REACH"",""outcome"":""loss"",""price_e4"":4000}",HOLD_TO_SETTLEMENT,b530d65b28edd1535a76ec4046e518bc9de0bcfa836596c3227470a9a4d0a869,1.0.0,2026-09-15T01:30:56Z,1.0.0,1.0.0,1.0.0,2026-09-15T01:30:56Z,READY,351,182,139,0.566978,0.433022,1400,3100,0.451613,-501.709402,2d9a4d634a4a5508155a34c9ff097202c0d039e70a9a5b95665317d16af53f70,candle_path_not_fill,UNAVAILABLE,UNAVAILABLE,UNAVAILABLE,NOT_COMPUTABLE,UNAVAILABLE
risk_profile,MONTE_CARLO,base_decomposition,weekly_bootstrap_P_min_bankroll_le_floor,0.999990,,weekly_bootstrap,superasi_bdebase_v1.1.0,grade_config_v1,2026-09-21T18:16:15Z,55d9a8bdcc4e4d82a222fd1bfb84fdbf,ATP CROSS 65 REACH 85 40 JUL 2025 ITI-05,e5cba21e206a859f465992e9705418339cee20e8e1cab2abbaa6eefe9bdbcbca,1ca7e1b4c022503dc39a4e6c3fd93a68123b280a28d7e3501b8f40d8e70e44fd,544af08020cf5cbc80434291e0f6b64f562c9ed0142f5ef5b1aeb6eaeee949ae,ATP CROSS 65 REACH 85 40 JUL 2025 ITI-05,ATP,ATP,2025-2026,2025-07-01,2025-07-31,"{""date_from"":""2025-07-01"",""date_to"":""2025-07-31"",""game_data"":[],""leagues"":[""ATP""],""market_data"":[""candles""],""markets"":[""kalshi""],""seasons"":[""2025-2026""],""sports"":[""ATP""]}",TRADABLE_YES_BID,1_MINUTE_CANDLE,available_at,CROSS,"{""id"":""e1"",""op"":""CROSS"",""price_e4"":7100}",REACH,"{""id"":""win"",""op"":""REACH"",""outcome"":""win"",""price_e4"":8500}",REACH,"{""id"":""loss"",""op"":""REACH"",""outcome"":""loss"",""price_e4"":4000}",HOLD_TO_SETTLEMENT,b530d65b28edd1535a76ec4046e518bc9de0bcfa836596c3227470a9a4d0a869,1.0.0,2026-09-15T01:30:56Z,1.0.0,1.0.0,1.0.0,2026-09-15T01:30:56Z,READY,351,182,139,0.566978,0.433022,1400,3100,0.451613,-501.709402,2d9a4d634a4a5508155a34c9ff097202c0d039e70a9a5b95665317d16af53f70,candle_path_not_fill,UNAVAILABLE,UNAVAILABLE,UNAVAILABLE,NOT_COMPUTABLE,UNAVAILABLE
risk_profile,MONTE_CARLO,base_decomposition,weekly_bootstrap_P_final_ge_target,0.000010,,weekly_bootstrap,superasi_bdebase_v1.1.0,grade_config_v1,2026-09-21T18:16:15Z,55d9a8bdcc4e4d82a222fd1bfb84fdbf,ATP CROSS 65 REACH 85 40 JUL 2025 ITI-05,e5cba21e206a859f465992e9705418339cee20e8e1cab2abbaa6eefe9bdbcbca,1ca7e1b4c022503dc39a4e6c3fd93a68123b280a28d7e3501b8f40d8e70e44fd,544af08020cf5cbc80434291e0f6b64f562c9ed0142f5ef5b1aeb6eaeee949ae,ATP CROSS 65 REACH 85 40 JUL 2025 ITI-05,ATP,ATP,2025-2026,2025-07-01,2025-07-31,"{""date_from"":""2025-07-01"",""date_to"":""2025-07-31"",""game_data"":[],""leagues"":[""ATP""],""market_data"":[""candles""],""markets"":[""kalshi""],""seasons"":[""2025-2026""],""sports"":[""ATP""]}",TRADABLE_YES_BID,1_MINUTE_CANDLE,available_at,CROSS,"{""id"":""e1"",""op"":""CROSS"",""price_e4"":7100}",REACH,"{""id"":""win"",""op"":""REACH"",""outcome"":""win"",""price_e4"":8500}",REACH,"{""id"":""loss"",""op"":""REACH"",""outcome"":""loss"",""price_e4"":4000}",HOLD_TO_SETTLEMENT,b530d65b28edd1535a76ec4046e518bc9de0bcfa836596c3227470a9a4d0a869,1.0.0,2026-09-15T01:30:56Z,1.0.0,1.0.0,1.0.0,2026-09-15T01:30:56Z,READY,351,182,139,0.566978,0.433022,1400,3100,0.451613,-501.709402,2d9a4d634a4a5508155a34c9ff097202c0d039e70a9a5b95665317d16af53f70,candle_path_not_fill,UNAVAILABLE,UNAVAILABLE,UNAVAILABLE,NOT_COMPUTABLE,UNAVAILABLE
risk_profile,MONTE_CARLO,base_decomposition,weekly_bootstrap_P_return_lt_0,0.999990,,weekly_bootstrap,superasi_bdebase_v1.1.0,grade_config_v1,2026-09-21T18:16:15Z,55d9a8bdcc4e4d82a222fd1bfb84fdbf,ATP CROSS 65 REACH 85 40 JUL 2025 ITI-05,e5cba21e206a859f465992e9705418339cee20e8e1cab2abbaa6eefe9bdbcbca,1ca7e1b4c022503dc39a4e6c3fd93a68123b280a28d7e3501b8f40d8e70e44fd,544af08020cf5cbc80434291e0f6b64f562c9ed0142f5ef5b1aeb6eaeee949ae,ATP CROSS 65 REACH 85 40 JUL 2025 ITI-05,ATP,ATP,2025-2026,2025-07-01,2025-07-31,"{""date_from"":""2025-07-01"",""date_to"":""2025-07-31"",""game_data"":[],""leagues"":[""ATP""],""market_data"":[""candles""],""markets"":[""kalshi""],""seasons"":[""2025-2026""],""sports"":[""ATP""]}",TRADABLE_YES_BID,1_MINUTE_CANDLE,available_at,CROSS,"{""id"":""e1"",""op"":""CROSS"",""price_e4"":7100}",REACH,"{""id"":""win"",""op"":""REACH"",""outcome"":""win"",""price_e4"":8500}",REACH,"{""id"":""loss"",""op"":""REACH"",""outcome"":""loss"",""price_e4"":4000}",HOLD_TO_SETTLEMENT,b530d65b28edd1535a76ec4046e518bc9de0bcfa836596c3227470a9a4d0a869,1.0.0,2026-09-15T01:30:56Z,1.0.0,1.0.0,1.0.0,2026-09-15T01:30:56Z,READY,351,182,139,0.566978,0.433022,1400,3100,0.451613,-501.709402,2d9a4d634a4a5508155a34c9ff097202c0d039e70a9a5b95665317d16af53f70,candle_path_not_fill,UNAVAILABLE,UNAVAILABLE,UNAVAILABLE,NOT_COMPUTABLE,UNAVAILABLE
sensitivity,THEORETICAL,base_decomposition,p_0.6_trade_ev,-0.002817,fraction,p_grid,superasi_bdebase_v1.1.0,grade_config_v1,2026-09-21T18:16:15Z,55d9a8bdcc4e4d82a222fd1bfb84fdbf,ATP CROSS 65 REACH 85 40 JUL 2025 ITI-05,e5cba21e206a859f465992e9705418339cee20e8e1cab2abbaa6eefe9bdbcbca,1ca7e1b4c022503dc39a4e6c3fd93a68123b280a28d7e3501b8f40d8e70e44fd,544af08020cf5cbc80434291e0f6b64f562c9ed0142f5ef5b1aeb6eaeee949ae,ATP CROSS 65 REACH 85 40 JUL 2025 ITI-05,ATP,ATP,2025-2026,2025-07-01,2025-07-31,"{""date_from"":""2025-07-01"",""date_to"":""2025-07-31"",""game_data"":[],""leagues"":[""ATP""],""market_data"":[""candles""],""markets"":[""kalshi""],""seasons"":[""2025-2026""],""sports"":[""ATP""]}",TRADABLE_YES_BID,1_MINUTE_CANDLE,available_at,CROSS,"{""id"":""e1"",""op"":""CROSS"",""price_e4"":7100}",REACH,"{""id"":""win"",""op"":""REACH"",""outcome"":""win"",""price_e4"":8500}",REACH,"{""id"":""loss"",""op"":""REACH"",""outcome"":""loss"",""price_e4"":4000}",HOLD_TO_SETTLEMENT,b530d65b28edd1535a76ec4046e518bc9de0bcfa836596c3227470a9a4d0a869,1.0.0,2026-09-15T01:30:56Z,1.0.0,1.0.0,1.0.0,2026-09-15T01:30:56Z,READY,351,182,139,0.566978,0.433022,1400,3100,0.451613,-501.709402,2d9a4d634a4a5508155a34c9ff097202c0d039e70a9a5b95665317d16af53f70,candle_path_not_fill,UNAVAILABLE,UNAVAILABLE,UNAVAILABLE,NOT_COMPUTABLE,UNAVAILABLE
sensitivity,THEORETICAL,base_decomposition,p_0.6_weekly_ev,-0.028169,fraction,p_grid,superasi_bdebase_v1.1.0,grade_config_v1,2026-09-21T18:16:15Z,55d9a8bdcc4e4d82a222fd1bfb84fdbf,ATP CROSS 65 REACH 85 40 JUL 2025 ITI-05,e5cba21e206a859f465992e9705418339cee20e8e1cab2abbaa6eefe9bdbcbca,1ca7e1b4c022503dc39a4e6c3fd93a68123b280a28d7e3501b8f40d8e70e44fd,544af08020cf5cbc80434291e0f6b64f562c9ed0142f5ef5b1aeb6eaeee949ae,ATP CROSS 65 REACH 85 40 JUL 2025 ITI-05,ATP,ATP,2025-2026,2025-07-01,2025-07-31,"{""date_from"":""2025-07-01"",""date_to"":""2025-07-31"",""game_data"":[],""leagues"":[""ATP""],""market_data"":[""candles""],""markets"":[""kalshi""],""seasons"":[""2025-2026""],""sports"":[""ATP""]}",TRADABLE_YES_BID,1_MINUTE_CANDLE,available_at,CROSS,"{""id"":""e1"",""op"":""CROSS"",""price_e4"":7100}",REACH,"{""id"":""win"",""op"":""REACH"",""outcome"":""win"",""price_e4"":8500}",REACH,"{""id"":""loss"",""op"":""REACH"",""outcome"":""loss"",""price_e4"":4000}",HOLD_TO_SETTLEMENT,b530d65b28edd1535a76ec4046e518bc9de0bcfa836596c3227470a9a4d0a869,1.0.0,2026-09-15T01:30:56Z,1.0.0,1.0.0,1.0.0,2026-09-15T01:30:56Z,READY,351,182,139,0.566978,0.433022,1400,3100,0.451613,-501.709402,2d9a4d634a4a5508155a34c9ff097202c0d039e70a9a5b95665317d16af53f70,candle_path_not_fill,UNAVAILABLE,UNAVAILABLE,UNAVAILABLE,NOT_COMPUTABLE,UNAVAILABLE
sensitivity,MONTE_CARLO,base_decomposition,p_0.6_expected_20_week,-0.435491,fraction,p_grid,superasi_bdebase_v1.1.0,grade_config_v1,2026-09-21T18:16:15Z,55d9a8bdcc4e4d82a222fd1bfb84fdbf,ATP CROSS 65 REACH 85 40 JUL 2025 ITI-05,e5cba21e206a859f465992e9705418339cee20e8e1cab2abbaa6eefe9bdbcbca,1ca7e1b4c022503dc39a4e6c3fd93a68123b280a28d7e3501b8f40d8e70e44fd,544af08020cf5cbc80434291e0f6b64f562c9ed0142f5ef5b1aeb6eaeee949ae,ATP CROSS 65 REACH 85 40 JUL 2025 ITI-05,ATP,ATP,2025-2026,2025-07-01,2025-07-31,"{""date_from"":""2025-07-01"",""date_to"":""2025-07-31"",""game_data"":[],""leagues"":[""ATP""],""market_data"":[""candles""],""markets"":[""kalshi""],""seasons"":[""2025-2026""],""sports"":[""ATP""]}",TRADABLE_YES_BID,1_MINUTE_CANDLE,available_at,CROSS,"{""id"":""e1"",""op"":""CROSS"",""price_e4"":7100}",REACH,"{""id"":""win"",""op"":""REACH"",""outcome"":""win"",""price_e4"":8500}",REACH,"{""id"":""loss"",""op"":""REACH"",""outcome"":""loss"",""price_e4"":4000}",HOLD_TO_SETTLEMENT,b530d65b28edd1535a76ec4046e518bc9de0bcfa836596c3227470a9a4d0a869,1.0.0,2026-09-15T01:30:56Z,1.0.0,1.0.0,1.0.0,2026-09-15T01:30:56Z,READY,351,182,139,0.566978,0.433022,1400,3100,0.451613,-501.709402,2d9a4d634a4a5508155a34c9ff097202c0d039e70a9a5b95665317d16af53f70,candle_path_not_fill,UNAVAILABLE,UNAVAILABLE,UNAVAILABLE,NOT_COMPUTABLE,UNAVAILABLE
sensitivity,MONTE_CARLO,base_decomposition,p_0.6_P_floor,0.938100,fraction,p_grid,superasi_bdebase_v1.1.0,grade_config_v1,2026-09-21T18:16:15Z,55d9a8bdcc4e4d82a222fd1bfb84fdbf,ATP CROSS 65 REACH 85 40 JUL 2025 ITI-05,e5cba21e206a859f465992e9705418339cee20e8e1cab2abbaa6eefe9bdbcbca,1ca7e1b4c022503dc39a4e6c3fd93a68123b280a28d7e3501b8f40d8e70e44fd,544af08020cf5cbc80434291e0f6b64f562c9ed0142f5ef5b1aeb6eaeee949ae,ATP CROSS 65 REACH 85 40 JUL 2025 ITI-05,ATP,ATP,2025-2026,2025-07-01,2025-07-31,"{""date_from"":""2025-07-01"",""date_to"":""2025-07-31"",""game_data"":[],""leagues"":[""ATP""],""market_data"":[""candles""],""markets"":[""kalshi""],""seasons"":[""2025-2026""],""sports"":[""ATP""]}",TRADABLE_YES_BID,1_MINUTE_CANDLE,available_at,CROSS,"{""id"":""e1"",""op"":""CROSS"",""price_e4"":7100}",REACH,"{""id"":""win"",""op"":""REACH"",""outcome"":""win"",""price_e4"":8500}",REACH,"{""id"":""loss"",""op"":""REACH"",""outcome"":""loss"",""price_e4"":4000}",HOLD_TO_SETTLEMENT,b530d65b28edd1535a76ec4046e518bc9de0bcfa836596c3227470a9a4d0a869,1.0.0,2026-09-15T01:30:56Z,1.0.0,1.0.0,1.0.0,2026-09-15T01:30:56Z,READY,351,182,139,0.566978,0.433022,1400,3100,0.451613,-501.709402,2d9a4d634a4a5508155a34c9ff097202c0d039e70a9a5b95665317d16af53f70,candle_path_not_fill,UNAVAILABLE,UNAVAILABLE,UNAVAILABLE,NOT_COMPUTABLE,UNAVAILABLE
sensitivity,MONTE_CARLO,base_decomposition,p_0.6_P_target,0.000000,fraction,p_grid,superasi_bdebase_v1.1.0,grade_config_v1,2026-09-21T18:16:15Z,55d9a8bdcc4e4d82a222fd1bfb84fdbf,ATP CROSS 65 REACH 85 40 JUL 2025 ITI-05,e5cba21e206a859f465992e9705418339cee20e8e1cab2abbaa6eefe9bdbcbca,1ca7e1b4c022503dc39a4e6c3fd93a68123b280a28d7e3501b8f40d8e70e44fd,544af08020cf5cbc80434291e0f6b64f562c9ed0142f5ef5b1aeb6eaeee949ae,ATP CROSS 65 REACH 85 40 JUL 2025 ITI-05,ATP,ATP,2025-2026,2025-07-01,2025-07-31,"{""date_from"":""2025-07-01"",""date_to"":""2025-07-31"",""game_data"":[],""leagues"":[""ATP""],""market_data"":[""candles""],""markets"":[""kalshi""],""seasons"":[""2025-2026""],""sports"":[""ATP""]}",TRADABLE_YES_BID,1_MINUTE_CANDLE,available_at,CROSS,"{""id"":""e1"",""op"":""CROSS"",""price_e4"":7100}",REACH,"{""id"":""win"",""op"":""REACH"",""outcome"":""win"",""price_e4"":8500}",REACH,"{""id"":""loss"",""op"":""REACH"",""outcome"":""loss"",""price_e4"":4000}",HOLD_TO_SETTLEMENT,b530d65b28edd1535a76ec4046e518bc9de0bcfa836596c3227470a9a4d0a869,1.0.0,2026-09-15T01:30:56Z,1.0.0,1.0.0,1.0.0,2026-09-15T01:30:56Z,READY,351,182,139,0.566978,0.433022,1400,3100,0.451613,-501.709402,2d9a4d634a4a5508155a34c9ff097202c0d039e70a9a5b95665317d16af53f70,candle_path_not_fill,UNAVAILABLE,UNAVAILABLE,UNAVAILABLE,NOT_COMPUTABLE,UNAVAILABLE
sensitivity,MONTE_CARLO,base_decomposition,p_0.6_median_terminal,11036.575732,usd,p_grid,superasi_bdebase_v1.1.0,grade_config_v1,2026-09-21T18:16:15Z,55d9a8bdcc4e4d82a222fd1bfb84fdbf,ATP CROSS 65 REACH 85 40 JUL 2025 ITI-05,e5cba21e206a859f465992e9705418339cee20e8e1cab2abbaa6eefe9bdbcbca,1ca7e1b4c022503dc39a4e6c3fd93a68123b280a28d7e3501b8f40d8e70e44fd,544af08020cf5cbc80434291e0f6b64f562c9ed0142f5ef5b1aeb6eaeee949ae,ATP CROSS 65 REACH 85 40 JUL 2025 ITI-05,ATP,ATP,2025-2026,2025-07-01,2025-07-31,"{""date_from"":""2025-07-01"",""date_to"":""2025-07-31"",""game_data"":[],""leagues"":[""ATP""],""market_data"":[""candles""],""markets"":[""kalshi""],""seasons"":[""2025-2026""],""sports"":[""ATP""]}",TRADABLE_YES_BID,1_MINUTE_CANDLE,available_at,CROSS,"{""id"":""e1"",""op"":""CROSS"",""price_e4"":7100}",REACH,"{""id"":""win"",""op"":""REACH"",""outcome"":""win"",""price_e4"":8500}",REACH,"{""id"":""loss"",""op"":""REACH"",""outcome"":""loss"",""price_e4"":4000}",HOLD_TO_SETTLEMENT,b530d65b28edd1535a76ec4046e518bc9de0bcfa836596c3227470a9a4d0a869,1.0.0,2026-09-15T01:30:56Z,1.0.0,1.0.0,1.0.0,2026-09-15T01:30:56Z,READY,351,182,139,0.566978,0.433022,1400,3100,0.451613,-501.709402,2d9a4d634a4a5508155a34c9ff097202c0d039e70a9a5b95665317d16af53f70,candle_path_not_fill,UNAVAILABLE,UNAVAILABLE,UNAVAILABLE,NOT_COMPUTABLE,UNAVAILABLE
sensitivity,THEORETICAL,base_decomposition,p_0.625_trade_ev,-0.002025,fraction,p_grid,superasi_bdebase_v1.1.0,grade_config_v1,2026-09-21T18:16:15Z,55d9a8bdcc4e4d82a222fd1bfb84fdbf,ATP CROSS 65 REACH 85 40 JUL 2025 ITI-05,e5cba21e206a859f465992e9705418339cee20e8e1cab2abbaa6eefe9bdbcbca,1ca7e1b4c022503dc39a4e6c3fd93a68123b280a28d7e3501b8f40d8e70e44fd,544af08020cf5cbc80434291e0f6b64f562c9ed0142f5ef5b1aeb6eaeee949ae,ATP CROSS 65 REACH 85 40 JUL 2025 ITI-05,ATP,ATP,2025-2026,2025-07-01,2025-07-31,"{""date_from"":""2025-07-01"",""date_to"":""2025-07-31"",""game_data"":[],""leagues"":[""ATP""],""market_data"":[""candles""],""markets"":[""kalshi""],""seasons"":[""2025-2026""],""sports"":[""ATP""]}",TRADABLE_YES_BID,1_MINUTE_CANDLE,available_at,CROSS,"{""id"":""e1"",""op"":""CROSS"",""price_e4"":7100}",REACH,"{""id"":""win"",""op"":""REACH"",""outcome"":""win"",""price_e4"":8500}",REACH,"{""id"":""loss"",""op"":""REACH"",""outcome"":""loss"",""price_e4"":4000}",HOLD_TO_SETTLEMENT,b530d65b28edd1535a76ec4046e518bc9de0bcfa836596c3227470a9a4d0a869,1.0.0,2026-09-15T01:30:56Z,1.0.0,1.0.0,1.0.0,2026-09-15T01:30:56Z,READY,351,182,139,0.566978,0.433022,1400,3100,0.451613,-501.709402,2d9a4d634a4a5508155a34c9ff097202c0d039e70a9a5b95665317d16af53f70,candle_path_not_fill,UNAVAILABLE,UNAVAILABLE,UNAVAILABLE,NOT_COMPUTABLE,UNAVAILABLE
sensitivity,THEORETICAL,base_decomposition,p_0.625_weekly_ev,-0.020246,fraction,p_grid,superasi_bdebase_v1.1.0,grade_config_v1,2026-09-21T18:16:15Z,55d9a8bdcc4e4d82a222fd1bfb84fdbf,ATP CROSS 65 REACH 85 40 JUL 2025 ITI-05,e5cba21e206a859f465992e9705418339cee20e8e1cab2abbaa6eefe9bdbcbca,1ca7e1b4c022503dc39a4e6c3fd93a68123b280a28d7e3501b8f40d8e70e44fd,544af08020cf5cbc80434291e0f6b64f562c9ed0142f5ef5b1aeb6eaeee949ae,ATP CROSS 65 REACH 85 40 JUL 2025 ITI-05,ATP,ATP,2025-2026,2025-07-01,2025-07-31,"{""date_from"":""2025-07-01"",""date_to"":""2025-07-31"",""game_data"":[],""leagues"":[""ATP""],""market_data"":[""candles""],""markets"":[""kalshi""],""seasons"":[""2025-2026""],""sports"":[""ATP""]}",TRADABLE_YES_BID,1_MINUTE_CANDLE,available_at,CROSS,"{""id"":""e1"",""op"":""CROSS"",""price_e4"":7100}",REACH,"{""id"":""win"",""op"":""REACH"",""outcome"":""win"",""price_e4"":8500}",REACH,"{""id"":""loss"",""op"":""REACH"",""outcome"":""loss"",""price_e4"":4000}",HOLD_TO_SETTLEMENT,b530d65b28edd1535a76ec4046e518bc9de0bcfa836596c3227470a9a4d0a869,1.0.0,2026-09-15T01:30:56Z,1.0.0,1.0.0,1.0.0,2026-09-15T01:30:56Z,READY,351,182,139,0.566978,0.433022,1400,3100,0.451613,-501.709402,2d9a4d634a4a5508155a34c9ff097202c0d039e70a9a5b95665317d16af53f70,candle_path_not_fill,UNAVAILABLE,UNAVAILABLE,UNAVAILABLE,NOT_COMPUTABLE,UNAVAILABLE
sensitivity,MONTE_CARLO,base_decomposition,p_0.625_expected_20_week,-0.335649,fraction,p_grid,superasi_bdebase_v1.1.0,grade_config_v1,2026-09-21T18:16:15Z,55d9a8bdcc4e4d82a222fd1bfb84fdbf,ATP CROSS 65 REACH 85 40 JUL 2025 ITI-05,e5cba21e206a859f465992e9705418339cee20e8e1cab2abbaa6eefe9bdbcbca,1ca7e1b4c022503dc39a4e6c3fd93a68123b280a28d7e3501b8f40d8e70e44fd,544af08020cf5cbc80434291e0f6b64f562c9ed0142f5ef5b1aeb6eaeee949ae,ATP CROSS 65 REACH 85 40 JUL 2025 ITI-05,ATP,ATP,2025-2026,2025-07-01,2025-07-31,"{""date_from"":""2025-07-01"",""date_to"":""2025-07-31"",""game_data"":[],""leagues"":[""ATP""],""market_data"":[""candles""],""markets"":[""kalshi""],""seasons"":[""2025-2026""],""sports"":[""ATP""]}",TRADABLE_YES_BID,1_MINUTE_CANDLE,available_at,CROSS,"{""id"":""e1"",""op"":""CROSS"",""price_e4"":7100}",REACH,"{""id"":""win"",""op"":""REACH"",""outcome"":""win"",""price_e4"":8500}",REACH,"{""id"":""loss"",""op"":""REACH"",""outcome"":""loss"",""price_e4"":4000}",HOLD_TO_SETTLEMENT,b530d65b28edd1535a76ec4046e518bc9de0bcfa836596c3227470a9a4d0a869,1.0.0,2026-09-15T01:30:56Z,1.0.0,1.0.0,1.0.0,2026-09-15T01:30:56Z,READY,351,182,139,0.566978,0.433022,1400,3100,0.451613,-501.709402,2d9a4d634a4a5508155a34c9ff097202c0d039e70a9a5b95665317d16af53f70,candle_path_not_fill,UNAVAILABLE,UNAVAILABLE,UNAVAILABLE,NOT_COMPUTABLE,UNAVAILABLE
sensitivity,MONTE_CARLO,base_decomposition,p_0.625_P_floor,0.795230,fraction,p_grid,superasi_bdebase_v1.1.0,grade_config_v1,2026-09-21T18:16:15Z,55d9a8bdcc4e4d82a222fd1bfb84fdbf,ATP CROSS 65 REACH 85 40 JUL 2025 ITI-05,e5cba21e206a859f465992e9705418339cee20e8e1cab2abbaa6eefe9bdbcbca,1ca7e1b4c022503dc39a4e6c3fd93a68123b280a28d7e3501b8f40d8e70e44fd,544af08020cf5cbc80434291e0f6b64f562c9ed0142f5ef5b1aeb6eaeee949ae,ATP CROSS 65 REACH 85 40 JUL 2025 ITI-05,ATP,ATP,2025-2026,2025-07-01,2025-07-31,"{""date_from"":""2025-07-01"",""date_to"":""2025-07-31"",""game_data"":[],""leagues"":[""ATP""],""market_data"":[""candles""],""markets"":[""kalshi""],""seasons"":[""2025-2026""],""sports"":[""ATP""]}",TRADABLE_YES_BID,1_MINUTE_CANDLE,available_at,CROSS,"{""id"":""e1"",""op"":""CROSS"",""price_e4"":7100}",REACH,"{""id"":""win"",""op"":""REACH"",""outcome"":""win"",""price_e4"":8500}",REACH,"{""id"":""loss"",""op"":""REACH"",""outcome"":""loss"",""price_e4"":4000}",HOLD_TO_SETTLEMENT,b530d65b28edd1535a76ec4046e518bc9de0bcfa836596c3227470a9a4d0a869,1.0.0,2026-09-15T01:30:56Z,1.0.0,1.0.0,1.0.0,2026-09-15T01:30:56Z,READY,351,182,139,0.566978,0.433022,1400,3100,0.451613,-501.709402,2d9a4d634a4a5508155a34c9ff097202c0d039e70a9a5b95665317d16af53f70,candle_path_not_fill,UNAVAILABLE,UNAVAILABLE,UNAVAILABLE,NOT_COMPUTABLE,UNAVAILABLE
sensitivity,MONTE_CARLO,base_decomposition,p_0.625_P_target,0.000020,fraction,p_grid,superasi_bdebase_v1.1.0,grade_config_v1,2026-09-21T18:16:15Z,55d9a8bdcc4e4d82a222fd1bfb84fdbf,ATP CROSS 65 REACH 85 40 JUL 2025 ITI-05,e5cba21e206a859f465992e9705418339cee20e8e1cab2abbaa6eefe9bdbcbca,1ca7e1b4c022503dc39a4e6c3fd93a68123b280a28d7e3501b8f40d8e70e44fd,544af08020cf5cbc80434291e0f6b64f562c9ed0142f5ef5b1aeb6eaeee949ae,ATP CROSS 65 REACH 85 40 JUL 2025 ITI-05,ATP,ATP,2025-2026,2025-07-01,2025-07-31,"{""date_from"":""2025-07-01"",""date_to"":""2025-07-31"",""game_data"":[],""leagues"":[""ATP""],""market_data"":[""candles""],""markets"":[""kalshi""],""seasons"":[""2025-2026""],""sports"":[""ATP""]}",TRADABLE_YES_BID,1_MINUTE_CANDLE,available_at,CROSS,"{""id"":""e1"",""op"":""CROSS"",""price_e4"":7100}",REACH,"{""id"":""win"",""op"":""REACH"",""outcome"":""win"",""price_e4"":8500}",REACH,"{""id"":""loss"",""op"":""REACH"",""outcome"":""loss"",""price_e4"":4000}",HOLD_TO_SETTLEMENT,b530d65b28edd1535a76ec4046e518bc9de0bcfa836596c3227470a9a4d0a869,1.0.0,2026-09-15T01:30:56Z,1.0.0,1.0.0,1.0.0,2026-09-15T01:30:56Z,READY,351,182,139,0.566978,0.433022,1400,3100,0.451613,-501.709402,2d9a4d634a4a5508155a34c9ff097202c0d039e70a9a5b95665317d16af53f70,candle_path_not_fill,UNAVAILABLE,UNAVAILABLE,UNAVAILABLE,NOT_COMPUTABLE,UNAVAILABLE
sensitivity,MONTE_CARLO,base_decomposition,p_0.625_median_terminal,12996.801733,usd,p_grid,superasi_bdebase_v1.1.0,grade_config_v1,2026-09-21T18:16:15Z,55d9a8bdcc4e4d82a222fd1bfb84fdbf,ATP CROSS 65 REACH 85 40 JUL 2025 ITI-05,e5cba21e206a859f465992e9705418339cee20e8e1cab2abbaa6eefe9bdbcbca,1ca7e1b4c022503dc39a4e6c3fd93a68123b280a28d7e3501b8f40d8e70e44fd,544af08020cf5cbc80434291e0f6b64f562c9ed0142f5ef5b1aeb6eaeee949ae,ATP CROSS 65 REACH 85 40 JUL 2025 ITI-05,ATP,ATP,2025-2026,2025-07-01,2025-07-31,"{""date_from"":""2025-07-01"",""date_to"":""2025-07-31"",""game_data"":[],""leagues"":[""ATP""],""market_data"":[""candles""],""markets"":[""kalshi""],""seasons"":[""2025-2026""],""sports"":[""ATP""]}",TRADABLE_YES_BID,1_MINUTE_CANDLE,available_at,CROSS,"{""id"":""e1"",""op"":""CROSS"",""price_e4"":7100}",REACH,"{""id"":""win"",""op"":""REACH"",""outcome"":""win"",""price_e4"":8500}",REACH,"{""id"":""loss"",""op"":""REACH"",""outcome"":""loss"",""price_e4"":4000}",HOLD_TO_SETTLEMENT,b530d65b28edd1535a76ec4046e518bc9de0bcfa836596c3227470a9a4d0a869,1.0.0,2026-09-15T01:30:56Z,1.0.0,1.0.0,1.0.0,2026-09-15T01:30:56Z,READY,351,182,139,0.566978,0.433022,1400,3100,0.451613,-501.709402,2d9a4d634a4a5508155a34c9ff097202c0d039e70a9a5b95665317d16af53f70,candle_path_not_fill,UNAVAILABLE,UNAVAILABLE,UNAVAILABLE,NOT_COMPUTABLE,UNAVAILABLE
sensitivity,THEORETICAL,base_decomposition,p_0.65_trade_ev,-0.001232,fraction,p_grid,superasi_bdebase_v1.1.0,grade_config_v1,2026-09-21T18:16:15Z,55d9a8bdcc4e4d82a222fd1bfb84fdbf,ATP CROSS 65 REACH 85 40 JUL 2025 ITI-05,e5cba21e206a859f465992e9705418339cee20e8e1cab2abbaa6eefe9bdbcbca,1ca7e1b4c022503dc39a4e6c3fd93a68123b280a28d7e3501b8f40d8e70e44fd,544af08020cf5cbc80434291e0f6b64f562c9ed0142f5ef5b1aeb6eaeee949ae,ATP CROSS 65 REACH 85 40 JUL 2025 ITI-05,ATP,ATP,2025-2026,2025-07-01,2025-07-31,"{""date_from"":""2025-07-01"",""date_to"":""2025-07-31"",""game_data"":[],""leagues"":[""ATP""],""market_data"":[""candles""],""markets"":[""kalshi""],""seasons"":[""2025-2026""],""sports"":[""ATP""]}",TRADABLE_YES_BID,1_MINUTE_CANDLE,available_at,CROSS,"{""id"":""e1"",""op"":""CROSS"",""price_e4"":7100}",REACH,"{""id"":""win"",""op"":""REACH"",""outcome"":""win"",""price_e4"":8500}",REACH,"{""id"":""loss"",""op"":""REACH"",""outcome"":""loss"",""price_e4"":4000}",HOLD_TO_SETTLEMENT,b530d65b28edd1535a76ec4046e518bc9de0bcfa836596c3227470a9a4d0a869,1.0.0,2026-09-15T01:30:56Z,1.0.0,1.0.0,1.0.0,2026-09-15T01:30:56Z,READY,351,182,139,0.566978,0.433022,1400,3100,0.451613,-501.709402,2d9a4d634a4a5508155a34c9ff097202c0d039e70a9a5b95665317d16af53f70,candle_path_not_fill,UNAVAILABLE,UNAVAILABLE,UNAVAILABLE,NOT_COMPUTABLE,UNAVAILABLE
sensitivity,THEORETICAL,base_decomposition,p_0.65_weekly_ev,-0.012324,fraction,p_grid,superasi_bdebase_v1.1.0,grade_config_v1,2026-09-21T18:16:15Z,55d9a8bdcc4e4d82a222fd1bfb84fdbf,ATP CROSS 65 REACH 85 40 JUL 2025 ITI-05,e5cba21e206a859f465992e9705418339cee20e8e1cab2abbaa6eefe9bdbcbca,1ca7e1b4c022503dc39a4e6c3fd93a68123b280a28d7e3501b8f40d8e70e44fd,544af08020cf5cbc80434291e0f6b64f562c9ed0142f5ef5b1aeb6eaeee949ae,ATP CROSS 65 REACH 85 40 JUL 2025 ITI-05,ATP,ATP,2025-2026,2025-07-01,2025-07-31,"{""date_from"":""2025-07-01"",""date_to"":""2025-07-31"",""game_data"":[],""leagues"":[""ATP""],""market_data"":[""candles""],""markets"":[""kalshi""],""seasons"":[""2025-2026""],""sports"":[""ATP""]}",TRADABLE_YES_BID,1_MINUTE_CANDLE,available_at,CROSS,"{""id"":""e1"",""op"":""CROSS"",""price_e4"":7100}",REACH,"{""id"":""win"",""op"":""REACH"",""outcome"":""win"",""price_e4"":8500}",REACH,"{""id"":""loss"",""op"":""REACH"",""outcome"":""loss"",""price_e4"":4000}",HOLD_TO_SETTLEMENT,b530d65b28edd1535a76ec4046e518bc9de0bcfa836596c3227470a9a4d0a869,1.0.0,2026-09-15T01:30:56Z,1.0.0,1.0.0,1.0.0,2026-09-15T01:30:56Z,READY,351,182,139,0.566978,0.433022,1400,3100,0.451613,-501.709402,2d9a4d634a4a5508155a34c9ff097202c0d039e70a9a5b95665317d16af53f70,candle_path_not_fill,UNAVAILABLE,UNAVAILABLE,UNAVAILABLE,NOT_COMPUTABLE,UNAVAILABLE
sensitivity,MONTE_CARLO,base_decomposition,p_0.65_expected_20_week,-0.219308,fraction,p_grid,superasi_bdebase_v1.1.0,grade_config_v1,2026-09-21T18:16:15Z,55d9a8bdcc4e4d82a222fd1bfb84fdbf,ATP CROSS 65 REACH 85 40 JUL 2025 ITI-05,e5cba21e206a859f465992e9705418339cee20e8e1cab2abbaa6eefe9bdbcbca,1ca7e1b4c022503dc39a4e6c3fd93a68123b280a28d7e3501b8f40d8e70e44fd,544af08020cf5cbc80434291e0f6b64f562c9ed0142f5ef5b1aeb6eaeee949ae,ATP CROSS 65 REACH 85 40 JUL 2025 ITI-05,ATP,ATP,2025-2026,2025-07-01,2025-07-31,"{""date_from"":""2025-07-01"",""date_to"":""2025-07-31"",""game_data"":[],""leagues"":[""ATP""],""market_data"":[""candles""],""markets"":[""kalshi""],""seasons"":[""2025-2026""],""sports"":[""ATP""]}",TRADABLE_YES_BID,1_MINUTE_CANDLE,available_at,CROSS,"{""id"":""e1"",""op"":""CROSS"",""price_e4"":7100}",REACH,"{""id"":""win"",""op"":""REACH"",""outcome"":""win"",""price_e4"":8500}",REACH,"{""id"":""loss"",""op"":""REACH"",""outcome"":""loss"",""price_e4"":4000}",HOLD_TO_SETTLEMENT,b530d65b28edd1535a76ec4046e518bc9de0bcfa836596c3227470a9a4d0a869,1.0.0,2026-09-15T01:30:56Z,1.0.0,1.0.0,1.0.0,2026-09-15T01:30:56Z,READY,351,182,139,0.566978,0.433022,1400,3100,0.451613,-501.709402,2d9a4d634a4a5508155a34c9ff097202c0d039e70a9a5b95665317d16af53f70,candle_path_not_fill,UNAVAILABLE,UNAVAILABLE,UNAVAILABLE,NOT_COMPUTABLE,UNAVAILABLE
sensitivity,MONTE_CARLO,base_decomposition,p_0.65_P_floor,0.545590,fraction,p_grid,superasi_bdebase_v1.1.0,grade_config_v1,2026-09-21T18:16:15Z,55d9a8bdcc4e4d82a222fd1bfb84fdbf,ATP CROSS 65 REACH 85 40 JUL 2025 ITI-05,e5cba21e206a859f465992e9705418339cee20e8e1cab2abbaa6eefe9bdbcbca,1ca7e1b4c022503dc39a4e6c3fd93a68123b280a28d7e3501b8f40d8e70e44fd,544af08020cf5cbc80434291e0f6b64f562c9ed0142f5ef5b1aeb6eaeee949ae,ATP CROSS 65 REACH 85 40 JUL 2025 ITI-05,ATP,ATP,2025-2026,2025-07-01,2025-07-31,"{""date_from"":""2025-07-01"",""date_to"":""2025-07-31"",""game_data"":[],""leagues"":[""ATP""],""market_data"":[""candles""],""markets"":[""kalshi""],""seasons"":[""2025-2026""],""sports"":[""ATP""]}",TRADABLE_YES_BID,1_MINUTE_CANDLE,available_at,CROSS,"{""id"":""e1"",""op"":""CROSS"",""price_e4"":7100}",REACH,"{""id"":""win"",""op"":""REACH"",""outcome"":""win"",""price_e4"":8500}",REACH,"{""id"":""loss"",""op"":""REACH"",""outcome"":""loss"",""price_e4"":4000}",HOLD_TO_SETTLEMENT,b530d65b28edd1535a76ec4046e518bc9de0bcfa836596c3227470a9a4d0a869,1.0.0,2026-09-15T01:30:56Z,1.0.0,1.0.0,1.0.0,2026-09-15T01:30:56Z,READY,351,182,139,0.566978,0.433022,1400,3100,0.451613,-501.709402,2d9a4d634a4a5508155a34c9ff097202c0d039e70a9a5b95665317d16af53f70,candle_path_not_fill,UNAVAILABLE,UNAVAILABLE,UNAVAILABLE,NOT_COMPUTABLE,UNAVAILABLE
sensitivity,MONTE_CARLO,base_decomposition,p_0.65_P_target,0.000570,fraction,p_grid,superasi_bdebase_v1.1.0,grade_config_v1,2026-09-21T18:16:15Z,55d9a8bdcc4e4d82a222fd1bfb84fdbf,ATP CROSS 65 REACH 85 40 JUL 2025 ITI-05,e5cba21e206a859f465992e9705418339cee20e8e1cab2abbaa6eefe9bdbcbca,1ca7e1b4c022503dc39a4e6c3fd93a68123b280a28d7e3501b8f40d8e70e44fd,544af08020cf5cbc80434291e0f6b64f562c9ed0142f5ef5b1aeb6eaeee949ae,ATP CROSS 65 REACH 85 40 JUL 2025 ITI-05,ATP,ATP,2025-2026,2025-07-01,2025-07-31,"{""date_from"":""2025-07-01"",""date_to"":""2025-07-31"",""game_data"":[],""leagues"":[""ATP""],""market_data"":[""candles""],""markets"":[""kalshi""],""seasons"":[""2025-2026""],""sports"":[""ATP""]}",TRADABLE_YES_BID,1_MINUTE_CANDLE,available_at,CROSS,"{""id"":""e1"",""op"":""CROSS"",""price_e4"":7100}",REACH,"{""id"":""win"",""op"":""REACH"",""outcome"":""win"",""price_e4"":8500}",REACH,"{""id"":""loss"",""op"":""REACH"",""outcome"":""loss"",""price_e4"":4000}",HOLD_TO_SETTLEMENT,b530d65b28edd1535a76ec4046e518bc9de0bcfa836596c3227470a9a4d0a869,1.0.0,2026-09-15T01:30:56Z,1.0.0,1.0.0,1.0.0,2026-09-15T01:30:56Z,READY,351,182,139,0.566978,0.433022,1400,3100,0.451613,-501.709402,2d9a4d634a4a5508155a34c9ff097202c0d039e70a9a5b95665317d16af53f70,candle_path_not_fill,UNAVAILABLE,UNAVAILABLE,UNAVAILABLE,NOT_COMPUTABLE,UNAVAILABLE
sensitivity,MONTE_CARLO,base_decomposition,p_0.65_median_terminal,15287.262681,usd,p_grid,superasi_bdebase_v1.1.0,grade_config_v1,2026-09-21T18:16:15Z,55d9a8bdcc4e4d82a222fd1bfb84fdbf,ATP CROSS 65 REACH 85 40 JUL 2025 ITI-05,e5cba21e206a859f465992e9705418339cee20e8e1cab2abbaa6eefe9bdbcbca,1ca7e1b4c022503dc39a4e6c3fd93a68123b280a28d7e3501b8f40d8e70e44fd,544af08020cf5cbc80434291e0f6b64f562c9ed0142f5ef5b1aeb6eaeee949ae,ATP CROSS 65 REACH 85 40 JUL 2025 ITI-05,ATP,ATP,2025-2026,2025-07-01,2025-07-31,"{""date_from"":""2025-07-01"",""date_to"":""2025-07-31"",""game_data"":[],""leagues"":[""ATP""],""market_data"":[""candles""],""markets"":[""kalshi""],""seasons"":[""2025-2026""],""sports"":[""ATP""]}",TRADABLE_YES_BID,1_MINUTE_CANDLE,available_at,CROSS,"{""id"":""e1"",""op"":""CROSS"",""price_e4"":7100}",REACH,"{""id"":""win"",""op"":""REACH"",""outcome"":""win"",""price_e4"":8500}",REACH,"{""id"":""loss"",""op"":""REACH"",""outcome"":""loss"",""price_e4"":4000}",HOLD_TO_SETTLEMENT,b530d65b28edd1535a76ec4046e518bc9de0bcfa836596c3227470a9a4d0a869,1.0.0,2026-09-15T01:30:56Z,1.0.0,1.0.0,1.0.0,2026-09-15T01:30:56Z,READY,351,182,139,0.566978,0.433022,1400,3100,0.451613,-501.709402,2d9a4d634a4a5508155a34c9ff097202c0d039e70a9a5b95665317d16af53f70,candle_path_not_fill,UNAVAILABLE,UNAVAILABLE,UNAVAILABLE,NOT_COMPUTABLE,UNAVAILABLE
sensitivity,THEORETICAL,base_decomposition,p_0.675_trade_ev,-0.000440,fraction,p_grid,superasi_bdebase_v1.1.0,grade_config_v1,2026-09-21T18:16:15Z,55d9a8bdcc4e4d82a222fd1bfb84fdbf,ATP CROSS 65 REACH 85 40 JUL 2025 ITI-05,e5cba21e206a859f465992e9705418339cee20e8e1cab2abbaa6eefe9bdbcbca,1ca7e1b4c022503dc39a4e6c3fd93a68123b280a28d7e3501b8f40d8e70e44fd,544af08020cf5cbc80434291e0f6b64f562c9ed0142f5ef5b1aeb6eaeee949ae,ATP CROSS 65 REACH 85 40 JUL 2025 ITI-05,ATP,ATP,2025-2026,2025-07-01,2025-07-31,"{""date_from"":""2025-07-01"",""date_to"":""2025-07-31"",""game_data"":[],""leagues"":[""ATP""],""market_data"":[""candles""],""markets"":[""kalshi""],""seasons"":[""2025-2026""],""sports"":[""ATP""]}",TRADABLE_YES_BID,1_MINUTE_CANDLE,available_at,CROSS,"{""id"":""e1"",""op"":""CROSS"",""price_e4"":7100}",REACH,"{""id"":""win"",""op"":""REACH"",""outcome"":""win"",""price_e4"":8500}",REACH,"{""id"":""loss"",""op"":""REACH"",""outcome"":""loss"",""price_e4"":4000}",HOLD_TO_SETTLEMENT,b530d65b28edd1535a76ec4046e518bc9de0bcfa836596c3227470a9a4d0a869,1.0.0,2026-09-15T01:30:56Z,1.0.0,1.0.0,1.0.0,2026-09-15T01:30:56Z,READY,351,182,139,0.566978,0.433022,1400,3100,0.451613,-501.709402,2d9a4d634a4a5508155a34c9ff097202c0d039e70a9a5b95665317d16af53f70,candle_path_not_fill,UNAVAILABLE,UNAVAILABLE,UNAVAILABLE,NOT_COMPUTABLE,UNAVAILABLE
sensitivity,THEORETICAL,base_decomposition,p_0.675_weekly_ev,-0.004401,fraction,p_grid,superasi_bdebase_v1.1.0,grade_config_v1,2026-09-21T18:16:15Z,55d9a8bdcc4e4d82a222fd1bfb84fdbf,ATP CROSS 65 REACH 85 40 JUL 2025 ITI-05,e5cba21e206a859f465992e9705418339cee20e8e1cab2abbaa6eefe9bdbcbca,1ca7e1b4c022503dc39a4e6c3fd93a68123b280a28d7e3501b8f40d8e70e44fd,544af08020cf5cbc80434291e0f6b64f562c9ed0142f5ef5b1aeb6eaeee949ae,ATP CROSS 65 REACH 85 40 JUL 2025 ITI-05,ATP,ATP,2025-2026,2025-07-01,2025-07-31,"{""date_from"":""2025-07-01"",""date_to"":""2025-07-31"",""game_data"":[],""leagues"":[""ATP""],""market_data"":[""candles""],""markets"":[""kalshi""],""seasons"":[""2025-2026""],""sports"":[""ATP""]}",TRADABLE_YES_BID,1_MINUTE_CANDLE,available_at,CROSS,"{""id"":""e1"",""op"":""CROSS"",""price_e4"":7100}",REACH,"{""id"":""win"",""op"":""REACH"",""outcome"":""win"",""price_e4"":8500}",REACH,"{""id"":""loss"",""op"":""REACH"",""outcome"":""loss"",""price_e4"":4000}",HOLD_TO_SETTLEMENT,b530d65b28edd1535a76ec4046e518bc9de0bcfa836596c3227470a9a4d0a869,1.0.0,2026-09-15T01:30:56Z,1.0.0,1.0.0,1.0.0,2026-09-15T01:30:56Z,READY,351,182,139,0.566978,0.433022,1400,3100,0.451613,-501.709402,2d9a4d634a4a5508155a34c9ff097202c0d039e70a9a5b95665317d16af53f70,candle_path_not_fill,UNAVAILABLE,UNAVAILABLE,UNAVAILABLE,NOT_COMPUTABLE,UNAVAILABLE
sensitivity,MONTE_CARLO,base_decomposition,p_0.675_expected_20_week,-0.083500,fraction,p_grid,superasi_bdebase_v1.1.0,grade_config_v1,2026-09-21T18:16:15Z,55d9a8bdcc4e4d82a222fd1bfb84fdbf,ATP CROSS 65 REACH 85 40 JUL 2025 ITI-05,e5cba21e206a859f465992e9705418339cee20e8e1cab2abbaa6eefe9bdbcbca,1ca7e1b4c022503dc39a4e6c3fd93a68123b280a28d7e3501b8f40d8e70e44fd,544af08020cf5cbc80434291e0f6b64f562c9ed0142f5ef5b1aeb6eaeee949ae,ATP CROSS 65 REACH 85 40 JUL 2025 ITI-05,ATP,ATP,2025-2026,2025-07-01,2025-07-31,"{""date_from"":""2025-07-01"",""date_to"":""2025-07-31"",""game_data"":[],""leagues"":[""ATP""],""market_data"":[""candles""],""markets"":[""kalshi""],""seasons"":[""2025-2026""],""sports"":[""ATP""]}",TRADABLE_YES_BID,1_MINUTE_CANDLE,available_at,CROSS,"{""id"":""e1"",""op"":""CROSS"",""price_e4"":7100}",REACH,"{""id"":""win"",""op"":""REACH"",""outcome"":""win"",""price_e4"":8500}",REACH,"{""id"":""loss"",""op"":""REACH"",""outcome"":""loss"",""price_e4"":4000}",HOLD_TO_SETTLEMENT,b530d65b28edd1535a76ec4046e518bc9de0bcfa836596c3227470a9a4d0a869,1.0.0,2026-09-15T01:30:56Z,1.0.0,1.0.0,1.0.0,2026-09-15T01:30:56Z,READY,351,182,139,0.566978,0.433022,1400,3100,0.451613,-501.709402,2d9a4d634a4a5508155a34c9ff097202c0d039e70a9a5b95665317d16af53f70,candle_path_not_fill,UNAVAILABLE,UNAVAILABLE,UNAVAILABLE,NOT_COMPUTABLE,UNAVAILABLE
sensitivity,MONTE_CARLO,base_decomposition,p_0.675_P_floor,0.273450,fraction,p_grid,superasi_bdebase_v1.1.0,grade_config_v1,2026-09-21T18:16:15Z,55d9a8bdcc4e4d82a222fd1bfb84fdbf,ATP CROSS 65 REACH 85 40 JUL 2025 ITI-05,e5cba21e206a859f465992e9705418339cee20e8e1cab2abbaa6eefe9bdbcbca,1ca7e1b4c022503dc39a4e6c3fd93a68123b280a28d7e3501b8f40d8e70e44fd,544af08020cf5cbc80434291e0f6b64f562c9ed0142f5ef5b1aeb6eaeee949ae,ATP CROSS 65 REACH 85 40 JUL 2025 ITI-05,ATP,ATP,2025-2026,2025-07-01,2025-07-31,"{""date_from"":""2025-07-01"",""date_to"":""2025-07-31"",""game_data"":[],""leagues"":[""ATP""],""market_data"":[""candles""],""markets"":[""kalshi""],""seasons"":[""2025-2026""],""sports"":[""ATP""]}",TRADABLE_YES_BID,1_MINUTE_CANDLE,available_at,CROSS,"{""id"":""e1"",""op"":""CROSS"",""price_e4"":7100}",REACH,"{""id"":""win"",""op"":""REACH"",""outcome"":""win"",""price_e4"":8500}",REACH,"{""id"":""loss"",""op"":""REACH"",""outcome"":""loss"",""price_e4"":4000}",HOLD_TO_SETTLEMENT,b530d65b28edd1535a76ec4046e518bc9de0bcfa836596c3227470a9a4d0a869,1.0.0,2026-09-15T01:30:56Z,1.0.0,1.0.0,1.0.0,2026-09-15T01:30:56Z,READY,351,182,139,0.566978,0.433022,1400,3100,0.451613,-501.709402,2d9a4d634a4a5508155a34c9ff097202c0d039e70a9a5b95665317d16af53f70,candle_path_not_fill,UNAVAILABLE,UNAVAILABLE,UNAVAILABLE,NOT_COMPUTABLE,UNAVAILABLE
sensitivity,MONTE_CARLO,base_decomposition,p_0.675_P_target,0.005200,fraction,p_grid,superasi_bdebase_v1.1.0,grade_config_v1,2026-09-21T18:16:15Z,55d9a8bdcc4e4d82a222fd1bfb84fdbf,ATP CROSS 65 REACH 85 40 JUL 2025 ITI-05,e5cba21e206a859f465992e9705418339cee20e8e1cab2abbaa6eefe9bdbcbca,1ca7e1b4c022503dc39a4e6c3fd93a68123b280a28d7e3501b8f40d8e70e44fd,544af08020cf5cbc80434291e0f6b64f562c9ed0142f5ef5b1aeb6eaeee949ae,ATP CROSS 65 REACH 85 40 JUL 2025 ITI-05,ATP,ATP,2025-2026,2025-07-01,2025-07-31,"{""date_from"":""2025-07-01"",""date_to"":""2025-07-31"",""game_data"":[],""leagues"":[""ATP""],""market_data"":[""candles""],""markets"":[""kalshi""],""seasons"":[""2025-2026""],""sports"":[""ATP""]}",TRADABLE_YES_BID,1_MINUTE_CANDLE,available_at,CROSS,"{""id"":""e1"",""op"":""CROSS"",""price_e4"":7100}",REACH,"{""id"":""win"",""op"":""REACH"",""outcome"":""win"",""price_e4"":8500}",REACH,"{""id"":""loss"",""op"":""REACH"",""outcome"":""loss"",""price_e4"":4000}",HOLD_TO_SETTLEMENT,b530d65b28edd1535a76ec4046e518bc9de0bcfa836596c3227470a9a4d0a869,1.0.0,2026-09-15T01:30:56Z,1.0.0,1.0.0,1.0.0,2026-09-15T01:30:56Z,READY,351,182,139,0.566978,0.433022,1400,3100,0.451613,-501.709402,2d9a4d634a4a5508155a34c9ff097202c0d039e70a9a5b95665317d16af53f70,candle_path_not_fill,UNAVAILABLE,UNAVAILABLE,UNAVAILABLE,NOT_COMPUTABLE,UNAVAILABLE
sensitivity,MONTE_CARLO,base_decomposition,p_0.675_median_terminal,17964.753867,usd,p_grid,superasi_bdebase_v1.1.0,grade_config_v1,2026-09-21T18:16:15Z,55d9a8bdcc4e4d82a222fd1bfb84fdbf,ATP CROSS 65 REACH 85 40 JUL 2025 ITI-05,e5cba21e206a859f465992e9705418339cee20e8e1cab2abbaa6eefe9bdbcbca,1ca7e1b4c022503dc39a4e6c3fd93a68123b280a28d7e3501b8f40d8e70e44fd,544af08020cf5cbc80434291e0f6b64f562c9ed0142f5ef5b1aeb6eaeee949ae,ATP CROSS 65 REACH 85 40 JUL 2025 ITI-05,ATP,ATP,2025-2026,2025-07-01,2025-07-31,"{""date_from"":""2025-07-01"",""date_to"":""2025-07-31"",""game_data"":[],""leagues"":[""ATP""],""market_data"":[""candles""],""markets"":[""kalshi""],""seasons"":[""2025-2026""],""sports"":[""ATP""]}",TRADABLE_YES_BID,1_MINUTE_CANDLE,available_at,CROSS,"{""id"":""e1"",""op"":""CROSS"",""price_e4"":7100}",REACH,"{""id"":""win"",""op"":""REACH"",""outcome"":""win"",""price_e4"":8500}",REACH,"{""id"":""loss"",""op"":""REACH"",""outcome"":""loss"",""price_e4"":4000}",HOLD_TO_SETTLEMENT,b530d65b28edd1535a76ec4046e518bc9de0bcfa836596c3227470a9a4d0a869,1.0.0,2026-09-15T01:30:56Z,1.0.0,1.0.0,1.0.0,2026-09-15T01:30:56Z,READY,351,182,139,0.566978,0.433022,1400,3100,0.451613,-501.709402,2d9a4d634a4a5508155a34c9ff097202c0d039e70a9a5b95665317d16af53f70,candle_path_not_fill,UNAVAILABLE,UNAVAILABLE,UNAVAILABLE,NOT_COMPUTABLE,UNAVAILABLE
sensitivity,THEORETICAL,base_decomposition,p_0.7_trade_ev,0.000352,fraction,p_grid,superasi_bdebase_v1.1.0,grade_config_v1,2026-09-21T18:16:15Z,55d9a8bdcc4e4d82a222fd1bfb84fdbf,ATP CROSS 65 REACH 85 40 JUL 2025 ITI-05,e5cba21e206a859f465992e9705418339cee20e8e1cab2abbaa6eefe9bdbcbca,1ca7e1b4c022503dc39a4e6c3fd93a68123b280a28d7e3501b8f40d8e70e44fd,544af08020cf5cbc80434291e0f6b64f562c9ed0142f5ef5b1aeb6eaeee949ae,ATP CROSS 65 REACH 85 40 JUL 2025 ITI-05,ATP,ATP,2025-2026,2025-07-01,2025-07-31,"{""date_from"":""2025-07-01"",""date_to"":""2025-07-31"",""game_data"":[],""leagues"":[""ATP""],""market_data"":[""candles""],""markets"":[""kalshi""],""seasons"":[""2025-2026""],""sports"":[""ATP""]}",TRADABLE_YES_BID,1_MINUTE_CANDLE,available_at,CROSS,"{""id"":""e1"",""op"":""CROSS"",""price_e4"":7100}",REACH,"{""id"":""win"",""op"":""REACH"",""outcome"":""win"",""price_e4"":8500}",REACH,"{""id"":""loss"",""op"":""REACH"",""outcome"":""loss"",""price_e4"":4000}",HOLD_TO_SETTLEMENT,b530d65b28edd1535a76ec4046e518bc9de0bcfa836596c3227470a9a4d0a869,1.0.0,2026-09-15T01:30:56Z,1.0.0,1.0.0,1.0.0,2026-09-15T01:30:56Z,READY,351,182,139,0.566978,0.433022,1400,3100,0.451613,-501.709402,2d9a4d634a4a5508155a34c9ff097202c0d039e70a9a5b95665317d16af53f70,candle_path_not_fill,UNAVAILABLE,UNAVAILABLE,UNAVAILABLE,NOT_COMPUTABLE,UNAVAILABLE
sensitivity,THEORETICAL,base_decomposition,p_0.7_weekly_ev,0.003521,fraction,p_grid,superasi_bdebase_v1.1.0,grade_config_v1,2026-09-21T18:16:15Z,55d9a8bdcc4e4d82a222fd1bfb84fdbf,ATP CROSS 65 REACH 85 40 JUL 2025 ITI-05,e5cba21e206a859f465992e9705418339cee20e8e1cab2abbaa6eefe9bdbcbca,1ca7e1b4c022503dc39a4e6c3fd93a68123b280a28d7e3501b8f40d8e70e44fd,544af08020cf5cbc80434291e0f6b64f562c9ed0142f5ef5b1aeb6eaeee949ae,ATP CROSS 65 REACH 85 40 JUL 2025 ITI-05,ATP,ATP,2025-2026,2025-07-01,2025-07-31,"{""date_from"":""2025-07-01"",""date_to"":""2025-07-31"",""game_data"":[],""leagues"":[""ATP""],""market_data"":[""candles""],""markets"":[""kalshi""],""seasons"":[""2025-2026""],""sports"":[""ATP""]}",TRADABLE_YES_BID,1_MINUTE_CANDLE,available_at,CROSS,"{""id"":""e1"",""op"":""CROSS"",""price_e4"":7100}",REACH,"{""id"":""win"",""op"":""REACH"",""outcome"":""win"",""price_e4"":8500}",REACH,"{""id"":""loss"",""op"":""REACH"",""outcome"":""loss"",""price_e4"":4000}",HOLD_TO_SETTLEMENT,b530d65b28edd1535a76ec4046e518bc9de0bcfa836596c3227470a9a4d0a869,1.0.0,2026-09-15T01:30:56Z,1.0.0,1.0.0,1.0.0,2026-09-15T01:30:56Z,READY,351,182,139,0.566978,0.433022,1400,3100,0.451613,-501.709402,2d9a4d634a4a5508155a34c9ff097202c0d039e70a9a5b95665317d16af53f70,candle_path_not_fill,UNAVAILABLE,UNAVAILABLE,UNAVAILABLE,NOT_COMPUTABLE,UNAVAILABLE
sensitivity,MONTE_CARLO,base_decomposition,p_0.7_expected_20_week,0.073863,fraction,p_grid,superasi_bdebase_v1.1.0,grade_config_v1,2026-09-21T18:16:15Z,55d9a8bdcc4e4d82a222fd1bfb84fdbf,ATP CROSS 65 REACH 85 40 JUL 2025 ITI-05,e5cba21e206a859f465992e9705418339cee20e8e1cab2abbaa6eefe9bdbcbca,1ca7e1b4c022503dc39a4e6c3fd93a68123b280a28d7e3501b8f40d8e70e44fd,544af08020cf5cbc80434291e0f6b64f562c9ed0142f5ef5b1aeb6eaeee949ae,ATP CROSS 65 REACH 85 40 JUL 2025 ITI-05,ATP,ATP,2025-2026,2025-07-01,2025-07-31,"{""date_from"":""2025-07-01"",""date_to"":""2025-07-31"",""game_data"":[],""leagues"":[""ATP""],""market_data"":[""candles""],""markets"":[""kalshi""],""seasons"":[""2025-2026""],""sports"":[""ATP""]}",TRADABLE_YES_BID,1_MINUTE_CANDLE,available_at,CROSS,"{""id"":""e1"",""op"":""CROSS"",""price_e4"":7100}",REACH,"{""id"":""win"",""op"":""REACH"",""outcome"":""win"",""price_e4"":8500}",REACH,"{""id"":""loss"",""op"":""REACH"",""outcome"":""loss"",""price_e4"":4000}",HOLD_TO_SETTLEMENT,b530d65b28edd1535a76ec4046e518bc9de0bcfa836596c3227470a9a4d0a869,1.0.0,2026-09-15T01:30:56Z,1.0.0,1.0.0,1.0.0,2026-09-15T01:30:56Z,READY,351,182,139,0.566978,0.433022,1400,3100,0.451613,-501.709402,2d9a4d634a4a5508155a34c9ff097202c0d039e70a9a5b95665317d16af53f70,candle_path_not_fill,UNAVAILABLE,UNAVAILABLE,UNAVAILABLE,NOT_COMPUTABLE,UNAVAILABLE
sensitivity,MONTE_CARLO,base_decomposition,p_0.7_P_floor,0.092890,fraction,p_grid,superasi_bdebase_v1.1.0,grade_config_v1,2026-09-21T18:16:15Z,55d9a8bdcc4e4d82a222fd1bfb84fdbf,ATP CROSS 65 REACH 85 40 JUL 2025 ITI-05,e5cba21e206a859f465992e9705418339cee20e8e1cab2abbaa6eefe9bdbcbca,1ca7e1b4c022503dc39a4e6c3fd93a68123b280a28d7e3501b8f40d8e70e44fd,544af08020cf5cbc80434291e0f6b64f562c9ed0142f5ef5b1aeb6eaeee949ae,ATP CROSS 65 REACH 85 40 JUL 2025 ITI-05,ATP,ATP,2025-2026,2025-07-01,2025-07-31,"{""date_from"":""2025-07-01"",""date_to"":""2025-07-31"",""game_data"":[],""leagues"":[""ATP""],""market_data"":[""candles""],""markets"":[""kalshi""],""seasons"":[""2025-2026""],""sports"":[""ATP""]}",TRADABLE_YES_BID,1_MINUTE_CANDLE,available_at,CROSS,"{""id"":""e1"",""op"":""CROSS"",""price_e4"":7100}",REACH,"{""id"":""win"",""op"":""REACH"",""outcome"":""win"",""price_e4"":8500}",REACH,"{""id"":""loss"",""op"":""REACH"",""outcome"":""loss"",""price_e4"":4000}",HOLD_TO_SETTLEMENT,b530d65b28edd1535a76ec4046e518bc9de0bcfa836596c3227470a9a4d0a869,1.0.0,2026-09-15T01:30:56Z,1.0.0,1.0.0,1.0.0,2026-09-15T01:30:56Z,READY,351,182,139,0.566978,0.433022,1400,3100,0.451613,-501.709402,2d9a4d634a4a5508155a34c9ff097202c0d039e70a9a5b95665317d16af53f70,candle_path_not_fill,UNAVAILABLE,UNAVAILABLE,UNAVAILABLE,NOT_COMPUTABLE,UNAVAILABLE
sensitivity,MONTE_CARLO,base_decomposition,p_0.7_P_target,0.037520,fraction,p_grid,superasi_bdebase_v1.1.0,grade_config_v1,2026-09-21T18:16:15Z,55d9a8bdcc4e4d82a222fd1bfb84fdbf,ATP CROSS 65 REACH 85 40 JUL 2025 ITI-05,e5cba21e206a859f465992e9705418339cee20e8e1cab2abbaa6eefe9bdbcbca,1ca7e1b4c022503dc39a4e6c3fd93a68123b280a28d7e3501b8f40d8e70e44fd,544af08020cf5cbc80434291e0f6b64f562c9ed0142f5ef5b1aeb6eaeee949ae,ATP CROSS 65 REACH 85 40 JUL 2025 ITI-05,ATP,ATP,2025-2026,2025-07-01,2025-07-31,"{""date_from"":""2025-07-01"",""date_to"":""2025-07-31"",""game_data"":[],""leagues"":[""ATP""],""market_data"":[""candles""],""markets"":[""kalshi""],""seasons"":[""2025-2026""],""sports"":[""ATP""]}",TRADABLE_YES_BID,1_MINUTE_CANDLE,available_at,CROSS,"{""id"":""e1"",""op"":""CROSS"",""price_e4"":7100}",REACH,"{""id"":""win"",""op"":""REACH"",""outcome"":""win"",""price_e4"":8500}",REACH,"{""id"":""loss"",""op"":""REACH"",""outcome"":""loss"",""price_e4"":4000}",HOLD_TO_SETTLEMENT,b530d65b28edd1535a76ec4046e518bc9de0bcfa836596c3227470a9a4d0a869,1.0.0,2026-09-15T01:30:56Z,1.0.0,1.0.0,1.0.0,2026-09-15T01:30:56Z,READY,351,182,139,0.566978,0.433022,1400,3100,0.451613,-501.709402,2d9a4d634a4a5508155a34c9ff097202c0d039e70a9a5b95665317d16af53f70,candle_path_not_fill,UNAVAILABLE,UNAVAILABLE,UNAVAILABLE,NOT_COMPUTABLE,UNAVAILABLE
sensitivity,MONTE_CARLO,base_decomposition,p_0.7_median_terminal,21076.450723,usd,p_grid,superasi_bdebase_v1.1.0,grade_config_v1,2026-09-21T18:16:15Z,55d9a8bdcc4e4d82a222fd1bfb84fdbf,ATP CROSS 65 REACH 85 40 JUL 2025 ITI-05,e5cba21e206a859f465992e9705418339cee20e8e1cab2abbaa6eefe9bdbcbca,1ca7e1b4c022503dc39a4e6c3fd93a68123b280a28d7e3501b8f40d8e70e44fd,544af08020cf5cbc80434291e0f6b64f562c9ed0142f5ef5b1aeb6eaeee949ae,ATP CROSS 65 REACH 85 40 JUL 2025 ITI-05,ATP,ATP,2025-2026,2025-07-01,2025-07-31,"{""date_from"":""2025-07-01"",""date_to"":""2025-07-31"",""game_data"":[],""leagues"":[""ATP""],""market_data"":[""candles""],""markets"":[""kalshi""],""seasons"":[""2025-2026""],""sports"":[""ATP""]}",TRADABLE_YES_BID,1_MINUTE_CANDLE,available_at,CROSS,"{""id"":""e1"",""op"":""CROSS"",""price_e4"":7100}",REACH,"{""id"":""win"",""op"":""REACH"",""outcome"":""win"",""price_e4"":8500}",REACH,"{""id"":""loss"",""op"":""REACH"",""outcome"":""loss"",""price_e4"":4000}",HOLD_TO_SETTLEMENT,b530d65b28edd1535a76ec4046e518bc9de0bcfa836596c3227470a9a4d0a869,1.0.0,2026-09-15T01:30:56Z,1.0.0,1.0.0,1.0.0,2026-09-15T01:30:56Z,READY,351,182,139,0.566978,0.433022,1400,3100,0.451613,-501.709402,2d9a4d634a4a5508155a34c9ff097202c0d039e70a9a5b95665317d16af53f70,candle_path_not_fill,UNAVAILABLE,UNAVAILABLE,UNAVAILABLE,NOT_COMPUTABLE,UNAVAILABLE
sensitivity,THEORETICAL,base_decomposition,p_0.725_trade_ev,0.001144,fraction,p_grid,superasi_bdebase_v1.1.0,grade_config_v1,2026-09-21T18:16:15Z,55d9a8bdcc4e4d82a222fd1bfb84fdbf,ATP CROSS 65 REACH 85 40 JUL 2025 ITI-05,e5cba21e206a859f465992e9705418339cee20e8e1cab2abbaa6eefe9bdbcbca,1ca7e1b4c022503dc39a4e6c3fd93a68123b280a28d7e3501b8f40d8e70e44fd,544af08020cf5cbc80434291e0f6b64f562c9ed0142f5ef5b1aeb6eaeee949ae,ATP CROSS 65 REACH 85 40 JUL 2025 ITI-05,ATP,ATP,2025-2026,2025-07-01,2025-07-31,"{""date_from"":""2025-07-01"",""date_to"":""2025-07-31"",""game_data"":[],""leagues"":[""ATP""],""market_data"":[""candles""],""markets"":[""kalshi""],""seasons"":[""2025-2026""],""sports"":[""ATP""]}",TRADABLE_YES_BID,1_MINUTE_CANDLE,available_at,CROSS,"{""id"":""e1"",""op"":""CROSS"",""price_e4"":7100}",REACH,"{""id"":""win"",""op"":""REACH"",""outcome"":""win"",""price_e4"":8500}",REACH,"{""id"":""loss"",""op"":""REACH"",""outcome"":""loss"",""price_e4"":4000}",HOLD_TO_SETTLEMENT,b530d65b28edd1535a76ec4046e518bc9de0bcfa836596c3227470a9a4d0a869,1.0.0,2026-09-15T01:30:56Z,1.0.0,1.0.0,1.0.0,2026-09-15T01:30:56Z,READY,351,182,139,0.566978,0.433022,1400,3100,0.451613,-501.709402,2d9a4d634a4a5508155a34c9ff097202c0d039e70a9a5b95665317d16af53f70,candle_path_not_fill,UNAVAILABLE,UNAVAILABLE,UNAVAILABLE,NOT_COMPUTABLE,UNAVAILABLE
sensitivity,THEORETICAL,base_decomposition,p_0.725_weekly_ev,0.011444,fraction,p_grid,superasi_bdebase_v1.1.0,grade_config_v1,2026-09-21T18:16:15Z,55d9a8bdcc4e4d82a222fd1bfb84fdbf,ATP CROSS 65 REACH 85 40 JUL 2025 ITI-05,e5cba21e206a859f465992e9705418339cee20e8e1cab2abbaa6eefe9bdbcbca,1ca7e1b4c022503dc39a4e6c3fd93a68123b280a28d7e3501b8f40d8e70e44fd,544af08020cf5cbc80434291e0f6b64f562c9ed0142f5ef5b1aeb6eaeee949ae,ATP CROSS 65 REACH 85 40 JUL 2025 ITI-05,ATP,ATP,2025-2026,2025-07-01,2025-07-31,"{""date_from"":""2025-07-01"",""date_to"":""2025-07-31"",""game_data"":[],""leagues"":[""ATP""],""market_data"":[""candles""],""markets"":[""kalshi""],""seasons"":[""2025-2026""],""sports"":[""ATP""]}",TRADABLE_YES_BID,1_MINUTE_CANDLE,available_at,CROSS,"{""id"":""e1"",""op"":""CROSS"",""price_e4"":7100}",REACH,"{""id"":""win"",""op"":""REACH"",""outcome"":""win"",""price_e4"":8500}",REACH,"{""id"":""loss"",""op"":""REACH"",""outcome"":""loss"",""price_e4"":4000}",HOLD_TO_SETTLEMENT,b530d65b28edd1535a76ec4046e518bc9de0bcfa836596c3227470a9a4d0a869,1.0.0,2026-09-15T01:30:56Z,1.0.0,1.0.0,1.0.0,2026-09-15T01:30:56Z,READY,351,182,139,0.566978,0.433022,1400,3100,0.451613,-501.709402,2d9a4d634a4a5508155a34c9ff097202c0d039e70a9a5b95665317d16af53f70,candle_path_not_fill,UNAVAILABLE,UNAVAILABLE,UNAVAILABLE,NOT_COMPUTABLE,UNAVAILABLE
sensitivity,MONTE_CARLO,base_decomposition,p_0.725_expected_20_week,0.256509,fraction,p_grid,superasi_bdebase_v1.1.0,grade_config_v1,2026-09-21T18:16:15Z,55d9a8bdcc4e4d82a222fd1bfb84fdbf,ATP CROSS 65 REACH 85 40 JUL 2025 ITI-05,e5cba21e206a859f465992e9705418339cee20e8e1cab2abbaa6eefe9bdbcbca,1ca7e1b4c022503dc39a4e6c3fd93a68123b280a28d7e3501b8f40d8e70e44fd,544af08020cf5cbc80434291e0f6b64f562c9ed0142f5ef5b1aeb6eaeee949ae,ATP CROSS 65 REACH 85 40 JUL 2025 ITI-05,ATP,ATP,2025-2026,2025-07-01,2025-07-31,"{""date_from"":""2025-07-01"",""date_to"":""2025-07-31"",""game_data"":[],""leagues"":[""ATP""],""market_data"":[""candles""],""markets"":[""kalshi""],""seasons"":[""2025-2026""],""sports"":[""ATP""]}",TRADABLE_YES_BID,1_MINUTE_CANDLE,available_at,CROSS,"{""id"":""e1"",""op"":""CROSS"",""price_e4"":7100}",REACH,"{""id"":""win"",""op"":""REACH"",""outcome"":""win"",""price_e4"":8500}",REACH,"{""id"":""loss"",""op"":""REACH"",""outcome"":""loss"",""price_e4"":4000}",HOLD_TO_SETTLEMENT,b530d65b28edd1535a76ec4046e518bc9de0bcfa836596c3227470a9a4d0a869,1.0.0,2026-09-15T01:30:56Z,1.0.0,1.0.0,1.0.0,2026-09-15T01:30:56Z,READY,351,182,139,0.566978,0.433022,1400,3100,0.451613,-501.709402,2d9a4d634a4a5508155a34c9ff097202c0d039e70a9a5b95665317d16af53f70,candle_path_not_fill,UNAVAILABLE,UNAVAILABLE,UNAVAILABLE,NOT_COMPUTABLE,UNAVAILABLE
sensitivity,MONTE_CARLO,base_decomposition,p_0.725_P_floor,0.020240,fraction,p_grid,superasi_bdebase_v1.1.0,grade_config_v1,2026-09-21T18:16:15Z,55d9a8bdcc4e4d82a222fd1bfb84fdbf,ATP CROSS 65 REACH 85 40 JUL 2025 ITI-05,e5cba21e206a859f465992e9705418339cee20e8e1cab2abbaa6eefe9bdbcbca,1ca7e1b4c022503dc39a4e6c3fd93a68123b280a28d7e3501b8f40d8e70e44fd,544af08020cf5cbc80434291e0f6b64f562c9ed0142f5ef5b1aeb6eaeee949ae,ATP CROSS 65 REACH 85 40 JUL 2025 ITI-05,ATP,ATP,2025-2026,2025-07-01,2025-07-31,"{""date_from"":""2025-07-01"",""date_to"":""2025-07-31"",""game_data"":[],""leagues"":[""ATP""],""market_data"":[""candles""],""markets"":[""kalshi""],""seasons"":[""2025-2026""],""sports"":[""ATP""]}",TRADABLE_YES_BID,1_MINUTE_CANDLE,available_at,CROSS,"{""id"":""e1"",""op"":""CROSS"",""price_e4"":7100}",REACH,"{""id"":""win"",""op"":""REACH"",""outcome"":""win"",""price_e4"":8500}",REACH,"{""id"":""loss"",""op"":""REACH"",""outcome"":""loss"",""price_e4"":4000}",HOLD_TO_SETTLEMENT,b530d65b28edd1535a76ec4046e518bc9de0bcfa836596c3227470a9a4d0a869,1.0.0,2026-09-15T01:30:56Z,1.0.0,1.0.0,1.0.0,2026-09-15T01:30:56Z,READY,351,182,139,0.566978,0.433022,1400,3100,0.451613,-501.709402,2d9a4d634a4a5508155a34c9ff097202c0d039e70a9a5b95665317d16af53f70,candle_path_not_fill,UNAVAILABLE,UNAVAILABLE,UNAVAILABLE,NOT_COMPUTABLE,UNAVAILABLE
sensitivity,MONTE_CARLO,base_decomposition,p_0.725_P_target,0.154610,fraction,p_grid,superasi_bdebase_v1.1.0,grade_config_v1,2026-09-21T18:16:15Z,55d9a8bdcc4e4d82a222fd1bfb84fdbf,ATP CROSS 65 REACH 85 40 JUL 2025 ITI-05,e5cba21e206a859f465992e9705418339cee20e8e1cab2abbaa6eefe9bdbcbca,1ca7e1b4c022503dc39a4e6c3fd93a68123b280a28d7e3501b8f40d8e70e44fd,544af08020cf5cbc80434291e0f6b64f562c9ed0142f5ef5b1aeb6eaeee949ae,ATP CROSS 65 REACH 85 40 JUL 2025 ITI-05,ATP,ATP,2025-2026,2025-07-01,2025-07-31,"{""date_from"":""2025-07-01"",""date_to"":""2025-07-31"",""game_data"":[],""leagues"":[""ATP""],""market_data"":[""candles""],""markets"":[""kalshi""],""seasons"":[""2025-2026""],""sports"":[""ATP""]}",TRADABLE_YES_BID,1_MINUTE_CANDLE,available_at,CROSS,"{""id"":""e1"",""op"":""CROSS"",""price_e4"":7100}",REACH,"{""id"":""win"",""op"":""REACH"",""outcome"":""win"",""price_e4"":8500}",REACH,"{""id"":""loss"",""op"":""REACH"",""outcome"":""loss"",""price_e4"":4000}",HOLD_TO_SETTLEMENT,b530d65b28edd1535a76ec4046e518bc9de0bcfa836596c3227470a9a4d0a869,1.0.0,2026-09-15T01:30:56Z,1.0.0,1.0.0,1.0.0,2026-09-15T01:30:56Z,READY,351,182,139,0.566978,0.433022,1400,3100,0.451613,-501.709402,2d9a4d634a4a5508155a34c9ff097202c0d039e70a9a5b95665317d16af53f70,candle_path_not_fill,UNAVAILABLE,UNAVAILABLE,UNAVAILABLE,NOT_COMPUTABLE,UNAVAILABLE
sensitivity,MONTE_CARLO,base_decomposition,p_0.725_median_terminal,24690.565785,usd,p_grid,superasi_bdebase_v1.1.0,grade_config_v1,2026-09-21T18:16:15Z,55d9a8bdcc4e4d82a222fd1bfb84fdbf,ATP CROSS 65 REACH 85 40 JUL 2025 ITI-05,e5cba21e206a859f465992e9705418339cee20e8e1cab2abbaa6eefe9bdbcbca,1ca7e1b4c022503dc39a4e6c3fd93a68123b280a28d7e3501b8f40d8e70e44fd,544af08020cf5cbc80434291e0f6b64f562c9ed0142f5ef5b1aeb6eaeee949ae,ATP CROSS 65 REACH 85 40 JUL 2025 ITI-05,ATP,ATP,2025-2026,2025-07-01,2025-07-31,"{""date_from"":""2025-07-01"",""date_to"":""2025-07-31"",""game_data"":[],""leagues"":[""ATP""],""market_data"":[""candles""],""markets"":[""kalshi""],""seasons"":[""2025-2026""],""sports"":[""ATP""]}",TRADABLE_YES_BID,1_MINUTE_CANDLE,available_at,CROSS,"{""id"":""e1"",""op"":""CROSS"",""price_e4"":7100}",REACH,"{""id"":""win"",""op"":""REACH"",""outcome"":""win"",""price_e4"":8500}",REACH,"{""id"":""loss"",""op"":""REACH"",""outcome"":""loss"",""price_e4"":4000}",HOLD_TO_SETTLEMENT,b530d65b28edd1535a76ec4046e518bc9de0bcfa836596c3227470a9a4d0a869,1.0.0,2026-09-15T01:30:56Z,1.0.0,1.0.0,1.0.0,2026-09-15T01:30:56Z,READY,351,182,139,0.566978,0.433022,1400,3100,0.451613,-501.709402,2d9a4d634a4a5508155a34c9ff097202c0d039e70a9a5b95665317d16af53f70,candle_path_not_fill,UNAVAILABLE,UNAVAILABLE,UNAVAILABLE,NOT_COMPUTABLE,UNAVAILABLE
sensitivity,THEORETICAL,base_decomposition,p_0.75_trade_ev,0.001937,fraction,p_grid,superasi_bdebase_v1.1.0,grade_config_v1,2026-09-21T18:16:15Z,55d9a8bdcc4e4d82a222fd1bfb84fdbf,ATP CROSS 65 REACH 85 40 JUL 2025 ITI-05,e5cba21e206a859f465992e9705418339cee20e8e1cab2abbaa6eefe9bdbcbca,1ca7e1b4c022503dc39a4e6c3fd93a68123b280a28d7e3501b8f40d8e70e44fd,544af08020cf5cbc80434291e0f6b64f562c9ed0142f5ef5b1aeb6eaeee949ae,ATP CROSS 65 REACH 85 40 JUL 2025 ITI-05,ATP,ATP,2025-2026,2025-07-01,2025-07-31,"{""date_from"":""2025-07-01"",""date_to"":""2025-07-31"",""game_data"":[],""leagues"":[""ATP""],""market_data"":[""candles""],""markets"":[""kalshi""],""seasons"":[""2025-2026""],""sports"":[""ATP""]}",TRADABLE_YES_BID,1_MINUTE_CANDLE,available_at,CROSS,"{""id"":""e1"",""op"":""CROSS"",""price_e4"":7100}",REACH,"{""id"":""win"",""op"":""REACH"",""outcome"":""win"",""price_e4"":8500}",REACH,"{""id"":""loss"",""op"":""REACH"",""outcome"":""loss"",""price_e4"":4000}",HOLD_TO_SETTLEMENT,b530d65b28edd1535a76ec4046e518bc9de0bcfa836596c3227470a9a4d0a869,1.0.0,2026-09-15T01:30:56Z,1.0.0,1.0.0,1.0.0,2026-09-15T01:30:56Z,READY,351,182,139,0.566978,0.433022,1400,3100,0.451613,-501.709402,2d9a4d634a4a5508155a34c9ff097202c0d039e70a9a5b95665317d16af53f70,candle_path_not_fill,UNAVAILABLE,UNAVAILABLE,UNAVAILABLE,NOT_COMPUTABLE,UNAVAILABLE
sensitivity,THEORETICAL,base_decomposition,p_0.75_weekly_ev,0.019366,fraction,p_grid,superasi_bdebase_v1.1.0,grade_config_v1,2026-09-21T18:16:15Z,55d9a8bdcc4e4d82a222fd1bfb84fdbf,ATP CROSS 65 REACH 85 40 JUL 2025 ITI-05,e5cba21e206a859f465992e9705418339cee20e8e1cab2abbaa6eefe9bdbcbca,1ca7e1b4c022503dc39a4e6c3fd93a68123b280a28d7e3501b8f40d8e70e44fd,544af08020cf5cbc80434291e0f6b64f562c9ed0142f5ef5b1aeb6eaeee949ae,ATP CROSS 65 REACH 85 40 JUL 2025 ITI-05,ATP,ATP,2025-2026,2025-07-01,2025-07-31,"{""date_from"":""2025-07-01"",""date_to"":""2025-07-31"",""game_data"":[],""leagues"":[""ATP""],""market_data"":[""candles""],""markets"":[""kalshi""],""seasons"":[""2025-2026""],""sports"":[""ATP""]}",TRADABLE_YES_BID,1_MINUTE_CANDLE,available_at,CROSS,"{""id"":""e1"",""op"":""CROSS"",""price_e4"":7100}",REACH,"{""id"":""win"",""op"":""REACH"",""outcome"":""win"",""price_e4"":8500}",REACH,"{""id"":""loss"",""op"":""REACH"",""outcome"":""loss"",""price_e4"":4000}",HOLD_TO_SETTLEMENT,b530d65b28edd1535a76ec4046e518bc9de0bcfa836596c3227470a9a4d0a869,1.0.0,2026-09-15T01:30:56Z,1.0.0,1.0.0,1.0.0,2026-09-15T01:30:56Z,READY,351,182,139,0.566978,0.433022,1400,3100,0.451613,-501.709402,2d9a4d634a4a5508155a34c9ff097202c0d039e70a9a5b95665317d16af53f70,candle_path_not_fill,UNAVAILABLE,UNAVAILABLE,UNAVAILABLE,NOT_COMPUTABLE,UNAVAILABLE
sensitivity,MONTE_CARLO,base_decomposition,p_0.75_expected_20_week,0.468695,fraction,p_grid,superasi_bdebase_v1.1.0,grade_config_v1,2026-09-21T18:16:15Z,55d9a8bdcc4e4d82a222fd1bfb84fdbf,ATP CROSS 65 REACH 85 40 JUL 2025 ITI-05,e5cba21e206a859f465992e9705418339cee20e8e1cab2abbaa6eefe9bdbcbca,1ca7e1b4c022503dc39a4e6c3fd93a68123b280a28d7e3501b8f40d8e70e44fd,544af08020cf5cbc80434291e0f6b64f562c9ed0142f5ef5b1aeb6eaeee949ae,ATP CROSS 65 REACH 85 40 JUL 2025 ITI-05,ATP,ATP,2025-2026,2025-07-01,2025-07-31,"{""date_from"":""2025-07-01"",""date_to"":""2025-07-31"",""game_data"":[],""leagues"":[""ATP""],""market_data"":[""candles""],""markets"":[""kalshi""],""seasons"":[""2025-2026""],""sports"":[""ATP""]}",TRADABLE_YES_BID,1_MINUTE_CANDLE,available_at,CROSS,"{""id"":""e1"",""op"":""CROSS"",""price_e4"":7100}",REACH,"{""id"":""win"",""op"":""REACH"",""outcome"":""win"",""price_e4"":8500}",REACH,"{""id"":""loss"",""op"":""REACH"",""outcome"":""loss"",""price_e4"":4000}",HOLD_TO_SETTLEMENT,b530d65b28edd1535a76ec4046e518bc9de0bcfa836596c3227470a9a4d0a869,1.0.0,2026-09-15T01:30:56Z,1.0.0,1.0.0,1.0.0,2026-09-15T01:30:56Z,READY,351,182,139,0.566978,0.433022,1400,3100,0.451613,-501.709402,2d9a4d634a4a5508155a34c9ff097202c0d039e70a9a5b95665317d16af53f70,candle_path_not_fill,UNAVAILABLE,UNAVAILABLE,UNAVAILABLE,NOT_COMPUTABLE,UNAVAILABLE
sensitivity,MONTE_CARLO,base_decomposition,p_0.75_P_floor,0.002680,fraction,p_grid,superasi_bdebase_v1.1.0,grade_config_v1,2026-09-21T18:16:15Z,55d9a8bdcc4e4d82a222fd1bfb84fdbf,ATP CROSS 65 REACH 85 40 JUL 2025 ITI-05,e5cba21e206a859f465992e9705418339cee20e8e1cab2abbaa6eefe9bdbcbca,1ca7e1b4c022503dc39a4e6c3fd93a68123b280a28d7e3501b8f40d8e70e44fd,544af08020cf5cbc80434291e0f6b64f562c9ed0142f5ef5b1aeb6eaeee949ae,ATP CROSS 65 REACH 85 40 JUL 2025 ITI-05,ATP,ATP,2025-2026,2025-07-01,2025-07-31,"{""date_from"":""2025-07-01"",""date_to"":""2025-07-31"",""game_data"":[],""leagues"":[""ATP""],""market_data"":[""candles""],""markets"":[""kalshi""],""seasons"":[""2025-2026""],""sports"":[""ATP""]}",TRADABLE_YES_BID,1_MINUTE_CANDLE,available_at,CROSS,"{""id"":""e1"",""op"":""CROSS"",""price_e4"":7100}",REACH,"{""id"":""win"",""op"":""REACH"",""outcome"":""win"",""price_e4"":8500}",REACH,"{""id"":""loss"",""op"":""REACH"",""outcome"":""loss"",""price_e4"":4000}",HOLD_TO_SETTLEMENT,b530d65b28edd1535a76ec4046e518bc9de0bcfa836596c3227470a9a4d0a869,1.0.0,2026-09-15T01:30:56Z,1.0.0,1.0.0,1.0.0,2026-09-15T01:30:56Z,READY,351,182,139,0.566978,0.433022,1400,3100,0.451613,-501.709402,2d9a4d634a4a5508155a34c9ff097202c0d039e70a9a5b95665317d16af53f70,candle_path_not_fill,UNAVAILABLE,UNAVAILABLE,UNAVAILABLE,NOT_COMPUTABLE,UNAVAILABLE
sensitivity,MONTE_CARLO,base_decomposition,p_0.75_P_target,0.412680,fraction,p_grid,superasi_bdebase_v1.1.0,grade_config_v1,2026-09-21T18:16:15Z,55d9a8bdcc4e4d82a222fd1bfb84fdbf,ATP CROSS 65 REACH 85 40 JUL 2025 ITI-05,e5cba21e206a859f465992e9705418339cee20e8e1cab2abbaa6eefe9bdbcbca,1ca7e1b4c022503dc39a4e6c3fd93a68123b280a28d7e3501b8f40d8e70e44fd,544af08020cf5cbc80434291e0f6b64f562c9ed0142f5ef5b1aeb6eaeee949ae,ATP CROSS 65 REACH 85 40 JUL 2025 ITI-05,ATP,ATP,2025-2026,2025-07-01,2025-07-31,"{""date_from"":""2025-07-01"",""date_to"":""2025-07-31"",""game_data"":[],""leagues"":[""ATP""],""market_data"":[""candles""],""markets"":[""kalshi""],""seasons"":[""2025-2026""],""sports"":[""ATP""]}",TRADABLE_YES_BID,1_MINUTE_CANDLE,available_at,CROSS,"{""id"":""e1"",""op"":""CROSS"",""price_e4"":7100}",REACH,"{""id"":""win"",""op"":""REACH"",""outcome"":""win"",""price_e4"":8500}",REACH,"{""id"":""loss"",""op"":""REACH"",""outcome"":""loss"",""price_e4"":4000}",HOLD_TO_SETTLEMENT,b530d65b28edd1535a76ec4046e518bc9de0bcfa836596c3227470a9a4d0a869,1.0.0,2026-09-15T01:30:56Z,1.0.0,1.0.0,1.0.0,2026-09-15T01:30:56Z,READY,351,182,139,0.566978,0.433022,1400,3100,0.451613,-501.709402,2d9a4d634a4a5508155a34c9ff097202c0d039e70a9a5b95665317d16af53f70,candle_path_not_fill,UNAVAILABLE,UNAVAILABLE,UNAVAILABLE,NOT_COMPUTABLE,UNAVAILABLE
sensitivity,MONTE_CARLO,base_decomposition,p_0.75_median_terminal,28899.070453,usd,p_grid,superasi_bdebase_v1.1.0,grade_config_v1,2026-09-21T18:16:15Z,55d9a8bdcc4e4d82a222fd1bfb84fdbf,ATP CROSS 65 REACH 85 40 JUL 2025 ITI-05,e5cba21e206a859f465992e9705418339cee20e8e1cab2abbaa6eefe9bdbcbca,1ca7e1b4c022503dc39a4e6c3fd93a68123b280a28d7e3501b8f40d8e70e44fd,544af08020cf5cbc80434291e0f6b64f562c9ed0142f5ef5b1aeb6eaeee949ae,ATP CROSS 65 REACH 85 40 JUL 2025 ITI-05,ATP,ATP,2025-2026,2025-07-01,2025-07-31,"{""date_from"":""2025-07-01"",""date_to"":""2025-07-31"",""game_data"":[],""leagues"":[""ATP""],""market_data"":[""candles""],""markets"":[""kalshi""],""seasons"":[""2025-2026""],""sports"":[""ATP""]}",TRADABLE_YES_BID,1_MINUTE_CANDLE,available_at,CROSS,"{""id"":""e1"",""op"":""CROSS"",""price_e4"":7100}",REACH,"{""id"":""win"",""op"":""REACH"",""outcome"":""win"",""price_e4"":8500}",REACH,"{""id"":""loss"",""op"":""REACH"",""outcome"":""loss"",""price_e4"":4000}",HOLD_TO_SETTLEMENT,b530d65b28edd1535a76ec4046e518bc9de0bcfa836596c3227470a9a4d0a869,1.0.0,2026-09-15T01:30:56Z,1.0.0,1.0.0,1.0.0,2026-09-15T01:30:56Z,READY,351,182,139,0.566978,0.433022,1400,3100,0.451613,-501.709402,2d9a4d634a4a5508155a34c9ff097202c0d039e70a9a5b95665317d16af53f70,candle_path_not_fill,UNAVAILABLE,UNAVAILABLE,UNAVAILABLE,NOT_COMPUTABLE,UNAVAILABLE
sensitivity,THEORETICAL,base_decomposition,p_0.775_trade_ev,0.002729,fraction,p_grid,superasi_bdebase_v1.1.0,grade_config_v1,2026-09-21T18:16:15Z,55d9a8bdcc4e4d82a222fd1bfb84fdbf,ATP CROSS 65 REACH 85 40 JUL 2025 ITI-05,e5cba21e206a859f465992e9705418339cee20e8e1cab2abbaa6eefe9bdbcbca,1ca7e1b4c022503dc39a4e6c3fd93a68123b280a28d7e3501b8f40d8e70e44fd,544af08020cf5cbc80434291e0f6b64f562c9ed0142f5ef5b1aeb6eaeee949ae,ATP CROSS 65 REACH 85 40 JUL 2025 ITI-05,ATP,ATP,2025-2026,2025-07-01,2025-07-31,"{""date_from"":""2025-07-01"",""date_to"":""2025-07-31"",""game_data"":[],""leagues"":[""ATP""],""market_data"":[""candles""],""markets"":[""kalshi""],""seasons"":[""2025-2026""],""sports"":[""ATP""]}",TRADABLE_YES_BID,1_MINUTE_CANDLE,available_at,CROSS,"{""id"":""e1"",""op"":""CROSS"",""price_e4"":7100}",REACH,"{""id"":""win"",""op"":""REACH"",""outcome"":""win"",""price_e4"":8500}",REACH,"{""id"":""loss"",""op"":""REACH"",""outcome"":""loss"",""price_e4"":4000}",HOLD_TO_SETTLEMENT,b530d65b28edd1535a76ec4046e518bc9de0bcfa836596c3227470a9a4d0a869,1.0.0,2026-09-15T01:30:56Z,1.0.0,1.0.0,1.0.0,2026-09-15T01:30:56Z,READY,351,182,139,0.566978,0.433022,1400,3100,0.451613,-501.709402,2d9a4d634a4a5508155a34c9ff097202c0d039e70a9a5b95665317d16af53f70,candle_path_not_fill,UNAVAILABLE,UNAVAILABLE,UNAVAILABLE,NOT_COMPUTABLE,UNAVAILABLE
sensitivity,THEORETICAL,base_decomposition,p_0.775_weekly_ev,0.027289,fraction,p_grid,superasi_bdebase_v1.1.0,grade_config_v1,2026-09-21T18:16:15Z,55d9a8bdcc4e4d82a222fd1bfb84fdbf,ATP CROSS 65 REACH 85 40 JUL 2025 ITI-05,e5cba21e206a859f465992e9705418339cee20e8e1cab2abbaa6eefe9bdbcbca,1ca7e1b4c022503dc39a4e6c3fd93a68123b280a28d7e3501b8f40d8e70e44fd,544af08020cf5cbc80434291e0f6b64f562c9ed0142f5ef5b1aeb6eaeee949ae,ATP CROSS 65 REACH 85 40 JUL 2025 ITI-05,ATP,ATP,2025-2026,2025-07-01,2025-07-31,"{""date_from"":""2025-07-01"",""date_to"":""2025-07-31"",""game_data"":[],""leagues"":[""ATP""],""market_data"":[""candles""],""markets"":[""kalshi""],""seasons"":[""2025-2026""],""sports"":[""ATP""]}",TRADABLE_YES_BID,1_MINUTE_CANDLE,available_at,CROSS,"{""id"":""e1"",""op"":""CROSS"",""price_e4"":7100}",REACH,"{""id"":""win"",""op"":""REACH"",""outcome"":""win"",""price_e4"":8500}",REACH,"{""id"":""loss"",""op"":""REACH"",""outcome"":""loss"",""price_e4"":4000}",HOLD_TO_SETTLEMENT,b530d65b28edd1535a76ec4046e518bc9de0bcfa836596c3227470a9a4d0a869,1.0.0,2026-09-15T01:30:56Z,1.0.0,1.0.0,1.0.0,2026-09-15T01:30:56Z,READY,351,182,139,0.566978,0.433022,1400,3100,0.451613,-501.709402,2d9a4d634a4a5508155a34c9ff097202c0d039e70a9a5b95665317d16af53f70,candle_path_not_fill,UNAVAILABLE,UNAVAILABLE,UNAVAILABLE,NOT_COMPUTABLE,UNAVAILABLE
sensitivity,MONTE_CARLO,base_decomposition,p_0.775_expected_20_week,0.714824,fraction,p_grid,superasi_bdebase_v1.1.0,grade_config_v1,2026-09-21T18:16:15Z,55d9a8bdcc4e4d82a222fd1bfb84fdbf,ATP CROSS 65 REACH 85 40 JUL 2025 ITI-05,e5cba21e206a859f465992e9705418339cee20e8e1cab2abbaa6eefe9bdbcbca,1ca7e1b4c022503dc39a4e6c3fd93a68123b280a28d7e3501b8f40d8e70e44fd,544af08020cf5cbc80434291e0f6b64f562c9ed0142f5ef5b1aeb6eaeee949ae,ATP CROSS 65 REACH 85 40 JUL 2025 ITI-05,ATP,ATP,2025-2026,2025-07-01,2025-07-31,"{""date_from"":""2025-07-01"",""date_to"":""2025-07-31"",""game_data"":[],""leagues"":[""ATP""],""market_data"":[""candles""],""markets"":[""kalshi""],""seasons"":[""2025-2026""],""sports"":[""ATP""]}",TRADABLE_YES_BID,1_MINUTE_CANDLE,available_at,CROSS,"{""id"":""e1"",""op"":""CROSS"",""price_e4"":7100}",REACH,"{""id"":""win"",""op"":""REACH"",""outcome"":""win"",""price_e4"":8500}",REACH,"{""id"":""loss"",""op"":""REACH"",""outcome"":""loss"",""price_e4"":4000}",HOLD_TO_SETTLEMENT,b530d65b28edd1535a76ec4046e518bc9de0bcfa836596c3227470a9a4d0a869,1.0.0,2026-09-15T01:30:56Z,1.0.0,1.0.0,1.0.0,2026-09-15T01:30:56Z,READY,351,182,139,0.566978,0.433022,1400,3100,0.451613,-501.709402,2d9a4d634a4a5508155a34c9ff097202c0d039e70a9a5b95665317d16af53f70,candle_path_not_fill,UNAVAILABLE,UNAVAILABLE,UNAVAILABLE,NOT_COMPUTABLE,UNAVAILABLE
sensitivity,MONTE_CARLO,base_decomposition,p_0.775_P_floor,0.000330,fraction,p_grid,superasi_bdebase_v1.1.0,grade_config_v1,2026-09-21T18:16:15Z,55d9a8bdcc4e4d82a222fd1bfb84fdbf,ATP CROSS 65 REACH 85 40 JUL 2025 ITI-05,e5cba21e206a859f465992e9705418339cee20e8e1cab2abbaa6eefe9bdbcbca,1ca7e1b4c022503dc39a4e6c3fd93a68123b280a28d7e3501b8f40d8e70e44fd,544af08020cf5cbc80434291e0f6b64f562c9ed0142f5ef5b1aeb6eaeee949ae,ATP CROSS 65 REACH 85 40 JUL 2025 ITI-05,ATP,ATP,2025-2026,2025-07-01,2025-07-31,"{""date_from"":""2025-07-01"",""date_to"":""2025-07-31"",""game_data"":[],""leagues"":[""ATP""],""market_data"":[""candles""],""markets"":[""kalshi""],""seasons"":[""2025-2026""],""sports"":[""ATP""]}",TRADABLE_YES_BID,1_MINUTE_CANDLE,available_at,CROSS,"{""id"":""e1"",""op"":""CROSS"",""price_e4"":7100}",REACH,"{""id"":""win"",""op"":""REACH"",""outcome"":""win"",""price_e4"":8500}",REACH,"{""id"":""loss"",""op"":""REACH"",""outcome"":""loss"",""price_e4"":4000}",HOLD_TO_SETTLEMENT,b530d65b28edd1535a76ec4046e518bc9de0bcfa836596c3227470a9a4d0a869,1.0.0,2026-09-15T01:30:56Z,1.0.0,1.0.0,1.0.0,2026-09-15T01:30:56Z,READY,351,182,139,0.566978,0.433022,1400,3100,0.451613,-501.709402,2d9a4d634a4a5508155a34c9ff097202c0d039e70a9a5b95665317d16af53f70,candle_path_not_fill,UNAVAILABLE,UNAVAILABLE,UNAVAILABLE,NOT_COMPUTABLE,UNAVAILABLE
sensitivity,MONTE_CARLO,base_decomposition,p_0.775_P_target,0.729360,fraction,p_grid,superasi_bdebase_v1.1.0,grade_config_v1,2026-09-21T18:16:15Z,55d9a8bdcc4e4d82a222fd1bfb84fdbf,ATP CROSS 65 REACH 85 40 JUL 2025 ITI-05,e5cba21e206a859f465992e9705418339cee20e8e1cab2abbaa6eefe9bdbcbca,1ca7e1b4c022503dc39a4e6c3fd93a68123b280a28d7e3501b8f40d8e70e44fd,544af08020cf5cbc80434291e0f6b64f562c9ed0142f5ef5b1aeb6eaeee949ae,ATP CROSS 65 REACH 85 40 JUL 2025 ITI-05,ATP,ATP,2025-2026,2025-07-01,2025-07-31,"{""date_from"":""2025-07-01"",""date_to"":""2025-07-31"",""game_data"":[],""leagues"":[""ATP""],""market_data"":[""candles""],""markets"":[""kalshi""],""seasons"":[""2025-2026""],""sports"":[""ATP""]}",TRADABLE_YES_BID,1_MINUTE_CANDLE,available_at,CROSS,"{""id"":""e1"",""op"":""CROSS"",""price_e4"":7100}",REACH,"{""id"":""win"",""op"":""REACH"",""outcome"":""win"",""price_e4"":8500}",REACH,"{""id"":""loss"",""op"":""REACH"",""outcome"":""loss"",""price_e4"":4000}",HOLD_TO_SETTLEMENT,b530d65b28edd1535a76ec4046e518bc9de0bcfa836596c3227470a9a4d0a869,1.0.0,2026-09-15T01:30:56Z,1.0.0,1.0.0,1.0.0,2026-09-15T01:30:56Z,READY,351,182,139,0.566978,0.433022,1400,3100,0.451613,-501.709402,2d9a4d634a4a5508155a34c9ff097202c0d039e70a9a5b95665317d16af53f70,candle_path_not_fill,UNAVAILABLE,UNAVAILABLE,UNAVAILABLE,NOT_COMPUTABLE,UNAVAILABLE
sensitivity,MONTE_CARLO,base_decomposition,p_0.775_median_terminal,33784.967829,usd,p_grid,superasi_bdebase_v1.1.0,grade_config_v1,2026-09-21T18:16:15Z,55d9a8bdcc4e4d82a222fd1bfb84fdbf,ATP CROSS 65 REACH 85 40 JUL 2025 ITI-05,e5cba21e206a859f465992e9705418339cee20e8e1cab2abbaa6eefe9bdbcbca,1ca7e1b4c022503dc39a4e6c3fd93a68123b280a28d7e3501b8f40d8e70e44fd,544af08020cf5cbc80434291e0f6b64f562c9ed0142f5ef5b1aeb6eaeee949ae,ATP CROSS 65 REACH 85 40 JUL 2025 ITI-05,ATP,ATP,2025-2026,2025-07-01,2025-07-31,"{""date_from"":""2025-07-01"",""date_to"":""2025-07-31"",""game_data"":[],""leagues"":[""ATP""],""market_data"":[""candles""],""markets"":[""kalshi""],""seasons"":[""2025-2026""],""sports"":[""ATP""]}",TRADABLE_YES_BID,1_MINUTE_CANDLE,available_at,CROSS,"{""id"":""e1"",""op"":""CROSS"",""price_e4"":7100}",REACH,"{""id"":""win"",""op"":""REACH"",""outcome"":""win"",""price_e4"":8500}",REACH,"{""id"":""loss"",""op"":""REACH"",""outcome"":""loss"",""price_e4"":4000}",HOLD_TO_SETTLEMENT,b530d65b28edd1535a76ec4046e518bc9de0bcfa836596c3227470a9a4d0a869,1.0.0,2026-09-15T01:30:56Z,1.0.0,1.0.0,1.0.0,2026-09-15T01:30:56Z,READY,351,182,139,0.566978,0.433022,1400,3100,0.451613,-501.709402,2d9a4d634a4a5508155a34c9ff097202c0d039e70a9a5b95665317d16af53f70,candle_path_not_fill,UNAVAILABLE,UNAVAILABLE,UNAVAILABLE,NOT_COMPUTABLE,UNAVAILABLE
sensitivity,THEORETICAL,base_decomposition,p_0.8_trade_ev,0.003521,fraction,p_grid,superasi_bdebase_v1.1.0,grade_config_v1,2026-09-21T18:16:15Z,55d9a8bdcc4e4d82a222fd1bfb84fdbf,ATP CROSS 65 REACH 85 40 JUL 2025 ITI-05,e5cba21e206a859f465992e9705418339cee20e8e1cab2abbaa6eefe9bdbcbca,1ca7e1b4c022503dc39a4e6c3fd93a68123b280a28d7e3501b8f40d8e70e44fd,544af08020cf5cbc80434291e0f6b64f562c9ed0142f5ef5b1aeb6eaeee949ae,ATP CROSS 65 REACH 85 40 JUL 2025 ITI-05,ATP,ATP,2025-2026,2025-07-01,2025-07-31,"{""date_from"":""2025-07-01"",""date_to"":""2025-07-31"",""game_data"":[],""leagues"":[""ATP""],""market_data"":[""candles""],""markets"":[""kalshi""],""seasons"":[""2025-2026""],""sports"":[""ATP""]}",TRADABLE_YES_BID,1_MINUTE_CANDLE,available_at,CROSS,"{""id"":""e1"",""op"":""CROSS"",""price_e4"":7100}",REACH,"{""id"":""win"",""op"":""REACH"",""outcome"":""win"",""price_e4"":8500}",REACH,"{""id"":""loss"",""op"":""REACH"",""outcome"":""loss"",""price_e4"":4000}",HOLD_TO_SETTLEMENT,b530d65b28edd1535a76ec4046e518bc9de0bcfa836596c3227470a9a4d0a869,1.0.0,2026-09-15T01:30:56Z,1.0.0,1.0.0,1.0.0,2026-09-15T01:30:56Z,READY,351,182,139,0.566978,0.433022,1400,3100,0.451613,-501.709402,2d9a4d634a4a5508155a34c9ff097202c0d039e70a9a5b95665317d16af53f70,candle_path_not_fill,UNAVAILABLE,UNAVAILABLE,UNAVAILABLE,NOT_COMPUTABLE,UNAVAILABLE
sensitivity,THEORETICAL,base_decomposition,p_0.8_weekly_ev,0.035211,fraction,p_grid,superasi_bdebase_v1.1.0,grade_config_v1,2026-09-21T18:16:15Z,55d9a8bdcc4e4d82a222fd1bfb84fdbf,ATP CROSS 65 REACH 85 40 JUL 2025 ITI-05,e5cba21e206a859f465992e9705418339cee20e8e1cab2abbaa6eefe9bdbcbca,1ca7e1b4c022503dc39a4e6c3fd93a68123b280a28d7e3501b8f40d8e70e44fd,544af08020cf5cbc80434291e0f6b64f562c9ed0142f5ef5b1aeb6eaeee949ae,ATP CROSS 65 REACH 85 40 JUL 2025 ITI-05,ATP,ATP,2025-2026,2025-07-01,2025-07-31,"{""date_from"":""2025-07-01"",""date_to"":""2025-07-31"",""game_data"":[],""leagues"":[""ATP""],""market_data"":[""candles""],""markets"":[""kalshi""],""seasons"":[""2025-2026""],""sports"":[""ATP""]}",TRADABLE_YES_BID,1_MINUTE_CANDLE,available_at,CROSS,"{""id"":""e1"",""op"":""CROSS"",""price_e4"":7100}",REACH,"{""id"":""win"",""op"":""REACH"",""outcome"":""win"",""price_e4"":8500}",REACH,"{""id"":""loss"",""op"":""REACH"",""outcome"":""loss"",""price_e4"":4000}",HOLD_TO_SETTLEMENT,b530d65b28edd1535a76ec4046e518bc9de0bcfa836596c3227470a9a4d0a869,1.0.0,2026-09-15T01:30:56Z,1.0.0,1.0.0,1.0.0,2026-09-15T01:30:56Z,READY,351,182,139,0.566978,0.433022,1400,3100,0.451613,-501.709402,2d9a4d634a4a5508155a34c9ff097202c0d039e70a9a5b95665317d16af53f70,candle_path_not_fill,UNAVAILABLE,UNAVAILABLE,UNAVAILABLE,NOT_COMPUTABLE,UNAVAILABLE
sensitivity,MONTE_CARLO,base_decomposition,p_0.8_expected_20_week,0.999906,fraction,p_grid,superasi_bdebase_v1.1.0,grade_config_v1,2026-09-21T18:16:15Z,55d9a8bdcc4e4d82a222fd1bfb84fdbf,ATP CROSS 65 REACH 85 40 JUL 2025 ITI-05,e5cba21e206a859f465992e9705418339cee20e8e1cab2abbaa6eefe9bdbcbca,1ca7e1b4c022503dc39a4e6c3fd93a68123b280a28d7e3501b8f40d8e70e44fd,544af08020cf5cbc80434291e0f6b64f562c9ed0142f5ef5b1aeb6eaeee949ae,ATP CROSS 65 REACH 85 40 JUL 2025 ITI-05,ATP,ATP,2025-2026,2025-07-01,2025-07-31,"{""date_from"":""2025-07-01"",""date_to"":""2025-07-31"",""game_data"":[],""leagues"":[""ATP""],""market_data"":[""candles""],""markets"":[""kalshi""],""seasons"":[""2025-2026""],""sports"":[""ATP""]}",TRADABLE_YES_BID,1_MINUTE_CANDLE,available_at,CROSS,"{""id"":""e1"",""op"":""CROSS"",""price_e4"":7100}",REACH,"{""id"":""win"",""op"":""REACH"",""outcome"":""win"",""price_e4"":8500}",REACH,"{""id"":""loss"",""op"":""REACH"",""outcome"":""loss"",""price_e4"":4000}",HOLD_TO_SETTLEMENT,b530d65b28edd1535a76ec4046e518bc9de0bcfa836596c3227470a9a4d0a869,1.0.0,2026-09-15T01:30:56Z,1.0.0,1.0.0,1.0.0,2026-09-15T01:30:56Z,READY,351,182,139,0.566978,0.433022,1400,3100,0.451613,-501.709402,2d9a4d634a4a5508155a34c9ff097202c0d039e70a9a5b95665317d16af53f70,candle_path_not_fill,UNAVAILABLE,UNAVAILABLE,UNAVAILABLE,NOT_COMPUTABLE,UNAVAILABLE
sensitivity,MONTE_CARLO,base_decomposition,p_0.8_P_floor,0.000000,fraction,p_grid,superasi_bdebase_v1.1.0,grade_config_v1,2026-09-21T18:16:15Z,55d9a8bdcc4e4d82a222fd1bfb84fdbf,ATP CROSS 65 REACH 85 40 JUL 2025 ITI-05,e5cba21e206a859f465992e9705418339cee20e8e1cab2abbaa6eefe9bdbcbca,1ca7e1b4c022503dc39a4e6c3fd93a68123b280a28d7e3501b8f40d8e70e44fd,544af08020cf5cbc80434291e0f6b64f562c9ed0142f5ef5b1aeb6eaeee949ae,ATP CROSS 65 REACH 85 40 JUL 2025 ITI-05,ATP,ATP,2025-2026,2025-07-01,2025-07-31,"{""date_from"":""2025-07-01"",""date_to"":""2025-07-31"",""game_data"":[],""leagues"":[""ATP""],""market_data"":[""candles""],""markets"":[""kalshi""],""seasons"":[""2025-2026""],""sports"":[""ATP""]}",TRADABLE_YES_BID,1_MINUTE_CANDLE,available_at,CROSS,"{""id"":""e1"",""op"":""CROSS"",""price_e4"":7100}",REACH,"{""id"":""win"",""op"":""REACH"",""outcome"":""win"",""price_e4"":8500}",REACH,"{""id"":""loss"",""op"":""REACH"",""outcome"":""loss"",""price_e4"":4000}",HOLD_TO_SETTLEMENT,b530d65b28edd1535a76ec4046e518bc9de0bcfa836596c3227470a9a4d0a869,1.0.0,2026-09-15T01:30:56Z,1.0.0,1.0.0,1.0.0,2026-09-15T01:30:56Z,READY,351,182,139,0.566978,0.433022,1400,3100,0.451613,-501.709402,2d9a4d634a4a5508155a34c9ff097202c0d039e70a9a5b95665317d16af53f70,candle_path_not_fill,UNAVAILABLE,UNAVAILABLE,UNAVAILABLE,NOT_COMPUTABLE,UNAVAILABLE
sensitivity,MONTE_CARLO,base_decomposition,p_0.8_P_target,0.932460,fraction,p_grid,superasi_bdebase_v1.1.0,grade_config_v1,2026-09-21T18:16:15Z,55d9a8bdcc4e4d82a222fd1bfb84fdbf,ATP CROSS 65 REACH 85 40 JUL 2025 ITI-05,e5cba21e206a859f465992e9705418339cee20e8e1cab2abbaa6eefe9bdbcbca,1ca7e1b4c022503dc39a4e6c3fd93a68123b280a28d7e3501b8f40d8e70e44fd,544af08020cf5cbc80434291e0f6b64f562c9ed0142f5ef5b1aeb6eaeee949ae,ATP CROSS 65 REACH 85 40 JUL 2025 ITI-05,ATP,ATP,2025-2026,2025-07-01,2025-07-31,"{""date_from"":""2025-07-01"",""date_to"":""2025-07-31"",""game_data"":[],""leagues"":[""ATP""],""market_data"":[""candles""],""markets"":[""kalshi""],""seasons"":[""2025-2026""],""sports"":[""ATP""]}",TRADABLE_YES_BID,1_MINUTE_CANDLE,available_at,CROSS,"{""id"":""e1"",""op"":""CROSS"",""price_e4"":7100}",REACH,"{""id"":""win"",""op"":""REACH"",""outcome"":""win"",""price_e4"":8500}",REACH,"{""id"":""loss"",""op"":""REACH"",""outcome"":""loss"",""price_e4"":4000}",HOLD_TO_SETTLEMENT,b530d65b28edd1535a76ec4046e518bc9de0bcfa836596c3227470a9a4d0a869,1.0.0,2026-09-15T01:30:56Z,1.0.0,1.0.0,1.0.0,2026-09-15T01:30:56Z,READY,351,182,139,0.566978,0.433022,1400,3100,0.451613,-501.709402,2d9a4d634a4a5508155a34c9ff097202c0d039e70a9a5b95665317d16af53f70,candle_path_not_fill,UNAVAILABLE,UNAVAILABLE,UNAVAILABLE,NOT_COMPUTABLE,UNAVAILABLE
sensitivity,MONTE_CARLO,base_decomposition,p_0.8_median_terminal,39469.533823,usd,p_grid,superasi_bdebase_v1.1.0,grade_config_v1,2026-09-21T18:16:15Z,55d9a8bdcc4e4d82a222fd1bfb84fdbf,ATP CROSS 65 REACH 85 40 JUL 2025 ITI-05,e5cba21e206a859f465992e9705418339cee20e8e1cab2abbaa6eefe9bdbcbca,1ca7e1b4c022503dc39a4e6c3fd93a68123b280a28d7e3501b8f40d8e70e44fd,544af08020cf5cbc80434291e0f6b64f562c9ed0142f5ef5b1aeb6eaeee949ae,ATP CROSS 65 REACH 85 40 JUL 2025 ITI-05,ATP,ATP,2025-2026,2025-07-01,2025-07-31,"{""date_from"":""2025-07-01"",""date_to"":""2025-07-31"",""game_data"":[],""leagues"":[""ATP""],""market_data"":[""candles""],""markets"":[""kalshi""],""seasons"":[""2025-2026""],""sports"":[""ATP""]}",TRADABLE_YES_BID,1_MINUTE_CANDLE,available_at,CROSS,"{""id"":""e1"",""op"":""CROSS"",""price_e4"":7100}",REACH,"{""id"":""win"",""op"":""REACH"",""outcome"":""win"",""price_e4"":8500}",REACH,"{""id"":""loss"",""op"":""REACH"",""outcome"":""loss"",""price_e4"":4000}",HOLD_TO_SETTLEMENT,b530d65b28edd1535a76ec4046e518bc9de0bcfa836596c3227470a9a4d0a869,1.0.0,2026-09-15T01:30:56Z,1.0.0,1.0.0,1.0.0,2026-09-15T01:30:56Z,READY,351,182,139,0.566978,0.433022,1400,3100,0.451613,-501.709402,2d9a4d634a4a5508155a34c9ff097202c0d039e70a9a5b95665317d16af53f70,candle_path_not_fill,UNAVAILABLE,UNAVAILABLE,UNAVAILABLE,NOT_COMPUTABLE,UNAVAILABLE
stress,STRESS,base_decomposition,p_worst,0.566978,fraction,missing_as_loss,superasi_bdebase_v1.1.0,grade_config_v1,2026-09-21T18:16:15Z,55d9a8bdcc4e4d82a222fd1bfb84fdbf,ATP CROSS 65 REACH 85 40 JUL 2025 ITI-05,e5cba21e206a859f465992e9705418339cee20e8e1cab2abbaa6eefe9bdbcbca,1ca7e1b4c022503dc39a4e6c3fd93a68123b280a28d7e3501b8f40d8e70e44fd,544af08020cf5cbc80434291e0f6b64f562c9ed0142f5ef5b1aeb6eaeee949ae,ATP CROSS 65 REACH 85 40 JUL 2025 ITI-05,ATP,ATP,2025-2026,2025-07-01,2025-07-31,"{""date_from"":""2025-07-01"",""date_to"":""2025-07-31"",""game_data"":[],""leagues"":[""ATP""],""market_data"":[""candles""],""markets"":[""kalshi""],""seasons"":[""2025-2026""],""sports"":[""ATP""]}",TRADABLE_YES_BID,1_MINUTE_CANDLE,available_at,CROSS,"{""id"":""e1"",""op"":""CROSS"",""price_e4"":7100}",REACH,"{""id"":""win"",""op"":""REACH"",""outcome"":""win"",""price_e4"":8500}",REACH,"{""id"":""loss"",""op"":""REACH"",""outcome"":""loss"",""price_e4"":4000}",HOLD_TO_SETTLEMENT,b530d65b28edd1535a76ec4046e518bc9de0bcfa836596c3227470a9a4d0a869,1.0.0,2026-09-15T01:30:56Z,1.0.0,1.0.0,1.0.0,2026-09-15T01:30:56Z,READY,351,182,139,0.566978,0.433022,1400,3100,0.451613,-501.709402,2d9a4d634a4a5508155a34c9ff097202c0d039e70a9a5b95665317d16af53f70,candle_path_not_fill,UNAVAILABLE,UNAVAILABLE,UNAVAILABLE,NOT_COMPUTABLE,UNAVAILABLE
stress,STRESS,base_decomposition,ev_at_p_worst,-548.598131,e4,missing_as_loss,superasi_bdebase_v1.1.0,grade_config_v1,2026-09-21T18:16:15Z,55d9a8bdcc4e4d82a222fd1bfb84fdbf,ATP CROSS 65 REACH 85 40 JUL 2025 ITI-05,e5cba21e206a859f465992e9705418339cee20e8e1cab2abbaa6eefe9bdbcbca,1ca7e1b4c022503dc39a4e6c3fd93a68123b280a28d7e3501b8f40d8e70e44fd,544af08020cf5cbc80434291e0f6b64f562c9ed0142f5ef5b1aeb6eaeee949ae,ATP CROSS 65 REACH 85 40 JUL 2025 ITI-05,ATP,ATP,2025-2026,2025-07-01,2025-07-31,"{""date_from"":""2025-07-01"",""date_to"":""2025-07-31"",""game_data"":[],""leagues"":[""ATP""],""market_data"":[""candles""],""markets"":[""kalshi""],""seasons"":[""2025-2026""],""sports"":[""ATP""]}",TRADABLE_YES_BID,1_MINUTE_CANDLE,available_at,CROSS,"{""id"":""e1"",""op"":""CROSS"",""price_e4"":7100}",REACH,"{""id"":""win"",""op"":""REACH"",""outcome"":""win"",""price_e4"":8500}",REACH,"{""id"":""loss"",""op"":""REACH"",""outcome"":""loss"",""price_e4"":4000}",HOLD_TO_SETTLEMENT,b530d65b28edd1535a76ec4046e518bc9de0bcfa836596c3227470a9a4d0a869,1.0.0,2026-09-15T01:30:56Z,1.0.0,1.0.0,1.0.0,2026-09-15T01:30:56Z,READY,351,182,139,0.566978,0.433022,1400,3100,0.451613,-501.709402,2d9a4d634a4a5508155a34c9ff097202c0d039e70a9a5b95665317d16af53f70,candle_path_not_fill,UNAVAILABLE,UNAVAILABLE,UNAVAILABLE,NOT_COMPUTABLE,UNAVAILABLE
comparison,OBSERVED,base_devalidation,win_rate,0.566978,,comparison,superasi_bdebase_v1.1.0,grade_config_v1,2026-09-21T18:16:15Z,55d9a8bdcc4e4d82a222fd1bfb84fdbf,ATP CROSS 65 REACH 85 40 JUL 2025 ITI-05,e5cba21e206a859f465992e9705418339cee20e8e1cab2abbaa6eefe9bdbcbca,1ca7e1b4c022503dc39a4e6c3fd93a68123b280a28d7e3501b8f40d8e70e44fd,544af08020cf5cbc80434291e0f6b64f562c9ed0142f5ef5b1aeb6eaeee949ae,ATP CROSS 65 REACH 85 40 JUL 2025 ITI-05,ATP,ATP,2025-2026,2025-07-01,2025-07-31,"{""date_from"":""2025-07-01"",""date_to"":""2025-07-31"",""game_data"":[],""leagues"":[""ATP""],""market_data"":[""candles""],""markets"":[""kalshi""],""seasons"":[""2025-2026""],""sports"":[""ATP""]}",TRADABLE_YES_BID,1_MINUTE_CANDLE,available_at,CROSS,"{""id"":""e1"",""op"":""CROSS"",""price_e4"":7100}",REACH,"{""id"":""win"",""op"":""REACH"",""outcome"":""win"",""price_e4"":8500}",REACH,"{""id"":""loss"",""op"":""REACH"",""outcome"":""loss"",""price_e4"":4000}",HOLD_TO_SETTLEMENT,b530d65b28edd1535a76ec4046e518bc9de0bcfa836596c3227470a9a4d0a869,1.0.0,2026-09-15T01:30:56Z,1.0.0,1.0.0,1.0.0,2026-09-15T01:30:56Z,READY,351,182,139,0.566978,0.433022,1400,3100,0.451613,-501.709402,2d9a4d634a4a5508155a34c9ff097202c0d039e70a9a5b95665317d16af53f70,candle_path_not_fill,UNAVAILABLE,UNAVAILABLE,UNAVAILABLE,NOT_COMPUTABLE,UNAVAILABLE
comparison,THEORETICAL,base_devalidation,win_rate,0.548243,,comparison,superasi_bdebase_v1.1.0,grade_config_v1,2026-09-21T18:16:15Z,55d9a8bdcc4e4d82a222fd1bfb84fdbf,ATP CROSS 65 REACH 85 40 JUL 2025 ITI-05,e5cba21e206a859f465992e9705418339cee20e8e1cab2abbaa6eefe9bdbcbca,1ca7e1b4c022503dc39a4e6c3fd93a68123b280a28d7e3501b8f40d8e70e44fd,544af08020cf5cbc80434291e0f6b64f562c9ed0142f5ef5b1aeb6eaeee949ae,ATP CROSS 65 REACH 85 40 JUL 2025 ITI-05,ATP,ATP,2025-2026,2025-07-01,2025-07-31,"{""date_from"":""2025-07-01"",""date_to"":""2025-07-31"",""game_data"":[],""leagues"":[""ATP""],""market_data"":[""candles""],""markets"":[""kalshi""],""seasons"":[""2025-2026""],""sports"":[""ATP""]}",TRADABLE_YES_BID,1_MINUTE_CANDLE,available_at,CROSS,"{""id"":""e1"",""op"":""CROSS"",""price_e4"":7100}",REACH,"{""id"":""win"",""op"":""REACH"",""outcome"":""win"",""price_e4"":8500}",REACH,"{""id"":""loss"",""op"":""REACH"",""outcome"":""loss"",""price_e4"":4000}",HOLD_TO_SETTLEMENT,b530d65b28edd1535a76ec4046e518bc9de0bcfa836596c3227470a9a4d0a869,1.0.0,2026-09-15T01:30:56Z,1.0.0,1.0.0,1.0.0,2026-09-15T01:30:56Z,READY,351,182,139,0.566978,0.433022,1400,3100,0.451613,-501.709402,2d9a4d634a4a5508155a34c9ff097202c0d039e70a9a5b95665317d16af53f70,candle_path_not_fill,UNAVAILABLE,UNAVAILABLE,UNAVAILABLE,NOT_COMPUTABLE,UNAVAILABLE
comparison,MONTE_CARLO,base_devalidation,win_rate,,,comparison,superasi_bdebase_v1.1.0,grade_config_v1,2026-09-21T18:16:15Z,55d9a8bdcc4e4d82a222fd1bfb84fdbf,ATP CROSS 65 REACH 85 40 JUL 2025 ITI-05,e5cba21e206a859f465992e9705418339cee20e8e1cab2abbaa6eefe9bdbcbca,1ca7e1b4c022503dc39a4e6c3fd93a68123b280a28d7e3501b8f40d8e70e44fd,544af08020cf5cbc80434291e0f6b64f562c9ed0142f5ef5b1aeb6eaeee949ae,ATP CROSS 65 REACH 85 40 JUL 2025 ITI-05,ATP,ATP,2025-2026,2025-07-01,2025-07-31,"{""date_from"":""2025-07-01"",""date_to"":""2025-07-31"",""game_data"":[],""leagues"":[""ATP""],""market_data"":[""candles""],""markets"":[""kalshi""],""seasons"":[""2025-2026""],""sports"":[""ATP""]}",TRADABLE_YES_BID,1_MINUTE_CANDLE,available_at,CROSS,"{""id"":""e1"",""op"":""CROSS"",""price_e4"":7100}",REACH,"{""id"":""win"",""op"":""REACH"",""outcome"":""win"",""price_e4"":8500}",REACH,"{""id"":""loss"",""op"":""REACH"",""outcome"":""loss"",""price_e4"":4000}",HOLD_TO_SETTLEMENT,b530d65b28edd1535a76ec4046e518bc9de0bcfa836596c3227470a9a4d0a869,1.0.0,2026-09-15T01:30:56Z,1.0.0,1.0.0,1.0.0,2026-09-15T01:30:56Z,READY,351,182,139,0.566978,0.433022,1400,3100,0.451613,-501.709402,2d9a4d634a4a5508155a34c9ff097202c0d039e70a9a5b95665317d16af53f70,candle_path_not_fill,UNAVAILABLE,UNAVAILABLE,UNAVAILABLE,NOT_COMPUTABLE,UNAVAILABLE
comparison,OBSERVED,base_devalidation,trade_ev_e4,-501.709402,,comparison,superasi_bdebase_v1.1.0,grade_config_v1,2026-09-21T18:16:15Z,55d9a8bdcc4e4d82a222fd1bfb84fdbf,ATP CROSS 65 REACH 85 40 JUL 2025 ITI-05,e5cba21e206a859f465992e9705418339cee20e8e1cab2abbaa6eefe9bdbcbca,1ca7e1b4c022503dc39a4e6c3fd93a68123b280a28d7e3501b8f40d8e70e44fd,544af08020cf5cbc80434291e0f6b64f562c9ed0142f5ef5b1aeb6eaeee949ae,ATP CROSS 65 REACH 85 40 JUL 2025 ITI-05,ATP,ATP,2025-2026,2025-07-01,2025-07-31,"{""date_from"":""2025-07-01"",""date_to"":""2025-07-31"",""game_data"":[],""leagues"":[""ATP""],""market_data"":[""candles""],""markets"":[""kalshi""],""seasons"":[""2025-2026""],""sports"":[""ATP""]}",TRADABLE_YES_BID,1_MINUTE_CANDLE,available_at,CROSS,"{""id"":""e1"",""op"":""CROSS"",""price_e4"":7100}",REACH,"{""id"":""win"",""op"":""REACH"",""outcome"":""win"",""price_e4"":8500}",REACH,"{""id"":""loss"",""op"":""REACH"",""outcome"":""loss"",""price_e4"":4000}",HOLD_TO_SETTLEMENT,b530d65b28edd1535a76ec4046e518bc9de0bcfa836596c3227470a9a4d0a869,1.0.0,2026-09-15T01:30:56Z,1.0.0,1.0.0,1.0.0,2026-09-15T01:30:56Z,READY,351,182,139,0.566978,0.433022,1400,3100,0.451613,-501.709402,2d9a4d634a4a5508155a34c9ff097202c0d039e70a9a5b95665317d16af53f70,candle_path_not_fill,UNAVAILABLE,UNAVAILABLE,UNAVAILABLE,NOT_COMPUTABLE,UNAVAILABLE
comparison,THEORETICAL,base_devalidation,trade_ev_e4,-632.907212,,comparison,superasi_bdebase_v1.1.0,grade_config_v1,2026-09-21T18:16:15Z,55d9a8bdcc4e4d82a222fd1bfb84fdbf,ATP CROSS 65 REACH 85 40 JUL 2025 ITI-05,e5cba21e206a859f465992e9705418339cee20e8e1cab2abbaa6eefe9bdbcbca,1ca7e1b4c022503dc39a4e6c3fd93a68123b280a28d7e3501b8f40d8e70e44fd,544af08020cf5cbc80434291e0f6b64f562c9ed0142f5ef5b1aeb6eaeee949ae,ATP CROSS 65 REACH 85 40 JUL 2025 ITI-05,ATP,ATP,2025-2026,2025-07-01,2025-07-31,"{""date_from"":""2025-07-01"",""date_to"":""2025-07-31"",""game_data"":[],""leagues"":[""ATP""],""market_data"":[""candles""],""markets"":[""kalshi""],""seasons"":[""2025-2026""],""sports"":[""ATP""]}",TRADABLE_YES_BID,1_MINUTE_CANDLE,available_at,CROSS,"{""id"":""e1"",""op"":""CROSS"",""price_e4"":7100}",REACH,"{""id"":""win"",""op"":""REACH"",""outcome"":""win"",""price_e4"":8500}",REACH,"{""id"":""loss"",""op"":""REACH"",""outcome"":""loss"",""price_e4"":4000}",HOLD_TO_SETTLEMENT,b530d65b28edd1535a76ec4046e518bc9de0bcfa836596c3227470a9a4d0a869,1.0.0,2026-09-15T01:30:56Z,1.0.0,1.0.0,1.0.0,2026-09-15T01:30:56Z,READY,351,182,139,0.566978,0.433022,1400,3100,0.451613,-501.709402,2d9a4d634a4a5508155a34c9ff097202c0d039e70a9a5b95665317d16af53f70,candle_path_not_fill,UNAVAILABLE,UNAVAILABLE,UNAVAILABLE,NOT_COMPUTABLE,UNAVAILABLE
comparison,MONTE_CARLO,base_devalidation,trade_ev_e4,,,comparison,superasi_bdebase_v1.1.0,grade_config_v1,2026-09-21T18:16:15Z,55d9a8bdcc4e4d82a222fd1bfb84fdbf,ATP CROSS 65 REACH 85 40 JUL 2025 ITI-05,e5cba21e206a859f465992e9705418339cee20e8e1cab2abbaa6eefe9bdbcbca,1ca7e1b4c022503dc39a4e6c3fd93a68123b280a28d7e3501b8f40d8e70e44fd,544af08020cf5cbc80434291e0f6b64f562c9ed0142f5ef5b1aeb6eaeee949ae,ATP CROSS 65 REACH 85 40 JUL 2025 ITI-05,ATP,ATP,2025-2026,2025-07-01,2025-07-31,"{""date_from"":""2025-07-01"",""date_to"":""2025-07-31"",""game_data"":[],""leagues"":[""ATP""],""market_data"":[""candles""],""markets"":[""kalshi""],""seasons"":[""2025-2026""],""sports"":[""ATP""]}",TRADABLE_YES_BID,1_MINUTE_CANDLE,available_at,CROSS,"{""id"":""e1"",""op"":""CROSS"",""price_e4"":7100}",REACH,"{""id"":""win"",""op"":""REACH"",""outcome"":""win"",""price_e4"":8500}",REACH,"{""id"":""loss"",""op"":""REACH"",""outcome"":""loss"",""price_e4"":4000}",HOLD_TO_SETTLEMENT,b530d65b28edd1535a76ec4046e518bc9de0bcfa836596c3227470a9a4d0a869,1.0.0,2026-09-15T01:30:56Z,1.0.0,1.0.0,1.0.0,2026-09-15T01:30:56Z,READY,351,182,139,0.566978,0.433022,1400,3100,0.451613,-501.709402,2d9a4d634a4a5508155a34c9ff097202c0d039e70a9a5b95665317d16af53f70,candle_path_not_fill,UNAVAILABLE,UNAVAILABLE,UNAVAILABLE,NOT_COMPUTABLE,UNAVAILABLE
comparison,OBSERVED,base_devalidation,break_even_probability,0.688889,,comparison,superasi_bdebase_v1.1.0,grade_config_v1,2026-09-21T18:16:15Z,55d9a8bdcc4e4d82a222fd1bfb84fdbf,ATP CROSS 65 REACH 85 40 JUL 2025 ITI-05,e5cba21e206a859f465992e9705418339cee20e8e1cab2abbaa6eefe9bdbcbca,1ca7e1b4c022503dc39a4e6c3fd93a68123b280a28d7e3501b8f40d8e70e44fd,544af08020cf5cbc80434291e0f6b64f562c9ed0142f5ef5b1aeb6eaeee949ae,ATP CROSS 65 REACH 85 40 JUL 2025 ITI-05,ATP,ATP,2025-2026,2025-07-01,2025-07-31,"{""date_from"":""2025-07-01"",""date_to"":""2025-07-31"",""game_data"":[],""leagues"":[""ATP""],""market_data"":[""candles""],""markets"":[""kalshi""],""seasons"":[""2025-2026""],""sports"":[""ATP""]}",TRADABLE_YES_BID,1_MINUTE_CANDLE,available_at,CROSS,"{""id"":""e1"",""op"":""CROSS"",""price_e4"":7100}",REACH,"{""id"":""win"",""op"":""REACH"",""outcome"":""win"",""price_e4"":8500}",REACH,"{""id"":""loss"",""op"":""REACH"",""outcome"":""loss"",""price_e4"":4000}",HOLD_TO_SETTLEMENT,b530d65b28edd1535a76ec4046e518bc9de0bcfa836596c3227470a9a4d0a869,1.0.0,2026-09-15T01:30:56Z,1.0.0,1.0.0,1.0.0,2026-09-15T01:30:56Z,READY,351,182,139,0.566978,0.433022,1400,3100,0.451613,-501.709402,2d9a4d634a4a5508155a34c9ff097202c0d039e70a9a5b95665317d16af53f70,candle_path_not_fill,UNAVAILABLE,UNAVAILABLE,UNAVAILABLE,NOT_COMPUTABLE,UNAVAILABLE
comparison,THEORETICAL,base_devalidation,break_even_probability,0.688889,,comparison,superasi_bdebase_v1.1.0,grade_config_v1,2026-09-21T18:16:15Z,55d9a8bdcc4e4d82a222fd1bfb84fdbf,ATP CROSS 65 REACH 85 40 JUL 2025 ITI-05,e5cba21e206a859f465992e9705418339cee20e8e1cab2abbaa6eefe9bdbcbca,1ca7e1b4c022503dc39a4e6c3fd93a68123b280a28d7e3501b8f40d8e70e44fd,544af08020cf5cbc80434291e0f6b64f562c9ed0142f5ef5b1aeb6eaeee949ae,ATP CROSS 65 REACH 85 40 JUL 2025 ITI-05,ATP,ATP,2025-2026,2025-07-01,2025-07-31,"{""date_from"":""2025-07-01"",""date_to"":""2025-07-31"",""game_data"":[],""leagues"":[""ATP""],""market_data"":[""candles""],""markets"":[""kalshi""],""seasons"":[""2025-2026""],""sports"":[""ATP""]}",TRADABLE_YES_BID,1_MINUTE_CANDLE,available_at,CROSS,"{""id"":""e1"",""op"":""CROSS"",""price_e4"":7100}",REACH,"{""id"":""win"",""op"":""REACH"",""outcome"":""win"",""price_e4"":8500}",REACH,"{""id"":""loss"",""op"":""REACH"",""outcome"":""loss"",""price_e4"":4000}",HOLD_TO_SETTLEMENT,b530d65b28edd1535a76ec4046e518bc9de0bcfa836596c3227470a9a4d0a869,1.0.0,2026-09-15T01:30:56Z,1.0.0,1.0.0,1.0.0,2026-09-15T01:30:56Z,READY,351,182,139,0.566978,0.433022,1400,3100,0.451613,-501.709402,2d9a4d634a4a5508155a34c9ff097202c0d039e70a9a5b95665317d16af53f70,candle_path_not_fill,UNAVAILABLE,UNAVAILABLE,UNAVAILABLE,NOT_COMPUTABLE,UNAVAILABLE
comparison,MONTE_CARLO,base_devalidation,break_even_probability,,,comparison,superasi_bdebase_v1.1.0,grade_config_v1,2026-09-21T18:16:15Z,55d9a8bdcc4e4d82a222fd1bfb84fdbf,ATP CROSS 65 REACH 85 40 JUL 2025 ITI-05,e5cba21e206a859f465992e9705418339cee20e8e1cab2abbaa6eefe9bdbcbca,1ca7e1b4c022503dc39a4e6c3fd93a68123b280a28d7e3501b8f40d8e70e44fd,544af08020cf5cbc80434291e0f6b64f562c9ed0142f5ef5b1aeb6eaeee949ae,ATP CROSS 65 REACH 85 40 JUL 2025 ITI-05,ATP,ATP,2025-2026,2025-07-01,2025-07-31,"{""date_from"":""2025-07-01"",""date_to"":""2025-07-31"",""game_data"":[],""leagues"":[""ATP""],""market_data"":[""candles""],""markets"":[""kalshi""],""seasons"":[""2025-2026""],""sports"":[""ATP""]}",TRADABLE_YES_BID,1_MINUTE_CANDLE,available_at,CROSS,"{""id"":""e1"",""op"":""CROSS"",""price_e4"":7100}",REACH,"{""id"":""win"",""op"":""REACH"",""outcome"":""win"",""price_e4"":8500}",REACH,"{""id"":""loss"",""op"":""REACH"",""outcome"":""loss"",""price_e4"":4000}",HOLD_TO_SETTLEMENT,b530d65b28edd1535a76ec4046e518bc9de0bcfa836596c3227470a9a4d0a869,1.0.0,2026-09-15T01:30:56Z,1.0.0,1.0.0,1.0.0,2026-09-15T01:30:56Z,READY,351,182,139,0.566978,0.433022,1400,3100,0.451613,-501.709402,2d9a4d634a4a5508155a34c9ff097202c0d039e70a9a5b95665317d16af53f70,candle_path_not_fill,UNAVAILABLE,UNAVAILABLE,UNAVAILABLE,NOT_COMPUTABLE,UNAVAILABLE
comparison,OBSERVED,base_devalidation,weekly_ev,,,comparison,superasi_bdebase_v1.1.0,grade_config_v1,2026-09-21T18:16:15Z,55d9a8bdcc4e4d82a222fd1bfb84fdbf,ATP CROSS 65 REACH 85 40 JUL 2025 ITI-05,e5cba21e206a859f465992e9705418339cee20e8e1cab2abbaa6eefe9bdbcbca,1ca7e1b4c022503dc39a4e6c3fd93a68123b280a28d7e3501b8f40d8e70e44fd,544af08020cf5cbc80434291e0f6b64f562c9ed0142f5ef5b1aeb6eaeee949ae,ATP CROSS 65 REACH 85 40 JUL 2025 ITI-05,ATP,ATP,2025-2026,2025-07-01,2025-07-31,"{""date_from"":""2025-07-01"",""date_to"":""2025-07-31"",""game_data"":[],""leagues"":[""ATP""],""market_data"":[""candles""],""markets"":[""kalshi""],""seasons"":[""2025-2026""],""sports"":[""ATP""]}",TRADABLE_YES_BID,1_MINUTE_CANDLE,available_at,CROSS,"{""id"":""e1"",""op"":""CROSS"",""price_e4"":7100}",REACH,"{""id"":""win"",""op"":""REACH"",""outcome"":""win"",""price_e4"":8500}",REACH,"{""id"":""loss"",""op"":""REACH"",""outcome"":""loss"",""price_e4"":4000}",HOLD_TO_SETTLEMENT,b530d65b28edd1535a76ec4046e518bc9de0bcfa836596c3227470a9a4d0a869,1.0.0,2026-09-15T01:30:56Z,1.0.0,1.0.0,1.0.0,2026-09-15T01:30:56Z,READY,351,182,139,0.566978,0.433022,1400,3100,0.451613,-501.709402,2d9a4d634a4a5508155a34c9ff097202c0d039e70a9a5b95665317d16af53f70,candle_path_not_fill,UNAVAILABLE,UNAVAILABLE,UNAVAILABLE,NOT_COMPUTABLE,UNAVAILABLE
comparison,THEORETICAL,base_devalidation,weekly_ev,-0.044571,,comparison,superasi_bdebase_v1.1.0,grade_config_v1,2026-09-21T18:16:15Z,55d9a8bdcc4e4d82a222fd1bfb84fdbf,ATP CROSS 65 REACH 85 40 JUL 2025 ITI-05,e5cba21e206a859f465992e9705418339cee20e8e1cab2abbaa6eefe9bdbcbca,1ca7e1b4c022503dc39a4e6c3fd93a68123b280a28d7e3501b8f40d8e70e44fd,544af08020cf5cbc80434291e0f6b64f562c9ed0142f5ef5b1aeb6eaeee949ae,ATP CROSS 65 REACH 85 40 JUL 2025 ITI-05,ATP,ATP,2025-2026,2025-07-01,2025-07-31,"{""date_from"":""2025-07-01"",""date_to"":""2025-07-31"",""game_data"":[],""leagues"":[""ATP""],""market_data"":[""candles""],""markets"":[""kalshi""],""seasons"":[""2025-2026""],""sports"":[""ATP""]}",TRADABLE_YES_BID,1_MINUTE_CANDLE,available_at,CROSS,"{""id"":""e1"",""op"":""CROSS"",""price_e4"":7100}",REACH,"{""id"":""win"",""op"":""REACH"",""outcome"":""win"",""price_e4"":8500}",REACH,"{""id"":""loss"",""op"":""REACH"",""outcome"":""loss"",""price_e4"":4000}",HOLD_TO_SETTLEMENT,b530d65b28edd1535a76ec4046e518bc9de0bcfa836596c3227470a9a4d0a869,1.0.0,2026-09-15T01:30:56Z,1.0.0,1.0.0,1.0.0,2026-09-15T01:30:56Z,READY,351,182,139,0.566978,0.433022,1400,3100,0.451613,-501.709402,2d9a4d634a4a5508155a34c9ff097202c0d039e70a9a5b95665317d16af53f70,candle_path_not_fill,UNAVAILABLE,UNAVAILABLE,UNAVAILABLE,NOT_COMPUTABLE,UNAVAILABLE
comparison,MONTE_CARLO,base_devalidation,weekly_ev,-0.044600,,comparison,superasi_bdebase_v1.1.0,grade_config_v1,2026-09-21T18:16:15Z,55d9a8bdcc4e4d82a222fd1bfb84fdbf,ATP CROSS 65 REACH 85 40 JUL 2025 ITI-05,e5cba21e206a859f465992e9705418339cee20e8e1cab2abbaa6eefe9bdbcbca,1ca7e1b4c022503dc39a4e6c3fd93a68123b280a28d7e3501b8f40d8e70e44fd,544af08020cf5cbc80434291e0f6b64f562c9ed0142f5ef5b1aeb6eaeee949ae,ATP CROSS 65 REACH 85 40 JUL 2025 ITI-05,ATP,ATP,2025-2026,2025-07-01,2025-07-31,"{""date_from"":""2025-07-01"",""date_to"":""2025-07-31"",""game_data"":[],""leagues"":[""ATP""],""market_data"":[""candles""],""markets"":[""kalshi""],""seasons"":[""2025-2026""],""sports"":[""ATP""]}",TRADABLE_YES_BID,1_MINUTE_CANDLE,available_at,CROSS,"{""id"":""e1"",""op"":""CROSS"",""price_e4"":7100}",REACH,"{""id"":""win"",""op"":""REACH"",""outcome"":""win"",""price_e4"":8500}",REACH,"{""id"":""loss"",""op"":""REACH"",""outcome"":""loss"",""price_e4"":4000}",HOLD_TO_SETTLEMENT,b530d65b28edd1535a76ec4046e518bc9de0bcfa836596c3227470a9a4d0a869,1.0.0,2026-09-15T01:30:56Z,1.0.0,1.0.0,1.0.0,2026-09-15T01:30:56Z,READY,351,182,139,0.566978,0.433022,1400,3100,0.451613,-501.709402,2d9a4d634a4a5508155a34c9ff097202c0d039e70a9a5b95665317d16af53f70,candle_path_not_fill,UNAVAILABLE,UNAVAILABLE,UNAVAILABLE,NOT_COMPUTABLE,UNAVAILABLE
comparison,OBSERVED,base_devalidation,expected_20_week_return,,,comparison,superasi_bdebase_v1.1.0,grade_config_v1,2026-09-21T18:16:15Z,55d9a8bdcc4e4d82a222fd1bfb84fdbf,ATP CROSS 65 REACH 85 40 JUL 2025 ITI-05,e5cba21e206a859f465992e9705418339cee20e8e1cab2abbaa6eefe9bdbcbca,1ca7e1b4c022503dc39a4e6c3fd93a68123b280a28d7e3501b8f40d8e70e44fd,544af08020cf5cbc80434291e0f6b64f562c9ed0142f5ef5b1aeb6eaeee949ae,ATP CROSS 65 REACH 85 40 JUL 2025 ITI-05,ATP,ATP,2025-2026,2025-07-01,2025-07-31,"{""date_from"":""2025-07-01"",""date_to"":""2025-07-31"",""game_data"":[],""leagues"":[""ATP""],""market_data"":[""candles""],""markets"":[""kalshi""],""seasons"":[""2025-2026""],""sports"":[""ATP""]}",TRADABLE_YES_BID,1_MINUTE_CANDLE,available_at,CROSS,"{""id"":""e1"",""op"":""CROSS"",""price_e4"":7100}",REACH,"{""id"":""win"",""op"":""REACH"",""outcome"":""win"",""price_e4"":8500}",REACH,"{""id"":""loss"",""op"":""REACH"",""outcome"":""loss"",""price_e4"":4000}",HOLD_TO_SETTLEMENT,b530d65b28edd1535a76ec4046e518bc9de0bcfa836596c3227470a9a4d0a869,1.0.0,2026-09-15T01:30:56Z,1.0.0,1.0.0,1.0.0,2026-09-15T01:30:56Z,READY,351,182,139,0.566978,0.433022,1400,3100,0.451613,-501.709402,2d9a4d634a4a5508155a34c9ff097202c0d039e70a9a5b95665317d16af53f70,candle_path_not_fill,UNAVAILABLE,UNAVAILABLE,UNAVAILABLE,NOT_COMPUTABLE,UNAVAILABLE
comparison,THEORETICAL,base_devalidation,expected_20_week_return,-0.598238,,comparison,superasi_bdebase_v1.1.0,grade_config_v1,2026-09-21T18:16:15Z,55d9a8bdcc4e4d82a222fd1bfb84fdbf,ATP CROSS 65 REACH 85 40 JUL 2025 ITI-05,e5cba21e206a859f465992e9705418339cee20e8e1cab2abbaa6eefe9bdbcbca,1ca7e1b4c022503dc39a4e6c3fd93a68123b280a28d7e3501b8f40d8e70e44fd,544af08020cf5cbc80434291e0f6b64f562c9ed0142f5ef5b1aeb6eaeee949ae,ATP CROSS 65 REACH 85 40 JUL 2025 ITI-05,ATP,ATP,2025-2026,2025-07-01,2025-07-31,"{""date_from"":""2025-07-01"",""date_to"":""2025-07-31"",""game_data"":[],""leagues"":[""ATP""],""market_data"":[""candles""],""markets"":[""kalshi""],""seasons"":[""2025-2026""],""sports"":[""ATP""]}",TRADABLE_YES_BID,1_MINUTE_CANDLE,available_at,CROSS,"{""id"":""e1"",""op"":""CROSS"",""price_e4"":7100}",REACH,"{""id"":""win"",""op"":""REACH"",""outcome"":""win"",""price_e4"":8500}",REACH,"{""id"":""loss"",""op"":""REACH"",""outcome"":""loss"",""price_e4"":4000}",HOLD_TO_SETTLEMENT,b530d65b28edd1535a76ec4046e518bc9de0bcfa836596c3227470a9a4d0a869,1.0.0,2026-09-15T01:30:56Z,1.0.0,1.0.0,1.0.0,2026-09-15T01:30:56Z,READY,351,182,139,0.566978,0.433022,1400,3100,0.451613,-501.709402,2d9a4d634a4a5508155a34c9ff097202c0d039e70a9a5b95665317d16af53f70,candle_path_not_fill,UNAVAILABLE,UNAVAILABLE,UNAVAILABLE,NOT_COMPUTABLE,UNAVAILABLE
comparison,MONTE_CARLO,base_devalidation,expected_20_week_return,-0.598530,,comparison,superasi_bdebase_v1.1.0,grade_config_v1,2026-09-21T18:16:15Z,55d9a8bdcc4e4d82a222fd1bfb84fdbf,ATP CROSS 65 REACH 85 40 JUL 2025 ITI-05,e5cba21e206a859f465992e9705418339cee20e8e1cab2abbaa6eefe9bdbcbca,1ca7e1b4c022503dc39a4e6c3fd93a68123b280a28d7e3501b8f40d8e70e44fd,544af08020cf5cbc80434291e0f6b64f562c9ed0142f5ef5b1aeb6eaeee949ae,ATP CROSS 65 REACH 85 40 JUL 2025 ITI-05,ATP,ATP,2025-2026,2025-07-01,2025-07-31,"{""date_from"":""2025-07-01"",""date_to"":""2025-07-31"",""game_data"":[],""leagues"":[""ATP""],""market_data"":[""candles""],""markets"":[""kalshi""],""seasons"":[""2025-2026""],""sports"":[""ATP""]}",TRADABLE_YES_BID,1_MINUTE_CANDLE,available_at,CROSS,"{""id"":""e1"",""op"":""CROSS"",""price_e4"":7100}",REACH,"{""id"":""win"",""op"":""REACH"",""outcome"":""win"",""price_e4"":8500}",REACH,"{""id"":""loss"",""op"":""REACH"",""outcome"":""loss"",""price_e4"":4000}",HOLD_TO_SETTLEMENT,b530d65b28edd1535a76ec4046e518bc9de0bcfa836596c3227470a9a4d0a869,1.0.0,2026-09-15T01:30:56Z,1.0.0,1.0.0,1.0.0,2026-09-15T01:30:56Z,READY,351,182,139,0.566978,0.433022,1400,3100,0.451613,-501.709402,2d9a4d634a4a5508155a34c9ff097202c0d039e70a9a5b95665317d16af53f70,candle_path_not_fill,UNAVAILABLE,UNAVAILABLE,UNAVAILABLE,NOT_COMPUTABLE,UNAVAILABLE
comparison,OBSERVED,base_devalidation,terminal_bankroll_mean,,,comparison,superasi_bdebase_v1.1.0,grade_config_v1,2026-09-21T18:16:15Z,55d9a8bdcc4e4d82a222fd1bfb84fdbf,ATP CROSS 65 REACH 85 40 JUL 2025 ITI-05,e5cba21e206a859f465992e9705418339cee20e8e1cab2abbaa6eefe9bdbcbca,1ca7e1b4c022503dc39a4e6c3fd93a68123b280a28d7e3501b8f40d8e70e44fd,544af08020cf5cbc80434291e0f6b64f562c9ed0142f5ef5b1aeb6eaeee949ae,ATP CROSS 65 REACH 85 40 JUL 2025 ITI-05,ATP,ATP,2025-2026,2025-07-01,2025-07-31,"{""date_from"":""2025-07-01"",""date_to"":""2025-07-31"",""game_data"":[],""leagues"":[""ATP""],""market_data"":[""candles""],""markets"":[""kalshi""],""seasons"":[""2025-2026""],""sports"":[""ATP""]}",TRADABLE_YES_BID,1_MINUTE_CANDLE,available_at,CROSS,"{""id"":""e1"",""op"":""CROSS"",""price_e4"":7100}",REACH,"{""id"":""win"",""op"":""REACH"",""outcome"":""win"",""price_e4"":8500}",REACH,"{""id"":""loss"",""op"":""REACH"",""outcome"":""loss"",""price_e4"":4000}",HOLD_TO_SETTLEMENT,b530d65b28edd1535a76ec4046e518bc9de0bcfa836596c3227470a9a4d0a869,1.0.0,2026-09-15T01:30:56Z,1.0.0,1.0.0,1.0.0,2026-09-15T01:30:56Z,READY,351,182,139,0.566978,0.433022,1400,3100,0.451613,-501.709402,2d9a4d634a4a5508155a34c9ff097202c0d039e70a9a5b95665317d16af53f70,candle_path_not_fill,UNAVAILABLE,UNAVAILABLE,UNAVAILABLE,NOT_COMPUTABLE,UNAVAILABLE
comparison,THEORETICAL,base_devalidation,terminal_bankroll_mean,8035.242950,,comparison,superasi_bdebase_v1.1.0,grade_config_v1,2026-09-21T18:16:15Z,55d9a8bdcc4e4d82a222fd1bfb84fdbf,ATP CROSS 65 REACH 85 40 JUL 2025 ITI-05,e5cba21e206a859f465992e9705418339cee20e8e1cab2abbaa6eefe9bdbcbca,1ca7e1b4c022503dc39a4e6c3fd93a68123b280a28d7e3501b8f40d8e70e44fd,544af08020cf5cbc80434291e0f6b64f562c9ed0142f5ef5b1aeb6eaeee949ae,ATP CROSS 65 REACH 85 40 JUL 2025 ITI-05,ATP,ATP,2025-2026,2025-07-01,2025-07-31,"{""date_from"":""2025-07-01"",""date_to"":""2025-07-31"",""game_data"":[],""leagues"":[""ATP""],""market_data"":[""candles""],""markets"":[""kalshi""],""seasons"":[""2025-2026""],""sports"":[""ATP""]}",TRADABLE_YES_BID,1_MINUTE_CANDLE,available_at,CROSS,"{""id"":""e1"",""op"":""CROSS"",""price_e4"":7100}",REACH,"{""id"":""win"",""op"":""REACH"",""outcome"":""win"",""price_e4"":8500}",REACH,"{""id"":""loss"",""op"":""REACH"",""outcome"":""loss"",""price_e4"":4000}",HOLD_TO_SETTLEMENT,b530d65b28edd1535a76ec4046e518bc9de0bcfa836596c3227470a9a4d0a869,1.0.0,2026-09-15T01:30:56Z,1.0.0,1.0.0,1.0.0,2026-09-15T01:30:56Z,READY,351,182,139,0.566978,0.433022,1400,3100,0.451613,-501.709402,2d9a4d634a4a5508155a34c9ff097202c0d039e70a9a5b95665317d16af53f70,candle_path_not_fill,UNAVAILABLE,UNAVAILABLE,UNAVAILABLE,NOT_COMPUTABLE,UNAVAILABLE
comparison,MONTE_CARLO,base_devalidation,terminal_bankroll_mean,8029.403340,,comparison,superasi_bdebase_v1.1.0,grade_config_v1,2026-09-21T18:16:15Z,55d9a8bdcc4e4d82a222fd1bfb84fdbf,ATP CROSS 65 REACH 85 40 JUL 2025 ITI-05,e5cba21e206a859f465992e9705418339cee20e8e1cab2abbaa6eefe9bdbcbca,1ca7e1b4c022503dc39a4e6c3fd93a68123b280a28d7e3501b8f40d8e70e44fd,544af08020cf5cbc80434291e0f6b64f562c9ed0142f5ef5b1aeb6eaeee949ae,ATP CROSS 65 REACH 85 40 JUL 2025 ITI-05,ATP,ATP,2025-2026,2025-07-01,2025-07-31,"{""date_from"":""2025-07-01"",""date_to"":""2025-07-31"",""game_data"":[],""leagues"":[""ATP""],""market_data"":[""candles""],""markets"":[""kalshi""],""seasons"":[""2025-2026""],""sports"":[""ATP""]}",TRADABLE_YES_BID,1_MINUTE_CANDLE,available_at,CROSS,"{""id"":""e1"",""op"":""CROSS"",""price_e4"":7100}",REACH,"{""id"":""win"",""op"":""REACH"",""outcome"":""win"",""price_e4"":8500}",REACH,"{""id"":""loss"",""op"":""REACH"",""outcome"":""loss"",""price_e4"":4000}",HOLD_TO_SETTLEMENT,b530d65b28edd1535a76ec4046e518bc9de0bcfa836596c3227470a9a4d0a869,1.0.0,2026-09-15T01:30:56Z,1.0.0,1.0.0,1.0.0,2026-09-15T01:30:56Z,READY,351,182,139,0.566978,0.433022,1400,3100,0.451613,-501.709402,2d9a4d634a4a5508155a34c9ff097202c0d039e70a9a5b95665317d16af53f70,candle_path_not_fill,UNAVAILABLE,UNAVAILABLE,UNAVAILABLE,NOT_COMPUTABLE,UNAVAILABLE
comparison,OBSERVED,base_devalidation,P_min_bankroll_le_floor,,,comparison,superasi_bdebase_v1.1.0,grade_config_v1,2026-09-21T18:16:15Z,55d9a8bdcc4e4d82a222fd1bfb84fdbf,ATP CROSS 65 REACH 85 40 JUL 2025 ITI-05,e5cba21e206a859f465992e9705418339cee20e8e1cab2abbaa6eefe9bdbcbca,1ca7e1b4c022503dc39a4e6c3fd93a68123b280a28d7e3501b8f40d8e70e44fd,544af08020cf5cbc80434291e0f6b64f562c9ed0142f5ef5b1aeb6eaeee949ae,ATP CROSS 65 REACH 85 40 JUL 2025 ITI-05,ATP,ATP,2025-2026,2025-07-01,2025-07-31,"{""date_from"":""2025-07-01"",""date_to"":""2025-07-31"",""game_data"":[],""leagues"":[""ATP""],""market_data"":[""candles""],""markets"":[""kalshi""],""seasons"":[""2025-2026""],""sports"":[""ATP""]}",TRADABLE_YES_BID,1_MINUTE_CANDLE,available_at,CROSS,"{""id"":""e1"",""op"":""CROSS"",""price_e4"":7100}",REACH,"{""id"":""win"",""op"":""REACH"",""outcome"":""win"",""price_e4"":8500}",REACH,"{""id"":""loss"",""op"":""REACH"",""outcome"":""loss"",""price_e4"":4000}",HOLD_TO_SETTLEMENT,b530d65b28edd1535a76ec4046e518bc9de0bcfa836596c3227470a9a4d0a869,1.0.0,2026-09-15T01:30:56Z,1.0.0,1.0.0,1.0.0,2026-09-15T01:30:56Z,READY,351,182,139,0.566978,0.433022,1400,3100,0.451613,-501.709402,2d9a4d634a4a5508155a34c9ff097202c0d039e70a9a5b95665317d16af53f70,candle_path_not_fill,UNAVAILABLE,UNAVAILABLE,UNAVAILABLE,NOT_COMPUTABLE,UNAVAILABLE
comparison,THEORETICAL,base_devalidation,P_min_bankroll_le_floor,,,comparison,superasi_bdebase_v1.1.0,grade_config_v1,2026-09-21T18:16:15Z,55d9a8bdcc4e4d82a222fd1bfb84fdbf,ATP CROSS 65 REACH 85 40 JUL 2025 ITI-05,e5cba21e206a859f465992e9705418339cee20e8e1cab2abbaa6eefe9bdbcbca,1ca7e1b4c022503dc39a4e6c3fd93a68123b280a28d7e3501b8f40d8e70e44fd,544af08020cf5cbc80434291e0f6b64f562c9ed0142f5ef5b1aeb6eaeee949ae,ATP CROSS 65 REACH 85 40 JUL 2025 ITI-05,ATP,ATP,2025-2026,2025-07-01,2025-07-31,"{""date_from"":""2025-07-01"",""date_to"":""2025-07-31"",""game_data"":[],""leagues"":[""ATP""],""market_data"":[""candles""],""markets"":[""kalshi""],""seasons"":[""2025-2026""],""sports"":[""ATP""]}",TRADABLE_YES_BID,1_MINUTE_CANDLE,available_at,CROSS,"{""id"":""e1"",""op"":""CROSS"",""price_e4"":7100}",REACH,"{""id"":""win"",""op"":""REACH"",""outcome"":""win"",""price_e4"":8500}",REACH,"{""id"":""loss"",""op"":""REACH"",""outcome"":""loss"",""price_e4"":4000}",HOLD_TO_SETTLEMENT,b530d65b28edd1535a76ec4046e518bc9de0bcfa836596c3227470a9a4d0a869,1.0.0,2026-09-15T01:30:56Z,1.0.0,1.0.0,1.0.0,2026-09-15T01:30:56Z,READY,351,182,139,0.566978,0.433022,1400,3100,0.451613,-501.709402,2d9a4d634a4a5508155a34c9ff097202c0d039e70a9a5b95665317d16af53f70,candle_path_not_fill,UNAVAILABLE,UNAVAILABLE,UNAVAILABLE,NOT_COMPUTABLE,UNAVAILABLE
comparison,MONTE_CARLO,base_devalidation,P_min_bankroll_le_floor,0.998410,,comparison,superasi_bdebase_v1.1.0,grade_config_v1,2026-09-21T18:16:15Z,55d9a8bdcc4e4d82a222fd1bfb84fdbf,ATP CROSS 65 REACH 85 40 JUL 2025 ITI-05,e5cba21e206a859f465992e9705418339cee20e8e1cab2abbaa6eefe9bdbcbca,1ca7e1b4c022503dc39a4e6c3fd93a68123b280a28d7e3501b8f40d8e70e44fd,544af08020cf5cbc80434291e0f6b64f562c9ed0142f5ef5b1aeb6eaeee949ae,ATP CROSS 65 REACH 85 40 JUL 2025 ITI-05,ATP,ATP,2025-2026,2025-07-01,2025-07-31,"{""date_from"":""2025-07-01"",""date_to"":""2025-07-31"",""game_data"":[],""leagues"":[""ATP""],""market_data"":[""candles""],""markets"":[""kalshi""],""seasons"":[""2025-2026""],""sports"":[""ATP""]}",TRADABLE_YES_BID,1_MINUTE_CANDLE,available_at,CROSS,"{""id"":""e1"",""op"":""CROSS"",""price_e4"":7100}",REACH,"{""id"":""win"",""op"":""REACH"",""outcome"":""win"",""price_e4"":8500}",REACH,"{""id"":""loss"",""op"":""REACH"",""outcome"":""loss"",""price_e4"":4000}",HOLD_TO_SETTLEMENT,b530d65b28edd1535a76ec4046e518bc9de0bcfa836596c3227470a9a4d0a869,1.0.0,2026-09-15T01:30:56Z,1.0.0,1.0.0,1.0.0,2026-09-15T01:30:56Z,READY,351,182,139,0.566978,0.433022,1400,3100,0.451613,-501.709402,2d9a4d634a4a5508155a34c9ff097202c0d039e70a9a5b95665317d16af53f70,candle_path_not_fill,UNAVAILABLE,UNAVAILABLE,UNAVAILABLE,NOT_COMPUTABLE,UNAVAILABLE
comparison,OBSERVED,base_devalidation,P_final_ge_target,,,comparison,superasi_bdebase_v1.1.0,grade_config_v1,2026-09-21T18:16:15Z,55d9a8bdcc4e4d82a222fd1bfb84fdbf,ATP CROSS 65 REACH 85 40 JUL 2025 ITI-05,e5cba21e206a859f465992e9705418339cee20e8e1cab2abbaa6eefe9bdbcbca,1ca7e1b4c022503dc39a4e6c3fd93a68123b280a28d7e3501b8f40d8e70e44fd,544af08020cf5cbc80434291e0f6b64f562c9ed0142f5ef5b1aeb6eaeee949ae,ATP CROSS 65 REACH 85 40 JUL 2025 ITI-05,ATP,ATP,2025-2026,2025-07-01,2025-07-31,"{""date_from"":""2025-07-01"",""date_to"":""2025-07-31"",""game_data"":[],""leagues"":[""ATP""],""market_data"":[""candles""],""markets"":[""kalshi""],""seasons"":[""2025-2026""],""sports"":[""ATP""]}",TRADABLE_YES_BID,1_MINUTE_CANDLE,available_at,CROSS,"{""id"":""e1"",""op"":""CROSS"",""price_e4"":7100}",REACH,"{""id"":""win"",""op"":""REACH"",""outcome"":""win"",""price_e4"":8500}",REACH,"{""id"":""loss"",""op"":""REACH"",""outcome"":""loss"",""price_e4"":4000}",HOLD_TO_SETTLEMENT,b530d65b28edd1535a76ec4046e518bc9de0bcfa836596c3227470a9a4d0a869,1.0.0,2026-09-15T01:30:56Z,1.0.0,1.0.0,1.0.0,2026-09-15T01:30:56Z,READY,351,182,139,0.566978,0.433022,1400,3100,0.451613,-501.709402,2d9a4d634a4a5508155a34c9ff097202c0d039e70a9a5b95665317d16af53f70,candle_path_not_fill,UNAVAILABLE,UNAVAILABLE,UNAVAILABLE,NOT_COMPUTABLE,UNAVAILABLE
comparison,THEORETICAL,base_devalidation,P_final_ge_target,,,comparison,superasi_bdebase_v1.1.0,grade_config_v1,2026-09-21T18:16:15Z,55d9a8bdcc4e4d82a222fd1bfb84fdbf,ATP CROSS 65 REACH 85 40 JUL 2025 ITI-05,e5cba21e206a859f465992e9705418339cee20e8e1cab2abbaa6eefe9bdbcbca,1ca7e1b4c022503dc39a4e6c3fd93a68123b280a28d7e3501b8f40d8e70e44fd,544af08020cf5cbc80434291e0f6b64f562c9ed0142f5ef5b1aeb6eaeee949ae,ATP CROSS 65 REACH 85 40 JUL 2025 ITI-05,ATP,ATP,2025-2026,2025-07-01,2025-07-31,"{""date_from"":""2025-07-01"",""date_to"":""2025-07-31"",""game_data"":[],""leagues"":[""ATP""],""market_data"":[""candles""],""markets"":[""kalshi""],""seasons"":[""2025-2026""],""sports"":[""ATP""]}",TRADABLE_YES_BID,1_MINUTE_CANDLE,available_at,CROSS,"{""id"":""e1"",""op"":""CROSS"",""price_e4"":7100}",REACH,"{""id"":""win"",""op"":""REACH"",""outcome"":""win"",""price_e4"":8500}",REACH,"{""id"":""loss"",""op"":""REACH"",""outcome"":""loss"",""price_e4"":4000}",HOLD_TO_SETTLEMENT,b530d65b28edd1535a76ec4046e518bc9de0bcfa836596c3227470a9a4d0a869,1.0.0,2026-09-15T01:30:56Z,1.0.0,1.0.0,1.0.0,2026-09-15T01:30:56Z,READY,351,182,139,0.566978,0.433022,1400,3100,0.451613,-501.709402,2d9a4d634a4a5508155a34c9ff097202c0d039e70a9a5b95665317d16af53f70,candle_path_not_fill,UNAVAILABLE,UNAVAILABLE,UNAVAILABLE,NOT_COMPUTABLE,UNAVAILABLE
comparison,MONTE_CARLO,base_devalidation,P_final_ge_target,0.000000,,comparison,superasi_bdebase_v1.1.0,grade_config_v1,2026-09-21T18:16:15Z,55d9a8bdcc4e4d82a222fd1bfb84fdbf,ATP CROSS 65 REACH 85 40 JUL 2025 ITI-05,e5cba21e206a859f465992e9705418339cee20e8e1cab2abbaa6eefe9bdbcbca,1ca7e1b4c022503dc39a4e6c3fd93a68123b280a28d7e3501b8f40d8e70e44fd,544af08020cf5cbc80434291e0f6b64f562c9ed0142f5ef5b1aeb6eaeee949ae,ATP CROSS 65 REACH 85 40 JUL 2025 ITI-05,ATP,ATP,2025-2026,2025-07-01,2025-07-31,"{""date_from"":""2025-07-01"",""date_to"":""2025-07-31"",""game_data"":[],""leagues"":[""ATP""],""market_data"":[""candles""],""markets"":[""kalshi""],""seasons"":[""2025-2026""],""sports"":[""ATP""]}",TRADABLE_YES_BID,1_MINUTE_CANDLE,available_at,CROSS,"{""id"":""e1"",""op"":""CROSS"",""price_e4"":7100}",REACH,"{""id"":""win"",""op"":""REACH"",""outcome"":""win"",""price_e4"":8500}",REACH,"{""id"":""loss"",""op"":""REACH"",""outcome"":""loss"",""price_e4"":4000}",HOLD_TO_SETTLEMENT,b530d65b28edd1535a76ec4046e518bc9de0bcfa836596c3227470a9a4d0a869,1.0.0,2026-09-15T01:30:56Z,1.0.0,1.0.0,1.0.0,2026-09-15T01:30:56Z,READY,351,182,139,0.566978,0.433022,1400,3100,0.451613,-501.709402,2d9a4d634a4a5508155a34c9ff097202c0d039e70a9a5b95665317d16af53f70,candle_path_not_fill,UNAVAILABLE,UNAVAILABLE,UNAVAILABLE,NOT_COMPUTABLE,UNAVAILABLE
comparison,OBSERVED,base_devalidation,mode_b_expected_20_week_return,,,comparison,superasi_bdebase_v1.1.0,grade_config_v1,2026-09-21T18:16:15Z,55d9a8bdcc4e4d82a222fd1bfb84fdbf,ATP CROSS 65 REACH 85 40 JUL 2025 ITI-05,e5cba21e206a859f465992e9705418339cee20e8e1cab2abbaa6eefe9bdbcbca,1ca7e1b4c022503dc39a4e6c3fd93a68123b280a28d7e3501b8f40d8e70e44fd,544af08020cf5cbc80434291e0f6b64f562c9ed0142f5ef5b1aeb6eaeee949ae,ATP CROSS 65 REACH 85 40 JUL 2025 ITI-05,ATP,ATP,2025-2026,2025-07-01,2025-07-31,"{""date_from"":""2025-07-01"",""date_to"":""2025-07-31"",""game_data"":[],""leagues"":[""ATP""],""market_data"":[""candles""],""markets"":[""kalshi""],""seasons"":[""2025-2026""],""sports"":[""ATP""]}",TRADABLE_YES_BID,1_MINUTE_CANDLE,available_at,CROSS,"{""id"":""e1"",""op"":""CROSS"",""price_e4"":7100}",REACH,"{""id"":""win"",""op"":""REACH"",""outcome"":""win"",""price_e4"":8500}",REACH,"{""id"":""loss"",""op"":""REACH"",""outcome"":""loss"",""price_e4"":4000}",HOLD_TO_SETTLEMENT,b530d65b28edd1535a76ec4046e518bc9de0bcfa836596c3227470a9a4d0a869,1.0.0,2026-09-15T01:30:56Z,1.0.0,1.0.0,1.0.0,2026-09-15T01:30:56Z,READY,351,182,139,0.566978,0.433022,1400,3100,0.451613,-501.709402,2d9a4d634a4a5508155a34c9ff097202c0d039e70a9a5b95665317d16af53f70,candle_path_not_fill,UNAVAILABLE,UNAVAILABLE,UNAVAILABLE,NOT_COMPUTABLE,UNAVAILABLE
comparison,THEORETICAL,base_devalidation,mode_b_expected_20_week_return,,,comparison,superasi_bdebase_v1.1.0,grade_config_v1,2026-09-21T18:16:15Z,55d9a8bdcc4e4d82a222fd1bfb84fdbf,ATP CROSS 65 REACH 85 40 JUL 2025 ITI-05,e5cba21e206a859f465992e9705418339cee20e8e1cab2abbaa6eefe9bdbcbca,1ca7e1b4c022503dc39a4e6c3fd93a68123b280a28d7e3501b8f40d8e70e44fd,544af08020cf5cbc80434291e0f6b64f562c9ed0142f5ef5b1aeb6eaeee949ae,ATP CROSS 65 REACH 85 40 JUL 2025 ITI-05,ATP,ATP,2025-2026,2025-07-01,2025-07-31,"{""date_from"":""2025-07-01"",""date_to"":""2025-07-31"",""game_data"":[],""leagues"":[""ATP""],""market_data"":[""candles""],""markets"":[""kalshi""],""seasons"":[""2025-2026""],""sports"":[""ATP""]}",TRADABLE_YES_BID,1_MINUTE_CANDLE,available_at,CROSS,"{""id"":""e1"",""op"":""CROSS"",""price_e4"":7100}",REACH,"{""id"":""win"",""op"":""REACH"",""outcome"":""win"",""price_e4"":8500}",REACH,"{""id"":""loss"",""op"":""REACH"",""outcome"":""loss"",""price_e4"":4000}",HOLD_TO_SETTLEMENT,b530d65b28edd1535a76ec4046e518bc9de0bcfa836596c3227470a9a4d0a869,1.0.0,2026-09-15T01:30:56Z,1.0.0,1.0.0,1.0.0,2026-09-15T01:30:56Z,READY,351,182,139,0.566978,0.433022,1400,3100,0.451613,-501.709402,2d9a4d634a4a5508155a34c9ff097202c0d039e70a9a5b95665317d16af53f70,candle_path_not_fill,UNAVAILABLE,UNAVAILABLE,UNAVAILABLE,NOT_COMPUTABLE,UNAVAILABLE
comparison,MONTE_CARLO,base_devalidation,mode_b_expected_20_week_return,-0.545586,,comparison,superasi_bdebase_v1.1.0,grade_config_v1,2026-09-21T18:16:15Z,55d9a8bdcc4e4d82a222fd1bfb84fdbf,ATP CROSS 65 REACH 85 40 JUL 2025 ITI-05,e5cba21e206a859f465992e9705418339cee20e8e1cab2abbaa6eefe9bdbcbca,1ca7e1b4c022503dc39a4e6c3fd93a68123b280a28d7e3501b8f40d8e70e44fd,544af08020cf5cbc80434291e0f6b64f562c9ed0142f5ef5b1aeb6eaeee949ae,ATP CROSS 65 REACH 85 40 JUL 2025 ITI-05,ATP,ATP,2025-2026,2025-07-01,2025-07-31,"{""date_from"":""2025-07-01"",""date_to"":""2025-07-31"",""game_data"":[],""leagues"":[""ATP""],""market_data"":[""candles""],""markets"":[""kalshi""],""seasons"":[""2025-2026""],""sports"":[""ATP""]}",TRADABLE_YES_BID,1_MINUTE_CANDLE,available_at,CROSS,"{""id"":""e1"",""op"":""CROSS"",""price_e4"":7100}",REACH,"{""id"":""win"",""op"":""REACH"",""outcome"":""win"",""price_e4"":8500}",REACH,"{""id"":""loss"",""op"":""REACH"",""outcome"":""loss"",""price_e4"":4000}",HOLD_TO_SETTLEMENT,b530d65b28edd1535a76ec4046e518bc9de0bcfa836596c3227470a9a4d0a869,1.0.0,2026-09-15T01:30:56Z,1.0.0,1.0.0,1.0.0,2026-09-15T01:30:56Z,READY,351,182,139,0.566978,0.433022,1400,3100,0.451613,-501.709402,2d9a4d634a4a5508155a34c9ff097202c0d039e70a9a5b95665317d16af53f70,candle_path_not_fill,UNAVAILABLE,UNAVAILABLE,UNAVAILABLE,NOT_COMPUTABLE,UNAVAILABLE
comparison,,base_devalidation,disagree_win_rate,0.018735,,not_averaged,superasi_bdebase_v1.1.0,grade_config_v1,2026-09-21T18:16:15Z,55d9a8bdcc4e4d82a222fd1bfb84fdbf,ATP CROSS 65 REACH 85 40 JUL 2025 ITI-05,e5cba21e206a859f465992e9705418339cee20e8e1cab2abbaa6eefe9bdbcbca,1ca7e1b4c022503dc39a4e6c3fd93a68123b280a28d7e3501b8f40d8e70e44fd,544af08020cf5cbc80434291e0f6b64f562c9ed0142f5ef5b1aeb6eaeee949ae,ATP CROSS 65 REACH 85 40 JUL 2025 ITI-05,ATP,ATP,2025-2026,2025-07-01,2025-07-31,"{""date_from"":""2025-07-01"",""date_to"":""2025-07-31"",""game_data"":[],""leagues"":[""ATP""],""market_data"":[""candles""],""markets"":[""kalshi""],""seasons"":[""2025-2026""],""sports"":[""ATP""]}",TRADABLE_YES_BID,1_MINUTE_CANDLE,available_at,CROSS,"{""id"":""e1"",""op"":""CROSS"",""price_e4"":7100}",REACH,"{""id"":""win"",""op"":""REACH"",""outcome"":""win"",""price_e4"":8500}",REACH,"{""id"":""loss"",""op"":""REACH"",""outcome"":""loss"",""price_e4"":4000}",HOLD_TO_SETTLEMENT,b530d65b28edd1535a76ec4046e518bc9de0bcfa836596c3227470a9a4d0a869,1.0.0,2026-09-15T01:30:56Z,1.0.0,1.0.0,1.0.0,2026-09-15T01:30:56Z,READY,351,182,139,0.566978,0.433022,1400,3100,0.451613,-501.709402,2d9a4d634a4a5508155a34c9ff097202c0d039e70a9a5b95665317d16af53f70,candle_path_not_fill,UNAVAILABLE,UNAVAILABLE,UNAVAILABLE,NOT_COMPUTABLE,UNAVAILABLE
comparison,,base_devalidation,disagree_trade_ev_e4,131.197810,,not_averaged,superasi_bdebase_v1.1.0,grade_config_v1,2026-09-21T18:16:15Z,55d9a8bdcc4e4d82a222fd1bfb84fdbf,ATP CROSS 65 REACH 85 40 JUL 2025 ITI-05,e5cba21e206a859f465992e9705418339cee20e8e1cab2abbaa6eefe9bdbcbca,1ca7e1b4c022503dc39a4e6c3fd93a68123b280a28d7e3501b8f40d8e70e44fd,544af08020cf5cbc80434291e0f6b64f562c9ed0142f5ef5b1aeb6eaeee949ae,ATP CROSS 65 REACH 85 40 JUL 2025 ITI-05,ATP,ATP,2025-2026,2025-07-01,2025-07-31,"{""date_from"":""2025-07-01"",""date_to"":""2025-07-31"",""game_data"":[],""leagues"":[""ATP""],""market_data"":[""candles""],""markets"":[""kalshi""],""seasons"":[""2025-2026""],""sports"":[""ATP""]}",TRADABLE_YES_BID,1_MINUTE_CANDLE,available_at,CROSS,"{""id"":""e1"",""op"":""CROSS"",""price_e4"":7100}",REACH,"{""id"":""win"",""op"":""REACH"",""outcome"":""win"",""price_e4"":8500}",REACH,"{""id"":""loss"",""op"":""REACH"",""outcome"":""loss"",""price_e4"":4000}",HOLD_TO_SETTLEMENT,b530d65b28edd1535a76ec4046e518bc9de0bcfa836596c3227470a9a4d0a869,1.0.0,2026-09-15T01:30:56Z,1.0.0,1.0.0,1.0.0,2026-09-15T01:30:56Z,READY,351,182,139,0.566978,0.433022,1400,3100,0.451613,-501.709402,2d9a4d634a4a5508155a34c9ff097202c0d039e70a9a5b95665317d16af53f70,candle_path_not_fill,UNAVAILABLE,UNAVAILABLE,UNAVAILABLE,NOT_COMPUTABLE,UNAVAILABLE
comparison,,base_devalidation,disagree_weekly_ev,0.000029,,not_averaged,superasi_bdebase_v1.1.0,grade_config_v1,2026-09-21T18:16:15Z,55d9a8bdcc4e4d82a222fd1bfb84fdbf,ATP CROSS 65 REACH 85 40 JUL 2025 ITI-05,e5cba21e206a859f465992e9705418339cee20e8e1cab2abbaa6eefe9bdbcbca,1ca7e1b4c022503dc39a4e6c3fd93a68123b280a28d7e3501b8f40d8e70e44fd,544af08020cf5cbc80434291e0f6b64f562c9ed0142f5ef5b1aeb6eaeee949ae,ATP CROSS 65 REACH 85 40 JUL 2025 ITI-05,ATP,ATP,2025-2026,2025-07-01,2025-07-31,"{""date_from"":""2025-07-01"",""date_to"":""2025-07-31"",""game_data"":[],""leagues"":[""ATP""],""market_data"":[""candles""],""markets"":[""kalshi""],""seasons"":[""2025-2026""],""sports"":[""ATP""]}",TRADABLE_YES_BID,1_MINUTE_CANDLE,available_at,CROSS,"{""id"":""e1"",""op"":""CROSS"",""price_e4"":7100}",REACH,"{""id"":""win"",""op"":""REACH"",""outcome"":""win"",""price_e4"":8500}",REACH,"{""id"":""loss"",""op"":""REACH"",""outcome"":""loss"",""price_e4"":4000}",HOLD_TO_SETTLEMENT,b530d65b28edd1535a76ec4046e518bc9de0bcfa836596c3227470a9a4d0a869,1.0.0,2026-09-15T01:30:56Z,1.0.0,1.0.0,1.0.0,2026-09-15T01:30:56Z,READY,351,182,139,0.566978,0.433022,1400,3100,0.451613,-501.709402,2d9a4d634a4a5508155a34c9ff097202c0d039e70a9a5b95665317d16af53f70,candle_path_not_fill,UNAVAILABLE,UNAVAILABLE,UNAVAILABLE,NOT_COMPUTABLE,UNAVAILABLE
comparison,,base_devalidation,disagree_expected_20_week_return,0.000292,,not_averaged,superasi_bdebase_v1.1.0,grade_config_v1,2026-09-21T18:16:15Z,55d9a8bdcc4e4d82a222fd1bfb84fdbf,ATP CROSS 65 REACH 85 40 JUL 2025 ITI-05,e5cba21e206a859f465992e9705418339cee20e8e1cab2abbaa6eefe9bdbcbca,1ca7e1b4c022503dc39a4e6c3fd93a68123b280a28d7e3501b8f40d8e70e44fd,544af08020cf5cbc80434291e0f6b64f562c9ed0142f5ef5b1aeb6eaeee949ae,ATP CROSS 65 REACH 85 40 JUL 2025 ITI-05,ATP,ATP,2025-2026,2025-07-01,2025-07-31,"{""date_from"":""2025-07-01"",""date_to"":""2025-07-31"",""game_data"":[],""leagues"":[""ATP""],""market_data"":[""candles""],""markets"":[""kalshi""],""seasons"":[""2025-2026""],""sports"":[""ATP""]}",TRADABLE_YES_BID,1_MINUTE_CANDLE,available_at,CROSS,"{""id"":""e1"",""op"":""CROSS"",""price_e4"":7100}",REACH,"{""id"":""win"",""op"":""REACH"",""outcome"":""win"",""price_e4"":8500}",REACH,"{""id"":""loss"",""op"":""REACH"",""outcome"":""loss"",""price_e4"":4000}",HOLD_TO_SETTLEMENT,b530d65b28edd1535a76ec4046e518bc9de0bcfa836596c3227470a9a4d0a869,1.0.0,2026-09-15T01:30:56Z,1.0.0,1.0.0,1.0.0,2026-09-15T01:30:56Z,READY,351,182,139,0.566978,0.433022,1400,3100,0.451613,-501.709402,2d9a4d634a4a5508155a34c9ff097202c0d039e70a9a5b95665317d16af53f70,candle_path_not_fill,UNAVAILABLE,UNAVAILABLE,UNAVAILABLE,NOT_COMPUTABLE,UNAVAILABLE
comparison,,base_devalidation,disagree_terminal_bankroll_mean,5.839610,,not_averaged,superasi_bdebase_v1.1.0,grade_config_v1,2026-09-21T18:16:15Z,55d9a8bdcc4e4d82a222fd1bfb84fdbf,ATP CROSS 65 REACH 85 40 JUL 2025 ITI-05,e5cba21e206a859f465992e9705418339cee20e8e1cab2abbaa6eefe9bdbcbca,1ca7e1b4c022503dc39a4e6c3fd93a68123b280a28d7e3501b8f40d8e70e44fd,544af08020cf5cbc80434291e0f6b64f562c9ed0142f5ef5b1aeb6eaeee949ae,ATP CROSS 65 REACH 85 40 JUL 2025 ITI-05,ATP,ATP,2025-2026,2025-07-01,2025-07-31,"{""date_from"":""2025-07-01"",""date_to"":""2025-07-31"",""game_data"":[],""leagues"":[""ATP""],""market_data"":[""candles""],""markets"":[""kalshi""],""seasons"":[""2025-2026""],""sports"":[""ATP""]}",TRADABLE_YES_BID,1_MINUTE_CANDLE,available_at,CROSS,"{""id"":""e1"",""op"":""CROSS"",""price_e4"":7100}",REACH,"{""id"":""win"",""op"":""REACH"",""outcome"":""win"",""price_e4"":8500}",REACH,"{""id"":""loss"",""op"":""REACH"",""outcome"":""loss"",""price_e4"":4000}",HOLD_TO_SETTLEMENT,b530d65b28edd1535a76ec4046e518bc9de0bcfa836596c3227470a9a4d0a869,1.0.0,2026-09-15T01:30:56Z,1.0.0,1.0.0,1.0.0,2026-09-15T01:30:56Z,READY,351,182,139,0.566978,0.433022,1400,3100,0.451613,-501.709402,2d9a4d634a4a5508155a34c9ff097202c0d039e70a9a5b95665317d16af53f70,candle_path_not_fill,UNAVAILABLE,UNAVAILABLE,UNAVAILABLE,NOT_COMPUTABLE,UNAVAILABLE
